intent_hash,event_id,event_name,tx_hash,log_index,block_number,router_id,destination_index,status,filter_reason,processed_at_ms
0xb30b59e14676b7847f2b84b30f0444d940dbb0959dc06d1e0228e93f06499bf7,,,0x17ac535e21158e7bcb481bd60b7d3670e297ce5d7aa587f456c42b2d85ebf548,0,11255287,client_a_preview,0,processed,,1780924259741
0x7a5016052fe65491bc0f1946fb723f4f7bb63a758eed27a05cb473a0a0a7a3d5,,,0xf9b8c652fc6bdaa74d50abef2c3f0dde0068749e2fd24f5551e3245909dd5619,0,11255292,client_a_preview,0,processed,,1780924260777
0xa814fe4c6500b3189b07fd8f3bae484999ba75523869602e661df660d7b9cb84,,,0xfa31440c308bd707fc171d7cc58a509f6de77e31805cc614d003e0894571e9ab,0,11255314,client_a_preview,0,processed,,1780924268790
0x425f7ea7317365bbcb2344034edcb1e6bb2ea966aa51f98bdf56c5d33abe2fca,,,0xf5e50691b7992b26170b46073c42f3a44c646e47aa650fea13e326727cf4e9af,0,11255320,client_a_preview,0,processed,,1780924270424
0x5ebd88e50579e5d772581ad13aae2889d9446b1d353972c8e01e00ca4e8ad132,,,0x7cf9da6f5e88657d0ba10b3b3f30be94d851981331eca910982b5ec3ff510197,0,11255323,client_a_preview,0,processed,,1780924271339
0xec521a731547ff98f061290a8de61d7124cd6f0ddafae372c202c03f0a4c1d7e,,,0x28de022a4c78a42b3dda0d43895819cb16a16058ad68af5d1bb81d8170cd1721,0,11255328,client_a_preview,0,processed,,1780924273491
0x9f07f0fdae16a46eafe13beb8196b4e3fcea70de4d088869f210c2374837c99d,,,0x168a9beb86bb6ca80fac608ffa59556f2b76ecffa45bd28d5925f33bf62d9ded,0,11255383,client_a_preview,0,processed,,1780924291649
0xfce924d31eed68e406008717b5b235bc1012cabb2abd8230642fc2380b2719c6,,,0x2e3119dec0e3c338a246ad445e1352b02b7fba07b1ee1dbe5c57e835b294eb0e,0,11255391,client_a_preview,0,processed,,1780924294478
0x45c93c80c7ffd53f29b73a5aba30f0d226f3bea1d45d84ec2bb6b91dbcb8e6f3,,,0xa26c884a557ef06b4e09fd019de1d2b1e274409646830e20a2996f0507ed8c83,0,11255427,client_a_preview,0,processed,,1780924306201
0x5047503b703589c8e8f6e25c09b77006a92796e83edecd415aae7716342e1366,,,0x879f6656d6d88a554547b5e9262dda9d80e58e22d916ab7182978a3aa6fc3588,0,11255431,client_a_preview,0,processed,,1780924307340
0xb212760eb2ea2e64018b659ffeab45ef26d76e7fdb56cccef29e7fc673f6b070,,,0x49917a876ff26316f1a68b2bfc9ba08449c6b0a2bb9726c8db09cc9193ab4d11,0,11255434,client_a_preview,0,processed,,1780924307785
0x5df48e77772b8b8a2b2f3d4549fd91c0fafe00454a2f9af25e85112b9f219e2f,,,0x1b07f90adf446fac78bc61cd4068ca180a522c2aefc331033604350a7591e24d,0,11255435,client_a_preview,0,processed,,1780924308480
0x094a524898159cf812d600178ff84bf74a5e8073b88a93f62b4e790273f52c52,,,0xc9b6ef02bba0d57bcf19a02e13f720ecf94f51d0165015d33dad810feab6febd,0,11255438,client_a_preview,0,processed,,1780924309522
0x22f459a4b618c20e102e5c36f35dd00c0aa96cfed8f6363f23e3ad313fc9e95f,,,0x8da0930748a8c20c0d2182cf0d0531dfa33243b5541dcc972c1238acf6b59e0a,0,11255442,client_a_preview,0,processed,,1780924310755
0xa00d9644d4f3c9a07d3bab82a77445527a1475526a620e41bf7aea83e946921b,,,0xc00278cd2042ff78a3426d3788e0c71432ea663cd53fde5314f2f0ef38385f0e,0,11255450,client_a_preview,0,processed,,1780924313560
0xc21ebe2224584e87ed9570d63c87b0f4ecd831c99db6b36f5f7a467e78957201,,,0x518611881287912b7b137266187bb7eddda4834094eac5c9149157ad0ff8cff5,0,11255459,client_a_preview,0,processed,,1780924316523
0x9e93bca41b7ad2faa881d91274b033c8294661ffa547c0ec05c4223836ef0f46,,,0xa29770fd1059271c87e72ae6e39b35d093d642123f9ba23938ed420b2d50f51e,0,11255464,client_a_preview,0,processed,,1780924318157
0xe949c2da27551483e68f192bc4b5d712c68865a4f9dfd8dcb7b64d9ef010de33,,,0xea740cb726fab716987c4a94772327be4ebeaaa7bf883d43be1217567635febf,0,11255468,client_a_preview,0,processed,,1780924319983
0x3a9f71f588f38347e23423ebf8fb98dd7e4eb4802c642e2c128aec1a7ac2bbd9,,,0x887cddba94b86beaff871a679787d424f02f1bf8e982556f080f7992eb84853d,0,11255476,client_a_preview,0,processed,,1780924321970
0xc2680aee4b2396478e52a4af00166a6c6804a53bcd98f56757998c968f10b6e2,,,0xd61b93ba3df73b03ef3b88d4dd0cf2493efd78e0a7066b1bf2f5e8f09cc8b686,0,11255479,client_a_preview,0,processed,,1780924323315
0x373e279889b7d3b26ab84f17815c7d495b7dedc6f6c5639f703570b7c52389ae,,,0x604d856ecdab1f4ee83c669ffe2e6f071a848e471ca7f580c2795c65b3ab95d0,0,11255541,client_a_preview,0,processed,,1780924343672
0x2b9a6bd325ccfd5e52e0db9812f40e31752ef32f0621ed2880bcc3f41626a6ff,,,0x01ed039f22e83a551bdcb30cb7be35c8b1e112e957c46cba972b8dd5d4212fb4,0,11255552,client_a_preview,0,processed,,1780924347792
0xd20d8c23672c7008414699918bf6fc18ca20f1716e6b10786448a38b00f2bef4,,,0x7ca4cc62fe672fde345ac840fad1ef948345f2d9f99c594eb2274abf468dfdac,0,11255567,client_a_preview,0,processed,,1780924352884
0x2c3cc592c50cc597bd60e2430a67b61993696ae3ec9c4fa347c89fd796ddb53d,,,0x68c47088aaefe57277de015ac8f537e5434aed1fe363e0dce2c1f1cd28e3db43,0,11255573,client_a_preview,0,processed,,1780924355363
0x512e42208ef3429b1acd5d8ad65976b614e0d29dcc42cc721e4488da96e1ee10,,,0x8efced2dcdbd7cd3e3eb71733309d35890a6ec51387f1db5eab48e1b2d8af6e6,0,11255578,client_a_preview,0,processed,,1780924357327
0x635a04e514d09a81d517433899ecd50380dde75174811f41032114b89b581de3,,,0x2bd832006472aea69a3808bbcc8869ceb9ccc698156d2dda4b8f15ec53315d0f,0,11255589,client_a_preview,0,processed,,1780924361051
0x5f90cd844207409133f86b646682f72a8a17965dcff1d6ff7562ed5cd64ee4df,,,0x2725eaa43ce2e06bfc8350eb05b2dd47aab0dc1b95084877f3d9e83f8a3cef00,0,11255637,client_a_preview,0,processed,,1780924377074
0x92c33fdd6235cfa81017cb797fe028479a76bef7a62e97273bb3a566a34e670e,,,0xa1495166c1eb9179fb4d96da4b5a65ef631bb2960e1de1805c7537d16105bda8,0,11255653,client_a_preview,0,processed,,1780924382383
0x36837c385e914294ad533fc706c657a3e600a100f02f98c9507fdac060d49122,,,0x620d260b855afa9729f9778f9b14b54d573f943a6b0190f1158db385f47346b5,0,11255683,client_a_preview,0,processed,,1780924391907
0xd69e57ec0ae2807fb637fad67ae8b219d2078dc21873d667b9117e331ce23cb4,,,0xb44fa0dcafdbb18a05340fb37572ac462d684fabc590f48813bd212429a8d51b,0,11255686,client_a_preview,0,processed,,1780924393014
0xcd179e307e45e3825b037209c01c9bcea21fb2ccd57d3a8d29032589b4982157,,,0xb251e6c553fc6b1de7adf700f099c33bd8ef19c21acce64a8ffb486e7468ac66,0,11255690,client_a_preview,0,processed,,1780924394242
0xf59cde0bbabb27178033c53d2e492667e4a5ee89b6203be09658d045921536c4,,,0xbf45e1f8c54c24adb2883411530596eb39a38450c9193e7e4f169c99320ca108,0,11255698,client_a_preview,0,processed,,1780924396309
0x3b7141261853f4c767c3ee8fd9e2cb21076068b0a22260a043c54cbebc0f22ba,,,0xbc64e5647538ed4f4ad837584bb03875726abed3863c299f67a7bd649d0c24bc,0,11255701,client_a_preview,0,processed,,1780924397411
0x5aa9aa22ce128f5471c66d84560c940c6dc07f23fc97930c630983f2200f9bf7,,,0x8becfd698f522c5add969dce9f24bde0f6e645a7363dabaade7a22f8479e0309,0,11255704,client_a_preview,0,processed,,1780924398463
0x770ec31dd56f518682005d2b01fa225bbcd0d8038b81b89ec80d900bb6c031ac,,,0x58a3d07bc0a421b0f72284cbba7eefb35f73363b940b0ff7bfd8e4e3ae76120f,0,11255706,client_a_preview,0,processed,,1780924399141
0x0b5fe2234a1aa7fd1e962747deface8f63e1b3b20deb4e56bea6dec8325bf181,,,0x197d021bb31cd19456b8b0fccaacbd8a9b1cc56add837f3f93a12bae03851023,0,11255719,client_a_preview,0,processed,,1780924403538
0xe9ce16d6a41677df1fc1d4bde258c01545292210109801e29805ab5c28599caf,,,0xd81c618a9efce9f677505f7e0a64d7da0dcbf79de0f90ef44ef5dd8c5f3b11c6,0,11255720,client_a_preview,0,processed,,1780924404152
0x89a54f31e88a03263ef2454693065b78b5eb01c40d2c9a35d36325303e9a9b3a,,,0xc94bd4bea7a17376e5d181f7e53eb93030eb721ed962cb2ca5753ea87165eb84,0,11255722,client_a_preview,0,processed,,1780924404919
0x296d34dc266f0d28beb76be9e8080c8cd907fe3befca591f47d4a95780df7e82,,,0xb0b86d7aa3345ff174a100aeb80c0049345653ada040cbad9f20cf3994410dcf,0,11255735,client_a_preview,0,processed,,1780924408988
0x4eeed1b992be73a742f0b2ac931419940cf8beb71f7acc7324de2920daeb0658,,,0x54e531dc5f932dce1919dc251674c3c14a7e6875b2fd49be5f02008ae389db82,0,11255740,client_a_preview,0,processed,,1780924410251
0xbd4d521949e93e828bca191640c153b940d5602fdb093349481ba73c0346d518,,,0x236305ff3c0e5e2987e2e5712392df519b013b0cd21dc370d2fbffbfd240ac9c,0,11255799,client_a_preview,0,processed,,1780924428020
0xfaa4984b5a26d2f2f5d88655a048b209d44776c0d272025b5ce497f6790fdbe1,,,0x35f02128f321357688654396bdb2501a569bb39bca5c18e25aee0bc17a4556d2,0,11255817,client_a_preview,0,processed,,1780924434134
0xab797d261e59d768ba427812610d4d7bce9624a0e503910964d3fdd635247c1f,,,0xe574fcbaa7fb3f3ea1c03f8b881cca9bc55099ad488c2656800f37802a430afa,0,11255824,client_a_preview,0,processed,,1780924437410
0xe8a4a8ecb3bbb6dd1812b2bc70a516a88064f93c32b07ff1a95c37deb5336c12,,,0x92530222d371a5f1011b940909cd2f29dfe9a1c9794d856f4fa3bbe9dfc5d66a,0,11255834,client_a_preview,0,processed,,1780924441000
0x1507029a464a8b20f70a8d079b08bf5882e54b461de8c75443a4326095d8adb6,,,0x3df23bd2796a692ac1498325e538d6684f8987f9ca2d5cf8ae8c57b25e6aa6f9,0,11255842,client_a_preview,0,processed,,1780924444050
0x379b0d634b60f2802e79b70772a578fd1348368cf1a616c04af47e6eadb603e9,,,0x5add7b43833edb0fb449e3229b8a6c7770f04923a07a99ff02410b8d2b3bd02d,0,11255850,client_a_preview,0,processed,,1780924447147
0x2ab532abf7cbd9024e704f9864bc3f7e3281d5d4a388683b346542384c2f2929,,,0xf93a2ff21c752def9a7a79e88496b05c8fd461bbdc8c0de2b3ce55ef1e9535c6,0,11255902,client_a_preview,0,processed,,1780924463627
0xb67f524d7f000caf4e31d95b531ecc6232adf33b503990d9447e2c6f5eb4c4c9,,,0x6c75cb026d2e3a4a47d489360e023948612445f50a23f17ccecfb5eaae82f9d0,0,11255916,client_a_preview,0,processed,,1780924468723
0x0ed3f81ae532f98011602a10256c6eb014340397d907c1e25b125e50d7bb74cf,,,0x5b472b5411cb4719156275a701ecad28fb33a8e045fe08590614f0554c541ea3,0,11255944,client_a_preview,0,processed,,1780924477807
0xdfc0154bba71d7da07e448020b0fcbec87893f57e6387fe3cd837e2674f92b42,,,0xbac1578810aa53755b77da65d90fbd8a5a68eab132dd32a47d840651c22c1174,0,11255949,client_a_preview,0,processed,,1780924478992
0x2570c8d06308e2827471f9ef9e268526e0b0251597e6e7c7dcac212672e331d4,,,0x39d3b513371c208919b635a905cef232da57994907e5ae9dfd96158baf33441c,0,11255953,client_a_preview,0,processed,,1780924480139
0xea505bb2169eca484a32ee16ec5ae4a2d65f65e0fea95e06134f4bd3c4e5e3e5,,,0x948bbb01ec0adc2364c68dd92e6b971966232647474de79f42614040cc750dbc,0,11255968,client_a_preview,0,processed,,1780924497535
0x202e36633ca32d7d113f4bfb10011e9b68c8d9be222e943abf1664ca6851269f,,,0x30e3b981e79ef75ac7ab7f7a4a5f63c616fe5861cd9cfaeaeaca26af073beb5d,0,11255981,client_a_preview,0,processed,,1780924498379
0xdbef71dfac5815adf47ebc15f098815d80711c22f6739574ed90e35c6b55ab83,,,0x6ed112e396ecc03509e295b9833aaecd566c163590e248e6134a13378d0d1985,0,11255983,client_a_preview,0,processed,,1780924498394
0xd7bb8de32522a8e8a91ff3517dc80f4c4418620b2e87de12a65ccdf701d34d28,,,0x16f1bea8a844c1ebad43277c07119c4eef3f9dc47b3bc7fed4dd7b0416aa2c5a,0,11255985,client_a_preview,0,processed,,1780924499351
0x6b8b03114d095cc07ee6e14b2f7f2c96f3aa447115d46981a36736f73ea62add,,,0xd0917d6aabe34dbc88b61485695284e4d81ea77c3405d730e740a13ce1f3d06e,0,11255997,client_a_preview,0,processed,,1780924502431
0x602cf7f19b75358b0f1eae0866904fd6f5451b17fea197d71e348f223732097d,,,0xd19e347ca5d348906a2406883fd8a5264da340c37790cd9dad335a8ec7588a1b,0,11255962,client_a_preview,0,processed,,1780924502449
0xe5b34e5610cbd3babb46d9e4b9bbfcd244dda39f20d6afa0ab25a0fab378a53f,,,0xd0aff723f440058599b040e0fc65110f61ca28d7e2e644e992b6b918cca28bb7,0,11255965,client_a_preview,0,processed,,1780924502461
0xf2c06e7000bb60f87bbbd2e173d30c101b6281023690f57880bb419eb119ff76,,,0x6130a9d89cf71c0f61a2e6a7d59f0f13abac8f1ef2b6906c5771edc320150015,0,11256001,client_a_preview,0,processed,,1780924502639
0x67a00fc5d1b449e9862f89bcbd0e73d806ca1f8e06e54da4c8aae5e5541c53d9,,,0xef2c980f37f4191cf8510b6fda3e0f955aca7d3fd17f40a0feec3686a90778a8,0,11256061,client_a_preview,0,processed,,1780924515102
0x9b3e74322f1a84b6085ece13412bd8717429c5b08d248e220e4c8d0759bc022b,,,0x6fc2334592538806a0faa1869f2e69040937f2e4a170ee74e6c6422a0ce7e530,0,11256075,client_a_preview,0,processed,,1780924520229
0x354e07081682d9a9c2a666dc4ebfe3fb9754303b6463a33f9c2322518c04c133,,,0xf9a3c122c429040c560a729469e00f7404fe696dfc2c78c014bae0196d8ef742,0,11256087,client_a_preview,0,processed,,1780924524204
0xe47f094422de48c72519a058809763af7ae761e9ea859b3a380d60204b7880bd,,,0x62347c15b549a8b7445349a7eac2f4e3eb4948f13bd923109d3d4fe262e7339a,0,11256095,client_a_preview,0,processed,,1780924527106
0xf7a375edc92dd3d97f8819427f0044d613e5a2daebf96141611c588226f0a672,,,0x7414aa875237c4ca46bb281b6764c0b0d4dd2e5381bec45db519f92cdbf3ad58,0,11256104,client_a_preview,0,processed,,1780924530308
0xdcad33fefd0b22638ee6bc8bd51dc48a13c8b273c6c77383d0ef468b2dc08114,,,0xb8aac6f6affb68d66e8c095051e452413a81c448942b0c291d627c906afe2b9b,0,11256110,client_a_preview,0,processed,,1780924532865
0xa85e98a746c5eab23012f2991ff5bd8a0b712640292bde644b886edfa8591794,,,0xbde01536b4d7fe25ffe8a92c2ed28b82a79448b503125dbc4c8a7f5965dda876,0,11256160,client_a_preview,0,processed,,1780924548462
0x8fa7c400f7a6b9df6f3be035b75ace667ab9178d68ded83d080f698e1fced66a,,,0x12a681ecae4c771108a96a066b5b53b483d76dbce56d52f4535ede7e9fe4c874,0,11256175,client_a_preview,0,processed,,1780924553562
0x042ac08b14ce12a1cb2755ea542a3eaea7b0cf37e03472ad537eda88caef89f1,,,0x78eea0721e716b8f15509770419b8e7a15fcc3b03c64f0e795f21318bcd982ba,0,11256204,client_a_preview,0,processed,,1780924563045
0x94947326bf38c6eafebee48f5838f8287fabcc1c6d13fb5b84a988c5beb06100,,,0x1cdc5d3a7f177931ae37732672ea542a4f921ea58d4a9ec930fcaebd9aba7581,0,11256207,client_a_preview,0,processed,,1780924564190
0x1c3fd54fa74bf08bfbf32fb86388cb72c0a6abe26809ebfa0a86040000d16228,,,0x97ff9cd94b00aca165ac62238f8fe5cee4d4abb8079a8ae0d6d98e45c5e035a6,0,11256210,client_a_preview,0,processed,,1780924565330
0x245d8a319e0bf688eacfad1a099dc0046de2c3847346f50e969e46fed5163d6f,,,0x4deebb4849590941ff50c5b7f83692bc86920f28682a50014ac1e618afceb8cb,0,11256221,client_a_preview,0,processed,,1780924569002
0x46126da764dc5a43e923094febc597b9392c1d46d580bd18a3d7a198cfa2dec6,,,0x4261849800d88e78dc33e7ccf4fb7dcb8b392a62969805e5a76ae8c4d6f5ddbc,0,11256224,client_a_preview,0,processed,,1780924570105
0x2b04432b10c33f6ac04e67e1817b7a3132d315d42d2c3530c83440ac973bdd3c,,,0xae9c360363b6bcfbf2a5caa7cb12aa26ab60d1b74c993adc72127d8c01814f58,0,11256229,client_a_preview,0,processed,,1780924571433
0x7dc63f53bb2dd1c862a1649b1e198d3c6ddbc1fa0eb792aedac1309b544b017e,,,0x27b5b53f12150c294ce724ff3f48d103aeda2317f9bdc23421059e039955b357,0,11256231,client_a_preview,0,processed,,1780924571807
0xd4601a53a915cbb2add802d4d4c651a1058ecf66729a9873d00faab11928c41d,,,0x6c9054e0f7430ad5d3a17ec86836dddf9c52e9f4fb43c67d63b0be62c2e34166,0,11256244,client_a_preview,0,processed,,1780924575739
0xbb20b603872ff2ba56fa912e4351a7fed97caeb0c692dc45cef2b838c6e3059d,,,0x2467aecd11d97387def494c6bdd2dd7faeee40953e46c1d6f965285375062879,0,11256246,client_a_preview,0,processed,,1780924576306
0x50864cf980880b00ad036914906b85626243310baa05d2d4b34a82b83b1572e4,,,0xf28bbf84a422c48e3e1a24e67888ee555a6ba4876b6eb640140c35a0cc2d91c1,0,11256247,client_a_preview,0,processed,,1780924576857
0x366affc8d135b8e15031d392f0698af61b26d9e7f5b0c4f1a09f2ed6dded8c8c,,,0x00444a3af8dfe33b6078fb89869c513feba17a9ecae2e239220605eb1c6f1ddc,0,11256258,client_a_preview,0,processed,,1780924581113
0x8c50fd5dd0f2b9df8c2a39cf0b4c9dd3433e2ffdc38e81c7a7ae7eda703d589c,,,0x98330e7f1fd317b754ae84bfb608dc160de7e56fa94b129c419aa5b1c435a7e4,0,11256261,client_a_preview,0,processed,,1780924582187
0xc2f90d076906b85c2e4199954190ea2fc7ba179bc8c20f0a3f1d59091f3db483,,,0x3cb99dbab1acb0c1137676633ab000bd7d865c4bdaf2604a85487d12ebc5f799,0,11256320,client_a_preview,0,processed,,1780924601175
0x777a57f83e130d5b677133204da740087bbd3d0bcb559cf37e87791beee71f90,,,0x9ec9d537d6a283ed2607be00b0ce2ab5980e2acb15eb776e000e7b1863aeca87,0,11256335,client_a_preview,0,processed,,1780924606366
0x87af6f18736b69511acebf884383e46e8f41e6eb948f6ab55d357c4749bb9748,,,0x2e2bd03c4daabd95d711f2831bbdd3b77ee51a6d5e65959d36ad34ec94152615,0,11256346,client_a_preview,0,processed,,1780924610618
0x6a7f72550a0ae44fb70d61932856d3151f93b8436204076b9d47312aad1f8ef7,,,0xfddc8a37b3052364bb6dc1518f7b68b7fdf28bf8a76c51a30d18295161476f66,0,11256354,client_a_preview,0,processed,,1780924613043
0x0e5f94b099137b470b57beac227f860c319800b2432e1076d0d8e7525f446889,,,0xc7acd97e531d3a42821190b61d3cf9d3a1126c6f933b14981dba965faa3dbf5f,0,11256363,client_a_preview,0,processed,,1780924615807
0x6876181bcff282d58bf33a3716843e6e03adad509f0cd3aa52238fc5a72e2c2d,,,0xf8915c6bd02d7ae3b961bfba962e86ad9afeb380927b9c2a8fb34c0d5bd7f75e,0,11256369,client_a_preview,0,processed,,1780924618416
0x76e265cc01907604ba54f7f72e8a08dfbff6198da7eb67d1467c826d36ae9252,,,0xc2f62a65fca39df4edd504af900dd76bc927f344f265fdf3d534474e2cf282d5,0,11256424,client_a_preview,0,processed,,1780924635932
0x4e01846cef53f32fe309885a8aaad9597ffefc0c6350aa87d7712fe5fe5ca700,,,0xac47ea4b4edd2e161195bc3d7669a0e9a719f585cff451f3bcd97c358563cddb,0,11256434,client_a_preview,0,processed,,1780924639554
0xcf1eb3c2700695a700b5532960be7e1ece49db773febefbe2393093640f45a95,,,0x589c67dace4fddd64536ae7b2a428bfa3c1a315f26c0f9276fce0ee9b6d9f3ce,0,11256466,client_a_preview,0,processed,,1780924650831
0x7c43b5ed11f673b53d78e9829c9ff32c7647ef63d20dffaed1b40182d2a9a202,,,0xfe00c0fdaa721ade5f9b931446dcfafe8a7bebdd2ef3f7cc0d957a2c9dad4580,0,11256470,client_a_preview,0,processed,,1780924652038
0x25905811448893189ba12f376c1ec1352e81fad9da9b75413f54a84d8fc2a8c6,,,0xf6c74109071681c0864eda11357b1db5bdcccfeffa646c814d697bbe7234c0b8,0,11256474,client_a_preview,0,processed,,1780924653049
0xb72f3704d6e9cc26077cfd1eded7a9a9282e740c7fb2f8b30dea3abfef665390,,,0xeed16a91e6b5c95654473bd2433e3e5b99524d9c90d3cb582ebf39f4e582c38d,0,11256480,client_a_preview,0,processed,,1780924654574
0xcdd0d27e37aa1583bf0f1117a7cb4093ca6c671afa8cd49bd794cd3bd24418ca,,,0x81adc405024037ede4355ddc49ce81bdf4b92b91603ee798b70dd7362ad297dd,0,11256485,client_a_preview,0,processed,,1780924656207
0x895baa28e316b69607be347ed82e3a82218025ce758eb4da4894d5deec0c5c0d,,,0x27032f8746185b427255709d4c0ea340b1d29de65acc855e44ef7990705b376f,0,11256490,client_a_preview,0,processed,,1780924657430
0xf94cb804d60aef31a5bdeb93b76176a0b88a62fec5675e0d4fb5d9ed34607d94,,,0x1ed53661c6470b8511a36f82cd7e28da5e5794a8447b7d7c7abbbfa962069c85,0,11256497,client_a_preview,0,processed,,1780924659258
0x4f9ab282e5e6a5ff81a0eed4e2f5346d7468262e28e5c43c58063bcf0c79ff63,,,0xf4f53e5134fc53fa9deaec657180e9236d63a51fafed06cfed92414d054b70e6,0,11256509,client_a_preview,0,processed,,1780924662246
0x13add3dcee793fd7fc9207097db9bbcc7c6d9e7c513fb6625795158e941f9be5,,,0x11afdd893f31aa94a5071d830de87d88048efe408ae1c85d3ada50e3fac30a96,0,11256511,client_a_preview,0,processed,,1780924662863
0x888fe957e93e69cd30bf33d98df2d088965797c0c118e38e2e2cd69c9b1ea00f,,,0xb73982d38dcee109bbdab6cbf85b134857cc768a3878bc34607fe5d36c3a705e,0,11256514,client_a_preview,0,processed,,1780924663971
0xdd29fe988d779beb367f3f19dfbae00e6a6dfa1a3046800e56c7188d1f35a4de,,,0xaf7410428d7647326d48b31942d08b7f260a74784b96a0df49954f2120d4a53d,0,11256525,client_a_preview,0,processed,,1780924667630
0x799e01e09d8d53be6f486774faf83567348791bb89393dd684948b544697efb9,,,0x87f232a8eab913bd24a7d857d86a491b40bbc799e832a2c15f01676f2d36444f,0,11256528,client_a_preview,0,processed,,1780924668657
0xbcafd3d92e256fdf8854697f182bfd0ea75fa567cdfc4fb3217e4e9da96cf3c2,,,0x35fa49ba2ed11d1c5cb8d282ef0d99b1e98577bc7931e92da76d2cd3736e348e,0,11256583,client_a_preview,0,processed,,1780924688973
0x5e8305a9c7ef15e1c1815c7ea49db66737587d70e0c230daecebabe75680e045,,,0x9c66b7cadb69046efcd55be2f43ff1c97682d9e95b870eba0532db471783ed74,0,11256604,client_a_preview,0,processed,,1780924694098
0x8a10d3b6691821f8df4da01177733cf0173b43d3816244a3b036d3a51614636c,,,0xfb01e583d94589bbeefa2e5295a8f87068e7951f25d206caee5a431a9a20e3f9,0,11256612,client_a_preview,0,processed,,1780924696923
0x40ae771a0f7283ce87878790382bfcd5b0154df3fa25775c44badd707c18cd8c,,,0x71b6fe1080f92519cf30381796456f97c2d47c16af85999f260294bdd87950fa,0,11256619,client_a_preview,0,processed,,1780924699447
0xdabffc0a9ddd43ff4270b60397109dfceb3061820d21576fdaf5757cabca60ed,,,0xa2f6fade09dc4ba3ccaaf3520b6ea192882e2e2f922d0dac982bbb18672a41b7,0,11256631,client_a_preview,0,processed,,1780924703949
0x72be820c4d1400a6e39514e3fe837448a41d55cdf7835d635ecc2a8101037a15,,,0x9ead3bc38e8b0638a02e9647b82f1c3eb30207f1290b7fb9df7e09a9e0a6fbdc,0,11256640,client_a_preview,0,processed,,1780924707243
0x7b36f8485b0903a48bf525777476336e50a5cf3800fa7b7afedc8bb5c7a1487e,,,0xf61214b7ec2e11da7c3a219c00b425737c6b788c365bc2c666a8fdd48d8f2693,0,11256684,client_a_preview,0,processed,,1780924720822
0x9df8d91460da766622849f70021ecade8158acf0c0b09c6821f1be53aa8475a8,,,0x79d60961cc78b921cf78c3d0111bb9cfa013664875759e60993fd5da6cc5e00e,0,11256704,client_a_preview,0,processed,,1780924727786
0x1e880c7ec8c40df3933e32bf82b86ef6994797c575f9c6486899556fba510134,,,0xc26e34c3851c60703fdbe708464d8cce2709447280e655df6c36b9bc5bfd1488,0,11256726,client_a_preview,0,processed,,1780924735008
0x81624186094f5871dcefbd2fcb595bc1006f6fe69445d36f241a326f21bf4d30,,,0xf0d2eb8ce4eee13461953b9e370ef9a0f3dab475bfe22cf1e1678683533b1a67,0,11256729,client_a_preview,0,processed,,1780924736196
0xd0f2cd6d468a81ee8a31e8fe2e1aa778fed7bc15231ebb47189df772fcfe1d93,,,0x63fd32e85d67a06adc9c51eaa7fbe1336b846e93f7fadefef1fddc3569e6e1d1,0,11256732,client_a_preview,0,processed,,1780924737320
0xcc8643f3793650f171a0ef07d37c9be10951cefb72b8fae7659dce946b277067,,,0x56ec153a690852847e7d3bd1ad4f2102b120f3d2a578f98f87eb302ac1bd4c30,0,11256748,client_a_preview,0,processed,,1780924743064
0x406e34898014bead9c893e3fafc1afb06e58b222cf66068b190e432750eb9941,,,0xcd0a78e394a65c6f1d591b23bb495aa1e741ce2124ab68affa5b2e2f72581cd7,0,11256750,client_a_preview,0,processed,,1780924743576
0x2148ebea8f6e82f0e5f80d9ae7abb00101943218d4f8de25980720ab6dc4cd9a,,,0xbdb1b9a89f6bbeea13afb5a367a9f84ee29a54fbee2ad487e0bbe1a1a24a946b,0,11256751,client_a_preview,0,processed,,1780924744229
0x1cbfe86e36f4e518b23fed0680cdbf5cadd2987b13c37641b419a65244fd010b,,,0xbc563d37dfd98e84ef4be04cbafce2fe9b9ae4f87c87014ef6306334843eaa67,0,11256755,client_a_preview,0,processed,,1780924745407
0x3b502a3624512c2d314e52da1cd339b697983a41a438e844e2ca82b420da68a6,,,0xb3425029468729cca521ef1c620aaaf47b41d402ef0fdfd3245b5231022ed58a,0,11256764,client_a_preview,0,processed,,1780924748459
0x0dddc560cc0f64766360797860f1244f528aacb57768211a656d14a657dc97fb,,,0x338b03f073b72f6911b857696230bb8f1ea649d9015c5100956161597d7b8915,0,11256767,client_a_preview,0,processed,,1780924749219
0xe29ea40a8c53eab373a014ace1b7359f9b36efab1e5f25fab0e621adbe126384,,,0xc043a44596d7080308cdd05eb9cd401b2374d05231ea1799cf9e6ff9702459b5,0,11256777,client_a_preview,0,processed,,1780924751967
0x24eeb478ad8a37d4c6262286d1307ca54a2adf9a8a2e0fb6cc718a90c1c512b6,,,0x63359b99bd102dbf7648d1bc5ba3fa7ad7a1de36547ddbe25b09aa82f9dd0b41,0,11256790,client_a_preview,0,processed,,1780924756926
0xfa8e1d240041ed45f238236839a5a2b31538e01701ecba301063faf3dc2b6db7,,,0xf2c5cce9931b4ddaf7325d8a084aed08794b3b68b921e4c0574c604772398586,0,11256793,client_a_preview,0,processed,,1780924758048
0x26f32a926d13792ec683c61f1d6c5b4599c6cb460d30d2e40e32794b4b554eca,,,0xae54ddc39b5ba3416e42ddab699bae970652e2ba79141954034c71ce413b28e4,0,11256836,client_a_preview,0,processed,,1780924773833
0xa60959a6f25beefc7a62c4e3fc24a46118f4d58dd56e4f317e6d6663de199041,,,0xdc4f4b383b316bb3e3f8936697896f1a6f1aeac89bfa34eed4eb9779e948a5dc,0,11256865,client_a_preview,0,processed,,1780924782187
0xcf12dbedd049d047836ec072bed5c11a9bcaec2bf16c4628ad7e34ed69c2681b,,,0xc82b02d70fc5a567173ac94536d5276b1697d7c2ad3fd72c4a4d4e510de91f71,0,11256867,client_a_preview,0,processed,,1780924782954
0x0b12ecc4ee81753d569b2eb1eaa8df6298ab8579364f49c99d1a9decde57c276,,,0xecb03ed411c95489afa5fa7a2b83d923858b1802ad27591be17f6a9fdfb3bc85,0,11256872,client_a_preview,0,processed,,1780924784714
0x77818cd7f676e5581bb18768f70748ab5503328ef4dba8ae6a08099dd41dd285,,,0x1778650d65d51f980e9834e8f01b740d422225327d126566434c88308cfc01fb,0,11256893,client_a_preview,0,processed,,1780924791935
0xecabd4fc68a6f1d1fa346adee0e18987d146737c735a64fc1410ab568b1a2953,,,0x66d4f1dac023528b17ad114111a5cbb5d20fae9c8dd5edafcead71ce42884775,0,11256899,client_a_preview,0,processed,,1780924794541
0xb2d84620ff6cfd3e3c49dfb5afcf4aea5c0a256d502dc658348039de5e2a43de,,,0xb78899d09f39cac6204b44667b51a2b8c27430bc60e21ebb88aece234b5c8441,0,11256936,client_a_preview,0,processed,,1780924806059
0xcfb70eb4dfa728a32e972c393fc47e682a48f74910d4d129b20a71d3a890edac,,,0xdab515bbd7ba7465b580243796f3671675dea0dde7cd2eba34230e257fd28ab8,0,11256967,client_a_preview,0,processed,,1780924815506
0xaccb99a97713b265405c498e017a06d5f8a33682b26518ba41e16dcb82822741,,,0x6a826223f2fc8e649ea3e04904fb27ce90c32cf8cbfa4d7de9cb64f603c3f656,0,11256981,client_a_preview,0,processed,,1780924820586
0x76da7a8478600e640129d8a86c360a3452d57eb5596518b638f4591190252fae,,,0xf483f41437cd38a214225de676b2f677a6b19a5f779dd51c6a5b3d1267fbcc63,0,11256985,client_a_preview,0,processed,,1780924821921
0x39a07c23a12a3e058e4a2390f2ea0f9e8b8789eca6ee1fa77744769b95d26960,,,0x884a5c538cf2c83739b5ec3d3a2ef59213fdb06822f11e710f6bcc62514b6cd8,0,11256988,client_a_preview,0,processed,,1780924823081
0x6709087d26583ef6f3f2608218088d9267863662d3b4335d07c997b7eb0c5e8d,,,0xfef7f2123293c3a7884d1cee71c70ba5b91af89644d5fc19dea0d4ac1befa100,0,11257006,client_a_preview,0,processed,,1780924829350
0x0f4f5eb4732c930816417b0d5eca6bb0487077c8ba893a7ea037151ae8b74e46,,,0x4414ac5cd65707c9e31545673c4354060450abaa92dc561f88139329ea504a4a,0,11257011,client_a_preview,0,processed,,1780924831175
0x2ca87e55930068fedd6f2371bdf79e969868180cb09c5a9a9ed9d1aa4cd3e517,,,0xfedc1f8e3adc2f084bca3da017fae7c2c682c74368ac221bd47c7c9a1ac2cd27,0,11257014,client_a_preview,0,processed,,1780924832281
0x1e1091bd451450b33413f6251bb3470b4ae6b886ff70cab1dcc2e0cbac4a84fb,,,0x96c64acd541316dba8a54204a8cfebbef3a04ee2fbcfae512cbc2c490a7f8042,0,11257019,client_a_preview,0,processed,,1780924833956
0x67599fd0b9b80a47fc8854b55c90c8c7661d4816f13e541d515fc4d99559cf49,,,0x5c0c1a35c7d26382ebbae1a38fcbbbb110b4ec32b73b3156227efc40b7f84ebb,0,11257020,client_a_preview,0,processed,,1780924834245
0x2477953d15c108f625abded13a7e38b4ddf5c4f637695408733f523adb441bfb,,,0x6ce584cdbdd5500feff8084a370fca3e29dbad39b748165b4333973902dceb46,0,11257023,client_a_preview,0,processed,,1780924835373
0x5c3908c4dc8b312163953c0c736cfa3a7a548b00f1e283947c0a3e97f4a0dd27,,,0x29b7c0260dc2344a7ae842cbdf3412aefb1bad87f82588cd20244020743c34bf,0,11257038,client_a_preview,0,processed,,1780924839308
0x1a187f64d3b311f6fadeaa68904c465485426e7336efbf22583fd328ece35f58,,,0x842eb71e40bbc4de1d8ab176762220cbf1086057166e173e80ed277f44b9b3fe,0,11257051,client_a_preview,0,processed,,1780924843684
0x4f2ee70df053f4ea40407db9d9b4c3c1315a25303776420732f28f48e39c2dd0,,,0xee9564d27dcc7f503283ec60b7a5091211404ca93637c35d6c736ba88a73d33f,0,11257055,client_a_preview,0,processed,,1780924844781
0x6686dda150365fd94ace48885f3ab6abcf02945c40b7a4ba788efe8b9d3241e2,,,0x24324ac5184e27285e36ab551d6cb9161d3d09c6608a31d2d24376a3a838e03f,0,11257097,client_a_preview,0,processed,,1780924860145
0xe012c8cd18b5e4c896f2160ade603dc06e94c4589d457014fd09a3ba71fb4cae,,,0x14905c3f5cb954e2f63e50daf2255def0888eda17eea8474f411feac3e87ef41,0,11257126,client_a_preview,0,processed,,1780924868809
0xe7a05683c5e3072d3835ee27f8e7bf0b200ba6823a05614e99fe17ec7481fb21,,,0x0c183a08e8233f1a14b4660cd7c52f5c3c14e2592f2ebd3d07ff9911fd394a02,0,11257131,client_a_preview,0,processed,,1780924870351
0x7aff005b6c2241c6ad12c4a0d7666662c995ee4babeb22efc8f0149fe524a95a,,,0x5323c04df54bf0ab7e5b24a462ef2a9c313ded5fe244f0627efeae4f8c421f33,0,11257134,client_a_preview,0,processed,,1780924871366
0x615d153b19bd72d82017c6b49e8ae42b6ea2297d8088a79045712db3b7800f45,,,0x2734a52894a0dec43070118015b4926d7ff42709f430278235da0820fdae1f78,0,11257160,client_a_preview,0,processed,,1780924881527
0x7d154ce7bae871764d6e542664b1a43e8e01573f009c744c574676bceabf404b,,,0x6b30044a5e5c9e15152afe129b81d6b26d1824f1434097d26b83425377c73228,0,11257168,client_a_preview,0,processed,,1780924883937
0x2780378605c241d366a5851ce43907ee7d3927b44792d86c12f7dce03d5fae90,,,0x0f88aad8c93da5dfbe5b94591cd51562cc9135ba596e31a130fe6812e6d62c2c,0,11257200,client_a_preview,0,processed,,1780924894042
0xd8eaac003b38f1aa9fb3c6e2901841276668d297db7ecf628a9d1df6b0e01fd8,,,0x744ee4de1dad0b013a589d95b42e9f1034668ff756f517d832f90ef87089f66c,0,11257240,client_a_preview,0,processed,,1780924906111
0x8df20b01adaf86c5c349bfdf6852a5a2998f79d33c703359326a1c46dfd6e646,,,0x356128e16f087c6eb0bb0ebd11074b1fcabb6911abc19500de92e7433578b047,0,11257250,client_a_preview,0,processed,,1780924910428
0xc24478a056de2ba62402506e8fed3161485ddb9f631c93ea185a0eee8b850355,,,0x3561002f04bd1df26bf3edde59188aef929dae05b092dbff0640cec68383c01b,0,11257253,client_a_preview,0,processed,,1780924911610
0xb6c427b739bbd01a5611e11ec9fbe3b751b2e23094e39905c2bbc8abf6a39bfb,,,0xf32b8cf74139fd71236aab0c0f4ff8fe9928edf32112aa5e8edb78e738aaea96,0,11257258,client_a_preview,0,processed,,1780924912806
0x0d1b3b9b83756bf93730b8f3b1e18b6f29c1f77984693ad6ee7a3118a059c268,,,0x3ca8eb620901825c7399b6becbd1659f0d1c0fade6e3e1a2add72096d01970a1,0,11257273,client_a_preview,0,processed,,1780924918588
0x7b491ae9e4e8e8d463faefb497ac3152670b6102c917b97150ff948962397e1c,,,0xa1beae45dfd70f838986430e7d78b2b9f3fca4b2eeb4d5b8ce30d457e75c2408,0,11257285,client_a_preview,0,processed,,1780924922523
0x292461978fdcae7ee0940496f487321f399cbbad11502dfe74f9d5e61fc83123,,,0x82b1200d84e715f7440bcfbdea58e21e4debe09c42fd928d7e4c356104a26d00,0,11257287,client_a_preview,0,processed,,1780924923030
0x63d147b9731f9382a0523fa3125bf951fc584e2e9ab2e979a21eca9082c3cbfa,,,0xf7da0ff35d1a9e04dd2928aa1f02c27c7b40ba6b1ad93f2416deedf971616313,0,11257289,client_a_preview,0,processed,,1780924922996
0x7694517b165db3ec24cd1653ce303fab3ae5764f6e219e173fd2621adf9c2dfc,,,0xf032be2c0cd536bff571c694881fc2bd01fe6932ba73cc1b78b1831f3b54a363,0,11257290,client_a_preview,0,processed,,1780924923451
0x6d5afe26e9de955fde51879d2f88a3a7d487e226d05784dffd571073f80a7c32,,,0x1b3679fa4023bee060c55530d859385211f390f1a93336686f650b539db6e2bf,0,11257292,client_a_preview,0,processed,,1780924924184
0x62b1cb24b6868881b7bdecb9c346afa59435f95098b5293de17b2a3d2765718f,,,0xc697263b3aa9c1980a3bb3fad8fab1f95ee6399d14af02d67336ed177a9ac44f,0,11257313,client_a_preview,0,processed,,1780924931327
0x1c5b89ccddfdff198b31ddb52510f914c530545435d81ea706cbfd5076fcebb8,,,0x227aadfeed00e7e0f2c414c1bfedf01f1731d812a694cd9a887bba79ad55b588,0,11257327,client_a_preview,0,processed,,1780924935807
0xc73282985f36bc82da4bbabb0e8be97822e81735d43d3b65247bff0910447873,,,0xa16bfa4283e3041faca8505b85f56502ecdd4e4ce46fef1bf5dd83bb84ca87a5,0,11257330,client_a_preview,0,processed,,1780924936930
0xcd89289dc30acde12b923c470390f601dd9bb5c6865fd174e1767343048c4b99,,,0xc045bf8e0ed1cf76055cae4548d899fc5af6943ce88a92686fe100f423e6ce17,0,11257363,client_a_preview,0,processed,,1780924948330
0xd262190aa7037e9ba414ae3012cdf1821d2f2810b2ebd28416dd271b0d42b9ad,,,0x9a9ff3f98b1e7ef382bdb568231eefea8231b5d50b29b987d9fac23e040beb00,0,11257388,client_a_preview,0,processed,,1780924956515
0xa53e92e6399f4bda8396b2fe2d94c9e3b29dfffe3c28069192fb26ec7f46f5f4,,,0x95a3dec1ddbb732d67a21b18f61324b9dfda9a0843b9de0b56028f645c85a2d4,0,11257401,client_a_preview,0,processed,,1780924961221
0xe31a0a92d3d2de30a3f537d06a21e408bb095c8c5799b8f619cb7920293a49d2,,,0x6688fd22ba1e6ae8052f5ca137e79d9aa1a4da536ef3d0ba3c94bd1e36cd6236,0,11257402,client_a_preview,0,processed,,1780924961547
0x606b951a6614f9efe1f4c2cdafe527d7b79a3b9f3324464bd293a498a4be79df,,,0xddddf0900f46b6ebc3e6937b908ae0ec356d5183fa299c87497f5d1f325f2d7a,0,11257427,client_a_preview,0,processed,,1780924970939
0xb702209a85aafc2672c4e292cc3a35649138208b26ca89a7b9c9009ed0c894cb,,,0x171128f5a4b7705144849fcb0d58da393fedb5749f57fb320b5d2881d5884e29,0,11257436,client_a_preview,0,processed,,1780924973588
0xa74ab1bf8cfd871329bd4a6a5dc1c33e63fe0a893513876054bb9b52d9f5d1b5,,,0xd33e7145b198550a5f7ffad9faea8ce06d327ebd543a465fa30da19d6c97503c,0,11257465,client_a_preview,0,processed,,1780924983391
0x72f30230267bd8bc2de089b9ed400c7accd4f66869c2ea262b0b6c86f343fe2b,,,0xd3abd50b127ad794a3baa44f7d5bbb824f14fd366512e4d9adcadc409d51f661,0,11257500,client_a_preview,0,processed,,1780924994617
0xbb0e14477bb18ec8c6b3693c227a0c426b6dfa0be1145e1200f152e67e64ab17,,,0xb955920d386c245fa0e3741c4c634fc8da5547c53cbd3fee9f6f730a4a42e9bb,0,11257512,client_a_preview,0,processed,,1780924998728
0x58f76a0eafdf2a98af17860a7f55b3afc9dc7165357f46e42133732e5dea6fcd,,,0xc87ff193fd2ba3afc906f10bc29e63211240528c5bab1bb6a9e6746461921adc,0,11257515,client_a_preview,0,processed,,1780924999891
0x5b43be166cfc9753dbc0e23003a8a6efc6b9dbe14559715594d71a7ec991512c,,,0x718bf34b59ea9a0a70242e3982120660b6195201552b5d8bbfef68f12d41514a,0,11257518,client_a_preview,0,processed,,1780925000995
0xe272543a61ab3336e92258b1a09507e273fdb8b080de7b6747a565f9a344f7ac,,,0x2f22c481bc6dbb4289342d0ce74a4eb0ef99b8f5d96cda7207e253ad979795cd,0,11257536,client_a_preview,0,processed,,1780925007260
0x897cd77e341dd5edbfdff2e9579ef37c4fa349d1c2bf1ff67488e7cdbda74f76,,,0xecf6d973b919d261563b0fb15119b0224795d802bdbf81d237acd8aa4ccdddbc,0,11257545,client_a_preview,0,processed,,1780925010473
0x6ced64754d7da781df0cbb51e345209c6281d21179152b0567c085ae713f6763,,,0x81bff8582c3b88b4d08fe1baa55db9878bb431a684f6a04c0309bf40c307bb32,0,11257548,client_a_preview,0,processed,,1780925010825
0x3afdad87dc5d116761367cc022c4630d3f1fa3b85c218cad6b5c89e212c9fda5,,,0x86232c992ccf1ddc03f52ab7aa4b8b107c3b2725c92ff3dc27d4780108d0f931,0,11257549,client_a_preview,0,processed,,1780925011475
0x2de653557aa3216835a49fb873e99755ce9707edf153aaadbc200fea2467f310,,,0x3108be99edb2f5d7744455db80f400e9a29da10f73579174c4c6c190e6b1e3c2,0,11257551,client_a_preview,0,processed,,1780925012105
0xbd2a2b6ea58fb719cab0218e1256aa8272533e6f0cbb5148d5a567caff9f0844,,,0xf0501d8be1181ea4f4ee70350308ed1ae983f0bb9271c7f88a713eb89ed07643,0,11257553,client_a_preview,0,processed,,1780925012548
0xf020b35dc51111e20fea20cc9f8eeffb13641da57ce540ef62d4ef572fc82287,,,0xcf85ba591965b800ed3852a4cd562557b1a25d54b9257607f239dc9bacf22160,0,11257567,client_a_preview,0,processed,,1780925017774
0x0c09980ee36c42fa8167252f32b3622b6c2c07875736d65e979acfceb6e837c0,,,0x5b43cd029c5922da9fb09f3916af7463da1b96db6c79ccb958919eb988b36fa8,0,11257582,client_a_preview,0,processed,,1780925022072
0x5e6ca003b9be4e44d9cb7bcde4e2e6f35924d0554e95ff879a1f56c087142dee,,,0x39aa7b335b2469ce052acc35d8d434c001dd43d134fa72c21d8986b04c84f663,0,11257585,client_a_preview,0,processed,,1780925023149
0x361f98c96ca407425e7d23fd8488fcfc9eace9edc1273076316caccf81d84adb,,,0x19a9bc44528239379acb6fee5e5c5ccc5fdadf7786bc2bca9aa8dd02aeb1b6ee,0,11257622,client_a_preview,0,processed,,1780925036392
0xea08649c6de121d9d960a8c491d42348ab3bbb9e82c847fc69c58def0e4c4271,,,0xffc181b30c19b768abb9268c0eae142e0b5ff4cfedf6487ef1cd0f8ae78fe457,0,11257649,client_a_preview,0,processed,,1780925044653
0xaeda539143ccd967b17e71f2f25f5538ca2adafc14921f16d9f4b3243e2ee79e,,,0xef7d87dd3002e2664ecec9ee80743e2bdaa2da5b122d94a05a33b58b383df212,0,11257657,client_a_preview,0,processed,,1780925048003
0xf784f200c9d1685094e93bc37ebe2a12e25385df37373fd66e0105dbd0c03c6a,,,0x710182d3bb4e79a02df6b00cd854a1201f9c4768c1b7a2ddd0c9eaa8f3466bea,0,11257662,client_a_preview,0,processed,,1780925049097
0x2838a49aa034b2abd79222cc2c245b58f87b6079157a93ff7b6e9683f9e99168,,,0x70d67046468a801cc1711a68c76c4e64a4a0cf793b01e25eb7c02469e5c7c112,0,11257689,client_a_preview,0,processed,,1780925058031
0x13c40a1afd6e8c493c840854887519aa7e55eed33488b273072758af5b6e1f1a,,,0x49fceca746b8ba3a824c335f1ad61343a9d004b78d870849c7c250cdc589f781,0,11257696,client_a_preview,0,processed,,1780925060528
0x335eccced517be5fbf3e3bf8af4fd48185438f252a6bf49d8f404f4087875da6,,,0x167e498c18c9a8a66785a4ec35176f256df3e946bcd7a854d94f741b58bd76ed,0,11257721,client_a_preview,0,processed,,1780925069404
0x73c0008c4e73767181c6207b53a37e1142e29096ceaeee25820efe5382360e6c,,,0x9dc1877e3cc14c1c95b7c6375be306a7cd3659aa23693490aeac5f1a3a7cca28,0,11257762,client_a_preview,0,processed,,1780925082818
0x8f495a57742701d0619ddf6229456eb0c18a5fd184cb32bf03058c55257a2630,,,0x8ce9655fee57471cf8a3d8049a7573a7036548d87de0bc73989a21de40bd965e,0,11257771,client_a_preview,0,processed,,1780925086194
0xd8b16dd85ffb69ca96e8390f1c4cbb655d2a47dbfe4eb0f498e3d8d92c64b053,,,0x48715d4f6f5bc1ee3f2558698c8675bdbd29c6518db14560d5135e56f1aa9b1a,0,11257774,client_a_preview,0,processed,,1780925087296
0x84a144a96513c0923c9d8891fb2113972612ac2a850f24549a05731ebe2b5907,,,0xdf6d8cf2bb0ba68de84ec8166bc9acbc5a308e91d46c4e721b896581c64c893b,0,11257790,client_a_preview,0,processed,,1780925093135
0xff6b26258d0bef4cb99c38ec8cf1ac42106ff78d3e96def4742f2f0332b333d4,,,0x754cc0abcebd01856d6f62c58351e3299473a6556d2244153150beb6479b1d76,0,11257804,client_a_preview,0,processed,,1780925098029
0x4c0c0f492ab346fbf9e3b04f9bf18db4647065e0ac567679bef3119ff3ea505e,,,0xd1a4e198458cb61d817e88340f8e7f4f0856a8740228c9bc44d52b91758f0057,0,11257805,client_a_preview,0,processed,,1780925098431
0xb1d77b135eec9ffdf6a3417e1637a1069ce5da44961fc039cacb4788289e9e2d,,,0x61af0386a8b34c83da365a2639283e8fec7175b45de1d568c70d8632a9f31b54,0,11257807,client_a_preview,0,processed,,1780925098836
0x976069cc7ed116a490ce4758cba3f153a1b22697e91805ee302f39f296cb84a3,,,0x171c2fdc6c24d19786a9263cf14ccc0acc0a89f3cdb65596f59e44ef6950f90d,0,11257809,client_a_preview,0,processed,,1780925099428
0x20c9a8517acc476dc4b400a197962e119aab523d90a949ea084aadb117e22eae,,,0x9f0aa73a72a85fa29004c5cf64dc5aa538d1292c826c43b279fcbceddd9f3433,0,11257812,client_a_preview,0,processed,,1780925099919
0xc15acf9b5d72a9861698234a9e02ecccf33ef9001a1e28a77b2c31485080c049,,,0xcf0f490b30fa542e1cac6699278efd77c768243d63bfb7ad67748a5ce7c1d0df,0,11257828,client_a_preview,0,processed,,1780925105685
0xc5026f5498f82db6ff383c8481028c739e0a03b319e719f33818dd13974f48b5,,,0xf3733b88dcb4014f99a328f4181aabf8b14fc244db60551e6b4d5af4f243bf7c,0,11257846,client_a_preview,0,processed,,1780925111054
0x4dac039c4e90f16484ac3d868db28c40cc78904e9415778845e53f27e3759237,,,0xd5d7496e067ef366469b8ef61ed2d4084995ea636ee64f80312000ed1b509375,0,11257849,client_a_preview,0,processed,,1780925112117
0xd4b6371da51c605467aa235eadb52fc3706c61e028bd7a121847ca7ec6919f2f,,,0x02926ff5d64222d6ba287d9b8255d57aeae92aa3d587eaa7e0aaa79e19e1dd43,0,11257884,client_a_preview,0,processed,,1780925124710
0x862d45b5e9237edc3b368027896ccb6e06bffac43b484e931907568da1d574e8,,,0x554e680e9d9a370f11403d5f7ff81e2999573a15280d53593933d8e08e967de2,0,11257912,client_a_preview,0,processed,,1780925133857
0xa6bd8719f15b1e536dafe664d0b1fc3f9dfd59f071e836ca04bfd0b79973e6ef,,,0xdfabc898539d30164bcc4b453ba11ed2e16a6bb1f3a9fc28a78588c756c37d09,0,11257920,client_a_preview,0,processed,,1780925136990
0x011f71a076bcbd46ee3c578ad38d17af38777ee437ec3d55a2bc5737088ceade,,,0xd2c3c3737c9231669a7130a86401b2aee4ff0cc88ce4ac89fd990111d95a4014,0,11257924,client_a_preview,0,processed,,1780925137786
0xc9619f6e6c9bc69260e702a1395f2efea2048cdb53ce7de62406412f3ad9ca45,,,0x9f1d15780df095786949d5f27da5727b7a7a7164c0351684542835739857169b,0,11257960,client_a_preview,0,processed,,1780925148275
0x012b463b5ab2375c83d8584ca3af595c4dbe88b4c38617a97591eb01085129d4,,,0xf438ca0a61097300e7222df4eadaab132c2b5aedece784aa1008a321ff9c25c4,0,11257967,client_a_preview,0,processed,,1780925150826
0x2424857326ea0424c07a1ca4e401426d92f021910b5f4aa99c0c2d347e80da94,,,0x9e0d264a5d6e6c6371b3367f1418e14d3ef46bb9eda957d3466d5e374e5dbc5d,0,11257995,client_a_preview,0,processed,,1780925159812
0x7a5408adc64588e8382c7315261fd374b7cbe512dc7601392480a144455f7e64,,,0x1921a009f9356c8b7c4106a66963dc8f691fd6cd0cc501f9b9eac01cd2cc978d,0,11258031,client_a_preview,0,processed,,1780925172178
0x4b1e441f8d99e73b7267e3a657c45ddcd8587396162dfbe971855d5ad6e794b2,,,0x09a332c1774b3ecb2bde12747d9bf19f3b168b7e0acb5532a81009ca1731d9a2,0,11258043,client_a_preview,0,processed,,1780925176300
0x18a6011f084d5e0377dc0a036014395cef6602ef385c1922b54d1794b48c3e5d,,,0x7899e743e37c8c554e99b716220ce997ad237d0b576d154d14cb5be4ece199a5,0,11258046,client_a_preview,0,processed,,1780925177395
0x3f43ff05b70cf27bc89a6e54184b09d23dbe699372ea730103a09b0965939449,,,0x0896a6d8bb6a189f58f40baa4442fb6fcab942e9797c8009821724c103ba81e2,0,11258050,client_a_preview,0,processed,,1780925178640
0x6666bc35e2a9c567f37e617553e50a3d72060d135ff1809552785609b56d38bf,,,0x57f47544a8dd57dff59437645fba305c7c0ccfd232ff2c91b8556cfcf2c74f53,0,11258066,client_a_preview,0,processed,,1780925184433
0xd39675cfdc8d08b31271876d582c73b38dd74ca706f356ecd829bd34a067d2aa,,,0x9137798ef311c679d700d912c73f6dc64b68a0cef5243505d7faa9eefcc900df,0,11258074,client_a_preview,0,processed,,1780925186527
0x508f5a4f910bbcac3d72dbd777a51d972f32881ec780e73d786df45e6a09243d,,,0x3fcb848f6690b46812cd6501a84076955b498d385fd8b19f6efd7a0205a1030f,0,11258078,client_a_preview,0,processed,,1780925187705
0xcaa364ddfa1064f347929e92d0a1942e711c14f4352522948663b367a7412b66,,,0xc2626ba03b428e8b0bb06533e33a0db94d9acac791bfc71a0f2acd4f40802e4e,0,11258080,client_a_preview,0,processed,,1780925188213
0xb5105a364977246b5ba6626057a2669faa0efbee5ec700faceae3d5ca2e7615c,,,0x937baf4c5641d5e60e398e2a7c8d1824d362f76501720320cf10ffa9c400466a,0,11258081,client_a_preview,0,processed,,1780925188680
0x31dd25b1514f8df78f5c1a348f8c31564c427109ec1abaaba520301ddbe2e907,,,0x2e1392d9e8b05d895d890f2e9f83faaee6f7c4bed28a86fcbb41125e8564f835,0,11258083,client_a_preview,0,processed,,1780925189263
0xbaf4b5d4f6c3a62ca871384a6857ec6ee5d37e0566cd1bb0269556d8b4662326,,,0x5ce55be200e57e14bc2c1acd64b02391fe16725aad878af44d3f8c11d2cedb05,0,11258099,client_a_preview,0,processed,,1780925194434
0x750bc79fc4e0591ee00bc689ee1bf1af25ff483a9fe6c114e92425d908c0c484,,,0x7c5e550a485f4c15065ddb5a5bace33a9d98ce770f20e2b44be21a2e483733a3,0,11258112,client_a_preview,0,processed,,1780925198697
0x41e079604e4562936bf19f9d78ed1df3946c652baac27fe375a8c6bdf333235a,,,0xeee23ca3602648613210bc5cac2bd316c32a698c84ab193fdfac761981d1c730,0,11258116,client_a_preview,0,processed,,1780925199841
0xa6e9d6ee7037ce2e3f5934d4f5f37c29b9a3bd7def56e089d7bff5aa02bdfc6e,,,0xa9da6a0dc1d616c845748737041a2fc77a95160e86d5563e811fdb7e51cb7f00,0,11258159,client_a_preview,0,processed,,1780925212806
0xffb277f511706b820bf5eb32c51330b4575989dbe1a370c3559c6e22a54d28d7,,,0xc6999b1fe81acdc840ce1f6a7e4fc1f92b2568b983294d5e45594f5a29878d64,0,11258188,client_a_preview,0,processed,,1780925221088
0x87d91cea90066d3e36a480bbbc8b5e3918132afb8f64c5452807092a8147dd53,,,0x8e43d46c8c5aeeb947290b975b7b6263311fd78e05c32f7e222c76dd8452cc71,0,11258193,client_a_preview,0,processed,,1780925222878
0x852e3ea4e7ab0ba83c0be6f13dd42b4a5bca37a8093236fb7d7bb79532e6b084,,,0xa5a7329d9808f9da58bbbc3e5f2b8dbe05633d496278d53b2422f94501182023,0,11258195,client_a_preview,0,processed,,1780925223714
0xa6f68407e02c9f4c26ef92cc2bd68a89f0dca25e484f6d6362d742dcd6f8b5b6,,,0x68d4e00002dd051bddd6a82859e8c286bcbfbb57c1268304610b57bc8aa7d85b,0,11258226,client_a_preview,0,processed,,1780925246480
0xe828c184eb2cdc888b59171185f7fc47b0ff2aa1f4ef012cc609e76e528ea6bb,,,0x1e9576be930e7d5e66f7693c7b78520202b42c602568b816fb9740eb77cd81bc,0,11258232,client_a_preview,0,processed,,1780925247479
0x5ed2dd1a5b5aae2567b6566be72d1a7b77e8cfed5d4c4205b24b72ec9de48abd,,,0xcd5bb0f12ebee592c1e27a3383acea9fffc0c67a6d18d99d554e723fe872ea57,0,11258260,client_a_preview,0,processed,,1780925252326
0xf9a15335d355e9acaa6420eb0565bc3fc55acb6b9381de01f8c8445fd62e111e,,,0x5591a9dfa38471d32d432c9d7dc6bb7ee21b8759e112459a0673899136d649b9,0,11258294,client_a_preview,0,processed,,1780925255892
0xf5c464dcd6138725bf1c56f19a3f9326d9bd3f88f1813cf625ddf31aa40d5ecd,,,0x52ee219d06e12e97775b3c2e199c3528abc4260c5dbd7d56b771ea15febabecb,0,11258303,client_a_preview,0,processed,,1780925258804
0xd5c6832cf04ad51c358b1fa8abe7128e77781089edd4c8047eae88d080579e32,,,0xa3738b69678770801c2a6ad86a8f26741712acd5dc8a3432e6d9da600e09cc5d,0,11258307,client_a_preview,0,processed,,1780925259916
0x4e049ffa08434f02249426691d58f12eb97019456f2336ff9d3505415dbb2f04,,,0xf837d70f4cc57dbc17340e62817f512c7808047377d19e5c1749e99be277c75b,0,11258311,client_a_preview,0,processed,,1780925261099
0xeb4b159bbeab187b76bf69f4fa8a494f029a8a39534077fc3d280bdd34bebd61,,,0xd73de1ef62d634a7c4963295d3019acb8816e6114193702fc60f7dbcbb25ef0b,0,11258327,client_a_preview,0,processed,,1780925266841
0x661f93bf2021cd920b35abb57b84bc7a646e23107dc03ce593d178cc091eb1a2,,,0xce1a57cdf41989233c4a30b59294478eab84a140feb97de4128830386efea194,0,11258337,client_a_preview,0,processed,,1780925270508
0x1cf609b8f247211ea55c880d0110d51b16129ee4dabd31ff5b86f4ced7e5e49b,,,0x15800bf5df0e785e5e3874fff480f88e9ce4455136213d78eb93e9b9cb062ddb,0,11258339,client_a_preview,0,processed,,1780925271187
0x62b1e5d154f5fce1610545bd2383a0b5c3f79b45e878a48b4dfb9ad7e21f2b28,,,0x46e18c75bef7060f3e2baaccd54f3265bb841472e320d5891f2c3e3d5a731d02,0,11258341,client_a_preview,0,processed,,1780925271648
0xa70c16b53fa7baff9d9f7af3006a6a8b8f1af25fd6b9e6e7fe4ecb673ddd5de7,,,0x3a6759af4e1b599bcaa8c96294432051280ee2912b4965b24b0a67a978a141d6,0,11258343,client_a_preview,0,processed,,1780925272393
0x907d83359fc5ec6e2075c47ba54a9f38f6fb4b341f7482bb77b183e85c3febd8,,,0x2f21293c9aba22f2735c4cafa89ea15bc4d018532e1b0d0ff1a4ed2ffada94ca,0,11258345,client_a_preview,0,processed,,1780925272837
0x3ba298810f43b41451b23d6c37b1d419d90ca39d53acd8e2a761e63a1c7b064b,,,0xfa2ac796e757b18fb010356dd39cfea0a147776750dea7308e8629a15e7b75e1,0,11258361,client_a_preview,0,processed,,1780925277834
0xf5d1b59a83dee22753ee41a3d9eb82c7c954aecf63d4ef1985adbd635331a92c,,,0x9d098d648590304f82228250a2fb3e33861f4acfb4f21fe17e746b5f8d5cca79,0,11258374,client_a_preview,0,processed,,1780925282129
0x7a07b234c086aaa1044b8cd5de762a8e3b49efea87e1f6b58efa31394a9d711c,,,0x6d3efb9ef66ce6fe5f1cbb5657851c2fc8ed83cf68f1fd0c19e877226e771a01,0,11258377,client_a_preview,0,processed,,1780925283288
0x5be95e2da50c37765657c7daf1c73911c70869ab6a631b766c83dce9d0501a14,,,0x64f90f5573dc5681fc5cc68860cec7448a6b454a62d1b5c753c95667419b9f1e,0,11258412,client_a_preview,0,processed,,1780925296047
0xeedd7eb93f104f9b81cd19e8c26278023eb882114a54b83dc6d07c2d18e79f26,,,0x442b187aa4b76f63a8552b71da4c0647fd22f2811c284ec50a04d7113b684b82,0,11258437,client_a_preview,0,processed,,1780925304563
0x1d138504f7910d77c4d03bf9b63d15ce1baa393259296ebc1eb452ab37380a8d,,,0x836aa138d1aad004451a5b3bdb6a1dee87bee8789b1f7c7dca1d9472bd70d3db,0,11258442,client_a_preview,0,processed,,1780925306476
0x67264ca8ee05325d29816e65d0d8280fdfd10b81fcb2cd9fb7ee06108d3b8e20,,,0x1b045d91b7d2399763b8191a9d02e23cb95502dbbfcebf9460203190109740c4,0,11258445,client_a_preview,0,processed,,1780925307175
0xc7ddc5fa1b151fe855d7964326c880c5120d5912d29fc2f51232f846d20a4305,,,0x9a246ef1b4c61b8038af121531e0953072bdcfe816da6e2a0473aa7b66252fed,0,11258468,client_a_preview,0,processed,,1780925315421
0x84a5647ef1e27c5ecce071ae10fdef0fcf39ab7ef5a7fa81d87fa7cb2bda4501,,,0x15ce81577ad627b12313d996875959c18db7c5e2df2ae1647dad9449a8d6cd80,0,11258476,client_a_preview,0,processed,,1780925318505
0x33fb72e2a7d2a35e069b59b03bd0b609260b16ac79b4c353369487391cf0908c,,,0xbd880a37d0a2abf84b73d8a11df20715e3874c0e109e983302fe86df3818dcd2,0,11258505,client_a_preview,0,processed,,1780925327739
0x6620995a94ad9f109a230997a06347576bbf0fd1d5c770e1ee26040ec7ebbf98,,,0x97554a3ee256c3a56fe6fe24ca3bd923701632efadab0178979d69aa55486642,7,11258538,client_a_preview,0,processed,,1780925340288
0x6bee82952ae55a7104a4ef8e3aa0560ae2986e5ea9030b38fa004b1653901976,,,0x2a1c86da0efccf9070db715ce6f58fbde992728aa62816c38f745f2a7eb3f008,0,11258546,client_a_preview,0,processed,,1780925342244
0x5a831603e917f85f499ad04d0ed296309ddc92e01d7dc2663606c4e003ada6e5,,,0x7d09146ff3a0fbebe5749dcdb3dd958b1e3a8bcb1e45b474a324468b2f3b4641,0,11258549,client_a_preview,0,processed,,1780925343363
0xd43048a65bd068d9ea76a0044e2b3605cbdbaeb869aedb9b08a20ecde4d8836f,,,0x91f9f947409d3bdbc32e71e66a2081ec8f402586b49983c853dcf633f14a95a8,0,11258553,client_a_preview,0,processed,,1780925345099
0x9d70800eb1e8db340c5e072fe7377336b0b3955011febcc12facfaf794e51957,,,0x74141a218dd333558d7a32ff2dfe1627d25915e68cd1e83c3648d7c7f35788a2,0,11258573,client_a_preview,0,processed,,1780925351097
0x65d867ac4b06b5954fc2292513f87f0d1c8cbf4b176f30f82afe6bc18bc10904,,,0x1008a979cc4b06a8ec58f336f88a7ff30fbaead49de7b992f0bdf0efc7ee2710,0,11258584,client_a_preview,0,processed,,1780925355072
0xe91f631ee153ceb2da5f5edfdea290ed6d6fb4accd23d87c2152ab9575060a7c,,,0x461f8f1ccd76b051ee06ed4ac81f407149ce45038f4b53740e1b9207d8ede955,0,11258585,client_a_preview,0,processed,,1780925355516
0x7e07ffdc38dde72bd1733a7d3e111436e203fbd23f67acf3f788e5d37b83099d,,,0x70f86ae44f21a9b18025c88722a6f8d2ff15f17a978adf3e688cbe54ec341af9,0,11258587,client_a_preview,0,processed,,1780925356197
0xa384b75a150cda9a88d7f6d5c5abddd665b93298dd0e2733962c51e0568dbd58,,,0xd1abfc97a4fe12fe69941d2766897f2fd532eb69f94b57e0b1b18a7bc0859ed6,0,11258589,client_a_preview,0,processed,,1780925356604
0x23f1d313a24c72ce1ef83d178ca1802090cc27aa3a84404d07f05d1aa3a9a5a2,,,0x6c590b37c1f53971adec748427751e62f1e4e636e3017cd46803491ae684bdb3,0,11258590,client_a_preview,0,processed,,1780925357243
0x494f32a7f188da7e2fc333d1e2490383b095d32ada36e4a02188e1803d68df7a,,,0x21922773d29fe4fdf893d4d026d6a97a3a1e006e9050739e389ce1dc2b748b69,0,11258608,client_a_preview,0,processed,,1780925362504
0xee54cddb32a4b85aaae68d1d341965fbb08c1d632ef5ec1dbfdc5e7d82f2c903,,,0x25ea4d27b39820c8df28376bdb3d3714f455037a22dec47ded056a029bbcd822,0,11258620,client_a_preview,0,processed,,1780925366365
0x4249cf483ca635df5b2494b95be4416ab9b7a9c054ecea0d6e9b76edf585ae89,,,0x089fbd781e05b6868e03ac557652e31f7747c958a50f0478f58c784abeeb80f1,0,11258623,client_a_preview,0,processed,,1780925367422
0x0e363949138952c102dff7187c94d5870eedffaf976d561f37aac0c342af7226,,,0xf6e0452fd46aeebf3df0cc442b43144a05fbc8c183ff4dc72980bd17859c3cff,0,11258658,client_a_preview,0,processed,,1780925379207
0x5b12629e1ec84a6136229a4a1f46e71d3dcd33049cbe926f79d4a9802faa0b9c,,,0x9d7846edbfea41726e5a21a1c7c51e1f04817f96bbbadf9d6e8babe5a6e3df3e,0,11258690,client_a_preview,0,processed,,1780925388525
0x7b2c7f2f791d38b10d3712524b22c1eab25f448f393192f543e18605b470893a,,,0xf2403f04fd42eac1ee6baed7af3f5967537e764dc7f9de2f0c3af95a14d1767d,0,11258699,client_a_preview,0,processed,,1780925391057
0xbd4e174d9b6b9ec54893c57993b7dcc290ed9345d5898bc83fd60e86747d6dd6,,,0x652e2ed5667b2d85f57bd27e2c29a33c2f3ae3cacf4767bfbda1b9b8351d7879,0,11258700,client_a_preview,0,processed,,1780925391371
0x3d0873c2ff7cc2e96acb806955d14978eeab69a8a56de7805d637fdbab0d4876,,,0x657bedc2cfb4e6c3da27c382d51ceda4aca569e0d390fa33e5f5d1cd15740c77,0,11258731,client_a_preview,0,processed,,1780925400980
0x49f899f2c3086ae5fdd2bc3f795aae797f145fb0ca1efacc86143b14ec6bf822,,,0x388c8053fd375487d98a1f153e4fb9394d2bdcc215bfa4f16ae8aebfaa205d39,0,11258737,client_a_preview,0,processed,,1780925403540
0x8327e514839ad6a108f9fd49ad521b6f7030a54aa6d81be8fb6413acc8d7b3c5,,,0x60cae47070686a8eca368cb470da1766746d1ef6df4dcb9a1298bd77470228fb,0,11258767,client_a_preview,0,processed,,1780925413543
0xb69d14fc97a736c0ec2f6f39e9731b75a473b25fca037ef36a05efab59f8395b,,,0xebc72a7158cc3a2bc2070d6542d497ac87be614c64b7f0cca75751e2401deb87,0,11258799,client_a_preview,0,processed,,1780925424219
0x4d329a96ecfe76d5121e1e721c6ab4c2d60c39132b76d764a31a0554aaaa4cc9,,,0xa337d97f4a824af0fc9afcf3704bd29af2e4878eddb460f4e7c4868e225e98d9,0,11258807,client_a_preview,0,processed,,1780925427212
0x8651f21d7fc8bef87526d7366a3d38075a6df8a7fbc6cf13ce32c5942c4e82e0,,,0x60681ea4eb703a3c07246d5493d26d307e483c0b8c75c5fc95c1dfd531238647,0,11258810,client_a_preview,0,processed,,1780925428431
0x0cae192217abceb94c7e9799f07f99f03872afb335b9b63bca76a5adaaba63b0,,,0xd19ba05193c7e4ae41066a5166d555f6ef4c4ce566e1e05b1f440f131f146d93,0,11258814,client_a_preview,0,processed,,1780925429790
0xb86eb3b7a95ecdc4b184c9c7f62b964e0304b7674196c9512902bc5d62380e80,,,0xb182221ead563ee5284c7703a167e2da8e0cc67af412011a21a404cccb3c5d8d,0,11258830,client_a_preview,0,processed,,1780925435533
0xa30b8c8d0aacda8b37cc4dc443935423b7dc131872177c6d4aab40b98c614eea,,,0x7cf271cda2453c57ab3262fe1838330ea0ba90f24bc6f8c35c9cd5071cbb2e51,0,11258844,client_a_preview,0,processed,,1780925439383
0x373bafea632bccdd392293db77405b3ada4df44adfe49f27bb2e26ae775eb681,,,0xee9c43ef162ad3dd26a4c2cb73d20be4c69a94ba562d7f73c006bda11189d9e6,0,11258846,client_a_preview,0,processed,,1780925440005
0xbf880e78e58856a701819272624829b5990fffeb82e4495a4ac0d656f88c7e22,,,0x756d546fdd7d35cc4a94ad214fb13947ae545ef961d6e33f1a196cf5cd59c655,0,11258848,client_a_preview,0,processed,,1780925440559
0xa7e806d66317b168ee0d070c0bedcbb05935fb21b8eabc0f003e755b0bd94e3d,,,0xbd65de78638ab5fb193c1dd29b3a0f170c834f311394d19ce3c6cc44fa0e1ec6,0,11258853,client_a_preview,0,processed,,1780925442234
0xc71c4bde32d2cf2a7c0e96f55e46daee9ab74aac11035db2f541acbd7e4d8fd7,,,0xa8f5c5a0fbb2277a9623e546be230a50f018a4b382693b0868b278a503f4e860,0,11258868,client_a_preview,0,processed,,1780925447823
0x6e3da093ca4403e664329ff4ed11fb196852598c9241187473ab99a5086c8c71,,,0x68e69bfb5fb28be8487b5829fea2d436fd1a5c3c4f95bab36d8a689e6501fe66,0,11258880,client_a_preview,0,processed,,1780925451598
0x3403219296627f431535a53214138ee97bb8e2c1daef304c9864987ad0f1c312,,,0xcfc6c13c7141e205ad27bc4c392f7d1dba2d17ae0a34c7456054d5ec91b7236c,0,11258883,client_a_preview,0,processed,,1780925452550
0x68257b21ee021b8c4fdd2093c9e5567907aa4ad66c04bcc2b84fedd395ccccf9,,,0x2c25d640c69d6f0ac26ee8f6359f840157f3f6fe721559c9c00499620cdb50b1,0,11259960,client_a_preview,0,processed,,1780925806022
0x8f91810b75a33805aa999991833ee7902c9ca84840959118968feeb69d69f919,,,0x20c8012787edf4a533ab7f13a017ed60a634f2958242439c684bee7eb4689bcd,0,11259986,client_a_preview,0,processed,,1780925815016
0xb7f060f575c5f71443130dd6d8b124cc66d1de0b29bc79444499e116e7a2fc68,,,0xa6d5c825d6dfa35beeee9000fb14541f8778107945521f5f186bf8d638d20950,0,11259990,client_a_preview,0,processed,,1780925816635
0xe065d2d675f96d1be504296418327da3e5ded2ee60506277934ab889d5905d10,,,0x21466389ad549b626b2758634bbf3ed9786131853187f9a01551cd00a96af751,0,11259992,client_a_preview,0,processed,,1780925817577
0x3654f51ded6f0f276507ea8aa01789b919cb7587a30dedbe0ac5543f5bb0909a,,,0xce585ce907374b381e89fe49de85ad3fc2b9bc8ea994d762149ebed27fb1f69a,0,11260017,client_a_preview,0,processed,,1780925826166
0xfa47e7d3c5c274b503f4bea08afccc752629f87efa5a0e86b561c4008a35269e,,,0xe8c43da3d9d369e72262ab720a65e8dc734de140667c8394577dcae287cc42ae,0,11260024,client_a_preview,0,processed,,1780925829393
0x6a857e3ad3efd9e69106e01bfaa1847312db0e8a9fcf87f0473a4188f9037205,,,0x724e174d68a2a57d31b6b82416569ec0590e387b11b0c439ec0ef2e661f99a56,0,11260060,client_a_preview,0,processed,,1780925839450
0x58ad5b1e919204b00a6d49a7ea3b5bcfbfdb3f0322cf7565d4e29766e26e80c3,,,0xd3cd164a1f480c8d1010caea3a4600ff19cad90b9b25c358e6a5535a71973845,0,11260092,client_a_preview,0,processed,,1780925850043
0x0fb0f82b7c4786e015bad162baba74ab8583c01b185736b4566803d36eecfd28,,,0xe2d72e8aa37feb516331a0e84e8e1535d6c74e68153e4ed34084eb105a48c77e,0,11260103,client_a_preview,0,processed,,1780925854127
0x4585e2f6e6dc46f5a14b355d2012926fc7e29b335207351442bf68e85b9fb64c,,,0x9b522839690c6555a4bd109f56f57969fb5b9f98c16e52418ad4bc673b738514,0,11260106,client_a_preview,0,processed,,1780925855201
0x2fa6bf3a621c4e7902b49cd0f0bf5443d512614f105c237013e829434f7c883a,,,0x44de60ae097c1ab8e7b7df56525637304e24d908f5d40d9fa8314d49ae9a9968,0,11260110,client_a_preview,0,processed,,1780925856342
0x1c01efece9b373a015f93f8f0c166fbdd17dbf7595b659ff945082a5b629042e,,,0x7ffadb765f32e17362924faae8edf363d0583b4e7868bd41ca7e0a54b7363b23,0,11260131,client_a_preview,0,processed,,1780925861664
0x266fcb3d6f00c118f5146cc41e098c2c436e42f39fff850a0477f077ee510e57,,,0x41e56967e600ec32f0f1ee54b0e039169c0d898c6af79c0a3cfab04186d8de09,0,11260139,client_a_preview,0,processed,,1780925864147
0x38c0af4e649cad5fec800da24f65b6fded4af4ab46481c352667c996d4f3eba4,,,0x3f3392916d17cca3ecbac104b3752ae97f61dfb083c68e3810c6081e630428d4,0,11260142,client_a_preview,0,processed,,1780925865217
0x0554d1834fb465088cfd4f5ef9892b82972854d4d02be86af87792cd5f727a44,,,0x10346d6cb020bd54904ed363b63d20ffd87e09738289080f9246b4b6d3bc8136,0,11260143,client_a_preview,0,processed,,1780925865953
0x42282534c6eb6276da55ac651fc21ccd1c1e0c6446fc76b2effa25b043206411,,,0xec72f5d902d3cab4d944b77eb42a1d40110bb7383fca5f9f10aadd4b4e6dd052,0,11260145,client_a_preview,0,processed,,1780925866295
0x6bee7ca3dcbdec5a3384b4805025f7ce59458117caf07f5e56b7a7ef4a560c18,,,0x10780dc1481d629f66a1aa0d0371f3cf36a61c8baf8b775a994b1c9b3578d2b6,0,11260147,client_a_preview,0,processed,,1780925866991
0x34451fe7db11eb3fddbfbbf7328c7dc528dc36b6c0b1542a33d63e830d583858,,,0x2166f93e33fd5fdb11f67e4e9797ba1568966b24b03b45527c1fd1d2830284d9,0,11260163,client_a_preview,0,processed,,1780925872862
0xfbdef38fe6d3da742991005c35a1ba6726780c2f2385acdda3e3ff278d947f6a,,,0xe83aa4a52a1822ea1fc1949fd9ba78c350d4335feeac95ca8c96f0b9747022d7,0,11260175,client_a_preview,0,processed,,1780925877143
0x108f726f21a5189f4d257a6718e1dd985dc1d0b9de5a9a2593c17a566e9dbdfb,,,0x300038d0e0c39f0826b2ba28b78af69465c3347bec9a8ab4abdaae79891e516f,0,11260178,client_a_preview,0,processed,,1780925878763
0x58d993713b059d2ffbb641a58472367ea8e58583fc9d8e35741f0bb92e421a1a,,,0xf84979f5f2f3862db0cf364017ddb88f67afd024e9eef7d9290779b7d2e62443,0,11260247,client_a_preview,0,processed,,1780925900793
0xff44d30cf6dcc0097f06e498adbf484fa335f34af8186d1c7e3890d29c4204ab,,,0x100ee40100f270d12d7fff7f8d3abfbee8339ed4ce989d8b2909da1333b9fd38,0,11260255,client_a_preview,0,processed,,1780925903353
0xed77b02cf31c200d045e0a27d47eb74094bc0dc827e7fc6f8e9f2fc673677aa9,,,0xd46f026b621c430161bb47b259927bc7a53588832730063645811ca9fa250010,0,11260279,client_a_preview,0,processed,,1780925911866
0x637f9595ebee41093ce61de739c9b169a4cde4369a994e670550a4c16f85c959,,,0x966c09230789745dd18da22f614716a2119075b5cecdfc43552f81f78b06eeff,0,11260287,client_a_preview,0,processed,,1780925914978
0x0be7d3b29ce3e142e4b226e40a743886a7fe99c04bcb90db8332d66b9542e197,,,0x4c10251621521387b4108204294380e7fb84e166df59d36c8d66d0d01b2f0f9e,0,11260318,client_a_preview,0,processed,,1780925923965
0x2aa064b52b9db15768587ec919260f45e932cb254e8e67c8cb43e15e8d34f179,,,0x31a9c4afa272aaf8c67eb2120f68d3768e3a7f27abc25a0f13ff4356ae83d2b6,0,11260356,client_a_preview,0,processed,,1780925936354
0x6e979e7ad73152214ed8b6a17eb3ab8c0d7fc2c8380dfabab7358e1e918f7c66,,,0x01919a489e3be0572608158ce89c1e265e20b7f02485d03f95de1f35c859ce24,0,11260361,client_a_preview,0,processed,,1780925938034
0x59a4c0d201f4a241b2c485dcf9568462f0f00ae877dab94d82285fdb52dfa221,,,0x27708e4702481f643ff5d439ccc2996e7a428f0231f4dd55f2fe3dcae0e88bf1,0,11260364,client_a_preview,0,processed,,1780925939132
0x0fe8017daa91e1f04109458a5c943b7f10ee06b8cd576048f852423f2eb6e4a5,,,0x74fdaa6f916cd50c85fc0521876406f44d0723edb6562b7ccaccea284a44c434,0,11260369,client_a_preview,0,processed,,1780925940321
0x5aea350ab53e4c225da6ba9c5f5cdbb44e4aac2133aa8be9ce204f33360cf56d,,,0x9d1dbfafdd0c2a706007a285cb262bd1daf871e402fb483be5389af3b9624480,0,11260385,client_a_preview,0,processed,,1780925945767
0xdce0c3ed4c3752a8a94d6f6a83568d3611d0460a8a67c1629fa26a333ca65e01,,,0xe029b438635d93591b02fd662afddac8cd59520a0797ae89e0a81c2e437bb7de,0,11260401,client_a_preview,0,processed,,1780925949918
0x64c66c482579e0fcad8290dc69178bc93123b94e79365a4998067007e9e4387e,,,0xff29678728c24be1c7fdf2bf7da8e47f8692ee4719bcc5f58a7b4a4a7d758b0b,0,11260403,client_a_preview,0,processed,,1780925950222
0x979c84a5c272ee439d8864d178a1e8d2a8d6d3f8e8474d89ef591ccd3b917fb7,,,0x2591d7e53414c8440501def278dee4327575fbdd737027b29810192f9815686d,0,11260405,client_a_preview,0,processed,,1780925950926
0xca671be029dc893517f41e7460d1ffd1bf7a7ad0a394fdba54d6c1ad41f32801,,,0xf9adf8d68eae9fd2280bfdcd10c7d06467d305414a9b080d277a09f74cc21688,0,11260406,client_a_preview,0,processed,,1780925951275
0x20997399f67659c1dd444ba8095ea7c380a5c13bca9e1446ea9cdc43afb50ce5,,,0x327158f5eb6e40ffec8508d8a2badc3a47ab2c68283436529381a9f12cf2406b,0,11260410,client_a_preview,0,processed,,1780925952918
0xf00f7a2e4d1500f0410eb80212406911b898da3c018b8b5151a4090a86dfd6a8,,,0x444014d9f3fd826174c268c31f3c30d7f839616fa4bd9f9217baeb1c1fc58d13,0,11260425,client_a_preview,0,processed,,1780925958419
0xbc1475fad8f5e7df15ee6cc5483fc51f133e5edcd912463b6069844bbc3df823,,,0x8b1a5ab79d99ce89b18ad847e7eba4af09d5eee7317b9d5627a455f83c327910,0,11260438,client_a_preview,0,processed,,1780925962854
0xe773a01c49fef46f5e4a1d9e9abe805e39fc27cb0b1ccd0a4ef1270070e09068,,,0x599a279a8ddd2378a40142f758e36b19560637077622bc185187072075636343,0,11260441,client_a_preview,0,processed,,1780925963910
0x2d564f4d7aab50980f6593efd8e99c441b3a22fdce92826e073fc1a1d3771233,,,0xbf0026215c9892cf23f4029602a327122583f282bf2cbf328acfd5da265bfe86,0,11260501,client_a_preview,0,processed,,1780925983368
0x0c2296e16b2b77f0757b57a9a7447e95e5e753b2d36b9db00263e8a6c6b3656e,,,0xc42b508c9ec8c2882fdba05d260f4bb0f6a72498bf811b85046f48ee5b1d05ee,0,11260509,client_a_preview,0,processed,,1780925986319
0xa443671e53314967caefb3f0f74d659b04b1dc562b08abe6dde28dc6e1c92dca,,,0x81d80b74d3190d655818adbd9fa3bbd27d65ffd11949b361a82dd21bdb184a4c,0,11260537,client_a_preview,0,processed,,1780925996252
0x55f80cb5f404c83d0d73540b91a4704140a3cf1e42640dcd141c8689c6fff508,,,0x8fd4ce26063b880b1c7bb82c44bcfa41d826259aafcd2c4ce03fdc00bd19ec54,0,11260544,client_a_preview,0,processed,,1780925998722
0x749e4310124a0a1d32f087cd921212621513f05ca173ac3bbd4b8afead8a08f1,,,0x377a81ee91b3beb5c867c52d3cd1a6cf50915858a8107e40446f6e7ff02c979f,0,11260578,client_a_preview,0,processed,,1780926008233
0x9d7144ee4e4c2582bf79a730266a1f20f8bde6212ff35463bff70b154f90027d,,,0xf407623a2842fabba65d785f33eb820dfeabbf68c501d122dac1099d0d5d234a,0,11260614,client_a_preview,0,processed,,1780926019567
0x3a07a2b138b3536a669c4e5ad525d116a9a8eaabd5837584884e6bd2ff2da8be,,,0xa3fa5dde79d295875c178593a8932a5412d540935d7e39681b9c51f0cccecae1,0,11260622,client_a_preview,0,processed,,1780926022292
0x7f3e3bd18027d080acd38e9fcf1029b26039f1c887afbfb2dad958aa0125d15a,,,0x0349cb56b3259ea7021b8ab399c95daef5286078176bcb2bba3b2647e9457185,0,11260626,client_a_preview,0,processed,,1780926023376
0xaf7bb334759ca2875a29720ad7cf47fdbf58561c270dafdb5fcb31473e1ae820,,,0x0ab377dea09426ba2298342d6808bfcc80f3c74f3cf07af60efcad2a3ac48fe9,11,11260648,client_a_preview,0,processed,,1780926030737
0x6c40c43d48f7dde73af41ab9416f025332b2d9610440cf3eb30ea6d74e630c9f,,,0xe4d6000eb9fd371f688fdbae356a761e9a63c0e02c6253d7561624541265260a,0,11260659,client_a_preview,0,processed,,1780926034663
0xc45f84ee284dab4daf9208a32310b7644c40d3920e68ffea056ce9f8384bd90f,,,0x6eb5f0e07bfea9e5f0ea4d602fe61f59c1842558daaec3194fb59909170f25a9,0,11260661,client_a_preview,0,processed,,1780926035090
0xb5e29ba3549e85c23bb929ec9862acc50660af36d58d4beb1eb02c5727839251,,,0xcab5938324d846a15a2b141aa77ba5448d4dd21c9a44a2fe84e5b10d4d132908,0,11260662,client_a_preview,0,processed,,1780926035355
0xe7ce57ad5e5245747118290ab8c1320da209acb8999c600de58670c92350228e,,,0x2bd4f6c3cb57c2e3c561bdd0bafada799a977cf06f4b8ccc1662a21284cf90d7,0,11260664,client_a_preview,0,processed,,1780926035339
0xf3736e216e6ec46b88b50bbe53d25a336ca26379823eb84a5717ce90e43eb8c0,,,0x6aea25073bc7cc54464380152cef14688651038ac880d6669ffc9258a9ef04a9,0,11260684,client_a_preview,0,processed,,1780926041611
0xc047d8090a8fe109f70872c9b9cad0d16e7e0d51e0a1ebf6d2e59007dd7a591a,,,0x59483b04f202012d6e899671fc70fec720f5ac41019219bd569b84f44ba0f9b4,0,11260696,client_a_preview,0,processed,,1780926045852
0xd2a0dc7aa09e2d88d5ab42818bf08d58cdf66c30e7db608015a8834ad7e60e23,,,0xb4b2a363218cc1ccfbb31e6ff444317efbcdf901dbfdd0fa4e601023f3aa7bf6,0,11260699,client_a_preview,0,processed,,1780926046955
0x7dc32b6fdabaca03fd2f5672c3914815dd7eb3aca3a1274b16c704d6c2d43ddd,,,0xbea8f4a9da8c79b54f9c150c8637819982a0aaf5b001f0bf56bba29d9b579319,0,11260763,client_a_preview,0,processed,,1780926068041
0xbdc37f77338ad3bf933774797168c38c2f733b29fbb463e29d974543203a84b3,,,0x26bbd48d2d4d3575d170bc729193efb2971bcdcea621e269e667392b10ff2f95,0,11260772,client_a_preview,0,processed,,1780926069886
0x1db242c9681d0bf1e3571f05dfd2ca9b088f41c3c9d80a462be4db8207bec5b1,,,0xb22dec33480c769699d2a9b02cc7682a0c2a605b5b3e74937652f2d52697d94f,0,11260801,client_a_preview,0,processed,,1780926079992
0xbcc4d913695061c4cb47a0187d9f90321d1a33b7a1eccb1ced94386c8c3fc235,,,0xc83248d87ddd991b53aa8b2831022a2900649aa63a0f9cf93d4084409a975b9d,0,11260810,client_a_preview,0,processed,,1780926082770
0x3554096fa6a10c782b75f49ccba57f9e1f0f64c28b6d6de6d2622d7f075f6ae8,,,0x39443c36f1e62b513eb857530a15c64589cd6e5c518ebf243d91d52eef0bef46,0,11260837,client_a_preview,0,processed,,1780926092307
0x0b89d9c9a69bff4632aa7c31e888d83443fb174de8a362578af68f5cc0a3e54b,,,0x877f722bb56001b14fa3a7e5d0419067dade0c49c9cdc5df352febbf2f69d77e,0,11260873,client_a_preview,0,processed,,1780926102728
0x580704b39eae0938d2caa18cb333c8424ed25872f415c770cb327852b18dd57a,,,0xa76be1a29ff3901dc07d129a5e3374d388ba384ad498c12c8f99d01bee23f508,0,11260880,client_a_preview,0,processed,,1780926105212
0xc181e41c5873865b71e9ff85520a39fe5e4401b4d25c0500227c1e2e95cca387,,,0x10a1c3f827839a471b175208ea9f83d02323601b90d6dc0020a5e237e5c6bd04,0,11260883,client_a_preview,0,processed,,1780926106392
0x64aa8a7245d8a1b0500505aedbb72b00b2334d8221e15b8f923904f3e8af671c,,,0xf07c2b042f69c9c08321fa3baaf6ecfa97c9c650663b28bfb361c242d02b7bfa,0,11260903,client_a_preview,0,processed,,1780926112884
0x7a4612def62256f9bf67df64418693c571f873cae8909edd272ddd0125492eb3,,,0x2280c98c195047878a84c4ede9778a3f3bedeb4bc6159ed3eb6bc1db5c575cbb,0,11260914,client_a_preview,0,processed,,1780926117428
0xb5bd9c02313f2982ab4b3d4bb7eb8cab3ba19f25cedb046bc33aca8d78a71cd6,,,0x7e721663ae4f6dbd4a92337043d7c854433f6513f0e3c2fcc0b089e448b34a1e,0,11260916,client_a_preview,0,processed,,1780926118216
0x55262e132e9258e7d1685889c7c1a223e44a652b33d595e3d305db1e50331080,,,0x7ef6fde2714ae19d955c037d2192d7ed69813c58b89f43005d561fd47fe2800f,0,11260917,client_a_preview,0,processed,,1780926118534
0xa3cf85b581c720fc457b7f98d42c2431db0d608f6302ea97a5dc77eba5cb2056,,,0xf82e8a16439b364dca2855d496f9fb9ff95c9a1597e029f8fbc6404f266ddc4e,0,11260918,client_a_preview,0,processed,,1780926119199
0xa3615075a09110908d05875cf1d2f211da7707d0af2bb93a76adb4b39954085b,,,0x6c026706800b2bd45c44f1dadd63b5b79a8a9283b5cfe1c09948ac0b28f1c0de,0,11260936,client_a_preview,0,processed,,1780926124536
0xa0870a80b088c12a1ed3c7c7815f2fd5c8b1d2fd0da5ac80664798ce5cae0a9d,,,0xe53237406f6c46a797a7ef8a1480c6f12d03eef5cafc7b2a439ce720deb3626f,0,11260951,client_a_preview,0,processed,,1780926129323
0x64508ed1fdaba9c0daab33f33fada3540ebc591c8fa823b283cb40138c53d896,,,0xf1ea36512ae8395127c349a70a0f9806bfe47d15dd568fe6df6cc991dca825ae,0,11260955,client_a_preview,0,processed,,1780926130411
0x6ffbf87dd3a64be35f7468845d08dfb9eda55071290f45d2bd8498e98edb4113,,,0x29755cf116ac06815bd181080015896c9733b9ad0856f5dfe7b16758c71ca242,0,11261089,client_a_preview,0,processed,,1780926173035
0xcf5d406d0f15078bd09461d6ff9f1c55b2f261d4a852beef4ac82fa541f5abfe,,,0x8622e3c799870e5a0df1755a19ead3627b4a373f6f552819391efacccd17f843,0,11261127,client_a_preview,0,processed,,1780926184708
0x456127e751c723ae96f2d13468c3933b3de913bcd3a502f1fa61be46d20f5bf6,,,0x4d27113e739da6d9fb84d7c6b0c7f30eb2e68cf3b0693002729d11e870e80ca6,0,11261133,client_a_preview,0,processed,,1780926186533
0xceae48ba561ab258df434a89a9f597cf85b14d82fcfd1075f22a0f4192972194,,,0xd4cc1c77d5cc7341148537c12ec0d93a15aeff2855d815117b2bee651367aa42,0,11261137,client_a_preview,0,processed,,1780926188255
0x7bb6465a6eea5969f9e60b6eb071bab90d7766f97bfef0513a1f2c97cd7cc840,,,0x6e135b53a63cff0f10270b5c2785d186fd52cafc200019d7dc9199858aad463c,0,11261158,client_a_preview,0,processed,,1780926194671
0x8e129ba146afb049f8490dabf337735b42956a364cce08a00755fe866c8e5402,,,0xa2ff4a501b158834e98f2ff4045e342ffe41d5f7e142b3ec01185de8192b1611,0,11261171,client_a_preview,0,processed,,1780926199383
0x299b6ffebb118fa93080847fe923aa89780e55e41d6bbd5a0c8399bd5d3e64f5,,,0x1f250558d0fd7f25b8066a265b7df6ce3f7bfb2c43f81b090b0ad15cddfa4394,0,11261172,client_a_preview,0,processed,,1780926199713
0x9decf155194717fff67341c639141002c2dc244e6c15c2963caac34bd8cbc549,,,0xbf9ca3918e038f5d7e64e2953f39daa4b06895f9fdc7f79d4515b88be6154ea1,0,11261174,client_a_preview,0,processed,,1780926200348
0xed5fde31cd37a5d49bd3d5fee2aa0b6ef08754321af4d2910cd21d088c839998,,,0x307863fe9290cc651a6798b5e252a7608cad20e088edd67af534c34659e0da80,0,11261175,client_a_preview,0,processed,,1780926200790
0x6949e3b2e1a15450f3c81bf16d0d573626d0c30dc83b058d33a64a1de7468f43,,,0x651c6376c28a2f147f04606ef12380d4a204b38aed9d4f40e8cd39e8649f6dc0,0,11261195,client_a_preview,0,processed,,1780926207960
0x5ed80f37076d34a756235655e9724b391e604f75a1d9432940404d7372a28129,,,0x4206b196df64f71ef2b45fcbaa611450fa60585278c368da89999c90f70e4a8f,0,11261209,client_a_preview,0,processed,,1780926211459
0x7b3ac145d958f6d39e83866faef76dbf8f3342affd8a4867d2477a0bc2652ff5,,,0xbdc39b12b6eb5c0436677772e47bbe2e6bcd565ce9cc84c9c57ba0d6859fbe44,0,11261212,client_a_preview,0,processed,,1780926212600
0x2939d7f8db3aa3f03907fecdacb1847aead573b26f51f20f22120bde9180f304,,,0xda7ec2cee501bd286f3a3fedf29210bfce3770368289d6a2e2bb268d6dd90723,0,11261349,client_a_preview,0,processed,,1780926257481
0xa2c1083846eb35182cf5232e75d7bd0671894831e812664e3abd6c08f41a1342,,,0xfd8c2da41ef43f1c8012cd5cc1faa1070562afd212ccc4c22170e0c53db874f1,0,11261386,client_a_preview,0,processed,,1780926269418
0xe560f3f5a4546bdf96bfa32a724fb32e215104cba3737a827cd1c8c4a98b8703,,,0xe0ccbfcfada80b0b7db08591ad367a99d3d115afcc54865be86a48fd6313026e,0,11261419,client_a_preview,0,processed,,1780926279423
0x7e2b3ce91dea379b842e36f8e4bde82ca7e9505433b15832f60c33a8f2cdf263,,,0xbeaf769a16d22852132f37c6a5f423328be8b3151f801f9d3a8a972ca820fb49,0,11261432,client_a_preview,0,processed,,1780926284178
0x8f9518fac4c7afe8316cd388416dfb73ce5d1f8c109bc558a84957dd86476f4c,,,0xd47209c39999717e6814c09023a5fca24f21075d7f5ab38c2dfc5b3f76ac4ee1,0,11261435,client_a_preview,0,processed,,1780926285227
0x298ac08f4a379242b27b878142b3db2b129868f8d10eeba1c66a31a0ad16c38c,,,0x37d5fab4409aff59b08830b2f1f0b9e86629b2f381224199bd18e115e245b90d,0,11261452,client_a_preview,0,processed,,1780926291532
0xc33b0da93317a606d9dba7caee94c7deec64a22ba3c83c26d4de0053bc09660c,,,0xbae1d7bc04dcda9f748d1ac43a793ba23fbf90f88317fae2753b223daf73e4b0,0,11261467,client_a_preview,0,processed,,1780926296493
0xa18c97bed1ffb211a53315998241eeb7946bbe69bfd55a05ae4e3220350d62e0,,,0x9678b70293b7d6b60e186dca3b0c6c1d30f4a9388562445db95b5f385a62fc61,0,11261470,client_a_preview,0,processed,,1780926297559
0xeea0dcf03746707d3c39ea78cf31889d102f3ff2cd179fc329f2ab015ea2e6c0,,,0x1643a396f3b41bc2f999ab7ec86703df2071af41d1f80c125fa5f597bf67c310,0,11261508,client_a_preview,0,processed,,1780926308913
0xf8448eb51b42b08579a4cfe7fc25d410753cc327ff26beb772789244b90420af,,,0xae1817e06106d572f605b7d8a64e92b92de60645b60688c1bba0e0eda902a7a7,0,11261543,client_a_preview,0,processed,,1780926320794
0x1fcfba7ec18e8af693b9685bee175b9d4572429836b7e19161c09abb1a7de007,,,0xb1a4e5c7d793121e05d4266c741db7afaae866c33bcc617d7cd2a811351235e3,0,11261674,client_a_preview,0,processed,,1780926363438
0x0b4d0aaa988f4d802386e088991e0fe391c303010e209f26a00ee4f7c4103c94,,,0x9bf2897b3798567cca2c2d51b95f58bc40045605e0064edafe3a312f808481b8,0,11261688,client_a_preview,0,processed,,1780926368309
0x7aad04c7fbfa5d4d2794002754d504256b3792e20071b6608448bf50d88c1c56,,,0xa0c9b60e493894e6374232fe8f3f4d6248cd7b2dc51781ea6b8a375c2b1b9628,0,11261692,client_a_preview,0,processed,,1780926369405
0x82ce3cd6b3a07395b3a7ee6719b0aa76775e668d4f6d983cb8f245fd3362c5e9,,,0x340de179a8d8d4e0e4f77ee261d4504bbc04d30968b5240ca7ca87a6953ce3f8,0,11261715,client_a_preview,0,processed,,1780926377223
0xe0267910c9f6084041533efc8e7202283df40cfbb991e9cae87d09edbb548a8f,,,0x55dd5e3058a89193d566d711b642a4a56bd6acc1b7bffb8e4238d4432f666ced,0,11261729,client_a_preview,0,processed,,1780926381568
0xefd13afb3e3440896e90974cc2dab94b34680a57d7365e99aa1de9c6cd4e10db,,,0xae9d43d38c365869b80eee5984b9844652365f46c55b783232c8a0ab37f87b96,0,11261733,client_a_preview,0,processed,,1780926382611
0xa0815945c2670a3695d15a9b45984906b3ee4cfdad4918f782e8e721e0ca4b6f,,,0x175bc2e2380373b44d7ef49ec0012edb68ecfa29b2998eb9110263abe525a5f4,0,11261764,client_a_preview,0,processed,,1780926392494
0x08056f4dc706ac66732636512563a3464fe045b17fa0687e9fbc200d3be3a389,,,0x90f05ad0dc8a6e477dc368022e7c1e371d3939e6f5f169f62b6c20e1ee0eaa39,0,11261808,client_a_preview,0,processed,,1780926405670
0x114bf75d907266629e760dc81dec285973b1017dc25365eb6d2f17161386740c,,,0x4ddcb3be78e492abccb197263791df3027584f1fa1e7fa0df9b42e9cc5215f7d,0,11261951,client_a_preview,0,processed,,1780926452566
0x128c6b34f16fe94eb812b0c3d84a8aa5f4e4bb889c0f4d27f3bdb716029fda8e,,,0x786378e61027980bd4363d755f0532dbd29370324b40a7eb8123e8b194a15c74,0,11261954,client_a_preview,0,processed,,1780926453624
0x756d9e02f5169219e14edf29a3f759bfe4930678a464a3979f23b4207c950378,,,0xd154dcb34363084fba0f09eabb90b6799d7f2803baf0cda354f24f3d1c0a8aad,0,11261993,client_a_preview,0,processed,,1780926465743
0xb5020161410d759f94ca39457aed5ddaf881d90e320f767e2e10f9aaa399e01a,,,0x9eeabe8f6f4d38587e1a84395b141de208f261b1a6024d0ba119493416110451,0,11261996,client_a_preview,0,processed,,1780926466944
0xec447d11596872ecb71b872afc1bcee50a2ddb862761dbdf610fb4a8fcb5214b,,,0x437a6b1000f2727c06055107e474a6e7de83ff83abfed62d0030faa06dbd888b,0,11262027,client_a_preview,0,processed,,1780926476809
0xeaef0810bed94e2798be250fc8e83900a3283a6bbbc604e442458451a4053e2c,,,0xd9f561b6f8b6ee9494efb42c51527c818ab43e7c52a813db303de3f2ef59c17f,0,11262073,client_a_preview,0,processed,,1780926491029
0xf934c8f0ff4c70ed7d5a967041310c98e16bca56aad54a818462d9febe5ae1c7,,,0x59ecc69bedeb5a39f8f63f4a2a4e1e0b224fa6e04d1f2e1b5612da864bb395e0,0,11262214,client_a_preview,0,processed,,1780926537157
0xfdc6827beb18e542af28438646c4e48574d427a34c55626ca71a9a2b4874033e,,,0x99a0f1c92ecc1ad00047689af241361c52d9c7bc40c76732702f4d2258f1407a,0,11262217,client_a_preview,0,processed,,1780926538064
0xb1fa6608220fbeb51240193e25a8e2fee1fe698fd4e9c915722a43a3f311694e,,,0x839faf24e0a616684071703c8c0391bc47fbc0b099669b2adf45c0121bd2d6a9,0,11262292,client_a_preview,0,processed,,1780926561682
0x3a0f072372a30af6776e75be0b3656d03846d1fd63ffe81de778d2c827f5c107,,,0x1a2cbe2354c77db0721229d76ef40c8f79835a828daa639577a7291eb30d1140,0,11262332,client_a_preview,0,processed,,1780926573958
0x2b6eb20e0b5d7df279e65a1aa93b6c672099fe9e28cb0c02222b1c5b80d533e2,,,0x3293f34ae47549a3f8110415e98e26eb2d234a92ffe5cb578532f6ec223206ab,0,11262395,client_a_preview,0,processed,,1780926592693
0x67cfe0a30f70457b59430f2496bf8ad18d822db16cb238a720edf3e782e58f67,,,0xf0206df0ca88e715130e7f1f0b78d0c64f4a6f120273d7b35b52b6862764ea86,0,11262433,client_a_preview,0,processed,,1780926605050
0x49ccfa577a720436ad4a127e97607e8385e839a83426a85922458b32ca2591e6,,,0x6b2168406c62ebd3a8d9f7839c7efec706db544cc34849be2706de6d0ef5912c,0,11262445,client_a_preview,0,processed,,1780926608757
0x0a1894c1fa500d4c14d16417864d7e0254bcdbb45b32140ea0626044a15bd9f8,,,0xbb93e0e520a084b55b2d45f7a5b948be54527d36072862cd4b6e48af53657000,0,11262486,client_a_preview,0,processed,,1780926621008
0xef48f3e92166fa87465c92626375654f78a86d4dd27cbd84f7fb608192d23d2b,,,0x6f5e97e65f33f04f8ba4b58bce953b9642074621eb714d9176d947a2e0d7aa0b,0,11262652,client_a_preview,0,processed,,1780926675844
0x9347eb361026cd3de289f62c53890c47929068f15bf5d52d32134db98db06c19,,,0xd96140751b59bf97f7ceda087fbdc508a20c009ec6522c3a835c9342a4e0fa28,0,11262688,client_a_preview,0,processed,,1780926687333
0xc016e02918005e7a1dd38df94adfd04368d580cc5380fdfa69fc2a7c83d47b21,,,0x476957619364c2109323866766eaa171ce67a40aa56dc29cbce1b3960ac269f6,0,11262700,client_a_preview,0,processed,,1780926691332
0xec9a61266b6a3373237fafbe0cf52352fa05b1f469cc4122de9e50ac0b3e15c9,,,0xb5befcb69597aaf8f05ac91096ab6cc35d93f31d64bbf55253f27d955e427a93,0,11262731,client_a_preview,0,processed,,1780926700887
0xd3fcf467be186a8d848f2a80402586dbb9ce6169e8372f1cb21823284d6eae93,,,0x46ad51a8b58927a60b0798c1554eb7a0a7e4272fd9ad9abf1f982fb98afda723,0,11262739,client_a_preview,0,processed,,1780926703767
0xfda3c068b157ab5d6f644666234615cc0b6bf4c6a24f0b48dde885de7c4ea0a7,,,0x5c6158b258677cac15bca04dc5992e579c9ef3522f04a06d30096883f7430a03,0,11262767,client_a_preview,0,processed,,1780926712734
0x295c272afa90d8f5b37fe054f04ddf5804e8de9d39e31a2140201dc9d227a13c,,,0x3c90cf4c17c1812f1dbed022580193e0e558bc099818dc6a1d907c4607bc26ea,0,11262804,client_a_preview,0,processed,,1780926724528
0x7d79869225af9939452cdc34c2014b9dc8331ae28beffd7a7d747242a112691f,,,0x8c79437f8b18c76d808ce99e2532cea91459d8247ccfccf1268e7370c38c9732,0,11262835,client_a_preview,0,processed,,1780926733756
0x170d1fac0a8190aeff42842f8b0b5b209610cf042d920fa76774c8c71d6c2b26,,,0xebc587455264a71bcb8839038ece3d2d315e574f17374b718b7d029721377f4a,0,11262843,client_a_preview,0,processed,,1780926736325
0x43b86bc9a263e54806170aa602abae8c284f0ec922c52702e3f8a4469b2bf709,,,0xe7118740970bc1ec8de52dc5949aef6baf42adea730ae19917b8bf1d1253b440,0,11262849,client_a_preview,0,processed,,1780926737292
0xac982e6079c261b48bd6a43bcffbe5d6e44d8369796fa35eb5e0737998a6e51b,,,0x18ec0daa4d6d4e4d4984bef3ef185c2ef5cdc3171214d748000d8afa27173b3c,0,11262874,client_a_preview,0,processed,,1780926746209
0xc3104463ba23dad46b8923e3449b3dbaf6b8179d5d53a249ee49b2f52074dc9f,,,0x72f5ed2a9ee11d3719eb67dbb4c295074c1f0c7c9d5cc75da39aee9378a474ea,0,11262887,client_a_preview,0,processed,,1780926750792
0x67e7dd53453ad8687322e7e6a973e5021091e31be42c7015deb76f8c39736185,,,0x3541d1074d0808e68e814cb79a9e973ca63acffa8556a1b1a966c31d5cd76d14,0,11262904,client_a_preview,0,processed,,1780926756593
0x9f540571807340181743ddb77b34f6ac945a59d7d6cb5c861316c38a9d9cd29d,,,0x718c1422fc63af03ca7442f6116a29af41cfec431a9a9f7b79bfe372284935dd,0,11262948,client_a_preview,0,processed,,1780926770600
0xf7c3da3cb4f74ad373bac2d3fd0e695d1f800d4ca59a5ba7a6a31ec327a945d1,,,0x204adcc4bd22b79abdc6b9a7d3fa2364e28e9bb249490d5faa717d2eb08fada9,0,11262949,client_a_preview,0,processed,,1780926770981
0xacbd47d00d8874a148867aa42f3e0d44cb48d290be6f611247b4f12a0f5b3ea5,,,0x87f8747cdd702e90cfbc09b4076ec1a4ed75fdadc3720edc9cde90a86cf178cf,0,11262953,client_a_preview,0,processed,,1780926772012
0x3dfa0d4c5aea9374f7ac3805b9057a801949c428875b690bc70591f2180d83cf,,,0xa36df733c28e8c69734a1d86de47ffb9c8a242509fc7e29c5414017df74614bd,0,11262986,client_a_preview,0,processed,,1780926782460
0x46d8fba1af58f18884dd8ff6d226166ce8f4eb7d287ee7fc7e332f78fcbb3371,,,0xbcd71e1918e6b047b734dc350204caa78b1ebf1b536d6f2f783587f2a2b812a8,0,11262997,client_a_preview,0,processed,,1780926786095
0x3ceb0d35aaa32de76b2ca74101ab4f416584750463db04bcdb8f2ed2c3d9944d,,,0x8d957794311d0f78d11554cb7083ab1b94980849898c97d9ba84cd1e344af35c,0,11263000,client_a_preview,0,processed,,1780926787091
0x69e5389f3cdf466c70255f3b08ae865801836c03986f943794d75219fb2939c7,,,0x6b074698f93c8249adc6a305cdd69e8ac45c150bdd32afd5b37fe1854f28a777,0,11263034,client_a_preview,0,processed,,1780926797443
0xefbb2ca095243e5a981ffcaa29d44e7cc9f84c758f57916f51e54cb4cd5b847a,,,0x0a28d33fe0aa5f6563fec5968248761453c854696736798aabdebf1f80fc7590,0,11263063,client_a_preview,0,processed,,1780926807068
0x346d68bebe22ac93e31b08b16612a71839793d52ad1a6b1d6d466d0e3cb50dbd,,,0x262d15d3c2df3463a396dbb7e2cfba1a0347c7e210e8429205589814f7a8c090,0,11263090,client_a_preview,0,processed,,1780926815885
0x0a4d4bf06b4b61a12141a50d911e78ff456e86ee3df7f06a9ad8dd71836b16a6,,,0x70e12619e61c7c8e8230406b8731b94a6d9803e35150ec405011cd83165aa772,0,11263097,client_a_preview,0,processed,,1780926818447
0xa13d29bcf7951b286516c71f0d6a43e6e48f8a8baef4ec6015ca65a9f9bfddf0,,,0x7a2280058a9fc8946f6d13e502014e5b1f2bbe1090c671c11638c40a985277c7,0,11263111,client_a_preview,0,processed,,1780926822499
0x998f54b1e6f09c0ee5475e1d1a3afefc169a87d0155e801594f4afe7448d451b,,,0x3e64f748281196855ceb9481e645d8748a901fb606bf53702c6b349838d346f6,0,11263136,client_a_preview,0,processed,,1780926830521
0x8a7945c964fa7025378e1be3a69e5fc5f1f7694cbb3580dbeb0978ef08af2491,,,0xec16e78a51d5a5dd448bb2605a5aed8fbe6bc0c1489e0b46a67c7b6c9bdbc31c,0,11263143,client_a_preview,0,processed,,1780926832965
0x2db28608e2c9e5ea76f451869636d14939ec760a48eea101af74ae746cb4d90e,,,0x1aa62be229e6f1a82d572f196ef38827e180d879d75a80cae5e393e58bb6c72b,0,11263209,client_a_preview,0,processed,,1780926853735
0x0c8ea93c11e0357df6649236e9241984996e9dc3930e5ee0684a54c4fc3d599b,,,0x19395444554d14fad58d7cb74d8dfeca103410968c5a4b040e6b9eda786ac578,0,11263212,client_a_preview,0,processed,,1780926854795
0xf712e67c9dc693bfc0941003ed14edfbf1327cc1e4fc91dd8eca3ecce7966fdd,,,0x4d25af2548a1392a20d3615a71ae414a87e934942d25933b56d3e942319833f5,0,11263215,client_a_preview,0,processed,,1780926855806
0x56a8cc8b6b77c51251abe33866c535eddfc735ccbff9c9cdf0f83eb65bd56e36,,,0xa9a7fedfd75687e02806c22af1864aaa4327bc05499bf70cba1056d688fa9ec6,0,11263249,client_a_preview,0,processed,,1780926867199
0xa7343712499a46647d8776ed960f0934a3f7c3d11cbeea387ab64a1e96c0bef0,,,0x852cecfc895810edcd034f497126f3bfc9f4942b22bd4aa1953a4f1bf72258cb,0,11263252,client_a_preview,0,processed,,1780926868270
0xf7b075600483bdce1d95ee3daa973725d285d1b3ad11337b2b7a96d30bb7b86c,,,0x31ce571fc7be795c32fdbb7c26bc400b65ae611c1e24cf1948c6d6f6a1c1a4a7,0,11263256,client_a_preview,0,processed,,1780926869372
0xaa3ad270017d3aba275ed8a66bb32524d9ed812b22bae57296c909284307e02f,,,0x1135d119d4c49e745d1f58792f91be7059682344feeb10466e6f892aebc23691,0,11263320,client_a_preview,0,processed,,1780926888663
0x93f1dba41996fa2a19cd1c823526f48d7d977fbe6fd4475ee743130f135a188c,,,0xd1ad3391c214835576e1209cca5f71f40066ad4a238b4f0138c1ab6a4463b3ac,0,11263349,client_a_preview,0,processed,,1780926897323
0x2f4d454d84be2c87ec7ad51933f20285704d241c9710378952807bd6ed2e04a3,,,0xe9a7b8de1847f0526ea03b3c47328d7a03cf9120b024da4e462f5cdd82ac4de0,0,11263358,client_a_preview,0,processed,,1780926900154
0xc53a6b9330cd9e11f309c69d9760b65a2b1f26104306e6f7d6f76373b21d866c,,,0xf05e8c0b4b9db6c276684973efc18a8a34582130397ad4c508027fb69479c3f2,0,11263367,client_a_preview,0,processed,,1780926902685
0xaf480b6b50a99fbe1a85b490844f213c931c6deaeb96f92a6adf253c51b83b88,,,0x9756ba9c1fc5f79fc730f0f4c9e6504d558cb1f21fe66d2d2a56ef39cee1a3c3,0,11263398,client_a_preview,0,processed,,1780926912537
0xef1fd3e14cf1b89c1da7d413260d7ce57f8871fb9645c145f90a20c68abd4e37,,,0x1bd4d3c0dd52641eed3c9f2dd8da9acb96d6715adc6b92463244e26a81e49526,0,11263404,client_a_preview,0,processed,,1780926914286
0x805daab9402a9370b560724c48ac1ada54323e65a9d9d6513d37f0499c0c8bae,,,0x76f32a7813097643ae2ef8a0b67cf5f3483af343b212fbf975b9c646ee8c79ce,0,11263468,client_a_preview,0,processed,,1780926935758
0xcc37ae71f2519361a791f0bbbdc52814c7af7c2a2966074109af43df83d88f94,,,0x9c233cb231b9bd0800032d1c11b76afd3dddcd87844cff8de70ab062ebfb858a,0,11263472,client_a_preview,0,processed,,1780926936837
0x7bb095bc6f8df382e331dd67a0a60f4d1da0c1c6a389c4aa59c15762ca709be2,,,0x54ecb7891771db9ce1e4d06487001d9c999c1541936554d31305c471dea5fb29,0,11263476,client_a_preview,0,processed,,1780926938005
0x64dddab77b3ee2a88b9f9ecf550450fde34d2a8760160c975ffc19ad2eaaa39a,,,0x7c60f2349c47ff957482d004151024431493608aab0d596eac43cab489fc658b,0,11263510,client_a_preview,0,processed,,1780926949099
0x2a396f37b127ac1634067438b0f0a707d43dc2e33edff14ee31b7f7853e007bd,,,0x5cfb1a3294ccf8074143b9e5449db266dfff55c49777fecca752967cdb698579,0,11263514,client_a_preview,0,processed,,1780926950199
0x85a54a20f3e462c16194380e1b8fd4d09e4d80f77caba86225d5fb45e6abee2e,,,0x147b690008210db9a3286ec68c1de891dba7422544f6bb605365b2e1ef633883,0,11263517,client_a_preview,0,processed,,1780926951299
0xfe7fd83da9df0556a8a3907c4cae18f242591f4f3dee950ceaca0b52b28cb3ee,,,0x5e098c751c40769dc0ae258eaa73f6c681c2e7dc37568f4d92a60ffcca38bc4e,0,11263609,client_a_preview,0,processed,,1780926980688
0x96243e5a914aea133a8df9a8869dc40ce9b801f989b259738a41019df8462dc3,,,0xa79cf22fea239d8ff9537d481a7e7f8b7888a31a2e140a1980d29b3d8fa7f45a,0,11263617,client_a_preview,0,processed,,1780926983323
0xec1c737a4a080097ccd22b44b8058f179066281b1670a1b26a76055ac43c9f15,,,0xe70a30b9e4585ab5f885265547e15fbe74f8f33a0e424a73983b663aad9e9278,0,11263654,client_a_preview,0,processed,,1780926995659
0x552254cd27fee09f66ed67c44b3e79541793682f83454eabdadacf5344bc1d0e,,,0x654459cd3367f690f47a78a7354de0ebdb226a03de64d831b251aa57fe0f01ba,0,11263662,client_a_preview,0,processed,,1780926998674
0x8706aae581c64e1313ceeb6b56e47664f729d700e34ffc7faa6a1d1ce1bce10a,,,0x53ba35cdc441a3234217e907a0ca5b3cbb32e7321c293e31f8602826043ca447,0,11263720,client_a_preview,0,processed,,1780927016965
0x3a6ecc788a659bcc3b1f4fc4095fdd47051cbcbdd2bc557f9251ca9c4149ac58,,,0xb1ecd98d042cf748f099495f5c5cfbc987bcb24d9d3675c493b313ceb71e8b49,0,11263724,client_a_preview,0,processed,,1780927018109
0xde96a4721c60386e91ecfef207369e4d372e44beb3e26ab6f7db2d09ecd81c9b,,,0x130b63a800b7b222a2877c118e41936c0aaa07ff083423dcac9c1d4357a3ac83,0,11263727,client_a_preview,0,processed,,1780927019077
0x5d141268724c419dabd39ef93aee8779f141f792dc905e2621a5edb92098eb08,,,0xbae4a3765957fb3c0ddcde2b5b5e2c6731863b7ed59835e412317e7757c74f5b,0,11263745,client_a_preview,0,processed,,1780927024617
0x8784f86a3b425595a98b9b68aaf8857e437d07999cd942032bc3fd14c589ab65,,,0x2bd6de5cd4050230d5f0ed205819dc2d281dddbc7290d1bbcf765543423478f8,0,11263763,client_a_preview,0,processed,,1780927029865
0x6cd3a3f8c2d263e070370aa1301bc1f0c6b4e6c67a0eb523b3c78deb04bb4172,,,0x2559448bde3c2c4f866c2d9bd81eddb95e7f6b39abe0e8cd03a8100962e605b2,0,11263772,client_a_preview,0,processed,,1780927032580
0x9905ec0f0c0595976fceb8ccc2feb06240f1305fc7300b3339b88d25f9d28781,,,0xbbecc05377da04516e0ce7da4f8bad57ea06513ac61a1eda26e673575597b155,0,11263775,client_a_preview,0,processed,,1780927033723
0x581d0f7b1739b7d2a8a02497e4819f0dab2f732a2813b4a3cf0699ac57f3c059,,,0x2be8721b6528bd055e8d30d7874c8236543330822be4af0c80f520f5fbb2198d,0,11263778,client_a_preview,0,processed,,1780927034772
0x6b56e27993da678535f7dd832229bb48f3764febf961971bff2fb8db1a0a5949,,,0xbec9114e0f61f13c19973c7d76b500c444f76ed5c0f1053a4f6ed730aff603c0,0,11263794,client_a_preview,0,processed,,1780927040494
0x13185506d562ca8566f241194c74b0775e7259b6271ffeeb9cd01b4228f76994,,,0x049ca23fe7d3332a99bfa5a6f9a71b6e6521bcb45058ade38073dbce8e3ce946,0,11263815,client_a_preview,0,processed,,1780927046569
0xcb3d2ec0c93a9c4dda7d7057376973147bdb312a626fa38e0969f0b610e77475,,,0xe06818b804668ae4a27749f301d5db8e7dadfa46beddbdb169d3dd47876b2666,0,11263872,client_a_preview,0,processed,,1780927064358
0xa34a7ab49368b217341b8314d8ba8946a1b34f5941e151518ae8a6266a9b5617,,,0x10c74aac93ccff276283326ded156903bd0b4340fab285309ba116a57a1c0a26,0,11263921,client_a_preview,0,processed,,1780927081333
0x0b645981d0163ea68be849f5ac39e878a9a9bbd9a9bfe26f82c444d468d4d05f,,,0x00c3c66b9cae7a6fdb2ad4611179029cca73b9df346b200bc503add4f50e91eb,0,11263979,client_a_preview,0,processed,,1780927099090
0xb1c774cdbd6f1cb3188595046aae7df234f56a6a87dcc5f6aee4d77212994b99,,,0x0d0765eb8086379f6d40fd6bb7352ffdf1c3e41d99801a443c97052ccb4dda77,0,11263982,client_a_preview,0,processed,,1780927100190
0xce8783b3265f4e9c714597446d18ab8c6b4f46ee7b9b3178ce816add81084366,,,0xcce1fdc6590e8ec768f1738bcc7c1bdacc98d745f494e0d8d029050509809d15,0,11263985,client_a_preview,0,processed,,1780927101241
0xb5deb439272daea07d7d0a5e955ad23171e8dc6a3cc80901e1f4c576f4c83380,,,0x56cace5824e0edd54f4d7ce88c6f567947d9c69f4e3d6a9cd8a551a83f56a457,0,11264001,client_a_preview,0,processed,,1780927107328
0xd900e1ee3e0ac6863880864f8cf479a4d970c16a4ab6e532f1bf268887e394c4,,,0xa816042836770deeeb4f3ed99d2afb37f2c50b7ac418b0881f79f4c4850013c5,0,11264018,client_a_preview,0,processed,,1780927112618
0x6db8188af0bd08c2c5ebf626ba136c67d47c3c6ec50db1c1eb3a2deb312c6cea,,,0x24cdd465742529f4b6196dc53dee12a92e01f25fab95d29cb8c40fa527cab361,0,11264027,client_a_preview,0,processed,,1780927115439
0x6014c4b2dcdfa8864db54e27485c0f6dc0989c87f855923bc484381a10074b08,,,0xb23f255574d17d9eb72f2ddce093347d8a90abd6b48a6c301a5a184d9de4e260,0,11264030,client_a_preview,0,processed,,1780927116504
0xa34abb7f385526e5626e7d832860718233b32e4baf40a03e4de01cb65e555f27,,,0xa02ddd0d7a3af8aea628e9adba516a58349ff9eeeb785aa1e0bf1c672df83bb5,0,11264033,client_a_preview,0,processed,,1780927116769
0xcd30e93e2be0dd645650fbd52e515f82fc6a9581fa4f475b9b0101c263fa6c2c,,,0xd4d02009b182287d17f857385ebdc0f229558cf94610b3dd00f7cfce42b9f278,0,11264052,client_a_preview,0,processed,,1780927122359
0x8b24671fe6e55c8d31d4022e2dcd8bf649258f5b6788b2bec2b9430521e892db,,,0xcace74cc489954c6cb4c73f5525c27b79937e2008e7ad3e866c37ed8a2b3cb21,0,11264069,client_a_preview,0,processed,,1780927127860
0xddf69138331d34ab63c6f27d419ce911de54af4a95786d4b6d728058b49ca243,,,0xf8b50923b56b179a3cbdb7899ae9ef2415090f174d75428606d4c5ef4ccc0ecd,0,11264126,client_a_preview,0,processed,,1780927146075
0x6c22ae07b709646330440ab52e2c8e1483cda0b9e9b2bc760f28c4734266f60d,,,0x2a74253360d37b0769f36bd5f432dda75b895322a0195e3070d1176ab7d12d30,0,11264176,client_a_preview,0,processed,,1780927162742
0x5cc8eed7c75b55b6c5ca6e6ba84052ec8f18358070854ca07e09cbab25cc9973,,,0x4da21a70814009480a064ef93077031c93b40b5e7bf52fa0edffb82c754c67c5,0,11264236,client_a_preview,0,processed,,1780927181370
0xbdcbb2cb323bb472e3b4cf36ccd7901de7b319726881dc4e7766974dfad56d1f,,,0x360393dff58373abe92522ec103de09c59fdb57c97c14aaeb102634eeb579e73,0,11264239,client_a_preview,0,processed,,1780927182454
0x9b198679b1915e43b0e630a22942f869f6d69297948692f4cd5422dc36d1dd67,,,0x7375896d428af0904449feb8a362a95982b72439b77f408e635fe494a9eb0790,0,11264242,client_a_preview,0,processed,,1780927183512
0xebc015afcfc5889ac5b6ec22988ae021692e045b92def690c444f12abcd4b2b7,,,0x738f1c5aa12f9f36629446e246650e50ca434672030a02bc7e5aa1857a3c003d,0,11264257,client_a_preview,0,processed,,1780927189235
0x59f16e43779f756afd0404be414c229c70327b2ddb87af3afc937c51ab6ffbdc,,,0xe0c4b6567c87ec7d9ebe01bdbe91f5c45cfaeb1abb45f4ac2e1e2d09c994a979,0,11264274,client_a_preview,0,processed,,1780927194871
0x2b923db734315d9cbce0e208234b034ddcfd0bcf12e6d7a0f823420daa11f3c1,,,0x0b5d1889109a04f5b31a561ca19833c707b8d5f722389604ecd3ff1029b0cf63,0,11264282,client_a_preview,0,processed,,1780927197460
0xbd3d60e975cfbd8bcdcc707ab8797f4ca9316b77bf7c0ae4255aa4b6eba5f9bc,,,0xff7b75b118ad91acff1fd76b5fde7007fb24320de1632d6bd41fb9d5b9304b6e,0,11264285,client_a_preview,0,processed,,1780927198597
0xc6c4d1bf927ae45c04cb63ed0e43b79674672e3880cd41e333a1429dba419bd8,,,0x31e94d1062bcaba9624892db06bd5d16d0f7efb51cec06bdcc0c0f7ec542a5bb,0,11264290,client_a_preview,0,processed,,1780927200528
0xf6389525f35e19db6357835b2e6cd61f0a4b9a3a172614d548e75e0bd9c818e9,,,0xd74ebf49a7e21f778025817cb815707caaa9abaa6db41dd04a3d20990889a339,0,11264309,client_a_preview,0,processed,,1780927204684
0xee98127d58f8099cf546e4500733674ffdbf22c4bb96d59aae126f541b5739cf,,,0x71440f93124b99d179b2c2b379adde27956199882a0654f5a04dbb185c8f7ee5,0,11264329,client_a_preview,0,processed,,1780927210451
0xb302254af5541215043e0a22bc41b9b48913d372d2ebd781c75e664598d1b67a,,,0xe61171c3ece7ad7dfb1e488136be19d62cc76f9308736d2e92ebd631436de037,0,11264501,client_a_preview,0,processed,,1780927266602
0x5121c3abfe0b17d4c1d846c12f95c8a390ee27aa1c2480c0f8f8aeb92f1174d6,,,0xc5c4c714daecc63ed455e6faf4699184a3f64534e97ca84497443cc5b83e661c,0,11264520,client_a_preview,0,processed,,1780927272287
0x759d73c638adf5b4bf82b518aff98552eb05d573b87bedb9a79ddd84ecd4e505,,,0xc7762e6435eeada31dc31433dd654a5e621be985ea73dce7381d88524ef34d62,0,11264537,client_a_preview,0,processed,,1780927277708
0xcc983c63805f62e2e17c065406cb4c31bcf02cf649945577b95a0aab151b4518,,,0x8e52d925bf8ca9d32e121bc15d335f8be180e58466f2d0d0dbf1f6a96d48a01c,0,11264552,client_a_preview,0,processed,,1780927282681
0x41f50a46994052ce1b20e6c71d4ad265c62d07c44ff2faae0cb4eca8dd6a8eb4,,,0x30b5be3d6d57a67991bd97cd7e99ead427d10256b14b1b830b2714a677c69b60,0,11264569,client_a_preview,0,processed,,1780927288452
0xe616b6d4c7d85437068a5df62967963ed714a4e43a4ac8797fc46d811421d3d0,,,0x1719a8af5e811757b1eaee41ffb767cbcf83f208913cc1e5dad83668851b8052,0,11264586,client_a_preview,0,processed,,1780927293557
0x20d2afd872da8f1ef7c6413a625e02cf8b80f0c237e7d4409d206a67f0465dda,,,0x00662cb54f49ae22378af93b37793ad91222f564ea47c19fd6a677265ce66e4a,0,11264767,client_a_preview,0,processed,,1780927351273
0x051a82cb9c717ef209f134c1f067222bd65efe3ff768149db48361e01f7ad136,,,0xe3dcf6519a4f6fbcaa052df83e58466a76bfc4f2a3f5517e733da9c11f1197ee,0,11264784,client_a_preview,0,processed,,1780927356866
0xcb6ee3989e461da871b00b6883f82f4798a7073d60d9ffaf003035a1f8e205b6,,,0x50e5ee29a44b24007aa2f95cc35d6d638e784a43652de9240049d037bf080d13,0,11264806,client_a_preview,0,processed,,1780927363649
0x54f8b605c470f91728723689f782a5623388aabee7cd59e7604a20d4344873e9,,,0xc23d64b27e61be56d3418d3d845ad8098b50d5777e4a3a1b78dc7ef37c3b1690,0,11264832,client_a_preview,0,processed,,1780927372346
0x639f852546390f34615f43abcb0ffc340b5d7923c4916f26fc2a3f17a49bd1ee,,,0xdcda01dba02204b2527ca53dd12809eb34f563c4823ed04208fdf0b2e9bca0c7,0,11264848,client_a_preview,0,processed,,1780927377841
0x0d22f2b4e6fdfb5a8cb03d8e60ef97261eb0d07c19686b63f49ffa319c3be48c,,,0x89d8b338c266995f3a63b55f606e711945cd77356d8be71456787144825fe350,0,11264981,client_a_preview,0,processed,,1780927419985
0xebe7e8ebddcef8f1aedf2212e643d4da66b174bbfb869b3bd10a23c5f840febf,,,0x778d9b375ca46db713f4f191feb25f9eec1c660d4020fd7eccaf027aadfa9bc7,0,11265022,client_a_preview,0,processed,,1780927433317
0x51090961358e756592b4c7857f85758991ab6dc2a96d154b94de6d417fbcaf05,,,0x2e5cbef13be1b81e09971ccc02e38ae1f67636b0211f3bfdda06ea1f08dda70f,0,11265067,client_a_preview,0,processed,,1780927446303
0xfd82a377c8f823d6f4fda8b26ec5732d867df42573c32c184c0f9f203c07778a,,,0x3be2058557b8826a7bcc2f5b4e3070d4c7bfeae3c2cf276b039ca3867d2e7482,0,11265109,client_a_preview,0,processed,,1780927459666
0xe7712b6784dc73aba973bb681623c67b4700226094a57a51381060493eb7a0f3,,,0x9e8e48fb7e8e4fb81fdf391e86f75fbcf8a6748690e585c97edda764cd892d39,0,11265112,client_a_preview,0,processed,,1780927460794
0x5c0ab100ee015c1f064f17578dd917cc3174e02ddbc7bd5645f22e90ff01bbe7,,,0x392209c92cc4e02be2ac6ec175e13ea4664c620358551ea354e44034ae706286,0,11265293,client_a_preview,0,processed,,1780927517182
0xe5e0bba6e9bf9452d3f97a8a1d99badd207d720a3d8ebca8dca427a3a554f79e,,,0x276c66b15c907c3a14415eb400da6f970a12678a69a10e84fd2af80401c92d1c,0,11265332,client_a_preview,0,processed,,1780927528752
0x4e75e47c64eb572c7badfb099723aad52cbd08d1fa869fdbd28ba6c60e194038,,,0x63693472cf441fe16c3374b051f319bea5346a5e8e6db426cfbe68ce28276614,0,11265335,client_a_preview,0,processed,,1780927529377
0x89935f8c5dd53ef4fbfe2a25d47e68ce85f7fee06bc887473be4ca2333cd0ffe,,,0x96fcd8e298d879d47f502c5694c9046e2334394c2bc5ed5607c596b4a5ef4598,0,11265336,client_a_preview,0,processed,,1780927529806
0xc30d2546fbd97524e9f67b15a8cf42ccebb4274b83fe1d954c87f2f8755e5510,,,0x2947a2ffdb1dc94cb68fcfdae2fbeccd36faf60fc4b6dbba8226d7a0fda895b7,0,11265377,client_a_preview,0,processed,,1780927542320
0xd446dde59261a0f78aa81607e9cdf7ad485215872ca7eabc33aa5512425ebfa9,,,0xeb04cf474478ee9b341ac957e1a602c43580416156cc758355e79cbb84b72a46,0,11265380,client_a_preview,0,processed,,1780927543397
0x8425fbc9d1076252b63a988bebea947c9cb679d4ff49474e8fe4358b352aa14e,,,0xd0db78da0b762611deaa7888a16e8300ba8e2bf1269cd569d9fef7cd2afdabf7,0,11265412,client_a_preview,0,processed,,1780927553862
0x6528a5f4df80a7216b0c5264d2b9c13751ab8f9bed93fbcd68a45f394b1ffc7e,,,0xf45d753950a566f8aaaf7a84ba958a0e4634d9f4fe85a2a5cb1622e3844dd7ec,0,11265450,client_a_preview,0,processed,,1780927565940
0xf68dd227cbf39cd7385cd320677979167a4945603b26ef3a4987ec72fd20f2d8,,,0x9daf435fc96231d454bc1d910ef25e6fdc7bfceb08a8b98efe9a7acf599ae5f3,0,11265557,client_a_preview,0,processed,,1780927599887
0x110c7f49b49435db2a4c8a8705d65a52969618509a2c50289ed91689e91c5efa,,,0xddd48b14b72e0d30ffc492f2b168e28030289dc397d584bc676e79f2fa2b7130,0,11265565,client_a_preview,0,processed,,1780927602057
0x02bac58e8e6398e094100ec808a9517e54f9c4f901d921a407786dedd7987d37,,,0x9eb9495f9c703187d479571b5702b71fe828e7bdbfa26823da019e641ebb40aa,0,11265594,client_a_preview,0,processed,,1780927612221
0x241cd72289f944e78eee34005c1c0418a286b2a9da00cfff6d0218c577e418e6,,,0x3ed95ca898c126a14141570153919d1d15468d0511ac8dbf93b537c2a4336a2b,0,11265596,client_a_preview,0,processed,,1780927612990
0x04541938d976ed4fd7be7d6b13f8d79aec3c802b420934f2c3a792d2eaeb7112,,,0x409811ef3a75d905ee8b72c1553365eafd7944bc4281e5c3ca5623057b633511,0,11265597,client_a_preview,0,processed,,1780927613365
0x3be12dcddb5d20adb7ea1269b2a05c52f6bc9884dd56e71e4bd5cad016764819,,,0x52c5ffd88833cca06e64b301705bde68db9a2ec048e4798ca405fc99706dfd50,0,11265604,client_a_preview,0,processed,,1780927614290
0xfa7e4bfe84ce408570e42216ead3caffa8a7ca2fb50273627d0294545d86525c,,,0x8aad38c8f3689c17a8d86c44daec4d68e19f6806f16a92b49818ed2d8fd527cc,0,11265636,client_a_preview,0,processed,,1780927624339
0x3cead68638f31413f76fb95960ff63bbd54701f3eb0613186c37c8aa49618479,,,0x5ba942e1e274ef4eb49c0d803331a077b6bff2817074faf41c508943814002c8,0,11265639,client_a_preview,0,processed,,1780927625519
0x52e4a7b9c7c13915b772fd408f76ef162cc95882427649e7df91f0724c017112,,,0x8c6a39356e465b20a7cba4ec6025ffe6c3ae7554a2e6f77a0ff9c0053abfb328,0,11265676,client_a_preview,0,processed,,1780927637704
0x3b5c691fc3a921527adfa36d3a753f9563d48199496b63c4b50efb70a29ee84f,,,0xa06ead37e347513b4c92f9c227ee5bb3a195791248a0ca71b2e7341b26788125,0,11265702,client_a_preview,0,processed,,1780927645850
0x6a36b6653e4059e2118dc4b576dddbeb872188e68f34eaef81508d8f2cb759d1,,,0x99a155fd02020edf4eb1a8f1d453407357f7526272c992fd34ea23318eb2429b,0,11265710,client_a_preview,0,processed,,1780927648967
0xb238c353930b134c86818b57f0ff567b15a1aef5e3267f6f7749acf1d226fe5a,,,0x58a93f1467c30a20e70d5201464bbf5103cfffb17b806ea5f1b5682a8f3e7a46,0,11265740,client_a_preview,0,processed,,1780927658875
0x7dfea3616199a00b53568b63926bf976f927f16f1bd0c013655305a49f1e956c,,,0x9b3ae4c5efc3f23611f4f93a30e3cbfef261f88f783e0af87c33104bf4748c42,0,11265775,client_a_preview,0,processed,,1780927673616
0x917688cb35bc1142bba3bed739bccc6a71c3b8d338bd20f626fc651ba536fa88,,,0xfebe53858634ff3b6830b79897d244e21de350cb08aa7f576a16ed12c90d3bff,0,11265814,client_a_preview,0,processed,,1780927682537
0x97b1789e5ff0119cf6d930a9d86c7e3a31e2bd6eb0b8474e44e9691c03308457,,,0x1b3a752d778782038ee2cdb280148e3b51b07592f7eed7e7b7391349b432f77a,0,11265824,client_a_preview,0,processed,,1780927685567
0x6af422f4c1544441aeb139e9bf7e784adca585a63a4eb51a2bfbcd1705f74f6a,,,0xcf610e8756b87ff3b4214e08f17fefbed960fc36f9f19e5fb73f7529d576bd4e,0,11265827,client_a_preview,0,processed,,1780927686604
0x3ba4f28a7f1581011e28b625859ef6a73d1fe99b55d505f5999e5d94e120d4cd,,,0xc886753e9adfa26fe9f6a5b43064d83d97ce903af17c01254e7ae375a6c4bef1,0,11265831,client_a_preview,0,processed,,1780927688529
0x82bd95e788f0e18a732acb3178113c4d312ea32f40da7713e476c93f16527b2c,,,0x8c1a909c813ce649b15359da7c04a0a92435e966964239d9d597707c5bdf512d,0,11265850,client_a_preview,0,processed,,1780927693632
0x1fabfe8dc7817bf28c90b62b055c0dcf989a668d2fee094674c60d6c1bb19824,,,0x234ead5b9ed6e324d6dbb29aa98124f76f7ad6d1c50f11f1d482163a4cd4670c,0,11265862,client_a_preview,0,processed,,1780927697547
0xd8f0356c1ad0a2076a3e9563a9d2fab2befb1b287152c2e36c492c90ee59bbf1,,,0x929b3d310f3b73152f1517d4cca4aa42e2e410bec69b7bdbd2bd98a08fee968b,0,11265863,client_a_preview,0,processed,,1780927697954
0x07fdab02c5100a26924d6650a8fb9e7be643106b281316df8e063fa05f6158b6,,,0x357c217d9389dfd16c9ccff227a051ef9f7af5607b52fdc3d58178a9f9cb1610,0,11265865,client_a_preview,0,processed,,1780927698554
0x20521eba7fb607fe0efdef30ae37570a5b50021fcd4fec4a70ca5719befd1535,,,0xdfab4385e13328414be62cfd1922fa365e31cb0c9a94199e4d774896a497349f,0,11265867,client_a_preview,0,processed,,1780927699129
0x9f772b9efbff599c00c06fc32adf65246c49a9d7626e88e0d3a93b4520c56d20,,,0x48f367ad4d2e0070a47f1b443f98dfd70ad545974380baf223ac3a04245661bb,0,11265868,client_a_preview,0,processed,,1780927699696
0x52a6c4832150dfd2656d88fe6925ffaa478c411787eba33c01e56ab14e2b4499,,,0xcf6bdb932af01eb7a1e3d329f59adbcce41fa9cb83489d2390b630aa05c5097d,0,11265885,client_a_preview,0,processed,,1780927704567
0x84c680dba4b4351db0d4e4d32e449081addeae022275f0e3691c56469d9fad98,,,0xb68cd32ee14cfd45dc84cc6b289b3f699069273d5e779d178b9442ac33d9fac7,0,11265900,client_a_preview,0,processed,,1780927709492
0x08792a86dbcca0580d0463dd7a0d7118a3bf780dfc680d9366b33c69ba5d9dd4,,,0x428454a200828762f67978e16368875d284781680664c2492c7fb00476268453,0,11265904,client_a_preview,0,processed,,1780927710575
0x8b7894783d0370257d8608647f5474257594163aceabbf6fb679fe3e7d973bb5,,,0xca01cfa8b12837c4c93761892731d4968f8b4c373fc48ef505e2fd23f41d5ea8,0,11265939,client_a_preview,0,processed,,1780927722091
0xa4df7d77b44a14f1a867eb7ed96abafad0bf28635a1ff481763a55dd45a12627,,,0x3750e3f626cb74645d3586f0514dd41dfb9eb6ae30861c8775ba61ef443e1216,0,11265964,client_a_preview,0,processed,,1780927730167
0x8d32f00e09d750a0a8d0899f87ed3ba49dab6a53384d69a2f04a2c57671215a0,,,0xed496e1c2bdf9239a6840e7ad15cf256492ccab4d6fa74dd7baf8adc86f29edb,0,11265971,client_a_preview,0,processed,,1780927732681
0x77bd6024dcec5cbb2d855b1d9f6a690db1434a27df8c235e79036ac3eec29d58,,,0x8a76c0330845dbed03728222614f638dcb77ae3f876efe35f3f5dfa92d8c84e2,0,11265973,client_a_preview,0,processed,,1780927733229
0x9935e748446825ef4111705d1a37dd9b49ef42d53a849c09c34d3b9c5f7f84df,,,0xf6ce0ad49f68a85af7c66064155e2f5a5674a4acbfe96426aabc50e13a14168c,0,11266000,client_a_preview,0,processed,,1780927741989
0xe59aa9ce2fd93628492d92383a28a9a9a40677c8c1b16c544608ef5ad407fcb3,,,0xdb9ce9a744e1b28affe19e6c39304c216a485864098a05195bf3ad27c2702b73,0,11266009,client_a_preview,0,processed,,1780927745060
0x6d54517c860588fbe2a952ba49eb5a987a2195f8369dd58ad0cedb3f4556da5e,,,0xb8b7d5d6e5d26efbe1a0faff446f291597b18a865ee20bff5ee1279967aa39b0,0,11266085,client_a_preview,0,processed,,1780927768810
0xffd6d58eb6a54638e22c8302a72fda66eea3da8c5bd306018dcdd78810c24000,,,0xf5a54e5d85ebc990c61df596b7c45b6f14170e655c1760574e734cde40d819d0,0,11266089,client_a_preview,0,processed,,1780927769936
0x71d30670050b39beff288e6752c87b83a1bed5c438ed75760e64672b8410b248,,,0x64604bc2fb53a139bf440f70754852632b087fdb2c1e103730d9e720fb171bc5,0,11266092,client_a_preview,0,processed,,1780927770991
0x793ef0f115e87264ffb61866daf5e56d9c195f09b9ff86a1c0ce66738a2b4f78,,,0xb07a75d5088714125fd34b8264669cbbe757b2e382da898f33ffeb8c573c8b14,0,11266109,client_a_preview,0,processed,,1780927776662
0x170c21f916c868d8b05321d565c3634bceb4ac568c74620def049db97ce7cd0e,,,0x1691be4a0d262b83ab9a6034feb4426e8fa65d1cc5eec85ff989fd1c94e7ccf8,0,11266122,client_a_preview,0,processed,,1780927786131
0x7e0b4cd304e47d94093dded046d311a66a0bc491478518f79ee33abbc52ee811,,,0xbae8bd8838be17f70a73c55baee5cc40fe154c06bcad01a10cdf9e82ff62816d,0,11266125,client_a_preview,0,processed,,1780927786367
0x4e1ae9b2f25afd2c054b0e01aecc69b77c40e33ab4f838816cec715e2b60202e,,,0xf601bcec9e939205b055f1edc8261c3834b64b54a02d38f45782b9981c2d6882,0,11266126,client_a_preview,0,processed,,1780927786606
0xb3fd87c47db5f5b518ef3537e09cb096ca044020613bb181977f0520cce657fe,,,0xa02bf7fc0e71fb84d7da57b776f33e374979163117a04bd4ab95080c7313e8be,0,11266128,client_a_preview,0,processed,,1780927786842
0x6fccd30b4f0ea0b5bf593f38aa533494184425f475a7c4abb531ec1e7945c10c,,,0xef351f28aa154c087a5d250296b5c647b3c9bb192b25c08d95c8d237f4699d14,0,11266129,client_a_preview,0,processed,,1780927787081
0x7b6f751f99af3443e19957096a7dc191cb7ff1ce348caede01d315ec8bedb794,,,0x27e2957ae68d576714431408756ff12ad727190efe3a0c9ac4aeb4ed47ff5f2f,0,11266145,client_a_preview,0,processed,,1780927788473
0xc13eed006d3b66688bc8bf37a4cb32d5a8d2b1a71d65f813f74a2599422569a7,,,0x05caacc4a039b967811f48b8adf6afb2c01a13a30045ee6a613055f39f8746e6,0,11266158,client_a_preview,0,processed,,1780927792024
0x72e8b978ea2cb647cafdeb2f0bd8dcce4110408e2c1d6d9b03165c074926ba72,,,0x7e7c4b5f6509369b73a35b9f5ea24c025402f4b56504920848b6cb5be14c7f29,0,11266162,client_a_preview,0,processed,,1780927793109
0xf3b9468533040a7249f881891c8c0bac8ec5e3fa2e78e30bce473bd7ce4c52a0,,,0x01d978ae5ce8ad3dc91b16b94976e42352a3ec13ffd4618d7c7ce9ca89747e57,0,11266200,client_a_preview,0,processed,,1780927806071
0x5edd44954ad7c659c6087d5800dcb9ecc904877adf9ed3c1124776189b914769,,,0x572b35ea9f58a09f063fb9864ca4ceea16c992d9eb42661e62360fafd30ba028,0,11266228,client_a_preview,0,processed,,1780927815298
0xd4235e7eb7bffacd39afc6324a1e1f134cae799f844f9cec549cb50388b46a54,,,0xbeac521da8081576a9fe30d23188ee39b8e65b097785be9b258715794168dcbc,0,11266234,client_a_preview,0,processed,,1780927816903
0x7889074d8a93e2082250293fc412afdaa30f0624c3225fad1003fcf64f3bc448,,,0xa9dbb39a30a14ea393c02620b1c33d43c2d163f4e237888c27a1f9f3d2794463,0,11266236,client_a_preview,0,processed,,1780927817859
0x1888ac94163183c3996bd4f1696eec4193ed47b457267598df526138f96a02a5,,,0xabaa849b32a79f9064b758fd1bd33a3598c610043bea4d4460c7bfc7f443bb45,0,11266260,client_a_preview,0,processed,,1780927825665
0x4bc3d08cc5212d1107fea5fc679ad3293ec5a98e04e52469a3bb8f16f3deaef8,,,0x23ba04d2d0e8c2c9d7e0c6a99cd341363468855836a27b64fb52205a67ca22b6,0,11266267,client_a_preview,0,processed,,1780927828172
0xa5a24b726f5b549838e9e4f24e62c522560e2f9ebaf7604ecbc5c35c91d40e1a,,,0x6dcddea2d2a4dedb5261fcd10997c8f4aefbd7ab279a0e62c9680eb24c8266f4,0,11266302,client_a_preview,0,processed,,1780927839068
0xede9173078404a05a4cc59941d3340aab88905bbe47c6cebaffc601fb6be62c7,,,0xc60be216a66bb05fddbe611aec27de30429b97f979284045e0c29dc7af8e2926,0,11266334,client_a_preview,0,processed,,1780927848615
0x19e6569ba62819bd090645c886cb75b7aebd936cde5d184539ab4a5a604fa7f4,,,0x6c3a372f9407c9dc82dda0c8a52329db07165d73d00cea07a7a09cde60e06121,0,11266350,client_a_preview,0,processed,,1780927853542
0xe3a97fc74d5f8a52837cb40346c9040c43b1b30dee41407ab0e57275a78c093d,,,0x42d751fcb87e52afbc9c2edc99d3111fe6c3ff556a0e79871fc4daf6c2a632d4,0,11266353,client_a_preview,0,processed,,1780927854690
0xfc562a5df208d526a58c3dfd6a8a8e8f0a899c14f80aef6c99dcbebdac23cd36,,,0x9496adb7f474739d56cd8fa500db4dc15eb642d3e7ef224b7b3e7b92446bba73,0,11266356,client_a_preview,0,processed,,1780927855813
0x02de969649c33a24d1b694760a72cc0e10db3118bc9d11a2ced80c7563b67e08,,,0xb60dba369b9272b47f88020319d363cc3bb35c6f8bf73b5e74c93fda688fc3fe,0,11266374,client_a_preview,0,processed,,1780927861788
0x06a531a6a71942957009be740fe0393b0c587d836ffa08c52ffe16c66b248430,,,0xa6ae36da6827f6009b6ee5a83340277d405cb3f8a105707f7eaee5daceb5580b,0,11266379,client_a_preview,0,processed,,1780927863474
0xd88cde497e895454b09e2815e2c7598a88c10715d2fe2c409745322769c74f9c,,,0x49918f256fa08cf9809b20092d44ca7ea9da3b0474516c8f9edb468c426e3021,0,11266382,client_a_preview,0,processed,,1780927864557
0xd666f30100ca2865c8e2203d71f96e723602580ee29e857ca6a0d6f9266ee473,,,0xc96a6fd2979f4d39609d1bba98d19cab73195a20a7673473e2a2f2a2786e5671,0,11266385,client_a_preview,0,processed,,1780927865731
0xc2832fdcd8d256d06004e78911eb2ae0d4ef67aea2798ee2e88e1754603a6402,,,0xbc00f68fb414dcd611c1af36d45d460e953f296bfd17cf0280f697b9532f4e09,0,11266386,client_a_preview,0,processed,,1780927866066
0x916f301f6b6a2f9072c00d905c0bfc1ba9017be4c366ea6bd7868b42957db5bd,,,0xf1a8e9a6685f4d01ad6059f67fc8f20dcd26c1c88e243cc685df55154c2cbf29,0,11266390,client_a_preview,0,processed,,1780927867133
0x1c2f36304214eac790eb3fbf085bb07d31c3da158196750954ff4122f683febb,,,0x3917213150216e87bf84dbea2276e8209f3250b0a8a962e441cd1b80b8b3b655,0,11266406,client_a_preview,0,processed,,1780927871986
0x273b01b19c6a505d02455b5f047fec00bf1f09d01ead6a7e4f92216740618dfa,,,0x1695a5ec27699a647e9d2568bd940b9f58e1e8548fa2dde4ba8f2d8bebac3bbc,0,11266419,client_a_preview,0,processed,,1780927876389
0x5145cd23cbd3982d14975faf1490d934f6f1e5c1609ae88a6a6c8febf65d48a7,,,0xea7a11092b5a1d5ef6b6e7818bab0e94478619281f891051727dc3dd466317f3,0,11266422,client_a_preview,0,processed,,1780927876635
0xfc1b1efffa5f512148d2c417fc7509837ece0695933f665e34acabb8b22db07a,,,0xaba9dcd7685428b2630e4cf7ae51b1138e065ffc5ab4b55c1c6abf7d85df22b2,0,11266462,client_a_preview,0,processed,,1780927890292
0xe2ea088f72f67a9e2207e2f210a765efd16ad3bfc39e1408c6078b9b43913afc,,,0x0cccba1a2945403ac3964bfca69c8023ea6e3b9eb0cad02869f2423f0005af16,0,11266491,client_a_preview,0,processed,,1780927899386
0xdcc4c51070c33e1878dfc4d17ab0e353abe3650ee90c63e6177834346a39b7ac,,,0x0c882c9ad2bc6c14e3dbf3d1a5230eb30d15421ce21197cc7c0a8a18212185fa,0,11266493,client_a_preview,0,processed,,1780927899961
0x99eb8e95fe0c4db8b91b05b65a3ea84e59a1e0e3874e26b2dd52422874b71547,,,0x3293a8ad705e25d881b9fbae2155d040530908876e55cde0bdf9461a80343dc0,0,11266500,client_a_preview,0,processed,,1780927902069
0xbd8ae9b0a9cfdabce0d876ba18c7535f81d380bc5d0eb90d449f97216c31a4a4,,,0xf367e5a85d70c5399ae2fa6f5f9944581ac1ead2fde9a346144c5de7859b779d,0,11266521,client_a_preview,0,processed,,1780927909311
0xb6ca56ae9ffac9e8c589ef84cf850e44e1b738de6304234963b6533c9ebc1044,,,0x06ce0887746c74a8c6efb0325f4ae49ad26a9e30a8589f30d3f649a1c8d2c57d,0,11266528,client_a_preview,0,processed,,1780927911874
0xc384e94f02983113714f5538910c1f56ec86be453e00b379f59cc4c9f8df0f2f,,,0x86fc671bacfc8f540247c544526bc403985b639f9a00df3a335896e218022e6d,0,11266566,client_a_preview,0,processed,,1780927923965
0xe036071f13f3de98e51d76783304d1a4c50edd30723e9c19553f71ead794b957,,,0x585bb060a3c4200f105f8262fd7848c1a92b933865eb085a683a135405acdbad,0,11266596,client_a_preview,0,processed,,1780927933596
0x0a70e731c3469d309291a940f8c349d0b2dd6e6619a43cef97168399aaf107ca,,,0xd79dc2b9ead127008694b149156e6ec6cb4829b656faa8890c9b63e519c2ec07,0,11266612,client_a_preview,0,processed,,1780927937856
0x17bdc3ab210f1767e6f15d337fb27bbb5a398d7a1820eeb048e3873b771bb697,,,0x4d6e4aa96980603dd57c10745879dcc2858f6b53a172f00362acf93103a04dba,0,11266616,client_a_preview,0,processed,,1780927939052
0x5bb171f0742f05485c93789cb830d9785a16e2139d14362c32a24104c6ca6d77,,,0xf82131a338cef2dbe1922326b47cee93297982be6a892330365b8c4302fdb358,0,11266619,client_a_preview,0,processed,,1780927940080
0x2327dd5bda56c7b716cd3de68daf60e4a6f99b3a9db6a7df2d0166eafa9c4d0e,,,0x302d28b85bc61fbf9914a1fb3eea9aba0a6399a4d11d6969eeadd36eaa9504d1,0,11266635,client_a_preview,0,processed,,1780927945889
0x40a02470d73744a16a48f5f9111641faee37a5a38080554f520e5060ab4d5b6c,,,0xe160d6d5e851b9d1568cd516cca94d71ec5965ba8ebd5883643f30e84dbcf9fa,0,11266641,client_a_preview,0,processed,,1780927948021
0x332f1aff7739886e212698207777733dbe8ccc250936b41176e8e975585aaf50,,,0xdab607b6af5b24211022a98fd65c05396a35ba78245751d341a255cfcfc24b46,0,11266644,client_a_preview,0,processed,,1780927949107
0xc2b40f7841ec9175807733d90de097cddc8b1ac31902ecec6cbdf2c5327def25,,,0x5ec411c8d422ece48c473b3012eb6f7167ff8a39f9a52eb3507afbaa8354213e,0,11266648,client_a_preview,0,processed,,1780927950200
0xda9f83a0754c7da9886b041220045054ade5dae8bbdfbd153c427f9b599107ad,,,0x11ec237d90369e3284832bfe68f63d30572401392adb35999cf4cc7a34980d6f,0,11266650,client_a_preview,0,processed,,1780927950780
0x51e6cec2db8bbb7e0a872a0c4f0a64fc9894e6d0a3293a646b69045fd4805db3,,,0xe3b7b6a4ddb8aec5d49991e468708c36484a25572ed9cc1a55226d4bfd52a61b,0,11266653,client_a_preview,0,processed,,1780927951876
0x137f0e2c866bc4a62a2490390f8ca2ae1cb90977c990ec13e7bc5aee4b30e455,,,0x93a2336cb6202e4ca00696b40929ffc02766647854151c2317f45ade3ac3d38f,0,11266664,client_a_preview,0,processed,,1780927955830
0x93ff778df4bddd7a24e0985c717d9ede746cca0d3021628bba17f6cd5facb7e6,,,0xbd488b378974d33bccbea4440f097ff4ddd23b603da7e99d53361fcababa71a6,0,11266678,client_a_preview,0,processed,,1780927960272
0x0d60a19ebdeb0639a5de92327b18ed42a469175cda494353986133dcccbe6ce3,,,0xe18e7ad7bbfd13a761e2458e0c05796e46cb6b5a2d1ae3458b3e60b867fe1cc0,0,11266682,client_a_preview,0,processed,,1780927961454
0xbb6a39cdb2f59b8c112a435a121cf72681828da16164f9fd908ae6ca4e9d53a0,,,0x9386c1b5c86bb52292d1b4cb3b5e862fa6a49d6d2775b8c1e80054a7704e381c,0,11266722,client_a_preview,0,processed,,1780927974501
0x12938d7d6a21d3c3715c9c7924e51d81bdad753a54d18a58f9b65380f3d5183c,,,0xfb79252a05ec1bb60a97af4a47659c2525e0a4ce66c207c790304985d879cdb7,0,11266751,client_a_preview,0,processed,,1780927983494
0x5095985f93ee95c9eb64109e43fd43841904a90be883191412ad43a31497ce49,,,0xa2d3d9b884187693d43635cafaded263a9518b90cbc3cc8416903928942d9522,0,11266753,client_a_preview,0,processed,,1780927983947
0x72c5118c102c696cb669924b85d762bdc89ab3c7a7514d8e7fbe2ab1911676a9,,,0x05bda706d21547c7793cc75c77fce461b10d13a68f7b16c34669ed3685f0ec43,0,11266758,client_a_preview,0,processed,,1780927986009
0xca1e787a922cb26113a6386175af1b47bea544bed1a93577c5d1a21ba4c9f515,,,0xc01a977e4838529df04813f5e9d272e830c2d6f540adaedc4bc84aef8ef2e46b,0,11266784,client_a_preview,0,processed,,1780927993467
0x9601019fbd7d16b212a243394df3e52333923616f0936bbe8f6790e7179a7631,,,0xc68e4ab835f3119a864832891594970fa268520a04109048f973b757e48a4d0c,0,11266793,client_a_preview,0,processed,,1780927996558
0x69a8358fd74d97654f1be341d282690789605bf4b2ecd4e7553e1181a546623b,,,0xe70dd1975ad30ff1ac19961f58807d926c2414c7114fa1d3f95fc081e8768a3c,0,11266825,client_a_preview,0,processed,,1780928007053
0x155023bbfd1ea7e595555025bfbf5368d39bba8acea9a994debaed56e50e3cc5,,,0x85967f4679a86792fd99777408bc78b426028bfbe66e3537a1f475c18ac3f6a6,0,11266857,client_a_preview,0,processed,,1780928017366
0x5410f5ea8d332b02f43525d5b240f7cd58092430f11f693c8ede429f6fd1f929,,,0x3b4c6540f82092f068ba8a94639cef194411daa233925403fdbcdf514c0c62b3,0,11266877,client_a_preview,0,processed,,1780928022841
0x50357d649b14d41f0179d34ad79e3a34bf00b2b146997f19e8a1a7ea662bafc6,,,0x5247d061b3c669b24d4a382594b4be625fa393534777414d80e2ae6d85b468dd,0,11266894,client_a_preview,0,processed,,1780928029058
0xe00005bf1761307cec43f4ba08a578a3fdb1e1a014f6d0029142f4b81ba53a6e,,,0x7b73a210c64daa6033942068a52aa7db8ce0f6f1a96461719e007a6b62b5fc22,0,11266908,client_a_preview,0,processed,,1780928033630
0xdd517ea84a1806f34f64ca666b3ae31b2f79c8563204734bd2dcd665d4f9edbd,,,0x16c95b2e1e8f729c276dccafd642a590e640e2ee52666e78c9be4b26b1958504,0,11266910,client_a_preview,0,processed,,1780928034272
0x0f17ce64283a69260f2f110206328d5864664efab76fc10da6e7f1a63843dbf1,,,0x6d9c1d52e54fd9d80d3c8b41890168f60bccc80990e320aa8411ef9e9b44e359,0,11266911,client_a_preview,0,processed,,1780928034814
0x79af838e740ffb2048fdc795adec9fcb122b6cf7b0f346c16f66a8983b05f35a,,,0xdf72a79e06a7fb0a760c42b9e4d357d864af50b5c8c9f978b4a919eb7adeaf14,0,11266926,client_a_preview,0,processed,,1780928040329
0x64c08c85df721ac6d858760405f2e5e8383667cc31a9269758594467ee2c1e7f,,,0x4bfabc86a82b7eb5a12dd05a7b166adc74a05d71f959c5058738071066414c76,0,11266938,client_a_preview,0,processed,,1780928044278
0x36ad4608f970203bc47c00bf6701b86f29e1c2aec06c6b4769a250b339db6bed,,,0xbc290fe9835f17287ef51ee2fd9477aaf030dfb912c2c979c30c52786ff1aaf6,0,11266941,client_a_preview,0,processed,,1780928045348
0x2aaffcfa93f2db286601e2095ac058e338b0c3e82799f88efe4f85e0b7ab24d7,,,0x3af3c7fd77be79bcec9c9fd91df10cb2f6cbec8acb9a8128955c88be2bec220a,0,11266982,client_a_preview,0,processed,,1780928057896
0x641a33561f920ac6aab843ce1e534f0452880d2485fa33d7ac2a69f21832cf21,,,0xb85ec862f5091214c5cfd1dad4aad22411227c0628f9184b80a40331700879a5,0,11267009,client_a_preview,0,processed,,1780928066817
0x4fd66614924d3228ea5e23f2feed223e9c31cc1ba7aa49bcf242a11308fe3a0c,,,0x597c10ee41ebbe9bc49acdb457e2cd3e07c0507e5a1816bd703b860c5fe84575,0,11267014,client_a_preview,0,processed,,1780928068352
0x777220f0bb65975532446a10487989f491cc356a441b5de9eec8e1d4f88a8f63,,,0x0478411e8462a4dd2d559f7895e4e10d119b056eebc3ae7547b605f9837433b2,0,11267041,client_a_preview,0,processed,,1780928077977
0x68b01e645d1fee54c586513b6434d40839aed853d386d00736804a22e48cc6ca,,,0x6f2f3d2d51555c31a9226c286a668aa13b2f9c25b2e3b8504a24f53c9d7b0415,0,11267081,client_a_preview,0,processed,,1780928090004
0x97dd78b9ba3f7faf7b6b1ddf58bdca5fecd86ec641083d49da3ea06a89e8aec8,,,0xd36ea4a09cf959d029e855f0f35b398297c1dec8d79148aa3cd2b8686b979327,0,11267115,client_a_preview,0,processed,,1780928100525
0x42ccfe8c4a87b9298bdc76a8728e2d1224d3dc5b9d48afd9295ad40534b75af5,,,0x6af84c1cfb069f81f3fbc2ccf88d23f87f86648b102ca4a0d08add60d98c63bf,0,11267134,client_a_preview,0,processed,,1780928106728
0xd27ccba4e40a54a492616ff1e1ef3bba8990fafb2ebc4caf7a352abc85bb5aa9,,,0x9e2e42f7a70c4e68c1abff1c665f8ef4951e58b2a17c9bda00e6913ab2c3db83,0,11267156,client_a_preview,0,processed,,1780928112198
0x379936b60a90b7078f122ca887fd5f00ba2699e25daae0138e2428190a81bd66,,,0xaf021dc7a4a639b4b26c77e2b230757b67e230f4ceba6b391e890822aab195f2,0,11267168,client_a_preview,0,processed,,1780928116652
0x39d0f8f5dab693bd080c623571f42efce85d5416d7b72c05cbc8b11c8667b002,,,0x07fa4fb2ffcc029f1c070899a84b40af57a2818da2b5f60ae6455a89b57130ce,0,11267170,client_a_preview,0,processed,,1780928117288
0xf1a4919fafa4587f12d46647e3ee298e5511b534bb28a9c7706087c196aa69eb,,,0xd2e06dd5f1482220fb058389809bfb239245ade0c1ad0ccd62fabff4aada2d50,0,11267171,client_a_preview,0,processed,,1780928117791
0xbceeaea5a45ebe5a96f7150a3de650228bb9d2315ea6dafe5a62feed2c79038d,,,0xf8b9433dcd2849d0649aea082237560a978f053a3dc3bdda379721922b002854,0,11267187,client_a_preview,0,processed,,1780928123280
0x1d6a290cfb16210585717f0b78efba1d421f3ca981c37aa1c2545d8b0c7053e1,,,0xdafca305ee86dcdec85a6886772a6effdbc100dfaa08901e6b4e05262b7a8030,0,11267199,client_a_preview,0,processed,,1780928127680
0x91ffd2477d8e1701c9331c50072491d763eb7487c563e7c08170d37354017ae8,,,0x7e251d851a451c2576b2e5dd6371c2150f700fdda9f74bdc08ef7aa70aac8efc,0,11267202,client_a_preview,0,processed,,1780928128802
0x301fa45c8e97fd27c7da4f978616bb40617d31945beab14b90710c82fbcc79f9,,,0xa13198d9731498f95084025176d29835fccfa6395765b9d1fd857da9889f670f,0,11267271,client_a_preview,0,processed,,1780928149603
0x6698dd8a740e5a7c304cdd9c471ecc14e3d8799d91c9120c3120a90e258e1e85,,,0x67869a83f281f41e8d1667e627e8e269a01c986049b727723bdce0a86ca3ba76,0,11267303,client_a_preview,0,processed,,1780928167996
0xbb21c7f9757feb6383ff14e188355fe0d04f6326bdb1b41614a1fd9128502786,,,0x6b0a0a4f05efbb9d29e17d230515515cbd0af882bd3241a6a7fb3ee005bc06e3,0,11267350,client_a_preview,0,processed,,1780928173488
0xe3c0372cbd03609498b6e62afa522add6b27ccccef42ba26bfe2e7c29aa82933,,,0x39640d496122b1fef4182526199972bce5fcbdc516f69b2121c5d53147cea3a1,0,11267378,client_a_preview,0,processed,,1780928182827
0x2629506023f3475ba84c109c9309a450b80d77a077dd1d4d6151cefe0a10a020,,,0xb9ea5e77f35764a92776121916665a7aa1b3c631ecfcbc198a96483efad75854,0,11267401,client_a_preview,0,processed,,1780928190262
0xb084c1e04e74385b2f69eaf91bef14816a44616042729f53824c1135e0ab6e20,,,0xefb4ffd8316a2cf05f425e180828ae39697060e6b7e25721948643d0d021cf94,0,11267417,client_a_preview,0,processed,,1780928196017
0x932d356f49fb80be334be62649ee9a67d598f27b7a98ba6fe4ed25f5e86c31db,,,0x6b45e0fad3ad5bf942f8a6bbcde0409ce6bac6a957c1ac7ddb08b9ee766d0501,0,11267429,client_a_preview,0,processed,,1780928198926
0x03a82a7c70b6933b17eaebb64d8d32a39b7be02e88f520eca1f931bbb359c8d6,,,0xad3043b7697e98b8f1cd29a5c9b7bc9956e1ca893634735e501b7d61fdaa6126,0,11267432,client_a_preview,0,processed,,1780928199685
0x8d0ae3eeefd6aa5fbb6b356f400ed0d977900c27b3d982676412e71fda7dbc29,,,0x98408c59b0d2b1e712f07c127526fe4795013e4f6ef12e584e0c09f728e2c96a,0,11267436,client_a_preview,0,processed,,1780928200731
0xc2f17625388604e9e673bce0a0fedb72fd5da020a9ad43effd2aaae5f12fdff1,,,0x08ebd19b2ea99ccc97ae825cebb64ddb001a2a5c544b450d1ce7ac75eb406950,0,11267447,client_a_preview,0,processed,,1780928204795
0x3f7d6929ed12cf164039e9b7baca5aff48257aa28db0332e9261eb194f8cc978,,,0x072e43b185e405553663e492da96e44009c5c37d8d40c576472b09fc5f29655b,0,11267459,client_a_preview,0,processed,,1780928209238
0x8562185112001ac602dc6632d9f828b280df82cfdb5bb8bc2ee8e4e640fbbdb2,,,0x1df42932909ac4cb27a178b604302ebdf137d6342600933a3fbbdb589f31ef95,0,11267462,client_a_preview,0,processed,,1780928210317
0x001e630cf05f18e3b9f931113c3600786e9619aa5c94bc98885b04d918446c64,,,0x665ac91efabb9439fc562297e1a8a2a6b19936c5ca523d7b0ee6fc3158759503,0,11267612,client_a_preview,0,processed,,1780928257523
0x75f56b213ed0bf34931c28edb45386e7eace4e55330bd2f29b11f5765919e2cc,,,0xf92617cf94ea72a9216dacd28a6970dac7b06b80928e646fffbb3a485e048f99,0,11267638,client_a_preview,0,processed,,1780928266278
0x8db6c757d69927e89f0c71b4f08904771ff4e19ca173355911f26a44d614bba2,,,0xcc549fd18ad166d0738986eb164645af29eb6346ecc3742b449daa3b376b5707,0,11267665,client_a_preview,0,processed,,1780928275729
0x058d031bb1b2f1671fd4d84548a60a0c47e840cd9b1024aa76856f7b246e3e59,,,0x54d5a2bd4c784f1e575e6f33a29aa93705c358aa5a53b40f6969baab298b3ad4,0,11267683,client_a_preview,0,processed,,1780928281455
0x852f84c326b8870be2b858b9391935bd2d255f39d09214d897674acf95cf2be6,,,0xe5c2d23ea5fbf3efcd09bc8d8b1adff85af9eded8c00ef2c8a972821355d618a,0,11267688,client_a_preview,0,processed,,1780928283448
0x5eaf82c4d9a601f9e25e60d157527b182711faa232b78b031f2b58068f90f6c9,,,0x3b9043673e168e350cbd6850a0dfc0a7fdc33273b31ba319aeb1540e47ab241f,0,11267696,client_a_preview,0,processed,,1780928285565
0xb9c31b616112bbb748d220e24615a477462dd4723c40498ccaafcdb0d682ac19,,,0x5f781018844dbf1a667f7958476268ac0cb625b1eb7e6e1e408b3756e9336184,0,11267699,client_a_preview,0,processed,,1780928286730
0x7784917a08e2cff996a9ffa72c9ab0c3b18a52478a8e5f3eea4e2496dfdaee21,,,0xfff3634f45a9e5533670c0ce1f65869b8231ed385899cbfee0ebcb399dae4fd5,0,11267705,client_a_preview,0,processed,,1780928288358
0x378d24f10a27308eea5ccb8baabe025b626970501e8653bcbd6c9c3326fb09b0,,,0x257defae5867e852670398501b4ccc01ec98887968a6a0188128905c9bd9410b,0,11267719,client_a_preview,0,processed,,1780928292821
0x9749efdedcbf2c691366732114e318c26eecd18b96e72813f108d7753e4ac873,,,0x9859544d38f67d99b366d4456ca9df5dad8e75135f8b7a1eb77d56b943284659,0,11267724,client_a_preview,0,processed,,1780928294145
0xaca8756d76dd1eb56afdfcf5a980a7782843cbea865e7f7821e1083e35050be9,,,0x484a2f760bb166cbd082d22e937cca8de70e83495075b8db21fde726cbab46dc,0,11267932,client_a_preview,0,processed,,1780928359505
0xd33343b24e29fcacc55debdc73572c0de81d7b6493762659b4209789f53e6b21,,,0xf519bdd3c76f83e4434b5b74aecb0c9d1720bab11d1bc040a3b884ac382bce1f,0,11267948,client_a_preview,0,processed,,1780928365160
0x819bc68fc27872695fe229d96a1f6e3d64fbca7fc73104210c400ae0047c2f20,,,0xb60ad854706494fe3984bd31edf2e2d44b08ac4642fab6c16274875b7679ab72,0,11267953,client_a_preview,0,processed,,1780928366783
0xd87999068390cf45ae68b2b7b8021ab43b815acd989b736d46d9a4fc8d4802e5,,,0x067be02002d6f631b9835aadd6b347057e260a3e6f43c1d7c73d25e8acb0986d,0,11267960,client_a_preview,0,processed,,1780928369606
0x10e334a52cb7269c2ac30200f454699e25112d460171806dc45a0c460c35a0e2,,,0xb0c93f1fdb530c968b890d5763f7256e6a4ae652d7ad7801d3d359ba49c2d828,0,11267964,client_a_preview,0,processed,,1780928370795
0xfc8e03d6735126d911dff7c7453e053a504da1533a773e60e0c716c2ad0c0e00,,,0x5b32668f80560ee9f908067ca35a666384ae31f97ea8a707ee9671be9fefbb97,0,11267969,client_a_preview,0,processed,,1780928372411
0xa9f8d3b40b83f112be6a30eefdf9dbc13d73ed3277ec199063393e9da4aac13f,,,0xe0df95e419bc26e466c4f880b91f0204fe3b6e3555bd453df01cef750b75689d,0,11267982,client_a_preview,0,processed,,1780928375895
0x653d50a1a78c2e154a197de67042fbeb75fe1683adad050c2de81e0811cefdaa,,,0x0e450e63455624409aca272fc4f715be503b16a520e5e4f01e7a4c811602494b,0,11267985,client_a_preview,0,processed,,1780928377045
0x80aa7c59194c64eafc63a14bd17bbbcc33a619d8a9a52a4c8115ee7e1493f5da,,,0xf7fdbcd99ad259d27c30a5a41eab92fe49ec58e83c75b9522d203d72dd3df03d,0,11268206,client_a_preview,0,processed,,1780928447551
0x6601ef5328a272e7d5cd77dd209a629f3f7f979450c006f6adb99d645283cf46,,,0x2a5f59b2b7338016126b5c369b5b27cbeb7ae0234385a72db3aa4a9ca4f53656,0,11268219,client_a_preview,0,processed,,1780928451992
0xffb02871c969e9dfc2aa31b836b3d1818d173127e88b07ef0f54edc61f10cfff,,,0x581123f77cb53b23a9a624ea59f57c609116b7796689c41d75539c1249a5297a,0,11268223,client_a_preview,0,processed,,1780928452956
0x5513fe836588ae166bdf71d98db1b1f1a0e9c34474aed9754160215110ac72ce,,,0xda57542e7b583472af4281c31740df291398c2e54c648a6e1ee9748a34e5f6e5,0,11268224,client_a_preview,0,processed,,1780928453648
0x6aa5b5085c49b4718679c704ac67c7c7e31deb1e80db68c3f385bc4ad8aa0692,,,0x18d0e39522b3b484d48cac6a3a2cd52c1714dceb495cafeb8636f63862d087c4,0,11268238,client_a_preview,0,processed,,1780928458014
0x1166a522474b941f4a99704344ecd5cd48fcfbc0af777aa3b70c4d1dbcc21bab,,,0x64f3a8254d163d1d11be25eebaca479d747ed7e0926beec3ce9d7ad59ad330bc,0,11268242,client_a_preview,0,processed,,1780928459131
0x415eb2c2ecff2ed1aeb22e64e4e832abd415083a982928ac6eb1f1588594ddeb,,,0xa5524c977d379c819370e49d5c9ba64baafe31149bbf8ad96c465e3d62d7071b,0,11268478,client_a_preview,0,processed,,1780928534835
0x05e2b6cde30c0cd0377d3d26006bec44717988e37ea4792f5d72555d9a958cb5,,,0x0c1effbe4d7f2ec0f9f82597d0c88accc9bdf68ac83f21ce2fe09372327d814c,0,11268482,client_a_preview,0,processed,,1780928536452
0x1da13b8d418413c98718022e085ceee1882b748a830f4f41ffd3cb5aca3a6922,,,0x82e9194287db3e259575e773d797459f98a26f989a128e41d32e977cb8dddad2,0,11268502,client_a_preview,0,processed,,1780928542474
0x0d41001a7928f061f29a8dd97fe43c2a728a1a8cf020e7b528e5016f155b79b7,,,0x390b60797685d670572f131681989b4e5b2dfb50eff6bd7e9ee6696a92201782,0,11268505,client_a_preview,0,processed,,1780928543649
0x71c21ab2db238d19037610b4ae0797d48ead73642c8b44196d28dad97911c373,,,0x9d50439e20cac4974d5bd0e8b3fcca1472d653a02278d0396888ca80fb33eead,0,11268701,client_a_preview,0,processed,,1780928606758
0xa4a29931720cd5e5faee3bc4fccf6d37810cff84fb2e54119ad7f96754e3d385,,,0x8f7d97ec80f5337fe831878d0fb49f90a64853ce7e750819e8bf75ef660ebae5,0,11268705,client_a_preview,0,processed,,1780928607840
0x569544beb56449afef3fcf2907a39df7060207b3333a2ace5d1b1745c3c568b2,,,0x8c4e17cb6cb56f9f1c4ce14f52563c82b14e3d88f15ba089fd4671e36e8590a0,0,11268723,client_a_preview,0,processed,,1780928614429
0xa7d1e72e6aaa057773c74428a31d34e66df52845fb7898bf11db9086ef3361bc,,,0xa222053ad4e359dc9a5dde98abb8150c9fc809fc0b6e2f45904f4be5e45edf6f,0,11268727,client_a_preview,0,processed,,1780928615513
0xd860eb800fe7d51d4fb7678a6b8b857cc89aa8e80a8e3e42efcd5ea4d5e3e536,,,0xec5c8a7795ba9562fe6d86418755e26217ff21f63ceca738b00a74a9b1702f11,0,11268852,client_a_preview,0,processed,,1780928655534
0x7f2149a8e062d180e9babf294c998d1bc72757504e8ff33c291266c96860d668,,,0xf268ad19b17e0b30047e400fde9763bcdbdab660fab43f355b6ef9e3f0123a65,0,11268875,client_a_preview,0,processed,,1780928663660
0x712b1819f46a5541192152df4a2bc99d185a5c5fbc4ddbd0cb39a93f29712000,,,0xde6276378865439adb3af24adf90b26b44036d7ebe249a5ed765736ab4610206,0,11269075,client_a_preview,0,processed,,1780928725892
0xae7c7d8deddb3f25e54a9e35e18044ea6cd883842457d01859be87119081975c,,,0x312ccd4e5838eefaac01d47b3fb845b41e2c10ba1585b4880a764b4b3a343b9b,0,11269096,client_a_preview,0,processed,,1780928732939
0xccf770af7eaa693a49038aeb4bc0e796f938687a521e002acf09860239215f86,,,0xbb5e53b8e6f70f638997276727df9dd09296612b5132019cb40596d7a1aa44eb,0,11269111,client_a_preview,0,processed,,1780928737250
0xdb9597f9af46cf52246fe5bb54143984bdda1ddad681930af4d7ba25525a0f8e,,,0x38dab615a0b6cb25eac825f1e83e772d10285e657fb7d4dcdf26fdc10bb26228,0,11269136,client_a_preview,0,processed,,1780928745122
0x39008816823fecbcbf702355a1c30893d5f2af64a37e401aeed331a94090d89d,,,0x93c1e0f99c08e0fb8d8d3922d75806cca45147b70a56f612a9259d426b543f71,0,11269338,client_a_preview,0,processed,,1780928810079
0x82cc59313e2dc9f2b13ca5a3f3c1b04dfede4cce904f7c08ab4d814ebb3aab13,,,0x0e6c99a7da1ad3022e55502859e051aa53c633123d54d5991cadab71ddb791fc,0,11269360,client_a_preview,0,processed,,1780928816098
0x2291667e4c065057cec92f12e10195631cffd521355ecefa5786b3878402ce6c,,,0xce0bcae40a77f62df8e1b2de92c861a3ee614bcecfc9343726134f82bac99328,0,11269365,client_a_preview,0,processed,,1780928818096
0xebcaac8773cb4b4adb8a442bbb04c1c8de5df3f2903eb4ed15f603ed5892c6d9,,,0x7eea0948f015cb0d7220ecc94776ad14ec7ef037371440c29cda271253bb818c,0,11269373,client_a_preview,0,processed,,1780928820785
0x94b760fd618a5e3c38503310f56b2bb110d9eb279b322b3bd072e8745d6efae5,,,0x2bc9a95b830364c3deed723843c4cf03c250cc4f752cd11cfe18855ebc5c0be6,0,11269387,client_a_preview,0,processed,,1780928826130
0xbf67a791a42f2c93765798a7849d4181988912bd6cb613390aea1571e6677e3b,,,0x3667e261f34537a770392e3c467cbe9c8217c3b01b4ca5aa13bad438a1fab001,0,11269398,client_a_preview,0,processed,,1780928829215
0xeea6bb05fe6baa6ab007c8e28162ca84242f16c1c8503a7faa423ac1fabd2f4c,,,0x353ff1d57837f27a5ca80405cb3c964a84284ab139a8b7d38d2887ee71647478,0,11269627,client_a_preview,0,processed,,1780928902603
0x67a4d15c4d0d85cc44118418e57b7b7135171746e18121a6c417f77d1ccb2903,,,0x83c43f8df9a491a0a23229a16d2863e60d7bc559f453b87beae57f594eaaa71a,0,11269634,client_a_preview,0,processed,,1780928905221
0xab14643e5a2018eb78875e323d5bf43ee3631533957fd9c8ad6a52d46e97b90a,,,0xb13b4e0faead2b8c78628b26b3a8607600f4eef553ce4942240e9251a8c1b3d9,0,11269654,client_a_preview,0,processed,,1780928911423
0x265f91a316af93008cac0860e395c4a0e6a6a472b48a2c2c069dad5455bfb388,,,0xcffa29fa49b282b2a4167df6b29c46ff6de8b4724abc4627f2750f6d7f71d8a8,0,11269660,client_a_preview,0,processed,,1780928913943
0x9abf64007f6d560c35cae1c343c3db9bc1385886a96492fe6678a579b3773a57,,,0x87ea54f82b37790f7ce5dc7429165116dd15dd4c727c749fbf20bccacf0f0d57,0,11269883,client_a_preview,0,processed,,1780928986742
0x4935ca9f924f2b4989763318ab4f85148298cd184fa25f4df32eaa02965d4085,,,0xa3b90b2fe1e0193896d061d391affd8bc7a4f8390a27c8db6b749ad8c70780d5,0,11269890,client_a_preview,0,processed,,1780928989192
0x7e9b7d68991d7db60f8be65e7ae6900acdbd50281990518edd74048dbd4b7ae6,,,0xd0c3b0fb398abb37b59b2fb76732b7aca53fde6b0b92afe9d41c31a62adc586c,0,11269908,client_a_preview,0,processed,,1780928995342
0x25a1f985a75b4bcf94c796da9cb42c7587046c03caf735f554cdf26ba5997bb5,,,0x640e65f4f5aee2af4461c34cf9f26365e3620684d1301f4d46fa5ed6b39bb432,0,11269914,client_a_preview,0,processed,,1780928997897
0x8aa5974eebfd172891d91ac16ff8583992a89a4f6ae007dea7f9fa94c8ed0bfa,,,0xe9b724274aca08d809b4a53b597b03d9836d1c88492b1e9e2a53c4c50f3b0c1c,0,11269955,client_a_preview,0,processed,,1780929010936
0x06f8a10a6b77bab2d4dc11ac0dd646ee9f26aaa15fac51f55f8acec906dd12c2,,,0x6f7685b6b540a2eb6e702e5db167d4194b2aeb733ca551b0c4bdfa789fb2f1a5,0,11269981,client_a_preview,0,processed,,1780929018742
0x23293a0ec401f4a4e6a3e7bb7aa443ddd62a0391aae21b81b28b562222037929,,,0xba29d39c9bb489e593cd841673c703debe0a804f52146ef49543506826826532,0,11270005,client_a_preview,0,processed,,1780929027293
0xd3432bb6e5007765f2773fed7854cd2ffdd1ddac0c4bbd206cf9c0a8a966f21c,,,0xb275e54f9094ef02ef657041f806a24b865267eb535436a169b1baf3990d1146,0,11270031,client_a_preview,0,processed,,1780929035985
0xfb90c7ab2ac5134491f0a2327a1349a5ce6ae1353dc47cd88cd1774e281206a0,,,0x91784ad36fd941543ced5b2697d6c3b117125d1509725292dbb4563e3ec2edea,0,11270151,client_a_preview,0,processed,,1780929072767
0xafdc51ccdc834c81f8d44e9b081bc13616e6e7773f016f935f00049388e56afc,,,0x651aecc9a354c2457a3810539fe5dcde1a567e9d40a7a159af5eb46082a0deb9,0,11270174,client_a_preview,0,processed,,1780929081743
0x7c7c8ee23f4166e95a97211eef459120e23dac46cd6b3780e91c73ad565a466e,,,0xf591804e60dd0cf4bcd37ed8fa070c2015a7702db42a9c0af79a235620b313fc,0,11270211,client_a_preview,0,processed,,1780929094248
0x323b68c1dba1472fca6cd3289983ab824030f8d1128510e33096bdbab148169b,,,0x74ab03a89feb5c3812b9c2bfb3e5883ebb96181dbe673ec8506afc8c7a77c8a3,0,11270238,client_a_preview,0,processed,,1780929101735
0xf7faf910ffeda9994e16013068db4c028a0d6960993aa4a14f2d64ec55b90146,,,0x23ae0c642c7cca23f9aa05f85c792ce819a595462f9ddf7011b6855ba1522683,0,11270261,client_a_preview,0,processed,,1780929109958
0xc007fc4e28b4ded96ec47f17413c40a947b2f77e2408daed7f82a1062000018f,,,0xa3f29dd7fe7ffbde25efa6a0b436465ecaaf8cf87ddd56ca76d3430ea94ed849,0,11270276,client_a_preview,0,processed,,1780929115593
0xb17e89301f151cb31502b045116360ba34fc8c9ad6d5c208d0b8621c230107a6,,,0xe293e984d7145a75a31e0a4da375db535fdc32a0adfcae5a603dc91c6114720c,0,11270290,client_a_preview,0,processed,,1780929120205
0xefda687a7102658976b6dc27907ab886a3e0241b5be6fe5fa5ffd6018f9c02ac,,,0xa2aa7d9de749daad44e9fc1feecae1575a7bfb3dffb692c6de1307a485c3b24a,0,11270308,client_a_preview,0,processed,,1780929125423
0xa37cb84b4a0ba7cb8be9fc66d79637028c59fe8e74113e5fbb7f3eba60c88c35,,,0x6b2092ef70972c658601996e8cdf0f89ee4bdeb9514efae0e5b59b88666d7241,0,11270404,client_a_preview,0,processed,,1780929156163
0x4757e8bebbdaaa21297ce2e80e6addef980a73d10ac064fe46c569d4be2cb850,,,0x43eeb00fc61783c8f395e97776a1d213ef741980262b55dc01912d15c5d1e4f5,0,11270434,client_a_preview,0,processed,,1780929165887
0xe018e92fb0890af2b9ab71a92eb1186d7bf423164eae9b6b85258ce76e10b1df,,,0xaa2265a1285d0c24374dd06f06698a09775e47f42b13bfc492662612187e85c2,0,11270469,client_a_preview,0,processed,,1780929178006
0x4e79d3c32fd00862e3c947ce03961dd0aa7573d7f290ff33667d2fdb89af8ed7,,,0xd4c8852643918af24cba4021f7065edb8ce73baf5f369715cefe15d76a5302c3,0,11270499,client_a_preview,0,processed,,1780929188673
0x13fb2240be0c425b19484367aa77d46a8c0f26936da645ef170e116dccee3d63,,,0xf2dd3c8382ed00350d07c94501b7e528dbabe099d10653f826105b4ec72a966c,0,11270524,client_a_preview,0,processed,,1780929195008
0x2a9fe40729798ce76da90673488a0e84815841ff7048eae72b04333564b4fb83,,,0x4f08e949e2da5c16229eee7db44397ee0d475f36cf23009bdc52cf25584d3da7,0,11270539,client_a_preview,0,processed,,1780929200668
0x2c871477481db6504e0d652db4512ee69cefa390d080200094dc03a59f6a59fc,,,0x9f594ac75622c22e548c6f54a72dfcf01af242b684a029808f68ca70d2fc7483,0,11270553,client_a_preview,0,processed,,1780929204799
0x10a20880c9ddaf1c08fe2819717496dbf15059d58bad7612b2ca10d91122f092,,,0xdf231867e9b6872f68a5d4e434bf1b3b88b3686f55fb659adfaee7e2322f6c28,0,11270555,client_a_preview,0,processed,,1780929205563
0x302867fa30d102873458891df2c8887103110a50955d38c23129c7d950dac07a,,,0x5c4460de58026a3915d8dfc79a1dc64531c98c69f2c90f7f8b10fab2b72950e0,0,11270558,client_a_preview,0,processed,,1780929206579
0x6e555b7f09ebd5ba641633dfd0a32d67b3d7e6d3b31d4ef60abd14d9eab5a647,,,0x4747e27c3153904a9946af609716d2894b1a31e19ddeeb25c1e4eff48471f3de,0,11270571,client_a_preview,0,processed,,1780929210571
0x89835ec7aa53990cf9d2e5ac92667be6180fdea8f1b8e00a875e0072c89d58d7,,,0x33828e7f90f131fba0845fb303d544ba874704bde64dc620cd6f9466211f3dae,0,11270584,client_a_preview,0,processed,,1780929214890
0x56327dc5e4ebc7fa2241aff2ec16d7546b2c192dc80a2b0d9f848717da5e6aaa,,,0xd7ff3baa2590bc650ef9cc294a56e2f5004241a5ad535b1347eaefb90acfc447,0,11270587,client_a_preview,0,processed,,1780929215931
0xaaf01524204fcb6068ffaa17d3510e0d75633db3feacfe0ceb277a661797d2e7,,,0xde55eb77094b5875421ae3501b0e31587f8029dbbe37503274476d92f13f5390,0,11270664,client_a_preview,0,processed,,1780929240762
0x6aefc6f23e2ccf1537d44b4e6bb9220728f51fdcb55640b3ea1444b53565c3fe,,,0xb10861b1a49669da4bd04d3af038cc362c919694d5246b06d8fc0096bb627f36,0,11270693,client_a_preview,0,processed,,1780929250025
0x81332d89df0334cbe72697e4138ae741f975312319deeb909fac7c5a94e0561b,,,0xf626912e6a8345c41b09d18dc36f0b0bf2875801af0a9b33269aa908da508e2f,0,11270727,client_a_preview,0,processed,,1780929261326
0x3dbb19090e299c549b42b32586f3bd33c0359ed240dff0d7b314f5ac3d4c3d0a,,,0xb2bf4a66c8e77b5eba89475b4463dd3059dfef296363db3ecb7242a333f5ea3e,0,11270757,client_a_preview,0,processed,,1780929271337
0xea1cf49bce5fb4d22bc11ab8c978f1439192feda01116a2e2daac6498c3bd0f1,,,0x6a3878d5ea97ad58d7b248da603fb81ed3b64bc4e2657ec25804fec8c3a751dc,0,11270767,client_a_preview,0,processed,,1780929275137
0xbf6dda4c99e83c1245fd2b094ae2e68ca77b923e00e828f632a62bb99e487ff3,,,0x61b52aa5421c3b88e3d00b3c1cbf4721323b787cae80567746ab3dea6f34d7da,0,11270772,client_a_preview,0,processed,,1780929276269
0x9f35d1cb485761b333f6c5591449720b11029641b92e568e8025a08a2a3f4525,,,0xa927b793beef9941e9108ffa61938baf02bc924b703fe0bb4be0cbe4455e8c95,0,11270775,client_a_preview,0,processed,,1780929277012
0x07ffff3a1b318d32fb9296289d2f56a6e2dd9bf3f4db78bde9c5ca3a09b6883c,,,0x143b1b1b7a31ba7c0d02d9735b3378480cfb72acd535991ad9e9e0113b52ddb2,0,11270795,client_a_preview,0,processed,,1780929282183
0xd042f39a79b4d0a5d3f109a5ca796fcc0c4eca109d4eae160be3e1c1cd88a480,,,0xe85313bb8fe6ae4a1a781700f55a152a413aaa9364a7d2ba63339a9130fd6352,0,11270803,client_a_preview,0,processed,,1780929284980
0x000a9e92dc9bbb50877bcbcfe5cf776ec5cab500145fa967e9817d43c5c24c9a,,,0xd7fd7c8ce4fd1f34e4750097a9ad33a486e0e4242fcb715894c020ca7748450e,0,11270806,client_a_preview,0,processed,,1780929286109
0xcb140116efead149366011862ad6fc5912ef5114504fe7384b984d62b66afac7,,,0x957ecb439b72b16b9b22a6d0cb4489c9159461e0493a517f5bead8a73b597e50,0,11270807,client_a_preview,0,processed,,1780929286490
0x5c49bfd2094c21a65e0c41169fe5928c2af5dcc96fdad6300ddb5bfb6c6e7c78,,,0xc98e2567d63d519129d713dc8f64d5ade681ae7d057c7ce845f892109aaff53f,0,11270809,client_a_preview,0,processed,,1780929287263
0x51a661e0fbf4b394666b529447a8cc27901be354191b7920212589a0685011d7,,,0xe690018bdc8a099e8cfe19dc73809753981d64b4b3fd12c80b4730d908364955,0,11270810,client_a_preview,0,processed,,1780929287612
0x6c4b7195be53c2cff4c75ab63f1a1abe1b1e1653594c3275192b16a28f809c56,,,0x6c281dc39ad1fe05287247d65cb23e38e0b29710e5c37f0bcc4f6e90c5c7197d,0,11270825,client_a_preview,0,processed,,1780929292962
0xb8df58f5881d9a2b36ede1c1c5f91c5786334396d9ee42aa5b663311551b499a,,,0x71db91f24cc0446c3ede2faf603421eb577328b48f4159dfc50defdea747be6f,0,11270840,client_a_preview,0,processed,,1780929297337
0x869b67a23e0b0e61139828650016c82fe180872b866b2fd5fc81fa53e3b64e28,,,0xb447acb903a569c80c31a15f0864e6f4d6e0042e84f6ca4e5263d63bfc764621,0,11270843,client_a_preview,0,processed,,1780929298388
0x41080e4dd77a89cb5b84e251f8807cb7af99c54cc63185619094adb87d9e838d,,,0x2b55c0b6017892f2329917611a9e8daea4b4201479408b75c6787f3082a8dc73,0,11270920,client_a_preview,0,processed,,1780929322386
0x0f0634527e9500d6bcc29b2cd99c960b3b529af3b4b9ef64ecae5c56e45cdb39,,,0xbc478eae0b2ea2d743c79cf4b2a9ead078396bc377bb6eb5cae6ff136a3baf4d,0,11270953,client_a_preview,0,processed,,1780929333887
0xd635df4e9b54b0e6773ad18854f1b3c77d8841b09b00c7456ea5711d36086c40,,,0x18972c45967c3582ac08bde4e22c418971a55a71498575a8dd979eeb009fa35c,0,11270983,client_a_preview,0,processed,,1780929342150
0x00b4d840daf92a128f0f9eccac346203536c487acbf25c55edf7ea59e8285d42,,,0x084c8d6fbf8e28d470aff105c994715c23b6cfc1feb09050ec76453880511928,0,11271016,client_a_preview,0,processed,,1780929353461
0xb2cbcec49abae52d4013236b050ca8913b624ff5940a170e309257f949de1c12,,,0x5d8992c43cb6e3f33f44432b00ce816c5b8cbf2c956e0ee6178032bbc99099c4,0,11271025,client_a_preview,0,processed,,1780929356372
0x22a9a2c801dd29be0b3087304e5b74d29a2fde5a18a1a8b2322a7df066d9628c,,,0xdd5c39d5bcc8d90cb2746bb7dba4c0cf6d5de643606110456c5eda9db371fed7,0,11271028,client_a_preview,0,processed,,1780929357507
0x2d1f4dfa6ad17b02bb84bb89fbf5b8486696cb6983fe074a18bb8f71ccddfb84,,,0xfcfb5f42a04d7fa8cb0a5add01b5c1fbbbd6cda62c3763c914e39c3c5f4b3335,0,11271032,client_a_preview,0,processed,,1780929358619
0x9a239619db131620a2b6b0f710d91c589197e8812e79096532f1de7c6764fb42,,,0xc051072ebab67092a8ab06633108fe113ec45bf0fddb3448d65edbe5cc275774,0,11271051,client_a_preview,0,processed,,1780929364486
0x80243855ed548c919518f017db5ac5ffbdbb7d6523020bdef3818d28352db194,,,0xe655a0368886bc7aa9ca6243c6fc022de7d4d803415698751297771828aac0c1,0,11271062,client_a_preview,0,processed,,1780929368462
0x48163f4e8dcb8bec903ec54d485bae22dbead6447205b0cc0cdbc4568d0178b9,,,0x0c4ce6d0f817a1944e39f267169070513b333de78e35ab7c1319c7cd969ed1a2,0,11271065,client_a_preview,0,processed,,1780929368711
0x5fdfa51d7029c4d32741c29a387c511c6d653b466b065a80689cdbb3d17dfde8,,,0xe8e3fd5a36eb42dc6857c9cb7dcd46a641ae04690441f742dde80eda0d62611e,0,11271067,client_a_preview,0,processed,,1780929368923
0xfc50272a2ea94634e807ae743d1bb614f5694804e30909bb287ca9260d4a045b,,,0x598b126d9dd0cd7416211c229837386dc0b93cdf6de39c4d2f7081b869b75ab6,0,11271068,client_a_preview,0,processed,,1780929369575
0x97cf2b7402bd282dc027788a2a97fffa5557132290574e1a6625673682c87611,,,0x7817ab6a86e3e5ea5f7b4b2cd8d4f03c9504575c0d5f99c35ccc935b11c7a284,0,11271071,client_a_preview,0,processed,,1780929370083
0xbb0ac9bf1c70e6114b5e40a84b854ca0801da6125ee8984e1f705dd139c8b2cc,,,0xbc669c9ba801676cc662354ab288e4574c2b363386df0c0f8889f9e70f01cc2f,0,11271089,client_a_preview,0,processed,,1780929376045
0x25d96ed972d79b79499b569e5a8fdf019b2c0c45b13302a35c41be9bdd6f81c2,,,0xd60237d6a83e8a8b6a9547c7fe364ea4f4150c0aff3a5324fa73e94210374764,0,11271101,client_a_preview,0,processed,,1780929380512
0xf0606fc3d56400f3cc529eb818f19b4f454bb13ffe2ae15a281628b2879a1ee2,,,0xab657d1f8fb8fb29e20f9eb8b6f96a69e1dcfa53ec036bedf6f3a457b0e50723,0,11271104,client_a_preview,0,processed,,1780929381662
0xde6ebbf854f29eba7642fcbada8af28d0039717d197af3b76f6d58e5d8c2cd5e,,,0x1299bce0f7f8a4694f4f727a8a964fb06cc795c8146f0252c09eb577478a7f98,0,11271177,client_a_preview,0,processed,,1780929403868
0xe43a5bec1b8feb5dc0721e02e14d075d4448c0f0f7453bc2930c57bbaef1124d,,,0xad380760d063728463695d8a508a0fbf69efb0609515c945073d2b7e8cca389a,0,11271211,client_a_preview,0,processed,,1780929416039
0xdf1f4a21fea7efcd3f99b2ababe40405482ee5f57b4dee0432d20c1c18465744,,,0xd1229bdec95b2b8751c9255d9878243334faf9b54c6697af7d7bd819412025a4,0,11271238,client_a_preview,0,processed,,1780929424268
0x64e9d95c728a97ba718e2c9d93586e2289b95eb616e0e0931899baa8bda452a9,,,0xd1d2b3727151a65aac0b4cf853b42de0c7b658d68b2bf0e7dfd5774079b38540,0,11271276,client_a_preview,0,processed,,1780929436113
0x9266fd9554c76ac5d77fd3ed54f19b5c17860bef8687432ce20719594a3583fd,,,0x873d14c4dd3a039c06f15cc48e62b1552cf9ed01f7ba6d8682f3ac1b1a877072,0,11271285,client_a_preview,0,processed,,1780929439109
0xb78d8dc553dbc84d47a06807e49abe021b4a1dba0d15a2d846c9a2f3a658faba,,,0x0f485444f105d24fb815d247088dbca6e199ab1fa63c250c2f3e50ee524d0b40,0,11271288,client_a_preview,0,processed,,1780929440252
0x9cac66132743481f5732a531e36d5f481cda66c1a467e1fcef60b0d3941944be,,,0xd3d3a6a498f37be058c57ac0dc3ac125451f4a7a376a7b11fb8e8d2744979fa5,0,11271292,client_a_preview,0,processed,,1780929441382
0x898acc1cd7d416db347ee369888c65060667f0bf64fadbbdbc5dd485e13deaff,,,0xaf68703b025b94f68fa865bca12ded15fbabcb5a4c696c07d8be113de7d604c6,0,11271309,client_a_preview,0,processed,,1780929447666
0x603375abcbe8f97f756907b6fcc61155e1403dd34811efd5229392963e8afb23,,,0x307077a02fdcea789280d1516fc7f9cbe17b9546d65a5f28e9bf03d097f52271,0,11271321,client_a_preview,0,processed,,1780929451624
0x186be2cb014e00c3f73b3404cb4622cfffd82053a5b993c692c043a8acfeaf23,,,0x3794d21bac3a5cd63804a9ba29906c73515fcb3ee5b219951f762d499d3cfec1,0,11271322,client_a_preview,0,processed,,1780929451970
0xfed9d946fdca2b16c0c11a5fd9539ddc9727895ce6624bda682ba674bab97b9d,,,0x94d28d8b859e7f25a235bc362c698c2f895a8d719658a305eaba66b2d96c77b3,0,11271324,client_a_preview,0,processed,,1780929451931
0x9fe035d8bb49bce3b8b33c38cf1f401047f918e83533c48e574a21c275f2242d,,,0xb0e9ae128b566fc1f5595e570172d9b428a2c733c69e6090aa752e5345137f9c,0,11271325,client_a_preview,0,processed,,1780929452301
0xd01fc32e8e018c6359619550d1be42fa51e6ca4e48d23b3b8c65ae80877d31de,,,0xd6a3ea08f7f1b5648396b892a6d3274b4ba65aad0a0a8325a6f0f3cc5302bb54,0,11271328,client_a_preview,0,processed,,1780929453026
0x292ce691f4e5e3ccd9446a7ee17043e1b0efcf6c2f851e9b27bd66d1cbd493b9,,,0xcae09873c8e16284b0f574b14cd5a53167b0208f6bc3567c4a0452df837859cb,0,11271345,client_a_preview,0,processed,,1780929459279
0x3dc2e6bce89aa9cba8edeaf3ca1c33a307ff534cd9e2ea45bb0c4bebc0431f9d,,,0x1f6e3b190f10cec6d38fa27c9eb1c714830cb11544504f3f94499c2716d3a97c,0,11271359,client_a_preview,0,processed,,1780929463781
0x9a0fd2a479798e3246ffd708ad2a20e1f1451684594a69c046963598ef72abaa,,,0xa729b6bb2d7445b59004de6d04ef45daba88846f823b7d80bff22722417bfc8d,0,11271362,client_a_preview,0,processed,,1780929464905
0xee7c09f33c126698fde99d65a88db48d7b7bdd693c23c3758567fdc32b604485,,,0xd5e583b8937bf0bb64570021c2e1b05e54cfb74b24d29c50c8200276367d55fe,0,11271398,client_a_preview,0,processed,,1780929477157
0x1d318bab7ed1bc64fa747c228a78e568e35db1b05f2a8f51cfed6a9a023e97f4,,,0x594ca8e95644f80b718a0ba2d42461d6cf2b6b77b5a68e7366f905e8aacb0611,0,11271432,client_a_preview,0,processed,,1780929488141
0xadb3919da7c8c1f6ae8a9487772a3a1e59462f152c73f05eeb53afd0e2b3b7bb,,,0x66c409f42fb48647a7ddfece221be450d75f9be2e9c5063be9c579ae030d04a1,0,11271435,client_a_preview,0,processed,,1780929488548
0x110b112e3e4b542262b2bfe74f639ac8d1db2232ac7483eb4d42746b7ca302d2,,,0xab750a489d0fd6a9adb596661501ed20292d7bbb5480433b87f201bc56375e6f,0,11271470,client_a_preview,0,processed,,1780929501006
0x74daf68fd5a3da50ad435cc6943431372e3cd07b9e041d2890c1e6c2a4006b77,,,0x17fbc460fcd4f6e74d1532de406934156d167049913a8510c313ca67907f48bb,0,11271500,client_a_preview,0,processed,,1780929510568
0xa509ebaa27da07c2db444d06eef969af37d6f2ea7dda248b9b5ba5f3f6bdd476,,,0x249c3077b4eb5c882fc5cae5457aba67e9bb2efc86807baed60f576b858fd1f6,0,11271538,client_a_preview,0,processed,,1780929522641
0x25c2f15bc9d01ded101d9fbbffe04baa1313ae67b85ace874ea38bd9a3c3bfc1,,,0x32f95c9fd7e1f89d64bb68a3ec7e86f6b837dc011bbe413b2e66ac445824d0c9,0,11271546,client_a_preview,0,processed,,1780929525430
0x5d7d6f14ff7f17742da2066feeb49509e1032eae5fac2dd944523423ac180f3d,,,0x1dd5fa0ca19d6eb84ccbaba2b303c007aea052b32afb02ed6d72384c8d5ec400,0,11271550,client_a_preview,0,processed,,1780929526481
0x720eef4a79285a31faf1df1058f182175f4d0bea91a3d19ba8a29b2067af7918,,,0xb250e58281b09b61344057f2fb580402cda281d662dac85ed70c6c0dc3d6c1b3,0,11271553,client_a_preview,0,processed,,1780929527683
0x0912a4aa93184bc9357b75cca842573ed2f41d175ad205d0e4a2882659a9b7dc,,,0x91872f6d0ea952ca59b8c33cc1db03aa7857f1341f4926741c86258b3bc47b3e,0,11271569,client_a_preview,0,processed,,1780929533451
0x770a8751858e386afc6e8af990e2351ccb03c39f89614b0cf79ed23b7acb6f33,,,0xcc819a6aafb805aa74e98bf0a3257f5490dd4fa2215f15fda5ae651b430c0795,0,11271580,client_a_preview,0,processed,,1780929537125
0xa47f8da7439c54bc7030448a2e65bee2e38653f7aa7a5ca68dbe32b87b405b49,,,0xc041b1e4930852595c7ed0e90c816a044a54b08ab892e375dc0e56589657f6cf,0,11271581,client_a_preview,0,processed,,1780929537903
0xb9af10a9a0ca6047eaa2e77820dd4c7f92d3c645fa09166efd09d12253c6afe8,,,0x80351a252d59bd8dfe8b2c6b776c122554e5b587f5413fdfa725039633bd9349,0,11271583,client_a_preview,0,processed,,1780929538198
0x5cce198da675f2f8aa8964b5fc68c6774e75a6ec14fba8470f82ecbe223c91b7,,,0x66a4d419f0c28d695f738807d19427174ebe157525b227dd29471e0f8614e5c0,0,11271585,client_a_preview,0,processed,,1780929538974
0x15f2739c087bae1afa25132bee97e7d0c9c1be5f2b94dacd934921950ff47083,,,0x3667e83071a7b359c210aaf5367ea01cb0dcb382c42c1beba0f1539e63dea457,0,11271587,client_a_preview,0,processed,,1780929539283
0xdd5e02beff88e7496559cfcd6cb6f23f182835126b5770a2273f896a114c388e,,,0x507d3dfbca06f3fc1e96640a63587749401df336519dc0dae107878d7b3be3d5,0,11271604,client_a_preview,0,processed,,1780929544201
0xe8cc36630b3e531436b7516ee687bc69a741eadc68a6ae707a571a4d1253175d,,,0x73187bc87b39f9f5302c22cfca70f5709004bfc92aba76de9f9463ade6a83bbd,0,11271620,client_a_preview,0,processed,,1780929548773
0x802eeab4a9c808b8d9fb65eb17c11be2f210825594bcd22f2aaee643999f387a,,,0x4068c1f99e83e22a0c199b5467955b296aa190d45877a992aa78cb08bb6f7f2c,0,11271623,client_a_preview,0,processed,,1780929549877
0x587ab3e713b726477c57b6291dd21d7dfd6617ba913a217e376c0963cc6b7980,,,0x2a9a07759123b2b095c5352b11af57e66091544d37defc64aace724fb7dababf,0,11271659,client_a_preview,0,processed,,1780929561888
0x7e11c90aa4815fe2f6653daa345b0c3e33d05be7f9097baeabce5623c319e627,,,0xaab867bd9cfae3067e9fae9d1fced5ea7bb032c71baf38d9b7b89914ad784c8a,0,11271692,client_a_preview,0,processed,,1780929572660
0x9a0ebb62d0276af4fc3dd97d160357f20c7d9f80f276315944165ebca6499ff4,,,0x55eb8338cca37b83d0d1db5bf9800fc9e3daab38207b81572d9e7e693ec45a38,0,11271693,client_a_preview,0,processed,,1780929573007
0x22b17f2fa5c90e9ae1cbf1d160c4180aa6b25721936d2c20ff480dc093abf0d0,,,0x4101a3bd1da709bc1476f9b79a1bbfab5b270a3247b324efbf46254896946338,0,11271730,client_a_preview,0,processed,,1780929586030
0x01472e715c1c10a0ac092598d25027c87b2f17b91efcdf9fda8a200f9b405ae7,,,0xe383c2e38c85dea134a9676204e96881c99475586846b2ab9149991714bf30c0,0,11271758,client_a_preview,0,processed,,1780929595408
0x5bfde4f4fc61a935c470703b998bb677da8a4f3bb394f2d15c4f0eca4a41c991,,,0x9514f24f707c60f2e8c7ba2bfdb1d006217f06badcd3336a1f627665e15b300a,0,11271795,client_a_preview,0,processed,,1780929606460
0xe4e6c3ce9c2a421711bee4dba2e68a5ec177c8312c5eb591836ac03dcffc120e,,,0xb51250404d11b1c2ae451db4ba0ad4e1b6c8558fd15c34335aec4ecc26bc749c,0,11271808,client_a_preview,0,processed,,1780929610599
0x350a3a3f4422b661f35a1e71e5fdbbcd726e1335ff37000ef6a36b9d133bd64d,,,0xa2b9e5754e5b1f46b43cff6b1bd2273d29506f4748ff0c632010e291941dc1b6,0,11271812,client_a_preview,0,processed,,1780929611746
0x8f10833918bf7f5a91d0531c317de19a332d6407b13ebb4b2c41de08aaea0bcb,,,0x4b0bb646fe02bc53bfb2d30d8d879195c185a9afd26dda0f45057284b40159c5,0,11271817,client_a_preview,0,processed,,1780929613059
0xd1513b25ac99eb81f8d772daa7f6c4277d32af91a12e0404dd054e12e5555128,,,0x97a7c5e150ac2cc55c4e481436a978881770453e6a38904d09fd9a09d31245f1,0,11271834,client_a_preview,0,processed,,1780929618878
0x02a31cd9f3181dc426faa515e38f9909cc4f74b951338535e135bef92538b83b,,,0xa3bd84cbfb70f6914fb866644e4340ab0de5b6f74f6c858df2e1365785eb58ab,0,11271841,client_a_preview,0,processed,,1780929621388
0xf8c971ff6685137a6f8d9ef5401c609fb58e1830ce0f7681b5adbc6bd15182dd,,,0xda190af2016e7322cb5f1da6b2019155539ec7001dfee2337e0dabc08a248d13,0,11271845,client_a_preview,0,processed,,1780929622480
0xed05604c552471e4ee7339f1080e56f73c502f01185e8e6b0c516fd7418448df,,,0x5fb8aa391842c53e94505502b727c4f53464b1bba19410a5f9993806da0d316d,0,11271846,client_a_preview,0,processed,,1780929623300
0x5dc09a3ef71acce17c18dc673efc313e57d22b93ac7a0cc5e9e2903bc75509a5,,,0xa9784cd5b62a4bc3be088ffa459fec50b6c94018dc66ddb6af52d2a52cdf3d40,0,11271848,client_a_preview,0,processed,,1780929623569
0xcac4b8a18960604bc0ea92b0b5bf50ac15256b253e7887415ed9f03d431864d3,,,0xc9fe465d6b98f1174b18e87d84bf2c26ad27aee189eca8c13db3ed275d9853eb,0,11271850,client_a_preview,0,processed,,1780929624350
0xb452f68eb24445e5d78c29315cbb2e60523bc98866c9670abecea2a1e44150b3,,,0x83df7f91b0355f7f7265ee0b723c02084a0567970fb77f900c69dfc10b69bc22,0,11271865,client_a_preview,0,processed,,1780929628435
0x47e554e0cbd3d5208fad98ff2b980db0b15bb245c6033a3fcd181af19a99d76b,,,0x97bc3b514f00cafbabc0651e417286d76224626b6b689f9ac194bddae8d193ff,0,11271879,client_a_preview,0,processed,,1780929632765
0xe51f0bdb2b8781d5190fd8f2c220d123a23af4e3bf9e9ac45b104f81a4fca49f,,,0xd5268192b993d6ba146befd6ee9ef4528649fcb570c9a40ae6202ad49c937b43,0,11271883,client_a_preview,0,processed,,1780929633901
0x41f90258a3204457270decc789224c9a6059e749679f779d150e96a5f14a8530,,,0x90ff72078d94e7450ba327e1c7c924171c95265f403c72bb79ac3119d3416a09,0,11271923,client_a_preview,0,processed,,1780929647336
0x9688d2d224b6b28c92bd66a43123d8fba84dcd05295aa49c513c65fb52cb35f5,,,0x992d56ebd99b7f07c2caca598f155b0d6a7b57856f73457caf639be27543a38c,0,11271949,client_a_preview,0,processed,,1780929656464
0xf088cd64339d32a7e1d11127dd2f5c9f63a053e9820acb2c09fb389072f4ad0e,,,0xac404e48a350d6e64d81b22e51cc741ccdfac3808f814634369f96816a03b3e3,0,11271968,client_a_preview,0,processed,,1780929663219
0xb4ac4498a9a5885009ea63c3ba6ba88dfc0166c698a205e1f5cc8b9bbc21e68f,,,0xc5eb45be1ac9b9722ceb7505b5d31df4c1df4fb6c273fef084536cc72634f29c,0,11271984,client_a_preview,0,processed,,1780929668690
0x357e4a05339d2e7d93b26059d23462962693b5ed855719210e9e94bde1471889,,,0x1e901de04f227786f41429bd57568b31f05f24e9a5c4be5b3c5864e8a8b5b725,0,11272033,client_a_preview,0,processed,,1780929684830
0x4764f39a931e879c26a114cb20cc55a54cd4489cc2b1688cc074291d779071e9,,,0x68bc2b20024ae4f7e677d9b97be34970bc90f67d1cbf3e0238bc6dfb915ec9fa,0,11272047,client_a_preview,0,processed,,1780929688945
0x99bf2958e1c66de91ff212aa81e855a17a58a2728d98348a91215bc2f0e33f03,,,0x0e92728f980e37c088a7a65892603849a3d239101ad2eba1b935cb065a1fd9b1,0,11272075,client_a_preview,0,processed,,1780929698019
0x2e9d707b6389d15e69db61efb9f9b7657942ab21287bb8935e02d36b0dce5163,,,0xbfed5c802bfef6dbdbb87beafe9a5d6d544f7e955f0323b3ef9edb5f447b5c36,0,11272080,client_a_preview,0,processed,,1780929699217
0x2525bca7aff7a042473fda86ea47682aadb0e97f54d686281e9a3e8ff27d4dea,,,0xeab77bb20b3405ef3ce16daaabea407cad9c1ce8b846d5045740bd626196f298,0,11272083,client_a_preview,0,processed,,1780929700324
0xe5ed0e74cfcb541b6fb06c8b3d7b20a9768d37414dfac9b41e58e93d1bfaf362,,,0x09ece8f00489d854b1435c87cffd49ae713d65d247c189462a81bbbdccb4d06a,0,11272093,client_a_preview,0,processed,,1780929703416
0xfbcf67a727b520c9375cf11eb49e22571a3ad49f7414277ed87ca70e85a5454b,,,0xe17b932a447b624e3b675ce9bb2fa57a9ace6640d5f2b9b298d5ccd636246f16,0,11272096,client_a_preview,0,processed,,1780929704905
0x5ceec228c75b990f5480c8c484875223ea47d8b0e05eeada3c077108f8560389,,,0x3deaf10456e764a3e2424a7c5e9f351d8979910b5b88f095fa503db72e0b5b4e,0,11272099,client_a_preview,0,processed,,1780929706144
0xd3d6b09bf8d431ae117c46149ad7339494badc23e444a213ed87cc7069adbb8a,,,0x28359e7fdc1d198f3cc9574bcbfe9ba1f5fc88dfacd7cccefec923a34f34d594,0,11272101,client_a_preview,0,processed,,1780929706634
0xf0cdefd7ccc04b20bb4f014209e3b0e6271e33e9ffe2c9815b070036bfd8ff3a,,,0xdd9897f0250bb37091904ab3aa2a45e788f7a6357c1a800d2b0e8584d6dd469b,0,11272115,client_a_preview,0,processed,,1780929711695
0xc18d0032562f37e5984aa46344713969fa9fd4567b56a852b8071dd4c05f4aa4,,,0x30d7135da0a40bd2178efbba3f528a40dc3ef7ff1a365bf5c2f6e659d6a350c0,0,11272117,client_a_preview,0,processed,,1780929712133
0x7f960d9365a7607ffbcf94678e426b629e461be5cb80f423cfc951c3ab7230d3,,,0x7def8ae65a65dec8c582f7d31b04d1bfed77ec7a8d1a5958244f9b933c3edfb6,0,11272120,client_a_preview,0,processed,,1780929713302
0xa91e4857f19f394c00dc36a87a882efea707b940f5d809217e6fe489456c8715,,,0xa1ac0dd32eccea0af941c159b0ed5c53bdab7b05397081b81001a142751aec5d,0,11272128,client_a_preview,0,processed,,1780929715130
0xabdd21f835dafe79fa754052e6eec8a1319c618e2fd41c4cbfd848199e803979,,,0x349685b3f1e07b2a059739971c9f777552538d8a666496c9013219680c268d4c,0,11272131,client_a_preview,0,processed,,1780929716278
0xadce86849ecdde4a927e851e1ebf6fa7e1dfae877e7929877041831eedfdb14c,,,0x90cf0935fee02f54d4086c393336ce9174de4bfe35b7e92911cd033d87ac68ba,0,11272194,client_a_preview,0,processed,,1780929737348
0x6b87f12906d8aeea3ff8c81e49e391c08ee8caa736c49056c5adbf7b1eccf9bf,,,0xad90334951340a8536462a46fc2e5495c5f2af513ccd664ccbe56eff263e7119,0,11272205,client_a_preview,0,processed,,1780929741330
0x20c963190e0ae5b364f840771c94bcb3ad80027312614395aaa2c4695adec30f,,,0xff82feaafedca83c79f8880ac37435e9de155b39cdea16d1bc58dba1a3b6a5db,0,11272220,client_a_preview,0,processed,,1780929745387
0x975a9afb66c5bc727b370a5050c960497fc48a53472d9633281f0daf316f6e5d,,,0x8283e9b45c14dde87be24b5321c06c2f56b4ecaf3faf656c2311b287b752f995,0,11272226,client_a_preview,0,processed,,1780929748053
0x1e891f77606d229087002afd9969fcc862a7cd0f92fc9cdaa868da0c5b41fc5a,,,0x31db93acf4c315666a0936861b7304cfca8e887c3cf61c79bc34d540a5fe6851,0,11272231,client_a_preview,0,processed,,1780929749856
0xb4edf91242465312121311b856e2fd29dd1675086423f848256353d7e73a87c4,,,0xeeedb22073652810a9cc7ae6a114754a617335de86ed63cf24ee89eada9af1f4,0,11272238,client_a_preview,0,processed,,1780929752403
0x3a4330b75ac61df5db0a73b010fb56f7eadc5effd44f41456df6bc85942c159f,,,0xf5cc4add79d46b4bb464211579206b56a6e35b7d68cb75579df7a53f3a64f05f,0,11272295,client_a_preview,0,processed,,1780929770140
0x82a8eeed8a417872215c16ce9b6cf753537612202a3ad82283cf8b866d481763,,,0xa59cf37fc094e2eceb8d2a0cda6a1ce95d32fdc1f663f3f8041f3dae253d1b4f,0,11272307,client_a_preview,0,processed,,1780929773226
0x6a93acd04b54ad4ad32bd98949673acad585236385458f8aab2b0fb0465ad18e,,,0xc67dae8f4a64da20d671f952a376ea8a33264cfa0e16671b62101ec8d1b62a98,0,11272340,client_a_preview,0,processed,,1780929784067
0x6987a706ff3e92961dfa4dec65b993599c6044de96662a6cbdabfe5bd4d88122,,,0x712033642a26af2c6a4ed81fe9cf82f3a4af2feac09bb9e98cc2ef3280964353,0,11272343,client_a_preview,0,processed,,1780929785253
0x99d2d9ac1d4481d013a7efe15775183a21d395905859945599a542ca380c35a3,,,0x565e66ee7c5916d7ced1166ad167295ccfbe4b43c0332d319809aae547f83b2f,0,11272346,client_a_preview,0,processed,,1780929786344
0xb45935a7c9cc5979bfb035eca5a2cc57fd027a7c8e64d52099fb53792448e4d1,,,0x385c0c418bcf27cb637b2385b67e23366a9b608682cea17c32ac00765bfdc6dc,0,11272353,client_a_preview,0,processed,,1780929788528
0xa3b93200cf6911806f6aa8c30c28cdc11da71ca0e35c0b6ec7a84d53ff4eb01e,,,0x1a3f0a6a670ed7bb1ee52a5024dedc53c5f612f14647a0135e324cadaea14979,0,11272357,client_a_preview,0,processed,,1780929789305
0x99a55686d2ccf01ff05cfc27c2825ae6ba22fbfd139f81ff4afd44c93a3ba693,,,0x950672707b93b6a91c818a4afcf9cd079f2763e7adad3c20792f50835fc8288f,0,11272361,client_a_preview,0,processed,,1780929790613
0xe0b461d29488189887842360a66c04678b4bac4fe50bedc720520d8e99d1911a,,,0x6ffbf07a58471f8c731902d129b02871e9e70da4035f746fcdbd83c4c5140adb,0,11272367,client_a_preview,0,processed,,1780929792172
0x862c0af287f04e8852ab01a9875b42dafa77b57c9317d89087fc1ccc99c735d3,,,0x80c20a0e7ac2b67316f09e7a66053ab24c60ef2b458be1f5d0c826c4cd4d0bf6,0,11272379,client_a_preview,0,processed,,1780929796405
0x092ec574fc80b65db3cd46db9efd556a02f7901780ff6f6985939a3e3134f2b4,,,0x71c4082faa4047a645ff1b4f86e104f0d44a39516184e338947cf267e60baa07,0,11272381,client_a_preview,0,processed,,1780929797043
0xc895c40000e55bd5fb385bfddef2523a798c83f9f1a945e672b729a0dec999d5,,,0xd50d1a14a7126f4f4251c8bdce610b35bf006e823a40f138d4eafa190e0269ea,0,11272384,client_a_preview,0,processed,,1780929798171
0xb0e2f7822f605e64971196db2ce8c39de9f26685e28bb1e909efd6f266b2d604,,,0xd55d932f59de30d9eec2795759d959ec8c2df6d6ccaa3e5e53108f620281c986,0,11272391,client_a_preview,0,processed,,1780929800802
0x5bbf8737eb278b67d9057fbd4ba95d058b259ab5b8ad85d1eec0e4bfb76cdd2c,,,0x48f3f051826324eb581930650276d89a60e567e4f5fb5de2f3849e17ddb763a0,0,11272394,client_a_preview,0,processed,,1780929801887
0x4c0b60ecb2f4e28a1a20f234c4faa1baf655c0b719332fd73276ec657d7558cf,,,0xa0723fafa7cd1020560d443e32580e4a39d7889278afa01070f7b8ef1d6b86a0,0,11272456,client_a_preview,0,processed,,1780929821137
0xd537fd10bbe9f16efb2690fd5333e21d7e29b63e8c2217875fd00470b6424867,,,0x1bd872d48b7d16d2be903bffb5c707794a3991b4dd0448717a7ed6ba97cb1cd8,0,11272467,client_a_preview,0,processed,,1780929824964
0x6c76ed2ec059d4db477ea9941f4424a8e7731b5ef10a5d55cb0d0b12f6e6f264,,,0x828e58dffb3f459cd8231cc921c36c1aaa74fe8f3fec44edcd1cb86e737dd0a4,0,11272481,client_a_preview,0,processed,,1780929830154
0x9d44ad0b2031250e48124e06b1f9b26522e12465a62836a3540b3dc50dbc934e,,,0x463b7258c620bb74b0d774aaacc0adb5defa77d79bfa617967032969a5617872,0,11272488,client_a_preview,0,processed,,1780929831865
0x7257426e833d107d1a101baf689b861a3e1b51f626bdd56ac9b6624e6ae6cdf8,,,0x4a6eb293a0a9f83cb6c42688567c16df4bca8d97838eb270dc86095e694e33d3,0,11272493,client_a_preview,0,processed,,1780929833337
0x3b9b6033ee3868bf6e3c92ee5f947f4c822728ff1862a0e44c94e0ada6d5f27a,,,0x7e071b642d32a57f0fae7a5a91531e6ba384c27b0c94b65f28d6a0f2d8b61f1d,0,11272501,client_a_preview,0,processed,,1780929835864
0x255a493800276988b446e86e0c7e9b0c335d82842c8312a891e78c38440b0548,,,0xf6f6a94caa9efa1d2b6326d1d81f321b4e56f7993aec2550d616f3eaae8ff4e8,0,11272559,client_a_preview,0,processed,,1780929853381
0x958faf5764380b4f84b0729184addc405bee4e9a566d3a2dc643c06e72c8dd55,,,0xe025bacec6113bbc51429287df897f1e7727861846ef24a614188d94eea66add,0,11272571,client_a_preview,0,processed,,1780929857041
0xd21f3b265021f39fed6230f27dc6ad8c36439fc37ea6e0a96f78b6e5140eb5dc,,,0x7c24c269c8f11c00f6e70ed87cae88f15337f41979e4ef009513eb1dd9ba783d,0,11272602,client_a_preview,0,processed,,1780929866829
0x08ecc2d639cce656df069909494cfcf73c51f52b5bacf98f68c7140bc14d6a32,,,0xd4e09e9cde4c9cee087a1715b2ad9e9486a25be2331b37645d60029c9499dac6,0,11272605,client_a_preview,0,processed,,1780929868074
0x11bc7ef3d586710b7ac5e156f42796e26615c8e15301cf75af1a13b9cbd55ae7,,,0xea779009c05d07648478e19becc908c8e1c6ce57d671b59c10fb73dd4dafc9b6,0,11272608,client_a_preview,0,processed,,1780929869064
0xf9e12c8f5edae4dca8da3d36acd8ddf5c58d5a1356da6b560317ad79e0b4d44e,,,0x806eb4c1c998cb730f108083bc76873e81130bc0bcdcda3f37739bd5f7fa7823,0,11272614,client_a_preview,0,processed,,1780929870811
0x10640951e0257ca73e226248c50778584bfb789807504b16530e84bb1fa66716,,,0xc00368042b9fc1f95346d7b22b78f89a3a3e789c5bf8f036ecef788a78b77898,0,11272617,client_a_preview,0,processed,,1780929871927
0xaeca4c877c0d3c734131de6f7e3c75a265529c5c1a1c7a071499bb7c3f422bf9,,,0xb839db193a254987441526a125db406ea6be1f8db2b5945e354507d1729c5055,0,11272620,client_a_preview,0,processed,,1780929873461
0xe472202d440979b430638bbbb14c7a4edb784b404e1910dc2dc2723c3938ce79,,,0x1beade56242e1e278421b0a3886c846af5126b29a89a2b2668e50afaa84c934d,0,11272625,client_a_preview,0,processed,,1780929874876
0x411924078e1fc743051e0ec107bab399f5e5bc97e276fef5ef4be5ac93910b14,,,0xc13a83f54aa11c4d315a82502036a07985fae02c8b2d5bf201c8c9f196b749a3,0,11272637,client_a_preview,0,processed,,1780929879520
0x5b72dc7c189bc4d733f2ba0c6ed91a44d206177c1ed278e75202ed6721893408,,,0xa6d0ab6e18f62ec67d05391bbd39aa6d174588c21c8d7461e4570ac3ed5f1991,0,11272639,client_a_preview,0,processed,,1780929879928
0x3300ee099b0e0d3a39635369803097adbdb394a547f3e4cdf8c17b7962d03b40,,,0x7427ce32f88eee86a94d5614240bbd50b6546886cda03b3fad4d9857b12a1051,0,11272643,client_a_preview,0,processed,,1780929881213
0xc08abe6842270e816c3e203e1eed79f7cde8f5b619703fa0fb21e28aef2d881f,,,0x4fb599d323371fd8005e824c246ebb156309e729ab5c6f6abdf2dfd6ca92fe13,0,11272651,client_a_preview,0,processed,,1780929883960
0x82cbefdb0691d3231e88609624abe3da27f6815e0e4a25c82b2c4df894493fc2,,,0x2b8c8289908dc21bbe753d95470d1e5eddc6063c33d278f9f5e949dc90a563c7,0,11272654,client_a_preview,0,processed,,1780929884985
0xc3a63db4b3b9795d1ad6638d5ce7f90347bc81e9fe94cc38a48006b105e1d96e,,,0x273c32a43d9a99a6eff9cf50da91e196341595e96853461f78eb1275cc8dff72,0,11272713,client_a_preview,0,processed,,1780929903905
0x165ef8f240b1229ff9a460a5680b397a94f31ef91381b5080bb51cb5649c6889,,,0x0592926620c4829ee683f8323d6aab25b389ac2fd53894836a207e87034a10e5,0,11272725,client_a_preview,0,processed,,1780929908232
0x7721d35b060fb37013d6395e780f84299a42d6f34bd0e6787da18edf6adc29b0,,,0x30d3bf4ca904e80cb428655a770e5938e535a6ea650eec0f41adccd243cdb338,0,11272742,client_a_preview,0,processed,,1780929913588
0x0cc0c18aae21c38871ee193b64e9dac1cb45aedc43e47e584443877e924d5824,,,0x3867381fbedab91babbe29c2b56b16d5fd2ae33bf9cfa0b733ecd753560f7a9b,0,11272750,client_a_preview,0,processed,,1780929916166
0xc3193432b8d7b9079b07c80a5367be2444c28b0eeb511443f801f5bb99f490e9,,,0xe6c26ee5f955a5c53fb66a57c52b7691db9970b77feed43627840e03773ddebc,0,11272754,client_a_preview,0,processed,,1780929917591
0xb0d5dc452027a89a83a07b00246c819f42362a6c86ba5097fe22a57b48952f40,,,0xe745120365ad94058f57331817ddcef933f8bd0db6abd3ac7e2a3ee6f33cf7fa,0,11272760,client_a_preview,0,processed,,1780929919278
0xb0b79d95c8deb2be90051b766ebfafd232653830aafe2e3b94e29d4aa3f8ba32,,,0x0afa3ddc35367f28dfb83dcbe33df00a1095018d7115ee76c6e24346294f11b2,0,11272814,client_a_preview,0,processed,,1780929936775
0x5708345b40214f6549007d0d831adce7613aab1e00c1a577d36888cb76b5f24c,,,0x95b2d90f151fa4f97e0b7b4b8d5cd3759db3cd123dd138c15d7bca0c6c9a5f09,0,11272826,client_a_preview,0,processed,,1780929940627
0x6b610618e579c3f632562f25399d6c2beb2971787a9c5f0a1dd54b72665b838b,,,0xca62a7781ebbaa314263eb4da6c1fbedcace3c726323cd4c7b5bc4bf7c81b46e,0,11272862,client_a_preview,0,processed,,1780929952025
0xf9e8aaaa9e521458d88da43f9ecf8f29d29d5164dc6c79f2c204cdea426a3df9,,,0xbc7338b5061a56ad1f8a387f6ea3670dc749eb17c33b84d8cc2a3a2a13ca1b45,0,11272866,client_a_preview,0,processed,,1780929953481
0x21213f2790a1af2a270608b1eb9a16861454de4d0322a806c19b662adb8c8dee,,,0x2d795b9f0183f53ae8e5c2359aad77599723f5d0f386eff41962aa882f4fac1a,0,11272869,client_a_preview,0,processed,,1780929954588
0x4bf80588b68aaf983bf7959bcfb53c330ee8d3c9a172c59b7361faf7d7f95c1b,,,0xbb5bb2126393898c88f20894dcca9e119bd0d8db630f7225cef5e01cd4e87b37,0,11272871,client_a_preview,0,processed,,1780929955135
0xef1d0f4aa0449d2a3a4eea8cfa03fb6ac6c3fc39e604617f8e33040ddf6656b8,,,0x0507386b48b275860d2366df500637cf429614e14d65e0b26b1bf358cdbe27f1,0,11272874,client_a_preview,0,processed,,1780929956199
0x4ca2c4e839d246d520f122e046611d609e53efb1e7c9e65218ddd6e171b5c5fb,,,0x7ec3f85ba93dd60ea2f7c8ccdb85a15e37961468575ef2b603da0e80a40a9fec,0,11272877,client_a_preview,0,processed,,1780929957354
0xcbbfa5112bd6d1a33ee1c686550e2490b7636aefbfc8d9352f788262eab9f643,,,0x173db0042901e17309e12a69e7949f265113024bf2b1fc015b76ab7c0bf4a802,0,11272887,client_a_preview,0,processed,,1780929960464
0x4a63b09efc405969d2648e31ecaac7144e94a6f224fd37dacc865c13649dfd79,,,0xca16b0d95311f74dc686ee9270c45afdb6efeb6c0d741e97ba0fc91f740e82e3,0,11272895,client_a_preview,0,processed,,1780929963704
0x9a7dc3db98d443483500e415fd2d7b306cfdd8806190bd52e2160f3a1f55779b,,,0x7718060987cb60e7062aca6d75a98cdb25080b452d28000630735e5e2829e478,0,11272900,client_a_preview,0,processed,,1780929965523
0xccf5f2d696a5645c3763874037ed4c670a36e2a6c83f1be0187594462b61791f,,,0x5134fefc978095dc204babe86b5480429836b2851cee5bb1a7ef7b209666bdcf,0,11272903,client_a_preview,0,processed,,1780929966742
0xbc6b55b1ee6b4f1204912808aac0c3869b4b209ddc02e523f6f67102af6bbd48,,,0x149db4dc0fe3c4638acbbb1e5fdc34430be5070dca6a3c8f6a497adbad07f461,0,11272910,client_a_preview,0,processed,,1780929969015
0xdbf0f5e8eae2bfedbac8d85486cb645676f126a3c17c3148f33fd05972e076fd,,,0x070c9bd4059807f9c10a3406fec004438c46029107eab9b1500d35f25a9a32c5,0,11272913,client_a_preview,0,processed,,1780929969899
0x3ebddb53437ef69a79b5a0edff645bc922f9c64c4c02349f7593494e62fdcc9e,,,0x99c18f72b8b1acdddeb4bf133d7a6a0ec838874030b2821c725102521385aba2,0,11272976,client_a_preview,0,processed,,1780929990999
0xc05468cf6e5d67bd147e160a0066bc47cf4093025ce9cf4f2e864ecf4bef37b7,,,0x0dedc5b803d51b582d60673d0028205d86d04db6ee0d6d886917e3a8b95966d2,0,11272984,client_a_preview,0,processed,,1780929993576
0xee39b905f81dae3b71eeb76100e567c97e6e4e3fc75e38ce3443d59b20d3a480,,,0xa48b5336ed6d24edb30fc586a5958bbf79793787e4e31d94fabad7c4ec9cdb98,0,11273005,client_a_preview,0,processed,,1780930000080
0xcca3c2c71880ee60e79cb015b759d31b9d02db6cc55f52ed58ad8d8687760158,,,0x14af25a0b366ff8263622cb4eb87bf0b1d2a7a92fcaac1c38913c2f5a72ea4d9,0,11273014,client_a_preview,0,processed,,1780930003103
0xf8ef13a5c48dd68e7c27ea1a60ca2e1f1027eb3f46d34a268b453eb3089467e1,,,0x652327d710f4d58582e1f2a011cc533d84ac796c2c2cf1bc8fca01de334f539a,0,11273016,client_a_preview,0,processed,,1780930003802
0xd27d5ee70f2416ba27bd17b7bb4252b8da47a9ecafdc92bb501d034887fd91ba,,,0xc15c470508b6276c19d78810bf5eaa6c559021a67fc499be9524132e8fa7c0c9,0,11273020,client_a_preview,0,processed,,1780930005592
0xedd82080c5dacc821515f5049190b74455efb1be5c91517e5f80451d4d63b542,,,0x3c8a69f69b31d7fd0ec6570098afb12071909ff2a51ba71ae31c4bd437f6f065,0,11273080,client_a_preview,0,processed,,1780930024587
0x046009ffd56cbe6174b03d96283074668c19a6932e559832bc7c4a06c29c1bb7,,,0x701e798b82973b95ca2a6566c105774364e3867e496a5cf4d67a2d1cc672c026,0,11273085,client_a_preview,0,processed,,1780930026425
0xb1a1c6f2003f0e0078ec58e271306ccc3c2e0e895824aae91ab8530ee0fa6777,,,0xbd0fddd4103145dbf9f1f113312ac944208990b7b88f3dff9da762e3d93d21de,0,11273127,client_a_preview,0,processed,,1780930038641
0xd2420746d7c20a01f39cb7784d7ecfd6214c79cfe13ceccd127e317d98210264,,,0xd636b4d0d946a5c03233ee11c9f65311a942e7acbe07cfd8f0e4b1d14d0856d5,0,11273130,client_a_preview,0,processed,,1780930039830
0x2246b95c78d0fe627ab5da007e2aaaa07ec878b438637cb9c7726591d100966e,,,0x192805acffe0665f083773b0c21aaa29e24989a2cb2af26901b8e00644d2ce0e,0,11273131,client_a_preview,0,processed,,1780930040199
0xa4156a71023173aae696736543c8d33c94333b620a8ad02be0f7b7d54f214977,,,0x84c4f43f119e1687ec8bfc8fe317d1a3254dd19250bcfe94780090e07a7b18c5,0,11273133,client_a_preview,0,processed,,1780930040948
0x99f4a73ba928381a18b0702274b619a0555fa1090ce677918686d44c8d8e481c,,,0x00aee4fce68ad9526c845be34d4025d8a2f9c77f767f917424ff7f38a7609d39,0,11273135,client_a_preview,0,processed,,1780930041342
0x939d6d219beb7f19f5952f652a37e8dd10916cd6c491f538e1568f1d5a2c3806,,,0x2a21b3e0e25dea08dddc0236158f36bdd57b538758ceff66f10692db8e65b360,0,11273138,client_a_preview,0,processed,,1780930042454
0x5d3cb6b78d4b6c4acb21bfe253b2f4c66c1d0caacaeafd6216eb4aabcc810355,,,0xdd9c403c6016044249b24171af7e847bda741bd25e200d44b950aa4a9a0d055f,0,11273152,client_a_preview,0,processed,,1780930048151
0x4be2ae855513222c7247411ef5dc4bdaee1c0009ae9301beb2e16e0c079b9291,,,0x6ce24e7844a16f44548a1aa2f2816d5bf80f4e1f51699c78597005863e3ca20b,0,11273154,client_a_preview,0,processed,,1780930048673
0x009e7b35a9e6fcf9152c6fb30f554af66fde99acc3ef859d4285ea2fea82e885,,,0x1d8aa896fd419b5fbb7a033ec5d40708c663faa7755fd44090e2b58ba87e4897,0,11273165,client_a_preview,0,processed,,1780930052558
0x4dc5ba35e48f966f9f4fc4dbb125f9defbfae48a99a3ea7bd520299ea99b05a1,,,0x6ed0a3b0a9a757d3986bed828eee19d4c9edcbbe6d92317b3c68e71e4df13b3c,0,11273167,client_a_preview,0,processed,,1780930053150
0xfaf4c2b19ec622ec34420888a31427f2a8fa244b622abbe923126f421b48433c,,,0x460a094b07b0f8f4de0954dcec2c033a1d7cc35dc06bbd8a27cb1f1ba5787e90,0,11273168,client_a_preview,0,processed,,1780930053703
0x9c3b3f787e247370f1f2a28ddaf56a0a683e0480ccaaed2054c74c8ae6e27355,,,0xa90c7b3c831ada20086a0d509927910e9521e1d53717a49ce2e591398d8e491a,0,11273170,client_a_preview,0,processed,,1780930054289
0x990e7103c0c40c5782d15795bb38b8faaabf444d53396faf7fc5a16c6e62b6f0,,,0x1efa53c3e496cd757c582aa440d48004eee9b41d31aea2ed70ad6edb45b61143,0,11273240,client_a_preview,0,processed,,1780930076247
0xdb2ff6a8bcad5b0e327fe8e7213089aca28076e13eef6b6e461efc657ae7231c,,,0x2d9317291895d863d3829762511c62f1d28198463b9ae1ce423e5266af27333e,0,11273242,client_a_preview,0,processed,,1780930077069
0x312375bf91d87c51530a4c7ad0f4f13a40707c0dd4c02f61db3e62b82988371a,,,0x33b2243b1a6a72a4a9822c62db3aa3a55e151c06a95451444cfec40fcd588a4c,0,11273269,client_a_preview,0,processed,,1780930086079
0x17fdc7f4b9e0efe2c236b39f283726380cd15e56aa3d46109793179134286121,,,0xdc15962fdcd9517b7cc642f6cec60c36bbcf2d700cd00625286c60f23c9999f8,0,11273271,client_a_preview,0,processed,,1780930086730
0x698d6265fc07ffec3def6ea9a6b5986a02d9c7195dcf05021fb5c75ffb15cbe1,,,0x19a931c38a371f942c93a517084776aa7e608cc265cd7de8d78a904babbbebd8,0,11273278,client_a_preview,0,processed,,1780930088789
0x1267d611184f74a3b82a7af0df8c8c9d6dc4c78cda6499e70f58df112ae78db7,,,0x1490763460b1aeb47cf389e818160636d76a3e7c548d0bebd7bac943f019fc17,0,11273280,client_a_preview,0,processed,,1780930089218
0xe7215cc03f0ac5771dfa70f282ef5a8311b299aa367fa2fbfb4990319a160dff,,,0xf4ce4665bfeebdd7299bcc44f4783e774de9408cd01f5e69a9c27d10bd5eebdf,0,11273342,client_a_preview,0,processed,,1780930108580
0x87186107d2d620e3416fd5d07214015bd7b7afa620d757296ef73744c99724a1,,,0xf7299f676239df40d5fa9b1f4cd006ae561b0df9013302c3c86d516d221cf460,0,11273344,client_a_preview,0,processed,,1780930109077
0x6dff9866ed7d020ddba0c265c37578f933376f30ca624014edb15419115c4b13,,,0x68e4e2a89ba7d17fb0ef27aa26b6c15ae685313b33c446e353b3844bde4f2851,0,11273388,client_a_preview,0,processed,,1780930121910
0x7962bb147f04e9504255c2d2c30f859b63f782a6eb4266064624c16a27a1395f,,,0x20e6eba1e56b0fad3d057a9a098a8763f99035adb2b3687f515a9e3d466d9f4d,0,11273389,client_a_preview,0,processed,,1780930122454
0xc501181145aff0aa3cb5e9ab3f6c0b0cbc4c9d745ad216075b20e40500c9a621,,,0xdb28aea1aa9f053de9fc838835977815467148150de6b35442554a59d5acd27d,0,11273391,client_a_preview,0,processed,,1780930123284
0x16688757ddacf74ea642a5f34820a83aea3a374cb565fe2de1386af52cebd696,,,0x65788947407d5efe03abda4a0a9cc3ff4770ea76d871745568b8b983e51e665e,0,11273392,client_a_preview,0,processed,,1780930123553
0xd2eb8e74e7ccd29e5478a28c17ba2ac1199f8ddedcd09fdf91d3a48a893a495c,,,0x007df46e3632b7bbaec32d2966d14393d271983775e758c39d76a4874306d646,0,11273394,client_a_preview,0,processed,,1780930124423
0x5adf0ff600ee8cc5802d7b065edac3ee3d9746ac7c2564306a18c158743ee297,,,0x0556809c7c25a6f4b7f7ee81a9e2c930bfe87ef0dd24210bf83dd895d4138f80,0,11273395,client_a_preview,0,processed,,1780930124691
0x244ac0971c7e7e55bde4abbc4d051c87fb37a8448e836f6e01341b6d3611f1a8,,,0x7f931e11ef0b1e3b0918f71ffa21ce17f27787e78512991291d1c8c7fc2b5e95,0,11273410,client_a_preview,0,processed,,1780930130283
0x9a4e0c8cc2c62a666cf83156b423bd8bfb6c9b3c4b746bc86155f5e0555c8c13,,,0x761a7defe8f172624c5ded3a4cbe44c72952a96a9567f358e00a58c85300dce4,0,11273412,client_a_preview,0,processed,,1780930130945
0x3b0f179a9ba3394443ec8a6fcdec94808db3aebab2e5c4fee478fe408351169b,,,0xda530a7a6ec3e4d65d7819c304f054f99186d5ae8e7ec29991418075d3306f24,0,11273424,client_a_preview,0,processed,,1780930135091
0xabd6ef9fa1247201ce31863187392c59610c3cb8270001f76b2ff8f08e088c9c,,,0xc1a2ebb76d47dc5a02bd8b56a4bb8afbed04781818c9098641391f4957ab9093,0,11273426,client_a_preview,0,processed,,1780930135913
0xfcfac8aed5d4a3373237cea4b14277184dbd3ad3af076a71ba943928b3572aaa,,,0x0e68132be6b0e2a099f140e9657c477b4bfc18c104a1c1b9d13137ac733253d9,0,11273427,client_a_preview,0,processed,,1780930136193
0x78a7ce96d3121e7767c134f29be7917b520f593a23f577110adec82686f987b9,,,0x0e155e2fcfb0fc8b36c9b4aed083e279f2ae7c5fd648d3c69069c21afb837480,0,11273430,client_a_preview,0,processed,,1780930137117
0x759dce14e7fc935d6b2ebc69b099b4e4da9ede6fb5078bb2729a480c7f083d9d,,,0x899e00b56530b5259cfe70f025ce2bc910ed60d0a4af7dc0dc7a6d4057ad75b5,0,11273502,client_a_preview,0,processed,,1780930159699
0xc3ddc9866867085e16f0c60bd14fef7996ef508517c872e87821b7e0d9608dff,,,0xafcc37026098ff9004d061be4d99658962ef2d8aa137438a64b0949ee45a79bb,0,11273504,client_a_preview,0,processed,,1780930160336
0xef05f54779d164b4ca0aef7526fc5ca3969a643a6919017edb61cc1a0add9510,,,0x5b3c0cc0cac0e0dcd1141298d6447da9973355d61ea529db0043c8bb30b0b3a1,0,11273531,client_a_preview,0,processed,,1780930169510
0x33350dddcafe4b37e82dd23b305d27602cbd315081ecffd607298bb60d763051,,,0x614d81568b17fb7dcd38304877dc8116dff7ae42ddb77f69d0d5be1009372bb9,0,11273532,client_a_preview,0,processed,,1780930170069
0x7eb34abbf38110739c3db65ea717334f55d24afe98545a738000e4cbded1952c,,,0x571f176afe7e4f1f86fd361b0caffd54037214b2f0f143a86b68a5927ffdb4af,0,11273538,client_a_preview,0,processed,,1780930172151
0x9c220ea5621ed37443ca88788cc6df8b12099f57449109e0df63b1deecb8ee3a,,,0xb456045ecab0d2ee68155be41a21b0d3c2776bb6eb6734594b23f4942ebb7a9d,0,11273540,client_a_preview,0,processed,,1780930172785
0x03037848923a8884cdabd9c2b50b93e8bde97f4750dcf229870098009947b8c9,,,0x638c4aeecea36a345c2b7fc2db6eef10bcbc799379c7beacdd49adcfbf25ac0a,0,11273601,client_a_preview,0,processed,,1780930192502
0x917d4e26282731e9db0f311ad6d924acf6d704feb9fb07bb6b2b3b876dbd1d81,,,0x9a6a01582fcf9728298120b67574f537993e68ad8c49fe20e5f7bb99e8284919,0,11273604,client_a_preview,0,processed,,1780930193053
0x9c71faaeb48f8c2d10ae31b0655107562d493016a6bd6a7d5b90bab981d2eb13,,,0xa181650566e8cb782e4508db4d9b8e12d7f38c016e6dc9d68ee04e771aadaaf8,0,11273644,client_a_preview,0,processed,,1780930206625
0x052d5d9f8219f24d33e15cb0ffcbb6cbf001c8c0703ffcf2b8d7091b9e7752c7,,,0x08ba01e9a1e296ae0bcf05fdf2e2fd1aa2e772eca32a6147218ed0674e7046b4,0,11273645,client_a_preview,0,processed,,1780930207197
0x3e7e380160171d1545846780e95ac2a76a883f99ee8f3617f8f84b6e37b11617,,,0x20023899ce9dcb7a28816ceac703443956e4f9f5cf6256c037ab53bb35594c69,0,11273647,client_a_preview,0,processed,,1780930207803
0x9c452bac922d76c008df95d420e50ac56b8e94fbe5ddcf3a9f9009a727615ce7,,,0x477253e72a878af9e150d6b3e1758b9522eef86606335c761d0f86c0c8c76e0e,0,11273649,client_a_preview,0,processed,,1780930209003
0xb8c27e696761fa1e97065aad9b14b498536437ae6790bb8dad81766b805d7ab1,,,0x352ac4223b2c7d1c60d21413e816f23a0c40ac6d9b9296dfab7c14b53ab4568a,0,11273652,client_a_preview,0,processed,,1780930209238
0x8a1ae1beffe4c514d6463784d3e464f374bda49c81af6ebe6119c3ad0f49c435,,,0x1707695d252108ba404abcb5c1b960faf0ec5f84b4be63240f45a90ca20e4d74,0,11273653,client_a_preview,0,processed,,1780930209508
0xe4925ce09fa0b3930d492c812fa5482e3ad3472348e7bd5506d6fbeb63d4c461,,,0x21fb73cff0c54d00300f24f7962ab05649f9c381fbc4f01e9f760f7966ba37f8,0,11273670,client_a_preview,0,processed,,1780930214186
0x6ec9109ddc90c2cb8f5c4dbf17c5e147ace3609a2e944b49a81580b3c0e9134a,,,0xe328fc7aaba0a1561e672f04aee2c47f6bdf4d4b0d19039445acfc6a3ea892f3,0,11273671,client_a_preview,0,processed,,1780930214626
0x5a02302d8b475c9afb40985f2e7edb38274f6ba3a95a6f7822b826b11d602f1e,,,0x513fe5ed3db706ac9416f5c92d57e723246630b8c6ffe67958398155b33c609f,0,11273683,client_a_preview,0,processed,,1780930218578
0xad37e9acf838952cfaeb644bfb36d4c05f93b5f91a8881aff3fd57dab7a91992,,,0x1f83c0d868e62f672e6641fdae6abf6585af16e25fc2738b3de9ad5dacd1dbff,0,11273685,client_a_preview,0,processed,,1780930218921
0xdaee147996e97ce0be2db6702e03470494e44b154b8b42ed4c57c43b6743c640,,,0x711a0a7aae1027bd4783bc578572a15a7ee6e808c8805f441c7a85f9246db397,0,11273687,client_a_preview,0,processed,,1780930219665
0x334212c6739c9a2f075b0194d91b28d028475bdc93a00a7a55ca7ac76a4303b9,,,0x0d30a6e6d0fde228d28f3476c650f66a18c98d8f15da7ce971f6cb1416609859,0,11273688,client_a_preview,0,processed,,1780930220082
0x47cc6f044580b93de2f1f308e85771ff5a9c4cd4d4ca646f53bcaa9001b32ed0,,,0x10bd5c8951bbde45aa5269cd19699813c23c6deac88097ddd5bcff1c21fffc5c,0,11273760,client_a_preview,0,processed,,1780930242657
0x20608d89adddecb660dbd528d2e16b8e1b0d29b92a0f3669cdeed5f60a19915c,,,0xd541c6627c2402313746b4749a0b01a97f8e55af0215144197902a5ba5e15989,0,11273761,client_a_preview,0,processed,,1780930242974
0x3a89fc4d370f1256751e89b0f3700a17abd7d510d0562245505b4124181881ff,,,0xc5a19714a40c812471581559c957c282bff8a5160104c453c262a5894746c20b,0,11273786,client_a_preview,0,processed,,1780930251608
0x7849898d384ba5f56d4d9bd3babbad8500d6439e847c5c068cc59a64f4198251,,,0x546a7d9eb5fad1f04c83b5be744b524e57ef096fe281b3c81f1690b3aa3fd68f,0,11273787,client_a_preview,0,processed,,1780930252182
0x6ea10923d228017c021c80092faa458d57ab9d2861c498d13f61eb30bd3ada76,,,0x6cd6428f8714d723bd68accc1440b236e38ec426ea344d766bead018f9e45ea2,0,11273794,client_a_preview,0,processed,,1780930254158
0xd3e6dd264c7c9f8feca0450b18ca1e78b62a8158014c0bfad53f2eb2da52db79,,,0xd02c38fdb9dffb20d1d9eefd307cf01120a675718467ab6672ffbdc778e18bfe,0,11273796,client_a_preview,0,processed,,1780930254763
0x6c7723c7639842748f0757c69c24a7672386f9653e570ab6b41bd6bd27462f78,,,0xe28e217db304b57c975e1daefa2ff221524d5c14c4f80f6de50523369c3c5a1d,0,11273861,client_a_preview,0,processed,,1780930275079
0xcef9fd0d31571377153e6ccab4956a83614898c82af8955d5c51468a7eb84bc0,,,0x08fe822253fb341ab403a95ed57ad24e6095f360bc836c2686b397ab4e1f754c,0,11273862,client_a_preview,0,processed,,1780930275492
0xdc9720bf94f3916121c2230e54428bf7f769cff2ebaffed104aa1d2bef77d2c5,,,0xd99515889b0a3047f9f21eef1b329f30a1ec697ef44c50f7c8bfea1a3c34dd50,0,11273902,client_a_preview,0,processed,,1780930296791
0x22b08d24900abcd757d5eb90260d35d1a804031705f529a7ec25e19eee03946f,,,0xdefa35c77c7bf18c59bd6b7aca23269f725a8b1ec509e54ee78e9fd502753ad8,0,11273903,client_a_preview,0,processed,,1780930297048
0x5a9fa939c3addf55237a12b8eab6724eda33e63182db1c466b60c816510a7ca2,,,0xd5175b45b5e2c572939eef76d2b94e03a26681152f9a8d2550481c8f4e97c8cb,0,11273906,client_a_preview,0,processed,,1780930296942
0x7ef4a48b752ed4297aa91c48fd792df12ba50de2fe6d950d3288bdfaa5e334e8,,,0x2753702f923c3a45ff04f331c53153f6f560e0bae2e640e5223210e86fe26889,0,11273907,client_a_preview,0,processed,,1780930296703
0xfdc0ef50afc626ab85d5ee199c087944a47c4ed4bbad4b42d58e3aaf5042af29,,,0x7df87357b6854e57bcedd358c8cb22cdd7b2506f7b64c64fb676881e3ca9be7e,0,11273909,client_a_preview,0,processed,,1780930296952
0xa044ff9e879cec7ded5fae5682a1ac7a7743c0bc7406c86028f61b06b578d70c,,,0x4a64422035fd7498d60aa8e3dc9b8fb6a91d0c15a2fc3759e4fbaeeaa017ee8f,0,11273925,client_a_preview,0,processed,,1780930297166
0x1d953a7e9995e981f05960f4800ff73281a98a2faed3def4ca08ea4fcf4ec7a1,,,0x4e1b029bb0f320cb0215a3d370ca63e55728491a51f725f4875e40f43dba1fda,0,11273910,client_a_preview,0,processed,,1780930297198
0xed3ce6ff26be35c71bdc86aa4fe50d4d0f56c9f8634ea3fdb60d6e075d7f9f4e,,,0x02962d6dc3c2254b814816fc6a4a7a6ec39ba1282fac10b8928b05ba0257ff5c,0,11273926,client_a_preview,0,processed,,1780930297569
0x3a7d84999510a6353f00c5d7920bafd763b026230ae3de1b21d5539f42aebfd8,,,0x6190c63b84bedb8384957fe55935ddfa7e2d523493e9789b063c271ce6ac8456,0,11273941,client_a_preview,0,processed,,1780930301602
0x9cb36fd6eee19c7b198691bea0f7544c94dd9baba5c391c007dd349d40a40540,,,0x40e2de0f790ebc4203266a47c97fb8c40629c54ceb93713a5612c374c4eb2171,0,11273942,client_a_preview,0,processed,,1780930301994
0xf01de93928d86716202ea57aee09987f5e7cd6984298e349380b6af78f33abae,,,0x2b710e235388e7dc4f61c88f5be3031d3880755ee309f3da52554d3efc875177,0,11273944,client_a_preview,0,processed,,1780930302620
0xcbc9424842ff172a454894b0ed09ff885ba434021267609ac2cfc18737fc7333,,,0xb9cd537373e65ace2f83664ecafe233ff4bcba7758e776866004ab36012678cc,0,11273945,client_a_preview,0,processed,,1780930303111
0x03b69be2eb2321a1ab04b3fed87c06cff0e387b39b8f344eac212afd93fffd88,,,0xbc7f803ec04c162f5a465140fc1fbf40642b0a309286c58b3c202cdaa3885947,0,11274014,client_a_preview,0,processed,,1780930326195
0x9efb59eecd48d6440934d7775b9e1f10fd7912e22e654f091bc021fa62e6387d,,,0x09eb3c7dbdf6c3d4966ca69914f6e8c2cd33a8cf82854ffc32be7be07fe41859,0,11274016,client_a_preview,0,processed,,1780930325852
0x0f395e4fc9d93b60db8a47a2c2d11817dba079522a2f1c5a512df5284535600e,,,0x2f5221fd75ce0b1affd281629a8f887cfdbd2005505e7211a7368b3ef7ef212e,0,11274044,client_a_preview,0,processed,,1780930334357
0xa37d1e2932bf8d4749aa90e09170db11946bfd26b8b60da926534f704c3086c2,,,0xb7db6dcd3d8381fc95afc4ec52dd5f759f02fa49f389224c1657dbb3a30ced44,0,11274049,client_a_preview,0,processed,,1780930336077
0x128f855bd0d461d6b85cbef616bee7d3cfe4b0e762ee4c501b0c0c74c21bd0f6,,,0xd122e3914f1867810ea5f969b18c4c8e73b345444c52f21cef85388dbdbc9c69,0,11274051,client_a_preview,0,processed,,1780930336973
0xfda1b5bc031735228d86324b9764d62156b46b975b952c48b2f4feb8efc4ff8a,,,0x51c77a4f043c4180620540c552268b55cdae5fee5d037e6c794c64641aea675f,0,11274056,client_a_preview,0,processed,,1780930339152
0x6892d5012057d8434908846cccd044fc80da99d68b161a63c8fb802710ba7616,,,0xe9005b585058919edf5b327d054ed34d0bc5c5bba2b811522d5e0cc175973ab4,0,11274112,client_a_preview,0,processed,,1780930357698
0xab12d5c75729dea6dbf86c9d767b499c853b6969b4bae03abc9952db79315163,,,0x129622dc1c2b342227ffc9bec00b1143fda049583a729b2538011876eb6e84bf,0,11274117,client_a_preview,0,processed,,1780930359441
0x32c062fe8674e60ca30abc3fc085ddf66bb61da3b916c8097bc68ad15618cec1,,,0x2b7b56163126ac21c6c1f064920b225aab563c7adaf3892531dd4ebf7dd38972,0,11274154,client_a_preview,0,processed,,1780930372489
0x4a3eac47603e880b6d03e5c680e24519082256fd21ca685aa4c7653d67c111ca,,,0xf54fe7edcb223048b30db459bc7aeb86bec26233aedfd9fad3ed5655093e8b7e,0,11274158,client_a_preview,0,processed,,1780930373584
0x59f14fbcc863dde1577f4474fee9f634a0706a84254348829f6c51a6e97e012b,,,0x19a4686d9d859042b77740b7543905a82a59369a0ce75bd5439db4ecca0190b9,0,11274160,client_a_preview,0,processed,,1780930374282
0x6ffb2043cfc94b2fbbb5262bfcabe085789932097b0e357cc3478f20653a96ac,,,0x216c11fe0c4aab30747320f99061cd78ab00f3b47ba7d0e29a9177fb6dab1475,0,11274161,client_a_preview,0,processed,,1780930374713
0x724d1e2a19f265b6f5369dd5f95e979cbf2cc48b764759445accbf912666d1fd,,,0x6aafe8f702922a1f4b34b0707cdd96ab9687424d4f8ddedc90458b2e018bab2b,0,11274163,client_a_preview,0,processed,,1780930375391
0x35b395d518d0be1d42a53658ce7f7e89fec38686346a8a1f37cbc07e659c1b55,,,0xfb72a777f8685865ecd83402d9416f9330f2aafe9b7df9c81c20f79a540f34ce,0,11274167,client_a_preview,0,processed,,1780930376497
0x75b74f53436ef334abaf599bc413415ee55ab424e68055fc72a2b9a773508050,,,0xfa584e6e6265026113a05e90646ca8613492ead808a094c66dc17275655c8bbd,0,11274180,client_a_preview,0,processed,,1780930380696
0x1a2d84dccbfea8ccb79f1d50ac36e1a2e83c55b2e7ea723a8eac90da679628a4,,,0x64698679f66af4a631e17601adf1af8783003194321c02b8cb7d43c483857e2f,0,11274187,client_a_preview,0,processed,,1780930382245
0xeb5f9bcda4becf3aec5e146b96220b3745a389d2330b10ecb3f9ef2ddb1d8d50,,,0x37a9aa8d69569f429ca587770a56390e4c2d82d0ad0b76531836e08838905774,0,11274194,client_a_preview,0,processed,,1780930384490
0x564fd7417865011f22a0d9c91be4da0c3e26f6805914450ce4acc8d1f38143f2,,,0x6f8b89b5d5924a796a9e1eabcfd95ff1a4cd83e3beae813cda8fe7a5862530c0,0,11274197,client_a_preview,0,processed,,1780930385170
0xa00678bcb0b809f168a1f549a4af01e126fee20762a09fac03825672eff55a05,,,0x700880186134e15eea6b57f533c6bd4681e9bbabc27106eb6925563cc28d59f1,0,11274199,client_a_preview,0,processed,,1780930385745
0x019124049739f0ac83fb4e2ff94df7560026656438abe8bf7e9c357acf99a8c7,,,0xe90706c7c9c3e8d0607b573d93b32670bc769c7faca89d090ae6cb44e555b247,0,11274202,client_a_preview,0,processed,,1780930386952
0x1ad6ffb279672833be0d4fbf8340d48e9e647b2095e83c6986d9446cb00b1860,,,0x1079ce78562d09ecc87d173413cbf20f977e77e25241c2622d4028b9e6dc6cc9,0,11274269,client_a_preview,0,processed,,1780930409162
0xa260f74042a3ab2064cf9f2f54b23f3f34b18aeecf1e5275587f7ca826759f2d,,,0x36a37546f2530aaf8890d3f9bc29555004ccbdd3542b7e740aa272a0728456dd,0,11274275,client_a_preview,0,processed,,1780930410810
0xddbb9016af4325e75206a49ba6daec5ba436a753e3ed25e98816a040f027550c,,,0x35b75fc233a0d38c27365ce14083757f9a606fe08fbff558651dd73a3aa732e6,0,11274297,client_a_preview,0,processed,,1780930417197
0x8d46f25bc22e5303f0954247a94b5292f3a29706b8d3d5d5c89d6e01bd020ffe,,,0x8b2883f33d16598ab81553eb97f4df8e3e5270ed6b539423669bf634ef9ae979,0,11274303,client_a_preview,0,processed,,1780930418989
0xfe8c1ee94e43b3d71d54f1efc9d74cb20c80284b6de5652b43fe4541629657e5,,,0x36c19383a5f1389d9b10599bb010419790594643ae264d7b0d7aef67ab2f5da4,0,11274305,client_a_preview,0,processed,,1780930419875
0xc4fa4f10c62000ad98d07eb4c17ea2ea5991677b0301c58c0e319b0d46d650ce,,,0x4661c1ad66aa7a6d6112875422a2dbef7c34dfa623c6b708bfd381f48f77c8d8,0,11274314,client_a_preview,0,processed,,1780930422692
0x1678394abbd1e86607c1af35b97a79d9a1cd10cfa0ba527981331d3f30cb6b49,,,0x8ef160c2747be4d703866bfdbc939a46c78c9c6964f9f9f384afdad31c2f96ec,0,11274366,client_a_preview,0,processed,,1780930440939
0x6d28c3c7f59e3b2e98996e64141212c7df3c2ead7afe3fb204adfeb28cbbd3c5,,,0x2e0504a67b29f0a67a084b24bd119d33e1c31b51724fe420fbcb4ade0f917d59,0,11274375,client_a_preview,0,processed,,1780930443012
0xf02dce8d078a60ef1c9a8ce77f523e70ab64ceb30827148283540740478700af,,,0xfcdd7a50a729b56944db408ebca099b20bb0194fec81129b58936a3e169e3970,0,11274410,client_a_preview,0,processed,,1780930454800
0x8ddfe7004c64569c4c87eb0f82f97d455aa6181c9ba1ab6609c1de05e9034949,,,0xa5585a8e3794229ddfce20e6528df70d9da8b30a68529b40acd4b85cf96585f4,0,11274415,client_a_preview,0,processed,,1780930455951
0xa015667d0b193f527ef8fb72e4da1165b85e75b64d06b4fc0c3c7abc633ba09b,,,0xb87ed7393188a8a4c21b3dbd7014d2ae54f711c9740430450fa60d3acbe06ea2,0,11274418,client_a_preview,0,processed,,1780930457091
0x02652e46ccb1f53185fed01915bdba8b6ea89573ae72f5944c9d8bf9c205102c,,,0x3879c1f202b54645a5b2ffb8308589c6ad25e72ea8b1394b221bef9a3ff9e9f2,0,11274419,client_a_preview,0,processed,,1780930457733
0x2399ba902ff223be729f3f5e7aca375cd772447b2d546900e2d7bd5a9221755f,,,0xc0fe03a3c3a1c9b4aa335095c85a9aa520aaeccc49c02aad2ddacead5157b8ef,0,11274422,client_a_preview,0,processed,,1780930458875
0x4b0757d28ca1ca5584fdc60e62935372585d30a58278beacf45d47587afbed8d,,,0x2fbbf6c4ea6bd38a3be825a44c3a9520cf009e0e2805fc5c60a3b098ccce3638,0,11274425,client_a_preview,0,processed,,1780930459976
0xef9c1e6cca422326c69d7293d7a9f214baba3d3578b4d50b64362819d94bba36,,,0xbdf903fe0b90c237d24f3d641be0cc68b41c7d1fc2375f069f4f5a29720f2138,0,11274435,client_a_preview,0,processed,,1780930462895
0xbb8bb94eddaaebda560e6c5e6e8835820d4b3e733691fd8a4518e31ca4ec0562,,,0x4b8694017fa66cb2729e3fa107e0f2911feee6fb6831f70055c50b998bc0c9ef,0,11274443,client_a_preview,0,processed,,1780930465947
0xc418083134c2b14ad03b9abb74796180914112658643e2a64953a0f74684b4c7,,,0xa6dd32d3aee5896ac7fc918992d4094c7ade99b3149bae73dbb3dc7b14c29741,0,11274447,client_a_preview,0,processed,,1780930467563
0xe3bda7a9aa3cab5ea5553f6357f06218cecb62aa5a0f4407dd1db2dfa83daa38,,,0xf981937e0068ce05e1c3103b62c46bd4e1d6bec2642eca083c38f1a34221d289,0,11274450,client_a_preview,0,processed,,1780930468650
0xa53124116a6733d828b37e5f55a69eb52e19ff330028e25e237aa427e3670d8f,,,0x55dd1f80ecf3edbc510e668150c499e2662463ff17942cba5781e863fd35dbe1,0,11274456,client_a_preview,0,processed,,1780930470312
0x126507aa5f85d3d997f563b958a6b613e9e02afaa60f29bb72e3feb561fc77be,,,0xc74e9d357c4e6340290aded3a0056cfbadb79db3ca41c9605dba0f2db4d7c08a,0,11274459,client_a_preview,0,processed,,1780930471389
0xe08b79c1b1d0c7397af777e0b1a03dedc29b0a5b1ffa4e18368c196aa292198c,,,0x203fa81f41e5c7286d755318fef1aa99cc9e788652af999fa4a8823d682e6389,0,11274523,client_a_preview,0,processed,,1780930491497
0x8a3c226ad020922b9977efe8181bd8bbbf159661699feea891bfd83f6de5ddf7,,,0x987f30a26fcf0152191e1e1551a37c35b0216f505d1723d6e457ca411607d4fb,0,11274532,client_a_preview,0,processed,,1780930493990
0x8d99e2a433de8a73bf4d901797c5a765a8cbd462972ca4e8bb000c58d905b6e5,,,0xb847bcc4e85d50aa30fd88433fef85decfce0780adbd775c7e70214ebe51f1fd,0,11274552,client_a_preview,0,processed,,1780930501117
0x444a90cf7e449cc2470f6e342d734fc5963bdc51389e5080625f2071885d7d00,,,0x3f3358ef13a6342c54bcd13ce5ff8eb13d4a6cb068b57c72e4b13ef29da8dd07,0,11274559,client_a_preview,0,processed,,1780930502578
0x669698639cee486cff6e109f9c27f177344df5d8db7e0642fa18973456f2fc57,,,0x6d9cf0618439c6f8649a98744b286cc3dcbbe59b21d9eced4417ae7d5b3111c7,0,11274561,client_a_preview,0,processed,,1780930503558
0x4caf89982b5ef34898b003ee3552aa53064553383bce445ac2bcb269c28ae7d0,,,0xa355f620d8f42b202ce438c24e52fb79df7db36bb1afa4a1e6152bf7835a7f39,0,11274569,client_a_preview,0,processed,,1780930506506
0x9dcc4f92c27cb4264e52908e78d4df788e1949fd1cab786c56b3f8b95b95288a,,,0x9a551d3fe2e3ada3742a5fc86b0bcc14311adc56faa58522226bb49574cd71ca,0,11274622,client_a_preview,0,processed,,1780930524035
0xe92c6a56ccfda205c410b0b5d57fb65584f0f8a01a7751ef654696ef1e2401bf,,,0xd142a1234ae87e6d1f2d5eaa45533876e07db55997d14fea4bbed6d3047b941a,0,11274632,client_a_preview,0,processed,,1780930527909
0xa0f51adc7ad56691546d4e4e2a733c0acf81110bf373fb30ec4a2bf2f8d037b1,,,0x495a6df16ddc706cca0bee0d95dde0ee1c0546333daacd2719629bc22695a7d7,0,11274703,client_a_preview,0,processed,,1780930551557
0x68f80b09aac11d78efd8f9146d030e53c7490edbe4ad0eca780a560a49f8e164,,,0x398c6beba30432a70d382eed36d79e61c742bfa07adfc20f74c2e1b9e9e55ffe,0,11274707,client_a_preview,0,processed,,1780930553580
0x9f345a49adeef535e6f8bd231a7f9129718455de99c67f99eaa65388b3b36fdd,,,0x1e4ee4d09d138c4da2cc26980628c2c71682bef6b6e99400de550c79becac7a8,0,11274724,client_a_preview,0,processed,,1780930560147
0xd31d22f48c8fd2449d825f84aeb6ae47753124db26b52dbcfcabd97b54fe4caa,,,0x5d9f71ddba6f5b9b9d6efc714ee3288176e6c5f11748b43436ecce0b17947dea,0,11274729,client_a_preview,0,processed,,1780930560793
0xa4c1df97ffb91825a49029df92c57eae0416eae2bb60c63caa5cac58a397edcc,,,0x949858cc2420744ea2d3d17ab8da7cdabe975d84f23a6c3b4a9f975d23d3e863,0,11274785,client_a_preview,0,processed,,1780930578559
0xb0e441dc572db23de056c65b528d600c4d482bc64454329a4f8cc237b5bc6097,,,0xe51a9d1296c182bcbd12b665d9b72cf056691fdab4cb9f2d4e9f8853acb002ab,0,11275648,client_a_preview,0,processed,,1780930861220
0x21926842016931d09533811bb0f3b00e86906c5dce45eee68d90eeb4f5b935cb,,,0x6d76d1968731c4fb3c2634d0754544551e23746d73a8e605187bbb71d4cd6e2e,0,11275673,client_a_preview,0,processed,,1780930869667
0xfa0c062b9a53cbc35a4b636a74fd5323e33013f6466aaaf654922b6316bddcf8,,,0xdd51690c6605f95218693e5f311c963e4c28c5b9cd3fc5f757b2613da5a209a3,0,11276608,client_a_preview,0,processed,,1780931178152
0xca54af01fe4d56825afe1d9ea54fd7e8049af556761f6e7bd96543da99db4818,,,0x7e1641a09360a0af092bec7e7bc864fd5f055858f32a6ac55b18dbad47f7ba78,0,11276610,client_a_preview,0,processed,,1780931179151
0x598a6de85efa3a4a78162328b4e1f90bf5d628f811de94d8032c11a955c5f654,,,0x2ec3e06da2afd16d82479a51e70df9f359ffea931232ceab00b2640674ce579b,0,11276634,client_a_preview,0,processed,,1780931187884
0xb499e4d1526c4e2f660568d650a4f7ace9e8ba0f5e523266191e7bc89bac603d,,,0x82a078c5431584dd75fbb539a3f08865baa4191acb5029cc4515853c0f0bab76,0,11276642,client_a_preview,0,processed,,1780931190394
0x836693904935f4c03cf1cd9e25a5e21d6e380562f52492a2d3934c9a92a03ad5,,,0x0475ba74459a097762023b799f2b6cc696d54e735c7c722a4a2c43f9b2c32b58,0,11276723,client_a_preview,0,processed,,1780931216534
0x5aa721de325ad6f52dbba0e837d34fca9a5d9984bded0c508993805653c00698,,,0xb722f4da130cdeb81916d3680dc1f3fa42f42b5929afb5c10bda40916c59523b,0,11276727,client_a_preview,0,processed,,1780931217670
0x0f329e1105806e2a9ff1ce756ad7e3247e7476fc97c72137d4161811a579c71b,,,0xb259ae6f05834b10fbc749f3b2d261c5d71a90be958e8de9991a452cf9897eb6,0,11276730,client_a_preview,0,processed,,1780931218851
0x0d4b87ef820dbabd28fe233b30c3413bf6a8ba46f658f75b6576465ccc142ec5,,,0x50b80462491a2a7a79bb1cde4dda47c9c43cf5ec75eec16b96e74638cce34a6c,0,11276748,client_a_preview,0,processed,,1780931224726
0x20531105faa586567c2c95e8084b9c1fa967aebc2eddeb44a2848b0ee12c8de2,,,0xbbed8f8e23072c31867616f0fba856dba957d19d910359ca73b3a6b0c10d6dd5,0,11276754,client_a_preview,0,processed,,1780931226399
0xb06ea04a9a4febd9ba86c489f79ae1efa888e213f744e74ca74511333af1ef9b,,,0xfb81b535dfa574d25db0ca32d8eb486f277eb046e695b59a8c59118f6a66891a,0,11276758,client_a_preview,0,processed,,1780931227520
0x17bf8a9d4644eae016cd87e0b1bea68f43551033448f254abb48dfb8cff8afea,,,0x689de8d51a26d112b5207b0dca62504633d7d369fe32a2d554b6b6095c17a2e7,0,11276763,client_a_preview,0,processed,,1780931228998
0x5e37a23fd0f2ca38b0ca032417aca7e9fcd42283d6a6fa83ad92ed6c68d0e422,,,0xec0adca21428a064bbebfa1ca9c2bc704d5edf7fe9d7bd00ad9432f8e5526263,0,11276765,client_a_preview,0,processed,,1780931228838
0x9a297a1074912fe98a9e85c29254a6054e22c17dc0a88674783a4a64fd165187,,,0xf42d879924a1d978bba07badc97a5e8bd658b974fccc347df6b77e3fdd99bf89,0,11276767,client_a_preview,0,processed,,1780931229417
0x1b81b0406a7a63cac693c8d0bdb77b52a7597d9e93a84835ba972088c35e7548,,,0x0a0fffd4317dd35cf0ebea2cb3a53bb738751dddf64f787d4e98b77e5f066e4b,0,11276786,client_a_preview,0,processed,,1780931235317
0xcb902b731b9273b3d9cbf79f8bc0719705777e2d55985384530f41f1be0ba986,,,0xa77f8c070b9e63e9ae0aa739d4903701872b8c32c7104310ebaa02c6d77eeb41,0,11276798,client_a_preview,0,processed,,1780931239690
0x19537851db151ae99e91db7616aa000d50ca3635eb466d33aa00dda99fea568f,,,0x70dc2e0522f563641af9d577ca3c7db57b7ad98f38f70872d6a3f0fb9f4abd75,0,11276801,client_a_preview,0,processed,,1780931240831
0xa43d5f69dc34fb049a60e59adebb38f97f8e4d3cc31f3c087f758a9d87195d3a,,,0xaa4eb52e616a47c7106b920465e656fc4afd5333233c280be47ffb5959950c2f,0,11276838,client_a_preview,0,processed,,1780931253541
0x5b5501e2b20c9b6a844469ef2f63de38f63db951e197f362888062bbfb3eaf8b,,,0x2ba4715da7f6406f36876e7a010ee61a3666418966aa5cfa72ef9ab02ac5f045,0,11276873,client_a_preview,0,processed,,1780931263897
0x020f22a7fcb2471d478017bb479b09c33d927810ee694174aa9b7aef31456cff,,,0xce1e4a3b6158ee5d73a8380ff6300ff27a098172546536ee2141a5412c129778,0,11276987,client_a_preview,0,processed,,1780931301045
0x4839b85d216b841eac9b3de2c8988893fd39276a41397fcc2a5303725f25560f,,,0x3b697a7c0e98b988cd94ce0937ff29693298fe0e6e9dd0965e97a79ace7f4975,0,11276990,client_a_preview,0,processed,,1780931302190
0xb8ec0e96d2b8ac88e2cdbf5bc17bdef0d53bb6ab616c7d13e6a9809835ffb136,,,0x321cc624ef02bdbdcb4639c151ce049c1106afbe2ff25ff05868e98e559b05f6,0,11276994,client_a_preview,0,processed,,1780931303302
0x97f3dae770addafaf8dde788eca74a39596bd43598e5414d91d01b9687bdf23c,,,0x752df29752556a1bc5e76bf042c6e421d3af95ecd92b72f4c45c4992f97594ea,0,11277012,client_a_preview,0,processed,,1780931309167
0x61cda5c8df918f40c915391a66ab3e31824789087b8042dc1cc5258a6068dd30,,,0x10872cc907e6831d4381bcde6ae11a9f2aa89871078e17d9b524044a19b99884,0,11277022,client_a_preview,0,processed,,1780931312245
0x1544a54b9374c1f338ad156cf3d38548c19499c769271fb6d52d7329e603f23f,,,0x60307d6a5b795122d24f03e768893a9000f492931cf3cc3587e4f77b29b0cd60,0,11277025,client_a_preview,0,processed,,1780931313428
0x9aaf24a49fb522f441e51d7bcbefbe45e837baa899c1b369da4c02aa5ccc7e69,,,0xc63cf0181b2194bc67e49276adbbe196e1dfa28740cf46d9571f5810d4ec9747,0,11277026,client_a_preview,0,processed,,1780931314174
0x7605cb112d3b978186e2b3b4531b33648e13f89f3b175d496d10bff6e774969c,,,0x49b2956f90832964c9c5e557766051f2f8ddb6380b30915b700d62bedec3da09,0,11277028,client_a_preview,0,processed,,1780931314562
0x4117169f85001f9faa847b99ddca4ee536503af7df166e6631fd5e613622a65d,,,0x7c2e525e9cf77c96e96b80aa193e6763c1903f74ac6ba2330e3acc65358b6b5c,0,11277030,client_a_preview,0,processed,,1780931315357
0xd1d12a0557c7a3b32a30fefc2204fd937b95a37bfada03dc404a266249df571a,,,0x49e5ce3db8d1e0ae9078ca02456f21886224b78bb9bdffedbe12127442cc0bba,0,11277044,client_a_preview,0,processed,,1780931319467
0x2768681c71830ee93986a9c2f2b2f5abd5dfd29cff82eebdb26b5eaa8077dabe,,,0xb746ae585f7d840deab3755ae163a59851b3f277ae4d71995b558309d9b5ddbc,0,11277059,client_a_preview,0,processed,,1780931324231
0xed3378714dc0bbcd7f8fcb6a34ca2000c581775cbf22fcf0d06697ebe78e4118,,,0x32cf1d3f4723c824a08a06e1ad79659589d39c7fcc0bac71ca4e9c84ab476813,0,11277062,client_a_preview,0,processed,,1780931325351
0xd946bce86da6b6a33f1ac5f2ae441c09a827efad48836a13319c2f6197c57594,,,0xa1c3264d7a134dbc92357f726096bff05e78b0ba5327b4695499bfefda5a0749,0,11277099,client_a_preview,0,processed,,1780931338110
0x0e2be6bd66e8582c0406c37f5f512fd7152b4b11607c0669461e494054fbd607,,,0x5d3b7ab94525ac7b46c5ef52dc20d3c030923b6c37a92c93115b6252b34b7388,0,11277463,client_a_preview,0,processed,,1780931459435
0x8919465c2820e8b32cde41c0d79305c829e4f8f6d0d547557e34432f4de9a077,,,0xf451e2531cf8784e17c34e103a01f9d7af95d9a43f20bf106c6d5e63eb0d8455,0,11277482,client_a_preview,0,processed,,1780931464713
0xde0d38406ea718724ea68e535a4a81c8a1f04547ad7b58b55c7609c84edc4864,,,0xd9cde7e24d2a506943796bbbcdccb838f89e93726d3c4e14162b1e682afe60c3,0,11278130,client_a_preview,0,processed,,1780931679009
0x374e52f916f6b7e3bf32e56fd6f7b003e80597d0b46c3f872ad734f5c0ac4aff,,,0xae340353129e221f42cad557977566fd07dc4caf10232812f391543927abf107,0,11278146,client_a_preview,0,processed,,1780931683958
0xc741f2666c4d65a3e68014303ac248be14740795f5779c63a43a83089d2c579c,,,0x0fb748489909578ffb8f171d6ba1d79b98f8d706aee94eeec5c491f73fea5c14,0,11278584,client_a_preview,0,processed,,1780931828991
0x1a44030091d7f6d121a98abdf21df05540e1bd5eac7c12caf49bb07422e2cc3f,,,0xb12ea9b0d629fb2f2589821c76cbfad051e0483c6ca7a5361489cc81740e897f,0,11278595,client_a_preview,0,processed,,1780931831704
0x85f03a6cb76d8f1affa46417757c7094a0d0431f2b487308363443f73b1d92c2,,,0xe6126e2cd55976222cbb9e5d398558efc03f72043a9e8a44b20d2cb2ad53e1a7,0,11278685,client_a_preview,0,processed,,1780931861077
0xc8f7724ece21d3a36527672edcf523b34b4662b6ef3f431d9edbd6481411132a,,,0x91bd5c947fcb9f71101c55d3b6b42f7bc472029837782f1c841de11926a2759f,0,11278692,client_a_preview,0,processed,,1780931863605
0xf08e76b0157a5414cab5c85351f3ff715500869a81b1524826287849b14e9ff1,,,0x4924dc987db14e26869be7dc160826de1938ee5f68924811ff0b1e68f00764aa,0,11278693,client_a_preview,0,processed,,1780931864034
0xb0897ab684b2efbbc91ee9156b31e9e2ce1b0c79bd561de49c8fc46bfa914bb9,,,0x20918d804f52345f23fe4ed9c9183f364a299e9079023c5bec1ac7656a24699b,0,11278701,client_a_preview,0,processed,,1780931866630
0x2b24d624fc7e1fa9b7f719ea700ca73e7e9db4a29caf8051f5e99a8a72832ea6,,,0xd4bd0d70ab0d055ec459fb026f4d1b5da72820d47b9479244e4b681caae1c2f3,0,11278754,client_a_preview,0,processed,,1780931884578
0xf0a6618a75f076832bee3d733c67b1d3bc582ec6c754ba69e86d08611b52d6e2,,,0xd0209dd54e3161c79fc97a47aa75d0ba0ff6a4e22056b7ab990b33c4245e9b62,0,11278763,client_a_preview,0,processed,,1780931887495
0xde7c68abc1e6ced8ab521a797ede473cd1c52c3b8a5f67b74135211f9826c6e4,,,0x221478d33ff7986b9f2f13358b15dede3775ec5177e481ab1f8d4b290f966883,0,11278940,client_a_preview,0,processed,,1780931945154
0xc50bafa0e497435a675e07f670d86438cc53d8114fb5193b0254bc8d53e70bd0,,,0x42f66d8ebfc202005dd94e943be20276f7743fddfe05f7f0adfca3ea389b8b99,0,11279054,client_a_preview,0,processed,,1780931982666
0x9afe382a67e18035871ccdad93f010b9e35b4dadf69ee3858f8cd6bbfd8c750b,,,0xea8b8f44b3f6065a17cc8f03f5fba2f9941e7ec4fbff548cd5c81c3c2f63701c,0,11279057,client_a_preview,0,processed,,1780931983798
0xc093cd1563c4de47efb82b4632d29f417d6abb801f515f0992e4d38f810b4a1b,,,0xeabb9b39c2e48444936e86c2ad7ed4a04e0972b98957651341d4b444aac4e853,0,11279060,client_a_preview,0,processed,,1780931984942
0x41694f6ffc333392e5c07d7ccd38846d47b649e7c584ffafda5480b84a01e585,,,0x798fc806f674e4c7dfd50db18b6beead00ffd9942b7cc8c16dd71af5f5e51bcd,0,11279067,client_a_preview,0,processed,,1780931986550
0xbb148c325bd14e2a20a3dc1d06104b9613ac58b6e8bfb00df9bf5f955015641e,,,0xa1a29cab8ff19f6b0c1efe896473ae8868a90ed6501f34f64235d000ce3419a8,0,11279071,client_a_preview,0,processed,,1780931988328
0x8542d2ff137d68b582b7cb1f85f11b1f85b64a37173ad72ca6aeade79b25ca3a,,,0xe5edb2433f9c62286832c9469713fe4d7b148bbe3003e8bd520b0cc6bed3e900,0,11279074,client_a_preview,0,processed,,1780931989432
0x5b336a6b7f67ae8533aa4237720763654ab283e8ccf79879c81ab0fb0ac073ff,,,0xc60eaf578889e344a3b4648ceca406d4b1046090fac7088fe9eaf79299075bf0,0,11279075,client_a_preview,0,processed,,1780931989826
0x31e3a861856ee81f5e1ad46c997e62ff47173cb6f6c775d3bcb07213fd845095,,,0xaf1241e14d1bd0df5025d11fa4471fdf5f99fd37e6fd3acdd5ab7d73b8e0d9c3,0,11279089,client_a_preview,0,processed,,1780931994860
0xd073a7ba4e3e0854fa263e0b50d261845b1cdd28eda7b702a470d85c4611ac97,,,0x5d1942f2d3b2eb33c380367288dc8ae393a3a25f0c2384f72844c3a146d27a6a,0,11279091,client_a_preview,0,processed,,1780931995339
0x322cd60c66e086178b8086c207b8fd828f9362d5cf6684bb852f36280e81c8aa,,,0x50dca868f141269b81ade3231046a485d867a249887ec313279602e9d2b60ccd,0,11279111,client_a_preview,0,processed,,1780932001153
0x9667f730b459919a8ba231bda61e255bc6762749676718b144c6c8642ec49855,,,0x84a7b608969f4d80b949a79347755f2c16ed05384368a8c2c4fd2c3abc8c828e,0,11279432,client_a_preview,0,processed,,1780932104850
0x73f9b5cc348d797b8ccd1199afe7af78e4c5322d18d8078e7e5f98a09eb5dc66,,,0x65fc6aaf154a55f645b5fcbcf7b9626c03f5b04f23f5b8b19373eb47a03f1734,0,11279448,client_a_preview,0,processed,,1780932110074
0x58feb0a0479fa4d30af7e8a324b72d8026f5ab925b60053dc9fc1768cd4cb847,,,0xc1cd209bb749aa53736ab138cbadaec5785bf0c38d6023d9b3f61db3cf06bef3,0,11279533,client_a_preview,0,processed,,1780932138122
0x81e3bced56e419f560eae42ad9dd78dc1abbdeffe7bbebe178bec468cf97e78f,,,0x76c5b3660381e10374eff4e038a8f950ea774e80f1c4e56ebfd98a0fa08341bb,0,11279551,client_a_preview,0,processed,,1780932144317
0xd0d8872a66d5cc7cd7d71f54d6b50bc12ad0b40f1cec4444cbddd3196f1856cb,,,0xae9feb33b893f7903e6d25b407dd745e046acc10462fdf48bc4ccdb117d9be4b,0,11279581,client_a_preview,0,processed,,1780932155096
0x2730891b8e07b8ee2734f5fec3e9ef6914813f977cdfae2bc554085daa045cd4,,,0xf1ba493948ada7cc1f5cbcf2fd4e7f602c4a8c6d1c7c43f1c1dc31731a25fb22,0,11279600,client_a_preview,0,processed,,1780932160568
0xfc3e67a954e8e4b7e607950564812035125d7508bf2d6b142fbf46fa7ee126ec,,,0x5f07b2f77510483f1e0e955f321756159eb668890a34d0bc3e2ee3aba297c537,0,11279790,client_a_preview,0,processed,,1780932223164
0xca1c936fa3c212b3a87c7bce66d44c0116d4eb943a2ca2a0663224f1015f2aed,,,0x232965d4f47321faae8cac6d5f3df7b55862ca276d023c525642eaa417daf40a,0,11279807,client_a_preview,0,processed,,1780932229373
0x02278d58567d1a8a309fdf8ef20af855223348e45a24c13d8242b911881041a1,,,0x9ac9757d47a3bd1765145e90cd8608ca0c268fba6491a6534d9dc6a369e95d15,0,11279832,client_a_preview,0,processed,,1780932237969
0x9d3ad3a9c4af2b348315e45e18244f3ba971dc122c7ab5720f20a0d10ddb4bd8,,,0xea145b605377567acf21494ba78bb5c1b1e69b4e4419d87d400e7c9f7e877798,0,11279852,client_a_preview,0,processed,,1780932244844
0x28eb390a3c1d3ba104006c1904d3ca8746e9f94b0fd7a22a438ffd4203594e9b,,,0x698194e58ff9f7fac6a76bb508ea66812513735c880cf7eb9d2ac79d80c80968,0,11279872,client_a_preview,0,processed,,1780932250372
0x1f39b9b0ca12905a665a21fa154955a360ebbac031c36736e40833f3ab4d055b,,,0xfd8344dee416b2df8fdb47a492b2b07cc60af499ac8002bdcb830d6e1b1c87e7,0,11279875,client_a_preview,0,processed,,1780932251729
0xb558b356a871517674363aeac21d6c4deda4f953637e729a35ed9765abe61639,,,0x47f317e1daac158615bd75567b803f7cad624dc5317db3c170889ef1771a4fea,0,11279889,client_a_preview,0,processed,,1780932256603
0x79167b20355971e01b37f811de5f7fb41fe256b3ed04b9166898aa7547ea1c79,,,0xf7898931c02de3939d60603951eb15dfd69aced51b469a760c6bfc51d8904c32,0,11279892,client_a_preview,0,processed,,1780932258052
0xacde0160d7f5ff69cc73ab7cd5bb1f29ecd28979169c14f4bdcfc137fd63473f,,,0xd76b43af202e09dd0675c916ac73ecee47999e0a0b2e60d38f5143a1a991bebb,0,11280078,client_a_preview,0,processed,,1780932324445
0x3488b99951798dd3fc663a7bd80523125f33e1158327d541fe10cc1a56d9d509,,,0xf2f2a9d81d0011eadd112155a31c622a9944c04918f94e3fe8cc017fdb586f3f,0,11280096,client_a_preview,0,processed,,1780932330640
0x6862a0cadb3335e11be26f43bc0aed98be62b361a06afd38b85024a8e8bd671c,,,0x7b41166997dfd9403b776d14c16ffbdd5656a43247649f19a0eabe72bd6ac01f,0,11280114,client_a_preview,0,processed,,1780932336632
0x92a0aad6a0f7d142f73033127386d334e11ff874c762344ba8297ed794c05148,,,0xa47c4373e9db3bdd069bbfcdc4acd244256ab60d0062aa1560cbb8206e062015,0,11280118,client_a_preview,0,processed,,1780932337760
0x82b611faee3158364419bd7c567edc6e09d362abd411b93872fedc15789c6534,,,0xff67c328438536188fd27eb2e28bb52d654d5018e3a49bf2ed5c8c5662a6fc8c,0,11280133,client_a_preview,0,processed,,1780932342970
0x5d7158ca4177263f8a549652980b749aafe17ac7e2be643a23ba6d4fbcd9697f,,,0x2c8155842a8741596f461cc08b0d635174b6aaa8cf66c5abeec14a9359af1097,0,11280136,client_a_preview,0,processed,,1780932344096
0x176513a1acfbe00accf7197fe44ac6b2151755aa3f3ac78cb945c9d9214182cb,,,0xd9757559b7e6723fe285f0021980a129d9e7c43310d5949647c26acc1a3ee6e4,0,11280613,client_a_preview,0,processed,,1780932498247
0x84c065aaca4a7e2c0bcf2e1c845f6fb7acf46ac8371656229391c9c727f54758,,,0x99c79152c8cbaad06f97d83e946b5fbf44fd7538286dc4f27a6cdb6a68c11f76,0,11280634,client_a_preview,0,processed,,1780932505484
0xe10ddd7a42fe822253946c4c578a942da77fdbaaaa9c3c02484dbf72a1767f48,,,0xe3904cd38e24e0672e075b18f317a9d26538630144ac437ff6050a601d05a588,0,11280647,client_a_preview,0,processed,,1780932509131
0xad8e56cf4ba6f8b0ca596892f15babe876e6cc714a8f39ce077893725124c7b7,,,0x758502e3c169c775687e9c21eafe953d6bbc774ce5c26b7420c2a615e0e964e7,0,11280669,client_a_preview,0,processed,,1780932516649
0xc3b7828a45e76cdc5b2794d6d8d3959e2dfaf8546c26bea5db7304698012e384,,,0x59b9b8a73678936b157687defd7150f4b94c16b2bdf305ff70ad00f304bebc14,0,11280769,client_a_preview,0,processed,,1780932549441
0x2acc7fbe9449cd37d128b5c68626b6adb62cdd6b3051f3246f2b4fa07ff91235,,,0xa93b5d2f1914d4b28b6212df97e83547f0abe1a6b9e8e50ed1e47673ff54ebc4,0,11280777,client_a_preview,0,processed,,1780932552133
0x92433b7fea19b8a718629ad5bae42426b5c0c5f4e55ee4b921a305e180ec1cab,,,0xb3f1183653324395c31838089c33af7890a12b2a81cdf03ea50d9e4365746c62,0,11280824,client_a_preview,0,processed,,1780932566823
0x0bfcc4ec8ecbd7ab9f2c63d7f2b8c048fd478268dcd17e5767c2da894b6a74e8,,,0x740d224745d9d6c45cf95df7b655e7fb3d1f40fdeacd9397497c5b6042e577f5,0,11280845,client_a_preview,0,processed,,1780932572884
0x32288a99209b89cc723df2cf1d7972e8fc5dc28add73e41f8ab04fff05a3fb93,,,0xddd383f70642c5ee7339a7d02bd914b0957bc98e6b6a706ac05dd209bd26e56e,0,11280867,client_a_preview,0,processed,,1780932580135
0x36a052a70939d0aba98566f04d59953d473e8335718829109b45241fbdea783d,,,0x6a5171166d17caa1c04784bc24921dcbc4df350ce23dbd4dff974c00cd21b946,0,11280872,client_a_preview,0,processed,,1780932581275
0x6cd6418697bab165dedbbe534ade9ba2e86849a727ac10307b415936ef651f95,,,0xc085b3b4dfe253ef62205a48e89c16d1ff9721ff31210414f4bf6579e3a00b9a,0,11280875,client_a_preview,0,processed,,1780932582425
0x66fd2ae5bd45da38e58a85ce567abf3c35cf3c9572fd629ca4c4b299662b22bd,,,0xcdc1510540d4bb1827eb391902e9f08ec305d3092716a71a9e4a282afa9a89a9,0,11280889,client_a_preview,0,processed,,1780932587828
0x7267f9c53c7b37bb6c0ff0d1ca37ee80091ed87bb9db2560aefcb00ad9f6f83f,,,0xd3dc0df7038c4c67f4d0720ad5d27070d88d4ad6588e4f0e7549d48331fa8f33,0,11280892,client_a_preview,0,processed,,1780932588925
0x2222475af0cecd32e130bd799297c49576940d4e229342aef4c55b057db45001,,,0x47b60637978d2f82c28336c5300b827c9da4c5b89a3cd3c3e549453becabef0f,0,11280895,client_a_preview,0,processed,,1780932590073
0x63ee78b11ed04b9b9128e37f354d7f13902403bebaee594184dcc7748599017f,,,0x9aaaafef8bf41875e815c77c2a9ec9ec31b9d718d605da10e342ad91628d5aa9,0,11280904,client_a_preview,0,processed,,1780932592751
0x325b4fb38dc9096be7ef87527ac38d9156e5f0e52397ff707f4cf4ff74407ee6,,,0xbdb3009b5919812922f5a244c792e1ca1e25b9ca452d0412ded9b7a1d2c5dc38,0,11280909,client_a_preview,0,processed,,1780932594486
0xa4628e501ddb5bcfb68246780adf2314a34c55164605d856e3cf8e43b10da312,,,0xe498b4db915532012d940a51c72fb617331bdf87af3abdedcab6586db8f8797f,0,11280927,client_a_preview,0,processed,,1780932600157
0xa7d29dc612bee2ffde5f82e75d73ea6cdd50b65e21f9f8dddab35b6811f5affc,,,0xa088fa5f452527917f0b8100a2db099394312382d4c52a8710fa86b492a789fa,0,11280930,client_a_preview,0,processed,,1780932601292
0x5ac877410c5b2cb9a4d8940a8db290afc27fa209c202a346fdb7e6acce0db262,,,0xc372eabc5b689e4b4019c9d28cf41379d9894efe33fd55a4f63df984a16bc99e,0,11281007,client_a_preview,0,processed,,1780932626560
0x08bf9aed2a917eda60accbf22b5482c7ab3572e164f3f929c025bd31f4995ab1,,,0x905fbe190ba382a2d87ecc20346958860f9bc8a73cd283eda4a77f7007d8e40b,0,11281013,client_a_preview,0,processed,,1780932629150
0xb0cc8ef5ffabeb11056932478634cc764e049d85862a5efb22ba0471b10c675b,,,0x1a516171b783a1206fe4b48c378710e2fd79c81d3e1cbe34c4c1815169b0da44,0,11281035,client_a_preview,0,processed,,1780932636312
0x07362182d037477950ee73402d895600cf89e62fc619da491ca8a2dedcf21efc,,,0xbff876693415440d613405fd5def7f716300d67b996f6231d58997ca98bb0529,0,11281045,client_a_preview,0,processed,,1780932639561
0x29824013f96a1a56c167c309da12e387bbbe90a364f6bb70a9d52d606fab0726,,,0xb899e05c16f970f577d23c5f24c8622afa5727cce321722ed6495622c5f9bc8d,0,11281080,client_a_preview,0,processed,,1780932651201
0x7e1ca7e306cab2a5b9974a58e08b26edc4a4dc1e7b935f0d587e24137198defc,,,0x3db597342f52e921bee325b85c533fbda9e20aba1091beb8bfd514ace9e707a7,0,11281111,client_a_preview,0,processed,,1780932661128
0x29142d13047aec21121f3dc289c53e465cdad9fe1b9a2e3b142437347d3c8270,,,0xb74f4a014e5fc64f597d1ba9f56f6ef1095239f1fa19d39a919585bfe6d17b4a,0,11281126,client_a_preview,0,processed,,1780932666229
0xb4f3432681e99b120d7f2a9cc41b0e788d9e418bc9c712ff23aacfd55eea86dd,,,0x5e36548df02164a3cacc12f4e347a1f207440d939fd39ec3cb1d5b375058644e,0,11281131,client_a_preview,0,processed,,1780932667373
0xf1fc57bd1df37a9931d953ffd0ec979e9b5c87a5470b380a0f1a555cae19fa96,,,0x455a6587af88288580d35af5b341286548eb463b671a1b5f21453e2192537d99,0,11281155,client_a_preview,0,processed,,1780932675819
0x4c3a8548c47fab87bfe08bc3c7ffb32eaece6886a268b48d35bb544c23191fdd,,,0x8764e7e3314be5acc881005c582e18fbf0786f4ff7d534c7f20dadde1b9e4149,0,11281157,client_a_preview,0,processed,,1780932676548
0xbc6acd7ebb5f9e1bad13ead8c8030a3d7faff910d3b3c3f637e76777d6a1021f,,,0x6b3d7d6257b9f16e7836c417f50647284204ed45cab11da4c8c368cd5711b319,0,11281160,client_a_preview,0,processed,,1780932677660
0x618c769b7afff3932d89de4c279ba6ef04301a78c1e1e94b7c2248da85d45a75,,,0x4974a9ff2f41977f46cf81866f572e3ce8a5fbb94be9d88521800a980463b842,0,11281168,client_a_preview,0,processed,,1780932680730
0xbe2e8b73caf25600faba2ce9e87dc1ff2c54fbaef44a216c061b6f51cbdfa0af,,,0xab230c334a3eb759eff25e00ea1ffba293eed697130891cdb709f1fcb7abc18f,0,11281171,client_a_preview,0,processed,,1780932681858
0xb655b1f18b881011f3d82d871d87c7d8eeac9be775352c9a9d675263d70d62e6,,,0x3fae2f0f62c88990408dfd5fbda19bedc3ed7c66d73872aba9cfe93890b6b02d,0,11281180,client_a_preview,0,processed,,1780932683673
0x64ad68a7a46faf32facf9642c27fea26ca73cc14ecffbb08b8e3e6dae7e30028,,,0x02887728f8f0cf08f7acc2f0cf2e0ad927d5cbecedbe0ca63a47118899a5326c,0,11281192,client_a_preview,0,processed,,1780932688187
0xff2245a61a863e64588f24010f402cfee80a972ea622dd288a4f99ecedb34e6c,,,0x94ee5ed13b5f356625be7972cf2befdd58e98cb84ec544832f16b7cec89c0cfc,0,11281195,client_a_preview,0,processed,,1780932689344
0xe6607b7715bd6ded5150b4d3601f2d7db20b8f1da7a44c351076ff9d4adb5b7d,,,0x85985113e3dc6c073d784730113afc08c5b2a755964858ef3bf7bbeb8ef97fee,0,11281271,client_a_preview,0,processed,,1780932713869
0x2bb19bdbea78f8a60a380ead4bdf4e181165a6eef3d8b35a42e9a2c5852cfd34,,,0x7192a980794b9e67f0c261a7b5dc75bded0a37fb11294712fe17cea183881e10,0,11281279,client_a_preview,0,processed,,1780932716411
0xc4b2306365faf8e853e9f7cf00a7d1de2fa5037a12e327a9c9d685100dd49ff3,,,0x57a79d76177322e5cd31867ca8fdbbb062e28a7cd82fa947df041851a1493425,0,11281302,client_a_preview,0,processed,,1780932723592
0x2516a1db7309cbf60dd637a48dae08beeee771f12cf2ddd5bbd98463c63acb89,,,0xf37f3fc84391d01cee967060cb1b3ab6a676a65e42fceb1050b0173b9dc5b4e9,0,11281308,client_a_preview,0,processed,,1780932726231
0x645ea89e4d126d36ffeedf7d7b7b392b37639d7b892c2082969488c4cd199c16,,,0x12aefc1e6555c672bd6d8f7f9dd0ac663925484f04ca494ce0e1fec075f2e290,0,11281419,client_a_preview,0,processed,,1780932763270
0x3c96ac761ea7853bed290bb42378f01626b60cd9c062b9516e4aad0b357ecf56,,,0x8fc4f3a8b714b1a5462b7cdd412ee30fc6f4fa8cb1e3101d492970d7b84e5c64,0,11281443,client_a_preview,0,processed,,1780932771286
0xe56dddd4463620eb6ff604d5d21990f7d9833699db7b295b1f91876105e57c6a,,,0x2b9cdb9064a41cae0f98397e4df37705878421e5726bd4653a3b2f730a531378,0,11281508,client_a_preview,0,processed,,1780932792770
0x575f405a9448f7a41baad2a781ec57b422367028beb5fa79e93b683b2efa572c,,,0xcc6e679dd715466c1c3405d0d31e8d1dc684e480e1f04b56ca8f481d3317238e,0,11281536,client_a_preview,0,processed,,1780932801110
0xf165886db8a86241b2d56812ce5aa3bf93ccc3e497de144aa738416cdf0e3fb5,,,0x2ec026a68dacda0885aca772c9f5aacb0d222c99a8d6406e6cf7f358b9333f0f,0,11281768,client_a_preview,0,processed,,1780932877545
0xb7aab4910616c50125214284a8dbc076f5e8d44bc29f202eeec0ec57b98989bd,,,0x408914229c921fcd1283a5de1e11ba97113a8918a8bb2e3923a84a300cef8a65,0,11281795,client_a_preview,0,processed,,1780932886931
0x0ffded29cf147a2e7a5d5c02a7254d9fdac7d794e4469ed3b62a836ec4a3312b,,,0x5b2c7e9e1306820d0933e3a16475bcbad5acf00e7ec01c2d7da73d5edd81f2d1,0,11283236,client_a_preview,0,processed,,1780933359871
0x0e3fb0c5aea5186fc5409f3b84507435b1ef225c26487ea64a20e3bbebeb7cb4,,,0x5a9d24927c193aa08f368d5ff2ccb3296065cf584c2fc4e87d5a9073417cd0bb,0,11283286,client_a_preview,0,processed,,1780933375588
0x6c01a4db2a7deccae6d58084c8ea036e0bc0536d3b0d86fabd1529d3d440ca51,,,0x0ea2fe45f04be90f04fbde2c849a0fd57b2d43043a7da4365cbd47f88a92a4b8,0,11283347,client_a_preview,0,processed,,1780933394504
0x5a64a661aab985a344e1c37ce7423eb7296ce378c2988050acfd2c49e774bd14,,,0x256ab7ae6582a93adb8f56d58c7759d9634fd89e10d0474c6f09d5b9bc926e6a,0,11283395,client_a_preview,0,processed,,1780933411128
0xf7fbb64bd311d81c2ca4d959ba88ac17c027aa2bc962426081d7370c6b3cb2a0,,,0xe993cb87302cbaeacf1fe5ef27f9e75204e95bea5c0770ad1993c5cfb6b1673b,0,11283432,client_a_preview,0,processed,,1780933423892
0x56b367f8943db46a24dc7779e9a9ad6725d269a7901881cba8b34d7d25216b95,,,0x23bc0a7cd88236e5864393f071654fdccfa045572448817d216567c9bcc58ef2,0,11283446,client_a_preview,0,processed,,1780933429102
0xf3c9a78de18625fd6fa92c92bdb87d1d08fff855c684a88abc4c7882b3f0c92d,,,0xc6790acdaa5be9c0ca55171da2d2b6cb121e870f37dbdaa45b1c3fca98e883d7,0,11283490,client_a_preview,0,processed,,1780933442480
0xae9a7a29aa03b138fd868aace1091cc0d01b52648d3ec6d1f0e3b2a59caef8f9,,,0x169e9307cd6b805952f50588e22e66b6d6a93c43311a056a2ec8db886f7aa64e,0,11283494,client_a_preview,0,processed,,1780933443595
0xa131b0e233373abc02c34b29f7c89ce0a1dcb8e0347f0d0fc4874c703c50262d,,,0x28af580f2fd2b4235eedc16140da446ca087872599f4635bb80b256ffbae2b6c,0,11283495,client_a_preview,0,processed,,1780933444175
0x79a699afd7d30676a6d3e63b816d7d9ccf42b89da896c1b318007e7f069f7922,,,0x994a7731678ce7be8e4dcfdb5a95c02726d24882d61bf12722dff773e5116bf1,0,11283497,client_a_preview,0,processed,,1780933444797
0x4f6f9d2d9c083a2699da169cc18881136293f975f034219ca0f13372014d8df4,,,0xae1e41c983380d532912a1c2a58100b61c58d4eaaecc82dbeb910cdc75b981a0,0,11283533,client_a_preview,0,processed,,1780933455815
0x743349476269d86710f793dffa280fd976c40cac510713078ec9384329906609,,,0x97a51d25dabc9a1a0d0ae93ac1b6b8b4a165013083b27b348edae4ddab19b36e,0,11283536,client_a_preview,0,processed,,1780933456921
0xcb055091534c5b9282577559c22be5d45ed91c53f3fefd791df1456801d69a15,,,0x2acf0947953d7f27527fcb804c1522e9e28411f0f0ceac73299bb7ba404673a5,0,11283544,client_a_preview,0,processed,,1780933460009
0xfc14bfe955da105822ae003ec0a630e3b0f753f4516a69280de0afa1a787ef14,,,0x9639081b0b59274256e882262d9837c74d0dd6074c18b2530ca111edf8abcc06,0,11283548,client_a_preview,0,processed,,1780933461695
0x8af98aa33c70ac79fe0673b3f3aee18601b4b568dc3bd6710018da2db709aaf7,,,0xec80c7923efe79f3c025aba291d6530baca86b4a5d1cc669d6bc4fd8ed23abb3,0,11283551,client_a_preview,0,processed,,1780933462845
0x4ae841e2bdbd8a980d7193c13d8094f740c5f046dfc7473775dae07bdf7bccfc,,,0xc4ce23ac50b4c8aa7c95af93214d681866d4045e3af7d615bfe4a59b1f987631,0,11283582,client_a_preview,0,processed,,1780933472212
0x139a14c1b7a55f53077bb07b1b359f172267727403e0df3641a592c07205fe93,,,0xd06f319ea5a2bbdf2e6a727bf67c5b247ceefe6615ba87669c5c5ccf851a6abf,0,11283586,client_a_preview,0,processed,,1780933473408
0x4daf749b3e27ee542dc1b24d951ca9a404e207fce42e9b61bab675c8d66853c4,,,0xee7672232e7a89ed590b93b3c71b2b34440fb1e56cc68e0973f3c416e0145417,0,11283608,client_a_preview,0,processed,,1780933481201
0xad16ffb740cfad417c5bf37ca0b972dfe643bdf292cfe0a2aec39816634a928c,,,0xef2a7c6747f5b609934f49d3537f74f283063b0d5f669ad4dae3a6969240f8bb,0,11283635,client_a_preview,0,processed,,1780933490181
0x822f69f443b4589ca22e90befaf2c67dc76b8043cf62dd13d02eec2aa3a93afc,,,0x521f98aa412e4206ff2fd644fbd4d4e7f7d7b7062d9746ad059d2ffab45c7305,0,11283641,client_a_preview,0,processed,,1780933492762
0xcd10eb837d57a7ad304b8d731586d9a5a4cafc6bf60fb087454256c70160e3d2,,,0x3513f6bdda2c1077b45a9e05ddf9294b881cc4f8a70d64e2a0b5c143c71444d9,0,11283657,client_a_preview,0,processed,,1780933497114
0x956f591a6a0dfaa1f070df1ff03c2e93b0014dc32c836f3dbd64ca77632393dd,,,0xf0481f8b091c5ce8c94ea0e9dec993c38d611fc88bdf94b1460e3b31970cb856,0,11283685,client_a_preview,0,processed,,1780933507064
0x0dda57f484b8502aa6f5cc6717ea70b63ac07b410b98ac57e0358b11add351a3,,,0xf5eb886406a2b52debf8e9bd912e143dab60ceee1611277e959f91db02f5b7f3,0,11283697,client_a_preview,0,processed,,1780933510909
0x045efcf75a68a059bd270e4029ff628bb27a0e7a915aac82018cf8dcd6b58592,,,0x79a83bbb145d174a783ef655ac3417c53daf8b6cc6a61da8f94263c4925545b4,0,11283710,client_a_preview,0,processed,,1780933515050
0xf76d72abb20262f498cb98a4ce396679732f5f0434f1681051f24d4ada76356c,,,0x94341804c50450534c1802c3bc275e28a34dd274b90d52987f2d82bf54a359b3,0,11283753,client_a_preview,0,processed,,1780933528557
0x9393f4c0ec7075701efc2eb74d0a7e2ef6011096816ec9b4a158e8cf3919ed1e,,,0xbadb7513f1d5e3f87118b2e2df81dd5c94364b0efb14667c8fc0b933cfbab534,0,11283757,client_a_preview,0,processed,,1780933529696
0xce35acbad30d1ac844194e8b131414bbf24f8d260276077491accb22bc4d11e3,,,0xf5eb82aa1c68441788b0617445262d4d4e1b198cb23dd2ecd1a81b366d0b47ab,0,11283762,client_a_preview,0,processed,,1780933531529
0x1036edffad25cf6513e2f8db16f88c39e5b1b910bc1f0b48137a8dba64f904f9,,,0x50c14c3d207882c9de6bf853e2c13ec56d0fb2ee2630383708f30e4abd57974b,0,11283778,client_a_preview,0,processed,,1780933536561
0xe755c39d39a9e4c6564aa06e1d95ebee031b73e2071cd2fb4b229ae5c0745467,,,0x0440b870ff678ad215bae6703353962a0d622f2a3cf56f869ff08eb933c52ace,0,11283795,client_a_preview,0,processed,,1780933541240
0xc418cefd425938de0f5c03a888786f03f58d0c9ef0fe362c1a8a7c41adb4139f,,,0x86b2f39da25297179be90f4fae351121480a2cf1d6f4e734cd96a144aff1880b,0,11283798,client_a_preview,0,processed,,1780933542284
0xe9c3aca9a7ee554e915d1361e34a3769beae6189dc1987ebc9a61a3f72505eeb,,,0x8df360e71cb18825c75fc573448dd3ddd48f76e5d0d0b99aa14f953debd5a31e,0,11283810,client_a_preview,0,processed,,1780933546387
0x4214d96e00d656f963bcc503ee4452b24a04fe217db390e933e541b01ca5b2c1,,,0x97d506b0239053cad9d4c7e947261e697be2ee32ad9a38c6396afb6705e59b36,0,11283814,client_a_preview,0,processed,,1780933547576
0x6da2457bad9162f92125ad8ba00420b3f85891523bee20d7fc8a4ea73b66bc4c,,,0x145802aeab279dab342dff15ad4d0ca179f9dacf783753c9536b12ef2d2e6258,0,11283834,client_a_preview,0,processed,,1780933554805
0x3e99ad6a782123d8bbfb913035fa65fb2e53f1930e50aef78fbb67d5e77f1474,,,0x67591ca97e6c5024955db900985d88e3118d4a80d21ce48f1492bc6a282d8db1,0,11283869,client_a_preview,0,processed,,1780933565894
0xcf9e605deb382b5b74fbb7994b45acba6d6c84f20b53defc709fb0d045722571,,,0xe7bdf69dc65b2f4c265c19cf6579d98e93a7c7bc0ad06a36c4c6e29e05708a26,0,11283901,client_a_preview,0,processed,,1780933576476
0xaf62c91c98cfbef464f77bdc0bb213c4564cd3145debbef6dec40002b1744b40,,,0x471ae3c536679a7686494aa7b0e7f4a3fd3e40804077811359a4e141f84e2bcd,0,11283907,client_a_preview,0,processed,,1780933579056
0x0756d213a96eb2d7189a4c93f41414f71707d8615a7bf961827be47b49fccbfc,,,0x408b793ca6fc07bf7cb969ed3eb937d3181bfd30773a9f86e6d7239c43e443ca,0,11283925,client_a_preview,0,processed,,1780933584542
0xc07f66fcf96f1f06c2540dc29b2eb76f582df43a03d6d75c14d04002d4958a25,,,0x6771c282a9365119dd1580bff897b663569d3ee545e97c2f71e70f000d7912ca,0,11283952,client_a_preview,0,processed,,1780933593745
0x74327de77e1af8841ec6c406ffa52dc197e1c46eec4602e80fb83833dcfdac87,,,0xab3d6ea9738db6ea831ffc90b6e293d4aedadc247f78558aa76db8b80b2d4606,0,11283960,client_a_preview,0,processed,,1780933596252
0xf68a458ff5b4e0e61cf136c809026834aeafaa365141b517c042ea4e4be6f9fb,,,0xa4a21532c68257e0c7744afc4f01fe534bf152ff6a57a4b82a7583733f2c127d,0,11283973,client_a_preview,0,processed,,1780933600111
0xbc6064ec925f04ba7b8e41532ed0e765a3e27ae1a86eed94b0108cb5aa795502,,,0xf58b0715ef2b867cc9a826d1e3e3dd1a2f82709a27a71c038e183c8faeccd36b,0,11284022,client_a_preview,0,processed,,1780933614504
0x2fb85f24a0c26dfe6464fb90833df8beaa372c5b9ad5e3ae7829486139a61963,,,0x96a8e9f338b0777f58aef8b12e6f790085066950033f9ce497a969b56ac4c753,0,11284025,client_a_preview,0,processed,,1780933615581
0xa04ec1af84abe239e00514d8e4e23d639a466b1ca47fd743dbfa6050b3f719e2,,,0x1c2891628495aff072fe2a3f13d337f6fe906c5f2fc3f1a6846d0825295b4136,0,11284029,client_a_preview,0,processed,,1780933617091
0x2b9a8b318110bf5044d33e4945896e7a7ca1f3eba2464b6936fbfcd8a30c1a37,,,0x82657576421f60c032c9d4cfec6044f612b4989e3418638bba5442a060f2bc77,0,11284046,client_a_preview,0,processed,,1780933622477
0xff53dcce21a2b425b467f204939995440b222c89ef5644f0dbef6c2cffa8673b,,,0xd6b46d9fab43f2fca517218362f72c8200b62284239695eb037bee27312a9e6b,0,11284079,client_a_preview,0,processed,,1780933632487
0xa24724b977e4c35df7e00f9f7d698a3b5472329c7670a9dea18d6d0401d9d8f4,,,0x65f334057f37c46e9469751f586e2f138b2e3b3883763df9c5b25d84878b26ca,0,11284082,client_a_preview,0,processed,,1780933633610
0x5cad9267af1ee9f8e50ce935d1d01cfd2f285ab9ab0a9ed97efc486073b07ddc,,,0x153c52a3fc362fa70403ec1853e75b54afae2feb3ddeed8d2c29296d63c7efe6,0,11284101,client_a_preview,0,processed,,1780933640596
0x83ee9ac0e6f92652254f96181f9cb339774bd9673d1af81ab00fb87112358f3c,,,0x7d4c7e6c6516fed606fcded4c706d4e33a08d2177f6ff6f8e662a3e0268ec43c,0,11284135,client_a_preview,0,processed,,1780933651618
0x24d4b17d2ae4bd8b0e9496da66720b40c5a72edf2c7bf2c5c1d21b82fab6f48d,,,0x921d2dce1b266695d0be494c8d7f6ca3c3ae31d66e23f5d9b64ad67d0c9dee55,0,11284163,client_a_preview,0,processed,,1780933660821
0xb23f07039bac8859ed79e10651eb982503e0a5d7cdc817f5a07afbaa5d0316d3,,,0x643278177de9a9474f937ae314cca71fb1cd524b3e3ca3610303b9124e305d81,0,11284171,client_a_preview,0,processed,,1780933663374
0x0f6b5d89d3d34ad50834dcb49201aa935799db8a410170d7b4ba506220d0c615,,,0x10876426905c46dae65bd889b6548fe2ddd65a5ff517ca6215090f6b552a3ea7,0,11284188,client_a_preview,0,processed,,1780933669795
0xf42f19ab4281b78672af0248321ccee4778f5bd7ae44ac7310482199c55cd7a1,,,0x94c76dd321469701b39dd87930aafc0b1a8e1c3da830c77bf9a30e713e376b5e,0,11284215,client_a_preview,0,processed,,1780933678260
0xf19c863280d3c9257a89923d1248eb241d4404b268d1db1fa2b320441b9d5e61,,,0x5c25394f302ea29d56c1293a892a3d1548c20f5a1055e2161afed6d4a0f87d38,0,11284224,client_a_preview,0,processed,,1780933680930
0xfa27b750d8e8cb8badbbebbcc3baaa9950e0c3db36a74fb8cdfc4238d28c0924,,,0xf0f80d8ffbde76b8c3eb2e55295b6e23e2fb0ba670bd2d7af0a083b835c3dc44,0,11284234,client_a_preview,0,processed,,1780933685070
0xbb83cbbb265a271f1357a3e18893833e05260e18a925495bcc7b2d616add5b15,,,0x88cc0e1f9d9dbd6ffd2541a84ab4cac0526dd341839dc79e9ffda41ee6c7b8ae,0,11284282,client_a_preview,0,processed,,1780933700376
0x32e4b82d18aab1ff19a96de94203a501412fa8b01c6a7ecfc1b98ca57aa3bb1d,,,0xc9e3b09f961e40b2f3ee27dd0b0c3b049b9fc838b9233afde72a2adfcc36baf2,0,11284285,client_a_preview,0,processed,,1780933700598
0x4339373c9f0037ab9e740eb666b97391565a6479c29fbfd2d712e8789c1d42da,,,0xf42ed9b28ca13257e11aafd43b1b7156596f1e2211711e11763a5ab7a456ae4e,0,11284290,client_a_preview,0,processed,,1780933702518
0x5a52741856c6be97e41e8c6282b401989dd2495493ba655aa11d15e034f2ba61,,,0x0f561eefe4e5dccd347a42d3f142160328ae48895d6b5ccd6c6a2aae9cc25445,0,11284336,client_a_preview,0,processed,,1780933717971
0x769535659a42a12a01b9d85d7a1cca2fdf212345dccd2a91f41a36cd1f8f8559,,,0xc2fdeb77dd70e1f1f0fac0fbe97c0fcf8ab53127d426e11e52d09fdf2d54493c,0,11284340,client_a_preview,0,processed,,1780933718963
0xc41baac503faf1b37871ed9dcc2bf3b4d9ce731b9eaee9796cd8e1d6f0ffb160,,,0x98072de29666a1a9b643c6d421c541ef5d02af16c679a5be3fed76d27f69240f,0,11284397,client_a_preview,0,processed,,1780933737976
0x23eb27da50dcc2c27ee07bd22674587803759404a804176fafe929ba1ba77103,,,0x86d1c063d5842f5a9a5d9ba232540eac0847a888ff4d8ce873c03d83f7713eab,0,11284425,client_a_preview,0,processed,,1780933747102
0x62e4693335e6dcc3897e9237ee605fb129b9a9999f12b18a352ace4ca5b5179b,,,0x1bdb790d8d5877592294f029ddd380600a7d55aab37d453095e6d488a7046821,0,11284433,client_a_preview,0,processed,,1780933749499
0xd728df7d276828a4aa11291457cfd82835c5efc42cdb91a133bf3ab499726454,,,0x6f102ad77211526ba0c8cd2b90c24fd36e840384680e8f4dd233fc9e339065c4,0,11284454,client_a_preview,0,processed,,1780933756158
0x96484874b3264c5966cf2d454f23c9e921812991c680ed98c0b039dbac43a473,,,0x44d8281bbfaa006d50ec521cc3573695ad7f3fffc88b293ffda3db7ae5a4042c,0,11284662,client_a_preview,0,processed,,1780933824443
0x9d1db57f4a3fadb01c24446ee3a74d905a7a23d1ccd4adcf9ec1ade2aa682feb,,,0x25106d5827f64d88b92d7e27ace94c9f0a7e86eb4f49b86738661d6724e4f38b,0,11284719,client_a_preview,0,processed,,1780933843330
0xc8b564bbb151ccfd33fd2d055c9a95979ffbb48c80e8c323900216dfa9f39dea,,,0xbc99afa6ff795f8c8492abeee6177b035c2565e7ad771b6ab5d744c75da970d1,0,11285188,client_a_preview,0,processed,,1780933997050
0x6601074ef2f10d2ce4c94d46977154ac32e60b8dd473e53f4b104bef496dbcb3,,,0xc0839347d9645255c315882734add33ae6232b124353c3e3d00509e42ef4f8c7,0,11285247,client_a_preview,0,processed,,1780934016877
0x8c4b09a5836655bb1c6f476f60583fb531693bafbc6d6c28ff6f97a83915fb89,,,0x139afb8be4e18518a3030d0d59e8c640487d886c58d0e12839a464d4ec517823,0,11285401,client_a_preview,0,processed,,1780934067987
0x3e945376b2a1dd05c04df25235b1fb3b67b062617ff5783695618d3b23cfe468,,,0xd90b2963c8366daed329c17acb792a569da7bb3093a86d7646d644a3fac09de9,0,11285697,client_a_preview,0,processed,,1780934166715
0x43243579c980aea14c616ed3de68f87b6165cad97cf406a0f1527ad756cf7579,,,0x6e5f4d6c393ba96a60c57ddcec2045fa19246b9ceddd555c3ca0416cce310c52,0,11285701,client_a_preview,0,processed,,1780934168347
0x9b4c92ec0ba9e8352c0420bf955f544982a7af3e32b011ccd907c292fe21902a,,,0xbf119b48d47081da63fe149ab75d35a2fed156e4ef332e7e8ff8c3e792c92b98,0,11285851,client_a_preview,0,processed,,1780934218019
0x4eff59443f521b956e8367b88fb6126a580e431e166b50d4db8c2b350a28fd65,,,0x89f31132dc8bc3144bc8d0545727b4ce3dcca58ecf6121e8c79620c44d4f29e9,0,11285896,client_a_preview,0,processed,,1780934231033
0x2d01032e945d8c01333c5b99ed5b0c1e9a072bb3cd88802e30b30750b5117fbd,,,0xf53820d7b60ec6ed6249f0386c506a4bcf75d8e979f7aba43e66a2b815cd6c3c,0,11285925,client_a_preview,0,processed,,1780934240504
0xaa600544f0d53103b628dd1f806795e8fecc28a358d67d74701e12fb511850c4,,,0x28e46317adc60e82f7f737ccf3eeddc18fe720c1dac95b6afc0c9bc98802c823,0,11285968,client_a_preview,0,processed,,1780934253312
0xde572bc1e419d9e91ab56adb7058bb2c0c289c1bd9b5120d878199b59f6268c6,,,0xdbcce950ab0859a7cc74048d88516a83fe438605f2089d49c231d60bcfa36560,0,11286116,client_a_preview,0,processed,,1780934303482
0x8a3f49bcf70afcaea36da07dd79940af45cab1bd385d0a0d6e249224d117183a,,,0xcd1312fb63b92aa5c39c1b0b9849b4efa5a2bc09d54f8b8131dc3278ad73b3af,0,11286270,client_a_preview,0,processed,,1780934352854
0x6e0d0603b7a62cf504ae8dbc1eae4c00b68a7fe2bd9090e7f7b59454d1144349,,,0xa5de5adf052201c3d9d5a1c59cb67e7191af13ee1b42fde701b53fb3594bea4f,0,11286331,client_a_preview,0,processed,,1780934373466
0xdab668792bba97de4bc7391174238945420508027b11cf2730b3b46d39f5dee2,,,0xb499d83ea859d2ac0ac8ae0179fb18e22623d40749cfad74c592378de1959bfe,0,11286332,client_a_preview,0,processed,,1780934373953
0x28caa4d7c836f36a7a1f4bfe57fcef5eccedd0bc4bce6f38bd814d69877eee72,,,0xbcd6766a13fdefc6095c5241c854b299c68776386e26c9ec7c607199699ce5a3,0,11286342,client_a_preview,0,processed,,1780934377651
0x122fa7f3e9ed382cb005232cf6b73fd5a99d5ec90e83545fd278d449dcab5666,,,0xdfecb7049e64c89a50dda1b33ac62ca396ec72651d81406fef2816f44329f582,0,11286377,client_a_preview,0,processed,,1780934389506
0x27b5486b6d911bdcc23cb3f25fe4182e51de23f0b14df70cfc1369022a6e81dc,,,0xcd00c31645efe30f49ac5945dee5e7b8c3ee8e989014281002006eb24c3782c3,0,11286398,client_a_preview,0,processed,,1780934396730
0x0e7b1c3f219b201af6d6d49f03aea407da1f767414a9b0e4d338138b8a7c08c6,,,0xb584d69145964c936237094672b49a106668e6c4194b97f0842c2a70eee76b26,0,11286407,client_a_preview,0,processed,,1780934398684
0xeb28fe5295df8b86891790c57bd40cf27c637ba80636c758750eadc68f5789a9,,,0x658376b326a031a765266975ff5e7d5538cbd960bb50e3b708085e94ec76bb33,0,11286460,client_a_preview,0,processed,,1780934416825
0xf897a8c910f4493b1ed0e727fb00d6a148157d48f9e8dcc7ca383b6f731b8752,,,0x7591cd82f794df307629ab06b3fa2840a3244add843e1b043ec57816d3f45fff,0,11286479,client_a_preview,0,processed,,1780934424005
0x3f672c1db0d579c1ce26f7dfd8fe21ebf74e82fa608d267399d0a46ba2ff6039,,,0x5c14b26d7c07f2149284a47f0fa86f9f8ff89f35f283328b9463141d2fa2cf0e,0,11286518,client_a_preview,0,processed,,1780934436569
0x112163af1f8bcf1a63d1c3f851b23a8e191c49e2fd36bab6f173a9eb599a3215,,,0xef9c00be3948272065812d9ecdd3b93b5e12a9bf2adfc6ae44e5faa9a096a83f,0,11286593,client_a_preview,0,processed,,1780934461196
0xc72c30e864bd50aef35ea34063060a43dbfb3199b51a35c1cacb5db31b257a3f,,,0xed91d012f78b7e4e7c4364e31be1a202bf77111e3663ee05ad311c8aa31103e1,0,11286597,client_a_preview,0,processed,,1780934462955
0x1ea57383638361a39203436c2cd71ee60a9b6f586fc8cd72f6ac376948ed2bfe,,,0x80ada7c51154ad3589b32268692dfc9de6281584181a3869326b70d8b85b791f,0,11286640,client_a_preview,0,processed,,1780934477319
0x6a05c8a935241e44b78ccc71512e891495dc3c4221f7b8e94866c9e6995b55f1,,,0x763bd3bd11125b92bc2e2cccd258ab0f236a35a7b6bbe640016dbc05d01bf8bf,0,11286661,client_a_preview,0,processed,,1780934484595
0x3ade7636e2f7855e4c39a9203077c7a7d549b1028bee7d2c271a722821f40c49,,,0xbd8ea158d4ef169f3e6b64314e3959807a5fa9eb9985bc417a6246535b072882,0,11286675,client_a_preview,0,processed,,1780934488381
0xeeee534895229dd8e3da61da143890ce75a7c8c2f9b3f2dc757cf34779a57751,,,0x5caba69ba77881190561e7af5b6f51675550139f87fe00af986f9d5b3409aa61,0,11286724,client_a_preview,0,processed,,1780934504640
0xc4a7c1551858d59ca7013efd877129ec0709fa8fe030d415930bc7f99204b25b,,,0x15d8866a5c9a309aec959e89333ecdaca9b32af638fb96303989f6da791db2fe,0,11286746,client_a_preview,0,processed,,1780934511819
0xbe74ee478e4f3ae1f30a9d4ecfdbf86b6a06e979d51162300607ffb5e44ed887,,,0xc0d3c6fa3b4f702c8ba7c42c12e5877ec86bbde68cda6df2b749c54d0c338b08,0,11286782,client_a_preview,0,processed,,1780934523793
0x6db58b96ecd13701a851e796b8920a9c7cf4531d1d3224967409262bbeff09a3,,,0xa5fed6dfb3f464fad1672b158b780bc23d34daef679989d08de530a13b2259c8,0,11286855,client_a_preview,0,processed,,1780934548247
0xff21a19fea31d36ff1df55bccb4e72d9eb8c7b124a11c11cdd5912c3fa2fd3a1,,,0x344bb026993cb5bffb777fcb27501835a90e96cd891bc82e9774eb283fe36d42,0,11286864,client_a_preview,0,processed,,1780934551488
0x207a98c99f879b61e50403816c4f0538089bbeb104a61984081bcfb22da3c07b,,,0x258c01f933338c089ab2b3056c65490b3ea075c77db8ed534acc733553e0e51f,0,11286904,client_a_preview,0,processed,,1780934565151
0x1a88e48b8e5a574ad0ef7f0b204cbd11922c702d74ac4791e65e1b0646827a41,,,0x49e762984b088e010a0c30e0f85405968d36b604243635e5a8e6dfc22eeb62d6,0,11286923,client_a_preview,0,processed,,1780934571627
0xde937ccc4ad65e1461ca20802e40909b2f99165612f2155159b0657a068e580a,,,0xcdeb5ba95d1885c500dd79dadc88c5ff5d6bcbc077527be5b215ab960978147e,0,11286935,client_a_preview,0,processed,,1780934574816
0x68b3b200d5fe1ea91cd788e6439308fcb5a39405c50cd37e0da1130153bc2814,,,0x753e720ce5fac8587170d869ef3c5962bb81feb950ad713a05a727d8c56bedbb,0,11286985,client_a_preview,0,processed,,1780934590868
0x878c836eaba9b74375438b3f1804d5481a53500a4b4cb024e3650c0cefc37ed5,,,0x784c01974bd08a709a98c76277cebaa417a7d1f9f7d526c1f6895eb1f08c1a2d,0,11286989,client_a_preview,0,processed,,1780934592032
0x48b628edb72df77299bc420799f5e969796715751c045bf0a7d32dc449b93495,,,0xb711983ece377a78b1cc9cbde15715103be9d5a1d78eae60a43115b6e10bb5b7,0,11287005,client_a_preview,0,processed,,1780934597956
0x2e1ac2d1eec99e19e38776bd34df7c702748485b6a20e7f35fe9d2f13dc1c84a,,,0x404ce43b732f2ab19748d64c36a7c54c520b85f35f20fb06951c4e35f688a967,0,11287038,client_a_preview,0,processed,,1780934609226
0xcbc0de5740c21627c805f8628898374cc1760c39ff89a87336aff76b0ca93dfd,,,0xdbcdf2f84d3c3a7ab3589ffb348c071ce9f0b11bee3cd066f7a5b966703823dc,0,11287119,client_a_preview,0,processed,,1780934635639
0x38668dc3e88440af51855d6a30ad5fa3280138d3ac58ab39001c4067314986be,,,0x49e72d965ccc38b5f56c202fa04aaf5301b84a9a677f1c686d8d3856d94c0550,0,11287160,client_a_preview,0,processed,,1780934650088
0x5a1b38bd48599adf2e5a8a43453aa2f53830753e73fb1d77ef318c081afcb358,,,0x8b0cc4f34efe9c00e3a10b5731694a03f1f5eab3f5e4ed78a11d79ba045245e8,0,11287165,client_a_preview,0,processed,,1780934651453
0xcf7e511752450ce3a9495c36fab6643744c47efb4765f073bae17870b970c0a9,,,0x35ea81f29c86b359e8d34398d4fe4bf52a640d61c57f5b5296c41d3ba3be145c,0,11287182,client_a_preview,0,processed,,1780934657131
0x9b7c3a257fa7e6cc9c62d95271807cc4c7eac0b531fc88ca06b6801c8c76626c,,,0x07f3441d0d9b3b16085ed002326c09cb4bc6bbaad94e9a826b52c17eca8ffb50,0,11287243,client_a_preview,0,processed,,1780934677447
0x81b09451b00cc082d1ad883418ddd5b786e0cb9a9ef268405833401380814987,,,0x8be909653ab621cb84dbf4e24b20cee52840dfbc9699ba4727006bb238622954,0,11287247,client_a_preview,0,processed,,1780934678807
0x56bd945f364d2aa4b25ae3ab73b2dd4a79d29beb93506fb2b7443948a0ec5d88,,,0xf48c384bfa181a968a2f47db4ff0c68633441f1876bd4cc1f026e0be572fd8f9,0,11287265,client_a_preview,0,processed,,1780934685798
0x7d1a93fc5dc68fff60622210d861f960d9e91ed4f40efd045c9e41f4d62541b3,,,0x857d1e75c156451348b5dc3cd2c2c51ab1bd3501bfb5f1ea3949b78b3abfb7b1,0,11287269,client_a_preview,0,processed,,1780934687435
0x3ddb033d2cb3fbdde7e91f7f267f2dfaef2fd6d1c6ecaf50a612901581a1723f,,,0x10426413c2697c5581399bf2f181987b903aebc6a5f20e5f5b8c4fbf5c66ca98,0,11287295,client_a_preview,0,processed,,1780934695407
0x979a8d3a56f7c41fc975f480782db72cf9f18faecae588fc9632312e34e8859e,,,0xe3ccc4a66ffc710c0e9744e4f62069b4a33b1f597228af98e732654e6782956e,0,11287360,client_a_preview,0,processed,,1780934716914
0xe8781698b5a5f52cc80f0be1e427a5be9c36732bbafcb3fbb64d5f133e406ded,,,0x25fc091340699cff8c3546c6a41f7296567ea31ad9928e4148ac910774be4d4b,0,11287388,client_a_preview,0,processed,,1780934726345
0xbbaa37a05b2c9b2752fd07de08a1917bf4a522ffaf26d06a3fbf8f984cd7e9a7,,,0x1a918e65707559457b584ab6fe47bec977b60d4bc9fb3bdf12fef1decbba81c2,0,11287413,client_a_preview,0,processed,,1780934734508
0xdeb6851e8ef9d05936da798a015c4cf1892aef88642e506fbd87b35c437b7434,,,0x6c1b5c145472d0aee35404b0de40b9d52e9b0a36fe3ff8e83c4cf078ea60b1a3,0,11287438,client_a_preview,0,processed,,1780934742334
0x99cac70d329ec6ae7c96b5f2e8659199c8564ae67fd172c272abe219e26ee308,,,0x243150e42bbe89efcff477505e89b3cc6bc2a51c3e4e6e80afec4bd37928c43a,0,11287465,client_a_preview,0,processed,,1780934750086
0x92efc60aea416028be764f2d432a9df85b99cee153834cb5229f28c357c4942a,,,0x59f6c04f448cffaf7c05fca2b741a9c58afaad589e50e6181cb8b734bdd43ea4,0,11287512,client_a_preview,0,processed,,1780934766355
0x4f875d0007e7b744f791e1ca97d223583caad171abde5bcc2d420804b790ab90,,,0x5c61c638df7b5ed89375413fbc330cc01a6264031a4e94c615c864a560fd5fde,0,11287539,client_a_preview,0,processed,,1780934774466
0x0224e7911652a5680914d8a1a3fb3fbd64f7de939167987879bf523f6505e3df,,,0xc1d99f53de491fe08ac9e167308cd7be1258e1d6b0f65c71caa7e66ff12d2bd7,0,11287556,client_a_preview,0,processed,,1780934780571
0x4ed4503fe117aeb72a5360bbf939c2a8e88680b83bb71db263d94324c43f8e70,,,0x2c98cb77d13a1b094d6a6ca0f9d84136a70d7f004c46c17018c276513fb468ec,0,11287626,client_a_preview,0,processed,,1780934803846
0xde0d49ae9cb247b7c80dc6cdd03c0563992c7749cd130c63a0a94ab7c2fda9ef,,,0xdbaf9c24ce39186ec460eb152e14a4ba710e1ef7060819782475f69ea61989cc,0,11287650,client_a_preview,0,processed,,1780934812919
0xb78506676e94eec68d33eb09aefa748badbdf244e8c74ab448c5881b57285a08,,,0x20efc60640eb5840f8edb991f571b73cb3d2d93d4ca831fab3334de760719c49,0,11287669,client_a_preview,0,processed,,1780934820155
0xfc9a4261c23181c977970efc8de7e2a7d4ce62d588dfaaa129f0bec7cf48d221,,,0x2484072821a6824aa6b414c0f190e81b792107d0d512dcd5860c438fb03831ef,0,11287695,client_a_preview,0,processed,,1780934828782
0x9498ae3780da95fb45d6648d4d6c2aa660e0eea87767444a77651ce80660cd59,,,0x87421b5d82a022d5448201c591d9a10fed2c2eb75b22d29faf889d8657e73ed2,0,11287710,client_a_preview,0,processed,,1780934832458
0xbb4494ea37b34e7c217695fe9599a8ef1f7398ff8cf91f776860a3b67967c7d9,,,0x344ca68f9da0a1b281e75a19cf83bcbfc7dc55d834c797e4806574067097324d,0,11287727,client_a_preview,0,processed,,1780934837554
0x0d59a9ea7a04bfda74ff72b8c7229c1296c2f19aaf9854b4002bf6ea025422cc,,,0x623d05f4be421a40cb6e07e757fe341ce416d582815682a861bf76c19b3eb075,0,11287768,client_a_preview,0,processed,,1780934851946
0xdb16bf151867b3b5b9b12886ff79b563f1a00da58542e902aaa6216fa8c965ce,,,0x80d9244b1cca5bf2ee2af32968b716f9a8ecd2784b46b4451a36eae5ca6d752d,0,11287791,client_a_preview,0,processed,,1780934860011
0x063fd60ca07e8b6186a9fcbe941d76fa02acf8d80019697ff80efc5b4d392809,,,0x4e5f3347d564702f5924cd09732316647e61fdc6af9a61b90c35076f7b25ff83,0,11287805,client_a_preview,0,processed,,1780934863350
0xa0cc50f48290c78aee7e8d7d147ab64517bee4261b1cc6f72b96e4e8605c42c0,,,0x7b2975b9de70e58e7e3d1e96190d0bf67e81a1e632e76400ab3d647b30826866,0,11287807,client_a_preview,0,processed,,1780934864242
0x2fbccaa6ddbc5ba626d653ad8083d98d1dba89101bae33f12f9e56ec3de46b66,,,0x2ef5c33666b92c30628f9a0155812b31eecd72fbb7e03975efe09fa0dd08ca45,0,11287881,client_a_preview,0,processed,,1780934889308
0x80fcd24ec3236def4077b0a521f50ee0c2cf62d70eed9d187a45a6cb6f7649a5,,,0x9266ec79120de94cb67e8c491983cd9c3290f68c5460392ba5fe3d9f85e9a085,0,11287911,client_a_preview,0,processed,,1780934898048
0x5a935ca20e1743b5eb5b9227830f16fbabf1e99c65220edc03de9ac56e4750a5,,,0xca2da1ab3220ec50604c04a489d46f863de2bb273163216cc554124a539a77f0,0,11287926,client_a_preview,0,processed,,1780934903633
0xdea01d8aecd81743177978e132822394787687474228a0253dbd32b7253c8f28,,,0x3c928b94279a24ab53543afb852e1e8be8c23341391f808ca2f428eda917bb8f,0,11287963,client_a_preview,0,processed,,1780934916489
0xde2a59c9a98c26d3eef1f7c1c7c7a7fa5310dab233bd63421b8a771d3247fcf5,,,0xef8b491f1cfc86a84311646a18ce9c324fb442e15908de49d5340102dd832b0a,0,11287966,client_a_preview,0,processed,,1780934917682
0xb995a9715e6af88f6d9132d88092bcf9f5095ffd9c44261cd0692a3b0fc9d3aa,,,0x9eb9516f504506bbe5a423f6c495b0659994f870bd835a2336d973f666a9ff64,0,11287983,client_a_preview,0,processed,,1780934921830
0x3c6992bc36949649be123b470f93ede41003286fd39b0898c2008f77df58cf07,,,0x73264a7e769bd05ce61326195c612f025d92a2b051ca69f30e9fc7e8c1974979,0,11288023,client_a_preview,0,processed,,1780934936269
0xefa0ec3457f118f2b419e98fe22a7ccb54d23ff8b0e71843e5b6a428ab13ebcb,,,0xe5e724cf4b2753331f5cc2e4af6e9bac9cb6be8a45a32a24f725f7980b1718d0,0,11288062,client_a_preview,0,processed,,1780934949108
0x930d93d4dd38a8195d083a9567d5b1d7208acc3d405626aeec3ca5405887dd73,,,0xb931d3472d698ecddb139b7ccd347a8c647b7b56f010951940298072e196a58b,0,11288064,client_a_preview,0,processed,,1780934949605
0x825de3ccb92d7c7b4bd1330e54522a6921cf25005fd7551bcdc3ba8c47174fbf,,,0x6d52a837303da8d7fc193b68b3da4552dbb2d6473dd1920b48872c28da82c8b5,0,11288066,client_a_preview,0,processed,,1780934950262
0xddf39558692530e162579178f8ae5588626247e90a2c8fb25c14f69dbeb890f9,,,0x7d9e936b5d9cfbb7cde83d990cc60c2c8bdf5efbad36eeb3193760bbc9fcb277,0,11288137,client_a_preview,0,processed,,1780934974677
0xec273b1bf52e19de0c39d73d80a6d6f0a2d0ffeff124417a9f6f141959df1024,,,0xf4f29d14089c7219ed9e8ebd934fb5a54d2f00025cb26bbca64b79cd0652a80f,0,11288167,client_a_preview,0,processed,,1780934983314
0x3529a3acb0f06e59cdf39d08313864e7b36364b5bb217cb54849de6be1db8687,,,0x1e60dd89501e794d68eeaa7fbcbe5edba5d05d39b8b8db4ab0fe8856dc137363,0,11288182,client_a_preview,0,processed,,1780934988531
0x89f372c8c66a5ca1ca2d0a88a2e706a5e1eaaea3f4abead2d9d077d5005771a7,,,0x321608cbd9d909a8ce690b40c913a836bde06210e09091c3b38a23337e8e99f9,0,11288221,client_a_preview,0,processed,,1780935001307
0xa3882d27179845095454fe011858be7926c4ef230b51042aaeb0b42a7fe218f3,,,0x1ab91b55cb460d8825bc42e7ae7a6ab2580b67ab2497d9066814f3a90458643a,0,11288224,client_a_preview,0,processed,,1780935002472
0xc94d31a46b2243d743312866da2b3744d68cd953a255ed1b9b0c40a3b33cac70,,,0x175d5b11e310279cbfd8c08396028deb3c09b5fcdc865da22214d2814835bb65,0,11288239,client_a_preview,0,processed,,1780935006512
0x78df729da715dfab9abe0c6b1677a3aedcc728ef1f0591455ba21bfddd94dc12,,,0x10583f2cdda3f6272ee6c78ea87ac2cded70c522ecbc067f7ac9f5881fd30a0c,0,11288286,client_a_preview,0,processed,,1780935022367
0x84f9433ec04b304cc72b63a395e62e88b2a746ea74c51612798f114183a91823,,,0xa7f226a72185b22dbfa0e541f96d27364869b34ec22caaf35716a4b054627ce9,0,11288325,client_a_preview,0,processed,,1780935035796
0x237706a64c0ab32adb8e62a82bbf7a82bd7fdc78d2805c85a6d5d54e1a89aece,,,0xaf102a9da17395c93e7a843f8c1b8d768fa9d5264bd864a5ba6012860b3c4556,0,11288329,client_a_preview,0,processed,,1780935036867
0x8f1fe8e5f5c0cfb30dfc585d2ec8ca605f7247e9287736972d8602e9becb168c,,,0xcc462606a8eb81961ad38a8d572bfbc5fef3efa0e074f8c479b989f16343906e,0,11288331,client_a_preview,0,processed,,1780935037435
0xdc5ab5c888cb68ebe211f6a02ccee50fb803c33ee7cd51966be0ce3919e7a616,,,0xed2e697ab457901d30113e7b705f2e16c02b9da6ca7f2f0e375d65fbd085d50c,0,11288399,client_a_preview,0,processed,,1780935060427
0xab338c918f5e93b953c41e693edd790933b7bc4d47d31040cefa758ab0074934,,,0xc81b5d07d300bc2e31ed62a4deb2504c84bb5591b2acd589c920a7bab22a65d7,0,11288437,client_a_preview,0,processed,,1780935071857
0x4039caf11a74fb5c357d956343f3d470cf35f49d28db72358852b91e979e4d02,,,0xe2e87cf8633314aee71b34c8a5c5a10aed63b509f56af71a1c1d316d95be9598,0,11288442,client_a_preview,0,processed,,1780935073819
0xf0490b2a02c5c7496433dceb54edc436f647aa423e67453973e3bdc4a3c0da4d,,,0x84b7a6d514f7540a049d39f34ba371620cce05d8f1d1526e7614736bc97d7343,0,11288477,client_a_preview,0,processed,,1780935087717
0x2d1b4fa4c4f84a95e8295062e4f4fc4d70d691614fb6cd3cd74b15b5cc9dd267,,,0x7844531f711852dcbae3589fa624f855a2bb09f960089dd1670a8b496274ac47,0,11288481,client_a_preview,0,processed,,1780935088850
0xe235a536ebf42cf313e41a9ecb2d476c57ad7c0751b1ce946bcc0b9e934d4d03,,,0xbf00990fc8809ab9a524a2f5d86d616c913eb1dc69afbbab030ba60818581875,0,11288542,client_a_preview,0,processed,,1780935109471
0x31d8b8dc8ad59c746f0af13c0dabd741b9c0e103c5b0ec6ab619ba387871d48f,,,0xa84dd7e152396e295c20ac720516324030e21e38ab156a85821bff722eeec684,0,11288555,client_a_preview,0,processed,,1780935113245
0x7ea47a654a495003482e7c04994446ef9a95cfbc14dcb5c48f90d19b3954207d,,,0x8146cf464fae5ae50b046c58612ddc9d2e050d0eb656ce5b366bb2347374e85a,0,11288584,client_a_preview,0,processed,,1780935122299
0xc7bbb7414f5936abc7c45b633ac61bf1cfaddc9e51d45ee62cd356f1c0455038,,,0xdd65ba901d8a395f28b3fab45cae180dbba0e3e62f7c888500739d895dd2b0c8,0,11288587,client_a_preview,0,processed,,1780935122943
0x79a49c2da184ff534ee40dd4e695e0b5be9b523b9c1cc60b44a29b22c260869f,,,0x583e8f07b6c1cefd07cc192d86d1b1eee8fb737632c120aed102e14781caed86,0,11288593,client_a_preview,0,processed,,1780935125102
0xc3f560ae74ac8338e572e3eef11e3080a3c8496181cdeb4c62346d369b18d378,,,0x4a080a4ec851f791845f087ea0b64c31dea7be916c7c86f76a18738cd6bd2011,0,11288693,client_a_preview,0,processed,,1780935158177
0x55cceca9cbceae6f0fe7cea6a50427cec52fffa84cc4f880d626572e515a9cbe,,,0xeb3d787793bf65b638a70b6bdab4d566ee6ce40edd2d874c1a7faaf81293273c,0,11288706,client_a_preview,0,processed,,1780935162204
0x7bbc6b660a41b86ed3b3eea4291ca7159bc8f75df15641e125720398cadcdb38,,,0x180b8f6b207811533623b9315b1b0d7b0d696bdfa110fdc8cb4cca55559741f2,0,11288804,client_a_preview,0,processed,,1780935195150
0xe56e01b816dbee1a0c126691774c6e634eba382bc63405532dac1a1d3ba52a82,,,0x326a964b0a7824106edae9b91f60939997cbe83ba20de92e032a31665da5ae6d,0,11288862,client_a_preview,0,processed,,1780935213952
0xa8b4e3e3b319b95fdda77baa1eba3caf8fa51992aba5455e669d869e50b7d9db,,,0x4264ddeb2971b2657961f3c1c8fb55a5526a39e89e2f988bb27c9c6355c0c837,0,11288957,client_a_preview,0,processed,,1780935244523
0x883de938e4a2618f3bcb166f43bc60f52d8ebfbee8539357bb3ffaebd454c318,,,0xeb97f1e2c846b7a294f82caffda271bf9bc831a2ba94a7feef47e1a93f3325fd,0,11288973,client_a_preview,0,processed,,1780935249675
0xf05b828eaf4fab2b30e23b5dfb6f93c883e0d97d77dd7a6c5de17cf90d2ea16d,,,0x8d83c48e034b4b0566786e2d78e9faac90d8212fd48a20ed98670de28f09b0bb,0,11289068,client_a_preview,0,processed,,1780935280576
0x93f9c89b8681eded65d55d45d15df861f5375219436e8c5f6dc988808ce77270,,,0x8ab9dc95e82b0f4f5e42fc7388d8ef2423ccdd5534fbd88cd73687a411caba39,0,11289119,client_a_preview,0,processed,,1780935297751
0x7171464f5b191fd7e3325fec138b02af246b2bbdef2811ec5ce0d680a386def1,,,0xcae6864de851c9e7b2dbbc4897732e3dc12cb7abf6f9a11100e15f122951e1da,0,11289232,client_a_preview,0,processed,,1780935334999
0x91122aaced7460f444b4a87435257244f4d6eb11674568d582c3b1073b78e442,,,0x8e94640d8b03d5c1bf1a29b5594f1b617962d2ee13b19dcc6399d032f3fecd72,0,11289235,client_a_preview,0,processed,,1780935336155
0xc72e7f1dde16e00c9d018ebd835c131bc1f26f622e73f9e2481f2372b43779d1,,,0xba45d9694e307a968e992e4e8c228bedd7bfd7f7da2f4e40b8737dbc7f36e72f,0,11289238,client_a_preview,0,processed,,1780935337271
0xe52c1afc1e07497501119ad2471ad964ee2dbfddc1645899e894a325fffa1411,,,0x3acc4b4a9eba453167096c4406de67b88dd21afc00f6b570d2ff24a353cec3ab,0,11289703,client_a_preview,0,processed,,1780935488919
0xcb019d73f171d7df6861bebd18ba8862d72d24857bffe04c9c7d8a43d0b12fbe,,,0xe01f82e6634663e5d74c3922def32512691d4dac32caf026317f0b00debc38d3,0,11289770,client_a_preview,0,processed,,1780935510426
0x478e1e56f5671604ada4e7e141d30074512b3cccee5a60e68e881737d1e6af44,,,0xd620e22cf068e7f08fb23d98402cddea83a6a51772f6ad3fc67e73451dfca1ef,0,11289857,client_a_preview,0,processed,,1780935540181
0x48da9cb075e84f48ae58b54c0bd18b11b36b9eb2563f4e0aab6311d25b56994b,,,0xff9cdb791f5e242785f465f22cfacab642c0f984cfb8f440dfe2ff59a3309520,0,11289869,client_a_preview,0,processed,,1780935543799
0xca655deee23915491a5aa3b3c188b4bb06460879a95acb744535da02bb8d305c,,,0xd1ad5a86f87d0818dde57a4b39cdb8c4ce111c3c65b04a01ba855904b6d8f819,0,11290025,client_a_preview,0,processed,,1780935595284
0xe80032afe9e9bdb45a8c676be12484b8023fe4bbd31350a775da1904e6908c39,,,0x3c10579f76407b4395c46fa994a219961235a3a4ada8fad84baf7422241c9b28,0,11290132,client_a_preview,0,processed,,1780935629537
0xebbda277ff27401a301379e30a71c09719f1d7e3038975f8c86873316ef655b1,,,0x6fe2af091a05dd987db20d56f41f344d819a0ce501f3bd7e887376f11bfe1ce8,0,11290144,client_a_preview,0,processed,,1780935633490
0xfa49cc7ccc304e60ee5fbeff6f5a2d5e5d25dfb00c17ef0683db6018ed356953,,,0x256861d2b5ca954f4f015231c9386a124cc1adb3ee116f9bafaee3b939039ba2,0,11290216,client_a_preview,0,processed,,1780935657084
0x5b7ad3df13c340fdb297f90520108d1c7933a19ae64faf621e7c710e71ff76b5,,,0xbf4b2c7bd429b3cf318a0ba8648f35e80ed1f295bf8a4215bc7bbb2625749315,0,11290251,client_a_preview,0,processed,,1780935669497
0x4f17cae4edc249f2f5dada07df4618c29080521cc9ae65868c452aca4b7c16fc,,,0x28a423e0cb818b85e2866e546e8708f752b4934c4f1d112bd255c84f8bc6ab79,0,11290327,client_a_preview,0,processed,,1780935693743
0x22421ecfa8a8491239b2b880e04e1cfad3fbfda83fb363c94c2ca5f3c1582118,,,0x7cb7ad5e9bd904c9a8aab89a5a939b1f8a0a84f032839a5ef2c995a9f1892351,0,11290406,client_a_preview,0,processed,,1780935719279
0x130122e92b699bb91fa6d7e6219f10cc119b9f7a9b0d6036b66bb8a19439d503,,,0xd016e06df3a21f6b00c755e409f70a15638b252a527c8eb32fb76bfb62c664ca,0,11290481,client_a_preview,0,processed,,1780935742891
0x5155e5a2fa2275bca36f01d5f89cc400cdd16b75bbf53fecc9b8bf92419f0b84,,,0xd99cc64287efad84967db67b6eb5c36104281b7b3e55513edaa8a2f2e76f92fb,0,11290584,client_a_preview,0,processed,,1780935776542
0xe7cbe6c433d146f554974ca5bd8e6d5008cbc3eedb44d35f9bbb7122ec0d790e,,,0x26d345744df6fee4a2810151b67aae071cf2fc59aca96862361ac7a5d2a8ab77,0,11290668,client_a_preview,0,processed,,1780935803754
0x7d27d38e3ad05d30217bfa361e9926ff95eaafbba94c783c55302859bfc9e3fc,,,0x02e2d4d502e85285df8f21b9fd9a3061baffd6a3f364bebc682fc152b4571862,0,11290671,client_a_preview,0,processed,,1780935804882
0x6933ee1d6510953c57a0526ab733bc29fb2a37924af14ffccfb1d11dfdded9a6,,,0xe85d72493cc4bd7d6d85a91f46cb14d558b1dfdf3170a8fc8c4d0ef3c658110d,0,11290742,client_a_preview,0,processed,,1780935826940
0x95fc775a35c991ed0e7555dab47f7d66f6349d9f38b3c5f8cf9f35700435dc55,,,0x546a60b353a7865918f4489e63e192c3fadbfea49793f90a036c592601f29b33,0,11290831,client_a_preview,0,processed,,1780935855974
0x359461c9a77ba06c0c05dfb3773736e236c1fea66afffeb396bf5da68908161f,,,0x1c5ad9f48557ff41a36c711bf09adc0b668a1dab398e936880a0576693e41ece,0,11290835,client_a_preview,0,processed,,1780935857643
0xa47756bc245ede28b19a7dc471507773407f0bba3483d68f144018a233bcb197,,,0x2a751092e110fe687df38d6d00e0aac1a02743704dc05decbd629646b66aad47,0,11290847,client_a_preview,0,processed,,1780935862172
0x16930c19e26ffa72c8b62f7f4453b0ae49b677db79c05ddd068bebec90eb18d9,,,0x9366126fd04b6c279bc0a31669387d6dd3220a4d3510be80166c3415c6f57348,0,11291044,client_a_preview,0,processed,,1780935926469
0x67a1c1b9b127d2c7569cbbf1ffe4add8cc3d58ca80dca85a4815c02ca0f592ee,,,0x242ab7d061e2121d3b80c7a6d0e0ad8037a7e37fde06ae509ec636866489be45,0,11291157,client_a_preview,0,processed,,1780935962779
0xad8eb145938099636e36fb036745debe7caa59c8ed477d5c25ec31de104633c3,,,0xc73aff8103af334fb92c479afb1f4eda630755d99d7a534c5aa45aebafe94bf3,0,11291160,client_a_preview,0,processed,,1780935963932
0x81489169d426aa0d161d1904df26d37a9975a978a1e2ecc6cb222415b625597e,,,0xf46f430cae9c816deb9cc1ce316f604887f72f02e2fb1abe18efe4a3ea8a200c,0,11291163,client_a_preview,0,processed,,1780935964028
0x9070d2519afd24c6d210d4a07f4131500577bbf8f108e35c61266c52463a6dc2,,,0x038d9967dacb09825deb7b71da0d4f914b0f66d9255f712a1f75afce20e6d208,0,11291209,client_a_preview,0,processed,,1780935979604
0x38adea17484d2cbce1167a73fa09f6d9b900d6c7f3a9eef4e4689afa737a2fba,,,0x2eef763ced8f3d17458121b82ce5655e4be75cf912ab37fe6ca5dae85c1e59f8,0,11291323,client_a_preview,0,processed,,1780936017255
0xbe015bb1cc1a8998a7dd33d1baa599ea549dc877ddf724d731f011f116deb0c5,,,0xdfe03ae271f781637ce56aa5f1e5d107db3eeccfd71b5a8d0ce5505e9aeb053c,0,11291327,client_a_preview,0,processed,,1780936018445
0x863cf961c9a27f8731ac308e7b67b7922b8a4052fa3724c2b4880ae9f2402563,,,0xe171d4f8ebe1342178a770590e032aac8ab18a22b65871db3c2fb3a9e476092d,0,11291331,client_a_preview,0,processed,,1780936019574
0x382089b66398a9dc840deb012d8f77a91fc9693cbc0d4e5e97601413c1bca36e,,,0x160987b5915f786ec56d8625afb1e750d0503a8edec9a037e3181ab6885036e0,0,11291424,client_a_preview,0,processed,,1780936050165
0x228a80ab6dc9c049a90efc991a8b0248eb1d66644d7dd9e2b1c2dbdc840c5e5c,,,0xc3f68c32c28f107f79ebb367f5df53d4a2376054af5e9db7c1e1485631230029,0,11291428,client_a_preview,0,processed,,1780936050708
0x746d77671695ce76ebc64fb1b02ec459a636d131f1826fb6de2afa0769df2fe8,,,0x338e26b48d0d2458f3885183775b3aa537824fbbf84aa1e041f30c59a7f5245b,0,11291431,client_a_preview,0,processed,,1780936051329
0xccc6074ada9dac38dcbaea509bb345c73e3423b0eb7ba5a6e8994241d2c2483e,,,0x883dbd2bf523f17b8ae2e2d0bde23ed4009ba4862d51debcef27d96d5ecfbc75,0,11291436,client_a_preview,0,processed,,1780936053221
0xa73d4473719f6a194accce8ea5f5fcb89a5fdf3cfb351f30f9d516b6a43879aa,,,0xe4e56744b5304f18337f55348bcf15835f3d97f8255911e801289303563e4332,0,11291544,client_a_preview,0,processed,,1780936088577
0xa46cdb21d5464051abf3195bc5d84986c6dc3d1316475348ca118b3ed71075e9,,,0xb561344bd5dd2831bd25791cc5755e1a519a7a97da66e78a9f9a954f503d4378,0,11291955,client_a_preview,0,processed,,1780936225700
0x5a611e6e2e5d0fc9029e655e7a24d92b1af9848e42fcf1665f9076d0dde7d5e5,,,0xf89ad1722476bdf8dd6e1db25bda3f0eef6cb13a3986f080ec81010917fb02ba,0,11292068,client_a_preview,0,processed,,1780936262891
0xf47efe53adace30f299d6f78cc2be85575feb6129008ddb1f34b2204623d7947,,,0x593ea00a6a9209f2f328b9ad81a6ad2435f17143e7cd007eeb29bed9b8ea3aa6,0,11292130,client_a_preview,0,processed,,1780936284024
0x36056f74a57d3d2a02d65398398bd37b16c42573d99be59db4042baf7f652e49,,,0x60d3d64220945a9ddacaa97c8f19172b7f477f54d571611c6831adf71d5f4a62,0,11292217,client_a_preview,0,processed,,1780936312848
0x2cdea0cf93faeeba53cc5913e5336ece8f6b46d7e1d21170157901481b17205d,,,0xf9177d699fcfb5c5e5d0b2de1c8a40fa52a76eb9d55c681b8a1cb21007aff154,0,11292233,client_a_preview,0,processed,,1780936318460
0xf39da10631fc1115c23ba303bd33ced4c9fa228314cd12abce64523d3c90f8c7,,,0xc18a1c8b8ba00300747cf3f2e73ecacc3ff0d0b95b8ed962ed094dca6cab93d8,0,11292322,client_a_preview,0,processed,,1780936346187
0xc3115843d1287176ed50d424dfd3109aff4afb0760e0bdf07a714cef0edd0a5a,,,0x087d2761d65894d0a6e1dfb2fe5b24109e1a4316e9b1a4992b273a68df91dfcf,0,11292349,client_a_preview,0,processed,,1780936355323
0x0beaa1f938c13efdc78988091ea34b46c6053c2cd80abf9cdc761d15db196017,,,0xf2407278f0a962ee5bb0cf502e8fd07abc63e684d86fa898cc51cf2c7ad61f17,0,11292389,client_a_preview,0,processed,,1780936369977
0x17fa03c7af6d7229eac881db3983c3083f695d85fadc02129f0c3e7d38aa1c06,,,0x5379f1e86750b4bf9b557b3066fab6931db33291edb6aef2b6e53b49dc260d88,0,11292479,client_a_preview,0,processed,,1780936398260
0xabf4ffbc577983c3309ed89010743ccd16f092fd0b2a78e72ef8975ae47803b9,,,0xdeffd66223560f4be3b6155474bb2c5a078df064dce96cb60be3df19f24ed2f0,0,11292491,client_a_preview,0,processed,,1780936401480
0xb546091cb145fc05c6d670050432f54bf7028409582bc510bbbf656f7b06eb2e,,,0xe18c7006b6b27cbc9e55d0066e06e5965b8b6b4dc2913e72b19eef0e805407e3,0,11292506,client_a_preview,0,processed,,1780936406825
0xa17f2f7e36a815b8f4719640ea2cac8b77c50bd25567f1d239d8068e452bcb0d,,,0x6fa288543979f77f64845af21aa587fd296879c16918050ec4ed809eda7956cc,0,11292580,client_a_preview,0,processed,,1780936430721
0xb4013f7c742f594e4aa9445f14d1ae9e2e4c24959bf44cdeba58826d7b5c6810,,,0x3a6d4ee95978c37759950b4b0c838272dfad0c1c39aca410dbdb22f138e5a506,0,11292608,client_a_preview,0,processed,,1780936440256
0xe08862ec4ea28a2f9276367457cc63cf949cb77aa43123e309b2d0246db7aaea,,,0x484f8304fddd0a665fefb4273d25bfec2fe486d705e5bca35326533ef759cca2,0,11292651,client_a_preview,0,processed,,1780936455137
0x832cfffda9ff3c2e55b6f23852159849a9e06e7e6266cac8e2513b7f8c6d8019,,,0x4bf079bb68d0e28cc2e0add01856c42efd4c2f956466f2efabd79bd1f04ca755,0,11292754,client_a_preview,0,processed,,1780936487662
0x78f1a7e83351e91511863a2f949807722ed18689be546fbb13af32757ec9bca2,,,0xef80ef173c10a529bf163afd0ca06db65eeea4f399e5f0f50554833290d38f8b,0,11292768,client_a_preview,0,processed,,1780936492205
0x54db5256faf185ddd00b860694d74affc1b69e8b0725c5c3b4c65054e96d03b3,,,0x2e602c9d97e3459acd147ce07b43f283f299f17007689964416ce77b833a32c1,0,11292769,client_a_preview,0,processed,,1780936492716
0x857755f7d4e56045c50744bdc4e5639401517953e208b292da27f017b04290ca,,,0x75272e3440985ec5945d1441ba22c17711bac51c1f28b8efdfb27944df77ad88,0,11292773,client_a_preview,0,processed,,1780936493571
0xa635e93a439fdda47a3803248c5aae7dfc6652757cedaf68f8e3cac4afdc570b,,,0x91b6380c97aee6b504b4b1e7c6f310f13aadee7798c75bc58bc55accefd021c2,0,11292844,client_a_preview,0,processed,,1780936516673
0x878850bc7fc64b854b6c9ce4ccbc566ec64498891e3a89475729ce01af1ae68f,,,0x1913d9b814d7e96290414d444f9dbcdfa7c3e24c75c8e673d09fa6a1b6e633d1,0,11292875,client_a_preview,0,processed,,1780936527457
0x99fcf9ec0de1e1f625e6b594b91d8a54ef9a988cce0a0316660c9d3752dfd9e1,,,0xdaa452b91dedef03f334d9813b7984aca23bfc4c5421f53ce4d8cf3082adc0e7,0,11292913,client_a_preview,0,processed,,1780936540279
0xeddb62c3c5daf419dc4cbeec3c40d27e548406c52d71204c29e438773c988baa,,,0x1894d970e48b3d6790abfdad9f9082bf0ad98d936d5e65a3b94a6af8a5c3019e,0,11292927,client_a_preview,0,processed,,1780936543735
0x618046bd2fca64ee553612deb3711d72f8db8b14123bff3b32a0c8dba21e8426,,,0xa916b8b398e455c484d0d92a29c0b801abf440ba246ad5f112959d7a1aca007d,0,11292930,client_a_preview,0,processed,,1780936544883
0xb8a664922a865394eb1f90c8a29a53bf65cfcc3bcdfb0e70e8f582849be230b2,,,0xa70a52e9bb0fc16ff8cba70eb0415d890f41c3087e68018750ff7403ad5a6665,0,11292947,client_a_preview,0,processed,,1780936551049
0x13a1f3b884bf8217cf6835ddd2628f5f4cb933da6bfe8565c2583e0e2914b820,,,0xb0b505b439afc5938412142af0f335c8df4d96c874c455f03a24d1c68977108a,0,11293002,client_a_preview,0,processed,,1780936569517
0x51df24b203d0086ef4871c9ed6bf9d453ead0fa67bcd22a995d1ff48cdf78b99,,,0x34ce6e659317830d6634fbf77c8c1d65b9acac494b4e8e7f6aee77c7ef45a704,0,11293031,client_a_preview,0,processed,,1780936578170
0xe52b10109728720d314fbada1c0c8365224c14ecf1f17dfae991ba74fb99be62,,,0x258b8f58626ffe116870b16fe9ed6b238bec49da027a2d7aa8d091d2b7eac3bc,0,11293036,client_a_preview,0,processed,,1780936579950
0xe91cf5cc58dc0a357dca3e750bca8ac19b36e419e659a15ad66f89b74e6ab4d5,,,0x2dae33d4a71773ae242a09a5af7c9b7aaa0e53acf518fdc53556c31fcda09919,0,11293039,client_a_preview,0,processed,,1780936581577
0xaba32ae20302ce53462882e689f6b3c74c7ab25fbad08acc1d0a43410b59b198,,,0x69cb645f4aba0292cb40cf8f643f4ad193093a63539f6d4e111c1821db4447a7,0,11293103,client_a_preview,0,processed,,1780936601433
0x45a0b2ff2bbb80b75747ea78839d4d57086a1c12b41a14edb7591030e525103d,,,0x15338f940af161f7e9677981122108540ac885eb62356bb188b28a39528e8d76,0,11293111,client_a_preview,0,processed,,1780936604216
0xec110391a5d4a19480b4f9413d3ad2be57225df5891ee8ffd4dfc874ada1b77f,,,0xc17b5bc0634cb3930bcd56f52f8dc1291496afdcff3cdb6602dabf49135846d3,0,11293136,client_a_preview,0,processed,,1780936613268
0x7435250d7fd31ea21bc20da8f3f63772e7f50f8619c94dc25b230b056f644053,,,0xf6456edbfa2bfe616a48ef6c31e6af7ee3fd42640ed1a48b72853ec9b5bde981,0,11293144,client_a_preview,0,processed,,1780936615841
0x3706f1a445f9849adfe51692b0631cf724360ecba4800066292516241202ef62,,,0x1a14ec8be380f4a3710d03bc4afe5d0df09a2abbf0550b1e1916d9e6d64f7da1,0,11293187,client_a_preview,0,processed,,1780936629401
0x27e391d16a60cacc0e0de8201bd8c12b86e4f216dd35d6e4d2c5ce0f89259579,,,0x52d97e6139ce8b392683b585ea1a1d798b47f7a9660dfb7216ddc3663a57150a,0,11293190,client_a_preview,0,processed,,1780936630496
0xf652b96060e14358147530fe12e01d6992b95bd0a8a6cfcfd37f40c797e8d741,,,0x2868478ebb4899ddb4312c0c13f31e4b46ff5263a79b6dc42116104f6cc790af,0,11293262,client_a_preview,0,processed,,1780936653152
0x5c045409e578a36e0568ad5c40d196a1478c92c0c4f1c3bb00d696ac2f132c5e,,,0xeb0e315569742786d4cd68d694a3a758c7dd966b5115b8f4475716b39c0cfec8,0,11293292,client_a_preview,0,processed,,1780936662008
0xd91a233fd91095c18054c36e8e375b724e0ccf042ff002f554db9f834404280b,,,0xada4ab6cb7134b0c351cd82a4331edf502ba24d2234aac954c46ec3a1c5e3960,0,11293297,client_a_preview,0,processed,,1780936663735
0x516dd5bf1620ae8135163f8e4e2d99ea349a35b1a15d8c62dba44518398e8f4d,,,0x468bde18b146f4fd2a37ea22368e6126645bf525d1d0e2935f19122a06e22fa3,0,11293299,client_a_preview,0,processed,,1780936664619
0x44e32b93d06fa9af556fbf0e6e568b28165dabe546856ea1094e0924faf69b55,,,0xa7a7a2d23f210cb8d7fa30fe2fbbe71d36f3cec638f57c3eab86706b1bc6c288,0,11293302,client_a_preview,0,processed,,1780936665382
0xa4098db0dcd5183f63308b9d7418f918ae0b810f4f00bd854c795b98169b013c,,,0xb91e3ac1b0dfc8d258d5c0194dccbdffaa2897b4cc083aac467073fbd47cf9c0,0,11293371,client_a_preview,0,processed,,1780936688452
0x78905946d95dc7c56b24d559eeea49716132eaab1a093d1c21129d1552db6eb1,,,0x4a2e0b898125fe4bc7d24c544720a297133a8f0b7cf4714fa7aed63cca56b9d5,0,11293398,client_a_preview,0,processed,,1780936697869
0x6cc134f647acde216951b4d9d42f1fb4ca14e591e569e704956fc91ae5c689a8,,,0x76aa840b5e74ee16d8b10ef438ace0f309803f01035890271df6ed09cb8d9ba8,0,11293404,client_a_preview,0,processed,,1780936700420
0x4bee3df27444e13e07795e7ed89566488f710ace0cacea3a93407dda01f75d35,,,0x557bc4f786dd4a5408011156f8c46a7ff075ac1aac4e16522707bdf3d512275c,0,11293409,client_a_preview,0,processed,,1780936702150
0xd78623393f57a399a912eb4b8c785fe1982d0c5f34551d4ed2bfd899cbdb2981,,,0xb2f49126a7874f607dd5acb92e82ca12c36b1d35d2d5eb5910c909b8647e4eb7,0,11293413,client_a_preview,0,processed,,1780936703210
0xf861eb648c01727d42a87e1f08546a74f3205bbad670c302409d2c02a1e2922d,,,0xdda4287f2dd77b594d94cab43406c0b716a7ba989973519c391759a00463519d,0,11293417,client_a_preview,0,processed,,1780936704439
0xf3393882e3221300a962a744df0e1014bd72e92f960d3c061cb684c630d96f0b,,,0xed2022d2ab42e2aacbd1f75c469e6165dfbe5755b3372d626446a41406a8d314,0,11293447,client_a_preview,0,processed,,1780936715321
0x16ef06c2fea546aaf1e9b1294e4ffd27f67745b753e616f7ebdb9a1c90d34dd4,,,0x7ecad441be92fdadbc3fc672306bafeced759eefcab4aec71843ab1667285190,0,11293451,client_a_preview,0,processed,,1780936716755
0x644b3b672b4c3c1c09121c5edb00f30cd2e2e18119f7d91ab615409a09d28086,,,0x9672c02a8f86a382bdf081da25c88266d36ae4280f513ef4cb70d4b96a8cda13,0,11293517,client_a_preview,0,processed,,1780936740413
0xc337b19c8e36011ed2855c19149c90c06156c01b3ac24fb9619c43907994631a,,,0x8f62fba5374dd1ba3456ca27004b07fe766fcdd9929be5e421915f8a2a102962,0,11293521,client_a_preview,0,processed,,1780936741315
0xc5d538b7b8324a917d2c6f692cf98e1ca6d6427a9a29b0003d7682ded117c56c,,,0x3d7ad8c6549a307683600a35125411fffc9b287f72a5afb33e77a8075d2affcc,0,11293524,client_a_preview,0,processed,,1780936742475
0x715c32669ebba0beb8efe1efa688a531df051b7531828d4b444189c04ecf3fbc,,,0xfbf9eb5b7fbd9c2a404f9fca3cc785dc7f118ec64e1a3401edcaf7d6d2e39e66,0,11293558,client_a_preview,0,processed,,1780936753268
0x44bb3e391aa0b195d79793431094aef3c9fb3e4ec3d0195328d6a638c9e51743,,,0xddf31cdd9f3aa9180cf484b83fae7e095015728d8803bf06c4e1ca27d2b79412,0,11293561,client_a_preview,0,processed,,1780936754414
0xb49df5e7e6db1ddc32b1a00ba43810771862e6fa69f0997ccc972eddc9388088,,,0x22bf862f02a740b6ef5ba89be28f0ac455dfbc0627e0cb72fb280d289ba9843a,0,11293563,client_a_preview,0,processed,,1780936754996
0x1d69ac278237f33c0fa8a088a3155cf9af424ce04ce5600b72dac3523224792d,,,0x253ad43de13e77f29e63d1bb2ac7225b493e5b06e02a116eb783904877895471,0,11293571,client_a_preview,0,processed,,1780936758307
0xdf627cad351aae0c7fbe4da906d32b7a3af4f0e52ed8d61cc721dc21a9ed22d3,,,0x4586e0c760784914711066c41b8d8b594f3c1c6a94e47c1ffc66ac75bb61e208,0,11293659,client_a_preview,0,processed,,1780936788048
0x3501e954dfe8f1bf083897ce3f064ad4e61ed6d86db289b0bf7d06c9abc1c5f8,,,0x710dcd28676e691b6df321c988de4ad975a3cc51a62df513f31a4231fefd9af8,0,11293665,client_a_preview,0,processed,,1780936790563
0x7730c0b980a965c4e32489e70840c6bf61f75a453fb3f27dd402619456b6fe03,,,0x30fb33a5c4c5cb42ff1fa7c7a20c0492b418704cf0becf0e69db5197c84116e0,0,11293681,client_a_preview,0,processed,,1780936795931
0xe97eea9ff30aa983b0d81da6f28961e86fb7d7481edd99e8429248a4765c77d2,,,0xb0b4d28cfcf5fc1d711a4f9514ed69f290c4ff9366e34b8cb7f70bb0d787963e,0,11293685,client_a_preview,0,processed,,1780936797064
0x32aa03c8224fd50d0c2ecade3f4fe9a7b5cfab5581f7ddb0e4e823c1336488e5,,,0x6ba3d9f4a1c6228e7b7d4d805008e1c9e699d99605251f229a17875a15935efd,0,11293689,client_a_preview,0,processed,,1780936798343
0x1fe5148113507f17ae4b976de46d079d8f2b6002c0240a45f7da1a460b6f80f6,,,0x85513d8cba9d504f910cb714b855648f215b74f72589c474f093aa56ed25cdd1,0,11293724,client_a_preview,0,processed,,1780936808049
0xc8dd058d11a7baac4d1ef39a5326f3fcc07626e367b59ae9c5511ce5bddb9442,,,0xd3723fd76713a447f3f07824a915dde2e5ea8d0fc226753c133ba388f304c94a,0,11293727,client_a_preview,0,processed,,1780936809068
0xadd6618e357ae15c618d64ddc964bba6ebb65283b477390e1fd224a8f7f465e2,,,0x7c53b84e066ccbddef70acc8dcff2862337f752c67061e747ecd56b7ad9cd7e1,0,11293781,client_a_preview,0,processed,,1780936826650
0x8fcc4dfc38d0fae3cc97f0a30cdc03dbc8c37d8ac02bd19b2ad4dc3c7f386dc1,,,0xa9635b563f3fb98807820f12d927a03e652f54efd84afb7cf0e4bdc8f24bc564,0,11293784,client_a_preview,0,processed,,1780936827803
0xdc044eb873ec6e67b5df4bdf8008967e7788a54a4afc5b0619d1b0851d63045f,,,0x01d048cd42df725c0393be7e23531858269915671138bae3e9bade473af06d4a,0,11293788,client_a_preview,0,processed,,1780936828998
0x84ab455ed3687a9ec743e4e6e50a06d2ca267401904fe8571c8b0bb76078a0a7,,,0xe6f5ee79e746bd5f2ca62c140dc7739a13b12978cae8d6bbdfc1eabb6ec7ae98,0,11293800,client_a_preview,0,processed,,1780936832949
0x9e89eb5a02276bede8acf0de2ebda56b1662651eddf72878aa094bda44ba9ae7,,,0xd87dcf86a3503807aed534e551fc6159a9e70d30a1d667742608b3934b15d0f0,0,11293819,client_a_preview,0,processed,,1780936837978
0xf992a9cd8b8e6a036e1bdd6c2b0316c0d4702a384beef3fa77f35dc672e2b109,,,0x7ff380fb9087cf68dad488b253eb87ccadd1b50cd9769edda394a03acb2b63d4,0,11293822,client_a_preview,0,processed,,1780936839275
0xf99ea92f43fc89d4111593e0799f1ccaebe86b2c9d49e3caf7cc32a12f1b0cf5,,,0x01aab4918613959a6fe28ce404ef1c3f3f98b745ca3760b548af1c948bb8fd03,0,11293829,client_a_preview,0,processed,,1780936841363
0x1116056719e57df10c0fafea853468579a7279576a81a61b91dd56e486ac66c6,,,0xedea5c5fdb2a008df38203a48c0eb4de0d79b5df53d39f3333386fec590d8bee,0,11293836,client_a_preview,0,processed,,1780936843874
0x3459238f59d433bac7a9f27a9a0b45ae77767587084e929d2a1bfbd9c2a26392,,,0x1367740b5f50f39c67b9d893baa89208b2f8ab0eccac3fa4d742e1b53d5a8232,0,11293894,client_a_preview,0,processed,,1780936863088
0x2b5b0c7ea3ff68e8561c10292dc8b108d61fc65cb2163c80473c69e4d859dd51,,,0x923ddd04f4c9b4c7ebc3b45ff6120d45b45fdcf44ea91c7a4e2348b915541e05,0,11293922,client_a_preview,0,processed,,1780936873275
0xc8d8cfad07b1c5e0c1eeb25d42fa8512ab6d2b0a1dfcc3e732227c4767bd7e61,,,0x4904f86d51e7e353c0b83385375d000c9358e150c4bf6fc5e46438885cc12f43,0,11293930,client_a_preview,0,processed,,1780936875512
0x7bcc1a8d0eb7219e71647738f38373a605d5c62845bd48566506a368c24e9cf4,,,0xdc0f3d2ad4ea90d52306469c2ba4a56da04743d5e3e5bc901f72d808af79659f,0,11293954,client_a_preview,0,processed,,1780936883267
0x5be2e13b4fca683ff117521b0df50f4aba9d55d1b5fbe3fcac38dcfa2f056905,,,0x26e1789f6b593dcf0c34fd8435897aa0f13194f9a28a9295f188514c2c5c1aeb,0,11293957,client_a_preview,0,processed,,1780936884394
0xaad21b03c14492dcd9828347097da30b2c76af47dd22a0321853a3698d704805,,,0x908497c1231c139ed97bd6b8e9d2ac2ef96a5961d18c5813e2ae97b0e0633fed,0,11293960,client_a_preview,0,processed,,1780936885605
0x67c64bc829257fa6fa77127df2141675bb78a110d192223c8e5b5e54f884d7f1,,,0x8ac362869aa979cd116e5e49c35d7d2a31ece349edb1c36c1cf9d7dac87d458d,0,11293990,client_a_preview,0,processed,,1780936895051
0x43e3cce738cd1388afe6781c44dbddb4dea8b6782de53e183542d10f2240be82,,,0xc603d7b18eeba17b879b7d27fde446b2dd2ce8e46432cc4d2387f7327c9548a8,0,11293993,client_a_preview,0,processed,,1780936896224
0x626d461af615483d487eae71179806be0e16c1eb020515a20609cb9a4b15e9c6,,,0x212775fe3dc52a716a0a48f3cb1c46e92dbc929c27698d8c05a0f9f4125a4c6d,0,11294041,client_a_preview,0,processed,,1780936911647
0xf7b214d9e053151f1058ad7fe34946422c87595238141174934d39c9dd58a0b7,,,0x7efd3dfddd5638ef6693a7bcd019fb01ec775d1970448ad3f8be8c295e75464c,0,11294044,client_a_preview,0,processed,,1780936912782
0x19d6f2e2b769a5c7ff55fc987a39c72ed4c3a08e73ba73428345072fe484a017,,,0xf6ff664be6c7369846d372ab9d55a6efefc02e5f1e3e50032035fab4ab7835a0,0,11294048,client_a_preview,0,processed,,1780936913902
0xf32254bea49c8b47fc764a7d8eafacf555ec01dfe805dde0d7a3017812b986a1,,,0x74e1fe3a3843c5c5ab78d843c1c117e69cc9e086ed5a5bbc2935dd6a64389e92,0,11294069,client_a_preview,0,processed,,1780936920423
0xefcc8483c455b9594095156479bc6e7d5c6ddfe910332bcf68d1fc2779b996eb,,,0x1a1c568a071b40e63bccdf82bc9135b65751a16a203a833a7f383a79bf3c1a29,0,11294079,client_a_preview,0,processed,,1780936924463
0x9fe4bda2439b9f8edd7a4a06711d721d50b408a01c4c5bab4c04e3466b6cbc97,,,0x2e1d3cba61d4aa27a7979c8acb2ef88b2069dcb8b6ded22a1eaeb84b42c267f3,0,11294083,client_a_preview,0,processed,,1780936925612
0x5895508a5353ce09aaf63174bf5fb9d4bb9fc831564d78d414122c5809788419,,,0xac54b54e8307b36f029e367b6644accecad6d589c8e7df625fde7c6f73d928ca,0,11294096,client_a_preview,0,processed,,1780936929474
0x6f9895f562b3b3205cab2718ed55c726baedc09ffaacfaedd972b55f55e84af1,,,0x443966b6f87ed765ba73d1a65fc82899db9ce8189d83c982c697f8b02e98f0e5,0,11294105,client_a_preview,0,processed,,1780936932158
0x2139f7d56c5af8e4f58a84f8c43ce73faedc06000ac503353fa12b99e10ab68f,,,0xc0568562fe9da6b224ef561795f9a810d731ac211439937791e6724f9ba67d5b,0,11294157,client_a_preview,0,processed,,1780936950056
0x686f6568dbd6a2db04c3f677e5bf0d1d76a4b4604d50af1f1aa9f120e0f37de6,,,0x224f0368f33ac19b6aeaac4510d897d81d8abbc7cb515c5fecaa5cac8b1d5998,0,11294184,client_a_preview,0,processed,,1780936959144
0xe842545671ce69d15a44ac69b3aab37066b402c47a87a51b7b4eb18a3c59f988,,,0x78489a062cc6a63e672f7e4702f7ee35dde3b7b4c3e5e25c1cafabc0b865933a,0,11294194,client_a_preview,0,processed,,1780936961780
0xfa37490743277551be096b7102611b7f45dccaaf62bb60e7b7e2b0502f9ea98e,,,0xf4f2cd55b4c972da1ba70792feebaf1f07705aa186bf2ce4301e89f298fb1895,0,11294223,client_a_preview,0,processed,,1780936971169
0x7b75b0b80082353e10210e8f0748589575a636a35590773f2bc2a35abd5ac3aa,,,0x61652ffde712f348ce3b2de6cc267cae5c07518879c6e9ddf488c2cd80d3dcf6,0,11294255,client_a_preview,0,processed,,1780936981710
0x853ba2d99b3087fcabd952dbbccca98ff4a0cc5ea295bb25f4275aa634e64744,,,0x9cec6bdfae56d4f0e40be1ba7a091cdf83d4fa81bad1ec9b5dfd742c4941f934,0,11294258,client_a_preview,0,processed,,1780936982837
0xabdfb72991e85d825045c9df9c504d7f10f7052f41c7546dbede027c0990072a,,,0x4ca718fdbe9f368540015221bd043e9c636e667ea430186f27753f68fabe700f,0,11294313,client_a_preview,0,processed,,1780937002018
0x914296b8fdf17346f5e2a24fbe15d3aa60e14787e6a3f1e2e53ec7f263233599,,,0x80db155296c77eb1c9e8b19d0b758d15e1d2202488d790fd7e0bf8b88cf3de68,0,11294344,client_a_preview,0,processed,,1780937011885
0xf09d16c9f453c0ce98d677261ca8c645de609850374f2d892e0d548822ae5971,,,0x261ab4090dec445d01f1e02af338273c5f938e8cb12b95a743af8592b31e8fc8,0,11294347,client_a_preview,0,processed,,1780937013011
0xcfd4f6e680fc971683a1341a27adcdec410405b3a29781b5082893faf9afe1ba,,,0xb192f1b3b78eadca11fbe7cc172be0cff19200fd43f4bfb8b36dc7657e65c6c9,0,11294359,client_a_preview,0,processed,,1780937017020
0x7ecb8550016bc749e6b8392fbd42ab0183f9b51a58527eec28a3d805c6de9ed6,,,0xffe5afe6c256906c158b5b2d27e8087a0d75a79b3d1e83a8ad3d42655c37e31d,0,11294366,client_a_preview,0,processed,,1780937019617
0x8fce695b28456f6ef49d16e5447c7542c7e55ec37448dbea95f853cad9afa6ad,,,0x9ebcab5bdd4c96ad327d0beaa0460ab4688674fb4d3ac0af94d4cb42dc6d3aea,0,11294447,client_a_preview,0,processed,,1780937046484
0x854b86d194843bcb76a4af27b0e36658400527f9d88f6d28b83589ea691f57c2,,,0x6cfd92f933d9a9a78b6355804b9645d5de3931acc819a090e617c70dc1347a5d,0,11294457,client_a_preview,0,processed,,1780937049268
0xda9f736737c9910f8bfb11138762c3d4fdd1aedc335c6db9be82f115f057efac,,,0x46836bb45095d9ef54bb7234803e054d8b76cb4ddfdd0135757057626e24451b,0,11294485,client_a_preview,0,processed,,1780937058632
0xd504c5b340604eafa3887f8ca67a5f630c6e4910a7ecedba11efefe376588e9b,,,0xb1662f1ca9a7c1173e2b3360f4fb1a9d5c9971b92f297ec0adef9aeaad31d46f,0,11294571,client_a_preview,0,processed,,1780937086223
0xe9a9b36a48dd6f1e93f35a1f106824a0806df93915fed6926b30e8c67848406c,,,0x7ba6ba96d374aaacbde5231da9cb29ea90876e51e5265df8ca28999024a76a29,0,11294620,client_a_preview,0,processed,,1780937102758
0xf102e6cc679044cc7fefbc36d674381a60afa29bb996f01f15e9013a736849cd,,,0x70f058395da3b317805777ab0e3e35b0a783be3990636b1871007c05bff738dc,0,11294627,client_a_preview,0,processed,,1780937105382
0x552d5f8abb0a9f4326749abf150563d4d7ca3cfe95a7d8092caba4e8e0398c61,,,0xc30db73f9a76d39ab75ea5403c25cc562dc0ae8346727fc4b6b370611cdf71fe,0,11294710,client_a_preview,0,processed,,1780937131736
0xc88ce28f7ebc3d0ef7b2764681605f9310de984975a943fc5483a69a48741b94,,,0xaa6dbd843aa500ad7785463f4ac8871089ac4bac62601a5931aa8ba42eb6cbf6,0,11294720,client_a_preview,0,processed,,1780937135174
0x14150a14e535bb8f7c758f3974c2e01b3c290b95c975e6823e3ad3e5328f68e2,,,0xc1bce0c38cbc749b13abf683560191484735bacaab1ee81ea090f8b5a4c1c5c0,0,11294747,client_a_preview,0,processed,,1780937143586
0x458b18e1f180c343066bfee29788392357cb01e8e644c3e8e553f21abe674fa1,,,0x2cfed43d92019fd58565528a204e4892f8e265a7454dd3cd4a578acd14bf16c0,0,11294764,client_a_preview,0,processed,,1780937149376
0x6e6e8ec22f06f00c1d960fcb2a54b2cfcc0149d932cfd9106a9134af1f9570bf,,,0xa156b00829b1d88fc2ab660f06804de104cec9d6d64d254e0a55ebac4f6a5aef,0,11294855,client_a_preview,0,processed,,1780937178250
0x6bbbf73c9ac386df729f0736aa75c2b3e3d1c822b8d782f8116bbf7300e730fb,,,0x62882b0cc27fa9c8687a78b08a9c0db59927e7e0b25e96c8d8ba8e12304cea6f,0,11294880,client_a_preview,0,processed,,1780937185737
0x54c2b7aeb96786aefa65b6316536797254ad97207b1219b65ba52ba7a10c8ee7,,,0x259580e8100a486c2911d78d5450259ca5e34d3c106e8c5bdf20ceeb69a776dd,0,11294887,client_a_preview,0,processed,,1780937188560
0xd6f9cd6ee000c5d39b919f1893052f0365d70d9e55efba2947961869cd3070f9,,,0xa88c2e46b2ae411eddf94eb35eb0de02da422aa3259cb6ade836d64e5c3b86ee,0,11294946,client_a_preview,0,processed,,1780937207891
0x70af79f586f1abb5cd989e63389a99b5d287e4c6cff4577af533831dfde27411,,,0x81af25b3a11ed9d419b37ef4ce0bb705b51b98c287089aa88694775c74abbfa8,0,11294975,client_a_preview,0,processed,,1780937217490
0xf354a24f16d2e311088d9b1e32825c79586c83f090a4647282c7b07d71683f5f,,,0xfe51a5c6962c2a50841880ca1c98005d1f7bd46cb0b1ada3c1e572cd7fca32ce,0,11294983,client_a_preview,0,processed,,1780937220182
0xb95e49c08b0b73cd08e9338ef7cf95a9ed1b28f85910fc7e21cea281568d15c3,,,0xd32704f06818643d95668ac1a2b46aaec92fe75d229ce7f812c24b3a648f51bb,0,11295029,client_a_preview,0,processed,,1780937235298
0x5137e0ad37c0c5d2d9f7d87dc41d9f275afdbcc4f4d1a84977d8b78df1e49c32,,,0x9ab028ef4bc69d768103f262b3077582eba8fea5acd78bf1202bf9acd4dccc85,0,11295049,client_a_preview,0,processed,,1780937241432
0x4e1c1b13d0131e0c640a656d6a75062d5a4cee58a07b66103b858ba6c32266b9,,,0x126f9fd76b71004c9eafeb01f1b94bfb1777de267781bfb51eeafa764af5ff59,0,11295116,client_a_preview,0,processed,,1780937264168
0x8a56076a85a9ea901e2adafc402b235bbbacbaba37acac9c4c1cc39c12ab4e86,,,0xcb3577956a4bfb3f48b67c76749da6c9d8391d9d1b2392a3bb2d9edf8c6d4860,0,11295117,client_a_preview,0,processed,,1780937264657
0xf50d1d55b5972ff764cfe9a7bc550117ac5afe924f143305b9d4a57a09918159,,,0x17e3d1913be0f873429563559806e536e5e55171e585101c0dc7a40c60036b09,0,11295142,client_a_preview,0,processed,,1780937272368
0x22f65cc7bf19205a4cd984c3bb789c968346fa0907bf8139a48d14c1edc40669,,,0x4bba2fbb2c0dd3adf739cb44e5acce88cc20238e0ac94b069e37290379c86dfa,0,11295149,client_a_preview,0,processed,,1780937274937
0x0430715840d8d7fe3bd37936ee7ac6a266e182b202026d0c745c98ec0e6fe292,,,0x781fa9c76ec74905fa60db795d4ca709ac62ba989c6eade3cf962cf609365697,0,11295209,client_a_preview,0,processed,,1780937294270
0xd476afab86d373e28f9f51998cab0e2e3c94160810249417c5256acd5f493070,,,0xd45f49ff1db79f84bcee7fc7b8d12733a073630744f9d2cffc7cfc8fbee3a4a6,0,11295217,client_a_preview,0,processed,,1780937297128
0x7c3c94862ae09bf76a9a2575bca3249dea4465bf86d06f3b967611d3314176fe,,,0x426500c517b13eec6f9c5c756ac6c3b067fd5a3eba42ed206d2f1d93c9c3e4e4,0,11295235,client_a_preview,0,processed,,1780937302355
0x38adae47612ff08bdc86b9835f2b98837625d61d7ec15aca45b749b80291c8e9,,,0x78152314c52b6a88960812a0499dea6d1076bb71106cb3a844946ae3aa467fdb,0,11295242,client_a_preview,0,processed,,1780937304916
0x3cf05e3d9fa975f77382b7e6435125948f25ef920d2521c043538b52c904f0f9,,,0x5b6d3b37aa9dde07eabacb34acfc633fe96b0735766794e09912325c19d190eb,0,11295309,client_a_preview,0,processed,,1780937325564
0x187c589324bed4100c44ebcf48a6dbd1656a6c5ca8895599f73a60d5412da412,,,0x64a04755ebdddf7f7a5d0cff07ac8582472c68fa44793a185331d0b336e13659,0,11295403,client_a_preview,0,processed,,1780937358228
0x74643fdf9185b324a56069aaae86a815e6d6603af27ad54b315838a25c8b4272,,,0x0040892fda5dd37a0a49b6c27ae9c3d4ee7df5b54e6861a1eb777a807621ccc0,0,11295409,client_a_preview,0,processed,,1780937360897
0xb863412210be59115f4dc9b566f0bc5f24e325ea6a610b9702b9c04c5de42b76,,,0x016b13032e6c39850b3fe8ab9db5e021c6df2704e8c23f5e6febf4d245d8eb02,0,11295472,client_a_preview,0,processed,,1780937383695
0x702cc1f57c1dfaa8d6cdb662427a61c82d4d8cfd540a6cf92e52438bc1fee0a3,,,0x497f3139e0f874de8643607634cc343a528760a7b16167a9f1a7e4fbe541634d,0,11295486,client_a_preview,0,processed,,1780937387905
0x9c2bfa667639a8e91f51356c7551ce542604aa2516911c57f9cd25b9e9e03943,,,0x836dd5f049ca0871498bcbbcdf9feeb08a8baf6079096c1fae75b14682888f2e,0,11295492,client_a_preview,0,processed,,1780937390487
0x3fe88db27db6ff2792f748a38c47a12076c4c4704a72bb5bd704169520c56099,,,0x0d1060e168cae6634d818c05ce12c24facbc47ce23729421cbe933156271deb2,0,11295556,client_a_preview,0,processed,,1780937412721
0x39d94db42e6224e1a803cfca112ea1ff58af3415351a6988e307bd989bac729b,,,0x126e2a50b13bde6c6b6bfe97bd5ae3867e5c00b902317780fa2dbe82e34298e9,0,11295898,client_a_preview,0,processed,,1780937524687
0x2a918f66e61649ad488d6f3d01fd1d2581f786148a32138763a055789b302706,,,0x44cb2f01e6fc780e69ba916ff2ef11e74292f3333c69892296c6cfbc0b25da3e,0,11295977,client_a_preview,0,processed,,1780937549370
0xa4d8c1e93fb0e4044f0db02eab7f47d6b89a3050974a11972fec7f24f11651c6,,,0x930b281a11fac3c1c86600a0612c4fc9962c7165c4c0164059a81b2cf9b50b28,0,11296040,client_a_preview,0,processed,,1780937570772
0xcc4cb0e1297f308050fffccf85a24d7eb57563f1d4c5610e048d836bcf04e4c9,,,0xed34080279c4453a45a8c6c77a49cff6703c5a558907b57a1d3e395759835309,0,11296043,client_a_preview,0,processed,,1780937571850
0x64ad4b6cd63d0e1de2e415b4ac1295abdacd1399be3e3943e0907687d1cac1cf,,,0x8d0dbbb9ca9bc23106d5eb9dd13b527eccdd7494a6142798379696460c5d1c94,0,11296123,client_a_preview,0,processed,,1780937597722
0xea0780a3fcef367d714315e9b6688168a3b1e4afb8df0a4efecbeb6c5310a116,,,0xda6c179e296d512d12bc6da3853fdd3f5918838f11a2a73a0b75394110777f35,0,11296126,client_a_preview,0,processed,,1780937598809
0x15f8506bde41a1a44b40fee05a3ba79ee2c65ee84d5eb825771bcffa7cf4b67a,,,0x3c9f50cd8d7ca40e10113957a07130f3774073f5eb676cc8a02f7228ba5a1866,0,11296155,client_a_preview,0,processed,,1780937608466
0x57e7e3e0fb86ea2887ffa49ceac2103d9ed8ac49a06337450c0a2cd82db2eb46,,,0x422d4ccebb797f4bfd35414807a2192c0db0a622f850768a4ad7c7a352688838,0,11296236,client_a_preview,0,processed,,1780937633889
0x2b2dcf73007fc5e0983f177b791a270b41fbbfff324aca615046ed74c2130476,,,0x1a905b436f3ad3448b9bea8a27a4aedcc9a7c0d1abe662abefd89e3012bf7473,0,11296338,client_a_preview,0,processed,,1780937666568
0xdf5820241ac46e0a5b66410ad54fcedec96a0968602a0fcd7ee72bd249d309d4,,,0x3df369be631bf1388c78000be4e079596fa06e8414e5797d0ec36ff8587ab20e,0,11296341,client_a_preview,0,processed,,1780937667625
0x36cb173c32aa5843ab47584ab61d6b532d1c4bded19de7c94395b84631fe9912,,,0x057da6cdfb6bcd59154f0bec585b61bd59902b9538b11bcb53506b3a3d98b96d,0,11296420,client_a_preview,0,processed,,1780937695637
0x52750c0416b9a37bb5d73d058d842f909a42fc10be2ece768a23371a8decb0ad,,,0x2c9613459714d8bee37ea4ec418548195b4d801da4ab393fc16269c86b68f292,0,11296423,client_a_preview,0,processed,,1780937696718
0xb323bfb44c88848a8bb19dd813adad19c9bd95970b7375c7e8773e90e9cd5a24,,,0xad328036af0e4fc266095474981884805770818ba788042b1d28219557ccce16,0,11296595,client_a_preview,0,processed,,1780937754368
0x0226b4df4782e6e32f1bb59bd7045d78b0a8b67cbedda400bb7d5290469744ef,,,0x661db721269332a0d377545a8c60219b4bdd7bb006116cbc80d9f6ecd5a942dc,0,11296599,client_a_preview,0,processed,,1780937755436
0x43a9fc4fe621b1423427ab18d517f81ca4042c91b1b5b48b83d55db783311c8a,,,0x1f3da88351c1ddf48ced6f83d48b1fb9c921ff9322b382ee6c69d9bcca76b6fb,0,11296656,client_a_preview,0,processed,,1780937772416
0x65059c4b95d8bfba24b9067c57d5f3f4210430d6cb56e0c9324cd6d6a44ba405,,,0x8629c7ead44aa05255706e6c412bda2d7185bbd0ae5a48230744b2981c45b955,0,11296677,client_a_preview,0,processed,,1780937779907
0x5b5bafa578ac17e7e3803c8c447ff8eb57d9735de0cd62b3eccf439a6e970c0b,,,0x9ab30ba94c3bef18650c15ee8f9db6a724d087f6de82814f7768bb22ccc08947,0,11296686,client_a_preview,0,processed,,1780937783500
0x3c6d89aa555ccf2d67c5b110e908c0bf6dfd2371d780e0dcd07f51d05913d7ae,,,0x5466d0712765815f4a2841b7d4e71264d91ded38de1d847cda1e07164270a63b,0,11296689,client_a_preview,0,processed,,1780937784597
0x29cd496ebd1cb887ff24f1461c3e0185934a5926d0c4ac09a538e5f99c77ca62,,,0x5ea95eaaeaac5cca01a3d208fa6c76ab7830f2d9ef62189d7825cc668ce84f82,0,11296762,client_a_preview,0,processed,,1780937808152
0x911e451bc39d0045660fb0937deabe3d3baed87cfa8c3d3fd02f891f2837f586,,,0x07dfa1d90d3541c50aedf61314f9742296a5985ef0ab1600197b14a32da15419,0,11296831,client_a_preview,0,processed,,1780937830662
0xe68a9e9455e396f6f5e0b4de62e1f8c3626b72c6d9c21783623a11c6288e7928,,,0x0977ff6e21bbd454b0ca8ad024020573a712c5e0cf0b65faca35f7d89235a17f,0,11296913,client_a_preview,0,processed,,1780937857888
0x41ee4268cf38484208af09163f0e62806c7e2617cfbe27aad85724d7e80e919c,,,0xbbc7094cd0ec528e331a572e6bb58529aa973c54022b2925f49dc80a4c05d01c,0,11297110,client_a_preview,0,processed,,1780937922140
0xa353892e9ea465ed1dd9e94cbc8b6079b869eb5e7ec6efc326343aeecf2f68c5,,,0xa83c12d0f55645f6173690bfb8865b1c03c4a3bc917f448325947b9f432c3faa,0,11297198,client_a_preview,0,processed,,1780937950790
0xe835dea53c2702ac51eba0254519b0d6795e95d1dbe5a6f1d6947664c9667808,,,0x2edd1aae0b08997b8c0d35fea252001f4fa3341231237f5c65d5ca34dac630da,0,11297478,client_a_preview,0,processed,,1780938041372
0xcac76c8cfb3a79d8451759fd9df63bb4769708aeff79111e59187432b8bb687e,,,0x8cad3ae0ccedc6f8c368f97346325f09858380252643f39984290703a0d1b399,0,11297559,client_a_preview,0,processed,,1780938069151
0xb7e1ee2683a27f7f83540232164ab56c6bdf6444c99d5937e6b16fc103244308,,,0xe329f4f704316b6a6ceb2f3f86887ebe7ecd9352eeb53c130405b5fc94e8ef3b,0,11297610,client_a_preview,0,processed,,1780938084325
0x399bf88ccdbe9a147c39da5362a62f3ff319f14a3dfd621931d61808fa87f245,,,0xdcf63fc0ba87ed875bb6d08fa6ea84faed6be6ed403fa84a18d051d24d9c1a54,0,11297643,client_a_preview,0,processed,,1780938095475
0xae884d25d98ce68a16536e3e69cf8269f8872b2ac61d88018a1f4e509ff106f3,,,0x67bd61b38af74c108a78cdc6e456cd26ac709e3034e16e6408f96ee3a6609ed7,0,11297656,client_a_preview,0,processed,,1780938099564
0x6b83e4ee104bb60c71d5796dce892bfca952a938c14a938ff54093b03e93b0e4,,,0x8c3e0e800fd1fe6993aae079964452f31c4f7f506f811a85c10e3d5fdc524167,0,11297703,client_a_preview,0,processed,,1780938114154
0x7b552e98df6b6a680bc75dadf48d5899f51341059618e0519387c0bf36302e49,,,0xb72953900a9d49c3f71fd3eca38825ed8631839fad937becc272ce08f27662cd,0,11297736,client_a_preview,0,processed,,1780938125240
0xd0afba1ad83f81b5eb90ca0470a005070af2d3f87c5a3069118c5b130d44f601,,,0xf1384a9b359db649eb114b68aab130f9c6815897cfa0804f0f849a65d61924b9,0,11297746,client_a_preview,0,processed,,1780938128696
0x31d571ffb8e524dc06770210f28fc7956680b70bacab888d7e54402353b7fe63,,,0x9d6975a68a6e62209021ff92f24b7c803808e2f33f3b0480f7ed9c4a93ab97ba,0,11297754,client_a_preview,0,processed,,1780938131155
0x6515bc5dbd35e1994279f15ddd099fbe4030a6c2cb251135ba94916cbc93744a,,,0x778f77db3a834f416c4939ddbbbff7d2240807f279313532b405c14b75e19a63,0,11297820,client_a_preview,0,processed,,1780938152599
0xaf208ac4c0edfb24803dafeebdaa983863636fa2d6c39393aeac108107913300,,,0xe13a1423ad71f56e919c6f248548a302bc2c0ace76e2eb5900b33526a06b19fa,0,11297848,client_a_preview,0,processed,,1780938161225
0x095addcdef262d526eb8bb32d07b11977398b236bf710c84def2ee0b65d97603,,,0x0e72a9f2f9104d56d81bff42e6430415963d33186736f84d5095c2bee30c5a53,0,11297856,client_a_preview,0,processed,,1780938163918
0xbe57108ac8cdf8991b3b02b14d2b26ca1c3c3b2813f804cb046f3995269e559b,,,0x98398b36f85e0a16f8dcb4cfcfc2987f066f0b21e18c5750703ef42e64374d20,0,11297870,client_a_preview,0,processed,,1780938167551
0x88479c0a2d112b49c03a52ebbf44b2d0bf4ea33407dd7ef937aeef7fdda1abf4,,,0x29ccc295fac1ab0f69e92d5f6b58927916d411a275c50064482a1792d5acbaf8,0,11297905,client_a_preview,0,processed,,1780938178756
0x114db4dc49868031ebdd74d6bd0ad89f825adad77ae189e2b21fa837a6f83fb4,,,0xc3ec8d9afecc25d034a17e0c03bf7cda4c43d25c17fb29cc71f2a4c5f083746b,0,11297909,client_a_preview,0,processed,,1780938180201
0x3ed4fb2f0e5b2392507d19b0d69b5049ad4431b87819fc9dff63a51280b80242,,,0x50fc4fe8eadf6087de522e8ec0daf5d701f5e09cf4af072b49e9d60e9ef1aaf5,0,11297921,client_a_preview,0,processed,,1780938183690
0xaa29c8d8c99541b3d9978d025951f765f2d5e4628482d20abb1131d36a398046,,,0x37eb2336bdda449a5888753c0b7a98828457151ca2f42c8a2d0fbd92523367c2,0,11297969,client_a_preview,0,processed,,1780938198438
0xe35147ac96bc12988acca3d30f18ec62783baa114deaf304ac690f98025da14b,,,0xcc34dcbb99df17928fbfc06817c049d389ea741d88f9bb81e81f79a3fc258af6,0,11298001,client_a_preview,0,processed,,1780938209539
0xdda98407bbe09f383c910a5bc72212f1de702a4ae248a59139e2b7cc9f2d69f8,,,0xad0f9c125e864dedf3656ff1b89a77903498bbac117580a67f8fc8d444dd6ed1,0,11298006,client_a_preview,0,processed,,1780938210683
0xcca1167ac274b0c1b48591709930569910ce684fbd8159fad8e8aebe1654e196,,,0x4a377091e4a4ab68e421374537ece3085bc1d3119a6c47640365ca91780b7507,0,11298011,client_a_preview,0,processed,,1780938212338
0xa8fb5005ec0e1a7f6912488a3fc4f365911b4a836154a2c31937d3e40e547724,,,0x70b5e5e16cc6a8a615dd9c24e0a295249ddd377fee8f15f2196c86e415c2d612,0,11298017,client_a_preview,0,processed,,1780938214896
0x49addb42bb7c4de5aed4cfd32852670afa2f97a7b4612d4126a5b7f49a71257a,,,0xb470e00605e0203ebfd81fae7585f72f10774eb248bfc3c40c767c0e5f5cd991,0,11298108,client_a_preview,0,processed,,1780938244945
0x1ad337d6297cfa5351088a18aedc7124561743f3e3c4ae4cce608a1106254f30,,,0x0312ec17a1f32f1ab8beab8e893cfb741db0388bdb46cf0ce0b9d80eabfc0c87,0,11298114,client_a_preview,0,processed,,1780938247609
0x3bab6877596a4e74f0d60b43f09610d5c566cea926c6e3d2ebe95c10a8d682b6,,,0xed8783e4549ed026adf53f276585e1b7433ea99f828070beca677c4adec5cc5d,0,11298133,client_a_preview,0,processed,,1780938252189
0xa6ee036422a9de7ad5167d6395a07b140427d4308a6db633768a96daf58c93d0,,,0x9187c8228b5cdf5fd5e0a5ede5ddda8917c8380cce1ad0065c310c01db9d5a0c,0,11298171,client_a_preview,0,processed,,1780938264938
0xcbf1a24e8b9216947da359504a5183bcd481c99d59e461cf9dbc525804aa9583,,,0x1570917eca4eda7342b97ac4c752f5b934bcabbc545e629078b89436aea0ba49,0,11298175,client_a_preview,0,processed,,1780938266359
0xbef8e6723c4f59a5004b6bc3a14a81fc8bfaa60ce94200dec5190a22253528c9,,,0x74812c1b69a81de77f4dd46865f2646a44b800a98723a18bd34e26d73c9a0b08,0,11298183,client_a_preview,0,processed,,1780938268941
0x23b268241960f7310dd6758b7a49e765c956ffd02b6f2a22056607c4b32d52f1,,,0xad49a841f8a58f341e09b86b0f97ccdec720ab372e5148743dee956aa9a7aade,0,11298227,client_a_preview,0,processed,,1780938282425
0x00daa6cc2ce4c285d02a92c437557a6ce86b4957a79e6595249b8595dfa033f6,,,0x5c2ff7b2ac613a1f5e75ad65a02792cc264b2f2731f6539baa01d757a9045f58,0,11298264,client_a_preview,0,processed,,1780938295716
0x4220b1fcc02ad583c83025ba3651abe94f873ee00e62d48742df6ff56c061cda,,,0x64d5feb605a41dabb30f1812377628e34c3efd6a84b17438423aeee07e37a857,0,11298267,client_a_preview,0,processed,,1780938296794
0x49e1e4c61632332f873e3a3928061bb6f047843ace469fb8f0001cea4ea9fa06,,,0x7b48f0d0f60c9899075722b36cb83c9938d24a5acab34a5cb14cfeceb8a28b0d,0,11298274,client_a_preview,0,processed,,1780938299213
0xadbabc933100919810c7b9b538004d28322b667b8c855db1915ef04e917041eb,,,0x7e281298fc4ba8252b58ac8b02bf6af6d446e77fc035f68f0cfcba9b1c8648d1,0,11298287,client_a_preview,0,processed,,1780938303448
0x4d7062b4fd19c100a4918be9259e212aed9159e1aec1777b90a07e45f9deb497,,,0xebbd3dc25c50290034a19958ff7ff39d1b783733d4334f6348cc40c84b4f88d5,0,11298354,client_a_preview,0,processed,,1780938323508
0xce05e4d2a935c6e5f312b08272efb05f2547eab60930a1a0bbc00918653468bf,,,0x10fa60b989eba8bfad57747d16a246123f83ff83ac4e1f6b34414e8bd1284340,0,11298397,client_a_preview,0,processed,,1780938338660
0x7dc7f8ada0ae5131960f0216b9c385969d1a8afeac1cc19e03d50f405f97ab96,,,0x79c6f607b6b09123da7698fc14d9fa2769e6bcde71378e1e054a1eb5f4065359,0,11298404,client_a_preview,0,processed,,1780938339808
0xcbbf279bef9833de4ce61354830f5e0ce0398d6afd99f35b18555d5fef7d9230,,,0xede74d40b6e7f9dfd6115f0d35e9e6ef2adcb707efa5d530a6609fd9053cb24f,0,11298440,client_a_preview,0,processed,,1780938351611
0x6b9dc11666768d9ca302823a4b1da06e1a3933d93af42b94d1bbd5a9daa650ca,,,0x703f1aee9686b22ad312500674b2f9ed75320cfdeb9b463ca1c529b295ac43a0,0,11298483,client_a_preview,0,processed,,1780938366287
0x182d4991fbe8b3b5fbf154b124208430ffa9f72b1a8206ed2d7687edbb9ccca5,,,0xb01ad726d1517a309ed835ffb942c61b13b2a41acbc509fe3ec2421e66268ce4,0,11298489,client_a_preview,0,processed,,1780938368016
0x5c6fcf5e8131ccfff729f892f388f76704c9b3bd5c394c65bb0318b4f73e4391,,,0x2912c55027da712e222ce7dc5cf35a2f959e6e55566df658302902f50db90632,0,11298609,client_a_preview,0,processed,,1780938406912
0xb0b03a003b87a1fe4b497b11c6997192186b04cc8073c303ebf83ea86b8e7b21,,,0x892084eef88633a06e7539418f5c0c1de1ff8ff026fdaa33c81eb7be1a6779b6,0,11298665,client_a_preview,0,processed,,1780938424610
0xe27b6a03adb42df6593e5f071d0648b39910ccce2a212c9bd216966cddf29c23,,,0x9bd901e353be3c6af26da32d53509329ff3ee31bf37f9367fe38be20100078a8,0,11298703,client_a_preview,0,processed,,1780938436288
0x65d5ba2c61df3e530123ba870a6fb0c1a8272a3cebe61b9a31e85c60427649a7,,,0x41638ce82d0f791df37796433f28e5340b145df1060633ca327564d325310eb0,0,11298752,client_a_preview,0,processed,,1780938454779
0x5c2c6b1ca68cc8f2c9ac972452785a0ff52cb2b1bfd25d2d0b51baadddb7eb64,,,0x9975cb166a10bd101417a4967541307417b1493d00034efbb918806a69f3abca,0,11298863,client_a_preview,0,processed,,1780938489299
0xfdadcf571c545e834ac26480486c6511277a0279c2c3449c1886245aff3ba121,,,0x21e19bd3ec4873135bd1881edef8e7aa0e19832f1a8064cc13156b2c06f56c70,0,11298880,client_a_preview,0,processed,,1780938494442
0xd7990288e757773872af425b50eb297ccca98655210ca6e64775f7f9e19d755f,,,0xe617c0b7db0517499e296f262e0cbb317d7b143cc84659bf0e0d803fcd227047,0,11298933,client_a_preview,0,processed,,1780938512408
0xe56fe46464cc0862812bbffbdb51b773c67d0bbb1221ba2965830f4e7352c49c,,,0xbf73a1a1729934b997b7f2f70f8c4fb6992e5dd52868efc19572266d978a49bd,0,11298969,client_a_preview,0,processed,,1780938523752
0x310c11f5f8a3cf373987f108cdeb73df27ef4549f59859ee700d1cd071eef849,,,0xef16ccaf6b29f8f326963db75c7b8df9cbe8f5359e9913ae716236cbefba892b,0,11299026,client_a_preview,0,processed,,1780938541876
0x1bcff3c2995a8ae258f8824667a1ad966b8bb3efe75f24f3405e203c99296494,,,0xd179bfb2c28f624ceb8b95da0825d531233cb2f70b9ae5e66bce0f76dd62cf68,0,11299041,client_a_preview,0,processed,,1780938548369
0x41287d08e610ec2fd031b027775d486ee5fd69eca72a082951b25355fbbf42f4,,,0xed94ce5f72a45c33e8327978e57bc4416da695ff31475334c762fb40cfb17c96,0,11299139,client_a_preview,0,processed,,1780938579129
0x83bdfa5303c7b93452f690a78b398a163344ea4da0dddc25d98e889b3236a8f5,,,0x09b3a11ea827a4c81517c9ebb3c39114ddf2468587d1dffe4ba01245e01988f1,0,11299304,client_a_preview,0,processed,,1780938633184
0xac40d86af7cab0db6b7cdcc7dc44296cc20820cf5df519de2932273b3a1d8a3d,,,0x039963aca1fad233129e6857b9fd9690271b0e12267809800c29f8c1932e4559,0,11299407,client_a_preview,0,processed,,1780938667041
0xcc213cd7bb09143aa678b2b80a30496edb7f2fc2ae43debceee25322e19e81c2,,,0x6186c3ff5a724e89a3406c0cdb9cc62dc8eb16075e32ec94254233ffad5b6e83,0,11299478,client_a_preview,0,processed,,1780938690691
0xf3abd26f57a104ed25e062f9283adb84e5bca1f8105db8fd6889064053b12037,,,0x6af6a9b4a1e71d66f5108020c2b4437a0c54daf76daf64952c00f44024c5162d,0,11299491,client_a_preview,0,processed,,1780938695121
0x1fb6963c0a4cd93f25bcfd99d29e9e6df5ae3866e72ac9d219c47f1b0984cbb5,,,0xaf120cba63d003168fb3692b10e184d3613d55f43cc0f2d74943f3364cb6112d,0,11299578,client_a_preview,0,processed,,1780938722224
0xacafaac69f691d995395ac80aa6524574c954f52961fdf1f1196a79c8f4056c8,,,0xb2325d478860f6e31698cfe46bbd4082141f4d571c081aa9c151bbc1cdbf50d5,0,11299591,client_a_preview,0,processed,,1780938727296
0x2be7d52d0c030b12fe32087502bcfebad6ac6e4d379cb713761c6858691acad9,,,0xaa1373c67bf056e67304e012d3078d556c8e64632a8e6286d22cec9096be5b4b,0,11299718,client_a_preview,0,processed,,1780938768469
0x5d97baf8d6d582aa31e682758e57ece334d561fc6fc66ede60c40a3cd2e07e47,,,0xd32f94893f3b2890ce4a3a2cdd904531d9bce03f5ba378f93b004821a8c6ce16,0,11299752,client_a_preview,0,processed,,1780938778511
0x566676ffad0a289f092dd84fc7589b439ff7f88b3b0667eb2207e1e741a0d9ac,,,0x7a1fd8dafbb36d0aaf9a657302b90c6094add147831072f78fc02aec62a908bd,0,11299828,client_a_preview,0,processed,,1780938802996
0x3788544ff9afeb5070eacae29b5bc063b2128a3efac4810ec5a5e3a58bd5267b,,,0xd32ab12bee08e1e2d5e90e8d05ddb57a084167419b1e5c58f5be1796f974097b,0,11299867,client_a_preview,0,processed,,1780938817055
0x6edd5366c9ea387de49f3806eca9c97fcad9c4a8087273d64c12a1eae534aa36,,,0x50901d53b097ad3bbf350dde20b5f3b8c96c48350037bcf9b052bad4badde947,0,11299935,client_a_preview,0,processed,,1780938839004
0x3c02a8df593194ca38013464251ff4f413dabefe6a2a17d8e767259c7448397e,,,0xe35a0e77c31e9bc333ddbc8428557f35174e55f3def2924f3d24fea642873cf8,0,11299987,client_a_preview,0,processed,,1780938856650
0x229be570231bde859f8e375fbc9fef34e2273f7de4be275e83a39417c9d2ca60,,,0xc6f31bb60a65c4c3c348057ad2a15b042b845c87139b4a2d8b36b7f435fe8e5b,0,11300023,client_a_preview,0,processed,,1780938868959
0x523798aaa0e992314e0c37fd9b3a9596f5e1d861e0591e2c50b75441c5ef59e8,,,0x8856af4361d0dc51601e0b3719b8c12742a655cef180ba1e50ac1dec81387d00,0,11300041,client_a_preview,0,processed,,1780938875097
0x73c878538756024f18753df8c1f866c48cc0caad459856f24c21a35c090a0b20,,,0x7a87207d7e68415eb32e75ca5fd8770db6554af1e639f95baf375f7834cc7030,0,11300090,client_a_preview,0,processed,,1780938890217
0x1215917bd7ced6a2870347abac4dd1a26bae77d31ffdf935231602fa7b994c56,,,0xf990209843fee095c2325a45e9d59b7c7a78f7a111038e2ebd620ede698589c7,0,11300094,client_a_preview,0,processed,,1780938891355
0xc140678c1bd7d616aaa761b94fca7c8eaf2d29369d6ec8525aff73c2fd9900d8,,,0xabe47460c2ad768edf69104a38e6cb9de909be9090f70b69c6a8d89f05e1e14f,0,11300131,client_a_preview,0,processed,,1780938902990
0x901dd57afafda9d5d5f896d5fec61a33d37c5ce0cea693fcd5f6726d85c5bd7a,,,0x8e1584021e0c0ce5a1fff7121a3f34c1c08a9d3eb3191b668432a7a9d57c59b7,0,11300201,client_a_preview,0,processed,,1780938926279
0xe4359d2ea61f0ab78fe5b9fbaba33503352961c7abd3edeb12093fed06274a29,,,0x07f28cb2e311be8f084cbc01d9c8247147f0e6a579cfe0b44524d0301fb093ba,0,11300239,client_a_preview,0,processed,,1780938938880
0x0b0ee2146287205e9d05f67a4773679dbecdfaa55e687435b5ddc1a4b960a91a,,,0xa06c229363e4894e05074392dfb04587751c98ef23778e03275c6242d440c43c,0,11300248,client_a_preview,0,processed,,1780938941821
0x5a197e30dc101f36a57456c6cec4c704de329e115d557f2394d12c76d8cc2c40,,,0x6b0ee36067d86790ebe735b76e8b8fcaeb17d664ce125a12fb64d23aa3fce282,0,11300253,client_a_preview,0,processed,,1780938943489
0xbd7bbdd253312e9e3dc4972fb601eec724b2c942cd3d493354883665e0dd67c4,,,0xf668ccd4cc98fda73ea256174a56fae202bdc415512f4ff5c52d26c137913dd5,0,11300259,client_a_preview,0,processed,,1780938945728
0x39f257d42866ef517672bcbcbbf400c6b0e54ee56715793cbdfc9d9e629adf3b,,,0x24fb2235f59ea48ef747d20dac4cd44c2c30929047ea425dbd61595aa723cfff,0,11300290,client_a_preview,0,processed,,1780938955649
0x13a78cd54466f8d4730e31bfee95790182f99af43850e8d24380c75c7d45739c,,,0x4276e7334332beb3b689e85ba65bd5facd55a189843121ede2c23dcb959dab18,0,11300366,client_a_preview,0,processed,,1780938979098
0x2dd8e006db0f84a497258bcb56d9e7f2415a3ff30664efff05ff2a69f724c81c,,,0x5c245ffd9ed4c6b2bfab0eee442dfe25a547226a48f37603895d6bed0a4697ce,0,11300401,client_a_preview,0,processed,,1780938990774
0x4eca27bcc9081d65aadfcbb6844aa9e62c74fd23b274070cfb1e3ade014a4f79,,,0xdfd79e0beac0dfb2650954aff6bae65263260bf3385b8359f8a5866ce25e2527,0,11300406,client_a_preview,0,processed,,1780938992417
0x761448afa4ca99465f9e30bcdc52577485907ab7ebbdebd4f720daec4c372e53,,,0x3acae2bdc5e58fb1d241f6276f206a0d2189665c76d9ded7236951b332a93f8a,0,11300408,client_a_preview,0,processed,,1780938993307
0x790427a1f6a15b0a8f116f24ffcf65316a993ccf959d2309e718bfbea3459ffd,,,0x077b03f4692cb638deb3699cfa2125e54445d66b4ca14d76c94fdff4134ff636,0,11300473,client_a_preview,0,processed,,1780939014344
0xd1ba17e605c5b0b7017124cbf1573f19728f917635e15895b32593b2eb36042d,,,0x7271f45e8151d8b43542aadd0747abb90ffde2bd5395e611f230e2339062b998,0,11300521,client_a_preview,0,processed,,1780939030126
0x0e43804e53ca3609c376a5eac56b16235d795c3f840d9e30e58c8ca6534a299c,,,0xc57b1b1bbbda18b7974c9e7478bc7faa5fdc64cc84eb1b7e2611f1e4ac88536a,0,11300561,client_a_preview,0,processed,,1780939042332
0xb7c1f8224c8a6dfae95b4dcb0cd31319da5ac763f90776f053a8dc3a229fb499,,,0xd814a44ace6c20c9be30e48cb98180f9f4c1509723a9888bdc6f0cb0b7b87b0e,0,11300587,client_a_preview,0,processed,,1780939051087
0x416da37c1970490acb9d7c1465c8382d6d97871d0a97ae629c9c92b09a3a989f,,,0x5f0cec244b1d143e1cd7d184b18041cf5c47c7eb8868a19d713aab57886a2193,0,11300635,client_a_preview,0,processed,,1780939066729
0x87b73d6ff5b969c6e6b8b67fcc293485809944bd230c909a45a29a2775690104,,,0x2865df998ceea31755298d21da983fe09a3e33115bec4d5792524a65beb0ef3f,0,11300642,client_a_preview,0,processed,,1780939069447
0x3bb15612f75fb313e40e3af19447df2d522fa857e1bf8b884ce11a2b8ad0aede,,,0x9727958b915fd0b2973a4dacdef2717874691debe4128944452f1d9e62c22d28,0,11300673,client_a_preview,0,processed,,1780939081126
0x82bee090d6582bf3c112d02446f67a5716ffa742e791402830ddaf46e62b5349,,,0x526219710d5c57e4a70908aadf4fc36467b557423aa31996291b8e485316b42b,0,11300740,client_a_preview,0,processed,,1780939103281
0x6e01a6131be6c0f5e21221ac6739426bd17fecac180fe89d1793784da212069d,,,0x0eb99504d4b6dd8a775c805391be22bd637931d32578d0f035ec51abb9a64f7b,0,11300786,client_a_preview,0,processed,,1780939119183
0x59772cb3048422903bb6a21b7bcd76043ff5d7745e9872aa5f26158145252902,,,0x3b1b65e8d68529a0a1bc67299f52060162f870520cf1b0807a88d9c82bc03007,0,11300794,client_a_preview,0,processed,,1780939120413
0x5d0be51386c2ccc14d31833cd853e445dc58a8fab4faaf67f01f7519802cc244,,,0x0ab13eb89eae63c8e8d040e6443b85db770ce28559acd1966e2a627f7ea57e8b,0,11300824,client_a_preview,0,processed,,1780939130616
0x71451914ab2a3e4a9c76a2c779f4304f2cfa3e3d4776750fdded47722dd7cc1d,,,0xb44d22dfffd303501b320b1a57292cdb96442aee3473159b2a4dbcf842f1ca37,0,11300854,client_a_preview,0,processed,,1780939141383
0x68afd274e8e5b282b5786495ba7cb33cfc6d9e6d6d6353ebd2ab1ec794f5b035,,,0xb2716c465a092bae3e1a60e7fd31890c8a9cbac70e96cbb7aa507c74e70d98a0,0,11300901,client_a_preview,0,processed,,1780939155647
0xba46b85bf22dc43de979dabddcd306cc959a60b9854be15bcf6f2c6d8f31b092,,,0x74031245eaa8089da3d25547382842ba4cc0e155c46ed8c5bf1a2b232f60f19a,0,11300907,client_a_preview,0,processed,,1780939157901
0x61f46c0e6942a3bb0c7f19828b7a6f915d40bc31985d29bd08bc5ae796ec218e,,,0xe0c5b3aa82d0e513268c56433b70efc83d7fb6a05d15bace22ece6b2f0357f8f,0,11300936,client_a_preview,0,processed,,1780939168517
0xf6bbf9061692fc604edfe980e1c895a1458770972a41c58a29935c100ab2743f,,,0x7e63a416ab984ec82d54f05972924e593aea4ba11a3a53004fe51924679ecd3d,0,11301049,client_a_preview,0,processed,,1780939206650
0x409360116cd0e9f5ccf6f705c39cc262f1e436f54b644ff71e796ce43536c68b,,,0x43369d8fe62136bc87e3a8ddf2608dae61bba1bfbdcba9b11068fef342873ce4,0,11301056,client_a_preview,0,processed,,1780939208430
0x766beb27028e073262c4a614598224aecf23c494fdd4631320e9beee51d23151,,,0xf689bdd68a8b90675b68918434e29f975ad548957cb4a1f2f59e79bd75ed4279,0,11301087,client_a_preview,0,processed,,1780939218385
0xcc95380243e1152ec3b3d2f86aba825779fd12876b57e735f974569fdfcc4ec4,,,0xa8e9a43780652bcb8d9dd5595aded843adda4cde5545f8929dbb5407a560858e,0,11301120,client_a_preview,0,processed,,1780939229843
0x7faea669ba0ecfc2ad78ea4c0a5cd5216865806eba8b43858bb4b50f13930adc,,,0x5e70efa37e0acaab4fd3138e0f8a888951c68a3868b65a4ee184ac2ada54aed2,0,11301205,client_a_preview,0,processed,,1780939257940
0x3d149abb755e80aeebac6e0f4550cab4ef109395117721cd2ba0c68db5b64d7f,,,0xd55dafde6ac5ca577113935823e5a5a1c2344a91b84178cdc6c0fb45cdf4a540,0,11301270,client_a_preview,0,processed,,1780939279974
0xef75251c1baef7ad3264eb6e8419d22102b8dbd1dbb0057c59af5ae2b0f352c2,,,0x8fbd085b677422f579a2d5cad4596702f7e1f36c62cca3ac270d75d66a1fe719,0,11301356,client_a_preview,0,processed,,1780939308115
0x4f1fb3c3328e89fdb48cd29c050b995619a0f49ffd3f158590c2145c89a9172e,,,0xad4f2f77a72b9dd1a3eba578389047c8bb7f9938e2068374a5287b8cc6d91f57,0,11301388,client_a_preview,0,processed,,1780939318788
0xeb06b95bbcee6d1b51ca0b636cf54ff344d9bd743f0084d27e745fa930d1db4b,,,0x8f008112d6b0145c9c379324600fa6be4d049c9b45d2e81ca36e5477d73dee00,0,11301439,client_a_preview,0,processed,,1780939334508
0x8c8b25a89b7a4c8c647c01db1c163d5a248ecb84b759716aa5fb522f47a0342c,,,0x301dbd589b78127707485c84ebb44a32989b6970e0c703d46d45ab315dcc4874,0,11301540,client_a_preview,0,processed,,1780939368451
0x3d528119262b52f198a72edf167c7f31647dcb273d35d7f329e4f6f65ae76820,,,0xc112662185b25d04e27f61a10a314177364f9b0cce4215095deaa764858083f3,0,11301549,client_a_preview,0,processed,,1780939371433
0x407c9dafcf4fd729c7d03d68499159b34cac5a8d4b32a5a557a746882330a0b4,,,0xe8f9e1f8ed26c580dc94494234d84325bb69247913f1890eb71caba34ab48056,0,11301592,client_a_preview,0,processed,,1780939385048
0xf02cfc682876bdcce64631333df2c370185f2661992cd2907dcba2336239648f,,,0x081e6ab7a8723452df9eeaebdb9fa7c350a27aab33ecf942da77db9704182150,0,11301699,client_a_preview,0,processed,,1780939419715
0xd24243525ad1e5b48655c836e200d3c84b399962940a6d3399a888193ca373fc,,,0xae6997e0f3259fa2290b2f6daa6cb610df903d7e23c71e9e0315cf3660fab6f6,0,11301702,client_a_preview,0,processed,,1780939420350
0x4fcff2f77dff3cc53067d090e187bbda7453b27471daf1c63b69215469c18f60,,,0xe0a8b66cbda40f66e10db9fc2111a7a8661a031947397494c14146a16ea5a07d,0,11301703,client_a_preview,0,processed,,1780939420769
0x9f2bc2eebe5a9e82c02595de556df683eaf81f3e572ea012c8a39bc2bbcba38d,,,0x15c62436d177bcb7c225450f8e9571b62f6bd12fc80459ac267d366f23e01c9e,0,11301720,client_a_preview,0,processed,,1780939426145
0xcf9be82af2f6df2677151ad0b84f19252e9398bb124782bf4765aadbd4aee58a,,,0x36f0b3fb3d8ffba36fa97d4575bde8720b52a518d8696476bf0916a6ce67e91b,0,11301814,client_a_preview,0,processed,,1780939456920
0xd0f72ed5d658ca07cd9fd4c9f02956dbd62a93de193d8bdc6b485bd363fe0283,,,0xfab87469e568c9bd703910012edc6694285d3fc182a0b5d3cdd3078c9e38fbed,0,11301852,client_a_preview,0,processed,,1780939469221
0x527657bc9a1b4061efc7dd868b4e98ecf514a0acd30255309cf02c90f1811825,,,0x60bef2f8c36ae5f5c733c54173fafa392c7a9bbcd96d4035d6a002e1df792247,0,11301857,client_a_preview,0,processed,,1780939470864
0xad3219a3abf001f314ec803039d577747b3099230a0e47f1f03afe1cb761fed7,,,0xe883e14f11045ba6c8df47bbc31b99edaaa60a32301a5b7d13be62aa2ea67ce1,0,11301872,client_a_preview,0,processed,,1780939476492
0xf7aa98e16c3d1da7dab2a2f9f0d78b1438b8a25f57c42b3ff4a6daf46adeb0ae,,,0x11615eb93857aaf66b3dc7469165d7c33de5efd2ff0ba9e4128550cb39839277,0,11301958,client_a_preview,0,processed,,1780939503797
0xb908bbb04f1371dd690523770d0b219c1c7ab7d65b89c394b28651621a92abe9,,,0xd7b6ab638c3e5b18f188b6de4d5a35395fab02f646eb5d2b0da233db9860b543,0,11301962,client_a_preview,0,processed,,1780939505387
0x860179325adb19fd5ed6b6a94130a69f4c2e2f6ae936824d501bd079d902622b,,,0xf7fd13bebb84da2bca29e9d31fb3296338c42b083b97ace851c76c5f2359e122,0,11301980,client_a_preview,0,processed,,1780939511110
0x23d85f484c6e0ef1ddf7a6eee9f4a554dbdda87e3b8fcaf17bc27c68137db9c7,,,0x562ba74e2413252f07dabffa745f3db00bed7a2184faea3159097847f84a72d3,0,11302120,client_a_preview,0,processed,,1780939554559
0xe50144e38bb5f24f05656bbdaaad2c37821dcc6a0dec1f09fa2d2e0f1d849d0d,,,0xf6087b5b40514ac0904f16b5160e8e748c85083694e5b357e266a1021588bbc6,0,11302123,client_a_preview,0,processed,,1780939555680
0x31253e69b71bc5c87b5cb7884fd90e3d5ffaa82541f1cb34c0daaf9e22859e55,,,0xf41dd0b33a01041f151d9898479cb4b2b27364cd2c2b4aff00724b43290e3b52,0,11302141,client_a_preview,0,processed,,1780939561918
0xc4418c0d205b83bcfdd4aab7ff7ca6c5e333bf1259252dd0a3a7c373513e1ce7,,,0x05188d8cf5555390b525cab57d86235b49b59e47c2aec4a97b6460d5e671e32d,0,11302156,client_a_preview,0,processed,,1780939567385
0x1ed27cb5aa4e1a5a1571ff7a4db16fab3609fd07a671992857df87b707411d8f,,,0x37c5cc0f5e91c0b390b7dc06086656ece1a9211f306da2b9916b99b2192ad0dc,0,11302220,client_a_preview,0,processed,,1780939588319
0xe84f388ac99a0e6f74232e5a61427ebb4b863233ee1f9fe24a540f0d69be5baa,,,0x1f3e3967857ad0f4f7087223bbc7ef51550aa3f9588f5cbda2edaa417b5fbadb,0,11302223,client_a_preview,0,processed,,1780939589784
0xfe7e8c823b44023a7da61ca18073cf959ead2433e20a1ea06b4354bfae46628e,,,0x5d8f201806574b99d0c895474c4aaa64ead81fc71cae710750629044b5efc0ac,0,11302242,client_a_preview,0,processed,,1780939595786
0xb13a05a57a2e93243731c57467a08c0e71b22af86451d7c0eecc1f01a66c2c6e,,,0x4eb62b0285d6ebae8c13f77f95a0bda76eaf72690d31095a0a03c455d2f011d6,0,11302261,client_a_preview,0,processed,,1780939601453
0x379afd7c04a4578e726e9c96f6eec2428acff49bfbf4fed9a69ba7f623b38279,,,0x4df2ea20c214aaf10d6df106d5d1e5cf2d8636e6fdf1497dc2bbd6ecbbe067fb,0,11302365,client_a_preview,0,processed,,1780939636829
0xf21cd21261b090d390b978f45f1fde302acc075987ef07ea50a49fa77f1bbb66,,,0x00704114921f5951c144da85e390a155f4e5bca0f687cd46124bd3e760352c37,0,11302371,client_a_preview,0,processed,,1780939639413
0x2774cfd1bb197c85b50a42d9fdf08dde1a41a964ba75806898bb2067bdffbb09,,,0x7da075c6c2e72249f79dde4698f7bfcc3db4cf774858f0d8e2c16df47a7968b6,0,11302423,client_a_preview,0,processed,,1780939657419
0xa1f4b891027143cba6900ec859593e4d607ba6e898998c05d137b939c4850960,,,0xce1ea083fa2628d27f5709ac485a94ec2c37fc63865350fbcaff18249c503103,0,11302527,client_a_preview,0,processed,,1780939691092
0xff5af1bf6fe94dcab6aaa955ac513d2ff69118283cf31935c8b9a00d5bff7af7,,,0x4741c3ea5fa7520f51bc0d1008b656cfaeb23a3177ddd86b694765cef99ade5d,0,11302535,client_a_preview,0,processed,,1780939693719
0x35ea7ff689cb2614116bd54999aed7cc88aecc1d888f7fc73e4eef84a022ca4c,,,0x77c815f9df22eafbfc6d33400fccc1bb4090c86dd1e4a7d36ebd20fc4b99acbd,0,11302628,client_a_preview,0,processed,,1780939724077
0xdc0f379fea83104464d480177e8d2b4db54c926ffd3564f54833e191fa8f0a3c,,,0x9dcf5c578559c4066fe52d33f064078916da315123f10a3e498e30d3beb3283a,0,11302635,client_a_preview,0,processed,,1780939726657
0x2b5d4b8b028feadf90d40b749637091ffb19fab8907001555fcd1cda869ace3d,,,0x6e266fe9338d86deb0afd248c92ae0df79e2f34918cebd3fa9ba4fbfbfedef7c,0,11303013,client_a_preview,0,processed,,1780939848503
0xace2417e9772e694d3dcd913244ce9e86d74d12692ed142702b571a6573307e3,,,0x5e9283324efbc47e2b72b2b8085aeff42108aca041abe51aee507909ec193d35,0,11303130,client_a_preview,0,processed,,1780939889136
0xf27f52fa022bae5f350ea3ca7a70693240ec209d0a0929d87ab15394e65556ed,,,0x3601c3d28ec6e537fbd45424e2c11ba5da82116ffde500b86b5aed9fee438f58,0,11303215,client_a_preview,0,processed,,1780939916764
0x99a53dad6f0384d5ac4ff81829baf81def1e7844335f73a59e3f926ca43d1454,,,0xe0bf61e106328d25371dde32f125e66ea762863883a115dc36af3a02d599ebba,0,11303292,client_a_preview,0,processed,,1780939940677
0x294a7e4d89528411c526b7782def7afc060b3060ada7b0cf196706c8a728fc6f,,,0x21cdf4e38bd28bf4bcbe5a9b70adf37a0c6b620a75bd4a1a3d5a7b7eac7f7239,0,11303318,client_a_preview,0,processed,,1780939950437
0x5b0a5ffead75df2a2458f40bfd1d1698130f8d1b9e29fbd57567ff0fff977726,,,0x44763f6706f84b059dee58debb20fadc8d8293056b476adecba5628886aad717,0,11303388,client_a_preview,0,processed,,1780939973231
0x1c04f7c703762d846a231124517310982b16aba8b4693a0d7b8e3e6145896256,,,0x538f0c76c7e222b2af242bf863d1d4403436f003ee7721d19c48d595f86b710c,0,11303391,client_a_preview,0,processed,,1780939973970
0x295d97f9a702a0846f15290145296f24e25ef0b3439b8a7b844f23d4d6372777,,,0xf3120671040a849e7940095e76ca633f80dcd461f6350f3bd573ce5536555fd3,0,11303475,client_a_preview,0,processed,,1780940001632
0xcc900d0f2f844ae6139b97f8315e4628a6c31306d750303dbc96ad012f533e79,,,0x88ff30380070f7dd398bce3dbaeb4078fa8f86170cfac84f86b064baf58c66d7,0,11303497,client_a_preview,0,processed,,1780940009279
0xb8cbb0e9f29231cec86b4e263fcf83c1248ae2c7126d6165a5f8e342a4d24c28,,,0x9d97dc234067ebc643538f5fbc21f94df100dc184728a47298a2c6ec655da1bf,0,11303553,client_a_preview,0,processed,,1780940026320
0xc68b12feb318100d5fd38e6412af7b91f432c6ed8f6c731f2eac4a3d58422e98,,,0x6215fbe4d9b7fd6d742c2bae3e529d74261862ca62c513e2d63750473dee0b4e,0,11303582,client_a_preview,0,processed,,1780940036811
0x30e9e20a8d2fdfa0cd9c14efc2d2fefee1073d2a08b7e0fc4426425ae7a17fe7,,,0x87f283f9f5f649f3525fab6bf699db305b36e50fe6d6f0679c795723f6c9cc50,0,11303655,client_a_preview,0,processed,,1780940061241
0x1c96f28eee5b8f85b5c663917f9a7be0d8b6c5c745a95d83606abf536ea9f532,,,0x62282f7842ef3d320d4f54e2dbaa8d119dcf19f4951017b4871d807fefb5f12e,0,11303664,client_a_preview,0,processed,,1780940064222
0xc4b849b79c5691ab0ef2ae311f44b3f659a155f837c0fe31f17cea194e82f7c7,,,0xe266efaaa9e7ec15117f9cd6733ec4ddf94af6e2c3d08f4993372ad7fe7e0f8e,10,11303767,client_a_preview,0,processed,,1780940101074
0xaf21f5b248cdbf996059cd02c26b340b2975b684c426195722a0b7117b876f6a,,,0x38300419ccfc8c3092eeda6eca51e300f2dfbf872b7d95bf385972b7c0830afd,0,11303818,client_a_preview,0,processed,,1780940116812
0x54e860476391efcc5d26ee4347fde7a8727e689c0e174f4c70198297e6fe92e3,,,0x43f3256028b42866bbbe0ed6cb95909687ee082bec96f1ad3c0cb1f1a4764d9f,0,11303921,client_a_preview,0,processed,,1780940151294
0x28ce3d0459735be918f880c342a56083277ca97a70f0aeb1a08789221f844b38,,,0xd5c049fa3ab71d24822978f9aeb4119327f30b8ae8f8488a628a0c9a6e63ca10,0,11304036,client_a_preview,0,processed,,1780940188891
0x94eea9fae3ae16eb65ed8eb46127d8449a9bc9b55289a7dfced2b8ad3415cfb3,,,0x7e510d3f32b584ec08cc74f9a3e839285ea78b46850b6072c4baa5c6b3f3b99e,0,11304253,client_a_preview,0,processed,,1780940258782
0x66afff260d786576d0c6da2b1076b409bb89f02b7011653f561cbc1b2696c963,,,0x173dfb8de8bea1b9ab2e5f56302aee632e5c24625f5777ce0e98d70d38490d59,0,11304270,client_a_preview,0,processed,,1780940264382
0x91758418c0eb3b5c43713bed4a28fb7a3433d23e09c4c480efc33c742cee740a,,,0xed5517a581b76cf810430de1fb5d361036f1c34ea59cffabf819dd5c244bfc0f,0,11304335,client_a_preview,0,processed,,1780940286289
0x138e9c1be4be87d1e2ecce4391a3b6049a885593d342cd2631a3f74a4d0296a3,,,0x61447be32216cd75dd00ad901dea3e5d178851971f2f077878df1aafd9a4f053,0,11304338,client_a_preview,0,processed,,1780940287415
0xacb72b7c4bb752bf1d3ff36851d451769c4e139f5d893425511a0238f887af8c,,,0x410b3a0ca12b7d1629afb9d949ffd9176f956a70c159ff269b5efab58ec6e581,0,11304358,client_a_preview,0,processed,,1780940293191
0xd1b14eb9395f6f5bd7cde0e071956682a031e310172c339a87777ec4736275f4,,,0x1d2046a3fc2870a320d77b32a9914f04e34de7594f39034416899f359d9105d4,0,11304375,client_a_preview,0,processed,,1780940298537
0x7e6448e28a8286d1e144554421768dc164a5de670a7b7dd52d421f198e734882,,,0xff1c123d55b0598af2b5f1b526723e7d66f85cb0ef4a7f0d911b5990ced2c174,0,11304494,client_a_preview,0,processed,,1780940336274
0xf80045225eb6df0491dd6af1263758f6e8052be6c1f047c01f34e5cc073acd0a,,,0xe11859a2b61cef08f93f6be6ce79d123f535a2ac9fd5c1061d3de6fd4f243d14,0,11304498,client_a_preview,0,processed,,1780940337616
0x9b95b046f04e2b92c7bdec7b3bcebd35459b7b3464415ae42ce923009fa673ba,,,0xbfada2ea0d0adad5670d278de972d7a9f03952bd55ffeb0ef9bbf6aca59ba90b,0,11304516,client_a_preview,0,processed,,1780940343835
0xbffc1a1111bcfea17a988044c4ab6bb897e3ceb128a40ef46806c690ce10ccbc,,,0xc8ca96960c258db1483dc122ebc801de5a48f03d7176a29e265831a9c8837454,0,11304535,client_a_preview,0,processed,,1780940349903
0x1ad5dde113e39ec582f0093808b85b912b60a71dfd79ce3e3f4367ee758d15ec,,,0x8ceb4c01358fba602a8898399f13a89180b7d54b414ff458b7298185bd2e3784,0,11304617,client_a_preview,0,processed,,1780940377162
0x40fce9db088108ee34c73868c3da249ed7d02e3bb8a7f46e6b9ff1d86ffa9c48,,,0x7558b922e4bc007439eb66ed34ade701b0e94846555b204784c09db4c2cb0756,0,11304637,client_a_preview,0,processed,,1780940382580
0x2c05c505e4dd7392760406c7306c7f5949d74d0b9cae6e9832086b6dab584e28,,,0x627a9ca7b6ca3325d94f138ed5f89ac7c9591ed604c2ef0c267b0ac84efd770c,0,11304742,client_a_preview,0,processed,,1780940415598
0xdfd81ab1a484bba2796ddbcccb70daefe9f592f51e4d310ab40533deeccc789e,,,0xfe2afda3ae4e3c25a3fd78a67c669be3a227fb1e142d5d39672d15afe44fd741,0,11304749,client_a_preview,0,processed,,1780940418251
0xa40a532f66fe0d98b77ff8f29f3eb04b3013ad5b2275e3063ed7d1d4c79af8fd,,,0x402848a7db26484952a0513a9d568d5504c9e0a6bdb387ce41b700eec01f3780,0,11304782,client_a_preview,0,processed,,1780940428414
0x130e7cd60b0fe97ecba762d552a4e9fb0511e030aef44ec5455edf4edc08d4fa,,,0x291424e67868a200c1ce4e451bed807955e97990a040e6b7444722fe539a1275,0,11304800,client_a_preview,0,processed,,1780940433941
0x03d75e2b7809f631581b2f3afcde7996b07a0a7e0d4e0e66b6b05b3d129afd4b,,,0x200f64b6df11811e98c56834da9bf2ca4fa553b9f351d2ff08ea53a3d0bc1a72,0,11304888,client_a_preview,0,processed,,1780940462540
0x346e8dd4d68db58d81b794ac142edaf530f90587c88dc3e95ceb11f11a0bcde7,,,0x13ffa7af354604271353a70aa4f72c6ab004e7b36b01da1cf5f43df32d63ed52,0,11304899,client_a_preview,0,processed,,1780940466457
0x76cfc1df8c4df50a723da2249b08705c7321aedfb03231134df3dedaba034f3c,,,0x15971506429df1c3f54f65aceff186b27215cc239a85e84dad2665cace24f097,0,11304909,client_a_preview,0,processed,,1780940469067
0xc968921a57c4196739d62300b8077ad175c4928c838b16fdf626089860789a4e,,,0x06204a83a375acab593e8fd5e4e738c1143399e1e3733d5244cda564baddae90,0,11304981,client_a_preview,0,processed,,1780940490918
0x6faf5d292df401a942d2d978ed78b04267f7d8258cf09e5e5dfcf6b308cf8d33,,,0xfa9c0911e99fed458b49221108516c299ab727e03ec5f56c978dc33634d9efe9,0,11305010,client_a_preview,0,processed,,1780940499928
0x10184f44e19129fae86318cc01cb2aa7a30fbbce1259a35ac57a4d7dba33efb2,,,0xdd2fdb3b4c78a5794b2d63f442262c055c565620a3c4571c47d73fd0ab563f16,0,11305019,client_a_preview,0,processed,,1780940502636
0xaad235f30b70f8777f83854ae84eb89df86282c7a3e320c28a325a02f63d7b3a,,,0x29cb7e821ed07a8dfc2abe251a4f84bff868095247e5b83cd30df99872d28259,0,11305023,client_a_preview,0,processed,,1780940504247
0xceda27fb5ebd28f45e0de17cd45e7947804c6111212befecb88c5ae18aa6532f,,,0xa74369b93cf1371c82b081f655f8ccbb2d592e16c40785fc43332814f31d8bf0,0,11305046,client_a_preview,0,processed,,1780940510782
0xca322c85e9d561a2e69ab95a3db21358157dc38f339ef6e9fbcf12d62ae39d3a,,,0xf9beff51a6b1e28a8c4bcf5098c428a57ba5840d8048d02306291a7c5471f4dd,0,11305129,client_a_preview,0,processed,,1780940536680
0x3428e5fd6644b485c80d6e1ee49c29984909c23c945a95f42209b059e0e83148,,,0x3f605a33c37932c6b418be983bf2b618ceed1427cb0035376113d97476a3c185,0,11305137,client_a_preview,0,processed,,1780940539442
0xaa02163a3ad9dd020819854f6c5e4f23451c4e33860d3fe0577681d56777183a,,,0xdef11bdb2a42b478765fea2c8f3f7309b6588b1a323bdf4e21d61de0e23e6fa7,0,11305244,client_a_preview,0,processed,,1780940575087
0xf3d461dc4bc7c5dbb8756e2d2b88cd623127c272e96262f5400fd807c8f1b2be,,,0xac2546701ceb136ff861bfaa8d773df39a659e3c868cb7c2a464a9df57342973,0,11305288,client_a_preview,0,processed,,1780940590049
0xc9b5093b720eb98249931da04f46601a49a276e1d618f534b18bf4e2310999e6,,,0x5563fdebd862201814bbdb7f083ebb6af1d3ee0bbc30614135542d198f81106b,0,11305401,client_a_preview,0,processed,,1780940626401
0x07accb522826a4dec54347da5965fbf22261b1ca2128d2ceca4dac88d971a41f,,,0x319de9f4d9df73a91581146246b2576b3d65005c96fcf00888677c30e8c9a7bd,0,11305508,client_a_preview,0,processed,,1780940661866
0x3748f1b7f37d7d5d7c20c56debbf190e09268e80647456f75d65ac028e326ed3,,,0xc63e9d836b384df2c2fb35394ad03c6be29fec85ff5ffc231b10fd3f78be374d,0,11305583,client_a_preview,0,processed,,1780940686770
0xd7ef7cc3ab1b1aea12dccad0c743f5bf1ba7e6bd170fa6ce592a1f3810ab0e0d,,,0xc8a7b360dd296ee8e10600483e0753b3f9416709095bdee630017507b0df1934,0,11305659,client_a_preview,0,processed,,1780940710451
0x513fa3eabc35f63bde48ff625b00ea33ccc00682f59827b61118c016b7f4ddd3,,,0x1119588ae1a671999326327238039667bfe1c5651ca5baa305027c275fa3dc46,0,11305691,client_a_preview,0,processed,,1780940721904
0x3f5aa8d23ac2330efeb845acab7dd196d61fcc90934e8d74875748807b31f7f7,,,0x70e859b0168495e6f3adb030bf075c6a651006676c53fdd2d5f08559f2f54bb1,0,11305847,client_a_preview,0,processed,,1780940771438
0xe3a3e0d95c9898340adc4035a1f1584f6a3e837c02206b12f6a70f859bf00346,,,0x11d8b4a7bbe278f5455d74116d347297993be75d9a9966b44a959c670ae16e8c,0,11305954,client_a_preview,0,processed,,1780940806275
0x485a173f3bbd22041c69f56a2ad39c1020be70152da4fe2c014f653d3a045ede,,,0x5f14cb0d7bb42a81a0b3326e8b6d18b736a36e7a6e0c48a72f2679d195381bb9,0,11306288,client_a_preview,0,processed,,1780940913842
0x4b1b19ff7dcfc12eff0e27d12cab933b5c49c494bd74ad8796075be34f669f2b,,,0xf93f709ab16c2d03d61f49a2c39926d81384cd11614ed57c991ec7c579e83634,0,11306390,client_a_preview,0,processed,,1780940947311
0x06ecedcaf5877b952c6bd93ec3cf6774a1b6d178765cf46ebcfa09708a456116,,,0x8362d3893f88aafebd6f0becde6cdc0a01dc2c7330d2cf74e8a01f6fbe8d89c0,0,11306440,client_a_preview,0,processed,,1780940963419
0xb0a27ef208aa3f8367f3d9f866fbe1797df9806a2a72b29f38b5653379b2dc17,,,0xca4bb4fac6334ff9fd60cd0717ed58895b9094269507e8ebf516c68392b62d56,0,11306443,client_a_preview,0,processed,,1780940964502
0xfb7c6a0ff0793fbffa7f3131b2a991976029b44853e344740afdcfe418962d16,,,0xa298c59569073cf702b07dd2059777b0048aebe762738405d47b0766d6ccaa1d,0,11306593,client_a_preview,0,processed,,1780941014046
0xac889fe8f161eecf695fa5a105e195c80505514abb6b73903ba2b65d330ee602,,,0x0c106484662a5ad7883ab3fcf3ad894cda4fbcfcde32dbb59c0d3d0e4c9a1579,0,11306597,client_a_preview,0,processed,,1780941015191
0xe4be8dbec377bcd10ef2799b40b00e667e050d1c7bfd22ec5e5456f98469002e,,,0x3fe97661a5dbecf522792a9d737ddd71a038cbed9f1a9db7246ed12464a28327,0,11306601,client_a_preview,0,processed,,1780941016483
0xc182ec92470aeb8be8bc8e84bcf7a7a7f50a03657818e07eae3f5cefa5779546,,,0xc6e5afb174a879a9cda29b23c246f30ce3536157d63b00493c63c45eed845198,0,11306701,client_a_preview,0,processed,,1780941049316
0x647d4db9e221b4464e245ae9ddbfa3795e6c4b2cd9cedb08161d380ffe2f73c9,,,0x1b2ea242ae41bb608932ff16298cc16a87a8e90e47945638ff9fe7e3fb4fad59,0,11306742,client_a_preview,0,processed,,1780941062467
0xffe213168a95e4388336d8aee931b337ac30e06bd8987696cf3d054c0e1bf1ac,,,0xfd7e18826b7172f9d77efd6885cd1c041cbdabe379350c3c01eb2a3cbc2fa7be,0,11306892,client_a_preview,0,processed,,1780941178569
0x68005bf93215bab6846d441be3e835b5a4ba3b1b53b597df930abf177a5af6ab,,,0x3863686624adef92efa4b1542ae188463d1d90ef608483c5d0b2671bb8ef417a,0,11306899,client_a_preview,0,processed,,1780941180652
0xf0ef054af9dd063c348ffd5b0610f5bedc8e9d13deb7ccd66a8e8be65b9c847b,,,0xc6ac998befcdee6c0cacf02c1cb16d640a9b4b3086aaa4b34d6f967b3b2f5f43,0,11306902,client_a_preview,0,processed,,1780941181394
0x9720ecdaa33f77b8f36068b172da2896b1b63872ca9f399999e68dd44f59cfd5,,,0x384081c0e213014bc9e99e0213475d9b013dbbceed8b2e16d7c05b86f32f9691,0,11306927,client_a_preview,0,processed,,1780941189289
0xeb0b3324677858d5c16ec273a0ab435b4d86158fa423d8a3e7ee32a70300a6cf,,,0xea8a9ab4d7944f76a62a01bd2de19502c4f790a415628f479471851fb5e014a6,0,11306944,client_a_preview,0,processed,,1780941194925
0x7b1eb85fe41fcbe23cdc1d1fafb578364e945a51efc1bf4b8ef8b05ec8af3dc6,,,0xf0de0c553c290117dcbfc6acdbde486e8d7bb6e21b87c919057ce9931e7c43ef,0,11307047,client_a_preview,0,processed,,1780941227178
0xaa27b815835737002de361089f31f015d4609a8118a74d65d22000242f5ba6ff,,,0x737bea69e231b932eedfbb9bf0e6b009ff79679fa03ede400da18b6e8eaff1c1,0,11307049,client_a_preview,0,processed,,1780941227820
0x037b6d928a8a5117b2626e675d78e41459c47840505b6ff906440671cbac2984,,,0x7c727a2f95951e2c01ad61526c84ffe502c9e70ba03868d495f06283b5580809,0,11307055,client_a_preview,0,processed,,1780941229205
0x968b6e9bd1cf0f35ffcca91054620191ddf4b0ec96e58fb75d98387c0425368f,,,0xff1f243a46ff5a16926c2af1993fcc16a0c075014c33778de1f3e57b37f58484,0,11307064,client_a_preview,0,processed,,1780941232193
0xe9b80679cd76eb7ede130478c7b627d0a38f2f0eca7dc71d84bafe7e8178d3a5,,,0x580071d392c1808bde85e76d1905d8262e32b1bf466be58b5018ff873f56fb9a,0,11307162,client_a_preview,0,processed,,1780941264314
0x6c6a9129641b9b7429330f1e5d09b953d4889ce6e45a636418f3ffdeb48921bb,,,0x952ebe9983cd7252575fe2ae4cb7aebd2ff1c5edc211d41bce3d081c7c47c092,0,11307170,client_a_preview,0,processed,,1780941266955
0x5dfe04cd30dfd768e74234dc21011514c567bf45273bdee31501c6e0daf89182,,,0x025816c0743abc97eb082075db814179e9c4a264c00ecf54321452b9f399e2ae,0,11307189,client_a_preview,0,processed,,1780941273332
0x5b02c409f8c34684415a5b3c1d054c035adeefd53417e5ab5855724f7fbef297,,,0x275eb405a1a017ed6fcbc96c2e44b257e6e82603a49b54281d5da34ae48f347a,0,11307205,client_a_preview,0,processed,,1780941279066
0xc75bcf5ec51127fd0df2cc9cbdb21979fe177a0b017b881b72531cc032738189,,,0x1384118f6b4f045ea60c8ed6ee619bdddbd0a45cb012aabad91435091067320b,0,11307306,client_a_preview,0,processed,,1780941311869
0x50987acaa78be6c92f0c58ea6f5f4fcef3a264f0bf06e2a153be78f1220052f6,,,0x810cb67c24b2149f9a6a37be070f892099d46b09251c284c60dda471637e2e4b,0,11307307,client_a_preview,0,processed,,1780941312209
0xeb8b86494871e7087d5e3b6bba4eab446c340f71ae0bfbd9f84fd88eb5761553,,,0x1df4f8f9b51ebd0d36627fa6895c2daa89429a66eec4eec76df8ce1c15cf303a,0,11307315,client_a_preview,0,processed,,1780941315299
0x631c35f88bc12bec8c38fce106e528933e29f327b224824d43ca0253f36e2693,,,0x78f301602e788e14df797382602f7d49816740c80ab4c351990b2ca4122cc63a,0,11307323,client_a_preview,0,processed,,1780941317008
0x2080db6781b788c36081184a274c94a9920aa9b229ad3b5d35f3c17184892c16,,,0xc49bec3ca08ec29bfcc79c8c95c988614e51ae623067b4ec50f5221df1e40f5c,0,11307396,client_a_preview,0,processed,,1780941341851
0x504727c6292e289163dfe28fc1134804b1af8d7d40c60b2d322d1ce3b27e055e,,,0xddcb56ca705db33733277ab1641b3faf43ca77f390d56d90fb600bbd0485805f,0,11307423,client_a_preview,0,processed,,1780941350211
0x219b2e858344769a857c000abbf5af6ec1c14c901537eaa039e5e8f1d890a70a,,,0x11e3ad8fe48087921e500ec4dd50630529a9aed634b77322c31b211d15227768,0,11307429,client_a_preview,0,processed,,1780941352882
0x9879ff59b7c21850342799343a927fab665f96d3c28883b0cbc9e9cccb365e59,,,0xe0f1f01e952b2fc5df20f9ded321e39a041e69cef5ea10927cc8432a72e03780,0,11307447,client_a_preview,0,processed,,1780941359375
0xc32b193c16da0ece13685b7a81bd38d6aed461fc645bb7531e7aeef088997d02,,,0xb5615d68062ad36c5fc293dbac77ec4767feef7b776f06a1525b8a2a9e248490,0,11307466,client_a_preview,0,processed,,1780941364986
0xef95dc94d77ff0cdb6b1398626964c0dfb14f3d47a8998abb1409bdd960602fe,,,0xd4225bb4c812bcd0038d7208fc85d00afc453569bdf85791e20f70262adbc091,0,11307538,client_a_preview,0,processed,,1780941387850
0xc8b5e0b0b512d523f4578c0903913f53d9d56d5b589235ad4108504ecf485327,,,0x486fcd1ef6a527372c608b775693ddf42a20631e16a0fe65ac350270f52ce299,0,11307564,client_a_preview,0,processed,,1780941397287
0xa07a2bdf941f9279fc20776f77f725c75c7dd92b3236822a1e0130b4e5cbcf57,,,0xf8e342406969cea161a55842da57aeb5aaf70916285764d9168f0710c165a4d1,0,11307566,client_a_preview,0,processed,,1780941397593
0x77856a0e3eeb174d8fd53a91107afb77160035ab10f34c91881e8a46901fd06f,,,0xe1be896cabf9682a8fa7d8a30f10ef404e1a7b4b5729908360703e93f220b1bb,0,11307572,client_a_preview,0,processed,,1780941400148
0x7d8c8d0af057249eef5fe789d45a008ec43def432adf2b4a1529d92ad54dd017,,,0x1a418a25b28d057ccc287f56c7845fb72701b027bf74331abab442bb48326a23,0,11307580,client_a_preview,0,processed,,1780941401882
0x2552ca78dbb6857fb5c06bfd9d65abd17375d78a34ed6b8df7e6117a49369a7a,,,0x1a45bc8a2d74317f9901b7eb384aa3fbc13029ca6a144f6a1e0407401b119dea,0,11307651,client_a_preview,0,processed,,1780941425725
0x6a9f7f2b8462270c08e442fa0f76f098a7cedccd0fbc1b691778f8fdf547e48b,,,0xc904ab82e8a94b3ddc71652ac8966b47ea2e368ad29bec2a91592eb54969af0d,0,11307687,client_a_preview,0,processed,,1780941439758
0x2a7d255d500e66da745de7415f09e12af1bdcb4dc0fcda1c033e6ca839be4a02,,,0xc9d7654321e55d1d8348eac6da7976920aaf6059aeeac1e46fe123ca2c124462,0,11307707,client_a_preview,0,processed,,1780941446757
0x188234f7a55e7bbe7069dbd555322275a9f83f1fec42861cafcb579356080ddb,,,0x94bad585d6000a8e4d15958fa71e15f18491e3e8c03693aadd2392f50ce9bc09,0,11307729,client_a_preview,0,processed,,1780941450383
0x5017c10aaaf8d494ef82714ed2a1bc1dd6cfcc3547d0291f992e7351671d0724,,,0x12728c946ac2d0e25ff9166771e85b914a66d7308e833bd3d44975be172a5d93,0,11307799,client_a_preview,0,processed,,1780941472709
0x3e26bd15e1c1fe4f6ebba66e6dddbd43cae51ec7e05b1f50ac7ed1f8c9d8f95d,,,0x0bff5e92bf4f16fcca425af04c31cfa8d2528500e441adca858d288e3d07ada0,0,11307826,client_a_preview,0,processed,,1780941481439
0x513133de916fdb199b3f56993f029b5405baab37f8816fa2c1688e75e618f02f,,,0x99248758a9c303b72871af86e614622a42baf6db62a41e7178a7f0d621f15e22,0,11307834,client_a_preview,0,processed,,1780941484494
0x374e6c6d68e81a6d35b6cbce618b682ffd3ecf6fc32c0ad1756c5ef58d1c365f,,,0x5e6639c61728d61c190fbcb3bfb7ef8648fa6816458c78ce75bfcec408e68055,0,11307839,client_a_preview,0,processed,,1780941486302
0xf54e4e0221d346808a4c70840a7e503b92b1c5e7cd4908ed16c503edc8dfa1f6,,,0x891f6829b9e4ca205be8768318040c2f1108383bba7d165cef7f17bd9c62f2a5,0,11307842,client_a_preview,0,processed,,1780941487561
0x95cefafe4b37472e8e5e5fcbc7593a4d36711b789f7ff5bc17764d7bbc3205b4,,,0x162d3942f0c84f8292945d7d8fce5f43f7536b7a4534032a16b4fc10a659090d,0,11307914,client_a_preview,0,processed,,1780941510370
0xcfdbf67676b8ba6f9139d9957409dd9821df63cd926c7111fccf0b2c33289967,,,0x3be61b92cd3ddae9abf290af190dcd8f22fc5ce016a4136c4a04bf60fce417b9,0,11307948,client_a_preview,0,processed,,1780941521386
0xd6f3ae9d690f1a174c53141145834a6d4ef116c46cd9fd37f6c5abec368f8529,,,0x19035de37d507cb4abb175c6363d3d1165b5ec15c71880c4e5da23ba1d65848b,0,11307968,client_a_preview,0,processed,,1780941528336
0xf3cad6fd70560ef7ec6af7dc8de3a14db1dcc001ac868e7bc4db43952b9eb083,,,0xe21ec08601b43ba06c45a2b73c3da904d838068dca251430b3310cd99db58807,0,11307981,client_a_preview,0,processed,,1780941532937
0x2768403c8e0e35bf3118400bb5da82990cbfdf4597d746e600e5e884ccb46543,,,0xfad8593bce437981d56acdc48e1c3b3ae1c2f1f9919a96d355ba3fc4433e6f1d,0,11308059,client_a_preview,0,processed,,1780941556385
0xa20ac1155e9e80e609445b19936d396a8e0ef9b7bc8486654bd1589b28975ac8,,,0x6585fb67d1dcb2a840a031829e2a8f1201cd8785e897e2f0ed16befe4a2e2654,0,11308088,client_a_preview,0,processed,,1780941566318
0xe7173b1a242c9efe252b2f49ca851b124da2f6ebc6eb3ba3abd404d54fe3df01,,,0x2385fc60ab73464e3bc2ddeee028c718b5fe769bd3e346adaa1eb962e5408ac2,0,11308093,client_a_preview,0,processed,,1780941568441
0xc3122657ff3d45183c06c8fab95d67e9a0e1b17b814d43fc038ed4805d3c456b,,,0x606cf5285991a98cf3d484b1b8802a4a5a2725eefc29787aab5e7d6ab1ff24da,0,11308101,client_a_preview,0,processed,,1780941571317
0x5401a865162777b95fee5129a6032a68c18b6f1c762596544ab1933e62f86a3b,,,0x3cefbc400b6f14397ba07a6f3e937d0936af537ccee99b7cbc7f93bb57908762,0,11308175,client_a_preview,0,processed,,1780941595361
0x3cc61d9a27626e7319362dcf81c7161c450af652a755233244d4ea5c58d6ef87,,,0xa6f6c09a6a47500527d3238a7b26594fe1a5cb69a5d6b7a512a6a9b7c275fc6d,0,11308209,client_a_preview,0,processed,,1780941606212
0x42e1efe07327b165f3b796deeeb7296aa013bc856641b00a8315a6ca1f17cd30,,,0x205c1140e50580a7624cda80b0e7dd48a980412af6fa95942b09de2f04d15bf3,0,11308228,client_a_preview,0,processed,,1780941612950
0xdaec9029672be2ef15b1b61fc98e278100de9ee9737bd88728517392d5c2efc4,,,0xb2dd639de198c4123267ecaddc37cddd174228de1dc56de10ea8869d56177066,0,11308242,client_a_preview,0,processed,,1780941617486
0xf1125fd4b9b6b53f515f59f0d4adcbae8c0a26efb97ba05fdb54befae65939a1,,,0x7eae126ca3939be3a695a885d379c11284be3e686f3660d8aa5e4df9f41a674d,0,11308274,client_a_preview,0,processed,,1780941628538
0xfa92c5f07e4813db8ba135adaa550d6bcb0bf054a6906380aa0ea84a87f575ff,,,0x354d927618299007fa9600da0e9a8146b0dc6792f7676981e5e99323a0f3b04c,0,11308318,client_a_preview,0,processed,,1780941642041
0x95b6660e32e0f797df941218508bb62a67ed409ba7dd0475dbc25d9865fc06e7,,,0x7b74bfc67adf6cf9adc5d0e15e088b084ba3431a91336bffd7631d7bb0b7273c,0,11308323,client_a_preview,0,processed,,1780941643729
0x3adc12f1ccd4fd8d1c49267232c7fd898fed65594057afbf3297eef40edd52a3,,,0x4aa57921702dd10776061286d719026509fe9040a7cc8ce4819b219bbb5a105e,0,11308327,client_a_preview,0,processed,,1780941644929
0x642a5d8920f689185927decfdfecbf99f5e1a1ea4906ccbe85c84774a3aba560,,,0xc0fabc167e0e67eeb7eaf1979febde3dee7c17f45cb7277f261f9d3246dac59e,0,11308344,client_a_preview,0,processed,,1780941651169
0xd62d398f0ad2203564ace026a74393fc95f9f7b732e32ad6546ff257bce25391,,,0x60c1afc7f02ed12f05af136c8a441a64ba48f77ffcbed25f62c5d661cac3ad8f,0,11308352,client_a_preview,0,processed,,1780941654477
0x4c7df341d96c8b05889fe703049828c1c87f962c76dbc15e87de5af3d68e66ae,,,0x14f47d7ac1f92baba437f57d0d9bda31688ac292229887eb360c63ce8035b444,0,11308359,client_a_preview,0,processed,,1780941656416
0x5e15e4674f346de376f0a27e4676faa37d3969329c1bf396fa5f4051e447850b,,,0x2aa26122958b7ab62592ed1ba77d2bc35e7128aabb96e65bd9275ed34f76e30c,0,11308421,client_a_preview,0,processed,,1780941676997
0x11bfb15c8e4d31cb22be692553171e76d0b286815fc476517c697eafae439527,,,0xb705925d201288f9ef862392113a47131dd9686c01fb4089343b6e9df99d2ff2,0,11308436,client_a_preview,0,processed,,1780941681912
0xdc08219ef5904ef8c16d85da66bf926bad687d5047c21dc9e8c737568766dee9,,,0x6ba15d1838cf4a1778caf2984efde42975c2375bbc1a71ead64aebbbb6e597a3,0,11308471,client_a_preview,0,processed,,1780941692204
0x3fc5b8ca90fb253731e30066570018a96b5af7412c04d4378c30a201d9b9599b,,,0x062e9d03e73d6837245fc07c5926a290f14aee4c1fa8da89d41a334bf4235884,0,11308475,client_a_preview,0,processed,,1780941693415
0x9c3577a829e66362fce8572842016f9c2fb0be30ffbf29e396f6debe0f2d5a3d,,,0xbf8a84fd443e4f2ce3ce24b71c1f4f2964aa8b55d2a8e2f6ed0f1b314d79d2ea,0,11308492,client_a_preview,0,processed,,1780941699598
0xa49d9ef850f65e22b7806a0b6c0c4dec11bf6c1662a598515fe5f598ec948c98,,,0x43742b30526ed9b873265045f32aa43b2c6e2a414f6696cf7e3cb26cde15056f,0,11308504,client_a_preview,0,processed,,1780941704091
0xa8d8754846ceb6d4b85a19977122463b1e5a9fee4443d8c6138aaaef3f5bbac5,,,0x31dec31378c90c1da6c10193cbaa9c63dacc5a72611ecd078bb53aad66eefbe1,0,11308535,client_a_preview,0,processed,,1780941715001
0xa7064d5076c422a6146d61a34c81fbce959148698d157bb7fd5243ad96489255,,,0xe3210338f25a39c526ca43f047cb416ee2f5384f44aac2eb59988b9f12636479,0,11308579,client_a_preview,0,processed,,1780941729278
0x9a0124725e1efc5b3c0e5116e784c2d055d8a8357bd8d1289d44fa9e5c4e4a79,,,0x8de713fc90d512cad64a0d307ea9d0c14a3032fac13d09fe176628b85aa187a0,0,11308583,client_a_preview,0,processed,,1780941730753
0x4c6703bb26d43803a82b3d680640a97061c9b12ad950033ca52d14abf0f57112,,,0xe8b1e7d97408c2e3326c516726a8b83e838802ca32497cba0754d87174d53f99,0,11308587,client_a_preview,0,processed,,1780941731919
0xb3626cdad48125ee101deed03f64c595d6fee3821af52c5a973959aacae83f06,,,0x2f849214047933cebf8d57db7b1a2cb200c2edc152a4e66b154836ad84d20fca,0,11308590,client_a_preview,0,processed,,1780941733057
0xa110f4a8371517d59d44dfbbac75674dbbda685bb5dcc409a2d29ee4ef5c9e56,,,0x43fa7d6a12cdbcdce7c7f5d955fd302e7003ef3bcd514ef4d4764bfd7c977b6c,0,11308607,client_a_preview,0,processed,,1780941739100
0x6530832ab8ab2cb70fd6c0aefd6b569518c23b1582ef8f064847df60534fecf2,,,0xe22216cd1d5ebf7a23748e96d970cd4629b484a5f7e9cc6d2ffbf6f5e77a6866,0,11308621,client_a_preview,0,processed,,1780941744169
0x7230c9dd44e65202a12b8e42338ee629279707bcfcd809073afea83d9f7d964a,,,0x4bdcc02f0ed3995aa1e03e6b53ec6d4db9e713c4c4839533352c58ee45ac6906,0,11308679,client_a_preview,0,processed,,1780941762844
0x945802f45a03394e3cad045cc23f1d38008c23ee4c1deac39571ffce0e4987b6,,,0x4effc39b38172e146a82e0cee7338dd8d4ef39d44ce77f8484feeb25134837d9,0,11308698,client_a_preview,0,processed,,1780941768804
0x122187d30850cd2d01028a0a11dc342518c698080a2a64477bf2d0a049868364,,,0x9a22993f77300be28e2b0e5cd770de3663e2bfeb22828a785ff4c8859e322548,0,11308725,client_a_preview,0,processed,,1780941776674
0xd22e2e9ec82b58d136402d553b858a37d791304c245f93e325dfeb84d60bf549,,,0x50739d625b0b346a7407efa3e14ccef010449d3ae9dffb352fa386bd20d130c7,0,11308728,client_a_preview,0,processed,,1780941777701
0x2969122f5768e04f9bedc09ef64901214ddb9335dee2877917bd875f64b5efe3,,,0xa1b092ed8395513ef14373f8fbbf31a03e02f28fb60ee7d4eb46cd62b2d2dc8c,0,11308732,client_a_preview,0,processed,,1780941778777
0x1953217ba61ac01b18e2c45126cfbd0fdb720d12121206d87158bc8b17b7b8a7,,,0x0d6792e2be092f4e4b7cf2c2ab5f34cadc3d6b1e03375f37273238c49bae7dc4,0,11308752,client_a_preview,0,processed,,1780941785516
0x074b22a1a3bd855b9579fd1f8d9038fd444e65e8a28d34228c29ced9186abaec,,,0x767fb2b15bb31c541dccf36e986c2cc870e9034fabf4d1cb6ab93f9314e7c9aa,0,11308764,client_a_preview,0,processed,,1780941790075
0x418d71e46adee8530673dad90cba79581dd4e73f8639d0379f0c6131674d8af6,,,0x111b4a57994d0e6e68ff8e81673f83f2f5536882680cb1bd62dbeb854cc4d150,0,11308803,client_a_preview,0,processed,,1780941803926
0x1498820853cc4e26e65d4cb6b8af435cc1ac2675ebf59d0be117216e08297a87,,,0xfaabc2e759e03ebfacec07ef1b104b2f8451257130a0a727ff5c93e48726a01a,0,11308847,client_a_preview,0,processed,,1780941817431
0x01699cf7d2e9b1ab2e56c647ab637e5f9943447e576e2e938895f3bc3ecbfc2b,,,0x5de8f4f91fd432d3456a5f3779cacf36e4a245c530eddd55e2359ae8c8856114,0,11308850,client_a_preview,0,processed,,1780941818588
0x5235ebfe238185effcf4fb47b19ef81d199d087c194e3930752964318d3a094c,,,0x28ef09b3170a99e2980f25956566dbbdfe65c4262aafc1023ec85044c431c0bd,0,11308853,client_a_preview,0,processed,,1780941819800
0x23c99207b2992f24ff01ad6a669e8b210c9c865e3a8f695cc103af5afadf66f9,,,0x953b99ab049e1ea90f0dc55037a4e4120153a3807571fc3bf639135291c7a3a5,0,11308869,client_a_preview,0,processed,,1780941825735
0x7608f5f540d058b314f8ec9eb5268d7011ad42c0f19463f8029a2229cd11f48b,,,0xe26890c4d443de2063163bbab8991295fb33cc947361ce422103befb87cc9f0b,0,11308882,client_a_preview,0,processed,,1780941830335
0xc2a6626c4f2b0aee589576d03d43bc368eb069a7cf7ed98064597a2fe9ab52d0,,,0x368322940d569ae03414b0cb0ba3b560460f72a2db4af59f9e9b5c8214c7a192,0,11308939,client_a_preview,0,processed,,1780941847323
0x8fd02ba0980bddef0be2f3e0eb09cc9ca3a4e2290f52833367db884a7144a8f8,,,0x410a5492fac672540cdf6a153064eb6dfc777b6d4a8a113fd4d37f554372892e,0,11308983,client_a_preview,0,processed,,1780941862574
0x17284bbdbf4371e56aaab2c70f473a0fe86c2231707301facde21866e5f54f18,,,0x59aa449f6e0784ee0555f8189fa64b251c291fdc99afd18ed6a8df9ddff36a8b,0,11308986,client_a_preview,0,processed,,1780941863709
0xcc189b7be792e5fc4cc6f5af79877d9c0342ba44729034f08741cf6aeea1906f,,,0xca9e1ba40ea64fc029a3b7ff99277715be933abd8940bdf505f7c28371ae8d4b,0,11308989,client_a_preview,0,processed,,1780941863691
0xc3c8642d8b26bcc3ee00a8523fdaced72f1257760e28956148b259877517cb03,,,0xfd236142548c177868e86f0f795062e977a7185eb0f6938a95bdb5456a45d2fd,0,11309010,client_a_preview,0,processed,,1780941870327
0xb22e24a2a845f2354b91796a8a4b844b76607eed31eb61c911ab3d618cba1187,,,0x3b35410ea1b2365a782eae7a08dd1fd2dd5a78dd743b2ccc485f528417aad854,0,11309022,client_a_preview,0,processed,,1780941874821
0x59627fa7e1b3be050d4b9feb3bb9185bb7e9d85e38011a769f2e9403f0d0e447,,,0x6a2cc3d19828f1b46ed241c2726364c989c7d9f0c57a1c01fb8b9bda5cdc45e4,0,11309059,client_a_preview,0,processed,,1780941888221
0x381583fa64ab22a65e88d98b56e504fdcce5987efdf01d672fa495cd0881251b,,,0x195213ba64a64f564f14ee9972719a1c4c1bf356e522cf487b512d4b32145723,0,11309105,client_a_preview,0,processed,,1780941902647
0x5637a60288403eca8713991f53bb6eaef5ac4adbe678ac56e1d7f4d354e9183b,,,0x11c249a025c75e40566238deb37c5f8de86640e42f146fb0ba78acb4e0f2c905,0,11309108,client_a_preview,0,processed,,1780941903843
0x698051314b0a40efab3c54048503b94d4d621742f19b2c7c33f7c83c3bc46c25,,,0x306a063afff0d768d0ae6e44f23909101c1b7b952d9340ea3545859f30069815,0,11309111,client_a_preview,0,processed,,1780941905003
0x563dc3cc886ed073acbe3af26be7e54bc8178414b5b6f9dfc1ba3c3dd51d022e,,,0xd02f810d91adec6e842f65864558b7fb7f6b30f39f662bf19ff258ec9758299a,0,11309129,client_a_preview,0,processed,,1780941911545
0x629935c31298a3cf52a8b75130b43badb5a24a509f3eb58b78b5e5aeadf566cb,,,0xe83a990a07001ace831b8f80a4b28ff2ec03d59f80b04349d8c15998cd33a2a6,0,11309144,client_a_preview,0,processed,,1780941916758
0xf226d9e586190e57fd948153c5a3ea5349e44793e3f99645bc05d0837efca6f7,,,0xbfeed9f8201fc2412904b7aa5cc810ad94ee152617ce648b1b4dc48a9e14f0e6,0,11309244,client_a_preview,0,processed,,1780941948341
0xe5b26d776875891e5756510baa49f890a8651d5d5f66a496f743d34992cf6075,,,0x0cc617bc1ab3d9b2ade0c9ece5ad5cc93d571455c7361b88690063cded138c78,0,11309247,client_a_preview,0,processed,,1780941949456
0xa8a04e9f48e2484f7eef3360cec22757900d24b428971aa518393b33acfdd372,,,0xdaacbe7d5c119cdb882a9e9ef400c4be32bf43300d263ae7ce9d452875b321bd,0,11309251,client_a_preview,0,processed,,1780941949397
0xa3a3519c4c3c20d9ef25679d9a636e6456542915287388451ec946b756d2eee9,,,0xbbc855f2bb6fc2519ab3aebd8464165190dd00417d6846c3b21dd3fe7474a34b,0,11309269,client_a_preview,0,processed,,1780941956069
0xa243bb7f28667b3dba71e904995931ac068acdcc50f5c3949dd8b1f8ecb1e2ef,,,0xd31d88b8a8084ac79bdcc7b32e89f2eccf6b8a7a7a09561b85780dcdc596c469,0,11309283,client_a_preview,0,processed,,1780941960749
0x50abf494a9e7de896d770ac3f8fd9e9b959818629e88b709df3eb00d3d46c53a,,,0x6137e189af1be9e2d0c4ed937b8cbf41c8ef30f267cdcb28982c524e3ea3f5ef,0,11309366,client_a_preview,0,processed,,1780941988372
0x17aee1bd7f4c9c245a52de9e008b36b9a8444d3d0ccc9a7a870ce13087ae620e,,,0x9edea3d1bbabdc274fb43c304132f44773eb95883ab470243283d011eac38213,0,11309370,client_a_preview,0,processed,,1780941989568
0x4fa395ab28187f48db2e9461a1df1a40037b04a037c96ae550cd389da9b2b27f,,,0x691eec7916591349f2d8c4a5d176a2e0e3814fb2caab1218461f052e9ab96b95,0,11309374,client_a_preview,0,processed,,1780941990713
0xda3dd51881df6d1e7c6e46bb5eddca8d4c50be5f88fade45074e5077ec5f31d6,,,0x5c19aedeb2b5bf8817dff4199e8bf570e150488377b21672334705e92c9f6408,0,11309410,client_a_preview,0,processed,,1780942002984
0x50ab7cf87fee3731482d1a7af75c9d5b73c9c3abcd226f7a62cc700b88ac5c99,,,0x9d21acf0c363acbdda20a8c3e54a8891c576d6ff43749efb168995ef865a1bff,0,11309514,client_a_preview,0,processed,,1780942035968
0xcb51dd3bb21e52d89b796ed61668751ba63e512c98ca42bb08f3ed34370767d1,,,0xd9a5976f80302d7814aeef7666f8ddf8c3d26b88080fbd071273050b8c6a5011,0,11309548,client_a_preview,0,processed,,1780942049303
0x0d406a501db14948a49a2cb45398fc4921706c4cec20ab8817450db9686a421f,,,0x6bd024e1b51f4b7b12f289c4fd6ec488a7811944dbb19b5aad069bf84b1e3712,0,11309650,client_a_preview,0,processed,,1780942082549
0x5c7f14089564a9bfa04b2d3628e00c1f18a3ff1e0573db7ddb44ab0cd2d291c4,,,0x8519e94a865d162f4a1c785ef0ce395ccca729491f4c69fb704434fec83b8ab4,0,11309675,client_a_preview,0,processed,,1780942091441
0x74af5563b6b0f4cc264ec919f08adf162a16434741ba9b7543dd233d2c29328f,,,0x51c9a587e633c9ebe2aeb4e95b0bb3386e7588ce93c7b34b912567e6fe574b6b,0,11309748,client_a_preview,0,processed,,1780942115181
0x4db00ebe606510a833da4e90657f130859e2b208368c7b948d2bbc4d6677c998,,,0x3b71388caa6c26ff336e05f3c4c85c4899ffdfc2a98b2d1f098e0d4b644d9861,0,11309774,client_a_preview,0,processed,,1780942123449
0x93d23c67d6f767712a6ebb348ba38a63c4c2c639194b99ecffacdfa3bb7a78dd,,,0x3abaf77cede0c2fd44517d1771631be2336da396336c27d69e59c3aef3966806,0,11309880,client_a_preview,0,processed,,1780942158609
0x702e6ed5fc77e70b1344d794355f047e829d9da0d9682cf6be1e3a5a86c3f8f6,,,0x3e00c65798e6fd7dd8263c4e89270451360df4f33b9cb33427bac94ded18a4fa,0,11309910,client_a_preview,0,processed,,1780942168099
0x678c055c46b8f5b5e823c7e407d6aa6455abfa6e21303f530efa3e22a28b8e63,,,0x0ce9ea5f79f703375fdd52aa7d8f9af70a05a0958bf8fcc046b9455c3195d869,0,11310003,client_a_preview,0,processed,,1780942198990
0xed06ffcff38594d15786289c4a54b70f86186b6f8ec9d30a229a76ca71b9db22,,,0xd4e45c4f60f2b6d2e41301abf4097720aacfcd03411a622a0a974d212e9fb941,0,11310028,client_a_preview,0,processed,,1780942207443
0xb10add963306f46f1f3b4e4df748a42886e60667a954cbf10bab93c9ea8d0de8,,,0x835783174c1804447442d97e8eb7930ccc3d7c1381da0b380c50d873db25fc20,0,11310037,client_a_preview,0,processed,,1780942209694
0x011d44931695663179b1b4585aed97452d740fd9d39936b466c10b497c3b354c,,,0xa30b6280a694ac164954441556e6730b1bfdc1c1321345d83a01f95d1662c2d6,0,11310148,client_a_preview,0,processed,,1780942245839
0x66a01a083cbc90680221e956b483ea9d262d7203f925169900cff457f2c30778,,,0x14ebf871dcdb47b8b8dee0e5b43948edbd9fe1411acf396e605976ed0412190c,0,11310159,client_a_preview,0,processed,,1780942249872
0x29e16b4b4fe9704673feae4513f8f5def4d7a4174d22c8ec0c68bc7160e32a28,,,0xcd78585e2b36383ecdd8e27695935b36dac82e2bbdb0a8ef902a7e187393e03a,0,11310176,client_a_preview,0,processed,,1780942255293
0x4fd995440888e910b8e5a382bedb5f534a002e4de23649cb5308ddbc9777bf59,,,0x756f8407443411b2e4f2a5aeaa5a4c5fd8257f6aabd51b2fca9128cbe44eb0f5,0,11310200,client_a_preview,0,processed,,1780942263093
0x7a310b565d789201a082a8d3ae48480b1172ad610ca99b7819abca5c6c634b11,,,0x520fb52e841bc2a902b84000da5b030aa4a1db78a30be064c9a197cea0c3ff26,0,11310273,client_a_preview,0,processed,,1780942287196
0x2b61b7ac0f0c2f4db756bdac466084171a9df252d93376c34ae7aac976368c89,,,0xf25ba0020e25c10ca6c2a75c68ee7720aa2bce08e77570b007e7fbd3f89c04f1,0,11310295,client_a_preview,0,processed,,1780942294535
0x45d1372a631278ce9cc03a3e1d107134ab708195a45a0d40157f1bdf32c97b7d,,,0xc8cf32948e8e7cdec7533d403678c55f5ac2d451685021fc1829c0c5a0fbc98a,0,11310301,client_a_preview,0,processed,,1780942296290
0xc62c93bf1674ee9d566280ecc35d73fa5fc1dca3ff22cdcfbc34fd1f7649e91e,,,0xb255556fd45542b1fb20ee09835e324988594397e5f8ee822157453646ef8410,0,11310307,client_a_preview,0,processed,,1780942297667
0xc003c8eabed9c575c7769c367616bfcc3fe02a2a50afc2b92a89f8e16783ab3a,,,0x87a2c6c95c385aaccb3ed3d342b1e211cfa896492c34a924b45e430c44597c74,0,11310333,client_a_preview,0,processed,,1780942306515
0xbf4f0f2a63bbaadaeafcc1b67953bb60211e3d7eab6222245827b9f51f9ed59a,,,0x76a597d3d2b38e88a5fdf3a9e6a1de92fa9aa539d3c75a343bed8867654b5670,0,11310371,client_a_preview,0,processed,,1780942320708
0x4b9267a9c629ec4cb659a696039d0666f1407c19b31299057f5fb1c67b395eca,,,0xd87409109625f619687541271b8f4164d8d983a50fc60ba34f58691f210c1943,0,11310407,client_a_preview,0,processed,,1780942331021
0x1aa844154cd7c4ef61e66d411d6ac60f430ac09436073a83191729f0675b8a56,,,0x46f9cef736bd1a4d27fdfc5f324e4ae2786c57823d50b37146ba51944c2b3a3d,0,11310419,client_a_preview,0,processed,,1780942334871
0xef6d2696ac8aa19d8032f5f6afb2d104067c62681c76e82da12f80b9f609e6da,,,0x0f0ad94d3e4937fbf01b4e650e48dbd474e48556fdf72a2080ade5a61ed1fcf1,0,11310433,client_a_preview,0,processed,,1780942340416
0x9cd61bf837a935d4611a8aedd0f89f799a67e9c719149cf7408b3c2c09c9aa0f,,,0x292fbe0019907d5bdb0ce26e39d316e7885c8f2f4b9a0b758aaf3d366770d018,0,11310441,client_a_preview,0,processed,,1780942343189
0xfc6bfc7489952f75a01e6e706e4c3387f34b3b0899571dce54d8f8f76f4182b3,,,0x19fd088b78ad82abe7428983e767ee4caddae0e8ddd9b8c877e8f8d2adfb2689,0,11310506,client_a_preview,0,processed,,1780942364003
0x7f5d729f02923293154d6dfd3b2e0b7f341366e1cfa9e24a3d6123ccdf3522e5,,,0x30dc271ef842f6f90ac038ef51ad6abfd303f7a68d880ab4a4a3e0d620b377dd,0,11310531,client_a_preview,0,processed,,1780942373069
0xbaf3f0cf01242ff87ed9e8529db9732cd1700cd32bd670d6486174d9b5df1dc5,,,0x50cb6f069b94a40d02403d978f83572f33b175417b6dce97c5a76f3b088816b4,0,11310550,client_a_preview,0,processed,,1780942379470
0xba92162b1fd265bc385abe495d8eff9402f5139543f08bb16ee78a782ff259af,,,0xf8680f9f7fa52f18c8020bafce4ff017d7dddfd17c86b60401e17ef9bc7ab9b9,0,11310561,client_a_preview,0,processed,,1780942382631
0xc82f1135e88035d329ed8fd841fe918d552e0b28889b7360e4489d2abe6fe8ac,,,0x87dada719edeecddc584d5fb4097ce399c1e0fd3e6ca5c3b557ce79ee42b568f,0,11310567,client_a_preview,0,processed,,1780942384072
0x55959563d74db26e420d9310e8ab3932212f0ad7c5e005b0a2e1dce135f24d93,,,0x7f5e2c7d9f04ce9be493047a7081625329db546a04616cebf8cfeee6a5c7b27f,0,11310636,client_a_preview,0,processed,,1780942406373
0x3b943be1cf2c95a641a4f1320c3ea38335545234f96122ad6fed0ed8bbcfe078,,,0xda2fcad460cd8e7177dcba0b5e4951fdd5f3ca8044f5a2484639e9b243379c77,0,11310669,client_a_preview,0,processed,,1780942416209
0x7b0c9c13fd22b950d8702ed99a4e08f58d12cfbe63e2c96bef2e4d83388fad06,,,0x204ed3679064004daee8dd3ff1fe67dc5765e01bb8fa3fbcaac837188e01eaaf,0,11310681,client_a_preview,0,processed,,1780942420258
0x1a0e7382e16a2ef0b5dbf4c0e6ca7b81ee5884b80c0e6b1a869778bfeed1a508,,,0x22d6c931a53db6a170bf6ae3212f27839c9aa0e34f5faf7af4a15347e1acbbe8,0,11310688,client_a_preview,0,processed,,1780942422563
0x7183863f407a84a4bf1c818e56d3cd9b9a11ee63a1c4c2d94b57cd7a6ab10865,,,0xcba34ab4be4408475d7e850b64d050663aa7dd9669a25e147848d92c805fe5fb,0,11310696,client_a_preview,0,processed,,1780942425615
0x41c79915362b344cf0f84ba94ecc21b2ac356660e040fb6e3a0a5a48cf152588,,,0x6418f0f4b0f14672458cdd6e4cc242b8c171542ba46f837460966b509c5e83c2,0,11310704,client_a_preview,0,processed,,1780942428397
0x16376b791764af4f9c0cdabd80bbd1b56d49491234bd6886a102eab5485135ce,,,0x93ca607993d7915ba3832e361199492cb8b53444f6a155facf352a3b120e0704,0,11310723,client_a_preview,0,processed,,1780942434566
0xfed741f961a1e43979a5792e7a82ba499daa10daf6750305758d46c75018dfbc,,,0x55a40e712d690058f4494a25e0b3e46829010e6593d48d592a7b5abe46afe979,0,11310770,client_a_preview,0,processed,,1780942449145
0x33b08fd2d0d9d11e53b8530352261c6c4ea28ba9de0ae65ee04a4f053bb6fe98,,,0x2453c26379a7ed3c1a29c2d9bbbf527056d8c5468a4bcd370577c29c2888faad,0,11310795,client_a_preview,0,processed,,1780942457547
0x64cb79c3a8cc2027bd8031a2b8e15128696e8c04a3c036000585620e19874d75,,,0x0c84e9436ef23d37fba21a6c20819cd9409b6666910c232dd484162e0447a8f4,0,11310815,client_a_preview,0,processed,,1780942463932
0xc7fd4f99d1a7fbe0880d0ea16033c905f3986e1b8fd074c8191b0716cec2d86a,,,0x8edbc20ee870fb0f5ccc68b36f3759013b73aacd6411546f78696c815281412b,0,11310822,client_a_preview,0,processed,,1780942466294
0x748e1f102433bb2527d059f4762cab3d8b4d1e50c8e20c7dc8b7821fa027d58c,,,0x900aa8b074d4fb564d32208ee1588ef768c2e7bd2e84c0f163c4ac3bc47066c8,0,11310823,client_a_preview,0,processed,,1780942466872
0xd6b24c1df8f36ce54dda4444b369ae0b9768d30d15728791137cd9d18848a458,,,0x9680af82a325bc4cc3b05c619c0b2e49afa5d3be6a37de810badfd312a4d457e,0,11310830,client_a_preview,0,processed,,1780942468901
0xe06252e85dc25392445e07dc935a32e0083d10ba951a66c66fcf8b1c570f3e8f,,,0xcb4e27363acada4eeccf8c5f7959620489f32a6bfb9e32e87b3b65d0a382ef3c,0,11310856,client_a_preview,0,processed,,1780942476661
0x0f47152c6a429e9514de69078eba629760ed7f73f83394b400113903fa83f0f8,,,0xcedcba4f3e40328a12a6f25efc2f2b25cba800ad58ee7264f0c869908bcf1573,0,11310897,client_a_preview,0,processed,,1780942491549
0xfe257316897d917a6071cef6b15a0aeeb4d0b3d31b3ddb1e1e176eaae508b0be,,,0x53a94735d7f28f431621941c41888cf6b97bd564e5d25350311f3d61e0aef847,0,11310932,client_a_preview,0,processed,,1780942501729
0x6370d21305ff2d93566902e03b9d63c953483cd0c829ffe918f6bfb07cfb37c8,,,0xf1be1707d9085d59eb15f05d2396184c6902028c35c02daf384c71b72d45524d,0,11310945,client_a_preview,0,processed,,1780942506583
0x4fb35a0ccaf423bd1dc9faad8525480ca3aa9e7b6cfd9ec823b1f6c66677fc81,,,0x96f4bf23d45f3bf5eb329b815e3746f41577908daf92e49264ae2dbceb3b28dd,0,11310952,client_a_preview,0,processed,,1780942509101
0x0576964234edbad3278fd171a2019b361831ef4d7c1bba47a8b6f2ea498661fb,,,0x7364eefc34a8397efe4e4273ceeb2fd4859a6b22aa290f3623f1b2d830b66231,0,11310960,client_a_preview,0,processed,,1780942512157
0xe334a0ccf159bbb2d2868066bf23e848edd7846585846b3009dfe0b0f5f3ab5d,,,0xbad5883b119e14b8ebe755f67364f10f2116a48f0a1d54794734b1f404fca5e4,0,11310967,client_a_preview,0,processed,,1780942514778
0xd544e00fc55bc3d3cc4a64ce23886da417533dd7b551ebc96870d366afafdbcf,,,0x9d48363ef4c74dbd8884e7702c4d463479a74b6188b1b595f60acfe91aef87c6,0,11310985,client_a_preview,0,processed,,1780942520764
0xfe04b3377edf0f6a2312279d11e14d4234f494925394ab4761c4520ecad0fb93,,,0xe142952e8ee89e4a8483e7abc33f2cfc9e3e35a0b46a99c2c55276f0f541f334,0,11311031,client_a_preview,0,processed,,1780942534798
0xaaac19936bc4d401be7e13ca201db445877b67502799d5c0fff420d80af8faeb,,,0xf17e12e0595cb9df4813fcf239bc38f7f95d0b790192e38349e9263c894ce93f,0,11311058,client_a_preview,0,processed,,1780942543434
0x8f14e3a3be19e7bf1165278a1a6955ce427024c194dd293706d796524af91b4a,,,0x056f95ad0e69f668e2998e9e943a8db1741484809bef7e677264597870daaee6,0,11311075,client_a_preview,0,processed,,1780942549447
0xacc500c034e3c2ed4989ce2e867c36857ad1816b1946b2bd59ed75920333ea8e,,,0xd8b0843494f33f0e404a46f86f1247849e9e861655f2ac9ca69e9772b3440c62,0,11311083,client_a_preview,0,processed,,1780942552346
0x6bfe59b61a861dd147251d70defbc9e2e03f366f2bbce68fb89706a8128dd6f9,,,0xcb10cea78cb47c78c3366730cdecfd69ab660554a29f26c1704658667f3110ba,0,11311084,client_a_preview,0,processed,,1780942552671
0xcab957850d7cd21a54b840b87dce817c3f9ab29cd20edafbc7672f635ff5cb48,,,0x3b6ede326678eeb0b1f0dc1c6640c3b0c0fde4cb92d537ccf77657767dcb182c,0,11311091,client_a_preview,0,processed,,1780942555350
0xadc02b9bf461a418be30b9fd1f1029ac1949f29a0fca35297c66bb98b1f7d554,,,0x05ded65a5814ace904bd3ef4753d3912a5e7549e89b28b52486eb79f55d0d73a,0,11311121,client_a_preview,0,processed,,1780942563327
0x8f9d1047b6cd2838eca60593f7383d780f2630c0e39c1027252f7ba91b70de2d,,,0x914d80b27caeb1b60cd1f7382c7bdead30f815c133fa388b28134eeac9de1b43,0,11311159,client_a_preview,0,processed,,1780942577155
0xa252347e47503f107a4a75fc56bebc2db3f7694a06dcc255949e1977e8feda48,,,0x548051ed9b2a5b1ad40ca9467a99f4a7efb1fcb26c23eab91994af88543b2599,0,11311196,client_a_preview,0,processed,,1780942587597
0x2a4b06d26cd9b96af2ad0028d46b5468d39f4c811187ca4dd1ae891ac9dcedd8,,,0xb6644d52281cd45302057c46c0832217051cdcc8afbcdbc583f652f1c53667fd,0,11311204,client_a_preview,0,processed,,1780942590728
0xe8ead453d05dc6e21780b8c53ae595e966efdce7ec230914d4c3804e2e94eb57,,,0xfd504c19508917f60f15af552aa6c0ad630577b3f0f8208b7e50345b073f3e5d,0,11311212,client_a_preview,0,processed,,1780942593192
0x111094f7db92f73be1e873fbec8b859405f312eb94c1db662d635a4ec78ec8f3,,,0x4718a6343fbe80dae6c0b4dd8884928e51221cca8ffc1efc6d076643130310c3,0,11311224,client_a_preview,0,processed,,1780942597802
0xe45161a5775727a695f420959ecc09d11c2aa5d539dfb755bf382e53c7a27e81,,,0x8727de72bfd6efc8f45998afc3bebc8dd0d1338c333a56e8b5e663668c43df61,0,11311229,client_a_preview,0,processed,,1780942599511
0x41727a861192df14f951dcee7f87be3c1da3c517e38df4bb8c85d8cf2b048ae4,,,0x9c7b67cc264a1010397d27149d1d0019e9d93b1e3920140ef88dbce5b29057aa,0,11311230,client_a_preview,0,processed,,1780942600628
0x2b82b997ac3fcb91d98dd95e4f3caa0e2809ab551151e8847252d9663e14e88d,,,0x57d4ce83f1623527be9a78ff01c7f03219483f960afbeb901fbb27859bfc0378,0,11311297,client_a_preview,0,processed,,1780942622107
0x47fea2bbdc0a849c0cd4882dd3d1949e0310179dacc1d21bff3471445a11af0d,,,0xed091136f5c68a651401707e3b90130400fb6f350f824a5bea6c4218fbddcead,0,11311320,client_a_preview,0,processed,,1780942630879
0x09c4ba6e9b28f38401af1f5f817bdeddf7b8aae3567fd4494104ff0e256a01a1,,,0x0a33ad3b13ef1d947f2a187d1e80896b50b601e7a27465b602eb266caafd233d,0,11311340,client_a_preview,0,processed,,1780942637207
0x306915aaee372eec6681fe8968645a6b7ef2dc487000beea7c5bc91d50d98569,,,0xa5e4f25b20e7c45181bedd43028a1e6e6a825160f9f9e465903a4168d568a68c,0,11311343,client_a_preview,0,processed,,1780942638433
0xe437bd56441db3fb74b0de4acef21978fb3c6cc3f68faf731b013d10b0292a60,,,0x1ae55a9319250d059bd87d5062490b9af64c44d53504b87d3189d3efdb1cb6f6,0,11311346,client_a_preview,0,processed,,1780942639637
0xf5beb3ab0fd84f237a383702465f359e0d217af8b7a3ffc3ddd889f2c0772741,,,0x2dd3e00e98cb7873a34d0b3f56dbb3c0144e28f86d405807e105c5147bbc6fd2,0,11311348,client_a_preview,0,processed,,1780942640347
0xacb6c180817649995ba5ee9606e8122b4ad9d252c19de7c1a022b3d58aae2d0f,,,0x3b251a9d0ed7e3c9d26bcf701b004555e563ae955337ab7b55544e6390e2bca0,0,11311357,client_a_preview,0,processed,,1780942642004
0x305af79d17561c5d236e73edaa085e44d6a59202cdc7114bba58837754c53f94,,,0xbb392bae1486884c0d1129e7ea73db81bff4d3a0326ec300ed9f6f3056376273,0,11311365,client_a_preview,0,processed,,1780942644335
0x32e53d44f657c67cb2cc6d802a875090577ad40df1ebcbd656c68d0b1d8bf2c8,,,0x3ecb65725e790e22f03de6a3204d3a815c234870e7f4104e4202609ff02ddb70,0,11311423,client_a_preview,0,processed,,1780942663361
0x3a0f707d69b1fecef4b2788db1fc29de514dd91234540cb34429c9b60b155b60,,,0x3a026b9fb06daac4a305dc3311a7dad65c3ed079472061e0586c60b55095dee2,0,11311455,client_a_preview,0,processed,,1780942672721
0xf135f2583539bd2282b9bef285a9ed081a6560050151737097df3b1293f03f83,,,0x39ccb21791f7bcba1ecc7af389459b109fc72602c1d1612c7b4316b9386385ac,0,11311467,client_a_preview,0,processed,,1780942676659
0xcb04732c6263e5a3b69a45193878ed781635c94b32d95cfebabac61745ac8fe3,,,0x0186373e70318294e5b04298f72a0514a3438b2d413137d7bb3c1a5c484a06fb,0,11311470,client_a_preview,0,processed,,1780942677800
0xdade996f18a7bc241845254893e5642fa5dcfbc41fec6053c91dc6f7f204003a,,,0x9c2ea8bd95359afe104d36c0cb5a64d40a374efc98f8eb4f97e8b3ba613b5adb,0,11311473,client_a_preview,0,processed,,1780942678924
0x5db262ed360de34c25b2cbf176688bcb6d194263523ed5805c52201d14786896,,,0x5e6f99dc2720e12cfd3bb81ba63e781b44a20e7dd3e1334ed9c939569edd3ebd,0,11311484,client_a_preview,0,processed,,1780942681979
0xc49b8f050fc01748a8eae1bdffd8df04eef47bd10831f7628c0dce03f48095e3,,,0xadc9056acb6104d46f4eebbc87358ab257840977ca84524ff63a184d954aabff,0,11311490,client_a_preview,0,processed,,1780942684740
0x731c1b3e0f5a357eaed68fb631347672056a936b7f4d8f7e514e865104fe7853,,,0x33700bcbdd8aed5a336d2483252da9434229f9489f11590ba4ff6a684dc80f74,0,11311492,client_a_preview,0,processed,,1780942685254
0xbef640bb04f468c7e0041f7386fcefcd441abf6e46475ae0b01511554d9170c2,,,0xa7341c46b6a979765074819119c600ac588bb13a40a48b2550a688ff3de50f22,0,11311511,client_a_preview,0,processed,,1780942692164
0x48f1b901ec45226626bff8febde0f7105bef90ae6e6649e9c90fb15ae30ee1bb,,,0xeee6f2e46839a21a147905a91d78cbc2e06042b5ab64417cc3747d456241f78c,0,11311556,client_a_preview,0,processed,,1780942712666
0xe35e88196a734f71eb5feea86d20b507ef5405343e0080a6c28365ac2c6d28bf,,,0xfc1a22d0db0b25660c2897150880a803b2d18969dbd6a2484491b9558590550b,0,11311603,client_a_preview,0,processed,,1780942721661
0x8baae2191de96658be550aa58f3626109031d9b74ada7dd1b62cc153278bf342,,,0x229d65280def4462afabf7bb50410a40e91524a75d09014cf20c30804fe55d2d,0,11311608,client_a_preview,0,processed,,1780942723045
0xddd1c2e508ab09cb5964e04ceca5f6ba0745886689caed738e1b4588171cdc43,,,0x96554a624328196af886f5ffd78cfc3748846df765015fd29b52866572dd73d0,0,11311611,client_a_preview,0,processed,,1780942724332
0x60f2b540bc80ba43448a6722f3662c4eb7e710b53362048c661c872b4da8dc5d,,,0xacc51eec6faa059cd371dc2af1910c68e4022c528a01ceaf73ee1c7ad7d45e84,0,11311616,client_a_preview,0,processed,,1780942726042
0x9a487e98880775e88e69b82c842b3be8a789b243e50edbdb24dbe51bd006b61d,,,0x4d53d9db4d8172a84740f068cc445f0289c3af6dd583566f593768766524660a,0,11311623,client_a_preview,0,processed,,1780942728199
0xa2d62323379fc0213569dd9f722b561ac52337923adc9d3b9292e612f4d24679,,,0x260a7f1d5badd972618c767170b5fe7c0ea7e1d1a6b8df95751e4b9e94146a01,0,11311627,client_a_preview,0,processed,,1780942728863
0x55d145f968380b570de498d85a1077da9ac02110f963e72514ca8538366442ff,,,0x7a92117d66d7d1ff8e60e16d2d4585380ca5aa3f93b0d96ec3da5bbdb35596f3,0,11311645,client_a_preview,0,processed,,1780942734679
0x391f95b51957b935427e4cf20cf60e22b178853e1685e2e4926affc32889a465,,,0x89ba6815d00f5d269ec18b3f506490a56cd1737c7c37e39bfaad4aa4ac1bdb81,0,11311692,client_a_preview,0,processed,,1780942750138
0xe55c263fc361ee8fbd2d0f6a7041ae348caf1f3d2bdf3d9f4bc6a8128bbba7b1,,,0x3bb91e9451cc2f81213d0887b34fcc93bc53219f5ec51850fea1357980869eee,0,11311734,client_a_preview,0,processed,,1780942763378
0xfb3e5ad0d4cfcdc0c58572acd92f6c4cf6023342072c64d7839910d700d0a15e,,,0x3b1a05e968d69b84e3232d2e79b063bfb7be1a4b38cddbd1cc8b535d116adb49,0,11311737,client_a_preview,0,processed,,1780942764565
0x76855bb1c27235f274e00ba0c88d9a5621744099089ece62330d45eb5927ddfa,,,0x1366175bb9523acb9f0cf5772f39bb2b9bae9f53cd7e3dcc2387d46580cb1ed2,0,11311741,client_a_preview,0,processed,,1780942765697
0xc9e085febd4627f397ae1021002ac2a1f0a9b1d67659379a6fbb9b42f753149a,,,0x16199f09d6215421b3da0f8531f02862de85b89b47a22274a15bd621c80e5e3d,0,11311746,client_a_preview,0,processed,,1780942767779
0x6a4c16dcbb4ec79566cd5dbac7f12bf27fc6447f66faf25ee610913d9475ee9c,,,0x4d152abf6288e3c819c18e34662d4c274822bd2b0b1d388c50d3bf2be28b33d9,0,11311753,client_a_preview,0,processed,,1780942770443
0x4a01cecd944709380c4252e634e5b61f6db62a0ee29809239d773e0a02311724,,,0xd7da232d6db75a99faf07d8a8859320cb59ffe71b3351b9fcfd3e2da737bffbe,0,11311759,client_a_preview,0,processed,,1780942772204
0x6c414101680fb2aba2effd21f8df432cb7d774afffd407db6c85f3604e469197,,,0xd745b90644106fefbc3150619f7951397d4e773fc5b0b736cff97785c6b2dee2,0,11311772,client_a_preview,0,processed,,1780942776601
0xf77e35d59c7d2075301daa6c9c8b40ac0e59e9feea20f4d47e9c8f21f6dd93e2,,,0xe49b9affe1d546b06da536647c989ab4661f89563b2003d8f3229465cf908e18,0,11311776,client_a_preview,0,processed,,1780942777794
0x86a1179c3b345ca53aa4396f80bfc04d1b32bc8c8104ab7ff4deb43eac5a5a09,,,0xe0bee586208b663da36e87a1ca80e3d5c173b175d0f2c6cc48c77307805bf6e5,0,11311867,client_a_preview,0,processed,,1780942806956
0xcea2faca393f3b28e4d90576e3c3ec4b160b4109aab06e8856e5bfdfca8d3f08,,,0xf99423dc9c9c38f3130d4dc41194f0064e2bc818c41dd3356bed7f5440c8aa12,0,11311871,client_a_preview,0,processed,,1780942808987
0xfca28f7e84ee783d3d0e0b0be990624b1ada3ce6e3367b5977e51367ed788aff,,,0xff5c0ba8e1c356457a578be91c6b377aa3b75cb06df1923a15817cd0575a9e22,0,11311873,client_a_preview,0,processed,,1780942809357
0x240fdc9b040fc4b2c19693adba7bc838a0f7e1037d8afe4497ee337cd05b6ad1,,,0x9f9c0c7ca5c21fb9020c72eb8b19f6c6d1d1f1d9156f24ec7ccaf8148b0fca25,0,11311881,client_a_preview,0,processed,,1780942812448
0x3a44fb9cef7f06b2617a800546ed77550d5fc154fc654e4d5831b0068108f78e,,,0xe07e38ddb9e0c23f68caa69288e9f1c978036c7f297312742bcd464f5a3529c5,0,11311890,client_a_preview,0,processed,,1780942815114
0xa4396b9ec64963d89d6fe2cf2b8408fef91dc475af5c058bdf9be6f7175ae6c5,,,0x8588708e1194c23590b9326b2f13b287cb0a9854fbf2c376a8c6473101cecc45,0,11311891,client_a_preview,0,processed,,1780942814385
0x7ecb389d990c08f5c1ec5ecefb53137f247dc9a835648fe0b8818c0a5422d70f,,,0xf050c38a9931a9ebc509b1ce894d06f79fbbe67ac9622af083251013473ef7e8,0,11311904,client_a_preview,0,processed,,1780942819275
0xa82bed194846b67056629a4f6ec15b67dd2a0f1849b68aa1e706dd8169c878c9,,,0x781311bbd1b6d9c89b95a91574027daabfcf7ca581cce73d1ba58af123aaa17e,0,11311908,client_a_preview,0,processed,,1780942820433
0x6d3dd75e32c8b224c03ab2a474b6982042adda9528274ff5cff0b4ebba529ef5,,,0xb57d056b9c0ae505df1699536f3e59d7c22030862ca72a748d58e1cb4c339fcf,0,11312000,client_a_preview,0,processed,,1780942851283
0x1d8b6ff4d50b136f288edbae03b5728e31443084c169fc7ad43dfa3c466e9690,,,0x9cb91a802eea406ec2bb4a2faaeec946fd50d1b694d099de18c54b5fba83e7fb,0,11312003,client_a_preview,0,processed,,1780942852399
0x364f71339be6b49b4badd888728503bc8c065e11872910cd25968a56de6290b3,,,0x3b63d376ac09cf2c194b3303d56eb3c911e0288e6fa981f3fcd6c54065738fc3,0,11312006,client_a_preview,0,processed,,1780942853597
0xad90a4826d58f3b8077335c464cb34c44cb86c67529c763d9c86a9b52cff475b,,,0x9c399550d41660747e65889ff4180b4b88483a6e6aa7ed9dcf5c6c851fe0a969,0,11312008,client_a_preview,0,processed,,1780942854252
0xc562db8d7401bd9c3fa0390b603b1db3b7dc0af74a0932f37cf4b5a5eaca88a7,,,0x951577ca8df8d0f50e95e77388345fe822f3f54efdcac8a33dade5b80bae5574,0,11312016,client_a_preview,0,processed,,1780942856901
0xdc60afb259ef0b35ac44eb79e373926318dd9dda572143a934de370a39a8732c,,,0xa9ce859738f3f1fe78cc5582b6529f1552757062e48c19a9b921c4605f96bde3,0,11312025,client_a_preview,0,processed,,1780942860498
0x9692553559b7a3f83875595dcde2d3cafb28d7c7c52323a2eaab06272f5b6ec2,,,0xc9eea892080f7bc7c883360945b1a378f8f970d9340f4b933d3f9b4c391aed3d,0,11312133,client_a_preview,0,processed,,1780942894305
0xb47c71829ebcd595b6e0c6474bda5ace48a378d14e0245c6d305a9c53d030b21,,,0xf3e6a4a2bf8848386c075ecf43b1eafff35d12bb7e837e0fbfaca95378bb4cb1,0,11312136,client_a_preview,0,processed,,1780942895833
0xe4b79eb1b2262d7629f885fb225d55a5e4ed68e6c28f7cda9b0a9b57f69604cf,,,0x7a74d00fced2e20b89f74963ef71dcec8aad7e26ee5fb190d0d7664174c05e79,0,11312139,client_a_preview,0,processed,,1780942897043
0x10c6bb4dd14e98a686db8a5a222eb3e2977b179c50001a84a69eb925eb68cc5d,,,0xcf48326a8f03a1b83279a952622b4e57b474ac210f1c32059b2c289e87c60b2f,0,11312144,client_a_preview,0,processed,,1780942898891
0x3008e7e95fb6e8e904e19b422e1e552c7c07b7e7abe3a7ba7c31266091d4a875,,,0xda0d2d74f64fc367e61f78b08b1cffc7a6bd8ae215cae99d48b46362c0d03964,0,11312151,client_a_preview,0,processed,,1780942900796
0xa72109bc53fdc7d0b4eee8176aa01214fbcc8a0621d6582b519b8060d8db05f4,,,0x5ecd8e5f00a3cda127abd25c9325b85e321d4047e06da1af0f74a7a9b3fc3783,0,11312157,client_a_preview,0,processed,,1780942902584
0x7be80338d8f58f1a252cae27deb2fa588f40dd481a12c47bf4be76a32d153015,,,0x10ebfe82a6b9ae4621b3ce2100cfaa20b6f7191d06600be4404b251a695302ee,0,11312221,client_a_preview,0,processed,,1780942924547
0x42ad99019bf095a99d7220d81d5abadcd6a0ef3628b3b844836fff2f19471281,,,0xee3c939f8ae0f2cc9b7535f1e146e9a6cbc9e8480df161bc342b12cbbe5c846b,0,11312265,client_a_preview,0,processed,,1780942938105
0x15a6d272856357c8fdbf0f6b5a5ce3bd1932daa517d0d7a3a85f4a0775b2f697,,,0xf947bfc35476faf9211505850ea3e7dda7f9b455de6b32dd723dfd0f350fe8e1,0,11312269,client_a_preview,0,processed,,1780942939271
0x38d23d21cb1045d31c970d7df461af6d6586ade23aabef00df6066e7d444ef38,,,0xce2db8740ce1ff343df321a01bf0c0da89e73d39f0a20340600ee338b49c6b52,0,11312272,client_a_preview,0,processed,,1780942940471
0x3155b549f457902efdeb3be9fe6333f2e01a5b428ce45f53edd58cd50069fb58,,,0x8e33e5c81e36261a68f2ddddff2838d5d91e0a3c726a3542851cad398a623888,0,11312277,client_a_preview,0,processed,,1780942942318
0x0bdba4cad0de450a0ce604132a1f18b165bb236ed3a9beaf13316051722540e4,,,0xc0b9742dbe292dbc6afe146660946370e6b59fde938f95da08407a30b891635c,0,11312284,client_a_preview,0,processed,,1780942945040
0xd64f6d632913db5d2db5b79ce92702cd107d52ea5bc6cc97b39590db7f01821f,,,0xc5b9d09b585fb29346b8f71c7b47a6702bdd4e7a5d10c0b044b2762b7783f8d5,0,11312289,client_a_preview,0,processed,,1780942946603
0xb5f5455158871279f5b6d2227b875375951e3a88209745e8702b79df93bc62c4,,,0x9e4262275db9de0edca3cb778997ba70855690db60bcb239252c50fbb91f2223,0,11312351,client_a_preview,0,processed,,1780942965720
0xcff0bb90f593661cd0aff0a343ecb46ce4e221a9011d4edaffb6e9308bc629b8,,,0xd4fad9a6a4fdab6d3373437b2e11ec76dde994f4895dec7a1c87bad39f109f53,0,11312404,client_a_preview,0,processed,,1780942984252
0xb65562fd6c2117208957b9089932966aa1279fd4c43952d80936561b44e47e25,,,0xa3da291d6eff9d14e79c0ff48465fbc2677046e3de7d16f10dbb5fd96a82ed40,0,11312409,client_a_preview,0,processed,,1780942986225
0x7bb58817f607708fe5a543d1607a43df5e24cf408d21d2ad19a756171e9714c6,,,0xd94166a915afe00a9fa1704f165c5295857fbd2ba702b7a51228f1bad9c112a4,0,11312418,client_a_preview,0,processed,,1780942988359
0xe7ab71212ea2dbcaa566b69bfcd2db9e002079e58cb0115ea4e1510ddfe968b3,,,0xedfb799a88923c237b67e826046cdff7329b52d2af3da38504a91168d1f7f957,0,11312423,client_a_preview,0,processed,,1780942989506
0x3c6ddce517d71d999a42fdec1584dbc63e956a031db99a04751874095f061a23,,,0x222752be43782f970a17a1636a91c15a95557ac5a3ea76cc973a6d3a323fb0d1,0,11312481,client_a_preview,0,processed,,1780943009984
0x213f0435a7e9417df04383c17bf903447a10e076b04ccd4726b77c324e940069,,,0xcddaa32145a6d28aea2939a8cd01b49c3cc005d53d3a15c9f358f13df5d6691f,0,11312530,client_a_preview,0,processed,,1780943025576
0x25c13d772c1f0e499d30278ac1711e023c8ab58652e1d2b2cffd15ed0884bace,,,0x5ce19d65f95ffcab47d419874e85fc8746824dfdccb5c1bad2029f01c9e025da,0,11312535,client_a_preview,0,processed,,1780943027510
0x8aa3e7a2a5348fa23690710dc0551c30e30bb5177aaa253112581009ff11a1ae,,,0x308c2814b78e7044945771d37901f6e5eb051bc8d5d608d2af180809f071076b,0,11312541,client_a_preview,0,processed,,1780943029915
0xe80cc0920e83ea7d1e439075f6b3650708900f9e0c395aaea5e392e58ec9fbbb,,,0x0465f5e7d12bc7fa5536ddfba55183bbb9e8ff3a35ff233b84b005e578711e40,0,11312547,client_a_preview,0,processed,,1780943031707
0x9a756debad080080465f6e1771af57e5d2b19f247e0ee252fd0e1b6f5e43ccf9,,,0xb67db6b3af9fc741b0fefa7ba33299fd97e5fdd3ab64e7577c8d20dc591296bd,0,11312611,client_a_preview,0,processed,,1780943051972
0x69133238a035958b2d4bed8e34b4186513f3a21e97074416d9e686701f8993d6,,,0x5eafff245f1706ea8afe2bafe968e0d619944784f28d7accd37ed65f8120dccf,0,11312642,client_a_preview,0,processed,,1780943061299
0xc4b0fc17a7ea8f896a3a684ce93b65bf197391777da4a6f31497ceb7c7b9f951,,,0x700783d5839a5f3869b750acbfa2bfb755670f29f798157cfe19fe6464bbd0fd,0,11312664,client_a_preview,0,processed,,1780943068380
0x0baddd819bffb86b7c2d3faf230c1174b7d4e0e7eb06245edcd2d36e41320d29,,,0x42444b185ba41160e8ce0697bed9857dabd5d52f5365a18fc089d83bf61c00ba,0,11312670,client_a_preview,0,processed,,1780943070596
0x249fe6e3c21e04017a0fe5109892181d015fcd46b64645c87b662dc0508012ed,,,0x457e923fdb6ec08b1e8431e4086bb4e00b20e18817c166f0f52bfb75ca482ed6,0,11312680,client_a_preview,0,processed,,1780943074166
0xc9093392d1b58564e485b2c65dc88a94916d25197983d13cf07b1068abc62f48,,,0x1ca20382b8fadb43ff3364b60e79e27c624e054ceba27d98e32b8c70eb0cae00,0,11312681,client_a_preview,0,processed,,1780943074366
0x7908be4b3fb2bcc914fab9b4c67faf61a8f2ffa7c346fc5da3b655e6ea3fb514,,,0x4cd891daad5c0884c76b4473a1e2fca73c4952a3aa8cd02615aed5a62baf0055,0,11312697,client_a_preview,0,processed,,1780943078962
0x9f35147170325bc7aa3ea18c16fbc2140e2375c7dfaa7e2d5322e44b66341535,,,0x7fb272665b88e64379564b2ccda3e23b6eaa1fe9a3682729ac60646f373ddb74,0,11312769,client_a_preview,0,processed,,1780943102351
0x1353f0e3cb06f8ddbfecfbe7091c09812a613f5d638d476d02981c990f0633c3,,,0xd11df8cf452c9b39794b30a5ba1668ec42fd689dcbabe9d69198944f8fdbcb58,0,11312794,client_a_preview,0,processed,,1780943110595
0xd06225fcde2b569d16305f9e23fc801a26672c41140cddaac6bc31af7fe1e9cc,,,0x83cc1bd3a00b28eeef31d7cc8243d781f75096ca144ea09a8e8921c7513435aa,0,11312795,client_a_preview,0,processed,,1780943111061
0xa636eca65cc7e2a782b3edbc05ac0030b02e5b7171d098cd8fa1cb6baeee9e15,,,0x671c5d47a7eec5e38aa77a07117ea9642a8126a818cef97e0567d131f73df23a,0,11312803,client_a_preview,0,processed,,1780943113702
0xf161bb97428d3a450b55803328d71d53db622b3fbad4162394f8f5d9f5389f5c,,,0x94f63aca67e845158dea5bbfe25a6b23e86f5c0406963845b6e11ef1c296e7c4,0,11312812,client_a_preview,0,processed,,1780943116852
0xf6a3788aafec5858ddf3538d2f95c4171d25add2823de434eaff8faf4da5b1d7,,,0xfeab9b2416da4fae00e4e7ff18a9ac5e86898713ceebf4e0a5f0af71afd9482a,0,11312826,client_a_preview,0,processed,,1780943121207
0x70cc2ea90abe7c20d04fa5f7b64ebe545e9400e8e01934f159d11d927b49025f,,,0x60611fafed39d37a7dd268417b16c09a00a01cacdd782d613b460674985a2d11,0,11312831,client_a_preview,0,processed,,1780943122507
0xa837997c5e1e92b7f871174e61c3f5c20b0e3a076eb4c3352f2c4631960eeefc,,,0x0a31779f1f095e970a1e3d265404935b9c7346d7be018eb943c46ed730107147,0,11312908,client_a_preview,0,processed,,1780943147101
0x86b3ce53de9a63db03869fc4f979ae689df25d286101f28909d57287184c8a09,,,0x5e4dfad6c437ae67073b788e1344762c07ad90f889ae69a06f8b8c2749b3b132,0,11312920,client_a_preview,0,processed,,1780943151902
0x0622eb838fb2ffd31a4088dbf5fb69b56b88d79ffbae5f6ad0ef9e9317a40107,,,0xe5bf384afeba2b1321f538247659aa0a09918a73eb6ab341530796f794a8ab64,0,11312927,client_a_preview,0,processed,,1780943154094
0x05ef1d89fe7bc6b3ca18637f7319b219ffdfd84068dd3a35e12ac3208321375a,,,0x6891ade748dbf49d607967c220300fffb49260083a47f31cb2c7410d48a6c0bd,0,11312936,client_a_preview,0,processed,,1780943157354
0x9f9ca0313a0acc530e60d0526776df1e4f0e3c8fdaf408dff484ed66197711a7,,,0xbb0faf0ea3f1d1b1a53e738242b8d9595cd615fdf2999af627e37a1cc965b2ff,0,11312944,client_a_preview,0,processed,,1780943160408
0xf12cb01f0c7148f499cf2000989553928b4a0072e3e61d06ac7d132c0c350e6d,,,0x8e27b44c1eb959a0e051e5cb5c0c219918e3335a32d0ed247654432e7a39bafa,0,11312948,client_a_preview,0,processed,,1780943160283
0xd962fa9e34bad77cc2a3908c22d984fce2063aaee5baa01a9daa7d6747e0be0e,,,0x5e485e2bb8a6866098e4d4c722095f6e8374f7e5ef03919f7f1ec3ad0811780a,0,11312961,client_a_preview,0,processed,,1780943164269
0x34709e0c2bb40d3e53cc749195289d911890e61740e5d1f41e7b2fb0097dae1f,,,0xd2254c94923091dd241888a3da86f90f763f9434c48ead05fac7ca14dc10114d,0,11312964,client_a_preview,0,processed,,1780943165449
0xe813b36c60301dd611a569774bcb873cddd7b906cde7d1a66bcaa74b5413d26d,,,0xdb0136886bc3bdaf25949c326f1c01fa1f538fca0718462dfffd219ca2e01e97,0,11313036,client_a_preview,0,processed,,1780943189317
0x75ac2f934c76ed834cd45205e4d89e450b994870c2a767b519225694c481b8a9,,,0x39ca280886cd001c2612da55b6b94912d2b5799f9b712f5305d7a4bf41a4bb27,0,11313056,client_a_preview,0,processed,,1780943196107
0xd1c0ba72906aca097fc842f434f9fad4287fc753fbcb479cf2e504a3bd542d50,,,0x0711739a62bec170af7ae7d3362b12c8039a68ada747fcaa2f1fd8681b537582,0,11313063,client_a_preview,0,processed,,1780943198702
0x80bb2401bdbac6e06e7b76e88227af0c49c5b67a0e010a3123c17e755f76f85d,,,0x1edc83f8441ab661bf076cb768dbcedfcf127b1b38222a8ced4ddd1241769a6b,0,11313064,client_a_preview,0,processed,,1780943199090
0x31ba277bb1fedf4c095fa8be5400e192c900ce95fe0716bf66871ff01e068820,,,0xc6a73611633062d3e1719cb57378156658568862be2736ab19556a14f6a4c042,0,11313072,client_a_preview,0,processed,,1780943202003
0x4612c6afd166161dbc464f7b566c3b34f9daa41cb66b52efea648d45e17a834f,,,0x7e1fe5a1a46e46a91b95d691ab16d4963c4a80366634280520254b8398ecd6ff,0,11313081,client_a_preview,0,processed,,1780943204749
0xe941c7438f9d133b9bed76e1c80ee3f8d8f8664797f802a95115c082a989296a,,,0x1f04dc7984ab5f9728ffc79a3a61536b0ba7fedb1dbceefa2cf7db9241ed67e2,0,11313174,client_a_preview,0,processed,,1780943236897
0xa5069a4cc2326b565bccf0d0e82c1f67c18988b69b6de4df50d408168adb27ce,,,0x5985ec9f6edc7a2de78575c56a4112550f0df53c3b849a88b7951c308837b688,0,11313189,client_a_preview,0,processed,,1780943241969
0x88212d4a983086e797614a640328a0205107cbe8bd29eb3bb584f9d2e8a3ba40,,,0x845bce48f61988f6561e747a585ce7b8d4a1dc2fef7694aca61acc9fff8e1143,0,11313195,client_a_preview,0,processed,,1780943244451
0xeb5b70b431240941d5bea5f85f98b50e44c4dfc91b89cefb081b2ab48cd27310,,,0xa41e4c45fccb1dbcf3cec79a5765be10da9978392a2dbb2e97ce372683e07eb4,0,11313201,client_a_preview,0,processed,,1780943246392
0xaaf53e7bbb888105b8c7738485c7a8d4beac6535a20ef04aad1f863922af4c58,,,0xe34a30f0807bfdfe69d527de30c427656da05c75124e287371e16e30fe856c74,0,11313208,client_a_preview,0,processed,,1780943247636
0x033815eed6ae8ca2a16aa64cce9ceba355beb007f4a338c5f83df60ba2921a1f,,,0x077bf618b40535890536a4ccbb71e07cdb645f4107255b26fbd49d436fef8915,0,11313214,client_a_preview,0,processed,,1780943249570
0xe21236c54f4aec04c8ef0299df5fa4f78743c14f49e1ebb7da073c4293575bf7,,,0xda39eda520067051cf157c6ddc383313e4fc4ac9f2c23dfc271f8fe322ad7307,0,11313301,client_a_preview,0,processed,,1780943278257
0xacc2b185a46c9caae2ab778c20fa24485314a8ae8b4a278aea81434907157c99,,,0x9b3accab5873b7792d877fb675e2a2d484706c3881ab66bc0d54d2be96bce6fe,0,11313327,client_a_preview,0,processed,,1780943287293
0x5a22f9ff6839f89a677d3e821364a3cfbf3e139b66c259cde0db9c953db5a9d9,,,0xfa584a5faf5c3e2afdd9bd08a0a293ea79cb469e54a9fc89a5855cc2707f76f0,0,11313333,client_a_preview,0,processed,,1780943289655
0xd90d55a696f18fcae3cbf73543e5d6a7e7a62352befa4578ca4a04c393fb0219,,,0xaa86b923fdb6006c60339311fc400bc0d7d09e744ee441c74fcb665532a72314,0,11313340,client_a_preview,0,processed,,1780943292312
0xdbc590ddcfd8d9529ef2c60528eb08ca5bc258e663f864f7fff1b4c4286ade7c,,,0x114fa2ffefd774f4af0a255eaaa47ca35858494108e445083be19b15432c5652,0,11313345,client_a_preview,0,processed,,1780943293734
0xe321b1ac9100d9a068037aaed6e5cea5c66c90916b97e4e4f3fc44b9d9e0a1b9,,,0x8b94d65fac2fe6df2347ad6a193e468821a482e341fde2fdb3e3bce7f58b71d9,0,11313361,client_a_preview,0,processed,,1780943299356
0xa2fe0cf73ab30d23afb91372e7af404c438ec1f4cc44b306c051fb08a1739597,,,0x4295a85146e4364d6305404752dfab6daf669991e7ddef1c4a55ba394dfeaeca,0,11313434,client_a_preview,0,processed,,1780943322166
0x6c4a3dfcc666ffb2b551370c649d9a62409c1cb58ecfc707ca5bdf63947f8cae,,,0xb45ecb9cedb123d15fbee2acdd3fdac8e6a334584aa384b63c0c6cd17c6fd277,0,11313456,client_a_preview,0,processed,,1780943329850
0x20ccc088ecb2fa2c7f2c3342587daad512aa482dd71feb70bb9c338ba9bb8e75,,,0x08670805f83dc7aff482d495a95bcf8c74b4e22597c2564cf35c4afea382db0a,0,11313461,client_a_preview,0,processed,,1780943331444
0x189bb1e0d2338c7080cf03b8333a98947bce48ceccc9b28567699d8770952fd7,,,0x79b3ce3d14d372d45d79bc89f445f6402ab043bee68f675c9328c2b174094476,0,11313468,client_a_preview,0,processed,,1780943333903
0x727a07633c247f653681a73f5c4a182190a65ea8f8ffe3c2716cd41dcc3ec072,,,0xe8d28ab6203ac127e10a23e35e3ddf86878b3f967647bf7be3ed6254317cdea4,0,11313472,client_a_preview,0,processed,,1780943334397
0x72d523653de31c7bed65017f57689367574cc2c0559771a07b2a0aab8736d7be,,,0xc82159fa19dea5ba7544ed38015f3e5b1865b554e8b8e727ab1fcdee438181ec,0,11313491,client_a_preview,0,processed,,1780943340258
0x313c81b7eb586573456f45239e63b712b492d27e92b2a94a7780327c0de37276,,,0x61020cf04efa6c6198a83be265f8f7b1b5276feedd8cdbae7a19dc63de652d80,0,11313564,client_a_preview,0,processed,,1780943362779
0x758801ca6c54a8dc96e3e3f0195cf12d8fe664d7e175abdf92d89343d9e37ef8,,,0xddb5a9a8ec4ba3cd203300933e58883796cf00475d3f31efe8c441400dc4fe73,0,11313595,client_a_preview,0,processed,,1780943372338
0x3f8494780c06b2b9f4c2e97ed7c56716e5a9c97fca2457700f820ac8cefeac29,,,0xca5099bcc5014e27e435ecafe5577dba390a83b5366cdca54a014cc48ddf6dcb,0,11313602,client_a_preview,0,processed,,1780943374808
0xc7a1ba76c6d359640ff5fe47644ced7e246fa350b87ce13dda1783a41eb1d8d6,,,0xa345138e3c37e0d147fd487193f14cedeb3d60cca7f5e761c223b5680f73cd49,0,11313607,client_a_preview,0,processed,,1780943376184
0x2ae3af0700b486390bffd0fa2022eb844e3265157f846fd08884fd16a095fab7,,,0x5fd277b9ab5732b4a97e7d91a4505f2c9cc95c0c45f31bb67f6466d079fc4c3c,0,11313619,client_a_preview,0,processed,,1780943380683
0x4dbb2b6277bfce0ea80ff44acc3de56b97efb857c423140de0131b371cdeace5,,,0x14878f2fe0f1d00219b89b66bbe30900f93dd635d4079249ebc17e9bf3b9c899,0,11313622,client_a_preview,0,processed,,1780943381801
0x53f0b2842e1c61af625337ef4fa24657f4efb1338206217d1e310f6058612e62,,,0x80a2bfed9bd92dc73daaded470d73697b8d5bc1d813cf4ab2b703519041f944a,0,11313667,client_a_preview,0,processed,,1780943395908
0xa5feeef86ed4f7a1988dc2e30bc6ca2bbdff32b4aa739ef3b8130c99841b79e4,,,0x858ebb7e49dfc2bf5431aae00e149f9dab4ef341657bea8c67616fa61575e0c1,0,11313700,client_a_preview,0,processed,,1780943406964
0x4b03f50088cb8c82e7bd5709b5a59dfb3863a07af0fae68597aa5d894770f850,,,0xd61dea06061c64e56e54ac58ff6da7d8f029763045df1af32ca77688e3e26acd,0,11313729,client_a_preview,0,processed,,1780943417283
0x66cd6f4e1b45ef3ad52c11b17da5970cd2482859d3d8fc39a902517f7030328c,,,0x9a88cfb31251ae1c6ca7bb7345c845fda36de85492ff98ef764c600d81e69ef0,0,11313737,client_a_preview,0,processed,,1780943419903
0x17e068bd6f706ff35aeaf136ee625195462541cc1ef94ad4cccd1e4edf5390d8,,,0xe2bdf3420128769b1b1c9d855f1c6fae4294e4146e01e45d258397993b7c64f9,0,11313739,client_a_preview,0,processed,,1780943419927
0x7bffc6535e6075fdab4d3c6195ba14e749671ba04fa792f282fc1b013fc52f05,,,0xe389128a13c21fb80b81b2eed37ff22815b98f50a3ecf8ed880f9db3676a795d,0,11313751,client_a_preview,0,processed,,1780943424427
0xcd31a94045669afc8be347393d38a32c35d6f63c9de16f14901ce32a8ee46b27,,,0xdc52ac3f6be041d6474267f060d90ffabd9073a0226fbd114c2c1160dbb87655,0,11313755,client_a_preview,0,processed,,1780943425498
0x4b6440236bb6b1fb69b210af775dde3272e07f2ac565240b4df60176dcf66db6,,,0x936216b2ede37ae270dc1d1ca9e4b683dd4a7f2e461cfc06a61fd266fd7621f2,0,11313803,client_a_preview,0,processed,,1780943440891
0xcf4e257d9aaaa60641904e2cff0a402c66f99211e74b41f3c1d4db11f8016e9c,,,0x57ad3e386c20f06a53eb4c321eaf830adc942e17c8879c2966f563d5259751e3,0,11313828,client_a_preview,0,processed,,1780943449190
0x30beba3259b0df36af9f8acd2830079d6eecfbb7a8bacbdc4830a05daf429b7e,,,0x192f65c45cdc11274b84721a0493803f0213080eb53314b3b1d486ec4fdbc4fa,0,11313856,client_a_preview,0,processed,,1780943457335
0x1f32584f03501f97599af54b7eb8fb50f7afc434636e121f7c72be9146c2013d,,,0xe450e737301e9a4d32951ded80c3550a06bbf816457915159b250c3bf0ce22ae,0,11313864,client_a_preview,0,processed,,1780943460073
0x0d71c44a6840242faf79640a861b46b9dabc7202ae35ff6b5e0c01a3ef05fb2a,,,0x7268c3ed24eee39e29dc37012ea8af993c3f5879217b2abfe5bd0aec06e7159a,0,11313873,client_a_preview,0,processed,,1780943462762
0x6964adedf519e640134bca59b5c789ca66a85e2e4b2d0b45917e6cb5f0659042,,,0x839fb85ff9f14dca1e74afe32f8b3c843fd423e819cc48792ec0665c0c4bad14,0,11313930,client_a_preview,0,processed,,1780943480790
0x083ae842afbc8d53559ca1d47b7634d507ad033b9de66da0e7fc38ea47058f72,,,0x6fda44f01754e3ae113501ed2f8d3f8fe73e378d5e5c387107498820e0f8eadd,0,11313963,client_a_preview,0,processed,,1780943492444
0xad58d28b1b5ce436683d9d2fef9eb96c728b0a1d73e51667c6104c6d8f0021b2,,,0x7676e8bce64d11c12a23523c8cb4ae3b9b89b01df5ff77685b04d5ffff994e43,0,11313987,client_a_preview,0,processed,,1780943501772
0xe213668dbb2552e4e190296b3c2ece41a7ba4bebcba7f7309fb499be132dda4c,,,0x96545010a40357305e3020ea7fe0bff85cea0efbb20f699746e23db582207081,0,11313994,client_a_preview,0,processed,,1780943504463
0x985bfc1075df2f304603041f1cfaf6c050a9b7fe67024991cb17be63f13e421e,,,0x5ca3595a0b82b0f9d13201ddc0562c0afb20cf23e4bb4fa1274a2e8d22ebbe14,0,11313999,client_a_preview,0,processed,,1780943506474
0xed372cb17b720ec579bec52399028b7a1c05248ea6cc79931266794abdf6aae2,,,0x9472fb05d12fc6ddad906ac0518c719e0a8c6b7ce3c5a0edc07490f14cd17f4e,0,11314064,client_a_preview,0,processed,,1780943527491
0x94685323dcb3d22a93e32a501b133b94c6b3f1175c7b59ba63a2f0fe1bf4ac54,,,0x58039fb3138125d13f9fe7221ab0fa0c2cb1c910068eaab4bd4f7898794b93ad,0,11314094,client_a_preview,0,processed,,1780943536058
0x6e009f0100aee5ecd44b4df4ecc2b4f2700c55c95702baa3820cdc123619eb3c,,,0xdb8c9faf9c2ebb72af5f8e8f9b7104d410bac208d5f48ebaa41386249e5d6320,0,11314123,client_a_preview,0,processed,,1780943545591
0x82e255c3d4cebe04eca89113d6f5ddb3bfcc22dcacf23bcd44f6c32f2eb8fee2,,,0x51645bd1f05798b85304944adc363ea737a35fe5169456fe2f0cbcb159736302,0,11314130,client_a_preview,0,processed,,1780943548390
0x17f3385ba2dbe33a237656821e7f3f958c9e3498a57616cb93f8b91cc3a55e39,,,0x1354c98de4955f0b8a8a5ce4e757793e78d7b3281da29917d07a493f5f53cd8c,0,11314136,client_a_preview,0,processed,,1780943550095
0xc2a1aa8c72a8d2dd6d717ef415c7c28e037f1be34e3df3c888fb0f2d75c2f49a,,,0x46a502008822baba45ba8e215d1b8baa4437298455ebd2c0cdd2929e96497e72,0,11314194,client_a_preview,0,processed,,1780943569911
0x6248fea28a8e5d3db2e42b3cf2719a1fd457992a75db8397e81133f68004779e,,,0x022fa93213a48cdd883e35ae9dc0d069cc022325e19a057bd391aa2d76d2a3b3,0,11314227,client_a_preview,0,processed,,1780943581020
0x9d4f663b50e6f263ec24c5d826c5697e0d8a29127d0ebf1ee81a1878c5cd3423,,,0xacbfc1a394bdd931eb4e62f9eee6acda1ba53788e4f71219b3923ae24f16353c,0,11314247,client_a_preview,0,processed,,1780943589588
0x7c58be9fb5100ddcabfa187d0ea4365ab0d96bd1d30fb4f1229b62a81b7e5788,,,0xfa32d0246af01a57424b2a50d34ca7783a8ce8807380b36596455ae604ad0fa5,0,11314263,client_a_preview,0,processed,,1780943593418
0xd1a235a0fc69850eda4402a9839cddc0086868793de0eebef0805503c669c52b,,,0xf6bf74a3d0d6b16364930b145a27d9808bc0299f1e34018990e46f056146ad79,0,11314268,client_a_preview,0,processed,,1780943594757
0xe9f14f17df4ab86eafd5fab916861ee7e8f084d23db0cf027c4db4a38d49463a,,,0x9cd1d376dd0e584fa3786dc25627bc257b78702b27251985e58f9febb5940c0d,0,11314332,client_a_preview,0,processed,,1780943615051
0xe5c81dc2185b275c9644628059f23cd8b2ecf9bd95ea1ca2f33de688609f06ed,,,0x263f28a0cf0219c66536be79abb9957abc3decd33362d7dfdec0775d155298f9,0,11314360,client_a_preview,0,processed,,1780943623513
0xf99d303963c9ecf1499a9122cef837ee65b7e2fb7fa42f265ccbbff4c5d0db0f,,,0xba585826b544c55ea9c328e411216589f5d60d11892e2b1711b169928944510f,0,11314380,client_a_preview,0,processed,,1780943629919
0xa48a00e5465364f0ba30555c3de45f596893b7fe418451b10d9e3ca1ebb36c4a,,,0x19710f483cdd84f739e836541a067c71f091c839abe24d8d1d86ad68ff4c828f,0,11314396,client_a_preview,0,processed,,1780943635820
0x11fe652f7b0176f6de3b557dacafc226f48f090ba0e30691c4bf3677bcb925ea,,,0xcfcb11f213df2449d15c79b580c7ed152731de14991452b79572b09d94c64f62,0,11314400,client_a_preview,0,processed,,1780943637598
0xeec7314c1ca219bafb64c23381ef52e36fa954689b9959216982c90f2d757876,,,0xfb05329a95903b6bf7f14237b34a99094561be3a92a25c4cdde316665b1b1e33,0,11314462,client_a_preview,0,processed,,1780943657035
0x654065c623ed37dae26969c0bb2425b6a031d0befce6b1833754c64bc8a9446c,,,0x960d2772ef2645d9197c9792a5f6f13d810fcc7d5eb57916c29e99cf7c2f7be1,0,11314490,client_a_preview,0,processed,,1780943666347
0x91e7f3e9a17bc957a8a9138bbac1e4d5171f3cca33952c608622a4dc90ddd6cc,,,0xccb9fa959f7b46eacd6cd4c36e8fffe9651651b47c25e9d7ce77bed275a65717,0,11314509,client_a_preview,0,processed,,1780943673150
0x2f540ce66b72493694c7dcdb23c3826fa43f745d46d9a3842e2d892469234585,,,0x1e5068bcec8ff50eda70c2fdd3255f152e8795a5be586b819cea1b1a5f145901,0,11314525,client_a_preview,0,processed,,1780943678554
0x46272e2d53434eea5de31891d0343ca4426f624bd69979e55ab5f79e496b50fc,,,0xb4b6500fbf50f3128cefba9867ded21a3cbe1a7628085ea85a9ee88a8d56afb8,0,11314529,client_a_preview,0,processed,,1780943679030
0x74493f309e83c726b5b2133298bffec850ba1f54347dc47257e681fd67f22a58,,,0x60e20dddc14af9902fd83c8e81c0b096d4a1644b377e0ed9d2c2dcc88d671ee2,0,11314626,client_a_preview,0,processed,,1780943709804
0x721cb5ef3301d39c41d0a6399e3920c1e2f6b1ee2504de787ad9113bae974268,,,0x0df28358f80349d6466a7875f10668fabf7803788753671a99d9b43f5b70b7b1,0,11314641,client_a_preview,0,processed,,1780943715053
0x57a741e778c93211b6537162fc6daf2aa7885943cece184a99d42881189f5959,,,0x2ff1a10437f253c3511f94abf3f0218ee69a2e5df8e2d4e7b0df83c791407619,0,11314659,client_a_preview,0,processed,,1780943722190
0x3b46102be4ddb7457135eae21a052d3e03f559bca20d523bca4a73ef0dc698eb,,,0xf93497b3c26c97273f1d2e1628f54bc579a07e768e2a57a86bdceb7f789f5322,0,11314661,client_a_preview,0,processed,,1780943722794
0xee6e18b8de75f1cd57e0503ca7555d1e84b4a27e5e72ad5e7bdb0f4d0201c8da,,,0x4beb4d6d3689f34d6dd536a86fe1caa916e136cde8b38c9535fc6f660fdec5aa,0,11314749,client_a_preview,0,processed,,1780943750774
0x201fa1397d2b14f91dcda8e23eb7e395cefb8794362428fb20e07c919d19ece5,,,0x7271bc5b2024523efd7a7e9f05ed1ea7379cca02bb3e450be34781b067fd62da,0,11314777,client_a_preview,0,processed,,1780943760877
0x57b0e0c8b47a9ea08c003dd703f7011c36b28f4878363984ace8ac8486982be7,,,0xa42ab9c35e766262861d2056cd40ec48669911ff74cb69ef6f221fd7dd6e5b77,0,11314788,client_a_preview,0,processed,,1780943763809
0xbb3d39176fda6598cad818d99ca09898476706c1f01c0aaed822e9cb0b23f8b4,,,0xe457cbe4b10000c0136f9ec2b5cf581ee11f064a21e66d0a5b843d18d3333cbc,0,11314799,client_a_preview,0,processed,,1780943766545
0xbd4049465e9249457b3e561e535a3ed6bfe12f2d9be9c4c1775610de86a6d5a8,,,0x09e6090aa8bd881dda5c26b48ab3bc33146e5edc7c1869ea3d3430c8591ee4b6,0,11314892,client_a_preview,0,processed,,1780943796927
0xd06207d731016c56c317e96c941185c82d27e7154e3f5070cf72d9c0d0175695,,,0x059f9e9d7db2a43a1137be0298f3c52c22dc51ba0c16f50adbc599d2c61a30ae,0,11314924,client_a_preview,0,processed,,1780943808629
0xed525caf71af5bca4220eadc86c18622253cc55795e96d35bf0fcbf26c46e8b3,,,0x223fa63c581f3d55de6315c4a24f2206b9390762b93c15a9448e7ea72f521ccc,0,11314926,client_a_preview,0,processed,,1780943809518
0x6405fb72e0cff5d825a5c818c34384015d80108bcbad2dfa72ccd8cc45749d22,,,0xb576620212f8181142a481d6778a1aec9be069ef87d8e2a48d80ca1a02010cc2,0,11315015,client_a_preview,0,processed,,1780943837842
0x96f46a7d9479b1621ac16b96024d5aaee62a0dc4c2d98800ca8d1170279bf2c8,,,0xf2bd76149ca17ed34177529508e5dffc838f69d318e99191393214126546bdbc,0,11315050,client_a_preview,0,processed,,1780943849700
0x7f9dcdb82025212584f0d6fe353962113e1def4005db58b6e2d5aa3904843e64,,,0x132c10cd7b65f46cc3a4727f1d63a909ff2e538b258f55b953d89bc4197ace95,0,11315063,client_a_preview,0,processed,,1780943852286
0x087c43996ca69d494afd7b0460d88bb4dd056ced6c8a848bf3e8eb9b92baff15,,,0x5b86a4e657911af5249a5178de4785e7ca171032af99001706acd42b2f426ce3,0,11315151,client_a_preview,0,processed,,1780943880919
0x98c294b23671b8a2b094af9a994c8ea31642c586defcfe80a1428210c2e7c34f,,,0xe36363462d364ad40d1a07d4d6bfc88d1c825e8a4ab1114c1959b3df6f6adb4a,0,11315160,client_a_preview,0,processed,,1780943883858
0xef16f723c618e7ad5d021991bf99a3962bd3f021746fe511e5e4ae9bfc269a23,,,0x69989b833c1c576ef337dd789e0e16e79c034acb669d96eb1a392502b975a719,0,11315184,client_a_preview,0,processed,,1780943892204
0x0358106befc239408d1c08e9e9cfb42d5f26b58caa36ae33490d97309c6d2f4a,,,0xc34f1b93499c5338e83f6fd3117bc2be2b9aac1aeaef44576dfa966eaf4da593,0,11315186,client_a_preview,0,processed,,1780943893244
0x25d8e6f31f28d5b176f6b726e2de5f0a51aebf3178289f3eec3ee60a82093be1,,,0x4bfcc3edb057395dbbccdc61aa9306fcc237b485dbbc1d066fb76e35a9f5c6d0,0,11315275,client_a_preview,0,processed,,1780943921730
0x8976a1dfd5196821fde5def7953d619137ea246f217f3df7fbe43aa7ef548c13,,,0xe8b2332199b67350e33f1c7a509107ac6487f792ea96492a06c1bc62d8c41767,0,11315297,client_a_preview,0,processed,,1780943929058
0x24b66f44e944e3e7e208746d9715049d40393303772f2a61cff5aa973a4e984a,,,0x0dc048cbffa0e9913e4a253b632244a7504d5ff6f71dd8ec5593805f06b310ad,0,11315323,client_a_preview,0,processed,,1780943937929
0xa346254e3c5b5776110b93c1e1c11ef34bd77a0e652ac7fbb75dbdd90e415d80,,,0xf7ef0e0def7001b8a97999f4a763b9cdfda1cd93d5ef0f3048fb34759aed96cf,0,11315412,client_a_preview,0,processed,,1780943967456
0x45c277858ad3a2903136b5eebcc4b5c58ab6cc694b4814fed0f9913d1823288c,,,0xc96b8ccc3d790a7fba975ff808723a6e9f066a305b92a263e0b2cf6e4b9a3326,0,11315421,client_a_preview,0,processed,,1780943969750
0x7721cb5cb5e878ec0439b08278c3c272fcd9cc969af2cfbdcb1b105220d3b27a,,,0xd8fef9630b472575042a4ecceaeebfc8583660b2af9940bbc9a3f898352049e5,0,11315429,client_a_preview,0,processed,,1780943972222
0xa55c4e3af7b757b7237ed444d636031f346f7adac147481497564d5e0dce49c7,,,0x25e616a92c16fc45bdb9b1be3ada9fac624d319ecd25cd072ccdef88334ac99c,0,11315446,client_a_preview,0,processed,,1780943978432
0xd0a3464be7f959f70b683d303fb2c96706b7056b2c4c644d43610d4663a24ec6,,,0x1a76bbe7ae23612ea92911ec8f605b21d3810724f776d51d1a87b038a8c83c67,0,11315559,client_a_preview,0,processed,,1780944017163
0x526e85b2e9ccf456c658c04b5fd233438d5083ff154ff09fff655223f85ce7f0,,,0x1655eda5cf5bd476ff0d1380946219e9efeb7c7757cd3f6369e1ec018cd75e5e,0,11315565,client_a_preview,0,processed,,1780944019358
0x0c19abc1d217c6212b952f344db7842112bc24434c6d34ddebe132e1e5166510,,,0xc61d2ede204a7350a5c8aa2877ce7b4b245d1d3c75458d3c6c8eefc636f75f15,0,11315584,client_a_preview,0,processed,,1780944024704
0x1bbdcc5afc6b386e7957512cb715033f2237e3245b5caefa28534672b4fbacbf,,,0x7a52579b65cd5dc45b34fb19cb752313f9531931873c90439d556705849a059a,0,11315687,client_a_preview,0,processed,,1780944058096
0xfb42b5bc032a53970687e514b74e819fc8d96bb55546e4b46a50eadb01ce0502,,,0xcabe222f270e7ddd4d37c13d17afcfa4f435c7b99f0283f5fe0874e0b1ab9dec,0,11315695,client_a_preview,0,processed,,1780944060796
0x9480dc17b5172d279a96b38b02d4442c605a36ce5dffc217d37589516aca1d13,,,0x563a29339bd6fe8f6f60aa28c4c0019784e5039d1c2bf68f095d0fe1e09dd884,0,11315704,client_a_preview,0,processed,,1780944063423
0x3b4f0d186feb24e570f80ad3fc9491bbf47713981e72de3ba9b0fc8ccd37192d,,,0x5fe782227ac2328e2186c0656c33a6cd0d40ab7b6fb0422332ab307dd532d1a5,0,11315712,client_a_preview,0,processed,,1780944066750
0x96a292bbab2a5aacab5373eb9b3f7ad2569b4a981bf925d9c1d4a85e77c1318b,,,0x6ad40952f1d003926a70a764430ad9b98737757f5f6dfdcdfe76d8dbe69e6fac,0,11315726,client_a_preview,0,processed,,1780944071786
0xc9556a0680e40450b599dbd9684919ca786c04ee9d3cd050355e24ca1ffd8fba,,,0x07872245478534a715378672df1ad8775b22869dc46878fae05a48b28c1ac7f9,0,11315729,client_a_preview,0,processed,,1780944072875
0x2093df07eddaede0758730e3d221df0c41e7b4d52f0a00b49af746f8ca102337,,,0xc39101d685b3aa56b2254f4364e6e4beb29782bca0b957a2d270a17cc0dd1ad1,0,11315822,client_a_preview,0,processed,,1780944102532
0x5e18ebc4fc250edb395da3eac5b599849a344c475ac23625b89ba3c5ba8b72b6,,,0xfd0338a6de6905b6ebaecf1d010a72602546669140c4aaf19e4057048f64fc3b,0,11315828,client_a_preview,0,processed,,1780944105000
0x98c2c42b3cfc3fce65745f9f9836181adc847270720fda7410fd53bb158d153d,,,0x15e92763335751cd2599d44a13f68e5615adf9f5ddd28a2614dc404c63d16f68,0,11315830,client_a_preview,0,processed,,1780944105815
0xb33ecc99d50bba4bacc3c0cf545b94532d284b0d07844abd6a5373ed5cccd09a,,,0xe3f5bc1a48f7d275443c4e0e3adf4f8ea5156837cec8a7e4512cf1291d84772c,0,11315846,client_a_preview,0,processed,,1780944111087
0x5e884d93bd57f62c04f796d56a3560d1eed34338466a8054baa018de0d5ac567,,,0x22637547fd906e59de1411839abd18cf6d6c076e1e24f9f5d70a91cc59f7aae1,0,11315859,client_a_preview,0,processed,,1780944114304
0x5becabef89664070c6c708732c867fa38bae06200c421e5a2a653dc895372345,,,0xcef9caaa9d3a4675cf23018b10912f2e09f87fc1dbd495275d5f942e543bed77,0,11315863,client_a_preview,0,processed,,1780944115508
0x6eb13aaf6328a947db606f74540bc04f18316f1f6101022bdcaccb1a0502ef86,,,0x10976d0c85f19f07b48ccbe0352cbb418fb63381b8f12c542f24c9737d2d4154,0,11315951,client_a_preview,0,processed,,1780944143664
0x78cd5ac674c18525b7538bb31c4c8e5d36241555720504e4281c58df33b81040,,,0xf3941f06cc3976d7a7f9bf30951e5e9b1d40d909cff8071268f6bc22edb54fd4,0,11315958,client_a_preview,0,processed,,1780944145744
0x88a887b40d5aae17a1cfefd6df50d753077d59ebda85fa3d86bf42031e76595e,,,0x91968445808035a5c89cc2fd4015775e24a5b116f6f15f06768f867251a7484a,0,11315963,client_a_preview,0,processed,,1780944147477
0xf7f1295934b3d1aed3dfb546542c26e606b63b367364dcfcafb612dc3510e3c1,,,0x3532e6d0c7a46784af0ef90c6faacada369d44163d8a4fc0af38c3f313fa5144,0,11315977,client_a_preview,0,processed,,1780944152008
0x9be53910c28c6c4e0d4439d3447c55bdfa79b3e451325298299897082ab82242,,,0x2edafed07170c00b2a9017e4aedb788486d6f6e101d9f27954fbdaa25b62a1d7,0,11315990,client_a_preview,0,processed,,1780944156570
0xf7d067f8470b820b04807b83c9dfae67e88f99c1744530a23a65af9cca480c43,,,0xfa89aaacb42936596d42b3913a8ead1c8f6a264291e22ddd707ecdf01cfa090b,0,11315993,client_a_preview,0,processed,,1780944157785
0x078268405ffe1f3828ea768e12cfceb113197f7f8552c1d57067af93f3387933,,,0xc4cce8d6b354f1416b216fd80644f28b22a756f20de5061cf1e4b3bd6e3ec3ac,0,11316097,client_a_preview,0,processed,,1780944190846
0x287c246cdccd464d79e9fe366eb9f92df7df2b242b58a5aa62dcb4a359fc77ee,,,0xc5e6098cd9143c31c965dfa7685c6618807cc1c111a323348936399945a7279a,0,11316122,client_a_preview,0,processed,,1780944198064
0x3e0b469c7dc1e4377d8087619de8f04972eb1c3a2b13c1adb45be668399018a3,,,0xd88f89de0e5913451d0627f3c93b6930cc3c98ee9f76ab6181dbb85e4bf0ab7b,0,11316125,client_a_preview,0,processed,,1780944198960
0xd04e05a5eba69f59923775def2b5a46fc8d104297e1855451a881245f2493b35,,,0x44dd13e5bb4dcf629666af9d82d253e7adc7102c63674377cc470d9e60c69e5b,0,11316226,client_a_preview,0,processed,,1780944233598
0x0444198bd905e3a580d10cc80b80d7d167179057d2f9cba92354798d3e0cadd7,,,0x0f96e265b2e348d32ae8c7354a0887d1625fbc0f6a886151154b9987035ca8fe,0,11316258,client_a_preview,0,processed,,1780944245272
0x966cfca7f823375645af24f0ac3f2254107c67f72f7e7168596801ce7ea3aea8,,,0x69ddf28beb751b2dea554105e31858e06ccc42c0cdf1097437b50fc9d6a5a47a,0,11316261,client_a_preview,0,processed,,1780944246464
0x8063f51c73e22680193b48066b63df745e4fd767ca64c06a26da4014f883ead8,,,0x9a2634c7a50b3532f03978ac68c8715c273ea53ba63a32637aafe119d0c616d0,0,11316393,client_a_preview,0,processed,,1780944292405
0xce907ec8f233bba640992dbe210e1dd06fe900cdade55618852167ad8cb1e19d,,,0xd1ad58a1981ca2ba61f6fabf70ce1c1848af7412da412d4ad0ed1eb2b3d98673,0,11316397,client_a_preview,0,processed,,1780944293638
0x9db5b2664390aad1d513394583b2f19b1f8c7d79aa222ea577d9e79a1b2ddf70,,,0x001e43a1dbe0988b9dfd095711dc4db5b8662450b4d632610eeea3b42dcbc5e2,0,11316447,client_a_preview,0,processed,,1780944310452
0x78e5b33a81aa15f3663f13839464d5b109600434de48fbe40b5df27f36068d12,,,0x0ba46b171b8952fb2ac97c95115392599a8e51a2e3482d64541bd83383c758ea,0,11316538,client_a_preview,0,processed,,1780944339948
0x533c121db734617e7a68a5d7ca00982a0c7227ff3fd35bea9a14b6a07f869b66,,,0x17e2d39c163dc7f120a65d036e03b49c712bd1f1f65fa07b0b54052f9890e3d5,0,11316541,client_a_preview,0,processed,,1780944341121
0x91a86cb630f5b498ec7f7fc3f86e697d8464e58ec947642df6e752fc0463fdf1,,,0xd7a2a81114bcf2201c1fc7484b14b047a8548d2066397d777424700b7e8dba40,0,11316584,client_a_preview,0,processed,,1780944356689
0x7e3a5c2563f4784178e01c58c1584df2614caefe93e8a1d73780cfc6057e0e8a,,,0x134851623418977896025779ed76fe436665376f7469f3ad43c91055bc5026c7,0,11316640,client_a_preview,0,processed,,1780944375844
0xf8b40816c1e52cef3779b2a4933cfaaf3ed7bcb7b15623d433c2519a35f28391,,,0xf7be5269595abe7787b9bd2990be03f4055d62b2e301c253748094cfc5ed5fb8,0,11316675,client_a_preview,0,processed,,1780944388809
0xb945080aaac87b9dadc5319db131e40ef355ed91815689102e7af0b037a0a863,,,0xc35ed3946ebb88a9bb52ea5ba19e034455f0a37573e2527e957d98237bb7b0d2,0,11316680,client_a_preview,0,processed,,1780944389980
0x8c31614cb23636943ce83c1051c13227f4148736fac19c68017937e915ff7e74,,,0x4876472bc229206fd9a9958abb6bd8b64f24b652088c22e772b7970c6c07d33b,0,11316779,client_a_preview,0,processed,,1780944424158
0xfc3e4413e9d58c17fb6d5a5134091c96eb248e5bf8c84f22bc207f866ba93952,,,0xfc1db3dcb3d341f05a11d7b02d565a9a3cce06760d0275d29f8dd48e1c03616f,0,11316815,client_a_preview,0,processed,,1780944437298
0xeed108ce7eb429384a8b304d94fa3ae791b827e7817b597c25851e44a09141f4,,,0x411f5b43db113f1d0e130fc5ff0833c57d684f7f33768b6ffcfcf5347612d009,0,11316819,client_a_preview,0,processed,,1780944439214
0xf266d0c25a6e682e7a0e4a3cf21fea08076acf245840a3769ecf06f180b93a52,,,0x79c11c6993cdf168492498c941ca20ce5c9f2e1978857a607d8e8c2b70381c96,0,11316912,client_a_preview,0,processed,,1780944472001
0xc0c99138a26e822bbf4d22f20d71557fb1d5d3cdef3a0b8c04ecdbe2d97c5547,,,0x21f5a5a81004fc9fbf38aa8d4113501e46c4f0b8057cb541bfeb6ff08574875c,0,11316951,client_a_preview,0,processed,,1780944485287
0xf8968d493f907bc08a1ebe5621ee2db0cf55993c31ba48f1443c812e7c6b216d,,,0x8fb7732fe5bd9aa2f77c0b3715d4df7fd014e9c25bf539f6ee16795a4529bea8,0,11316954,client_a_preview,0,processed,,1780944485379
0x920edb32f9e66cc9ee94d862aca597926951a1f0e9a3a6bc3f9f8c4c95837829,,,0xc7c742b642722b9b6a1867e71b175883009729ebd49e2b9ab051b78b40218685,0,11317069,client_a_preview,0,processed,,1780944524835
0x74d30474329bf6cc47550935ee342c3763c1fc4423db2470e6fd512e7c9a72e5,,,0xf67406c013c009cfcb25a44a86d661b671f1f6500550f5756ce062e78901e80b,0,11317086,client_a_preview,0,processed,,1780944530961
0xe86595009dbcd3d24d0f250c58404b13ef0ee080b167dfac2cc25b9445a80ac1,,,0x800bcfcf00d25329a8cdf02c07a9e889e05470b2f28c74f733cefa4be2d5ac3d,0,11317090,client_a_preview,0,processed,,1780944532111
0x0b831fecdd8466373570954ce170e6683d6b931f2616ae2fed18b71742a71509,,,0x742b7002784c1595587c3ed5012e2bd0843e93bc0c4b091f20644255522eaa7f,0,11317206,client_a_preview,0,processed,,1780944571708
0x17cbaaba04aef37418df9a940bdeb2f1e5a6a58311aeb9edf14602fec404f5f1,,,0xc1e2ecf84a6aa0987496213ac8cf7050c8d611f9e2c899531e0194fb2f8398a5,0,11317226,client_a_preview,0,processed,,1780944576898
0x888455c74f1c768589008e47dd1b01ed936afb5973bf627d73f8b16cb639e51d,,,0xbbd8a74c36c4083fd286f57642ea50e19017ddbb4bb97e53375540725ff3a879,0,11317229,client_a_preview,0,processed,,1780944578120
0xfe77578ce417f1c7fec3f664ce97d2503831419dfaf8d540d04200a3d3587362,,,0xf580a5f3e94e24ba31ddc66e83289aa72e7daa326f6085a1563aa3a1e892e0b0,0,11317310,client_a_preview,0,processed,,1780944612202
0xf369c271f7c5b017db50169f3ded5eb525ab174e796ef8fc731be9e6b0ee2b9d,,,0x52f64d910d06d6200d7714c455373a020a67b4b1c8099a09c8533ea40c42bb14,0,11317348,client_a_preview,0,processed,,1780944622624
0x8443c3bb8e1cc6d2f4c6b271c1a6bd587fa2a4834a9f420cbb3be25847e7228d,,,0x5b3a8a69c8d62828bf743e9cfc09e0ae0d5b7f5d5a492e80ec7d35a3af247c79,0,11317369,client_a_preview,0,processed,,1780944629154
0x7f4aac7a239fc1823a46e8e2779d5ee4be60f3357bdf53a106c976a90c5ea6b3,,,0xa7436d682c94b47ee357e45eefec2733c0e1b01007eb470f31e442c5046265ab,0,11317373,client_a_preview,0,processed,,1780944630963
0x1455ad66ba795c25a5c6051ac35ff2dd133355a879b98897b7cb4ff280d2acea,,,0x3e8ec9a9f3358e00a675d32906943decb6e95a0b5e8a4aac5d2fcea8ef4da495,0,11317455,client_a_preview,0,processed,,1780944659535
0xe62dc196c2e62635447845ddfe2dd42bb37d90790e5b2fed1bd5ce71b0ab119a,,,0xaad63ab691b535ca8ac647d96be5ecebf57a84b8047a4fd1a7db6b16f9b38c9a,0,11317512,client_a_preview,0,processed,,1780944681264
0x98a9700a236d4ce2994809386143dfad3e4eeff3fc43e78f3ca0e4ed2cac59b5,,,0x47a4794c8afda57e4844b500d94056b7fecc8d0dd2e35279b1a7dca0d3f219ff,0,11317516,client_a_preview,0,processed,,1780944682880
0x240e97dd4af059a32cca253f20be324365c20ce84989227659d85f9b68f8ac34,,,0xb0648239dfec83aba2ed221e0cfbd05bf8582809df18a863176f0765a86298a1,0,11317591,client_a_preview,0,processed,,1780944709164
0x7372c39f89cfca1eee31449a7162f4d64ee9334cd4695f128b6bd7ecf0f12735,,,0x1b2c94344e6b8afa3be894dd67069ee935afa00f6ba35653731ddc9203545f78,0,11317619,client_a_preview,0,processed,,1780944717563
0x15bf91c170f44e580cbbf60283b424217d98f3b9e549d0944ae6fe4c8e94baad,,,0x3d51795fc54213d7bdf6318b190c2bfaec77b50e84834f7433308f12228ee160,0,11317731,client_a_preview,0,processed,,1780944757398
0x82dcff3e26f3ff46ee9dca43e9e7eb59438671f162a04fba0b93b3c6a5cc758c,,,0x8bad497892e8cb07f3ba40715321877575a124db9080c81f764107aae7a740af,0,11317744,client_a_preview,0,processed,,1780944762208
0x76db4408dafe9ea7c9ceb1c841c706b834110363e9ab64ad7f8e27d07ef04fc1,,,0x465e729cc9cde769dd2d7708957eb9eaec7662cc3b62629535d8a37dd39ed1b5,0,11317752,client_a_preview,0,processed,,1780944764414
0xe88d0875e71590ef2a74ba4b152b02e97d53a807a3bbae28b3475f207ec84e93,,,0xade6a2716851f0a35e4405cd99b4ca23902e59f91f714e4768bc591c0105fab3,0,11317757,client_a_preview,0,processed,,1780944766948
0x0fa63425bbaca1d21bcbd7ef6961c59854bc1eb1bbd1b5a4bb7f0f782d75bd85,,,0x449ba4b6849faf2b5f8b2c312e682e37c42ba5f3aaef2d093fd70e4be7e20cb3,0,11317769,client_a_preview,0,processed,,1780944771269
0x42a91a0e608156deae4f02cd941836709844742970f00dcb1f9e1cf413b21df8,,,0x8139c8b00faca29c85e6660c796fe062b8b5f3e95f8b9390044de0f7a6bed877,0,11317861,client_a_preview,0,processed,,1780944801067
0x157a837e8bc5c93c3196c8aac117c8bef89cbf192ccf9f97c7c56ad18cddb423,,,0x7cce8630fc26729787684a0e8dbfc5a95a1ed67925d62a4d4248ece74dc412c6,0,11317873,client_a_preview,0,processed,,1780944803806
0x9daf629da412edd89442bdbcd2173956c570f35d73b98395af4b096e193e1cd5,,,0x07f78780797b902aeb9747d394db355abc2d7f200163d0199867a81f110f09b8,0,11317881,client_a_preview,0,processed,,1780944806166
0x372f1fb13e734445921d3ca6647d2a8cf2593a224d842baf2892cb3ad27da129,,,0x8e0f7a7eda2df0d1560765b5436645bf8006167a8dd86eb788dee3ff695e3f9b,0,11317890,client_a_preview,0,processed,,1780944809070
0x2f43b09c4aaeb2fa308cb92b48027307d645c55a713a6a5340cd561c51b1468b,,,0x1fc100a49b99f74dfb0ad44cf293c2a420798b674e6d2d345ed1aa11900abdbe,0,11317900,client_a_preview,0,processed,,1780944812442
0x1c2c62f30de3d9a61bf12d9b4d2583f355a0fc2e0c2623aba0c5e0aef4bb8a0c,,,0xb0eb2bdc8b111772240db1add805cb0e0045366c0f9f7384e72f28e4f451fa0c,0,11317990,client_a_preview,0,processed,,1780944842225
0x36a64fc58549602449ae359108b480b72b54889e3505ee6e64e61d40bcc49156,,,0xfe2d471652652a10e335e30e7c621060951e6aebabcacb9146894ae0d2c8d511,0,11318008,client_a_preview,0,processed,,1780944848765
0xccf9796a6feebc27dac3906fedd5afc2508cb7cfe62fb35040c8b78ee701a2ba,,,0xd2cbcb68bc8bd6b177d0f9be4ae890e22552f4e505522beb795323b0aa83b56d,0,11318014,client_a_preview,0,processed,,1780944850176
0x22060a33459c960a708a1b554afdb340c4ab17ef146b797728e2e122b1632a40,,,0x39142d2617d403b65643eb78e7ccef2c7bda279cf45086860b7747bd48d50921,0,11318019,client_a_preview,0,processed,,1780944852888
0xf3b9b2f55c3fbe55ca1d7ed368adcd3c55240a84b05938491642b8a96caeddc1,,,0x326d30a61a4cdb36235c7e0246d17a9eb66f350f00a649484407f5289b53ab10,0,11318034,client_a_preview,0,processed,,1780944858181
0x4cd550a432ae497e8abe6f3245f50dd146d3945f297e32ba1f2c69631849c425,,,0x225cd0f33e56ad82df08ac40c8cdc99d775432745f4f7cb6eb3a72de5bcbd41c,0,11318144,client_a_preview,0,processed,,1780944894513
0xe4c8f2d63ed1e5430af583a3791176d2593bb7afec9126c9e1a329631106ff84,,,0xcb9ecc1abd3bfe5c1d480f8001205bad1e7c3adb701f4dcbf9eb053f5287b6eb,0,11318153,client_a_preview,0,processed,,1780944897821
0xb8d700037bead2157a58dcd68e4011dd3e7622d780bc6c7ac34ab5af78e438bc,,,0xfbe9662600f396b00db9840659884d26ce44a77c8e430e1e1c3a9a098af5f44c,0,11318158,client_a_preview,0,processed,,1780944899887
0xc4e4eb9b09d31d6847d256beb2b48443c8c9b7766182b22a1a6dbf7d63eed54c,,,0x215d7df73e4c71d7093c8b1978d5a1ee192a4d1138453db8f33aaac89c148a11,0,11318174,client_a_preview,0,processed,,1780944904954
0x7eac04140c2358167730886b105c40e4731c9e35674fea2ab1b0b0d984a534d8,,,0x6cff8f0d6e4fb59a3d5f717846004a4fde78e1c4042e0acce2cb18e145d6a0fc,0,11318280,client_a_preview,0,processed,,1780944941713
0xa535fab5d9d8381c8e927ce84fc0e90b75f0f33335287c2e8364c91ecb17f28f,,,0x9842bd442b666dbb1e9111e3ed2ae7f0be4d758bd85a67e3ecf06989d2e32f2c,0,11318288,client_a_preview,0,processed,,1780944945113
0x7b847824b65222d16dd9bc8cd87e9b9e051fd980babe22f01abeceb66cd0f025,,,0x0e96487c80468c393595461be73d6b54df84557d4207579c2232a402225407b6,0,11318299,client_a_preview,0,processed,,1780944947775
0x85518cb093fafbabcea421398ea82a34e72d21a9412c1dc9da562db3fd3d4cd8,,,0x4d0dc063245888bdf3549761cc7aef89308c073f765f4eb7f885a0f05d163322,0,11318305,client_a_preview,0,processed,,1780944949594
0x9bfc204c524c8c27d3680e83ae470a31aa49d63fb171f63930630aa4c017eadf,,,0x4cb1421387fe1c22650a81471e1cbbcc0c266d3e4a05527d6b5c22d9921bc168,0,11318400,client_a_preview,0,processed,,1780944983132
0xe0c5d4b0b8db0cca198e7e871df0bc4c644d99761d3d726bd584702ea6eda4d0,,,0xc0b53d34f890ef971639b49a41adf9d352d941793cc04f3afe0752d17cdc9852,0,11318429,client_a_preview,0,processed,,1780944992798
0xd9ed15141e559e473609bac138735ced86413ec3ceb3fb6558af0a5561a40f31,,,0x04a55abc54c58a50cb4539bb091e1f47633dfbe85a160b0e682e241b73b7d8f1,0,11318431,client_a_preview,0,processed,,1780944993570
0x7ee6d0d1f261c924b4468d2933f5f00e39376f5a948ecb5c550690ad805dccc3,,,0x8bf830654ba5096777b8afc3a219bf177e6e44a453e4f03bdc0c89db39fec780,0,11318448,client_a_preview,0,processed,,1780944999907
0x3c416110d96140c7fda0a31b71557b2df0b236aba5838e148964c222b4f7f251,,,0x166ea677881858c813d8c281d0271aee76b098bdb4822524a487640b0efa4946,0,11318503,client_a_preview,0,processed,,1780945018074
0x171b5eb2ea1bc08ac97aa2fc1e34149e11a7cd991a7f48040067ac82a7072b28,,,0x82a3735f176883472c604ebfe0abbd8ad956cb887bba66aa344b39c978cb5bcc,0,11318542,client_a_preview,0,processed,,1780945032265
0xcbb76626fc99c23c129097cd962cc61dedbca9f1f3cab0e1fee4d92e633ed46a,,,0xa639176d12247e75c62b73ec569c27bec6f0e7db0c2cfdf609de0ae4142243ba,0,11318556,client_a_preview,0,processed,,1780945036976
0xfb85add188a9946bea5958fd5ea79aaa95c17c0cc8bb815ebdb97439a921f2be,,,0x8e340db7ec82bb29b3fe8d9ba1932ed43ffce348c294e4bbcec9a442d1467269,0,11318573,client_a_preview,0,processed,,1780945041822
0xa317b350628a96f814acf70457cebad50c86755cd7f798dc9caf1cc81ed1bb2d,,,0xbb56d606915e5a3304e6d9f6340486e1280dad5208d40a1f849f0faa4609ebdc,0,11318574,client_a_preview,0,processed,,1780945042753
0xc504f8bf3159f632fe8d82c28e3a8d142566cd84c55408c218c2b9c3f9a6987b,,,0x632eea6e268c2da0e6b42d8111cbed0b7355874d5a9ae0dd19fbffc97f70790b,0,11318648,client_a_preview,0,processed,,1780945068250
0xbf96080a69c6d4d6a4c99253b278df5c0136ac6c50b748695ef5b49a8fc3d2c8,,,0x1364071e282409a55f7fd7b4d322a1cb6ec038b8444c72410980e6dd9481cea0,0,11318666,client_a_preview,0,processed,,1780945074483
0x746b7591fe6552e163fb16501ebbc3f872f83ca6612c646b6e10e315b1d625c9,,,0x63a4461ddce0848caf36071bf34505a22236e604e432d1a7019b24cb59a0e190,0,11318696,client_a_preview,0,processed,,1780945084350
0xbef7d429907841bfc69120ec46c93855745e82285d225e7ec850856713eb43e5,,,0xcb3e45ead6e658c643af74a0e4328099aa7e90c90f48f226fbdbd6991504c4e1,0,11318698,client_a_preview,0,processed,,1780945084992
0xcf8849b40c754ea8fb65092c82a173800262242c6f9de117a9602dd015154f30,,,0x4c609525d4fce98eee35909b7ce6c5e32d5c16755186332881992dd31d6273e9,0,11318701,client_a_preview,0,processed,,1780945086212
0x1807de1abd9ee6831edeca90bc694ec8317de15a4fc5ce61bb6269038f8c7182,,,0xf97e83cd7d9e7c550602f0935c105cc38d8c057fc4e1d5cd0f278d8cec91da31,0,11318776,client_a_preview,0,processed,,1780945112720
0x93afee6302504400f743ed9cb9a39ea85c3a059ac732846d8e8b33aa195f7bcf,,,0x6fdcde3e6652d00337aa4f32a12d6fee98b5e010a691944e53098a1cccffa525,0,11318809,client_a_preview,0,processed,,1780945122777
0x9275ab590d524804cc3af7e997ed158a02a7f05d938a75fc462092d6d7baf144,,,0xb56018f00db427bbc07b2680a86a1b2c4a1c7261d443fefa5ce4f84b70579ab0,0,11318825,client_a_preview,0,processed,,1780945129276
0xfe0d1e06798a29508c40c64c595a793f2d05a1c41d7f93c000c4d6a634fc5133,,,0xaf646b21b0978a6137cd9642ca302f64219152ad3116edd4091f0627fb5f18bb,0,11318831,client_a_preview,0,processed,,1780945130917
0x4d875029d32f1ac853888bbe657805b0d8ae9f7af990d5f689c5dd8ad74fda0d,,,0xe6dd8317c4f83c3f6c611851ad571c5bf209d5f63046f2b02054f6a22cfa015d,0,11318840,client_a_preview,0,processed,,1780945134300
0x8218efede9737c08bc919bdd95b740f11b46d7567fdd40d0ccf1c04f8e0dbe4e,,,0x6b29fa7834ddef4c00dfa56de6fd32b1533fff6a381e3f09fb512cf95aa3a560,0,11318941,client_a_preview,0,processed,,1780945167477
0x92796b64d56d804d0574b4891f92ccaabacdf936b6fa4e6a1f130991e9c775cb,,,0x42c985bbbd637019347d7e4f7c20314dec2f64630355101cb9bb4b8064e58d14,0,11318966,client_a_preview,0,processed,,1780945176123
0x17e9491c86e33da9a904de59eb305d48eb041b0d13a016b890290b9e40433924,,,0x5eca6c445719f98d43d48aadbe259afd551cbf2d78ead4d5307fd898bae6991e,0,11318969,client_a_preview,0,processed,,1780945176411
0x935d63e1c6aca2af2c5d11d6da92439abdcac14fdd0e547e25d6065c4bfbf917,,,0x5f551e2ec869a11746372b4133d980960506886e8f9bc1b80863d4b3fc4f38ac,0,11318970,client_a_preview,0,processed,,1780945177131
0xd4e6a455883143de024672179e71955b1edf29bc4e2e45e09a610b3b2612f16b,,,0x7db18398c0887e534de94266676124a2b0fdabcc140caf121e9988467ea4eaab,0,11319050,client_a_preview,0,processed,,1780945205110
0x1d2d1394c01dac4235884a44d584be1943711a53dabe0081ede9f3d6f8b2835c,,,0x1240a2f46ba58955bbc4ebd15b5683d72baae78a2316bdba441192341296412d,0,11319085,client_a_preview,0,processed,,1780945218035
0xb3199bf6924234738a9c97374a05f0bb089b23a05cb7a7d6dd65fcbf108e0cf5,,,0x4ef8fd675f071848524c2d5e6f7b3ef631796fc5648f45530ee60d0e8103f78e,0,11319100,client_a_preview,0,processed,,1780945223203
0x0b6791c271ae07b76db1e559143012beaa8135d22a20d74f23c54f19d76b298e,,,0x3cdb28ec0c38fd764a71368bc6d1812c090b24c5c82b030e57588bf1d9769196,0,11319103,client_a_preview,0,processed,,1780945224533
0x908051743d57462bc0360edb9c50760b9112ab65fbed7636652a0595e84ea757,,,0x9413694837c08350cfc0401275bbc3f6d6638df49cffacbcfcc3667796ca63be,0,11319113,client_a_preview,0,processed,,1780945227252
0x46bd98dc02b1a5c7127c713f60be277195e6815f1f4c4e63d37145ea2d88ffa6,,,0x640844f15f440fdea3d8a857c90c731ea874c751b3e1d1ff65a4db3901548cee,0,11319120,client_a_preview,0,processed,,1780945229757
0xf3d76bc9434b98468de11d76abd83033876b10ee8bdd7c16018f83851f9199c7,,,0x4b63724398315035bd7b55a2728aafb0eda4ed92ce6f8439b6c5bbc38edfa997,0,11319186,client_a_preview,0,processed,,1780945253029
0x6c405e25a19f973fc8dddcecd69834fe9eeb00adf0d3920dc466ff80b844beaa,,,0x3ef21e43cc05133422ad2357e2177b9ee53c2370c482076179f036f19215ccbd,0,11319238,client_a_preview,0,processed,,1780945270301
0xe5a05e6d2a4ef0b766a8c10f27a4dd86682d1eb0b35427dc5e782a38701ec648,,,0x6fc8ff02fe0a1d10f66df2d9a7c11b4a1b77af4848d9d5d30f003c565479beba,0,11319241,client_a_preview,0,processed,,1780945271375
0x5a12b76eeea36ff8784fd8f77045fc6152b2d6e859f899058178d2fe983e8be6,,,0x1dae043f4988126834514670424713c8cd0552b8256047fd49e9ef0fd39fa518,0,11319243,client_a_preview,0,processed,,1780945272027
0x39807d05d2d4960dfe7b69645cc2bdf6226a9b577b767032612a3e1fd743c30f,,,0xdea605d141cc706e938fdcfd9593032103ecb1bb1399137c44f12538b38c11fd,0,11319250,client_a_preview,0,processed,,1780945274670
0x714a4cc762c2b9cb4274b2e4c75edf3016e3da139501b29456cd144fbef6c001,,,0xb43140da04538a61bcaf5cbc4be4a9c62e8cb26ae4b45247539c3769ec7660bf,0,11319317,client_a_preview,0,processed,,1780945296135
0x83ff1f0175e9138124a4e16b5659590dfcaa52a265e511de97eccc0240211d17,,,0x7f04f8e671586ffa6ddde89ae8ab91373ad8925fbc1d761625f5595ad33c894d,0,11319354,client_a_preview,0,processed,,1780945309827
0x8dc3c62a14cc1bb156fb284f3153d267f5ca08267b9e27d34e1950347b32c7b3,,,0x1c63064f753caecf08f37c13bb8dc2a2fff5049c3c8d91af8a709cbb7cc390fc,0,11319365,client_a_preview,0,processed,,1780945314169
0xc09a60820107a073e36bc5fbef2466bdb1623582e5473d032fec3597a6e8fb53,,,0xd3bd54c5a6c0e06e549578fbbf1aa3b5846f831dccfac2fc8194cfdbf0c10956,0,11319368,client_a_preview,0,processed,,1780945315294
0x9dc4faef763c343095501b0edda235f5fd8ddbdb6c5a0cf73a9adeb9a77b4309,,,0x56a3171d5cbc32c6e508591eb5002ce1bfd770fbd982197e4f3696f6c029d198,0,11319381,client_a_preview,0,processed,,1780945319483
0xf037e204f4eae562d5822708b9fb4f2910d131628acbd381e078f29d8fb37d56,,,0xfca81519d3ed6d0e4a2b1fe34112304f8df5ce4bdff357ef8ddfb14636c6974f,0,11319390,client_a_preview,0,processed,,1780945321464
0x4ee726945624f0d737976659273cff2a27b9149b99282466be36f2b926ce4fc9,,,0xfa8906eeb477b1e57908b951fabde9e8ea5358f13a84a50d257ea4ab55fd8734,0,11319401,client_a_preview,0,processed,,1780945325398
0x3a6954dc75d8abf337664857e2f282971bf47080a824623e6f73f2bff060e934,,,0x9f28fa34f2b89dee7b2dcaec4f7e9e1b606b4ce3f4c060ddfa6e55b8ebc90904,0,11319404,client_a_preview,0,processed,,1780945326711
0x635bcf7ae8fe4b62a22f411bf36653b4f4bf9cdf0bba3e404321050e4f72a185,,,0xf2ecd7a68152167e9b9ce2bd2c5b96311e7267ec5f9482e8e80c050aced9a3d7,0,11319480,client_a_preview,0,processed,,1780945351425
0x0c43d2245253a90d089ea2436c0814dcc11d414e5906f15ec7297afb8f2c1292,,,0x2bd9c1cbcac32be832f5e155b46a24db59f5846a891e53d7eb9e031286098840,0,11319506,client_a_preview,0,processed,,1780945360694
0x5949487b6596474230bb2f6b298fdda0b1bf6ee024212052b5ab8ee7dc357985,,,0x519cc6886c0901c323c0a664f6074a8172320496c6e98da90e9955b8d79bb2a9,0,11319508,client_a_preview,0,processed,,1780945361276
0xcbcecff69ed8876a214b0619a05f5d2df2f531043ff7d09866e1e77e0fb30e1e,,,0x5394359320a18f7f6c6e62cb7426b30297771b2ce134ebb0891d06476909dc8d,0,11319509,client_a_preview,0,processed,,1780945361867
0x875fdb422ea5b965afc3a0a66a099fd19028511abdf0d5b09b935ab9d65b36a0,,,0x12726cdd423ff64e91a086d8ce21bd5bc97d8608a204648a8a72891179b3d1b5,0,11319515,client_a_preview,0,processed,,1780945363934
0x2af9b94ce56becd84782b14806b6bb419877f8a28e66ab8112581f4efd3a5143,,,0x4acb221b5a1d9d2983f5db85e09cb2d59061faedbe64e6813841d78931724b70,0,11319542,client_a_preview,0,processed,,1780945373769
0x0ffa38d47b6d65a6f7e6d33d3a57ad9c078ffcf10f42bb4ca9cafee92405227c,,,0x6bef343b0cbe1b1ecefe9e50ed589882e7453db5fe0e857ff92e012e97048f61,0,11319546,client_a_preview,0,processed,,1780945374936
0x3576c2651e22d0030387fd355875ea1f00dbd7c755ae3dc9832eacfd56d87e06,,,0xb30af21dfa7b23a2925b544c830b9c13a448ad4d48a254d6edd9f1d36ebd6858,0,11319622,client_a_preview,0,processed,,1780945399257
0xfe510558d41aea28f0d4c08895cdc8ff59a5125ffa25c809e5df9815819d2cf9,,,0x17855c8bdb45f8ce79267b781eab8c9d800fcb46f545a990fc844e77db581b28,0,11319637,client_a_preview,0,processed,,1780945404112
0x1813597228f71124d5eabc6940330b54cabc92e1d22e68e61770db9fc60b6d77,,,0x24780f97acc5308ed9855dfafa0af7c27f5f0f3dfa265f094765ba41daff4993,0,11319640,client_a_preview,0,processed,,1780945405248
0x929dfc713889c8835c4b64e68ac07b8bc7fae910ec69b3f69a1801ca0cedd8c2,,,0x89a50d9b49b7bdaed69ea9fa86cbb9225c6d06d874a1a9ffbd97f8f8978f6e7a,0,11319649,client_a_preview,0,processed,,1780945407203
0xc09e1b579172ce7f312406e87f8ff3f29426d79156f2c9328be768df5851203a,,,0x048ca613b6baff8a2c1fbfffbb195aa422ac071b96b7d99e76e5c22dd3230a1d,0,11319659,client_a_preview,0,processed,,1780945410611
0x1a594a22e0596f77a9a70f9ef924057a671e84700591019215eb58420a3a0460,,,0xde6de11c77d73eb474e1efb8a3bd83b04615c87054e77869863339663005049a,0,11319676,client_a_preview,0,processed,,1780945416955
0x0ab7668d98c603f0053e09c4febd0036438d285adbfd65ff42efb0c4f4e3887f,,,0xc67ce8c4280188bae63001710dd32546b24f1d4bde9eb85eb37c51d58f18caf8,0,11319679,client_a_preview,0,processed,,1780945418108
0xfede1ad275d5957dec453d8d6699a3e333ec45a7f2120f7f609458a2ab1b440c,,,0x2e27ed0f2b9cf5c4e4511d00c1f7dcb2f0f49c5e180c14f3e1d8556e4210cefd,0,11319751,client_a_preview,0,processed,,1780945441944
0xa8b794290c961091063b3bab79223d5854a3399f7c0b24d48521267bfb0bcded,,,0x031f0a4898f8262a6e20591834fcfe37e0cf380da2874ea3cd890c6346e1a86b,0,11319774,client_a_preview,0,processed,,1780945450538
0xcc2c14a6a5f645b44f33553ed57e14ef5a160da8f6964c40540cc1603a2a0f8c,,,0x096ad3da6f579ad2a5eb59e70cfc941ec052a5198f9d218d616fbebd4c90e5b8,0,11319778,client_a_preview,0,processed,,1780945452053
0x79004e84095039384538898dac84f87dd8a5c3155c2c789ff531e36a49a67296,,,0x37953bb489e57e83dd37ce7930e8abc1761b872b396dc4b286c2885158631cd6,0,11319780,client_a_preview,0,processed,,1780945452932
0xe4b399c268960230e42cde6f7b3fc4f8bf197e47d62c611bc8a1242a56f9438a,,,0x8a4f88ce7361ba1f96a1434f423931a7df4a50e17cd6ccb178094858bb676098,0,11319789,client_a_preview,0,processed,,1780945456035
0xc8baf6cd6bfed26895803718c5cc14738353f685a43d336f3cf54640588d47fc,,,0x8679ef3ee2b9704b4c6cafeca841ae00bc80f1880b5961275d97a804c5fb696a,0,11319885,client_a_preview,0,processed,,1780945489378
0xe1620634a355502acb7898713fa98f5188019f2d09e6ecc9b7ad1ffed9ce807b,,,0x597ba32b164ea1c873e1f2fe515336c2aa5048b4f581a7e6b57a14854d986a5b,0,11319900,client_a_preview,0,processed,,1780945493875
0xb3655ba2cd9bb6b8a8e62fb777a43179ebd1f493f4708ac879d5247cd8aae7dd,,,0x748c466826a50d101b5cd3186260414deb7306063245ec8b509ea9039967f2e8,0,11319906,client_a_preview,0,processed,,1780945495616
0xf4d988af5972c7e8dc7a239ffbc629eb78f00be95716482b282e7038709126f1,,,0x9ce08b4271cab60fa1a98d937322a2313ec7e1757be6d88847532bccb35796e2,0,11319914,client_a_preview,0,processed,,1780945498630
0x0768a113c7945b7950d7dc3a3b4c6baedd4e92f4cc116bd5d2818ec2df202969,,,0x9c09ed4f580e66a00ec5b382d59fdb96a9913366446037e22a95cb5013ce089b,0,11319926,client_a_preview,0,processed,,1780945503199
0xabe27362d9a203317d3db0f0a5afcdab126d0c07abfd9c6b6a019aa6d9cb2d9a,,,0x9adf91730ba996bb2ef54b80c3e2469f63a9d41b884204391c4a2ae83f1cee6e,0,11320019,client_a_preview,0,processed,,1780945534297
0xd54a50b9d183f1e1a3f79fb1ad5bcf724ae89b8ea5b9286debbcff1caba50390,,,0x68f3df6f3cb947295d5ab69bdf0321d8c2673c1df1fbca3a2bd7908f4b30b8fd,0,11320157,client_a_preview,0,processed,,1780945580531
0xf2463cb4b2ef85a0f588c4d418fa3e8e6bd552a8917e0da0b84518088fc64029,,,0xa1ec248978617c4ff4c99d953d3236924a4828403f6d2f9de503f09636f60e9a,0,11320165,client_a_preview,0,processed,,1780945584001
0x6a181c276f1881f3a76fa280604d53f095f2ab3f360832839cbfdc6ea549ca4a,,,0xabf855bda734bb1df8df1157538de02c4dd399bbdd116776f54633c85c882954,0,11320291,client_a_preview,0,processed,,1780945627518
0xda0601bd258b18638d596bdda57aa517b1e6b87d6bda498d4a23e7062cd027ae,,,0x5328efabeba508f2390ae71ae04a1cef7a13c2b3eda76361472920883fb9f957,0,11320313,client_a_preview,0,processed,,1780945635450
0x38a128f0751015d0169a8557f12be11e14a05ec4127fe987cfac76fbda2e0179,,,0x1db008286b551d5cc8f5ff55c4f2732a8ff25f85f7fe48d7d725094f62e8e29c,0,11320393,client_a_preview,0,processed,,1780945661585
0xa6dd5506b182812196ab82f65860fd9a307d20b992007f43be1daeb300973e06,,,0x35ea0e06eabce31f30c3644cf9d0c20c27133b2d3e8673b01407227c0865ce73,0,11320440,client_a_preview,0,processed,,1780945677521
0xf1dbd09b92d69207e2fe5307a80aff11d25db479711094bed9d1b2ba8faedde7,,,0xe12f0c7f977ec21ee86a243581fc92470c07d243f657b3b383f16bae924f83e6,0,11320469,client_a_preview,0,processed,,1780945688061
0x2e1ab49eaffad35395e4959f62afa66b124370d64a3fda54a6a8cdca22b45b7a,,,0x4f78f1bfa167764b1a66e313d32c7b7d28a3863823582a06fa06f3cb86320244,0,11320542,client_a_preview,0,processed,,1780945712923
0xbb9e38d3c386348e1d10e2567340b27455884d56f206569ae88843bd04a97dce,,,0xe3a092452e5c6cdb830b9f9fe93062968b8480ffe38e80d7cd88634f01e654e4,0,11320587,client_a_preview,0,processed,,1780945730794
0x0aafdf9c093d68b1430090b56150fb924318ab8b723a29b7a4a29edbb8c4aca0,,,0xfd28b61d4f056baef3aa93629116bb67c7c98fe6c15e49bbe71ef74d111b1b82,0,11320617,client_a_preview,0,processed,,1780945741427
0xbe5a156053841fafcc231dc1214eaeb66e08f04eb8f4a87e9d4165b1d6fd276a,,,0x2fa7e8c9cbe0d7070975466415a7420176b662aa3d922191c8f9abc8bf466a82,0,11320678,client_a_preview,0,processed,,1780945762407
0x60c68d2793eb390858a721db3c70a510274c4a43826dae2156bc2f83a0dcd770,,,0x1f105d8da3d6d190a05d8ccd6a9a00742a250f8b7d5adebe670c126fa4a4c352,0,11320746,client_a_preview,0,processed,,1780945785137
0xa79ccf3d1036668d3b7225c751b3bdaee5d6bed6323d98d08414522e3fe04c65,,,0x3b1f2fd489971b4720ba77c9a0ac76049fc4d4d5d94a1b382722dfef388539df,0,11320811,client_a_preview,0,processed,,1780945808006
0xa92dd8beacaeadb1a0c451b2b5ee8db73fee89e9d34cdd4af762e678b7a21406,,,0x90c7970521cd198182f64ccdba86abc895cb478f723a94b2545767cae5129625,0,11320882,client_a_preview,0,processed,,1780945831897
0x5a89a40a28be169983873e5b05902e28831324bcb8c2f59b0e6744848e26d32b,,,0xfd7466e6e1d2d6a6d4b842693a9373406a271111d7d6818e96081a012de5f121,0,11320948,client_a_preview,0,processed,,1780945853387
0xfa4762baafca40ed6f0f8946c2793a0f7c1410759a2e8bea17b37f165c3df1d0,,,0xb0ed17f853ab1bdfd6204c011fabcb3040f80b4a922da35eb686c93ca74154fc,0,11321024,client_a_preview,0,processed,,1780945880055
0x206cba551702a2185f922d7ebc8594a76372c6371c9affc399f4ca525ccb3293,,,0xbb5cf3f927e03eea5b819aeba7212f10cb283b9815afec22967112c966d6a1e1,0,11321088,client_a_preview,0,processed,,1780945901210
0xc4a694b6118fe22a0096072b3273b1fcca62c98188fc731019be2cf8b735d32f,,,0x31a96b8680129ab3af93609fe1c1a54e704014e1ad7af1474bae71c1d073279b,0,11321162,client_a_preview,0,processed,,1780945925692
0xbb1f01342e7f8d4451b52177121db263a5498bd8495b27b7d0e4cc7f31090942,,,0x62e3db1fa953933f8c1df5c74d8137f408548ca3c80aa1150c76d7235d83f8a0,0,11321222,client_a_preview,0,processed,,1780945947550
0x236b770a2b728b756061a793919939c33dd1977be6d9191a0ef6c265efd00262,,,0x6584071ca6bd829b0a0cbd39a4fa8d8614b50b4054d9d5dcae43a32fa145c196,0,11321257,client_a_preview,0,processed,,1780945959409
0x4e31b6719048fc12994ea5d7158889fa7000127a74943ca81c2143ada9ff259a,,,0x0879faeb7988148650a81d6773a61707dc3f8bbaee6049a1f721cb4ac4a34206,0,11321292,client_a_preview,0,processed,,1780945973156
0xa36ef7f5cb1fa633f7bb2e876d00239c9e030a35dc6d4f5689c77318b7045e45,,,0xd10b83045293dc152311a7103cff2ed122f3461b6aa8e21bf7369263db568451,0,11321392,client_a_preview,0,processed,,1780946009524
0xa1d19dd7bd292103b28e7d56e5c6f973e5b14d07d50b20e224bcd30d295f92be,,,0x666344920df12ce5f03342a8b4cf3756d386c7f540c9d6e54cea1882c48f0acc,0,11321463,client_a_preview,0,processed,,1780946033679
0x79b69ecb72a9b4f623ae333e7dc554b06e4fa93f83ed1ccd9da80701fd2017e7,,,0x151cf927bb7a8f601f2ed287eda31a35d89d8daf2dded4d346bd995cff5c158d,0,11321466,client_a_preview,0,processed,,1780946034465
0x148ac6320911fb8feb1ec0cd901b3c2bdb22aaa2626cfcdbefaf82fd6d86ac1f,,,0x1cff53b49dc63a003348dbfb7e190cf6535b347f3eddbc9f81868f71effb1da4,0,11321545,client_a_preview,0,processed,,1780946064625
0x6b23424bf3d2bd8b3addc9391173f4040dede2dbce6b02a33b86a18d34f197a7,,,0xc9ddda65a7248d8ffcd854dca47e18bb26db61cf04f8c602f1e78bb6d374903b,0,11321586,client_a_preview,0,processed,,1780946079089
0x19019c42c8c8d5330bdec45fa9deec0a8226ba6f124f64780569cf257f85569a,,,0x1b9ec6fb8c2175c7c4d4e7ea2a5cff118defe1f6cbd69eb9d73a8a351576978d,0,11321590,client_a_preview,0,processed,,1780946080418
0xf9f2c488fef0a3d7f26a29227abe8022a13b431ad5de4fe2e9a54a2657eb028c,,,0xd33587d131426d35624d25b6fd0801cbc5b9ec66c21f66cf95d9423bf0430cfd,0,11321672,client_a_preview,0,processed,,1780946109351
0x712d2fa1db046865b43817973d3aef1a50b96d2498e4e11950d5638ac0f44587,,,0xb0f6d464f5770097d513af54cd568ff9dc59cb9a242bcb14dbd799ca3b9aac24,0,11321702,client_a_preview,0,processed,,1780946121896
0x6a4d1c85e8dc00eb24725863674cb4053a2a1cbd6518024b7b1ffaf7af9b8711,,,0xe072c0f6fb903049d16e0979f02e265dd6aef23d068db1ced8e0a88b623a6f1f,0,11321704,client_a_preview,0,processed,,1780946122751
0xb6a826086ff97b7b9c08bd3451415decb457ec42d16b03c02d020ee95fd46574,,,0x8dbcb8f10b1a2060799624854b1b583d30e3d797842fa3a26c53b30e032a2f5e,0,11321708,client_a_preview,0,processed,,1780946124427
0x6c11bb3da42201efa723c855ca843d5f0eae25717e53bdc762970f5d16f983e3,,,0xb3f6f7198957e87baa9bcf763cf29307ac49b7a557706cde70b86cd7ec4da96a,0,11321709,client_a_preview,0,processed,,1780946124983
0x0ffefef8251c6e8199d2e7741a8a41bc6ed829149ce2f4bf248732031561a9ad,,,0x4d1eae6ac739c86a72c70cdb32ac431248505b14279dece68fd13f5e41f5e4a9,0,11321821,client_a_preview,0,processed,,1780946162229
0xb0b4fe368650558bbb2abf7dbb78463a3d0e753ab4f56bfbeb29d519d0f83590,,,0x37e0e202d4bccae8411300168108c5cc32733dde1d4fd62a47b46e1c7561d59f,0,11321829,client_a_preview,0,processed,,1780946164839
0x3e646323bec0b8c2547df2681f11ada0d55b5fb80d1b79b7b5e7ae1727e1fe62,,,0xb3448d406c787e57d430f2584ef2633e7e77a3bb60e2f1272d9f7e29d791815c,0,11321833,client_a_preview,0,processed,,1780946165911
0xf6ade75a016b96823b72fe0a846d3d28f92b09eee2fe721d6e5c9b4940947ba9,,,0x66ad7f0a39c1b5483943ea97f2d74a009761cd4ff63cf8bafec541ae54c9615d,0,11321852,client_a_preview,0,processed,,1780946173468
0x25ec887a1cf908b322f33a95628189788167bc363a0e81d8270cc7af27a7ec6d,,,0x633a065af97c5cf5c061de9cdb8c02f6470b2a966945f36d83a7d56239580b1a,0,11321859,client_a_preview,0,processed,,1780946176038
0x4a383b93862abe7a8a85f773de3f6095dc74a3b831172956e1167f9285e695c3,,,0x002f729344cd2624765d604ba9c7d827769bbc4a0a5e037057c2643791bf952d,0,11321938,client_a_preview,0,processed,,1780946201066
0xe6bf569bdd96e48e403191dc978b6d239222a1460b66f1407d6dacd42a15fb02,,,0x7308e5fd23b635f321cb2c726ecba55ae5bc42e7f35d9d7f239ac9bc4a22add3,0,11321964,client_a_preview,0,processed,,1780946210190
0x0ebf93a8c71f16d52198e59bc1576871b8495a4cde4deb9c233a62cd00ac055b,,,0xf85a99d91b6c3a0f055a433cac7bb30ac5cb8f2a1e9bcb4fa3e415127cb51444,0,11321969,client_a_preview,0,processed,,1780946211763
0x5662498e6df926c0a00f4d373ae5094e1d74f43d3ab4e6be052732baa0c72fd0,,,0xe3640304090a8a1cde37ffe59dc29180902a50226f0877127327f52cc4e63da2,0,11321971,client_a_preview,0,processed,,1780946211483
0x737a46cdfd6932dee815c33e73d25b4506c40db0a2c6748ce46d76dd21ac9e0c,,,0x25420008e259dd4de1742568e604a311d83a9ee098ef76cb58c3fcfbee2d9313,0,11321973,client_a_preview,0,processed,,1780946212176
0x3bb8f5cabcc757ab9698794fce94898536072b5be598f3f23807215a001d5217,,,0x6fc6474037b226ed631c6410fd723d440e1f6c237f29fdd192de2f4d39d76beb,0,11322091,client_a_preview,0,processed,,1780946255661
0x3b1eb8904eadf668bc21eaf1e450077fd5105690f67e92dbb00af5a33692ee5a,,,0xa3835809fd341b559b3a015821b562b504fc8fd118dc7c76e5f04e69e3cc0d6e,0,11322105,client_a_preview,0,processed,,1780946260768
0x2ecc8815117bbc59233426e31159cf21bba096a23652f30b55a4b7cf436252ee,,,0xfe47928c2d47b9e3f0e3fc1f95cabe7a14ff71bbfad49764c7dfa01467b077a7,0,11322108,client_a_preview,0,processed,,1780946261832
0xa17910bafd241c6cf4e32c21eca96fc615bcb0842c77eb828c4bd5a42fa2ada0,,,0x18045b69353e6f39383baf3f1c110a7083cc78225c76a5fcb5f7c1173fe78334,0,11322117,client_a_preview,0,processed,,1780946265430
0xab8fcd244e7bc6df51de033503961c2d94bbccd595be2fc46a96b2bb1bf9a5d4,,,0xe9cc7e6b922112b0eec8dd925e5cc5b5100fdd386d6e2d5528aea3914a1aa596,0,11322125,client_a_preview,0,processed,,1780946268077
0xe356fd3838481c9f87e52d6c0e2dc4ab4cc5591c5650a6c24b1b337404416d33,,,0x946b4a29992c1785f0601cebfa48d563bc084a89fa8149422a9eb41ceaf5d647,0,11322251,client_a_preview,0,processed,,1780946312279
0xaa74f60fe3cccb85f14a568813a5ca081af33650f978e31a315a157c8078cbb5,,,0x1ba8d092ab27e4c9916d33858c197edf9261f9328453e7c19193cc2a3b667840,0,11322252,client_a_preview,0,processed,,1780946313162
0x9efc02fcc1a2662b331cb999b7b7c1706b561eeea5ae2c7feda8601b097b59bd,,,0x0ad69f734dd79c4afcb8699af7e847bfb3f525821de2cef192bf705c3db785cd,0,11322256,client_a_preview,0,processed,,1780946314753
0xda0ae022581a24fe0a316ba608222e56d945e4b24a9057f5d2c630a2922d84cf,,,0x881167e429d2c0308042f69fc14fc7ff4e77a3645091d7acfd7531fe00b7b7d3,0,11322258,client_a_preview,0,processed,,1780946315423
0x3ebf55710c7e0cf3bffe2eee6ff06dcf19001fe0136bb49c6f54fd90ba5b4621,,,0x1cc407d7c39612d91eba02a18123fa2a15e80c21799847b2dca83d82251dbc50,0,11322375,client_a_preview,0,processed,,1780946357722
0x1cc5145d18a42716240b4c4d7888774e8e410b0b34ec5ba2d76b0f413e323193,,,0x1bd678a32aa9a99235abe5c0159f33bf05c65268a4e3c91ef55a861724654743,0,11322380,client_a_preview,0,processed,,1780946359317
0x20f1f02174af28ebf0b96236827048954a5a6fbd4b14b90e116b0da6cecc58f4,,,0x41a2b4f4b7badee9f1c72a588a8931d59e70758aa19ab3e6f623b30c6cf28985,0,11322384,client_a_preview,0,processed,,1780946360470
0x7d832034ba9f178fc85396f3261d714933fe2396ec7d71d8dabbd1485f45ce5d,,,0xb720706d4c2bfbfa5727b36f199a59cc969af19215e639ee6d6659d02b230aae,0,11322402,client_a_preview,0,processed,,1780946367617
0x03b74f517e1ddd574a7b46d526ec3e399a9688ca83994f9267181ca1b61bde8c,,,0x3b89036735b3a187234b50267bb3f742656ac6f98f6b9429a59661b0dd8668f0,0,11322410,client_a_preview,0,processed,,1780946370191
0xa2995e4fde39916da36561a5fed0b46f3bb7754b074cebd268ec3818171034ee,,,0x265e4a19503f35e93eefa1d2cba9598e6af2fd60f19e4f361843d8b61d11a9e1,0,11322488,client_a_preview,0,processed,,1780946396085
0xe81bf45edaeb89658c133a79cfe9261243c74ba6e7b7711158ec8262ebe872b8,,,0xe1546b38dffc092419965682af4d6f1070d0615df15f5c6c3600a304b806a447,0,11322522,client_a_preview,0,processed,,1780946408166
0x74600e5239e5ad641f9001c66e50ba167d1b562961822e817e009b512a6418b1,,,0x2c4393bc401b9744f25d89aac035755cc56e18d64408d73a099db496caa8821c,0,11322527,client_a_preview,0,processed,,1780946411445
0x73eb1f984cc91abd1073aee5604cb7eff7950e434a7893924ecf617c4437e2a1,,,0xf7be2a7840eed97bac905815135d9e6cb3a12f31c3fba3e59ad2f0b876ffa498,0,11322530,client_a_preview,0,processed,,1780946411717
0xe59480a32808ba725d0cdfd5e8b0b59f5bb642e12934d7128cd7b273b11732d1,,,0x1ac6a14cd316a8dbcfd9191c063a233fcd059c88fab66b5e29288700ffbd19fa,0,11322532,client_a_preview,0,processed,,1780946412195
0xf2abee8dba8c691498290a5c88b3d462db65c95483f5d6126d3ce71abe1ee989,,,0xf9291f73b39783ae21912eeaaa52c5ca79dc273dab38d5f81c60f2fff9f2c7cb,0,11322640,client_a_preview,0,processed,,1780946448625
0x08560c783e1f39257b71c4205298526ff4e6f94597ae03e51771a4ab1460eed0,,,0x620ce57c6175dc3ccb1c46250b1b6e71e5cdd6b2a6637987cd80624c4e7797d6,0,11322649,client_a_preview,0,processed,,1780946451558
0xd808ab072cf3c722ca4033093e70ce1c3fba7c741e63f9e25af721c5e39f1d6a,,,0xc36f5856d98248c8222b4dc9e8b5df4d4b773b72534982395a04335f18a1fcfe,0,11322652,client_a_preview,0,processed,,1780946452671
0xbf13531d3b548bfbd4609e0d466e4be7233b061049e5b319b781df9e3ce89bac,,,0x92840a38f053287eb167e896791665908a7c4aa24f10aed72f99ce4966e48bc4,0,11322669,client_a_preview,0,processed,,1780946458689
0xe9500b6577280c40f20c5c8e7fa88f36487580c99347c70e2cbfdf1014d39b43,,,0x65dcaf7c6b317271cfd40e6a6ecb41cdcea8f46282f77da0eaa467c6a8a30f3c,0,11322680,client_a_preview,0,processed,,1780946461915
0xb336e6665411a99b7ec0a07766b2af4d730e4bea7051fe00fd8b7c9cd8d0f3a2,,,0x3392cc8536eea2cd0f8b56a270a8bb4bf838a90d554b30e71692874de2f1259e,0,11322771,client_a_preview,0,processed,,1780946493502
0x915865090289d120c3bb7e4a5b6d4feb0f045ac8d780344b0840b74d0f433c2a,,,0x511c8ec49cc03899f24b6794d70cc8638c1ee7bcdc13af742128df965b4e0c71,0,11322795,client_a_preview,0,processed,,1780946500937
0xc0d331914a5242636ac4574b25a5e3b10d4556eeb5a367dd78133d50b7708944,,,0x3388a46939b95dce4ccefd741d9d0c76d05b0d799532d8f7f7558d9be9ed7636,0,11322799,client_a_preview,0,processed,,1780946502128
0x93e246357f25d3f75c8f598f6df9a2b54a2bb299c2f2411d4b61f1190b263440,,,0x30632446022dae2bdaedde7b931e07b4cfe9f3a4a31745c5e5aeeadd309141a3,0,11322801,client_a_preview,0,processed,,1780946502774
0xdf03bc0841511670474ff034710cec09b406021f991dcebe53860000c7ab4ad3,,,0xfde6039bfa81448be257cc6df5de8ca501b46cb3da7e4b4ed54b5d8b5fdb526a,0,11322808,client_a_preview,0,processed,,1780946505377
0x14e592528f1407b3b049c43c0187a31adb7583e66fa5cc5b7f0aecbc883cd115,,,0xe303a2f1a2848238fdd5612547e3b77137f665d1fc16cad90fd4e459ad35757c,0,11322924,client_a_preview,0,processed,,1780946547084
0x56bb9aa2774e896d0d4c57443926345ba0f9df594e8c3fa27ecc75d4a7f92b18,,,0xcd5c98153b3e11427ece5cb926595d179ec73bb74eb50554e792f595fc7d5326,0,11322927,client_a_preview,0,processed,,1780946548244
0x1e785c0c4699845a93932e5ebb3e267362b3f15dd44a7995796c853a1599dca3,,,0xe62f3fb53c4a6293507c8927aefe83c27f94c8989a591b8042c8c68783763dc4,0,11322940,client_a_preview,0,processed,,1780946552260
0x233cbeae7eb6231a1892df0a075b3329b62f9900c75b9b816f9c86b108853f11,,,0x439160d1411041fc8349c8f9b8eac35ce9524aee41cb41f8bc3bbe1715240f0e,0,11322946,client_a_preview,0,processed,,1780946555016
0x0f9848d17e577505321576e3430999712488896853b511c8f8f482fbde0956b7,,,0xfa07c9373a1d06b35c4b1bc1be31e72287504dd48e4cc2a006cda054d2885360,0,11323039,client_a_preview,0,processed,,1780946585279
0x29bfc01e8b03b7ebada87ec749e7d1f19f736c0b95bfe882a82f5e8e9df9b269,,,0x49a7b21c6def8f2451652584fe85becbdb213303af65622eea3d97d7ef468d64,0,11323064,client_a_preview,0,processed,,1780946592595
0x70ff71897538f10a194de0d4704025398bdcf448ecd94c05617bb2229775fb2c,,,0x1c422d17a0341c389fe2359827c3b8c49a55e5545ec1c9b43bc597e27f8c7a4a,0,11323068,client_a_preview,0,processed,,1780946594303
0x24f44126bfd819a80a2fe86af6efd77a8bc43c52d9c74f383cdf6b88f48252d1,,,0x881943a462b5624be2a27f051bffda4731bcb51883f8f4480ab8f73b24adc100,0,11323070,client_a_preview,0,processed,,1780946595070
0xd2822c681d2aa37c95fadb15e5b379b015d27eb0e88b0147deabd9dd16c3551b,,,0xdd3c5c78b9bd7d2515973acd46794be20d2ed4b4c55f3649f181bb1c6bcbb3d7,0,11323074,client_a_preview,0,processed,,1780946596986
0xe94449673432dcbaa820737bc0861659c873ee3260b585238835eff8b464883f,,,0xa8c0ba1d0353fd6e5a895cf4f0c5a54fdbd44bfd52768a58bae2714e9c9f6c04,0,11323075,client_a_preview,0,processed,,1780946597897
0xcc6fbcae5cfbcbc7088ad368976e44bfca0e6fcb627808884e8fa1d6c907f9b1,,,0xfa98c20b4ba03d3b3329d815f2b855d9168309ba2148c5e418b8afdc2316d1a2,0,11323091,client_a_preview,0,processed,,1780946604114
0xff4298f00da0da0f3703718034f0106895b5591b2563fa87c5fa8900d7d3fa30,,,0x79806a535195ae10db395366949c9a6e3e83e33c22a0b745f6567a27239b8607,6,11323162,client_a_preview,0,processed,,1780946733796
0xe458e9cc8406b21621fc4955647b5589d6a2e23e385d48d7c393209723ce2d5a,,,0xa67e5e8fc97c2e677db3b994c8b0b1636bb370129b732564d1f5f4695dfbaf9c,0,11323165,client_a_preview,0,processed,,1780946735677
0x60c7cbf14ba9430135a6b599745a2cbc4dd215c915d6117c28bb8b166989ffe5,,,0xff879d33869e9a55bbc0aa63945a8fd5f6cdc474b47d35012d3264aa3c967fd1,0,11323167,client_a_preview,0,processed,,1780946736681
0x8a0af785f3425b865eaa75662b4b0a89ea744fe52568cbbda5b68b202589de76,,,0x018156f97973ebc85ae6381809ac39f7db7f49c6a74910b792dcd64bb7646f55,0,11323169,client_a_preview,0,processed,,1780946737533
0x326115cbd3668d641b81a544b633f0fcd54b8ab8d5a10ba592b15c50de64e85a,,,0x537b75f41b70c69e5285a2387a65e5c66c4e97269671a2df6734d9e7a4386852,0,11323187,client_a_preview,0,processed,,1780946745454
0x14c2af1e44c560ab5008eda9ec38e51c517ec3aa5f151b3d639bf29d6dc58ba9,,,0xf3fba7e1d762b835e8568868220318c3e8121f4f414a8408889a0e07425553a7,0,11323200,client_a_preview,0,processed,,1780946750408
0x22e261b264c58a24d87050bc8e9797a928e81e6061755426ab6c5879192bb1ad,,,0xb6d2de2e1c49818c8648d282e859d6bec4b4d53b5e869cfcaf3c29b5ee9f3355,0,11323206,client_a_preview,0,processed,,1780946752188
0xf14c639ca3eae28cfe0b31a705d3598a56e9a2a71b325a229621bb140ac5cd7b,,,0x0eb4788d91c31a2e5c3b6ad18dc89cea5457a00935b0d74df2dc142a4609efcd,0,11323249,client_a_preview,0,processed,,1780946774664
0x3cad3c54f42719d1cf441ed67f1f1633b9887979c05b465dea9503e694ac91b8,,,0x188ae6f24b30ffebdd4ff479d87465f4a6851bed12213e0169738ce14c8645d3,0,11323294,client_a_preview,0,processed,,1780946791398
0xaaaa5ac625b7be60ff05aeee9cb4ceb5d1ef49101fea43fc31a4a76ca674214e,,,0x384716859930c1e8c131c6916b49536cda6570abbefbe8598a08568766e8b3e8,0,11323298,client_a_preview,0,processed,,1780946793341
0xa80c28311b5460c9fdf0471324a94bbfe17f9e67e7feb5b3943a2a4253f5875b,,,0xddde038cc51529c1ab4e5c37bd945da34efa9b5293e62baa8e9f05ebb889220d,0,11323302,client_a_preview,0,processed,,1780946798137
0xf927f31d1723c5d7bc9d3438b6782739fd9ecdf274753df6c8974dd4d932f2ce,,,0x5ffc50197057d1329db4d51fa69e4624a29ce3761735c2d14bff0888e74cc5f0,0,11323305,client_a_preview,0,processed,,1780946799446
0xa11d58421801b84a4e7d03bbad7a7da6c334bbf71e724ff479afce5673f7bece,,,0xebd30b7aad4c0e88322954789e2e99c17bb827fa956456d51120174bb6657783,0,11323323,client_a_preview,0,processed,,1780946806644
0x1012750965cd2ec927a73febbfa64fbe5ee04d32823b2c1a76e72752b6a8dc9f,,,0x70a5c240a7c2351c095b3c5728b05b1c8816dcdf1731d7d5d16902990750d875,0,11323325,client_a_preview,0,processed,,1780946807322
0x4d163d135cfd320df292693570708880a810c840c6fc4720e55de0196c9c9010,,,0x27885de7bd0fafb6b762c777563e925a7eb9b2fd3fb66b94ed0f5e4673fe5416,0,11323340,client_a_preview,0,processed,,1780946813845
0x709b3b8da630dae88a42c4c424ad576eaa8cc4bd5bb3e58ba49fd03dfaeec9c9,,,0xb2f590a160da4da84d3bfe30f1534460f853edc439f8ce36372a40dcd0492d29,0,11323343,client_a_preview,0,processed,,1780946814601
0x32ae4afa9323554e58ab010ebcb12ece2e16946ec9ebd04364bb74d4a7c73568,,,0x4e9a5b7246ea114d30e380e600c3c7661168c5ea3ca36e9cea2450eb65a68f5d,0,11323398,client_a_preview,0,processed,,1780946839065
0x3ca26b40e70947eec3fc3c04e26d50713f273276be69e45806d9981e59f993a6,,,0x4bc58ddf2c4cc8f29f27d35ba1e6f8a6608a9426ec0e2015db4ae5ec9a482210,0,11323425,client_a_preview,0,processed,,1780946850306
0x22a276ee104e733f7e82c6b596931fd93480f02655d870c714be5dc13fde5a28,,,0xd33dc78fb7c03ff22d7f534c195de2cee35e9675aaf909382b12c983bef91fd3,0,11323455,client_a_preview,0,processed,,1780946864083
0xe3b05b6a01adb0904549f8bd3f50414c6a6291a94254819e49b7dd2ac331ff09,,,0x1191bdf05a34316e2b44cffef6b673cd6565db1ee2286a37e4bfc875c1a8ed36,0,11323457,client_a_preview,0,processed,,1780946864862
0xa6caa7b78e1a07548ed3ec71086c55e7e2f028ec758679dedfac81148ba8e679,,,0x3a1e798a231aaa3a1b7e5bec4e6d486f59be0095f7cee849103be5ff3e3b8303,0,11323476,client_a_preview,0,processed,,1780946873206
0xbcc9c45908f6ec251459f01e3b28bb63733955a05d9108921a59ab62b07d79c9,,,0xb3ea7fc19b0405eaa97a5eba145a638550ba8fd201c0d0b17218179da03dcf9d,0,11323493,client_a_preview,0,processed,,1780946879451
0xb58cf2468d7bce6f6adfa695e4a8eda5d8f8ee3192ddb4b2edb236d049404086,,,0x6e5451d6f51634f583a727b22144aaa9fa6f59e9254163193119c9ec4840a384,0,11323498,client_a_preview,0,processed,,1780946882317
0x1a614dd059001bdde681fc0ecec71d989f8e7ea3b563e5546fa7b4dbe4a7e08e,,,0x54dae009fb188deccd0334bd486cff4d46881f7a77ef0dfa4f012a8f3d2d09a0,0,11323578,client_a_preview,0,processed,,1780946918008
0xcb5b1bf9cc15be5792ce075d05b525311d7379304e08b24688e02733d6c44636,,,0x849ec5f9d389289b9c384385a5c38fbfa6df0e28af0e42295fd682c06016c0b9,0,11323591,client_a_preview,0,processed,,1780946923571
0x110e370c15e40bf920a6c31e3db6b0da793bae4e1683b5228086c7c3caa2fb06,,,0x147aaa766f5af87fd2928903827f31a5cef4c879a8efb867589ffba5b7bd1c6f,0,11323606,client_a_preview,0,processed,,1780946930285
0xfe483d52043b2b52eb57628f26f245266304e0fde5000a5191b9fd3cb65c8201,,,0xe765151c04f87d55f894c9b077df227869adf09548d80af8fe7da6c9bd7b6308,0,11323607,client_a_preview,0,processed,,1780946929447
0x26acd87ffe0c245dce2dc50efa7f1348566b0ce51673a9f7b2af6bbdc1723e34,,,0xeef30cffe356d841462182f0d7dc53948d9df03b372f0e3b31e2dc7ba79f867a,0,11323621,client_a_preview,0,processed,,1780946935082
0x740690b4acbafca18846b64cc2b5dec75639a9d7dbc80e50589fa0d61972cd98,,,0x118914bfd9852447ef2e2018179a153a4b0ed31fadc54fc949768c142f726cf9,0,11323627,client_a_preview,0,processed,,1780946936718
0x4b29e28185350f61a67e128595252131a9d13e8a8bbf9a790111756fd2a4eab4,,,0xdc25d2cd8834f8c88a84a08ed11984ae1e08dbe39f2d469376db3f4dea9b017c,0,11323707,client_a_preview,0,processed,,1780946970014
0x17625c3af996a18c1e4f9a37ed931e04bdb7a2e3f29f0bcf99ca4891c404716b,,,0x4ed8f4845a1a9d59d8e7c75b34187246f7d63e336c64bdcebe8e68b114434d5e,0,11323738,client_a_preview,0,processed,,1780946983706
0x6b4b7f809c18ea95881b92c3816e43bfc1088db0345e4de317cbe0658cca0d27,,,0xd24c2daab0778d8dfd82ba9641d86ce98bc0a4efb1c6af371eaa115a502a2866,0,11323748,client_a_preview,0,processed,,1780946987525
0x02eefa5a54255b3b07bf344033600d7597f034a10cd3c479b8d4f5cc0c1aa897,,,0x6c7d2bf1cd3d788b3cbf2631ba3eec139886a4e32e99a238808c463cee932217,0,11323768,client_a_preview,0,processed,,1780946995660
0x76d39ba9c276cb2547a872d95b0e0524a74abdbebd2292c0f56cfaee20891d1f,,,0x409280db330b2989ee021bbe6738ccf581d6f48ca5fc75183e8edf3f7fc2c9f0,0,11323788,client_a_preview,0,processed,,1780947004465
0x4ceac07ec52bc4bcdb295c55e321cf6cf97f6faed5c22262de7acb69b1c1c548,,,0x96f4a39709d162773e2bdd4516cd7eb582c7c545ee3e9498ac6dcc5138948a58,0,11323792,client_a_preview,0,processed,,1780947005852
0x776b77e5038d795d0872041980de4ea1fc09afe8e24fb7703d0078ca709c77c7,,,0xfdc4a084b3df724f809932574e29801785f0c1d9f106a8cfe30243cd0254db29,0,11323876,client_a_preview,0,processed,,1780947040023
0x686742f5b6e4f14de64d9f5feca2cda8784aab762d8ed40da146d3b3cf93bc88,,,0xbd8f107fbb38ce9e4abe97891e10cce0a9549cc36450792e47e036d68ad6d296,0,11323882,client_a_preview,0,processed,,1780947042340
0x3e37c1476d4917a93e8a47d60cdd40af4e8b8e19c5a02ef612900626af7bee6a,,,0x77f6a8369c089c96ed2ef5ffa9134eb874da25bdd4861983aab5104661e5e692,0,11323901,client_a_preview,0,processed,,1780947048726
0xf1a1411912c3bb0c465ee23589f713c85929447625bb6d4c23e6ebdd99d325a4,,,0x04dfbb5b1e3eb956bb6abb51f9f38fbd08afb30ef187606978cb9f6102136833,0,11323908,client_a_preview,0,processed,,1780947051390
0x57f166389abaee24b08698e526eb037cb1f0ca0f85d581c032c9a85c38790a78,,,0xf40bed158d8f618a33b571939c49d7331aa03246a3848771077fe31a55811eea,0,11323919,client_a_preview,0,processed,,1780947056210
0x392f6c26c124bedf16cc017aae54f3199c42f8474fe7d1e715f371042af820b8,,,0xa0f81e896dd65e3f9b1375c0a5e7f7f722ecef06a77cbdf1d1c3b90acfc84b04,0,11323922,client_a_preview,0,processed,,1780947057484
0xe930207c5887c28f72a0ca6dfbadb70e90a63f2f0451a81b19159ea603b75275,,,0x74e91951610d0e478a585d65c8ca5ad37a5cc6a97f931bd1f7a3f9ec99ff8755,0,11324000,client_a_preview,0,processed,,1780947090755
0x02464fa630a2777dc0b7eafa9b02faa3ec81e445f8aa55326595dbe68da182af,,,0x9ad2bd81172caad1eb2e628eab51a57058477b3f05e654b7b5bb2d56cb66121f,0,11324027,client_a_preview,0,processed,,1780947101925
0x42bda319ee969d0aec185141a28ab5c646ec1d464e5bd742abb97929bdb35edd,,,0x81a0c6b93c0169497317618390e54f5c62f6a41fd1510a588cf126973cff1fda,0,11324068,client_a_preview,0,processed,,1780947117297
0xa6d19fb77b7fae657dadd7c78ee10210f40d45a69c728e237ab1522603d14fbe,,,0x5e9cd451ec0b71a77e7a6be58480dd74dc222957ed29990290643b9616e04236,0,11324087,client_a_preview,0,processed,,1780947124906
0xbe9aa4d9b026c0d1d8d627201abc0b030ba7c36eaa0c114b8677c718aaca4e04,,,0x7f632cef27f43acfda3e40d68a1d13f05db2bc6c670987bc2787286cfeed32b8,0,11324092,client_a_preview,0,processed,,1780947126188
0xa7f52094a8e732aa488190464aebf7632136000abf16a2521e6a5a82ce74dcc9,,,0x3c87d83412e91e98a94c657b75eb243d2cdbadcbcb9c0d1062314549024aaabf,0,11324174,client_a_preview,0,processed,,1780947160571
0x1967db60c1c7462ad1abfc2ee2dc65e5079de66f3ec6e10b5b37f2896aa2d096,,,0x45c71dff688a878ba4709a5c73e4b6635f64688888266cee4dcccb39f9e4bc5c,0,11324186,client_a_preview,0,processed,,1780947166166
0x44a501e2ee41bd2f1763fc28d939b50229a612c17fe6170a04e5b1c661b65a3b,,,0x4d090bfe7c44054df534624c435206e2107409a8170fa9994786ce1d0dd07349,0,11324203,client_a_preview,0,processed,,1780947173891
0xa9090e247107e66ebdc59dac0adf59e64a90de3605fc84252765c5dc4e4b7fd4,,,0xc279cf24c553d5efe947b5235cd4b50b314a9e47b6bff9f5f5adc369c9554597,0,11324204,client_a_preview,0,processed,,1780947174314
0xfbf10f2e5c0f14f2590a41a75aa52b44e2748412f68f89c09de77b8f7cc57afd,,,0x87fcf499f0a8c3e907279e1e44a6c3b5868a8d908999c964c04eb6158636d130,0,11324206,client_a_preview,0,processed,,1780947175108
0x90a0846208dbc6046dd8aa3e8e912761bcd0557783a1bd7f1ee364efe42fb0d2,,,0xd7b4f02e2a0b2d7fa3baf8a914d9f94c492f004be2cf9ed65e5ecc23d4738c40,0,11324303,client_a_preview,0,processed,,1780947216955
0x81b644e10174f1d57fdd64d52bf211d082e36967e1dccbe58b2dff9418533499,,,0x12518ccb211a7d6f42ed2dac9044e37fabf096a8914e7473b0e7bf142c58f6dd,0,11324327,client_a_preview,0,processed,,1780947228407
0xd1b460eebcf7ac59e731ff4138ccd4b1f2ed4b1d749bf12a7ba4a6ee05c4c700,,,0x7e05dc0311e1b1121f13d6c4d6cd02585c4f4be3e9ee3eae81932766e7039855,0,11324334,client_a_preview,0,processed,,1780947231108
0x09c0b52bf4f361e0d1da0c7152c21b3a70be593147b20b9b404467f89c4e4d06,,,0x0e0ee760bd384aeb5eea6577ac9b74d643f18b8ed45ce384ed298e26b9febe17,0,11324400,client_a_preview,0,processed,,1780947261741
0x5c038446a55c54548ae6176cc6e4cc4b55daeb71c7b3dc543d621909fd4eb318,,,0x61a9435ff8138c3a84729ed82d728b1886b51e1ebcaa6a8749c5739039f96211,0,11324482,client_a_preview,0,processed,,1780947296860
0x098e8f0bbe465a3f914af5418674cf04481c86bed38c9151a948bdd33fbadf54,,,0x9fa04eeacb4dd35adce530c3476ab5921f9a8fea6d1b1be3718bad173ddfc5f9,0,11324506,client_a_preview,0,processed,,1780947306562
0x92e35cc86020541ddb1dd1cb863c6599928fff98276ada752936efce63c9bbd7,,,0xda7c39cedb954f169bc92e07142e941448709a5eb621b1ce0c88e43c2881eb81,0,11324533,client_a_preview,0,processed,,1780947319687
0xa232924a93998faa9f318a7a68af7abaab9e185cd8c3197a6e367003d6b64e48,,,0x03fe2428ac5dcc9ea1f9bf0c5f78613069398a8f1b5f538a4a35d2cef74c3e07,0,11324541,client_a_preview,0,processed,,1780947323074
0x5d9d27e97ee7e835ebbc2c038e1ca13ee207ca02a4d7597ffc9ff6acc979c1d9,,,0x578e0dd176a241aa5c649903d75e4f6c229be72c50b75d69478989bdf2bd583c,0,11324581,client_a_preview,0,processed,,1780947336250
0xd5ed0e1cbde469fa9a856fe75e4eed4c6734f57ec5059a5f32b6c8a3604598d6,,,0x23b413a2c541e3a756182c70734c1d1b08ebca8edf74e2da2c1cd5d908d8422a,0,11324608,client_a_preview,0,processed,,1780947347365
0xe0c7e8be77713b3b320aa1b11338715a2556deac1142932b747773bcfe42bba9,,,0xd0043d248348d7a18176d2e77b75cce709ea9a386660e927623a775dd6dece7f,0,11324615,client_a_preview,0,processed,,1780947350236
0x8b42845a07c5fb83bf5accb1e214160e0a521a6868a48ca36c309c1ad9d0237f,,,0xc1fb963c56dcc7d2d0f1cd657572115af8ce7be290e8841655726b83a7d78f32,0,11324692,client_a_preview,0,processed,,1780947385354
0x978407739d9717986580a5c7ce17c0f169b3d96ca5ee031086176f4180612ecd,,,0x484d40163ae3098c0a29cebe402b947d62bd1fd91083f4a8e3cf70a111e5b6ee,0,11324759,client_a_preview,0,processed,,1780947411674
0xdbf21fc9ec782781c9f53599a97c96fdcdb87e500bdedeaf92e3b7d2ad7ff52d,,,0x9e4a482b1ba1e1a367517922703048f0ef955a44b666df0e5fd736f78d5b53a7,0,11324819,client_a_preview,0,processed,,1780947435956
0x2a25ee76c8c59cfc3c321e6dc5fa41e0a1b47b6be9fcaf38207ed63adc56577f,,,0x67bbabe130712139bd418c4ec6d12eb0592f65c9576331b3801b0f2938e2131f,0,11324826,client_a_preview,0,processed,,1780947438762
0x85a572856082e78331c141af426480093129ceb9f9bf943ad88adb6c8fa49f17,,,0x8aa90462e8be86b805edadcf66fa5ceb3412ea42acecd4a7ac1bd082d68133b5,0,11324890,client_a_preview,0,processed,,1780947463076
0x7ed6c3587cd8aec1f7f77fbdfb2d92e9b193f38780eab6ba28a533e790b45e7a,,,0xd78c706fbf22377d0bb5190e15baf52c19f2051fa1d2721500dc15f099cc15ae,0,11324897,client_a_preview,0,processed,,1780947466462
0x218691181da130e4749a7baa570f3e7e288991a89be6105cea9567e00662f18c,,,0x52b5df65e74b03ba421d34aa0ab432b0c53ae7a7404dbeb7a5a45b919d5f323f,0,11324947,client_a_preview,0,processed,,1780947490873
0x7aa86e8a82b804909556c20c0291ad146e4abcb02206eee545bdd52771bf9ebc,,,0xd529c7533f4fc7f466cba634ea3a41470ac08926f3bca20bd5c0703aceafd760,0,11324950,client_a_preview,0,processed,,1780947491738
0x52dbd74919e368b047d790120d101ec7d2c75640c8bd09646c0ea0b23de27ce5,,,0x72dc74d263bf96625a9d773c787534b6b3570158e7fd90fac1e4e55bd3ae7245,0,11324970,client_a_preview,0,processed,,1780947499938
0x756ab151f14643ccdb45f4ddff38dce116bde40da8139a84497a9a90b7d73e54,,,0x3338f353382beba8da8dd18fda35731b89aeb38b4faf272863ba4c6502809e64,0,11324972,client_a_preview,0,processed,,1780947500636
0xbe52e868e49c479afb8dd7810e887131f10269e9e0b10bf40cd04ae35abd0453,,,0x63c5fa4439dc6a8ff74120a464c250645f621df489da38c6d33fa06709bf98be,0,11325021,client_a_preview,0,processed,,1780947518421
0x8a68c1c8f723827643d32d999fc48b8d2f1e6bbcb4f53b3a69e69ed3c814eeea,,,0x84d51fb2869cb1172cc13fd54fdbff675a7fabead8cc54c07322d636f77b103d,0,11325024,client_a_preview,0,processed,,1780947519802
0xf735cad9198d73938d0c8ba0e6ee9d8970c81ca85c08b798b9e0409eb27a5fd5,,,0x878a4024e7d8fd21b36b87a7b95999e3c3269fd53ef5579d24d8906a414ec4d1,0,11325049,client_a_preview,0,processed,,1780947529188
0x130732b85baede64a33393d343a53b3e07b3d99ab1072d7e21ecf31b855c1d20,,,0x744cf61dcd60a93ccb3e51007c61cbf6cea740102d6e6b97ab37e19753cd9f7d,0,11325105,client_a_preview,0,processed,,1780947552575
0x2382a6baa62f4ece3f4f643f1d2d455fc2edc6b80a83d5a9d8766a06dcaa0813,,,0x296df14a4bba27873b5bee69dd653b2f043eee81c000adbc67d36d537e42ae69,0,11325111,client_a_preview,0,processed,,1780947555398
0x90c502bf5e0a54a6231665954bb9c1204bcc1309cc7f903b79b80cb862ad6f37,,,0xc7385ee21e41e2a526116eb830e39fe19de2b58808420c7470ac6c3fb7e7e28b,0,11325180,client_a_preview,0,processed,,1780947584314
0x8456fec358e21f1a9cccfc20e47f2d4bb5d68c12e584c322bfb3ccd6148aaae6,,,0xd1af83e165746d990cfa644774626d2e08fabdcfb369edfa5474767a898b815b,0,11325184,client_a_preview,0,processed,,1780947586209
0x67ddfeb7689ab2ba69305f63ac7359b230c6fe01c7380f778e55daa776b3a4a5,,,0xabc12669dce69c19ab32dd9083180a4bf0b78ec19bebf9ff608ba2017556caf9,0,11325186,client_a_preview,0,processed,,1780947587135
0xd1a0d57d3026b54c38dfd4f677931ad4602d99163a8a68c0d288c7f9384208c5,,,0xd6852f9fcd65efee67133338cd9232803820bc9864c317c1e8e07f6042f165c5,0,11325242,client_a_preview,0,processed,,1780947607928
0x09e428c51f34f22b6a368f03315ee91da22d3e6230c6b43f76d7b298d7adf92f,,,0x3eefe492d4b7da753c8c4544b805ecb0da7ba68a1a485670901e69ecf802cb92,0,11325247,client_a_preview,0,processed,,1780947611463
0x70f23e2d93b043dc5cd2b1e6beb4b170df1391e44d6461036757d4571c18d262,,,0x5655f79d47f2deb6216b6c54a3f41b8878e41e258a17420499baa4d20c867a98,0,11325260,client_a_preview,0,processed,,1780947617164
0x0dc2ded8b78fa82dc5f119b8ba6e3b049dde18d62fe72b43097ec45a9baa8fd8,,,0x8ca72eaf1fe0341b4c2bcf0079cc02a148fab3bd9c732ddd99285a445ff091cc,0,11325311,client_a_preview,0,processed,,1780947636101
0x1de1bc06243601cf25aec47a2f74bb34f4c5abe566a3bba433bf9956e535dee0,,,0x0fba6081a2bd61bcaf47d1ab512399cea27d4a10e401bc717ffa5b167fba4494,0,11325315,client_a_preview,0,processed,,1780947637392
0x1055584dc903a071265f1326051b7164a200c8083554967c5bf45ec9d112fb76,,,0x9507cf2941497a056c6f99117ed59ef94d7d8e0b7751bc6fcb48952f933ee390,0,11325398,client_a_preview,0,processed,,1780947674815
0x054aea4be235a289f43b8d7d0ee6a8d7716d4d49b78309c24e9405e05a30fecc,,,0xe93d47c021b0f1e48f7eea4353f34a9f177fbb429e91f09576453f95f6c6118a,0,11325407,client_a_preview,0,processed,,1780947677264
0xee3da6fa2d99ba307b0f18ee985f9083428def025efcfd0e32cf4e61688fee37,,,0xb447c8eaaa2866913930ee731562bc367c4a65e70164242478070b68e97dc383,0,11325466,client_a_preview,0,processed,,1780947702053
0x24830bcb83d980ebe79988c751e915ef1cc9d697cb42c4d329a502267d2aa089,,,0x9c66a09a98ac14e632faf2754c1ded2b1087388074b63f8457c335bf720ce0f8,0,11325473,client_a_preview,0,processed,,1780947705035
0x5188f18c2845fea41181296df8723be003f213c3c29eb138005504dc2dab3c9a,,,0xa370c073835e013353611f309e4568270170476a3e160f8ad5375d992cfc6abd,0,11325480,client_a_preview,0,processed,,1780947706528
0x84c210125ab7c31f15ef06ad7846316f782aca674fde964ff3591a7c72547354,,,0x0821eda5dd465fb84a1bca6ef0946088e193c36d075226bfeda10f075673e15f,0,11325527,client_a_preview,0,processed,,1780947725544
0xb91eb15ac56d04aa23d47abca55bc401dfbfd084200ca3ce3396faedcbb151f2,,,0x08e846fe8a83713662414ec1d8d089b460495f3baef55e81f54840d45ddcd2af,0,11325534,client_a_preview,0,processed,,1780947728236
0xe99b1c3560cafe812a3d4f8067323e0d9cc224d52bde29e0adfff92e2020dfef,,,0x0596d2cdad18cb6ed554665ef62b09792f2d638bce6760e13d3c243f5a2e31cb,0,11325540,client_a_preview,0,processed,,1780947733203
0x94bbfccfa49f90702c4e7a5c2aeb7e76b2f30b4cbe522d3715fe9d15242268f9,,,0x42fe140f25122643305c7fb21ea1f886bdfbba202849bc1f2641b30730c591c4,0,11325590,client_a_preview,0,processed,,1780947751407
0xa402a85be9f4ac77a6ea6df8477ae207d2ecf7d0f0e640dafe1de8708d1fd049,,,0x4cfeec71a60a849c97200a7677fba3ffd27040a668eca3b232f621e28cb96521,0,11325597,client_a_preview,0,processed,,1780947754109
0xd4317d5f56c707e588665c82b975bbc71f41db196249ac9ebc2cf7f48daf92d8,,,0x56f4c5d26a17e50d1ead4c8823d3c89714ebe09fc96979481afb8294fe1a2725,0,11325764,client_a_preview,0,processed,,1780947821185
0x6e7ff4932e49c73d7f98bbbd9703f455329dbab228e8a55c651e7ec06a64a85b,,,0x62788f270b646ed40de543028668f54f254f92a20230a6ba07f4a0dd529ee204,0,11325818,client_a_preview,0,processed,,1780947844776
0x652d48ca1bab4ab6046a19bde70b586c20ff7dc0902d148f4e567bcab61cc678,,,0x02f7782e1fe74813e00b318d4e17a9e5276090ed54434bf0b75b442d68dbbf6c,0,11325825,client_a_preview,0,processed,,1780947848540
0x32b616f1f22513a52d4869eb69271748f9fa32ac5d71357380730dab6235d6a4,,,0xbef24391b9b59ffefa0d072ce0269ca1a16f572c2644c57817b638683fe73c7a,0,11325830,client_a_preview,0,processed,,1780947851252
0x7662e913d730e87156b3722de1f81a486841769be8874fa2f2f4a0a56d238238,,,0xf839b6f2849df11b33b04096f16cefb7edb1cda344ec91122cc561ed8ea5a28e,0,11325858,client_a_preview,0,processed,,1780947863309
0xbfb0aced23d6f72e70271fdf30922c9b1ae1b5c988afc4d76483173fb8fd4e96,,,0xbb5797b72d23bd12788b0c41fc4663187aa6a77d8e72ac0f30ac03c3902fd72e,0,11325861,client_a_preview,0,processed,,1780947864702
0xa493fb6fce8086ed1348200070c250c3a3443cf6de9d8a47d8871f7c45a23ce6,,,0x6cf467fdb21a3274e2a2deb3f8e740fc6b19ca5b52f7a7390bab6f716a5767d7,0,11325881,client_a_preview,0,processed,,1780947872543
0xa4c15c44b1d343db84ee443aaa9468f87b83266b803e9113bbe7948d1fdd4545,,,0x6be5ba49bc922757c383fcf8e5aecea348f511e431d2384e802ed40397f0031e,0,11325888,client_a_preview,0,processed,,1780947876634
0x51b04e4aaf928c1fadf2b973232781ab5ac1af1de3d9ef9e85bd08fea92e2572,,,0x6c9e501af5a4a0822cc92cf049041c40536b95bfa1d87083e36524aa77844a1b,0,11325920,client_a_preview,0,processed,,1780947889543
0x0924df4ea8c75e3aa50b8cf448aa21d1cd4b81d4242fb97c85916c8f431fa7a4,,,0x0f80d50cbda28ef8581cf79f6657a7e14675ded6420f1b6c1f241c1353239882,0,11325923,client_a_preview,0,processed,,1780947890952
0x35a1c573fc289ad04295a33aefef235359af03ccf79e4824cd758d9749bbf124,,,0x2c8c22e940f630b0180c642946ade85b4ea0f5225fe756f382fc3716ae5ddd48,0,11325941,client_a_preview,0,processed,,1780947898778
0x433df1953190970f661a2d41a81691db46e18d6fad11b6eba8c5202af77474e7,,,0x1677872f165f586902f3ec320dc4e0f3503bfc5c554172c4e5c3357dc8d5ff03,0,11326004,client_a_preview,0,processed,,1780947924369
0xf54a9e6d246c42a1e7e0bd9d9cf63ee1c62ae1887a85f09522efdc5b695a7629,,,0x4c514dbabc12659100e56890bf5237ad3b27a374ce04a90f82b7c00ddca1a8bd,0,11326105,client_a_preview,0,processed,,1780947963632
0x20d01f3dd2d811dd3f4bbabc1dd6a7717f4802dc55e1ab663e448f8882c006c9,,,0xc20c718feee86630e03848975dfb2cdd9743f90c5ac009a954360344010fbedc,0,11326111,client_a_preview,0,processed,,1780947965115
0xb3f697498e35baed8cabbcdcbcf125788e053e598a5288f2476681dad51e1a35,,,0x0c2db0e5423bf4c8b4be7c40ccacad953147e23463c5691df80f68254b0718ba,0,11326142,client_a_preview,0,processed,,1780947979037
0x46a406c0d6b0cd2b00288b5dd1c8843470d2e5e3e3f6d973a17d0fd7dfcba77f,,,0x8ec1aa7270eea618d293fa902240d53708151e057d4fa6e3914d3ae5b9a4ed3a,0,11326145,client_a_preview,0,processed,,1780947980337
0xfb4d301cae207add83e7a5c02034bc18dc0134d100a8161df9f0d395d76de468,,,0x3f5c50069c1b75023ea9364e0ecf0723cb1b3ee3bedf06b2a003e825b7f24cd3,0,11326156,client_a_preview,0,processed,,1780947985890
0x95354437f66b7153c2b43a740d6e125614590e5055efc37ceece4f5923db21f9,,,0x9e08323b54702fa96b6f4cde17cc3b759999f894dbd36782998ecbcd352e3248,0,11326165,client_a_preview,0,processed,,1780947989297
0x60274339b3cc7663d093545ec4c73964f8355e0e16f53182d16200117d1315f1,,,0x2471436fb29ec39fb872436d7d02077324b3c64f414dd5fddf99fcd7b63cf41b,0,11326199,client_a_preview,0,processed,,1780948001972
0x610fe19e0a4d2ad50f78a31d04e930b4f2d51619487f27938c1854fe9dc53812,,,0xce9f81d647b010830dd2718347ec170018adb41269de65da07a84381a8fa9926,0,11326202,client_a_preview,0,processed,,1780948002968
0xac661bba320fb5e131d94f598ddf4948b18b1cf4a21e6b094b43eeaaa0968e11,,,0x631a848b746f351f35dee566f2c8819916378a5c08da4f7774a482352e6aeea3,0,11326382,client_a_preview,0,processed,,1780948077334
0x0d550a1c546a2d5144bb1e965c9d2b83dce0f046fb6d7d1eb957d666342b7ed9,,,0x19840d28f7f82c78f40237387f62ee7bd3c9736877f82d038fc40cce13838625,0,11326420,client_a_preview,0,processed,,1780948092740
0x97a5084320cb5ffebb5258a229279c61e68e4cb68b198e5367ee808f14cc1a70,,,0xc056757448c211498a28a148ef3621486a39da946a856d136dec394bb407934e,0,11326425,client_a_preview,0,processed,,1780948094629
0x37e2be3379c8a18edca19665dff12018f5c60cd3e121c95c7d7b6553f7453c0f,,,0x32b388ead90ae07301f75eff5f6ba5358b4c7410b9824afb3897c25c78f72e8a,0,11326458,client_a_preview,0,processed,,1780948106935
0xd84c33ec77919690537ead070cc3eeb90db79b37adc00ea52d4562c401556cc5,,,0xbcdec700428f441261ce572d7363ea9337cf9c8054d9bee8901747947ee430b1,0,11326492,client_a_preview,0,processed,,1780948120089
0x0d380fa06b7650accb5cce1613c9e3b66d60f647df149ddcae883788e59e9aaf,,,0xb495e389dd27917c77284e25af2445a6c807c65c9e17344c61a0f496c37229b8,0,11326496,client_a_preview,0,processed,,1780948122523
0xd14b3fd4170729450332ceab6fbda258349f5b0c35634c42743ae692ed0971fc,,,0xf456c9f57c66dc8dc50b25ea7eddece2e64904c559510c0918c2cffda0abd3b0,0,11326680,client_a_preview,0,processed,,1780948192931
0xb2d4c8b3e8eeb96355695e86c627ba44156348cd9d848a92578e5b3c68cf9757,,,0x9c99075823327f09d0837cf1f57dc99a9e33f2d4d2e074c716d9041e3f15edab,0,11326693,client_a_preview,0,processed,,1780948196616
0x7a1394d0533884c9ee095bc0dda1a361d654caf839df608fa7a3db5039e02220,,,0xe377fbd2dd7048507714204073ff14d965f08c2a932b4cfbf675a6dac4e3f63f,0,11326696,client_a_preview,0,processed,,1780948197769
0x6438311b8d8e9c40e298bc27161eac3fbe546ea3c8434e743b17b035941c5948,,,0xe4c1d67cb92f2255044655333d2dd2925e5905461b229a9d929f0f81d467feda,0,11326753,client_a_preview,0,processed,,1780948224090
0x1b2365dfcc3179942f35d73f6100f840527963eacb2633f4f6e233c6e06985ec,,,0x82ef0ba52e94ebc97ad9ddeba892716070739531d1184489f1c930e6b979329b,0,11326769,client_a_preview,0,processed,,1780948231269
0xd41c19f4d4c05134642ce7fe8214511638366706fb652365d77cb3d7d562e446,,,0x854c449baa70454443ba1ae2d3072cd814f457197f502762379ee9ee681d428d,0,11326773,client_a_preview,0,processed,,1780948232936
0x453a27da1121903de3d91b80abf230f3ae8e5c54419fbffdaf8608de2b8844fd,,,0x9bc2c518ff0b88e5124a3e52c9cdf3f8f0fb67148edd74c081888c1e217022e2,0,11326941,client_a_preview,0,processed,,1780948302639
0x472b5861cdbdb01560715b2e1750f267af51167a4888f1b9ebbbf395054362db,,,0xa6f3aef39057e464e0785b201f76c34cac7955b4e81a2e9ce0fbd220db0a8e79,0,11326980,client_a_preview,0,processed,,1780948318044
0x4513116800afb40642618a5501b08e30b793e8c5ce4b516d269f67bf5e6ad241,,,0xc676d47050735e135da20c2c6e599bab6dea27f71fb75dbcdf21bea90797d163,10,11326985,client_a_preview,0,processed,,1780948320954
0x51dc60f45d956545ff17824a846f795f92a7d25a0d0a4377f276afc4adfc3a2f,,,0x4705b8679584ff60e298f18364018e11be4a1037312de1af6953fdcefe70485b,0,11327027,client_a_preview,0,processed,,1780948338553
0x747b0a114c16991110963e001b6616fb2e5b3cb4a43b419bb7cdf12fbafcc544,,,0x49b14a86401de3074160526c3753e9ae4bde9119786b7f6acfac5870b4723437,0,11327068,client_a_preview,0,processed,,1780948356266
0x4f6bf2d2be00cec9b88c980286a6bafa35c71b6bbe66c5d8f6a240fda8f4608e,,,0xb68e30e5353091505b427c538fd8d4e87270a958d1a24d9741191bb3d00137d4,0,11327072,client_a_preview,0,processed,,1780948358243
0x7954100a3e9a99e45f9b8cc6b43b9d09876c68461883c07bc7d80b48855c1243,,,0xefcb00bada43c8d7c8f10b6251d02ce1780cc28bf5bacba33d2989e71e7aa28c,0,11327178,client_a_preview,0,processed,,1780948399857
0xb0222c72cff8a7ffa9cca5218aa83e1bcb2d5650da4171a9edb4ae31a1687083,,,0x1b5c0d25f9ac84f9515d7f4ff075f77c52d8887b2098401f2b032b87a102c999,0,11327188,client_a_preview,0,processed,,1780948403535
0xff061b713034eb689c52f96562167664525ae498f0b810aaab77ff10f0769d9b,,,0x8ec85323f3e0a92b5174b24b6ea80f713482b1ad121b2c6435bccca46c85df00,0,11327271,client_a_preview,0,processed,,1780948434744
0x4ecb77502f3dfd2ade64b27b0477c50c399b7c42febc7bd35a9fa8f135e30769,,,0xa5074bb4219e8d394b2c58702989044c44918e4503e193e7523e5ab92d878c95,0,11327274,client_a_preview,0,processed,,1780948435978
0xe1a6652200615345fd9527589dcccf5c95d52639ea4aee2124a521d07689ae8d,,,0x94d4f5dc57469b44a378ee66045d98f15932f684aaf62c395a335a691ad0b7f7,0,11327352,client_a_preview,0,processed,,1780948470010
0xba0564b1c2ec373cf6a31d73d24f0dfd2f0369588696b6f419e4c33e64bdb28d,,,0x510913a015e12a194a4e988feb747e2d8a8b4f89c41ded82470bffc341d2e57d,0,11327354,client_a_preview,0,processed,,1780948470716
0xd16e0fb94cb745e626ac2aa2c8fff1956517e3612692226796edbff4eb6192e9,,,0x8ef516850523a09c1ce8170c22f36f138badbd9d8ca177aae18dc69de5bdfcba,0,11327356,client_a_preview,0,processed,,1780948471710
0xc63b44650dfc37a5bef28c034a6035913c9400ddbbe7fba61f26c03ab54d843a,,,0x974bfd450a88d4c907546a0b2c06beb85111ee66bd5c90010b106b4cb1b68aa3,0,11327383,client_a_preview,0,processed,,1780948481073
0xae42385db1f98c3919761141ac96a96d82035ec52a8c14a113bcf3f94bb61fed,,,0x5808e30822daff4df8b4c346616a20b3dad0cc12a34aa934b93c37b456685d82,0,11327390,client_a_preview,0,processed,,1780948484482
0x47279f346e4eb0093628a124e294f5350d657d70392bc9b456ed82d81e0710b8,,,0xb0d203912899cba2ff7a67ce8652d0a343a78c4d84bb9874a396b0a781d95be4,0,11327435,client_a_preview,0,processed,,1780948503237
0xcc05afbc47098aa7e9d3e7835f25db0387ad75b71f27b75d51ac23e5a934d6e3,,,0xae7db424c55378d070cd4b07959fa48b03de5227ac9c749cd3ae2a1f6be09ccc,0,11327464,client_a_preview,0,processed,,1780948512942
0x66acb6e4919635629d04e1f06f9b6438097f980da31923f7dcfdca3e203d5256,,,0xe70836110aab63e837433227f22b624e6921d2c6c46832b10413c83c708bf292,0,11327466,client_a_preview,0,processed,,1780948513419
0x30238e72f85631026ef775edfa4141f91b8290715dd649dffbc761ed8d1acc53,,,0x7680b6ecd31dabec71946135f6bea21c95a3e0daf0324c58d3752741d67367ce,0,11327471,client_a_preview,0,processed,,1780948515773
0x472db1dc120946e4eb4054a3b05a1c0510f0bf9b4397866c5a06a229ab22e9cc,,,0x864a987cd587c6fef083c471a9996a3ffc75df03ad98116ad9e4209217844d54,0,11327512,client_a_preview,0,processed,,1780948531993
0x6cb11ec052765c947dce12665d0fc5dd74383e006f5c4d12948b4b43a3108a2a,,,0x0958aba37df1e00494265c57a771bc9ae77791343bd27184145e7ad5e58a55b9,0,11327543,client_a_preview,0,processed,,1780948541701
0xe8253d89f6811aab29e73d429233d143e2fe9970a2741f515cd078b7282ca793,,,0x95d7a88e441b523f3bcfad4c1e0fb6bca5cbb4f5e2d7427d448e48caccaaee48,0,11327594,client_a_preview,0,processed,,1780948562617
0xae99759e1207d902e63102614abe16a5e29023ac5fc39cf764461fdcd700cf21,,,0x607a0b6ab79865d5aebd1afba57fa2c3aa60ce601a71081596aee82901f82d00,0,11327642,client_a_preview,0,processed,,1780948581131
0x6b7b030d7bc7be8e5b51a2f1ebe4d60d2c73018d7e32f5580bc4940762f748ac,,,0x0741b04b54df7a1e1a03810c8fb21c82936337c9c5e318c8e0ebbf724c58d90e,0,11327674,client_a_preview,0,processed,,1780948594131
0x48449782fcebcef0f35dd956f7ae5e217d2123e07f0055a009ad3c97f486e1ed,,,0x930857b2baa62381d96a8123f12da3a07d8cf86d1708cd4adbbe6e922a2cdafa,0,11327682,client_a_preview,0,processed,,1780948596928
0x152a0248bd90761f454c91e63c07ef30f80c353210e034642bcf9de8211dfead,,,0xffb9e27b0ae86d292143eda5d3afc14ec3030f43b23ea4dd06a22e85697f74c3,0,11327720,client_a_preview,0,processed,,1780948612019
0x51a323bec9f012a6d67ee8ab3a5817e7bdf61caa920c2b81ce913844f6a9103c,,,0xc2cce182e34e1700181ad3eca68d62477c1f0288da08e489549c38a7692cd49a,0,11327749,client_a_preview,0,processed,,1780948623636
0xf992481e5e4197623ab94b9e70c8d0fd1b28cdce42f91dabee523116f296d22c,,,0x10d46f90594459c4a3415420a21d82e68fbc373cdebff34ea9f5659ad8ae3a09,0,11327752,client_a_preview,0,processed,,1780948624530
0x170e28deb07568295198749747d9e20882dfd6411b17d07e54974bef3c186a0b,,,0x7b6b693e5ee3b4ba03604c8281f16ddfcc576b2a5da1f322db91d70cdad8bce6,0,11327758,client_a_preview,0,processed,,1780948626818
0xcaef18179e54ad17d8120eba2c68355ed9161678b418d3928faf09504fb61177,,,0x8e09255f07f1802d668eafd4a0b101b1bdeaff29f8331df7e4b1e1d2f23a4674,0,11327802,client_a_preview,0,processed,,1780948645967
0x7793d8a6d090d77a8e1b7bcde5d9b9cee56a7f970d6bcc630835cf36f48bc6a1,,,0xc606719acac4d79c4cdc56341d081ba48ac33cfbf5f167d7be671fb8fc5ee811,0,11327839,client_a_preview,0,processed,,1780948659277
0x014b219c5627414f50b6815c95660a2d048d70634a56fb44dcdd5c68353be256,,,0xe53c36f07209f41c1bf1786e1c9143590c20003a398295d55aa5d02fd308810e,0,11327889,client_a_preview,0,processed,,1780948679874
0xa39c4703b49d4b5af00869fe762a686aead2e79da8c036559ff8188d0b406f2c,,,0x1110b40da217852ec8a5ac3b09696fb4451642170d6d4427e44745e9932cb339,0,11327925,client_a_preview,0,processed,,1780948696093
0x00e81ee3d0d72335d0486ef6f548e65fa16cbb6629bd9cacf1de53dbfe9bef89,,,0x08fabf6cae66d26103a605b87481efb6fe9140a5be9847bb07e0f91766a342b3,0,11327961,client_a_preview,0,processed,,1780948709578
0x2b783918def2aaa2aee174534b9928bc2536d9873c88d140b0560b9090f23379,,,0xa67cfcd18b7307dc6bd8923aa96add72c197fc940c88351e57297082bf1a5e8b,0,11328018,client_a_preview,0,processed,,1780948731236
0xb81ed3166b881274f9f46ffc6d44d3899ac38ff5d037585c6b1a36976f0830dc,,,0x60d0224c9f11cbe4cecdbe882229ac16e4e603580e754f002ac0d6a44f4b33dc,0,11328038,client_a_preview,0,processed,,1780948739147
0xb7a1b18ff992ab57087b105ed3e5c3f94597bb7ca4357dbba000613bedfb47ae,,,0xa2f114d50e1470d5443916ab8d60b00c171a9e30de2fd7c9744334f0f9f9e4e5,0,11328060,client_a_preview,0,processed,,1780948749012
0x1f42b17e46b2914542d90bf74cec4551a6199673d5ee86282a0c1b58687e52fd,,,0xc42488849ed95ac5369ad50651fee35c12b3f0e02b75c0e7ba7bf8c40ca880cd,0,11328085,client_a_preview,0,processed,,1780948760640
0x4b30e96c07d78e0c60ba38a675e1cd780bdf3e1d705599d3e8e6a07c7762f139,,,0xfd78b278cd9f9b19ebd9bfebbc74d68819a753b9354d8f0ecfa782a0c789673e,11,11328093,client_a_preview,0,processed,,1780948763274
0x6f57daa77414bbd841c21888e0544b30ade122599ef5749363f0a2dd694430d9,,,0x7ce3e1dc12db5d0481df00fe7052edcdece9ff52350883539d3c56cb571457eb,0,11328128,client_a_preview,0,processed,,1780948776334
0xdba9f94906cde5b0fe1d261f1081a70db4c47fb695ece7cea711a6dec42f3025,,,0x2fd9e984f6d6f4ca7db762ffbb44c638c69e17b8b9e4967fc68a16086202f8b3,0,11328173,client_a_preview,0,processed,,1780948795888
0xf6986ff8bee7b7926569fa3350094a562087a86a3e1c537a3ce9e197d98a513a,,,0xce25dfe5a4a9c62c11b321f8acb5161a8358d6342dfe203a677ea07aa0b908dd,0,11328181,client_a_preview,0,processed,,1780948798335
0x4ba7e39969e169b71d83981aa41caef3c1cec66196beacab1d02b7a9baf08ab9,,,0x83b2f6e290aaf6cd108151a1898295325fad1edead967b3dcc91048c8286f4f4,0,11328213,client_a_preview,0,processed,,1780948811302
0xa2e92eef4e6027f722da01e4542b988102ca553dae42b4209ec86410541bbcb1,,,0xa3c1b07109c862e93794832c992acf5cd1eb86289a04f12dd254adf673a96f9d,0,11328250,client_a_preview,0,processed,,1780948825092
0x4dd03e4313a127e417e3568acba2640dda5d0c2012dc06a977f89288641c7738,,,0x5ec7c2715d0364f269a8d0a9954e4c55f29df0d6a17a721f9ec1b33a009680d1,0,11328298,client_a_preview,0,processed,,1780948845129
0x69540ae9f5eb93bac54108b41fa0ed600dcf0fe9479b6003ac36dd9a1dfd7db3,,,0x92257b998903954feb3790dd7cfcc0bd277cd88e9f8076643bc3ce6b8bd1cc28,0,11328323,client_a_preview,0,processed,,1780948855146
0xa939ba64b5bcc07f7bc8c09082b1da306a79b4014922ca1b1b5d2ebbd09405f2,,,0x283a0c3571ee46e23fe42545eafac2e4380a57770b15a257cc990438abebe01f,88,11328337,client_a_preview,0,processed,,1780948861071
0x4ae16fe6f2d365ecf5cb23e57c7920e41c30557511873d4de339b78f8c39d414,,,0x26483b583ef093bcf844c29c38e14dbcf56f4195da284033e7cb34f2ad24baae,0,11328374,client_a_preview,0,processed,,1780948877495
0x62cde50b5c7bb0a8ac5c814c063a7460d19f42e15c26373a6e5f8671f4838e0b,,,0x1b1abfcb4a9b49cf54b619766fc24ab0e1e62ce7b633e397c02af5ae756f8a06,0,11328394,client_a_preview,0,processed,,1780948884155
0x61a4146896d1ef9fc68725b61b1b69af0c2018bbed3cefd4c3c33a7a568d02b4,,,0x9e85579679f763353f83bf4352b20a225a28a5c556a2ab16ae3a95a01a5f856f,0,11328402,client_a_preview,0,processed,,1780948887351
0xeb8b88649e52892a5e6fbe71736d63e7a4105da79889ddc9d79db261ce25349c,,,0xaebea56407b747cbe7d6391c3d3c0ecb53bb22618301780a7447dccf079bfdc7,0,11328454,client_a_preview,0,processed,,1780948907592
0x55c8a3b79af79ea88a0462d7cd9c7a227b2197aea6e1d89c112aa0c93ec13c10,,,0xb22a4afdb3f4950b4597bc42663a0c18971f1fd90529e59702bc8ba839128246,0,11328473,client_a_preview,0,processed,,1780948914638
0x17cbc3bbcad7914d74a4d4b52f1e936e9628dfb6300ae21bdde07e961c739552,,,0x12627b5e840d55c99fda39c3702df4730f1c3ad179955c8e88e1418ea62734ae,0,11328486,client_a_preview,0,processed,,1780948921017
0xb647d1227c0e0dc45b69c47d075372f7d4903403fae67aebb11b15544b9957e6,,,0xc6ede44c87b063971b64d8e207e40f3d1f3998e64a0f5d61811112d2558fcdd1,0,11328562,client_a_preview,0,processed,,1780948951184
0x2115052f30e6c37d0f23d194aee2e010ceee90a873ce0c0c6b22b79ac5b8ffe6,,,0x9cd301ae77cfd37b4ba3fda33843b1a938ca04673fc0d8ad7a861657d069fb69,0,11328585,client_a_preview,0,processed,,1780948959796
0x70390c684961e097192367f91c1d90f91d2d8bbc697d0765bbc3d633048f647f,,,0x24493c285224958c6de1fef2274958d108ad90c5b359832fa4446428b44e950a,3,11328640,client_a_preview,0,processed,,1780948981808
0xdd3f293d815720387c7eef1717ca258694640ae680c308ca6f735197b4592525,,,0x436c936cfd53b3efc374d04e981ea09145e83935c2ae6d2a38dea4c244f1ac8e,0,11328642,client_a_preview,0,processed,,1780948982161
0x85ef7edbbdb9755ec2c65ef6de4bd924718dfbde4b2bcd9012bf2cea01d7de1a,,,0x4b4b7b464039dfb9980de097cf548a6acbb85c2ad265dbfc82f32b50d009f7c1,0,11328660,client_a_preview,0,processed,,1780948989626
0x962ee464b809ba1e354b1680d367df9515f40495ff1c6d988ff0464a6b945422,,,0x8c52cde24176b2431223e71b79e6fa4e46a898b66f16cce2bdb086474b38ee61,0,11328674,client_a_preview,0,processed,,1780948995447
0x127a1e0cdc2259f34c10fbbf1e3bb2f552b868edbcad95dab1a372e0df62be43,,,0x4c9da52c31ff5ba0c224dff272b6d65a6d7e0d6966cb00788e2408e986b21b95,0,11328722,client_a_preview,0,processed,,1780949014193
0xdca4d1ff10bfd01c2e9dbbc25954ec09bb15a79d5acad7d6196b0652c20045be,,,0x7da74ea0a4c0334ab4f53495bff35bf878fcf7c51b203f142b592d5ef6bfc4bb,0,11328727,client_a_preview,0,processed,,1780949015874
0x565c95147004d24210e603624c7ce6f787b40486b1ee7f041ca2f846c787e221,,,0x584eba5a2023a348f9f59cb4afee6f198946867f6d93c75e5832cfacbd3c2d77,0,11328748,client_a_preview,0,processed,,1780949025377
0x92465c1a57c47b541daedc623ea52385460f6dffd6f00835a351331c7e3c07d4,,,0xad51593068df5402292242e897dca58fda9618b0abe267007e367828d9c3a824,0,11328844,client_a_preview,0,processed,,1780949061769
0x0173e80e6346bc953f55ec210ba42963860c48e223e27de501dc25560b4b387e,,,0x29612229425e58df85f5fcce1ac096b33374aaced7bc1ecb97a49c97aa292668,0,11328864,client_a_preview,0,processed,,1780949069350
0xfdb0bf9a7e626bfc7c1601126a4d3b934fa9b623fb41e8e10928ff915db7cd08,,,0x73f1067e0f0d7702ffc7d7f4f08357c0f38dfed883437e69db6af5db85e99181,0,11328913,client_a_preview,0,processed,,1780949090543
0x9b11c15774808f0c12bc8833b59ab6aa33539fb504d34e8ba3dbc1d96effea8d,,,0xeb718c1b4b3be214b28c4715e775a8147ad22449bf4ef52fed58b2ac45bf8655,0,11328917,client_a_preview,0,processed,,1780949091883
0x4c37ee3018fed61f13480554d7a0265f67150311ae322a4e3e1330b585d435a4,,,0xb2061a885c5ef556954f2eae3fc07ea46d0d09b78c70afe51dc4c38a3c848303,0,11328948,client_a_preview,0,processed,,1780949106459
0xee68858f460aeacf23198f091bd889cd161bbc76c8b52d8c171a3af2d8be1c42,,,0xb6501ad9364116e76fd92bbb4188528185c577b96f74a4c3b1a89543a6891937,0,11328950,client_a_preview,0,processed,,1780949107403
0x5407c3aba2c3e0c08201e0de4ba312263c989d54619fe81f5cc298ba7ca7158d,,,0x2eda55b96efbbee874291db493817e50e28fca052474792f565c8ccd28b84821,0,11328951,client_a_preview,0,processed,,1780949107702
0xefe7f430368d5dbb9c3fe54f9a0413e9c5b68cf25580d5242e306f8c2d7ed149,,,0x99f27296be24c954e85cfb5c251d851fb7d196c8be0ba9526bc3817f8f935f45,0,11329003,client_a_preview,0,processed,,1780949130584
0x069b3c033ec6a07eb29ad34ca930c64b358b2f98b44316f7a2305afe5670a042,,,0x6f1fe7451112a22559bc9e06a3dce0ee7e783ba74da75fe4aa6b76b22a8f5225,0,11329006,client_a_preview,0,processed,,1780949131674
0x619f90048001651d870213c7b2dcebf522ab801794f831430754a1fb250efe7a,,,0xf2bc6e04b56ce6364af9702ea178ffd9f1c920b1d8c812b3f451b41330e5ad6b,0,11329041,client_a_preview,0,processed,,1780949144241
0x975032c6e1a78366b2e42d77cc41d76be3f280454b8aec7a9bc8c5219bec2418,,,0x54e96d96d0f84218f131239cf939ffe7d27892df2da89057c5419b4d21cde20f,0,11329046,client_a_preview,0,processed,,1780949145679
0x926e65e3decb8a6d096ff7035708ecced6fd5e859a2e157026d1d9bccfb7f48e,,,0xfa28fa19ebba03ee7ae7098c5c6830c5fbb659fc686431e2693435ea597c1a15,0,11329141,client_a_preview,0,processed,,1780949186150
0xc538857c83e7fcca48793be28046c5ad115d4fdb37e170d42c0e488d17349960,,,0x0bec847d56f15dc7a5abb9d6c1e05ae91df09736bb59711eb73b9cfa9d2c1394,0,11329233,client_a_preview,0,processed,,1780949223315
0x9d313f543fd8ad47a4b96d8209365d6839f75db228cf60a844c37369ad14e9ba,,,0x6370f0ed1212fbb49ecfcda832cec9c827633e9f3925d66d1905300acbb14c67,0,11329234,client_a_preview,0,processed,,1780949224148
0x6ae4e25c2bbf98c35032f9a8dfac7490e1af3a74aeec885be90419100ad3f01e,,,0x229f94f01076270c13967792a24e487c4880f10435586d9e06b2602c9800ca11,0,11329236,client_a_preview,0,processed,,1780949225050
0x174bef38b999e0a7739425a9992d61e0a6d050540f28847bb5df47e755c7bc60,,,0x9dd04c0eb97b507b4e192c8a7bc8b3cdd1e92f1da92e5b4507e9494c5665b35d,0,11329318,client_a_preview,0,processed,,1780949255752
0xb2c78f8006af9361be16bd17cc021f9548c89252bbe25a025f97d8ab4f554935,,,0xeeba8ee5b93c4dca977f1c3c7528fe5c1aa5766286e36b9a2f728911ad7231fb,0,11329321,client_a_preview,0,processed,,1780949256764
0x9912a1efb5149efdc41972465c3bcbaacc9fa4597a082321f0be85bccf4c29b9,,,0x6436d77925409c83b79750c475ccea61c8f7a1b16336a7fe2b195f61de7f9ac1,0,11329335,client_a_preview,0,processed,,1780949262328
0x60af55955d77c2b51509485e6d3f7eaf2a2a9137585d9d93ff10210823e38e96,,,0xf0e6770f82bcc2328fb2f603b2ac94529a6677f31f20ceb322515a2bb8f2f691,0,11329410,client_a_preview,0,processed,,1780949293013
0xbf0dfd694d6eab2721e19c3ee9b38690735ad4cc378a9157ecfc516d9f11e063,,,0x90353854a461872288383919cea64b57e971d199430e56be057ce35aa1ed1ff4,0,11329425,client_a_preview,0,processed,,1780949298740
0xfb46a1f0769eeb4cb68066ad48a08614000c6828bd6f4796bfe426c5a055df59,,,0x44ebf778a20e6e25b54672fab6b5fc2e9cfb4b350356fc16538acd97983ac2e9,0,11329501,client_a_preview,0,processed,,1780949330485
0x5d8fbb2177914a7c20e8b4890232c2d2d791fff60cd3d96a3835e3d93ccacb2a,,,0x4ec3bcc6b500c316edc7461c988604e32a7636f4a450c9443fe94123945161b5,0,11329504,client_a_preview,0,processed,,1780949331449
0xcafcf693e3d7d5a394b002846a5de49f94fa3fd8524d0749b77ba9c85d890859,,,0x84762210864a8986bdd0e6ea93b83062e8dbfdbfd26a96ac9e1a41ba552f03ad,0,11329595,client_a_preview,0,processed,,1780949369429
0xc7f6f56ffeee52b93e096242ca7561166f0e7a7bc0f4663cb8fb11d593d45de6,,,0x1d34b0205280f7abcfb0af16b85bdb3411b1f2c73fdbb9452137fecf5c0154f6,0,11329612,client_a_preview,0,processed,,1780949374494
0x56ecb0b7690a7d3a1ee4d7aa8322360c0057a366e7cee63848919e44f717d88f,,,0xc017596115810eb56e2ac48b188259a5aedd0623e24f4d13bc022b99e460bf9e,0,11329700,client_a_preview,0,processed,,1780949411186
0x350726fd05be55a6ac88f84c462f63cab0ae56f5e072ab490543ab0c450d9143,,,0x50d429d27b7301f256a47773047e4b8c5128efd1f6bc15e05e236228e8eb46b1,0,11329737,client_a_preview,0,processed,,1780949427170
0xd339828a667451f36b4dd8cc7bd4b84c521b71cfb73aee4a023283a54ef17cad,,,0x0ab2b6eaf3f29427bc415322cc9b9659c926e4a3a6b446d7d8717d41d611c1a1,0,11329784,client_a_preview,0,processed,,1780949444641
0x54f8f047520b55173067dc70b3371a51a80466e396c981e0fa6a512aec928b77,,,0x4e7aea9963c6fd7f340f56206ce27eb4173ae861d4a8d091ea522a0fc6ad2ee6,0,11329835,client_a_preview,0,processed,,1780949466877
0x7b3b4e6e58a731a71d701e1738bf13b5f0e867fe3058b1a0f44f1506f72d3b38,,,0x02999c479f7100a4e0069f8f1bb683c06eafabe1f169090c79711bff5ccc6430,0,11329877,client_a_preview,0,processed,,1780949484940
0xee4bbd7b93fba39e60382e93e87a02952ae6110f9b526f6bec164de7b4f56861,,,0xaecb6635217ea6e1431e6c35eda66a653ddaa8d3a134dc3a2890c6b07f1532c9,0,11329898,client_a_preview,0,processed,,1780949493646
0xbb220094fce4f8b66cb18177d7d58d798aba04d915e131d12dacdf0234091327,,,0x2b79b93c9dd0c38111dfb572b68724b50f6cdbf92ece90ca4575ebdecc100fa7,0,11329904,client_a_preview,0,processed,,1780949496401
0x2678bf74f28055eab88b0a234e91384b37078a045b941903cd8d01f30ed633a3,,,0x5a38de3df48e78c7f91b82838f1ed0f1418029bf819cbeb364c169d43dae2746,0,11329987,client_a_preview,0,processed,,1780949529842
0x81a807a56bfd8d49306593ac19041bf760f917757779246c8cd29c5810a57dc5,,,0x6233a8d0111f5bb4692992968bbe5c433a7348a4e7f078e91e2ae7ed8ea4891e,0,11329992,client_a_preview,0,processed,,1780949532067
0x19e0df105f58250d9713b5fa4410ae9c9fad952ad012259e45c153d6faddce29,,,0x96f9e9361c9ff35a35293076bfb74a170bf45956332129fd6c01911c5f210ef1,0,11330024,client_a_preview,0,processed,,1780949544518
0xb06b8919a6571a94913eefa1aef4b3ed4f1f8b9cbd64fd33877e4c3915fc1462,,,0xe09f3b9e48703ae9bc8144e2fa9c698c996959447ac380becb1ce66d8a41bc15,0,11330067,client_a_preview,0,processed,,1780949562618
0xa313e7954d6a4a7eb77ccfa2ef8a5dc61214dc2a747152d485b6dfb4ac2ea23c,,,0x301e5dea58c09b0b8dbcfe867bd38f39d5f6066c507bb736e75de6cc9b359090,0,11330112,client_a_preview,0,processed,,1780949582586
0x68e5370fe4716a5f5c2976d3b49f12f9f5c91ee0cde65b8af1bbdfb29f6987eb,,,0x0863c9572b896d3020fddd370672d931d284077a06313aa0839d9288bc3117c7,0,11330152,client_a_preview,0,processed,,1780949597971
0xdf774f58e747e1d0ca85ae1de017595b424d03627711a4549aa3a86ca7c20b3d,,,0xd9f7682a2cd28e159f09aa4f1cd8920a0f9fe3e987610e009da13d4d4b424718,0,11330186,client_a_preview,0,processed,,1780949609837
0x67b26d973c45bc5c6c2e92fe12ea984cd508a173be8f50b3932d0b1cc69aee42,,,0x2727601f323adc6cc52796bcdbadb29793720e591e98902086b4f77d803f8e04,0,11330271,client_a_preview,0,processed,,1780949644602
0xdbcf9bcbd6f5f260cd05cbc5812cee8046d98999886f372dc6b998130a71f98f,,,0x8bb7bb28503076aa4d93aeb83e6f224926dbea3b4a2f8e1a86df745d657ee364,0,11330305,client_a_preview,0,processed,,1780949659743
0x5f3c196d7283ad6796c3e88743b56d4307f5edd4458e5689c56e6aa43cb2563c,,,0x284f7d6eeeb4ae75d6feff235a79f072f58c94d7029f5e0d69eacd2bc0bd1bbd,0,11330333,client_a_preview,0,processed,,1780949669689
0xfe5a6330dd33c39c934b8a90abb5695f82334fe84c2de86630dacb3fce07b9c1,,,0x3301c438912a1426ee96cdf5c5e02ff9e6d688bfe5d4bc04fedd47370cb44636,0,11330350,client_a_preview,0,processed,,1780949676813
0xf29dc9ae8c2ce97509fe22f4454f6f59c72007a7b3d0ee3ff1d6c7f344e5196f,,,0x19227822fa0efbc78b946574b456ae54b1c5c8b6ea7e58a8ad7ab5fcca5faaba,0,11330418,client_a_preview,0,processed,,1780949703792
0x16f2a516f51f6419991c2d00c78553418f7569f3000781352168527364868d6a,,,0xeaac743fd053237a41b81577eed54c6f07a02124f8ecb253ffae3288f1ff64b2,0,11330435,client_a_preview,0,processed,,1780949711102
0x565b118ba65dcc3f480235e25e053039ad60dbc9836ae308e8b4b84b80916ca7,,,0x9eab6362d261d6d6e87c13a8503da5c05a07b5b9fe38f03f751c73f4d7e6cd4f,0,11330437,client_a_preview,0,processed,,1780949711497
0xd4f8e8737fd59230b7ac7e1c19c81111b68185cbea0b402b7aa0534ea6dd9881,,,0x0ae10885ab6ce77e21dc22dfeaa2e6dfe3b6caca6be6e31106a8400076e3a925,0,11330471,client_a_preview,0,processed,,1780949724679
0xeb4ee295dd8722c797679daa397bacbf2d8035d2c17b668aa5e5e14710957d6f,,,0x3b26dffa0cad4e2a416229a9b2bb190bdcbe804a0c9ca311089bebb7736b9951,0,11330517,client_a_preview,0,processed,,1780949743534
0xc79942c4c191b4a1c8bb63bbc28311f25ec15b202b54542864bd86730bd694d7,,,0x07413e4d0a69e1b26e8caa8151d4d2e16b1d945d3c3e6d140a4734c8e431bd96,0,11330557,client_a_preview,0,processed,,1780949759422
0x5db0962ad8b7a03c37b5841fb775073d103be57baa442b12743ac751be4f4607,,,0xbff2eeab2a680691ca91470886fb521912c4fe395bd701d76786a0d8b1b8df8e,0,11330595,client_a_preview,0,processed,,1780949776638
0x1d047c9843d1e13a78220da7bd3e3488332912f6b1e78984fe93714e7c849992,,,0x222ecbb7882cf11e7b35e74e081443a7dd824a6bfc29c667f2ebe046dec8a9a5,0,11330598,client_a_preview,0,processed,,1780949777876
0xd876be0f1170f8a8a5c2397d9a0f803ad67fc4b8e5d4512828b46935ba053330,,,0x28d9892a6eb56e26b725e72d7b8f751863db5856565505298a694ab14c8a090c,0,11330616,client_a_preview,0,processed,,1780949783764
0xf28023d59160722c89e1a21126614b26c8f5b3fa763080c6984f40a446aac475,,,0x5bdf24eaa695ea88ac834cc8301a025101b42578651248a3bc71ab73c2b7a2a9,0,11330634,client_a_preview,0,processed,,1780949790457
0x762c08f02a8f697de82d3ccece758fd8b4cec36aba8ad396ad073079012d22b3,,,0xe0c972c131e68d6affa99a09e8f4c14ae5ea0a96078b80488963719c4efd8a65,0,11330680,client_a_preview,0,processed,,1780949808206
0x7d1cc74ffe1efe4df941a980f4c3bb6595df0245e3cb20b23f750de94cd161b3,,,0x4bd87ea4fe994cf2fe02b7c90b1f17ad32a067e4d58b229e3ed1cb8d65c903b9,0,11330682,client_a_preview,0,processed,,1780949809378
0x55dd4ac8f0fddf64c49ceb8241d27b98da4da4cba0459ff59fc9048cbd062f32,,,0x851e298357b650d8e2d87d9f98bba5f1d72f4c9fc228cc973873f2e05102c6fb,0,11330705,client_a_preview,0,processed,,1780949818108
0xdb5c479a35b432e3bce501f746c7dae982356d55b03e10e874372834007e16d6,,,0x001d2a76828ecb455a0cab0e7b766059818c4fde51a6312535017e3ae9db0f66,0,11330707,client_a_preview,0,processed,,1780949819164
0x749fc1c049ca986e4a81af17585ddf5c437a610435a47055c3036e7b0f18c529,,,0xff66dd9da7e912d3bd2ee63faecc3b5604017e16529e2c9b45bb6aef8fc17305,0,11330726,client_a_preview,0,processed,,1780949828126
0xecb5b94fd34241198c688d2888433e00cdb1f8a5ea92e71778d885699fba7862,,,0x18852089d7828ccbe0d11d221cb4cb8b969ba668a07e242239831226caf4189a,0,11330741,client_a_preview,0,processed,,1780949834485
0x078e9f90bb52ee40bc0c1e8df29a1496647229aa00bf6827b4464728a88eef45,,,0x6cad1cec7297fe3636414117a47170f2e2ca3fb50d7139871714c58061562d91,0,11330804,client_a_preview,0,processed,,1780949858025
0x5220967c9cc63afe9b1af6742501122cdc97350858183f8415a71940acdeb745,,,0x65c84863529c56d77d49f6e1b49ed2262485d5e08da797f862cc8f2ed2d3550b,0,11330864,client_a_preview,0,processed,,1780949883941
0x884993f764070daf6cace166bba145996bd78a04d41f3ed8b5c57e007439371a,,,0xdace235db955f144d613601d50133aa0ef96ab435c32006855bc22c008c5c1c9,0,11330868,client_a_preview,0,processed,,1780949885236
0x3beed7e06b5f75755ad5ba4b20aa3a95f83c345b61c4c17b80bd8f4caa0316c5,,,0xf2e368b55eda5d1b89843dc083115a931b9477a79bb5595e7d9df62b211f5b94,0,11330886,client_a_preview,0,processed,,1780949892388
0xac281c1fce01b7f60150856932462a7d21e7572969577aebc37ce8a01c362bce,,,0xc144745cfc022798ae58335577d7218d0fdff06503e3ce5c8845d02b31e028b2,0,11330900,client_a_preview,0,processed,,1780949898277
0xe83f0a4ebcd462418a6b31c090bc5e0e003e7782b95ce4a5df984ad271c7b000,,,0xf44fc40a9daedacaa6595558191a994b2af06069b6b4e202c11f5342920cfa50,0,11330903,client_a_preview,0,processed,,1780949899612
0xf962ef74b47fec5ad36f1476138e6ba3f789b414808dadac57cb696d7561121e,,,0x26be56d5afcdd3ace8dbae2ae8136eb1bebb8dfaeb29ddb2252947d872fb0185,0,11330962,client_a_preview,0,processed,,1780949919593
0x26417a330989c19f2926026a1c09e628931e02b5d6dcda32f9f27c0aa6f934b8,,,0x8ad03e91e2097a248b8a84471198de5efc5f5c457562bb1a794a9f2ff48901cd,0,11330965,client_a_preview,0,processed,,1780949920870
0x876148dc13f9575da3789d0f41076b040539a0b0f0edab169b7e832fb0f21641,,,0x4a0ad4c126949d00466769c2b3f81a997cca2f8ab722260d4c5e53954c016813,0,11330981,client_a_preview,0,processed,,1780949927413
0x42c34d0d5d5124d2a3ca2b8f6fb47901d8818fd91ab29c25e68caa1d59e193bb,,,0xfa8bfc4a805e82678ffdbca73b2dd3ea81a328290ed3e9ccad442eea36bfab51,0,11330982,client_a_preview,0,processed,,1780949928045
0x16e97ff099759418695dcea85172fe7e18f8059037ca893ce12cbb845a0978e2,,,0x352af6a6a4c5d3e3518677b4d8b83136543e66c05500fdbf0d5b1575436b2c58,0,11331000,client_a_preview,0,processed,,1780949935160
0x5b0d46d6e7ac17a68c77396ac49670c11baefd37f73e36451360326c1146dc1a,,,0x6df5a0bd50857d869850b644201c28c40186eb5789b99921de13d40b8964a738,0,11331005,client_a_preview,0,processed,,1780949936904
0x3d8b8ae96e9231368b03a162f72a371161a492a427f464528052b84ac2e4d6a7,,,0x0f7888c8f74b908669770ee3a5be19be262e5b666e99c7b8ba9afe0c11d6e769,0,11331082,client_a_preview,0,processed,,1780949971107
0x54a1cefc75c9a21598141e95b55f81a6ccd80f252a4835ece091d9ffb7da8f86,,,0x44c9bc9c4a42be8795de76d6c068b2d96f71c8958c23a460ce4b285ec5a4c15c,0,11331092,client_a_preview,0,processed,,1780949971822
0x65621ff902291dd0f7ead4a697f5dda012aef699bd540ed234a06764489ef9ff,,,0xb107fe6bdeef8e26e75a1d5cde31a1ee65f03713e289a8ef927083bd1c2a7605,0,11331170,client_a_preview,0,processed,,1780950003803
0xb4dde4904f8dc75f09fa288e799012acaf8ecfbcf9725858790d55a36776c0ed,,,0x37d83890118ee1b83178f76830b5a5ec2fb4cfa87e1dd993e140ff65caab9fe5,0,11331185,client_a_preview,0,processed,,1780950011357
0xefae9e5345c1d1c55c3841ca8b000fb98ba46b733488efc139929811f6467bcb,,,0xe650d569f4eb27c89504cdb604257ca1e39ad7f80084e5c6abc9cadd02aa7f9f,0,11331188,client_a_preview,0,processed,,1780950012691
0x066105e46b1b5372f847090a9d0e1740262bfab98d23f84af17514559f28b9d7,,,0x4c49d375fab5485c42c654a5ca1110c1ce7b95236be58562c926c845bbd17018,0,11331193,client_a_preview,0,processed,,1780950014570
0xd4771514b4a0db6ce1b144ca49c9aaf2e6462e9d5bacb6953be45d7ed9d60c97,,,0x327a2e9c6f5a8e9a33989e0972ea57209df1509ec2f4a3fd7245fcee78cb47b2,0,11331263,client_a_preview,0,processed,,1780950038310
0xddf4f4c514ef84c4552349ec38acb5d92a0ee639fcde46ff8588304ba67c900f,,,0x937251714657feedd89c76cbf9be02145e16fd2fc71edbe740c46cb20e592f25,0,11331265,client_a_preview,0,processed,,1780950039316
0xd35eee4f2066cd3787830ef8d9ac1e0e4d17f4645a86c8f763b79497d989fdfb,,,0x90c8a755dd0122b67888e443ecf12b6d543621e4d82ff5854730236e3fd473b1,0,11331280,client_a_preview,0,processed,,1780950046016
0x27e3c8ec482a721b448edb137adafd4cbaff7235d5d80363e7567d9aae2e04c7,,,0x7ccc964ecf362f6100da8e995bf1b66ca734bfb5109dedf6b0a0e71ea9dfc238,0,11331283,client_a_preview,0,processed,,1780950047167
0x41f9dee529bd50f661858efc60c10a823cdd3f0d8323626dec0631235a2a55ba,,,0xd49df9f698415779b9c57a443f92da7fb006714152da12a7da9bdb48e85acf41,0,11331359,client_a_preview,0,processed,,1780950077608
0x9aa3cfb5f3fd165dd5548d118a2554761544876bf1bfea0668717a5e31a503ce,,,0xaa690b570aa95d185c82ae7a090a5ab70aa24c8c8e369f6e3b171e05d51c99d6,0,11331440,client_a_preview,0,processed,,1780950109101
0xf728d7eda2a0a9788b4d67ef554f806262f8788ebb2d31ebfcfaad4419383803,,,0xd326ba84f7101dd514a9d4cb1fb4850b0069cb9000d68a7457417826fc29d6f4,0,11331457,client_a_preview,0,processed,,1780950115671
0xc77ba58da2b099f27d126d62a11be6a0e948894bb7815a3ca5848540952b8bc9,,,0x7a5ea69afa7fc11c778a9a31182607c104c28d56b7b7177e887e780f6476b896,0,11331462,client_a_preview,0,processed,,1780950116584
0xd0562f62943808bf02ade94f0ca38f7c1863bfdffdab2596a9e181056d88e3c7,,,0x3ed34cbe09f7060f8f0822f470d6ae0164dc17e574f9d2a8cc6d6176027cb8b7,0,11331536,client_a_preview,0,processed,,1780950144318
0x01c9b27070af74365d139453c109fe3b6abfdcb745f54a283b897c37b235887d,,,0x248ea938823f44ac2879e3e367758033a15210373029ae59f53faf9c71e84321,0,11331539,client_a_preview,0,processed,,1780950144873
0xab6f232f993fa559082b916bf384bd3d1de8ebc1c2ed363dc2aaaf357f3fd78c,,,0x65f240626c9e70afaffa52a9fe8481317cc993cea6a117b9c0284150b363fade,0,11331556,client_a_preview,0,processed,,1780950151278
0xac503447552e22511d93c987a9492b4196c4e7dc3cf7d5ffa2cb0e1100f820a0,,,0x1a71e3d777678f59da75d63d89791f2c0bb4db1ad5fdcfc7b53ea4baa7e38946,0,11331559,client_a_preview,0,processed,,1780950152431
0xd687e35bee329be3bd889e43fdc3e062ebb32a6260f57c340db11df4dd1ee7a9,,,0xefc77d9767a067d6dc592bc600db1a67c41d634a626fe7fe92d77ba9232233cc,0,11331567,client_a_preview,0,processed,,1780950155563
0x8b87688442fde9c9b92e1f7e67227f2d21d11825bd08d8f1df72db29b93583de,,,0x7a89cffb80114d4f08ecdc63ed79f0adb206e5c5184894d1a34e8bd6aa3c2691,0,11331637,client_a_preview,0,processed,,1780950184592
0x030370b32f1607c8915e1ed730dfe551d562b3224d72de17e2f68e0aa57deb3a,,,0x0bc35799001fe1a6948f01b7e759d2788bd4a0ba0d9e831129d2a9f038931f92,0,11331668,client_a_preview,0,processed,,1780950198098
0xc35daa91159b5c430aff020f9a0b6b4f8fd2b8c1802bdc26924f7bf212020ff0,,,0x84a05a4d20873f66915766e2d3402ea664eccee581fff60ff62c0b14a8d1f23f,0,11331738,client_a_preview,0,processed,,1780950224005
0x84765cbc8334dbddfbba414931eef50c597cdcb770295f3fa8af7e1be3e25a45,,,0x43c350a84670c6578c455754e820129401df441d42fd9f182285981028d27cb7,0,11331741,client_a_preview,0,processed,,1780950225199
0xaa30716d5daa27065d3bd99ff3ae1b00dbe33ac0d808bbb77295458209717003,,,0x911e1450c61eaf205bbb8e031b6f08160f304d72c09b9198245b839d638a7641,0,11331817,client_a_preview,0,processed,,1780950254114
0x9d441c01335d742fa8f067c2e2ad9aab52a49e921e1fcd803ece2a4cc9396192,,,0xe8c3f54a59d4300d60a90682d82ff31206c585afa331ee3d20248b5c8932229b,0,11331833,client_a_preview,0,processed,,1780950259924
0xd15709770746ada8313a79bc50379bc8131156cc28fb491b53a2f36e2ba2db82,,,0x691ffc20490ee3cdcb90f228653d0411cada70f377207453fc37b4dce620df04,0,11331837,client_a_preview,0,processed,,1780950261126
0x42842b40c6ecaff8108f2bd6f624abeb3da668a081e4c6e97e0755d2ed3754dd,,,0xce439839be6318866027755a03771df7c05fd63fac6224786ebbd1198a058921,0,11331845,client_a_preview,0,processed,,1780950263859
0x4c7d94817d6706905fc10420e6f3341b7596821645abcb0b6658ea09832bf625,,,0xc3e3d6a0d7556da4bdfa9a17cd34d11fb8fdbc84d8bd5c0571a3864b9f6e7005,0,11331910,client_a_preview,0,processed,,1780950288632
0x91b00348943a2e3033e31debd7edb9bdf7aaf6a88c82ad943d6373b07417c3c9,,,0x9c18cd62d162f3ce1ef4c42e31ee33a0c04b653d32b9114f6e883e8cffa6e871,0,11331944,client_a_preview,0,processed,,1780950304103
0x11323963b6308a2d8d264d94455f05d8e711f3e3c884f33aba55e452311fe402,,,0xc9e5ca1d485e50a5bbcaf6e08af9ca13389b66de852aea56c73ac69800589e2b,0,11331975,client_a_preview,0,processed,,1780950315851
0xf038f0482375013486e66483467b6e43704a0b01ae166427dd9961d5bdb63fa2,,,0xc2ca7f195968b86680637b5095792fe6848d5453c9cf0cda70973a75f28d62eb,0,11332018,client_a_preview,0,processed,,1780950332708
0xb4fd9e874f352f5cb70677e4c75e4c61705ae2310230b5d51509cc29c4db122d,,,0xfb069b1d6f23c21adfbf180d894388f9e92ccc32b021e79f642a15d69b9d16de,0,11332023,client_a_preview,0,processed,,1780950334178
0x15f54eed95eef43c670286749efb32d6a7e0781c710b37e82cd54c72dac5b9a9,,,0x4f387163d83ff388c779b342227a04f8430686a0e6b3b3c4c1efe658a66e74fb,0,11332075,client_a_preview,0,processed,,1780950355273
0x8ab8add7da2de0facb52e3a55271589e4910e7d6c9e0df9c25a1a35cc6686f02,,,0xb74529a57d0388b693dcb88d6a07de070260320df5b61c0b6dce7c143d0afe0a,0,11332104,client_a_preview,0,processed,,1780950366922
0x8e35cbfb40d8e3d767c56f35db97f12ed24fe3da0a5c4c7aa284b6575747d1e7,,,0x1afe18829351ebdc28fec1061f2f0baaaff80715cc440afc05f76dab3033b8be,0,11332132,client_a_preview,0,processed,,1780950378501
0x45e275335b090333836841d1add15676a81c21d3578fa79039d752292610d051,,,0x3aef662233e79aa1f2e71076fb7a12688e7e99d2484c7efd03523139cfc39283,0,11332196,client_a_preview,0,processed,,1780950403050
0x44ac178a2ada201ba78d8fd07a4346ec6b7040a5752e1264267ea3745e8ed6b8,,,0x11239182458d9a99fe87e4522d48386dcc5b7f37e6c4be03bd854829b021b7d1,0,11332223,client_a_preview,0,processed,,1780950414505
0x7239e91d5e8e79f1407f802c0d3ceb46c210e6b786e6ce57e6b732dcb2c4cc77,,,0xe4c2153099c3c1f856102ac226c241b8e1e440e26db98e1fea4373324c52344b,0,11332257,client_a_preview,0,processed,,1780950428335
0xff67ab5e300b47069859dfa506d31689c4548e979c380ebe23428b569e4f8600,,,0xbc77748d8d70c9047c646d4c531feb631bd8489ba3045c034e3ff248e886b590,0,11332302,client_a_preview,0,processed,,1780950445212
0x98130ff01d0cf3ebc4fa2a9a0ab0643631062778edd7263e428b9841bee2d8f8,,,0x1fa3997904cb78342ed1999a9834ee205aa98ef0d2539f0cf3c54e842f62e534,0,11332345,client_a_preview,0,processed,,1780950460051
0x5c90eb68af56e5a9a8883c95143c1f59b048cae0903a07f25eb75a44035d06b8,,,0xa45bc7c0d172284f38b0e460dd8a6ebb63fb9636e30d5f6d8f3af0ef405cee0e,0,11332482,client_a_preview,0,processed,,1780950512844
0x64c9f6723f47450004f1875c35dbea967a04211d9502ae45377355a22da41a64,,,0xd4fcfdbf66a642545739d8ef3f4f72aac246c935ce9863c7fb037bac4231cab8,0,11332403,client_a_preview,0,processed,,1780950516086
0x15ceb23ee30cadc64dcb7951270a5364e2d7ce30df8c3d7e5db2a446642da01d,,,0xacdc968ac41f68c5ac3ca93aa195ca73a78049d3a4c1e411be5aa620f1b182fe,0,11332410,client_a_preview,0,processed,,1780950516433
0xc1fd495d4b27347af5d006422fa5e45970d6675bceb06aeff8cbfbd9420a9db3,,,0x7aa2d4e87ddbe9a1fbbbd36e58c875481e710186149850b49c2abe9663ff3b62,0,11332497,client_a_preview,0,processed,,1780950518143
0x99fc180192843624e0c4d33accd289412e085d44a0153b35094d9dc135de5040,,,0xb215291a8c5f06e478e3294c91ed3bc5fc25746417df75ec675123984eee36e8,0,11332506,client_a_preview,0,processed,,1780950521782
0xcb5d142a0c5a4438ab423bdba62046f230fa94e3b90627c6b04a465f0e79686e,,,0x2905c2bc6bb400d9b132638a45e0ef7d7ade3e6c61262758829b3acdb415ff28,0,11332530,client_a_preview,0,processed,,1780950531153
0xf3fe72be4b06fc1ad35a3d2b752b018c024b411cd0186b3a92e2fcbe8e3960e2,,,0x76e0ed82c161c92fe3bc418257e95042a2f91dbcdfce2ed75cf397c034b1818f,0,11332534,client_a_preview,0,processed,,1780950532938
0x2a2e36642a45d98521ea3b0f2079ccf4b3e28475464bb8d0e4baba7907b02444,,,0x127560c50cdb8839704442fced05c1cff6b9917607bc8031a4f07ee22166a851,0,11332537,client_a_preview,0,processed,,1780950534669
0x47f9746e9e68533368edd9f6750e7b4ee10b4dadd9c5f6b2939b9c117069c365,,,0x44f5b7d80d23cc531b445c95fa7c5769f78a71242556c7059986974c03916897,0,11332581,client_a_preview,0,processed,,1780950553449
0xa5239ed1e7adceff3883c2dcc14307bace7905ea0b050258c0ff3b26efff831c,,,0x0af246424e4e524d98d069e66a7c59460774d0b5e57a89e9f2f1ca91a611bc13,0,11332629,client_a_preview,0,processed,,1780950572270
0x2bd4d2f1f95240c62b6071f2e4595f8f734cafa4cbde06b30f3ed1b2698a1f83,,,0x3ab8941a610ebbf9d79687d63420aec9e110d3fa2d90feef9da5512b67e6177f,0,11332632,client_a_preview,0,processed,,1780950573337
0xae195e25e89a725d2d93008658ebb74d2f3f2972539500a1938ad583e169a3f2,,,0xb61566174b6c9901666d7322c570f718385946e2488d4e7b90993a687ebfe0b2,0,11332635,client_a_preview,0,processed,,1780950573406
0xadf0ab76a365a9ae7c4809d81eb39c1fe549c71141afa1c6b5a40855322ffc55,,,0xf05693e9342f6eac55dbb05b965c744dc1ea91b376dd2f0ff8bc2b9988d0cb54,0,11332651,client_a_preview,0,processed,,1780950579281
0x1945fe0b055558f7b1d8688aa859bf3278b458b2ad248c2d7d9c8eff6918ab2e,,,0xe2570798d3eef2c2fa7e60ae0fecbfc7987ef3ab345e5e43b07ad553c86bcf46,0,11332677,client_a_preview,0,processed,,1780950590186
0x870c449d0c34e826787fc830a5b700a014364ae54a918655c110eef68ce016f7,,,0xe587ff3c95f0475e97baf252bfb6cd79792baa1a1d2565ed70a2361fbb8054f6,0,11332686,client_a_preview,0,processed,,1780950593523
0x9f62288f30290e2352b84d661c0435f24712f468aa61e65eb0bb3d39197d5864,,,0xfbac7f8a486cc78a333ec15a6053919081f5cf197caf2ecfdff29900747a015e,0,11332747,client_a_preview,0,processed,,1780950618159
0x8f1ea02ec4b70a29be07f3bf55929765a3319e4451cddcfc2dc350fe3637a488,,,0x382e471d2759e9e30ce9b04c221548cc69c72c5dadaa9b302ba86e9e5c3b0912,0,11332751,client_a_preview,0,processed,,1780950619927
0x9cd78458cb8e6cd8b136fb9aedaa88e2985294385e38078cfaa319c98310f107,,,0xcb6a571df1c7e6d67415f5cbe909468dfd8a1a41cd14dd1f95322cbddfa41fc0,0,11332776,client_a_preview,0,processed,,1780950629300
0x2d3e63384f63507e40f9afeb78f742d9d92ded7e8cccecbcdb85e8ad360d3512,,,0x5d71c325a0c2ad2e6553aafeb119cb40b3779ff287e2e9ebe1fcbff3dc695e0a,0,11332784,client_a_preview,0,processed,,1780950630952
0x53d507daafe8ffb7aefdbbb94caae358c464566a4a31343db2a0629f8c059f10,,,0x02c020141e3bb5e3185dba0194ac79e700265afb9671d87824a3487902c23f7e,0,11332802,client_a_preview,0,processed,,1780950639450
0x40bbd642de2364f5408b52ef7d2a948c74bbaaa722e1488a077c19f333a71d44,,,0xb73746c67583a8df718fab5f8d495bf7c32dfca5e5c557c61a342c9369766c49,0,11332806,client_a_preview,0,processed,,1780950640227
0x6506f3b361d1e7572df768efc25682dcd130dafdc196d022751f86a09fc70416,,,0xc6f42009b3c1f41c460cb027e527a97076bc674ea08d15e34770f62e488d7cf6,0,11332809,client_a_preview,0,processed,,1780950641763
0xeffdf2c843847db6a026b126e979e8e2c48f2bc1490566b23759d11c3f974926,,,0xefae3370a6ef6fcd6604c34fadb9668cbf16759f7c51c05ef676dbc251ba9db1,0,11332859,client_a_preview,0,processed,,1780950659508
0x1f4fa470d8918f8ff3d9ab736d582c7314f2984396ba76cfa074e15472a46378,,,0x300a05c5ffaaea6cdecbaf2f6200b6a19aa433f22e81db3c8e6a9a5635ab605b,0,11332900,client_a_preview,0,processed,,1780950676859
0xf84ff9f00393c6ad508645ee5f5ab0b096c63a43680de4a0050c63d7ef60736d,,,0xaead5b238bec30da607ee5ffcdc4f68a34dbdb45d0d415f3b8e0ae32890d49d9,0,11332904,client_a_preview,0,processed,,1780950678922
0xc2643df2f1301da5d81c6706b2d207af6e53bd6d59603a5c44b5423172fc10e2,,,0x646ec0dc057cd5036be51e42a049c167b588c59968385810fa5271cb2b13ed9a,0,11332908,client_a_preview,0,processed,,1780950681330
0x21e66e1381479de043307b477283b0a351fd898726e2b38233820dadf9ec93ed,,,0x01a9c9eb07567f6d1d48d4f23a64e4d65989a8bd22dd0abd36370b20ebd26431,0,11332958,client_a_preview,0,processed,,1780950699702
0xebc2cfdb2adf1036d248b924e1c5c6fd063485f9afcb99e022666c5a703b68d0,,,0x53fe702cd20cf155a1bc62ad73ea2a88cda85eed9f08a254bd887463a4285694,0,11332965,client_a_preview,0,processed,,1780950703038
0x2beca96dac1ce248acc125581311c1db684e5ab27ce6f63e9a20d054a6a0b882,,,0x44ebadcbed090972f2c7f9a95d377d66171d6d6752bcf056c523cbf8da7b678b,0,11333033,client_a_preview,0,processed,,1780950730530
0xcda36c874272ffe0587083018c8c693551dacd767d4d560a28b90b3521654a3d,,,0xf6674d7e07590853fc0505f820b6aa4ff9ed05e7fcd76825b36a8721caea3839,0,11333057,client_a_preview,0,processed,,1780950739929
0xaaef7b92c3211c6bfa98f09b7b35a5067ed4647c3dc0ae5c9b5f02aee5609490,,,0xc274cc1eebb442b067ef38dc236cf0c623d07a8c1683b2aa30a103818ff6f5fe,0,11333067,client_a_preview,0,processed,,1780950743373
0x6079f01888b5a4bf53ddc11a23563b4d1f6d28ef1854c15fa45e41f2330ef5e8,,,0xf6624c416d1086ce4226f42e0e8bf892e054132cd3df23b828fe7aec1d25dbf0,0,11333130,client_a_preview,0,processed,,1780950768769
0x4a9c66973a1b39da7b6ab84474ca358f21b6ed811ada08bea0fad795d8026ba5,,,0xafde45518712025523bd60cff87ee438208d2fde5d1a3d5eeaa94eb2e28d2240,0,11333202,client_a_preview,0,processed,,1780950795858
0xe30aee0bf3b6956cc13bf5fbbfae777bb55b195eeb5d161c213f606f8789e743,,,0xd577c449c737b842861174afa4db97aa612531bd5e10e5acc1531915367af1f1,0,11333218,client_a_preview,0,processed,,1780950802898
0xc204021ae8031e72ee7ad7689ea010d5c97a107e0560ea6160e4af7fe99fb382,,,0x8b9fa6038cd4bd4b72547d65eb3b29a690f48468a1a45a750e3d3e8d0e47057e,0,11333226,client_a_preview,0,processed,,1780950805724
0xf33501563d35bf2a66cfa899c3cc0b39ae9b98bc24645c595da5f0bbd8d31a41,,,0x8ce52297907eb9bf35c9ba3715a0da875d5d16931fe432b3c287023e094a0695,0,11333234,client_a_preview,0,processed,,1780950809212
0x90d0a927d63223dd17922f0bb9d0468d629f7d603f27185c73a15cdc946c0093,,,0x138a6f23e53f854bd2a0898851e0af7a00307ec1feb079ff652757c33ef5ca16,0,11333380,client_a_preview,0,processed,,1780950871030
0x91e2e8fe19f36aca60a0f0a3151b2854504b80f03ef4984240c5726a75762843,,,0xfa24baba220fe72237b47990ab508d72637c0b87d7ddefd5f735afee74669342,0,11333394,client_a_preview,0,processed,,1780950877460
0x0ad9193281d28b9c74c56c0b8b37db43c5d7a9cd12f76a1c44764bc92a195c75,,,0xf823721e0417b37d31b5c3cdc0f4d08dc9927848943f677338d024587788613b,0,11333476,client_a_preview,0,processed,,1780950912337
0x11dd2c3ef2ad322c2a6e4e3d9816cd67e22025a00776c2dac4a72c38385b698f,,,0xa8f2b2fab7f34eeb7d52a0cdcb874b41e70fc5867478cd4749bb5777bf4b3c12,0,11333488,client_a_preview,0,processed,,1780950916902
0x63726d4d6ff4ea4f764957596dbed5982062f96ca600ef314352726aa3f6087a,,,0x994a26c87285046e222246bde573c118b306cbdfb48fe0d836715c0af30058bd,0,11333492,client_a_preview,0,processed,,1780950917271
0x2ca2daf32ad0a4911c4d0f62eddded93445a24b42a5b203cdc87019756186c54,,,0x16466378d2bdd21ae39f0fd051318dbaa8cd372b4e0da5688e03e9e2b21d84e7,0,11333585,client_a_preview,0,processed,,1780950953328
0x8b1cfece6e8abf7a2ffcc2e81ae7cae58110e1ddb21bad5fdd2ca2305cec6afa,,,0x20e35ad84b1e58bf7664b7b24869020df345527bf7967649e7a4e5351c3eb909,0,11333673,client_a_preview,0,processed,,1780950988326
0xe9644a9e416024365c69625cb5c446896516192c1fb23f60616a8ff091cb28b8,,,0x33158f98b78a7808ad5e76dce040e1b7a4e0a0ec48a28fea93973aa4f3d5ec13,0,11333679,client_a_preview,0,processed,,1780950990938
0xcbcfe1533da6216789fe39b7340d5c15401d9ad7cd42568b1481aff0a247b8de,,,0xc9380e2158a23b58be9c6b71dd7abb00ad8d2ddc9f6ec478b136acd9b7b3ae49,0,11333764,client_a_preview,0,processed,,1780951025758
0x84e93abbbcb9ac64d4b0f9621641457e7991f7a081ee0acce0783225e31f235e,,,0xcc32ca67bad9120f8e17fe5573de04251e175851a4604fdeda1e7ada7189075f,0,11333899,client_a_preview,0,processed,,1780951078497
0x559c3e3a8746fbec2a8ed3ec55d8d13ca41a6b340f45b5ab97b358881a3de5e7,,,0xe39984e8436df6b883a01499390337be60881509b29d3387559ab8162a477e78,0,11333903,client_a_preview,0,processed,,1780951080039
0x1b8f3cdc037b39727e0f851bd66cd0564f92c454ee4d166259801ce190ca8fc0,,,0xe4671d1877edf8277810cd3a5cc90e64c590d2cc019176113d4da8141503aec7,0,11333939,client_a_preview,0,processed,,1780951095193
0x209831f09b1f6fb8073bcd8bd0b203761e34aeae9b0ec6ea948741257830a1de,,,0xb98d4d630cdf605ed2072acee41f9bd8d565302b8be8cb020f77a853219c09ba,0,11333989,client_a_preview,0,processed,,1780951112247
0x4d84be7d67a3956ca70f616c5b1f878dc5bfa0bdd8dd424639763ff0086ad24e,,,0xc77825ccbb1fbee14694f60483b0c3d09a664949042eeb56b04dffbfb801fac6,0,11333992,client_a_preview,0,processed,,1780951113445
0x33c220155f61b2613729f89ca650d6ae40c67f7e7ddc1d9781368cc30a4e70ac,,,0x9dd2c7fd000815dffaf64257d53268664a8a267d09537335a9327296539b80cd,0,11334031,client_a_preview,0,processed,,1780951127424
0x6551611761c37c98434dc94835b8503fb6dc2bbbb13741355beb037280d795de,,,0x32bba1769eb67f40b81176d67d879cb9ac3de7723a2d79a021879aa1c06a2701,0,11334174,client_a_preview,0,processed,,1780951185087
0x0e4125ca15500d2c3c01d03ee515df9d9952e381b5aaf2a680d66fc277955e41,,,0x4e47a07d3a25a2fc25adb7f408e5a4bbecd33f8fed6d018eb36652e53db88553,0,11334177,client_a_preview,0,processed,,1780951186659
0x41578f83ec1185f8d90a90b4e214fe492b45e7a8d52f938a76b8813417c896a2,,,0x6784421efbcc85e5602c3d96f4ccff2dc681c7914bfffdc2f733e054e58d5b4a,0,11334220,client_a_preview,0,processed,,1780951203799
0xdd2bb9e153e4aad8a1cb38ac719a36f29b7c8526c31b8d44cd70a9a4c6e8ff4f,,,0xe200e5bda0026848cf8f0c98dae318b7260813b35175d84201b268f367d0d40a,0,11334271,client_a_preview,0,processed,,1780951224292
0x857a43bfb143005189d6befd1fbe4baec4287f88574b7af4ff4d8b9e24b684ca,,,0x1b974145c4ba2a3f259d6f2c3b1a476184ff55322fb731953943f93eefaf6efd,0,11334276,client_a_preview,0,processed,,1780951226263
0xe42ac72884cc67939496b0e0064b79ab1ac39587f63948516b42af57f489ddff,,,0x72e90af8b5036a0a9b87dd180a66825c12f19a1c4ada563aec77c148f622a23e,0,11334445,client_a_preview,0,processed,,1780951290971
0xee19f9235798d0f5f45cf78babcedd114e2b98b6ca718c2d715eac80714eef97,,,0x991100c44f3d86de3dfe30a51b08d9c1f86b6e92114f3bd82747ab47286f920e,0,11334448,client_a_preview,0,processed,,1780951291793
0xf578696360e1c250ed24ae20398fb4ff61e1b957977a5a9330bcdde0cb81e67a,,,0x5fb880bf00eaa616b2fe829330957869716cf9dae6934c4a72ff87712565aec2,0,11334534,client_a_preview,0,processed,,1780951331065
0xe37e3c805577117b4a241715f11197e2f3c3f49835a5e1ff124539f2ff606fd8,,,0x0770ded30b441e26b632f28d128f2e87cdc3f314fe37eb50e503cba6350d94e3,0,11334538,client_a_preview,0,processed,,1780951331853
0x63836422f11a32c09bc157197111d489cc68e72eb3eee1984d912503521e6deb,,,0x1246bad6f3add00f2198a58a124ec73ee4d73cf90c70a3c7350e1611e8bf2fc2,0,11334541,client_a_preview,0,processed,,1780951332885
0xa09c30535793a357241165363caa5445491adf3b2d6b5d0274cf69d53271d2a8,,,0xd994787e8e0db6e69b2a39a3b6fcdcd3e00906c8dd3a5a7e45aa26a95008173d,0,11334565,client_a_preview,0,processed,,1780951342479
0xee289f824cc2cb946f6d275099de186083272dd0e3d807714c782070c331323f,,,0xbf1c228ef81c2b51bb7caef6cf42598c4b9db3aae71769b5175bacf79b38c248,0,11334660,client_a_preview,0,processed,,1780951378805
0x92bde98f267bef199fe83cfb1dd9a445bc5c5f59c373f30c93185d70cfc10cfa,,,0x0d25b1d9d5e083ef223ab509d0f1808168c79758ee5599766ca37b1163c92a99,0,11334726,client_a_preview,0,processed,,1780951409709
0x5d60646952f7724e5d90fc1713c7a4a8cfd2de896ff35cd3a658bb40aa200356,,,0xa21a145006b883bd14808b20df69f3171e274321d2ae07bd3e1163704cd71e45,0,11334816,client_a_preview,0,processed,,1780951444071
0x9d432340a5a1dabfaf0c26abd6c8760b48945059189ca3bc1c7836de7f6d61cc,,,0xa30fa46e188b0d8feca86eabf43ad123155d59d28dd35d104d4a94cdac36f933,0,11334840,client_a_preview,0,processed,,1780951457299
0x843ac0263ce018cfd86a0260abad4e079b6caee3f96a97a0c1069db22115e690,,,0x1c928b551a9fc1c3bd835a44630e1f831e13bd2fa8a6f40e6228e02dae912763,0,11334927,client_a_preview,0,processed,,1780951489340
0x8269e843f1d55cc460fb5d5e7fb9e96a92923be9067df6b8284974b6bdea3e68,,,0x2d5cde4e025d92485d1d00a86e32865bbb39f3b826c41e594d761d1ddaf5797f,0,11334946,client_a_preview,0,processed,,1780951497290
0xa8d432ea7973a1bc0e13233f04b950529ab01d1412bb39ec1fa64467191db353,,,0x879f1207356a4eb86c5d0f4571ee31af18658bcc8de55d3d59690684f46e741a,0,11334961,client_a_preview,0,processed,,1780951503870
0x3f4dceb13fe77aecd9ee85ef01da218100a5b5124707d5fb78862b1fe3749666,,,0x2a7e4c268a85cb964da3cb3781a06a26210dfb3f88cd9d9984912c27fce497af,0,11334968,client_a_preview,0,processed,,1780951506432
0x757a0b902085cfddbdcc214413db6a27bbcdd7f7a7cc79747d267da8aee6f1c4,,,0xe06ff550bf422d7010de8f54ef5e6e6df1d1f3c8d7975a24ed107c02e7420d44,0,11335041,client_a_preview,0,processed,,1780951535282
0x2777234f791db3e6d6c4e2c68149349d88bbecc7933d6f89198f262eb7f433f6,,,0xae33659c8f47b69f5b750282ea808e233ea3b9602f8cf79d79eb70b0fb06bc72,0,11335113,client_a_preview,0,processed,,1780951561890
0xbd1b4051072f652ddce2e0dbf742cb41ae7e3ef1ae25584fb25a6265595d09dc,,,0x6abdbe67eae1bcdfa42ba8d4402496194a20d1455a5b11829327de5fc82f7521,0,11335126,client_a_preview,0,processed,,1780951566782
0x9760455df1c28e40f8832a6b50956a237003c5f1808d79a1d45447849a6d3d01,,,0x46428db06fa27a6165de4719ced3ee70f1895f287cd7aff18da9118e710a5ec4,0,11335148,client_a_preview,0,processed,,1780951576059
0xda3cb774801fce956c5180f88f6abab052c7edd51f163e7330133c1d41bad74d,,,0x8720ae210951680aec719dab04f1342b18f91dbf6e86734eb5076092948b836d,0,11335156,client_a_preview,0,processed,,1780951579302
0x1ec1842fc2484bf69d79d76b6ecf3ac4d8405b98d6535343bbef4da39df133ea,,,0xaeefc4d8b599c00095868d329a5406a11509b462502356e37825bf7d93f11acd,0,11335229,client_a_preview,0,processed,,1780951607356
0x0ea38f6357830753153a6df7ce5b021e203fb28fa23cdd9227e7c095c5f7416c,,,0xe4f4ccb07b7ad4e4d96895dafaae1d34fec77da26c7f36b1c02415ef5d021bbd,0,11335238,client_a_preview,0,processed,,1780951611123
0xf1ef0e7a4cb3954ebe80ded2f31b9ed85ad041c560056da05aebff9309f22633,,,0x4ffd90cd59143593546e29b21ebfd3061b600bc859e4761f017d821342aa7257,0,11335246,client_a_preview,0,processed,,1780951613804
0x84df091f3816b2f751280449f4d0cec64dc3820c8f2f7f6db9d9d2b1bf8d1604,,,0x0c179c576fce8728f1766b8c93320161979b0a4a11cbcf31f264614ffa063c43,0,11335298,client_a_preview,0,processed,,1780951636566
0x76913d7fc6ea5aca76b49b7364064e4df0e75a58152ed5ba2c9be0c9ed384a65,,,0x4e8bba3eeb1737c3092520856c2a009ab349240068e636c27790408567d57838,0,11335314,client_a_preview,0,processed,,1780951642853
0x6bdd4e07510bf3a6349d1ce84ac78e34e1b5ef1c5dd3f30105cf4c4db5ddf253,,,0x17382e374a61680f6b3565f9022b4db5855ae4b10d65ff4e680af3fec71098de,0,11335315,client_a_preview,0,processed,,1780951643609
0xbf3e5d3bd58a84628fcc544692570fc9d67a9e535487326da4f33a1d0b4e1dee,,,0xf8c869943db5eddfad127f8032834a029f80f716b1946a68fd5426ce317b0e4a,0,11335385,client_a_preview,0,processed,,1780951669864
0x260a5d7f64798120161c565a9762a4d756f579651ade3ebb8fd52e53f257c1e2,,,0xde61fe2a1ebe3218ab1b0cbbc13a6b9b6265edbda42c3bd32a164a862c5bdfd7,0,11335400,client_a_preview,0,processed,,1780951674994
0x7a4c7b48588398fed09cb9d2da460763e4a023cc2f30f3b4567e0e831b3ee9cd,,,0xc8fe34c814b886e7945ba760f109008f511677bf17b7cf64ba268d4f4f675cd2,0,11335435,client_a_preview,0,processed,,1780951690276
0x4ba0b23b7b640ba276d9b9f476e4987bf82fbebae7edc63898cd7a28c3ca9003,,,0x366702eeb18feda6c561b16cecd740d39a7cfead028c806c064dfb608917b941,0,11335516,client_a_preview,0,processed,,1780951721159
0x47231b7806d98a4700487a3c8dd5bc73bf5543916d28d5656861fbc8d71270c8,,,0x293a9b753447d39ef15dce355751f216583d1db5738b7f755a3838c577e50555,0,11335592,client_a_preview,0,processed,,1780951751409
0x61c30964b56fe89b200fcc27a4281dd52ea53115b7de7605fcfa29b1e34d0d9d,,,0x858071e68ce951ebb5f648a4d1eeb0e290af95f6b2f40467475e578cf92fde3b,0,11335678,client_a_preview,0,processed,,1780951785773
0x4b7a4f871809308c99064eca4a6c5e33df3e9e71ec91d7cfb8bf9dfc6576e28b,,,0xc364621b354a84c4f0515c38c56669bb40383a421e6533bbbf6e9a1d253d0a77,0,11336147,client_a_preview,0,processed,,1780951971624
0xa72d6c03def0347ade34a77f7c141000b57d4921def0c7ef38a5ab42c1ee8a84,,,0xcd92ba53b08a3d669ad38ca33158d33d41266fbf63d60d0a8a61149a6b34e246,0,11336199,client_a_preview,0,processed,,1780951992749
0xe0a75457d671ad018d3a1f8af9a7e3c119928d802d94ce3a85aab385a2fcfcfe,,,0x45d6e328b8e0a6b6bd02e4e05887f6ea1631401bc625d9832e69cbdce20bd00e,0,11336203,client_a_preview,0,processed,,1780951994508
0xeedfba6640e32d3e5caee010ce1e89632775208e994a65d52a814e52e39c1622,,,0xc4abc6de7f657aa86e47645d50133627c2fad332336347336b69ac6ea08c7c08,0,11336248,client_a_preview,0,processed,,1780952011927
0x38887b1bb0619c19009b16518d291b3701ffc79a57ba5561864c2275c61c6e0a,,,0x61fa90aa2bdcf0d84288ed06ef3c9945326f657e65df1f974da7cc2ec86e5061,0,11336386,client_a_preview,0,processed,,1780952066167
0x8c942689f22759a52b44e179d6a2a48be51feb0759e7b3e09aac687ae3dabfd7,,,0x93c8bcf2004f713368e1f195c87d4e99425cca45743ad542f07b0bb2c3c720e2,0,11336392,client_a_preview,0,processed,,1780952068048
0x0e8ba948ecd7e22e4c44336dbff6fed6b30f5fe142c1b7370497b07c9621fa70,,,0x483012afe92aae881a46e29642ce25f52e55ac4986b9460d217a9e38af2ac6cb,0,11336396,client_a_preview,0,processed,,1780952069259
0x81f4dabcd359973c6dc143c45e6f6d5609c58395eee1b05fb3130aef440ffc4d,,,0x6160861a666678e3a1baadcd6d3f507aebdee5c918e20348db9d476092cc6ac5,0,11336489,client_a_preview,0,processed,,1780952105020
0x62444f0fd40be9e3bca523de7e2f6631909bafc6a9b33af467b4c0602b7c12fc,,,0x63962d65ef2ad31cc65a0b2327505b3dc9adf06ccd310794bfb7895e5f0ee874,0,11336492,client_a_preview,0,processed,,1780952106350
0xf2b29dd679878dfde7edec53b69a14ee0a5e7189349d9441433d00e4f5529350,,,0x4d6a8dc5bd046190b0fd17180a7d2f2f0c648c7fd268a2143b720df8e1739f6e,0,11336497,client_a_preview,0,processed,,1780952109696
0x2004128c487f62e36f8f9e6d7afd56c4e28cdcf1a8c84936e8475994913398fd,,,0x0a6f9540048df0cda17bcc8c3f40e13e14bc862437e0ab7bc36faeebadf8750c,0,11336780,client_a_preview,0,processed,,1780952214937
0xe4b3463d89ec0e5788de471ce2f9b2dda7d5f5b22d423929f8eb991702ad5969,,,0x70a10794bdc6f406cd098b2e8f42a4a42ee415fc28cbd9817858fef807aeacfe,0,11336878,client_a_preview,0,processed,,1780952253040
0x96a1dccc41822f9f49a5fbb47f26df5c879381cb039c562936b1ff101f273571,,,0x174dbfc60aa8d1774b25589543e21a6eaca2b28ba1c510a014f421de96eddb18,0,11336904,client_a_preview,0,processed,,1780952262659
0x4060ba5a3d1dbf36ed80316d49e5fa70dd402c4fa1ecfe3d8fdf7b459efa50b6,,,0x3763a1cc455dbe5562c2630cc88b454bcb8a6fd94a80b949350d17f9d7d49baa,0,11336980,client_a_preview,0,processed,,1780952295612
0x140a11072c98e40de5f6aea4723753c059ec7f1a7873bf437e2813af9f018c81,,,0x4b104c7b3a748efc03769ada80424ef0e6c6aff69520bf49a43da43e7fe9f50d,0,11337061,client_a_preview,0,processed,,1780952327064
0x9d130237ec3cf6fa211d7a02c792663196d26c708d89345cd0d996d02d6943c2,,,0x40ade82afcb699d75f7efdefdce4e02f014b1756dd583072243b19890ffb3d07,0,11337092,client_a_preview,0,processed,,1780952337699
0x6d87bea118668cad5b6a7413f75f279547a84a3790a3028a7e80358d4fea70ea,,,0xb59c351706ded5506b972775b1b31cd20b0f2ed929cc4fd41eb3552278323462,0,11337164,client_a_preview,0,processed,,1780952367850
0x8a64bad463abeed7c98e4d29f228ac1ed12145f1bd5a0d2675c2c3b01bb88628,,,0x60e676ed751908bc249f1d01272974e39e86f8a52a55b0183355bb6ae7a854a3,0,11337187,client_a_preview,0,processed,,1780952376498
0x350ef16392ac36b2a6d99ebde82055f3dfdf27e1cd9be91ca483df99059d5c1b,,,0x981109ceb320fa9e99bd4cb82c5f3aba4a271264a00d2fa965c560ea33a271e5,0,11337193,client_a_preview,0,processed,,1780952379229
0x4605d3a909f2ec5502b6762ebe32c365dc6b9ec59687a2eed006c3e9fac8d164,,,0xa23d5c6a8363f85fa98f2935da99e63f7523d21e582852053fc1a6e858b7b1b9,0,11337271,client_a_preview,0,processed,,1780952409217
0xd69b9d977188d8b2f629850366d316bb430b918f01c955c7a0f2c596b84771ab,,,0x0db3f7cf704aa3372fc9a8e2523981daf539252c16edcbf5adf3e7835a0a1988,0,11337374,client_a_preview,0,processed,,1780952449032
0x6b72e5cf0efd91b7e3aa8b3216b2e482a378eb10ea904ce5426e2ea9b2e50563,,,0xd1a8ed43ec90e9c69d595f52427035683a66f82bf9451873f795a30315a8e965,0,11337484,client_a_preview,0,processed,,1780952491795
0xc45c547430b5fa6a2debd45023ab94834b02f6a243b31f2164497599dd9334c3,,,0x47529dc50d54b27f55fdc72f7f9b6e7575e5e4163bd8b2057266691d904f7c4f,0,11337539,client_a_preview,0,processed,,1780952513453
0x9a6c82ff1b3ab71ee56f7d981e76cc685c2d6f06148fc4459fc296039f86391c,,,0x9ae7edc531685e204d82ba60247ea647527666684df68d1b5a884fefb2474f7b,0,11337619,client_a_preview,0,processed,,1780952546314
0x75602c31fb355c5ead401de3e6094d77adc5a5e4c857c1d59f4b262e0dab1a89,,,0x84468bd4977103db143b04f4c3fa4e7bbd671ff0890b74f839048aed742b73e1,0,11337643,client_a_preview,0,processed,,1780952554405
0x3b5c9b9c8c8f567e23d22d18461cd2f4544028927e291c86350cf302c5cf6f0d,,,0x595eff4d1573652fab93ee4e16270f07ba9625876033b62342a434317e431227,0,11337721,client_a_preview,0,processed,,1780952583444
0x7967c77f345500807272ac0922d862b532c6e7b0884eba5c53f3f1ac017d6ad3,,,0x3e436b24f1002f6156ebf4e7d768a95180a6007e980b3a297dd18facada987b1,0,11337989,client_a_preview,0,processed,,1780952686475
0xa7906232d4adeb17e9458174cc9883da98a244edadb751d8596bf66f3a7f1c3b,,,0xb6b7a8c11ee782f339a11b2605fa08d69b3f1ccd068629d026a4037d92fda45c,0,11338098,client_a_preview,0,processed,,1780952729342
0x20505e059a79a1e6c201ad7eacf7889629f63e56ee41b8ee5060b8b483f4bbbc,,,0xd766eff1994811e405c09c4ee597e9bb47576b5c014baeb65fa44dd165d60db9,0,11338142,client_a_preview,0,processed,,1780952745578
0xe96945f0916430fc39c77cb6db3d1a8cae96719c9312de20db5c73d8383e8377,,,0x0f7a865b98e1d3a449e9f44b261c35310a06210166008c9db2f9dec385e78a94,0,11338145,client_a_preview,0,processed,,1780952746924
0xee8cd7db1b3330b17cdd9d0ba8338f94425eadd5b562056f874e2acaf56941eb,,,0xcb0a7d056938ff8a174326f365058d02a0e8eee2cbd4299e5ed0800df7bd5ca2,0,11338148,client_a_preview,0,processed,,1780952748410
0xd01f3783541db03e7540ade435d14da3feffeb7c042658f44827bf1608e395a7,,,0x5c870061393efbfefbd255017c14007f52f8d6fab0e43d664321e8fd9adc26a8,0,11338171,client_a_preview,0,processed,,1780952755154
0xe33c8e7cfcae424631b4526c57176b54135dbfde58c9974ac32659727b1192b3,,,0x7627169ff5eb507423e891ba69372d1264951b87dc9ab6fd155d40fcac1672ea,0,11338187,client_a_preview,0,processed,,1780952762817
0xe326bccb3f5c87112dedd7eeddc20db3db9236d52103e240da68c49da019ed3e,,,0xfc1d7c5dcbbc61ee6f96d8ca8492bacb2c5aaca5235bcef0af32e7761f8bed03,0,11338267,client_a_preview,0,processed,,1780952794028
0x490abffbff7fd15b940ac294053f531b54bbe3e10274ce8fa85885fd9c2727ba,,,0xbddd06d6376d3dfa8ae2d0cf71332feb675751c0891c9c003af2aee49cec8fe5,0,11338327,client_a_preview,0,processed,,1780952815182
0x33a1f46adb7986f6ace781aa5fb8c4addbd2c56a094b8a6d556c5c745743e1a4,,,0x96c9023e0fa6ab9d79ac624da87677987ee0a008dde305f86d1a201c6d2adb64,0,11338330,client_a_preview,0,processed,,1780952816972
0xc9c1718551ec74919f57e6b18a793cd7d07f070b8e891e4f2bf98c7b125c60be,,,0x8415add0f39cef766ec87d88dd9e41149b57a8dab45b9af583ae88ce9c59dfda,0,11338334,client_a_preview,0,processed,,1780952817816
0x62dd5a59bacd2149b29152c3646ad9a9e61abd5ecb96bf36f106899d5c920856,,,0x7ba1959c4ac00b12d5351c9a81894a3dee515375fa15aa414be1660985312d8b,0,11338417,client_a_preview,0,processed,,1780952852850
0x4a6a4dbb6bd2dfffbcc613841735f4003e13e73718e4add46dea22aa14d67877,,,0xa4fdd289358e864df4414609d6b796e5a9ddf0a17aa3a70afdbece3db5aab463,0,11338420,client_a_preview,0,processed,,1780952854306
0x94f3fff4d2ebe995b1c85999126afea9be77dee245918ccc56cc2c20a37ed294,,,0xf68e2288aee117ab3d79b0954539c18712cf082be3b621d0ddcaef3ec38fecc2,0,11338423,client_a_preview,0,processed,,1780952855707
0xebaf4e2d1a7a2033df118c9da2099a3e91f04bd82cad6de538741daec24df7ee,,,0xa2c10a346f589b87b21fc9881d3459e0941785874647e6d321025493144f276a,0,11338912,client_a_preview,0,processed,,1780953037544
0xe5748931f0c8a5a6d6734ce2fbe43328f931a99d54771a5c8280ee51f885ca0d,,,0x620906d47dda9327c3296c04001741ac83e1fde9714a504723924646519326a9,0,11338921,client_a_preview,0,processed,,1780953040834
0xd30753c9e358ae696af5b712fb1b6d71e9ce0f3c7474139be4cedef6086c4bf9,,,0x4a0400ec01572cab0178b6addf08a7b28fa10bd9de3e4f8d34a6b7c9aed8efd0,0,11338996,client_a_preview,0,processed,,1780953071455
0x45e0a8795d2c95da0f38e091e6028d35d550f0bfa276799f3fa8b8109cec3ac2,,,0x16446d1a71240bcb0b3acb8544ba75fab8fe78f7763d40b51e60f43593f4a64d,0,11339004,client_a_preview,0,processed,,1780953074209
0x0103384b4e78d887febc8e60fe4a6caa7f0b799787e9ba556d60739333445963,,,0xbab0c991ba93a2c7b7e6fe538ad9ad0f85f45bf97fa498fb643bd28115b28ec0,0,11339032,client_a_preview,0,processed,,1780953084679
0x08fcf6cfbb6499171638ca2cdaf2802a146db077545227e9e78234d13e6c0842,,,0x6945b1bdc6bb38a7463db82c8a4159cc8d920900f20c636d22ac58f123495ea0,0,11339087,client_a_preview,0,processed,,1780953106729
0xfc7f6dd582c85248a7158499e7ad8238c7d757ccab5865b3d3619b97a36bb5b8,,,0x4347cf3619e92f0ffa7b5589728fc17df3a2e3ab783ea2118aa7cc16ad38bc0a,0,11339114,client_a_preview,0,processed,,1780953117052
0x1d7e4c1aeff46af45ada0b3edcc636390fd187ece920493a2d3b0ddf03a40a9f,,,0x9403678e120626b06fe9e50ef8168808c84c4c148cb5baebf5d5e453837ebf8c,0,11339120,client_a_preview,0,processed,,1780953119104
0xc795f087bd98c9488fedbfed3f4557ccd078f43b6882f1f75ee566d7b89ca640,,,0xf4516af2de79b56b5406294fce85c714c376480ca6c6bcb1f062aa5950cc6d02,0,11339127,client_a_preview,0,processed,,1780953121540
0x95d033eb68319b4610331786970fc65a1ea4e5066b03080f4ab27246249098dd,,,0xe63b5f323497c309ea5dcd3df1c0b17825dbba7318ea95433e63641e9440d3e8,0,11339199,client_a_preview,0,processed,,1780953148659
0xcc3dd424618a9371d8bd1e6a23b43dc78c59a053315401aace27c19405d95919,,,0x3cacb92c63c50dcfc35ac13407c3e7df1689bc3f5a0afed40a511e231c515e10,0,11339201,client_a_preview,0,processed,,1780953149125
0x9ad8d0afede77e35f903e8d0c25245b41fd2ecb0b8dac350d509fd479b944d74,,,0xd3d8fb6600ac4b265c8341bbabb22827200a43b07fc8860affe5c63f12827c58,0,11339279,client_a_preview,0,processed,,1780953178336
0x3a88b25ad28e7a51ee33bac4e1c0347a6b488f1fb6580205b81ab45a5d0b8b8f,,,0xb67b40bf8f4866f59a9e243fa9d289ef1ad07c97dbc7396bde74b019b7049864,0,11339284,client_a_preview,0,processed,,1780953180990
0x31d4bc8d8ebcd059b579e27bf1af0b62b442b9c47b0f67f3ab6680addf4285f2,,,0x93328a4faa6f63d16228422d80619e6be0cfd5cbe3a05ce7dd9ff1edcb6df9c6,0,11339304,client_a_preview,0,processed,,1780953190058
0xe784fb8f1bd2786cd5decaba739304ae624c82ed87b0a91af1409aaff2671fc4,,,0x00002de2fbe607fd0c442133945f3ccfc5961ba51fd569dd852d5caf82d2b4e2,0,11339313,client_a_preview,0,processed,,1780953192859
0xaa672a434a356f189fb88686fa80f5189334130f9ce97ab3709d799905a157b4,,,0x22f8bfb191b19ab66dcb44d9c1310caaf27abc5ef7fb8ba3be52b38877dfac76,0,11339374,client_a_preview,0,processed,,1780953216277
0xb00603a081d577d3265d6aa565499c6dff746d9a1f3d0b321682834e4f291845,,,0xae88daa4bf025ac15bd5d508f9d92e739968736f7c1c731e679c636dea3f5d03,0,11339390,client_a_preview,0,processed,,1780953223699
0x8a191320a903139b745a5709abcd5bf9730cecd5907a5c0e04a8a10a36ca8488,,,0xfa9b65f287c35f4230824dc3d2273045ec55615cb4b1666e49ef9b53dee3b842,0,11339401,client_a_preview,0,processed,,1780953228746
0xc548adf5be6d9083c88f788fb2cd4197c6295d27fee0d5ee2581f127c199c9bb,,,0xdf256b08f54ed4463ef36d3af91194de778adc906d1404a68636784fe7a6a7c1,0,11339409,client_a_preview,0,processed,,1780953231600
0x9714ccca6901624a83a9c141277282fed4ff07d0a84ed69ed0e92755e14c5c0e,,,0x69bc3d7e85e1029def0f7ca95d5c9af9225b6a2f7f96ad5960c1fdcc8e8ba62a,0,11339477,client_a_preview,0,processed,,1780953258950
0xf0b13468cf8d916fdde12553acc426108792c45870941aa0151fed8f04ba972a,,,0x5db21f90a3285f02665acb2ff0f8db0ba1455be4bc23965a0919a1a6a1b02338,0,11339560,client_a_preview,0,processed,,1780953290592
0xafe96b0a82e05bb2288ca78d5fb9832674697d4704da4aac80c4d53bf25921c9,,,0x502b4eebb1f57001409656d6e37aa109eb2fca8b30cc2f751dfb47bda9feca9b,0,11339653,client_a_preview,0,processed,,1780953325712
0xcc79afabb3ce448a3b552200e883216c3f82e8d2e3bda7d62bcf7f4ec560744a,,,0x94d8053959736c97da0f3c512948fe0cae458ce9d268ce7e4e98e4edc3b17b0e,0,11339667,client_a_preview,0,processed,,1780953331709
0xe73609b1d095c5bf3b6b8ce34adab724d21a0768f2ff10469679f9c45d5d06af,,,0x08d7f05be775720663dc919899fc4b0c3e3cb1896f6178dbc6e1093e051bf3cd,0,11339768,client_a_preview,0,processed,,1780953370713
0xa38b1953deccac9ff4f42f113fbe6d89f0090a76a6c91661ac7735ec577988f4,,,0x81852e486ecb3cddbb2cc4bbc1abdb4a23985b762e508f8ef7fd21833de109a2,0,11339842,client_a_preview,0,processed,,1780953400510
0xadc777aaa888f1af80a739b262c9642dcbf7eb8668c662d0954c5fb2a671a9fd,,,0xe2381f9fb023d9d90ca373c1aca913916e266de7804132c31cc9e4660e148ac9,0,11339857,client_a_preview,0,processed,,1780953407005
0x3644fe399de7595655cc66f0a18e23a0c5ba4947a6586fdfdcded67a9cdbcda4,,,0x85a52bab906a280b6671de65eeeed098f77159802b58afdc34ef70edadc0568c,0,11339933,client_a_preview,0,processed,,1780953438302
0xc74bb3cb3dfb62edf3e47b3906caab1ce66f1057589a3e5aaf58237cd4e6f8dc,,,0x9500ac5dd6697a3412d977e1f2fad0abd9da5792a66bd31b392fda425f07aca9,0,11340042,client_a_preview,0,processed,,1780953481117
0x30d2139eccc812857243ce78a47816031b459cf24c0b2b320432df87341e8aaf,,,0xeae54b2df6f80caf07565cddf2fa8d83e3853d6ae5f2782213a3b8a2699d598d,0,11340085,client_a_preview,0,processed,,1780953497988
0xf2af00d8daf4ff217825016800757d463a68bd5691b47af4e5b3c20f9a335605,,,0xb323edb176eb8fc068dd234dbf0fab209662c0bc5dec85b9ba0ec477a63626e6,0,11340088,client_a_preview,0,processed,,1780953499155
0xe6fc2c35f49014978acaf301c8b210d806a3f5ceea3300c373a852357c6a597a,,,0x1cd593873e73bf101856f7ac472a4732092a5d492ff2dd5ffed75216c529d8e6,0,11340091,client_a_preview,0,processed,,1780953500418
0xc63c0b87ce4d66bbce10e235dd0a16f2c8c469bcf43f1c5d3f9773ef13213f8f,,,0x3480ae8eb8abc17e975ecce5109e52c10aa08cb8ab931183d4bd07da24a1322c,0,11340112,client_a_preview,0,processed,,1780953507642
0xfd120eb73720681724e9bc66c1f86b871da1f465352c4c985ac92c15927cfaca,,,0x281ca93a047d061f549f808c5292371bc4b4e591fc062443915c6fd0b787423e,0,11340130,client_a_preview,0,processed,,1780953513376
0x3b51aed42fe0d3d47df8a8897dbfb70933a634f742753c5e7636619d6f00e2dc,,,0x35b0713b707360880fee02fb128d616a2973da5c9fbeb30829e9f57cbb009204,0,11340210,client_a_preview,0,processed,,1780953544560
0xc3b7cf29f4bec12a4c6a7efae46daaf3050867575bc0210c2d4756b5be128a58,,,0xc97acca9f3f9b938e274ee683853e44e83d5a5f43b38e6f973be043d13f64ae0,0,11340272,client_a_preview,0,processed,,1780953569659
0x6f97fb0e1857a2d5b3eec2a0ea8f079759baf3c863e0cb1f9971bfa567942ca7,,,0x102aa30015d28be6b620c6be44bf4677f973cbb72cd3ea4e04667a9658667593,0,11340275,client_a_preview,0,processed,,1780953571044
0x16267f1b309ffd2d0885dc8450b58a1c04192ec6634e87ffddf3e09ca52a10f5,,,0xf5d43ad4d03f8ac00629f01c106bbf429072c915ce9081d425422fb643ad5c31,0,11340278,client_a_preview,0,processed,,1780953572437
0xadb401444cb5cc91f8287ce09ebe83c2ea214603d2b5a3ef3a4c8f4069585453,,,0x02f11f301530da7b80e1d755b216d6fce89fa98f28d520b5fa6ac5e4466a8cf7,0,11340373,client_a_preview,0,processed,,1780953609525
0x31a9ae41d7568aa743dfe8291b9effbdfb4f53af09ffb4b362def62b09bed2fa,,,0x74c8787523da66de087ff027c9d0021d831489a50af889d398bf0102a61a1881,0,11340366,client_a_preview,0,processed,,1780953612438
0x86973a2bf0cc99dfc031df9a1f3974c1f44e75481ed8941957964b7955e07cce,,,0x5eb5ccb3d793f38e4e4c3dab6d8ca519e2fc8fa697c365053c8c307e98585d7f,0,11340370,client_a_preview,0,processed,,1780953612907
0x187db40846b45f52b5b580c1b381e244a7dd223b0c4d0d12f3906b97e8650f31,,,0xf63dfe68830161b32789e0ca403be07be601d359ba19b9d26c237ea0a7ec1984,0,11340552,client_a_preview,0,processed,,1780953683029
0xff9156e8b67c749063d57cc19df5a4b2edde8adcb196fb0f25327c78570ddbb0,,,0xe1d18e40df6fd55a65f27bcf6a702d021eece7c149f275855052633cba283444,0,11340556,client_a_preview,0,processed,,1780953684105
0xef55d053d5c1b080eb3146e03c1387c46ef1abd742b755294c5609403ae489f3,,,0x33fed33a6be26947e1bc45b122979cf71d545b9f5e7ffad401bc8e927454bbbd,0,11340560,client_a_preview,0,processed,,1780953686048
0xa1a3b2649c9558f265a148e30d4043ae9371f67d8b8a9bde828d846fa5f82521,,,0x13cb16f314b4ec244677fc66190ba9b7fbee9ff8e7a61c299d3e5a930c36cd7d,0,11340579,client_a_preview,0,processed,,1780953692089
0x10c76504a44dace8d908a8364c9e0126d27a55522b95ce735214715ae8048dea,,,0x44cabb47b43edfbbbc52a66d1c3143260bf009919cb28bff3846040f6f8a1704,0,11340649,client_a_preview,0,processed,,1780953721818
0xd3f4fe3cb068d1383376e469f9e3d9333d25aefb1f1a6dba3b85d7ef1e4c0933,,,0xd84df33e04cb4c558d1f826e0d7b8a159aa22378daddf80b9992b4be7cd5c2fb,0,11340653,client_a_preview,0,processed,,1780953724231
0x6ea6a97ce4ee3eac3dc574314bb96273226546304b443eea6cfcbc23482e984c,,,0xbc1c454a457a64488979f3808e037d67c87282e2f4a2d5b7b81a18e7452f32ff,0,11340657,client_a_preview,0,processed,,1780953725214
0xdaf6f61353fd1515b06665009a9555e414ae5d301e9410a133b55634559931b1,,,0xcf38b5db08886c44bb8a56049b6e65e24f85a9f333cb0f8e0d271c5b9ad10fd5,0,11340673,client_a_preview,0,processed,,1780953733859
0x85228b54afedfb553e677d5c8642d29dccde241ac34ac0ce391f1b5591e5369b,,,0x3c9b6cda10ca12f211f05a6c0560be0e97580708201de20d3117efe63be93a7d,0,11340793,client_a_preview,0,processed,,1780953777659
0x108967f16e76a29ad4720307e6be33390b2c0c3f628132862ffec3012ea9c696,,,0x65b6c1756fb5359b0a33de381ec92907f5773245071d6500f55f2587c981feb6,0,11340852,client_a_preview,0,processed,,1780953804388
0x9f8b5bd736815f38265aec43bb055c305aa35c5c8ff2b6464396d3fcce082a37,,,0x75219f5f55da2ca3c7ebf54537a6c175c979c7ea78851d643c384c98180b9f44,0,11340872,client_a_preview,0,processed,,1780953811579
0xde09e5eb559566f9ab453a65adfab0523c08c6b3302f57ff874bf9f0e2367215,,,0x7e0bfff1d7fe3ac971c8afca55d8fb0db8f2ca95d493da3d964de8dc21c4aa75,0,11340884,client_a_preview,0,processed,,1780953816119
0xd3e6d7073b2b1f1adae5c38002e558cb70def0fd6b913c2e531a8e0ff0110d97,,,0x3e4b011c3c6242341d2e22122fe69c2e1afdd168da03ef8391096954b9489818,0,11340885,client_a_preview,0,processed,,1780953816765
0x40b76ce5a8a230fefb72676eadc346ad0efa569631638315b7dcb036a00d5b68,,,0x34dc167dc11f02d0da0a283cfbd42dae567da495d9f21d129c92a42af76fb310,0,11340950,client_a_preview,0,processed,,1780953841782
0x8a9719f9c281cd1c1df1d38ba702cb7e1d58a4de71b7ddc5338c4590cb29e1fa,,,0x3a330bb5a26fe255eb826f137a3abd9da6fb51e32c8838c12ecd67384c29d6b9,0,11340969,client_a_preview,0,processed,,1780953849805
0x35cd5c8b04e4aa44e829bf5006ae69b5affcd590f7280bb229b61c4df82b50c7,,,0x7f90c7e6222aaf11541e1076643f13242b7e6b4f3f5f7e617e0d3a8cda1eae3b,0,11340970,client_a_preview,0,processed,,1780953850521
0x7b3c5fbda354d5794d89aff57e7d9c6f36ab7ad05fe1c47861d095d01b0a83b8,,,0x5d6ce55ec6523a54a2dc8f9492b8cf54904901166b55ca3d6722af07562e3d82,0,11340982,client_a_preview,0,processed,,1780953854722
0x1082debe7f687ee5ed50b4d1285470569ca98e71647c4c5c724dc8755f99e565,,,0x016c4c4579f83629e32e2b6aebc267ed1ea278e4550503e486528478814a7f31,0,11341065,client_a_preview,0,processed,,1780953888503
0xbacd339073d7413c483a6e4f9620c5384b1b67e0181700865b65b64115a47b56,,,0xeb7231f6e0073d16037f4af3ae1facb0e5506677b58aee92b4fd143e559a4f18,0,11341095,client_a_preview,0,processed,,1780953898028
0xd22da8904bd124b9c3296f3439745139826f0b935b77b0fe0bdbae5d4892eda9,,,0xa1a855717ae52534698997a09ad38bfeb0499a7ebc7ebfb261b2baddcb47bbc8,0,11341104,client_a_preview,0,processed,,1780953901490
0xa97f3d209e6c16d193a7edbb789decd6b962ca8db5de27d511fe7f2f7a88f274,,,0xbe392c3549a8168dab86c9428811ee40ddda4983db3ce8177635696dc90a34ec,0,11341249,client_a_preview,0,processed,,1780953954594
0xbf074342b69795336b240ecf30edde58fab3527053fce5dfe89d9406fed18de5,,,0x6265aafe82dc4a0f192216013bf7662d8944545c7b8ff2f332672ada4475f9f2,0,11341277,client_a_preview,0,processed,,1780953967066
0xd996a99c02e9f73a3bd6fba600a1ee9f6596651fbbeddd0be08019fdb9c452cf,,,0x53131df9cd7b4b33c83ca726353475972ded9f55c9e61655d711888e0fdc4d59,0,11341283,client_a_preview,0,processed,,1780953970990
0x9910f70cf976aa5cf7184bba4a50d85ace31b58b844a1cb58aa122179c4e9a12,,,0x30f2e71349f3a075c3160e52833fccec464f3bc622b06be34e2d81224af6793d,0,11341339,client_a_preview,0,processed,,1780953990855
0xfefac2c360d2bc6de474b8777905a2af31703c3527d443a368d8f413b69a3be1,,,0x07d09d581bb7dbfcb704337540c218ae6d7f32327e124748f2d388421635d096,0,11341403,client_a_preview,0,processed,,1780954014652
0x75436b918166c618371caece8aa372f8ba998c4c4f996138ae61a70dd7ba40a6,,,0xd51d8dc131212a8c266412c56adb30a5c03c3974cb1c652f7d17f9e05918bebe,0,11341408,client_a_preview,0,processed,,1780954016243
0x0f58c2941faa6a10b5b7cd58107bb76a800f23d06f98d784860d4e2039ecea13,,,0xa555283ce71d6716bc4d78dcc2bd3835acf7334190d3f3ad0f44b204eb1c70c8,0,11341412,client_a_preview,0,processed,,1780954017469
0x3c120158153f743b304cf8231aa00644989d892a89d3f148af0527cfd4668c24,,,0x658e1528331d4fa9512069702f798db70b145fc500946937bb62f70927556df1,0,11341442,client_a_preview,0,processed,,1780954032672
0xb267bb06dad76f4f23c725c6ac38590e1dd7fae48303f41056b38d3d770d0285,,,0xb869d1bef7f57442d551001b9f3e9528431cb8ae59109377cb9ec965c7c48d8f,0,11341445,client_a_preview,0,processed,,1780954033020
0xc9040c2ca12d2c3c249d338e5b96ed7ab0da449aae0e8c868283011e3ef066e8,,,0x0018a89c14561871f4cb850498693a547cb046ed1d06f5f0f7d82b0eb76eecf9,0,11341493,client_a_preview,0,processed,,1780954051570
0xeec71ff0144fb823f1fc26726cf230cbc80150958f1fbc9526faf89c839a20c4,,,0x07ac63ce8267d47f72ce79f73665d19156222d868b19056898c91d6546128bbd,0,11341496,client_a_preview,0,processed,,1780954052878
0xd6853cb4501d3513f829ae53d1d1ad535c09c5b599f060d019a414bc054132a6,,,0x79fc6f1820d95d1036bf226dac27c67a79aab3b4d46ea1557c0260e78eab7a49,0,11341499,client_a_preview,0,processed,,1780954054073
0x6518045ba1c6d7ce3d19cd510dea942d0446c82ea01d78101c86dd9f09299126,,,0x191a083753d1368c9efc299cb8acd81284ac5586d981f8d521b5c210804ae26d,0,11341517,client_a_preview,0,processed,,1780954061439
0xb5abb41df57112996b7b8dd17e401f3ed70690c2bbf5658c86359f8b0b7d3e4a,,,0x88a2741f8eb2f37b5fb410c888a08a2854aa929cb39aed38c5fdf388c5c9dc22,0,11341528,client_a_preview,0,processed,,1780954064786
0x678bb255a553c597c8c59858478a6615ca49a2f172fff0114657870bb1291b16,,,0xb4d3f6e5c4d0656d6564740a3282d681656a7b1a29f867cade30e3b0723f482e,0,11341531,client_a_preview,0,processed,,1780954066076
0xb3ec7c768e9735b4f913925b1e247b451f4d146f08e6e9b6e52591f9aa81eb0e,,,0x51c0cb21bb9763c4324e6d553ebf0de378f334500bea0d3490dac8910322057d,0,11341633,client_a_preview,0,processed,,1780954106264
0x8937f5e92d5db710254d7a04df4b989c81d75c57426a46c2a470e92bd4f656a9,,,0xbd87904ca36fd99f55539c581eccaa0225d57e6fbef17c931721ee61409ae500,0,11341680,client_a_preview,0,processed,,1780954125687
0xb195454862be7ed8479383b3c864f1f74796c0e5d1d85cc61dd80f13e42de213,,,0xa276e573abe0ea84f3ea1caf5715e83b73d85a63ac934e1d1335f0aeeab2aaf0,0,11341683,client_a_preview,0,processed,,1780954127475
0x5a2a2361643d8cc4eb156afc14b9282f90d6ed1bc01d94ef4bb29695d18b7e17,,,0x01b73b8f3a2f4f421783a2644d71e3fd71f7669a019e324cbd10eb231f79dc83,0,11341687,client_a_preview,0,processed,,1780954129052
0xe55658f4cb165d2aae183587c5b75e1dafe4c934adbc459bae581449a6809f08,,,0x9d89347d1106ff1b1a1e7a6077085bf6fde023d94a9feb1ef1fd6d0bb03a9e1d,0,11341724,client_a_preview,0,processed,,1780954143479
0xc63eb25a6cc6ab4e287c0e00821b1fed5091e7ff051ff265eeb61b4951268c31,,,0xc56b6e89aaa7aefb1a8168351bc04289c3c196fda481fb74e4f1de3342d2614b,0,11341725,client_a_preview,0,processed,,1780954143841
0x98343881e9384c157ba3f267c1fa82d2c53744ffd0feede2a1896298a06d11fc,,,0x39adcb4a91809a37633d20a7189fdae91ae0d09c2d06d86f5657b48e2457d49d,0,11341727,client_a_preview,0,processed,,1780954145143
0xa90079078d8bf5e92825f1ba145114c9bbc32b5023f76055c782e7dc97ac65ac,,,0x3b9b78ddea14c6946cac74d64a5feb08e7ae925e8606aedd4288561e461e9eb0,0,11341767,client_a_preview,0,processed,,1780954161571
0xd465f9d202851a13c03da68a5d2f031126ebac138e43bac56caa222712740f66,,,0x808794684b459402dba72df88b38860e7ad11e04cd8963978ce44550b0167d2e,0,11341770,client_a_preview,0,processed,,1780954162897
0x45abdb5f4ff0be79cab3cacd857ed7fda1ecfb4829c23ac8afe7833882657152,,,0x532f152516420cbf57cb989d48c4503d1a38543e97047f66cd5ebb6139b5d440,0,11341773,client_a_preview,0,processed,,1780954163886
0x8c4c12fd44adc8527330361239b18e6cc0acd93f9f81fb1fcea8e8643046bfff,,,0x77fe7474862c83269add8de2b36047aead5c745b135bd4067973d16e1443c44a,0,11341799,client_a_preview,0,processed,,1780954174203
0x95c1fd6008e9871784c6664fdc3388cdaef1b10ea9f78cd53938f6a6cdd89d2c,,,0x7c543c2b984dd7bf0f6235fc51de53e63c561cbc5f716cb48b3637a29b73f234,0,11341804,client_a_preview,0,processed,,1780954176129
0xbfbc302e2304d283becad446d93b9088d034853b7ac264bf20d5a6a69eef7e81,,,0xf633b41f0aba979cbe823c7dae7642c34cec831ed569e8232bd702ce21fb2c80,0,11341808,client_a_preview,0,processed,,1780954177953
0xc3c771f3d5aa4c2610c41e35cf6caf8ffb3d78808aa3644ab351c2595630693c,,,0xef0609efd11cbbbfb57a591351f969313d0cd7a787dd32c9eddfb144e83fdcd4,0,11341886,client_a_preview,0,processed,,1780954209327
0xb9f9dc988ed52fc664d650b008e48490cbcca93a62ab68763293598d8ea4defc,,,0x70f251317604c9315902efceb66a0afb664c720977e1072819550f84a85c3d59,0,11341905,client_a_preview,0,processed,,1780954217045
0x2029af6a445a1c31152b4bf138f9ec4f7fc655342c24f6445c52aa3469eb3268,,,0xa81f966e2a2e691b8a61192a48ea22b7e6df77b6c76a3c09cb3818910c1f53fa,0,11341960,client_a_preview,0,processed,,1780954236815
0xb99f4e706399663a2456501b1eb65ff1e562a7b77979c391d28779694d33e5d8,,,0x55e41b2e36f4e2a90766e9982ea6a16d9e5c39f37a5e90e5b65e72d508a48c4a,0,11341988,client_a_preview,0,processed,,1780954247709
0x3054e7b5fcdcb55706a8240ed5b83a7d31ee1162c45bb32bce1f73f4c205285b,,,0x3cd0aba41c4d5c66d34070f0b24f3b289c14b83cbb2401be70978a291f90ab26,0,11342045,client_a_preview,0,processed,,1780954272247
0xf87c5d7d90076e7d418c6ae5f769ec6a0cc5f54eaffd5dd2e34338240d317f8b,,,0x4bfdbc6072722478366019d417a1a95a8d86a1b102c482e0195426d56aab3b44,0,11342078,client_a_preview,0,processed,,1780954285689
0x4c813daf532885f8a8d03eebfacfc2aee4b2eb832458796e150cfaea9ae22bc3,,,0xc3f68c3db9550b206566be7ea084580e38499a43bf67172219ef06aa43e70629,0,11342151,client_a_preview,0,processed,,1780954315318
0xa71e9dfd87a06efb97688f85b21c58470c325dd98806163d953a7f72d53830f5,,,0xa01dbc468363c907bfb21315a36d60716d55dc736dd6348f1a8b6cbc0728c480,0,11342180,client_a_preview,0,processed,,1780954325898
0xc81a08bb791d470533096afca172b231a0bd48ebdcfba09cda2920d5fcb174b5,,,0xd6e29bd8217f8645edb4728b26ef8e244c02d4bc645b050b1212ca2eb6ed02d8,0,11342232,client_a_preview,0,processed,,1780954346700
0x82ae15b0e1e1b8519ef8111f24a9e995753e066dc69fa5fd8993642dfa947d82,,,0x4c2edbea70aeb16ae4fcecbaeb8f9fed9bb994267c88284f5276c315e0c71bc1,0,11342239,client_a_preview,0,processed,,1780954349257
0x85ff0e913ea2dc469d80ab1f94400a033d30db916b323231e4941caacbf39839,,,0xc759710ff4c1ff5752ea7e107f9dfe643cf23b669d0330bf687fe586d65b5108,0,11342265,client_a_preview,0,processed,,1780954358637
0xcb0419aab96c8a1483356788d1304b6af647a41b889ca0e7885838456461bafc,,,0x745c3faf66b8f4e2b127a1ff2189c21c5d532221f109897ef7bbdbbbf8fcb552,0,11342270,client_a_preview,0,processed,,1780954360820
0x36027eade02e04aff47b2c9699ab6ea4ebc5d32676c96cf821f9db982ef68fb2,,,0xeed2302b981c5919fe985bc58288763f4c34de8b50636e586a168840ed672e23,0,11342273,client_a_preview,0,processed,,1780954362523
0xd3d8f693ca2a589639d140820db16b8b3ce92a4c5a0fc38fb54377431ab997fa,,,0xb50b989430356d379d7f04be4d346c850880057568fd65b06fab5700e25fd3f3,0,11342316,client_a_preview,0,processed,,1780954378982
0x271c4af1373f05887b0c5a1889dc28ca05ab975580b95aa02d03e7d04f7e3e07,,,0xe43d36f49cf69675239a13bb86de96a65d940063464b60a0694d24129fe77921,0,11342324,client_a_preview,0,processed,,1780954382708
0xff2358dbe86d40336331b228b99242917462ee10751b2ebab55b74a4bfc4fef7,,,0x1bd5db82929323bc56af2215064ba79a926ada574a3fce58d8ab545f288c3c3e,0,11342355,client_a_preview,0,processed,,1780954395062
0x469824da05e589bffa7faa9ccc541e398f6f70594a588df3fa2bd675ac29c27e,,,0xa00266139cb04b2795bd1c64cc081fb68af4eebe347f4a0ca74eab900097ecd2,0,11342360,client_a_preview,0,processed,,1780954396237
0xce6bbe9529af6452e2964b6093827109b52e257c1fffe94ea8279c173ddc389f,,,0xb110bd930d4692326bffaa39ffe15bebf81857de5b31dee0cb7148682989697f,0,11342363,client_a_preview,0,processed,,1780954397511
0x4e52d2ce5746069232689d6658be500331ac2d8906f8667aa2f6a1c6a10eef38,,,0x9ceba4936e9cfa6c894e6229a1e811e50e0e0e570b6f993a8c4f5e12529f10af,0,11342437,client_a_preview,0,processed,,1780954423856
0xbfa93459eb87df2bcca4b7ad5ecabb1282b3e73d91f942de2163f90cbd400459,,,0xc7470d85cb0c3ec2557db17d5c588d4ca3b8aa8abfac6d166e2b125da28ada1a,0,11342461,client_a_preview,0,processed,,1780954432997
0x9d9e9afd6460127252b5c980f0c696f12519938c56f3be8598e62781c3122d82,,,0x7e49da35632e2bdef130e41d50781f0e70640d2f44017bb566f0535f12a42bce,0,11342509,client_a_preview,0,processed,,1780954451980
0x92db64d76ed8a172c6fe6b9e0a1388840a38b0c07cb9c4fef093e298eda5057a,,,0x562dfb0d9a8acdb16b0111e13139803d3ce1c3b20fa866f58624fc422e2f6e23,0,11342512,client_a_preview,0,processed,,1780954453158
0x3590d0035cc32bc68546d10935e23e3bf48c2885579e876aae59c89a63f2cdcd,,,0x7d64ab8bd476b5fca2bf65fadc4a6acc6fda37747aaae6a9c6ea4b193c1505c4,0,11342514,client_a_preview,0,processed,,1780954454227
0x09e0866e6e1193bd2763319e3422bcbc57563db3c26bbb4d50fa0b430150f0ad,,,0x0b6e8f24a1b795a57c44a79b2812851d88e88601f82ae639e1c13d8bbc318e21,0,11342538,client_a_preview,0,processed,,1780954463540
0x27de815edd1de42670696081d68c8bcde2254d3f197e0305c599c073704e75e2,,,0x0aea76a279b8bd7821ee0c2ecf5caeb0d2d0e86dc055064b6abdbcf1f07d9a33,0,11342545,client_a_preview,0,processed,,1780954465069
0x5ffb5908420889a4fe7961ff53e040c3802d6e063e1d33378cae1fa8284c1967,,,0xf54bbb76837b9d233b60bc547158d262b9648c1bddc9d3ef2a17326674c7dec8,0,11342548,client_a_preview,0,processed,,1780954466160
0x223f469e42f4d6fa0c4dd7e0890df6f021eb4ec4818adfd042709f728fbc30f9,,,0x6d56e6f96b60cd3ad274cdd02d8971e10c5e590aa20fc02e1c21baf657d988ca,0,11342582,client_a_preview,0,processed,,1780954479539
0x5f6d48f16f7b7ce57c8e804b2ae1c9adfc79d668f3eb99e810c8d48a1135790e,,,0x74a78b05f8b86a18608db19666abd011d83e5f1ae0960e695f4926605fad105d,0,11342585,client_a_preview,0,processed,,1780954480895
0xdc8daffee5509b0ac9b564997e8a71d5db9935a57283917b0170528af5150783,,,0x33f1046ce5bba8d02c23ea23d99ac8a917a7f264544ec9e95c4d38139d7ed88c,0,11342589,client_a_preview,0,processed,,1780954482627
0x030a02e86e89a6e24808cb47a822f9407c26f44296bc1bd619b7a6ff449167bb,,,0xab4de65aef646df039c831a13bfd3ea1991ffa4fedf4e59618d1468c35f4c81b,0,11342623,client_a_preview,0,processed,,1780954494391
0xaa31e5c474818265daff581c4ba5b267a5bcf6c6ab1b9ab8d766dc0290a156a9,,,0x81c31e3c3faeb81517944a0b4b9524f352f561a4e1e449bc1d0349632c015189,0,11342627,client_a_preview,0,processed,,1780954495266
0xd3048ddc75933ba81d8915458ae8be9640896bf1010ade22af08805a873e6c15,,,0xe62555cb31c61acdc77f367d9f43692e83e91a5c73b62469985025c757f0f515,0,11342629,client_a_preview,0,processed,,1780954496215
0x54a94daa2afc70c14ee9f09bea214dcde20b8450f08fbb3f0496b2e71201c128,,,0x11da8cc53e23db478de57fbc12bb9b19eb852846986cdcc466490939c523a8bb,0,11342710,client_a_preview,0,processed,,1780954527010
0x50f7080366d2ed9d40e62617e87e829a8a1b63030a4e82d3c5e1827533f21d6c,,,0x73ccdecaff9e0cf1b51d122a0e1204ffa50869d76813a4cd9707a208f2dd2ad6,0,11342740,client_a_preview,0,processed,,1780954539163
0x32d2005402591613c2a806d46d071aa2e7b1562da8cfe0f3fd322c6d5257e37e,,,0x3fe0a7cdfe73be9c8feee47bedddbbf8a269bbec29f5ac0bf04dcb5bd586cda2,0,11342783,client_a_preview,0,processed,,1780954554560
0xee2b412e869a76a85a1d2eeb428fade9ba6fcf6a6c81e92990ac23843390c1eb,,,0xc148f1822f32e1a3bdd1b873ec0606666267540e5f45f1b9fde6cf6175a4687b,0,11342787,client_a_preview,0,processed,,1780954556168
0x2c765dd1e6eb1a93808e83012cf96f2bf40a3a47d2b4606d468cf96aa86dbbd7,,,0xfa691cdae74e18b3cbb857f0b9f3c19c44a013a3d592bbce1bd472639e909966,0,11342791,client_a_preview,0,processed,,1780954557842
0x3f6329867355b148e6d8582ede45c59dfb422dcd200389dded95e474c788bac7,,,0x87a6f480eeeeabb4ead84fcdcacc24c0d9793c9b4f44dd0b7355205805d30823,0,11342809,client_a_preview,0,processed,,1780954567084
0xff8606e05413738cc5b6bba110c8d38c0ce92dbc1a71661d893ba4f74f4e31f5,,,0xe577da630e39d537d7fb0c86bdc5b11d774a377fe2b960a939def866d709ac49,0,11342814,client_a_preview,0,processed,,1780954571176
0xe9e75ad049099e38f239590b37f605c6730b55079c81167392b97ce269a689c2,,,0xbb303ff54144a27b0f53d2f9157998bcae56ec3e49bba116c2125ae9347d9bc0,0,11342866,client_a_preview,0,processed,,1780954588729
0xaaca509acbfc5ca612fcd5485e3f29e013f27552181728d6e6fb87f112dc54b6,,,0x6d0cde38b89020a0937e0277e25ce592ec4e869ee59e6fe09d0a0802c72657fa,0,11342874,client_a_preview,0,processed,,1780954592231
0x39d69e79e6f93e205045479f852010e0f2b55eae67bee9264dc483474174999b,,,0x3c53eec302de0c8e976e6fbff57b02053e9f4148cff0a0d7500bf73b9bde846b,0,11342889,client_a_preview,0,processed,,1780954599751
0x6996d51c789eee65fbe086cb4f9818364fa1aa126b6d9a17ebfbc8b10c42c09b,,,0x28e349e8130a3dd7dda7f458a37d7bcacb93eabad42837dce3f97d1ad53288f1,0,11342903,client_a_preview,0,processed,,1780954605167
0xf6baf14c058d7b507be89e0725364fcd09001d89dbc506123a9c584dac50ae2a,,,0x7ca62d16c9c36dcaf38752d23dc9ded9e0ac36707f2e74783723b04af74c3354,0,11342980,client_a_preview,0,processed,,1780954634349
0x2de789d45aed2e517df014b9e46b9a0d6c1aa10a782362d93857c149d1d3eb50,,,0x541757af7c35ef7dd032931541aed915a33346541973072c77982d96ae913229,0,11343078,client_a_preview,0,processed,,1780954673850
0xa398108c8bdfb2bf887b15a4d885648c6dfff3895974a291bcb08d784b6c1b8b,,,0x014835adb59565508d39545ac36c5d706b9284bcce4c212530ce17c91e827bfc,0,11343156,client_a_preview,0,processed,,1780954707376
0x4c64f630d41319328f39a0b13106159634d41cb76d7e1265bc0e8386c655b367,,,0x6f6629786699df93a306abf4fe76c259a3a4f5d7eb68c731a30cf9d112f21f72,0,11343197,client_a_preview,0,processed,,1780954721789
0xc0adf608307c3115a94a96b51046b0666245abb55a28b1487667ad695088f133,,,0x41fd220d3604aeda6361e2d723a416a9dfe11fdc2bf16fdcaa6fb664d955c8f7,0,11343203,client_a_preview,0,processed,,1780954725147
0x19998f5f89c242da41806659db6c02ac67b08246659b6eb6786c7b5f20f970ea,,,0xad9ceff0b3e4104d256edd2cfc86141f343b9b552aad1623397bb84188fa6f46,0,11343278,client_a_preview,0,processed,,1780954755360
0xffbf58b9b7081b3bae1f34fa7fca1a8c592576ace4af2b8790a95fdad32a2b3e,,,0x5cc1ca7846c2cc91b444d826cbe6627aea3f5cc1dec0cb5693e5846c702b012e,0,11343285,client_a_preview,0,processed,,1780954758248
0x2a243f0350f69c817a74d9b05ce94593ab7434dd330311da541f3532d610d0e1,,,0xe71f1b7aeb3a208e0cdfdd9e17bcaa38bbd55f51885bbe6dcbe73ed20c61a36f,0,11343341,client_a_preview,0,processed,,1780954781604
0x26400076ea926c9dc710d47bc2c20d2dafcd72ba948f768e619d467e42b4b1c9,,,0xb8cc1981fa9bf545f633c6a1e42907f615a1256b67c71845d5fec6cd9bd2e665,0,11343440,client_a_preview,0,processed,,1780954822193
0xd3bf46720da50568fe4cf795d779a07d562a32e30f4d82b20650243df2b9b30e,,,0x475beb9a5bbedb6e8316d96687f4c9c42681d8d3c712666b74ba69e750ea96e1,0,11343471,client_a_preview,0,processed,,1780954834738
0xed67a45522987ee74137a8630e8f4328a6164e3572e976c5636c1530dd6d90b4,,,0xea2514c2a5d880a075b63c373c83b7c85801f43a59c8c7f49e74d81107238482,0,11343477,client_a_preview,0,processed,,1780954837929
0xc56117233d2f1937d3bd297ae3534f6f0cfc72c71b0242e008d916dc4e2f0b8d,,,0xa5793e049220a690ae01b2ab09e77cdee43796058e5e378a630aaf46f1ad5df3,0,11343516,client_a_preview,0,processed,,1780954852430
0x79d084d41a5f5faf7aaefd54515d0aea3332eaf5a545716dc1440d2951f89e97,,,0xdcea1226007fe70efa2287b93d692d3c4fb4079c7ddaf62edaddc3829410f485,0,11343554,client_a_preview,0,processed,,1780954866643
0x1ebb6fc4a072a70b9b595ed2f699d17476fe72edfd2664bb922f5e3c5ba032c1,,,0x5d02215274bc2f7bc847fb642df7d41e26193b212efe7ebeb6585143439211c5,0,11343546,client_a_preview,0,processed,,1780954868070
0xfeb1efe1f13d4959e4f419236034b2a76a61a5a3251ad46ac1c1c9880d294e3c,,,0xfdf2a593e588e427e45f84c0464429c67e33cac1c19a7d37df61771cf81c18d7,0,11343638,client_a_preview,0,processed,,1780954898030
0xe5f7a246879bd44f7a7b58b73f2e42b76475f1806362fa4d0382a12fac9b8962,,,0x9915a3be468895cb195ca382ef50db6301eda1ec26fef314b27886e44762b3dd,0,11343714,client_a_preview,0,processed,,1780954929020
0x85f5e0b6cf081bf77f40009ed0f2820acd950252f831d30f81385cc3dea4efa8,,,0xcff313cdf0660c99bdab1c85ae7dc90fd56c61905b26995a8bc7f62d4a806025,0,11343715,client_a_preview,0,processed,,1780954930900
0x944611efe942724d12e5e632ad10f8e68fa13576ed88ad97d89e786a226d7293,,,0x12674f67b549d8273c908930aff5dc5fabe7800e9e428fb64d3bc1437f84ccef,0,11343740,client_a_preview,0,processed,,1780954940622
0x2bbf04b3a0d037d65dc8b169b8c79ab8818e4d7de0a4c9b5b6c9ace03d3d44d0,,,0x1b43b3e5cb652a3c39ca1a4b2daea4db18e40b9076cb2024c282644c48c6e3d2,0,11343750,client_a_preview,0,processed,,1780954944200
0xc1b6c41e22de6c2ab0dc2e5990195eccf3a092920a8bf87a4e589d95d97f09f6,,,0xd78e04dd8275baaba6b23a4640caed2bf416ff7be951d11e570eb8b8a55b8baa,0,11343788,client_a_preview,0,processed,,1780954957555
0xd7fd3cd62b95c2a2631cde47147f933633f6d0645b47b618ff4cdfbb262ee4ef,,,0xf080d497a9c48469982d16d64873c05c1a6b59e66844371c94bb1c231aca57eb,0,11343816,client_a_preview,0,processed,,1780954968737
0x3a3be57c2dd8b9861114eb009b2da0ec841410561d6ab9faccd85a2d38fece3b,,,0x42c1946ea4d8a706ac8dd85a78a41d6b3060a78218323897f98692687e17cbce,0,11343824,client_a_preview,0,processed,,1780954971773
0xaa82c4748d686218988e7c34a8b2e888d074cfe3db8b5c27f95806b20f7acc5d,,,0x61b7b41e7043d645af532ae68ad1a3284f2282fc76fcffafab2315709c2db1e1,0,11343874,client_a_preview,0,processed,,1780954990402
0xe48ce8610bca457622da3037ff0238f3618be0962ae82dda9bf3a2581bbbf2c5,,,0xde21bb2c3dbf13a83419b28f466045721b5d19381c6050e3d84e8e5f25a14d7b,0,11343910,client_a_preview,0,processed,,1780955006156
0xcc557d6dea611d63a3bd546541c780f507b7d51921a1672f8e7bad9d154dfec1,,,0x4642f4ca23d741ebf466d12992d6d6bb2373878f775baa73074e76edfb93aab3,0,11343942,client_a_preview,0,processed,,1780955015644
0x5e38d52107e529be6f7ff714f520a4dbba1bc4fced76ef41feae48aefef128cf,,,0x63df6e6ff69a14512922f3be2a78d3784ef0f33ee34f06b617bb646d095f2ea0,0,11343983,client_a_preview,0,processed,,1780955031822
0x2b6b7c8a5c6e6bccdb60d88ac0d91795bba524a0f081a559db2cc785588da901,,,0x089fc37818c007da8d887b5081f79e1c7f2b17be5c0a4c6f4d106e60f3eab5ca,0,11343989,client_a_preview,0,processed,,1780955033551
0x2b5acdfb5867fe5a9ccb97ab2ea021f73c66da820371d348077e4d166becff5b,,,0x941d1e66e2cb526f1429610c9b30e6a1b65ca2a25f7aca5587f86e1852373eed,0,11344021,client_a_preview,0,processed,,1780955046304
0x750d62cfb4e1d6823a0c3b0bf6089463cc673651aa5a555526c42e59f13d4215,,,0x440f10c074d50e59a29c2c12c1d60385f575fc6d74174da53f22c8ae91b9a9cf,0,11344029,client_a_preview,0,processed,,1780955050093
0xea21de25125c79e9c8e2ada8398dc7d4c3608daacd17c02bd89552eaf0d4c76b,,,0x439d6222c984b702e8f292c14126a3670ed79063c54d04ce33e57f0693758022,0,11344066,client_a_preview,0,processed,,1780955063503
0x19d2f03a428dfaa6fb31c8f3e90bc015172279d282aa9b0690105f8b5140fece,,,0xffe06144603909325ed261b365aec12db1f05c07c2193371125257e1a49606c7,0,11344094,client_a_preview,0,processed,,1780955074071
0xeefdd9e4cbb61dcd9f93e9ad6514ce3573701d4402cb50d1a0c1685f926cc080,,,0x57fa667ea1352c60eb9fdf33f64d13e9663f117da3b8a031d0b92bc2e2891e88,0,11344101,client_a_preview,0,processed,,1780955076968
0xae1e5f5dc8070f7cbcdd1409548b1a50106cdfe4b0cb8ab3a700fef7bd187a64,,,0x0d1e5dbd757e0b4e387ecc168eb7881a59454ee5d18d8af789d99196dca32871,0,11344190,client_a_preview,0,processed,,1780955113840
0x9541a342bb5391f3d527d4b221f5897fa27e6c3584a82fc01cf284af0d7f6d4e,,,0x2bde91d527d4e605b36b7e642edbc655d9be7863ced426b251e2f69ac2a9a11d,0,11344267,client_a_preview,0,processed,,1780955142638
0xa3ca990b621eab1980bab10258678ee294505b9e92c6a329a6e9dc91c0bbcc50,,,0x7817b5061d589cd2c579829b87c6f857644a895b53383518112f6992f22a9da5,0,11344303,client_a_preview,0,processed,,1780955154632
0x56d089f4d2d134ccb909055c683142ddedae38c99eaae927c1121192888e4931,,,0x271c684a511c4443e07da969024e9a80c4a9039d07f961d8b8063d2768e918ff,0,11344311,client_a_preview,0,processed,,1780955157624
0xa0926ba3603dd79566282b04879dee3afa6c16c23e3b0a5b10535eed4f6918eb,,,0xa5624206f559d9c694d69ae11a1959af35663b974b5350ea1de6955d1fb8ca72,0,11344373,client_a_preview,0,processed,,1780955183722
0x74f4105a27fb903d5e53d6926bcf1f6a3b69e245f715b5e7bfc63fd0ced0ed85,,,0x44bbcee958a0dcc4a89dfdaa2dd382eec9b1b9f14ef1be89fa470b24a2e5ef7e,0,11344374,client_a_preview,0,processed,,1780955184108
0x5e60a4e38722d6bdfa060fd08343cde5e84d41478f58e127cfc4d03b13d402c8,,,0x709ab4671a4f0a5b939c450c3206213008a2d7ea7c9efe8d9a33e05d843f31d2,0,11344381,client_a_preview,0,processed,,1780955186567
0x5b663769a6bb9181b32c68efe3979d23a0199d94e8af546eedee53383498c648,,,0xbb40757db727636ba1296baaed4cdda74d9749c54f6a0eb19f9e2a0f7e421d14,0,11344449,client_a_preview,0,processed,,1780955214571
0x4acf8557119b4c765cfd1238622444123838418c79c78e9983b82f78a6c784be,,,0x574ff8d3630949910da43a1bd19b4c247257da3d2536e0eaffcee8b29401a3df,0,11344495,client_a_preview,0,processed,,1780955234520
0xe6df6fce12b5e1fee165faada1d71037c6cad15fb18a56e9fef0bca19a38af99,,,0xe2fc63fff21becc680918792de48704bca725aac697d8d083af293a71c724578,0,11344498,client_a_preview,0,processed,,1780955233773
0x0b8c242384e837b3d3d353a6de75cc3e6ecebfb8574681320c063166f045e6f4,,,0xb7bc6cd6c3f57106be43c2479770a9e2907b3a25fbf3dd9950fec3baf38b8336,0,11344501,client_a_preview,0,processed,,1780955234245
0x9d7b81d78e27b692fd66d5f314724856f11b9acf5f73d4409fdd06613ddd3e50,,,0x65c88a36bfb1c26d665e4259afc16cfc1be4d8218bf14eee24f3b2ae52ecaea1,0,11344569,client_a_preview,0,processed,,1780955262207
0xd50b17932d57f68792804171badaef83f2a4e18e4245d42be866b1e1b83d87cb,,,0xf13163314d4802c1ea1af154b7554df80c0cee8fb843fb8622e88657bf788792,0,11344576,client_a_preview,0,processed,,1780955263874
0xfc576695ca67fb081a797ec085a34fac618e2137fa9dc2fe0c8db71003901698,,,0x322b1fffea832c7ce1504c986b0f0f4d334e8f3cd627a9d152e0dc9964a227b0,0,11344640,client_a_preview,0,processed,,1780955291471
0x14aa0e52fd5c57d59e82d03480a783e6cee8c8304958d31ff48e787b2115ebc7,,,0x5e18fa0539230e2fcfdbd5dc35973d20658fa1e2e681d751a710cb03178fcef7,0,11344645,client_a_preview,0,processed,,1780955292928
0x8a186ac6e5dd7b87d36a14cac397449fd9bd1d150691af90b8060e28302cb5ca,,,0xfd15ab147e304d7344160cdcfc151ada575e428a579c656bc9670a9230ef8e7c,0,11344700,client_a_preview,0,processed,,1780955314975
0x48483978edcb394b5c75011a9c5988ebadd9821b0dd52df034807860f60d4ef9,,,0xf9ba4649922b77138fdd4dff4005cfe643c4dfb54ffa8a5ff79ea4f101fd1744,0,11344703,client_a_preview,0,processed,,1780955316451
0x345340819b5c46bc3112d8e7a1e27a600de3f29ff8cb8756a0d13febd94cc0d1,,,0xd6acf1c775f591631888d821b3c09ad4eba12f7dc4e93fef9d519eef5f1fdaaa,0,11344706,client_a_preview,0,processed,,1780955317571
0xa0eb30740649ba15793a4ca3aa0cd5f37acc9183f04ec8d7c2626fe971994d92,,,0x295d2d8863513d4877272dcfd02038adda88960296e49ad7b7dd4745a42f8c36,0,11344763,client_a_preview,0,processed,,1780955338103
0x8b9b46aef48f8bc7fa890e42a14c7eab824e04eee38e3eef80f7b97e1fa5f39c,,,0x6ca9457851a7bc1191c81e664c7805360d35a270de324f04674f5fbe8e986dd8,0,11344767,client_a_preview,0,processed,,1780955339280
0x91307a294164e596e034d1acc27144d5da42822c60ba923bb28c944fb2434b93,,,0xfcbe7014cec5aaa89092d4762413eb946ec2afa67d491846494dcaecee3a8c7b,0,11344771,client_a_preview,0,processed,,1780955342490
0xe1492ab55a43a83a4404d6de5dcfc49ea635157021e78504b00277363e32e02e,,,0x94a637f6901980da0af028f7e5d4f734a0943c52fbadf1270c6d79455a20d8a6,0,11345274,client_a_preview,0,processed,,1780955540335
0x049a7ee72e7dc75fbbd3fc8505c18ac935e870add1d6e643e9d3de2cc9dd5cb3,,,0xedaa8d78481853f0e349d944f47a229c5451a0855f8499da0da5b6311fcb87ee,0,11345297,client_a_preview,0,processed,,1780955548440
0x6cb9c0eef470deadb27dd559afd52236f44eb150baa6fe06d09fbc4ca40d2149,,,0xfdbb3682e31da599fb14a742a646f0874eb7a8015acad963f59dfcd76f7703d2,0,11345341,client_a_preview,0,processed,,1780955567130
0x4d75c133df74696cb3ee03010fab8164842d8d5a75bdfe5dc46f17fc415b0309,,,0x1e890614e8d4cccf42c06b38b4b1c1fd60a34e9add0e1a504bc9daa5b7c8ea43,0,11345358,client_a_preview,0,processed,,1780955573141
0x4d4521a44dc030770363ea49a57a55dacad411a27f64e7b3da6fb431c35aec6e,,,0xf4283160421917488d8d04240d2f00a4cb6676ba8a470b961aee2480ad43a7e1,0,11345564,client_a_preview,0,processed,,1780955655182
0x2c8f083286e2af08af75a109481f515613fd2eb8665a31661f640a97cfe1c40b,,,0x81bfdda1271faa5ee6fe66a471de816257df60dbc97898ad15e94fa6e311358e,0,11345626,client_a_preview,0,processed,,1780955678402
0x6cb805794abda6c14805b94cbb7d5c31a6831e9f335896a903b9948abe1ea85d,,,0x5a9b98125db0412b38dd7b820a662ec1bb9a2ebaeb0a1160fb37684333dde640,0,11345697,client_a_preview,0,processed,,1780955705138
0x60e786c34d67c415242bd74625a4c4501502c49b80cd538087d73f47c554ee4e,,,0x83016b1705cf624ca2db21d04b0feda93d8ff859466c95a05c16fcd9af3903e7,0,11345919,client_a_preview,0,processed,,1780955793978
0x47c4ecb5e6b562bbd31d1e74caf6e1ddd9f4030c664e0123bb3fae6d0cd9296b,,,0x85af71464c2d8331e640d8a5a8c8d004e230cbc106559a086061b2283c518115,0,11345978,client_a_preview,0,processed,,1780955815908
0x51edfc6e331afb30f14b6b192ad7336650161295c50703c44bfc2899c7d76914,,,0xddff5fceb69449598906103c7b9e12be2fba28cc2bd062726f90eff5126d5371,0,11346111,client_a_preview,0,processed,,1780955869685
0x76734deb6396b65c8c588af658f49429a965b8ca33be921a4545d65b8f915263,,,0x623d5102b1720b9658f88d6b858b1e677f9bee864e72991a0035b48cdb28fb0f,0,11346170,client_a_preview,0,processed,,1780955894924
0xe56f9ce74b42316a8457c785693e393c8f594f621d0473fd1cf5964e002622a9,,,0xca8351a5b781a13740da21256d23689d27b8f80e47f6d5c42c3a06768c00d121,0,11346280,client_a_preview,0,processed,,1780955935812
0x484d13a531a495097cf210c13bb7b0e8a6c893a2e4495f8c3ce39e9a1d388b23,,,0x525f816909d9585f1b80052a6184194663046d1b1a612dee0eeb0d5c9cbc9bdd,0,11346282,client_a_preview,0,processed,,1780955936452
0xa98b620a0909b4d26b82801b867e3b6e0177e66fd27cb01b6d0dacfec998162e,,,0x39ceb16f565cc47cf583854dffd9aa63e98b848e62861e8d5393d4934ea547cb,0,11346352,client_a_preview,0,processed,,1780955964643
0x2ae184e4e54a2414a0af435c59bdbbfe1e190e3b96d995a2c42ae35ad5bac060,,,0x0b5cccd777e61f846fafa694807327b431fd0ea8fb9d0e219aa61b616d5398ea,0,11346474,client_a_preview,0,processed,,1780956013361
0xb41777dab4c817302600419ebdddc4b61635b5770bf7d717fe1e23acb6227b30,,,0xe33b19a25c255111764e923dbe7873a1618f48347a0a65bdfe69f223e192c83b,0,11346482,client_a_preview,0,processed,,1780956016691
0x9b24423284e3e571687cbe225825bbbf921f32c21773713a42a898adfc7208cb,,,0x3bd8c1b7c4b2c1a4c662e418dd884928d9056cbab6245657c4ad061e37064aea,0,11346551,client_a_preview,0,processed,,1780956041363
0x34b7830046692b860bc4de36845100a20130cf437e3ed64bde4d227bbb56bb17,,,0x87f35e40cb1e99c589a983be36ec6ea383d9f3ccfcfe07039ad9aed44ae0df75,0,11346558,client_a_preview,0,processed,,1780956044890
0xb6b99766f3383483c4f7a39f42f7888baa489431ea4fe537eafa9bfc4ea83dd9,,,0x79efb589a63082891e307a6e362523418f4b9b6a361b65ccb7c2294cf19bfe44,0,11346603,client_a_preview,0,processed,,1780956061805
0xb53b56f85b8895d880f7e5fd0f5820d1b0e92ef660afa4f8318b89d83b787a4b,,,0xf5354e1dcceb769c2dd050ea8290228216d42c2b00b71f13b1abef8038e68ecc,0,11346607,client_a_preview,0,processed,,1780956061853
0x024c8ed60cb20e2f22f14105a895a1655f1ede640aa72e13984cd1d0844aaf21,,,0x55d91b82c84f0fa6cff4ba500db10eb802a264726364cad046c4d3af75ed7224,0,11346611,client_a_preview,0,processed,,1780956063636
0x3fe148a0402ab56551d1edbf1313ebb0c7fc93f06d1591f5e2b795ac05cfb614,,,0xf8b6f728482e790ceca1660ba3ea50d509faed117ee35c857ce497ac5d18382f,0,11346681,client_a_preview,0,processed,,1780956090552
0xecb9494657b8d3d737dc79c5754f9a3c4f5063a5417c9ddc1655ce0a1fab0a64,,,0xb4c41463509122330ab7457c365ab902bfc35218cd60d41fc04ca1c74d8b93a5,0,11346685,client_a_preview,0,processed,,1780956091751
0x7a120177a83faba7984e0d9e22b1edece9f526b3f00987ba478a6f1e14342480,,,0x48fcd303b7e9ac0144f165052da7bc1c1f3a16dd5105b0bedc8511aeaaa1ed26,0,11346688,client_a_preview,0,processed,,1780956093016
0xc0bb462fd76b897d4f000e0b56c566e6e1f3092f49d2d0e614e33695394b28ff,,,0xc9de7e4147b0fda50677a525efae2783665e9546561f0fe51c5fe11e114e4bf8,0,11346766,client_a_preview,0,processed,,1780956124999
0x01080db346cf28e5b5bc4c191e2b31ace7fe72127a3c06805412f9ef48ca6efc,,,0x05634f3208cec6f1fa91c42b098372bc46ad34cc82488121658531940c65f3a0,0,11346839,client_a_preview,0,processed,,1780956151770
0x3ad3e1c6ef6f67874f847228aa6ddcd9626ff90b398ccc4dafd6cdd931c570a9,,,0x565f871ab5bc0d10529bc873d4352ee1b92ac36c2a57303176fbae57978ac1f8,0,11347194,client_a_preview,0,processed,,1780956290177
0x06f52f1be07576f22876b1b6a123c34a82a93490547c0a48d0fcf1317d70d940,,,0x4e48884594c8b56e253d033506e2f64b8b377710095de18b56dc8cfe8a6b1ad6,0,11347259,client_a_preview,0,processed,,1780956316275
0x1f2f688e92173e5113033e946868e03c32b80f90a6eb1ab5e483fa41dd9ab272,,,0xf0d3951a14b96c1d9139eb29b28f7b33efaef1e6d654c635777e329b34fd3b76,0,11347294,client_a_preview,0,processed,,1780956327150
0xf545f4ea363f49a2ee99d1494189a08947597b4513276aa27de67d510622b9ca,,,0x9b71b6fa6c7b21e6731c4d3aed67fff137db596bb1eca51ed6626161edeea679,0,11347355,client_a_preview,0,processed,,1780956349899
0xea18b210ea03ad255e866afd8fa373291a70270bc20b4fad970e35c4193d60ea,,,0x61f94cc1357f0a0b85884e709d08de2769452c6a50c9e804b437d95edd157a93,0,11347488,client_a_preview,0,processed,,1780956400681
0xec1627c5ee141b6b71e80ad83149b1161b21c2d719f6d99247d104e824680621,,,0x57fb906f9df9c801be09c6d97da3c0bb8bba8132f6e0e1324dde10cd6f75f485,0,11347555,client_a_preview,0,processed,,1780956425240
0xd86040ee5b91d875daf0623603cf7df70d83ec8f09b3dcc6b9231a03a85cd784,,,0x400a8af96bbe8702a92eba1c571306dcfc6d378e3bba5fdc4d2139f790d13688,0,11347566,client_a_preview,0,processed,,1780956432432
0xef95230c8e9c711a62290367393931bf39408aad51551b2f53c8bb2c4bcc0bf7,,,0x0d0fbe3f5bb94d7444d1386ca8634a53230ea5ff175979425d200b3cb738a83d,0,11347635,client_a_preview,0,processed,,1780956457507
0xe015727b2be53a327db6678a204e3a97ef1957dc309284cc39897e732875e298,,,0x580048b5d9216661e807701fed03b361be861c7628771068698888eeb2b8e3c4,0,11347824,client_a_preview,0,processed,,1780956528340
0x901aba6e0c74cb20a157725ea8f775c430c21b1404135e729eb275b8ce3e1a79,,,0x30a5cca9f618c7060c4d2731a118f5f8ced427643d8b7d36008fef73f6b6f553,0,11347846,client_a_preview,0,processed,,1780956537084
0x359bf2e13c91fa27cb7306d7f9c9b45de2debc7bacd516fe5ef00497ecc8387d,,,0x76b5b58834fde03ebb01ee16da9c5a55816b5c43e544780066d4375e1f7276be,0,11347908,client_a_preview,0,processed,,1780956562544
0x0fce5a93ee1386ab02821663afae8507c73e7fc7bb060b785e2617511cc8daca,,,0x0eb0fb6b48095f5f74ac18adeed736bd3355f7c275eedde8a0d893462ee491cc,0,11347952,client_a_preview,0,processed,,1780956580184
0x3194fb520ef02f8a21d01dccfb4a07514babe10fec4b67388ae114849ef1d2ec,,,0xc5af646154bf846686fac22872dc68054ae3a9b67a3c242f18c2082f11e47991,0,11348020,client_a_preview,0,processed,,1780956606095
0x43a2fbec4628940f75b889b286908bf52968c13b40a60d3812d26c330394d248,,,0x4e730d1406804aa8a149f4e02aefee8ad353d450b7f771be02eb4754ea11fdcc,0,11348038,client_a_preview,0,processed,,1780956614927
0x3db7b5dcb9fea55c3cbf2c5a31564e39a9deedb4167b18a1aad678a5cff0ac11,,,0xc60968c69b943c1d9713e9b6968471b134b79c6f01b4424d0094b5bda3bc9da3,0,11348106,client_a_preview,0,processed,,1780956638807
0xf74ddf95a22e34817a6bbdf438f09cb197cb3a1327a3ce0af91f14e277b0f9dc,,,0x48ed6b1e9792d7939b20ba72dde8d5fe7eed7b1a84c552566af7a07aad7c7579,0,11348219,client_a_preview,0,processed,,1780956683317
0x140615cd57b9d110809ac31afa0a3a6c7d787dae69ab068e683ff9711e9cf9d9,,,0xd8383513bfb20b8f0a85d47dcb2f882353ce4064996f38eb4ee794554ad25e2e,0,11348234,client_a_preview,0,processed,,1780956689075
0x2d03a26839fed694caace07cefb7f2f44bd00550c3dc2392f7b289cf0cd3e53e,,,0x113f4adabb2dc8afe1c13029920eafd444f36b96b005d122bfc6886dd5abd886,0,11348288,client_a_preview,0,processed,,1780956709693
0x519528e6486464f8a885df6e100294770527a006976305c2a5f262533efac4cd,,,0xba3a08d2695b30a76942fd25859abeee98e4c6686e5d595e1e9f7bd10ff4d826,0,11348339,client_a_preview,0,processed,,1780956731379
0xb59861cb12094eeaf17594c11055114ad663eba4ce7b4369c0bd480d4699372e,,,0xda6d9877d9c0f7e720264859ed9a667cc45bd4a4905de6433ad933e439847f9b,0,11348342,client_a_preview,0,processed,,1780956733095
0xe17c60f7eb3d20b42a9c1504478ed651f2c0ebc2a9f69becd688b8332aef70b1,,,0x2b31be845e3de14c090cb076da33371b541d81f67017167d8e6c9b0c19c9b0c5,0,11348345,client_a_preview,0,processed,,1780956734811
0x91e8f5dd6bc19cea03d78e5c76ce41d859004ed849dca1d022605f3a6ee230d9,,,0xa39db4da77dc5d8099c108e8e6e2c64423f5b23da494778f4f0598d0269ca8db,0,11348427,client_a_preview,0,processed,,1780956767040
0xef7700dd04c0d12a0f3a214e16490437b2de1b84bc2daadd4f600a2be4e7ba1c,,,0x3d65105dde97af4377a2284342c7c177c508b6634353a94cf97337951520d87f,0,11348487,client_a_preview,0,processed,,1780956790411
0xd61f0f05e5037b5764646627b2dee3f1d8d3371aa80a72b5f6fadecc93e87484,,,0xe7ef1b851085672206a4a2177e5865fd7a52afbaffefedcf31f52750f6205e90,0,11348495,client_a_preview,0,processed,,1780956793096
0x4d23069061f5570326afcd1054118b7c9d204cfbea481e8e76b6f4bcf083c338,,,0x09d0367b6758f895590e95b5f26ea682d0cb207086a59c93b93ffe663bd08e2d,0,11348556,client_a_preview,0,processed,,1780956814942
0xc71994b8390bbb1508183a35bd739a64b986f6af26af4ee019220ad509f40070,,,0x598dc255d6b16046fd8efd1e49a34c9285b7d9f222ae641e8b6580dc176e1f52,0,11348561,client_a_preview,0,processed,,1780956816714
0x5f5d600cb822533a84e0854c3e46802fa626035bb40498866f55cd8e18d252a6,,,0xf8cc2246f4357869ac1493e66139aa805c67bc32a485917780b149335fed34b4,0,11348565,client_a_preview,0,processed,,1780956818253
0x384a01bba8fbf687a74e09f2551f89587f18b7514f6852483ff8211134ee8420,,,0xe630f39cda7f70fb5ff1f7216a674e76f0301009f4129e5bb7da3a6d26f5e58d,0,11348617,client_a_preview,0,processed,,1780956838453
0x30288079e5750915b13f14d90020b0c5e0b042441684e202e371c30737e3eef0,,,0x3b96899c7030a8365b9478c75c51e62093541dcab2035e0fa742747f69c2fd2c,84,11348621,client_a_preview,0,processed,,1780956842700
0x328c3446ebdc8f2ffa4ee42545a355d2c6f16952e3b3b7bcf2db295cdb74671a,,,0x6c93e3ab23f9227ba6037f655d66d35248d621753c2c35731a97c2ea4a6aae65,0,11348622,client_a_preview,0,processed,,1780956843109
0x97b41e20dcf715ae29fb64528a1bda591bdf5cb679f6ab3026d96d18ddfd1fc3,,,0x6066c03f75ad7369ede77d37c9724dd75cb480b40e47cf1b3a5a2366629fbf31,0,11348684,client_a_preview,0,processed,,1780956865857
0x5116eda1ec832ec5bb10a5aa32ea9cd3dd63066d0eaf961783ba364672f73dad,,,0x7de546c93e2d5ef016fc334cabfaa91d5e6b332dc4f3f41c512954509aac1c56,0,11348720,client_a_preview,0,processed,,1780956879891
0xd888d35a218be4425cd6d392e10ca86a8fcc88e8661853bb751f857caed3ff7c,,,0x43038798651b5e31378792f752814f3e6f2cb116828f3e66224afcddf02f85a3,0,11348736,client_a_preview,0,processed,,1780956887025
0xc1c7c181954b4a53e9643922942d70bdbaba85cada40c3150cc06b8e3974d2e2,,,0x1d37503018648b61e236593f06142599b45954b316b678d5667eb85338ee2be2,0,11348776,client_a_preview,0,processed,,1780956900629
0xa1d092bd3fdf43306560e8d1376e9f1a5bdef2fceaa75159991a034ea82eb7c0,,,0x066617bbdf9bf802af95747e36e6322c9f929cefb4d2f8809f3c303690c01beb,0,11348844,client_a_preview,0,processed,,1780956928208
0x74256b18928ba308d6c9ee9e807bac2ad034edcef8b9e78ec97c9e04716565b6,,,0xfa15cde1f2a1c65d5f6554721b79b3f7281e5f376864a1b2511a75e25b6524c6,0,11348850,client_a_preview,0,processed,,1780956929875
0xca21661b507d8f226502a1bd0f7dabdd049d9f5199b8709df5cf8fc284f82ea0,,,0x898e4c5d38ea202148fecd5b6891781a0825e9df85faa4eea60f2e55ae36a0d1,0,11348854,client_a_preview,0,processed,,1780956931790
0x93845c751f9cf89b5e15f1439712f7c69d87668e91c1180af8aff5a739bc5f67,,,0x3885263424ac4c994f1d6976939b0eebf6c7819f5904421b5b41d1e8d3caaa77,0,11348899,client_a_preview,0,processed,,1780956948174
0xc33365d314ad7ced1459290cd8bce4a43086baff6b370170ec412c723bcee25b,,,0xed82b113a18a74a8890a264d48841e423de3eb2eddf4402616bbb55dae75cc6b,0,11348902,client_a_preview,0,processed,,1780956949518
0x64264f1b99e2010114c4c5238a883945497bca1742f4f3f4136d240b8763db02,,,0x0a236a745df8a75a0d000c8a36390dfd1415977626e49315e5205c9aacf2b2fc,37,11348907,client_a_preview,0,processed,,1780956950868
0xf22cf82f32dea2a7bd6b325dd1f6f781347b8c7d555f5a4991f3f2d4802a9b5a,,,0x4e9c59863495caf2dd534c5f8e4fc73538d5acc2d41a76783b572861987ee938,0,11348970,client_a_preview,0,processed,,1780956977909
0x4f2004fc9e734b1ea62b2804633385af549932e17cb83d266943621e67985ad6,,,0xd48946c39a18e90d348c88ee1cc4940e2fce762a00070e91963ec104bc3c282b,0,11349010,client_a_preview,0,processed,,1780956993286
0x0ce3a5616b3459f021ba8645e99be43ba44370d0645368aa915bb6535e3374e8,,,0xd721e0fc0425aa29b1cf5cb53266ec04e1e26a4b105d3fe793c4d7e83bf30d1a,0,11349025,client_a_preview,0,processed,,1780957000735
0xf182700cf4506b682f364aa7a6ded4351cfbb231fb78ff0fa16597b8025bbbd9,,,0x7defed86628c7d2a0231328efad221f541254f4559c603b5cf3f559d79ae47b8,0,11349065,client_a_preview,0,processed,,1780957015311
0xba8b69ae41be734ee65655d2a640a2d1b50084b644132eb1ebe9c8cf750a7f33,,,0x1202ce71a0eac8c3360a6048f9196cbb5f9e5e2ab6bae5f633c18b3263bb4caa,0,11349158,client_a_preview,0,processed,,1780957050337
0x7a91ee5c638d4148acc90b42dd6bcbb15f5e2231c3e2b68d46a82841e0f7b914,,,0x1e415af396f12c1e9b9496305b3ad819142c47774903695bb871137febbdc290,0,11349208,client_a_preview,0,processed,,1780957070035
0x9c762663c595adf858b034f58c8c2cea3582b958224637c6f6cc7a0a9d343769,,,0xde9389d3cc220863c91107800ac628f3d9e9950144d8aa937eba2117e930033e,0,11349227,client_a_preview,0,processed,,1780957076329
0xb191bfb8a18ad939cea7d048823155f6a67f88a0d9fb281b10ab74c824b8e71b,,,0x3ce97e5a4be56ea31ec23503535a55d0a134b486c8440e91a98da1dc6b1d9fe0,2,11349288,client_a_preview,0,processed,,1780957101316
0xe2791381286902a6f6199357376d72363544e4c09740b083ec1ed8085a71de37,,,0x4472de2406d9cc0d692ecfe5a3128f641c11d9848e5070c6e62b21c8175dda43,0,11349338,client_a_preview,0,processed,,1780957119682
0x43354906273d6adc9790d5457a69e02cefeb1db908b62de53ebd4b1999fd8f9a,,,0x3f02dcd725513c86b29ebdd4e9866f2a11c2199cd92bcd8ce9f82b5989906193,0,11349446,client_a_preview,0,processed,,1780957162536
0xaaf13a4c5d53e0e100d28160ea82ad1c398a9c7f1a41187b03a04ce3f59b7461,,,0x32be559065ccc59bb59de196f26c30a511672282382e65a761e9f1b12bce6dd3,0,11349498,client_a_preview,0,processed,,1780957180814
0xe0384f3d02233426a951d0b93129dfb3a7c6a6c223c51e3e3164f9c7fd198146,,,0x284323b78a68198ac29120f9c3c81985ea59eadc459658ec9afcb074328882c4,0,11349555,client_a_preview,0,processed,,1780957202760
0xaf1d1815b63d36589dec7a0a6da22bee001b94728b668e4b3e6598817fa61ecf,,,0x88af87cad4ed16d72a4b6e7d03e02a67ecc59150a20ddb5ef9b94b3801654a1e,0,11349562,client_a_preview,0,processed,,1780957205043
0x3ab6ca4ca45b1f67d2302f60dbb797ab0d982146e8842f152fc2b13fe2c57cb1,,,0x50fe91cd804ab20c2b28cc4e48e4f7a807d04c4aeabacfbf23ec7d890604baac,0,11349573,client_a_preview,0,processed,,1780957211952
0x72ce6f72e7754d9b33118347558eaa4cb51d862c3a279b54ee7f98f81d692b0d,,,0x42f63d3c436ebe6cb8e152cc762875898a10afd1378673fac67a1fa19108b266,0,11349603,client_a_preview,0,processed,,1780957223874
0x1a9f09d95ddea0bb4efdecdffdd4293f3544aea90bfbf13bd627e2f1c22b517e,,,0x5554fe998dea17e20f4ca35025220d6326435d2f9b5a9aff1c3c1e77b4cc9e7c,0,11349636,client_a_preview,0,processed,,1780957235419
0xf43b3ae825a6666f4d017d865b73d3000c167e39532ad7145883e607f472a266,,,0x267ff7d1e8873ce110c8870dcd38ee4aab04a0b68800e84f83619c6cc67fd39a,0,11349682,client_a_preview,0,processed,,1780957255003
0xbef00f08d24059ccf7f6f76cac6e881ba7c68b8a2e97c4b9eca1c24323712bed,,,0xf3e7bd610ee5b07603f255338fc5fdf41b1773445bd0f1e1b12b61fc2715cf9f,0,11349685,client_a_preview,0,processed,,1780957256089
0xcc77f71ef6effcb87b3a30ee367f33782084338f651e697a5079640bffd0b3df,,,0x8166578e0d5af7f0150123fa70f58661e41cfe652a432afa4652e684264d385d,0,11349693,client_a_preview,0,processed,,1780957259343
0xfa3d4e6765f7439732cc7075e82d270e3f3d18e28db0bafdd1da6692e31fce10,,,0x11d76afb0e519d8ae4ca7bab00da92c6115ecc930d3266d12bec361e045ff21f,0,11349727,client_a_preview,0,processed,,1780957271906
0xaff91192252ac24199a021be0ea50dee8d5200fa0db2340982a8724fb28bd395,,,0xf2a48d4c87e018b3ccf65351d7f0551f3441523bd63340e827c3d900559a479c,0,11349732,client_a_preview,0,processed,,1780957273374
0xeee28d38188a59b1c448db67ce4480d1f6db7871bcb0c14170f0803d29ad2a86,,,0x7b834d937f259c6bfbafce143ed0d4f36c5f6461335777baf7eef64aedc56cda,0,11349738,client_a_preview,0,processed,,1780957276108
0x35c7d2ade1db2fb39d053e658d5978496b7b9d8438f7395cda0653192b279ddd,,,0x1beccb95225f5b6f6801c0628bc6ebcfb4314f64b25173a3e179604eb2bfe9bb,0,11349774,client_a_preview,0,processed,,1780957288583
0x7d16916fef1aff0cf3a1cc4a2ee2c6f493f3140a6c4589e249987ec6cde4e48f,,,0xc3bc1579897b501b75c4823eacbab5ad9323f605f90c4868c60ac1f19791b09d,0,11349777,client_a_preview,0,processed,,1780957289757
0x8f00004ae617ef38d87b735094d45b53149a083ae9e93b21e95243c20b366edf,,,0x897d2dc92a8793c477a4f7f1f70e5821c23df9680a411ff81a2f1d6975c6283c,0,11349801,client_a_preview,0,processed,,1780957299233
0xbbaaaf2e4d45073be37e2dfdebbd38be0f126ba64975a60af7f2e5c9874e8a00,,,0x1fd28a5e958392d7bceaba9e103785f4d1ef60885a39a13f99c350527e6bba6e,0,11349850,client_a_preview,0,processed,,1780957316712
0xd612fb7fd41b49d228fd50c72388d07dcdaf0e098abb96b582f144f89a2e0526,,,0x9f9878ad30018662983f5f74245deff64047e385faa6d615a017a71a6d423d7f,0,11349903,client_a_preview,0,processed,,1780957337271
0xb248fbd017f5b8cff6004319437c3a00eed13a47bd7197136860a232e8c4bc0f,,,0x15d3991dceaaaa6784e185775a319f54a5d108cd365a1225025250ad0c672c39,0,11349953,client_a_preview,0,processed,,1780957353918
0xc22cfb10a90fe937bb991af948dbaf2bfe5f0376e2150b14d495e600cdd40725,,,0xa7af9a2881734d7bdd002b585a27b2083c9efe02064febc9566bd599e8e75b68,0,11349991,client_a_preview,0,processed,,1780957370824
0x14e397a2235d85db565b36c081e77eed9bea719b910bb38744c32336cc67ed27,,,0x0e189b7dffa1a13b66285b816714ec1ad73bf81911a6db1081f9f2ac82181263,0,11349997,client_a_preview,0,processed,,1780957372491
0xce41be0ecc790a35bddd8a767b102ba2a332b44764a859b7781695d5316239b0,,,0x64d4cc856185c55aeb2972f1fdfa096849d585b24e3b4c344b218c7f72c1530d,0,11350042,client_a_preview,0,processed,,1780957391168
0xbaacf11ac6859fcf4d2ea47f26541ee3d8de1b86054f0bbac0f3e60324338fd0,,,0x6909df1f31c6c813a5a0b2788306bbeefd34972e0d2462aae9369b29812c7f9f,0,11350046,client_a_preview,0,processed,,1780957392835
0x71307ee14ba12c6685f136fbd383455866d225abbba47274818f192db24087db,,,0x9550712908c261acbc21d8b3aa5c1b37b06253a935beb2a194a6d400cc701855,0,11350073,client_a_preview,0,processed,,1780957401887
0x316a5b341568c6cf8d27445ecebcd3d17c159b15ac5fa5d4214d68df510af6e5,,,0xb13b432ea1b4d1c843b831c0d1e2c8b3a22301560d39733d931924102f4db123,0,11350120,client_a_preview,0,processed,,1780957418608
0xe6531652010248a2ca02fa26db8d8cf1bb5caf5f2b214334115b973bcb187c05,,,0x4b7f0de9977a34da8f950621c0ea639ff78d2c93d315965c714adc7c40a75089,0,11350267,client_a_preview,0,processed,,1780957475277
0x454dfa73231aa9accead10bf12b5a301dcf7da40cc093a2a22763330d290e3e9,,,0x56120c535811cfcad3faea9ad528ebbf98d40c0cff44179796180cb6d39e6cde,0,11350271,client_a_preview,0,processed,,1780957476977
0x301c249f0d00e93d8fbdd6d785b146aa47959ac7618375bb4ba6d1257cf05503,,,0x9eccb1ba27e5c9b8ac16b0530a88212efe487079d4429772c2bef86f18d77c18,0,11350282,client_a_preview,0,processed,,1780957482882
0xac5c7c8a38eb6655c5a3fbf6096cc7a5fbda96085a146a2c36f47021d4d9fd64,,,0x455c6f3b2a19c8f92d30bcbb9a1484566f50242b0fce579697ce4b4e87aa7b2e,0,11350316,client_a_preview,0,processed,,1780957494051
0x21c5d090bc6b4ed68f8103d01f03b2498e46d53fa01afb9d06ee90d0a1ce37ab,,,0x60cf1f1ca4974a17571993d2965b5bc32ee5b59a5aa8a171634131bfbb473c6a,0,11350319,client_a_preview,0,processed,,1780957495236
0xb4db0fe0290c967f00e98c649c459716875021f60df56fa492ddf2a8716f55ae,,,0x899757d4fcb0db69a0d713f5c476c148988b394b4d33d085f6b69f7caf82010c,0,11350350,client_a_preview,0,processed,,1780957506580
0x730e23279e0b08a143d3f55c99642810837b5635d1c813115e11345c09b9f6a0,,,0x8fac3c221c58f91cee5b802cfa9afbfda6ca36ff4fea800ce25ecf292f5d44fe,0,11350390,client_a_preview,0,processed,,1780957521367
0x829cf59d3deb735c2836be57f86ceb3a4d1ff141236568fa9ab2b31e80fa5bd4,,,0x865b26578e0b07188fbe5f192984578a1ad88e72a3765103db29af9e5ca5d0c2,0,11350454,client_a_preview,0,processed,,1780957544887
0xeee98b5eab5c1b49433f41140dbbc18ad4004f65a05d04c65899d2108da2456f,,,0x8763757389d6217134f4f1d34158588fda09f1411501fc8f5a99f76f6d5d4259,0,11350494,client_a_preview,0,processed,,1780957558849
0x969516a954c7ea070d1fe010bf1e9383a043b0e7e4ea3a14fe46d95499ddd820,,,0xf14e765cbd0156bfa2e7db5aec911d326f91d33adc948b7cfffe50c28c4e65cd,0,11350499,client_a_preview,0,processed,,1780957561974
0x42cb4f434c84c238aa73e1fec74531de9cb3859f633a436b226f5d7e7910fb6e,,,0x2ca3739e07877f182568b2b0a953e634edd1859c5fe59d660aec029eb35ea1d3,0,11350502,client_a_preview,0,processed,,1780957563550
0x7b2483af3bd5fe487ea58b8f459d67848f6b099886391039b60b2fea54b915cd,,,0x9ee5b7b7e0c36d01cddccc3deefcfa72b1fc277e0b36477918f8b8b588dd6d7d,0,11350506,client_a_preview,0,processed,,1780957565323
0xd096c0de0b61499ce9cb11593f1e4a7c82e2d4774cdc066037989969e9b9ea8c,,,0xd07ae35ebe6e1c6783b996941fae982b1c17226217f8a1c7ea28d92887b93d88,0,11350535,client_a_preview,0,processed,,1780957576605
0xfbfe7e1efe605791043f8e24175fcef6eb38e8f0beb11d2d665aeefdab2654be,,,0x6c4c8a8ba6a24460ca0883350e09b0482810404b868788af9769b25afd2442d5,0,11350538,client_a_preview,0,processed,,1780957578165
0x14a4f55df9fb0b1a8f70243b26dabbe9f451363b83cc123311686783669d78e2,,,0x389ef9eee9a4ef190e90e65fbcf5d78cfcc5c9cc5c8f748bdc102b7386937894,0,11350540,client_a_preview,0,processed,,1780957579111
0x1b62e2f6d25c4482ba287baaf9fb80ac32cb6689c1086208deac79e6f71d1e6f,,,0x74237fc52abb87ca9b12fe3b84712e6e07b0586dded0ddade81545ac9d910e39,0,11350544,client_a_preview,0,processed,,1780957580956
0xaa04b6936fce0c890dd3b3e8822ddf45b7bced7caf30df625d18a41c1eb4de36,,,0x5b8678dd34a613902539e07670a606417c0206772cd733e8200fbb62642d4cc6,0,11350550,client_a_preview,0,processed,,1780957582340
0x1e15a165ebf91676f1933d0b69944dc73105ba35d41a3c87c0c3c6861db19b27,,,0xe2fc504d4c8b1b7cca92bc358717180157321ce8b254238a515ffae6a86803e4,0,11350586,client_a_preview,0,processed,,1780957597846
0x66e87cfe56b9d3b2a25ff15d9dbff91ecca861bd1f8ae9526ac58752bb805aa4,,,0xf1abe64355be39393c7399a3d7847837f2d3565356f524341d5d30c2947a4114,0,11350589,client_a_preview,0,processed,,1780957598961
0xced3b6e5002130eb4970d521dea4148a8e361b6172ea8be1b0f4ddec73cc81c4,,,0x4889aaf242658a55ae1e397632dcce47e9fe69bef00f19cf064f4e0ad398fef5,0,11350732,client_a_preview,0,processed,,1780957656549
0xc3b2dca4bf87094b1f624980d33505ca26102a2c2e0cafbf5ac062d4d648512c,,,0xd56aaee08e0d69b3eb2e87db52e00e609298c7763d39b08d8a7e0c457f09b1e5,0,11350778,client_a_preview,0,processed,,1780957673009
0xaecbc828d86572e91c704e7b61585dfcdfd30497aa6dfe3736104732a31db9ea,,,0xa03e0dbc999810b9c597aa80ee3aee1d459ecbf86f81dbc9b66dd8c3400f1aa5,0,11350784,client_a_preview,0,processed,,1780957675578
0xf8ada14ebf5e671e01219cf967b25df6cf18d1205d4e7dc6c4f1d66616b8dee6,,,0x8f5825191152efbfb71955053ebf53f6769b77a63df1d20842b75a0e3b501da1,0,11350789,client_a_preview,0,processed,,1780957677253
0x3e8eb361d41fa0705d3c306bcae4c0dd41f25e51e0d9cd94034a443d85632bf4,,,0x6cb0ce951045aa3572506ca0da65a4dadb3a69637df3f51c819ad7604112a4f6,0,11350793,client_a_preview,0,processed,,1780957679112
0xbe9c0b8c893379c963741f3dfc39af2d14f4ce596ba6cdfcc988274c0fc71f38,,,0x4780d1646c88fbc7fef23713c7b4bece3540949be34732eb1102ac8173108bfb,0,11350823,client_a_preview,0,processed,,1780957691304
0x29237fdad512b3c9f12275d44edad2f115e569431b45949ae58a9e906383ab68,,,0xd2d8f5a797f45bcebd09c67e7223e61b085b48799d5646e9362b3755fccbf624,0,11350825,client_a_preview,0,processed,,1780957691544
0xddbc6dca60e2b4fab29d927dadb3d7aae01b1d2c27f2aa51015862124b195e59,,,0xd7fd4ec1b311630fa2ddcc2350853b92d5e3c04b72ea46de54a6eef89d31a75b,0,11350827,client_a_preview,0,processed,,1780957692243
0x777b0217c94c44acccc1cd32d3b3e99cdbe5a7deac83bfbb752ba873e4a1d5d2,,,0xb6ae99b47f62bc37ea107d2f82e10fbd59e15f8e8f7db061e67474f4e277724c,0,11350828,client_a_preview,0,processed,,1780957692644
0x0883fd0336c7c262a7364d542c0540542e24e00a415f94662cf46e23a698134a,,,0x7461b7eea09b174aaa8f0ed2418c208e6d81a83ff84f3063c253c4bdc72235a0,0,11350830,client_a_preview,0,processed,,1780957693395
0xdb8c4fc9fb47214225ee1ffc9a1c4679399ba3478da86bf04869ca8ded74930e,,,0x8d7f6bf8824cc30da48e4655626770594a676b6cf2b5974cf18174fdea938268,0,11350864,client_a_preview,0,processed,,1780957706631
0xb14609d073b57c3221b1bd528dd5fd1eebe36060f873cf0fd5b15d87e2375a7d,,,0x7140f152c8a8072c5c7b8a5141bbe3f9c6b44ddfa6406df81e6861537e955253,0,11350868,client_a_preview,0,processed,,1780957707792
0xa4f38354d57b0d807c8fdd74d966af26070c2e5b88fb33bb0858974b57c16008,,,0x4ffb36d3c9f01c87c8e7216816b07a7ace4d604d07f3b6e5766783677fd18bfc,0,11351064,client_a_preview,0,processed,,1780957783224
0x802804e9474af8cda6a898f90911f34714885fb9cab0492ddf9914524bf84fb1,,,0xbcf5f13f8df9b31dbd2c72cbd551b250f1ba83f480fac3d5a6bfa8b2f050964b,0,11351067,client_a_preview,0,processed,,1780957784932
0x06e6d326e32ff20220f4bf688a9c83daae2e0e79a1e564f1ee840d3a3ec63883,,,0x382740b3b18d5920917722e4712510f98faa149579d24363f5d68b78476f3098,0,11351072,client_a_preview,0,processed,,1780957786717
0xf111283d9571bcb8c16057c32bbc276d1553020532b6402f94f8b434e3d0bfe1,,,0x4d3b45ca33810c856469bcb211633983b1faf26dd8b86af57627653edee602ef,0,11351092,client_a_preview,0,processed,,1780957794585
0x9b8ed38ad3b69460191f4ffac01448d498ba7c1777c482ca9c08bff08f7bd797,,,0x8a00993f832b6248f82b43f181182b138d911801cdfaca4eafc3ec4810231d03,0,11351104,client_a_preview,0,processed,,1780957798737
0x986446ec6e9f8a77b008d61a0950eb463f8c4f277b93c28db278b7129dcf52ab,,,0xf666105e8e7e2e01ebba089bd825b96cd3dacf33f6f0f512c49556ff12e29288,0,11351107,client_a_preview,0,processed,,1780957799565
0x71482038a1fb67945d2f684187376a4c7421064caf464a19c8a85b6d6a4923e2,,,0x2909112ae6330becd0e080adde53e9aaf8e8ca90ceea92ad40d80c44aabc6aa3,0,11351109,client_a_preview,0,processed,,1780957801377
0x4f2695084df4d0726e210da69881827383c14bacf108f2768c211f32473e9561,,,0xf974b046370b235ef9c4353bfaa36ea1a896583ece4abae627774bb2166d8155,0,11351112,client_a_preview,0,processed,,1780957800964
0x366f6458e91b26077c8b5be4fbf7464b01afb5b461314b9b1cd87858b81936d3,,,0xbe869b45680cab5ca3ef4eb0b2c9bc882b83082ad006c49cff749ccce2b8c8e7,0,11351113,client_a_preview,0,processed,,1780957801591
0x7080ae26cdf07c4672465d4dbe4e61671882d976db05e0a033da138d25209728,,,0x38fc17f563d1d10d19afae677b2cec776594866e8e7a9936e94d38dd2100d207,0,11351128,client_a_preview,0,processed,,1780957807045
0x7c6c42cbd0fb437641ff30f03d9e41c05f2aa47171b1826bc8f8078ab7a27a91,,,0xca4b135d7ac097af1ccd77eac1dc239f334bfac0938fcd313fc36b4e7fa5bc6b,0,11351350,client_a_preview,0,processed,,1780957897780
0x50699221a71d748a215286923ae06c46da7500e635892d11246080fd1b51ab52,,,0xbb9a716395eb4cb8a4fad80609b66112d383a7ef601b347adfa8e04b5d21fd86,0,11351353,client_a_preview,0,processed,,1780957899402
0x291eea9bc5f46999878766266a0540b86b18ee87ed48f838a3dacfea42de4d04,,,0x6976edc9d583f4d91a28841e6f9d512bf82ac12b0639126e7fa24e93f6bcf58b,0,11351358,client_a_preview,0,processed,,1780957900997
0x67409a6768781b28691300476a20b82eda4de6c4d147986161d48c4c102c1b6c,,,0xcfeb5273a31eed381f5fe05ae853e6ad7904456e429f1ac8bb28596c3b3c67be,0,11351377,client_a_preview,0,processed,,1780957908961
0x430a8041011d54f164f4b60348da46d2fc1fad76d42483a838191cd5574a8162,,,0xa670e598ffe2d12f14e90d6ca9a847af18744999e162fda173e014ed75fe317d,0,11351382,client_a_preview,0,processed,,1780957910721
0x49b1a046712d6edfde8f3e84b68480c3d38aacf1cb7373c174a43d27b8d7701d,,,0x16270f9849007ced0391967ff8f7e61cd6fed10dcc84c7eb7b3720248bcf1156,0,11351386,client_a_preview,0,processed,,1780957912002
0x4163b00d32c087271de389dc7a36ccbe42d27aa9a2478fee1fc49ecebe3e9a16,,,0xcf5f8cdfdd780d63d05271ded7b64d64473337052af2451988e23dae5e5f72a3,0,11351389,client_a_preview,0,processed,,1780957913263
0xfbced81d34ea8a17bebab1f43b5ff2daee5bc6ae75e76e7a34402603bd01c523,,,0x625faa670bf13b4f681b81aabd75a90c3c5c61599095bea4cd8b4a5642eec8db,0,11351406,client_a_preview,0,processed,,1780957918294
0xed9007fb15cacabd1f368b669a5e3b68ba944fd219f832bee4ed19b19aef3768,,,0xe771f67caedbbca4d872b45c8a87fe9c900d770312308176a10c0fc9bc295dc0,0,11351521,client_a_preview,0,processed,,1780957961541
0xca63d021ccec76fa505917133112b740fe97b3763a20288c4904b6ba0c3781e0,,,0x7b3998e6bf7e061d216099944bc7424fc34a5419613f02cb6a5a567dc13410a3,0,11351528,client_a_preview,0,processed,,1780957964323
0x2cbc54dd7ee7cce16dae34e4deebc263722fa98d87ebf391d153a66e75b92354,,,0x15e4687ee4ad0f7d8490487c969c7aca2298cc441b06d3d81af1ce2f8fcde1df,0,11351540,client_a_preview,0,processed,,1780957969544
0xe2e3f9f250fcc0af91e0c9f2481106bc4409688db42bd98390c7c72937f5898c,,,0x25d62e2a882bdf6e3a84f7dd56e79feb3a5b937bd9912a1ba5c7e8551ca9391c,0,11351545,client_a_preview,0,processed,,1780957972405
0x539acc390f0dcddbd018fe124791c3684c8dff85bcda260631a640036d663801,,,0x88ad0f62da778ebc5f81b9e68575a9eb2dafd0e85ebdd2321b23c281fd0d5d09,0,11351647,client_a_preview,0,processed,,1780958011086
0xda1e3bd730b1b6e55f5b030fd85117abc3820b18ac33ff8478e7b9ef5225b16d,,,0xdf2f570138b6c862be911ac3c44342eff2ce198450ae7d4248665ceb140e2ebc,0,11351650,client_a_preview,0,processed,,1780958013206
0x905e3ec29bc19158ff1444a44e2953b11177f61899c487689cd49be3590d0db7,,,0xbaaa74a1476b74d1738284c61a224152eb4a9be32aca6add30c28340e7bb3831,0,11351653,client_a_preview,0,processed,,1780958014762
0x8d20bcca51a06b82ec48a7df927ac961897d1e4719f256b9fc9fe3b9d4df0e16,,,0x2afa740edf1f22e3be74a303f23b644f4541de4c1939f7182399caf337b0213f,0,11351664,client_a_preview,0,processed,,1780958018862
0x31a9f29fe302bb37d543fa7e9f1ca7a0d5ca3b8b77ebf0a3b795e29113a033d0,,,0xc0b1fbd95d0098b8925614716dacc4ad67d6a1f199ad867c79cd0a58be287c2c,0,11351670,client_a_preview,0,processed,,1780958020595
0xd270deacc3e11fa2431b7d380439fa4f04d165300ece2044d00313ee5e1c1157,,,0x15417edc0285688602cafb7d00dea95642d544fc33367d14ec4a7748cc8c4243,0,11351672,client_a_preview,0,processed,,1780958021890
0xec3d727af35faa50211318429c1c52a7e3effd449fb97400e958596f6588591b,,,0xe4d96ba1560217f403cbda2f54679e467fee82c3b90d898199a3ea10cd6c75f1,0,11351674,client_a_preview,0,processed,,1780958022406
0x06f53dab485e99c4c8101bec40ab1b08c9b3ab9da891e1e0570b78189b2a0300,,,0xfe54069d213a1f7faddc4519f2533042f898c3e3908e1b771f3af5ce63fa1b3b,0,11351691,client_a_preview,0,processed,,1780958028477
0x8cc94088d8f7f97289d573d7a50b72e2d9a0a914408c6a2aa2fffc862cfb2ccc,,,0x7eabdc7b7fc7de4eb0a07910f81678ab071964c5f724cbbf53b65ce27eed2b2a,0,11351771,client_a_preview,0,processed,,1780958058984
0xf5afb0a06dcb217cc77e3bee5dc7b2e791594f3b0c897630a1a4119273aebf7e,,,0xe2af5fd9070bb7abad8432c0fdffdcb5c19cfe51dbe738e05f23402c1b1b3797,0,11351788,client_a_preview,0,processed,,1780958066751
0xf95575655348a3fad82ebf09aaba3cd14c92df6e118ef8fd120f315ff219d7cf,,,0x10a9caad0670f592f3a8558a4e83b3790e454a83862a4729c3db3e6f2a516fa5,0,11351802,client_a_preview,0,processed,,1780958071980
0x48b8ff6347e3be7704c5943c00d9217b780e9ef3a80828952769ef016a162218,,,0xf8b8f873eceb5fd97d2ec96eba1a47d7ef66e2210f0b74216d13e704b59d0ef0,0,11351809,client_a_preview,0,processed,,1780958074915
0xfceae9812c199c4f1e45936bcb8a0fb29fdfe9dd3b0d348357b354d0e836f36b,,,0x93411a77caecb85f6d7c01dd8590b428fdd7d9b0ff003bec223da75748d3d269,0,11351818,client_a_preview,0,processed,,1780958078142
0x077b3247abc2ba39abd18f68141a5e5cb91e7a417fe4ba6617317d4a3875685c,,,0x12c4624a560e9f81d7dc6ec5d3fdd4717c07a723a40102e1ec9aa0f74520a1e7,0,11351825,client_a_preview,0,processed,,1780958080945
0xbaabfd09c931dee5bd60e4eea204c36f18fa2bc72d2e236497d674ae218c5a7e,,,0xda960bed5a0d77b291fdf444d734a952a4c07bfce2aebd4f22938fdbd921d7c0,0,11351936,client_a_preview,0,processed,,1780958124428
0x5bf6d919ca6093b16c19753d81ac4a6072a1b6d1f80eb6631af159597e1fbc95,,,0xbb6976013a3a81fa04c0ffc234374b19967d90a44a88ba6dc71cbc44bf4d6be5,0,11351944,client_a_preview,0,processed,,1780958127149
0x7a3935e2e78245ab04b1ecb57a9ca3c56e35302363c408354e7744603c61e719,,,0x94c5a96aa08e4627638b61f4e6962d672ff336e84820e6ccc548536d8fadbfff,0,11351954,client_a_preview,0,processed,,1780958131147
0x801cf68c80916611ea61ae6fd73ce8fa56199143c1f889603a1841419e3aa318,,,0x7533f3440bf16c680b574f67ef5326d17f9d1e3ebc0efcc78a48bac757e13ad4,0,11351963,client_a_preview,0,processed,,1780958134342
0xd5618987e47217c7089de83db399e59c1853d43313e57e40ad2c021b71e1312a,,,0xdbe1540099b5fd355cab955bd9fd7d28e93cdbdd23fc09f4a68ffd65c41889b2,0,11352081,client_a_preview,0,processed,,1780958178882
0x61d5f288b7662274855c07d41f94ac7e04d7c9a73e4fbc715fce07b2440117fa,,,0x358ec5a7d11f740d6cc0be61c3d138465f03e5f363e475605fb55b79e51c6803,0,11352087,client_a_preview,0,processed,,1780958181594
0x09de8501ce3eed9abcfaf8ce3747dba187eff5bf7dca3275275fa1c76c032885,,,0x7daf14bd9ce785a9af7638077fd75015897dbe0c5ab15261b4bc8bc71adc9d18,0,11352096,client_a_preview,0,processed,,1780958184633
0xa37e53ce6bb4ef397d538753e44d17cd449567face58bc9cadcdf7749a2c2505,,,0x80ae0713b402acea525f7827c5d174bbcdc8e21baff1d08ebd48c44b2480ee3d,0,11352105,client_a_preview,0,processed,,1780958187411
0x717050ebce984f4fc35c21dccef2b02f48a73e8e09062dd1315dea2f212518a4,,,0x8a745eb77ff172d44e30a3f9716c9cc4e07cc983bcb5cb72994e4594b847dcb3,0,11352157,client_a_preview,0,processed,,1780958207416
0x48616f64479e4381cf6c8dbee6551645a68ffafbb818ebd3924113e5e0ddecb1,,,0x7ccb54087b74a7e40de0c5b4ca8bb0feaed49e8de5bc215e89ee03ee03dcc282,0,11352181,client_a_preview,0,processed,,1780958217865
0x8adceaf1a18675ab541eb2307962b43e78cc75a0e9a5d9a474ec6bf20d778406,,,0x58659cdd35aa2e83a027e4f7ea87fa9c12ec76fe2634f846d71d3e4f699dabba,0,11352214,client_a_preview,0,processed,,1780958229429
0x95232ac664c101ff109961ff21e45b52090c69ec1391d41337da6886f22e610c,,,0x6f085be4d4c25658bd4b9e26c10ab2d3b9cf034b7d87da139a770c8ade9ff246,0,11352218,client_a_preview,0,processed,,1780958230680
0xaaef96886ab5bba929815972ebac90ad19e566b3a594a656b84c4b3ecfc0edb6,,,0xaafad74013f3641118ea2ff19a6fb5f0b97f2b209cc2a9ede1cdc63861266d28,0,11352242,client_a_preview,0,processed,,1780958241319
0x7c03306d90415d67863614663f796e41173b8dc3fbb9ccc3b8225b982c79e68d,,,0x84a169e1071199a242c4ce75502809e92b55797848b719fd9c57508371961877,0,11352245,client_a_preview,0,processed,,1780958242672
0xe353eeb105736e2abf445fc25757c01f46e554cfa29da7801cd800477ac10783,,,0x76f35ab59af4c18f2d2004549b4896fb87b7a9eb20ca9693b0eea986f86714d3,0,11352254,client_a_preview,0,processed,,1780958247620
0x7cc8a5440e50416658dc4461f4df81b09c2fdf11db94749d1270bbd6fea94873,,,0x63275e8b9aab3a828356d3488e8f9d9848b3164f1530d0d900e8fd4da759747d,0,11352283,client_a_preview,0,processed,,1780958257116
0xd45f54f241c098e11131d2a1f87202770abeebbe0ad0f13870b32706c593653a,,,0x48af96e83e6f41eda766f3ace7b7bd2b7738a783b78dfb14a554f1532f7c5f92,0,11352359,client_a_preview,0,processed,,1780958286538
0x0ec085c363156d5884829c8605922d4d675758abcaa0ef1d0168a34b8e9c538b,,,0x48ab5323615a180a45cbca17ce8bc4784a88bd476e6efeba91c2ebd1369f95fb,0,11352367,client_a_preview,0,processed,,1780958290480
0xe4f9cf86adb97255b84282840676c44a5c09dc8632766a6a63b0df1a9ab8be4b,,,0xf4c9af458948489b778c9295078313390d692f6bb56300029d7f6c02f6d6f54f,0,11352388,client_a_preview,0,processed,,1780958297339
0xdcf4608ba31c4ad8aee2ac8fc5bd2dd5466b0fcb17397b90a8f79a45e770fca7,,,0x157df1ec8141f49be691ca5661f0cb5479f85d852f1cd4d5258b2273f2c09803,0,11352394,client_a_preview,0,processed,,1780958300752
0x7f9bb81ebb5e285337629723a8714d9400b54f7d7d546ae9565cdbf90c7e009d,,,0x7d411cae3db34bb52c43df5b2e06af0eec5a98fbfd417141d39a8e17bf4dc964,0,11352434,client_a_preview,0,processed,,1780958315297
0x8ed65ffcd59e7a6a2a8cc204783556b02f0cb2dc8e5076b86549418b82121bdf,,,0x5348107f02596389f88ce15f1ff159a23d9d2ff716b107a90637deb04f81d79e,0,11352466,client_a_preview,0,processed,,1780958328301
0x02d529165329de3f1791fe3eae5d5e9fad6293ce5bebf65fc71d6497f223817b,,,0x10f748bdf750c87461ed4953650eae3f8d82d66dd32486747a20b4f5aa31b26b,0,11352524,client_a_preview,0,processed,,1780958350673
0x3e6186d0ba6137d088128ca51daba9c8d22e7031e365c65627182c50b8f30ee7,,,0xc5a58a7620e6e5ca3171a97ecb6dee3ca4f3dbbb7ebd3c8b6787b0fca45a1378,0,11352553,client_a_preview,0,processed,,1780958364017
0x795597a921908f4ad25136ecaa019da5fa3a81542f8a7bf2723200c63dd264f0,,,0x77099c8cbd247ab2afbb29ee28efc2ab22868029d9bab82f6030bb2608f25e70,0,11352635,client_a_preview,0,processed,,1780958396540
0xc59ca35feed16b946f8da35025e9d698a7e06ec37dff2217a61d85d8487dae4f,,,0x7412037d72dc7d36db889133ea9f5bc070e32bbfe78a5a2e25df90cc00b7937c,0,11352641,client_a_preview,0,processed,,1780958399170
0x36e757d3108bb7eea20adc0fa55ec26370272c1190649d60b400c15a2e0cf734,,,0xd96654304febd87d9c4195aa1f45d36403bfbbf3e84f3daafbf3a45152cac4ef,0,11352664,client_a_preview,0,processed,,1780958407719
0x26452f261c264749e36af36dd0f0f2ce6ff13d627ef3bb9b681edc544177ef25,,,0xdc2c5d50023a81191932d9fc0e6df40e09af69660952b61b66ac75d75e7b89fd,0,11352673,client_a_preview,0,processed,,1780958412059
0x95ac031d799ce8e7d1310477c6f678b7b96ffff9073c91670e6e4807a9d39d6c,,,0x64c1cb5c24cf5ee2fe86774497b8a7e964c8783d720f20553439376a60bc29a6,0,11352711,client_a_preview,0,processed,,1780958428329
0xe9bab0a10eaf26ac3f4616e1a1c2d0e8633288a9a563ed2c4b234b85b5d7ff22,,,0x4be165013a010d41f8a678d7bbe5a32e8f54b2d812c776974851913257df5306,0,11352741,client_a_preview,0,processed,,1780958438213
0xcd66a0b8fc1e65ce3928f146ddb5ecf56a309520c953713dd26451d59bbcc137,,,0x59b57e22b725387dbc4f80eed68b76f704d871f86c07910b3bde9817848d4677,0,11352798,client_a_preview,0,processed,,1780958458912
0x8052193edfaf12b0c2e1777a5f4b5f9c429072c917918f39cd37a0f55098a714,,,0x22b1dfd03a91c1cfd3e7406e961446c68cecbdc58edbe2729ce8debaf5e4fd0e,0,11352833,client_a_preview,0,processed,,1780958471915
0x97f12dc23ffbf8c11347e82714bdec871ea073fb4e8e12bce33cfd2d88ce185e,,,0xf1a6d99862a4e61b55bb7a3619be29f4d9d7a24758d4211162d520be19d7a4b5,0,11352837,client_a_preview,0,processed,,1780958473634
0x1b8d6e4af791486b4dd18a9a1ff651744f48d1370d5dc6ca5ffed0e1e3c79819,,,0x855e535184ee03f43389f54cbfd714ee0af7aabafa82b45e6b6e5a6074ca576d,0,11352919,client_a_preview,0,processed,,1780958508459
0x841c76efa11e957381de4dbe86acb0b0b1f3bf0c384e2eb362dc0173a660dedc,,,0xcf1ad1322ac8280d939620acd6368021d9a7247842a0e46abf1037d20e034a0c,0,11352951,client_a_preview,0,processed,,1780958521476
0x5cbb7c732a6071721537704c746d7025740338123f4a87963c3c29871d86ee2f,,,0x6a45337dc2a72793f5dfd441b5f9bf4c2f9cbd7753fcb64be73e3f9d89c1bd40,0,11352995,client_a_preview,0,processed,,1780958539857
0x439c3e4562f2e1290e5083961281be533ec2a5d2fb11783f6e376b280872a519,,,0x88cfc8571eee81d0d4d508e43fad5169643e48de0ba6f538d46c7e7e0c104552,0,11353022,client_a_preview,0,processed,,1780958549633
0x37e3a61de948c25c85f9f290de929f348d18d05bb53ed567119f3e06790997d1,,,0xe13fdbec1a4c58a2eba41f0984cdb8440dc69dc45d7daf883759dc801f9071d8,0,11353040,client_a_preview,0,processed,,1780958556998
0xb17c43a95a707c2e30771839f20603d5c7a39936ca48cc03835bd9ec84239ae7,,,0xcc35eb874f95502b20125fd337cfcbdfb4e0ef2d3abe3e8b898e73b09a9ae837,0,11353043,client_a_preview,0,processed,,1780958558737
0x5e2068de869525a12c613532bac55f8909edb709de25eeb8f333b2d8ae23f62d,,,0x3a9d115c0582dd5916c9aad14a7476579c7e5491da03be47d324c313d76500d1,0,11353067,client_a_preview,0,processed,,1780958568198
0x4461c43eb02d61f7b2316612e1d68d4bdec6e2d57f14ffc2713d323e6796f0f7,,,0x66da3403f0ad46d49a372ba66bdc7cd8195071ea58aac64ca11b86b128356b77,0,11353070,client_a_preview,0,processed,,1780958569344
0x2719cda6926e7565dbcdd5b31f7a905e14d014874056d99b0291b89a88d5b672,,,0x435a71403decf3546db15848fdcc4b60e56de5f0739b2c45665a3da113e0f8c9,0,11353078,client_a_preview,0,processed,,1780958570696
0x2e12b5270df151439c78cf4f3f64f16647a794877f3d754ced2faed94abf56c1,,,0xddcc628252f1dac909cd4e9f28d611e5c0493b730fc4f0462ff3468da2bbfd12,0,11353104,client_a_preview,0,processed,,1780958581920
0x55206cffd88e89b4a7bb8aff9c5adc4f2b1213d4d3f3832c44c594f059ce9e01,,,0xb2316afcdfca27aa7ddb53e23fbd62b8557ec602f2a4172addd78a3531be7020,0,11353258,client_a_preview,0,processed,,1780958643191
0x7dfc1da5b128781edb946cc54ba0be4e314e2ac3aba4d37d8706b21afe62b8f2,,,0x78823d068fee0396c516f998ef006f89ab96b013f7c0966d2f7b09c55bb52f02,0,11353291,client_a_preview,0,processed,,1780958655571
0x188b79dd121fea8bfce13e97d8cf63fb5855153323a43c1039bcb05e5dc2bcfa,,,0x4b72e9cd5a3761a92fddffe83ec97e38b12660142dc3d0ca0344476f25402605,0,11353341,client_a_preview,0,processed,,1780958676665
0x27253803e160944099c9dcd3aa40c927591f233eb2e835bd11e0dfe34f0ea105,,,0xfd38d36092de83642ee2a9c5686dc1c336ea18698fb47e9ec1a993369c863349,0,11353373,client_a_preview,0,processed,,1780958688051
0xc100f63eb0fdef67bb014312c6f304ee1862afc4c36f3d3008ea4046d65ccbcf,,,0x79aede686d687e9cfd3d741371e836ff5f4be3b2ac79347516570a79805fe207,0,11353623,client_a_preview,0,processed,,1780958788192
0x7fff9fa1d6a24b94c1008987a812349e90b6b47b9947d39bd094580df00ba194,,,0xf5cc8c6f93c9f703d0aa390678417b191a0c69cb4508068f1df0906eaf0a8ef4,0,11353646,client_a_preview,0,processed,,1780958798334
0x4faddd3c505e894e73726503f90b48b7d748c3d056e149ffdac6d939e4b154e4,,,0x96d7b9eb0df81485d40dacf71dc0f9c7803e67aa63839d35d2a1c08ab68ebf81,0,11353700,client_a_preview,0,processed,,1780958822726
0x72b81fcf5e05d9b4378e0e0394aee4dec98f45713132085a10c1614af5ce60e3,,,0xd3c8ed31a3b3101c1db3c62cb8144f60405e9c50f0e349fae8a29f0aec67a9c5,0,11353723,client_a_preview,0,processed,,1780958830892
0xddd3f1281ac2acb16c6f80dcacd54f2f320858bea2e40e27a58e2f0a0ebb8d48,,,0x943a16ea69a6fc06818db92d60f46818ffbc2bc1946af0edc00b6902e3ca26c6,0,11353879,client_a_preview,0,processed,,1780958892862
0x1c3669a7e9a0a4f62c05ce901b31a9629d85434c77c7f42d17eb4f963621cd12,,,0xd54da7a391b5986f3fe2b44799da8d52be93c4a2f447df02e5b77b05d4965553,0,11353898,client_a_preview,0,processed,,1780958901210
0xc9de3c5c8d821a03389238728abcea99aef2dd0dd040cbb858afef3e458c9082,,,0xe73607ab3a689057fad83788483835dc6ccb2ef482bad0bedb609afcbd793ca5,0,11353973,client_a_preview,0,processed,,1780958931798
0x7ef8889b1d132d32089ac6f567ad441e1b0c81fe275eae5c32291c3a38e24cdd,,,0x1aa7f41a4dc945a6fceb432c5f25da1464f08144e556c291bdbe1758b7746f1c,0,11353995,client_a_preview,0,processed,,1780958942421
0x29b2e9383f38813f76c7c57979862807b44fd5b5df4814857ac9a84bbff833e9,,,0x8d5cd1551fd6e09fd6e5a3f8cf0bf9e22d61deba9a19cbf0226cd8a966b2d36a,0,11354099,client_a_preview,0,processed,,1780958984989
0xacf261debee912efd2f8bda07cc20f5b48628f545024393dfdb481bbc787e9c0,,,0x322eceaccb4beb304f40eb048bfbcee487da40a661562ec57f7a5ee7ee4ac1cb,0,11354134,client_a_preview,0,processed,,1780958998730
0xc914638fe589eb4ad606322201ff5a5967caccf6a6a54dc7aef161425c8eb3e2,,,0x93fbef1ebbfbf3c0dc5c1e96048bea49e258ae14772370e9df21c853ed2683ba,0,11354155,client_a_preview,0,processed,,1780959010484
0x3c1258ffd52d5f1a862231c021ee69c81abdf122b0f818f033a9d0815474e794,,,0x415af78b72009ac0784fa4936b6990fece6fd2bec935df6fb046fc4289c23437,0,11354246,client_a_preview,0,processed,,1780959046802
0x3ae4787e6f88471f683e350953adaf5a38a45f335a7dd6ddcb22b5be4749d6e0,,,0x47e03790cde19a429b7f7d0d9dc71e94af8046323bac3fa51ede0fd80720bbb7,0,11354264,client_a_preview,0,processed,,1780959054750
0xf2ef5d02b1dd95bd15813377c76ec698952bcf64b193fe54c0d0676568056e0d,,,0xd61647faff3edc19ace6b07a573d33f84ed54ac51513dc695bf779d61c09f777,0,11354273,client_a_preview,0,processed,,1780959056958
0xb94447f073c3081c89d3fba546f39312a2b7834aa074e3df87c40ae6e7d2353b,,,0x63adcbf997681ef89c9b6cef4c5ab86ed24a4aa0421dabb642cbc819a3e92f9c,0,11354292,client_a_preview,0,processed,,1780959065548
0xd08369b5460100d18fe285f7d06d18304b4b955991327eb084540fe02aa6486c,,,0x45fe62093aea2e6741af3ffd90a23f1e835b080d64b67a1452fc211df5b0748d,0,11354349,client_a_preview,0,processed,,1780959088202
0x2aa38aed476fcb5798c4468553c3e3fd6218e16d6d1ca54bc93a157a51831bbe,,,0x3fa1eb2706cda32acb52f63d31cde4b387187291d4d677866bde26638e12c5c2,0,11354370,client_a_preview,0,processed,,1780959097274
0x509e91b15797e0ff229c9382c2005e406df706a0269245ecdd3a6e7b9408de72,,,0x6a0f1903372d18d0547d0eca40360891906606b92d6b53aaa189a732fcf306fe,0,11354439,client_a_preview,0,processed,,1780959127076
0x5abc203a046d365083ee28a588aa0a56cd24a35bafb3f3049f1e8f4447fbf6ee,,,0x4ca57cc32862a7327941967a448e1fed405e930cc7f7d5070bc9e3ce53184a22,0,11354467,client_a_preview,0,processed,,1780959138935
0x7c931e2fec85e92eca75e53f00e5e70745fe67fc03d3dff48b404dc9e1575e64,,,0xeb7ffea5cb0b4af9aef5fe80feff617c2e11a4decb5cd8d779a036aef225074c,0,11354515,client_a_preview,0,processed,,1780959157118
0x732436b762eb6fd56759e71b1ff51f6f3639b42ecbafb879cea7c0853abd23e9,,,0xe84c9b67bfa364a5f151472a2a0e1f364a50999a4d8051ca01104ca39db0ea5b,0,11354539,client_a_preview,0,processed,,1780959166806
0x1137bcf833a9b56b14e30f7a5464ae4089858ea72225b12373de8223c5b71046,,,0x5b7bc1a439f5ce6b7038f40b6bad49cdb8b8c926df5e693e9090bb0a26398aa3,0,11354540,client_a_preview,0,processed,,1780959167409
0xdd87a66849e5287733899a1a1207f3f06895d44cb9be4a4011c77da0441b4680,,,0x1c496493272fdfcbbd804674cba96cb62908b7eba0bac4c87cdb413f6a135e69,0,11354546,client_a_preview,0,processed,,1780959168791
0x39a0a3fc97f26fa8364a8268e157c0458ad68bd5e60266158955c5b200ab46dd,,,0x8ee1fe87c4d15957bfb0b1dd0fdb6ae05b4cfe288b275212bb3ec1a8aa18c435,0,11354563,client_a_preview,0,processed,,1780959177497
0x2936d4df48249610061be14e531225b7e1dbf9932e693b6a70d4290cc562f7c1,,,0x3173ed10d4c9c5f82a9b1d43cfd4af4fd74695bfb506f1907b3dd92efba5eba0,0,11354572,client_a_preview,0,processed,,1780959183249
0x2adf4fabdbfedb6c23508918296e4c14273d2d9425bbde2e1d8a92eb1c0c0cd3,,,0xaaa1ca0685108dc4a1dd7f90cf2739d21825b60efd6bd20e99cbc124f6be981c,0,11354618,client_a_preview,0,processed,,1780959198915
0xab559ad28177d7bb9f74afbf2cddb996f97bcf5a4cc3531bc16832901e11b270,,,0x7c7963499abd336002aab274dfbf7ffc7336623c14508fd2bbcc0574f16e5961,0,11354646,client_a_preview,0,processed,,1780959211956
0x4c9b49429f801863b91f4b47b34afada5a52e9c321dccd2b5c68170115a9b2b1,,,0x05989f971f411445f11730b13651d56bbbb3e3b846fac86995f656817c368534,0,11354698,client_a_preview,0,processed,,1780959231698
0x58daf30913ac74304d23e2e8ba21da580609e0a4faf99b793d694ed4004e6158,,,0xbddef5b67ea5fbff5d5b2d68ad008e26e2e816ddb64a75463a9933d8cacee838,0,11354707,client_a_preview,0,processed,,1780959234990
0xa059e3ded999d4c045aef22a84daea7089a56a7493db5d2722e635b29ffa58f4,,,0xf77665d45e42a18d5e7f56ec8b81948af7987aed5b47a7904b687e05e7a88ec6,0,11354739,client_a_preview,0,processed,,1780959251108
0x57675958a02b0e28c2deed4097b4fa5e1e9a86d590966659152fd49e8168e8bd,,,0x86ed69bdb4fe4025d55c66dc56f756c0b6bf682dd5d6a89bbc6660a78315ec19,0,11354789,client_a_preview,0,processed,,1780959270446
0xaed0fb801304100d7fd8828bed83462c2f8e9faf314b2fa9028282f2242b9067,,,0x7e38f5cc8ad2c100fd99b9eef91c60b76542ce87dfa67a85ea3bcf6650034221,0,11354821,client_a_preview,0,processed,,1780959282052
0xaa95afb6dd10a5a420cbfb5016f3a4d083e79c4c81ccb6af3f803b9a92f4ac12,,,0x85df58e78131d4148a06db0d6e5bdac0a90925577604f5b6cc8d4deec15a0918,0,11354824,client_a_preview,0,processed,,1780959282955
0x57d28b9f54957a73be1437ee8b781f832f757c8a0ad08693d178b83e45048749,,,0x1d833b6a4d65292d233c21c851b095643415b58d586e27fd9a1f72a5ac9f8132,0,11354830,client_a_preview,0,processed,,1780959285374
0x18a45a500279dcb00901258150910be14b754bf6a1aa3f0ad2e941b0fb4db50b,,,0x07b1fcd0dd8a9a545ed74ac4c83c4d56161dc43f608dc1825499ba41017bd081,0,11354851,client_a_preview,0,processed,,1780959294303
0xbb09227d7539371ad5fe5b2b97b151a132ed113a54fcea5a50cabc397dbfda9c,,,0x8790059e9e14ee2ae9c62c9d8c8b808d76a5fe84480b2b9a39154c3fde8e0be4,0,11354860,client_a_preview,0,processed,,1780959297708
0x486726162802ea7b7a1e5db57a6695e6424fad0110c87a1e671510928b728233,,,0xf6ccada70377d6a978cc6ec11c70cc4c3dd4504993e0e24f11e9c07f8e42c0b0,0,11354945,client_a_preview,0,processed,,1780959332200
0xfcd1f51b174267b47775c1e7f2d28c78883d77c015190bb9db5c18791b601115,,,0xc3c904b9de93cd85d9c2fac797bc4e49fba802d24c971d7f29f06a42526d00a3,0,11354948,client_a_preview,0,processed,,1780959333576
0x31ded9820bab6412e524e68d379d3c682108a2b84cef23227293f2786fce1bdc,,,0x1acfda650f8f2d0a21f290254705ac5aff237a43b18cb3b228b13e1f6736071c,0,11354981,client_a_preview,0,processed,,1780959344992
0x648d23e97c188fed5e5b0b7e80615c9eb60945e463702727629140d3c4b23205,,,0x1d258859f49c2854dd7ecbbfe4817458c68e7a65610ff382f423bedcddd7f9ea,0,11354985,client_a_preview,0,processed,,1780959346169
0xb7fc683dfb4d3cba4b16d91e57afd19c35e2f3c0a00ed83c106a3ebe2bd01f29,,,0x33a78bdf2fcd7e435a2f96da678341c9885af93973cc56ec30081504a4bf5c7b,0,11354990,client_a_preview,0,processed,,1780959347805
0x3faceeea742dd1783234c91d37b9a55e576c41df000b8f51949ea2b182945bf8,,,0x2759966817d551650fc591808acd3264bc81c12f9ada8b35a3a9456110bb5c1e,0,11355022,client_a_preview,0,processed,,1780959362681
0xda7771e9732a5f620642e1da2d334371d46eabaa6e2261d5a1c6074f70b7f4a9,,,0x97d65b8ae79211667e9cd9f74084cc0aa1a020a2bc73953920a249f1a1bd85d0,0,11355068,client_a_preview,0,processed,,1780959380811
0x88c04e19a7e38b15d026a2076abf37f52cb658f290df38e09aa42cc919bb12a8,,,0x3f0f7ceb31d9b336523621a2f60a31abd43be8e692c33cde9eec85c2c4a53d27,0,11355095,client_a_preview,0,processed,,1780959390531
0x5d56c103424f06821e95054eae825db43d9b6b535fdce34c72c50be0b0d3d5e1,,,0x9949db481e9d8243fce93823a5f10d52488b12984d2b1821e6887c653508bd27,0,11355221,client_a_preview,0,processed,,1780959443551
0x626aaae070e30d66c06190e918d4696141536c041932935952ec0f0ee73178c4,,,0xaf7c8f14ca39ba7edd15e6602d3b83bc37d5efe23fa9b467afe5eecc8031940a,0,11355224,client_a_preview,0,processed,,1780959445116
0x1c1c556f83b6e178c70a17cb216c3a70dd6333a81e8c062e4cc253add6f12378,,,0x7507ed23af2ac8f7eec8f677dc98fee4bd9a88be13b0ca54de27851768e687f6,0,11355243,client_a_preview,0,processed,,1780959452519
0x969906af3901a11732b1058240c4aa0117cd812a53b99276b85b2c5cc0d56087,,,0x87d814b56a8a252346c349911decfcfb5a63e0c83b717fcb01f300dc347ad4b0,0,11355246,client_a_preview,0,processed,,1780959454140
0x4e8c44a505c95cd49c034830b026bac68e71d78b6be3107b0d950995e16f7477,,,0x73b56398856947655c313e86d449d887b4f0d3c743f7d0c035a734d3baed2e66,0,11355260,client_a_preview,0,processed,,1780959459188
0x203e3fa770f2076dfe832003d93bec5c24b6e1ad42ce26a07dca9335cf6d2359,,,0xc5e561b4c60c7bf794d62781a4958366911cb0a6abf29901eb88a62305e1d024,0,11355283,client_a_preview,0,processed,,1780959468272
0x4325158079bc56ebc8b4a4c10b82ee3a8a22c588f0217c06be91e008f21d2fb3,,,0x541be1034291bade0db070157b6bfd9751cd49dbddc36b50318c270c8b2910bd,0,11355339,client_a_preview,0,processed,,1780959491910
0xce7d555691ee0ad6d3dbc6c20d34af355a07f187c3d49169972c8783732bca1f,,,0x69783bd36cd291756717820eacd3f6098e3500d0f3232f0dc235a2582695fa57,0,11355369,client_a_preview,0,processed,,1780959505406
0x35f850dde3a548cb3abbb0fe21b89d4ebc28e6531fdf418c97af470bef7e87ba,,,0xcb86b33dcc5e1c27209207d25ff01a7d85b13cb9c122ca9bfb6e0444477ab928,0,11355442,client_a_preview,0,processed,,1780959533609
0x02b60243792c0168e921e42f785104ad22e2b6b1e06005870c827ac69d366037,,,0x6ba37deb5d9b4c4ceef3eb5ac5e1b30e58826b63feee09dfe0b0ed8549de4f85,0,11355470,client_a_preview,0,processed,,1780959543661
0x78e0b3d11b13c53070e753af446b4e4c0be9cc364b99c025c64269738f29cfd3,,,0xef07a6121058885f9b4612ba442bf6e8f748e2d352e0353b28fe2c34f8b7f99c,0,11355514,client_a_preview,0,processed,,1780959562974
0x2a562c696b4c75f7a1fbde5dad6bcf4ede1ac1249adea7c8c16d7216ad1d5e26,,,0xf9ddc532db6439c5e0326ba463355c501e966d8270bf6ff872d422f94f537ca2,0,11355527,client_a_preview,0,processed,,1780959566894
0x420c1b213605dc1e1b8d7e2a163bbff5ad5028383d2165cecb2cb55452df82fe,,,0x4a209e56e0c875cca4214a1afe2084cdc0dc88b9cfd5622749bb1524933517de,0,11355540,client_a_preview,0,processed,,1780959572372
0x15a273998dfec0fb4e0203ca0011cbdb914c0076318cc5ee54943a3153d62492,,,0xabc54db0b00d10dc8ac5d83940c144444365dd000f6d66c74f9dd90c24b61cbe,0,11355556,client_a_preview,0,processed,,1780959579762
0xb701c854599f20039519150eeb185158d52c778c8c73d6ffd4fc2c0f3af09109,,,0xb5fbf68913d66c75dc08ad21365ca984dcb051d0b6b8455ea5266b0a36765853,0,11355638,client_a_preview,0,processed,,1780959611710
0x535033740125a16e25b1bea7dcac9989057fe9508ca1a50381cdc8660809e37c,,,0x1dea064d29be91bb5befc351d81e8e77e20698c4f7e829a81548b23d0e347868,0,11355668,client_a_preview,0,processed,,1780959623579
0x7092269bc20035df117b9b881a17ff051e87eb6d355f596fbe61430a16f68f4b,,,0xb48cf9096011b2addf104361df2e61dfae66912ac244d3d2eaad25888878b5f3,0,11355710,client_a_preview,0,processed,,1780959640337
0x88a971611d632c6f8265e3e63d9721d7fd2d71b2be8ca1c44aebcf46a71a7d73,,,0x5ae32c5b1ef9dbe1d35fe6abb068733fb5856019964f54880c26df5a8dc95b6b,0,11355742,client_a_preview,0,processed,,1780959652530
0xf749ec237d2595fbdb882c7f950968329307d803ef4b46208098d5115b864970,,,0x0ee8465f9f322d2e791129ba5c01e53097db90862d891c59b8971e3e0e9dba19,0,11355895,client_a_preview,0,processed,,1780959716584
0xb092a4d275446ffa131a7c0ef04e3a0a82b6d0d3a68771f4e9a9c3b943f390cc,,,0x7e019301cac66d3f21ffb366128c0a2d17e7e84842762510ffafccd0f70747dc,0,11355941,client_a_preview,0,processed,,1780959737573
0x868c450602272a72e8a41fc9395d3c2d32fc8102744348efabdd39e40029e8db,,,0xd5663ba97dbaa86651b6a5604343ac68ef732fd7253ef9aac96d6e9a9b74921a,0,11356027,client_a_preview,0,processed,,1780959771420
0x6c10d2f4b3f83473fbb6fe546f1b7d11dffae9651269fa309b78f79caf3eb585,,,0x412d461660072dddd7b59f6c6ade4df3dde43078af95b347e3a1ff7539512357,0,11356073,client_a_preview,0,processed,,1780959790963
0x5463e63ce68781a63ebf55c77553e424887e0e48dc639b14181974b126ee35f5,,,0x24fada6ea3dcf1fd40d9b3227f87f9c16855b893b4b12fe7abcf9537d9e3c5b7,0,11356488,client_a_preview,0,processed,,1780959985321
0x95ff681236fd1ccf176e8fb087978ac6c77b4208dc54a9b1951833546727c354,,,0xb4c4bcb97820794ed91e4797831ccd13a715a3ca4f3ef8010ce9aa36a7ec22bc,0,11356490,client_a_preview,0,processed,,1780959986140
0x2b68ad3e1da230cf21ebb13ceb185af6855cc3d182070cd2f46d97c36e4a7764,,,0xe9b48088849c1c71a955871c4880f5add47c1c0dd8c23cc3e9516949f7a9360d,0,11356529,client_a_preview,0,processed,,1780960002636
0x02c6eac73f0b7d487df6bda100c218d07db5bea5e3d51fdcf1b509907abe29a2,,,0x1d75d3d59bd58e09ec7dea45d5a1880562bb6a26b23184e1457f06fbb17b40f5,0,11356532,client_a_preview,0,processed,,1780960003763
0xfc2b2fa64a82e77d685d8e27d39949529065940385f7eb0ec77dffe11685eec3,,,0x822c68bcd660ee332ed6d92b32c8e7b50c27f88f87fbd22b24975a37c0b872ff,0,11356676,client_a_preview,0,processed,,1780960058113
0x756e3ef1c458263acd6208a55898034761ed78a51b33ddea150c5491d3dce6e3,,,0xe2bbad244f509b15ba61b9ded9026d12fc292b90c970c2d92c7efde5e51b3848,0,11356678,client_a_preview,0,processed,,1780960059107
0x23389dde2a08c704568b4398fd166e2636782fa5c750e6faf7d0a5a3eaa859db,,,0x063e5dde6a9a69056f82d52e2c7a056244d5b3227cc05f071928e8f817f1db1c,0,11356746,client_a_preview,0,processed,,1780960083597
0xa799f8d3b24a3ee59d1e0c9b4e603b386db3d19177d9b7d0f41786e47e73c84e,,,0x87ab660652193e16a493b91ec1fd7c7991197700e710404b58fb7a9b8d36830c,0,11356748,client_a_preview,0,processed,,1780960084227
0xb522a548e0cbd5f6d0a3ab8a274dbdca0a9b1e0c4816c08181a86e68d9f3710d,,,0xb0342ba01b26f77f28fdfca7d2b08a92aa621ba9dd60a0a9ddc06eb2b572d638,0,11356784,client_a_preview,0,processed,,1780960098685
0x755bdc71cd7f11829e71d644b9828d7727e20cfaa211d60df49f232e919d30eb,,,0xdf97767389d561b968d4b79011eeae277b4c55a309502089b51f721e1cf7d872,0,11356786,client_a_preview,0,processed,,1780960099119
0xe70e9e7e9563d5793b89e46f1afe303090505e94402d6ebe6f70c42007f0fe8c,,,0x5c0548e559ea32100dc7b0319f1c1c4c3eed5c8f16314c3fa7cacc2b48b9a710,0,11356887,client_a_preview,0,processed,,1780960136031
0x69f46b906e32181a0b584277b84821505d8ab37065777fec47dcb9c5f770cd5f,,,0x29d5d5f828f584ef1f52336d38acae277d90e26208f0263372a57215aa1c2c51,0,11356888,client_a_preview,0,processed,,1780960136813
0x880ee20fdca32c8becd87eff47deb03d6298a7f26b20ee176d732b741a2ee41a,,,0x5d80511b4c267ab0c2fb373d64f40469ddc08355d1106e34e77de89a079a0260,0,11356889,client_a_preview,0,processed,,1780960137393
0xb0bb49a24ef3ed963ee198914084c5a5c2a8454fc484c1a46b01fddb889a7b02,,,0xad32af426aa847b8df57c2247ab6ec742fc0ef1e608e6f4d28bef77b70eb9741,0,11356892,client_a_preview,0,processed,,1780960138376
0x3a2f23561a65657025dc6bd15959857615e377084e4361c75a1bb67f490affa5,,,0x974ee96f88e2a4cd77d0b67ff1441fcb46b1ba623adde13280c26dfd0f2df2d6,0,11356997,client_a_preview,0,processed,,1780960177170
0x762da5ae70b8ca781c3f9211c4e6064406ce9f768d506a8bd8508407b6ab6a3d,,,0xd2b07aa176c20542a5c66d5040b19e8dbada776ea1704c50443dac7c63aaec7f,0,11356999,client_a_preview,0,processed,,1780960177962
0xc30e8eaa9de8b56f430ebbfe91838aaafe5984798834cf8f35a30706f0662a2e,,,0xbd6e938918f074ad69e977d730f31922fe9fc6506827a74ccda03844104db6e9,0,11357034,client_a_preview,0,processed,,1780960190929
0x499d572d0febea249bfb5000848ecd6a05999e43adaefe5425a8c3c88ae8fd25,,,0xad9d5b3c32db1bdd27f8001d6b3b3308dbfc74042157a6a59f80e235ebbcddaf,0,11357035,client_a_preview,0,processed,,1780960191695
0xb291e72cb0b4c0111e8b8cbc3f6a1f3012e1a545e31d98196378e7e553ba7244,,,0x8a99d978e94561a2fdf8da860eee2f4a7c7a3ec5e58bbe449fb9ee9b63f34845,0,11357162,client_a_preview,0,processed,,1780960236748
0x37b103e0f019259f5b51da2b01a5bfd0042f5ae0cc23127417a6ee8d15e91901,,,0xf060dda7afe340c4871b7e9b2b9f2c473e6f7a9422987f5b94949263f79d44b7,0,11357164,client_a_preview,0,processed,,1780960237450
0xe5a8a5c2ac4c259c229c3746e5470bac6e392dfdf501f953f37b8639571b8038,,,0xfb6c3c51165ca7e96b8df20ccc127e787d0a2774a27862e2ed47acb81c6977f8,0,11357177,client_a_preview,0,processed,,1780960242145
0xcea724066c64bb4c14c474abaacc75cc21abbbd05f8a6800f5ad1b20b50be8ed,,,0x279866af65a41aafff024722945dd4521c8a55e5c360b5187d94ed6bf9541e30,0,11357178,client_a_preview,0,processed,,1780960242518
0x9286d4638577faa1ba5c9f903bd4eaac48eaf7e49440b54799d4b5c6b3e3044b,,,0xf6f79bbef0602c57a949e67c51d12d0f11bf17c68a11febf159bd3e48c36a72e,0,11357340,client_a_preview,0,processed,,1780960302811
0x52f750a26a2a2023fc3749087be60c6673c28cfef4d978de32b2f47697c0af3d,,,0x0c22072e50e0a2024e02cddbdc15350958aee236c11058b283dafc9b57723a65,0,11357342,client_a_preview,0,processed,,1780960303249
0xfd496c76018e8f3f6ad776e596c98dda66362e8d40a63938169f4c66541830cf,,,0xddacc2f8854c2be9333b23531b758eb862df191ed8e0eaf5d00de23cd10571a9,0,11357402,client_a_preview,0,processed,,1780960326028
0x3f89386dad7b9fd935d1df599e5978f0057d519d5c09a503525a52fc3b47866b,,,0x479ab1e571ec8dfbfdc710d81bf413d91b38ee7a8f16d692ed8500981c5a70e4,0,11357404,client_a_preview,0,processed,,1780960326553
0x3c3b80c53085b62cbbdeefc8828b1ecdd293bd2a7044cb8bed8b57a8a06a759a,,,0x475ebd00c99bb1d0da1c74f092c910779eb0494041ca5adb294f6de76d899fa9,0,11357418,client_a_preview,0,processed,,1780960331915
0xa4dea3e5d0112364c85ba80d5c0dd0ed6659f20c2d2e92cfe6b412e73645218a,,,0xd63cbceb9f7cce97069d6d56f0d5a27643115b78700bb81e887f92e046df18d4,0,11357419,client_a_preview,0,processed,,1780960332383
0x5d08c30f4b13b2a494df20f22f9210383d4d0cefd7ee8437df729a97618e5d04,,,0xd7eb385adb7c4f56edcd4052bf25abe28c6fb9b650d3c562ab57e7fed2e0802c,0,11357516,client_a_preview,0,processed,,1780960365033
0xbbdaf89851cd4632d2a0a02308c2d1f36945fae090bf28b1d1d44837398c2f75,,,0x216eac36b5de62233bf5077e0f8b81c3be87d64a25bbe1db595d4c496b019fd7,0,11357517,client_a_preview,0,processed,,1780960365869
0xa76e46c41e4e0a485c88f836c9f4fb8aa3b5c2a6e97fe341a85b27a0b1ec6e4a,,,0x703e7aaa7c60a4c75ac2491cfb8603699400632887f38bd58d6f8df08e4d260a,0,11357588,client_a_preview,0,processed,,1780960391215
0xad8071c46cb85272cc0765db2bcd1c12bcc1a41af89374cef0c6971f64ca7424,,,0x0dbc09a9f06d394f90fda0e367add6f43f38a9813589273b950da6d4d20649f7,0,11357590,client_a_preview,0,processed,,1780960391908
0xfad46e13bb95e068758c3bfe5994da896ff52de0892da9ad5b8697894c7506e0,,,0x92afce5bc6ea29213e01aff42edd2c243f77b1278d344ed2cc7105eb7b8c754a,85,11357889,client_a_preview,0,processed,,1780960497670
0xaf640a49589a22b2ad72b9a597678db18d970879a61d660f070dd8119a67eb92,,,0x13a31ffcf4a9363a33512cb73f1e1233a11956d2ee9bd22ad748d8b5773414c9,0,11357890,client_a_preview,0,processed,,1780960498445
0x336c3e984ef2f27badfc5e34edf2de8ddba375b1841e82875438ae1d5e2b4410,,,0x7060930f9e8050bde755e3fe40c896503375856d799bed3188f9007ca7b6add7,0,11357993,client_a_preview,0,processed,,1780960533091
0xccef406fca4a705e3cd97188140bf65ab854f1da08f8d6a248e5f05b41035e43,,,0xf56fbbe59f07fc59c5a198c591517005aab186994724f9e3d647d0ad8f3da4bc,0,11357994,client_a_preview,0,processed,,1780960533609
0x9a36a0da2451f4ff2770bd1e2f91e860826d0376a67418aefb368f39b00fcd71,,,0xc1d7c84d0efb9cbfb405728474624080a0f82687a2f10a3d87a268115d3bcdec,0,11358142,client_a_preview,0,processed,,1780960585539
0x15c3d952222b041abb570445f8378b0913a47669d0387d8797f86800ead90b01,,,0x02e168378acca742986e31914f7d7c003c84eb8fd483367e97b334deb1338251,0,11358144,client_a_preview,0,processed,,1780960586137
0x5d51831995ba025e6779875067649dee046d3d34e8ad4090c734177f56f0f52f,,,0xc7996ceaaba78296baae0bcdfed6c728cf26ceaca00cc92c859d51cf44377530,0,11358250,client_a_preview,0,processed,,1780960624120
0xcec9366fcf7dd7ee00d32f6fb7744ae6c3de5dd8ac1a0647b73648d7fe18ea7c,,,0xa1a0e3953b6d0022e5d286be352377be8691921685e970cadcb87d6d40895b32,0,11358252,client_a_preview,0,processed,,1780960624681
0xb5aae709749dfe4829efeddcb979f69aed77c9a1e89a15cecfa8411c9ec06ddc,,,0xa8b8dd43de97e3b70f2caa2eeab4352ed60d8523449a7d1323234c888357cd28,0,11358400,client_a_preview,0,processed,,1780960675989
0x799d7feb2a2e58675bb0097d4eb1f5cabee51d2553598e4f57c4a2511b481dae,,,0xc77eb97eb80ae1558bf5553564c9c434f19ca46bb281f148589cf7285a46f24c,0,11358402,client_a_preview,0,processed,,1780960676660
0x59a687dffe990ed1450cd4054940ff0a5f7fdccb4a282939b4de4cc619c5213e,,,0x95560a0b25a947f6be2d2d246259a162d5ba25a4b58095ce3a6ab9852bc5fb92,0,11358689,client_a_preview,0,processed,,1780960778971
0x05899856ebacc06a6dc6e03b010888d55f684e480257d97d4755506f90ab4056,,,0x618fc52157f6338ce60da4e8d4bb9d691fb53b80f2b80ab2f523d5d579a10329,0,11358691,client_a_preview,0,processed,,1780960779927
0x4a3e567226fa96fa4ebbc7039e3cbabcc991817e45d7e185d4da0b453d0bfdcd,,,0xc76d2c9228bd6464de53da1cc94bba46c2a83ce641ce7a0160acd13ec557b34d,0,11359049,client_a_preview,0,processed,,1780960903156
0xd105cb22d65ce2abef5b09953694e71508697895a0a7cb2888b7625de6d00af3,,,0xb9a396ee26d26d4c509263e09e3f16568dd87fc17318b327925b3b5d428347c1,0,11359054,client_a_preview,0,processed,,1780960904243
0xe70e135c35f5de41177b7f7f186874b0aec0089bd1db2939d404d6387bf2a3be,,,0x6094e7860d6b8579e04f6e163dc7896f59511acc33bbeb1360e80133eb8dffc9,0,11359154,client_a_preview,0,processed,,1780960939170
0x2628fcbbf21af3ad02839111744f19c45565a9a57b86f937a6b9149db326816f,,,0xc1d57d7a591390b8c0cce884c5fcd6de3f4f85ac2b1035a0208529d33e945a76,0,11359157,client_a_preview,0,processed,,1780960940153
0xe650797e740e97fb0a71dfeea86acfce481e7c73ba6b6e64aab1aec2a7b81d4d,,,0x07e8c559e04a6522c1cad3dfddafdda3eaa2fbdb8c1b60619043e0f9f96db7e1,0,11359158,client_a_preview,0,processed,,1780960940881
0x17dd1d68f92b8b48a82794ce387d9f98d278935ceafb8701d91baf75690a2b62,,,0x8fb4d2caff1b88975e47f04b7eed757139d9e897932ce69a37e9a6b59de85bf2,0,11359161,client_a_preview,0,processed,,1780960941728
0xcc88a699b0598cdd6df97ce9f9353ed5693e1cec8d215c8fa8437ec8f8631d42,,,0xbd8bf8ef162b81a0288a5e1a828c1e215ec4e6a286ff13994e90fdb6c9356eab,0,11359399,client_a_preview,0,processed,,1780961024298
0x237c5d008106becb01e1a1b2110ebc8080cf75892fdb857d003421b5a8770a34,,,0x35f1cd6d8b2c99f56c635e2ae6ecbcc1f06b6c77b376a9589ff162dc115be76d,0,11359403,client_a_preview,0,processed,,1780961025456
0xde7b3b16cd8dd8ea1f63ba9ebe35c043c8cdc647bf0b1be34278c74ed0aff5e6,,,0xa4b95440ec8cd32f71a5834d200a87c55fe503616280f780a7506eb43ef42af4,0,11359404,client_a_preview,0,processed,,1780961025934
0xb86d3479072c1da98d682293a8f03fb679e708111dd0459a4e58e415cc63720c,,,0x0e6864097457370f2631ac00eb9e01924235d6c6d33702aa186a48dad9367205,0,11359407,client_a_preview,0,processed,,1780961027143
0xd1b3f5ee8046244f7f06bb1bca3238f4008122b0959b8af2f8ab8a581c8265fd,,,0xad3c3658376ed3ac5a3f6643081255c523384c94627932d67fbc3664614c23ab,0,11359422,client_a_preview,0,processed,,1780961032699
0x4661a1173280c2c27c141b829698c798c4165ca343fc88b2980dcd274b0a6697,,,0xb552898de4432ab19b0297c9b641293cb96b44ab108c2fa99c7ea210810cdaeb,0,11359427,client_a_preview,0,processed,,1780961034267
0x8c76a617ada583365144e60944b4038aef473efc52081a12f00f45a8d7b81249,,,0xebb7a0f8b784c61666ba3d821deb7c4b65ba33e95f3dc1a0ead4532ffe4ec9f3,0,11359434,client_a_preview,0,processed,,1780961037383
0x7f07d8046dd4e8ddbf8e1764998b3788a74ce3f8734059ad8a9c47da6ffbab58,,,0x2f8c5eac5afffec5680c964c39fec9d2c4ef0d0b756a664d4437afa253d2870e,0,11359440,client_a_preview,0,processed,,1780961039303
0x98e8b8f5b9791405909196a9c27250f96f6e227ebc482cdb682df0fdce5b9ec0,,,0x8e12bf7472889e5f628358a8333ea7cfd75c685348bfe88f13d8433b8afc4930,0,11359534,client_a_preview,0,processed,,1780961073158
0x71c7e92322029370381aa9d77f844a30fddcf5e47d090d00a3a7cb71bca82557,,,0xc30f516850c5cb5b7e0c957c336edb186ec17663e98c5bcff689833806f4bb71,0,11359539,client_a_preview,0,processed,,1780961073514
0x0c3605067462ecad6cf8502e48eb66e2bb0c8f74c425919285cbba897fdc4f1b,,,0x59917e60dd50f1976d53a53f016ba61cf93b456f671fc11de4b52812f7d0a21d,0,11359604,client_a_preview,0,processed,,1780961097628
0x5791cb8e82cbe1362f8bf99cca7d8d86adb92de07b19151e89d986d9b8292192,,,0x19b03c51c93a93ac42607c9edbf59a41495ac58bc1e800cbff9282b4bc134d1c,0,11359609,client_a_preview,0,processed,,1780961099236
0x2eca5bccd7c6e5255298d835c6a8b24fb20f0fc529cb944c7bf35657d6856eba,,,0x286ed32e6c7c8fd68b87f7c813b415b53661c0a50d6d62c59cb0912e9403354a,0,11359788,client_a_preview,0,processed,,1780961161091
0x15775c3a08ff20682a74344f4b984d8f221cc2280350fa16a62556f4d25cfcc8,,,0x9444978217b4b2cced5ba977158cee077bef76e3dbfd937523be5494f52ed7ed,0,11359793,client_a_preview,0,processed,,1780961163031
0x8bf73fde12e4633e839200d289c4c0b5b9b2bf995cbb8e5f4acda597a127f059,,,0x152757cb044ffec8873aa1d4e462789d83a3d308cf15f94178ca2d4f893d78e2,0,11360275,client_a_preview,0,processed,,1780961339049
0xf9ed9596e67f56971b35d0ffbd76a0b04b6349cb4b34683ac026d9084a37a9ce,,,0x3113787028a73c4ea3c775918e0ee968d86235374b943f4637ad30f7a03ea51a,0,11360412,client_a_preview,0,processed,,1780961386286
0x9bc846a7f67f9a05ce9b4ba6454e494893d41cc44627b49e3bdfed9baa25035f,,,0xdbfe5a59d5f47821a28d933a00c3f909c23ac76f6c5fef355cd76fa4164a12f6,0,11360422,client_a_preview,0,processed,,1780961390526
0xd6f3a30d3c351861797df1c924845a78d30715bf79e69081ed5143085ff3134e,,,0x8a1174054abeedf25a6d43a9d63dfecfe5e3427d0c6024169aa52f682454905d,0,11360665,client_a_preview,0,processed,,1780961478595
0xf8243cb373a338645f53c5775961123a15feab2026b80f91fea52a5471bbf26c,,,0x2966011260e8c9d6903c51f12b6bc03040fbaf1986b2287e3b2fe945d77ffcb5,0,11360697,client_a_preview,0,processed,,1780961491072
0x8cd336d021571cfebb8468031ff1b40873a0b26c7c358b3e1a9c33d91d556146,,,0x5a8dcbc600792f03a85b5c3664ed5801701f708493cc2c5b8ca87c8005d820da,0,11360710,client_a_preview,0,processed,,1780961495303
0x6fbc17e7b5d41496b7ad7bdf47b7d42fec418a1813c0ea793d36045f47eb1c0b,,,0xd35c705012deb2419b51876fed84b37cac4b18a0d80b20c9ef3d21a74e66ca30,0,11360955,client_a_preview,0,processed,,1780961579799
0xbc781135fe2c1d962eab541f1e6d646426ce5469ba6224b58e3dc1cba667ba57,,,0x553d9de607fb012969917bb33c6d000f5c0e1f7afb21ef00451a21a915c97c45,0,11360966,client_a_preview,0,processed,,1780961583976
0x006ecfe929443ab193e7695ee67e98a9d3eff8cd16b50236c88a772e280939e0,,,0x56bfda779fedf3c300ebb626a9070197a0803d90dd53842de6aa418b34c8cbc8,0,11361053,client_a_preview,0,processed,,1780961614025
0x54ad81f1d52ea5c26b56505e30aa38b646138dc21ec8060d06a7766b48813c90,,,0x024c16d0a8097aa4f602712fa73b021af45363a93e85c30f9519280a85004374,0,11361109,client_a_preview,0,processed,,1780961636792
0x083d39788923157a5e122e606d78a3ecfdb9218354eb72657db8471e0d5873cb,,,0x29231d94ee1773e7c38a6f86c9d7c8e0b55580e2fcdeea0649ec03bee7ca727b,0,11361294,client_a_preview,0,processed,,1780961701512
0xb8c1f0944ba9ef4c83bbc2e61fc797cc26541f76a32146f1194d0836aa0e8373,,,0x0218b58363585a863b513e6dc87c10e6bfa65f5ece9bf650c913aeb3238d4136,0,11361356,client_a_preview,0,processed,,1780961723012
0xc88522019539dca9dfbe5eae95c626d20f963c882bf49fbf1d4ad1876d57f095,,,0x327cc7a103a3f95833c51d78b39f0758a5174d28c474549e8224183dbc78cfd2,0,11361396,client_a_preview,0,processed,,1780961737265
0xe186cdde183e091f05d359379fefb62354ce9e9f29953ebdd4a835787fa9f778,,,0xb5453255c1562bc175cf40c7fb003c631189ddfdb1f157aa62d9a97229c9cadd,0,11361399,client_a_preview,0,processed,,1780961738531
0x22ab4f5ce3b2490f664eab2a49a2434fe22f2ab9126d78d8b196f6c6e8b4c356,,,0xb8780a832ed78d5e52e8816f02ddbfcb1c9c9ca62fc1a3ca246fcc060e5f848d,0,11361458,client_a_preview,0,processed,,1780961757803
0x5fbcb90565cce96a2c9f08a056c25937ae65b0fc82765624b9661b63cc96440f,,,0x227bef4c591baab511a87c7029aa0adb920616ae11a96839a48f7f8ac15d2880,0,11361462,client_a_preview,0,processed,,1780961760602
0xcad5ebcb5c5006a15cf1c70b0e43f1755e19b5b886b68f03ed500336ab26938c,,,0x3649fe0206fb7d28fb530c743aae543f2420786e46ac2a75a3182247bb4d6305,0,11361509,client_a_preview,0,processed,,1780961777437
0x4f9492fd37856e439942196221c9bc913be884f1f0f905d5a5b919f14dc9ea05,,,0x6e019b9a4531dbde02c7986169d3a5bade86adf757ae30ee72a7dfe9a1ef0484,0,11361570,client_a_preview,0,processed,,1780961799439
0xf5f87996bf5c125dd80dc83e7fdd092846aed7949cfbe85ea982051c84215411,,,0x1bd2c7dd9a496bebf8ad3a24b6542ed44d74cdbaf791d02b155dc4286fb51dc4,0,11361652,client_a_preview,0,processed,,1780961829545
0xcba084f1247965fa359d513a06f454e7358afc9b5d2f1b9d2d4e3a62e1c03d92,,,0x9f73c25e0f3c28d0387bf3c64ff91f6f8e180f3b82929f9d2adec67fffbcc3e0,0,11361656,client_a_preview,0,processed,,1780961830048
0x9efe270aeefdcd893a66443e4386d199ff380cf35ff7ec68dd5780fb8d73bc29,,,0xa9b1e18fa4ee3e0f8288f9588df1f6a53b1f7746ffa5462212b5824b64676a64,0,11361675,client_a_preview,0,processed,,1780961837416
0x2a579486035e9e1d79d6947da53d94c2e82c112b36b92b7e9f1c408890528f2e,,,0x7204dd4ad5422a470fe9f9dc4f45d7ec7157cb90c8ef6ce4a406178f4e31c863,0,11361688,client_a_preview,0,processed,,1780961841569
0x84afdf8822ca508547764c19144bf86cca730541990ab4bee79bd9604e442616,,,0xa05a3efc04e005ca6cd233ebb722fd76fb57651221b940a7b0400ba697a8dae3,0,11361710,client_a_preview,0,processed,,1780961850946
0x43c584bc1260af3b16937d1acc772e94c84c40936b3a8b88679c45ca8dc3efd4,,,0xd7297c42b79d364d87deb172f01e99d2e781b8bf5caf3e4ad8d23fc21171b613,0,11361713,client_a_preview,0,processed,,1780961851964
0xcd61db5f07c72dd3f0e97435de85e6161f724c89f9d102cb3cf8200f679d87ec,,,0x22ad82f0856231737a79043f850cdfa01e5aa783711da05a51d3d5a1c660b7d0,0,11361733,client_a_preview,0,processed,,1780961859236
0x8914f5d4cd8124c4e0dd5be18b40956db8e522b02233cf331a8e37bdb9498648,,,0x14197e3b85734998a5115af485ed4d306ba705315ce4e900d477c862a73dcfe7,0,11361747,client_a_preview,0,processed,,1780961864301
0x198193b78efa03e3ac1cd6e762a8b3d7af238cb05667ba47399175d8e6928b7f,,,0xf3f587d383d14df2c6c8ec0d019853a7eaf451de6dc28e201bb002ecf776ffe3,0,11361760,client_a_preview,0,processed,,1780961868706
0x13e37215aca19c063ce948632a84252447ac50661c07f09252bbabb03e4077ab,,,0xb9355e225c9d22214ce1c51b49579dd98e8c2c3932d4986401c74d21711fc540,0,11361850,client_a_preview,0,processed,,1780961899739
0x36667e181b462c0f917183ce2a960bd2449a9df6bff5715422f8e51742200d70,,,0x5cc271fcccd7fa1431142cafa1ade04832965532dc3cdf27e3481c9c92836337,0,11361858,client_a_preview,0,processed,,1780961902889
0x19ec7c48e60b97e9becbaefda78388b3ff51d3a68e1f44542db1f443ea0be525,,,0xe3549b92ed0923b9631267986f329d5663055a33194977fe7bf997be28d77ce8,0,11361921,client_a_preview,0,processed,,1780961926034
0x5a12eb87cb802a39bbf25972c9835cf5653aefcef57625a9caacbf08d72fd9b2,,,0x4947b2b1c67c08891646b20dfe0faae7fe019039948388a48240afa88c104d2c,0,11362039,client_a_preview,0,processed,,1780961967626
0x21341c96df8784870829cff2faa5ca3b8e63d60daf67bbfd988fcd596417a4da,,,0x054c4136c16df7379ef83e3bbcf8f6e801894ce26123293c508a061d383ea134,0,11362102,client_a_preview,0,processed,,1780961988653
0xebb18a488159da1a3e60ec900a544bcafba3cb289107f43b01bda58fc3621fad,,,0x412b6cd85c0c5fb4fb0fa6541e53198e649ed10e808bed0923b0051b4f553ded,0,11362110,client_a_preview,0,processed,,1780961991879
0x2b822fd156b23d193d8af79c662e491e4cc2f01e3ecbef5b9402b8025a1c2e5e,,,0xed847e131a9b8b796ce0d6938d76e4a2885eec7917c5dab3d448b7916cdcc09b,0,11362406,client_a_preview,0,processed,,1780962098714
0x4688395e441350f082feb42d5cba1fd9092c252d407792a134e937caf55b2fe3,,,0x1dd39d5b79525b9ac94e6ddadb722c9a383195c1446e573b6895589488ace44d,0,11362441,client_a_preview,0,processed,,1780962110909
0x14dc1d5b9c1efa87cdaf8ba62ecf551945cdce400e8b98c04f53e91b6534bcf4,,,0xe308ad005c76f4a37e027697f5f1ee1ab44d7d5c8a43438ea210330d1dde8671,0,11362469,client_a_preview,0,processed,,1780962122722
0x03281313e236c32d7ff56c9beb8ee4b42c0f7dc9cccf04ed4368863a79394355,,,0x2af52df744f1db1032578311f4bd72c588537c8899d19ae561c8ccdb6dfbc2a8,0,11362505,client_a_preview,0,processed,,1780962133281
0x555d75227bdf16937d2f225a4961b51fef390471790e01965cb5a01b14bb9e71,,,0xf3a3fd329c2210b3b529ea967c2b1f0b6002e2b3f69fd8c1ba2a6afacf906d2f,0,11362648,client_a_preview,0,processed,,1780962183309
0xf0f3e2232aa6f0b8ee1fb3e99a7ed7643c99bffb75144afeca24d83399e496d7,,,0x2a72e917bca79d5eec128b7fff23027730099539e0681864c0c464415aa3f662,0,11362655,client_a_preview,0,processed,,1780962185684
0xf9b5b5350b985aae5c1b1760193c0fe68d857cb08aa51c04fe6753f3e1e7249e,,,0x19c40efcac991d3c57a9216e9fbf70cefb8da6a2bc493dab4fd740a38128a165,0,11362670,client_a_preview,0,processed,,1780962190932
0xa824cbf28946e33798058d2b95e133dba55761da274cd4f8362b821a58f19043,,,0xc58c3f4bf3b50f122d92f7cba2f52b3b9b712647867dd4bfcc30c4d855c13f3d,0,11362688,client_a_preview,0,processed,,1780962197284
0x3382d29a237e6b477ca66ae473d2d565482e0a256880917664b6ef0d73b1818e,,,0x6ffa440ac1e8487aa5eeeeb285cfa90497166c3fe84b1aa6ec73c784606f5d3a,0,11362691,client_a_preview,0,processed,,1780962198499
0x8f791ef95e0664a60cd41f628fd0ca71d4b3c22244c79f45bce7dc98e4eb0829,,,0x570737a8156392419d883d8785a2a75ff02e781f4fc277f88c8376a596c64d90,2,11362709,client_a_preview,0,processed,,1780962205912
0x8330a1d934df8203d5eb834a098c4ab319b370b97a2bce32e77518f90b854d52,,,0xc02800860756d7873eb926136e07c4072332fd5f6712f4b287d00a30d2c8dbc5,0,11362715,client_a_preview,0,processed,,1780962208238
0x90e99fe0a55179ee0232694acf76e9fd3d3658c5f371f388c1aa1dee0abe2cd5,,,0xf3b6f7afc0ddccaa7ffd994bb822e8182f61b48cb244931aa6094adeb6415d3a,0,11362746,client_a_preview,0,processed,,1780962217726
0x7561ac132cf653dc94872659e29196b3157966b1ff9ec3bf0a9d1182c369b231,,,0x3c1b20c21941837813c337752288fdfa2e204e1c36e5f17c26cce9607e256caa,0,11362748,client_a_preview,0,processed,,1780962218902
0xb196783d07203f28a22cc57b53817ea984eb3c6c22bad3054032a29d6bb7339f,,,0xf81468a1ec5a9d33d2f994354278d17391fbd9ef5f080ca132e6cb85ad060784,0,11362819,client_a_preview,0,processed,,1780962244097
0x347cfcc0ebc3d35982c11036a01340e18fbdd03b5803c87e33b26ef3e3a2a169,,,0x3b2e739a272521fb418b7d30a889ac86ce47df732664489d921f0da6e36c1444,0,11362856,client_a_preview,0,processed,,1780962258070
0x767003fa97939c62f7840745feea864e04c50eb2c4e06bdcd8bf94c5ce160358,,,0xabbd192ffb143f8e1d4f0b2a2f81a02b29d014ddc464ed372e4d7dae67261fcb,0,11362895,client_a_preview,0,processed,,1780962272247
0xc2285f41cc5968856a0fca5075d57cafc6695e7d2534eb37de315644627b043d,,,0x8d388ce4416aa18037259e554979bc3f5389a9b7e52d2bd80d4737a713df7f04,0,11362898,client_a_preview,0,processed,,1780962273457
0x93297cc413d0c0e4da7dea14e4ba2eed836eb6b948899e8d27b06c21f510cf10,,,0x2871027d61c5d7313b56355d5c8254037cb284e2ebe20d26b87cedc4a450a715,0,11362915,client_a_preview,0,processed,,1780962279046
0x9d4e9ebabccabe88f17d636767ed549dae26be23d7a0cf46b7fbdea769a20c5c,,,0xdfe3091ca8115a833962b78a868dfa4adc97f13031bd2df64219d4b8e8057c8d,0,11362935,client_a_preview,0,processed,,1780962285371
0x641e8d3508063df46c7bf208745d9e6358fa8b0115b53720a06a83fd7424805b,,,0x07552aa6380d1c2bcd21c5f39a3d887b3cd082acf6670ec52b45238b9df47df3,0,11362938,client_a_preview,0,processed,,1780962286666
0xa5eb9a70f7d8c1c53152b03176c3261597fa426635b73f06c37ed8316a2264a1,,,0xda01d92730dc8b9e82d2c800d6a4cf412e10b3d17cf82224192615890a4d688f,0,11362960,client_a_preview,0,processed,,1780962294640
0x37ead3eba6ef5228dd60f52af436abff21d1c5814beb80bfa8fc5283db221296,,,0xf4cde38145269ec12f75e30ae7dd38c8c788774efb2a969363ac3666ca888813,0,11362963,client_a_preview,0,processed,,1780962295070
0xba574eea9e7cab52b9b635b00e37bc0ec926570ae66f3965ef2bcbcac76c3b37,,,0x73c52a7a3644fba5b6f378d39ecc20a2b73530609a50a3119104a828bcf219da,0,11362998,client_a_preview,0,processed,,1780962306477
0xadd209cf4055690702cc8552fa7cc643c9cd8609e14552cece761b0db1d3028e,,,0xec0ddbfae64f020d5440ee07525762ec1d5cf7e0a07d3dd321f921941a32bd1e,0,11363002,client_a_preview,0,processed,,1780962307678
0x05773efc4a876080fd5115eb5b30ab78fd208e666ddd1b79f48faa09e6a1ad99,,,0xc8b5f358a89d96299f44de7a4f06950108fc63862973260c462b76953228c0d4,0,11363011,client_a_preview,0,processed,,1780962310905
0xbe6bfabb6de935ec49c2274a34ece852efb8cee6438a3fa72dd6f816b79ec0e0,,,0xf95193d9baf9a00fde3b96970227d5343090c74bba744d2a4354fb658ca9339e,0,11363069,client_a_preview,0,processed,,1780962331805
0x926b69c45d8d6fa682812a5ca624f4b0c6fd7e7b07cfe0ffbb476ee3c5916fc9,,,0x760160b9125c6c314aacf194041d8536d258fa24bc2f2bacfb157fd896a12ae1,0,11363107,client_a_preview,0,processed,,1780962344269
0xded975e7a038a5402ab19933cf34b090485edc72a17b01345d7c94bbb441083d,,,0x02139b43e01a9c46d6fca0e910f3be80c76c1e080867de051804efca44040643,0,11363154,client_a_preview,0,processed,,1780962360884
0xc927b6c1d1748d3f4c030764048bf17395914465a7fdbf3125ef1dd684c0d937,,,0xaf64a2aa332fdc0a500fd5186e7ce8acb84ff9f10a5225439864f58dcc5ae703,0,11363170,client_a_preview,0,processed,,1780962366710
0x5d063a2bfce66ddf05abae40c7f60e8d66224886c007713c7bed014701c33a79,,,0xbb3df848236290a55b8a5b4ebf8f51e868e12c8abba3016770e83770e32c00a5,0,11363219,client_a_preview,0,processed,,1780962383189
0x436de0117c8802dfe83e96f6f8a554d280438b8f2b98cbb2440e119e8df52f5f,,,0xf73525af7a0dbbfe8f11f717dafde41dc55cc55ffa618cdc2b81146676c0be88,0,11363259,client_a_preview,0,processed,,1780962400231
0xb28d0415e1e4fecf3dbf86ab7379e23dbe9e2101c9d0e138fdfbc112c95d21d1,,,0x87e29a2e4f674045862032fceb7d642f464b639a428d303f54212ebb421f1b73,0,11363293,client_a_preview,0,processed,,1780962411750
0x572b00004d4b6c80094965b337537f5fd023cfcae308302e237ad31cab55610d,,,0x4524779d11f4d1d62544cee29f3216c2b760c3cb4ca59163dc2b46e1ebb27ca8,0,11363361,client_a_preview,0,processed,,1780962436687
0x56b32adf27fac7d1329d3d47dfba4a2fa3bcab42ed451c2ab252091c66504682,,,0x76b6d81355a6d1caa55a13dbf4842defb902b8842c5652be46a1a3e3646349d1,0,11363691,client_a_preview,0,processed,,1780962573946
0x052cae34bd2edfd5b44d807f0049ac11b88b0b0857976d69958c5cc90d610417,,,0x02f50c97c14d42d52cea7a2a4192da1695b6f97571140e6fe4f8c2b82ff0a829,0,11363709,client_a_preview,0,processed,,1780962579664
0x431104563e6806db6753ee606fdf4601fa0aa5bc61b62104f67b1f727e322057,,,0x1384ddcb435df604940a984c89ab7cfaa5e5b0ca5fc7e1be8af2b971a7a84561,0,11363725,client_a_preview,0,processed,,1780962586788
0xa258b028243b08a1d900f94fc9283a5f4a2c098008d8e44c5cbc32f44ed2d849,,,0x7a6146ea650c5fc316fbe1673e40a19b5c195e29a2cf9430119f0e430f2d55f1,0,11363761,client_a_preview,0,processed,,1780962602699
0x277e14e76347c2219ea4ef0f09a2b3e739f2dba1e1e4d0876c8e4d461c044be7,,,0x6e1afdcb1d78bb92d1f1de6e6655a4896d690450afd8a177edbc4db465a4512b,0,11363778,client_a_preview,0,processed,,1780962610424
0xa9f23a087177330932e5a880903c6bfba0cf572d530c235e1b5c9f0166ca7e3f,,,0x46bbffc5d73962453fb3cdcd71c6b47711f51317451d90f39339efadd2b2349d,0,11363796,client_a_preview,0,processed,,1780962615405
0xc67eec74315ae7d82beec2ade1f4c8680090d322915a1a9f4339bed5ccf9a60d,,,0x3b47f10fe1b3b3c6ccbe08ff036d18e1caddb4cf0604fc9765fc3214adc6e0d2,0,11363807,client_a_preview,0,processed,,1780962619311
0xa91b14fe0ac1d799cf12cc9db93f3b00ce29319cfc427a2954460f61a4c7a9fb,,,0xe53e26dcf1db91dc5a0e2b43f4d1c72bbe4f64fe64cb813b6166001379162c55,0,11363879,client_a_preview,0,processed,,1780962646736
0xe72455a36c6e4318be4bb87cd8e97631126ef42f1f4efb56915fbd281c761dfe,,,0x7f7aa3c375bb896db3fd9ec99713acd6893eba3d2ed7c3a2050ee8956cdc9d37,0,11363909,client_a_preview,0,processed,,1780962659677
0x1e3ad1fbb3a3265058b9ee51a5f9cdc09a676edb50fb89971cedd5599a193a04,,,0xd192d4800ff9846ea4037fe5bc4546db3648aa4acdeb4d2792c238eec88fd7b1,0,11363969,client_a_preview,0,processed,,1780962683472
0xf1fb2513a74efc4a7981944724c55f5d7a248df753184c96e68517ff9e5bfcc9,,,0xdcc07886d5655e177b60898cb71c8309a06f918300ef556b8c1a560ce71f0779,0,11364003,client_a_preview,0,processed,,1780962696154
0x176c0538e460bf6185ab8a9377d7c02942f0a08dc81cb7a42fe8c5858cbf97f0,,,0xfba7e4d8d641105853331dd698caa108f5ac87d62ba548a987117206809eb53b,0,11364481,client_a_preview,0,processed,,1780962890689
0x7c36e6bb8e2535c9ab45c2215a72d9ac0e44db12cd456f17267007a79528b5e7,,,0xe0d956dd6e7c5df5fc3d956dec1912dc48eb899fc5cab3ec0a5468583b6899c4,0,11364483,client_a_preview,0,processed,,1780962891617
0xb71c561da41a93984cd09eed765c7d75d087a85da76c2666d90740fe03b63ada,,,0x9662a0d62750934328b640f35051970b9ab8397bbfe069febec138172b4bcebf,0,11364564,client_a_preview,0,processed,,1780962925895
0xd78074641f0915587f6c30bbdb66cece8c395df05a4f59e1c899ef484f6f9325,,,0x35c77bd815216f40a9529eaf109d88ba82f9de6b125b17415ef510eb921f8714,0,11364664,client_a_preview,0,processed,,1780963042684
0x3e3cb816cbce0abc3cffbdc02fb54cf054b599e805cdd12b46f4678a22f0fb44,,,0x0b47cbc575f690751159ea86eee65cc25b61fafab9d50a828693f0c53d92d051,0,11364870,client_a_preview,0,processed,,1780963058667
0xf15256db31a3e1c6d2af171552bda09c85746da69ec48f38a1ee3da74e9ee9c9,,,0x5cea4bcacc8b2bf73e239478486fb8532cdedc31c49d4cfa13c9fd969597f753,0,11364824,client_a_preview,0,processed,,1780963066909
0xc3516803176ec28f3025b957d0a2c1fcba766a274db00deb0b96224962033298,,,0x5fa37548e9ef9ce81046a0379201a03e29d7d486ffcaabb0d49d25435ea13794,0,11364905,client_a_preview,0,processed,,1780963071069
0x6528ef3d3cabb784d6865ec50c337e2b85717a794dc8150c2737c9d1dea7b7bd,,,0xf149a72f096ed833b2304a3ecfce3e4d263c6f3876d068195fa7cd161da20194,0,11364947,client_a_preview,0,processed,,1780963089840
0xc76b2c0eb14cf636e33864c1e74e01021d274860409a1a0cf3497865026663c4,,,0xce85a83b8214780de563a3522e44339d1a7a08e31026923da4fef012550f8f15,0,11364953,client_a_preview,0,processed,,1780963091617
0x048b66a46c83394943c769041b72dd25400f4f66fde5c2351ec03191b0d03def,,,0x57579e268d003e122d553863090f1b24e0b0a03947e28b0aaf18b12ca7f1a477,0,11364960,client_a_preview,0,processed,,1780963094096
0xedc83a5cc87760a2179f92ae483ad78aa2a78626fc6b02ad379ffd6fe021e57f,,,0x871556062cfc6021494228628773d52a754ab3dfddc00b72a2dc95b3f3b6bd86,0,11365039,client_a_preview,0,processed,,1780963127636
0x5ff63e0dbc3222a5376be935edcb28bc49f99d3c9289cd93dc4ec8bf276fdd39,,,0xdd7b61ce8f391ec43579fb3343891cd1169e2663ff829ece94bd44433a537681,0,11365386,client_a_preview,0,processed,,1780963299964
0x77d49a4d8e015aad836b168e422055139ccc3c965980e4490c93893182cd27d9,,,0x81ef6d0815f3bbf449c0fa23b428fc75be5a0034dcc01d8037d7cdf06169b847,0,11365388,client_a_preview,0,processed,,1780963300532
0x7d0909c3ff96e30e08ea76dc1b5eb951b3a21129244ea8438169a5361961ca75,,,0x06f2f01ed3403aab9a590ac15fe2bca08b44a35cd06ff8c21d2b11db91c03fea,0,11365681,client_a_preview,0,processed,,1780963435739
0xc55fba6723e9e95c0d1de356cef5774f8dbec8a89b195b5495c8adadf4827692,,,0xdd30b60dc3a3d09ead0b9a6cc89071de62dd3bcf079ee24ba5aa62e55ccb1c4c,0,11365683,client_a_preview,0,processed,,1780963436490
0xf6572a9da7fbbce3da7498a2d966286f0a2e1b9c3ab63063f22b395b33e8daa4,,,0x6aa028ca3d10e0d93860fd23051aa771ba836d76126fe1667234ee7a90d05dc9,0,11365718,client_a_preview,0,processed,,1780963451846
0xea2c47e9651f1aac5f5cc507ed67c4ffce6d40f2b647d35a9615809357452e4e,,,0x121910a36635cc18101195095c94699ba2007583cddbf9d819c8fd34631a279d,0,11365986,client_a_preview,0,processed,,1780963553512
0x5a132e5bd2e29e52c363249555666669866c1cdef08588691a2187145f71ef97,,,0x1363c269c584c26269fe2add4ed3715fa6f05a5cb006bfc689f81bcb373eb2ca,0,11365995,client_a_preview,0,processed,,1780963557133
0x6998276979d308ebd0b4ca9ff0a6f362e1873c6e754fa4c2677f9e9c55af27be,,,0x0fc874628bed49132725970272555b3d9f1701ace736f3889293539bbce1503d,0,11365996,client_a_preview,0,processed,,1780963558014
0xc6bb9509729b8ac01e83651ebccb781045dacc6fb482ae877508ad557a608fa0,,,0xb05a78b6ad515f36fc19e4040bc3cb860269d4253c5fb0341b718dc3b8427ac7,0,11366005,client_a_preview,0,processed,,1780963563690
0x3df6c17b86f2756e3816c202108b6fdee2949e6f3db097da5431a0228e26bac3,,,0x2da0b8f70e95a4e659e340f7637a3d5ded00d34dc7003d92b7f821489e369d8b,0,11366116,client_a_preview,0,processed,,1780963604277
0x7aed18b48dff1c8464e1158e14a7c08fdef5d8cbc8a3b33a4e2be18301db7b63,,,0xb86504f9b2fe98b9a8a176a34264b3d3c590133b0cee7260dbce384dd47267bf,0,11366126,client_a_preview,0,processed,,1780963608371
0x744a1c404eb4cb9b083e56519123b373e6d319d35549544951d1842b7bac076b,,,0x38c38c9749b07787bb81ac8f63de31c117c629c67529ddaf99baec1f5df7086b,1,11366157,client_a_preview,0,processed,,1780963622327
0x096ca3922e212a083e49fa825c447640b2c929ec7c650bc20cdf365f3c3eae94,,,0xa5511ab96e62bb76d16a3eb4f949b760210c4c7c6beb0c6afa5b4ddc7bcd88a8,0,11366168,client_a_preview,0,processed,,1780963626467
0xd295ba183ad06b464887089f30fa2fff5c5cebe005eeacd502ab0c3e92c0a061,,,0x7b44bf0a9c91781d5ab70f2f8108810b9e19a6f39df5c70151d07b4653729f58,0,11366235,client_a_preview,0,processed,,1780963651861
0xe2308685e958ace6d57139f90713f12302b8daf7a3ae9f47900e3c5a9672730a,,,0xfb9c182a8dd35322c023656a3685ead4555925baa4edd27282b84da2308ceb4b,0,11366243,client_a_preview,0,processed,,1780963654624
0x8e06d6e8dc4439297a3fab57a383ee82ad6b3a78459835409dc2c2a94f80b2c5,,,0xbdca4793653f27d883c4047f3349af877be8d5ab7830ba4cca94d4c2807e0c02,0,11366265,client_a_preview,0,processed,,1780963661149
0xc47e276dac3b6eed32511983fca5be573d0c39a294adaf6e27836a977515768b,,,0xcdbc237e5ce719e7cb584d7056c92c685696860afb9af06a2cd07c55d58ff8c8,0,11366277,client_a_preview,0,processed,,1780963665451
0xc01caa0b4ddc1ed08ddae081e01bcec083035040ced50c37d9cfa64379deabe1,,,0x3b2527467f597867663b81c3fd305ed8e3f7ee4c7150e62258a99425999ac6bc,0,11366342,client_a_preview,0,processed,,1780963691218
0x15a49aff5692bdbed7791aba6804cd66054cde953648e6608d5130aac9badd98,,,0x652f145f0d5a218f4b2adef1e3e205c53987ecfade9fcbd919551da131a2ba0c,0,11366352,client_a_preview,0,processed,,1780963694266
0xcc7a245baac7985ea2715bf84366bc4d51b987a719dc9022c0e99dd8ba634320,,,0xbbd76e29b2f2fc77de5202a541b8ac87a275930846535dd61b7359c0ada5b2d5,0,11366387,client_a_preview,0,processed,,1780963707319
0x607430edc61853789c7c9345a561d4c9ba446222cc2193d1f85295fdbec73c49,,,0xabb202ce6d85df071b82271b0d618b19cafce96ca149baa760b167c6400ad1f9,0,11366394,client_a_preview,0,processed,,1780963710156
0x6f517469a7a50743e0f66fb3f5360c24e8a8d86cd3a08efb4b5cd9120cd6a0dc,,,0x4e6338b4cc25849391879808756931a1b90b809147df6167a52ec78c0107f4c3,0,11366424,client_a_preview,0,processed,,1780963719470
0x8f7977781cac695c9e27320246dbb0b1d1afd52c8824abe5ca4f28e36c3d1a89,,,0x76a3a1584be86f9bc5d461af36354bceffcbecc527e70922e8242226d34dbe47,0,11366428,client_a_preview,0,processed,,1780963720714
0x8478a4d5cc0f35c23251cfc1e46c0ae7715054d6e75af38f2f1c333e8d75eea2,,,0xef2c7977f75bf574ec7e66d166b543d09ba4f5dc7efbc473f2e5a62a8b1ed484,0,11366434,client_a_preview,0,processed,,1780963722672
0xaf1ae0e566183fb24d37d5bada258cf7f3ee772ffec71a16763a2fbe4ee0a4be,,,0x30024cb30bdf2a8e19756cc7f08d3e0fc5499fb39510b74480743c240a1f8688,0,11366438,client_a_preview,0,processed,,1780963724423
0x316750206f0875e444896549493e0f453a18285324c98262a1961055ef246e70,,,0xdea72c32cf40ab440a17dea2069b38f7f8fc242b3a161b0e366d507b9f3966d2,0,11366512,client_a_preview,0,processed,,1780963753468
0x82120013482f00de8835f09d9f8f4dbbe1eedc70bbe3c02e46c5ce30d166a9d1,,,0x1bbed0da3bcdd0ea09669910caaea3409db1a38ac538a5e8995b7c3014e7a94e,0,11366515,client_a_preview,0,processed,,1780963754174
0xd1c56f7d2fe686e19b1c7e159d9a840d82a52b3ab9bdc46b732498ef9220ac5a,,,0x2086013709b3d638e59afe70c86ff9b36b55df45a653f1067d167d9906da3803,0,11366540,client_a_preview,0,processed,,1780963765805
0xee8d3e31639d0a7513cd92e88f3c7b062c7ee91e7121498186897904f7e2080e,,,0xb5d6ffa7f8c28d65e2cc24a3403aa743ffdf6e7866ca5b62d7efaee56eac4156,0,11366541,client_a_preview,0,processed,,1780963766345
0x9290da46441c623cb1a06c1a87af6b214f67772d67d3191f59bea9d68f252dbe,,,0x824375d9d30ef9a9a944f9b8e99c854498091af259fca13549f45a898d2a59ac,0,11366615,client_a_preview,0,processed,,1780963796716
0x51111f62ee5311d4e95b3c257c0ce4863cbaf3a06da98eecd585b72cc17f6c99,,,0xcdd4c5e4cd60ae5fa9b5e40eb9cc2c2c6cf8ac1276fddd8723a57af482bf0981,0,11366617,client_a_preview,0,processed,,1780963797637
0xed5902e5c50a75c0de6585005cc17d1baa11f3e9349ecb9c6d0f30c9e71a5bc1,,,0xf9d80277dc69e3e81a2b4d327404d358570cae9db344407bba689661aab4a271,0,11366671,client_a_preview,0,processed,,1780963817918
0xc7f1557a653bc594922e378c4a7e446aa398a50b94707f7a1f6dded489ac3c66,,,0xec208f5f6f026bab41fc1a861c2cfefec61e99d74ac1685a2b03eee3714829c1,0,11366674,client_a_preview,0,processed,,1780963819148
0x0043679f3dddd476a8821a1a753975acbdfa5627169dd095f3a056fdbdc19d98,,,0xc2dd534e04b10c43d447ad9fb4f4673de2bf8d48681cea5851412dda704a50b2,0,11366676,client_a_preview,0,processed,,1780963819725
0x9c2d79550cd97f9a951b0061162102c1c4e020f27835b8edeea47530d1bf7fb1,,,0xc5a8ea72eea0bdc24b4ea865438a09661ac8c3f972f06717f6942b531c9e45a4,0,11366679,client_a_preview,0,processed,,1780963820901
0x344c5367a76fe540036bd06d3cffadea6005e016962e4109b8084ecadf64a768,,,0xa920deed8d7ed0cd64ede326d1f5c20b3c3fbb8732a419785a9ede4e4a6581d3,0,11366822,client_a_preview,0,processed,,1780963876360
0x4e2b366cda86c5c958ddf76f819e1a5b42d4657052f50e14d8d2c651912e797b,,,0x1d76e6af06b44b2c1fd2ac235c3de126214b250db630ec006397e89c4541c622,0,11366824,client_a_preview,0,processed,,1780963877398
0x489d2566f2822df3ed61a4aa13edb251f2fbffd6ce6df871dc44d7f2ee8d11e7,,,0x7b0d7a29cdf6ee2d28a5e0e9f8edeed12b6b965f2bcd26719576e037db5e7af3,0,11366904,client_a_preview,0,processed,,1780963908967
0xa16bae2f0efaef5832dc65224764924c41fc5bc44a9dffb3b23d56c8bd54c30f,,,0xb3bcebde0a0cd1fc0e9a1c89e90fb07bf9785524bf92616efb067c62a44387af,0,11366906,client_a_preview,0,processed,,1780963909893
0x9a7d442938e83f3e7e11c25f9819f5eb47deb8ed821b1e199bebfa1d2364c97f,,,0x1a27696f20beef262b9ea0aa16dc1af1bd87ac5149ddd7aa0f98b737eaa28229,0,11366956,client_a_preview,0,processed,,1780963932713
0x29e5908b8536ae7f40391aede953688e8580b22010fe1b6427f6df8c8cc35353,,,0xe4ebd2a2b002f1d37bffebe1217e656e5719ac456a9ea08edc769a0773b795fc,0,11366958,client_a_preview,0,processed,,1780963932965
0x6ce4ca61ed7f74b64d00dd64ff0c45c96d634bfd4b53e5531454540df35edeb3,,,0xa1d17d90204bc55a8cb6948717335c124ae9619ece9b07481e0ce189fbb35e26,0,11366960,client_a_preview,0,processed,,1780963933800
0xf75c3d5c53c548810942ffbb98c48aa50c588d2f8bd1a7555ecb00c7bcdf14c2,,,0x4cb23631a54e2f34d603d32e4faf975809d2ee70e94ec6efece411420cdb37a0,0,11366962,client_a_preview,0,processed,,1780963934540
0x607adc95827af44c2c2554970bbc72db18117f575158e48462b3bddd4a0581ad,,,0x2a41afd9366ff70eb8dfbe215220f479c8034ccf5381755659e8a0fb56617d78,0,11367252,client_a_preview,0,processed,,1780964046578
0x114b3174bfaf5ff79d11a498f820d2c7dce3a36a986acd9c9976ee105b99e5df,,,0xefcc76fcfb4357c8bb1758d02c7e5d2824debf1a8cc919f1167792d70b9ba72d,0,11367254,client_a_preview,0,processed,,1780964047165
0x7cfc09ce7fd34e033cefb3955795ae8e328a43d9a6101623f9ee8a97f2ee70f6,,,0x3cdc054ace32792e58382eb4c00584f4fe5256aba27c783f74d53aaf4a5f2d5f,0,11367345,client_a_preview,0,processed,,1780964079673
0xcb7608b051f9653438189bae722dd46ae63fd6aaaadf5c4565de9fc512c9076e,,,0xb934a04bf4462793c4c59e3955dd51fb56548b713e970e60b8303bb72457a18d,0,11367347,client_a_preview,0,processed,,1780964080280
0xcfa7fff56780a7c22bcc2eb3da046c2d791ff47b2de25622ead094a1f46ab471,,,0xd653c46d0fd0b94663261ffb3863a4d5f2a1518165245c3f0a85d30b5aca65c5,0,11367544,client_a_preview,0,processed,,1780964156637
0x168a12ad91416e49adcb7049e09fdd16cca079cf640cc4841a507dbf4217fa11,,,0x4a2edac9168a1efe881836c9fd0ac45bbc970d032560aaaadd719884da09e44a,0,11367547,client_a_preview,0,processed,,1780964157351
0xb8d395fec74f1327caa661b18a0e8c8df0341d4b899bbc94450d4f4e83114d07,,,0xfc5aa8f6e35367f9fa80f3a90fc66d1ce9dfa93e3ef8db367b6b0a69aac42c9f,0,11367621,client_a_preview,0,processed,,1780964184416
0xc5c4086755d1925bb8f93ffa89dbc9b8b1ae6934c45f1c909506ef6cbc2eb806,,,0xe69a41adafd0f2f99d5fbdedb0b23a38117631ba6857ab0812755e0d841999bd,0,11367622,client_a_preview,0,processed,,1780964185165
0x0047521306c5487cdaa942036a1d47209d701a6552aefe99e326477fa191bf2a,,,0x20ecd666686c2c93fe0a8bbc2c6f3ae839bbfdc8de47d48e7fb678d7473b53c4,0,11367646,client_a_preview,0,processed,,1780964194178
0x99b61bd7251f47c55130d732ca72adff8fd23b971c2395aef57d1cb0697c6a1d,,,0xd4fe5a4c9aa54663cea0ffbfb5eb44d10d60fac60d463b9ca8743708cb222eb2,0,11367649,client_a_preview,0,processed,,1780964195776
0xeb3edd1187b9950b11548650b3cbfc44c0eeba3f87ab8213475aebae911925bd,,,0x5b73fbcfd12443544e49f3edefa2fa7e67debb58dea3f69a0b6fd40d92ae81cd,0,11367654,client_a_preview,0,processed,,1780964197044
0x11c004ce6cb01366a8b18705380a694b38eaf361e15c2a9c813ea6ab156aac22,,,0xdd9c3f5d853b102728eef62616382503dbe7d8c4a9ad6d55c4448b31a04eab94,0,11367656,client_a_preview,0,processed,,1780964197736
0xcfc075b336183683452f313fd3b0219ba15384cda172cc7af2ecfa6e2780b893,,,0x6f45baa0d557d5820b1da5e0908962efa1fe86bcc0137d9fe83908d9b72aef54,0,11367779,client_a_preview,0,processed,,1780964246891
0x126c2109b7db3c0506fc28a8ba925b693ff0b2f2c2c7a9a7da1fb349c2b47e4a,,,0x769c87efddb7897e14af9805315bd135fdb13b7dfddb48f0358c8920a55d64d5,0,11367781,client_a_preview,0,processed,,1780964247994
0xea2b10c91b58998c02abc9baed2434bf84af97492f47e1530a8cee0b86d2746d,,,0xed1eb70763e93883a3118de5a653248b550ca43cdb1b54f12f3dc4f0253276f5,0,11367819,client_a_preview,0,processed,,1780964261394
0xaaa87e424970959216b5ebb1c25d27ef95032104992aaa04d3da3f46dc9be382,,,0xcde181d314c2b03c6dc309234ac83dc0497dab02cbdc7412b6a6e214eadcb63b,0,11367821,client_a_preview,0,processed,,1780964261918
0x9ec868c531c81707fb47b2ecd898c12f0993563180e097a937d00f61a801d034,,,0x630f2aae8c0431c64b12640cc140d29f9e5177ca394b144c203dd4580e4d89f2,0,11368056,client_a_preview,0,processed,,1780964350696
0xf007b2e5efe43bbb0947d764f6ec3c745da740b0463b11884419d63bb3bee3b4,,,0x87e6269db0d0bfca9165d9664208ca9e46b5c5402cd8f27c48b50b5666fc8958,0,11368053,client_a_preview,0,processed,,1780964350881
0xffa28a307a30d92742f8e4c36036a637a55e500e1699b7b163a05afb424c1cf7,,,0x681e9015e856616fc5a7f58a9b794660e319bc9a69006f8ab59ed8638b7d941f,0,11368168,client_a_preview,0,processed,,1780964392309
0x60100d62b5fce2fc5e8d1c4aba5ebba82791c997dbc43f3f2733c977d9676102,,,0x71a3063142282872e0c59b13f5f76eac17368ccec957602c1f32775ee7092c24,0,11368170,client_a_preview,0,processed,,1780964393231
0xb606af42ab4c065a044b044df7d9da206a2913c25f1801cfa2d0546766b7c451,,,0x7ca0e9e0c29de79bdf16b14c77f37cd617d2b98ccaa8b1a23575e00aa20e8608,0,11368364,client_a_preview,0,processed,,1780964470758
0x45a14dd14b292a33e3af05ecef4b32b124e2b583cdf8054e33cdf48b67493ab9,,,0xacc08a5c74f16a460825e3f500d0e98425a8e0aecb5accd1fdb568ec2221cbe5,0,11368366,client_a_preview,0,processed,,1780964471483
0xd4bf94c4aa9d3e4a57ff7bb56d037d50e43fd97260278ab2a46abd2d4b6bf43a,,,0xc98f64efb4420dd02926aac7023502897f310fa33fb4ab96f5d6b0fb36969b3a,0,11368536,client_a_preview,0,processed,,1780964536120
0xe7cb444590387d9bb43cf6fcc5d9b0abfe3c46a5fa89b81d189e309d3c340569,,,0x344db3484e44d5e60a75ddb6689ecf0544f7448635dc71adfd47fdbaa94dfa48,0,11368538,client_a_preview,0,processed,,1780964535515
0xa8056f930a6191df24cdbeaef175e7afa775c5ff59bdb0d2ed59fc41930f43e3,,,0xe6d4682d622c6725a347a9c416653cfb809945ff1cd52ab724adc89ad5e1c963,0,11368853,client_a_preview,0,processed,,1780964653447
0x48b11ab2a91717ab8d7ac3a9cf16865ed0964ea7e0922f496f3cb2ffc76d055c,,,0x15768330a7f7caf4d41065d4651eaf3eb9024314a1448e6db4abc757beb1c259,0,11368858,client_a_preview,0,processed,,1780964654728
0x1c8d2f99b38cd8903fd9460345cb9a8aab7724919115b84478f006c072e7d874,,,0xbdcdb2cd1f7db2a8b3a15d490b886d07a60fc10da6a3a6d955929d3b37e20730,0,11368861,client_a_preview,0,processed,,1780964655697
0x53e1fba3cf4160766879f39bde61b99dc88bd85eb652d3e858e6934283a58302,,,0x7ed418d0b571d0eee9e515c46a5c1c2a0ccf66f5b77086efba413d205ea9885e,0,11368862,client_a_preview,0,processed,,1780964656496
0xc78d6124f74368a02c3fb6c5f06ac742abd381f945d628b23cd81d6fc03dab6c,,,0xdac877de8b2fe95b61001cc9d362675f5813a3eff9ac2038f9270ef52c46c35e,0,11368864,client_a_preview,0,processed,,1780964656940
0x7d7b087a9085a9d1f375e55d71a636c3352d0f70c6c5a49a2fe529aa1232eeba,,,0x5073ffef63b5c30d39cbee8ba0fe238b7eaec66615f80355a8bed2fef982f4a4,0,11368867,client_a_preview,0,processed,,1780964658062
0x2db3311dadb79de451e38637627c089d4b569fec08131036fe312fdd02d5e696,,,0xdb6209de49a97da59d4fd59d52db9dda79bef36da65bc0c4b7743ae92c475e3d,8,11369001,client_a_preview,0,processed,,1780964709777
0xe92d1783cf60c657c24ad5f9ac0963177760237e7ef6fd0c26d416d53e2a61eb,,,0xe6eab90f43ec3e47653fb6fc17d78f4a156a6a740fcf81aad66f8b12dfc2d429,0,11369003,client_a_preview,0,processed,,1780964709914
0x1037777e8109b9df5f25f88b6ee8d597638b5bca2c5de9ca156ae7c9b7d0d84e,,,0x9589292930e789543739fa2d37e4cc82a3198f0d79fc51a606d01ca71454c709,0,11369129,client_a_preview,0,processed,,1780964757481
0xdcc24fc2add66a030a703c054909847ec82fa2ab46e0109b0c0b41e29694c41c,,,0xd663648b6015f57e18feca8faedcfcf1a514d763fb8d2db87e560f93a12679ed,0,11369140,client_a_preview,0,processed,,1780964762237
0x8cd2499d447821acda9fb94c387d7c0dbfb5d054a03c2783fad03632f7a4b933,,,0x00675fdcf108ea7962b3801b9679ced8dc38b38a5d89a8007318b46a36e7e60f,0,11369148,client_a_preview,0,processed,,1780964763536
0xfd447d9daf4e3866baf58234f7c61cf7cad67df78b25a2941eca6a3e6748c62f,,,0xf1b7c4f913c3d9307891d64fd9f6ce830a599fd1d260ee730761fdd23cdd1ce6,0,11369157,client_a_preview,0,processed,,1780964766729
0xf0322a01d7709bf906c358ab92ed7f553786fe4774503e70c6dc64917cd29d26,,,0x03a68754da8a684696123b64944365782d601e64bb16fc7278aace7da984becb,0,11369249,client_a_preview,0,processed,,1780964803015
0x7bad2c5db319cb9ef7b159c8e6c13593eef6087a0536672c55de0f200f1a20c3,,,0x6d188af17e3968ead18181fb877183d0d693da067a998f39a635c08f8769a8ff,0,11369262,client_a_preview,0,processed,,1780964808230
0x8b6e77a457d8ee63fef83ccf231c18e5f3db51c95b097b6413b7ac78fce9a025,,,0xb5e288036694bd95a5f40308de496e3eca4644c3f39b4c556e479fcf85267691,0,11369525,client_a_preview,0,processed,,1780964906659
0x0bdd67562bbe152e97f530b300a1a8fdb90884e583aa15c64a4a405269f82da3,,,0x3b34e26c4af3e30c06f694e08845ad34b71148d733800a0b4b90c48a7257ca41,0,11369534,client_a_preview,0,processed,,1780964911039
0xe2f9dc9dab4f9250aee356d1f488eb14a339352d5c21732a611c244e47e8fe8b,,,0x0b64b8c60379dd1d9f01bca469d9904db47d849b2b23724fd7001006da643cc2,0,11369563,client_a_preview,0,processed,,1780964923339
0xfba050be10f4fafe189376b7931e4c22fa02aaa15d194cc53fa7ba4cc85089f9,,,0x7c9526d3f7bd0a336efe6604d2d72df90a75994e1df86a42fd2a11c645f11135,0,11369571,client_a_preview,0,processed,,1780964927206
0x93ec62a894b9a2de33289e72ebb184e5446b8d0b0fbe57882fa7d15921d76fad,,,0x24d474d0429807d7b8cc561be600367c84c1eccd76795ab188a5494de4a39ec4,0,11369721,client_a_preview,0,processed,,1780964985706
0xbabd92d3756093a5e8976d9e1cbdc01fb32fde1a66ec7dcac8821a8aa89ae99b,,,0x57f99eabb9d60625ba47de6b44fb3a9ced1337720e7a0d5bf96737c4401db451,0,11369727,client_a_preview,0,processed,,1780964987804
0x7c6f95cddcf8a9405947299f06b88d30cb9c92ac0988e552ccd3087d9f7f83bd,,,0xbe752b40ebc9472a29905dfa4f82a2b052253484754f9b4b4d3e8dbe5e0c1997,0,11369990,client_a_preview,0,processed,,1780965091433
0x01fcc025a09e2e4f86761dc86d4a85f2937bcceb7634f4c1f385d09e6bd2e8d2,,,0x0e529bd3b1d6b37bc6c030bf2726553e9fa6df12ffc95fb7977138b826a8b529,0,11370019,client_a_preview,0,processed,,1780965102733
0xf57a2d68ef53bc9986e9953a2e97bbadeb48071b05c4fed871ae5be16b3836e8,,,0x0821722084e3491f12647012986fe466a58ec9c2ac7e6c1c56036e3d46502adc,0,11370107,client_a_preview,0,processed,,1780965141577
0xcc9c51b6a65094e23726765bc7d35cb80a50a7b00bf07f0ebe2785e06281e001,,,0xece95ae7c67df55e0f3b97f09893ea76a20886a45879e122ad11d99b44eafcb2,0,11370126,client_a_preview,0,processed,,1780965149105
0x750f539b7e9bc40c9a2a29baba00e0dfc33889faf7e94f2539d5a37e73f97521,,,0x2efd49e117266d4298b5c7e7ba237fd7a4e44fca4ff40db6b1a5e743df5385c3,0,11370387,client_a_preview,0,processed,,1780965251874
0x285b1834bfb3a0c708c2b8602b80983f4c9181345e547277138eb8876e53e677,,,0xffb936625fe69487ffbcc3fa300228aab844df787a2443ee0292e7f1f2d9101c,0,11370397,client_a_preview,0,processed,,1780965255470
0xae04e19b7f572ef5606b3adf326258d88aa368b8c16610332d63e17cdd741fa9,,,0xb1c6ccb7ced332e2f03875e509db9aab1f4012fac1e7ed2f8b43bc76a65ac37a,0,11370417,client_a_preview,0,processed,,1780965263466
0x8330bbb68870b8128313d97b87a621067f6d3b3bf23afae6ed127402876baa86,,,0x9bcce477d4f752f94382b06d525a62879e4036c9b757fa7801d12a96e0f3684d,0,11370480,client_a_preview,0,processed,,1780965286310
0x439e94ec903e3aa2cb9dabd6941cc386259951cd58fecf7a6e93d407fcbc632b,,,0xec07bd862d1397c9f2192fb08c92f0676f8b17d17cfed883438c3246d9f7be88,0,11370497,client_a_preview,0,processed,,1780965292776
0x0b1902e32b5461115d433e06f8a00539789d24a1cea087d4eb6090920f1827ba,,,0x59e702e8de6af1355556dc79fde5c040b92f89dc4efdc4b5d9e51af834662ff0,0,11370656,client_a_preview,0,processed,,1780965355068
0x319151e7ca69fe982482e4e52f4bb38955bbba62827debbe0e241abc04054485,,,0xc081c35e86fd20817b9bbe96e331900c30cb5996cc8416bd334cc01f7d4e6a61,0,11370664,client_a_preview,0,processed,,1780965357455
0x5ac11187514c8323f025037939002a33a8b2d2f484ba5d231ad9c79ed6e17af8,,,0xc1f86057e292d814acef9e7f4d805cef69ac5165afde7525d6bba23fc14e7bf3,0,11370759,client_a_preview,0,processed,,1780965396288
0x9fea8d6dab47fd7013972ab532cbd3c0684ed56d8775d032e644bcbda16a5596,,,0x8cd5366ea5e2994977b4cc984c4aab5949e79928478fd7b6f24f2520077c15b8,0,11370762,client_a_preview,0,processed,,1780965396983
0xfbf41d828632c3a6be0dcde2a5a4297a43e1445925e3ad156e1f1eebfea94d19,,,0xa20a40ddd5c612f64db4b4558193ea0fc75510ad403a86e71242fcfd5f3d2bfc,0,11370805,client_a_preview,0,processed,,1780965413050
0x3badf9a90eed7c678c651d4212b593ee21ee2b26b4efd141eacf95b1371c631e,,,0xe6fc74b25e18c136b95b4dfb3bc79e39d2368b16b11b120065a4496e92e12ee9,0,11370806,client_a_preview,0,processed,,1780965413545
0x65aedbb9a6aeef1db855a08d2c7367b8876e96640c406e9dcbee7431e5f4acf2,,,0x31d5fc91062b6d0babef698a732af00d38e03c6c98a837274348ab67ca6c8d7f,0,11370808,client_a_preview,0,processed,,1780965414243
0x9fa54b92ef67be1ffdf64dc57f181c27e88bea1424aaabc241cb83b8ba3f41f5,,,0x39c4bf2a582af28336ca0f5feb324389cc4e26373b7df949809e33e8a8424b6d,0,11370810,client_a_preview,0,processed,,1780965414012
0xa0c593d078f3c53087b6ce200391f32160b2a76df0a231d29cce81f9b887affd,,,0xdd21c008128fb72da7c4c70becf587bef87beeee04c61afc579dfdd6a3ebfa36,0,11371079,client_a_preview,0,processed,,1780965516225
0xe1e10fede612567bc683ac92b6f46b344cf358b141f631717d2c2bdcc2b30a28,,,0x923bcd53570496ba98b8dec05092a991310ad4e9d0408ea86d3a312f7b173d7d,0,11371085,client_a_preview,0,processed,,1780965518157
0x3c1a074003a158654c77d259dbef6814e4ae2b1932825089136cfdcdb72e6e10,,,0x4157b00a7865b0993151cdd44682e83690e5f46c425f9b1205ea295b4796480e,0,11371096,client_a_preview,0,processed,,1780965523196
0xbc238733fe2812cc2bff29e46ab1b3f0a5ca1d80f6d1196681fe12df17bb4451,,,0x9741cf71ee376904e4588e1de3e1432b4caa45edf5f487184e187c115794d68e,0,11371102,client_a_preview,0,processed,,1780965525142
0x8cbce9f2da5312cfbefb835953aad10c1ee2b3aafd50522fdc658ae3ae11fa55,,,0xcf0460081f127910bb621b423ecbe97cf1c43380cd0055ecf05f44bac65b5a7d,0,11371216,client_a_preview,0,processed,,1780965570741
0x2163e47afbf38f408c7029b42f546897a69c234ec6c0ad53a2471dd323c73ab1,,,0x6d5b46bc1753112eeaaafa05b6f8b2c92beb47beeddff9a7fc1c8440e55c2ee4,0,11371219,client_a_preview,0,processed,,1780965571551
0xc254d9af93002e98fba0fffe6b2749bd25eb31139fed1fff58d28a17179064c5,,,0xb74e9913f4265c649552dd11fb53c6b2e393013b5c3355559442d5e22fb226d7,0,11371350,client_a_preview,0,processed,,1780965623027
0xf03526f84e798bd2bed296502a8e7360a312c5853e8d21e422c68db3ef587d1e,,,0xc2c5728f9f0963ea274d0d1ecfda1d614e403abaaef9309c8cd2a00c750c8e0a,0,11371352,client_a_preview,0,processed,,1780965623869
0x7c60da0bf180aa9e0c204ba281cc814c31ddc70115725c6c7c7baaf2d973c918,,,0xc4965a5de42be5a09278cd7c727cd7bd3b201f3829dcaacb611403aff8d27be6,0,11371369,client_a_preview,0,processed,,1780965631700
0x3880cab400ce265c1861f259556f88b880adeaaa6e45ad6ab7b4be3554fc70a3,,,0x1c80a5981780c9f5fbc6cc3e72a25ec81de21827e11691d096744690b51dd72b,0,11371370,client_a_preview,0,processed,,1780965632250
0xc4e432a39ed2763fdadf3cde3aed81a396574b274ed6e19265f622d508ee0ca9,,,0x6b9f1469787efaf468a8f17822d80e05a910b7d5a288cb31d1f753d51562d364,0,11371454,client_a_preview,0,processed,,1780965663235
0x27c37b8de94d8dff8a3b02f0c054b96af803fc266fe2ae9ef4a5c28c9e6d210a,,,0x03ceaa66f930a0c09ab720afb0eb801a8d29f5e7a551cd453aa97667e4c2e2dc,0,11371462,client_a_preview,0,processed,,1780965666393
0x789df102c9d23c1302fa41f22c9d0f0e10799dd0ca190d91319a171f92599944,,,0x6ddecfd9e02d86006d14f06b7351b8f3d587304878657542ee41cceed19ea87f,0,11371483,client_a_preview,0,processed,,1780965674508
0xf01046da26f9d8b8d361e0f1a92bd63f0e6d986d4e85807dfc662a80210fd6e5,,,0xf175b982b35a2b2bfa9044be7a3aa6eca086ce76adb375a41cec2b909d188620,0,11371489,client_a_preview,0,processed,,1780965677365
0xfaf52da40dd6540391209eadd86aef804aecab4437dabe51d2ee03010864b6f0,,,0x3a99fce61e8bbe71aab9851e4660156885e21975b40e0873d0fda1f0d3e34101,0,11371491,client_a_preview,0,processed,,1780965677906
0x60d7c1b04dff3050118f7bf7c78187783d022068e02a48f2debbcdc97c04bbf4,,,0x8c095a9d8b185960ea4ecc2e26853b687424215ebc3c3c359076f4192eac0678,0,11371496,client_a_preview,0,processed,,1780965680055
0x74cab0420cbc07f6f69c557815ced220aeba90d76d076276a98b8267b1ea15e6,,,0xaa04225423582b13c299624cf15608d425362a388c6d320dc2bde2116eb76dba,0,11371627,client_a_preview,0,processed,,1780965729261
0x75203cf624ac4b8fddb63c2e0393fc49bf3bbe7ea8d3e2c7f16c715fedbaf235,,,0x80678cae58d353e7814a9c89816c355937a18758e3576c41015d059a88f47dc6,0,11371636,client_a_preview,0,processed,,1780965732652
0xad5abc3a4569e36e0617aaf37281cf80ba57f7f5fd9ed2b256ffd1ba77647044,,,0x1c80d341558266553ca5629553fcc6ad82e31e597e80f48fd4af76cf22e1c4e5,0,11371643,client_a_preview,0,processed,,1780965734600
0xaecc3ea9f2f517c2a4f49a0725296e852305ff5506aea81758cb6632d36af70a,,,0x8c3ac80bb5b5d1319ad98eaeac88e02a1a36e835c0eebd6a885bc876daaccd92,0,11371651,client_a_preview,0,processed,,1780965738012
0x46192229ade1f853e63f289317a2fde5b92253ec1c96586ce628d90493289ee4,,,0x424850b2378e06c53fc6cb67c03139909c8dbabb3e966ec8fdfdf9d45942c159,0,11371722,client_a_preview,0,processed,,1780965762896
0x24b18c952db294fa9f63a7ffc3827ed2e46d98c7ab0bb4967399b7afe401916e,,,0xb63adf46eba41e4a13ac1afb86b38d75071db60c721d9cdab5c9ff83e9fef6ce,0,11371729,client_a_preview,0,processed,,1780965766048
0x9c31fea8582a5936ddb78951b7bbf88b0ea6a84813a0b9c9fd8778af202c65f4,,,0xc465b4da64d81761d837563af003c0198623951a65df65079727afec177d8f44,0,11371747,client_a_preview,0,processed,,1780965772808
0xe0ad4ecede35b0c2a555dc02e5a69feafd0e5da8362007a38c18ddd0ff8dbf4d,,,0x1305cd4ddbf4f36001cd6dd79f3cf2574ed8e91c3f3a4bee0acc081ce1fa03f0,0,11371753,client_a_preview,0,processed,,1780965775634
0x2709d807789058ae5d1e3056bb812bffdb17cd6a63ea238d3bfe6ec8beaaaa1e,,,0xcff92ecd5e9dfe89e4b7c5d38ac9738d00379b0ba493adb03c5e47223ada8888,0,11371756,client_a_preview,0,processed,,1780965776605
0x3605cb4df0e35e28d8a5ec7a1d593d5d7d6be3864e65ea35a7751c4f4a4aa6d0,,,0x1390e6f35af0d086a2d4932c685a45152525f133cdd7f5b49db28bd36ce6590b,0,11371763,client_a_preview,0,processed,,1780965780169
0x0425c52e6b9ed19a62bcbec0991b0833bf1ffc542bfea0a8e441ca56b3d8edc9,,,0x0fbea3e457a13397af19f33cdc00e168813f36dd69b716dcd35907849948767c,0,11371907,client_a_preview,0,processed,,1780965833085
0x7ff2ddd31f32a344d3f7eb9739b850e46f7b746b7a669882c63d399a4256d271,,,0xdd305a1f56eefc42acde0447b1ba6141c1fec7818b5821b2f3f7e6e58d5b1e66,0,11371909,client_a_preview,0,processed,,1780965834162
0xdfc64c99c47aa8ba916668817a601ab2a0f3bb7e036693164c35f79f3765d1d0,,,0xa79938d0d42f7a088cef03f6c4dac57516257e80fe43a9e27d2f8edf41909bbc,0,11371917,client_a_preview,0,processed,,1780965836972
0x9132d96fc8d38a346c9181532c0dd8db68291d2ae9fca6deebd43afe2886d7df,,,0x56742c63d4f21ccd816dd2e218cee98389acd411cde6860139be720e23fc8808,0,11371919,client_a_preview,0,processed,,1780965838229
0xe10be2e9b68642e19f7e0debc74bb0a6b6696fa80298766f47457e80a9b099c6,,,0xf0e022bae230a191f0396bd34a95d49a7db924513e047959ef3a847676cbea76,0,11372095,client_a_preview,0,processed,,1780965910550
0x963909f2448715cd4e8bda690605c0a6115d5ea256d0adfd2615c615164ae624,,,0x266b242ae764c808ce339a2f4f914df6ac0a964e1ca4bc6e50e64db9684c78d5,0,11372100,client_a_preview,0,processed,,1780965912444
0x58e6611ee8981f2e19affcfcc37de2ac5ec08905a1e23323afb31be6647437e7,,,0xe8e9ddce0d20ed8aeed40af73d5853ca00143ac6670d987b1676fc4d2088a4b6,0,11372142,client_a_preview,0,processed,,1780965927729
0xb2d76996670d85f7e76e8e7564db995e6673022e111bbf57a33ba8a9136eaa4c,,,0x6d26bb45afabad4965b0e204d498d1ee82950bd402d9bcd31375b9d36edee170,0,11372150,client_a_preview,0,processed,,1780965931512
0xd89354759140efbc263c89fe1ebcbc86822fdcb566df7101bfdf0db4ac396c6b,,,0xe83bd070bfff72eb0c57517c7d505b1f9016d4a59eebadb016c69ce9891314d3,0,11372260,client_a_preview,0,processed,,1780965973124
0x875182f7b6b49988216bedc349dce8b0de6805c26f33f590899aacd6c8b315c0,,,0xe57278f85c32a2ef6f53ccb46d08d77670c9fa2bb3a20cc61fa4a244d201ef97,0,11372270,client_a_preview,0,processed,,1780965976168
0x345c3a1830218da50ee5c6a3343fd168831bf1e96bc4a368e3c18f760cf73241,,,0x0cd0ff6c9c7943568b0bbebfc090bbcd678e917d6947ab8b1524691c5cb7a8b1,0,11372288,client_a_preview,0,processed,,1780965981615
0xa619e62b4377a96691ae319e559e9b635ea3cd2d89b26c89db648af401c097e4,,,0x43347ece46ec1d2d7fd29b61e27977a5868b27483e4d47a4e9e5908ca0321a18,0,11372297,client_a_preview,0,processed,,1780965985626
0x6867a68828d99ab20eb8e097769453afad005631fa7d99ef99e9200c66d85132,,,0x3107a8e19d0282419afa403db5c18a450f6dcccf72937c190bf08745c8a329a0,0,11372417,client_a_preview,0,processed,,1780966033324
0xae88564e6c1c3cd26071c6e4fcd39eb46f57ef914c00eba1556bc2bdf01a8bef,,,0x412c84f8ead0eb685bd60bc16456d545acc8b9f6f90b98bc0133fbba8c3cd4e0,0,11372423,client_a_preview,0,processed,,1780966035256
0x0d12785148cbb82428b46d9ed9a865150ff903d63e774309b9c0a6243da240d2,,,0x0f7f6da2cab382c5f0472774a61d9133d07ad169c3eec9dc71373b822e1fdb79,0,11372446,client_a_preview,0,processed,,1780966043338
0x48f32d6e48a928efb5bee526e5a97f6977a8ffefa306151deb801ef9b3ff1148,,,0x1d5b04c8eabd01de86c600263e27155ef3c783d1824081f9b0bfafda8bc2276c,0,11372448,client_a_preview,0,processed,,1780966044515
0xa8df83d43a345685c23d724c0f88885d3d1e3a2d152cc058fcf4f8b1b2eb981e,,,0x18c286af84f2f93c57e56aa2ff7e27518eb490c6cc3011521b3d4dbd5174e7f4,0,11372449,client_a_preview,0,processed,,1780966045154
0xb8e54f41aa2391cb053e9341c103d81ac0943da32c223161bafb436f13282b50,,,0xe265c09eb605b1bbbcaa31ef6beb21a553731a69f676c217a35c8dde39dbf7c0,0,11372452,client_a_preview,0,processed,,1780966046347
0xf550aea42471eab3d3a3b3e9c8c43c6d132617af9e4e39afb4fe874cf904ac65,,,0x95a3fd728a556cf0c84a52e3830239cde300f038a6d87405c74d254267686a95,0,11372524,client_a_preview,0,processed,,1780966071071
0xe461185473f9b1896f9c1e5fa77f40b1254a7780cfdbcfcc5fd54f5bf400a19b,,,0x89083b7cabf3c8493397fa3989445da46c14614a5e15de74e74c259a94adb3b5,0,11372530,client_a_preview,0,processed,,1780966073452
0x5a317a8314a98168052b8c43ab74904b92773f3ae37c1dbe570c5b92275b0b31,,,0x6b2ea7fb5a07695bbcb7663d7df74cb3c356510b39bc192108260855cfc88e1e,0,11372550,client_a_preview,0,processed,,1780966081536
0x93ebdff2d947644bc2c549c97ba169846c377467105dc990108777ee5318dd71,,,0x2bac785c34177fb0dbb692f626d0c7a48f4735f216a07066a0d47140c5b83b66,0,11372625,client_a_preview,0,processed,,1780966111722
0xfe07edeafe72d3b90829f31eac6cc9359848def34fc18f4f7a9edc44c9eac0b5,,,0x7619170451c66b662d176bd27b113b5744bd3ac00ea0a28364d451c65ab2d034,0,11372637,client_a_preview,0,processed,,1780966117361
0xec7734ef90c765e58f067c6a530976a47e1086107e0f45660a8c39727b128a29,,,0xbb8d2042c96467619fbe83c7089429817352c7797d49c17e4a295b2d8686adf8,0,11372670,client_a_preview,0,processed,,1780966127167
0x85a51938482053e5ced19835f4f25d941bc7af32686d105b3d58340bf6efac63,,,0x739cfa81c3c3c4d072f3e5733b8138bd481aa911abf6d69519345ada6b5589ff,0,11372673,client_a_preview,0,processed,,1780966128348
0x34d9c3d20b2c566ad3ef4d1d635a6987ef8b6bb46a22d0b2d0d37660970ef722,,,0x9a006948b86388164a4b9d9227d875d0d460c6683298236ff54cdfeeea415350,0,11372676,client_a_preview,0,processed,,1780966129605
0xd363ee5ff44fe3ef756cdf5fc920752d4500b9a1225b746c2eb83eec1aa8f231,,,0x9445d53249649176ac4d567e7c521bba280a715ebd5cf49d01cfaa698827b2e8,0,11372683,client_a_preview,0,processed,,1780966132217
0x35938fe104b39acfe258f4fe14d1b1401a0f5fb634e309bd69094ce476c4f5ff,,,0x94eef9666086fe10fb07a2ce7e1b917da81b2ac4281c85bf12210956c51c8801,0,11372687,client_a_preview,0,processed,,1780966133990
0x51edb2aa663974a991d493895a6e9269cab86bfb712000ee8bbbdd9214a4810b,,,0xc8f409b0cc30ac962130bc514a6271698c9f77d3f9bf1ff942f47a72b2e580b2,0,11372690,client_a_preview,0,processed,,1780966135194
0x6fe053cf542f51b928f5125cc5dfc631d9ffa17824d84f7023c64cf49d87c017,,,0x8e30f91c5b239765e4c627e5f210434e27540d9df267966d8999c653b4beb836,0,11372707,client_a_preview,0,processed,,1780966142908
0xdda78fe098df90cd44695f0d8e3b5bea35075008a1c5ebdf3f1eb60e8e2d2f38,,,0x37471aa678c2d2ca1385f425e483cd770903c47d17eb975a2a8c589c470ef6b8,0,11372710,client_a_preview,0,processed,,1780966144122
0x8516e1108c7a358537379e6c5a507baf93d9b3d06d4e2ea2ebe2d90d7afb2865,,,0x511cc29b1a5bd2aacb4a81cad4e6d0ebb095938b331db63273ee1ed39333406d,0,11372723,client_a_preview,0,processed,,1780966148494
0xe7a5b0b26293ce10f1481ddfc8215cb628d1087bf404cebc928323261e71259c,,,0x17e6551b33c55f5f98a39984878ce1f5ee7077e75f1741782926fbe685eb6fd2,0,11372729,client_a_preview,0,processed,,1780966150357
0x2e80033e2fa24a2a6b28d74e1bb694707ef2c8b9ad0d24071b11d5ee89915e1a,,,0x8fa220d12380b34838147e0cbd5d859ad09ad6146b731386b453254cb3f672f2,0,11372786,client_a_preview,0,processed,,1780966173268
0xb529cff4862231162e38a9d355d1a788a56394b30c17c67d136c000d1a3ff500,,,0x3bf04725d147746a7a3d88842be9cbb0c9a0f6ebcb1cbd45c1c1701823cf04e7,0,11372810,client_a_preview,0,processed,,1780966180261
0xcfc7f43cb18164455243ecd686008853034ab93c9be5d91f7d5c5028bc040f0f,,,0xc6fca7f400e39f42d792c63c3677b755b6325d19907be2e715cde05354be3440,0,11372899,client_a_preview,0,processed,,1780966216514
0xd236ad9550aeb0d68e3904d45249b4411e7539df9594024ced38feffce96bffb,,,0xad676639df8d342f163f676b58e39876b76678b02efb0a296681f1f4d1cbcbf1,0,11372911,client_a_preview,0,processed,,1780966220792
0x0fef6b1e26845079bc6b00073e986ab52d9401791d3cf675126eb01c45fc99af,,,0xfec434a149c1c9d63a13c3afd648fc08ff3b67900bbb6b94dcb1b94025520f07,0,11372946,client_a_preview,0,processed,,1780966235227
0x80ec3345ef6e83c3d876a83d0a57b7d944e5c8452b15c4928b39c97fc33cef06,,,0xb8d6e30a4f679ff72c337379a6d980d9a17cb05650fe6deb0910859a69f000de,0,11372957,client_a_preview,0,processed,,1780966237897
0xb8e9a9ce41339e5674e8e9916a675a78a5d42bc5ff944c7ba721559fe6810486,,,0xcd231c15efb3de3bd0a6dfbe3486066f4c650e4a9b46eab2163c46617004fdae,0,11372962,client_a_preview,0,processed,,1780966240704
0x0c5891d6ef9afc9c3759edc150a1d739d0eaae27557972745c0ecc8ee1033b7b,,,0x567e1149d496b219d34adf64d2b5bdae089dc0069bc9e87752543d8c7ae82770,0,11372973,client_a_preview,0,processed,,1780966244292
0xf6e8520bae9f5f970c3db86085fe4e1af4c90d665b9218ba2df1dfd4d034ef50,,,0x704ba35b89efe67794b50c97803098b2d0025913e45fb380e80284ff6ab1b690,0,11372994,client_a_preview,0,processed,,1780966254227
0x8760afab30e9b0c0889c2d717e280f18f22839b42325e23cc546acf3f91b581c,,,0xb2d493ba8d90ba13254a9c72215358a09854344056f90e09a8ec279158570beb,0,11372999,client_a_preview,0,processed,,1780966255980
0xdda1ee7748e0a59ae583878f6a95b05c879ed2dca69ccb024d3d127ee79fa58e,,,0x1ecce89aad003ce18cdce78608d55f9bcecdf20136ba9eb3fa81bdc7a0b08c04,0,11373010,client_a_preview,0,processed,,1780966261662
0x11d710f1a05d3834c3a1fa6c221efc641dfbd9ccb98016cdcfc90f921753de65,,,0x76b95a22378f0fe09718345588d918a3d74e655fde6056f2495a89173f52e51b,0,11373012,client_a_preview,0,processed,,1780966262350
0x00942094ba3e046ff20d9b1bbd192aaf23486d4a147a02850ea1ed930abb710b,,,0xf0a7c24c33fbef8cd8ea307cce66a53ecf8389acc9d8bcb809ff1361feec42a1,0,11373075,client_a_preview,0,processed,,1780966285533
0x0dcc0232673d79da9189ed4239759a187f57efd2be640b6d70c5077c762cf547,,,0x9d10405afcaabd658d7b3132ecb7f93e47d531db9c202974bc0dac59a183b699,0,11373086,client_a_preview,0,processed,,1780966289894
0x3d4d50c26d26acbfcf009aba8d777d7d8047c2d4b8b456384245e153a56b62f5,,,0xb36058e54b4ff606f535279340499f620fd8381e970ffae7ad249772b381acf2,0,11373178,client_a_preview,0,processed,,1780966320726
0x3e535c921d827c33276c4013dc60d4d98d8e3a0ca6936d744054d34bd3c28f78,,,0xb3190d6f69418c7f974d26ee8906862aa7664901217a6d1c58dd3bfc7dc12321,0,11373196,client_a_preview,0,processed,,1780966329317
0xea39e26d92d34ac6a0c2868eda08d0c71375f166e4eab4ee73d35288fd7ea375,,,0x49b47901cf9c3fe94c742f386e54a0e33a1b66804eb5c36a63fe0d420e70c714,0,11373229,client_a_preview,0,processed,,1780966342884
0xe73ae8712c6b6445a0bf7f23e85cdf53ce51a970d6495ef8ed45eca04d009ab1,,,0xc6155555a3814abe1abb7cbeb7b2a1a51573048b39e3ac9a8b9c35a99f68cf95,0,11373232,client_a_preview,0,processed,,1780966344623
0x4d91f957e6fdc9a3d4fae028a300c533f82dec016a7c19adb6e6cd9bc61f332d,,,0x28910c79968e379e7b72470585d5f86497a68fd74f2e1352351ea5ee602a7410,0,11373236,client_a_preview,0,processed,,1780966346413
0xfad04cb07c6de74f8cd6adb26d577bb391b5d29b41fa700cb527d43b49be877c,,,0xbcd49e30b96b9557dc6ec92ec6c4190f98d1047e7b8f37595c5e2d8c8bf39584,0,11373242,client_a_preview,0,processed,,1780966348286
0x9ce71d671a54cf1d0a1514f1e527c039d39dcf86050785d54aa1a6edf65af822,,,0x0cf121f5a553b4b95880770aacc4586cda2c924b8ccb3a665e8463cede2b225c,0,11373245,client_a_preview,0,processed,,1780966347846
0x6d25178255e748f8999f83a20001b5f216204f21eb78d37abb783e281da156a9,,,0x74a325c5d0f7642e0fd7db87f0dd2bd6d855d3ebfb0aa8920516dc4f6da8285f,0,11373248,client_a_preview,0,processed,,1780966349010
0x291b6a6f18d0faeed20a1f52a748412ac85566544c9e621d623a740e56b5e589,,,0xa44ce20370447dc852ab25a71e4f21fde000c2bb20a7fc4e52f10142d9b8fc2a,0,11373266,client_a_preview,0,processed,,1780966356061
0x97fbbc976280f2f1bd5960d45c3b988f015f46c5d9abfb709ea4f3eb69863dc6,,,0x9fea1fde3097943936b24cea2e0611da4f19b92553eb8e8a0e1c263a27a123a3,0,11373271,client_a_preview,0,processed,,1780966357859
0x0f60a5ecc99d73d1ed4bca16067f70359a41902744fde1b0716a1d4dcc46ca62,,,0x8aa898cf27ccade84e22ba2a50221b84d0c5f8a2c7ff1087b27356712d22d858,0,11373280,client_a_preview,0,processed,,1780966360967
0xcd696f2afe6c839ededa6338e2a322390983c68dbccc32cfdd0f432101871c61,,,0x5c808e0c9421674122a9db8d8537cf911e343384c5ceddaf8b41b9fe9dbbf1f4,0,11373283,client_a_preview,0,processed,,1780966362164
0xd074c61aace57274e67bd0345b20c12409ad568f80f24c4107ddc0a3515bfb51,,,0xcce37d4233b461a229004f621db5e36f4abc6e2545a8138609b14ac672d229a5,0,11373343,client_a_preview,0,processed,,1780966384824
0xe77e5a3b4a2381b664bfb0bf11fc887b1805f07e6736afa2c7ba263d2fbd80cc,,,0xba3a100a380411968043a9168ad82ca42f29eed248954f3c7446173b0ab78360,0,11373361,client_a_preview,0,processed,,1780966392933
0x869abae6d93a582850ca40586bfcc9df39ccc58424bb31693d5d1b59df26a578,,,0x5f2fa5d375216832e058227b20d63ad224be9a72dea8393f22fbe072bc948fc3,0,11373450,client_a_preview,0,processed,,1780966424916
0x1b68103b084e51d753a1ae56dcb8e413e8818043719931703edd14faf682f546,,,0x9d0d71a79bef88c6c0e4c060ed59f820d23f1a7f819416dd3093232cde6fb1a4,0,11373500,client_a_preview,0,processed,,1780966444430
0x044901a3ef4803fa94f56875f88e04a2a34d9fcb13cc7adbe88d4abc86d4c66e,,,0xd3eaea64af8457d3e83c1f08483147a29203e6196ac3979a5b73a474e7126816,0,11373516,client_a_preview,0,processed,,1780966450843
0xa93f2df9e077f5e6f5d323d8e4b537cca8677ee03dc9a176be9bdd55a9633d57,,,0x8955c2010aa0da27acaec00c1686e5ad6aec164186f33dd435ef4048a01faffe,0,11373520,client_a_preview,0,processed,,1780966451912
0x6401e2fa8fb8f7e9e08f7d24bb8102945c242a148a2e56f12ef8148831b65d38,,,0xdcc7d528516950407e9c6af11348c2608d8f1f5e1d052c8dd1dcc6e08d653bf8,0,11373618,client_a_preview,0,processed,,1780966489345
0xa45ae27fa7028b6c96c9f26787f9059b28d8709fa6312a892a0ab2e6af1ec951,,,0x3ba2b252b2c7d1fa353359be151373775eca8fcb4d0f362d6f6058d9b7e6c8e8,0,11373635,client_a_preview,0,processed,,1780966495704
0xed0ad7adf2a6e5a905a89c14b7e9b74c6a41005b4d8724a7a0d2ac5bf89eee1e,,,0xa67ae3881b10ac1bd0982b3888ecda83e52994d8056492dcd420d5a426e091b5,3,11373646,client_a_preview,0,processed,,1780966500746
0xfb5e6c1936ee119c0ac4fd509a61f0c0ea0155a37be0b693b5bc06fe4b8a4e1c,,,0x5f9e3bd8a8e36aa9fc9f4ca46c8e91af840e6d8b23eedbca3ad4fa44b5cc600c,0,11373652,client_a_preview,0,processed,,1780966503027
0xe517942e77d6c8e1fcafdd61541994f224c848fd479c7173e2ed1846a5a2406a,,,0x4eae44bb0e170435d50768dc9f8c96fb85544b6bd151d3d1b25ef6ea1f5e0400,0,11373668,client_a_preview,0,processed,,1780966509643
0xec8655954561dd875278afa5f22515fea520764dca4d5d6c58d3486afca475a5,,,0x1e9b10673dc7d650c1314e5927e49e6df81b68f1c7c64861a073cb9acbdba8eb,0,11373675,client_a_preview,0,processed,,1780966512433
0x7bba4095eea68392117ab8f2391dbc05b28d93a3098c995de1e535e5dd21a28e,,,0x5c27904c9e38ed7b16b02f1b853422fb126952d5a4d2bb53fd37110a2980391c,0,11373782,client_a_preview,0,processed,,1780966553690
0xa1bf1ad0edc37787f158e0c105db6bf7b8bef7ef0db249d439c8a2c72bbf342e,,,0x2b6a7efacfcb31a8fc242a6b8507044f0affa9f557dd3a972c0660719011eb94,0,11373786,client_a_preview,0,processed,,1780966555474
0x56fbd57f48e318a8a0f26a1dfa917d9befc01015f0450d869096e52708c6e886,,,0x7be1548bf2d2bc4ce608ba38ce07887ecda0fe5f460b89808e1c1e8664b51b64,0,11373801,client_a_preview,0,processed,,1780966561463
0x45d535ac820477951c822ea5e2e8245b5c984904f59947df4086ed1e7f9b18d1,,,0x3808c984aedc485360d1aa75c5755271b25a06f005b445eb35fa7b8b79de6d94,0,11373804,client_a_preview,0,processed,,1780966562681
0xa152ed753ac10acb88457bfb68133c4340784d2028a7d2b7d9ae0720225f611b,,,0x9cdaa012f5f777bf8f55a3e9bf5f1e4700f083fdba8db34e9856e0f86aed34ac,0,11373805,client_a_preview,0,processed,,1780966563402
0x51df1d40f819bc67ba8c2616721865f4680b7a81c32c298b7f67c4d237dffbc5,,,0xd625bb8a435dc212441e4db4565c8f34668d1ce2d9ac3f6170e905dde5905fe6,0,11373825,client_a_preview,0,processed,,1780966571698
0x094537550d82d6a20a9992309c2cd9014d50bb0932b5afa93c1c1e0fffff3d29,,,0x1c64957a9b0ff9a47757ad05256d36fda6e68dd849858555f6b3897655912242,0,11373897,client_a_preview,0,processed,,1780966601056
0xf2f038c4a2ed73670e5a9f49354433a5a4f5d4c35045343abcb1748d1feef0c1,,,0xeef871c838a6c8c7252d4f42f9f7fed8fdf56049b7ed47720ddec2514b309ab9,0,11373920,client_a_preview,0,processed,,1780966608667
0x4751c5b9eafb08440d5198ff990a39a9d70b0535d1e29924f74786bdfd3b52bd,,,0x4f74fa6ef73369493010e6d80e802790b0a4fd8d5e4a0ae59c8ebed8a6479e4c,0,11373925,client_a_preview,0,processed,,1780966610328
0x7e63231516fe4ed9523b5f21bec56ab11738f9fe0d414a5f59efd47aa5512216,,,0x04923f775461dcd82c490f0db7d00e488a2be9cece0fde6d5fd6a4c10f2a742c,0,11373932,client_a_preview,0,processed,,1780966613262
0x153c6d40e82856164ed22caae3b071f9043a135288647fd08c22f4cc276a0c8f,,,0x61f796b7bd224f3a440a0d9973f4738dcc3da090703570f6847dd37e8584fbce,0,11373947,client_a_preview,0,processed,,1780966618898
0x72a152bde1822f8a061f74440cc90ad52885d8e918e9e97dc49e90a9f52a5976,,,0x34dc9c67596614fee86c59b1a14e7b2ce5cf5efd973f0ca708a86671e3f0427d,0,11373956,client_a_preview,0,processed,,1780966623347
0xf7a5ee607eafefcce0bc97118d88ae91d1411447720595eb65d1594c53471ca0,,,0xa3c09bcf034d5a96eec87b0fbe00d5a610867e77cba24c3c87abd73317a387f4,0,11374001,client_a_preview,0,processed,,1780966640005
0x60ba040ed28bb01a547aa1f872dbd395f20d6634641992dd064aac248e8baa0a,,,0x29775e4c7cb0d3131382dfe082df0c910213bcf74ea9ee63efd808f3d5173cc4,0,11374025,client_a_preview,0,processed,,1780966650141
0x975ad38586cfbad1557300d4fe2e70e734a103b6110d50143b49eb38624d9d6c,,,0x9e3f5b84242070fecefe45189aa15ac6fa155f5b51917f3cebcc6a6bbeacc10d,0,11374051,client_a_preview,0,processed,,1780966659231
0xeb0b5c1b495638ada316a48c0ca2ebec74cdb4fad1fecb3afa4d66b76b43c610,,,0xd05be0d5ffbc1fab33177a0ca0f328852c879c621122aa9480666faabd868ef4,0,11374054,client_a_preview,0,processed,,1780966659269
0x9c0504ea2e767ae03fa39630f1f0aff3649e0caa272532f94014833b316ef8e0,,,0xecdfe73f307ccd548c48142e0fdc0f788aff50ef52b46656e36b4e618342d750,0,11374058,client_a_preview,0,processed,,1780966661069
0xb5d0c3d0582776de9e59eda73f8e2ce6ad2f7864a9294476ceb2be690a63f3ff,,,0xfad38c01bb5385c876a986af40e6eadb8f5ab4278c02b6db5d1b6c315a547ee8,0,11374075,client_a_preview,0,processed,,1780966667174
0x70cc0f13ccfc2e81bf92fa9de8917a953d9b22633b430938106e146d316ab0bb,,,0x39b552220a8891231ed58c92f95720ce3574ac2bc3dcd895deae92cc111ef709,0,11374076,client_a_preview,0,processed,,1780966667617
0x3b3014dd239393354bc8ba90335bbe0dda86fbd7f8dc9eadeee41237e0b0a1cd,,,0x715b3dcdea7cae4a9e6ae8873b4ac5b27f82457a2c48129eb2e70c557bb06399,0,11374079,client_a_preview,0,processed,,1780966668779
0x38a3d3f8a676c3a2958d02d378998de495c036f25100f06de7f63048708eb80e,,,0xcd54ac9f16799963e991f9f5e35ffcb0636932ff6c2c8c7c4bdcfb3ac6366b32,0,11374082,client_a_preview,0,processed,,1780966669968
0x635eb95e468ac771328f5fc67b6521882f9187d61ca9f7e59253e6aee1400419,,,0xa31e5746eb7fef89f088d785a23b5e172e9c05e6445dd06c5ed7bc638c507136,0,11374087,client_a_preview,0,processed,,1780966671819
0xe9ec99c0ead1acb21468d1dadebd52c7b99cbd1fa13dd71938365f8455ab9025,,,0x3cbf005ff0b712b25eb2b74028b9a9fd51fb657f697da95bab9440aad6069592,0,11374090,client_a_preview,0,processed,,1780966673035
0x93fe1f910f1e29b5b150dd63233f5ca6126bc47ef8aa501e77286e989fd94df7,,,0x762c6e7a83e8ecceb188524c3bdc9ae56d800291c6f962aa451585bbe14aed54,0,11374098,client_a_preview,0,processed,,1780966676039
0x67cef5eaf4dc8775240d25de31d7531a424c1e20ee673c030d9cdbd5c4eb529c,,,0xc1cc39b5f99d6c9aacc7d2f201687e56f8e7e25daa3af6f238fbf71babac4c2d,0,11374113,client_a_preview,0,processed,,1780966682532
0x7054d58e9fbcbd52d800c54c2e933a00155a3098e69c2ae7e741d9d0de3a519b,,,0x35430882e0c1fe72ee6460acfadc2138dcd56e1466e22ef8e2b531f4d33cd9b6,0,11374116,client_a_preview,0,processed,,1780966683669
0x1dc85acafe7641108ba4d91a6363a76e1182ec17a1c01676481efa3c5f8ec5f4,,,0x4fc33a8a2f9b72347d46c2f2579ae12c86ab39592c0791e193b06d0401ce1daf,0,11374160,client_a_preview,0,processed,,1780966697818
0x9e5916fd28f402fc52108dd3750fe32ae2ef2e35dc873378d000c204a0cb00da,,,0x0b68e2b2976b1b91153ad030756aa55445892f8abee81eab98f546ae725038c9,0,11374192,client_a_preview,0,processed,,1780966709734
0xa3d86280747fffbc0428c16175eadac69f340be61f173ef0db0ca89924ce52b7,,,0x1998355e5073ee145495227e4a603acd2e21ceb0d232c287b3292e50fed07e9f,0,11374263,client_a_preview,0,processed,,1780966735162
0xc156b9a100edfce1056fc0dda9f77ee840699a8e2d7bbe9449e53cfda5b03453,,,0x51546c3f9ed1d5cde99320ca45fa61ec36a57f0f1adb890b75094da540c56ec0,0,11374294,client_a_preview,0,processed,,1780966745373
0xee64dc55ee35b1cf76a822ce403912576bcd5457f2e0cd08a0c38d4cbc4c6b70,,,0x8fa3dca6b603c9bd7cc81f40f84b8d65433277e1b72db819ea66d8fdc2db9f54,0,11374310,client_a_preview,0,processed,,1780966751968
0x61361e4be0ed9d5ad339d67db5e72c510513df29ead6bd2d0a49cb0d931c06a2,,,0x253fece1418b8a2eb5bdaad8d3ee089aef7c9db4e07615b3bedfff4b7daf7383,0,11374317,client_a_preview,0,processed,,1780966754919
0x93a452c00e5522fec558638e9e9490066c866ca94fda4bab94536ecdbc925bac,,,0x5cf70966f06de1f0d43b4a540d22bb5de6953c71a78b3aa539a26901759f591c,0,11374341,client_a_preview,0,processed,,1780966765101
0x96696b0451baadabc4af8532fab8d2980d31f61bc27dab51262ddbd27aeccb9d,,,0xa9a74b4662b2adad384cb1797e3e7fa11d26f80a1bade5174f03787c6cfd77cd,0,11374346,client_a_preview,0,processed,,1780966767328
0x0bd47bc25f8f18db5f1382a6746fdfe66f2b3fbb8c22a57400c4ee819554752f,,,0x9d4aa859817626f200ddd1e0abcd766c9bf622a18e425f24159dccf7afcdd4c4,0,11374347,client_a_preview,0,processed,,1780966767556
0xf5a76599e5b86bf863d5e11193a7599c09a175311f5cc816db12d5c782b5dc2f,,,0xe3508206562530d252e08b983b9a0968f1275ab540ed76fed41abcc11544f828,0,11374349,client_a_preview,0,processed,,1780966768182
0xe883f36f40083d5d52542b3024791b7c6f5006498e7c7f1702c192b0deff3e79,,,0x87efbe4ea7e5d3b8b79b0592e2bb86d2d8504d817088d9437d6b92e789718061,0,11374379,client_a_preview,0,processed,,1780966777824
0x046943393e50ec17e7a0ebf781bcde236a551f38a3109e04b539fe54903f4bd8,,,0x33161c304822183ad5884daffb21c6508fbb5cc073bedffe093bd68974bed79d,0,11374383,client_a_preview,0,processed,,1780966779593
0x51a2502b6501b731db7ff1f8e841b7f12ab4068031d5a9a88830c5aada08b432,,,0xdc528002dda495def49eb24fcd924d7da2dbbc090f35eeca886d12276cff548e,0,11374424,client_a_preview,0,processed,,1780966797690
0x40d74761ba8d2e90a2996f1f8999e6fc149a8efd04bbe96656e0ad33118bb47b,,,0x39f95d996766641ce2c1fe9cb56f047a6b5864be334474efb6e007845890efa5,0,11374458,client_a_preview,0,processed,,1780966810491
0x12928763bf5c6418d50b7611dae414bd078ded653e27e537de8684018b748481,,,0x2ebcd086968a43ad599e954df2d9b8a2e6b41e84a4bb3480878716776bd50558,0,11374587,client_a_preview,0,processed,,1780966865679
0xd2f07ca00499ea921b886e374375d9515b6139fab83e9476c551bad74ee006a6,,,0x8d1f0094e385626c285c805666cad1d38ff0c6625b13d4e56a24af7d955a2467,0,11374621,client_a_preview,0,processed,,1780966881246
0x0929eecdc46d3fa1aa352a397aa812b15b703fc0f73f346cc739b8f229f32e4c,,,0x15f13d0f56584c6e68bae2ded659c20809c3cc558a6c8dac5e5f5243addb6dd8,0,11374629,client_a_preview,0,processed,,1780966885241
0xc35f7ca51cc2993eb2aeba4abd736e0ae63d2336af21868c9276ba34fb9053f7,,,0xa663aa2656bf8b868e7ed0297dc5f01f8e307cdc20788423be270bd5c2935e27,0,11374660,client_a_preview,0,processed,,1780966897893
0xd57e50f28c5c0e27303db95bebccb9df8017880a0803693df651babfefc88785,,,0x8b4430dedc6ec5bab998c72c45fd2fe814347d25567768a06232c6a418f4150f,0,11374714,client_a_preview,0,processed,,1780966917779
0xe40f1e466ee090d39234042334b5b524de03ba2cf1191c4f64ed00d73c60831a,,,0xd125ab19f9bf476ee9d80e6a405a1429713ed6675ea93ece58d59f7ae4f7a44f,0,11374739,client_a_preview,0,processed,,1780966930649
0x9c1cf1b088f2ade30fb844f83f429abffd481a54c3ba10f5e89fb07e6446eb7f,,,0x6373471c6ed45319ba06e07c9d074183e5f2f69b588af24b794d0cce44c71124,0,11374819,client_a_preview,0,processed,,1780966961249
0x696c543aee2811fe421ffa07fb5074f23b51da792ae7171b285213650d4d1d37,,,0x4f07cf2574b68f1b8426227d39a9fb95795d9e82619462d55214f568fefd0fd5,0,11374840,client_a_preview,0,processed,,1780966969161
0x6c4867b79fe0d9a616574d76784f4d57c1edec251807d41cc25aa72256d4c58e,,,0xc39f4c246347ca8ebd0054b2450381ccf5b56da78bd6974158ae63f939c7cbe3,0,11374862,client_a_preview,0,processed,,1780966975174
0x968eeabe516c6dda35ab90950a26bd992abcbbb3e7c1ba483d18378fda34e9c6,,,0x6443d2a369fbee634c294c73a1fdc4bd90657d0e6a83ffc6881d62e2e0841658,0,11374868,client_a_preview,0,processed,,1780966977529
0xc49db2b392e8acc9ac3f21f66ccd37e88bc799783de8a2fdfaaaa5e0b28857ce,,,0xe127426268c21fc856b407afcf045c90c149ebb7e1ff878af0d99258560cda76,0,11374886,client_a_preview,0,processed,,1780966985932
0x250bac2b022beb2be3154d01473dfd25d8a7aea63908f0b9070c512ed0a1c1d7,,,0x3ab8a7941f7771deee2fd97abf4932f7bdb6a7913255d6719bb86aa414b97722,0,11374895,client_a_preview,0,processed,,1780966989576
0xc19e9239d824bd72e01df5d71f3a81a1c3f99903549701d9f6856369d250f0b9,,,0x5d902a21558300e7df1116df975be9b81ebe8c8c58623cac563b06d75d2c189e,0,11374902,client_a_preview,0,processed,,1780966992949
0xf46c5691e8ed5fdd40cd772c7a1b4c0d49a6a94c0a3f037c4f74da70e36cfd38,,,0x72b6a40fe561359664637eca15c29b338b995385a11d30af59f15e495321ba56,0,11374924,client_a_preview,0,processed,,1780967000808
0x5798eeed882f14174e19a3d25dc52c46548d1c13f2767814fab39ae2444c605e,,,0x50b97704e47b6291371f0045bd0e0a621a491530359e5a09fc2e32db948168cb,0,11374980,client_a_preview,0,processed,,1780967021846
0xf8d6f3dfd39644bf2190fd0a18c9291510d81cbb3d97f2b8c08fd2810ce66358,,,0xa0b276be69a0f7ccc707726fcdb8095d8e25150f9788fd930535f66d82b3abea,0,11375002,client_a_preview,0,processed,,1780967028501
0x0d51dcbc2c7ecfd36bc3603c28d50afc798595743bcfea9db498bdda4073af69,,,0x35e7c625589ba50e6b92f43c0122288209ff2c4272d80214d56aec0c1fe4cc87,0,11375083,client_a_preview,0,processed,,1780967062043
0xade3dd552701f71f7ec515b35956b2551ba2f32c26d75180ff6bbde9d0cf8a29,,,0x53fbd73571328e2746d031464beab8b6f553160f248e42a764157e9616393b0d,0,11375111,client_a_preview,0,processed,,1780967073665
0xdcbc7b3bba8d1e8c714e649d77f00dca9b79bbb89acb24590d79b975a6f8e5cc,,,0x188a8788d2da18775506587c21c3fa4e776bb3094c00d3a13d24998bf60b7d5d,0,11375249,client_a_preview,0,processed,,1780967125097
0x9e31e234d654988feaa2051f3edc23671545a7e5dac9862340f5772d9a5035c0,,,0xadf5854b5fff000fb906846cd9ddfdd4ce2bea5e47a554aff9f975e24eb05fa6,0,11375355,client_a_preview,0,processed,,1780967167008
0xf316c75ac4267599715d0a0bb7c56910bc1767aa77534d85c6f2fc753c941706,,,0x078358cec84f9e5440ce1a70b13c5d17a9d6b9d1e068a698839ce0bbaab01700,0,11375389,client_a_preview,0,processed,,1780967179014
0x9db86227a9fe19caa6615f34629df83260a375df4245e4e2b5fd939ec4a166af,,,0x1b15dc05110ab183635fbfb16191f3efbd71fb7bb023a7deca08e1da03bc7b25,0,11375444,client_a_preview,0,processed,,1780967200491
0xd78e1411240fa81809c7a0e071ec0205782a781174def126b8430f95deaee0ce,,,0xf239fb23469a691874b30950a18c67a8ba4b29ab6b59260a2680473220647092,0,11375682,client_a_preview,0,processed,,1780967285710
0xb905345b13862179d44afea0f866cfe0a01c276912f3fd07c3b258f7d72ace0f,,,0xdf959ecde011bd69e011fa9a1a56c0be06fc774fee84c7212125d731f86a2b93,0,11375719,client_a_preview,0,processed,,1780967300974
0xc58a9d423086f90898d2e01957916b66072a916e5722168ee3dde59fb19ca68a,,,0x1f5fbe69b2ec8335d783c981a11a96a6dcd98562c2138a26602974f7d08d51b9,0,11375721,client_a_preview,0,processed,,1780967301826
0x6b6f2bcc67bcca21c14f864b55b0767a986793e449b161bb7c36351c7a89521c,,,0x819bd054082012ec90ebabd28bc361805beb848f40799cdcb194c88c6967ef84,0,11375755,client_a_preview,0,processed,,1780967313194
0x9b7ca4337395b45c491a7513bc0c92183504f9ce0d3024805dcb8d8d3225ff9f,,,0xc9bd0da24f2e5c02db3c34a80c95104bebda5c996119c8188c48070e89d4cfec,0,11375903,client_a_preview,0,processed,,1780967373998
0x5a108bf5e9e3dae3ce5ed5b8c52bb07b382d8726e3ff3dfb8ca16f48478df971,,,0xa05b0b1d64e4fe4a885c066acc69742c5b768b04fc0fccde2f3b2fb4c47f688a,0,11375936,client_a_preview,0,processed,,1780967386678
0x38869a285a158eab67992505df7889adc9d3fbc73a0079dd099923226367cc06,,,0xf97726d00bbc2c04b0eaf29c4bc3ad53219afdb4c9cb63ede5911c2ed2355ea6,0,11375957,client_a_preview,0,processed,,1780967395326
0x30b134375c879ab3f629106f2cc5271b635e46ea40e2c0179be24acf0c7cebb2,,,0x7205d7ca447934fea4e296effea7c3901a26af07c15909a962bf44bbb33d78c2,0,11375977,client_a_preview,0,processed,,1780967402388
0x545852eaa1acf2a39d4b74a7ae77e231cb476bfd6e08a9e97d2c34d10879b63c,,,0x55ad9d2609b07e5e8d292d8bf9852d99a373634551b33c1687a6efd1f0ef81b9,0,11375989,client_a_preview,0,processed,,1780967406793
0xb3a6b4265b1e8ec32feed3695e0f2d900899dd6470adef89be61829c7991d6db,,,0xd29735f363680573de05b50eb1cfa500d859b6be7222a4c86530be9becc11441,0,11375998,client_a_preview,0,processed,,1780967410942
0xd2e08a5573e9556f29959df8e9f9ca07a1dabf39135729f0e8e3249434e74140,,,0x900a448f59dfd1467717eb6b40243bae54e95da89fe10a3044b7342f44b0d8cf,0,11376012,client_a_preview,0,processed,,1780967415211
0xabf15ad6a203023dd1d38c1b9ea19e4fbf508b0909b2b80ac9a5c015e8200304,,,0x53598c7ad0579c81421b5075b9ac872735d0d8fd0e9cb2b7a92be9553aba2f5a,0,11376026,client_a_preview,0,processed,,1780967420524
0xeb3dcb51e5af95adf44801548cb99361aeae37b101cf65c3f8e39eba304ef3f2,,,0xf75f77d116d520a6645c311a5eb256559c4bbf194d250fe9d0a154439cdef009,0,11376030,client_a_preview,0,processed,,1780967422158
0x1bb736fe3a67c9bdcbdb6a7725b429b14c6df50ffe52eb9c5575b28bae8e5962,,,0x7553207ef673c68e61362bdfb83cf41b51c29fe2779cd0af12365918096d9311,0,11376105,client_a_preview,0,processed,,1780967451445
0x564e5e608ed095c3d6d3ce754317b2788ad16c140712ed46378a79d69ecca95e,,,0xce4bc16362fe2f08a2ceb8eb94eec829cf06f8249b4a473e9439e96dd8ec83ae,0,11376112,client_a_preview,0,processed,,1780967452571
0xfa9389338be67aad5b74aac7a377f4f088905d33bc54066c5d8847408ef68525,,,0x46001713c437f3231710eadbda04582bc50b96efd391b2463ef3c9c878ff42ed,0,11376142,client_a_preview,0,processed,,1780967464966
0x1fe42798f6a0b9e559eda2ab3535778a0a1940b78d2c89a95180988a482fdde1,,,0xe7d700a855eb0d087e0579def3cefc6d327cbb28060bb52b8af52a7da8ed8201,0,11376153,client_a_preview,0,processed,,1780967469971
0x70bba4a7cbd6508095a1ece2f6ec16bea832341038e11bcedddc36e734600d61,,,0x0c2b2e0f32b7770646dcaad0179410ebe54f1c7a5af5ca059f1df3220f45c3c9,0,11376184,client_a_preview,0,processed,,1780967481042
0x57618fb0d888bda082590a8a6fbb042fca4ecf6f12d7a7431eed2b387b27712f,,,0xc9fbf536e5064c29f954d9ee1a720a0162999faa500c3a3dcdc65055377983da,0,11376217,client_a_preview,0,processed,,1780967494817
0x2e03c9b3ad9cf41c5fc7b62e000d29e470e5494b3db0a1224aed116b0c63e292,,,0x9a8b54effa3c9994f73adee393040730777d48086b82f5f41789756b7f142837,0,11376238,client_a_preview,0,processed,,1780967503058
0x2dafd989bdac153ec3e42ea9b079408b490cd95a777cd5d96e60f29001ae27d8,,,0xfe2060238ee45041777ca9298474ecc78a5eaea9619ba5df1c151bb22e11a3fe,0,11376263,client_a_preview,0,processed,,1780967511566
0xf73fd7ec858b17279ecb2127391b556968ad8f381747922d022f3ff9ac4c10ce,,,0xa2bbfa8604e8d993500938229df3208f2e787aa6ffb5102eb496a854453fd5d2,0,11376277,client_a_preview,0,processed,,1780967517896
0x3d8ca9a7f0966b74156853d465b6e9d374ba27cca933480c15a07bb302435c4d,,,0x58dcb34cd26ce66b07f7977c9c49e58b62c85614723f60db75b72c91af783961,0,11376279,client_a_preview,0,processed,,1780967518752
0xbf456e8ac8a568091983009e25f4b4c8410e38a2c9a38b208088ae0297f94138,,,0xf1540bbd496fde3f139be8f854e7daa0147b822abaf5d8e38772b82f314382f7,0,11376303,client_a_preview,0,processed,,1780967529970
0x228f788f826f92423ddcf7612f5dfacb8efbb8fcac8c4f9764ccfe2950644672,,,0xadbca51f33ffa72ca9744c2d24b608aa166630bbe9bf2ef1b3e626137745e2b1,0,11376319,client_a_preview,0,processed,,1780967536405
0xf7e1186d3a54280da2b79a411142ab402e247de58d16db5b283fef43815846cc,,,0xa23ae689bc157075765af0dca47d832bf88dcde8867277519fe2421bc2bc5182,0,11376395,client_a_preview,0,processed,,1780967565677
0xa4eb89f9e148ea4ee7a538eb6bb97262e971dbcb6e846d3587e961959e9f7121,,,0x1156689ce99537e3221e03acbcbfd921321c46a31e8d1f0b128994bbc01c5c22,0,11376401,client_a_preview,0,processed,,1780967568277
0x625343233193c525a676bb6045fb7d114ff7a2dfd817958caffe78057bc6b27b,,,0xad410b9860d88a997331254d617ca43de74d8a28994d594f47003ea74874e107,0,11376474,client_a_preview,0,processed,,1780967597202
0xc76c045e1af9c936ca93aa45d4d9c19c97923b233b3751beaed3f2fe0cf2f66e,,,0xd1153dd07c82455c9ae6a24759b7e080142dc15925024f286536d0d7df62e48d,0,11376504,client_a_preview,0,processed,,1780967609495
0xa4d87f22ec09fec09383da96ab65ccd6a0756434ccdf68b2f85c7b90c89fc6dd,,,0x534f97b91b4fbb54401f73d39bba46a937c5df8c1aa6e0e0b1ec4fe712dab6ce,0,11376652,client_a_preview,0,processed,,1780967668446
0x660246becaf3d4df48e77b8e00374d791caff7af1c451207a752d9f2a8fee9e5,,,0x9063c2f58b3e98bb5f95141f07d023aa62b18db83516e89680b143568e71e05d,0,11376686,client_a_preview,0,processed,,1780967681021
0xe87f75a21870aac48f3ca50deaab317f442ac556c2d2b90beb39d4210c423b2e,,,0x1d82288683ab57ce82abaf987013a1fdaaa8ff18b21221c21c7d33199edfa98e,0,11376905,client_a_preview,0,processed,,1780967802014
0xf12bf83907280de278c5b6d20a55ae35496512944785c4d96a6e5e1e670084ad,,,0xd49ecacc746257ae5eccf2dcf2e93cb0b30ceddfd02133e7fd92b75de5e8584f,0,11376907,client_a_preview,0,processed,,1780967802988
0x20a1b72aaaf4ff3b7ee4790fb847b2ea6ebf6c632a34ace7cede423ece715a5f,,,0x3cbb9e12c62718c5e9ecf758fa588bfd6b6372e465eac5f67484bd4ad1117cc3,0,11377265,client_a_preview,0,processed,,1780967975929
0xa77e5635a7756d531ae34ff767c14f70b51691dfa7fe7a58f44a9e4044bc4923,,,0x19d30e4b7b7e0ec4faccf459c240f87624abb2ff7c6d27f2f05db81612e55156,0,11377410,client_a_preview,0,processed,,1780968030984
0xe0dd55d8ec3370529b4242888e1ff020f1fef054609515b7c00ea6894f7918fa,,,0x2350f2dffa3c042fe60dd479eba89fec100acf639da1f57cccf17d6ce0c0c6d0,0,11377416,client_a_preview,0,processed,,1780968033546
0xa808611f4c02fa19784c3962d3bbfaf2bb688d20cfa2f2e85dc51508fd28c121,,,0xbd5d069d451eab914c614eaa137580e9126831fc81f2a39102ad8a7bc2f76f18,0,11377699,client_a_preview,0,processed,,1780968149520
0x55b3fdf6cdee63fa3e7b9b3ac7a480c3aa59ede2bad5ca8c0542176411791968,,,0xbd78e881d658deeeba75c8e4d3cf698b0627a300e13917a3605d9354e8353ae3,0,11377704,client_a_preview,0,processed,,1780968152269
0x7012dbe252c6d1f8d6ca4467671b5075d1380d2b8d76277dc56b47f6d3a7c8b9,,,0xefb9a076236b8ff284b1ae2fd543507d953dabaaf8fa2dff12fc9bd3bc37ca59,0,11377875,client_a_preview,0,processed,,1780968219789
0x60a4c056f194f8dc4a1d32b8ae67b9d734b96d0365187134c9056e32e386d370,,,0xa4cb13d83a40e977c14d1d74b2083faabe8b3780fe6a9949947d4f9b27f6c496,0,11377891,client_a_preview,0,processed,,1780968225858
0x568dcbc548af8557284c1f58d156553c2ee24e2051dd6e762424e421ee38b416,,,0x43d5bf285df5e4001477e8f7af98809695b3f9816cbb25955e737a4c995056fa,0,11377980,client_a_preview,0,processed,,1780968263522
0x6abb26d13c01f4ad5c45074917c0454b8509e8df512cbf2966fb4268f120a77a,,,0x7d5e4103d4240ca9d6931cb357a1a928e84d444f0651ac2e3b999fef19214ff0,0,11377999,client_a_preview,0,processed,,1780968271898
0x80a8df75c407cb0b4095a5f948c0c7528084d48795ece7d378fb8132e3c3b43e,,,0xcbcc427eeaf089c054dfe7af7e2a3305469e9776aada480d5eb4b29c7b4af843,0,11378114,client_a_preview,0,processed,,1780968319523
0xdbaa6e7c5d7539cb8be020d494bc0eb3430cd4f0ff4a6f8433739a61ade35395,,,0x4f3402d124310f2271e2acf800e8d630babbf7ad69d595f0da6aff812556abef,0,11378129,client_a_preview,0,processed,,1780968325150
0x37eb3f9a8d8207c9de4f79d70d139fc17b5763c8016333fcd9c06ecafd2dc2a0,,,0x483a92365b869c66511fe1bd920abdb5e4d7152fc2e4e33b54a3a907b9a1a2a0,0,11378133,client_a_preview,0,processed,,1780968326922
0x6269b759ae9d1b5ee5f8e33b5a2ed9b0d6e0b7140a6c0107ccaa60059a7972d0,,,0x8efd338d044b4a2939225a0c8753dd6b43d4258a7144812f7f5e4e2c5febc641,0,11378148,client_a_preview,0,processed,,1780968332239
0xae6ffb0ba737efa8690ef9793b196bc5f90110ae800477cd361b878ece4d3b68,,,0xdb366edb07127af76b9e6b323f0ba1057fd667db1493e474a8f1de25453a0101,0,11378149,client_a_preview,0,processed,,1780968332937
0xd464547f7c7b169959897c4c2e9544466db096323de6a242e1015a4590ef8bd3,,,0xb6cf70e51ed53eaee0ee1a3f40d92c961cae0b15e161546cf3c9b59bc7fbf3cb,0,11378265,client_a_preview,0,processed,,1780968379720
0x2692742d7b4fac0bfae06a093560f5581416bde7e6cf8bce2b643b0823f66867,,,0xa9496c83f1b312c321ab3f84c9bd9bf8fb8fe462ad1fc189175d873c9ccbb798,0,11378294,client_a_preview,0,processed,,1780968389746
0x2ce894274753205a96388fa114e9107e4641d4940d8f1ae998f68b1a001cbac0,,,0x6c5bf6d5cc41f71c9217ef7a4157e57c341de17c55b1043245bf26a6638a5d8a,0,11378347,client_a_preview,0,processed,,1780968413392
0xe7fbaa369df52a3d0c62ac85d92ef463290d05af7583a7183dcb572efe64d1bb,,,0x2078c7e8b48f21bda3307a020086a613215bd17c87c7690f25be49aaaa74ceb8,0,11378373,client_a_preview,0,processed,,1780968422840
0xa2a2bad3bf63dcde4bc12cbef7065c9d5e2e23bc3230610cb973317440fc205f,,,0x96568155d8bea20d464943d793cabcc6c4d816b2b2eadce73e5987cc4841dfdd,0,11378519,client_a_preview,0,processed,,1780968478042
0xcef7191757589fd73176a67f4d6f83b56cd918a8eec8d53d0671ea69fd80fe4d,,,0xfce8362a471e6d8b6861fb0f065d4eb7ac522ad30580b02b54db78d4aef20df1,0,11378991,client_a_preview,0,processed,,1780968680334
0x23e907a83966d14d75be83cf9b4906686aae64484987b5060497c1bb7d97fe10,,,0xd0f6287b014d8eaf3cd7f1a720c0214ef712d27f2f528775f2d928899172385e,0,11379000,client_a_preview,0,processed,,1780968684951
0x6c5a225267fddda9b5f11aaf830e1b9a7d49e9ba82d878f9de2d3edecc58dda7,,,0xe4fa4f3bc5a8a346f7dcbce47ab62b916e70f8e6a5085fe94ecc743e5746238d,0,11379443,client_a_preview,0,processed,,1780968865564
0x0bc96c7dbf9e4211f15561cc2a6f3e6fadb45d3176abed93afa2674b16a79f94,,,0x3fc3d576cd15990fe35d50e50827eed5aca4d14940696b51ef6f436351b3a05d,0,11379870,client_a_preview,0,processed,,1780969035103
0xddb53a4b5fbae69176b7fb9ac906653400c44d905428dbc234d9f0ef6d1a311b,,,0xeb69ad73f823a874793f91143431ecdf8e5905875e06fee822354fb7d084b186,3,11379996,client_a_preview,0,processed,,1780969091551
0x3f9ef6222d9fe54c1f6929002316ee991988c67ac976fc8579e8d7cd812e4ce7,,,0x64e3497d032c83367f2cb9cda4130a3647d101a72dd3cd0c2b483af97411c336,0,11380047,client_a_preview,0,processed,,1780969112562
0xc679b2429b0272b966917734d1902766425e77cfbf7fea01e52dc21f3848823c,,,0xd2c1557d6533e930f0ca12f564845c494ede2c368a01cfca2288bb7e03729a1d,0,11380077,client_a_preview,0,processed,,1780969122242
0x7e839a6971cd5870e2d11611aa82af298011ca34fa39ea1c1a9666ac09a171a5,,,0xcedbbb375968b755c5aac819d8db3389f74880107d80c634243f5dd2fb17dcf8,0,11380101,client_a_preview,0,processed,,1780969133762
0x5e9850d03b40d20546b0af4f8a273af50af59b74b77dd1b01540491440685ef3,,,0xbe612ffe1c320b4b7006357483d5a99051a92f83c8310222792615b2c3ec7e42,0,11380123,client_a_preview,0,processed,,1780969143985
0xce8b14077a18dcebb7be3e1e9aa9f1697c55dba243672a378f1ff11dc8cd5af0,,,0x0e7d6b848df0d6920ef8eaa91af1b22ec29c94d19224cec17bab13ed31dbbb7f,0,11380127,client_a_preview,0,processed,,1780969145849
0xef9b75aebf0f7f1e1db13a01f0d5f13010c6300ab005acf0eefa07cae489d9a4,,,0xbab9de9c436521481f16bd76c8f6b95d7daaad82d5d807696e5706d646af83fd,0,11380231,client_a_preview,0,processed,,1780969185242
0x6b13b49136a78ab821355504bfaa772d5337364231e5e09b69e8385f208c9752,,,0xb1661fb5dd94453b30cebed5ef4ad830305b3cd8718b69d348041f7218bd0add,0,11380251,client_a_preview,0,processed,,1780969195139
0x485e3de9c0aa92143c84ccfbbea92c723d7c9e21ff3fb5d8d0ff64ba81d92ad5,,,0xf427e4027a57b40ec1d56217006f80d4a6b8124b61fa84f1797d5b35112a354f,0,11380337,client_a_preview,0,processed,,1780969232383
0x0fb12d6024c92e5673a5fdcb427cc5e648f51e48e0decce020f669bf4f8ef2ce,,,0x588d680c85c21955e117f1475e435761c5daa8a0c52ce261da0f9b3d912fe400,0,11380365,client_a_preview,0,processed,,1780969242907
0xb647773831191b449d05dab7037a2247006f904e7e5a0b890609c9701c550ea0,,,0x8c66d3ccc71109948989f874b81a4d6d05a13c9f1073ded5ab26794dc82a6c2d,0,11380390,client_a_preview,0,processed,,1780969253700
0xcd80e8edb29eb29a6ec3f1c23bf6a00558c79b4af63c418aef60c67d69d42220,,,0x0a20d4050c93d23059b19065b104875bc254953fc713070726284040f9e606ab,0,11380413,client_a_preview,0,processed,,1780969263472
0x82252956621a0f97a01e92e78aaeed16d2a90d8d101d0d220e50573464bc5725,,,0xe25ca03e55d1995b5a6e13e62231eafa910a9e4b3764b1d78f31390459f7b61c,0,11380682,client_a_preview,0,processed,,1780969384563
0x61bf8057f073fec4f98884cb2343ae9283916a11dab0cd0a1454b380a66be44d,,,0x2c76ec4c9bc7c20a1845dd32cc5584e0e0c033a3e0258721d0bef75a29ad6a4a,0,11380723,client_a_preview,0,processed,,1780969402835
0xe0cf73552721db2a7dd029816953a7be614333b8615c0f6a7d8d8f1090298816,,,0x5e94978b9ff1a7480c7e3097cb13e9c4d8915aae46ab962f0e49e90ec69ec75c,0,11380801,client_a_preview,0,processed,,1780969430443
0x834e98416f86208dee980598b1a563cd143f0ab2a4adb436f9c79c33aefc38c2,,,0x4d33c02a7f7a2e2fa5bcfca2d11479b59e0fe6294181b70a4520b73d5059bc57,0,11380836,client_a_preview,0,processed,,1780969445533
0x833b4808128189f73fe94a7a7577b1ed0424fb05429ceb01ba4dd50e35316d10,,,0x54121a249486e5559dd971de662eaba671c82873f8218ef09bdd54223bd16212,0,11380990,client_a_preview,0,processed,,1780969507471
0x1a9761f703d2608f8ab367b4e5c4703c9469ba0c07236dbe851c04ce16c1df8a,,,0x66f19dabd0cd510ab32e8f2f4f517ef136ec939eb7821df73e2b109ddc77e9aa,0,11381029,client_a_preview,0,processed,,1780969523746
0x7d0d39b22e5e2a237d6703b984a29d53d5ce3349ea3ea9ca3a83774c4312d8a2,,,0x8192bb5fbc05dab4c421a9c2df012b24934ce3fcb7130e7a858f0765d70df1a4,0,11381103,client_a_preview,0,processed,,1780969553444
0xb7d446533508a85262c82606a48aff0a5851aa8998e9077f25e5498adfe0a638,,,0xd43bfde7871bc4c323b28c071632d8af254e08b2936759ca003eeea24c3776d9,0,11381142,client_a_preview,0,processed,,1780969571650
0x6f8dfbbb091cc1f03556f203ddc087851e88635a58ad5f9e9d7fa3885b7823f1,,,0xd0385e7faf093c49e97c8417a22f07cafcb45ebc4af83df285299cd8e03f95a8,0,11381301,client_a_preview,0,processed,,1780969632780
0xfc1d6ca21ea7395b35377b9614d90f67bf64c57f0da5de15b6f6f70f2b479a34,,,0xa43930340058db7f4a3246d88ffa83363be1a450c6157a2eeb2ba4b19fe6d5f5,0,11381464,client_a_preview,0,processed,,1780969698600
0x7157e58c17c924327419b36684f30572b7342ac57ba31971f4690e077f9e6da5,,,0xfa8b82a7c678f51ae78ade9f3316ac1dfd4cc3be846af4e7ee15c15986b19e20,0,11381487,client_a_preview,0,processed,,1780969708181
0x9de9e2b8ccb5f19515a12688a0c26e54d1af0b0ac292124e02de426b2cfe9957,,,0x2892453d8c9320a6151cc9c95123dc26d7ea21828db5d0dbb200ee37fa46e462,0,11381537,client_a_preview,0,processed,,1780969727878
0x1096a54c11a0de0b4ced12e25c97e5dd158d4bd4b5e1f0e7df5176a937dfcad0,,,0x2ed583980df34b7bf190b21bcc34a437b653345729dfcaeaa10d837220720cc7,0,11381560,client_a_preview,0,processed,,1780969737842
0xca0968f04443344417c380816def09750e74622d0bd3d5cb7a00c2e506bd2fd9,,,0xa9949a4bb31864e5015e1438c896ddd27e2b0fb2e705bd512b619bc169dcbbdb,0,11381687,client_a_preview,0,processed,,1780969787971
0x28e1d864ad21e4091a3c61ada6412630bc2f14bb1f11dbdf5bd6c295d137b699,,,0x150bc170f318e03529995545687bb24c37f63f92b6294e3aa06525d883dbe683,0,11381792,client_a_preview,0,processed,,1780969830354
0x481e6c6003045e6648873d4297892ed392ebae15ee30a26b426a1d8005e30d87,,,0x8facda2a8c15dcdaab09757eccd3ca66e822bc7f912d0582d0d978a3b69d7e82,0,11381800,client_a_preview,0,processed,,1780969833703
0x92183d9fca0791337d9aeeb7a47c75e4bce4929069f8162e330f8f84fe734335,,,0xa0aa68b86ee74cdf89eea70023b99dd35a431733f11f5090760b16b3f45c3b05,0,11381808,client_a_preview,0,processed,,1780969836726
0xd5ab255a4bb15c373e7390d2f55d0889baac47606d2f38ab5ded6bf98c691921,,,0x45493e7477fa37f086e9f26aef051f23603971c0aac4fae0febf1eda43ca7236,0,11381818,client_a_preview,0,processed,,1780969840127
0xbed454377722776db8c54665968a8bdc7690422329db62a3158ebc3c5bd2d5e5,,,0x73d3405f5d9128365722fe53253769dd44cee0b1151f6fc4e81edd2f7d6e5079,0,11381914,client_a_preview,0,processed,,1780969881660
0x5660dd0ae89f90251270aeb18dbe0f6a3cebd3ef6a02938dc41bba18d62ea3b6,,,0xbd07437cf62bffc853ea2ec1840a41ee4d40b8060fe14fbf5bc2986e67e36ff1,0,11381929,client_a_preview,0,processed,,1780969887068
0x18fefffb4024656e9954288a862da838fc0e08120c81271dbc42cb4ed4467af1,,,0xda1c0b3a3a344682e2721bdf73dcb7cc6842633e2e29531037d886f84ffc6046,0,11381945,client_a_preview,0,processed,,1780969893285
0x5c00d16e918064335406101d0e518e9d021859cd696b3fc5a4bbb58ff15879bf,,,0x9521cb5461e958752c3ee9c306e122ff7d7d9d9164106b9884423ac7db5a8c11,0,11381965,client_a_preview,0,processed,,1780969900965
0x47ce92adf56f4cf11e8f18c3cfc2cc02ab530393b01a8a26861f5abeae7a6429,,,0x7514d7f6be6dec83d7d3bb11af16c857ad035889595e856c729ebca65a143ce3,0,11382073,client_a_preview,0,processed,,1780969947173
0xbef83efbcdc90ce3a4edd43e1370c77243d86503f88a52c200eb7e96b2db219e,,,0xd5fd75d6b057857660926c8b33a2707cc0fd4d23cd8dd2d38ae76188db2e283f,0,11382076,client_a_preview,0,processed,,1780969948402
0xa7ccb3f8db0fa9b371ba160ef959a6834a1faf929dc6b3c1f59685aafc868784,,,0xb2a70d31b9e5335d7409e1b0993541ac8e59bfd5d33afc1e5a2ed4d642211b46,0,11382079,client_a_preview,0,processed,,1780969949574
0x92dc5f7227876b8e2482a15a764a669876b7b76e52d23f1c0dc60555a3fafa8c,,,0xd6a769a2c5b5ff54a5e793755565fc04969535d321ecf836530788ff4cd743a6,0,11382083,client_a_preview,0,processed,,1780969951396
0xacdeec6a2d534b00bb473ff7c0d4135500b1b87aa15d6bd88b4eacd1e89c0b4b,,,0xd5aa3462c64fe00e0b86989a2dcebd7ecd8c89b49bf117b60813026c880228a3,0,11382086,client_a_preview,0,processed,,1780969952693
0x30dde0b85f4385ed94576324ec422dba10b1d294c07c7e41ef763010853a60b7,,,0xcd5f0fb508ebf162253ef4fab42950d167ca18a9fab3a08219675b724a458069,0,11382090,client_a_preview,0,processed,,1780969954416
0x3f1c15d84c6e7199a4ce70877e9294c8e2b7e4c0fde19387933230c471fad0a7,,,0x74920ebb75de05bc569d181719a465a9cd8f27e9992c57168b24129e00f3b399,0,11382295,client_a_preview,0,processed,,1780970038988
0x9b299300c20cb5134844e0b9c7eb3fe2efcc1595b0e5c64bb1400146883b44c9,,,0x23da1cc5a26e963b59bbc481ccf40e7e78002d79253fcd0cbaf8b23739c3f3b6,0,11382308,client_a_preview,0,processed,,1780970044518
0x5260a01062d025534a16e027ec48898c59dbf67b97b45c87f85f6cf5272c52c2,,,0xf63d63b027033c52968e4b4f838a6cf1a71abb898cf95adbeb376ee040c2cee3,0,11382399,client_a_preview,0,processed,,1780970080570
0x15a01f3172900d871ac6157a22b2d28c81a537321565020579a77b953fb3c9c7,,,0x4ba5b4493fde70ff30f966c72a1fa98a302cf8ce22b2965b36e4fd72959fd438,0,11382761,client_a_preview,0,processed,,1780970230083
0x45d2fdca2e4321c2761ae023eca8e9edc97906f2b854ef3e3ebbb227e7e597e1,,,0x573454c21dfd062f3f8f86e9f7051f7986731e363b143376f450df23e67dd23b,0,11382799,client_a_preview,0,processed,,1780970247058
0xf38ec81a43e486f216f03b2a56abd9ef5ffb857f5f2dbbff6ee56cb51f2652a8,,,0x0e22a831dee6e0f616b34f0e2c476f8a72a415a66f3273f303078987cd543a8e,0,11382940,client_a_preview,0,processed,,1780970306962
0x7ca4b827be52c3a095cb6f5b06711b73524907713c3569ee9e9f8f2f1caf5307,,,0xbcf2905d10d708aa8e3e73d181ed9937fa90943aa157deef77ff7a6fc98b8079,0,11382956,client_a_preview,0,processed,,1780970314020
0x0bf3568717fc3cedcc48c9f593ac45e6cc2ee2a1284844a8d1dda99cc61d9eae,,,0x52b432f1021be3ca63c3f3600cf8455e334b329beca8d0e4fdb2a629cfee912f,0,11383222,client_a_preview,0,processed,,1780970426665
0xa8e6d9cb8cf9736f1612b21b9fa86e63fbe287d7d642c9f36161eeaf3e571d9c,,,0xe9d4e9248e509283482164aecf6f1555b579499ef73e564a63a48553e013fe0e,0,11383625,client_a_preview,0,processed,,1780970594486
0xd736d23dd5f5731906acbdf63750c44adaf66c07f66da17993e797d5ab8eda39,,,0xcc2cecf64b123b6f167c75e2b7cfb496cafc340f18deeb70d6a191fddc6c48bf,0,11383646,client_a_preview,0,processed,,1780970602988
0x88bec2e5bff97508b9a211a3717f50497f508b76b717e79f7388053ccfb15093,,,0xfd331e9260fced40b4b46d740cbd433b6c04b72c8a741f548f8b431c13b3e8c4,0,11383756,client_a_preview,0,processed,,1780970645626
0x8f9daf16a8ce2e5b8618e00cb0b06b90f4a86f5b34f32b78a3b575848de9f2ae,,,0x728840827c5d62e990eb536d52e15e67dbc1789c0b560a0a07b3282b41fca855,0,11383770,client_a_preview,0,processed,,1780970652380
0xadd7ce449cd1ccc93856a6cda2a679b3e300f3d3ddb88209cb50bb62e748a261,,,0x049bcfbfee7fb5e95a40e6ee8d633efeca2afa3c764194a5681a3154a72ca302,0,11383776,client_a_preview,0,processed,,1780970653942
0xf738518faa804547a03a3ec48186b232677ef742418c9beecdc0951e896823e5,,,0x3603dbb70e7b27583512f69ec3c4978141a0c5fd17de229040cd57e16cfb3fe4,0,11383779,client_a_preview,0,processed,,1780970655691
0x69dd4ab30415e4f29bcb6eed8f7286897eb89d02f71861bf9d6266e2f9c0788a,,,0x33a5bfbe8bce3513c20f34eb324d0001402f7ad54f015aff4f89c072b369c63e,0,11383980,client_a_preview,0,processed,,1780970731984
0xbfdda4d197a33811a8a140d9caf950959bdf8ea1e87e000959a818b077f0bf6e,,,0x32f6c7ce816d86e522c54d62b713800ddc5fa6d6af60c736d3a654f6aa96c440,0,11384011,client_a_preview,0,processed,,1780970743141
0x009a816c5fd1ba69a5b2065afbb62b56ca4c870fbfb7ecd0932bc5bfc53e7f44,,,0x85f8dc8411c7a5b03131093e81f67c1f15bc997475898aafb3bc09e0fa6e3951,0,11384076,client_a_preview,0,processed,,1780970771166
0xa5c01c7c76300e8139bf89744dd6ae32d32eec86e5bd9944a1003e3bf9e51cb3,,,0xe0721b063acd1f85e62591e0b62ffbb3ab02e04535533feb86dcda099cb1d5f4,0,11384096,client_a_preview,0,processed,,1780970778296
0x08b78d176cd10902c91a92d12536303cbcbb1d75c8799f5a96438478a8f31e4a,,,0x4d5fc8036516a225d7582b53535fc2225f3dc4100ae4b717ff51585eef48633d,0,11384154,client_a_preview,0,processed,,1780970800937
0xa871caef4a38aa5b5077c445d818f9e89e61d7bdb6aff87a27dd1c51dcfe6e33,,,0x8b6b7c0d522089fa229034a730c7d40c86d14927a8cd4b91fa7a67aabec25023,0,11384172,client_a_preview,0,processed,,1780970808384
0xbc3a209bc326ade019ee0094368dc7070458ceb9565f0b12b71aae6d79b5af59,,,0x3f43f3456d38b106f2f300dee7c68c6deaf3bd23e9cbe69395902daf7e523c20,0,11384726,client_a_preview,0,processed,,1780971027694
0xd8aa41a306dad5b73fa569c5481fa2014478b1a7949e2940016ed843b4325e08,,,0x13e60a23347735252c0bd5eaa312b6943de0372b1d9d2fcc89decc58fe6eaacb,0,11385174,client_a_preview,0,processed,,1780971209417
0x5121fd6ef91e29027c34af09275e504b7343a78341b994f71845e66abbd42437,,,0xaaccd01b5f69853c42b461c5e4691893c5731b5df4f2da6af4e8eb32964a92f8,0,11385185,client_a_preview,0,processed,,1780971213259
0xf5ca5bdc272dba211677d46c49a7a520c88f1c9051cef4ed08f8415686729079,,,0x01ef8354b69b097ce8ba33eac59e1f262349f03e3f237af03c5a480ceff16f2e,0,11385684,client_a_preview,0,processed,,1780971416095
0x1cd6e972b2104aac9f279eb135229fd6cdcb9c3de40a5d337294ef21de65c5f4,,,0x55a821aaf0ecf3b0af8f6131275bd697a34667e745b4761f9855a7142583b0c8,0,11385704,client_a_preview,0,processed,,1780971425061
0xdbad330abb7b37928d92eabc599ccae33163ef373079c87b69574d4d03bf2409,,,0x31890688b4d24f35f8bf0858d0afe1245e78a027f9b93e32fdcb61370a8986a6,0,11385867,client_a_preview,0,processed,,1780971491933
0xdb5b286aa6b9c284f39239ecbc9e9e921c233938e11196f1b8cc9f6feadb8afd,,,0x104f7b7446116d38958a6ac3625be2fc2baab5edfefe48aed2f21762f1a79857,0,11385874,client_a_preview,0,processed,,1780971494419
0x17f1f31d6cc24fd2ab514f2c8fad1c0b6f044e50496e9efdc8581ec08266026d,,,0x0323fe76848a9df4b39fd297b2c7f593ec8a8e7d08b5d6699f0af9e39d2c826d,0,11386891,client_a_preview,0,processed,,1780971891378
0x1e38063cbfe69cc047dd35d2d897d9e1407013913b0c2e727afddb3d2fa25fa7,,,0x6232d8d254f4164c141f0dbfa08fa891305d2670821b4282bb51d34048f09245,0,11386893,client_a_preview,0,processed,,1780971892233
0x00b2e413d3703f23646f3452c73841712bace92eddd30bb3b243202b1116c426,,,0x45ef186dd9f438e0a8b7960302757ddb7e58b890a55bef6ef9e5548efa385009,0,11387296,client_a_preview,0,processed,,1780972043497
0xf6328074af8732d8ff93270976de0365702512a5d57fac15133487125287fd07,,,0x53a94867456a03142258e5aa094177723f7ca2800c07bdfa66ffdc9faf299028,0,11387303,client_a_preview,0,processed,,1780972046938
0x026a6f169f526e139cd6ca2ffad8e92782652c6e162453e3e84c4f630585aafa,,,0x86e0f9d4f91900a20af864575c045ba6618e2a21414eb16cfe5832258138db0d,0,11387420,client_a_preview,0,processed,,1780972089654
0xe13c4c21aa32bf4cbc38481d4b6e95ec6db0e8ce532435c9386d02cd7e30eade,,,0xa2585d942a47bf6f6087d6f0ea6491c006edea7525fcd17a0458262e6788d8e6,0,11387423,client_a_preview,0,processed,,1780972090747
0xa016dd638e606efc03453b65b3337aa6b3fb9f9db5edd027b29c0d0761d10a79,,,0xf624d1009e718e35d44864b931162a026e5be0908a626b046c42c1c2f0e3f2ad,0,11387426,client_a_preview,0,processed,,1780972092378
0x461987c40e483140a53d1e8062f3249b8c8f44695dd1594022b392227c65de2e,,,0x0b9f27d4bddbc31ab6a2dfd4827f9aa727d32bec56307bdcac1df247d80b1615,0,11387430,client_a_preview,0,processed,,1780972093431
0xd5ec92d1f103e03b6bbb0fcdca778d4162002d95761dfcdd67f346ac024e7266,,,0xda937d06d793833b22d8f9df58175e1c0c4f56f492aa5f8978c653340034e918,0,11387434,client_a_preview,0,processed,,1780972095156
0xf31b0c3961dd8a09e1f7622e075b50b81631bddb78c4971e6208f70bfde6dd11,,,0x7e56bac01c161f07d05589ffb96f9dc29f3e17154a6ab5619d43a8227006d34c,0,11387437,client_a_preview,0,processed,,1780972096894
0xdbb483eb23afe4ec32c8c42f1a73537fc98a45a46e1dfa89b111c86a07af4171,,,0x07dee576a55c36a69e015593b40f5957f27a4456c999b56ca7a2b25d00c943d2,0,11387646,client_a_preview,0,processed,,1780972179349
0x6c1d4abd6225076b13f882010f4ad86d3d909198041b445f5f96c5c40508abc4,,,0x6fbc6aa85d6c96031f135e1a3aaff3db33de311d5c54aa708bf610e762ae0333,0,11387652,client_a_preview,0,processed,,1780972181931
0x20363c4936c84aa0507ede66ddbee13d6f657fd99e7778c1fb9fdf2d3015c84a,,,0x1948c43d7170fd58bf14c2a78a3b925849edb4c9a7338ea74808bcd7382c4287,0,11387689,client_a_preview,0,processed,,1780972197095
0x8665c94011f0ba9ac70c31fc1bd172dc7391a760fd1e9e691ee2a08fb9a30a96,,,0xf9f176b5cac21779d6841433e915b0432727178d0c8deb27898e9976ef18abb4,0,11387691,client_a_preview,0,processed,,1780972196359
0x3d35d57f2ff13e680b338e82711abc1bc642790798646eb13cc8399ebedd8874,,,0xaf6bfbe587cac8c200090943c2e6e52c280549654d45d935b39ca56b9de70b68,0,11387692,client_a_preview,0,processed,,1780972196845
0x040a19beeb5f357e59cba8ae22939369c86f9672b4b1325209efd0827a6cedb4,,,0x00840d6bc3303ca4c8f66f48cef470f5e625d67d6f5a760ff68ead6a41f19d6d,0,11387693,client_a_preview,0,processed,,1780972197519
0x57e88e799e136364fe596aed25fd5a9cec619565753a66ad6e29b5d6b1f9a737,,,0x45d95aacf5cca426cf12d633064f04a652d4e1a1ae2beae4fd04ee0945e297de,0,11387694,client_a_preview,0,processed,,1780972198110
0x3439c6b3d5aa8aa204ec93cf68fb2f0972c4dd96157c92422b0552535437a236,,,0xef9a159518ca1ac5305064dae0681d48651798f97bb79d7314c01aa3ef772c99,0,11387697,client_a_preview,0,processed,,1780972200628
0x1e80aef6fbf1687e27e7490f6fca044037280d4ea410b2697d8feea65b3190be,,,0xa45768e8292bc682b6304cd859ce7df868968960f96e19ea68961f4a956bb5f4,0,11387732,client_a_preview,0,processed,,1780972214286
0xa96c3e49a7638157d5a3369c51192089a1bf13ad6a93f9557e6b778f2e76b504,,,0xc6d2d468f2bf46f585646a4420842ed91cab4fbda8388ba06cded6cc90390514,0,11387734,client_a_preview,0,processed,,1780972215266
0x41a49f52962cd0179a8a8829489ba3c57a7fbc6f1eba3b15e41526f56492934f,,,0xed628e6c3b9942da183cb98de51f273f9f0d4c8ec6070765de786366809666d5,4,11387811,client_a_preview,0,processed,,1780972245072
0x05078875fe2f49fd84258ce197d2f19fb3a31e136c5645b079f5668f67ceecad,,,0x1fff2686f84a3182f6a36789a85f08439be10dcf50fc148b7dddbc5d8e242fe9,0,11387814,client_a_preview,0,processed,,1780972245898
0xcff988ba65607587a42aa764adaaed48f47d24cd9fe16ba58f8fa8fea0561015,,,0x91ccc858e9b43847b7d2bbb33a8c583d53ecee9071527d55f793a3ba1a7e35a0,0,11387971,client_a_preview,0,processed,,1780972306725
0x2604b7fee4900e529c676b408bbfc46fb16621c080c85978dc1984ad6ea70fb9,,,0xe922ec3b9a45dad8ab973d08cd4127fcebd727281efb911cc3a0b7196ea9b2ae,0,11387974,client_a_preview,0,processed,,1780972308036
0x969501431703f290ca9319819c57b3d2ec521a0ea2ff28e9f6bccfeef4e634df,,,0x5847baf59967956b4ed3bfc48a103207a1525292a6409023e1358e085eef65f0,0,11387975,client_a_preview,0,processed,,1780972308579
0x9bec1e9df44c6982f1e09227979d132e2b57a56d424cfef21dbac70aff131fa2,,,0xb276643e3d6b6e875bffc60f2d90bee1637741957f21f5e0de63b212f5b39960,0,11387977,client_a_preview,0,processed,,1780972309071
0x2bf79979161a25d12a7789ae57d7e02c8fbc69d888224961df56132530238995,,,0xa5667d594a01001f6c1d2930f1bcb24808988bb4240c98b345b3185f6bfc2415,0,11387978,client_a_preview,0,processed,,1780972309567
0xb44e479d1522cad9f3e2b1d5a85e569746bb54780a8a223a21b2aa3d03bcecc4,,,0xb25951aedf98c63a93e16f410e27e9247bfd1f54dc47955e23c41dd0f28ffd57,0,11387981,client_a_preview,0,processed,,1780972309043
0xbdbc40dab1dfdc4d0cf415e1885416b02ede5a9bfa61f5c66eec9ff070c6cd57,,,0xac0af5b7b478ae1edc061fe69ac05977de731c66b9a00b47227b9ef2e8d228ef,0,11388011,client_a_preview,0,processed,,1780972321552
0x752ea023d5c3d1f238b687675326c57ab8cc3bc51fb0f3983dccbf1178c0bd47,,,0xb6e6def193dfc70f00a3611036079c9b58fae3af9c9bb0cb2f58e1fc9256e500,0,11388015,client_a_preview,0,processed,,1780972322852
0xb10d78538612c05fe5829697e790b9770158a1d9e108f918806362815215ed04,,,0xc5f260a25834aa0faf30f742a1df2e51a87864b7a5bb0038f9d4315175a78f6c,0,11388085,client_a_preview,0,processed,,1780972351713
0x1887591e4d173e1e200a2cf02c94b91f8b080b7d7b70116c0be6a808b7ee27a1,,,0x0b0939b42314e6eee844f5a7480abf7fbf82825a264d42c1a52f02be24db7068,0,11388093,client_a_preview,0,processed,,1780972355500
0xeaf6d7d415124063bd39fc17528cebaec9b3266d8039e6f6d52d596402588c7a,,,0x2e1f32068607a128ff1d1c62414fc7a297629cf5192712743e0313c01ef2a48b,0,11388119,client_a_preview,0,processed,,1780972366029
0x804e165c9c92a34a148861cf71758a955227411e7f7abd610841a7797668d01e,,,0x1869e0434a07c71f21080a0ccff5f1d2059c223c64d3b879bd6786f6389a69f9,0,11388129,client_a_preview,0,processed,,1780972367969
0x8dc6b9705c4264cc2c816fa4695eb31317cfa08cc4149800535cdeae49611c5d,,,0xf9b9ceb84bdc3e99b84fef69421ccdfdd5be9dbc7b47aab3047ac6d815363b65,0,11388231,client_a_preview,0,processed,,1780972407258
0xd982193acfd810865d5b15a5052288ad92cdc50916a3c9688749abdb99a07d1e,,,0xb5a7ba1cb55c684c83a85859967115f7cc847604114c2ff30fe45260a68ab74e,0,11388234,client_a_preview,0,processed,,1780972408467
0xc2ce439014191ac1b5292bcd7d2ade0dbb03ec73912ef923b14ad3dbbad31778,,,0x33cbb9e42c1ad1da581c2edd3b82e7b73b75b239c88e09ee895bc3d1990f1158,0,11388237,client_a_preview,0,processed,,1780972409568
0xb1d696c2e9a092b894cdc115153fa026b454ae9b814b7018f23a520758b5c554,,,0xbeb0bdc31a653b4760a00f04d024a51733ae6ddcac5690ebf4a1eacfa2908c7e,0,11388239,client_a_preview,0,processed,,1780972410171
0xab9d7c05f1acf306e25c3b57b40172bafe7aefc73433b45cc5bd73e1959483d9,,,0x1f7678cbda2aaba34045384b81e2aae182d753a538bcfbe48b553240fbe9ef8f,0,11388242,client_a_preview,0,processed,,1780972411335
0x9d8cceb3215d40e3d09b538433687fc36e2e4e15689d6aff9d47b959c601f3d8,,,0x1efc4ae84c1c1a44974f07cbe861c59c66b36fde80b9f1c9e763d3cd411ef4d3,0,11388245,client_a_preview,0,processed,,1780972412522
0xc85470cebcd36432f138047c61c0d01b70c3d5a002140e654080624be7eb2b2e,,,0x919494dfe2b6fc3db75dab4f68774a3f007f7349fa0ada00daa1959968205fed,0,11388266,client_a_preview,0,processed,,1780972422027
0xf32898b9c5df80aa8105dc011e37f2942059042747affb401952bc3b48d14c18,,,0x11b6140f08d49e9d5bd03ef953c36d2e3a60bf13b899da85480ab457f1047822,0,11388279,client_a_preview,0,processed,,1780972424190
0x24d90692bc31476e6ee63363655c44632c7422f8109b0e062448ff9000724402,,,0x93973aefbcfb1c83cfbc088a0480a8005a5ecd95afa18ca27506a6ac8e57d8e8,0,11388389,client_a_preview,0,processed,,1780972467424
0x3f2be54d06b436f156298740d0e2e1c12f66b0469ab49791894f78368bf200c5,,,0x4b685e1176dfeb627ca71966873a21470785cf612cfb26af907cf8972e5581c8,0,11388394,client_a_preview,0,processed,,1780972469829
0x2bacd7624ef0b5304a0b6aa91ad33401132d4a2a9e6dd00ec4f230de3fce0478,,,0x7b85ad50902110d70d0ab060ababf5ccc694d8b4d1c838cc2d1f391f90915127,0,11388503,client_a_preview,0,processed,,1780972509838
0xef580deb2579dcf627281e42e9e3c8ecb27841bb28f74c36cf1ef9e3e43285b1,,,0x852bb10ee3957d199e456a4b1d2179cb6721d03963a914ac017a564728cb1572,0,11388506,client_a_preview,0,processed,,1780972511314
0x765cfd903f137beac65a9547c90a72d0eb56ccadf2460cda57cfc7ec7806b6e5,,,0x80cbac2af762b8e20dedc912dd8cd24d9791353b8316e3dc22aed0f3f0ad2caa,0,11388512,client_a_preview,0,processed,,1780972512642
0x9b1ce708b24f818d76563acd225a3b9b46f59b8bbb72507d8808bcba82fbfa33,,,0x2434ae9054a72b0b4a3490910831b2d519203ab09bdefaf3a977f10a2b52801d,87,11388516,client_a_preview,0,processed,,1780972514004
0xf0d6e38582cea567ba433ff3a5f67aaa04f465cb726c98f4683fc7c24ff1dc21,,,0xad4a5d68ad4bd17f5809cf4f435a94c622372c361fb1487a2eedb16ade0df04d,0,11388536,client_a_preview,0,processed,,1780972521615
0x748ae6bc1547fb36a01068b0f1920b5ae8d92dfee5541f502f9117ea69ef45a1,,,0x8044530d6d4991f1713e151eb9c09566bbbe48a2482a6801306e82a406dd9fba,0,11388544,client_a_preview,0,processed,,1780972524798
0x1d0113037ddf328337b3c5c518242a5bbc50297512d146cb5be827888555dc06,,,0x7f43d5bb27e0a2a65e3d5f061182062e3882689e93e0165a681597db9b5e9398,0,11388655,client_a_preview,0,processed,,1780972565173
0x1371f879af31ec39a0f0392f8de54df29ffa561be0efaac8978ccaf45c6f5184,,,0x7f563fb306124b510e89004fd636b101f4ffdd6f845926707abfde3faa8ee5ac,0,11388664,client_a_preview,0,processed,,1780972569885
0xf4b1f631ccbe944115a55c7f7ffec02aeab20d2ca11f0af57423e33082df97ba,,,0xa27fd74a8305594f01ae352efd21502b8d7531fa6d3dd3f2db1da3450acc8467,0,11388775,client_a_preview,0,processed,,1780972613823
0x8afa084bd0aa1c5613987028562752b21489914d8cbb098f8cd11058365f5fdf,,,0x5acec36befab5f9ca0dd221dfbb26336a6b593ad28043ebce499d67ca400829b,0,11388779,client_a_preview,0,processed,,1780972615612
0x346522b9a0ea81240bd4fcd6bfb8c0764a0dd900fc3ef0c9a156d42b4251a445,,,0xfa4ac61ed6b050922529e7e4118093784c7f947b6d4d69886b7cb25ac5d69b6a,0,11388784,client_a_preview,0,processed,,1780972618184
0x10254d7ef35f79eb621a2b9084628e9fc3558ecc2ec5d96dc4d2e41373b9f347,,,0x618f6e620e8fa5bcaeb588e091945191e085cdf5def996fdc2b2d918eeea4c95,0,11388788,client_a_preview,0,processed,,1780972619891
0xfb8264ac8eb8d31e8f527e9b2251862baea855949d4536bdefa58f3c397345a8,,,0x60d0f64899ba5a5d3bf030556916bf9e4027752fea9ee944543253a4d76304a1,0,11388798,client_a_preview,0,processed,,1780972622676
0xc408710e51cfb02fc54fa67bf59cf3672a42932272d0291ac385f0adb2ee6cd9,,,0xd86b377efb89046170b11b2eb9ae23a5d2fbae4b7660a45cd35c36ab5b22bbb6,0,11388802,client_a_preview,0,processed,,1780972624722
0xcf41ae9e590073145708192337cb5952a803de35a4bcbf04d1f77a854ec01930,,,0x3ce8c48a375530391be91be3283cd6a5d5b93888f967de6cfc2de7acea41cec8,0,11388813,client_a_preview,0,processed,,1780972630915
0x291514cc7bd8f78251e8d1a4dda63a42174f1c45d647fb3eebff475345fe95b9,,,0x16175660bfb6fa9744b45314c2dcfbe8d605264959208155d38b18d77a905779,0,11388815,client_a_preview,0,processed,,1780972631611
0x8072669f04aa7295921184dca1040138b58f03335a5b9adf4971e5bfb1d565b9,,,0xc47024470abd7e97d423cd0a9fb50a2f9bb9deac81d79caabf3b61b1017a60b0,0,11389075,client_a_preview,0,processed,,1780972731924
0x83bae68beb22030bf56099b29af198aa0708bdaa808c27d6e9984f7b6bf13c51,,,0xd4a47a9644148201fabb71eade372ec4875fb465b9616248d07be61eab6b3b1d,0,11389089,client_a_preview,0,processed,,1780972736827
0xd822f4989cc6c625fb93eb02148c8325fc4e24a8f016c0b4136d6388925fcbfe,,,0x4e265fff56d71ce4ddfa3833e6d3377df9ad992a9dbcfa996768b63b00de9060,0,11389090,client_a_preview,0,processed,,1780972737733
0x9beb600ea0c31279fe4c22c10bab7b3ca8b36f09177119141215054af5d80f87,,,0x2173358a340906ef5a79772736e0bbcbd9ccbcbd9c5405b83ce705ac35b7f162,0,11389103,client_a_preview,0,processed,,1780972744493
0xcb16b909ecb6b3a21e5a428da44cb6149f75b705a300d576b6fe948defabd888,,,0x63d6b26ebe4f19d4f5aaeda9b62dea814286651aa16ce4c3af8095751b8135da,0,11389293,client_a_preview,0,processed,,1780972817528
0x60ec864de0940d0d5e9d4e07c476f41844c12acb14ae82ccca3b604892aee0c3,,,0xf420350fddb92132447167a2aadc6a695b0c52cc2dacca7ec0732fbd6d14ae05,0,11389350,client_a_preview,0,processed,,1780972840736
0x795ad55f37842b9bb1c49c14d3ec5a921d0145b54e0cb7afb33f2e6d252a1a74,,,0x82119cacecdf968c6ed4a5aca32821313afc917e0c91c7b58f04ea238b102947,0,11389369,client_a_preview,0,processed,,1780972846139
0xe444383248df5f8fa5914239fe9249433634f84620a86ce69a346a27fbaa6902,,,0x542315bf1160689d3ecb9e2256f25b7da3274b00234cd677d7986cebc099ded4,0,11389371,client_a_preview,0,processed,,1780972847161
0x99a7b008e63e33966e29274aaa90f4ac2374e0edd9e3731525a5134f884b5aaa,,,0xe6a3eca36a8efe8acf30c9d13cfe42946c28703f44aa7bd0adc36a8d265c5af7,0,11389388,client_a_preview,0,processed,,1780972854339
0x21836189e3ab8fa9415dd83bfd41b22e27953c83964522431f2a3fd4b3f15628,,,0xaf0f6d648a4d00bfc08e52b74a8160ddd664aef85c1307c4b8773ef54df626ab,0,11389567,client_a_preview,0,processed,,1780972928184
0x0d93295219c7230ccf7a4c1c58433e0213bdb24312ad1146d06909315a501b4d,,,0x77269926937c2a9b3349f81d3705535ecc0c156795af14e4e31ea9bb0757d52e,0,11389574,client_a_preview,0,processed,,1780972930941
0x1165b627e8e30c90b1fd622a0ea034dd07da3959839dc1c3e7ab33718651ea10,,,0xc941475478f08d1d20a939d3e2352d8328da4bcbfddbc0a8cb948343e983cada,0,11389619,client_a_preview,0,processed,,1780972946860
0x7fb5d2da2a15efc6724635428754d98bb62bc449ae7e81b66c84f538202153b7,,,0x29c303a5c74ee8c8ac9557cedf54264c4d81fe80a45a8bb299248b67826acded,0,11389627,client_a_preview,0,processed,,1780972949824
0xbf0912ca4f4adb13db02cd0923e45d402349fe644ca0bc51189d2a1573b76ec7,,,0xd69f52bcd3835012cdea0bbe899ed9700049cd71726c58375c69a003fc6c6b96,0,11389650,client_a_preview,0,processed,,1780972957293
0x2ec11647c63049b4fbb85a37bebe635942f910363f31dfc303a4d029ad850b81,,,0x36e7858de72b6a33ce8fd236e6fd1bc6b947cb3ee29ae81d0f8da7e1bcfae419,0,11389653,client_a_preview,0,processed,,1780972958564
0x093e41a00dbc5685936168685f175961e02d629b17588176ef93833e198b3fed,,,0x574f326e9bd642b99a60df9b56db6085a778a9f2f32a445124151467de64c1c4,0,11389658,client_a_preview,0,processed,,1780972960384
0xb0b97b4995ea03e9cb8c52ebf42bbb3ffbedf3c43b208236302ddba39fc1310a,,,0xfda7065deb0f99068fd1eb522096502e73ddc7bb59abfd9dfd62c19d7703267f,0,11389661,client_a_preview,0,processed,,1780972961662
0x8d6d3268897b718a0559a89802c817f27fa557a31f90bd5f1f74b96b73e00250,,,0x268deb19b58a0a33a4494f86664acdda87794cbfd54465753c153b6fb40e511e,0,11389836,client_a_preview,0,processed,,1780973026956
0xee2f9176482515d9b57861a59eef9cb6de43d509d8ebd5c988b874250c254183,,,0xadda2d966f66cb2fa46decf7dfb87e4c8615ccee23a1c087fae0214e0a68ca7d,0,11389841,client_a_preview,0,processed,,1780973029493
0x302bc522d7613c56e7b8be18a114739c5750171276c6def4b7a359aa227fcd7c,,,0x60c0760410b2836ce57350de9c9d09a7ccb5812b1f4e953a9ab052e83254fb63,0,11389891,client_a_preview,0,processed,,1780973050317
0x1b84251f4cb6d5d12c09447a3633b5d3570fd7d0a8b2f93244c02b9c5d6a8128,,,0xa80599f48131d105f1c98f38e7edc3f3158de7d9e72251106f46c0b35b98058d,79,11389900,client_a_preview,0,processed,,1780973053168
0x4bb9280a1f726798d565120cd82bec518c2df495182f0ec8426a321d01c89e42,,,0x04bec2775b7923c9a7239171adda6502bfdc01cd8f0892d315626489e0f349aa,0,11389925,client_a_preview,0,processed,,1780973063295
0xcd4ae623471f7a354d9ce626e5168ce2ecb0fad88590ddcf8cd4051fbaec9202,,,0x19bb49250706bf029b3513b15ee96c09b747a6876b45e964f1e357aae0813589,0,11389928,client_a_preview,0,processed,,1780973064434
0x8ca0452768532b9762201b92bc3d5331fec8c102b3df9e178fcb9a469f8d812d,,,0x89e8ca579009520d1dff5736e9aee51f353966a82e210c6030575f46fdb5a9bc,0,11389934,client_a_preview,0,processed,,1780973066209
0x49f7a2035ea579432e2a88c81d9dded277c285869d095dc29cc40ab775783a6c,,,0x79ed0b6089660060f6a9f9d57ddbbb3d6341145646de8a3a220666a22fb3b235,0,11389938,client_a_preview,0,processed,,1780973067436
0x1a70b571fe7385b833c922ec4f0bab68c78a7cf88f5665904ad1db4d896c3e16,,,0x09d83658f84ac1926b64998ebf501c91e94ef44e9ce2aeae47d899c202e97154,0,11390002,client_a_preview,0,processed,,1780973092909
0x0e7cf5531950e5e7fda267e8875065a8762a5095f8359eabbf94c13137f39f86,,,0x6ae0a619981f1a73aa7660804d17fd343e96442f3c2fb03c3fde18f328199695,0,11390012,client_a_preview,0,processed,,1780973097227
0x7797edd2c93531a7fae4dc82edd9e887463003c192561881374735d8b1a080dc,,,0x64d24b9eb078569a45afc2ec18b1255fff333cebb10e7f2ab35af07f966bff5c,0,11390159,client_a_preview,0,processed,,1780973154434
0x668e621d95bbb2c1b0deca9b151a4f1eeda1332012d9ebf3f45e1a179f0e1160,,,0x7e810a90887ebccaf443caac0d6404ca4f864ce5bf5e12f88c7cc5300024d793,0,11390165,client_a_preview,0,processed,,1780973154951
0x1b4589e2fcde0584112c3f8df05a1f9686aa9f7540e6d9b7ccc86c4f4276e1f1,,,0x6fa938c927946b4aa5b478ccc5f466e8800c0599ddf4b613220e359b907ff409,0,11390172,client_a_preview,0,processed,,1780973157550
0xf6d83d84e22844e87fc3ff95d8d60dac3099b61782ce465e4d9f4379347479fb,,,0x2d8b844e6205a2fb60493507b103302822ced3077b53f549e6bc6894a38dbe2e,0,11390177,client_a_preview,0,processed,,1780973161078
0x737b4870b05651428c9db837774d62fe45792a9eb13521d121e8de165b675bfc,,,0x3bd167681af2adb8521bf6433ca48f9adf06beb25eac0f9ab783ad6c836972e2,0,11390199,client_a_preview,0,processed,,1780973170097
0x738128d24eccd45e614d188c47fd2d545197d5aae71a58bb34b711d348645daa,,,0x32be449416874fd8c0149fe75067270c9e395d5369921c6b71e665b6f236200e,0,11390202,client_a_preview,0,processed,,1780973171186
0xd2e9006a4e660493597ada527bc364be70438e3c077c82ff49a228749f017a60,,,0xd1b1265baa568a4849cbfb0ad8027032e78ad4daabe14a9d79dbd85d20755875,0,11390206,client_a_preview,0,processed,,1780973172981
0x9dd6e649255757252f1905ce4b13e7ded2708eae2a92ad1a1d418528107db9c9,,,0x429b2e6b5f3e83679905124d11a5a369c4f8139696dc5058b42e60a89eeeb7e4,0,11390210,client_a_preview,0,processed,,1780973174169
0xb0c0fabd6faa0772468a06b040af0b2500a22b678c3aa529eb1857c3b1d1da90,,,0x0b138b4361b21f1ebdd76fbce28474512a0d280e8ddd856f197402f4aefd8fc9,0,11390304,client_a_preview,0,processed,,1780973209793
0x50f7b02df71b40692e2a9f0eaad9aa045d2b0889f96d5107fbd2a911146ea8ef,,,0x9e1ce7019d6972121d3b3f667c9f961c7ce891ea0c00b37ad00cfc4ebf1c1a9a,0,11390306,client_a_preview,0,processed,,1780973210494
0x604873f474e6403ea115ef6a8a330d878fd6182a003afd93796245dcd12901be,,,0x7baa9defbc05f2526ef75caa60ab4571f3f06eef9e37499651c2378bd3ad70ab,0,11390311,client_a_preview,0,processed,,1780973211634
0x626b201decefd7eb74bbee3d509a70d84b520ac2e9187cefa77afd34f6ff3bc9,,,0x8e9ad52b7c77605db513ed3ae752c5dca0e735518095a09fa28f202195eb1241,0,11390312,client_a_preview,0,processed,,1780973211415
0x6b58379ac64dee06e7caae94afdff178e17fa846da622497c230f177728500a7,,,0x950a3a22348ef404f8af4689e4b38db1c1d83f170b964091725edd9a7c603e31,0,11390381,client_a_preview,0,processed,,1780973239478
0x65eb809eaa365e46150aeae6eb3e845017258f103a5b7a0fe4891f248b0b362c,,,0x15927d68a0351c21731652114ea25821ff88e3b8e2277f85d88218c70aa93f93,0,11390387,client_a_preview,0,processed,,1780973239986
0x26906a4d3414e6609d7306302b5d2ddf453bd39f998825a8d53583b1582eaf68,,,0x1a7b0c8c6786d378cbe15bb8a4bba0b411530b40c27d75c42f681d24032db862,0,11390431,client_a_preview,0,processed,,1780973259044
0x17c4e11c500f6702b98f33b32153dc29941e2eabc8ca10ca202b1b7dd8498790,,,0xde936f3ca67144524d4e420457d5a89ea6b5eab82a163198d2aca7c4e70d3eef,0,11390442,client_a_preview,0,processed,,1780973263662
0x59cd28ecf873e2870fbd9731302d98f66f9110938234c8f39eb17a584be648e5,,,0x10bab7f30665ee94bd1b046e48bb6f902d6afa7cb50097b7a6bce5f1e8c091a7,0,11390462,client_a_preview,0,processed,,1780973269372
0x431745ec7c89a7d75ca401031fe7c6459a9a0e515785ee40cb09738c8be99948,,,0x492ae3a63b85a95fd61fafe1ba2a2aa83d3f6d8c27a274034ba6f60c26a6da6a,0,11390466,client_a_preview,0,processed,,1780973270529
0xa8728f83e87fb21a17399013e077ccc6d149cdcf3471ee24d5f5df0da9d4acca,,,0x5e9840e635c872c238f118fa709365db8d28ba311a1d995a77c3e66306c800a6,0,11390476,client_a_preview,0,processed,,1780973273946
0xf3d8c4fcd73608d35306f1ff29bc237a51380f3a2c63e28c3e8167a9f2936be5,,,0xe88bebf12ccb6fb47e99ac15d64b5d3d55bce904b92ca8654a829463934ccc3b,0,11390480,client_a_preview,0,processed,,1780973275741
0xcfa42b5e497aef955b35d10fdea057a610c3444f4263a9b216aa4e819c829083,,,0x899b60527eb70284e0ebcfba46da262334c90cc0723e502ac0aa867fa1779ab3,0,11390580,client_a_preview,0,processed,,1780973317175
0xf7a70c28fb08a1818f4b89395a338a4b9f9896ccc6af2ee8510314fe04aa0229,,,0xe565e52e0167fff31052a9839e0961bf1f1c4a51a6198f5b6efec12b603507cd,0,11390599,client_a_preview,0,processed,,1780973324354
0xe7ab97642a5266310ec6c5f95c6b8826c0edd8e1a64894ddb4211e86cea7fef4,,,0x384f708b258b17c75df6254e04b7ea55a4ffdcfd06e4eb880c60bb65eb2de052,0,11390656,client_a_preview,0,processed,,1780973347482
0x7ed29f03effde0e8deb93e80b6c0877b8e97e2a2634ef178e851097766d5926e,,,0x05e06b8d3a205c3b960a52ce16be7e2a85edde9d7080a63e08072c336af817ba,0,11390679,client_a_preview,0,processed,,1780973355352
0xf0ed33aabb76fed0b44c40296fcfae056685d1bba046f9ca52db0fb063176a2f,,,0x9da7a126bd9749106914606d496d52e037d4a8b6102100022e53fe2cd5bc3670,0,11390712,client_a_preview,0,processed,,1780973370251
0x506072d2d170a62670682cb410f4b3e6757133432398ea5755f517c9b92053bd,,,0x4ac533fd9cfd09fe42fc92a0a0eeaf4111211a27a8b0d15cd07b0b9f98434b8a,0,11390731,client_a_preview,0,processed,,1780973379275
0x07cb65978be52896998941f8e5b8ed95a7d7441bfe31f32b3126f7b4be2dbb7f,,,0xefb923ead0f1132730e820313f8988cbc289e8a799a589c2f277db9be500acec,0,11390747,client_a_preview,0,processed,,1780973383500
0xd8d30832843bef0ee1f65e4e539312541dbc19177bc69450f82f6df093cecc67,,,0x95eacd0bcf74d21780c2f06d0dfe961157dd0b64ea72a8659eb1054bd034cdb0,0,11390752,client_a_preview,0,processed,,1780973385089
0x9a6fffcc6b77771aebadbcaad0805ff8392531d96043b613f8b1ea22e4021643,,,0xecc5ffec2ed821226d313c481a82837994ea9dc829d6521ba7249aca71c3bd0e,0,11390769,client_a_preview,0,processed,,1780973392520
0x862fddbdca4b3715ede8f1855709fbc5b7bc8c3c56a58c8a92bba3388ee92683,,,0xa4615a00d98927d6e132486f6c9bf75a03ac5e632d4f23738b3151aa90c2a91f,0,11390772,client_a_preview,0,processed,,1780973394168
0x8852ff1c6cffbf39519faa85f0920da54776a5c7cc2236559c4f16145fac65ae,,,0xbea99987091314e0a2d44c90aa480a3324f287f0ee4774691ee8bda89fe7ced7,2,11390934,client_a_preview,0,processed,,1780973462639
0x70c207cbcf5223cb1252d6b99814514357a56f734707dc46437dc727f4bf0ae8,,,0x71ad291992562a437f99977753d1f060e8ace19aaea37ec02114da27fafc7fc1,0,11390966,client_a_preview,0,processed,,1780973474726
0x7b7146a2f89b44b4c38a7a131bd8fafb6d1d16cc8da98c49334b20ddc6aedad9,,,0x7bb2551708397cc076fd533cc1d8e8aa1b3711904d858ad285dc8ea42d448f2f,0,11390985,client_a_preview,0,processed,,1780973483631
0x37f0176a5865b279b22c1d6f3272947c55ab94cbe0510fd17fa201b8bec289b2,,,0xc7e58b27529220a84d2579027e71e132e720d8a2934fbf6a4af131bd62c34661,0,11391007,client_a_preview,0,processed,,1780973492638
0x9fdedc3c5a36c115a1e399d27a58d5ece4404e0781841a234bb64658874e8e7c,,,0xe2c47d0f1082f7ee6a8537e3ea66d3d2653c26936416aebc3bbcc9b7548254f9,0,11391015,client_a_preview,0,processed,,1780973494864
0x8fe583b9a6bbd2b48f8f671689e03874d3401e1d370163cb5a38863df44efe3c,,,0x36b2a0838d4270407bc65b3e01bce7a504b22212495732f292aca5abd72005ea,0,11391020,client_a_preview,0,processed,,1780973496678
0x1a85486349c959c5ebcccf14e627bc7f560fe518626d0914c333b7f0ba636c40,,,0x9791cdd8e37e84a85c2bdd5bcbd1e3583067de24e4c99f915688df0ad4085fd5,0,11391023,client_a_preview,0,processed,,1780973498426
0xce3e17372d3503db3e643932267239315c72dbff6e6d42f80296340e2a31845c,,,0x0a3017ca30969d96344c5fc917c78e43602cff59688562fe41e5d016aa9c0cd2,0,11391035,client_a_preview,0,processed,,1780973502142
0x733e36930d2448d087335286c52018f46543c769862c0b6fb6acb30fa98e7902,,,0x6c4c3da032e32199b58f69315111e08278fd35e28dd023365b5b9ead6520b6ac,0,11391052,client_a_preview,0,processed,,1780973507892
0x38f756e4386d13b85eaf52a7e10154a187d77934303fe7df0acbbb7e310bafb3,,,0xee48b9b9041312060ca7141b4a7de39fef1ecb11701f5e67e8cd7c5bc7a01439,0,11391055,client_a_preview,0,processed,,1780973509211
0x9a65f22fdda5275915eedced0d3df143352b0bdd36ed45ccfac2a9da7a616696,,,0xc49588851875ac2909fe396a15398bf9ab3b3e9f130dc26bbc18df21bca26c46,0,11391207,client_a_preview,0,processed,,1780973572611
0x67871183e86c7e8e8c347a4b45595ff3d4edbc42c8ded06f07e4182edb985908,,,0xd0f5fde3137ba6d37ab2fe67b9c6e69afb23b79b2d00bd20554371afd07358f1,0,11391235,client_a_preview,0,processed,,1780973581351
0x75dab9429abaf0323b8de3059961501cc9adabf6eb82f66610b7c979999b2bb5,,,0x9863d1352c5ad8531f9f6de93d279d7f325028530cb825f5e49cd148d376486b,0,11391288,client_a_preview,0,processed,,1780973603505
0x250aa28c640e80a2900f851ad60bd57f813a75756de21086b8bb59d0aa862bee,,,0xd6ad84b183c7d1d278efb9d56242289667861c4ce19a3d8dcd0da1be55353045,0,11391304,client_a_preview,0,processed,,1780973608437
0x4bbcaa5f932380ecaa4c010179664682443dddad7b17b944aa832e75d0e3fdc5,,,0xdb956b4a1a8b2a32823e41941c3d6e4139f538b3e6b359437b2ee1b20ca4aa6d,0,11391317,client_a_preview,0,processed,,1780973614430
0x5e530cf744dcde8a746e7d7b523640c200e87aa0abf44974db258e398e2bb893,,,0xdb8578ccac9509fd3acdfc73f77468908eeacb5659d6b6cedfe763e4cacba7b3,0,11391330,client_a_preview,0,processed,,1780973620674
0x3f8794ec921d564849c47b411836d6bd32e117f4a8df512f802fec540c4369bb,,,0xb4e3184c3a47b7fef55ef381e12b834c08772d1dfbf30b5b1fdbb52d01ef0107,0,11391566,client_a_preview,0,processed,,1780973714283
0x72442d4385771ad3ea0bf40327094ec0118c2aaf7a4fd6b86310088a5a1c4df2,,,0x06746bbd7f0e838a67afa9258c9db61e184401a0796ed70785f0280df593b3f1,0,11391581,client_a_preview,0,processed,,1780973719045
0xec4075fcca695e1bf1025a424ac25d1549abf11b18b01b549c2cd543850c2009,,,0x80a74f495b330ff3e8a9e9a438ac9f0d7fa7ef372dcdb8138edb45858723f29b,0,11391590,client_a_preview,0,processed,,1780973721332
0x4084b631ab9039b58c70150a3b2cf3775780deaa35fec40e5ed09956fd00a5fa,,,0x52af529a40ffece2fd194dd996b8afed1adf235f3b625724fd8dda5c39ac41b8,0,11391606,client_a_preview,0,processed,,1780973728104
0x7dd4f5884ea4eb1585504e6c36367b9a189471ce682f51f2694158c0f75bf6a3,,,0xc996f4e8b3bcd32e743e5726ad7a2acb65c5e03608dac2ac550fa2f721bc636a,0,11391664,client_a_preview,0,processed,,1780973750190
0x4e7690eb07ec1d83576612b4af391f5ded5ebc4aa1dbdc868bebb8898b1f5019,,,0x7d94e0ec778a7fc81352561ca54ea5c04934902596c3f4351e94bb5834fdd09c,0,11391692,client_a_preview,0,processed,,1780973761405
0xdf694a51196501f90f7a55e8ff8bfd546475b06a67a463c8cc0be9bc81b45176,,,0x2e9c024e9b11185cf56f4c2d2305963266371b10096713a03095b2d3f8c79301,0,11391836,client_a_preview,0,processed,,1780973815646
0xb469bb397a10e786ba6b749442c5677d6777a26402083188b3dcea4c61227655,,,0x7aaa28273f2dce97a134d14ec146a96aec767214e8724005f9d6c1d4f7bab831,0,11391850,client_a_preview,0,processed,,1780973822342
0xada202546f39f13327367134b7409053530a9fa1445c4381c5ff958126c5d2b9,,,0xe2121c7a33f13bdabba852de6927ecb3f7d174a8be288789798ddb631c11b7f2,0,11391876,client_a_preview,0,processed,,1780973831431
0xe58d74d99174a187b0ff60a1df287670d5239b759bcddf784c97fb7cbdb56b90,,,0xbb8edc597e702071235b38e26f4012bf413769b23c37dc25742e5ebedac5aa8d,0,11391927,client_a_preview,0,processed,,1780973852165
0xc87c18219e75b70f2575a5be6f09d24d887bf06809b0c9da6420186708f91dff,,,0x6510c6a14c26d389f19578af77dbfce41460c640fb7cc9b85c86d241c4ece9fa,0,11391950,client_a_preview,0,processed,,1780973859961
0x398803f6566aa362f3d201140a1515275daef1f24b0b4cd9ce536a6190751916,,,0x235b16a49cb8848ae6f15f280c31d19acee6fbe21932e12073556bf12813a0e0,0,11391961,client_a_preview,0,processed,,1780973864036
0x88dad10572aecda797451f2daa07f72ca67a758fa0ce8ca43b410673105325d4,,,0x803cb5227084944a0c0162bf35089501247d01b672ee70cb2ade6f3c126dfd0e,0,11391990,client_a_preview,0,processed,,1780973875572
0xf610b66be82a5d531a64eb61ee918d0f1396f2160a8264adec0069d579ce5776,,,0xf881b3b6a879b785f65f3186485adf4bfee3225dc508e78f436276a35bb490f8,0,11392111,client_a_preview,0,processed,,1780973923109
0x3c3d338e344b3f23507c63f755d0a7f6fdcaeb51ca7af13fad0f4b6e1f77a224,,,0xf8eeb49dd7ad94211cf898af9207aaeba85e2cbd4da6c48ba14bb84f344959c2,0,11392123,client_a_preview,0,processed,,1780973927348
0x17b228ecc069d72307f29ff9c68262cdcdba716801e1833f73a8740b8a595f69,,,0xaeada1cddabc975e02b550b318d1f896f86776868f57fa82a08b0618f1cc34cd,0,11392148,client_a_preview,0,processed,,1780973938012
0x2511546a7bc2dffd2fa5e6bb66c6de8a7571f31c15b9dfd17e38da3f1752d7d4,,,0x69c0e83ee5d617efc34af88cdea7e1dbfb90df9d32a9cd50a2dfda79559f5513,0,11392208,client_a_preview,0,processed,,1780973960515
0x784e040f71ac886c64cc09d2b074af9f7d136d81a64bb48f76c4433ae6cb913f,,,0x740f9badf61203a251f8f6f721df81e1bf6880be9a7df7e9e23aff785f9f851e,0,11392228,client_a_preview,0,processed,,1780973969161
0xfd752f5743f3727bbca5e9bb5760cb4afe53d652aef098ff19485e2f72c872eb,,,0x6dbb5bd7743f396b136c1a972ccca25aacb48f35454b4f7905088a3a05500be9,0,11392236,client_a_preview,0,processed,,1780973972174
0x87cd9d398c030b4ac11fc807ee7f66a85d90c71655e837ddd39ab0402423fc7d,,,0x63637381d00698d6f40baa60e44696362d5ed517e5b4e8619773df15fc8e7304,0,11392253,client_a_preview,0,processed,,1780973977904
0xb5713b489b0a8968644bd39bf0422eaa740ca497989bc704fb922ddb25f0771d,,,0xab071d989a117d8c3432d66f497ce1e78455f6924b00949211951a887d52137e,0,11392366,client_a_preview,0,processed,,1780974022145
0x172fe1cfe81d8617b058fc78524bd56d56986657b94a7c94bc14b1180c8a22e4,,,0x6c65047e47e920c1555196d783d90b9a03b68f1fa324dac12f7f66880190bdfc,0,11392389,client_a_preview,0,processed,,1780974029765
0x7c8ccd22e57412fff105951baf534d89836c82dee79893a86d1203acbd8b24ae,,,0x3bc9f0f314fc46d92634feb8f445109b795cf4c69141072a831f7fd5a72f0607,0,11392481,client_a_preview,0,processed,,1780974067598
0x1e8cbbf8beb2dd47946e3913d20183c74aa90a0753c8ae296fc7fa7e872d1fe6,,,0x7ef7c9d5dab43b4b02540d178715346ac0c69f1cc97b774dd12d6e457776cd9c,0,11392509,client_a_preview,0,processed,,1780974078720
0xa8550f5e49e1c1bafb99fe052d38db20e45dbf9f2cc442289dda8cf9b7395f13,,,0xfd408ae19d27c4ccfe1c54e1ad5e6e4089369ac0ad064137680c49ff05cbe660,0,11392513,client_a_preview,0,processed,,1780974080396
0xdb213f538c13123bfb5ca5e72c8cf82f61348a6f89221290f3798ea631ea4136,,,0x0280454f87d0aed533671d6eeccc75d8f8d5a222169aef325b840d32e1c4a197,0,11392536,client_a_preview,0,processed,,1780974087575
0xe6168bcaafa3bf28f9564c3c6de40f61ae3a281d1a542eeee6f860959393d143,,,0x0bf3f81edc7ba0e90003efb097b38c094494fb885dc77f4f756c9675c4545cb1,0,11392642,client_a_preview,0,processed,,1780974134914
0x9856d5fc73a11d23f1c1f222ee5f98b35beca464656e04f800bd75d00b482489,,,0xfa1f2f76a6a8708b6e0a3ffc09ed836af5a76197981f7f3dce4b1fb6a4b82a4b,0,11392664,client_a_preview,0,processed,,1780974141642
0x82ca5e522e01886e9b2a20c75626f49a155d5f6952e3bebfc15004bf4111273b,,,0xfdb939f959b9c462532e772ff31db1f181273060765d61f441c2a28b31cc6b1f,0,11392705,client_a_preview,0,processed,,1780974159291
0xf9dd2c06617d1ae7b2e98e7b4bdc2e6d15ca617cc19de722f04e788998459972,,,0x8ee6ddb96c070babda13ee72490491699c4b93c16b39811053dcde7b59d22b8a,0,11392765,client_a_preview,0,processed,,1780974185547
0x59b0ac5e88ca6bb3288dd52016401dab8a8a0c86e1fd04fee14699c638256668,,,0x00c6469921ee8e82bf7921cc6cbd853c6c7ee46e46c9cf806c225b014ce7bea8,0,11392789,client_a_preview,0,processed,,1780974195351
0x1dc575561f38dfe8212d3cf3b60d3acaabbb179893eba3f49096a2aca22d9094,,,0x786bf7848b1d18ee10a046397a5d074f48d23d520b5a66a17e5ed58b1091749f,0,11392911,client_a_preview,0,processed,,1780974242882
0x399ed45c996dada75520b9db3186c21bc5867f51d81f55e17cbaeb62833efc8a,,,0xa51bb706634cc33e0a9db44658ee27fbea3aad8d1d84ab346976c116fa3f9764,0,11392936,client_a_preview,0,processed,,1780974254451
0x5bb7e984260378631d2aa798b81582fb70dd9429aee03454e110af06cde194be,,,0xca86abca80765dad702ca37d8e4ba4cb59bab22c61c179841277935595abd5ad,0,11392948,client_a_preview,0,processed,,1780974257714
0xfe9cb5b901a34425686a345a00e934247d9001a633f37d1e96c3620f5b379e80,,,0x662ec2102269361718a6d32a417e580b7fd67fc8c81d4faf391ceccf13496f9b,0,11392977,client_a_preview,0,processed,,1780974269267
0x7c296a8d35c9a465e1d823d7b3da3ea3849bbd81040ffaf671b68fd5a82a3088,,,0xdb6b4a88f27e63c3b918e333ee7172682a4b97c190eab0670b920fc4a892b2ba,0,11393124,client_a_preview,0,processed,,1780974327749
0xd73fedea623b5dfb5f31a529d1688bde7929cd70ee59bb73b0b39dcbb4ac42a0,,,0x28c0044ac7ef476cbe54d3e79b12affb40b3a689e7dfdbc8f1ae7600bef2b236,0,11393155,client_a_preview,0,processed,,1780974340002
0x61828e58fcb009765f8f2a9f70a4a1c1f3f81ed29fdcdde0843cef3b80830cbb,,,0x798b1f42937c9fca1fafaa1340b64c850a776cfb927b386a2f5da8b35e087cf5,0,11393176,client_a_preview,0,processed,,1780974347645
0x5329a0e3bd75b9f4c8e63a945da83e09939323037953d1b8e143d4f7cf79e4cd,,,0xdb1cf0cb5000825aa1c409a81987b8b5eaa6155f84f49a7d9f713248fc717792,0,11393207,client_a_preview,0,processed,,1780974362176
0xa5904601ff12298a753076de222b39b8bf79112818f19c9df4b484e0906b9499,,,0x193d2296e3bdd03a9146a7390134fe68d5b0e7ac6115ee13e3d198defa76269f,0,11393216,client_a_preview,0,processed,,1780974365253
0x5ab79e6da4dd8d2a0143f47e68a2a73a88edaf31d0a201dc0b57b6dc55e39b41,,,0xc4a1dbdbf4519b861d909faf4b20a9f07a555b742117c8a8caf21d4822341776,0,11393242,client_a_preview,0,processed,,1780974374765
0xba5f424878562eabe214028dc68cb1920fd79935371146c830bc880687d4abb5,,,0x7f149c502b5de360fde561be85d53a129d110914c0b70a5adf3a5c84c424d9df,0,11393398,client_a_preview,0,processed,,1780974437146
0xe06d8352083fa71deeebb464f5f913ef0a68f30a95a97071ad0a25edeec66cca,,,0x71a4fd12068d10d9e390eb3278366ffd910bd06c488103c7759c3cd35e65239c,0,11393426,client_a_preview,0,processed,,1780974449856
0x3d95b3fff64f8f2b650d3d04aa452a0ef75c55417242abbce10cea3f766bd1a4,,,0x7ebeadaf1d47dcd2c2f6398238cb240e5e55d2c99805bddf9791e93711d259d7,0,11393447,client_a_preview,0,processed,,1780974458040
0x25f6ab0e7e9c98ee230d3c5eb50b00bfcbae48a201e01659a3439a1128250221,,,0xfa84cbc8e0dc8690af2bd77c36a3deb022237329690b64f4903ddaac3f4f0e83,0,11393469,client_a_preview,0,processed,,1780974465993
0x3fb258b7acf7c6747e6f5ef3902e364c13a51548b974ade5f08e83fedcc6dc07,,,0xdae14c46eebdaf103fb147e5cc7e447c8c9d6d18f38bf64321743037a22e970b,0,11393474,client_a_preview,0,processed,,1780974467806
0x858f5f4d7dc014ae28f203e9770bd697501a09d2306a24fbcea035b03b1b228e,,,0x638d2dffe6f63de8223aad0a9cffe7be463e9192c47168851e8869b69d14b93b,0,11393485,client_a_preview,0,processed,,1780974473077
0x07c8cdaeb440dbbdb581e4a724fa2962283c0a8031f667076a77ae3425eb2ab6,,,0x2b87b9c40a3a6de0134bfb95c14a463b1f5e0af61f9dee40ffd7fe2b24372f5b,0,11393496,client_a_preview,0,processed,,1780974477462
0x1cd96f3d7795dc7d9f0409949516392c08a6a620503c524b0c505219d4c8fb87,,,0x171c78c716f7e45637035b5e986d1e19483bb3757044c7723c388d9b6d1f1c22,0,11393511,client_a_preview,0,processed,,1780974482031
0xed3379d34cf8ea507cb018e06155acfcbf5f00433a826239e74d6dd63556c6cc,,,0x863cab038bf3faa2d84a9969c1d962234da5b1cadd6bf739aca1f659cdd46413,0,11393625,client_a_preview,0,processed,,1780974525603
0x3066e4a925e41bdb29daef624b5047eb63c6d7c0c5751480cffa5b332eb74263,,,0xac343c18468885bc175def4989be1e0a00e8180a20a3f6f2b89390ff15096d59,0,11393714,client_a_preview,0,processed,,1780974559654
0xd5db27f9f5304c83a22d36675156f0bd6512224f48296a628f309d76a333afde,,,0x0a7ee0c912da91514a7c22fd1c0e2872a8ebfa21ab95b7c9f22c91b45b6ac84f,0,11393737,client_a_preview,0,processed,,1780974567282
0x6d5919a8686c66c535b98d29aee76133cf3ef66ff6682d6655e65db34000e74e,,,0xf7ea729b499a5c912cda5698f5320950ef588a79fda308579f0805997cc31902,0,11393738,client_a_preview,0,processed,,1780974567655
0x602268e5d0a4a6b6f0b076fd52a9745b2bbe54d0070f3f3425cf99bf2882e514,,,0xe4b1c06cf45e7e4dd3cc415d6ebf10badf8b579e781b1de943617a0ebb845bce,0,11393752,client_a_preview,0,processed,,1780974573937
0x242ac2a4043e0f47b30963770e58e508b0e8768bfe3fa9098a2a5c8f0410226b,,,0xec6cbeb8e52dd839f0f3e7b14662cfbe4028cf4d39416519c48a86719e0ee3a7,0,11393762,client_a_preview,0,processed,,1780974577789
0xf0ff2b12eb0775882b2596ccd174f8dbced3ec81d6297e5589e3b6efc645dd51,,,0xb380e14f6ef5c432f03fd7a279979ce91b9a0a14054160ae1ddf2889eb997e30,0,11393780,client_a_preview,0,processed,,1780974585352
0x663e717716e374f9311ab101a39e8d21a759940897d920239043dff13ecedf41,,,0x813bba3912ccafe57a598facce06e8c451381e2d04ab555b1be0eb010abc4fd6,0,11393860,client_a_preview,0,processed,,1780974618118
0xa47f8de11fde5d7eb5e8b9650db182c7ae1a305001735afddd0fc6378680ac06,,,0x2526aba91123455fab07d2c904beec7ff2e44cd178386fd9b1ecd5853e883629,0,11393886,client_a_preview,0,processed,,1780974627878
0x62ad77a83f6ca55df537da7db81166558843d0512a8d383bdfd3188997199415,,,0x4f8750c0700c46eb13f5952e1bcd28e83c029059f25e76df3d30ec8541aa1fb6,0,11394006,client_a_preview,0,processed,,1780974676266
0x4d9587e45d40c445a4a089ada17d3ce35f3e1ee36844f153829a1ba5fce14873,,,0xd167108f8431d7122b266c285b69e553477a56d2417e3681462f9ea7a8f55cb6,0,11394022,client_a_preview,0,processed,,1780974682638
0x62d6602a9d2468d5205c4f7d6dc538d3cc24e740fa0c1454004259a59a78453f,,,0x2f5b44415b6939fe9d7bd49e6a029f1d3c615db9dbaf00e0044d260e6ad83313,0,11394026,client_a_preview,0,processed,,1780974684408
0x9283d8d29a7287e7bad10e63787a24bc33f8f48eedc3468d9292508275510288,,,0xe00b360d300f7b5e25f8c05d86121d7266d74ff86108f4bd03e659a5dbae727e,0,11394032,client_a_preview,0,processed,,1780974686961
0x6ac67ce1d48cf603954f209c6b66b9dac565d949af0a7b73932125e28d72f569,,,0x496732b1e48db2b8ada58327b7875ee94612db2df25e71f831a5e3e5f0c22541,0,11394046,client_a_preview,0,processed,,1780974693807
0x027aedad2994716eaada796ce6d81bf2fec298d697f9c73e98dfb4934f4a1c30,,,0xd616d3e1fca9d04968f8cbf9e176a94b7070a4b6915e1e68f400b5686d2f190c,0,11394049,client_a_preview,0,processed,,1780974695441
0xb8f1312b91ba239ff4845e9593c9c76af36fb07bcfad1e1971c8bca3b51f0d02,,,0x54925603f00ce5befae0e83b54056fe20a0feffb343c59d5ff6425da5bade49d,0,11394141,client_a_preview,0,processed,,1780974731595
0x3dd54e5e83c69df6ccb8d7ae54d688e9626987ea645e0abee468d95aced2bb30,,,0xb88278ddd0621ae4c374645dd6f46715dee00330f82c9b092843aaf7b28c52ea,0,11394166,client_a_preview,0,processed,,1780974740159
0x0c926140d931ef7d4b318450c9ca974a2333974e3529f6585fc778e7ea5eefc1,,,0x0459eeef05fd60ef2638720c66369159cffafaae1aaa1c400118dc0d5b618b86,0,11394269,client_a_preview,0,processed,,1780974782724
0x072d232bbb1da990748c5e44d803c95678f286c57a4b373ab72f62bb6e551ab7,,,0xc59c1815c1e9eedc8702076de594e0ed8f25945e1d5eb8736aacc7a411e141a2,0,11394297,client_a_preview,0,processed,,1780974792138
0xfbdddc0b7e967c5f1552f31af0658c7940e3bc73704d4e24394f123d7a625648,,,0xb09608c939e48397335fea269100d9e6be8893d06a3f4e2d298508c8642bfc57,0,11394308,client_a_preview,0,processed,,1780974795062
0x87393d81c194b77df60ad6ad3b7278a09a1c13c6e8fee891ade32fc1f58cf6e4,,,0x1c002d9a8910e0f93ede24ea35da89bc5f406620f5f890a86b8e39918dc4d4cc,0,11394312,client_a_preview,0,processed,,1780974796882
0xef12a7d4a4545cc8f47c3d13222c8a28377edf2275369ca66db8d5a6cb7aadac,,,0x3c3ef9339ec3081368b402e9f0082a53354ce4d0addabc058673ca9a24d3aaf0,0,11394334,client_a_preview,0,processed,,1780974804880
0x8d9b053d2f5a924138035f01dc6f7d500a35eebb4a5b389153c32114caad83ad,,,0xfb630b29c5788ca8bae43909a44907e8f3cdd3d2e7fddcd30ad6342f5e9ed026,0,11394337,client_a_preview,0,processed,,1780974805978
0x989129b227a95383872304a0c8c953ac8cc9a5126fb3fdc64a9e5f7d7f321102,,,0xe744238ba5be579296153a13c69314e97923c9d59bf8c59bff95c548b888a96f,0,11394415,client_a_preview,0,processed,,1780974835619
0xfa617b54d7b49a04b85f1a9bfe943cf712f4083d1196cc495e2d3d5f7a30816d,,,0x21145e58262eed11849d7a85b2c2540d2aaa8f97ccb3737841182af31dc17989,0,11394422,client_a_preview,0,processed,,1780974838933
0xa51096f54d1f1a46a412086f235b665dd3f051ea5bbb50d6628695d954eaef90,,,0x7f6d13fc44c94d411b2c170b26cb679b86cc226145d49df1309b7832c04378a8,0,11394436,client_a_preview,0,processed,,1780974844945
0x83d6971889977127d00acfbc153642560731a527c55e6b150fec7d43c1962c48,,,0xe23a4bcdb977b9143ba7b2b27ecfd9f7922ce7b1cad4484e5bd4107d08658576,0,11394442,client_a_preview,0,processed,,1780974845869
0x4ed0265f82794820a5872eca806d183d11d7dd202679a00532e006765858f1ae,,,0xa7e41d423d4af2259dc559d85ad11d97519b66b002d95a447a1cc7c6b6b1e31a,0,11394581,client_a_preview,0,processed,,1780974901359
0x9b8c18374110db36acf4f79cd7278fc157b7401bbefb8eb231f939ef61909948,,,0xaa51a84b0a129c73417a17be574df3ca7c70e41d7b7541bdd9fd9f3221164bc1,0,11394584,client_a_preview,0,processed,,1780974902542
0x0bb17dd9e3678b8a1fb707572c9da208d01ea8d5e998649d0b6a633e0f89a578,,,0x3fe4f65157553302dbba8834f3c4ed39f6f5e5935b50d6b54271eb71a11509b6,0,11394600,client_a_preview,0,processed,,1780974909807
0x4d0ff140b0c64c0531c030c9ffd873c6b22159acb087fd390748970037531cc0,,,0xcf88439ecfbb99362f4572cf22aeb43b4b0a274f0f642c4c3cfe371e3858519f,0,11394603,client_a_preview,0,processed,,1780974910954
0x2872f31f4223bcdc525b4c7bde6fc6261a07b154f47873e18cf8ad9ca4ad7a7b,,,0xa560acaa0393beda159f9dedbc189bb16f11a87142e7c8fb3bf04041cb132694,0,11394659,client_a_preview,0,processed,,1780974931600
0xfa6ddfe76e9bb16ccbeddb49edab4e816ea4992a4a8f77bbab799622cc70e3e0,,,0x3ef076448f69312d0dc8f20bfe8e57efd9a8ae3a6de45ed1b3956743198acfec,0,11394675,client_a_preview,0,processed,,1780974938553
0x4f5e458ef65931651ce4b955b96d8be4a8c7027ceabfaa8e2a1059feedbb1713,,,0x67f143a0fa36ef045194efc0b809801fcc66cbe31d7fd6ea026074b2d4eee4f7,0,11394698,client_a_preview,0,processed,,1780974946796
0x859a9e60326cc9b6b208dfc9be1de84a575bf6677f69261742265175b94d6a41,,,0xf6ebd13efeaa4e78807c9e0fa38609a14cdbacf52011a51d317d46c6ebf13192,0,11394713,client_a_preview,0,processed,,1780974953052
0x02e278e5c629f8d00bdeb380b0cbd45de11b227dcaaf9a4ed0aac244975926b3,,,0x2c1dcc1195b9f967bcb29381d305c6de94f760bad65a0fbc1d95a1b28bdf53cc,0,11394938,client_a_preview,0,processed,,1780975039181
0xb5ccbfa71d2225098ca7be078fe4833c073c565e8e82e6e5f4a54cbbc86aac6b,,,0xf7a1303984b15033b9b97cee48686e425c37169b308eae6380a089a29cebd3f7,0,11394950,client_a_preview,0,processed,,1780975042178
0x2081a0646b17d217e819707f4a38d4be0b37f777c4cabf25723fb393a126027e,,,0x184c9aa60a94af3b71111efc2584cb9bf7d66680ecffa577cc659fac82d760f4,0,11394973,client_a_preview,0,processed,,1780975051397
0xbf6f274a3dad135c3d81f88f12470fd321f217e55ee0ecc9e24d840e4068d752,,,0xdf37ebfd0a29136e4d55fab20228ca50245f04206733dc6ed0396786dd8d4b34,0,11394985,client_a_preview,0,processed,,1780975057339
0xfa54d18e32b8a406e43d2c26dc898519601bd99d1e87933b489ca6436b5675c8,,,0x64e5e7ab90052c027485afbc5b1096bba82ba6d75f8842698ef59076b165621d,0,11395038,client_a_preview,0,processed,,1780975075995
0x0ea82c842f032ea6f1b411a29d43539fdafb2a1c8ab1d4b4dad63007e6267829,,,0x0b83a499e3f4f5370fac704bb792ce49123f961235427ca98943250906bcb93b,0,11395049,client_a_preview,0,processed,,1780975081945
0x336ce163ab3d009f326b76b868fdf10f3e3d880775a17e8e1d4542571fac02ed,,,0xd48d1a2f60e58487b0fdbe71db37c5c480d46402956d628135fa9642ea63dd72,85,11395084,client_a_preview,0,processed,,1780975095825
0x7c0f6bda054661a0a3bd353239991c4da4cbc93d024477cd34cc6ad131d6e026,,,0x765ce885aad2871e3ed925624c81a48188b4e24918d95a9be0f1bd453d565e51,0,11395097,client_a_preview,0,processed,,1780975099270
0x5822a48afd61508141f3920432ec5974a660cce836d4fdf7199d48454417732a,,,0x08156cff30b42f69dd9eaeba422da35b869057cb0fafbcb3374e8e4d0c888b76,0,11395242,client_a_preview,0,processed,,1780975160858
0x67978fbc575a8aafe5f54d6b3ecba898a9bdd46c056d5bbf1782c12df0f1e425,,,0xad97b0147364646e404aa93cba3b75c427db3254d187e662fb0470babdef4b75,0,11395259,client_a_preview,0,processed,,1780975167315
0x95c1faaede32742bd3ee6c6e9cab34074ce8bf075e4b5dbd48068897146d2500,,,0x0a86a770b3a67374ebad345cad0732001df252f08a165a5aeafcf05b6cdb7e66,0,11395309,client_a_preview,0,processed,,1780975186841
0x69b46177b86cae89a61891e6e31253741739df1d38687643aa6f9f9208546444,,,0x2561572da565260f546772f4d321663ad1b45d03493736b6164cf4759c3e39ea,0,11395329,client_a_preview,0,processed,,1780975194672
0x624c41b4f267eb7abe548bf4a56e02f5a2491dda44cab81c810758dd41e0e030,,,0x55a3d957fbfd2da9b9d2d25248776bc6cce213f8b47f38b9a2f99f06e6d89ab0,0,11395355,client_a_preview,0,processed,,1780975206805
0x0443efce2f97885154544c625940d70a432a7d887243b91d2bb4bbd5ec931195,,,0xa3729c0eaa8fbc68a530bf739069943c455ee52bd00ce0387374942a4b4140d2,0,11395358,client_a_preview,0,processed,,1780975208646
0xc8393485066fa26fc64e09453a4fe4abce8f951ab4f03ec7cdc2499ff2e1c931,,,0x3ba0ae15e1fdced067aba144f29a94bfd29f78f6d2fdb1c948d605f3f3afb752,0,11395376,client_a_preview,0,processed,,1780975215253
0x64fa426cccadd4a1c272e9d0d97f30a4a60537ba0b1f5b7912af6852aa262c50,,,0xe5bbe982f773d53bfcc98e38a6a95cea50dd69deea2459e5d4d506678443084c,0,11395380,client_a_preview,0,processed,,1780975216542
0xec10365da12c58035b2367e4e571aad1c05807f8129fcd3eb089a0c7351d01c4,,,0x42e61d7b89bcd31792522443294674f10516d02d75445f020368f0e514456ee6,0,11395390,client_a_preview,0,processed,,1780975220659
0x0a112f5b9284390215bcaf53dd50779cc14ea9b18135a134318ac400e55eb48f,,,0x6a83df10c85cad7b60f0e41d1e55b77420d8bd480879ea6a57afd2485532f857,0,11395416,client_a_preview,0,processed,,1780975232188
0xc3f609741609249220c916240626b3e87f867a426935c02e23d495bd3b9ba7b6,,,0x8fc437a933ebb6b6d866f3ceacc3c0e31a0080446de6900a317671fd36739360,0,11395476,client_a_preview,0,processed,,1780975254878
0x5843ea6562d67cb4062ef6c7f9a28622f1dbd716c2ad8a43cdd80a7093b66ba1,,,0x007be5d831029406ef3a8f091cf02cb94323d7336f66a647c05e30fd9d942214,0,11395499,client_a_preview,0,processed,,1780975265646
0x6d92f13eb5b964101a4815ddee145e5eaf5ee9f4043e8f5a5e9d46dfc31a8fe3,,,0x4b67185f4d7b931016b7734a1c68047ed371b169917fa658196d6f078220163a,0,11395587,client_a_preview,0,processed,,1780975301312
0x7458a292ae08fe0b946d2467edf5a4210332d3f120b18f4636466218df15b43f,,,0x106eae7207a33b1dedbb52987e5b74597926538ee1e4ddf387d78b4cdfb7ae1e,0,11395613,client_a_preview,0,processed,,1780975312009
0x188564d1907c674fad5e658fd2b725ece1db4e18077416ff8f683f56662a8edb,,,0x0a2650effae353be91ab0961b5005c8f2a65b7e087ea8213693972cb2d44dd80,0,11395635,client_a_preview,0,processed,,1780975322281
0x019a91f4e994b8db5c634132f4dbe56075c04f94f3efde3ff87d07ed71b6b218,,,0x9e068cb6a1ead73ab28792226feeea6da80e377025c0b03f91c196e58e467880,0,11395637,client_a_preview,0,processed,,1780975322539
0x3c8036166e6f4ccdfd05466a017b41e2811de92d74017872f338fda6f9cade95,,,0xaad4886900827807fcfe28b52fde253edb41a36ca66ce839d65ca30178e65cb9,0,11395662,client_a_preview,0,processed,,1780975332345
0x99b88a859f5a8af4a34367381a35fb4c73cbe6d6b54bb7982f86a5cc1a107ac2,,,0x0bfefbbdfc5ec4f53749fb5adb9ec597d89649c027cef451e6ba4e0f727e512c,0,11395667,client_a_preview,0,processed,,1780975334075
0xcb8a0b82e2024b922a8bcadcaadf824f1b029cbb197aae38076afa071cf97c6f,,,0x75afedabebed728648b04b863e291be2b30c00a447af943e40dee6017d7c78a7,0,11395675,client_a_preview,0,processed,,1780975336831
0xd28f336b0e64db70cb54b06658563141015f42ef9d6749ee2b98a95697ac66e4,,,0xb2dd0ff3fc554ea13292095a24539dbdd92e37b9f91a81c73dbe1b750b018b3a,0,11395704,client_a_preview,0,processed,,1780975347665
0x09e6baf35bb4ada73481962490da99c45ca56c7b6deb46996730bca6f4b64751,,,0x7b5ba0b355bcce4f29326231ff03a93372245040bc96d4cc2d459801a7a45bf6,0,11395855,client_a_preview,0,processed,,1780975403463
0x59fab68f72345ef829fd8ff7e4c5de0f8916f3549c072fac7777b3954cd4233c,,,0xb13a6b9b328daa0a2b58df8d6061967898874aada0458ffa938b7e1d8eb529df,0,11395889,client_a_preview,0,processed,,1780975415819
0x996388e8f2281b27b97f019f41212a9efd94a549396dfcd85ac9a63ebe8aca28,,,0x34eada3400ea123d3c6179850ada4e49d1de48f9a5936d78a34afe184444ff35,0,11395907,client_a_preview,0,processed,,1780975422353
0x78380da721829d74e9ad0cb39b71c46d742dce460d22d83fff25585bf2cc92bd,,,0x4f09e020e899940f156d3c7cc83a6e12de254d1133ea9eeff74797aa38e870b5,0,11395925,client_a_preview,0,processed,,1780975429653
0x762dc642589695c84d8e35e1ed1f0d53951f5b4e45db5d20789bae515134d30f,,,0x353e853a5d414189fa718177b6213b61b3e16af2dafd4c167bf394e6da4ece41,0,11395942,client_a_preview,0,processed,,1780975436487
0x6bb03a9662ad70772ae51e197d6370236a2ef95252b3eb3d36ad876728c53889,,,0xdfe6ddb84559096bf062a6d6c2445e459443f60de137a5dd384c5a96c8ea5f2c,0,11395949,client_a_preview,0,processed,,1780975437250
0xe3f87c8fa4e2d7425527dd4ae4005f3d7dc351818caecc80a0d734df91484e9d,,,0xc09b246ed90b5428a0005fb9a2c406fb982466340a8edee5c6705900958184e1,0,11395967,client_a_preview,0,processed,,1780975446383
0x0b5cf8412642df22eabc2eb341160d4659d47ac1359c92cadb86991f05846587,,,0x6d0fc04a168aff56e84b0098815b1d3b37ad2c1887f4f56af0a148ebe3ed7904,0,11395979,client_a_preview,0,processed,,1780975453533
0xf0e924c6e241d30106e1eb9323d13aceaaf4f5c548f864c995c7e468fba4691a,,,0xb070ea2cf2051f09f9a64c158a47bf93bcc97aedf153c70cb6adb039d78ab729,0,11396085,client_a_preview,0,processed,,1780975491883
0x565346891cd863bdc1d53b03c2754eac89bf248ea7540ff77842c88a2d1e626e,,,0xb9678ab943c94e742e1895b0818d597410b07f15deb1b539cacae690c53a4ee9,0,11396182,client_a_preview,0,processed,,1780975529728
0xdf8a517cd0f54394faf8066b3bd2cf0870b9c5eb845084100f133e97dcb8b004,,,0xbe84136d033f31a5a9bb4e51cafe94a545a160164c9bd3ccbcc445662fc4baa6,0,11396222,client_a_preview,0,processed,,1780975546659
0xbf5f91065e4be8744501c09ac0cff2a21838bf127eee1fdeac0273dcf57b015e,,,0x2bd00dea92549361ba67e56baeed104d02ecd4f354af8bf426947bb521d663b5,0,11396258,client_a_preview,0,processed,,1780975558582
0x904db5bb90af669f12936ae835c188082a5089c5091bd26d3157bb096d9cc543,,,0x09df3751db60e84f6af8260e6aafaccb94d31bced375c2a1e8930a2c42219955,0,11396290,client_a_preview,0,processed,,1780975573468
0x0be6f3fe832c193c25d4051088a3c180e8b20110a9d7b26db65d0c3a98d0213c,,,0x91ca1441d54b437bba13ccf99e7616b9ac37acc4c1c70ca98889d3077f8dfa29,0,11396322,client_a_preview,0,processed,,1780975584302
0x8d63e2f9b0b10be9a719d439247959623c193c838763eeed6d17d62ecc98576c,,,0x5c0d1b3abecf7ee4781ad8f8dafcd5b1b4257d997d16a8b9acb0b9586c97768c,0,11396343,client_a_preview,0,processed,,1780975595225
0xed871194451ab8b3140c723a5b53064461e861736aca12c04fa2d5c0e36a2985,,,0x4faddddc8b240f0c1fa97e3f693df1ca705af121fe8a00c5f4ec1a2f8a9e3a10,0,11396374,client_a_preview,0,processed,,1780975605058
0x286a66144bf7d23c3d24f094d6d2e18f578fdd261b46e9a2339ccf008f800015,,,0xfed5d3d9279ce1513e1e114e1e8a5c9cb5cb017aafaa6f21e0a5e5d41414c778,0,11396491,client_a_preview,0,processed,,1780975653221
0x4d22b0dfb1f49c2b2af970f87abd2c4ed283e98138d0ca4d05a0a9daa3863b23,,,0x6313112145f065036727fa0b4876d584e81330a44c18d8e396e43d889f7d2a83,0,11396532,client_a_preview,0,processed,,1780975667328
0x1add338c3d8e15654e015717c012d021da5758fcb1522c689c567c49d7089a89,,,0xca2edee9374693460e176a74a7003d0e0f424cb235b8119f82182a2706e5717b,0,11396565,client_a_preview,0,processed,,1780975681908
0xc147fbf44db3b4e444664dac28cd44bb232bab099e1bb9dc1d77d2fcf3fe6581,,,0xb3182a5368db982ed265e576c8111de49a98a6573fd6dcc67cd069bfeaa620c2,0,11396606,client_a_preview,0,processed,,1780975698988
0xa7603239a467b305f9da26e57e435ddfb44c64c6874622242cd8b071984be49a,,,0x7ae6f18b53b700d3c8c6479587910a70a52b969e5b1429458535212bbb3f0201,0,11396772,client_a_preview,0,processed,,1780975769064
0xa380b34f124cdbff5ff5e18c2b4535413d4054d0ccd1a0e9ed29f5280f38997b,,,0x18abb039d6a6ccff111cb2744036fc649ef42b494263131823bc15148651807e,0,11396802,client_a_preview,0,processed,,1780975781314
0x5fe2eb5385c6ab43b4075c0e5de7e6bea1118e2adff970d557823339c0a7fe8b,,,0x0fccf8c3eec82428e79d6736bad7584137836df68eaefb644eb2ffef6402ac7d,0,11397158,client_a_preview,0,processed,,1780975924108
0x998b478d70505c006519d292c665f9f6a452ae807c9e2e8af1e3d6902ffa0b46,,,0x0adb9c2453fc6987ff56b7dedc4d1db632adc5edfe07a2abc642e0e332033bee,0,11397165,client_a_preview,0,processed,,1780975926813
0x74910e49a6002e81bfab713e07e54643c8b25b68991b612290b3044062f7f11b,,,0x4b87ad3a4222ed5120e61955b9b6903ce6a8d5bb7e6e204f881df249adac590c,0,11397186,client_a_preview,0,processed,,1780975936999
0x17c79a0e5d1a6195eba502f66857996e73f19a07d316de7a245d64e4cc0a19b5,,,0xeb3a23126d1fcd16eaaaeefcf8396d2eef03bb79827b28a1a450fb9565a3191a,0,11397192,client_a_preview,0,processed,,1780975939805
0x2a9b33f4189c5bf53f14e1507313a5c56f1dc3649121517c5883270969a35260,,,0x62bcc35b0cb8def8ef8b75f227a348e9bf1fe7d4b039acc9a0cecdb37b76b7b1,0,11397450,client_a_preview,0,processed,,1780976041923
0xe2957690d4d713b6e64a3460046837e8789587d5643d9cef0803e6bf2e37b428,,,0x76efb114c31386c52d5e7047667e6bac050eafd0009c78dbc1c9d17737dd6c77,0,11397471,client_a_preview,0,processed,,1780976052072
0xa81fbf78dff74448cccdde98da5e861060b62e8e53e67a91b97aaca19cac400d,,,0x3c090903fd963fbe12a538623dab84ea852e1778a4d197e3c110b60a0c656ecf,0,11397515,client_a_preview,0,processed,,1780976067295
0xf05861cfd7fe6096149508bb8b83cc62b4348b708ddc3fbb81fc3effc11d56cb,,,0x46d6f456ec7ab5eabbc0bb9185e828570aad1007b9c7fc8fb1067720c0e3e8e3,0,11397539,client_a_preview,0,processed,,1780976076141
0x99632b9fbd510e7158a8a2d50addbf87c883c3494e22a804961028161b5e446f,,,0xcc65bfd49d28e81b3eea21fdfde8edcee0b27e9ab45e9f7a1bd2eb6873e50bb4,0,11397563,client_a_preview,0,processed,,1780976084510
0x2c6a20d9bc1364f9533ab1665e41909f57800c558b4f5c0739d6df4cca5b958d,,,0x4c330c948743b5fb9488a115cb78f1aeac249d7772b3b4d95796148b17581865,0,11397566,client_a_preview,0,processed,,1780976085713
0x35083dc239db78e689afd02b269cd53fd4a36ae119c536ff1b4fd63c2f43d26f,,,0x978854205acc317bccc95d8d9ec2144474bd51a63ea0add4b0a9ccd9f3d9f142,0,11397585,client_a_preview,0,processed,,1780976094017
0x684a21a7236e704c18cecf38a2bfbd2fdc2aeb9e7128bdbcb65df28d1855ff35,,,0x1b56108aa7183840d402dbb7c297967cbe2ae2fc06362823d47994abea374195,0,11397589,client_a_preview,0,processed,,1780976095444
0x4b3ca92d7d15e7af87033e020a46352a6908209b33458eb4816057498660428e,,,0xe46f678c94468953360ae563587f7d3242df85a61de51b6608c9a2036a38fb26,0,11397779,client_a_preview,0,processed,,1780976171593
0xd039a5417ce2d495e877f5bd0595be849950e6a74c4d3ac746e7a24b4ba1eee7,,,0x4146c4077f31371c18467a9b521a6cd941d0db8781ee44040c98cd3a3957f965,0,11397813,client_a_preview,0,processed,,1780976185471
0xcc8ca23557df42e2d9a90a94c0472e33009e45a3ebcb72cf486f926cbf4035d8,,,0x90fcfaafaf356e88ff7b938e475778fd8ca4758fe98b6d6dfe0f303de6c659b1,0,11397827,client_a_preview,0,processed,,1780976190827
0x2101a06296b7aaecf0d1514473034b86ba00607968a63cb2a7f2b3a014107c18,,,0x47041ed9340b97f7b23b4601562766c9bc4f200c521bc26ec9dcc39ba95ff799,0,11397830,client_a_preview,0,processed,,1780976192079
0x727721a32846121ec1dc1856fa4797b59b74c10c4db99574ca8f11762b49fa5c,,,0x34595b4ec952bbb15ee26c961cd982672cdfb8b0fbd89ea70b5f1be20698645c,0,11397850,client_a_preview,0,processed,,1780976200203
0x9b4157ae3176ed82754aa366b82ff56a3e60b5982f75ed1e38c9548d8cd0ff22,,,0x5ef454935da8b7c2f04daf3dd4d63464846836281a58cc155784b9fd37200f3b,0,11397856,client_a_preview,0,processed,,1780976202963
0xb39fc353e27b910c0dd9179c73e3f7a00568823ec810284c7e3efe21f899baf8,,,0x9c7f83c91bec9288debf6bd446575f61b50a7bd09e085212787ad1556e786ab1,0,11397859,client_a_preview,0,processed,,1780976204252
0x7806ecf1983a1f65ac074f508b765108b99783be2f00ebf9ba3e566daa47512e,,,0xf51ac3e9ad8e00a32597c2ba6e660e3d92a395ff101eb9d2902c71696640ac67,0,11397863,client_a_preview,0,processed,,1780976205251
0x5dc17619d1763bbb3ab4020562eebc67a925c6365e8e19e2865556b492e1991e,,,0x7dd2efdfed5c0bddf4209487b0beb1b48390a24224737d06d22fab41104026ce,0,11397866,client_a_preview,0,processed,,1780976205993
0xce5d3a4723df2f27d983a426ae2357c236eabb54398fa9b835bdfc8ad45798bb,,,0x8a776674b8e28041376950669002ccd87f0c739260d1bcb1f98c425dc2fb9b8c,0,11397879,client_a_preview,0,processed,,1780976211372
0xd72ea0b5880c747dcabba3f59920581cad2279519582e896ea74ae25737e0eac,,,0xe4c4f2312a64ecf5c4d178006f26c76f80549ae2dc85784351e87051c8b0bb2c,0,11397894,client_a_preview,0,processed,,1780976216061
0xa90c9e60edf1022445fce9f8c942cc638c0ba29f7f9471671f3c71697eec935a,,,0xe011bdf8b4749b9345dd2e7656e7d984a611d34edbe7c96bd778e8867a401701,0,11398097,client_a_preview,0,processed,,1780976297043
0xc543f3eb86d97c8337b25cfa9779b99cd4731d595e5aee0f6c548ff7e257a8e5,,,0xa2e4fde10f124e4c39e12753a4911a2938c668a27653c87b22cf4dd57c01cd1f,0,11398100,client_a_preview,0,processed,,1780976298259
0x806b7a524f775deb1385c9dcc6bca41828e85300f71fba09b96769939a4d1a51,,,0x774b0fbaeedf08f9213ec1099898bdf7aae63af71a8c3ad726f59900bf2ccede,0,11398103,client_a_preview,0,processed,,1780976299579
0x3767c4f8fe3e5366d170f67303a93daf3807dfcdf4ac09a46fa13245780c5855,,,0xae781847c6ee12b68c0f31bb8f19e578939817282b1347f128a33d1b7656ed3e,0,11398121,client_a_preview,0,processed,,1780976306089
0xae9564662ac36577f36ef84820ddeb895bb6a984c41b01753eacf4e02cf46fb9,,,0xc79aceebd24facdde56741c700482c712be982f93820ad6c57e910aff0fddbf4,0,11398132,client_a_preview,0,processed,,1780976308307
0xf5f9e19c2f3c09e19e98b866838b24d1239a8513991644bf1a0089166aa815f9,,,0x9f15d9459dac038d298b1a360ae70ebb36b9ed7a9bca7decf00c928025da9d7f,0,11398133,client_a_preview,0,processed,,1780976308926
0xb24dc1ab6a512242ef47f1b2253d1c27f59b840fb98943c2bd69b3923fe9b41f,,,0x812a13c2468df688a2b5631e8949da28f97ea5db54bf3e0836b8ec9a2d626b01,0,11398135,client_a_preview,0,processed,,1780976309669
0x005a53addc368d3be12dada80678621fbfdc4cbeabae7ba58add98e8922f8e9e,,,0xb8ca55a87aef30836cfd6c40e332c52c939cf40a729c621d81cb14cfe0810429,0,11398138,client_a_preview,0,processed,,1780976310869
0x9cab06a2511e0c7bdc8c6b58ff06650a8624b8d9a2d90d3349383ae4ca7efa36,,,0x436a5deeae1b1387623d512b6ceab3da34d2c9e9818f7ba924f7c268c18df90f,0,11398158,client_a_preview,0,processed,,1780976317703
0x26db705fb5bf11d6b3deae01f9e0ba1278fd11e9e10c0212a79b796166c48087,,,0x83c1992c0d4b29f892bac013a18d17ac4113a0e26c5cf872ab2997207f1c2e86,0,11398173,client_a_preview,0,processed,,1780976324788
0x1a04dc05da4f747bc1459ed7887d19c052e0f54697730f8ddb4676e6618555b6,,,0x1720ab558ab72f033d632bd8b71cdb060259fd0d14def713269fb029c9d41851,0,11398212,client_a_preview,0,processed,,1780976338109
0x4d1cf8d1a239efd146df6765cad36eaf358e02298593ad7d9b5fffeb28bf7dde,,,0xc0eca821c408cd99eb826414d520417be74ec7bb8098ab33b861313c0a33cfdd,0,11398254,client_a_preview,0,processed,,1780976356228
0x7f3a48ae998a7c67490ac2d60534a0bad3a8626f0dd66935e3bc33dd647d548e,,,0xfcb7c93969745b7014221e50db9c7b35aa193703b66a2c9905b73655e2cc61d9,0,11398380,client_a_preview,0,processed,,1780976405792
0x46f8f12cede9030ca7dc46df490a9023a327cbddfdafc13bd2a4b98d7a66c0f7,,,0xf4f2625d755a1f82500106feaa76aa9ff715834a7097d2e32e04adef3cec65af,0,11398398,client_a_preview,0,processed,,1780976414476
0x2f249a71c8da35b54d9d7a8107c587e6581b54f9d277c1e4053902eb32d8c7c8,,,0xc89a4cbdc5376d2163c4d42a99b592474b777c6686ca443473e761a5f18a6aff,0,11398410,client_a_preview,0,processed,,1780976418700
0xbd693378af1cee8d2302b742dc51e1ea50ad747d6267d26f2b89bb4a16b8d43e,,,0x190232175a07248c1ec24c4363919060dc11260164a7592dd6ee9128deddf918,0,11398412,client_a_preview,0,processed,,1780976419307
0x55c30fa9c06c770eddd05d8102f7d822d9c6f42a0b43dcfd1512e60b0147d85b,,,0x4ba93d0ed9c7743ee8b06e348c3bac80b96acfd3e27049886cb9f167b4c79c85,81,11398428,client_a_preview,0,processed,,1780976423645
0x70a9e40f957f1ff38bdf0d498e3a9093e7d2ef87aaa9fd61d251fb0a3c39db46,,,0xf7e5715a457876339d68733530750b7c6a1967befbc44c818bc2dd5d0801271e,0,11398440,client_a_preview,0,processed,,1780976428451
0xeb79be8c1ec4843e8087e27e5870cd2b5e8e19a0f7500848dcb90bc174b85153,,,0x36cb41eace12dbd764838b57d6df7ec5de5b78e5e8756386497bb1c61b7539fa,0,11398443,client_a_preview,0,processed,,1780976429662
0x05d6233507c94bfc99819f931e48888bd1c2c8ca3c7945abc99767834af7904a,,,0xe5de3a681e81f4e3243a5d3039618213853145d7d4346d684b287346bb2c539e,0,11398487,client_a_preview,0,processed,,1780976448397
0x0c268cd8d9a9128aea8010045ddcba1a6a9ea6db4565fe82f729dc0859e223ce,,,0xdd03a033e4ffe119e97f87020c135d736747a3ece388ec06ae3827213d031b08,0,11398522,client_a_preview,0,processed,,1780976461411
0xe1f68ed9c83ac52a717a3daaf428be0cc2722ccc7b9f43e954a6e6f02754c575,,,0xb4a24fb7ba9f9efbd6c2a42ddfeb67d2952b8a2b5ebcb8b35bd3df8debb2a254,0,11398668,client_a_preview,0,processed,,1780976521394
0x7506cfab967ef4800c45a005009f3654b189785dd209dbfcc30e53cd7d1fbb06,,,0x86b903870f92b177ff5d7393345890e8acc44a67dd2fdb5211518e6c600e6978,0,11398681,client_a_preview,0,processed,,1780976527892
0xc368a3bff0ece4da543ad91a869d9fb76a3bd8a14345063b0f26a1e3c58ee3b8,,,0x473f2ff1f0182d1982dcf4e5eb96457905995866e976001b170b5eeb84c47ddc,0,11398686,client_a_preview,0,processed,,1780976530159
0xcd1383d7c9f480a56eb7bb8375f7304246e9ee89255bfe099e91a93c63163bf5,,,0x1d206e0fb06dca0282f81a9a8879452a2b3088d77c7e6dd9cc2d2423eacc6484,0,11398699,client_a_preview,0,processed,,1780976533740
0x58afa139aea824a59498cef70e0b74accad9ba508d9dc92e390a02257b684502,,,0x08352c9ab0f69f19950fd37937b94ff17a77c93233cca1d8eac347d0384a169f,0,11398714,client_a_preview,0,processed,,1780976538462
0x0c016501460aed356f9cf0f53b2a0db6116f1ca96782392cc9d0c6abdf4857e1,,,0xd157c257ac31ffbb53a12ab435f8ca2f973ba1910302c3bd2ed50f73c46da2a1,0,11398718,client_a_preview,0,processed,,1780976539662
0x5ea3a22ba7e0381818049b9f2e5b4165c5154461005eeefc99d0ca87fe1b9de4,,,0xdc894644cfbfa9ff27d9139b5f1e7ca0a62b75f22b8f3f7679567fa5a546954a,0,11398760,client_a_preview,0,processed,,1780976559093
0xa02f8e12ca33248eb21dc686d9593c3fda1ac3cdbcc6e7a0f47173f8b248eacc,,,0x6447fe78d4d01307d02cf837789b06cbd1725980f25788e2c36691216846e8f0,0,11398792,client_a_preview,0,processed,,1780976573127
0xf93199eb8a62ee84f4179dffca47a92a76c211271ca2604c76ecb980998199a3,,,0x947471115b63a1bd40ba6c8805b623bbbe9bd58c7c876d03fe4bb3f88f4aacaa,0,11398955,client_a_preview,0,processed,,1780976636378
0xe06521068281f43df9581de751b332cd0adc691b76a1fd03d0c71dda4c63ea67,,,0x1431db446310ce79c1545f560e596464a89e29770b655341e9ab4e4672896951,0,11398958,client_a_preview,0,processed,,1780976637552
0x3a3a2439c3975bfe735d3877496433aab279b7db10f3713532262e62a036c7e9,,,0xfabae7a28f16a9d8db624b292394f12428d1bfaad758dd78a772c3605edc79a0,0,11398990,client_a_preview,0,processed,,1780976651951
0xcb1a829f6bedb742eec23688f0cd1d924b0e3b96fe38ce46b2adcc292d073b6d,,,0x5a0c039e93a5f22082255b353721bc6a88b7aecd5f088ce9a0f5c170f8726751,0,11398994,client_a_preview,0,processed,,1780976653070
0x6fdd562fcf5628bddcb6b47a2710e67deb4c887ff82fab00cc47dc6a4611940d,,,0x13edd895caf9a84328cd9d87f4d2bdd11baa0f04ee51819a739f1ab4fcb4e029,0,11399031,client_a_preview,0,processed,,1780976669277
0xfac398d1e4fc3de30525d7fb26f00ff8971405f6f7623f55b48e6b6f0e7d91ad,,,0x57cffbffd5e7960f0902dd3597103ff82ffe8c7a9050e4aaa446941833d5dd4c,0,11399056,client_a_preview,0,processed,,1780976677897
0x0c410c3a30c3a06415894142ca3b6338e8e2f62f91ab16d35cfc51462c208d56,,,0xf8dd6b3d985bd30e656a6275751e33c8e779db8d67c84cc36ab2cdb381e84ee8,0,11399065,client_a_preview,0,processed,,1780976681786
0x91be5c6af93f5007c979d4f3c9202433eae7d73621de7806f639aa967e292470,,,0x383df78ba4c68831b133a1c1113862b7b461127487d9f2e65a0fa55bc79596f0,0,11399095,client_a_preview,0,processed,,1780976693415
0x939435425f00683b7f6ae366b79abb7fa7b5b7a34a4eebd00d94afd3062680b8,,,0xe52fbd1773a500ddafecb2ed99190cb3223f6598b7424fda45bdc040f55d6406,0,11399303,client_a_preview,0,processed,,1780976773142
0xbed2d2e5e271024b8004df048c1c871876bbac0627e1cf64a7337ca44ff1a20b,,,0x9fc86ff0f9242670e05af027e7eb3403ec9d3c7109a3220b426c88416dd39418,0,11399329,client_a_preview,0,processed,,1780976783741
0x30cac53a0017ecc2a709aa88c05affc1e28f678e9500f38414f5996b6c0fd6a6,,,0x48db3b7fabb086e28c6e7dd55d6d1493c233c8f5a7a882c5228d44e921782919,0,11399344,client_a_preview,0,processed,,1780976787267
0x8a8d15ade39d3a315ba45b9ab1127f0dd93d632f423f64b3bcb4d638a5866945,,,0x8819bb698a368272664419ea1d96416171249340a5b2d5ea4c247765d5e3674e,0,11399366,client_a_preview,0,processed,,1780976797135
0xd793b259a9f12ec37656271a21e159e0e6025ffdd099aa682ff707c615d2aa08,,,0xec952f4f5bc5c660b86c8f0c41abd5e62374ef874b89971070a2af0d4779f741,0,11399622,client_a_preview,0,processed,,1780976900347
0xd5d791e41e4267e6f380ad783aecfde63b356e0e0211468d3163ccbbe7812bba,,,0xdd40e69745e8ac62fe8c0c0355ed31ff6a297cb1da7baf8f46e70128cb669136,0,11399632,client_a_preview,0,processed,,1780976903539
0xd65ca881d9aeb2e4b0beec0f1e912f5b09db87b1e636e60cd3f34461f1a6b20c,,,0xb5af6c92ffadb2afa702b0b802dc25a6cd4b7a81410b36775dd5809d96f20355,0,11399690,client_a_preview,0,processed,,1780976927543
0xaff9a54011d7b9de4d58e2fa67c9eb9eba3936f11b94166cdcb6c7430d1f3c34,,,0x9894f1e8cd341d5b1877be294cdb97034605d0ae20cff60cacb4e49ba7775f51,0,11399702,client_a_preview,0,processed,,1780976931698
0x2758f93bb5e2b4d19e8670cf0bdf05b09f2630c110feb820f48369c6986d6685,,,0x632fbeb856653611f1734a1e1854cdd4c70fa2149ae77e6092994f266f1132c9,0,11399781,client_a_preview,0,processed,,1780976967355
0xcd458d28603cad61822fa0ca8908083832e816b58d8e899e912b492aa02b52b7,,,0x99750403742638d4a6c2976ef1bbfe390b1b8996c65669dbb4852ff3f05f424e,0,11399784,client_a_preview,0,processed,,1780976968553
0xe24e1b1e55a6da2481d6d4bf767069259d4c2bac97ab4077fdf15dbfd532b286,,,0xdc5358542ef5e69921d49418c4ad36dd632c1e6e878fbcbc54311f915c73f8b2,0,11399845,client_a_preview,0,processed,,1780976992374
0xf02a9c51ec69b6c4c4df40a28eb925861de0fb644f719c410cc8250551ab1fe2,,,0x7064b513a8bdbc52c9095c18a7778c29d31101d99e7df2c93e9f15e83d3dade8,0,11399902,client_a_preview,0,processed,,1780977015859
0x20f4cc3ca833b2c795b5393ab67f3b6686c55fe5a8801a1eacf60561a3aed8d7,,,0xbc815f4a7b6fa217e5cf6bd77f3d231b8f0b52260df0e9becc573cb01d6f5f8c,0,11399959,client_a_preview,0,processed,,1780977040367
0x8c23f0f03aa2e2d24726437b1c8eeb92224c768e21f9695a9773e03eb00e3027,,,0x1ef6312f40074e7cbc12c1386e3fb39fd4f870603ecbdb48c4866aafbb5401f8,0,11400010,client_a_preview,0,processed,,1780977059466
0xd5f96166ee5fb01d382d241782ad112ad194a9ce9114431d212b7cacfaa82092,,,0x8f8bef1f6deadb9217c32c2677679a7a321096971d5f49aa4e1ffc9faa43d823,0,11400068,client_a_preview,0,processed,,1780977083545
0xa431fef9f8652f410c0cc3616522f2ed50ea81de512f79acbb4f957083afd3b0,,,0x65c63a204a5280f58d4b921f906895faa9d55a390a6db94910e92c6441859c54,0,11400231,client_a_preview,0,processed,,1780977152195
0xfc65efba6915071c77dc84a2f0d5f6455e9faac4c86dfd96864d2f61e9ea3589,,,0xfcbecdc22452c68e453529dbe2fc6faa4526bcbcec85e7f1226ca78b6bb41f33,0,11400286,client_a_preview,0,processed,,1780977172937
0x1c192aabb85a52487d2d294fde590388a5f91667a8dcbd4903ca292493802ef9,,,0x3992f309d450b57ae481c14f08284f504c3fde070e206344dfc1fc8073491c36,0,11400299,client_a_preview,0,processed,,1780977177686
0xf9aad9b11cf40a7666348931e038413c4010b7b1de60e8ad439498dc7647ab38,,,0x6fadf220b4294d30b54b7a97aab4b9c2281891aa53bfd88c87b4d681848b49b5,0,11400305,client_a_preview,0,processed,,1780977180202
0x850bb268844500f66e1949135c9f88179309cab0865824c5a27d5f51ca763689,,,0x1cf84d09b6a53c655ca0e687346f335855ae1955f58940027d4d04211a0db9c3,0,11400360,client_a_preview,0,processed,,1780977202699
0x7f428d42a3b85f0219bccea6deb70921b5ac99662e18ea24781145613903dd6e,,,0xf4cb59a4e5958a5556bc7127d2221f44d458865c0c1446330244ca67cb6b9aba,0,11400380,client_a_preview,0,processed,,1780977209541
0x0572c0675d0db334548bbc63271fdf5e6cf06da596506a5e951633f77d16fdb4,,,0xdd0ed2f9a1e650765064e7a67983337472cc121e45d294138970f3de9d3edfcd,0,11400407,client_a_preview,0,processed,,1780977222210
0x5a88e7e5403d22d671e58e5d2171e556d21de93b97456f010309231f6b3d0f7f,,,0x236b38e6370eadca2e80608aed47e78bfc79ee1a8cedb153b16fb6291c824228,0,11400465,client_a_preview,0,processed,,1780977247192
0xf9187ac4f15bee3a141ce6bd86c68c6e2954eb1c6660a844bc6ce53878efd923,,,0xb268abeb2ebeeed3124d94d9755e572f4bd8acda1096ba57470e25182417b09f,0,11400589,client_a_preview,0,processed,,1780977293410
0xfd067434ceffa8d0b30841c8dc333b357afea9c9ef2376248c9300a29b817e7e,,,0xa3ca08be2c67d55c0300dc8173412259046c7f6fccb74a74ec909153770f9dd0,0,11400603,client_a_preview,0,processed,,1780977301334
0x603644a6a9d42aa8e79647a757f550d90f42785f96189e3f1f638db6d2b14220,,,0xc22a84eb14f02503f713bf1617a3cfbdfd545d8cf65744204bedc6116ff999a1,0,11400605,client_a_preview,0,processed,,1780977301560
0x7c8f7b3e1dffaa32c1af16d58d83f0cf24d0073a3c509b3bba6b52d678d289db,,,0x0214fcdc28fd09ea888686bb88a3bf46ce87daeb4ea098c6a3a6d1a655443f22,0,11400668,client_a_preview,0,processed,,1780977324730
0x9b07c42502b569f5cc24b454080589c1b199ba27447f9d984292d22770226b6d,,,0xb7b500f9bfa9d6e9f57e64256d1fc0c9c37f9bb31532f1e1d766a2828573795b,0,11400671,client_a_preview,0,processed,,1780977326427
0x9a58c2c8a288b7b3ea25c9f1af5acb84925cdc32b2c714495077af2246fdd2a9,,,0x011ec3f6a30cc4b6bbf9173339f33f95e1182340628338a296c7bd71f6441d95,0,11400676,client_a_preview,0,processed,,1780977329045
0x59a268369a8e7975b7260e28243d3b5bc4b686189e83ea09d7f2b33f3030721e,,,0xeeefe3ada46f57f334f4ced0faa558e64756bf1627ca6a65959b3e4ee75f4703,0,11400751,client_a_preview,0,processed,,1780977358495
0x9fa58e7b7aa5e81c1dfe4ef0f6632253ed30aab982414cc95f3021e3413b5e05,,,0xd0769656f5b92862cedd22aa8ff77bcfac5834e511fb2431ab270517613c1947,0,11400776,client_a_preview,0,processed,,1780977370644
0xb2b3a54b3639ee1aff4734ed281b508c3caa223bd41b0d633cf0624855d769f0,,,0x5e6dfd95eb5d37dc97b7d93b5c0eb0a2e204527991964084e3d2ee9b75750e16,0,11400874,client_a_preview,0,processed,,1780977408640
0x011830be08ae5a0cfb4d2b9f6304231bf54ce259fa0f36f9652a9d237fe163e9,,,0x0dbd84a973599f1e8644fd3b31d56a0c9b04b287ebbb147358432313a5ae31aa,0,11400877,client_a_preview,0,processed,,1780977410361
0x8c9d011357e41333d5f985d3724483c300068f399aff7fcc94ba475c88848e2e,,,0x846248a565a58dafde80e7b02184510b89be3668f8dbc88e2914e66a14662a2a,0,11400896,client_a_preview,0,processed,,1780977417432
0x495de3a4fb2084daecde2ec14992eaf8a73fd0a8423874eeb6d1e0a507cb67fe,,,0xe443efa2b8ec84e3309754b8c9d6880c19a340faf68c5c38ee9620d5fe02fd31,0,11400941,client_a_preview,0,processed,,1780977434130
0x222313a13beb23a490c035f411a2272e59a519a972fc3fb481cca065054107d3,,,0x712e2c8612d714be6f185685755b67fdaba561f082e03d967570a7be56670c16,0,11400944,client_a_preview,0,processed,,1780977435777
0x8cf3d42520ce7774ed6fa94def2b367ae521664ffa9eb82a77e9da92163cc196,,,0xc35aacb7def057f32a111aac6635e52a8c52370ffb58631df78b8d6ff5c7c90f,0,11401262,client_a_preview,0,processed,,1780977558672
0xf43ce5db97e28f25767286dcd7a1e9db62d817d18129a808b94b5f26606bb319,,,0x8a9fdc3fa2c2a30ed4cec8ef692b7c03f6716d439fe593b34d2740d4b1a4c41e,0,11401334,client_a_preview,0,processed,,1780977587500
0x3bc2b0977da38316c60be70e070fd94f2f9dca89fdb050efc1f5b21120a0f070,,,0x720116f0d072a75acd730d998aee2ffdc507c10d9477c2d25c30c930c0a2905b,0,11401465,client_a_preview,0,processed,,1780977643763
0x4e2cd7246ca04d39f18d478ca600b088d0ced6c7e5445f1862df835c95f145de,,,0x0441471dc364be6caffb773e7ae73f5970c2afcdfb040457aeaab53f028e85ff,0,11401503,client_a_preview,0,processed,,1780977658360
0xc5621ca73ba3b58a360b64465e303665d4706a45589b81c02dc7795c9838cc91,,,0xcc8b30c2fb02c1629c982b12d00fbfaac4e444f24efe1076e2bd55b8a4ce9130,0,11401586,client_a_preview,0,processed,,1780977694479
0x4a9607420295952b2c8f2abd7c97298265712c3cd58b1cb9fcc823ed7eab175a,,,0x68fdfc6e88df1b2e1e815181983613cbd6ab32cc36da3eca0240efb6ffa0d475,0,11401660,client_a_preview,0,processed,,1780977724176
0xc14414d92c429a21d385a0452225da232cbe24156f704a1a02ccf700d0ab7ef8,,,0x57009b80249a55a2564f3420ad83c4d1b5fc3e92326b6a224d0e49bae8315dbf,0,11401777,client_a_preview,0,processed,,1780977771996
0x66d9b275aa1ecb55d44f0fd07a4428bba012bf4ea44eaa8ec08ad979e735ce94,,,0x492621350856eabd4a3fa5c3b9c66634df86e0048deeb632d9d23575dbbb1a05,0,11402159,client_a_preview,0,processed,,1780977919044
0xaeba5cae792b7a291a39a3a7aed6813c5d11512b6669799230054b88c97cad8f,,,0x8c55c48e2ba37bb3a789ce32590d25d64f32fcfb631fb6268b107e470e3affff,0,11402208,client_a_preview,0,processed,,1780977937612
0x306324bbf4d3660f9b1d5fb3c76bbcb6d5fcbc0f7a577a586387163ce9af8016,,,0xb297aaf1d3833eedc485d1e98bc9811cdc57ae23833033f4fccc875d30a6e49c,0,11402222,client_a_preview,0,processed,,1780977941571
0x62ffebdae96cb5cc098f7721cf1a13a18945008ac34e51bf7115b2c75394fdbd,,,0xe532ac844e45d05cb49ce5db98d31ee9ebad4b4bfafcf5019ff520309c86c6d8,0,11402223,client_a_preview,0,processed,,1780977942374
0x02e61c446fe1f5cc878ba63f0761eafece422c2c2771c47e02b8a66b77d1060d,,,0x2bf5cc7868317de5af25b767e7caa7a15f97f1da874aa51ceb5405c7b42dd7fe,0,11402277,client_a_preview,0,processed,,1780977964040
0xb444f93102e8ce9e3e0bfd82b0dd7d87096dff218e0bf202033d77170564ad56,,,0x449a5a68f8cb008c6fa9eb8bd4b9be196ebe377cc364d61fd37e9a2b647a2df0,0,11402294,client_a_preview,0,processed,,1780977970154
0xbfffc9ef314b30b219c4e949e719d13034266af6a3f2a81563e0bac6ea4054ce,,,0x00dac9b17e52b7301f64445b3c48ca8ba24c99c1f8c24ab0a9056e0c644f9e64,0,11402422,client_a_preview,0,processed,,1780978021919
0x07abf07a49a6aa3c0d421aadcf4e5aaecfe8e214af9d5e38d34e918acb52c9e0,,,0x60ce60d54ef56f1d60dc5f090b5d33e9139ec64044608b9d2cd04985fbf9b742,0,11402491,client_a_preview,0,processed,,1780978048644
0x6fbb8d540e67e9d66f5da0a94a94264c153b0d866f4bed2d8b77f8702f421a98,,,0x2ac4b1f2587c2eb25d733d0193212f9b278e4242f8d27d2fb39cd7271604f65f,0,11402624,client_a_preview,0,processed,,1780978101592
0x830b9c98e86cb33b286f6d1aac4ed92a506881e44e564c878402180889461976,,,0x87b60e524cf50b58a468f0ca0de33c219b66a8fececdbf1ea76dd01d38a237a0,0,11402687,client_a_preview,0,processed,,1780978127437
0xce2b01e027aa910b9e94ab5ddad959c06e0c25eda2f5d5cef77804935af4be0c,,,0xd271472772729b6cb6ed3d96da49394193077461c3afd2573ab84de08df77f15,0,11402748,client_a_preview,0,processed,,1780978153085
0x88161e58d0aac0845afc72bd3641c10333072f0c4f1850758d73b766e4545398,,,0x28c7799452097785deddd7b1f205746a9452af29b4fb0d605c601e2a04ff85fe,0,11402796,client_a_preview,0,processed,,1780978169733
0x6163a032e4d9a3dee3e12d1907fc509bbb579b426e3a8163ad45f0ab712924c4,,,0x32c1f0dece286e83f224ab0ad2ad4e510377f3dd292612d1696107e580098ab7,0,11402799,client_a_preview,0,processed,,1780978171011
0x2e325a6a1c92b64741190d360f84c211d9693808896e9ed821f3fc034dba0f3f,,,0x132eac12df831a86ae4570b6f90c4d358755a990ebe2259cfb0c05632bce5cf9,0,11402813,client_a_preview,0,processed,,1780978176566
0xce89e376de2c696b8646578db8a2cfd1ab10998fa2f143cab948b4052772542b,,,0xeebe61a53f92e01e77937e8036b4dd8e1d824dd29d0db7bbbbbcdfc5ad679712,0,11402853,client_a_preview,0,processed,,1780978192314
0xd27b770a872edb014a1cdf22e661d55ca8e515290ff996c9ddad5e5322653924,,,0x578df4aba0b6fc4e2e873d871fdc681e094eae1cd1cb765d06a300d0168de2bd,0,11402857,client_a_preview,0,processed,,1780978193896
0xd5fa9339b09af107e929244d4720373b290a86b4ccfcec9b1e55a5086f47b55d,,,0x7ebfe024b3229bc1ec4fdf24992cf033e49dd4b50cf2d586341515c1e240e3e7,0,11402875,client_a_preview,0,processed,,1780978201792
0xcd5f194eef49caeb1e5aeeca46cdcec207283faa02528f17306fa87ec3c80fa0,,,0x6c1851925259866a3ca0805c7231e85e295a1e2148c2a8fd74b49f0171e97448,0,11402943,client_a_preview,0,processed,,1780978228637
0xc889fbd25598d044791527277db8fad1aebae8e662c5187778b9da46826aacf7,,,0x2b08399cc2c0f8b08a14cd0a8c4de58793d467d4111d63d645617ac278bf5f11,0,11403028,client_a_preview,0,processed,,1780978262094
0x05531f00f4dbf56c2b73f0dab0dc4e51aff547d78761b85d8fc2e33a334728de,,,0xf42c52a26016abc62b9ee276be0fec67fb8dae1919eb35ca4a381b200cbc74a1,0,11403135,client_a_preview,0,processed,,1780978304970
0x61ea2bb47f356f6692807b846bfe647292659cf07abce9ad61a5739e546e98e0,,,0xe271095d6f5cdcd9a1a8b564acdab155bc5f69869cfa9ef89590bee8d94cc556,0,11403177,client_a_preview,0,processed,,1780978321466
0x0ae444c2c99516e41e6853c49e777ea13626f651d317022b8f4ace830e660055,,,0x6617506338ca8cf565464ccd8777053492a615d3ea815711210334457e995b56,0,11403213,client_a_preview,0,processed,,1780978334236
0xe367b5f4f6ebced57fb76a91e8f06d42a41a998694145529792b2d9a4aff729e,,,0xcf7f64333ecff0829f1add349afcbfd13cbcc9d8f1b4e590606f6042dcddd9ae,0,11403296,client_a_preview,0,processed,,1780978368897
0x9d869a238879a910cab7ba081195a5f0b179b8b6c0caf7fc368b4ed9b9874b05,,,0xace99bb2525204677b6baba25a2d89eaed1629f1628924d95be1f4715ebb712c,0,11403369,client_a_preview,0,processed,,1780978397106
0x4c77d189919dd54896a3b03db9b999f555408139c62122776e2b824484cccba8,,,0x21252799b12466104ed66e7e2093ed93105af9922d832b839ce1b7beec79eb6f,0,11403693,client_a_preview,0,processed,,1780978526285
0x624d8d9306c1dc8f5b8c90e63e06dd80083fd6910013036d3a73217b5b86fea9,,,0x222cbe9ea25d36e06691cced45db301cd12faed11cb8190232d0b5d742ab960d,0,11403753,client_a_preview,0,processed,,1780978549238
0x02bd76f5c28c7441b12daa7d34fc390a94f4b38938e664f8e3dfa62072c81bad,,,0xc637fd94eb7689dc231d18991c01b1d81583154a753d35a6d31db4d3df7ca2c5,0,11404131,client_a_preview,0,processed,,1780978698700
0xafefdad3311cd68f9f9965f077d8e745291aa728996e800d24340ca6dba0fac4,,,0xff453c2753e5445d28f4fbc27a46b3ef3b7431bf4d748889b09ba402f79fefbe,0,11404150,client_a_preview,0,processed,,1780978704184
0xe42bf856412bd23e9199ff9b7487676ec1e697cfab4e31979b05e027b7c71749,,,0x76947bc7bb8ab774690fb89c7f33de24894276f2ad4af5bc25815cac9355ef5c,0,11404202,client_a_preview,0,processed,,1780978724337
0xd18af7c11383e4f18ea70c347f4c367bff2127f96092b742133652f3c07c8f9c,,,0x7bd66ef0e3a36d4587dc566e700939b0303479ef89ff053512855ec832a44443,0,11404220,client_a_preview,0,processed,,1780978730044
0x591c465ea84559e304c40f52710697aecd903b1b3f65c19ec31945dd88ae6d8d,,,0x16c7a15bfb842a1d35dd3ab7afb90b5953cc647b5f356a597edc7880cad3e090,0,11404310,client_a_preview,0,processed,,1780978767041
0xc837d44b3ce04247a9c47b3998f9dfd73e8edfd3b51c7ea49658aeeee679515d,,,0xb2829f7f5056b00b543755a6d77a7e898f0bce408bbb9fecc489699abeb32c75,0,11404338,client_a_preview,0,processed,,1780978779337
0x5d50c9eb8daf9d9d763c9c6b6420c4ee89589c225f647c5fa5e372d8da93498c,,,0x49507fd806e416a4fd1f919f367d97a59a2e6576d05eb74f587bba31f53cb068,0,11404415,client_a_preview,0,processed,,1780978810916
0x92191d60da5ac28ba28440c74fc6e3a3ae3e94b191e2e17c7383982653df083e,,,0xefe813838686d8663203cff08e85ad34ce82e0d5a9255a2e6ea7d3d035af278e,0,11404417,client_a_preview,0,processed,,1780978811026
0xd6022fef6eec0eef5778ce5e457b23794eb5dd04ad0ad177ed6101f9c2243598,,,0xffa7579aadf87db064cb68e37f707bce23a9855dda3509a4f4950b44955de0c3,0,11404484,client_a_preview,0,processed,,1780978835224
0x1ed002fe12e5d7d0a4054aae2925fca1da4b44789fb21f810946bd057c5f1410,,,0x8996a9cf94ba203960c39db766699af23e6da2b87a01d1c24466704a7e3baada,0,11404507,client_a_preview,0,processed,,1780978842581
0xdc766928613683ebd611a5cd696123245800fa227b6ac556b083d12506d95b1c,,,0x2573f48db3961c7aabca103879a6c193eeebcbae877b21df77c6172dd2e61757,0,11404537,client_a_preview,0,processed,,1780978854986
0x7e1c72d401314f1cc17694b334e0fc9b3c1caf513ae6afe6809eb7759a74f960,,,0x71cb3c1b2839cef397f21ef16e47bf997a02bf30be1215dcdddd8c153440615e,0,11404581,client_a_preview,0,processed,,1780978875240
0x32c79a84e5f8b362901e9ba6d339936b532b5469ee2375f33bd72669d951a88c,,,0x19712c94edc3ab6cef4182b5c51dff5350e31bb782f29e082c1c562bd15527e2,0,11404611,client_a_preview,0,processed,,1780978886226
0x3cc80ac427b560ef8a68df393684600979215b57c725ee0bf4370b06304c1e11,,,0x9cfcd085f4ccd15a4e4036be5095d483b61146b9c59355c1bc6b734a52af9ebc,0,11404658,client_a_preview,0,processed,,1780978905305
0x059ab80db3b9ed8ecd3a4858de3ceec7c1ee1e0e2762022319b10f47531ac8fe,,,0xa464b8809809e2b97fff131219cbf7e897a007431c2bef0b4b867abafef9c75f,0,11404695,client_a_preview,0,processed,,1780978922932
0x488cb554a7a6f93721bc71affa896127d09e79479256522a6a6cb37beaf1b5e8,,,0x474658c6661d0d12fea5debdb2f92174fa7e30190d50dfe436e42e669187e3da,0,11404696,client_a_preview,0,processed,,1780978922135
0xf0d99aef4e24a26d48cbc30565fcef139e4b669baebdcdaf069c3739178a9377,,,0x6188149cc3c54edb22f91949760dbfe353d30720678e1b5726b05fe82a3f7ade,0,11404732,client_a_preview,0,processed,,1780978937432
0x23f5505ea36630d663e48d5a025709ffc67e9c7e68bbf8fd4de414e83f7227c7,,,0x101f480ecd17fc1a0f8a3824d52f1f8150367548cd248fe9c0b3e2f943f3f25d,0,11404776,client_a_preview,0,processed,,1780978954967
0xce62d0a78a06238abd9e642963d56d980c6bd50c9ca32395fcc91c31fe05be0e,,,0x2c171006ff04989b2226ab9c5ceab31356a17ba14156309e712ee5bf4ee2c568,0,11404780,client_a_preview,0,processed,,1780978957156
0xdeaa1d490cce644fbb260a9e4ccc9cada0ab4e286899e9a613d1ad7b9755dfd1,,,0xa3da57bb6293b57043f5d9cb03457453421b604fe7e8e160dc25f6422de9cb8e,0,11404806,client_a_preview,0,processed,,1780978966712
0x11a203cc5ed24e5c782a84f5411ab65c5d5d41dcce63aebe361ba254fe8df92d,,,0xc90f40c246abf2585e88aa83709f4b4012d269a39901b23144580fb3c0ff6413,0,11404812,client_a_preview,0,processed,,1780978969567
0x2b29f712548bce49ffbcae38ec1900a0b4960a8c22f5eb51ba1d4f46f567f69e,,,0x407ee0cac97f3afe26a837cb4d2f5c091dca551c46c7a473d24c30b269a3b122,0,11404886,client_a_preview,0,processed,,1780979003330
0x993ad9553cb9b45b192ed1c749d56942d998f8fdf45d58543dc456dc6ecc7db9,,,0xd03a7178ce389536dc3404b14440fef5a258294ddd1184c94bf05ff8dbf00dff,0,11404894,client_a_preview,0,processed,,1780979006533
0x314ecc141ec8064b8f3822b660f56944506a75cf98a968a6182d7d43fcc9d33a,,,0xe836f46367053fbbbd97e65b3399443769603e9c7ff75ec1f27abbbfa1d9ac31,0,11405007,client_a_preview,0,processed,,1780979051907
0x7bb655febd1620a944cf34b0bf1b9f0918a5c4ffd2409251abeb0ead693fa975,,,0xdbcb2d85c968578ecb99caf9abb37110204f655870cbb78e8484f6589ab87ff6,0,11405071,client_a_preview,0,processed,,1780979074602
0x55151a259a931a194c388fc3ec9f876a4e8ed7989fc87790cacc01a7b8e315b1,,,0xf5f26b11fed706def8b2378ed382e13b84d4a060f6ec6df8679af910e7c83a44,0,11405114,client_a_preview,0,processed,,1780979091280
0x1371384090fcb86249b53ee4a97100f6d4b99ffaa8fdf12c9201be975e8f1c6c,,,0x46ca69f11ad54e0fe92ff2f4ce31b74e67df29d02ee8f45e2fb760b07977ffcb,0,11405143,client_a_preview,0,processed,,1780979103334
0x246c4479c870364dc7665cc341acfc99669bc422e5931e71629742092aeaecff,,,0x2dd5e794da2a5d611c465d568f3afa97c8d8ac36313e217b87aee942567d9579,0,11405201,client_a_preview,0,processed,,1780979126895
0x49e08240fd33e15c6232b6fc0d956a6243dec2a585891bffc79b1de9271923b2,,,0x195448ffe777dde599b480b24d6e2e35efc9af68a1e06bacf92f08ac00d2ea5b,0,11405275,client_a_preview,0,processed,,1780979156273
0xdd7733677c5a7b5d7b7d27403c95bf7a28f10ebdd65d31b9c4c8bc9f0be55dee,,,0xb935a268ae51199a7840d46bbee295a5f373c8271021bfc8e5e6c5ac45935d46,0,11405324,client_a_preview,0,processed,,1780979177143
0xa4d374bb5de136fce068d62fd7040bd1568a2cb407f175442c4a7fef89a18349,,,0x32773d49299c334336a862a989d2d3e40e8927fd970c2aaae5b3a5836c1d7edf,0,11405383,client_a_preview,0,processed,,1780979204148
0xacaadb71d440d2dcc8eedea3cc047fc698681fc32abfe697b164c431eb64ece5,,,0xab8427f1d36f83ba4de8b898b189d74bfb9f7b52b0f057a5ffc3bd6a1ef50686,0,11405421,client_a_preview,0,processed,,1780979217216
0xb1c4f23861c39a5998e0e0f6a46eeacf762e302d8107b45e86c2e8e8949f3659,,,0x829e3a37e056a2b0bde6e09badc1ffba3afbb22a06c1fbfcdba7e82e7f3e8caa,0,11405471,client_a_preview,0,processed,,1780979239320
0x8af3aa5d14ee10974b44b434b8c25acab5ce6401b7bcebc841e047c2ddbb6573,,,0x62159310ff04c1b5c2a69adf87222e3b0ac27810e934a23108de764316665a86,0,11405483,client_a_preview,0,processed,,1780979244659
0x08a5ef25f753bc8af806b4537aeb3f4c0cdb15b9746612052a9b04db976ed185,,,0x7bb2384a6a0fd663e6f35527fcac0d72fcb2afd6dae22a7861161e50703b828e,0,11405535,client_a_preview,0,processed,,1780979265751
0x3200355c1a1a7c6055e8b3d98469015c32c8c1e7b286ccf98310cc86f7980a94,,,0x603b03c2cd8350257a9f4aaf68236e1ce586bb8181f99ba2ca948661454cecbf,0,11405821,client_a_preview,0,processed,,1780979388630
0x96ae4d260e709423edaea579584af20b192f857bae12d2cc3c0ef6bd89ab9900,,,0x0c42cb00b7a5e654fe3b065301a3320f4b07669ce971ce03864cd856a028b540,0,11405930,client_a_preview,0,processed,,1780979435486
0x7c9ad9c4787e8e4c5e2b25cbf8209365988a6534d9084cae65ad53822d50d0ec,,,0x53e3cdfb891e12d640e0245799e2de85934c9c84bdcc8bedaacf7dff4ed176ad,0,11406344,client_a_preview,0,processed,,1780979608555
0xa1de16902e29e5b2f2de661ce9c79be600e0315083043c6dba7bdb8eeaa8ca79,,,0xb7002f03b9508ba1e539511831745568f5b71e4c7512ca0aff76d6b4f6934a70,0,11406415,client_a_preview,0,processed,,1780979634691
0xb08490083b06d0e2b817623627b5b237379bdfd2ce4e21f2ee58ff4fbdf4ba44,,,0xf07174923c8a6178524469d6845fa623f275970880d311fa82ca4fe484297269,0,11406420,client_a_preview,0,processed,,1780979635800
0xe20c65d7289dd10be1cb5910d9a86ab537e2938b5d87a5e841d6a6cdb9642826,,,0x67bf14b2d1e4ec193bd39c39da6e841b60a4537db531d282536fb6982e423abc,0,11406541,client_a_preview,0,processed,,1780979681782
0x878ae231c79d10a5725c8cb5b65814c9c71de31b84cbf70a14bb05a657775165,,,0xbd67282e3267f632173288f91ddb871a5c452b0788bf0fd5860625f2adcc4163,0,11406605,client_a_preview,0,processed,,1780979708618
0x3e6f7521e4e4fd6a7311ed2c51a864bda00da62f11521c61b88b061bdbc90c68,,,0xeb03cd37912b612a6ac0aa7eed4dbee6ac7c2ee5bda111bb8f19a5cec3ce732a,0,11406705,client_a_preview,0,processed,,1780979744597
0xa315286a0dcc9ad953bedd94dd7e57c60208ae91c9bc0f33a924bdc2ab887cb5,,,0x7d6d207aaaca3d7553e11c34fa5d7d3e421d8a63bb35874f1a42015a43324e3f,0,11406745,client_a_preview,0,processed,,1780979759479
0x01cb0bbe7e0f06d9ce7161e47a2c61ceb285f6e5b4023072c9707d68d8711a8d,,,0xcb9ac626103bac44823843f290aeaeaedcfb802c1973800c097facdf5b1ba481,0,11406774,client_a_preview,0,processed,,1780979771572
0x43fa7012e8e827ddca4c511c6c20cbdc56bd71c085eea0cb19638ba366a477d2,,,0xaacba530b96f0a3d175d361c58994ac4dd857a5b3485dfd5ea6ab0ba76889fa8,0,11406814,client_a_preview,0,processed,,1780979786708
0x2780badc211b5a0557d30f14a6fbc709fd28920885df169f828f22e673d69c54,,,0x7f65bc11d6fa7bb5321536f91a4a5bc23b966b52fe6336bdd4e8c696aeafa91a,0,11406816,client_a_preview,0,processed,,1780979787496
0x8865c0098b99d0e0bc31ba67c0f7c2790cb9cbfa65699994d83cd5e7de0de38a,,,0xaefed0fca6d713d3642cf9c00f76370aa5afbed2147d04ef137ebbda7a997fce,0,11406881,client_a_preview,0,processed,,1780979814151
0x41cc5e726019fcb1a1cb0e08b42c7d180e4a078b9e8e377ae96f74b221fdc71c,,,0xe0f767ee0bc5265b26d64079a1afa592ab02ff5da8ca250ae5b5ebbbaef8e719,0,11406983,client_a_preview,0,processed,,1780979852661
0xd5ebbd08606e42580db6853b1c187d0474daf935e7b9e0e07725267094855d18,,,0x121b6ed18d16bd03f86095924c992b69110f7fe0ec3019220090af946fecc643,0,11407013,client_a_preview,0,processed,,1780979865499
0x91953b34555400e30c46d019d5730368185e14ba979a396e51540fc20ac0fbdd,,,0x8cbb425fd005fc4316bb386a617005e953f3def90f43bfda72c004883ae6bc62,0,11407021,client_a_preview,0,processed,,1780979868461
0x47d2396695ff2af31949044ce52523b92d74bc75f5d99baab11c52c476cb3a93,,,0x525eee86946667a65e830c17e8db41967e531b67400592750e6a5e9f422837b5,0,11407077,client_a_preview,0,processed,,1780979891988
0xd8f2d7cc4756ff18e2b00ae4aefe9f91730108e101c0cdccaa70a5afd708de57,,,0xfb6ec8b35bcf735120ed51a1a35f7de8d02d269a0f83982b3d86cec22a149aab,0,11407288,client_a_preview,0,processed,,1780979977817
0x97bd92487054cfbd7da4450137bedcd324c96070d283173cab07c28da036c881,,,0xd5649fb7b3df16bd6123b4683dc9da4f4d06365601045b05cc24ff2db3867b4c,0,11407423,client_a_preview,0,processed,,1780980033354
0x8a3d6f7232f98bcc15bd5e8fc87891421cb2d9d668890fe7cba523cce944aae3,,,0x0f925331a6b32727b9c9c7e58b638b416caea5fcca071dde1e7c7fc1f0be5ed2,0,11407482,client_a_preview,0,processed,,1780980055555
0xf998d8435841f8f54e8f5e8fbb6938ac2ec1cb459552a7f011ca29aadc4278e8,,,0xc24786235891c020a2cc2091f75419a4704dc97fd818ce3c92abf7e86d8b1c24,0,11407486,client_a_preview,0,processed,,1780980056948
0x6758e656ad2ee86d4ce931da5f66eb645dbc4066f98a8eebdfe2eff1f1474b5f,,,0xfc0708dbe55f807e64bfed7e6609fdeee8aa5e85586183f188fed34e87569ed2,0,11407545,client_a_preview,0,processed,,1780980080318
0x4c4b7ca67b3bbe47c2da554fcc7c7d37f83013ee8654bface798cc2998eb7b6d,,,0x8db92462d15a67c27867abe7e9f8a8fc67d2b847629ed5aedb2dba8f1a52c833,0,11407606,client_a_preview,0,processed,,1780980103541
0x12d84173d7a30113f4c56e14e8d128d89ae427995eb8f76522b1f2bb08f9bea4,,,0x2e2fedd115c30ae6fd3ce5efd9aca35e13b438ab11fb8518f4c8a67a1842a8c8,0,11407711,client_a_preview,0,processed,,1780980148510
0x6249a25702fe34e696b61ad60b007b331a610004a20531b20c2a7d122f74cf30,,,0x93ffb5ba342809e8e770194fa8c8a5b089f573fab7bfc4c29133d5b5e2185577,0,11407749,client_a_preview,0,processed,,1780980161765
0x23dbb05e401724524e3a3f99bfbd52facd9b0842dbb8526be820bc0f5642525f,,,0x931aca7b91733cca5ab7b639ccccdc1c38981b192ecb837b11c6ac70a2e799d8,0,11407769,client_a_preview,0,processed,,1780980168375
0x57f527ba2e8d43060840dda6e8462374b751c4ed4a1f32b0760eec2a8dd4ac2d,,,0xbd4d5f7ba81f446adc770add7d7e92f5aa396e0b86e6b7ab9f7079097e9bf963,0,11407805,client_a_preview,0,processed,,1780980184434
0x5cc922234da63891ee62dc4acd9d04d134d88859134f194cf60cd00e5c6ef903,,,0xe9d98674a1c3551be0a1a43360df049e6d2cef71f36730d0bb4a8c9572e4d476,0,11407826,client_a_preview,0,processed,,1780980192239
0xb43b61abdb35000b33f271b1abcf8ac7f2bfd6d482a553d143ef9347b9df141d,,,0xe3ecc9495ca17af38b93334bf1002e39e219461ae3cd086b33bcf8000035e813,0,11407944,client_a_preview,0,processed,,1780980239300
0xc31449de82f37114cdea97a7f39cb27433e66713a105b1621f78f0a0b6942fa8,,,0xbb81c28cdda84f1b66e9d495b9d4144d1625c62721b6d8953b3c3ccd442771bb,0,11407998,client_a_preview,0,processed,,1780980262487
0xa34167116568ee689f3bc0f4b4a663dfbec98a245b786edecb43607d37f225ab,,,0xe89d1e788ed94b18e541f4ef8c6c4f106cd44d6660f2b4d42d02ebeebc3c755c,0,11408021,client_a_preview,0,processed,,1780980269691
0x7c4bee46d9d5e201e04b60d40580220a4393a8ac53833405abd0fff939e7f9b5,,,0x677a7d096796242a9d462295c7a83f6baf71b100870251349b69ad64338ed2e1,0,11408071,client_a_preview,0,processed,,1780980292840
0x4c277b09ce8ca0c2cbde9e53e543138d73ae355e5b6f9cdb8a376d38327d586c,,,0x1b096cd58ca2447f33a685113e88663103e4ebb8d06e94c2bb3ad67ce6c102a2,0,11408087,client_a_preview,0,processed,,1780980297759
0x3fd90f318a5dcb10d60b8dcd109625de57e00d7253051b81150852ba4f85d247,,,0xf14a175647f04ba02a14cec53b07f572b839ef09aa14568e8a50bb2bc115bf56,0,11408268,client_a_preview,0,processed,,1780980373619
0x3c509e1930e891dfcb832b50b17ef448a6266ffc119a2d04a3215bde65c1ae9a,,,0xb2fee5bacfc227a618426c3a2294454b2f2d597f45f8bf98566740fc17a0ce41,0,11408312,client_a_preview,0,processed,,1780980388618
0x8984f91306d97d8b01ee28e62e7c124102f49603c0ba1605225fdfbea5ff0a7f,,,0xa38db152c67eb7ab1735feaafeee9bae0ba06ee1cbc45c2bdf4d18903539cf4e,0,11408435,client_a_preview,0,processed,,1780980438399
0xf2e3d09e2cc24133075a22ddf76262fc42bba6367e77fdf3d7ed5979f302c709,,,0x0e9f75c3c6c8dc25a449f2c401797324491e2b33d4357e658c93f0c2a88c9d35,0,11408707,client_a_preview,0,processed,,1780980546463
0x84465e7831bf36fc722a156c8b28c3133d90a02646d1aadb220eaf3f5faf5a6a,,,0x7be09fdf9ba84453a710db583f25b1e52366f8665193c75b84acd813ee47d7b9,0,11408748,client_a_preview,0,processed,,1780980561840
0x7dc542cdad3287a7c5e2084b2b5cbabae9c092e2c8f1adc67458d63d4a06b02b,,,0xda58dca45f0ad69ad7dc2c49353dd455ed61c1f92915249343a5baa799f78bbd,0,11408821,client_a_preview,0,processed,,1780980590500
0xbe536b281f158ffb22565b27288f6401d7be5551ddae819107e1bc0d342d459a,,,0xa57f3dfe2c036ac84c057665ee0670132710b915a4adc4f5d95d37719fba2fcc,0,11408987,client_a_preview,0,processed,,1780980663345
0x530f17624a15f76200713c54ad26b94fafcff65cd548b73d41a4dcf0dcf9b64c,,,0xa3b3c415d831b009b471e3c67e486f16082f2774286da7ecf306bcfeb24af840,0,11409023,client_a_preview,0,processed,,1780980679570
0xc677d9c01edc1f130bfac0c126d431ab0eedf0d650e42c6b8f085af566057f87,,,0xbf94a9cea802ed27400093b05825087edfd256c8ac10d52c8d86662052308e66,0,11409147,client_a_preview,0,processed,,1780980726337
0x5700318b796bc20ab50bb4fb7428a05c249e7e1720444527b01554786fc53f84,,,0x87fe37812460111e44ac95ac577b491950d91fc1ffa5cd5b7a6a103b755a2483,0,11409184,client_a_preview,0,processed,,1780980743976
0x335b9f236af0e0981ba0105f31f8b62b6ed5002e7137ba834db95d34f745ddd3,,,0x549dcb5f606d9abc1299172c304cd6e0fa07f5962e75f695b1bb4d4fbca7ba2d,0,11409385,client_a_preview,0,processed,,1780980822526
0x74797766b9df23064ecfcf24a08bebb73eef22619ac986b04ff457a7cc6e8f95,,,0xb85a207defa62aa291dec1356b2ec11b7e9047a0133130edeb1f6ba2a6409122,0,11409418,client_a_preview,0,processed,,1780980832736
0xbf77c54946c7dbd112c5d6034a3150c87b090f4323fb122a7989b810f24939ba,,,0x95332246b52899de714c72c921eaa0355e0308a3ae721917560a35f4ff0c2a46,0,11409423,client_a_preview,0,processed,,1780980834293
0x0930b054a3df05460b32d20d82d10150594ff0cfbdb07e6d0134629fd39aa2bc,,,0xc196bd61f39803a14cda2efbd4369f0ad147f9117de2ccc9d9a77310b48e7b1c,0,11409427,client_a_preview,0,processed,,1780980836264
0xe04eedb1f6ef3eee4002ef0e7fce0c66852db95b6d69f4bebbe1cceecb5a4a88,,,0x566e154ec47e3671200770294721010515c6fe9df7e58be4fdefc9069f24c976,0,11409501,client_a_preview,0,processed,,1780980865080
0x20e29f2887c84e3809a83a5666023036360c29ff3b9eb7b410abee298644c72e,,,0x8174868f402f603ad7a17b55d14beb4bc0f703432be74cae94b556cc4c436ad0,0,11409534,client_a_preview,0,processed,,1780980879370
0x5861f89e8a38f4e753fae02c28e7747029b434cdedb10be3650aa967b02f59f1,,,0x1f09ee99acb4cf45befb402299ef0d5a318386f22628478356159c0d62751d54,0,11409716,client_a_preview,0,processed,,1780980950355
0x49894f848ee618b227ae57e42c905f99bb13158ddca26c8ec7480530eb783642,,,0x3afd117b4bd1d96b54223faa7f32c3814f3a82a0e165e823943146f30073a322,0,11409735,client_a_preview,0,processed,,1780980957317
0xfd68b41017b9de7bdf82fe004a67c24382f9dbc000d8ddaab4c850bf0637eab4,,,0x24c9ce988595163de27c49a12a328b96e580afe02a23082519df9c944c976b10,0,11409779,client_a_preview,0,processed,,1780980975251
0x7199ac56484c55a2ace5ce61fa79f910551a9a2d733512cbdf6c67200162cbeb,,,0x51a0ab04acb1794299814a9e05a4b9babd5b658a91cd12e32e00e3488a858acf,0,11409810,client_a_preview,0,processed,,1780980986936
0x5be8ba1af3b35e7339d7d7f3fc6d0d31ca6e0b7dd67721adda3c19cca01bec45,,,0x6cec0237d5d889678ea0bff60413bbdb1fce967e724c8dc203034e75ab591fe0,0,11409878,client_a_preview,0,processed,,1780981015469
0x2064874724f8f875e94da20746c413346790c0f7e47a9bab7371f894efb66b6c,,,0xd35c6999c531fef3a80c742435252caa784bd337b89f0d785d1a5606f7862760,0,11409912,client_a_preview,0,processed,,1780981029244
0x55a4f3036146223c9e03359a538eece81609bee9a4ca7bac2f83696bcf42885d,,,0x4315c107c1501f208524a65ebd6bbef57b043bc5accf1b328d33f569b00e2c58,78,11409929,client_a_preview,0,processed,,1780981034756
0xf4cd07b54725f449db237089ec9c998da95a56ee725d6a8248da54687b699792,,,0x1c776fdaf944cb434820ee83eebb81bbe5af6eb3cf8a51ba2226c3053b4856b3,0,11409955,client_a_preview,0,processed,,1780981045562
0x67717a25e0856fd3322bb65ed065588a4cbc7d16ab811ef41b424c9c4bcc8960,,,0x0ec7adf204003f5b189197b9dc935398fd8785f7a6e6000e275db76fd64c43dd,0,11409960,client_a_preview,0,processed,,1780981048178
0x2b361e79d3d234b6dcdafccdd42a7e198dfbdda62dd12036b2ee301a6ed5f1bc,,,0x402d46fc9bb03fc8f1738e414a99e48049911a34d0a27083e270530dabf6f763,0,11409968,client_a_preview,0,processed,,1780981051296
0x8a871ed4bd493d1f562238f9dd1654ae3c7286b2e42679997de39ab93605dc48,,,0xa4079ea49bf0b35373b3b2bcb9dfe8b3d164f582c95dd7d26d7e06f6ecc059fe,0,11409983,client_a_preview,0,processed,,1780981056063
0xff9172cd087eb722e9ced54d6d510bfa59f7f1b701a309fd27f61369cebcf2e7,,,0x869f0b19151ada9059db61bb404954a9a05f4b805cb4985285a86291e5687f0a,0,11409996,client_a_preview,0,processed,,1780981062491
0x8bc830627e10fb3f0903266eaabb5eaf3f683174c1832ce83bbc1e743a871ba5,,,0xbc4d4bd732b64c94797984c3ba361e4d5ae98b447ebfe78e36227855eb03b5e3,0,11410048,client_a_preview,0,processed,,1780981083976
0xb656cc8dc6c9411d41b732fbd3ded74e40eeeec637d100c35ee86fd093e7f81a,,,0xfff1f96742eca9b090a4b0aa2abd68fc92f93eaeb4fd2427666b5226bf6dbff3,0,11410085,client_a_preview,0,processed,,1780981099030
0x05b8aec552883cbe9e8f5f07c332e0e1e3324a2094712158287f685a6c6b227c,,,0x63393f83dcc08a6c6522b2331cac6683bf83345488b8675ad77a3ed3713d299a,0,11410215,client_a_preview,0,processed,,1780981150931
0x9a352da1830f5c77ecef508c5c521e91543a63723b3fba1de5171b09e6796012,,,0x9553bc563b261e3ec5c82449432adac50741734b1f9d2f7081a737083931f448,0,11410241,client_a_preview,0,processed,,1780981162229
0xcc25968f9b79877204599e523ae80b2a41547863b4151c244c85bfaeabd07e3d,,,0x60316d6e7d898ce0c917669d5da83277c3572f4e7bd3f7046a31ce1d959f1cd7,0,11410244,client_a_preview,0,processed,,1780981163975
0x60dd9f6b8c3eae0025f1a0392ed82b1d5ce52aa9fd06175203d6568e73c8a3a6,,,0x01215dc3079cc456333fa25f1f884d669a35b7cacfd8051be3e821cb464b40bf,0,11410249,client_a_preview,0,processed,,1780981165740
0x9215cae932f9b86c2e12020431743982078683789e3723335a999d14124b9582,,,0xc078edaec7b7b6db3d3ad3ba5278b4e460c41c6e9af8940eaed821802f8b9269,84,11410252,client_a_preview,0,processed,,1780981166599
0xcdff2bae8773cc75aaee9844f84fc611083d43870547c26f4e67fb44b48ea726,,,0xa2fa3cbcedaf31758611ba5438d1155fc26ca719cfd8c38da4d1cf801b5497ef,0,11410255,client_a_preview,0,processed,,1780981168396
0x2d05f00c46bf1472945b877f7ab53c71cc83e066d45cff0a8e6b67773316823a,,,0xbac3585c7f08b1c2eb8958e9fdf05d58b63e624d997baaaa9393433e5f890f51,0,11410278,client_a_preview,0,processed,,1780981177073
0xbe2640829c43eba0c66998fdc84fa288308031973ff6495fc62fd8dc9daa21fc,,,0x4493cbb910139edaa8f4468df424462437eb88e4b781bd1ac7ff2e15a08648d2,0,11410281,client_a_preview,0,processed,,1780981178339
0x62df360bb5444b593ef2640fad3dbe11c25178d0e418432c1463b243da60a311,,,0xddc8422b23bf97a5e23c5588ab26306c69cf53562fd4e1617df9f494a679536b,0,11410331,client_a_preview,0,processed,,1780981196168
0x92c12058ba8ee7b8ff8b8f5d3ac3209c65c5d0fe0b2ef0f7af0af7c66d842a49,,,0x5feafda8f53568a43700204f1431198686ff08a1d9601291efef82d7c4682d39,0,11410366,client_a_preview,0,processed,,1780981214272
0xbba0b25c7bbdb52ffa44098128aad1cc3f73868953620b30ec064dfffaa02e45,,,0xf020398b29befa11b53cb943bb519a473f1ff29204f4bba6fc3d9bc46106f3a9,0,11410443,client_a_preview,0,processed,,1780981245412
0x6e14d2e5e8b0dbf959e6a9cfa0a56caf880330471193405bf326e1f35be9ccb1,,,0xeb7b2636ec6dcb823e9730edac3ef55087fbbaed1b71995db50bf4b6de4efde1,0,11410478,client_a_preview,0,processed,,1780981256899
0xeac303b4e172f53b4559f2afd2802348e1f84bfa2c7ec149077c9cdc0f416103,,,0x269733b63552ceaf4e1800c6e549362b16cc95a2a99a8544fd7ad3d6739decae,0,11410489,client_a_preview,0,processed,,1780981262999
0x08a86b2d89e3e1a8fe2665fecd1f754402e70bb32853c636266760d9d69bafb1,,,0x37c20dd89d9c15842d5f2acf2f09c8470f515c8b7806229c64cd028a56a63f5c,0,11410493,client_a_preview,0,processed,,1780981264263
0x1109a6358dde0694411643381d8a154278e3ac0e977457887f2d3697776f6439,,,0x48a968b0280612aacb9dc60096705b7e7811d2ac99753466f443fed730ac0d20,0,11410496,client_a_preview,0,processed,,1780981265598
0x5b124c69eb0222580f371ca5189958b6fbdf5dedd92234f8452c3e376ce5b7e8,,,0xa8d0f2dbfbd724ecc219e142cf08ae43683725fe41f99ce15b2090755a1b807d,0,11410521,client_a_preview,0,processed,,1780981276345
0x8fd6c19a010228ef071c93bf413f2e382308e86f1dcc7c686198c5672939f851,,,0x7e17a472261e054a41c15afa291ae3a03786ab212000cf1dc94a9f0616e7ef9a,0,11410526,client_a_preview,0,processed,,1780981277974
0xe50b95fa45077792b7b6376be42db03bf82883d09351fc63c0ba4daa23ec5b7b,,,0x08a5a6b3062e08acd9ef9414e8807c3bcaacf5d9bb24f5e65a2354f586ccd89f,0,11410530,client_a_preview,0,processed,,1780981279728
0xbc61a844a548e3e0e82268ff0a18a6648537ab3d5b9bc6236dd06bbfda7f3d9e,,,0x951753ba67d6fa877c164e18e8e9ada510d4b8c6c63750c4f479b14dd95bb643,0,11410532,client_a_preview,0,processed,,1780981280393
0x52f45c54b456bbb595d7865af105e12fa9116e934787ee4411874afaedb8b61f,,,0x4423aea69275a132cfd01e3cb1edad4d8fcfda4b003c97b9acafab39c8e22d42,0,11410535,client_a_preview,0,processed,,1780981280796
0xd1c424f1e17bcb045aedb5a8f6a387b8bcd57cf381f2c7d2d29e2d7cf0eed11e,,,0x90a25c6ce47d7c3d1f9ce3d2cc1d6cedcc2d209272acffb6b2067cf2a19790ec,0,11410561,client_a_preview,0,processed,,1780981290654
0x1e9ef814423782732fd37af26a93db67cd60859fff0be6bdd56ef0892d91134c,,,0xcc1f3a71a2be3d6fd5f581ade379ab837a621aa86c3d24d399ad25e7e2686402,0,11410565,client_a_preview,0,processed,,1780981292380
0x13a879e044ffa1c8aaef825c269959743bb9c6c5bbf7c74e30276b2ba88eb33c,,,0xacb60303351009fa8ef166f03a4ac149b480d15eeaf4755cc8b0d2a94c4983d5,0,11410609,client_a_preview,0,processed,,1780981308769
0x4f3df703afb4e019d0189e25884b46d2f319e51995a8be8fbe103fea8b4f45b7,,,0xe7a6bcb1a03981764187cdb2ac5a7e12f3858014f9580a8eb1eb70c5956b2ab4,0,11410643,client_a_preview,0,processed,,1780981323027
0xba6d014be7fd6ed92abc3b8364298dcde8972766928f4a17e15b6a83e1c2b02a,,,0x46552928c7faf7a603ad9d0c49567c63e639bdd4cdcc41a8ae303cef7eab538c,0,11410645,client_a_preview,0,processed,,1780981323898
0x2284c733bace418e137a7cc1cd724c61026e780ea7fede5796c60fe19070a924,,,0x7250690d936c1ed6647fcb1138a4c75265a3f4b3f744fe71d3eec04b20edab83,0,11410681,client_a_preview,0,processed,,1780981337622
0x3eda95cdff197eedcfed0630c47328ee7afdb18f4c8b193c29b9e24915b242a7,,,0xa03a7944514bead43132da18c6390788232a1619595d0f3421f36df39300f718,0,11410724,client_a_preview,0,processed,,1780981355835
0x6c74eaba0aa3bdf7df4f90c5adf2aa361c84048c9d4c346df1a665626f802c2d,,,0xb44e8c7619f5afbf07bf8771f5ba8abec06e62c2b321a0d6be7a01f4d7026b4a,0,11410755,client_a_preview,0,processed,,1780981367169
0x7d8e33b380ddfcbfcaf06f81d8d2a3bbff9c9f2db428e5a820b2230dba713479,,,0x8a2705f3ca6aba42cef614438dcef24a276203db8076780c286c5aa4e84e59a3,0,11410768,client_a_preview,0,processed,,1780981372402
0x6e08ce9ce07502b4087eeb4e44186e8ad38701878a56a6be07945cf17b40186d,,,0x859fbfd72d67d2b7776d8b405d22fda397ba084e1b5f710b12e61a53198e7356,0,11410771,client_a_preview,0,processed,,1780981373496
0x9d825fd7b110b9b91dff914b27475c02ba9aeb97a925537cde97a7b79c512c6a,,,0x8dec1c528325215f935963c981ec2efb28585a8a588281157906e18e59c8d21a,0,11410777,client_a_preview,0,processed,,1780981375255
0x9b28e0d8427cc436989ea7e77f54be8396bf5f1cbbfb920a83f021df6dc1fb2b,,,0x018a3224e3131689a144ec388796d3fcbc7410eaa558d2d51db6ad868ddc6753,0,11410800,client_a_preview,0,processed,,1780981387148
0x855f228b346c8f4bc82092cbdaba935d1f732ebebe404aa1756b90f6ee0e7a30,,,0x55da1d66989887d64b1e3d7cbd05f2ebc6b8e63d4ea37f153a0edbce7941cd9f,0,11410804,client_a_preview,0,processed,,1780981390467
0xa877db766a5f109976bd7a2fa2466e525d2e03412552ad397ceae841d475a0b8,,,0xf01c96cb8a6ecccbc7621656a6507e9fb885df48e563aae2bba39c7aa9b381f3,0,11410810,client_a_preview,0,processed,,1780981391583
0xa40d30e40de2968d21ee12ca99098ed74a262beb963074cff5e6c652e2a7e67d,,,0x7c6a8019306775e5e61d9a23baf2de6adea0ffba65081248321951f29a27b03d,0,11410811,client_a_preview,0,processed,,1780981392170
0xd0960ec29d76923065dd2c245f929e5c5dbbe43156471d29d9ef06293dbc361d,,,0x497f359e141f32aec85efcc0e6117c3b8d7164f5a982aa8a4d0fb6a2a819f965,0,11410815,client_a_preview,0,processed,,1780981393740
0xa359209729e3cbe4f86ed2f0c745f88d988539d69af10720739b66a87d22468a,,,0x59a7cfdfb992e06d8cb866239eeb7ad4bb62fe198f5eac3c03b85d8d6f0449dc,0,11410845,client_a_preview,0,processed,,1780981404351
0x2cf20bcccb7e64e01767d1d889a09d729a3422b47566f224d31a0c169b80de07,,,0x094ed15f8d2dcafcf4651baad8a372f4ad360578cc183cc03f02b7cf09ba5902,0,11410850,client_a_preview,0,processed,,1780981406094
0x32429808ca6559c0a0eee7f0e82297c38c09de2b39fa3771d94c6f7d3d5e2d28,,,0x2befecc57ca5a9da69b815b19b4d6c1a17759739a1e2e431776f97020cc7de89,0,11410894,client_a_preview,0,processed,,1780981423717
0x155654e7dead8cb512082427e15a123598ae0623385a4ea4d17514bb89912565,,,0x668c9cbd16db644942d908896be30265c8223e218e8bb3c2cd2c7708141032d4,0,11410925,client_a_preview,0,processed,,1780981435300
0x6f932d80870d83aeee23ecc68507317123bfcb297340f4feb5eb098f4bd7ad60,,,0x20fa237d6301e53c56d7f8411179bca704742f9c4840c6722294f4406cb81017,0,11410931,client_a_preview,0,processed,,1780981437579
0xf6dfa37ea4462e94eb7622030bda38ca4513dc01ee1613740e13a3b8c3e56631,,,0xb16d8ff2f3cb993f2e505549ab851f7348f363babe9004896037997effe47686,0,11410953,client_a_preview,0,processed,,1780981448144
0x32dc4269a27704746381d5533082a8d1fc07e7a539d5c34e82acf62f7a16f694,,,0x4402b9f4d0e226cae0e4a22a1fe569be6412b92e859d15b54cbdc2f57742fe38,0,11410960,client_a_preview,0,processed,,1780981449553
0x4f46799abea12d091ee15e2aa8c7cc8532033e3903e0544207760fb39b6199ea,,,0x319246e4a35f7934a1af02496c109370c457e7c91287f0e879b30fcd981fa94c,0,11411433,client_a_preview,0,processed,,1780981637917
0xda4def8647c759cf072829d9bbd5ca21a12d527895237bbbcbf7c2584a78928b,,,0xc85fb763b3b5250e4ad321e9d1cb9823fe5fec40446443f68361d57cb0d45d9a,0,11411458,client_a_preview,0,processed,,1780981645555
0xfeff2eb593cdde6bb14980fa6b3aed0ac89bf694509fc1e218ee6403b66ee3a8,,,0x07f40bd2ee00efb54e6e683b4fbca2233805ddf5e94d7df9f68b49e6ab054534,0,11411537,client_a_preview,0,processed,,1780981674840
0xf3f9d23b68b91418a556a38123b0e9ba8f7d1b312187ddac7bb826f2b0639316,,,0x64a425ea52d1bf36e4ed58ae7ee8ab14d7f746bfb9f932a3fcb5a4b585daf81d,0,11411569,client_a_preview,0,processed,,1780981690978
0xf147e93e8d72187e74322b1e7e637629e63f82d6873104183d0ce3f149b45d64,,,0x19e764e2cbb2561d8485b721ff04a27641974659f188b1897830bf6063869423,0,11411803,client_a_preview,0,processed,,1780981784049
0x7c3d9f3f69390120fd43a24b88986d94f4b09fd8da3a6f32e9410852197bfe7e,,,0x02c9b215faaf71f328b1d7f92d709ae59b1dd9279774e52d7052279a04094615,0,11411839,client_a_preview,0,processed,,1780981797046
0x9800baf0c7da859855084acc3faa7fcf02f6a23343a522adfc1460e7cdffa753,,,0xe9608e474095921cf58760326982e853f5fc09da4ef7db043e8b8be59ec75144,0,11411884,client_a_preview,0,processed,,1780981819491
0x8daa7c7f9b5e6d6f240db426c84f082c926ebb24627f685b1544b8f8c6039a2e,,,0xec5e4d7369383b74ab298268e7299bcc1e2a16f39cc305647fdc8074bd1eb70d,0,11411917,client_a_preview,0,processed,,1780981828205
0x7f36257846a46237468ca89812099887c799ccdff5c1cb5c1490c68fff03be9d,,,0x8ffb2774b42f594fb76fad71430587ce6607c55b31b47afc2c573f7d318e6550,0,11411979,client_a_preview,0,processed,,1780981850471
0x1974c73c73a1eaccd2ddf38e3b69d4f01a7255a20cff9109a27842d33253e99a,,,0x53982316187dca792f414141c072c42f6f48646281a270cca9dae98a9ffd3d12,0,11412012,client_a_preview,0,processed,,1780981865404
0xa4124274a5e2e6a181c7620de561726335e78f8084e6e8588d26238d4effcfa0,,,0x949a28c24fc9ef6b6fb228939844c62afcea3b807c50cafb8afb6c1f1265a1c7,0,11412158,client_a_preview,0,processed,,1780981918176
0x62a92ab4ea7cd4e4be979dff482abf0fc9e3a5cccd805c1c0c34a6ea065a0eca,,,0xa610e636c8edd0b4a46c566e9a78ebcd5824529f4fb175bca960c09d4d4a593b,0,11412253,client_a_preview,0,processed,,1780981959110
0x9df9ac5749581c726b8c76c59aaa19c782250fe8147bca537f17f81f4c206953,,,0x14c11fc8292325e2c67f2e5465f65ffd78ea15fc46608b365e2040c500f8684c,0,11412293,client_a_preview,0,processed,,1780981973790
0x0676b0cb82db761423aaf42b0045deb3b7ddebd2cff8f7afb1a13d4254874333,,,0xf204602cf5d1cdcfcdb7153c5d2ed9ca103c7ee1ee4c328a6ed6b4498f122b2b,0,11412452,client_a_preview,0,processed,,1780982038269
0xfa15d6a9207226e191f237a5a7582581b2977cfd46b4dfb326bcdba6fcd956d3,,,0x4d2b05dae8ab05f1145b7c6d8a6c8a6cac4870f3c55a8f3a6c2ccc0bff6c1940,0,11412530,client_a_preview,0,processed,,1780982066523
0xe00926a6852f5e10772cb1669a0b854d209a263c6d626e7d7530ebd5469c769f,,,0xe3596cc5619a5c05298f51e9341a858384a5841e72446040066a5ea64514c4cb,0,11412568,client_a_preview,0,processed,,1780982082662
0x3d6b4929517ba0f032a5518706238958c2db54a48bc2e38f02d8d0c0e9ae1d10,,,0xfb208b0f6a28c239999890591886764f70bbc100a42fe9bf2fbf57e417d1e5bc,0,11412685,client_a_preview,0,processed,,1780982129814
0xb04fc3c7b6201cc37006857fe66cc12dbb621339c04b13190d5fe5c7a45be934,,,0xd4786b62ed50d25c372977d630ad01902b1e1128ba34b83742f9e47abf579361,0,11412688,client_a_preview,0,processed,,1780982131156
0xd250c85e5404e5ca8e9a46afa1649a2e19e1d19be777de38dec6a13b26e9226f,,,0xccd8ec5c35379715a7763f2c6991bbf66fecd577b3e07d10bf119f0902fc0ab2,0,11412723,client_a_preview,0,processed,,1780982145912
0x52c293b2147130c9e751e740e09ea7edbcefbc35d869c7cb745913f0077e3bbe,,,0xab5f907965437bbdea1c80ecff7faa7f395dee48ddc1de3865cb8e84cd283586,0,11412727,client_a_preview,0,processed,,1780982147038
0xbb95963ef01ba4064fb442c2dbd4419b1813a057fe815b04112118d2fc937f0d,,,0x52a6d56f3c1530d7e14f484f87947657d065e8795112bd996b014c9d087bcbed,0,11412728,client_a_preview,0,processed,,1780982147659
0xbcc4ba42ece24593df1060a194ba74b0bdc9c716105713c6b472de2b2298007f,,,0x5fddb3c5752ee10dcb4a0d9e04fc49697a221ce8c80ec6dd794f6a2ae8bf4787,0,11412731,client_a_preview,0,processed,,1780982148912
0xfb9895f22dcf3f8e792f53e39ab911c22510b4a116e5799e8f651545048642ad,,,0x42ec0fe5c74fda59dfd320713339e59f7c391433ed3bcf322dab1a219d902982,0,11412766,client_a_preview,0,processed,,1780982162436
0x9bec2bef0b67e8b98f8350563f8a9a142f475667301a4edcfce3f8deacfcb142,,,0x41396e3146c1422b07b32cad74cf0b8889426550e12e7c98ab1ef988a05411cf,0,11412769,client_a_preview,0,processed,,1780982164199
0x9b167f452795dec08645c72d03abfb68505565ba29832e78226177733d20375b,,,0x2ec5ef38895b45be9da505a75bfc5c54fa1d5cb7c95c4df9013c7e3f50f1830f,0,11412844,client_a_preview,0,processed,,1780982206147
0x150f8414f1a3588836212bdace79cc645cfd114fd65a75e5aab56250d62ac71a,,,0x9da675e4722f2fdc85b0b56465209d34f912759fbdae1897ab73a1ea8af331c0,0,11412837,client_a_preview,0,processed,,1780982206156
0xac3a2e76e4bd442ae5b0bbf5beef6bc907b6ec1839f83321b99080625ec122dd,,,0x43b5b4b359f03ab2029099106ae037005e78d1bf85d52450736abe9a925bf699,0,11412875,client_a_preview,0,processed,,1780982209241
0xebefcc71c673ed89c52041ad6dd5c35e29a1b6854635121ddd75c0b89864eaab,,,0xbe7942a990ca8539ca9d1753dd5eae1f7a6752cd8f547db9c43650d6d35e9595,0,11412884,client_a_preview,0,processed,,1780982212638
0x808d39e334bf0f972f61ab63dc1e14f7edd732f3cca2979e5d316a02950bde54,,,0xab4b1a5033ec8feb93f90f600a852f0b90934e72102fb15923e527e26951d119,0,11413079,client_a_preview,0,processed,,1780982290962
0xed59e93f161d63274dcffd771252af0d9a35f8f494965e5871d640a665e0666a,,,0x521ca6eddcc9613786b36d838a52a8559b0cfec55c3f128383ac901487b87ce7,0,11413120,client_a_preview,0,processed,,1780982304766
0x71abff160ae49a21bfff3aabc31e9c38e83b9b7654f3b406768ff748ce6083c3,,,0xc52349e5eda0086ec0876117a71552ec081cfbd8f4d84a06880c3598e6326fc4,0,11413360,client_a_preview,0,processed,,1780982406825
0xf521e2870a5ae6a0ae151b0c6d61e44c5fc9d9f8e08c20e2d21749018f7c47e1,,,0x433e40c92bec914fe9a74c6df2d8b70ef8c13e30949316433cd0358bcdf6db18,0,11413394,client_a_preview,0,processed,,1780982422789
0x8729ace8504c4557e3e5fa441f0b359d49bdf06044b973d9905d48b37287f629,,,0x007563e8e5dcb76876825933476319600e44755fff0f0874f1d5c8bae274f392,0,11413687,client_a_preview,0,processed,,1780982546766
0x07825a266b565ac00d3186cdeb3abf870cbe24c23f938452eacb1d48f945afb8,,,0x70404d7598e726f2f73573e935f1c99029a0a7275fa5c1ac177e4a95f55f59c3,0,11413749,client_a_preview,0,processed,,1780982571437
0xa0b7d0bdd0c68e0612fcd3364ffb6f89f5072ce6f99d0e2d9429166a38787a73,,,0xfbccce4106974a950b0edb114c00a66a71ec5726157704c10bec1f58fcd326c0,0,11413803,client_a_preview,0,processed,,1780982593324
0x0de4f959081a2260563ba0c6cafac74e00070cab0ed2170b1b559a0c7cf23a72,,,0x230403e66ed3dfbfce0ab5185cc84a5cde9a03dc8e97992109274bba37853158,0,11413860,client_a_preview,0,processed,,1780982617075
0x5a407a3d2d9721dbf45fa31b8cdad0fa27eda6b4bd3376c3d186d57cb2bb136d,,,0xdc53988cd82b4f4646471796d06c27e2f8c541fb396e9f68312d43029a2f439c,0,11413923,client_a_preview,0,processed,,1780982639248
0x3cb7990ae3a0dc2fcaeadca19438a00a8c55fc0fa82586b2836ee66034b82d39,,,0x03f90b277356e18c5e5a35e538f7b1522c7e9bbfdba72949a502a49c5c3ce0a2,0,11413969,client_a_preview,0,processed,,1780982659697
0x2cd8cf1c8a83c43192a8049c75ad3f864df7ea93936de9b907970d200d813342,,,0xabd144a799d54cad00801337f3b52d8cb88fdf276008d80a6eaab775187fdb93,0,11414187,client_a_preview,0,processed,,1780982746965
0xce50828e97ddbc6b7330640997ea54d2dfe349aebd6a860aa1df975f6f24059e,,,0xf1ca57de1f44df190b69cd6f50de54f419cf9a62b501d9222dc2f7698f58f8f8,0,11414436,client_a_preview,0,processed,,1780982850518
0x4851a3282bf412ef9c4a39a76e9f9a82d565b5df6225a40c7a6f60994af2b686,,,0xf5afc0194e95c64fbc6e16aa102437351c777785ac67d87e59a2bdc68874337a,0,11414440,client_a_preview,0,processed,,1780982852251
0x08b9189a627356d51182f1ecf140307d0776a6656eac72e2e406f4eaf40ee2b1,,,0x5fd6898990cb68ee95f7c37852852af665378e626e6cc2015ceb95bcf7700032,0,11414463,client_a_preview,0,processed,,1780982861772
0x0977f739a66f0e5f98b68de8fa8fd4258238d483a2ebbcedb8aa3c2dbe05b2d7,,,0x3d4cb6b79fc93a064c97e7cd7af8d19b0869313f73a55b2da50001cb5050d261,0,11414515,client_a_preview,0,processed,,1780982882537
0x33e0a3ac885ed632fbc6abe28f448aeb0f091c6c9dbee24fd1edbe71d9e3163c,,,0x0e31618582750cc07f103a236edfb1ac3ed7a7f839c3417de5d14a506c092123,0,11414578,client_a_preview,0,processed,,1780982910044
0x3b08359fa4ae21aef0bb2b723b242abf3fda1ed1b36fe5ca474afe2068af2a4a,,,0x6a2977ddc50c1985f1142544d8fa3342b674cbf1a30e6479b5d4eaba9cbac089,0,11414618,client_a_preview,0,processed,,1780982926398
0xa7ce08aa238f29fc2c0b751137f32ef50ccf19d099d65991eba295ab6960b07f,,,0x69f1c5e296f528caff49f0855b1a4a3555a2be6511bb4862787e9bc0164f47c4,0,11414623,client_a_preview,0,processed,,1780982929026
0xcbafda87ae62fd0ddf659fe5626a70bf764a09ed4dd374bc8b61246bd84c84d4,,,0x1b8eb59a1668ce9dd8799e7c94649c3e32df011b6b4302d7926a5a3d1515aef0,0,11414626,client_a_preview,0,processed,,1780982930794
0x3b11ac724b47e3cda0309b1c54e71f6a34db1c7c8a4dc945b7d0516a9b3c9c0a,,,0xb182863cdb2a6d7e90d3c999ad95f1e9e95298aa5f9ee03ea11d74f7fb9bbae2,0,11414658,client_a_preview,0,processed,,1780982945567
0x07e66f54bcd51475c069912f6eecd7d941f6132ffb1ddd67797ae9d5018de0d9,,,0xa0250002fe7fe73e5cbd33e50b394a0fa721a5dbd5b3af12821be4f520a6bf5b,0,11414661,client_a_preview,0,processed,,1780982946867
0x06b846fecf05a4e055cf05df116973a513832e2baf40c46c33777916b6b7f179,,,0x80b0b1ea051a8bd236fb48b3cad06365617b74d9ed75bd53e4b662183292ccfc,0,11414738,client_a_preview,0,processed,,1780982979750
0x068b556054c793779adfc50a21f3cccad11ed7e0d696297586c953a233ff8fbf,,,0x7c9a4e0652679d189b1238208865c11b93275ae5af28fb18b8489e864aad8edb,0,11414769,client_a_preview,0,processed,,1780982993985
0x48ccc6bb35a6fc2ec81a2960ad5f1cae6f5b68b594f403488fe7012bf17d97f3,,,0x4fffd4ed36032a8180eee768864a0eada7c503d058dbfc74670e2c5524809a26,0,11414778,client_a_preview,0,processed,,1780982995125
0xbc852efe53c1cb0fad088c9a5511af18ff06fc2d4c44bead02bbe05b2a4e420f,,,0x9c55121d18cd84f49377548b0a3627bce31cd3156f22e76f141a1b91a6c16c9b,0,11414809,client_a_preview,0,processed,,1780983011543
0xe7aff262007ed6637421b06d9dab20ea8580b449fa36d8d060ab6bd096051e35,,,0xe74d3b61f86a1d298cbf27ec87c5490ad3218906ada8f87694cb77baad4f3e79,0,11414816,client_a_preview,0,processed,,1780983014976
0x0fa960339593e796c1a878a110bcb9b9ff80501492ee2108103cbf6237ba7c49,,,0xbf4d5c410bf849c1bb08d69b0c3d63cdb7643efe9040b28e99e3c922f5cd153e,0,11414846,client_a_preview,0,processed,,1780983024679
0xe4844ca15cba703ad63d31612199ece77e3afba4074c1e3c2db14f87b69a6a07,,,0x5531f3da3f686d79ceedc28325aa61bde1962fa92a4743e12b59c549fa2ecb5c,0,11415255,client_a_preview,0,processed,,1780983193334
0x3f31b35e55352d7f5e4267a6b8215fdfa943d8586c2c903de5f69a0368a9753f,,,0x0668e9d0b83b75c7f3067af8884fdf3defbc077fde337cad35a0d0945238d899,0,11415298,client_a_preview,0,processed,,1780983212284
0x2aebb78865428326f5e9fab2ee7dd1811c5cc885b4b013a7455b0a3cc9848c25,,,0x7fc8bda197f9a01554adb53def487c4813782480205bae822511171db73ac365,0,11415347,client_a_preview,0,processed,,1780983228014
0x19237233d8cf23501f8efcdbce9498df3a95fed0fb2f1b49c6cffd5a9e088b98,,,0x43533ab4e92c7f99570bc0dde286339778fcbbe47cd2f34348aa022e84d16e49,0,11415464,client_a_preview,0,processed,,1780983275283
0xfa8622ae7808bd0510077678a188af6b59c31a9e519642c9b06f506447222cb5,,,0xf56f76d49a072e3b92fa9a25535dc85881608b07580a141ff37e7d78110b9892,0,11415518,client_a_preview,0,processed,,1780983296586
0xa54f0378b8424d994394fbb6b1b27f768d6e4f3f8f348ea17e1e699d66c414db,,,0xbc83362178a496eae151a9803d9c8c160c6f171f011cdf93c3ac1f367972500b,0,11415744,client_a_preview,0,processed,,1780983386251
0x85ffb98199fd7f1faa76760acaa9222025fb026c542fc4b2a8fd1bde72591847,,,0x978887819e2bcd2facb2a17c2cbc315b0636f944dc58333dd2c8d8fa1219a740,0,11415911,client_a_preview,0,processed,,1780983452101
0xd1e61fc52608ffbf15daf9d32392ad69e9c8b960ec83bb8d949294d66d3b9016,,,0xbb5bdb8a90cfc526d14a4b364e2c3b7d22ae4d6655121a37e34bf220fbe042bc,0,11415968,client_a_preview,0,processed,,1780983475547
0x76b7b83d881c687495c26facea38aff37a3970853c4fb1a473e89f8f11a5f731,,,0x2379fa265402fe72d3aabc9a82f0701fd43d47725488cb92605c990849d2c27b,0,11416015,client_a_preview,0,processed,,1780983497234
0x7ceec8bc87908d37a892df31df2724baeeeab8d34a3b5e5bd3ca91e34aee2293,,,0x8972e391b71871dc45a7bcb0d5a0812a361047ff8d9f69e77f00d93d7c966481,0,11416105,client_a_preview,0,processed,,1780983527839
0x16bfedbbfffc0c219ec809c16f90ad47f109d1a9f0afe34d53a677503061afe7,,,0x8e4b8dbb06d48673d8c52ad904baf09f65161b177f35748dc6f551728e8a0a58,0,11416109,client_a_preview,0,processed,,1780983528953
0x72185e092b57cff626363173e69aaffabed8fef239ae89408e44062e8d2fdf9c,,,0x58356205a4921c11e83ec2f95459e6a1de2d6672a6768e945af96dceb450fe3c,0,11416236,client_a_preview,0,processed,,1780983581516
0x1676824b66d876502b568edc8a961943624f67292b0d7d4b292a46dc0009ea27,,,0x6c02752fe317eb25c6e9fac35b976fdd712a636f3816f641f82226687dbeec3f,0,11416321,client_a_preview,0,processed,,1780983617835
0xcb6aa9947f91c89234317cc56e834c583458b3dbf13673b14b7e5584dfcd2cce,,,0x9c421bc7787487f4de151ccde1cbdf10008d85f704db630b4fe720a80ffa0ff6,0,11416326,client_a_preview,0,processed,,1780983617852
0xfcad97f413e957dce15132c4a2aa96b2a8c158ba85a32fcadb8f6071f168b844,,,0xc8d1ab8d7f6729b576951076604621cbd7448bc93de238bfc057be07237c21cd,0,11416379,client_a_preview,0,processed,,1780983634911
0x59a68570612c6062ea268bc1844c91b8dfbf5f21dd2019d2f261a2ddc29f236c,,,0xc0072a43684846146db84538ea6c454a3758d0ef378362ed2e519a2cdaab1a45,0,11416383,client_a_preview,0,processed,,1780983636169
0x452084d3bbc5f9861e7aad4776c36ab6856107e74e8f89cc4873649f52a212bd,,,0x06c6f415da293c135399e04117c5ec2b17c28ae370a011b2e9a74ab1f6ada775,0,11416559,client_a_preview,0,processed,,1780983704627
0xaf72c797a9098f598915f7dad596186313a93d4d1ac0c59fc3931681f5d77f79,,,0xdedea95b121c5165499a5ebe8b9b7c0fe96aa9d9e6860733150b31e93589461e,0,11416565,client_a_preview,0,processed,,1780983706506
0x368beba3cb16057a71fc03491383aaf1f354ba60df3c0072481d365263a71413,,,0xe1a80c66dace56e45b617ee1d09e30e9db1691afccbfd7914145cd021b2c7b7d,0,11416624,client_a_preview,0,processed,,1780983733987
0x6535c87a0aa63423228d6c1478f732a1a41d07fbaf0b4ea58ed53f5cdde6c151,,,0x0050e73e26b36362ff6a1b77143f3eff52a5b4b054b26e38209530d02dd10afe,0,11416627,client_a_preview,0,processed,,1780983734059
0x48b4221deb63636949fad60af3cd627a8d81af34bba768edda28b71310368c56,,,0x2d8b68f69a8e1ea3a39ac75230c1bf4350326ab2227142aea184e6c3755c7dce,0,11416689,client_a_preview,0,processed,,1780983755724
0xa2fe6584b6fbe6ce2dee997fed38591c213b0b73b6dd85e90b02c439bd60c883,,,0x7ac8035c94174ac6862e2fbb195985c4bb2e79faa16285781fc2f1ca3a8fb0f2,0,11416719,client_a_preview,0,processed,,1780983767039
0x43dcd96a6be2ebe0b706d63494ca0c4ad883177b46fd5b468e92600f1f6793fc,,,0x673768a0d68872557ef13758108ce5a4bb678e2fa4ef9d31ec49cc0c72bd21a5,0,11416727,client_a_preview,0,processed,,1780983770219
0x2e9762f7554809982d15530765ca2ab11f1f08851068c402532560fad34ce6ce,,,0x514e758f4e4b2fcb1c4e608f96be951d09b657192bdeaed3fbfebe826fedbeea,0,11416748,client_a_preview,0,processed,,1780983778231
0xbf627bc9b296fff3e2e5c8cf6f2ec2e6306f988c8aa0d165730c474665cbffa6,,,0xbd9396c7cd630677e2e3b63830660ccf31807845d983e797ce0883ce9c6a5170,0,11416778,client_a_preview,0,processed,,1780983790075
0x26e2f8223c463989d089994af084705d17c130d0312da969ebde98bb8c6c3ed3,,,0x24729e25bae05a1ec85e10edfa71a27a7dcc19b27207d085acd59b33ea944a86,0,11416788,client_a_preview,0,processed,,1780983794384
0xca18ec0672fc3a36b6bec26a6db0c2632a139212344207bea201a9e57dfd29f6,,,0x3312dc744015560d056b2b716991b96031475033a8b140c91d9b4487b5b5329c,0,11416842,client_a_preview,0,processed,,1780983814235
0x0234ccb1a7d5811c289dce2fd0fc12020182209b98f20141ae4b2ae61b9f039c,,,0xd6543a170ccf550212057f06d75820c995d40f9f6063da8bc29148ce905d07bb,0,11416846,client_a_preview,0,processed,,1780983815965
0xeef91b3e8da9265d6a76e0347f5630ec447a702a4ac8a6cae6c5037760ff03c6,,,0x26d14c59a89502060d32c68f8e2b03e4d01a82de5c6c87f67279adbfde34a88e,0,11416910,client_a_preview,0,processed,,1780983838793
0xab227744fdc31e37dc1c75e9dcf54cf4656400c369c16e20efb11687532041de,,,0x25a3ac8fde529c2da9d3ace008ee2753d0dfd08cb3440191a8a42fd0b614c9df,0,11416913,client_a_preview,0,processed,,1780983841713
0x674bf4b354feebb22e739ee8d96148d0cbdcd93a29429bf2ef0805b9f2834946,,,0xc12eed997e7ef6af7c08c55c9443e5b40874d8b3e5553ee8af9b3f44755a50f4,0,11416964,client_a_preview,0,processed,,1780983863366
0xbe478626ed3f6311cde6ead08059f5262394194353223d1fb5c5ed95309a5833,,,0xbe242c0ce7d06b84dbc123dbd21459de3e6442c850f1c372e054e51a4a8ada93,0,11417223,client_a_preview,0,processed,,1780983967286
0xb42a267d8e2ddf9bc2cf970d6ff06737cc000a15fbb6a59427a44e11ec65c651,,,0xbe84d35d02c3607aa10b58d27f8bffe386411c3e748575b0d0318a9db422cd51,0,11417297,client_a_preview,0,processed,,1780983995851
0x83f2fcc93e364d1769a6242392f580a81f40ea2ae0db263bf7bda1a14d43f74b,,,0x1f7c84bba33b57483dca24859b0890f3be7f715243d6a2ab9cafe55b65609dde,0,11417327,client_a_preview,0,processed,,1780984005930
0x9057db5ac9b2f303fe1fb394ec138746cef6ab4204667040a3d9afd912d62b97,,,0x134ff61adb867c8e437b424e6d7bc9a032d426d4e3f0314039ff4437ac2f3533,0,11417329,client_a_preview,0,processed,,1780984006923
0x9d4d6d1179e31c8655eaa2b73a7a13f22bc39d9905f4d35b06e154cad50e441d,,,0x99e3255b8c4b92a4d48871d79eb2e0ad94af404b1aa5645491a0ac3c55238ca3,0,11417390,client_a_preview,0,processed,,1780984033640
0xc04773037949d4ca67e327f9ee49e8544f4a324d56b665c0240667a3888699c0,,,0x9a2db4f890f5e35ec4dcf15e9e7679459479862a3a9cfbff712965b0a0b4d951,0,11417403,client_a_preview,0,processed,,1780984037343
0x06b9f5310f599ef35b2bdb6bc3a8e5eb78c6687136171905d30892df4326bfdb,,,0x4a501fdb95de815dbebc631e6cf96b63bbbcf647c546fce5f61c5dae374160a5,0,11417456,client_a_preview,0,processed,,1780984060436
0x759f58dcc46c9447f9a608c6348bdf5106ed1bb2d3d135b4ed647cd6b13c8a19,,,0xfbb1b574fff42c5208408591722d5868dcbdaa73283cfc4c4ee08bfe20bf7614,0,11417506,client_a_preview,0,processed,,1780984078470
0xdc2e8af0f302e61fc8c5fa728f7903f34ac892f32c3fad156876664a277451f6,,,0x4ff46b53221200e7b1a4d0303424049aaf9b91b0f02c37902babe971d9db84e8,0,11417533,client_a_preview,0,processed,,1780984091361
0xeca21325fb243b10dfa5e4c3442452f546fc385fa2207a2ff35c78f512da5447,,,0x3c77cbcf8dea1ffb2e02dfac74ba0fa73807d8b40b9a454e49a11bdc6f615196,0,11417573,client_a_preview,0,processed,,1780984106382
0xbc4d43f558b6312706a6807e139fcc52931fc43a13ebbb727ef988c052758b35,,,0x8a7b5fd981bca09947d75fc274527d3be0105c3d60937371b1b7c38c5a073195,0,11417597,client_a_preview,0,processed,,1780984117430
0x08492ba09dd1ce6e7b718c7269bad766a5c858ec05eec0530e1017ee47f9b6f8,,,0x27d6be90333094a5c2a83a98c724b0119aaf940ca0102ef969b92d289a1d0f41,0,11417607,client_a_preview,0,processed,,1780984120003
0x542deca74877f173aa23038f744696fcd2bd6cb2d2857866fdcd12be43bc9d5d,,,0xb3e4345069b01dc87a9d6b7c318638f1c386d3c36e273aea00b8a29398b9147c,0,11417665,client_a_preview,0,processed,,1780984146245
0x844d8f2eb9c2a03c3b29b8ee80d4b4afb53b03311ccd04c179b881e695f1b7cb,,,0x4ef5eecd5141c43a3a69a63b8008e3314712f543f0ad20fe00253a5ee6705504,0,11417737,client_a_preview,0,processed,,1780984174152
0x528f7dae26fa30ec4ed712432a9ebf7ec1a155f8381b77d48ac6ec344008c813,,,0x7682029879226c57942ab1217808191aff1a3d92bcb07a042f400f5c8e286ac3,0,11417784,client_a_preview,0,processed,,1780984194306
0x2431c9a16a4eeb18b92d3bdb121569dd554dd9ac112cef2aace5708b221caa1b,,,0x48f68223ffe48f3e15dafd90662fab8c67b6253ac886a0ab3567ecada62a0987,0,11418852,client_a_preview,0,processed,,1780984613867
0x442e634c0060c301787cd660f97f1537a8a3b319b7d4b34d884b3970785a60de,,,0x7b84e5a80ea4c258717ecc06b3c72ab8aff6d5742ca82c40bcab106d8880e927,0,11418284,client_a_preview,0,processed,,1780984618326
0x1005fda064e5d2cbd810336c94738267ad074155b6941ab6acd7f4a16f52d604,,,0xcb72906114ea28d56f057f0fd2bedf99092f072b5c183f4c4769f3aa6b3caee4,0,11418867,client_a_preview,0,processed,,1780984618597
0x3b072e3dfd98c2b07a8d30a1479c3dfabc1f30bda365fcf1078f793c3dbec4b7,,,0x31350ca558b4ed7ec0c80f2f5ce61b0801a3422472712908788957eb466bf96a,0,11418289,client_a_preview,0,processed,,1780984618805
0x6b6573367d23066e90eadea882dbad4434188d3983f91d9cc0b794f4836ee182,,,0x9b70e97b89c9bf514b018d0c694e70df7cdfa704250ca25cb13a145f44a8800e,0,11418314,client_a_preview,0,processed,,1780984622860
0xbf7c5b10df0e2911ceb6df904f869aee414d723459f4356a4548a638ce17ef86,,,0xcc52380defb27af3bcba5dd8590dba77b452fb1ea54dc7dbae034469e348c300,0,11418334,client_a_preview,0,processed,,1780984623642
0x31b9aac69fa37b254bc411b2aa34b5aeddb2e3d8bb301ed22e5cdb87ee9992f0,,,0x11918f716211fe0e39dcde88c34f97700ad7e73b288b6f9ecb3921023c74c3e3,0,11418881,client_a_preview,0,processed,,1780984624188
0xe9a45f2ece96d92ea7d2d7c6ab78196c60ea0e79a1cc801694c6837285aee4f6,,,0xa7a8bcb671c9a8ccaf06f902f986b27286e0095fdbf0eef705c9c34950e4d358,0,11418366,client_a_preview,0,processed,,1780984628408
0x93a0b9d0aef38d88876f9e4a93ac563fcb01c981d203e715cdc120b0d9ef8b5f,,,0x1d53334daf9ed726c19f23678684bbcd634b9317ba464e8c9ed00ea0dfe2caf3,0,11418406,client_a_preview,0,processed,,1780984633436
0xd9c9851ec332a8ca381c5298d734c3a0709f1f61fc9ea27d4f47c8e51e34e5c9,,,0x6b0e3c1c3b381e5da364b183cdbc040c5d0f467cd849b92ce4baa9755480cae9,0,11418917,client_a_preview,0,processed,,1780984637743
0x45a0f631e97104f26f2e233d5c967366c5b2dc171454a97affa6f1a850cd765a,,,0xf854ad7cec776cefa01e902ddc241ecd33cd992f9815c86f971a8b11826e9acc,0,11418444,client_a_preview,0,processed,,1780984642084
0x271d1455e55969876506218a4b93c26d9e0d05ee69a8bc5b940d7dbf16b030ab,,,0x09083b02c10ad921c876b16cd500f46b9135805be4d5d931731df8f27441ac27,0,11418488,client_a_preview,0,processed,,1780984647855
0x5387c9da57c3552efc10053d48487f890491262c02724762715aa5e27ed7868b,,,0xc1cec844fa76de1ecd7baea32a6933da946d3a889a06cb88ae117acc1aa47629,0,11418492,client_a_preview,0,processed,,1780984648585
0x2ff36121760f22add4f849be2b03b2ef71a1db0fed48f7e4a0c3cc4152a67ad6,,,0x7696d22508c8200db0470b6f0aaea3545c2300c55bae057f6f1e83334e2226e4,0,11418950,client_a_preview,0,processed,,1780984649576
0x2c7aac4bd6f97f344fe5b125d3f13fc32e4aed13c45d4e817a3c1cbafdc5ba0f,,,0xecf95946e9a8dc2861a331de5d912a179ffed1a1a537b7b369bc40ed7e91ad24,0,11418513,client_a_preview,0,processed,,1780984651676
0x046511a8b7da6d8d9702050f38907095e58432e1de859225dc622c8ca3fdbfec,,,0x9b0e44d369ddaf16905d088d47698d0e1ba816e2aa47e485bd00b3f6e29643c3,0,11418558,client_a_preview,0,processed,,1780984656207
0x742c84c88a45cc3de164566920a4eddec6da9cd67fb8365b6490afeb227bd294,,,0xddb4ff2a9d4d54e89db46ec3b7575afe0a33197c0b1d8508108cf6c1e4711985,0,11418561,client_a_preview,0,processed,,1780984656702
0xc6a724bd1e7dce5be79e6d0a8b6721308387644968af48db4b9fee563f2603f8,,,0x09dac9e01de70e1452e8fe09e23096e7057b7f43ae8d27aca87bbd9830103ec2,0,11418981,client_a_preview,0,processed,,1780984661107
0x0be242360272e9dbd9276deb5878cfdbff9a1265fa80283ce10aa3ba0eafcac7,,,0x78687bbfce5a8dde8faa25de8bd058d8258b84e2d4fcd13093fd9e77db43793d,0,11418583,client_a_preview,0,processed,,1780984662879
0x24334322d69e85dcb67c3bbad3859566dd9177acf3d21bb5144c31fce72f7a08,,,0x9f4e8b2906dc9d130b529c11682052e125359111b0999648facba606f2576bf4,0,11418604,client_a_preview,0,processed,,1780984665707
0x4c7ad4a049cd5ca997d0701df4fb98ccf5c50d649f93f9919f13d1748323190f,,,0xee9e9597059489809ac531ecfa4514981d08ec8d6ed4aceb92f6d3085558afe2,0,11418641,client_a_preview,0,processed,,1780984670481
0xc24f4c720a0164e7277690a4bb20ced60ed972ec51142e39e4cbac6160c83320,,,0x6826add663f511d87aef35527576af0880fc75d7ebb6411822d9deb687ef1ce0,0,11418681,client_a_preview,0,processed,,1780984675858
0xa338de2375128e21ee2605fe63d0816616d7d4dff94fde173c8e23e630764fc9,,,0x653b5a75bb6095f32aeb2242ca8cf14ae86696871dc63a3d50cd286e13775f44,0,11418718,client_a_preview,0,processed,,1780984678775
0x878c3d5bef606a5a8ceb419d89bbca6307e19d3573985eb89fcbf19739b670c8,,,0x55aac814209e78f525585f6f5222b5c3b0512b072f6a9c7691e100e35dd93445,0,11419033,client_a_preview,0,processed,,1780984680374
0x6ad552fd4eed5e156e2d4798ae7442b9f06845b5964b4d4dedeb63b76698a803,,,0xa61b2b6a80c8b69c41f347be4b8971792c17155349b6109c7d9f924cb1359155,0,11419034,client_a_preview,0,processed,,1780984681073
0x67e3a18eec9ff56c6ab09c0830f7ffceaaa8e9024a096e78c160dee6f7122fb7,,,0xa2c87e66b31691f44b1534a328a6d8fee857eb87be634d9b8b6897c5d558efe8,0,11418761,client_a_preview,0,processed,,1780984690018
0x30b44a3f5abb25f9f96573b100d8e2640231c4c81e0f17cf0c4d78344a66c52a,,,0xffb33684e5b3fdb7ae34c314da7b55fffc4ee7f1302d1b06a8502fcec7e70362,0,11418765,client_a_preview,0,processed,,1780984690502
0x1061f114c719d20037e9e9b9a6dce8106edc4e5fbbd252f3515282b577bfc71f,,,0xd763996f9410c6873bd5f4b7adfcd6150c828397deb18ed0af437bfb0c13285d,0,11419069,client_a_preview,0,processed,,1780984696392
0x0f784447db2acfe9f57b6031920d0f5487beb63d94a8b77d9c32021835cd6d23,,,0xb35060d6a08f1b343747245b4ebe6ade53e9d12fd1f7ba274432615a5cd2f8d2,0,11419074,client_a_preview,0,processed,,1780984698144
0x934de9703554c63d04ce6088dec8c22b578d03f32c3155256a1d97f58e23512c,,,0xb167408da61234d362297a0040d073bfdb79d3668e5ecbae08be55fd810b167f,91,11418831,client_a_preview,0,processed,,1780984699648
0xace0493d8fb3b08d39fe2bf06b24baaec52d7f7b0551c2117563194a88bb1578,,,0xf1910e7b399f22a4843c7b45ce5b1660d62e6d8db84620bbdeee90d4258e6a0f,0,11419106,client_a_preview,0,processed,,1780984711272
0x12d1c92bbd9dd3e70626b55fa32a90d6e9cc9bbf90e13b54f7c13012acfe4a63,,,0xb9067c9b0af0fa0094139d5fd6160b9c99f2a843ca5b2e175224ca5292e82c7a,0,11419110,client_a_preview,0,processed,,1780984712549
0x0a75faf106b06440c9caf973425162cba59cfe93fe320433edb3518f68e0704e,,,0x8d6dd2dd6d75d345d865536568584c52dcfe54ade807ca74927e714739b61c18,0,11419144,client_a_preview,0,processed,,1780984726632
0x44087350b98e34e7af474f8618da3f48ab42c588c2c634513ad4f393fc142a6c,,,0x8270589e14d36ab1de2cc332c1bcf5c8caf8165b000f5e119da97ff9c1a9e478,0,11419148,client_a_preview,0,processed,,1780984728414
0x566784a147377be61a6c655784d9a50a9ed8f44efcba8dfd6ad9a4c6523eb1ee,,,0x8b8f9adcad7deabe62380f918a46907a1aa032106b93b6956186f1b226d1f2d3,0,11419150,client_a_preview,0,processed,,1780984729251
0x61db1d0e7d96fac863ab997aec4aa78984a9bb3765d59a914d70f648f07bcb1b,,,0xa47831b31bd11218d8d7192ebfbe81962caaf6d7ec830163fc9a9d9c7a2240f0,0,11419222,client_a_preview,0,processed,,1780984760428
0x52eb701bb2e717efb6d1d440af4de7c5cfb52d22d8b01c13a418d3a937b250d9,,,0x5ac6b1fd796f6ea2bb57ff5b2ae33d4082132cd1560272a31445422652894036,0,11419258,client_a_preview,0,processed,,1780984773045
0xca21e55e8e3b1b9905b5d067a5a7c8dcccbaa3a74f1a5d1e5363685d39eb0bcb,,,0xa03c24e34e8f28cf10ba8551b52f9285b7c2e59ecc301e75d9446b21e48013a6,0,11419329,client_a_preview,0,processed,,1780984801833
0x3fbd8c66c7021ffd77dca3c16b482c210baba4dba7b98763f0054b0e7b2552f5,,,0x4ad6037bf363e6f3d0103c10782277094e27c55bf8cae8299895624c3163d0b0,0,11419353,client_a_preview,0,processed,,1780984814795
0x74c1b5a13aa8543fdc33fb3fe8252866eb1646ea0f05bce94420fe42e49893c1,,,0x61ac81351c372d69f1ecbf440e241cf8f99ebd98f227521e01143cce3000953e,0,11419428,client_a_preview,0,processed,,1780984842869
0x3211ced9fb452ac902ab8e945cb96795c5b5080fcae0f63e01c79e0759336f09,,,0x98a5fa1c420710410d107a8814b7dd71454eec75f1994b5643c7b2390d1bfdd2,0,11419460,client_a_preview,0,processed,,1780984855210
0xbae9caefa10e2ffa0f78f171e11d044486f740bb89a2e6f571dcb928468d7a8b,,,0xb05a778ab987601d4bdb4396176304f48107c29f9dc8cee6483c87fc41ed94ef,0,11419498,client_a_preview,0,processed,,1780984875247
0x5318b24a0828564e92b30318e7c9ed8c045c60bbe64c8471bf0a088be351cff1,,,0xb91ceecbe6619681e7dde0641a167f1bd39eb77925f47129dec4f8d35e22baa6,0,11419673,client_a_preview,0,processed,,1780984943814
0x92f3f06f1a4c91195d1c53e7d028f7c59caac565f12cd4cfa4b35a2b276d89b3,,,0xeade376a3a4e04c4afb649f652dc1dc943d6a1b288b4d7e099a77d881c1f85c6,0,11419746,client_a_preview,0,processed,,1780984971020
0xf22d5aff02f917c3879ec0d09686d21be92baf27d886f784115c7180a20ccd00,,,0xe0cff83750595b9cc687399839fe674a1c89ed70c14f8601aba1be334e9a5ff8,0,11419820,client_a_preview,0,processed,,1780985000372
0x927f9f6d173bb97f54bd1ee4e6fc04bf04a126d4da3d599efd8017719009e34e,,,0xc686a591932788a3b332c13e2e35f1e8641be56c2411714f938abb46134511d7,0,11419880,client_a_preview,0,processed,,1780985025061
0x160b661454bae97b83875a6a8771f27d6ee1ecf88bfe54837f1645862cbbff7f,,,0xe170ce032e76272974287909e16668dce7cd95d02d83e9b12065580214434f40,0,11420025,client_a_preview,0,processed,,1780985083386
0xaf3ae76426278849d2e7d11155a9077b8de0a2bb9ea5d6da9be6490d60a1ab3a,,,0x95e76caa879388e8edc0ea2dcb3bd44bf4404d7a56245ee48f04d62e807e55df,0,11420101,client_a_preview,0,processed,,1780985114116
0x01bb1274ff214727ca7ef623047c20742873e254b96a4e9dd13dbd64d3a038fc,,,0x4501f7174e611a1d51ef411ca61474c76d5edfb1dc0f8850a9d1ff3c4a8eba20,0,11420299,client_a_preview,0,processed,,1780985189173
0xb567c793980d2cc2e6e196148b28b159ade6e879d5e8a592857d31c0698c5fb4,,,0xfb9fa81443c2409932f9ae1109c61d5167371809e4f0ba9bc689c01e47f85ce2,0,11420370,client_a_preview,0,processed,,1780985217335
0x4262ad70e5008fdb8f4d8d7c3a79b643c71e6f43cf725d2c9594c810c2cf9866,,,0x3050e9b89e526f7975def0f2e1a7864b0955e9f580650a6b32c285ff89f4a941,0,11420840,client_a_preview,0,processed,,1780985409117
0x53abf6972da4c5ad9c55da04670254e20c5b0af2cab473ff058cd37bfa9a9646,,,0xd8978e198e82e0bdaf21d27143f2fde14bd8b856e62b176195bb89aa8f0deebc,0,11420929,client_a_preview,0,processed,,1780985445016
0x9c58d25b41c948c8fae70cb0b20e28cb4fc039f93aa9ed5503fbf4ebb35cd511,,,0xeaadaa4d8fdb54eb92272e1af5eca1bec14c7f73935115ed353dcdc98ea26c1e,0,11420964,client_a_preview,0,processed,,1780985459721
0x4732d1d674c9155b1fbd659a48774c5b073be580fe56efec6be6e328d9bd7092,,,0x35cb8f78be85cf12dbb9890479416104df3aa457f1c01520b0c500c83438118a,0,11420969,client_a_preview,0,processed,,1780985463488
0x6c712beb7d3920f1eff7d09edcb26716dd4a00a82e4d4ae48e192278b8e59455,,,0x0866f2b63a0c86ab6b392ca9eaa8a779143353a6a03ad097a5b098fb4c9ce01b,0,11421005,client_a_preview,0,processed,,1780985478574
0xfc351ff3d2424d3411f17461020e3d12f95171fcf4b666c9ddf4d1ab1bc53d29,,,0xc2116cc61363e144e4e5a7176e41939c1ea6092bdb711d249e6701bbec7e098a,0,11421010,client_a_preview,0,processed,,1780985480344
0xe7ce34f56dfc96b962194937427fc02e2f0e1570fbbef0dbb985a681d8da111a,,,0x88b50806708253226f54ef019099b940dab9fcc49cbd61e58f15c2bc98d8b181,0,11421179,client_a_preview,0,processed,,1780985550449
0x0932d83add665ea748cfadb6a6c6893c4bf06f04d6e3a841dce01b25d2500c15,,,0xc2619967c9406d42c0e957e9c494be5f5a8981eb9e06247f665bc8bbb1406faa,0,11421192,client_a_preview,0,processed,,1780985557821
0xddf52f617d6b9229d3b72af3373160f511ba212d8ac4daac396507028a4421a5,,,0xddc85e10b9505c4cd10d87bcad835099e03daccf6b689ecf55341b4fdc9818f9,0,11421283,client_a_preview,0,processed,,1780985593006
0x855f742991c57129e170fdefd0ba6226bb051958908d01591dae3b7613d9719c,,,0xc24d870cdaa44e4c50ccf9cdbcf1871400f455da78ad3e538e9b257660c8a6c4,0,11421354,client_a_preview,0,processed,,1780985618383
0x1ad97bd52f4c19877df25166694186261556d7667e53c36d988cf35f4be97788,,,0x080c97a22303377773d3744996d61c1a38190bd7ff3260fa42c504c827e9ffce,0,11421453,client_a_preview,0,processed,,1780985660803
0xa7104b09fb06aa0897ebd3d9c853ddb8e2101a5a6315139f0b9a40de78c1ac2e,,,0x3ecf0e2acfac9e3e39315af5e1f9e328937d53ac7dc7927f565f3f25fa7d3ea8,0,11421509,client_a_preview,0,processed,,1780985678063
0xaca0819c32dd792362e4830145969bd464fb2489c4ff03d3ebe49886dac82e32,,,0xbb8a34bda22afad1299b6f0be075fd8f306759d9f27752d1d732a9d183520351,0,11421608,client_a_preview,0,processed,,1780985716118
0x5852c778fe225d3b21c74daad22975846c6d81ed7b52281c1e8e725d3ae8d914,,,0xa94899565355dbcb153938c35da2ed4ce82b844fabfd7d091c5a3b3b23f4863e,0,11421620,client_a_preview,0,processed,,1780985719120
0xa2abf0deff60dd37000f7fce71f24ae292f17136d0eac8a9442d91d34ee5bca6,,,0xcd097d78dbbed0f9eb27c1ac9d2417e9d90b455aba19806ca614103e8549cfa6,0,11421723,client_a_preview,0,processed,,1780985758411
0xb0ef19216e05c4299f284b8ccaec3ebd26fed028535986653a5264b8621f9f8b,,,0x5a2c91c3b1d592f4d01f4ceba31427d3e6d4dc83200a7b61c0662e0d55c99d9c,2,11422025,client_a_preview,0,processed,,1780985882128
0x385b087078852d4046ec90986efb4f06a01de60d6c05430726bff35ed7df22da,,,0x81f240db7413c051ef815a48d0ce9daad525b05c14704f7d60bd88d0d71e4a04,0,11422180,client_a_preview,0,processed,,1780985945376
0x92bd6ec84c6e2f271bab09035d4eae39f979c6ecb1f0d259aba4821c377891b7,,,0xae4f98209d483b66268b62f9cb325555e8fcfb04eb53326ebf05a97b9935d495,0,11422200,client_a_preview,0,processed,,1780985954761
0x9cf6b12f8db63d6022e23086e98145c0d34f4bd4c9137a6dc3698b43fb964220,,,0xeaf019c39979d23f41fbd4083301cd985822eb51eea5cbb9afd6e5bc1e0a3abc,0,11422354,client_a_preview,0,processed,,1780986018857
0xf916bbb9e224ca3fce1aa9cba8004d0e2f57051cd65bddc7c090b720754c9ee3,,,0xd391df4474013f04a1f8619f5691b4b34ded7269ca1dfad046301e57082c5d50,0,11422561,client_a_preview,0,processed,,1780986104087
0x7659f66aaa2818f39a4de4099e32cf02510ac1c5cc2f5710def4ddb5851bb904,,,0x483b6a3effed9148e4f07d89dd54a0f9d73606ae1f6e5423a77a6f5e06529f16,0,11422595,client_a_preview,0,processed,,1780986116507
0x1a18fc625fc1666284d6f7ba9cd9d1765772da483460636ed03d80df8901a068,,,0xce2746b317813399c0bdc314505872f3c64efa5f759f9cd46f6930ab1ace67d9,0,11422612,client_a_preview,0,processed,,1780986125100
0xffd47c7c289caa7dc718e1e96a377f1f78d2286a19cffafc04a63e9087fba960,,,0xa37f4377c74e6768103cf398ecc3337e43ba9598317579993ed8c5137159be38,0,11422616,client_a_preview,0,processed,,1780986126840
0xa54115709c8d942f0b01891bce8a5a9e6950bc9aa14703326914553efaaff404,,,0x434b700ba071c06676c557d49ea8b7146919aefce072927ad99b36e8c4801ae8,0,11422655,client_a_preview,0,processed,,1780986143033
0x1da6200c374b9e6162dc8df589cf78f8b6f58dc5897343e7b1db56e1515f4389,,,0x4eebf6f5d096af23d69d2f0a20be7f4a81f405256fd428c2712759b9393e4682,0,11422660,client_a_preview,0,processed,,1780986144709
0xaced0628d0f020956d7b781cc00f4e6ad149949d473ead1a68eb7b75b4f71535,,,0x8d50437e2a2d83b6be9b17f7cdf3a16525327b8a27fe3d52612b5d83211bf8ca,0,11422711,client_a_preview,0,processed,,1780986167274
0x30712c08008dd0f3a391dfc6787671e957acd8bb8a20a0b55674d38ff3922e92,,,0xaaaa6768b7e88400aa9806741634e7d1b084be486e3fcad1a0d3f7697c94505d,0,11422715,client_a_preview,0,processed,,1780986168351
0x6fee35ff88357a282f4bd0d391a056b365dee938e0ce2d30eec3c6ebaddfd419,,,0x83fa04486d505e540bca236a52d0a8e3a7fdde311cffe0014e5320ce102527ff,0,11422742,client_a_preview,0,processed,,1780986178329
0xe39b59d6757023a830f6c78862435b77ec026a1fc112558e77a4f5716f8a8953,,,0xfaaaeff0124ea521f63387ac386a75228f0f424edf75f45d3123c40d6bdbae1c,0,11422757,client_a_preview,0,processed,,1780986186761
0x952390510b4b9742ffcbe3d94b0ed278268c1e8dfce3e5c5dc80faa4b60c188a,,,0x18383ea1d6f95ba8c73a5a0d8c764645a9772cb0f32d72d556a8a91a4cfc32ad,4,11422761,client_a_preview,0,processed,,1780986190502
0x26e47c1575a11288f7202ed8801fe38cc8260adec9570fc54993a3f85e525a0d,,,0x5234242c095d1ddcd55aa397605643866e4239cbbe27d4166bdd3d674fa7c30a,0,11422779,client_a_preview,0,processed,,1780986195872
0xfe22c9c32f1018555b97915da310460082256d9fa8a19fbe7b107e0b7ef08866,,,0x1f21c8731ab48114c7a5bc6c9be72b87b402df4d6212cc946c33a8829205861f,0,11422839,client_a_preview,0,processed,,1780986221095
0xc552db8b81ae08764ec16fc59faf1b9e3d2b5863cb0d528d63f77e906908fe37,,,0x5b65710713bfb7efe34599e7b6d6aa5a4f5796ba46cd6e047cef540c3b240b61,0,11422870,client_a_preview,0,processed,,1780986232323
0x7d7a440cde666bf6bd288c6234f000f005e08842efe655fe418d4f2d73b37771,,,0xb189f255c2e514c2310bb7dd4eda85d80cc3e25826176edd29bb9a229abc2646,0,11422877,client_a_preview,0,processed,,1780986235766
0x23515a58d2048ea60409ee992312f2392b7ffd5db647fb54318aff7fbe4b89e6,,,0xe04697a59d1a9255a3de379aec11446645e9ab66c56d81f80600abc4bea13f0e,0,11422897,client_a_preview,0,processed,,1780986245205
0xf434f57d7c7ebb4de0ced3d829107370c4de4a3b738921cf18c97e59bcc545e5,,,0x00b1bee589000a2452d4e867fb22181040474a4d1adb490a52be46ff6b322790,0,11422901,client_a_preview,0,processed,,1780986246974
0x8ef962df9294f4db8b509234832510b1a3a565ea8cf734169601d7a2df30e873,,,0x9250600a51f113512ff506dd3b708b345a05493a586397b3cac34deaf74430f2,0,11422937,client_a_preview,0,processed,,1780986261454
0x7b324bbb2152cc019c26f33551d88e595171e690251c3a990c3425f72927ce47,,,0x80702f74dbb3462a2e2bc1d1257a2f1aa5e5ed9d43da839c9a242641ad91902c,0,11422939,client_a_preview,0,processed,,1780986262836
0xd1cd410d8685a2309c4f91d6536be025ff9558d3dbee9cd37fa55468a9a7ce7d,,,0xe484a7c271085ff7ee5c754f0c5099ec273b64436d8f67261da8157ca50aeaf8,0,11422992,client_a_preview,0,processed,,1780986283361
0x85c3654fa075460e81b4e8744f32fb17a98bbf96b375ec38c9fdab1c6f07d472,,,0xba8849870adeb774c85d00644fd75452e22f499c7fcb91e15e02e288363707cd,0,11422999,client_a_preview,0,processed,,1780986285348
0xb0296c981f3ff7c2a42b548f46c448a9a0a24daa28511eedd58cb33988fe7e7e,,,0x30bf661b86ea1d4359113f2229443b51bb1638d274f47ffbf7b5567b4d891c45,0,11423014,client_a_preview,0,processed,,1780986292190
0xf262f6efb01cd176c8e34770efcaea53e197f465748091c69270e3cd480cc9a2,,,0xd949f4fd581697cc7b93f430b0b7cb0060f909760863bfb20b68f76b5b85fc1c,0,11423036,client_a_preview,0,processed,,1780986302418
0x2da1c197bcc332f55567155380d91d7d879b848c5c4554ebb6f6d7e8cf5bf64e,,,0x02cdebd0a991e0539fd858d00ef794b941febfbb61362cfae9cad974488e10f0,0,11423038,client_a_preview,0,processed,,1780986304242
0x5d0bb2b2b8749b4f80201e3a33939a0d2300e6913f3fb203bff24eeea47fbd57,,,0x720bdf75089d2b14e1e015e8b3faa5df1eb1e86309dd2ab6a52bcfd0bcd590df,0,11423043,client_a_preview,0,processed,,1780986306057
0x07deb6d737c6c5ff71711d83bcc31177a7838a4d55c148ea799047ebe9e33c26,,,0x12c3ff4478e97b66896337ead27344159cc42ea098a782b61dde005e7a5a17ce,0,11423112,client_a_preview,0,processed,,1780986332724
0x4256cde231669f064a8805062ae0967fd7c5c02986cb4209f814aa138f25ea85,,,0xd1eb6b6aa7f0a5853f2324fa566ae7d7404a196e35889c38d2ead9cd8ef306ca,0,11423134,client_a_preview,0,processed,,1780986339168
0x1d88bbd7b47b0d66969bea37d4d90660473976640cbe08db300af53403fe4fec,,,0xff5abea9223ffa5d255c056e1fdf44e067cdcb359bd4b101bad6fac4ce268b6a,0,11423163,client_a_preview,0,processed,,1780986349653
0x04c001095076b6c9bb17083b421fa52979e12f01ceb5e0ca7970054512501be1,,,0x8685aa1753d2fc59f31a7f529148dfc0ab79e42c697d605e88c66a9a45852c5d,0,11423166,client_a_preview,0,processed,,1780986351455
0xef3f88f471b6503f32a9a66b0e38acf9fca274d53e3b627dfe20d5e5360e77f5,,,0x38e0578ed6801a1fdd3516615346db5048def0150cfb7c56cd366497a9276f4b,0,11423208,client_a_preview,0,processed,,1780986372729
0x6aea991647b3d4076b74d4cce8093c2014093b9783b4dc65737b4bfdb633b0c1,,,0xd6fe265cacfeebcf0ab1249aa15b1d231b23984c67817a2093de9357caf3ce3d,0,11423210,client_a_preview,0,processed,,1780986373661
0x72f910c1dd18b8edfe06167fa237c607392cc4140eaf4defdae62b82c0cc9b42,,,0x2a395c654dbb19094dba21d0b0d48b78479f7909b59b0c1c98e276ca8744dfe7,0,11423257,client_a_preview,0,processed,,1780986394707
0x9d3f86f9a582146a438de55eda5d33cab070aef145fdb1b98d6c18bee4395905,,,0x042a3f43f93a1c67e45a47b4cc340136cd789699fe5c69374c7b70077184c4e4,0,11423261,client_a_preview,0,processed,,1780986396430
0xfc4e61aab0b7a7e4cc65a12e6fc273a997b89caca83ab806d82211790d290c36,,,0xc6e8fdf99b3260f5d71a4f6e49eb255c5055d5bf57542928587d98ce0b95a4a4,0,11423265,client_a_preview,0,processed,,1780986398133
0xa56ea8d24ccbb83fc39fbb56cd338eec2d11b0175cc3cfae601556125e18647e,,,0xcdc93a51fccc0c8bf045bb5e07220d717595db79ae413499de69495b0ae550bb,0,11423289,client_a_preview,0,processed,,1780986408256
0x5e6760754d9c4d5294fbf8536dd6b6befa13be90f4c2d71595daa26b56bb2308,,,0xddc7489a3770c8c604d2a72d454f3497fed6058b35cdc20b745ded39a5e490be,0,11423384,client_a_preview,0,processed,,1780986447357
0x38f4d5a10d8f6cb45aa1a9ef0a29efa30f3a11a0f7b4b67682b16f4b056508bc,,,0x609217081659299577b44dd241cd59ee19a4b37c1dc226cb0a7e0d4f23b36a70,0,11423393,client_a_preview,0,processed,,1780986449880
0x0d857f5648cb392d215fdc69f7afdf47ba1f76eada0fcf0dfca8372bfc81f9aa,,,0x29788b97e467a8d54fbf2a5fa91bfdf0f607bcda3fafa1f870612bfe8d67025c,0,11423561,client_a_preview,0,processed,,1780986517776
0xb578c44846f3d6eb8d092bd14b4686b8921660a8d3e751f71f3c7a68f075bca7,,,0x1f7514a9c5b4f0b1dd24664b64336808f472ac4a6ba9b8dc37b3f7ca57081391,0,11423657,client_a_preview,0,processed,,1780986558708
0x8e3ee53d37226e05e095959c937510d51b68c6c246177eed46fa68dba0301e75,,,0x355b458e687cffc648b14e6b0771c3556aa6961ce923dd4276fd00c60bebbe50,0,11423877,client_a_preview,0,processed,,1780986645964
0xc2056e102b0f1f77e11c7ffe8aec056515f70933afe1db15e917f79eaa1ba188,,,0xc767f1c7ee8087b198b3d45113ea79fbb8f00a02718f9433f225b26346dd1056,0,11423984,client_a_preview,0,processed,,1780986691472
0xdf7ff535cee093e82020ec6042ae93844435a861aed46c582932eeeb7ca36f35,,,0x60e514c902430037df0b1679288c935b3edb8726ee4856be1f4df6e37bad0688,0,11424038,client_a_preview,0,processed,,1780986712473
0xf63373b4685ee28ee1a67743633da7e5abe0afd15d818066fcda1d4cf3412f86,,,0x5bc4c8fcbf0a37ccbaeb6b07d4a2a2720bd370980e67042b83819c87999fa94e,0,11424139,client_a_preview,0,processed,,1780986751936
0xdafac3f15e3f7e1db8799f4b0a249647ebc1f036910acd453941081cfca1a579,,,0x2c9fa24bea71f6bafd3e9cc61cbbf447f7d48789a9f5bf0eef450111536c1a0a,0,11424165,client_a_preview,0,processed,,1780986762340
0x368f303e337680ec3e0aeff7a4e405e29f8750dbaa9c4c934c4652ca08e9e5e5,,,0x76397017f644524daea54751c3083de89471bb48b24e94ef7070c9af10029171,0,11424237,client_a_preview,0,processed,,1780986790251
0x712a28a37782666653bc7919e99512b2a4894510433333db2ff58f9fd89c3288,,,0x64ee2d568cd832504ec60a6955595a2f2864f9c462e7568f99a9cda8e7d882aa,0,11424419,client_a_preview,0,processed,,1780986861113
0x88e49637ae234d38dfcf716ca803675352781486c5543601a29da3986887d198,,,0xe99f64515b1cdfe90730879da7a304b841a5944c07c7b7e0bdf8374fbb4e8e83,0,11424720,client_a_preview,0,processed,,1780986978056
0xf2dc9f15128766151f8c17e5a7239e33c20288f4c869ca3e1a67caae0aa3b788,,,0x48215800157b9ab49f1ea6fa67246e6486e41eb3f997fbc3dd3df9688c6440d8,0,11424786,client_a_preview,0,processed,,1780987004639
0x760348f6b3a4ece212c502d0477f7297c57e376e278538246bc7f30a6860e6d8,,,0xe124a7e0f6a5b41a26c0a459fedc174761ddb658d49bb77b7ab821d236268a91,0,11424824,client_a_preview,0,processed,,1780987017632
0x81b0fe7486b4432f8ed91cedc2decf564952a52463062ea2b13258c1312907ab,,,0x378b42750f4177d5a01962bb674ef6b539f148e2d965b542a181beeeab4407e2,0,11424876,client_a_preview,0,processed,,1780987039986
0x097a028be603864643da7c024354ecb71761918ed23833cdb9d9c3323dc934a1,,,0xea40abea8773039d033515f244e99cef2e2dad9d904bf4e372ed0ea8c9d6d04e,0,11424880,client_a_preview,0,processed,,1780987041730
0x81beeba05c01185b50e342f750ec0dbb478fda0b04ad746db1259564968a7b08,,,0xe1aee1aebb9cb7aca4a63bc2fbf628b0548b20767323020bc4eae0ebc01f7886,0,11424947,client_a_preview,0,processed,,1780987066152
0x563967e62d51e8e93995622b3d6488e67d4a39b12c9b6164a561070ffc39fa8b,,,0xe8262087f334979a8ac0e32112c708c4d7aceef99d79bd75fad753c49eb5b242,0,11424973,client_a_preview,0,processed,,1780987075112
0x70675f54c7da75fb3b7f9a13868c68f0240c6e2f9f0c0acdb31f9ec6bc93adca,,,0xfb4aa7ce7d72cf2f3b3fe8a6f7e50856d1f15a77caa294336d86e7885d0f3e5d,0,11424977,client_a_preview,0,processed,,1780987076429
0x5f6183e746dc58b92ccb8d9c1ce8b2f44c62a544555bb9fbf8099c8d08104262,,,0x5e873e9345c1d6fdd0feb84022bbe3f45914d9d07c959ebfde607eb4624161ff,0,11425056,client_a_preview,0,processed,,1780987111592
0x8ff740b9d6e3d0a960a98edab96dcba9a4e0379567c291a2db3ee25511d31e0b,,,0x0fbd8b363eeaa602b63b1a77c85b545c4de66ba0c7ba0781fc9a83219bf0b04a,0,11425057,client_a_preview,0,processed,,1780987112425
0xf28cc45bc30bf88af60dd81ec6375a5b0e2c9ea78fda4f5be43ddfc42068e604,,,0x7dee0f9f4dd5e167e7fec6950c67511b88703a91a3512663e64c40314b42037f,0,11425102,client_a_preview,0,processed,,1780987129060
0x3b30474a922b241f0ef539da19c88beb43cb64f36df75ef2e3cfc4d3fdaa4264,,,0x2d70668a2db0fb8278696441a243088b70c1964047ccc829f3b6a71274142b6c,0,11425106,client_a_preview,0,processed,,1780987130341
0xd0ba55d61a2026fed7eea2cc0b8094669f19ffe5486d84152930c68952893f85,,,0x040e773a95af3308be6abed1d0f2eec4c2c28ee30efd48a7d2927db493d50ff4,0,11425109,client_a_preview,0,processed,,1780987132175
0x8146abd60cf91967154ae451abb61a2dcd6fc6e9729e3eb08e8cfef8e615edc8,,,0x8edd706630b458b2656cbcb18548fd5c30781223093f04f08796ae5dc5781873,0,11425161,client_a_preview,0,processed,,1780987153213
0x60995e7aab429329c3baf5dfdbe10c52ea4116d4ae612101f1abcf110333ebef,,,0x163856b9fe8fdb193dcadc044b60e6c16094b7ea6f24a6d732e0e92b94097913,0,11425200,client_a_preview,0,processed,,1780987169051
0xf61f24de006ee1578e2a287ac878dccc723e34dadc43f325e49733570f13eeeb,,,0xf9291ae272b6371653a546f142f7d9f634657c140ad474f2b15d0c792fd7728a,0,11425202,client_a_preview,0,processed,,1780987170311
0x3b1200d1aa3f16a959ba550d15c9562744b5beda35aa7fc48c6cd585cc7632c6,,,0x169dbd524a3e22e0d9b117eddbde97f9a76440ed6abbcf55ec4e80aff89ec282,0,11425206,client_a_preview,0,processed,,1780987171552
0xea5fdcdf2fa9117b9d8e49026197526564cf71a8ef1f4846d84f899f819ea5b1,,,0x24cc1349844a1e5a4b439866494ab48012ce12f05aee70ffd5537db8c95960dc,0,11425324,client_a_preview,0,processed,,1780987219899
0xef48c991838446fd4a2f8a0c0c7f5ce57c004eaf4e1836c553a8721309d6298c,,,0x1bf457c3da7541fa4be3b1716615862346af307b3e80fcf69000be025c000b34,0,11425486,client_a_preview,0,processed,,1780987287706
0x54bd9bcf7e6cb41ef3e51620244d4eaefccb5b53e823dd8cf141de23023b739a,,,0x728311ac2761c747cb2ae829c26f5a151551a72f4161a91e69df4030c1b31b10,0,11425611,client_a_preview,0,processed,,1780987338569
0xab320ecd25581c707e109f7a9351083ee5ac0e2a96e9f45cc6c6ff85cf986cf8,,,0x1cef72192555febb86d52ac5ad3a1b09ed3559a8ce7afecc34d1e97ab0251038,0,11425678,client_a_preview,0,processed,,1780987365197
0x1ba1c18cd31b8d0543faaec6952a81c955eb780d2f1196d31291c8a633bd1731,,,0xc1d3c63de34c6de5e7b75ef725c95e5730f0cb9c5a420575b134256cd17eaffc,0,11425771,client_a_preview,0,processed,,1780987401938
0x485d796b95c6c6c45bac5b7abe65338b4fac2a0af7dc514f78728b86ec4b110b,,,0x19d59f5e0c5b398bca4046160b5b911abc440d535d2f1921653090873d8acb2a,0,11425796,client_a_preview,0,processed,,1780987411525
0x4683b59c3156dc3466fb95d22207c70dd221b6326e7cb5aed7454701c0e836b5,,,0x6b492d822499161b7b16ae3747c22ab320196a46ffaf4c471e0b46aa5de1ff99,0,11425801,client_a_preview,0,processed,,1780987414177
0xa505ae8c145642450b47014af2b452d901cf2b8ab468a50a40c84221100d5110,,,0x736ba0af1a8dc850ee0903e85152998bdf47a1fb57214b0b24073c0f739f27b2,0,11425889,client_a_preview,0,processed,,1780987454969
0xa94d28c15f492509f7142e652295b2d75602f3d5fd0f6375bc9bdb97843e893d,,,0x94b85294da8364dcc0ce567038091dba64f226895e66a22f8ad49e2a7cbe6b96,0,11425925,client_a_preview,0,processed,,1780987467306
0x1facf8b3bf9ba019d437417af45a19451c7089ba06f1c71fd244a0c62470bcef,,,0x7da1eacefabee2b9aa3fa3724446229188cff3852ccaf57b1ff50aea99f842df,0,11425950,client_a_preview,0,processed,,1780987478562
0x3ed67a881f58d0e9684549474c3a2dd509c78c676d10864bfb6ccaad762cdd70,,,0x8c43c2665bea64f221c060b230d668b86e96fa7b90a3e8c37421834a79eefa6e,0,11426049,client_a_preview,0,processed,,1780987516470
0x345aaee518d04a0bf17957df5797891f4a41ddf731d3058feb57ada6ce595d05,,,0x2775e4c89aea344b3f812ae5821bed379da77fde6b9955c72c53c3616572de04,0,11426168,client_a_preview,0,processed,,1780987567945
0x94e48a0cc206ee065fe4790d233aaa09bb709e6c80e9f9762f8b094784400ea4,,,0x1449a1cbf878646997bd4a85aa0c8ec79baa35614726537a5695a324ca761b35,0,11426328,client_a_preview,0,processed,,1780987630427
0x5030b98a546a04b1ad301d5b3e18ce493ee728cabb11e31f2dccfba9c1850ed4,,,0xb1cbd0c41d66f29b1582b42c0ca01aba277cf80090008bf9540e4b3fd7d2281e,0,11426602,client_a_preview,0,processed,,1780987739803
0x545e3506f322bc085e59dfbf8f0ac2e4e211402e35e92ccae176719d76f51c6d,,,0x74b415f7af1c857ef531bcf113a5e8af10c76fa86850c978b0170a6a3c4de7ed,0,11426636,client_a_preview,0,processed,,1780987756089
0x9d032c75270e0f980a1e331c49b6e388b45d0d5fcbbeee07fc5803e80cadaf54,,,0x548f4357e5af937703b15afded29fa8098fbcca8f881495def5a9caacd1d31cd,0,11426703,client_a_preview,0,processed,,1780987784319
0xc9758923e2d06809d65cd8db2c32da77276c4fa9f4d46d5ea95779b5a5839018,,,0xc5bcd0269b5a6a28a8fd2393afa46ca1a28d822745cf67be1043297f851f1b6e,0,11426802,client_a_preview,0,processed,,1780987823418
0x1ae1ae3eec47ebd036ce8d4d838efbbb106d389c3b155cbc7172b156732fc0df,,,0x8ff6e129b1048fd6a7feb2b7470714484d0387e3e6a47fa1809e44926bda11a0,0,11426806,client_a_preview,0,processed,,1780987825267
0xfbe8e77fb7caad1f5431b4aa823d98631bb02c5e1f0807a62469cf9e9bc7a58a,,,0xc0118440e66cfe1386c637db22afe52c81addec2020658bc603e5fe601b08c27,0,11426870,client_a_preview,0,processed,,1780987851827
0x3345def1d4041fe41f586a32a4c428aaec95dfc14bd13bdae23cad012ead49ae,,,0xc95b31d62140ec9b952acff61768ad5aac9ec811c3e1be1d5d14a1253edd91f5,0,11426902,client_a_preview,0,processed,,1780987863303
0xc243486cc3a8dd9d9c72df8864dd152db886057418b71fef9cccab46fece9377,,,0x879ffe5befb4cc17e17e3931226da6f0a6858395d5e91a0bc08190777e63ca89,0,11426905,client_a_preview,0,processed,,1780987864586
0x0d7726d71704b68605591c8cf29aefe4baa80375ec06782d32fad40cac7de5a4,,,0x61c44b7624ebab5a0c67518e58586e7448a72ced917f7384c9d0c2cf8beea44a,0,11426985,client_a_preview,0,processed,,1780987895228
0x5b7206709cc965f66428e2dc9f0b129c708ac22e5c0de46fcd41da41283adc11,,,0xcb6261fd22f2689c808db0182366b57e6d1720e12d8b918a3a0e727368169bb7,0,11427036,client_a_preview,0,processed,,1780987915261
0x9bd9ed6db1bd603cb9f041f7f3fb6f1330ba252053ab6b8110d6aeceb93f1fae,,,0x9353d341d096bdc26f21334108be85b9bb2dd2a3fdcf96bd9992ec30087c6d61,0,11427039,client_a_preview,0,processed,,1780987916496
0x6d588cbcb4c5a4f32576e12b0f7fca33ced9b00ba07c6b375068d1a0045b3884,,,0x14c54b853edc28f634331899e5adde35e1edf58cbded3e9784325b9441806797,0,11427043,client_a_preview,0,processed,,1780987917750
0xb5e13a259eaadb6a854ee19182409629aeebae53be5726a91860e76c17bef2ea,,,0xbd9050d61a81a2515dbb3ad54d827b7caa151d52d4b0173276440dde49602aff,0,11427072,client_a_preview,0,processed,,1780987934466
0x54e1fe1353d2895e799af2e7269e1456aeb50fa355c6845e979f70a3ad2a85bf,,,0xacd5b421702c4c0844900632f838a3e690ee2370ffae28a5906128a4d68ffc94,0,11427069,client_a_preview,0,processed,,1780987936011
0x93d045f904bd30c63b7d3e5e7adf40fc3b67b83ef6c5b53b3a71ba5722c0c5ec,,,0xb8dc7d7cb4abc70ee42925c34368868f7ad67ec06bc51f215f6cfe57005abdb6,0,11427090,client_a_preview,0,processed,,1780987937976
0x0962f81b914fba6b15d05d7bffb477d63d44b435f017ae31732dab939bbaf4c6,,,0x6b30d2b52a659d7831ad189401fa12cdb1e89d158af48bd73fcb15577af84006,0,11427136,client_a_preview,0,processed,,1780987955162
0x416041625454645303c5f3ce8b06a82a96e27da0b72b21a33d866e600fe3a82b,,,0x76cb651a4518213c09aef436432722d31a83e200b86390b457d52f927a62eedf,0,11427140,client_a_preview,0,processed,,1780987956978
0xf68444c62a9518dd938a9bf24ecb2e0ae2442f838c570f3b38f491513f912d72,,,0xc174ddc468ddef6d40b0410332f8f2f062e205ae442500cdc220bb054af160bd,0,11427148,client_a_preview,0,processed,,1780987960873
0x4f15825e9e4bf1de375b53d860f9f75f88711734bede5fcf390f0605e028f138,,,0xe47386d2883c35d6c4cdd057377a8e96a51b9ab2ec82c00d4f9647c09b67acd9,0,11427178,client_a_preview,0,processed,,1780987970526
0x58f292f0d82e65280971e0fa7c9c6a614876f8c1cbc41062e74d704e997bee61,,,0xeebfd0605a3596659df79a597a5b7515ec1161e626a6cca77ceff3979e08ecd0,0,11427181,client_a_preview,0,processed,,1780987972041
0xa7264b8a42ef7c256e1c59e597faef474b18e21822f8e2b68867533b66d5e173,,,0xa1af300acd77c4ae2fd2b612dec6d14b8eb916f2b81d4c50cb0883c68f377dc6,0,11427259,client_a_preview,0,processed,,1780988003001
0xb6615c4bd7100ba6911d730830465879bbf0c8e25912106c881583986e4c3a07,,,0x49d70d9adf61d2cb80ae34f7b03d3d09415255553c89dbffc450c78f60d0a42e,0,11427260,client_a_preview,0,processed,,1780988003837
0x73f57a0807d17209b0fb1b24640ad596e4be2d45ed8ab357fb56684607df1d88,,,0x2b05b9d986765cc7eb74f03f7290367d562e7040367822f6745101920f6c0fac,0,11427308,client_a_preview,0,processed,,1780988023643
0x55850beb7bef035549ea29bb343446c88383d02ede1083170fc9e05cf152fe49,,,0x5d96515ba18b43905cbdd0c5dec6c48f28173c30164619c7819344765221a878,0,11427313,client_a_preview,0,processed,,1780988025360
0x5ec6e83be8cb905ddf9ee8295353d86ec4a62269f0e8c687aae92a2e7b88a61c,,,0xdb7667f1dbd6c8453d9da19bd188bb948135480438709fa02345c0939094a159,0,11427368,client_a_preview,0,processed,,1780988049284
0xef871fe7d2b9f50919fbe4094d246ff8262233497df9d76dccafdacb412a685e,,,0xf5de9d5d2ae833b2ebf4114c03c81e3b6bbd946adc4dc23c6c71bea7aa36148c,0,11427435,client_a_preview,0,processed,,1780988077810
0x652efbe4e22e4f2b3286ec4a473ef6e6564a508695cd3b1851d1c0d4b7a70187,,,0x26ce4f7305068b300e9ac52b6454c7069e7b19f9d7cb0eaa2f817f901ee399d6,0,11427550,client_a_preview,0,processed,,1780988126157
0x49d1c60e22f2d02c9c7160029dcbb38d839a9462a77926475c711af7b274db78,,,0x0a146551f12113d7ec8e3ea571c837301237feb87a786eae5c5752b99cff985c,0,11427618,client_a_preview,0,processed,,1780988154785
0x6cfbf524edf3ee5b6a7de574435f6c3fad119d04393a6195b175d0baf0657a56,,,0xbefe431eb66163a5f0db63ce6ce732ca19d1ef3ed8a47a78181076c9c9698e08,0,11427715,client_a_preview,0,processed,,1780988195959
0xec478d4d840e2084f084ad2be6aeb07290f360934258e89e80e3cfa18ecde94c,,,0x6b50e3eb2c94e2137120ca808bc896ef460a1a72e803ab3cb5984ecdbd989ad7,0,11427745,client_a_preview,0,processed,,1780988208858
0x3d1718b28339c2ac334f437ac538a1bd3b5ed8460aeca682430f12405e78f7e2,,,0x6058b2d504a5a7eb54f2c5a4b3eb29ee0647abc38bdfe2de3d07c5f3b223ca4a,0,11427832,client_a_preview,0,processed,,1780988244668
0xfa92d9c9fee6a1d0c49aa0dae35bab31c7acbcc8d0dbc9f09a182ace4fac65bf,,,0xc6d1da7053f443f6d8579c4a575a868094305018cdf2c96b5eb0b62dd917b7db,0,11427984,client_a_preview,0,processed,,1780988310673
0xad2a2ae5210e8006da2489094eaf3c3492e01d11fd57b1118b9961d1e86705c6,,,0x268405257ed74bcba96117a4e959545755fb6a9a14e83f98d34aa0303913d8b9,0,11428146,client_a_preview,0,processed,,1780988383749
0xc7665db3f80bce9d0c5bcefcec431aa7bf9fe07dfd2e239ae3e2f987e012207d,,,0x51963699f4e01d12e96b588c901b9f2e01061454bb58a5b698ff24898a3480b7,0,11428276,client_a_preview,0,processed,,1780988438156
0xb21a902fec4e6c2b91450ed45af5a21115ea15362f3704e4bfd2bd2c3330c557,,,0xfab51752e6cc162d7d4df53e951442bca5d3aec0848561efc4af16a4f0dc006e,0,11428400,client_a_preview,0,processed,,1780988488965
0x171c1c20935b02c94de783eaee75b1ced102338e131c0e498772f0f87daf204a,,,0x37ad937170b2a7d3bda43b6db2c4b664eb578ec97efa9390f747adc05e84bddc,0,11428568,client_a_preview,0,processed,,1780988557267
0x8b67456f550a823119ffb74b17327e4a82355b700ad9163ca8be6d8a7504a875,,,0xd4d7d08263ec06d91dd2f0b806a437275b1a18fb59865408349b25b62b61449f,0,11428692,client_a_preview,0,processed,,1780988608065
0x470dcf8c13387a82fd8ad0228a78abe3d789fdf4c76a787a57d0a82983fe25ca,,,0x9d8cbbc7abfbaf9167be40ce9d8e513778c34ee8d8daf475356cde95b1273f31,0,11428834,client_a_preview,0,processed,,1780988663674
0xe4e43dabdcee729af6daf47494b88e571b4f72dfaa8681f1934105ffb621a48a,,,0x6d75c6bde002b4057fe64a63fa0c4a86b69d6909d94822728555da6e2834cd5d,0,11428854,client_a_preview,0,processed,,1780988671387
0xacc9ca9548a2b4de27005668eb87d65c0360cffb02328b796d97e5e862401169,,,0x63f7d0c17a8bc9a23d5cd50457d783c182e03a0d60d52fc64edd1a0d4fdb8d48,0,11428857,client_a_preview,0,processed,,1780988672650
0xb058b1f37895eacaeae45dff818e9e613554f14d7f38b34ce175755727f62aff,,,0x966a34f12440e9852bee58ba71b803e7f1c862aca042d83d99810414f828c263,0,11428890,client_a_preview,0,processed,,1780988686782
0x4d5511aeb836dd17c2471d344fd64b3189133a3b92689f756513d1be15ae7782,,,0x1042e465c273bc564d44252c476d98ae63b85d2d58dfe19b028f8d3e89088ef5,0,11428893,client_a_preview,0,processed,,1780988687949
0xd4231a2d96d51e459037a39311a279c8169af84dfd93f5c44ad32381c71bc3ee,,,0x8f5861fff2833c34faca7524852814c562f70b9d4e5fbe2e4ed158054546ffe7,0,11428983,client_a_preview,0,processed,,1780988727746
0x90d2bd29c534c538ba0f5e2340e03f564c17ff15834aade035c8ea0126d01ad3,,,0xb71f4d46840ea5ad103ad7429619d8062d40b4164081c401e71a993bdf70280e,0,11428986,client_a_preview,0,processed,,1780988728841
0x638bfc217e505a768b142d0ac15232b919f373558d17801b42403b596df57d18,,,0x136d74f9cacd1e5f6784215dd3a0157ffcf0ddc1bb23579308b8b38addaaf563,0,11429024,client_a_preview,0,processed,,1780988744682
0x542361d0001b30ddd10680da77a2f2d03177492625eae4c412469f8b2d6b0ede,,,0x0117917d9fc1e597ee5113814d51db1244e4bf1befffdfb90f4feffb324f1179,0,11429028,client_a_preview,0,processed,,1780988746442
0x9fe6c4e70d3bb5bda00478fa72873b3aa556c154f73d9b71dd889bfddc7f840c,,,0x3306b83bc639b31f43866088c3ab6bb45b965b7556d5ab221469e94a1a0c8e9b,0,11429071,client_a_preview,0,processed,,1780988765433
0xa911e7e9bfe44c585fe9b96ce74816ae3ed5f5efcb2e3cb5eea0a0d28aaa014d,,,0x42119eaf1079bd416abbaaabd63c95c62cb462939a6aee9e76449295ddb3b677,0,11429110,client_a_preview,0,processed,,1780988780636
0x436d82d5368ec30d9f674fa578cc1ee0d7bda84c22470e6626df769b929b1062,,,0x0ce6ecfee0f85144defe48009d5770749afba810690391ba98029ccb44fade66,0,11429140,client_a_preview,0,processed,,1780988790476
0x0d1a086326b9cd8510d6082a36a10296a730d6f878785a03d3f2a60f6376cfa7,,,0x838d628d86054ebd745c2ffcc76dcb1ffbcb5ad9714c9a47ebf4a5dd814dc66b,0,11429213,client_a_preview,0,processed,,1780988821735
0x0c4171dd1f201d7e7a47613bc64832c41cf88d9bcf3b2342638f636380b852dc,,,0x17adcf742294499683314679bbb7695a2c1ff6330ad397e141ec7b6fdfceeaeb,0,11429237,client_a_preview,0,processed,,1780988832759
0x97ad602d2afbd79485ad7a14197c291bce05b0fc04586486b3f94cf6910f30db,,,0xc3dfd1067e91d8c0db9c2c0a53df6687b93c3bb5345e5196261e74f9388765e1,0,11429267,client_a_preview,0,processed,,1780988840863
0xc19d393387539bd03b8e61f216eda6bdd8a5ebbb1dc406008d61f7d490e2ec97,,,0x642bbd645318fea3c48cc2a7840f8cca8f3bc5ec94546cb0b58287019e831c0e,0,11429293,client_a_preview,0,processed,,1780988851511
0x35c1faa379808b724cb0e7b3f349adfff30097c0057d95cf28479df09fab4839,,,0x8eba19a89e71b9206923acdc2731ad7238b1cf4b6db91c871500fa6fcbdf78f3,0,11429394,client_a_preview,0,processed,,1780988893635
0xe35705ef400e2386577bd36033c5341c3ade0955a19828d47262d56711e1aacd,,,0xb56e030ce051d0c4354e00dfccc4f41c3bd55f3ad444f26ec1c3d8a99f36b6e1,0,11429426,client_a_preview,0,processed,,1780988905263
0x308f279ce1bd5d4e544d2610a6c6407dd590abcded8613f8c215ea7f845929d7,,,0x12b2480cf7ff8aed6035efddbc26c484a4568654351c36f200218e0d6a13574e,0,11429427,client_a_preview,0,processed,,1780988905767
0x53a3d66ae246b5973ec4ff135c4cc0e70f00dc0b544b2d290e8d5ec30c64231a,,,0x85f1e80209ab7de93774b7545fbe768b5b00d230743e6abf844165a2d339b754,0,11429519,client_a_preview,0,processed,,1780988940045
0xd198c10fad3406b2c3e2b0a5ba418a5d0ff4dc937e996423ac0f435f693ace3e,,,0x8e194d4892dbb4c0f0b704fcb2d237cff671ada8ae146585574bcc98483faa9f,0,11429544,client_a_preview,0,processed,,1780988952927
0xbfbf084af8f50b7c67186ad86ec72ddd36586ff6118ab984c964a2ffad2f4e75,,,0x11c9397d1213617bbe6c5bb5553bd48074d717a057bbab395d0ab0431721f398,0,11429667,client_a_preview,0,processed,,1780989005060
0xb3e18f52707e4906735229da25feff4bdadcb3c9345ea2b67367a599d39bcc65,,,0x277339315af11d0d38358b1f380a400a0a53a6575f6a05b8c3685769f608be73,0,11429700,client_a_preview,0,processed,,1780989019817
0x7a164e5b06acf7ec4b46a81b4c2b7d5ec52a9559d70d881dcb55811920c389a1,,,0x7dd68f0e71e7cee526c4d7706ef81398ad8c6b9170f8d0fd27d344d19712c600,0,11429793,client_a_preview,0,processed,,1780989057803
0x57748467bca7e9da6f14ee89509275dda4148cdafc1b0af7bf439ddf3f3b0ea9,,,0x6ca6da5cdfc3b84bd594431a13b20d1a55fef0fce262941d0044f370abddd134,0,11429825,client_a_preview,0,processed,,1780989075360
