id,intent_hash,cardano_tx_hash,router_id,destination_index,destination_chain_name,destination_contract_address,symbol,price,timestamp,status,error_code,error_message,retry_count,max_retries,fee_paid_lovelace,confirmed_at_depth,submitted_at_ms,confirmed_at_ms,failed_at_ms,created_at_ms
1,0xb30b59e14676b7847f2b84b30f0444d940dbb0959dc06d1e0228e93f06499bf7,"",client_a_preview,0,"","",NEIRO/USD,65524101000000,1780924257,failed,,,0,0,,,,,1780924278264,1780924278264
2,0x425f7ea7317365bbcb2344034edcb1e6bb2ea966aa51f98bdf56c5d33abe2fca,"",client_a_preview,0,"","",XVG/USD,2611092510000000,1780924268,failed,,,0,0,,,,,1780924311771,1780924311771
3,0xec521a731547ff98f061290a8de61d7124cd6f0ddafae372c202c03f0a4c1d7e,"",client_a_preview,0,"","",USDT/USD,999290000000000000,1780924271,failed,,,0,0,,,,,1780924311780,1780924311780
4,0xfce924d31eed68e406008717b5b235bc1012cabb2abd8230642fc2380b2719c6,"",client_a_preview,0,"","",ARB/USD,83743419225000016,1780924292,failed,,,0,0,,,,,1780924346030,1780924346030
5,0x5df48e77772b8b8a2b2f3d4549fd91c0fafe00454a2f9af25e85112b9f219e2f,"",client_a_preview,0,"","",LTC/USD,43215228150000001024,1780924306,failed,,,0,0,,,,,1780924346043,1780924346043
6,0x094a524898159cf812d600178ff84bf74a5e8073b88a93f62b4e790273f52c52,"",client_a_preview,0,"","",BTC/USD,63521279888309442576384,1780924308,failed,,,0,0,,,,,1780924346052,1780924346052
7,0x22f459a4b618c20e102e5c36f35dd00c0aa96cfed8f6363f23e3ad313fc9e95f,"",client_a_preview,0,"","",ETH/USD,1688983951334320111616,1780924309,failed,,,0,0,,,,,1780924346061,1780924346061
8,0xc21ebe2224584e87ed9570d63c87b0f4ecd831c99db6b36f5f7a467e78957201,"",client_a_preview,0,"","",USDC/USD,999729699000000000,1780924314,failed,,,0,0,,,,,1780924380742,1780924380742
9,0x3a9f71f588f38347e23423ebf8fb98dd7e4eb4802c642e2c128aec1a7ac2bbd9,"",client_a_preview,0,"","",DOGE/USD,86597839050000008,1780924320,failed,,,0,0,,,,,1780924380752,1780924380752
10,0xc2680aee4b2396478e52a4af00166a6c6804a53bcd98f56757998c968f10b6e2,"",client_a_preview,0,"","",SHIB/USD,4762663800000,1780924321,failed,,,0,0,,,,,1780924380758,1780924380758
11,0x373e279889b7d3b26ab84f17815c7d495b7dedc6f6c5639f703570b7c52389ae,"",client_a_preview,0,"","",NEIRO/USD,65569069500000,1780924342,failed,,,0,0,,,,,1780924380768,1780924380768
12,0x2b9a6bd325ccfd5e52e0db9812f40e31752ef32f0621ed2880bcc3f41626a6ff,"",client_a_preview,0,"","",NEIRO/USD,65569069500000,1780924345,failed,,,0,0,,,,,1780924415644,1780924415644
13,0x512e42208ef3429b1acd5d8ad65976b614e0d29dcc42cc721e4488da96e1ee10,"",client_a_preview,0,"","",XVG/USD,2611130022161544,1780924354,failed,,,0,0,,,,,1780924415655,1780924415655
14,0x635a04e514d09a81d517433899ecd50380dde75174811f41032114b89b581de3,"",client_a_preview,0,"","",USDT/USD,999290000000000000,1780924358,failed,,,0,0,,,,,1780924415669,1780924415669
15,0x5f90cd844207409133f86b646682f72a8a17965dcff1d6ff7562ed5cd64ee4df,"",client_a_preview,0,"","",ARB/USD,83761116475000008,1780924375,failed,,,0,0,,,,,1780924415680,1780924415680
16,0x92c33fdd6235cfa81017cb797fe028479a76bef7a62e97273bb3a566a34e670e,"",client_a_preview,0,"","",ARB/USD,83765474150000000,1780924380,failed,,,0,0,,,,,1780924450251,1780924450251
17,0xf59cde0bbabb27178033c53d2e492667e4a5ee89b6203be09658d045921536c4,"",client_a_preview,0,"","",LTC/USD,43229609849999998976,1780924394,failed,,,0,0,,,,,1780924450260,1780924450260
18,0x3b7141261853f4c767c3ee8fd9e2cb21076068b0a22260a043c54cbebc0f22ba,"",client_a_preview,0,"","",BTC/USD,63532616016000005963776,1780924395,failed,,,0,0,,,,,1780924450278,1780924450278
19,0x5aa9aa22ce128f5471c66d84560c940c6dc07f23fc97930c630983f2200f9bf7,"",client_a_preview,0,"","",ETH/USD,1689213276455073218560,1780924396,failed,,,0,0,,,,,1780924450287,1780924450287
20,0xe9ce16d6a41677df1fc1d4bde258c01545292210109801e29805ab5c28599caf,"",client_a_preview,0,"","",USDC/USD,999729687600000128,1780924402,failed,,,0,0,,,,,1780924450295,1780924450295
21,0x296d34dc266f0d28beb76be9e8080c8cd907fe3befca591f47d4a95780df7e82,"",client_a_preview,0,"","",DOGE/USD,86606998250000000,1780924406,failed,,,0,0,,,,,1780924450302,1780924450302
22,0x4eeed1b992be73a742f0b2ac931419940cf8beb71f7acc7324de2920daeb0658,"",client_a_preview,0,"","",SHIB/USD,4764245126475,1780924408,failed,,,0,0,,,,,1780924450310,1780924450310
23,0xfaa4984b5a26d2f2f5d88655a048b209d44776c0d272025b5ce497f6790fdbe1,"",client_a_preview,0,"","",NEIRO/USD,65601546750000,1780924432,failed,,,0,0,,,,,1780924496996,1780924496996
24,0x1507029a464a8b20f70a8d079b08bf5882e54b461de8c75443a4326095d8adb6,"",client_a_preview,0,"","",XVG/USD,2611169217161544,1780924442,failed,,,0,0,,,,,1780924497609,1780924497609
25,0x379b0d634b60f2802e79b70772a578fd1348368cf1a616c04af47e6eadb603e9,"",client_a_preview,0,"","",USDT/USD,999290000000000000,1780924444,failed,,,0,0,,,,,1780924497999,1780924497999
26,0xb67f524d7f000caf4e31d95b531ecc6232adf33b503990d9447e2c6f5eb4c4c9,"",client_a_preview,0,"","",ARB/USD,83788272625000008,1780924466,failed,,,0,0,,,,,1780924536271,1780924536271
27,0x0ed3f81ae532f98011602a10256c6eb014340397d907c1e25b125e50d7bb74cf,"",client_a_preview,0,"","",LTC/USD,43234639150000005120,1780924475,failed,,,0,0,,,,,1780924536279,1780924536279
28,0xdfc0154bba71d7da07e448020b0fcbec87893f57e6387fe3cd837e2674f92b42,"",client_a_preview,0,"","",BTC/USD,63543094270000004857856,1780924476,failed,,,0,0,,,,,1780924536288,1780924536288
29,0xea505bb2169eca484a32ee16ec5ae4a2d65f65e0fea95e06134f4bd3c4e5e3e5,"",client_a_preview,0,"","",ETH/USD,1689578213305800982528,1780924483,failed,,,0,0,,,,,1780924536295,1780924536295
30,0x6b8b03114d095cc07ee6e14b2f7f2c96f3aa447115d46981a36736f73ea62add,"",client_a_preview,0,"","",DOGE/USD,86629658500000008,1780924492,failed,,,0,0,,,,,1780924570206,1780924570206
31,0xdbef71dfac5815adf47ebc15f098815d80711c22f6739574ed90e35c6b55ab83,"",client_a_preview,0,"","",USDC/USD,999727265050000064,1780924488,failed,,,0,0,,,,,1780924570212,1780924570212
32,0xf2c06e7000bb60f87bbbd2e173d30c101b6281023690f57880bb419eb119ff76,"",client_a_preview,0,"","",SHIB/USD,4766661000000,1780924494,failed,,,0,0,,,,,1780924570226,1780924570226
33,0x602cf7f19b75358b0f1eae0866904fd6f5451b17fea197d71e348f223732097d,"",client_a_preview,0,"","",LTC/USD,43239278300000010240,1780924481,failed,,,0,0,,,,,1780924570236,1780924570236
34,0xe5b34e5610cbd3babb46d9e4b9bbfcd244dda39f20d6afa0ab25a0fab378a53f,"",client_a_preview,0,"","",BTC/USD,63543649079945259384832,1780924482,failed,,,0,0,,,,,1780924570243,1780924570243
35,0x9b3e74322f1a84b6085ece13412bd8717429c5b08d248e220e4c8d0759bc022b,"",client_a_preview,0,"","",NEIRO/USD,65619034500000,1780924518,failed,,,0,0,,,,,1780924570250,1780924570250
36,0xf7a375edc92dd3d97f8819427f0044d613e5a2daebf96141611c588226f0a672,"",client_a_preview,0,"","",XVG/USD,2613117200000000,1780924528,failed,,,0,0,,,,,1780924570258,1780924570258
37,0xdcad33fefd0b22638ee6bc8bd51dc48a13c8b273c6c77383d0ef468b2dc08114,"",client_a_preview,0,"","",USDT/USD,999290000000000000,1780924530,failed,,,0,0,,,,,1780924570269,1780924570269
38,0x8fa7c400f7a6b9df6f3be035b75ace667ab9178d68ded83d080f698e1fced66a,"",client_a_preview,0,"","",ARB/USD,83788272625000008,1780924551,failed,,,0,0,,,,,1780924603647,1780924603647
39,0x245d8a319e0bf688eacfad1a099dc0046de2c3847346f50e969e46fed5163d6f,"",client_a_preview,0,"","",LTC/USD,43239711000000004096,1780924566,failed,,,0,0,,,,,1780924603657,1780924603657
40,0x46126da764dc5a43e923094febc597b9392c1d46d580bd18a3d7a198cfa2dec6,"",client_a_preview,0,"","",BTC/USD,63550115741979128102912,1780924567,failed,,,0,0,,,,,1780924603668,1780924603668
41,0x1c3fd54fa74bf08bfbf32fb86388cb72c0a6abe26809ebfa0a86040000d16228,"",client_a_preview,0,"","",ETH/USD,1689754860886485237760,1780924563,failed,,,0,0,,,,,1780924603675,1780924603675
42,0x2b04432b10c33f6ac04e67e1817b7a3132d315d42d2c3530c83440ac973bdd3c,"",client_a_preview,0,"","",ETH/USD,1689766335000000200704,1780924569,failed,,,0,0,,,,,1780924637797,1780924637797
43,0xbb20b603872ff2ba56fa912e4351a7fed97caeb0c692dc45cef2b838c6e3059d,"",client_a_preview,0,"","",USDC/USD,999724842500000000,1780924574,failed,,,0,0,,,,,1780924637804,1780924637804
44,0x366affc8d135b8e15031d392f0698af61b26d9e7f5b0c4f1a09f2ed6dded8c8c,"",client_a_preview,0,"","",DOGE/USD,86633834025000016,1780924578,failed,,,0,0,,,,,1780924637812,1780924637812
45,0x8c50fd5dd0f2b9df8c2a39cf0b4c9dd3433e2ffdc38e81c7a7ae7eda703d589c,"",client_a_preview,0,"","",SHIB/USD,4768659600000,1780924580,failed,,,0,0,,,,,1780924637821,1780924637821
46,0xc2f90d076906b85c2e4199954190ea2fc7ba179bc8c20f0a3f1d59091f3db483,"",client_a_preview,0,"","",NEIRO/USD,65624031000000,1780924599,failed,,,0,0,,,,,1780924637829,1780924637829
47,0x777a57f83e130d5b677133204da740087bbd3d0bcb559cf37e87791beee71f90,"",client_a_preview,0,"","",NEIRO/USD,65624031000000,1780924604,failed,,,0,0,,,,,1780924671946,1780924671946
48,0x0e5f94b099137b470b57beac227f860c319800b2432e1076d0d8e7525f446889,"",client_a_preview,0,"","",XVG/USD,2613616840000000,1780924613,failed,,,0,0,,,,,1780924671955,1780924671955
49,0x6876181bcff282d58bf33a3716843e6e03adad509f0cd3aa52238fc5a72e2c2d,"",client_a_preview,0,"","",USDT/USD,999290000000000000,1780924616,failed,,,0,0,,,,,1780924671964,1780924671964
50,0x76e265cc01907604ba54f7f72e8a08dfbff6198da7eb67d1467c826d36ae9252,"",client_a_preview,0,"","",ARB/USD,83800229700000008,1780924634,failed,,,0,0,,,,,1780924671977,1780924671977
51,0x4e01846cef53f32fe309885a8aaad9597ffefc0c6350aa87d7712fe5fe5ca700,"",client_a_preview,0,"","",ARB/USD,83800229700000008,1780924637,failed,,,0,0,,,,,1780924706290,1780924706290
52,0xb72f3704d6e9cc26077cfd1eded7a9a9282e740c7fb2f8b30dea3abfef665390,"",client_a_preview,0,"","",LTC/USD,43249487600000004096,1780924652,failed,,,0,0,,,,,1780924706310,1780924706310
53,0xcdd0d27e37aa1583bf0f1117a7cb4093ca6c671afa8cd49bd794cd3bd24418ca,"",client_a_preview,0,"","",BTC/USD,63557340258929903403008,1780924653,failed,,,0,0,,,,,1780924706330,1780924706330
54,0x895baa28e316b69607be347ed82e3a82218025ce758eb4da4894d5deec0c5c0d,"",client_a_preview,0,"","",ETH/USD,1689944639649315160064,1780924655,failed,,,0,0,,,,,1780924706341,1780924706341
55,0x4f9ab282e5e6a5ff81a0eed4e2f5346d7468262e28e5c43c58063bcf0c79ff63,"",client_a_preview,0,"","",USDC/USD,999724769600000064,1780924660,failed,,,0,0,,,,,1780924706349,1780924706349
56,0xdd29fe988d779beb367f3f19dfbae00e6a6dfa1a3046800e56c7188d1f35a4de,"",client_a_preview,0,"","",DOGE/USD,86633834025000016,1780924664,failed,,,0,0,,,,,1780924706362,1780924706362
57,0x799e01e09d8d53be6f486774faf83567348791bb89393dd684948b544697efb9,"",client_a_preview,0,"","",SHIB/USD,4769746230380,1780924667,failed,,,0,0,,,,,1780924706367,1780924706367
58,0x5e8305a9c7ef15e1c1815c7ea49db66737587d70e0c230daecebabe75680e045,"",client_a_preview,0,"","",NEIRO/USD,65658677950000,1780924692,failed,,,0,0,,,,,1780924740409,1780924740409
59,0xdabffc0a9ddd43ff4270b60397109dfceb3061820d21576fdaf5757cabca60ed,"",client_a_preview,0,"","",XVG/USD,2614116480000000,1780924701,failed,,,0,0,,,,,1780924740418,1780924740418
60,0x40ae771a0f7283ce87878790382bfcd5b0154df3fa25775c44badd707c18cd8c,"",client_a_preview,0,"","",USDT/USD,999290000000000000,1780924697,failed,,,0,0,,,,,1780924740430,1780924740430
61,0x72be820c4d1400a6e39514e3fe837448a41d55cdf7835d635ecc2a8101037a15,"",client_a_preview,0,"","",USDT/USD,999290000000000000,1780924704,failed,,,0,0,,,,,1780924774788,1780924774788
62,0x9df8d91460da766622849f70021ecade8158acf0c0b09c6821f1be53aa8475a8,"",client_a_preview,0,"","",ARB/USD,83800229700000008,1780924726,failed,,,0,0,,,,,1780924774793,1780924774793
63,0x1e880c7ec8c40df3933e32bf82b86ef6994797c575f9c6486899556fba510134,"",client_a_preview,0,"","",LTC/USD,43249704000000000000,1780924733,failed,,,0,0,,,,,1780924774801,1780924774801
64,0x81624186094f5871dcefbd2fcb595bc1006f6fe69445d36f241a326f21bf4d30,"",client_a_preview,0,"","",BTC/USD,63577685965273076596736,1780924734,failed,,,0,0,,,,,1780924774807,1780924774807
65,0xd0f2cd6d468a81ee8a31e8fe2e1aa778fed7bc15231ebb47189df772fcfe1d93,"",client_a_preview,0,"","",ETH/USD,1689944639649315160064,1780924735,failed,,,0,0,,,,,1780924774811,1780924774811
66,0xcc8643f3793650f171a0ef07d37c9be10951cefb72b8fae7659dce946b277067,"",client_a_preview,0,"","",LTC/USD,43249704000000000000,1780924740,failed,,,0,0,,,,,1780924808692,1780924808692
67,0xe29ea40a8c53eab373a014ace1b7359f9b36efab1e5f25fab0e621adbe126384,"",client_a_preview,0,"","",USDC/USD,999722271375000064,1780924750,failed,,,0,0,,,,,1780924808699,1780924808699
68,0x2148ebea8f6e82f0e5f80d9ae7abb00101943218d4f8de25980720ab6dc4cd9a,"",client_a_preview,0,"","",BTC/USD,63577685965273076596736,1780924742,failed,,,0,0,,,,,1780924808708,1780924808708
69,0x1cbfe86e36f4e518b23fed0680cdbf5cadd2987b13c37641b419a65244fd010b,"",client_a_preview,0,"","",ETH/USD,1689944639649315160064,1780924743,failed,,,0,0,,,,,1780924808716,1780924808716
70,0x24eeb478ad8a37d4c6262286d1307ca54a2adf9a8a2e0fb6cc718a90c1c512b6,"",client_a_preview,0,"","",DOGE/USD,86633834025000016,1780924755,failed,,,0,0,,,,,1780924808723,1780924808723
71,0xfa8e1d240041ed45f238236839a5a2b31538e01701ecba301063faf3dc2b6db7,"",client_a_preview,0,"","",SHIB/USD,4769746230380,1780924756,failed,,,0,0,,,,,1780924808730,1780924808730
72,0x26f32a926d13792ec683c61f1d6c5b4599c6cb460d30d2e40e32794b4b554eca,"",client_a_preview,0,"","",NEIRO/USD,65673831700000,1780924771,failed,,,0,0,,,,,1780924808735,1780924808735
73,0x77818cd7f676e5581bb18768f70748ab5503328ef4dba8ae6a08099dd41dd285,"",client_a_preview,0,"","",XVG/USD,2614606313805634,1780924790,failed,,,0,0,,,,,1780924842787,1780924842787
74,0xcf12dbedd049d047836ec072bed5c11a9bcaec2bf16c4628ad7e34ed69c2681b,"",client_a_preview,0,"","",NEIRO/USD,65673996000000,1780924781,failed,,,0,0,,,,,1780924842794,1780924842794
75,0xecabd4fc68a6f1d1fa346adee0e18987d146737c735a64fc1410ab568b1a2953,"",client_a_preview,0,"","",USDT/USD,999290000000000000,1780924792,failed,,,0,0,,,,,1780924842801,1780924842801
76,0xb2d84620ff6cfd3e3c49dfb5afcf4aea5c0a256d502dc658348039de5e2a43de,"",client_a_preview,0,"","",ARB/USD,83800229700000008,1780924804,failed,,,0,0,,,,,1780924842806,1780924842806
77,0xcfb70eb4dfa728a32e972c393fc47e682a48f74910d4d129b20a71d3a890edac,"",client_a_preview,0,"","",ARB/USD,83800229700000008,1780924813,failed,,,0,0,,,,,1780924876918,1780924876918
78,0x0f4f5eb4732c930816417b0d5eca6bb0487077c8ba893a7ea037151ae8b74e46,"",client_a_preview,0,"","",LTC/USD,43257056300000002048,1780924829,failed,,,0,0,,,,,1780924876930,1780924876930
79,0x2ca87e55930068fedd6f2371bdf79e969868180cb09c5a9a9ed9d1aa4cd3e517,"",client_a_preview,0,"","",BTC/USD,63588730654799421243392,1780924830,failed,,,0,0,,,,,1780924876944,1780924876944
80,0x1e1091bd451450b33413f6251bb3470b4ae6b886ff70cab1dcc2e0cbac4a84fb,"",client_a_preview,0,"","",ETH/USD,1689987718000000237568,1780924831,failed,,,0,0,,,,,1780924876953,1780924876953
81,0x5c3908c4dc8b312163953c0c736cfa3a7a548b00f1e283947c0a3e97f4a0dd27,"",client_a_preview,0,"","",USDC/USD,999722271375000064,1780924837,failed,,,0,0,,,,,1780924876967,1780924876967
82,0x67599fd0b9b80a47fc8854b55c90c8c7661d4816f13e541d515fc4d99559cf49,"",client_a_preview,0,"","",DOGE/USD,86633834025000016,1780924832,failed,,,0,0,,,,,1780924876982,1780924876982
83,0x2477953d15c108f625abded13a7e38b4ddf5c4f637695408733f523adb441bfb,"",client_a_preview,0,"","",SHIB/USD,4769746230380,1780924833,failed,,,0,0,,,,,1780924876995,1780924876995
84,0x1a187f64d3b311f6fadeaa68904c465485426e7336efbf22583fd328ece35f58,"",client_a_preview,0,"","",DOGE/USD,86633834025000016,1780924842,failed,,,0,0,,,,,1780924911219,1780924911219
85,0x4f2ee70df053f4ea40407db9d9b4c3c1315a25303776420732f28f48e39c2dd0,"",client_a_preview,0,"","",SHIB/USD,4769746230380,1780924843,failed,,,0,0,,,,,1780924911225,1780924911225
86,0xe7a05683c5e3072d3835ee27f8e7bf0b200ba6823a05614e99fe17ec7481fb21,"",client_a_preview,0,"","",NEIRO/USD,65696480250000,1780924868,failed,,,0,0,,,,,1780924911234,1780924911234
87,0xe012c8cd18b5e4c896f2160ade603dc06e94c4589d457014fd09a3ba71fb4cae,"",client_a_preview,0,"","",XVG/USD,2614642290000000,1780924866,failed,,,0,0,,,,,1780924911242,1780924911242
88,0x7aff005b6c2241c6ad12c4a0d7666662c995ee4babeb22efc8f0149fe524a95a,"",client_a_preview,0,"","",USDT/USD,999290000000000000,1780924869,failed,,,0,0,,,,,1780924911250,1780924911250
89,0x615d153b19bd72d82017c6b49e8ae42b6ea2297d8088a79045712db3b7800f45,"",client_a_preview,0,"","",XVG/USD,2614642290000000,1780924879,failed,,,0,0,,,,,1780924945301,1780924945301
90,0x7d154ce7bae871764d6e542664b1a43e8e01573f009c744c574676bceabf404b,"",client_a_preview,0,"","",USDT/USD,999290000000000000,1780924882,failed,,,0,0,,,,,1780924945310,1780924945310
91,0xd8eaac003b38f1aa9fb3c6e2901841276668d297db7ecf628a9d1df6b0e01fd8,"",client_a_preview,0,"","",ARB/USD,83807944062500000,1780924904,failed,,,0,0,,,,,1780924945317,1780924945317
92,0x8df20b01adaf86c5c349bfdf6852a5a2998f79d33c703359326a1c46dfd6e646,"",client_a_preview,0,"","",LTC/USD,43269257000000004096,1780924908,failed,,,0,0,,,,,1780924945324,1780924945324
93,0x63d147b9731f9382a0523fa3125bf951fc584e2e9ab2e979a21eca9082c3cbfa,"",client_a_preview,0,"","",BTC/USD,63616125866497007419392,1780924921,failed,,,0,0,,,,,1780924980082,1780924980082
94,0x6d5afe26e9de955fde51879d2f88a3a7d487e226d05784dffd571073f80a7c32,"",client_a_preview,0,"","",ETH/USD,1690066888000448364544,1780924922,failed,,,0,0,,,,,1780924980088,1780924980088
95,0x62b1cb24b6868881b7bdecb9c346afa59435f95098b5293de17b2a3d2765718f,"",client_a_preview,0,"","",USDC/USD,999719840250000000,1780924929,failed,,,0,0,,,,,1780924980094,1780924980094
96,0x7b491ae9e4e8e8d463faefb497ac3152670b6102c917b97150ff948962397e1c,"",client_a_preview,0,"","",LTC/USD,43269257000000004096,1780924920,failed,,,0,0,,,,,1780924980102,1780924980102
97,0x1c5b89ccddfdff198b31ddb52510f914c530545435d81ea706cbfd5076fcebb8,"",client_a_preview,0,"","",DOGE/USD,86645605000000008,1780924933,failed,,,0,0,,,,,1780924980107,1780924980107
98,0xc73282985f36bc82da4bbabb0e8be97822e81735d43d3b65247bff0910447873,"",client_a_preview,0,"","",SHIB/USD,4769746230380,1780924934,failed,,,0,0,,,,,1780924980151,1780924980151
99,0xe31a0a92d3d2de30a3f537d06a21e408bb095c8c5799b8f619cb7920293a49d2,"",client_a_preview,0,"","",NEIRO/USD,65723303300000,1780924959,failed,,,0,0,,,,,1780925014157,1780925014157
100,0x606b951a6614f9efe1f4c2cdafe527d7b79a3b9f3324464bd293a498a4be79df,"",client_a_preview,0,"","",XVG/USD,2615595783864155,1780924968,failed,,,0,0,,,,,1780925014164,1780925014164
101,0xb702209a85aafc2672c4e292cc3a35649138208b26ca89a7b9c9009ed0c894cb,"",client_a_preview,0,"","",USDT/USD,999290000000000000,1780924971,failed,,,0,0,,,,,1780925014174,1780925014174
102,0x72f30230267bd8bc2de089b9ed400c7accd4f66869c2ea262b0b6c86f343fe2b,"",client_a_preview,0,"","",ARB/USD,83822828575000008,1780924992,failed,,,0,0,,,,,1780925047858,1780925047858
103,0x897cd77e341dd5edbfdff2e9579ef37c4fa349d1c2bf1ff67488e7cdbda74f76,"",client_a_preview,0,"","",LTC/USD,43269690000000000000,1780925008,failed,,,0,0,,,,,1780925047863,1780925047863
104,0x6ced64754d7da781df0cbb51e345209c6281d21179152b0567c085ae713f6763,"",client_a_preview,0,"","",BTC/USD,63661143473750009708544,1780925009,failed,,,0,0,,,,,1780925047869,1780925047869
105,0x2de653557aa3216835a49fb873e99755ce9707edf153aaadbc200fea2467f310,"",client_a_preview,0,"","",ETH/USD,1690174123750000164864,1780925010,failed,,,0,0,,,,,1780925047875,1780925047875
106,0xe272543a61ab3336e92258b1a09507e273fdb8b080de7b6747a565f9a344f7ac,"",client_a_preview,0,"","",USDC/USD,999723521937500096,1780925004,failed,,,0,0,,,,,1780925047882,1780925047882
107,0x3afdad87dc5d116761367cc022c4630d3f1fa3b85c218cad6b5c89e212c9fda5,"",client_a_preview,0,"","",DOGE/USD,86652294077330000,1780925009,failed,,,0,0,,,,,1780925047887,1780925047887
108,0xbd2a2b6ea58fb719cab0218e1256aa8272533e6f0cbb5148d5a567caff9f0844,"",client_a_preview,0,"","",SHIB/USD,4770305230000,1780925010,failed,,,0,0,,,,,1780925047894,1780925047894
109,0xf020b35dc51111e20fea20cc9f8eeffb13641da57ce540ef62d4ef572fc82287,"",client_a_preview,0,"","",USDC/USD,999723521937500096,1780925016,failed,,,0,0,,,,,1780925081889,1780925081889
110,0x0c09980ee36c42fa8167252f32b3622b6c2c07875736d65e979acfceb6e837c0,"",client_a_preview,0,"","",DOGE/USD,86652294077330000,1780925020,failed,,,0,0,,,,,1780925081898,1780925081898
111,0x5e6ca003b9be4e44d9cb7bcde4e2e6f35924d0554e95ff879a1f56c087142dee,"",client_a_preview,0,"","",SHIB/USD,4770305230000,1780925021,failed,,,0,0,,,,,1780925081905,1780925081905
112,0x361f98c96ca407425e7d23fd8488fcfc9eace9edc1273076316caccf81d84adb,"",client_a_preview,0,"","",NEIRO/USD,65738292650000,1780925033,failed,,,0,0,,,,,1780925081914,1780925081914
113,0xea08649c6de121d9d960a8c491d42348ab3bbb9e82c847fc69c58def0e4c4271,"",client_a_preview,0,"","",XVG/USD,2616131489561291,1780925043,failed,,,0,0,,,,,1780925081922,1780925081922
114,0x13c40a1afd6e8c493c840854887519aa7e55eed33488b273072758af5b6e1f1a,"",client_a_preview,0,"","",USDT/USD,999292500000000000,1780925058,failed,,,0,0,,,,,1780925116046,1780925116046
115,0xf784f200c9d1685094e93bc37ebe2a12e25385df37373fd66e0105dbd0c03c6a,"",client_a_preview,0,"","",NEIRO/USD,65738292650000,1780925045,failed,,,0,0,,,,,1780925116054,1780925116054
116,0x2838a49aa034b2abd79222cc2c245b58f87b6079157a93ff7b6e9683f9e99168,"",client_a_preview,0,"","",XVG/USD,2616167400000000,1780925056,failed,,,0,0,,,,,1780925116063,1780925116063
117,0x335eccced517be5fbf3e3bf8af4fd48185438f252a6bf49d8f404f4087875da6,"",client_a_preview,0,"","",ARB/USD,83830857550000016,1780925066,failed,,,0,0,,,,,1780925116073,1780925116073
118,0x73c0008c4e73767181c6207b53a37e1142e29096ceaeee25820efe5382360e6c,"",client_a_preview,0,"","",ARB/USD,83830857550000016,1780925081,failed,,,0,0,,,,,1780925149959,1780925149959
119,0x976069cc7ed116a490ce4758cba3f153a1b22697e91805ee302f39f296cb84a3,"",client_a_preview,0,"","",BTC/USD,63685277590210606006272,1780925097,failed,,,0,0,,,,,1780925149967,1780925149967
120,0x20c9a8517acc476dc4b400a197962e119aab523d90a949ea084aadb117e22eae,"",client_a_preview,0,"","",ETH/USD,1690296974750000087040,1780925098,failed,,,0,0,,,,,1780925149974,1780925149974
121,0xc15acf9b5d72a9861698234a9e02ecccf33ef9001a1e28a77b2c31485080c049,"",client_a_preview,0,"","",USDC/USD,999719840250000000,1780925104,failed,,,0,0,,,,,1780925149981,1780925149981
122,0xc5026f5498f82db6ff383c8481028c739e0a03b319e719f33818dd13974f48b5,"",client_a_preview,0,"","",DOGE/USD,86652294077330000,1780925108,failed,,,0,0,,,,,1780925149995,1780925149995
123,0x4c0c0f492ab346fbf9e3b04f9bf18db4647065e0ac567679bef3119ff3ea505e,"",client_a_preview,0,"","",LTC/USD,43274439200000004096,1780925096,failed,,,0,0,,,,,1780925150002,1780925150002
124,0x4dac039c4e90f16484ac3d868db28c40cc78904e9415778845e53f27e3759237,"",client_a_preview,0,"","",SHIB/USD,4770305230000,1780925110,failed,,,0,0,,,,,1780925150009,1780925150009
125,0x011f71a076bcbd46ee3c578ad38d17af38777ee437ec3d55a2bc5737088ceade,"",client_a_preview,0,"","",NEIRO/USD,65758607500000,1780925135,failed,,,0,0,,,,,1780925184046,1780925184046
126,0xc9619f6e6c9bc69260e702a1395f2efea2048cdb53ce7de62406412f3ad9ca45,"",client_a_preview,0,"","",XVG/USD,2616634625310393,1780925145,failed,,,0,0,,,,,1780925184055,1780925184055
127,0xa6bd8719f15b1e536dafe664d0b1fc3f9dfd59f071e836ca04bfd0b79973e6ef,"",client_a_preview,0,"","",USDT/USD,999297500000000000,1780925135,failed,,,0,0,,,,,1780925184064,1780925184064
128,0x012b463b5ab2375c83d8584ca3af595c4dbe88b4c38617a97591eb01085129d4,"",client_a_preview,0,"","",USDT/USD,999300000000000000,1780925148,failed,,,0,0,,,,,1780925217528,1780925217528
129,0x7a5408adc64588e8382c7315261fd374b7cbe512dc7601392480a144455f7e64,"",client_a_preview,0,"","",ARB/USD,83830857550000016,1780925170,failed,,,0,0,,,,,1780925217535,1780925217535
130,0x4b1e441f8d99e73b7267e3a657c45ddcd8587396162dfbe971855d5ad6e794b2,"",client_a_preview,0,"","",LTC/USD,43274733225000005632,1780925174,failed,,,0,0,,,,,1780925217542,1780925217542
131,0x18a6011f084d5e0377dc0a036014395cef6602ef385c1922b54d1794b48c3e5d,"",client_a_preview,0,"","",BTC/USD,63686762771125005975552,1780925175,failed,,,0,0,,,,,1780925217550,1780925217550
132,0x3f43ff05b70cf27bc89a6e54184b09d23dbe699372ea730103a09b0965939449,"",client_a_preview,0,"","",ETH/USD,1690296974750000087040,1780925176,failed,,,0,0,,,,,1780925217558,1780925217558
133,0xa6f68407e02c9f4c26ef92cc2bd68a89f0dca25e484f6d6362d742dcd6f8b5b6,"",client_a_preview,0,"","",XVG/USD,2616634625310393,1780925231,failed,,,0,0,,,,,1780925282808,1780925282808
134,0xe828c184eb2cdc888b59171185f7fc47b0ff2aa1f4ef012cc609e76e528ea6bb,"",client_a_preview,0,"","",USDT/USD,999300000000000000,1780925233,failed,,,0,0,,,,,1780925282818,1780925282818
135,0xf9a15335d355e9acaa6420eb0565bc3fc55acb6b9381de01f8c8445fd62e111e,"",client_a_preview,0,"","",ARB/USD,83830857550000016,1780925254,failed,,,0,0,,,,,1780925317293,1780925317293
136,0x661f93bf2021cd920b35abb57b84bc7a646e23107dc03ce593d178cc091eb1a2,"",client_a_preview,0,"","",LTC/USD,43274733225000005632,1780925268,failed,,,0,0,,,,,1780925317301,1780925317301
137,0x62b1e5d154f5fce1610545bd2383a0b5c3f79b45e878a48b4dfb9ad7e21f2b28,"",client_a_preview,0,"","",BTC/USD,63686762771125005975552,1780925269,failed,,,0,0,,,,,1780925317311,1780925317311
138,0x907d83359fc5ec6e2075c47ba54a9f38f6fb4b341f7482bb77b183e85c3febd8,"",client_a_preview,0,"","",ETH/USD,1690296974750000087040,1780925270,failed,,,0,0,,,,,1780925317324,1780925317324
139,0x3ba298810f43b41451b23d6c37b1d419d90ca39d53acd8e2a761e63a1c7b064b,"",client_a_preview,0,"","",USDC/USD,999719773125000064,1780925276,failed,,,0,0,,,,,1780925317333,1780925317333
140,0xf5d1b59a83dee22753ee41a3d9eb82c7c954aecf63d4ef1985adbd635331a92c,"",client_a_preview,0,"","",DOGE/USD,86652294077330000,1780925280,failed,,,0,0,,,,,1780925317342,1780925317342
141,0xa70c16b53fa7baff9d9f7af3006a6a8b8f1af25fd6b9e6e7fe4ecb673ddd5de7,"",client_a_preview,0,"","",SHIB/USD,4770305230000,1780925270,failed,,,0,0,,,,,1780925317350,1780925317350
142,0x7a07b234c086aaa1044b8cd5de762a8e3b49efea87e1f6b58efa31394a9d711c,"",client_a_preview,0,"","",SHIB/USD,4770305230000,1780925281,failed,,,0,0,,,,,1780925351373,1780925351373
143,0x1d138504f7910d77c4d03bf9b63d15ce1baa393259296ebc1eb452ab37380a8d,"",client_a_preview,0,"","",NEIRO/USD,65828228750000,1780925304,failed,,,0,0,,,,,1780925351383,1780925351383
144,0xc7ddc5fa1b151fe855d7964326c880c5120d5912d29fc2f51232f846d20a4305,"",client_a_preview,0,"","",XVG/USD,2616634625310393,1780925313,failed,,,0,0,,,,,1780925351390,1780925351390
145,0x67264ca8ee05325d29816e65d0d8280fdfd10b81fcb2cd9fb7ee06108d3b8e20,"",client_a_preview,0,"","",USDT/USD,999300000000000000,1780925305,failed,,,0,0,,,,,1780925351398,1780925351398
146,0x84a5647ef1e27c5ecce071ae10fdef0fcf39ab7ef5a7fa81d87fa7cb2bda4501,"",client_a_preview,0,"","",USDT/USD,999300000000000000,1780925316,failed,,,0,0,,,,,1780925385477,1780925385477
147,0x6620995a94ad9f109a230997a06347576bbf0fd1d5c770e1ee26040ec7ebbf98,"",client_a_preview,0,"","",ARB/USD,83830857550000016,1780925337,failed,,,0,0,,,,,1780925385485,1780925385485
148,0x6bee82952ae55a7104a4ef8e3aa0560ae2986e5ea9030b38fa004b1653901976,"",client_a_preview,0,"","",LTC/USD,43274733225000005632,1780925340,failed,,,0,0,,,,,1780925385493,1780925385493
149,0x5a831603e917f85f499ad04d0ed296309ddc92e01d7dc2663606c4e003ada6e5,"",client_a_preview,0,"","",BTC/USD,63686762771125005975552,1780925341,failed,,,0,0,,,,,1780925385503,1780925385503
150,0xd43048a65bd068d9ea76a0044e2b3605cbdbaeb869aedb9b08a20ecde4d8836f,"",client_a_preview,0,"","",ETH/USD,1690296974750000087040,1780925342,failed,,,0,0,,,,,1780925385512,1780925385512
151,0x9d70800eb1e8db340c5e072fe7377336b0b3955011febcc12facfaf794e51957,"",client_a_preview,0,"","",USDC/USD,999719706000000128,1780925349,failed,,,0,0,,,,,1780925385520,1780925385520
152,0x65d867ac4b06b5954fc2292513f87f0d1c8cbf4b176f30f82afe6bc18bc10904,"",client_a_preview,0,"","",LTC/USD,43274733225000005632,1780925353,failed,,,0,0,,,,,1780925419626,1780925419626
153,0xee54cddb32a4b85aaae68d1d341965fbb08c1d632ef5ec1dbfdc5e7d82f2c903,"",client_a_preview,0,"","",DOGE/USD,86652294077330000,1780925364,failed,,,0,0,,,,,1780925419634,1780925419634
154,0x7e07ffdc38dde72bd1733a7d3e111436e203fbd23f67acf3f788e5d37b83099d,"",client_a_preview,0,"","",BTC/USD,63686762771125005975552,1780925354,failed,,,0,0,,,,,1780925419641,1780925419641
155,0x4249cf483ca635df5b2494b95be4416ab9b7a9c054ecea0d6e9b76edf585ae89,"",client_a_preview,0,"","",SHIB/USD,4770305230000,1780925365,failed,,,0,0,,,,,1780925419648,1780925419648
156,0x23f1d313a24c72ce1ef83d178ca1802090cc27aa3a84404d07f05d1aa3a9a5a2,"",client_a_preview,0,"","",ETH/USD,1690296974750000087040,1780925355,failed,,,0,0,,,,,1780925419656,1780925419656
157,0x494f32a7f188da7e2fc333d1e2490383b095d32ada36e4a02188e1803d68df7a,"",client_a_preview,0,"","",USDC/USD,999719706000000128,1780925360,failed,,,0,0,,,,,1780925419661,1780925419661
158,0x0e363949138952c102dff7187c94d5870eedffaf976d561f37aac0c342af7226,"",client_a_preview,0,"","",NEIRO/USD,65855873987499,1780925377,failed,,,0,0,,,,,1780925419667,1780925419667
159,0x3d0873c2ff7cc2e96acb806955d14978eeab69a8a56de7805d637fdbab0d4876,"",client_a_preview,0,"","",XVG/USD,2616634625310393,1780925399,failed,,,0,0,,,,,1780925453241,1780925453241
160,0x49f899f2c3086ae5fdd2bc3f795aae797f145fb0ca1efacc86143b14ec6bf822,"",client_a_preview,0,"","",USDT/USD,999300000000000000,1780925401,failed,,,0,0,,,,,1780925453252,1780925453252
161,0xbd4e174d9b6b9ec54893c57993b7dcc290ed9345d5898bc83fd60e86747d6dd6,"",client_a_preview,0,"","",NEIRO/USD,65865866887499,1780925389,failed,,,0,0,,,,,1780925453260,1780925453260
162,0x8327e514839ad6a108f9fd49ad521b6f7030a54aa6d81be8fb6413acc8d7b3c5,"",client_a_preview,0,"","",ARB/USD,83830857550000016,1780925411,failed,,,0,0,,,,,1780925453268,1780925453268
163,0x68257b21ee021b8c4fdd2093c9e5567907aa4ad66c04bcc2b84fedd395ccccf9,d39afe08c5d740d665d8d950a66e87c9c2565a120464e653504416926ac23d4a,client_a_preview,0,"","",NEIRO/USD,"",0,confirmed,,,0,0,,,1780925826308,1780925855420,,1780925826308
164,0x3654f51ded6f0f276507ea8aa01789b919cb7587a30dedbe0ac5543f5bb0909a,"",client_a_preview,0,"","",XVG/USD,2616167400000000,1780925824,failed,,,0,0,,,,,1780925860836,1780925860836
165,0xb7f060f575c5f71443130dd6d8b124cc66d1de0b29bc79444499e116e7a2fc68,"",client_a_preview,0,"","",NEIRO/USD,66003104500000,1780925814,failed,,,0,0,,,,,1780925860843,1780925860843
166,0xfa47e7d3c5c274b503f4bea08afccc752629f87efa5a0e86b561c4008a35269e,"",client_a_preview,0,"","",USDT/USD,999300000000000000,1780925826,failed,,,0,0,,,,,1780925860850,1780925860850
167,0x58ad5b1e919204b00a6d49a7ea3b5bcfbfdb3f0322cf7565d4e29766e26e80c3,"",client_a_preview,0,"","",ARB/USD,83800000000000000,1780925848,failed,,,0,0,,,,,1780925860857,1780925860857
168,0x0fb0f82b7c4786e015bad162baba74ab8583c01b185736b4566803d36eecfd28,"",client_a_preview,0,"","",LTC/USD,43271971725000003584,1780925852,failed,,,0,0,,,,,1780925860863,1780925860863
169,0x4585e2f6e6dc46f5a14b355d2012926fc7e29b335207351442bf68e85b9fb64c,"",client_a_preview,0,"","",BTC/USD,63686938117859126018048,1780925853,failed,,,0,0,,,,,1780925860872,1780925860872
170,0x2fa6bf3a621c4e7902b49cd0f0bf5443d512614f105c237013e829434f7c883a,3a50f728aa6caadfffd6ede5829392ede6529ea1a41856b37787b36d341c10d0,client_a_preview,0,"","",ETH/USD,"",0,confirmed,,,0,0,,,1780925879033,1780925980794,,1780925879033
171,0xf00f7a2e4d1500f0410eb80212406911b898da3c018b8b5151a4090a86dfd6a8,"",client_a_preview,0,"","",USDC/USD,999709713000000128,1780925956,failed,,,0,0,,,,,1780925989045,1780925989045
172,0x64c66c482579e0fcad8290dc69178bc93123b94e79365a4998067007e9e4387e,"",client_a_preview,0,"","",LTC/USD,43269257000000004096,1780925948,failed,,,0,0,,,,,1780925989055,1780925989055
173,0xca671be029dc893517f41e7460d1ffd1bf7a7ad0a394fdba54d6c1ad41f32801,"",client_a_preview,0,"","",BTC/USD,63686938117859126018048,1780925949,failed,,,0,0,,,,,1780925989061,1780925989061
174,0xbc1475fad8f5e7df15ee6cc5483fc51f133e5edcd912463b6069844bbc3df823,"",client_a_preview,0,"","",DOGE/USD,86602001750000008,1780925961,failed,,,0,0,,,,,1780925989067,1780925989067
175,0x20997399f67659c1dd444ba8095ea7c380a5c13bca9e1446ea9cdc43afb50ce5,"",client_a_preview,0,"","",ETH/USD,1690036261963945213952,1780925950,failed,,,0,0,,,,,1780925989072,1780925989072
176,0xe773a01c49fef46f5e4a1d9e9abe805e39fc27cb0b1ccd0a4ef1270070e09068,"",client_a_preview,0,"","",SHIB/USD,4766625225000,1780925962,failed,,,0,0,,,,,1780925989079,1780925989079
177,0xed77b02cf31c200d045e0a27d47eb74094bc0dc827e7fc6f8e9f2fc673677aa9,"",client_a_preview,0,"","",XVG/USD,2616167400000000,1780925909,failed,,,0,0,,,,,1780925989084,1780925989084
178,0x637f9595ebee41093ce61de739c9b169a4cde4369a994e670550a4c16f85c959,"",client_a_preview,0,"","",USDT/USD,999300000000000000,1780925912,failed,,,0,0,,,,,1780925989091,1780925989091
179,0x2aa064b52b9db15768587ec919260f45e932cb254e8e67c8cb43e15e8d34f179,"",client_a_preview,0,"","",ARB/USD,83780892800000008,1780925934,failed,,,0,0,,,,,1780925989096,1780925989096
180,0x2d564f4d7aab50980f6593efd8e99c441b3a22fdce92826e073fc1a1d3771233,152e60c149d89c69ad2665370bad89420f99a50871448db7a86745a4180dbd2a,client_a_preview,0,"","",XVG/USD,"",0,confirmed,,,0,0,,,1780926006738,1780926103694,,1780926006738
181,0x0c2296e16b2b77f0757b57a9a7447e95e5e753b2d36b9db00263e8a6c6b3656e,152e60c149d89c69ad2665370bad89420f99a50871448db7a86745a4180dbd2a,client_a_preview,0,"","",USDT/USD,"",0,confirmed,,,0,0,,,1780926006745,1780926103706,,1780926006745
182,0x1db242c9681d0bf1e3571f05dfd2ca9b088f41c3c9d80a462be4db8207bec5b1,"",client_a_preview,0,"","",XVG/USD,2615667750000000,1780926078,failed,,,0,0,,,,,1780926109496,1780926109496
183,0xbcc4d913695061c4cb47a0187d9f90321d1a33b7a1eccb1ced94386c8c3fc235,"",client_a_preview,0,"","",USDT/USD,999300000000000000,1780926080,failed,,,0,0,,,,,1780926109503,1780926109503
184,0x0b89d9c9a69bff4632aa7c31e888d83443fb174de8a362578af68f5cc0a3e54b,"",client_a_preview,0,"","",ARB/USD,83765474150000000,1780926100,failed,,,0,0,,,,,1780926109509,1780926109509
185,0x6c40c43d48f7dde73af41ab9416f025332b2d9610440cf3eb30ea6d74e630c9f,"",client_a_preview,0,"","",LTC/USD,43269257000000004096,1780926032,failed,,,0,0,,,,,1780926109516,1780926109516
186,0xb5e29ba3549e85c23bb929ec9862acc50660af36d58d4beb1eb02c5727839251,"",client_a_preview,0,"","",BTC/USD,63686938117859126018048,1780926033,failed,,,0,0,,,,,1780926109524,1780926109524
187,0xf3736e216e6ec46b88b50bbe53d25a336ca26379823eb84a5717ce90e43eb8c0,"",client_a_preview,0,"","",USDC/USD,999704850900000064,1780926039,failed,,,0,0,,,,,1780926109540,1780926109540
188,0xc047d8090a8fe109f70872c9b9cad0d16e7e0d51e0a1ebf6d2e59007dd7a591a,"",client_a_preview,0,"","",DOGE/USD,86592842550000008,1780926044,failed,,,0,0,,,,,1780926109572,1780926109572
189,0xd2a0dc7aa09e2d88d5ab42818bf08d58cdf66c30e7db608015a8834ad7e60e23,"",client_a_preview,0,"","",SHIB/USD,4766613300000,1780926045,failed,,,0,0,,,,,1780926109577,1780926109577
190,0x580704b39eae0938d2caa18cb333c8424ed25872f415c770cb327852b18dd57a,09db21c13d970ee5d4a6968eb80b05cbcb4df44f96c9c75dc99edfe896f0f667,client_a_preview,0,"","",LTC/USD,"",0,confirmed,,,0,0,,,1780926126799,1780926244152,,1780926126799
191,0xc181e41c5873865b71e9ff85520a39fe5e4401b4d25c0500227c1e2e95cca387,09db21c13d970ee5d4a6968eb80b05cbcb4df44f96c9c75dc99edfe896f0f667,client_a_preview,0,"","",BTC/USD,"",0,confirmed,,,0,0,,,1780926126809,1780926244160,,1780926126809
192,0x6949e3b2e1a15450f3c81bf16d0d573626d0c30dc83b058d33a64a1de7468f43,"",client_a_preview,0,"","",USDC/USD,999702361000000000,1780926205,failed,,,0,0,,,,,1780926251074,1780926251074
193,0x299b6ffebb118fa93080847fe923aa89780e55e41d6bbd5a0c8399bd5d3e64f5,"",client_a_preview,0,"","",LTC/USD,43269257000000004096,1780926197,failed,,,0,0,,,,,1780926251081,1780926251081
194,0x5ed80f37076d34a756235655e9724b391e604f75a1d9432940404d7372a28129,"",client_a_preview,0,"","",DOGE/USD,86589239250000008,1780926209,failed,,,0,0,,,,,1780926251087,1780926251087
195,0xed5fde31cd37a5d49bd3d5fee2aa0b6ef08754321af4d2910cd21d088c839998,"",client_a_preview,0,"","",BTC/USD,63686938117859126018048,1780926198,failed,,,0,0,,,,,1780926251093,1780926251093
196,0x7b3ac145d958f6d39e83866faef76dbf8f3342affd8a4867d2477a0bc2652ff5,"",client_a_preview,0,"","",SHIB/USD,4766613300000,1780926210,failed,,,0,0,,,,,1780926251100,1780926251100
197,0xcf5d406d0f15078bd09461d6ff9f1c55b2f261d4a852beef4ac82fa541f5abfe,"",client_a_preview,0,"","",ARB/USD,83765474150000000,1780926183,failed,,,0,0,,,,,1780926251107,1780926251107
198,0x2939d7f8db3aa3f03907fecdacb1847aead573b26f51f20f22120bde9180f304,cfd7c9463ab5756b309fcf32b0528b751031e53e01c0c06b76e17da3cb4c9b64,client_a_preview,0,"","",ARB/USD,"",0,confirmed,,,0,0,,,1780926276592,1780926310883,,1780926276592
199,0xa2c1083846eb35182cf5232e75d7bd0671894831e812664e3abd6c08f41a1342,"",client_a_preview,0,"","",ARB/USD,83753820396619256,1780926267,failed,,,0,0,,,,,1780926316789,1780926316789
200,0x298ac08f4a379242b27b878142b3db2b129868f8d10eeba1c66a31a0ad16c38c,"",client_a_preview,0,"","",USDC/USD,999704716500000128,1780926289,failed,,,0,0,,,,,1780926316805,1780926316805
201,0xc33b0da93317a606d9dba7caee94c7deec64a22ba3c83c26d4de0053bc09660c,"",client_a_preview,0,"","",DOGE/USD,86577323275387512,1780926294,failed,,,0,0,,,,,1780926316819,1780926316819
202,0xa18c97bed1ffb211a53315998241eeb7946bbe69bfd55a05ae4e3220350d62e0,"",client_a_preview,0,"","",SHIB/USD,4766613300000,1780926295,failed,,,0,0,,,,,1780926316829,1780926316829
203,0xeea0dcf03746707d3c39ea78cf31889d102f3ff2cd179fc329f2ab015ea2e6c0,"",client_a_preview,0,"","",NEIRO/USD,66083047700000,1780926307,failed,,,0,0,,,,,1780926316833,1780926316833
204,0xf8448eb51b42b08579a4cfe7fc25d410753cc327ff26beb772789244b90420af,"",client_a_preview,0,"","",NEIRO/USD,66083709000000,1780926318,failed,,,0,0,,,,,1780926328029,1780926328029
205,0x1fcfba7ec18e8af693b9685bee175b9d4572429836b7e19161c09abb1a7de007,e19c4f59f01f750db6b64ad17a75d7640b25ecca486d08bb7191c3b1ddea0c52,client_a_preview,0,"","",USDC/USD,"",0,confirmed,,,0,0,,,1780926383973,1780926419477,,1780926383973
206,0xe0267910c9f6084041533efc8e7202283df40cfbb991e9cae87d09edbb548a8f,"",client_a_preview,0,"","",DOGE/USD,86566945017066856,1780926379,failed,,,0,0,,,,,1780926425814,1780926425814
207,0xefd13afb3e3440896e90974cc2dab94b34680a57d7365e99aa1de9c6cd4e10db,"",client_a_preview,0,"","",SHIB/USD,4766613300000,1780926380,failed,,,0,0,,,,,1780926425821,1780926425821
208,0x82ce3cd6b3a07395b3a7ee6719b0aa76775e668d4f6d983cb8f245fd3362c5e9,"",client_a_preview,0,"","",USDC/USD,999702361000000000,1780926375,failed,,,0,0,,,,,1780926425828,1780926425828
209,0x08056f4dc706ac66732636512563a3464fe045b17fa0687e9fbc200d3be3a389,"",client_a_preview,0,"","",NEIRO/USD,66111189750000,1780926403,failed,,,0,0,,,,,1780926425836,1780926425836
210,0x114bf75d907266629e760dc81dec285973b1017dc25365eb6d2f17161386740c,7fbb001e22e0d8cfd902a5b3a106952d468efc7cb2ce92174e99f8fc07e1fb0e,client_a_preview,0,"","",DOGE/USD,"",0,confirmed,,,0,0,,,1780926471927,1780926539429,,1780926471927
211,0x128c6b34f16fe94eb812b0c3d84a8aa5f4e4bb889c0f4d27f3bdb716029fda8e,7fbb001e22e0d8cfd902a5b3a106952d468efc7cb2ce92174e99f8fc07e1fb0e,client_a_preview,0,"","",SHIB/USD,"",0,confirmed,,,0,0,,,1780926471939,1780926539450,,1780926471939
212,0xf934c8f0ff4c70ed7d5a967041310c98e16bca56aad54a818462d9febe5ae1c7,"",client_a_preview,0,"","",DOGE/USD,86515461286760160,1780926535,failed,,,0,0,,,,,1780926547338,1780926547338
213,0xfdc6827beb18e542af28438646c4e48574d427a34c55626ca71a9a2b4874033e,"",client_a_preview,0,"","",SHIB/USD,4762308070000,1780926536,failed,,,0,0,,,,,1780926547348,1780926547348
214,0xeaef0810bed94e2798be250fc8e83900a3283a6bbbc604e442458451a4053e2c,"",client_a_preview,0,"","",NEIRO/USD,66123350150000,1780926489,failed,,,0,0,,,,,1780926547357,1780926547357
215,0xb1fa6608220fbeb51240193e25a8e2fee1fe698fd4e9c915722a43a3f311694e,d50e88de6b9fd4dddfa7ef87436f6829133e7f5ed44e18ee08799ae9c07feb9d,client_a_preview,0,"","",NEIRO/USD,"",0,confirmed,,,0,0,,,1780926581569,1780926616614,,1780926581569
216,0x3a0f072372a30af6776e75be0b3656d03846d1fd63ffe81de778d2c827f5c107,"",client_a_preview,0,"","",NEIRO/USD,66165820225000,1780926572,failed,,,0,0,,,,,1780926621476,1780926621476
217,0x67cfe0a30f70457b59430f2496bf8ad18d822db16cb238a720edf3e782e58f67,"",client_a_preview,0,"","",ARB/USD,83641410000000000,1780926603,failed,,,0,0,,,,,1780926621484,1780926621484
218,0x49ccfa577a720436ad4a127e97607e8385e839a83426a85922458b32ca2591e6,"",client_a_preview,0,"","",ETH/USD,1688869335800651972608,1780926606,failed,,,0,0,,,,,1780926621493,1780926621493
219,0x0a1894c1fa500d4c14d16417864d7e0254bcdbb45b32140ea0626044a15bd9f8,"",client_a_preview,0,"","",ETH/USD,1688775117750000025600,1780926619,failed,,,0,0,,,,,1780926627317,1780926627317
220,0xef48f3e92166fa87465c92626375654f78a86d4dd27cbd84f7fb608192d23d2b,030658f130c48ea9657f92d08de9f916d58c9236658cb759139071f80093d187,client_a_preview,0,"","",ARB/USD,"",0,confirmed,,,0,0,,,1780926695543,1780926774449,,1780926695543
221,0x9f540571807340181743ddb77b34f6ac945a59d7d6cb5c861316c38a9d9cd29d,"",client_a_preview,0,"","",ARB/USD,83600719000000000,1780926768,failed,,,0,0,,,,,1780926780689,1780926780689
222,0xacbd47d00d8874a148867aa42f3e0d44cb48d290be6f611247b4f12a0f5b3ea5,"",client_a_preview,0,"","",ETH/USD,1688224788206345650176,1780926770,failed,,,0,0,,,,,1780926780696,1780926780696
223,0xfda3c068b157ab5d6f644666234615cc0b6bf4c6a24f0b48dde885de7c4ea0a7,"",client_a_preview,0,"","",DOGE/USD,86421521467370200,1780926711,failed,,,0,0,,,,,1780926780703,1780926780703
224,0x43b86bc9a263e54806170aa602abae8c284f0ec922c52702e3f8a4469b2bf709,"",client_a_preview,0,"","",NEIRO/USD,66241098750000,1780926735,failed,,,0,0,,,,,1780926780708,1780926780708
225,0xac982e6079c261b48bd6a43bcffbe5d6e44d8369796fa35eb5e0737998a6e51b,"",client_a_preview,0,"","",XVG/USD,2618166000000000,1780926744,failed,,,0,0,,,,,1780926780713,1780926780713
226,0xc3104463ba23dad46b8923e3449b3dbaf6b8179d5d53a249ee49b2f52074dc9f,"",client_a_preview,0,"","",USDT/USD,999310000000000000,1780926748,failed,,,0,0,,,,,1780926780720,1780926780720
227,0xf7c3da3cb4f74ad373bac2d3fd0e695d1f800d4ca59a5ba7a6a31ec327a945d1,"",client_a_preview,0,"","",BTC/USD,63617279210250003546112,1780926769,failed,,,0,0,,,,,1780926780727,1780926780727
228,0x3dfa0d4c5aea9374f7ac3805b9057a801949c428875b690bc70591f2180d83cf,bbac4ad375b5086bef400be410457a4859a25b6f925f3949bab4bf0c60bdabbd,client_a_preview,0,"","",DOGE/USD,"",0,confirmed,,,0,0,,,1780926802994,1780926858193,,1780926802994
229,0x0c8ea93c11e0357df6649236e9241984996e9dc3930e5ee0684a54c4fc3d599b,"",client_a_preview,0,"","",BTC/USD,63617279210250003546112,1780926853,failed,,,0,0,,,,,1780926865992,1780926865992
230,0xf712e67c9dc693bfc0941003ed14edfbf1327cc1e4fc91dd8eca3ecce7966fdd,"",client_a_preview,0,"","",ETH/USD,1688007567000000135168,1780926854,failed,,,0,0,,,,,1780926866005,1780926866005
231,0x69e5389f3cdf466c70255f3b08ae865801836c03986f943794d75219fb2939c7,"",client_a_preview,0,"","",DOGE/USD,86404119563224752,1780926795,failed,,,0,0,,,,,1780926866013,1780926866013
232,0xa13d29bcf7951b286516c71f0d6a43e6e48f8a8baef4ec6015ca65a9f9bfddf0,"",client_a_preview,0,"","",NEIRO/USD,66246426700000,1780926820,failed,,,0,0,,,,,1780926866019,1780926866019
233,0x998f54b1e6f09c0ee5475e1d1a3afefc169a87d0155e801594f4afe7448d451b,"",client_a_preview,0,"","",XVG/USD,2618179100000000,1780926828,failed,,,0,0,,,,,1780926866027,1780926866027
234,0x8a7945c964fa7025378e1be3a69e5fc5f1f7694cbb3580dbeb0978ef08af2491,"",client_a_preview,0,"","",USDT/USD,999310000000000000,1780926831,failed,,,0,0,,,,,1780926866039,1780926866039
235,0x2db28608e2c9e5ea76f451869636d14939ec760a48eea101af74ae746cb4d90e,"",client_a_preview,0,"","",LTC/USD,43201737600000004096,1780926852,failed,,,0,0,,,,,1780926866046,1780926866046
236,0x56a8cc8b6b77c51251abe33866c535eddfc735ccbff9c9cdf0f83eb65bd56e36,"",client_a_preview,0,"","",LTC/USD,43201737600000004096,1780926865,failed,,,0,0,,,,,1780926875007,1780926875007
237,0xa7343712499a46647d8776ed960f0934a3f7c3d11cbeea387ab64a1e96c0bef0,"",client_a_preview,0,"","",BTC/USD,63617279210250003546112,1780926866,failed,,,0,0,,,,,1780926875015,1780926875015
238,0xf7b075600483bdce1d95ee3daa973725d285d1b3ad11337b2b7a96d30bb7b86c,"",client_a_preview,0,"","",ETH/USD,1688007567000000135168,1780926867,failed,,,0,0,,,,,1780926880842,1780926880842
239,0xaa3ad270017d3aba275ed8a66bb32524d9ed812b22bae57296c909284307e02f,14e75026315b235ff6c651fcec180c7cf009ee1fb421efec5121d122a8b79c5f,client_a_preview,0,"","",NEIRO/USD,"",0,confirmed,,,0,0,,,1780926910070,1780926944325,,1780926910070
240,0xaf480b6b50a99fbe1a85b490844f213c931c6deaeb96f92a6adf253c51b83b88,"",client_a_preview,0,"","",XVG/USD,2618192200000000,1780926910,failed,,,0,0,,,,,1780926950162,1780926950162
241,0xef1fd3e14cf1b89c1da7d413260d7ce57f8871fb9645c145f90a20c68abd4e37,"",client_a_preview,0,"","",USDT/USD,999315000000000000,1780926912,failed,,,0,0,,,,,1780926950169,1780926950169
242,0xc53a6b9330cd9e11f309c69d9760b65a2b1f26104306e6f7d6f76373b21d866c,"",client_a_preview,0,"","",NEIRO/USD,66268579500000,1780926900,failed,,,0,0,,,,,1780926950176,1780926950176
243,0x805daab9402a9370b560724c48ac1ada54323e65a9d9d6513d37f0499c0c8bae,"",client_a_preview,0,"","",LTC/USD,43193818698365628416,1780926933,failed,,,0,0,,,,,1780926950183,1780926950183
244,0xcc37ae71f2519361a791f0bbbdc52814c7af7c2a2966074109af43df83d88f94,"",client_a_preview,0,"","",BTC/USD,63617279210250003546112,1780926934,failed,,,0,0,,,,,1780926950190,1780926950190
245,0x7bb095bc6f8df382e331dd67a0a60f4d1da0c1c6a389c4aa59c15762ca709be2,"",client_a_preview,0,"","",ETH/USD,1687722766500000169984,1780926935,failed,,,0,0,,,,,1780926950196,1780926950196
246,0x64dddab77b3ee2a88b9f9ecf550450fde34d2a8760160c975ffc19ad2eaaa39a,"",client_a_preview,0,"","",LTC/USD,43184749500000002048,1780926947,failed,,,0,0,,,,,1780926956047,1780926956047
247,0x2a396f37b127ac1634067438b0f0a707d43dc2e33edff14ee31b7f7853e007bd,"",client_a_preview,0,"","",BTC/USD,63617279210250003546112,1780926948,failed,,,0,0,,,,,1780926956054,1780926956054
248,0x85a54a20f3e462c16194380e1b8fd4d09e4d80f77caba86225d5fb45e6abee2e,"",client_a_preview,0,"","",ETH/USD,1687612399407290646528,1780926949,failed,,,0,0,,,,,1780926961879,1780926961879
249,0xfe7fd83da9df0556a8a3907c4cae18f242591f4f3dee950ceaca0b52b28cb3ee,5ca3c4fe94ce8bd3a3d0f2a9c6458dd726517ba481ce465ce54308335c41633c,client_a_preview,0,"","",XVG/USD,"",0,confirmed,,,0,0,,,1780927001055,1780927036219,,1780927001055
250,0x552254cd27fee09f66ed67c44b3e79541793682f83454eabdadacf5344bc1d0e,"",client_a_preview,0,"","",USDT/USD,999320000000000000,1780926995,failed,,,0,0,,,,,1780927042033,1780927042033
251,0xec1c737a4a080097ccd22b44b8058f179066281b1670a1b26a76055ac43c9f15,"",client_a_preview,0,"","",XVG/USD,2618192200000000,1780926993,failed,,,0,0,,,,,1780927042041,1780927042041
252,0x6cd3a3f8c2d263e070370aa1301bc1f0c6b4e6c67a0eb523b3c78deb04bb4172,"",client_a_preview,0,"","",LTC/USD,43155769800000000000,1780927031,failed,,,0,0,,,,,1780927042045,1780927042045
253,0x9905ec0f0c0595976fceb8ccc2feb06240f1305fc7300b3339b88d25f9d28781,"",client_a_preview,0,"","",BTC/USD,63617279210250003546112,1780927032,failed,,,0,0,,,,,1780927042050,1780927042050
254,0x581d0f7b1739b7d2a8a02497e4819f0dab2f732a2813b4a3cf0699ac57f3c059,"",client_a_preview,0,"","",ETH/USD,1687358022000000106496,1780927033,failed,,,0,0,,,,,1780927042056,1780927042056
255,0x5d141268724c419dabd39ef93aee8779f141f792dc905e2621a5edb92098eb08,"",client_a_preview,0,"","",USDC/USD,999709707400000128,1780927022,failed,,,0,0,,,,,1780927042062,1780927042062
256,0x8784f86a3b425595a98b9b68aaf8857e437d07999cd942032bc3fd14c589ab65,"",client_a_preview,0,"","",SHIB/USD,4758785661250,1780927028,failed,,,0,0,,,,,1780927042069,1780927042069
257,0x6b56e27993da678535f7dd832229bb48f3764febf961971bff2fb8db1a0a5949,"",client_a_preview,0,"","",USDC/USD,999709713000000128,1780927038,failed,,,0,0,,,,,1780927047860,1780927047860
258,0x13185506d562ca8566f241194c74b0775e7259b6271ffeeb9cd01b4228f76994,"",client_a_preview,0,"","",SHIB/USD,4758785661250,1780927044,failed,,,0,0,,,,,1780927053658,1780927053658
259,0xcb3d2ec0c93a9c4dda7d7057376973147bdb312a626fa38e0969f0b610e77475,ed23c7aa35dff605667b4c02a520cd5192c8c90d0346984ee8e6844acbeec1a4,client_a_preview,0,"","",USDT/USD,"",0,confirmed,,,0,0,,,1780927085498,1780927164145,,1780927085498
260,0x6c22ae07b709646330440ab52e2c8e1483cda0b9e9b2bc760f28c4734266f60d,"",client_a_preview,0,"","",USDT/USD,999330000000000000,1780927160,failed,,,0,0,,,,,1780927169978,1780927169978
261,0x6db8188af0bd08c2c5ebf626ba136c67d47c3c6ec50db1c1eb3a2deb312c6cea,"",client_a_preview,0,"","",LTC/USD,43140333650000003072,1780927113,failed,,,0,0,,,,,1780927169984,1780927169984
262,0x6014c4b2dcdfa8864db54e27485c0f6dc0989c87f855923bc484381a10074b08,"",client_a_preview,0,"","",BTC/USD,63617279210250003546112,1780927114,failed,,,0,0,,,,,1780927169991,1780927169991
263,0xa34abb7f385526e5626e7d832860718233b32e4baf40a03e4de01cb65e555f27,"",client_a_preview,0,"","",ETH/USD,1686837147203125116928,1780927115,failed,,,0,0,,,,,1780927169996,1780927169996
264,0xcd30e93e2be0dd645650fbd52e515f82fc6a9581fa4f475b9b0101c263fa6c2c,"",client_a_preview,0,"","",USDC/USD,999709713000000128,1780927120,failed,,,0,0,,,,,1780927170006,1780927170006
265,0x8b24671fe6e55c8d31d4022e2dcd8bf649258f5b6788b2bec2b9430521e892db,"",client_a_preview,0,"","",SHIB/USD,4756715600000,1780927126,failed,,,0,0,,,,,1780927170015,1780927170015
266,0x5cc8eed7c75b55b6c5ca6e6ba84052ec8f18358070854ca07e09cbab25cc9973,a199c98a860477e9be817accf242c3982f446764dca3beef096cb8cc760e1b42,client_a_preview,0,"","",LTC/USD,"",0,confirmed,,,0,0,,,1780927203236,1780927261460,,1780927203236
267,0xbdcbb2cb323bb472e3b4cf36ccd7901de7b319726881dc4e7766974dfad56d1f,a199c98a860477e9be817accf242c3982f446764dca3beef096cb8cc760e1b42,client_a_preview,0,"","",BTC/USD,"",0,confirmed,,,0,0,,,1780927203244,1780927261468,,1780927203244
268,0xc6c4d1bf927ae45c04cb63ed0e43b79674672e3880cd41e333a1429dba419bd8,"",client_a_preview,0,"","",ETH/USD,1686148073217160249344,1780927197,failed,,,0,0,,,,,1780927266331,1780927266331
269,0xf6389525f35e19db6357835b2e6cd61f0a4b9a3a172614d548e75e0bd9c818e9,"",client_a_preview,0,"","",USDC/USD,999709713000000128,1780927203,failed,,,0,0,,,,,1780927266338,1780927266338
270,0xee98127d58f8099cf546e4500733674ffdbf22c4bb96d59aae126f541b5739cf,"",client_a_preview,0,"","",SHIB/USD,4755822735000,1780927208,failed,,,0,0,,,,,1780927266346,1780927266346
271,0x2b923db734315d9cbce0e208234b034ddcfd0bcf12e6d7a0f823420daa11f3c1,"",client_a_preview,0,"","",LTC/USD,43129788000000000000,1780927195,failed,,,0,0,,,,,1780927266354,1780927266354
272,0xbd3d60e975cfbd8bcdcc707ab8797f4ca9316b77bf7c0ae4255aa4b6eba5f9bc,"",client_a_preview,0,"","",BTC/USD,63617279210250003546112,1780927196,failed,,,0,0,,,,,1780927266358,1780927266358
273,0xb302254af5541215043e0a22bc41b9b48913d372d2ebd781c75e664598d1b67a,e8c145bcba5220c01a274d00638b6f6f055c06438e6178eaad2e2250446766ba,client_a_preview,0,"","",ETH/USD,"",0,confirmed,,,0,0,,,1780927286579,1780927353594,,1780927286579
274,0x41f50a46994052ce1b20e6c71d4ad265c62d07c44ff2faae0cb4eca8dd6a8eb4,"",client_a_preview,0,"","",USDC/USD,999709724000000000,1780927286,failed,,,0,0,,,,,1780927359499,1780927359499
275,0xe616b6d4c7d85437068a5df62967963ed714a4e43a4ac8797fc46d811421d3d0,"",client_a_preview,0,"","",SHIB/USD,4755668290287,1780927291,failed,,,0,0,,,,,1780927359506,1780927359506
276,0x20d2afd872da8f1ef7c6413a625e02cf8b80f0c237e7d4409d206a67f0465dda,"",client_a_preview,0,"","",ETH/USD,1685272920750000177152,1780927349,failed,,,0,0,,,,,1780927359510,1780927359510
277,0x051a82cb9c717ef209f134c1f067222bd65efe3ff768149db48361e01f7ad136,76f5335c20ec925bd9dacd936759bd327d880026d9e1feb20f98b68106a52b24,client_a_preview,0,"","",USDC/USD,"",0,confirmed,,,0,0,,,1780927379007,1780927416766,,1780927379007
278,0x639f852546390f34615f43abcb0ffc340b5d7923c4916f26fc2a3f17a49bd1ee,"",client_a_preview,0,"","",SHIB/USD,4755442257787,1780927375,failed,,,0,0,,,,,1780927422660,1780927422660
279,0x54f8b605c470f91728723689f782a5623388aabee7cd59e7604a20d4344873e9,"",client_a_preview,0,"","",USDC/USD,999709724000000000,1780927370,failed,,,0,0,,,,,1780927422667,1780927422667
280,0x0d22f2b4e6fdfb5a8cb03d8e60ef97261eb0d07c19686b63f49ffa319c3be48c,2277fe90b91b6be98c359d8d2aadd84868de272e2da3c3c9ccc14e4ff5a2f5ee,client_a_preview,0,"","",ARB/USD,"",0,confirmed,,,0,0,,,1780927440415,1780927476111,,1780927440415
281,0xebe7e8ebddcef8f1aedf2212e643d4da66b174bbfb869b3bd10a23c5f840febf,"",client_a_preview,0,"","",ARB/USD,83533158800000000,1780927431,failed,,,0,0,,,,,1780927482030,1780927482030
282,0xe7712b6784dc73aba973bb681623c67b4700226094a57a51381060493eb7a0f3,"",client_a_preview,0,"","",SHIB/USD,4754788350000,1780927458,failed,,,0,0,,,,,1780927482038,1780927482038
283,0xfd82a377c8f823d6f4fda8b26ec5732d867df42573c32c184c0f9f203c07778a,"",client_a_preview,0,"","",DOGE/USD,86339856000000016,1780927457,failed,,,0,0,,,,,1780927482045,1780927482045
284,0x5c0ab100ee015c1f064f17578dd917cc3174e02ddbc7bd5645f22e90ff01bbe7,977d174021f0cb030d35537f03549cb15e0c2a107f5ed3b0ca74d7192b2a20a2,client_a_preview,0,"","",LTC/USD,"",0,confirmed,,,0,0,,,1780927537123,1780927644928,,1780927537123
285,0xfa7e4bfe84ce408570e42216ead3caffa8a7ca2fb50273627d0294545d86525c,"",client_a_preview,0,"","",DOGE/USD,86327710502500000,1780927622,failed,,,0,0,,,,,1780927650836,1780927650836
286,0x241cd72289f944e78eee34005c1c0418a286b2a9da00cfff6d0218c577e418e6,"",client_a_preview,0,"","",LTC/USD,43066872850000003072,1780927610,failed,,,0,0,,,,,1780927650843,1780927650843
287,0x3cead68638f31413f76fb95960ff63bbd54701f3eb0613186c37c8aa49618479,"",client_a_preview,0,"","",SHIB/USD,4753444060000,1780927623,failed,,,0,0,,,,,1780927650848,1780927650848
288,0x52e4a7b9c7c13915b772fd408f76ef162cc95882427649e7df91f0724c017112,"",client_a_preview,0,"","",NEIRO/USD,66279567299999,1780927635,failed,,,0,0,,,,,1780927650855,1780927650855
289,0x3be12dcddb5d20adb7ea1269b2a05c52f6bc9884dd56e71e4bd5cad016764819,"",client_a_preview,0,"","",ETH/USD,1683764505006170308608,1780927612,failed,,,0,0,,,,,1780927650860,1780927650860
290,0x3b5c691fc3a921527adfa36d3a753f9563d48199496b63c4b50efb70a29ee84f,"",client_a_preview,0,"","",XVG/USD,2618192200000000,1780927644,failed,,,0,0,,,,,1780927657743,1780927657743
291,0x6a36b6653e4059e2118dc4b576dddbeb872188e68f34eaef81508d8f2cb759d1,"",client_a_preview,0,"","",NEIRO/USD,66279567299999,1780927646,failed,,,0,0,,,,,1780927657759,1780927657759
292,0xb238c353930b134c86818b57f0ff567b15a1aef5e3267f6f7749acf1d226fe5a,"",client_a_preview,0,"","",XVG/USD,2618192200000000,1780927656,failed,,,0,0,,,,,1780927666784,1780927666784
293,0x7dfea3616199a00b53568b63926bf976f927f16f1bd0c013655305a49f1e956c,24f3cf36980787b9957d376c54007d1ef424171d184e40aace51397e8bad5e72,client_a_preview,0,"","",ARB/USD,"",0,confirmed,,,0,0,,,1780927695733,1780927751412,,1780927695733
294,0x917688cb35bc1142bba3bed739bccc6a71c3b8d338bd20f626fc651ba536fa88,"",client_a_preview,0,"","",ARB/USD,83475280200000016,1780927680,failed,,,0,0,,,,,1780927757754,1780927757754
295,0x1fabfe8dc7817bf28c90b62b055c0dcf989a668d2fee094674c60d6c1bb19824,"",client_a_preview,0,"","",LTC/USD,43060698800000008192,1780927695,failed,,,0,0,,,,,1780927757764,1780927757764
296,0x07fdab02c5100a26924d6650a8fb9e7be643106b281316df8e063fa05f6158b6,"",client_a_preview,0,"","",BTC/USD,63605351669152547340288,1780927696,failed,,,0,0,,,,,1780927757775,1780927757775
297,0x9f772b9efbff599c00c06fc32adf65246c49a9d7626e88e0d3a93b4520c56d20,"",client_a_preview,0,"","",ETH/USD,1683671523025000202240,1780927697,failed,,,0,0,,,,,1780927757785,1780927757785
298,0x52a6c4832150dfd2656d88fe6925ffaa478c411787eba33c01e56ab14e2b4499,"",client_a_preview,0,"","",USDC/USD,999709724000000000,1780927702,failed,,,0,0,,,,,1780927757794,1780927757794
299,0x84c680dba4b4351db0d4e4d32e449081addeae022275f0e3691c56469d9fad98,"",client_a_preview,0,"","",DOGE/USD,86327528400000008,1780927707,failed,,,0,0,,,,,1780927757803,1780927757803
300,0x08792a86dbcca0580d0463dd7a0d7118a3bf780dfc680d9366b33c69ba5d9dd4,"",client_a_preview,0,"","",SHIB/USD,4752991965000,1780927708,failed,,,0,0,,,,,1780927757821,1780927757821
301,0x8d32f00e09d750a0a8d0899f87ed3ba49dab6a53384d69a2f04a2c57671215a0,"",client_a_preview,0,"","",NEIRO/USD,66283569000000,1780927731,failed,,,0,0,,,,,1780927757830,1780927757830
302,0x9935e748446825ef4111705d1a37dd9b49ef42d53a849c09c34d3b9c5f7f84df,"",client_a_preview,0,"","",XVG/USD,2618251150000000,1780927740,failed,,,0,0,,,,,1780927757839,1780927757839
303,0xe59aa9ce2fd93628492d92383a28a9a9a40677c8c1b16c544608ef5ad407fcb3,"",client_a_preview,0,"","",USDT/USD,999350000000000000,1780927742,failed,,,0,0,,,,,1780927757847,1780927757847
304,0x170c21f916c868d8b05321d565c3634bceb4ac568c74620def049db97ce7cd0e,"",client_a_preview,0,"","",LTC/USD,43060200925000007680,1780927778,failed,,,0,0,,,,,1780927793355,1780927793355
305,0x7e0b4cd304e47d94093dded046d311a66a0bc491478518f79ee33abbc52ee811,"",client_a_preview,0,"","",DOGE/USD,86325232233700008,1780927779,failed,,,0,0,,,,,1780927793366,1780927793366
306,0x4e1ae9b2f25afd2c054b0e01aecc69b77c40e33ab4f838816cec715e2b60202e,"",client_a_preview,0,"","",BTC/USD,63605351669152547340288,1780927779,failed,,,0,0,,,,,1780927793374,1780927793374
307,0xb3fd87c47db5f5b518ef3537e09cb096ca044020613bb181977f0520cce657fe,"",client_a_preview,0,"","",SHIB/USD,4752872175000,1780927780,failed,,,0,0,,,,,1780927793395,1780927793395
308,0x6fccd30b4f0ea0b5bf593f38aa533494184425f475a7c4abb531ec1e7945c10c,"",client_a_preview,0,"","",ETH/USD,1683632215118742814720,1780927780,failed,,,0,0,,,,,1780927793404,1780927793404
309,0x7b6f751f99af3443e19957096a7dc191cb7ff1ce348caede01d315ec8bedb794,"",client_a_preview,0,"","",USDC/USD,999709724000000000,1780927786,failed,,,0,0,,,,,1780927799269,1780927799269
310,0xc13eed006d3b66688bc8bf37a4cb32d5a8d2b1a71d65f813f74a2599422569a7,"",client_a_preview,0,"","",DOGE/USD,86325232233700008,1780927790,failed,,,0,0,,,,,1780927799277,1780927799277
311,0x72e8b978ea2cb647cafdeb2f0bd8dcce4110408e2c1d6d9b03165c074926ba72,"",client_a_preview,0,"","",SHIB/USD,4752872175000,1780927791,failed,,,0,0,,,,,1780927799290,1780927799290
312,0xf3b9468533040a7249f881891c8c0bac8ec5e3fa2e78e30bce473bd7ce4c52a0,96bacbd56ff6e6aba8c4a31926912436f5467b37169982a504058545bd02c938,client_a_preview,0,"","",NEIRO/USD,"",0,failed,CrashRecovery,"daemon restarted with submitted transaction awaiting confirmation",0,0,,,1780927826231,,1780927842893,1780927826231
313,0xede9173078404a05a4cc59941d3340aab88905bbe47c6cebaffc601fb6be62c7,"",client_a_preview,0,"","",ARB/USD,83461953600000000,1780927847,failed,,,0,0,,,,,1780927855735,1780927855735
314,0x19e6569ba62819bd090645c886cb75b7aebd936cde5d184539ab4a5a604fa7f4,5e45080c09312b89a910d50932946ee7a60af4b53d4d26564eabd912f82506f9,client_a_preview,0,"","",LTC/USD,"",0,confirmed,,,0,0,,,1780927946037,1780927978503,,1780927946037
315,0xe3a97fc74d5f8a52837cb40346c9040c43b1b30dee41407ab0e57275a78c093d,5e45080c09312b89a910d50932946ee7a60af4b53d4d26564eabd912f82506f9,client_a_preview,0,"","",BTC/USD,"",0,confirmed,,,0,0,,,1780927946048,1780927978514,,1780927946048
316,0xc2b40f7841ec9175807733d90de097cddc8b1ac31902ecec6cbdf2c5327def25,"",client_a_preview,0,"","",ETH/USD,1683608131827270025216,1780927948,failed,,,0,0,,,,,1780927984746,1780927984746
317,0x137f0e2c866bc4a62a2490390f8ca2ae1cb90977c990ec13e7bc5aee4b30e455,"",client_a_preview,0,"","",USDC/USD,999709724000000000,1780927953,failed,,,0,0,,,,,1780927984754,1780927984754
318,0x40a02470d73744a16a48f5f9111641faee37a5a38080554f520e5060ab4d5b6c,"",client_a_preview,0,"","",LTC/USD,43051998175000006656,1780927945,failed,,,0,0,,,,,1780927984759,1780927984759
319,0x332f1aff7739886e212698207777733dbe8ccc250936b41176e8e975585aaf50,"",client_a_preview,0,"","",BTC/USD,63605351669152547340288,1780927947,failed,,,0,0,,,,,1780927984766,1780927984766
320,0x93ff778df4bddd7a24e0985c717d9ede746cca0d3021628bba17f6cd5facb7e6,"",client_a_preview,0,"","",DOGE/USD,86322234333700000,1780927958,failed,,,0,0,,,,,1780927984773,1780927984773
321,0x0d60a19ebdeb0639a5de92327b18ed42a469175cda494353986133dcccbe6ce3,"",client_a_preview,0,"","",SHIB/USD,4752861040000,1780927959,failed,,,0,0,,,,,1780927984782,1780927984782
322,0xbb6a39cdb2f59b8c112a435a121cf72681828da16164f9fd908ae6ca4e9d53a0,"",client_a_preview,0,"","",NEIRO/USD,66283569000000,1780927972,failed,,,0,0,,,,,1780927984789,1780927984789
323,0xbd8ae9b0a9cfdabce0d876ba18c7535f81d380bc5d0eb90d449f97216c31a4a4,"",client_a_preview,0,"","",XVG/USD,2618711495000000,1780927907,failed,,,0,0,,,,,1780927984796,1780927984796
324,0xb6ca56ae9ffac9e8c589ef84cf850e44e1b738de6304234963b6533c9ebc1044,"",client_a_preview,0,"","",USDT/USD,999350000000000000,1780927910,failed,,,0,0,,,,,1780927984803,1780927984803
325,0xe036071f13f3de98e51d76783304d1a4c50edd30723e9c19553f71ead794b957,"",client_a_preview,0,"","",ARB/USD,83451543000000000,1780927931,failed,,,0,0,,,,,1780927984808,1780927984808
326,0x12938d7d6a21d3c3715c9c7924e51d81bdad753a54d18a58f9b65380f3d5183c,"",client_a_preview,0,"","",XVG/USD,2618711495000000,1780927981,failed,,,0,0,,,,,1780927991699,1780927991699
327,0x5095985f93ee95c9eb64109e43fd43841904a90be883191412ad43a31497ce49,"",client_a_preview,0,"","",NEIRO/USD,66283569000000,1780927981,failed,,,0,0,,,,,1780927991706,1780927991706
328,0x72c5118c102c696cb669924b85d762bdc89ab3c7a7514d8e7fbe2ab1911676a9,24587697e775ff268c9a07f7f9fec6767117dcfc89b81c7d320bdf90031c8768,client_a_preview,0,"","",USDT/USD,"",0,confirmed,,,0,0,,,1780928009827,1780928035947,,1780928009827
329,0xca1e787a922cb26113a6386175af1b47bea544bed1a93577c5d1a21ba4c9f515,"",client_a_preview,0,"","",XVG/USD,2618711495000000,1780927991,failed,,,0,0,,,,,1780928041798,1780928041798
330,0x9601019fbd7d16b212a243394df3e52333923616f0936bbe8f6790e7179a7631,"",client_a_preview,0,"","",USDT/USD,999360000000000000,1780927994,failed,,,0,0,,,,,1780928041805,1780928041805
331,0x155023bbfd1ea7e595555025bfbf5368d39bba8acea9a994debaed56e50e3cc5,"",client_a_preview,0,"","",ARB/USD,83448640875000008,1780928015,failed,,,0,0,,,,,1780928041813,1780928041813
332,0xdd517ea84a1806f34f64ca666b3ae31b2f79c8563204734bd2dcd665d4f9edbd,"",client_a_preview,0,"","",ETH/USD,1683608131827270025216,1780928032,failed,,,0,0,,,,,1780928041818,1780928041818
333,0x50357d649b14d41f0179d34ad79e3a34bf00b2b146997f19e8a1a7ea662bafc6,"",client_a_preview,0,"","",USDC/USD,999709724000000000,1780928026,failed,,,0,0,,,,,1780928041826,1780928041826
334,0xe00005bf1761307cec43f4ba08a578a3fdb1e1a014f6d0029142f4b81ba53a6e,"",client_a_preview,0,"","",DOGE/USD,86322234333700000,1780928031,failed,,,0,0,,,,,1780928041833,1780928041833
335,0x0f17ce64283a69260f2f110206328d5864664efab76fc10da6e7f1a63843dbf1,"",client_a_preview,0,"","",SHIB/USD,4752753275000,1780928032,failed,,,0,0,,,,,1780928041840,1780928041840
336,0x79af838e740ffb2048fdc795adec9fcb122b6cf7b0f346c16f66a8983b05f35a,"",client_a_preview,0,"","",USDC/USD,999709724000000000,1780928037,failed,,,0,0,,,,,1780928047703,1780928047703
337,0x64c08c85df721ac6d858760405f2e5e8383667cc31a9269758594467ee2c1e7f,"",client_a_preview,0,"","",DOGE/USD,86322234333700000,1780928042,failed,,,0,0,,,,,1780928052893,1780928052893
338,0x36ad4608f970203bc47c00bf6701b86f29e1c2aec06c6b4769a250b339db6bed,"",client_a_preview,0,"","",SHIB/USD,4752753275000,1780928043,failed,,,0,0,,,,,1780928052902,1780928052902
339,0x2aaffcfa93f2db286601e2095ac058e338b0c3e82799f88efe4f85e0b7ab24d7,f4c475b2bb0bd7e2849e9b12dab6df031c18dbc0f2ac463f276826dffe0acd83,client_a_preview,0,"","",NEIRO/USD,"",0,confirmed,,,0,0,,,1780928078679,1780928112996,,1780928078679
340,0x777220f0bb65975532446a10487989f491cc356a441b5de9eec8e1d4f88a8f63,"",client_a_preview,0,"","",XVG/USD,2618711495000000,1780928075,failed,,,0,0,,,,,1780928118849,1780928118849
341,0x4fd66614924d3228ea5e23f2feed223e9c31cc1ba7aa49bcf242a11308fe3a0c,"",client_a_preview,0,"","",NEIRO/USD,66283060500000,1780928066,failed,,,0,0,,,,,1780928118856,1780928118856
342,0x97dd78b9ba3f7faf7b6b1ddf58bdca5fecd86ec641083d49da3ea06a89e8aec8,"",client_a_preview,0,"","",ARB/USD,83448640875000008,1780928098,failed,,,0,0,,,,,1780928118862,1780928118862
343,0x42ccfe8c4a87b9298bdc76a8728e2d1224d3dc5b9d48afd9295ad40534b75af5,"",client_a_preview,0,"","",ETH/USD,1683608131827270025216,1780928104,failed,,,0,0,,,,,1780928118867,1780928118867
344,0xd27ccba4e40a54a492616ff1e1ef3bba8990fafb2ebc4caf7a352abc85bb5aa9,"",client_a_preview,0,"","",USDC/USD,999709724000000000,1780928110,failed,,,0,0,,,,,1780928118872,1780928118872
345,0x379936b60a90b7078f122ca887fd5f00ba2699e25daae0138e2428190a81bd66,"",client_a_preview,0,"","",DOGE/USD,86322234333700000,1780928114,failed,,,0,0,,,,,1780928125657,1780928125657
346,0x39d0f8f5dab693bd080c623571f42efce85d5416d7b72c05cbc8b11c8667b002,"",client_a_preview,0,"","",ETH/USD,1683608131827270025216,1780928115,failed,,,0,0,,,,,1780928125664,1780928125664
347,0xf1a4919fafa4587f12d46647e3ee298e5511b534bb28a9c7706087c196aa69eb,"",client_a_preview,0,"","",SHIB/USD,4752753275000,1780928116,failed,,,0,0,,,,,1780928125672,1780928125672
348,0xbceeaea5a45ebe5a96f7150a3de650228bb9d2315ea6dafe5a62feed2c79038d,"",client_a_preview,0,"","",USDC/USD,999709724000000000,1780928121,failed,,,0,0,,,,,1780928131492,1780928131492
349,0x1d6a290cfb16210585717f0b78efba1d421f3ca981c37aa1c2545d8b0c7053e1,"",client_a_preview,0,"","",DOGE/USD,86322234333700000,1780928125,failed,,,0,0,,,,,1780928137294,1780928137294
350,0x91ffd2477d8e1701c9331c50072491d763eb7487c563e7c08170d37354017ae8,"",client_a_preview,0,"","",SHIB/USD,4752753275000,1780928126,failed,,,0,0,,,,,1780928137303,1780928137303
351,0x301fa45c8e97fd27c7da4f978616bb40617d31945beab14b90710c82fbcc79f9,8ea5d1bade140b326284622a1788074f2db79eb8112dec944824cccbab62f6a3,client_a_preview,0,"","",XVG/USD,"",0,confirmed,,,0,0,,,1780928169017,1780928201096,,1780928169017
352,0x6698dd8a740e5a7c304cdd9c471ecc14e3d8799d91c9120c3120a90e258e1e85,"",client_a_preview,0,"","",XVG/USD,2618711495000000,1780928157,failed,,,0,0,,,,,1780928206919,1780928206919
353,0xe3c0372cbd03609498b6e62afa522add6b27ccccef42ba26bfe2e7c29aa82933,"",client_a_preview,0,"","",ARB/USD,83444472500000000,1780928180,failed,,,0,0,,,,,1780928206928,1780928206928
354,0x932d356f49fb80be334be62649ee9a67d598f27b7a98ba6fe4ed25f5e86c31db,"",client_a_preview,0,"","",ETH/USD,1683509152875060002816,1780928197,failed,,,0,0,,,,,1780928206946,1780928206946
355,0xb084c1e04e74385b2f69eaf91bef14816a44616042729f53824c1135e0ab6e20,"",client_a_preview,0,"","",USDC/USD,999709724000000000,1780928193,failed,,,0,0,,,,,1780928206951,1780928206951
356,0x03a82a7c70b6933b17eaebb64d8d32a39b7be02e88f520eca1f931bbb359c8d6,"",client_a_preview,0,"","",DOGE/USD,86316696750000000,1780928198,failed,,,0,0,,,,,1780928206959,1780928206959
357,0x8d0ae3eeefd6aa5fbb6b356f400ed0d977900c27b3d982676412e71fda7dbc29,"",client_a_preview,0,"","",SHIB/USD,4752670800000,1780928199,failed,,,0,0,,,,,1780928206966,1780928206966
358,0xc2f17625388604e9e673bce0a0fedb72fd5da020a9ad43effd2aaae5f12fdff1,"",client_a_preview,0,"","",USDC/USD,999709724000000000,1780928203,failed,,,0,0,,,,,1780928212816,1780928212816
359,0x3f7d6929ed12cf164039e9b7baca5aff48257aa28db0332e9261eb194f8cc978,"",client_a_preview,0,"","",DOGE/USD,86312995800000008,1780928207,failed,,,0,0,,,,,1780928218640,1780928218640
360,0x8562185112001ac602dc6632d9f828b280df82cfdb5bb8bc2ee8e4e640fbbdb2,"",client_a_preview,0,"","",SHIB/USD,4752663950148,1780928208,failed,,,0,0,,,,,1780928218646,1780928218646
361,0x001e630cf05f18e3b9f931113c3600786e9619aa5c94bc98885b04d918446c64,871f95bcc4ef4b3300c266c3c2e4c87741f3e5bb0225318fe742666939a9d1eb,client_a_preview,0,"","",ARB/USD,"",0,confirmed,,,0,0,,,1780928277969,1780928342133,,1780928277969
362,0x75f56b213ed0bf34931c28edb45386e7eace4e55330bd2f29b11f5765919e2cc,"",client_a_preview,0,"","",ARB/USD,83442385000000000,1780928264,failed,,,0,0,,,,,1780928347860,1780928347860
363,0x852f84c326b8870be2b858b9391935bd2d255f39d09214d897674acf95cf2be6,"",client_a_preview,0,"","",ETH/USD,1683458968275000098816,1780928280,failed,,,0,0,,,,,1780928347867,1780928347867
364,0x7784917a08e2cff996a9ffa72c9ab0c3b18a52478a8e5f3eea4e2496dfdaee21,"",client_a_preview,0,"","",USDC/USD,999709724000000000,1780928286,failed,,,0,0,,,,,1780928347872,1780928347872
365,0x378d24f10a27308eea5ccb8baabe025b626970501e8653bcbd6c9c3326fb09b0,"",client_a_preview,0,"","",DOGE/USD,86302033501969256,1780928291,failed,,,0,0,,,,,1780928347877,1780928347877
366,0x9749efdedcbf2c691366732114e318c26eecd18b96e72813f108d7753e4ac873,"",client_a_preview,0,"","",SHIB/USD,4752072747204,1780928292,failed,,,0,0,,,,,1780928347884,1780928347884
367,0xaca8756d76dd1eb56afdfcf5a980a7782843cbea865e7f7821e1083e35050be9,621480591d49563331707a7c078fb5866bfaa8e588c8ea483e1ad74b3b356a68,client_a_preview,0,"","",ETH/USD,"",0,confirmed,,,0,0,,,1780928379225,1780928414637,,1780928379225
368,0xfc8e03d6735126d911dff7c7453e053a504da1533a773e60e0c716c2ad0c0e00,"",client_a_preview,0,"","",USDC/USD,999709724000000000,1780928370,failed,,,0,0,,,,,1780928420492,1780928420492
369,0x819bc68fc27872695fe229d96a1f6e3d64fbca7fc73104210c400ae0047c2f20,"",client_a_preview,0,"","",ETH/USD,1683378648187500101632,1780928364,failed,,,0,0,,,,,1780928420500,1780928420500
370,0xa9f8d3b40b83f112be6a30eefdf9dbc13d73ed3277ec199063393e9da4aac13f,"",client_a_preview,0,"","",DOGE/USD,86298298875000008,1780928374,failed,,,0,0,,,,,1780928420505,1780928420505
371,0x653d50a1a78c2e154a197de67042fbeb75fe1683adad050c2de81e0811cefdaa,"",client_a_preview,0,"","",SHIB/USD,4751790375000,1780928375,failed,,,0,0,,,,,1780928420511,1780928420511
372,0x80aa7c59194c64eafc63a14bd17bbbcc33a619d8a9a52a4c8115ee7e1493f5da,3ed91407cbaa1e2af9aa5aea6e08b05d08517269ec3d017067882964f4b2de9f,client_a_preview,0,"","",USDC/USD,"",0,confirmed,,,0,0,,,1780928467205,1780928502360,,1780928467205
373,0x6aa5b5085c49b4718679c704ac67c7c7e31deb1e80db68c3f385bc4ad8aa0692,"",client_a_preview,0,"","",DOGE/USD,86300411600000016,1780928455,failed,,,0,0,,,,,1780928508216,1780928508216
374,0x1166a522474b941f4a99704344ecd5cd48fcfbc0af777aa3b70c4d1dbcc21bab,"",client_a_preview,0,"","",SHIB/USD,4751885475000,1780928456,failed,,,0,0,,,,,1780928508227,1780928508227
375,0x5513fe836588ae166bdf71d98db1b1f1a0e9c34474aed9754160215110ac72ce,"",client_a_preview,0,"","",USDC/USD,999712367300000064,1780928451,failed,,,0,0,,,,,1780928508234,1780928508234
376,0x415eb2c2ecff2ed1aeb22e64e4e832abd415083a982928ac6eb1f1588594ddeb,07735d2bfa6dba1217bebe7f4a1b386d0e7656d59e4cf5f37ade60628d4f3e3c,client_a_preview,0,"","",DOGE/USD,"",0,confirmed,,,0,0,,,1780928555592,1780928587829,,1780928555592
377,0x05e2b6cde30c0cd0377d3d26006bec44717988e37ea4792f5d72555d9a958cb5,07735d2bfa6dba1217bebe7f4a1b386d0e7656d59e4cf5f37ade60628d4f3e3c,client_a_preview,0,"","",SHIB/USD,"",0,confirmed,,,0,0,,,1780928555602,1780928587840,,1780928555602
378,0x1da13b8d418413c98718022e085ceee1882b748a830f4f41ffd3cb5aca3a6922,"",client_a_preview,0,"","",DOGE/USD,86307461951969256,1780928540,failed,,,0,0,,,,,1780928593636,1780928593636
379,0x0d41001a7928f061f29a8dd97fe43c2a728a1a8cf020e7b528e5016f155b79b7,"",client_a_preview,0,"","",SHIB/USD,4752074844973,1780928541,failed,,,0,0,,,,,1780928593642,1780928593642
380,0x71c21ab2db238d19037610b4ae0797d48ead73642c8b44196d28dad97911c373,178eed348d2b25b2ac10aaeec21e881f8555c81413a1394df04b3e460936b7fc,client_a_preview,0,"","",LTC/USD,"",0,confirmed,,,0,0,,,1780928632634,1780928667405,,1780928632634
381,0xa4a29931720cd5e5faee3bc4fccf6d37810cff84fb2e54119ad7f96754e3d385,178eed348d2b25b2ac10aaeec21e881f8555c81413a1394df04b3e460936b7fc,client_a_preview,0,"","",BTC/USD,"",0,confirmed,,,0,0,,,1780928632644,1780928667423,,1780928632644
382,0xd860eb800fe7d51d4fb7678a6b8b857cc89aa8e80a8e3e42efcd5ea4d5e3e536,24663f9b4a66772401f8aefad835d52f2c2710c64e6bd5aa76eca53b05323e7a,client_a_preview,0,"","",USDT/USD,"",0,failed,CrashRecovery,"daemon restarted with submitted transaction awaiting confirmation",0,0,,,1780928702739,,1780930290906,1780928702739
383,0x569544beb56449afef3fcf2907a39df7060207b3333a2ace5d1b1745c3c568b2,"",client_a_preview,0,"","",LTC/USD,43040281699999997952,1780928612,failed,,,0,0,,,,,1780928744186,1780928744186
384,0xa7d1e72e6aaa057773c74428a31d34e66df52845fb7898bf11db9086ef3361bc,"",client_a_preview,0,"","",BTC/USD,63673447593000004747264,1780928613,failed,,,0,0,,,,,1780928744197,1780928744197
385,0x7f2149a8e062d180e9babf294c998d1bc72757504e8ff33c291266c96860d668,"",client_a_preview,0,"","",USDT/USD,999370000000000000,1780928661,failed,,,0,0,,,,,1780928744209,1780928744209
386,0xae7c7d8deddb3f25e54a9e35e18044ea6cd883842457d01859be87119081975c,"",client_a_preview,0,"","",NEIRO/USD,66276394599999,1780928731,failed,,,0,0,,,,,1780928766924,1780928766924
387,0xccf770af7eaa693a49038aeb4bc0e796f938687a521e002acf09860239215f86,"",client_a_preview,0,"","",USDT/USD,999370000000000000,1780928735,failed,,,0,0,,,,,1780928766932,1780928766932
388,0xdb9597f9af46cf52246fe5bb54143984bdda1ddad681930af4d7ba25525a0f8e,"",client_a_preview,0,"","",USDT/USD,999370000000000000,1780928743,failed,,,0,0,,,,,1780928783937,1780928783937
389,0x39008816823fecbcbf702355a1c30893d5f2af64a37e401aeed331a94090d89d,b81f9519d877b1f2d8e0825cf8cf8ae41b7f8105a5f03b11aef19313a79ef558,client_a_preview,0,"","",NEIRO/USD,"",0,confirmed,,,0,0,,,1780928840783,1780928875898,,1780928840783
390,0x82cc59313e2dc9f2b13ca5a3f3c1b04dfede4cce904f7c08ab4d814ebb3aab13,"",client_a_preview,0,"","",NEIRO/USD,66274902399999,1780928814,failed,,,0,0,,,,,1780928915830,1780928915830
391,0x94b760fd618a5e3c38503310f56b2bb110d9eb279b322b3bd072e8745d6efae5,"",client_a_preview,0,"","",XVG/USD,2618711495000000,1780928824,failed,,,0,0,,,,,1780928915837,1780928915837
392,0xbf67a791a42f2c93765798a7849d4181988912bd6cb613390aea1571e6677e3b,"",client_a_preview,0,"","",USDT/USD,999375000000000000,1780928827,failed,,,0,0,,,,,1780928915849,1780928915849
393,0xab14643e5a2018eb78875e323d5bf43ee3631533957fd9c8ad6a52d46e97b90a,"",client_a_preview,0,"","",XVG/USD,2618711495000000,1780928909,failed,,,0,0,,,,,1780928932433,1780928932433
394,0x265f91a316af93008cac0860e395c4a0e6a6a472b48a2c2c069dad5455bfb388,"",client_a_preview,0,"","",USDT/USD,999380000000000000,1780928912,failed,,,0,0,,,,,1780928932441,1780928932441
395,0x9abf64007f6d560c35cae1c343c3db9bc1385886a96492fe6678a579b3773a57,27471e8f03fa679f823bcddccf2c51b1a209cbaa81c1a9a3cc5b5dd0bbc89820,client_a_preview,0,"","",XVG/USD,"",0,confirmed,,,0,0,,,1780929016092,1780929069064,,1780929016092
396,0x8aa5974eebfd172891d91ac16ff8583992a89a4f6ae007dea7f9fa94c8ed0bfa,1f507961d32bfab6fb55373f334447e2a4ac9651904e38a3e91655e690bf66af,client_a_preview,0,"","",ARB/USD,"",0,failed,CrashRecovery,"daemon restarted with submitted transaction awaiting confirmation",0,0,,,1780929092457,,1780930290903,1780929092457
397,0x25a1f985a75b4bcf94c796da9cb42c7587046c03caf735f554cdf26ba5997bb5,"",client_a_preview,0,"","",USDT/USD,999380000000000000,1780928996,failed,,,0,0,,,,,1780929163873,1780929163873
398,0x7e9b7d68991d7db60f8be65e7ae6900acdbd50281990518edd74048dbd4b7ae6,"",client_a_preview,0,"","",XVG/USD,2618711495000000,1780928993,failed,,,0,0,,,,,1780929163882,1780929163882
399,0x06f8a10a6b77bab2d4dc11ac0dd646ee9f26aaa15fac51f55f8acec906dd12c2,"",client_a_preview,0,"","",ARB/USD,83441758750000016,1780929017,failed,,,0,0,,,,,1780929163896,1780929163896
400,0xd3432bb6e5007765f2773fed7854cd2ffdd1ddac0c4bbd206cf9c0a8a966f21c,"",client_a_preview,0,"","",ETH/USD,1683431350766241054720,1780929033,failed,,,0,0,,,,,1780929163902,1780929163902
401,0x7c7c8ee23f4166e95a97211eef459120e23dac46cd6b3780e91c73ad565a466e,15ab63c4ecde80f7e9ee2cb3ff731d7c7a2b0cc2d7779ccc637dbf45fbd451c6,client_a_preview,0,"","",ARB/USD,"",0,failed,CrashRecovery,"daemon restarted with submitted transaction awaiting confirmation",0,0,,,1780929211833,,1780930290899,1780929211833
402,0xa37cb84b4a0ba7cb8be9fc66d79637028c59fe8e74113e5fbb7f3eba60c88c35,32295407bf9e91f322049e7d266e6666bcc545671d3f71875383c9192e6d79d9,client_a_preview,0,"","",USDT/USD,"",0,failed,CrashRecovery,"daemon restarted with submitted transaction awaiting confirmation",0,0,,,1780929301315,,1780930290895,1780929301315
403,0xa37cb84b4a0ba7cb8be9fc66d79637028c59fe8e74113e5fbb7f3eba60c88c35,"",client_a_preview,0,"","",USDT/USD,999380000000000000,1780929153,failed,CrashRecovery,"daemon restarted with submitted transaction awaiting confirmation",0,0,,,,,1780930290895,1780929391674
404,0x323b68c1dba1472fca6cd3289983ab824030f8d1128510e33096bdbab148169b,"",client_a_preview,0,"","",ARB/USD,83442385000000000,1780929100,failed,,,0,0,,,,,1780929391682,1780929391682
405,0xb17e89301f151cb31502b045116360ba34fc8c9ad6d5c208d0b8621c230107a6,"",client_a_preview,0,"","",ETH/USD,1683481549842697027584,1780929117,failed,,,0,0,,,,,1780929391695,1780929391695
406,0xefda687a7102658976b6dc27907ab886a3e0241b5be6fe5fa5ffd6018f9c02ac,"",client_a_preview,0,"","",USDC/USD,999714800950000064,1780929123,failed,,,0,0,,,,,1780929391700,1780929391700
407,0xe018e92fb0890af2b9ab71a92eb1186d7bf423164eae9b6b85258ce76e10b1df,ef01342eed3529029a367dbd8279fce5c5bfcf4ce60036e10dd7af5b52207db5,client_a_preview,0,"","",ARB/USD,"",0,failed,CrashRecovery,"daemon restarted with submitted transaction awaiting confirmation",0,0,,,1780929426131,,1780930290892,1780929426131
408,0x302867fa30d102873458891df2c8887103110a50955d38c23129c7d950dac07a,a3132516a36d212ed661b7146b730569c55ccbfa3ae05b1211a0db6a8b0f37db,client_a_preview,0,"","",SHIB/USD,"",0,failed,CrashRecovery,"daemon restarted with submitted transaction awaiting confirmation",0,0,,,1780929497162,,1780930290889,1780929497162
409,0xaaf01524204fcb6068ffaa17d3510e0d75633db3feacfe0ceb277a661797d2e7,532bc110377ef44be6668b4d7e8ad8fd309b7add753911aa3b3b5824c77df716,client_a_preview,0,"","",USDT/USD,"",0,failed,CrashRecovery,"daemon restarted with submitted transaction awaiting confirmation",0,0,,,1780929581653,,1780930290885,1780929581653
410,0x41080e4dd77a89cb5b84e251f8807cb7af99c54cc63185619094adb87d9e838d,e0f0a3f1e98ea8450ea6831e2887df2c2626affce3b691675183ef31201cdcc2,client_a_preview,0,"","",USDT/USD,"",0,failed,CrashRecovery,"daemon restarted with submitted transaction awaiting confirmation",0,0,,,1780929755548,,1780930290881,1780929755548
411,0x22a9a2c801dd29be0b3087304e5b74d29a2fde5a18a1a8b2322a7df066d9628c,d54d79b7d72b8cf708a634a5779416fff1f617e254fcfd8c69e2e0a48d8c1ef2,client_a_preview,0,"","",BTC/USD,"",0,failed,CrashRecovery,"daemon restarted with submitted transaction awaiting confirmation",0,0,,,1780929843009,,1780930290877,1780929843009
412,0x2d1f4dfa6ad17b02bb84bb89fbf5b8486696cb6983fe074a18bb8f71ccddfb84,0663d2054aab0d1bc6167f4923ec2fa75046deeca1d7c83659dee5a30463d611,client_a_preview,0,"","",ETH/USD,"",0,failed,CrashRecovery,"daemon restarted with submitted transaction awaiting confirmation",0,0,,,1780929884768,,1780930290874,1780929884768
413,0xb2cbcec49abae52d4013236b050ca8913b624ff5940a170e309257f949de1c12,70306d365eade89ffb06eeb300b4e80324927c4bdfa73635aa9f41ba3b745ed7,client_a_preview,0,"","",LTC/USD,"",0,failed,CrashRecovery,"daemon restarted with submitted transaction awaiting confirmation",0,0,,,1780929957297,,1780930290869,1780929957297
414,0x0f0634527e9500d6bcc29b2cd99c960b3b529af3b4b9ef64ecae5c56e45cdb39,"",client_a_preview,0,"","",USDT/USD,999384905541400064,1780929331,failed,,,0,0,,,,,1780930055670,1780930055670
415,0x00b4d840daf92a128f0f9eccac346203536c487acbf25c55edf7ea59e8285d42,"",client_a_preview,0,"","",ARB/USD,83446560000000000,1780929351,failed,,,0,0,,,,,1780930055678,1780930055678
416,0x97cf2b7402bd282dc027788a2a97fffa5557132290574e1a6625673682c87611,"",client_a_preview,0,"","",ETH/USD,1683714386014510120960,1780929368,failed,,,0,0,,,,,1780930055691,1780930055691
417,0xbb0ac9bf1c70e6114b5e40a84b854ca0801da6125ee8984e1f705dd139c8b2cc,"",client_a_preview,0,"","",USDC/USD,999719728000000128,1780929374,failed,,,0,0,,,,,1780930055699,1780930055699
418,0x25d96ed972d79b79499b569e5a8fdf019b2c0c45b13302a35c41be9bdd6f81c2,"",client_a_preview,0,"","",DOGE/USD,86339923100000008,1780929378,failed,,,0,0,,,,,1780930055702,1780930055702
419,0xf0606fc3d56400f3cc529eb818f19b4f454bb13ffe2ae15a281628b2879a1ee2,"",client_a_preview,0,"","",SHIB/USD,4754025330000,1780929379,failed,,,0,0,,,,,1780930055709,1780930055709
420,0x80243855ed548c919518f017db5ac5ffbdbb7d6523020bdef3818d28352db194,"",client_a_preview,0,"","",LTC/USD,43051351800000004096,1780929366,failed,,,0,0,,,,,1780930055716,1780930055716
421,0x5fdfa51d7029c4d32741c29a387c511c6d653b466b065a80689cdbb3d17dfde8,"",client_a_preview,0,"","",BTC/USD,63733044700408396644352,1780929367,failed,,,0,0,,,,,1780930055727,1780930055727
422,0xb78d8dc553dbc84d47a06807e49abe021b4a1dba0d15a2d846c9a2f3a658faba,7c665fd637187d6d228f5e1c0bc54cd6295055a0feb3957813b7fc2f2346df52,client_a_preview,0,"","",BTC/USD,"",0,failed,CrashRecovery,"daemon restarted with submitted transaction awaiting confirmation",0,0,,,1780930120264,,1780930290865,1780930120264
423,0x9cac66132743481f5732a531e36d5f481cda66c1a467e1fcef60b0d3941944be,fc43d15e102363d30fd3b6f389cb7fd09622c8a19b0221af15bdbe8512582740,client_a_preview,0,"","",ETH/USD,"",0,failed,CrashRecovery,"daemon restarted with submitted transaction awaiting confirmation",0,0,,,1780930200203,,1780930290862,1780930200203
424,0x898acc1cd7d416db347ee369888c65060667f0bf64fadbbdbc5dd485e13deaff,4147f0ebc3dbd9fab54303e2a558e29631e77a237f24e3481a85cf6ed0123347,client_a_preview,0,"","",USDC/USD,"",0,failed,CrashRecovery,"daemon restarted with submitted transaction awaiting confirmation",0,0,,,1780930265072,,1780930290858,1780930265072
425,0x22b08d24900abcd757d5eb90260d35d1a804031705f529a7ec25e19eee03946f,77d57685768d2d44125aa82b9c8fc13b223e9482e3b9f72d95d34b171f04fdf2,client_a_preview,0,"","",LTC/USD,"",0,confirmed,,,0,0,,,1780930319643,1780930483071,,1780930319643
426,0x7ef4a48b752ed4297aa91c48fd792df12ba50de2fe6d950d3288bdfaa5e334e8,77d57685768d2d44125aa82b9c8fc13b223e9482e3b9f72d95d34b171f04fdf2,client_a_preview,0,"","",BTC/USD,"",0,confirmed,,,0,0,,,1780930319655,1780930483084,,1780930319655
427,0x1d953a7e9995e981f05960f4800ff73281a98a2faed3def4ca08ea4fcf4ec7a1,77d57685768d2d44125aa82b9c8fc13b223e9482e3b9f72d95d34b171f04fdf2,client_a_preview,0,"","",ETH/USD,"",0,confirmed,,,0,0,,,1780930319663,1780930483093,,1780930319663
428,0xed3ce6ff26be35c71bdc86aa4fe50d4d0f56c9f8634ea3fdb60d6e075d7f9f4e,77d57685768d2d44125aa82b9c8fc13b223e9482e3b9f72d95d34b171f04fdf2,client_a_preview,0,"","",USDC/USD,"",0,confirmed,,,0,0,,,1780930319670,1780930483102,,1780930319670
429,0xa53124116a6733d828b37e5f55a69eb52e19ff330028e25e237aa427e3670d8f,3a449d28a0c7a207523f26e2f1854bdf3555bab2af061292ec25173f1ad07761,client_a_preview,0,"","",DOGE/USD,"",0,confirmed,,,0,0,,,1780930510198,1780930583840,,1780930510198
430,0x126507aa5f85d3d997f563b958a6b613e9e02afaa60f29bb72e3feb561fc77be,3a449d28a0c7a207523f26e2f1854bdf3555bab2af061292ec25173f1ad07761,client_a_preview,0,"","",SHIB/USD,"",0,confirmed,,,0,0,,,1780930510210,1780930583853,,1780930510210
431,0xa260f74042a3ab2064cf9f2f54b23f3f34b18aeecf1e5275587f7ca826759f2d,3a449d28a0c7a207523f26e2f1854bdf3555bab2af061292ec25173f1ad07761,client_a_preview,0,"","",NEIRO/USD,"",0,confirmed,,,0,0,,,1780930510217,1780930583862,,1780930510217
432,0x8d46f25bc22e5303f0954247a94b5292f3a29706b8d3d5d5c89d6e01bd020ffe,3a449d28a0c7a207523f26e2f1854bdf3555bab2af061292ec25173f1ad07761,client_a_preview,0,"","",XVG/USD,"",0,confirmed,,,0,0,,,1780930510224,1780930583874,,1780930510224
433,0xc4fa4f10c62000ad98d07eb4c17ea2ea5991677b0301c58c0e319b0d46d650ce,3a449d28a0c7a207523f26e2f1854bdf3555bab2af061292ec25173f1ad07761,client_a_preview,0,"","",USDT/USD,"",0,confirmed,,,0,0,,,1780930510232,1780930583884,,1780930510232
434,0x6d28c3c7f59e3b2e98996e64141212c7df3c2ead7afe3fb204adfeb28cbbd3c5,3a449d28a0c7a207523f26e2f1854bdf3555bab2af061292ec25173f1ad07761,client_a_preview,0,"","",ARB/USD,"",0,confirmed,,,0,0,,,1780930510236,1780930583895,,1780930510236
435,0x02652e46ccb1f53185fed01915bdba8b6ea89573ae72f5944c9d8bf9c205102c,3a449d28a0c7a207523f26e2f1854bdf3555bab2af061292ec25173f1ad07761,client_a_preview,0,"","",LTC/USD,"",0,confirmed,,,0,0,,,1780930510243,1780930583902,,1780930510243
436,0x2399ba902ff223be729f3f5e7aca375cd772447b2d546900e2d7bd5a9221755f,3a449d28a0c7a207523f26e2f1854bdf3555bab2af061292ec25173f1ad07761,client_a_preview,0,"","",BTC/USD,"",0,confirmed,,,0,0,,,1780930510250,1780930583911,,1780930510250
437,0x4b0757d28ca1ca5584fdc60e62935372585d30a58278beacf45d47587afbed8d,3a449d28a0c7a207523f26e2f1854bdf3555bab2af061292ec25173f1ad07761,client_a_preview,0,"","",ETH/USD,"",0,confirmed,,,0,0,,,1780930510256,1780930583919,,1780930510256
438,0xbb8bb94eddaaebda560e6c5e6e8835820d4b3e733691fd8a4518e31ca4ec0562,3a449d28a0c7a207523f26e2f1854bdf3555bab2af061292ec25173f1ad07761,client_a_preview,0,"","",USDC/USD,"",0,confirmed,,,0,0,,,1780930510263,1780930583929,,1780930510263
439,0xa4c1df97ffb91825a49029df92c57eae0416eae2bb60c63caa5cac58a397edcc,"",client_a_preview,0,"","",NEIRO/USD,66270618354736,1780930576,failed,,,0,0,,,,,1780930589423,1780930589423
440,0x669698639cee486cff6e109f9c27f177344df5d8db7e0642fa18973456f2fc57,"",client_a_preview,0,"","",XVG/USD,2618251150000000,1780930501,failed,,,0,0,,,,,1780930589431,1780930589431
441,0x4caf89982b5ef34898b003ee3552aa53064553383bce445ac2bcb269c28ae7d0,"",client_a_preview,0,"","",USDT/USD,999419812081600256,1780930504,failed,,,0,0,,,,,1780930589441,1780930589441
442,0xe92c6a56ccfda205c410b0b5d57fb65584f0f8a01a7751ef654696ef1e2401bf,"",client_a_preview,0,"","",ARB/USD,83529327651287560,1780930525,failed,,,0,0,,,,,1780930589449,1780930589449
443,0x9f345a49adeef535e6f8bd231a7f9129718455de99c67f99eaa65388b3b36fdd,"",client_a_preview,0,"","",DOGE/USD,86367625921009968,1780930557,failed,,,0,0,,,,,1780930589460,1780930589460
444,0xd31d22f48c8fd2449d825f84aeb6ae47753124db26b52dbcfcabd97b54fe4caa,"",client_a_preview,0,"","",SHIB/USD,4755954240000,1780930558,failed,,,0,0,,,,,1780930589477,1780930589477
445,0xb0e441dc572db23de056c65b528d600c4d482bc64454329a4f8cc237b5bc6097,"",client_a_preview,0,"","",ARB/USD,83584341849870672,1780930859,failed,,,0,0,,,,,1780930869580,1780930869580
446,0x21926842016931d09533811bb0f3b00e86906c5dce45eee68d90eeb4f5b935cb,6a4fb335b75654ae7c6d9ce2b5d74d97b88b14b62db5cd4640f1a0f3ac2b0c49,client_a_preview,0,"","",ARB/USD,"",0,confirmed,,,0,0,,,1780930890022,1780930937440,,1780930890022
447,0xfa0c062b9a53cbc35a4b636a74fd5323e33013f6466aaaf654922b6316bddcf8,"",client_a_preview,0,"","",NEIRO/USD,66302870900000,1780931176,failed,,,0,0,,,,,1780931187405,1780931187405
448,0xca54af01fe4d56825afe1d9ea54fd7e8049af556761f6e7bd96543da99db4818,"",client_a_preview,0,"","",USDT/USD,999469960960710080,1780931177,failed,,,0,0,,,,,1780931187416,1780931187416
449,0xa090530c8c0b079c6562f34219d26572a72898868d24e7144d5850d0b414b738,"",client_a_preview,0,"","",BTC/USD,63836474510441403383808,1780931139,failed,,,0,0,,,,,1780931196252,1780931196252
450,0x3adfbe879bcb6bd4b8b840451e8bf0602101e9026323809d1c72a4b9af231848,"",client_a_preview,0,"","",ETH/USD,1685822580950000205824,1780931140,failed,,,0,0,,,,,1780931196264,1780931196264
451,0x821d1ea88bfd42227117a924bf999e6e63232509c16b7f2d5db065437fbe46ce,"",client_a_preview,0,"","",USDC/USD,999696059722995200,1780931146,failed,,,0,0,,,,,1780931196274,1780931196274
452,0xca54af01fe4d56825afe1d9ea54fd7e8049af556761f6e7bd96543da99db4818,"",client_a_preview,0,"","",USDT/USD,999469960960710080,1780931177,failed,,,0,0,,,,,1780931196283,1780931196283
453,0x928071ee837a7da2802f83cbbd40279800faab16f0f1b72026c639acb1f6a0b0,"",client_a_preview,0,"","",DOGE/USD,86440479361887800,1780931151,failed,,,0,0,,,,,1780931196290,1780931196290
454,0x7f7ec9171aa0f6d7e7a6ca65aba706309fb337a1e6d227c156298419e03181d8,"",client_a_preview,0,"","",LTC/USD,43134100285883682816,1780931137,failed,,,0,0,,,,,1780931196298,1780931196298
455,0x6dcb0791c6ccd9e0c47655d6bb9fc1de3527cd2b1d72003dbe20373a0a31e069,"",client_a_preview,0,"","",SHIB/USD,4757810009369,1780931152,failed,,,0,0,,,,,1780931196305,1780931196305
456,0xfa0c062b9a53cbc35a4b636a74fd5323e33013f6466aaaf654922b6316bddcf8,"",client_a_preview,0,"","",NEIRO/USD,66302870900000,1780931176,failed,,,0,0,,,,,1780931196313,1780931196313
457,0xd8e0c7a6042e8544470f15812cbb512d4e04a8ce5c1fb05b4cf5759401df23a9,"",client_a_preview,0,"","",XVG/USD,2616468173192504,1780931174,failed,,,0,0,,,,,1780931196323,1780931196323
458,0x598a6de85efa3a4a78162328b4e1f90bf5d628f811de94d8032c11a955c5f654,9dc9349f4fd62b76bbecd93ae25cc5fbb3d3511f42e09081c57600268058bc48,client_a_preview,0,"","",XVG/USD,"",0,confirmed,,,0,0,,,1780931214332,1780931249712,,1780931214332
459,0xb499e4d1526c4e2f660568d650a4f7ace9e8ba0f5e523266191e7bc89bac603d,9dc9349f4fd62b76bbecd93ae25cc5fbb3d3511f42e09081c57600268058bc48,client_a_preview,0,"","",USDT/USD,"",0,confirmed,,,0,0,,,1780931214337,1780931249728,,1780931214337
460,0xb06ea04a9a4febd9ba86c489f79ae1efa888e213f744e74ca74511333af1ef9b,da0bf84411e1991662c19a4237a94ebd0d00ff4b0705e4dd21811a3769db218d,client_a_preview,0,"","",BTC/USD,63840331099154166054912,1780931225,confirmed,,,0,0,,,,1780931345579,1780931298737,1780931298737
461,0x5e37a23fd0f2ca38b0ca032417aca7e9fcd42283d6a6fa83ad92ed6c68d0e422,da0bf84411e1991662c19a4237a94ebd0d00ff4b0705e4dd21811a3769db218d,client_a_preview,0,"","",ETH/USD,1685913107213422559232,1780931226,confirmed,,,0,0,,,,1780931345588,1780931298747,1780931298747
462,0x1b81b0406a7a63cac693c8d0bdb77b52a7597d9e93a84835ba972088c35e7548,da0bf84411e1991662c19a4237a94ebd0d00ff4b0705e4dd21811a3769db218d,client_a_preview,0,"","",USDC/USD,999693537603265600,1780931233,confirmed,,,0,0,,,,1780931345600,1780931298755,1780931298755
463,0xb499e4d1526c4e2f660568d650a4f7ace9e8ba0f5e523266191e7bc89bac603d,"",client_a_preview,0,"","",USDT/USD,999469960960710080,1780931188,failed,,,0,0,,,,,1780931298766,1780931298766
464,0xcb902b731b9273b3d9cbf79f8bc0719705777e2d55985384530f41f1be0ba986,da0bf84411e1991662c19a4237a94ebd0d00ff4b0705e4dd21811a3769db218d,client_a_preview,0,"","",DOGE/USD,86446984212852784,1780931237,confirmed,,,0,0,,,,1780931345609,1780931298788,1780931298788
465,0x20531105faa586567c2c95e8084b9c1fa967aebc2eddeb44a2848b0ee12c8de2,da0bf84411e1991662c19a4237a94ebd0d00ff4b0705e4dd21811a3769db218d,client_a_preview,0,"","",LTC/USD,43136898333479604224,1780931224,confirmed,,,0,0,,,,1780931345619,1780931298796,1780931298796
466,0x19537851db151ae99e91db7616aa000d50ca3635eb466d33aa00dda99fea568f,da0bf84411e1991662c19a4237a94ebd0d00ff4b0705e4dd21811a3769db218d,client_a_preview,0,"","",SHIB/USD,4758558263918,1780931239,confirmed,,,0,0,,,,1780931345628,1780931298804,1780931298804
467,0xfa0c062b9a53cbc35a4b636a74fd5323e33013f6466aaaf654922b6316bddcf8,"",client_a_preview,0,"","",NEIRO/USD,66302870900000,1780931176,failed,,,0,0,,,,,1780931298812,1780931298812
468,0x598a6de85efa3a4a78162328b4e1f90bf5d628f811de94d8032c11a955c5f654,"",client_a_preview,0,"","",XVG/USD,2616468173192504,1780931185,failed,,,0,0,,,,,1780931298818,1780931298818
469,0x5b5501e2b20c9b6a844469ef2f63de38f63db951e197f362888062bbfb3eaf8b,da0bf84411e1991662c19a4237a94ebd0d00ff4b0705e4dd21811a3769db218d,client_a_preview,0,"","",NEIRO/USD,"",0,confirmed,,,0,0,,,1780931322123,1780931345555,,1780931322123
470,0x1544a54b9374c1f338ad156cf3d38548c19499c769271fb6d52d7329e603f23f,"",client_a_preview,0,"","",BTC/USD,63843610704296179400704,1780931311,failed,,,0,0,,,,,1780931357221,1780931357221
471,0x7605cb112d3b978186e2b3b4531b33648e13f89f3b175d496d10bff6e774969c,"",client_a_preview,0,"","",ETH/USD,1686017825549735428096,1780931312,failed,,,0,0,,,,,1780931357240,1780931357240
472,0xd1d12a0557c7a3b32a30fefc2204fd937b95a37bfada03dc404a266249df571a,"",client_a_preview,0,"","",USDC/USD,999693537603265600,1780931317,failed,,,0,0,,,,,1780931357251,1780931357251
473,0x2768681c71830ee93986a9c2f2b2f5abd5dfd29cff82eebdb26b5eaa8077dabe,"",client_a_preview,0,"","",DOGE/USD,86448955791746968,1780931322,failed,,,0,0,,,,,1780931357258,1780931357258
474,0x61cda5c8df918f40c915391a66ab3e31824789087b8042dc1cc5258a6068dd30,"",client_a_preview,0,"","",LTC/USD,43144257191967580160,1780931310,failed,,,0,0,,,,,1780931357272,1780931357272
475,0xed3378714dc0bbcd7f8fcb6a34ca2000c581775cbf22fcf0d06697ebe78e4118,"",client_a_preview,0,"","",SHIB/USD,4759642380483,1780931323,failed,,,0,0,,,,,1780931357284,1780931357284
476,0xd946bce86da6b6a33f1ac5f2ae441c09a827efad48836a13319c2f6197c57594,"",client_a_preview,0,"","",NEIRO/USD,66343657435295,1780931335,failed,,,0,0,,,,,1780931357293,1780931357293
477,0x0e2be6bd66e8582c0406c37f5f512fd7152b4b11607c0669461e494054fbd607,"",client_a_preview,0,"","",ARB/USD,83692313748769800,1780931457,failed,,,0,0,,,,,1780931466548,1780931466548
478,0x8919465c2820e8b32cde41c0d79305c829e4f8f6d0d547557e34432f4de9a077,0f000b2c0d4d29281f9373c893675ffc7157d6544e53fbc5a09104183a07a34b,client_a_preview,0,"","",ARB/USD,"",0,confirmed,,,0,0,,,1780931484831,1780931517177,,1780931484831
479,0xde0d38406ea718724ea68e535a4a81c8a1f04547ad7b58b55c7609c84edc4864,"",client_a_preview,0,"","",NEIRO/USD,66401125708527,1780931677,failed,,,0,0,,,,,1780931687578,1780931687578
480,0x374e52f916f6b7e3bf32e56fd6f7b003e80597d0b46c3f872ad734f5c0ac4aff,c11b5ecc46bf03e6d454f85ebf84f8a92e204b81427dbd1bf971830901e66577,client_a_preview,0,"","",NEIRO/USD,"",0,confirmed,,,0,0,,,1780931705427,1780931757691,,1780931705427
481,0xc741f2666c4d65a3e68014303ac248be14740795f5779c63a43a83089d2c579c,"",client_a_preview,0,"","",SHIB/USD,4763808564668,1780931825,failed,,,0,0,,,,,1780931836821,1780931836821
482,0x1a44030091d7f6d121a98abdf21df05540e1bd5eac7c12caf49bb07422e2cc3f,613997be0a8eda3eb71ba94de782f68ae88640ad983baedf23da264dd4f74311,client_a_preview,0,"","",SHIB/USD,"",0,confirmed,,,0,0,,,1780931854234,1780931889112,,1780931854234
483,0xb0897ab684b2efbbc91ee9156b31e9e2ce1b0c79bd561de49c8fc46bfa914bb9,5aa4f33798bfe40c3c37ccb61ec3ab7b5c25103b4d48dc9b2e12aba3c4e7af94,client_a_preview,0,"","",USDT/USD,"",0,confirmed,,,0,0,,,1780931908348,1780931946302,,1780931908348
484,0xf08e76b0157a5414cab5c85351f3ff715500869a81b1524826287849b14e9ff1,5aa4f33798bfe40c3c37ccb61ec3ab7b5c25103b4d48dc9b2e12aba3c4e7af94,client_a_preview,0,"","",XVG/USD,"",0,confirmed,,,0,0,,,1780931908360,1780931946316,,1780931908360
485,0xf0a6618a75f076832bee3d733c67b1d3bc582ec6c754ba69e86d08611b52d6e2,5aa4f33798bfe40c3c37ccb61ec3ab7b5c25103b4d48dc9b2e12aba3c4e7af94,client_a_preview,0,"","",ARB/USD,"",0,confirmed,,,0,0,,,1780931908368,1780931946337,,1780931908368
486,0xb0897ab684b2efbbc91ee9156b31e9e2ce1b0c79bd561de49c8fc46bfa914bb9,"",client_a_preview,0,"","",USDT/USD,999506151797791680,1780931864,failed,,,0,0,,,,,1780931984099,1780931984099
487,0xde7c68abc1e6ced8ab521a797ede473cd1c52c3b8a5f67b74135211f9826c6e4,"",client_a_preview,0,"","",XVG/USD,2616311339177689,1780931943,failed,,,0,0,,,,,1780931984107,1780931984107
488,0x9afe382a67e18035871ccdad93f010b9e35b4dadf69ee3858f8cd6bbfd8c750b,"",client_a_preview,0,"","",BTC/USD,63889825023389425729536,1780931981,failed,,,0,0,,,,,1780931989096,1780931989096
489,0xdfc707f87711cbc6305f34f900eab9b281c6dd73b0c5dff69e372184ea052c83,"",client_a_preview,0,"","",ETH/USD,1687296227799097671680,1780931902,failed,,,0,0,,,,,1780931989104,1780931989104
490,0x03d1f4f50826cd3f36f7a4fb7c030f65f4c8acb39aca492c6e01006d33751a21,"",client_a_preview,0,"","",USDC/USD,999692270388448768,1780931908,failed,,,0,0,,,,,1780931989111,1780931989111
491,0xdf0dc5dfcd43b2f2419cb1b6f447633070fdcdb4b3fd3b3fc2570c0634be820b,"",client_a_preview,0,"","",DOGE/USD,86527757219252992,1780931912,failed,,,0,0,,,,,1780931989118,1780931989118
492,0xc50bafa0e497435a675e07f670d86438cc53d8114fb5193b0254bc8d53e70bd0,"",client_a_preview,0,"","",LTC/USD,43188662109336608768,1780931980,failed,,,0,0,,,,,1780931989124,1780931989124
493,0xc093cd1563c4de47efb82b4632d29f417d6abb801f515f0992e4d38f810b4a1b,"",client_a_preview,0,"","",ETH/USD,1687732402452080230400,1780931982,failed,,,0,0,,,,,1780931995008,1780931995008
494,0x41694f6ffc333392e5c07d7ccd38846d47b649e7c584ffafda5480b84a01e585,350743a4d62c87799f1231ca82bfcf3e1c7bc65c5dd16525b8a924495567526e,client_a_preview,0,"","",LTC/USD,43189661521779863552,1780931985,confirmed,,,0,0,,,,1780932062051,1780931995017,1780931995017
495,0xbb148c325bd14e2a20a3dc1d06104b9613ac58b6e8bfb00df9bf5f955015641e,350743a4d62c87799f1231ca82bfcf3e1c7bc65c5dd16525b8a924495567526e,client_a_preview,0,"","",BTC/USD,63889825023389425729536,1780931986,confirmed,,,0,0,,,,1780932062022,1780931995026,1780931995026
496,0x8542d2ff137d68b582b7cb1f85f11b1f85b64a37173ad72ca6aeade79b25ca3a,350743a4d62c87799f1231ca82bfcf3e1c7bc65c5dd16525b8a924495567526e,client_a_preview,0,"","",ETH/USD,1687732402452080230400,1780931987,confirmed,,,0,0,,,,1780932062030,1780932002017,1780932002017
497,0x5b336a6b7f67ae8533aa4237720763654ab283e8ccf79879c81ab0fb0ac073ff,"",client_a_preview,0,"","",USDC/USD,999692270506531200,1780931988,failed,,,0,0,,,,,1780932002025,1780932002025
498,0x31e3a861856ee81f5e1ad46c997e62ff47173cb6f6c775d3bcb07213fd845095,"",client_a_preview,0,"","",DOGE/USD,86559108372465224,1780931993,failed,,,0,0,,,,,1780932002034,1780932002034
499,0xd073a7ba4e3e0854fa263e0b50d261845b1cdd28eda7b702a470d85c4611ac97,350743a4d62c87799f1231ca82bfcf3e1c7bc65c5dd16525b8a924495567526e,client_a_preview,0,"","",USDC/USD,"",0,confirmed,,,0,0,,,1780932023706,1780932062014,,1780932023706
500,0x322cd60c66e086178b8086c207b8fd828f9362d5cf6684bb852f36280e81c8aa,350743a4d62c87799f1231ca82bfcf3e1c7bc65c5dd16525b8a924495567526e,client_a_preview,0,"","",DOGE/USD,"",0,confirmed,,,0,0,,,1780932023717,1780932062042,,1780932023717
501,0xbb148c325bd14e2a20a3dc1d06104b9613ac58b6e8bfb00df9bf5f955015641e,"",client_a_preview,0,"","",BTC/USD,63889825023389425729536,1780931986,failed,,,0,0,,,,,1780932099642,1780932099642
502,0x8542d2ff137d68b582b7cb1f85f11b1f85b64a37173ad72ca6aeade79b25ca3a,"",client_a_preview,0,"","",ETH/USD,1687732402452080230400,1780931987,failed,,,0,0,,,,,1780932099651,1780932099651
503,0xd073a7ba4e3e0854fa263e0b50d261845b1cdd28eda7b702a470d85c4611ac97,"",client_a_preview,0,"","",USDC/USD,999692270506531200,1780931993,failed,,,0,0,,,,,1780932099665,1780932099665
504,0x322cd60c66e086178b8086c207b8fd828f9362d5cf6684bb852f36280e81c8aa,"",client_a_preview,0,"","",DOGE/USD,86559108372465224,1780931998,failed,,,0,0,,,,,1780932099674,1780932099674
505,0x41694f6ffc333392e5c07d7ccd38846d47b649e7c584ffafda5480b84a01e585,"",client_a_preview,0,"","",LTC/USD,43189661521779863552,1780931985,failed,,,0,0,,,,,1780932099683,1780932099683
506,0x9667f730b459919a8ba231bda61e255bc6762749676718b144c6c8642ec49855,"",client_a_preview,0,"","",NEIRO/USD,66477078337895,1780932103,failed,,,0,0,,,,,1780932112810,1780932112810
507,0x73f9b5cc348d797b8ccd1199afe7af78e4c5322d18d8078e7e5f98a09eb5dc66,a5d478c61c17fc1e852c5f2e0986ac453e59c279c22214a8720afb7459724b3c,client_a_preview,0,"","",NEIRO/USD,"",0,confirmed,,,0,0,,,1780932130621,1780932180570,,1780932130621
508,0x81e3bced56e419f560eae42ad9dd78dc1abbdeffe7bbebe178bec468cf97e78f,7665f75d4f548d79a1a9dd57299502b97cf0a0bf964101588491977257dbf8d3,client_a_preview,0,"","",ARB/USD,"",0,confirmed,,,0,0,,,1780932198880,1780932231405,,1780932198880
509,0x2730891b8e07b8ee2734f5fec3e9ef6914813f977cdfae2bc554085daa045cd4,7665f75d4f548d79a1a9dd57299502b97cf0a0bf964101588491977257dbf8d3,client_a_preview,0,"","",ETH/USD,"",0,confirmed,,,0,0,,,1780932198892,1780932231429,,1780932198892
510,0xca1c936fa3c212b3a87c7bce66d44c0116d4eb943a2ca2a0663224f1015f2aed,ed38c7936b805396dc5c17972d8f5be7599e1c0f85555686a73eb8019c23acc6,client_a_preview,0,"","",ARB/USD,"",0,confirmed,,,0,0,,,1780932251040,1780932298789,,1780932251040
511,0x9d3ad3a9c4af2b348315e45e18244f3ba971dc122c7ab5720f20a0d10ddb4bd8,2d4635a5e004008781214e84b607829421bb10d9049460c3697be01922d64bb7,client_a_preview,0,"","",LTC/USD,"",0,confirmed,,,0,0,,,1780932318305,1780932393939,,1780932318305
512,0xb558b356a871517674363aeac21d6c4deda4f953637e729a35ed9765abe61639,2d4635a5e004008781214e84b607829421bb10d9049460c3697be01922d64bb7,client_a_preview,0,"","",DOGE/USD,"",0,confirmed,,,0,0,,,1780932318317,1780932393951,,1780932318317
513,0x79167b20355971e01b37f811de5f7fb41fe256b3ed04b9166898aa7547ea1c79,2d4635a5e004008781214e84b607829421bb10d9049460c3697be01922d64bb7,client_a_preview,0,"","",SHIB/USD,"",0,confirmed,,,0,0,,,1780932318325,1780932393961,,1780932318325
514,0x3488b99951798dd3fc663a7bd80523125f33e1158327d541fe10cc1a56d9d509,b9fa19539746829a874db4e4a9a6ed40b1d0975a92c9e9f90d99be12a4b2a8cd,client_a_preview,0,"","",LTC/USD,"",0,confirmed,,,0,0,,,1780932414609,1780932499221,,1780932414609
515,0x82b611faee3158364419bd7c567edc6e09d362abd411b93872fedc15789c6534,b9fa19539746829a874db4e4a9a6ed40b1d0975a92c9e9f90d99be12a4b2a8cd,client_a_preview,0,"","",DOGE/USD,"",0,confirmed,,,0,0,,,1780932414617,1780932499234,,1780932414617
516,0x5d7158ca4177263f8a549652980b749aafe17ac7e2be643a23ba6d4fbcd9697f,b9fa19539746829a874db4e4a9a6ed40b1d0975a92c9e9f90d99be12a4b2a8cd,client_a_preview,0,"","",SHIB/USD,"",0,confirmed,,,0,0,,,1780932414622,1780932499241,,1780932414622
517,0x176513a1acfbe00accf7197fe44ac6b2151755aa3f3ac78cb945c9d9214182cb,"",client_a_preview,0,"","",ETH/USD,1692236533562871775232,1780932496,failed,,,0,0,,,,,1780932505252,1780932505252
518,0x84c065aaca4a7e2c0bcf2e1c845f6fb7acf46ac8371656229391c9c727f54758,87adf01d4d827d54c668a40424e778c55ba5a7701e2a469ba817eecff254a50d,client_a_preview,0,"","",ETH/USD,"",0,confirmed,,,0,0,,,1780932524730,1780932624517,,1780932524730
519,0xa7d29dc612bee2ffde5f82e75d73ea6cdd50b65e21f9f8dddab35b6811f5affc,affe492b834acaa52ea1ad37fbf360d2c62274104ec7f5ec7e14d630bd3481b0,client_a_preview,0,"","",SHIB/USD,"",0,confirmed,,,0,0,,,1780932649164,1780932739728,,1780932649164
520,0xc3b7828a45e76cdc5b2794d6d8d3959e2dfaf8546c26bea5db7304698012e384,affe492b834acaa52ea1ad37fbf360d2c62274104ec7f5ec7e14d630bd3481b0,client_a_preview,0,"","",XVG/USD,"",0,confirmed,,,0,0,,,1780932649175,1780932739741,,1780932649175
521,0x2acc7fbe9449cd37d128b5c68626b6adb62cdd6b3051f3246f2b4fa07ff91235,affe492b834acaa52ea1ad37fbf360d2c62274104ec7f5ec7e14d630bd3481b0,client_a_preview,0,"","",USDT/USD,"",0,confirmed,,,0,0,,,1780932649182,1780932739787,,1780932649182
522,0x0bfcc4ec8ecbd7ab9f2c63d7f2b8c048fd478268dcd17e5767c2da894b6a74e8,affe492b834acaa52ea1ad37fbf360d2c62274104ec7f5ec7e14d630bd3481b0,client_a_preview,0,"","",ARB/USD,"",0,confirmed,,,0,0,,,1780932649189,1780932739795,,1780932649189
523,0x66fd2ae5bd45da38e58a85ce567abf3c35cf3c9572fd629ca4c4b299662b22bd,affe492b834acaa52ea1ad37fbf360d2c62274104ec7f5ec7e14d630bd3481b0,client_a_preview,0,"","",LTC/USD,"",0,confirmed,,,0,0,,,1780932649197,1780932739804,,1780932649197
524,0x7267f9c53c7b37bb6c0ff0d1ca37ee80091ed87bb9db2560aefcb00ad9f6f83f,affe492b834acaa52ea1ad37fbf360d2c62274104ec7f5ec7e14d630bd3481b0,client_a_preview,0,"","",BTC/USD,"",0,confirmed,,,0,0,,,1780932649209,1780932739811,,1780932649209
525,0x2222475af0cecd32e130bd799297c49576940d4e229342aef4c55b057db45001,affe492b834acaa52ea1ad37fbf360d2c62274104ec7f5ec7e14d630bd3481b0,client_a_preview,0,"","",ETH/USD,"",0,confirmed,,,0,0,,,1780932649215,1780932739819,,1780932649215
526,0xa4628e501ddb5bcfb68246780adf2314a34c55164605d856e3cf8e43b10da312,affe492b834acaa52ea1ad37fbf360d2c62274104ec7f5ec7e14d630bd3481b0,client_a_preview,0,"","",DOGE/USD,"",0,confirmed,,,0,0,,,1780932649221,1780932739827,,1780932649221
527,0xc4b2306365faf8e853e9f7cf00a7d1de2fa5037a12e327a9c9d685100dd49ff3,072c57c7902edbe7fa391761551666ef0c3b84f197e30941a450e523f652dd6e,client_a_preview,0,"","",XVG/USD,"",0,confirmed,,,0,0,,,1780932764485,1780932823082,,1780932764485
528,0x2516a1db7309cbf60dd637a48dae08beeee771f12cf2ddd5bbd98463c63acb89,072c57c7902edbe7fa391761551666ef0c3b84f197e30941a450e523f652dd6e,client_a_preview,0,"","",USDT/USD,"",0,confirmed,,,0,0,,,1780932764496,1780932823100,,1780932764496
529,0x7e1ca7e306cab2a5b9974a58e08b26edc4a4dc1e7b935f0d587e24137198defc,072c57c7902edbe7fa391761551666ef0c3b84f197e30941a450e523f652dd6e,client_a_preview,0,"","",ARB/USD,"",0,confirmed,,,0,0,,,1780932764503,1780932823112,,1780932764503
530,0x4c3a8548c47fab87bfe08bc3c7ffb32eaece6886a268b48d35bb544c23191fdd,072c57c7902edbe7fa391761551666ef0c3b84f197e30941a450e523f652dd6e,client_a_preview,0,"","",LTC/USD,"",0,confirmed,,,0,0,,,1780932764510,1780932823121,,1780932764510
531,0xbc6acd7ebb5f9e1bad13ead8c8030a3d7faff910d3b3c3f637e76777d6a1021f,072c57c7902edbe7fa391761551666ef0c3b84f197e30941a450e523f652dd6e,client_a_preview,0,"","",BTC/USD,"",0,confirmed,,,0,0,,,1780932764516,1780932823129,,1780932764516
532,0xb655b1f18b881011f3d82d871d87c7d8eeac9be775352c9a9d675263d70d62e6,072c57c7902edbe7fa391761551666ef0c3b84f197e30941a450e523f652dd6e,client_a_preview,0,"","",USDC/USD,"",0,confirmed,,,0,0,,,1780932764522,1780932823139,,1780932764522
533,0x64ad68a7a46faf32facf9642c27fea26ca73cc14ecffbb08b8e3e6dae7e30028,072c57c7902edbe7fa391761551666ef0c3b84f197e30941a450e523f652dd6e,client_a_preview,0,"","",DOGE/USD,"",0,confirmed,,,0,0,,,1780932764529,1780932823147,,1780932764529
534,0xff2245a61a863e64588f24010f402cfee80a972ea622dd288a4f99ecedb34e6c,072c57c7902edbe7fa391761551666ef0c3b84f197e30941a450e523f652dd6e,client_a_preview,0,"","",SHIB/USD,"",0,confirmed,,,0,0,,,1780932764541,1780932823156,,1780932764541
535,0x3c96ac761ea7853bed290bb42378f01626b60cd9c062b9516e4aad0b357ecf56,692b27d6bd494878790eb42e497672b81dd4ad1d9d34b4bdd5959f97fe01edaa,client_a_preview,0,"","",USDC/USD,"",0,confirmed,,,0,0,,,1780932841997,1780932912605,,1780932841997
536,0x575f405a9448f7a41baad2a781ec57b422367028beb5fa79e93b683b2efa572c,692b27d6bd494878790eb42e497672b81dd4ad1d9d34b4bdd5959f97fe01edaa,client_a_preview,0,"","",NEIRO/USD,"",0,confirmed,,,0,0,,,1780932842008,1780932912617,,1780932842008
537,0xb7aab4910616c50125214284a8dbc076f5e8d44bc29f202eeec0ec57b98989bd,f40bd536ddbd49241ae22eed4719da45481590fde30255de79b89c39e27f2b18,client_a_preview,0,"","",NEIRO/USD,"",0,confirmed,,,0,0,,,1780932930076,1780932971673,,1780932930076
538,0x0ffded29cf147a2e7a5d5c02a7254d9fdac7d794e4469ed3b62a836ec4a3312b,"",client_a_preview,0,"","",ETH/USD,1693952478957652017152,1780933358,failed,,,0,0,,,,,1780933369340,1780933369340
539,0x0ffded29cf147a2e7a5d5c02a7254d9fdac7d794e4469ed3b62a836ec4a3312b,"",client_a_preview,0,"","",ETH/USD,1693952478957652017152,1780933358,failed,,,0,0,,,,,1780933375560,1780933375560
540,0x0e3fb0c5aea5186fc5409f3b84507435b1ef225c26487ea64a20e3bbebeb7cb4,012120b0faff13c167dabd540d376503a12d3d9272effee4a6427d16de7280f5,client_a_preview,0,"","",ETH/USD,"",0,confirmed,,,0,0,,,1780933395797,1780933466622,,1780933395797
541,0x8af98aa33c70ac79fe0673b3f3aee18601b4b568dc3bd6710018da2db709aaf7,"",client_a_preview,0,"","",ETH/USD,1693952478957652017152,1780933460,failed,,,0,0,,,,,1780933477573,1780933477573
542,0x5a64a661aab985a344e1c37ce7423eb7296ce378c2988050acfd2c49e774bd14,"",client_a_preview,0,"","",NEIRO/USD,66683637203035,1780933409,failed,,,0,0,,,,,1780933477589,1780933477589
543,0xf7fbb64bd311d81c2ca4d959ba88ac17c027aa2bc962426081d7370c6b3cb2a0,"",client_a_preview,0,"","",USDT/USD,999506151797791680,1780933421,failed,,,0,0,,,,,1780933477596,1780933477596
544,0xa131b0e233373abc02c34b29f7c89ce0a1dcb8e0347f0d0fc4874c703c50262d,"",client_a_preview,0,"","",ARB/USD,84059040602584672,1780933442,failed,,,0,0,,,,,1780933477601,1780933477601
545,0xcb055091534c5b9282577559c22be5d45ed91c53f3fefd791df1456801d69a15,"",client_a_preview,0,"","",LTC/USD,43313081500000002048,1780933457,failed,,,0,0,,,,,1780933477609,1780933477609
546,0xfc14bfe955da105822ae003ec0a630e3b0f753f4516a69280de0afa1a787ef14,"",client_a_preview,0,"","",BTC/USD,63963440503297849425920,1780933458,failed,,,0,0,,,,,1780933477616,1780933477616
547,0x4f6f9d2d9c083a2699da169cc18881136293f975f034219ca0f13372014d8df4,"",client_a_preview,0,"","",DOGE/USD,86898233353708744,1780933453,failed,,,0,0,,,,,1780933477621,1780933477621
548,0x743349476269d86710f793dffa280fd976c40cac510713078ec9384329906609,"",client_a_preview,0,"","",SHIB/USD,4779922206334,1780933454,failed,,,0,0,,,,,1780933477629,1780933477629
549,0x21c53ec1bb1d6142983e2fb82f359b5732a8301b887a8f834db5207dd32641fc,"",client_a_preview,0,"","",XVG/USD,2615468707502977,1780933419,failed,,,0,0,,,,,1780933477637,1780933477637
550,0x4ae841e2bdbd8a980d7193c13d8094f740c5f046dfc7473775dae07bdf7bccfc,2060ddf5284569ac2e3eaab2608f28a3be3fd41855e8e9fce5fc2a66c780879a,client_a_preview,0,"","",DOGE/USD,"",0,confirmed,,,0,0,,,1780933496703,1780933553225,,1780933496703
551,0x139a14c1b7a55f53077bb07b1b359f172267727403e0df3641a592c07205fe93,2060ddf5284569ac2e3eaab2608f28a3be3fd41855e8e9fce5fc2a66c780879a,client_a_preview,0,"","",SHIB/USD,"",0,confirmed,,,0,0,,,1780933496710,1780933553236,,1780933496710
552,0x4214d96e00d656f963bcc503ee4452b24a04fe217db390e933e541b01ca5b2c1,"",client_a_preview,0,"","",BTC/USD,63963440503297849425920,1780933545,failed,,,0,0,,,,,1780933560209,1780933560209
553,0x0dda57f484b8502aa6f5cc6717ea70b63ac07b410b98ac57e0358b11add351a3,"",client_a_preview,0,"","",USDT/USD,999506151797791680,1780933508,failed,,,0,0,,,,,1780933560217,1780933560217
554,0xe755c39d39a9e4c6564aa06e1d95ebee031b73e2071cd2fb4b229ae5c0745467,"",client_a_preview,0,"","",DOGE/USD,86910490701849048,1780933539,failed,,,0,0,,,,,1780933560226,1780933560226
555,0xe9c3aca9a7ee554e915d1361e34a3769beae6189dc1987ebc9a61a3f72505eeb,"",client_a_preview,0,"","",LTC/USD,43313081500000002048,1780933544,failed,,,0,0,,,,,1780933560232,1780933560232
556,0xce35acbad30d1ac844194e8b131414bbf24f8d260276077491accb22bc4d11e3,"",client_a_preview,0,"","",ARB/USD,84059040602584672,1780933529,failed,,,0,0,,,,,1780933560240,1780933560240
557,0xc418cefd425938de0f5c03a888786f03f58d0c9ef0fe362c1a8a7c41adb4139f,"",client_a_preview,0,"","",SHIB/USD,4779922206334,1780933540,failed,,,0,0,,,,,1780933560248,1780933560248
558,0x956f591a6a0dfaa1f070df1ff03c2e93b0014dc32c836f3dbd64ca77632393dd,"",client_a_preview,0,"","",XVG/USD,2615455756161743,1780933505,failed,,,0,0,,,,,1780933560256,1780933560256
559,0xcd10eb837d57a7ad304b8d731586d9a5a4cafc6bf60fb087454256c70160e3d2,"",client_a_preview,0,"","",NEIRO/USD,66782253812500,1780933495,failed,,,0,0,,,,,1780933560263,1780933560263
560,0x1036edffad25cf6513e2f8db16f88c39e5b1b910bc1f0b48137a8dba64f904f9,"",client_a_preview,0,"","",USDC/USD,999699915003000128,1780933534,failed,,,0,0,,,,,1780933560271,1780933560271
561,0x6da2457bad9162f92125ad8ba00420b3f85891523bee20d7fc8a4ea73b66bc4c,f4d3ec5836757373522846abb04102943a3df733b8ce93c5cdbd53958dac4355,client_a_preview,0,"","",USDC/USD,"",0,confirmed,,,0,0,,,1780933579020,1780933648303,,1780933579020
562,0x0756d213a96eb2d7189a4c93f41414f71707d8615a7bf961827be47b49fccbfc,cc7c0bcbf349f2f128fce7a73bd265fc29249e34f8ab1c10a96b868d9472a19d,client_a_preview,0,"","",NEIRO/USD,"",0,confirmed,,,0,0,,,1780933672330,1780933751080,,1780933672330
563,0xa24724b977e4c35df7e00f9f7d698a3b5472329c7670a9dea18d6d0401d9d8f4,cc7c0bcbf349f2f128fce7a73bd265fc29249e34f8ab1c10a96b868d9472a19d,client_a_preview,0,"","",BTC/USD,"",0,confirmed,,,0,0,,,1780933672339,1780933751093,,1780933672339
564,0x5cad9267af1ee9f8e50ce935d1d01cfd2f285ab9ab0a9ed97efc486073b07ddc,cc7c0bcbf349f2f128fce7a73bd265fc29249e34f8ab1c10a96b868d9472a19d,client_a_preview,0,"","",USDC/USD,"",0,confirmed,,,0,0,,,1780933672348,1780933751101,,1780933672348
565,0x74327de77e1af8841ec6c406ffa52dc197e1c46eec4602e80fb83833dcfdac87,cc7c0bcbf349f2f128fce7a73bd265fc29249e34f8ab1c10a96b868d9472a19d,client_a_preview,0,"","",USDT/USD,"",0,confirmed,,,0,0,,,1780933672352,1780933751109,,1780933672352
566,0xff53dcce21a2b425b467f204939995440b222c89ef5644f0dbef6c2cffa8673b,cc7c0bcbf349f2f128fce7a73bd265fc29249e34f8ab1c10a96b868d9472a19d,client_a_preview,0,"","",LTC/USD,"",0,confirmed,,,0,0,,,1780933672359,1780933751117,,1780933672359
567,0xa04ec1af84abe239e00514d8e4e23d639a466b1ca47fd743dbfa6050b3f719e2,cc7c0bcbf349f2f128fce7a73bd265fc29249e34f8ab1c10a96b868d9472a19d,client_a_preview,0,"","",ARB/USD,"",0,confirmed,,,0,0,,,1780933672367,1780933751127,,1780933672367
568,0xc07f66fcf96f1f06c2540dc29b2eb76f582df43a03d6d75c14d04002d4958a25,cc7c0bcbf349f2f128fce7a73bd265fc29249e34f8ab1c10a96b868d9472a19d,client_a_preview,0,"","",XVG/USD,"",0,confirmed,,,0,0,,,1780933672372,1780933751141,,1780933672372
569,0xc41baac503faf1b37871ed9dcc2bf3b4d9ce731b9eaee9796cd8e1d6f0ffb160,"",client_a_preview,0,"","",NEIRO/USD,66910104925000,1780933735,failed,,,0,0,,,,,1780933757053,1780933757053
570,0x769535659a42a12a01b9d85d7a1cca2fdf212345dccd2a91f41a36cd1f8f8559,"",client_a_preview,0,"","",BTC/USD,63963440503297849425920,1780933716,failed,,,0,0,,,,,1780933757063,1780933757063
571,0x62e4693335e6dcc3897e9237ee605fb129b9a9999f12b18a352ace4ca5b5179b,"",client_a_preview,0,"","",USDT/USD,999496120511050624,1780933747,failed,,,0,0,,,,,1780933757072,1780933757072
572,0x5a52741856c6be97e41e8c6282b401989dd2495493ba655aa11d15e034f2ba61,"",client_a_preview,0,"","",LTC/USD,43313081500000002048,1780933715,failed,,,0,0,,,,,1780933757080,1780933757080
573,0x4339373c9f0037ab9e740eb666b97391565a6479c29fbfd2d712e8789c1d42da,"",client_a_preview,0,"","",ARB/USD,84059040602584672,1780933700,failed,,,0,0,,,,,1780933757088,1780933757088
574,0x23eb27da50dcc2c27ee07bd22674587803759404a804176fafe929ba1ba77103,"",client_a_preview,0,"","",XVG/USD,2615455756161743,1780933744,failed,,,0,0,,,,,1780933757096,1780933757096
575,0xd728df7d276828a4aa11291457cfd82835c5efc42cdb91a133bf3ab499726454,226a162e8b68732d8d330b58cfeaf32b395dbd3ee6dd7119b8434b919e6061b3,client_a_preview,0,"","",NEIRO/USD,"",0,confirmed,,,0,0,,,1780933774886,1780933816670,,1780933774886
576,0x96484874b3264c5966cf2d454f23c9e921812991c680ed98c0b039dbac43a473,"",client_a_preview,0,"","",NEIRO/USD,67031673831297,1780933822,failed,,,0,0,,,,,1780933832982,1780933832982
577,0x9d1db57f4a3fadb01c24446ee3a74d905a7a23d1ccd4adcf9ec1ade2aa682feb,a1f16fba10d81241a361bdba8e11260d62286de6c6c2e6cf831afca6adaf96f3,client_a_preview,0,"","",NEIRO/USD,"",0,confirmed,,,0,0,,,1780933865089,1780933900523,,1780933865089
578,0xc8b564bbb151ccfd33fd2d055c9a95979ffbb48c80e8c323900216dfa9f39dea,"",client_a_preview,0,"","",NEIRO/USD,67204212254030,1780933995,failed,,,0,0,,,,,1780934005423,1780934005423
579,0x6601074ef2f10d2ce4c94d46977154ac32e60b8dd473e53f4b104bef496dbcb3,d9ea6e014d10f0624e3d5cfdcd51e46117599145a4cf2895edc78068dec87123,client_a_preview,0,"","",NEIRO/USD,"",0,confirmed,,,0,0,,,1780934036957,1780934077592,,1780934036957
580,0x8c4b09a5836655bb1c6f476f60583fb531693bafbc6d6c28ff6f97a83915fb89,8460851ecef201b9a89d522144540bd4df2be86dfd75f6e804c245ae28b115da,client_a_preview,0,"","",ETH/USD,"",0,confirmed,,,0,0,,,1780934095866,1780934130648,,1780934095866
581,0x8c4b09a5836655bb1c6f476f60583fb531693bafbc6d6c28ff6f97a83915fb89,"",client_a_preview,0,"","",ETH/USD,1694645715275307941888,1780934065,failed,,,0,0,,,,,1780934167436,1780934167436
582,0x3e945376b2a1dd05c04df25235b1fb3b67b062617ff5783695618d3b23cfe468,fc2796df7aa1ee301896727a70be8d22a1a5bc996b7fed01606b4025d1ae09a4,client_a_preview,0,"","",DOGE/USD,"",0,confirmed,,,0,0,,,1780934185508,1780934223039,,1780934185508
583,0x43243579c980aea14c616ed3de68f87b6165cad97cf406a0f1527ad756cf7579,"",client_a_preview,0,"","",SHIB/USD,4778902464171,1780934166,failed,,,0,0,,,,,1780934264692,1780934264692
584,0x3e945376b2a1dd05c04df25235b1fb3b67b062617ff5783695618d3b23cfe468,"",client_a_preview,0,"","",DOGE/USD,86983495837500000,1780934164,failed,,,0,0,,,,,1780934264699,1780934264699
585,0x9b4c92ec0ba9e8352c0420bf955f544982a7af3e32b011ccd907c292fe21902a,"",client_a_preview,0,"","",LTC/USD,43268188378314465280,1780934215,failed,,,0,0,,,,,1780934264707,1780934264707
586,0xaa600544f0d53103b628dd1f806795e8fecc28a358d67d74701e12fb511850c4,85e3815bc848b34c2f2ec009545988a54830929e998ef5a918c4129f8863c4f8,client_a_preview,0,"","",SHIB/USD,"",0,confirmed,,,0,0,,,1780934285844,1780934311996,,1780934285844
587,0x2d01032e945d8c01333c5b99ed5b0c1e9a072bb3cd88802e30b30750b5117fbd,85e3815bc848b34c2f2ec009545988a54830929e998ef5a918c4129f8863c4f8,client_a_preview,0,"","",LTC/USD,"",0,confirmed,,,0,0,,,1780934285855,1780934312009,,1780934285855
588,0xaa600544f0d53103b628dd1f806795e8fecc28a358d67d74701e12fb511850c4,"",client_a_preview,0,"","",SHIB/USD,4778451220465,1780934251,failed,,,0,0,,,,,1780934349615,1780934349615
589,0xde572bc1e419d9e91ab56adb7058bb2c0c289c1bd9b5120d878199b59f6268c6,"",client_a_preview,0,"","",LTC/USD,43249315594145226752,1780934301,failed,,,0,0,,,,,1780934349622,1780934349622
590,0xbf6cdf0e0ccce3a606509f10b85718da233401645d1cbcedaaefe4709eaabaf8,"",client_a_preview,0,"","",BTC/USD,63904198342663731150848,1780934326,failed,,,0,0,,,,,1780934362927,1780934362927
591,0x9038b761c93bfd2b20a9540cbba95b790e8f8c6051ae81a379b623d079a3df5f,"",client_a_preview,0,"","",USDC/USD,999700000000000000,1780934333,failed,,,0,0,,,,,1780934362936,1780934362936
592,0x8a3f49bcf70afcaea36da07dd79940af45cab1bd385d0a0d6e249224d117183a,"",client_a_preview,0,"","",USDT/USD,999470000000000000,1780934350,failed,,,0,0,,,,,1780934362943,1780934362943
593,0xad4c4b6432390c470d6cfa88766eb413c30c4edd8a04f3e6424025a7304116a6,"",client_a_preview,0,"","",ARB/USD,84000478751131272,1780934310,failed,,,0,0,,,,,1780934362950,1780934362950
594,0x7be917502ba601358ca3661b75d43b631338834521b31db329831184dfb7acdf,"",client_a_preview,0,"","",XVG/USD,2615325007767540,1780934347,failed,,,0,0,,,,,1780934362956,1780934362956
595,0x6e0d0603b7a62cf504ae8dbc1eae4c00b68a7fe2bd9090e7f7b59454d1144349,"",client_a_preview,0,"","",ARB/USD,83978974872483936,1780934371,failed,,,0,0,,,,,1780934381403,1780934381403
596,0xdab668792bba97de4bc7391174238945420508027b11cf2730b3b46d39f5dee2,"",client_a_preview,0,"","",XVG/USD,2615325007767540,1780934372,failed,,,0,0,,,,,1780934381410,1780934381410
597,0x28caa4d7c836f36a7a1f4bfe57fcef5eccedd0bc4bce6f38bd814d69877eee72,3fa52a9c2869e9b2a4eecac4b8b78b84ed2262f38e9afbfc8ea19b02c04d9784,client_a_preview,0,"","",USDT/USD,"",0,confirmed,,,0,0,,,1780934398198,1780934427119,,1780934398198
598,0xeb28fe5295df8b86891790c57bd40cf27c637ba80636c758750eadc68f5789a9,"",client_a_preview,0,"","",BTC/USD,63889281238001673830400,1780934414,failed,,,0,0,,,,,1780934472882,1780934472882
599,0xf897a8c910f4493b1ed0e727fb00d6a148157d48f9e8dcc7ca383b6f731b8752,"",client_a_preview,0,"","",USDC/USD,999700000000000000,1780934421,failed,,,0,0,,,,,1780934472890,1780934472890
600,0x28caa4d7c836f36a7a1f4bfe57fcef5eccedd0bc4bce6f38bd814d69877eee72,"",client_a_preview,0,"","",USDT/USD,999470000000000000,1780934375,failed,,,0,0,,,,,1780934472899,1780934472899
601,0x0e7b1c3f219b201af6d6d49f03aea407da1f767414a9b0e4d338138b8a7c08c6,"",client_a_preview,0,"","",ARB/USD,83973087979091920,1780934397,failed,,,0,0,,,,,1780934472906,1780934472906
602,0xdab668792bba97de4bc7391174238945420508027b11cf2730b3b46d39f5dee2,"",client_a_preview,0,"","",XVG/USD,2615325007767540,1780934372,failed,,,0,0,,,,,1780934472915,1780934472915
603,0xc72c30e864bd50aef35ea34063060a43dbfb3199b51a35c1cacb5db31b257a3f,"",client_a_preview,0,"","",XVG/USD,2615455756161743,1780934461,failed,,,0,0,,,,,1780934481671,1780934481671
604,0xeb28fe5295df8b86891790c57bd40cf27c637ba80636c758750eadc68f5789a9,"",client_a_preview,0,"","",BTC/USD,63889281238001673830400,1780934414,failed,,,0,0,,,,,1780934481678,1780934481678
605,0xf897a8c910f4493b1ed0e727fb00d6a148157d48f9e8dcc7ca383b6f731b8752,"",client_a_preview,0,"","",USDC/USD,999700000000000000,1780934421,failed,,,0,0,,,,,1780934481685,1780934481685
606,0x112163af1f8bcf1a63d1c3f851b23a8e191c49e2fd36bab6f173a9eb599a3215,"",client_a_preview,0,"","",ARB/USD,83963743845921696,1780934459,failed,,,0,0,,,,,1780934481690,1780934481690
607,0x1ea57383638361a39203436c2cd71ee60a9b6f586fc8cd72f6ac376948ed2bfe,"",client_a_preview,0,"","",BTC/USD,63881360593888483475456,1780934475,failed,,,0,0,,,,,1780934486550,1780934486550
608,0x6a05c8a935241e44b78ccc71512e891495dc3c4221f7b8e94866c9e6995b55f1,"",client_a_preview,0,"","",USDC/USD,999700000000000000,1780934482,failed,,,0,0,,,,,1780934492440,1780934492440
609,0x3ade7636e2f7855e4c39a9203077c7a7d549b1028bee7d2c271a722821f40c49,66c5e084dc26e1712ac9b955fa15c9cabc774595f03a94080db081d24cc5abc1,client_a_preview,0,"","",ARB/USD,"",0,confirmed,,,0,0,,,1780934510589,1780934576714,,1780934510589
610,0x207a98c99f879b61e50403816c4f0538089bbeb104a61984081bcfb22da3c07b,"",client_a_preview,0,"","",BTC/USD,63851531057805523943424,1780934562,failed,,,0,0,,,,,1780934582547,1780934582547
611,0x1a88e48b8e5a574ad0ef7f0b204cbd11922c702d74ac4791e65e1b0646827a41,"",client_a_preview,0,"","",USDC/USD,999700000000000000,1780934569,failed,,,0,0,,,,,1780934582554,1780934582554
612,0xde937ccc4ad65e1461ca20802e40909b2f99165612f2155159b0657a068e580a,"",client_a_preview,0,"","",ARB/USD,83928188779968008,1780934573,failed,,,0,0,,,,,1780934582561,1780934582561
613,0xff21a19fea31d36ff1df55bccb4e72d9eb8c7b124a11c11cdd5912c3fa2fd3a1,"",client_a_preview,0,"","",XVG/USD,2615455756161743,1780934549,failed,,,0,0,,,,,1780934582566,1780934582566
614,0x207a98c99f879b61e50403816c4f0538089bbeb104a61984081bcfb22da3c07b,"",client_a_preview,0,"","",BTC/USD,63851531057805523943424,1780934562,failed,,,0,0,,,,,1780934592983,1780934592983
615,0x1a88e48b8e5a574ad0ef7f0b204cbd11922c702d74ac4791e65e1b0646827a41,"",client_a_preview,0,"","",USDC/USD,999700000000000000,1780934569,failed,,,0,0,,,,,1780934592989,1780934592989
616,0xff21a19fea31d36ff1df55bccb4e72d9eb8c7b124a11c11cdd5912c3fa2fd3a1,"",client_a_preview,0,"","",XVG/USD,2615455756161743,1780934549,failed,,,0,0,,,,,1780934592994,1780934592994
617,0x68b3b200d5fe1ea91cd788e6439308fcb5a39405c50cd37e0da1130153bc2814,ba59731b427a989dbbe5989946265efea9e33396394ba052428882eec43d4502,client_a_preview,0,"","",BTC/USD,"",0,confirmed,,,0,0,,,1780934611273,1780934687236,,1780934611273
618,0x878c836eaba9b74375438b3f1804d5481a53500a4b4cb024e3650c0cefc37ed5,ba59731b427a989dbbe5989946265efea9e33396394ba052428882eec43d4502,client_a_preview,0,"","",ETH/USD,"",0,confirmed,,,0,0,,,1780934611283,1780934687244,,1780934611283
619,0x56bd945f364d2aa4b25ae3ab73b2dd4a79d29beb93506fb2b7443948a0ec5d88,"",client_a_preview,0,"","",USDC/USD,999700000000000000,1780934682,failed,,,0,0,,,,,1780934696951,1780934696951
620,0xcbc0de5740c21627c805f8628898374cc1760c39ff89a87336aff76b0ca93dfd,"",client_a_preview,0,"","",XVG/USD,2615455756161743,1780934633,failed,,,0,0,,,,,1780934696971,1780934696971
621,0x9b7c3a257fa7e6cc9c62d95271807cc4c7eac0b531fc88ca06b6801c8c76626c,"",client_a_preview,0,"","",BTC/USD,63840989940841101393920,1780934675,failed,,,0,0,,,,,1780934696979,1780934696979
622,0x81b09451b00cc082d1ad883418ddd5b786e0cb9a9ef268405833401380814987,"",client_a_preview,0,"","",ETH/USD,1692773979193146212352,1780934676,failed,,,0,0,,,,,1780934696986,1780934696986
623,0x7d1a93fc5dc68fff60622210d861f960d9e91ed4f40efd045c9e41f4d62541b3,"",client_a_preview,0,"","",NEIRO/USD,67261555172876,1780934684,failed,,,0,0,,,,,1780934696994,1780934696994
624,0x3ddb033d2cb3fbdde7e91f7f267f2dfaef2fd6d1c6ecaf50a612901581a1723f,"",client_a_preview,0,"","",XVG/USD,2615455756161743,1780934693,failed,,,0,0,,,,,1780934702910,1780934702910
625,0x56bd945f364d2aa4b25ae3ab73b2dd4a79d29beb93506fb2b7443948a0ec5d88,"",client_a_preview,0,"","",USDC/USD,999700000000000000,1780934682,failed,,,0,0,,,,,1780934709851,1780934709851
626,0x7d1a93fc5dc68fff60622210d861f960d9e91ed4f40efd045c9e41f4d62541b3,"",client_a_preview,0,"","",NEIRO/USD,67261555172876,1780934684,failed,,,0,0,,,,,1780934709857,1780934709857
627,0x3ddb033d2cb3fbdde7e91f7f267f2dfaef2fd6d1c6ecaf50a612901581a1723f,"",client_a_preview,0,"","",XVG/USD,2615455756161743,1780934693,failed,,,0,0,,,,,1780934709865,1780934709865
628,0x979a8d3a56f7c41fc975f480782db72cf9f18faecae588fc9632312e34e8859e,b6585f0a0a4b9a2fb78019358342319edd7b4c7e89ce0f89de4c33f3f2154f50,client_a_preview,0,"","",NEIRO/USD,"",0,confirmed,,,0,0,,,1780934737802,1780934770111,,1780934737802
629,0xe8781698b5a5f52cc80f0be1e427a5be9c36732bbafcb3fbb64d5f133e406ded,"",client_a_preview,0,"","",XVG/USD,2615455756161743,1780934724,failed,,,0,0,,,,,1780934775992,1780934775992
630,0xdeb6851e8ef9d05936da798a015c4cf1892aef88642e506fbd87b35c437b7434,"",client_a_preview,0,"","",USDC/USD,999700000000000000,1780934740,failed,,,0,0,,,,,1780934775997,1780934775997
631,0x979a8d3a56f7c41fc975f480782db72cf9f18faecae588fc9632312e34e8859e,"",client_a_preview,0,"","",NEIRO/USD,67266678811541,1780934715,failed,,,0,0,,,,,1780934776004,1780934776004
632,0x92efc60aea416028be764f2d432a9df85b99cee153834cb5229f28c357c4942a,"",client_a_preview,0,"","",LTC/USD,43219127704575926272,1780934764,failed,,,0,0,,,,,1780934776009,1780934776009
633,0x99cac70d329ec6ae7c96b5f2e8659199c8564ae67fd172c272abe219e26ee308,"",client_a_preview,0,"","",ARB/USD,83867256589439880,1780934748,failed,,,0,0,,,,,1780934776017,1780934776017
634,0x4f875d0007e7b744f791e1ca97d223583caad171abde5bcc2d420804b790ab90,b93de46393b77b6da7cafa82c3dc9a0cabb085ed1eb5ffb1319775fdbebb83b5,client_a_preview,0,"","",USDC/USD,"",0,confirmed,,,0,0,,,1780934794441,1780934890735,,1780934794441
635,0xa0cc50f48290c78aee7e8d7d147ab64517bee4261b1cc6f72b96e4e8605c42c0,"",client_a_preview,0,"","",XVG/USD,2615455756161743,1780934862,failed,,,0,0,,,,,1780934895626,1780934895626
636,0xdb16bf151867b3b5b9b12886ff79b563f1a00da58542e902aaa6216fa8c965ce,"",client_a_preview,0,"","",USDC/USD,999700000000000000,1780934857,failed,,,0,0,,,,,1780934895646,1780934895646
637,0x2fbccaa6ddbc5ba626d653ad8083d98d1dba89101bae33f12f9e56ec3de46b66,"",client_a_preview,0,"","",ARB/USD,83859400118481848,1780934886,failed,,,0,0,,,,,1780934895664,1780934895664
638,0x0d59a9ea7a04bfda74ff72b8c7229c1296c2f19aaf9854b4002bf6ea025422cc,"",client_a_preview,0,"","",LTC/USD,43219116915012423680,1780934849,failed,,,0,0,,,,,1780934895671,1780934895671
639,0x063fd60ca07e8b6186a9fcbe941d76fa02acf8d80019697ff80efc5b4d392809,"",client_a_preview,0,"","",DOGE/USD,86977322054721928,1780934861,failed,,,0,0,,,,,1780934895679,1780934895679
640,0x80fcd24ec3236def4077b0a521f50ee0c2cf62d70eed9d187a45a6cb6f7649a5,b0ca3e02330d6664b8e6b701e28d9a9471746552b9af4ca6bbcf20ca79c7436e,client_a_preview,0,"","",XVG/USD,"",0,confirmed,,,0,0,,,1780934918657,1780934990447,,1780934918657
641,0x3529a3acb0f06e59cdf39d08313864e7b36364b5bb217cb54849de6be1db8687,"",client_a_preview,0,"","",LTC/USD,43208995512426680320,1780934986,failed,,,0,0,,,,,1780934996345,1780934996345
642,0xefa0ec3457f118f2b419e98fe22a7ccb54d23ff8b0e71843e5b6a428ab13ebcb,"",client_a_preview,0,"","",DOGE/USD,86977322054721928,1780934947,failed,,,0,0,,,,,1780934996355,1780934996355
643,0xec273b1bf52e19de0c39d73d80a6d6f0a2d0ffeff124417a9f6f141959df1024,"",client_a_preview,0,"","",XVG/USD,2615455756161743,1780934981,failed,,,0,0,,,,,1780934996363,1780934996363
644,0x825de3ccb92d7c7b4bd1330e54522a6921cf25005fd7551bcdc3ba8c47174fbf,"",client_a_preview,0,"","",SHIB/USD,4773706488643,1780934948,failed,,,0,0,,,,,1780934996373,1780934996373
645,0xddf39558692530e162579178f8ae5588626247e90a2c8fb25c14f69dbeb890f9,"",client_a_preview,0,"","",ARB/USD,83859400118481848,1780934972,failed,,,0,0,,,,,1780934996380,1780934996380
646,0xefa0ec3457f118f2b419e98fe22a7ccb54d23ff8b0e71843e5b6a428ab13ebcb,"",client_a_preview,0,"","",DOGE/USD,86977322054721928,1780934947,failed,,,0,0,,,,,1780935003193,1780935003193
647,0x3529a3acb0f06e59cdf39d08313864e7b36364b5bb217cb54849de6be1db8687,"",client_a_preview,0,"","",LTC/USD,43208995512426680320,1780934986,failed,,,0,0,,,,,1780935003213,1780935003213
648,0x825de3ccb92d7c7b4bd1330e54522a6921cf25005fd7551bcdc3ba8c47174fbf,"",client_a_preview,0,"","",SHIB/USD,4773706488643,1780934948,failed,,,0,0,,,,,1780935003223,1780935003223
649,0x89f372c8c66a5ca1ca2d0a88a2e706a5e1eaaea3f4abead2d9d077d5005771a7,"",client_a_preview,0,"","",DOGE/USD,86977322054721928,1780934998,failed,,,0,0,,,,,1780935008097,1780935008097
650,0xa3882d27179845095454fe011858be7926c4ef230b51042aaeb0b42a7fe218f3,"",client_a_preview,0,"","",SHIB/USD,4773659333392,1780935000,failed,,,0,0,,,,,1780935008106,1780935008106
651,0xc94d31a46b2243d743312866da2b3744d68cd953a255ed1b9b0c40a3b33cac70,942188dad5d9056016cf4e1d553ccae20d37889cc30913ecc99653da0166b2a6,client_a_preview,0,"","",ARB/USD,"",0,confirmed,,,0,0,,,1780935026412,1780935049324,,1780935026412
652,0x84f9433ec04b304cc72b63a395e62e88b2a746ea74c51612798f114183a91823,"",client_a_preview,0,"","",DOGE/USD,86977322054721928,1780935033,failed,,,0,0,,,,,1780935057929,1780935057929
653,0x78df729da715dfab9abe0c6b1677a3aedcc728ef1f0591455ba21bfddd94dc12,"",client_a_preview,0,"","",LTC/USD,43208867830468583424,1780935020,failed,,,0,0,,,,,1780935057936,1780935057936
654,0x237706a64c0ab32adb8e62a82bbf7a82bd7fdc78d2805c85a6d5d54e1a89aece,"",client_a_preview,0,"","",SHIB/USD,4773626375624,1780935034,failed,,,0,0,,,,,1780935057943,1780935057943
655,0x8f1fe8e5f5c0cfb30dfc585d2ec8ca605f7247e9287736972d8602e9becb168c,"",client_a_preview,0,"","",USDT/USD,999470000000000000,1780935035,failed,,,0,0,,,,,1780935057950,1780935057950
656,0x8f1fe8e5f5c0cfb30dfc585d2ec8ca605f7247e9287736972d8602e9becb168c,"",client_a_preview,0,"","",USDT/USD,999470000000000000,1780935035,failed,,,0,0,,,,,1780935063811,1780935063811
657,0x84f9433ec04b304cc72b63a395e62e88b2a746ea74c51612798f114183a91823,"",client_a_preview,0,"","",DOGE/USD,86977322054721928,1780935033,failed,,,0,0,,,,,1780935063818,1780935063818
658,0x78df729da715dfab9abe0c6b1677a3aedcc728ef1f0591455ba21bfddd94dc12,"",client_a_preview,0,"","",LTC/USD,43208867830468583424,1780935020,failed,,,0,0,,,,,1780935063825,1780935063825
659,0x237706a64c0ab32adb8e62a82bbf7a82bd7fdc78d2805c85a6d5d54e1a89aece,"",client_a_preview,0,"","",SHIB/USD,4773626375624,1780935034,failed,,,0,0,,,,,1780935063847,1780935063847
660,0xdc5ab5c888cb68ebe211f6a02ccee50fb803c33ee7cd51966be0ce3919e7a616,25aa205af369d173fc67459f49dc918b3bfc6c9f582f6e391fd42f1ad7be9aa1,client_a_preview,0,"","",NEIRO/USD,"",0,confirmed,,,0,0,,,1780935081471,1780935113288,,1780935081471
661,0xab338c918f5e93b953c41e693edd790933b7bc4d47d31040cefa758ab0074934,"",client_a_preview,0,"","",USDT/USD,999470000000000000,1780935070,failed,,,0,0,,,,,1780935121082,1780935121082
662,0xe235a536ebf42cf313e41a9ecb2d476c57ad7c0751b1ce946bcc0b9e934d4d03,"",client_a_preview,0,"","",LTC/USD,43208475764811563008,1780935107,failed,,,0,0,,,,,1780935121089,1780935121089
663,0xf0490b2a02c5c7496433dceb54edc436f647aa423e67453973e3bdc4a3c0da4d,"",client_a_preview,0,"","",DOGE/USD,86978509390000008,1780935085,failed,,,0,0,,,,,1780935121095,1780935121095
664,0x2d1b4fa4c4f84a95e8295062e4f4fc4d70d691614fb6cd3cd74b15b5cc9dd267,"",client_a_preview,0,"","",SHIB/USD,4773195577746,1780935086,failed,,,0,0,,,,,1780935121100,1780935121100
665,0x31d8b8dc8ad59c746f0af13c0dabd741b9c0e103c5b0ec6ab619ba387871d48f,"",client_a_preview,0,"","",NEIRO/USD,67341558079848,1780935111,failed,,,0,0,,,,,1780935121107,1780935121107
666,0x7ea47a654a495003482e7c04994446ef9a95cfbc14dcb5c48f90d19b3954207d,e68776f139c2b24d8eb395aaca6b9895a133605e76c84155980114d1d556cc74,client_a_preview,0,"","",DOGE/USD,"",0,confirmed,,,0,0,,,1780935142515,1780935174383,,1780935142515
667,0xc7bbb7414f5936abc7c45b633ac61bf1cfaddc9e51d45ee62cd356f1c0455038,e68776f139c2b24d8eb395aaca6b9895a133605e76c84155980114d1d556cc74,client_a_preview,0,"","",SHIB/USD,"",0,confirmed,,,0,0,,,1780935142526,1780935174389,,1780935142526
668,0xc3f560ae74ac8338e572e3eef11e3080a3c8496181cdeb4c62346d369b18d378,"",client_a_preview,0,"","",USDT/USD,999470000000000000,1780935156,failed,,,0,0,,,,,1780935214824,1780935214824
669,0x7ea47a654a495003482e7c04994446ef9a95cfbc14dcb5c48f90d19b3954207d,"",client_a_preview,0,"","",DOGE/USD,86978509390000008,1780935119,failed,,,0,0,,,,,1780935214831,1780935214831
670,0x55cceca9cbceae6f0fe7cea6a50427cec52fffa84cc4f880d626572e515a9cbe,"",client_a_preview,0,"","",LTC/USD,43208475764811563008,1780935160,failed,,,0,0,,,,,1780935214836,1780935214836
671,0xc7bbb7414f5936abc7c45b633ac61bf1cfaddc9e51d45ee62cd356f1c0455038,"",client_a_preview,0,"","",SHIB/USD,4772885731929,1780935120,failed,,,0,0,,,,,1780935214842,1780935214842
672,0xe56e01b816dbee1a0c126691774c6e634eba382bc63405532dac1a1d3ba52a82,"",client_a_preview,0,"","",USDT/USD,999470000000000000,1780935212,failed,,,0,0,,,,,1780935220724,1780935220724
673,0x7bbc6b660a41b86ed3b3eea4291ca7159bc8f75df15641e125720398cadcdb38,"",client_a_preview,0,"","",LTC/USD,43208475764811563008,1780935193,failed,,,0,0,,,,,1780935220732,1780935220732
674,0xe56e01b816dbee1a0c126691774c6e634eba382bc63405532dac1a1d3ba52a82,"",client_a_preview,0,"","",USDT/USD,999470000000000000,1780935212,failed,,,0,0,,,,,1780935231180,1780935231180
675,0x7bbc6b660a41b86ed3b3eea4291ca7159bc8f75df15641e125720398cadcdb38,"",client_a_preview,0,"","",LTC/USD,43208475764811563008,1780935193,failed,,,0,0,,,,,1780935231187,1780935231187
676,0xa8b4e3e3b319b95fdda77baa1eba3caf8fa51992aba5455e669d869e50b7d9db,97e5c500bdde7ab3a9bcfd33b3404ab958b4b3321e6c79dadfd8ef8df1d013f1,client_a_preview,0,"","",USDT/USD,"",0,confirmed,,,0,0,,,1780935265029,1780935298821,,1780935265029
677,0xf05b828eaf4fab2b30e23b5dfb6f93c883e0d97d77dd7a6c5de17cf90d2ea16d,cae2ee3a6517d2684893591d2859a50514e14df657615d0f9a77c7a5e871dbb1,client_a_preview,0,"","",LTC/USD,43208475764811563008,1780935278,confirmed,,,0,0,,,,1780935358935,1780935305699,1780935305699
678,0x93f9c89b8681eded65d55d45d15df861f5375219436e8c5f6dc988808ce77270,"",client_a_preview,0,"","",USDT/USD,999470000000000000,1780935296,failed,,,0,0,,,,,1780935305707,1780935305707
679,0x7171464f5b191fd7e3325fec138b02af246b2bbdef2811ec5ce0d680a386def1,"",client_a_preview,0,"","",LTC/USD,43205854116167929856,1780935333,failed,,,0,0,,,,,1780935364810,1780935364810
680,0x91122aaced7460f444b4a87435257244f4d6eb11674568d582c3b1073b78e442,"",client_a_preview,0,"","",BTC/USD,63823813062734716600320,1780935334,failed,,,0,0,,,,,1780935364817,1780935364817
681,0xc72e7f1dde16e00c9d018ebd835c131bc1f26f622e73f9e2481f2372b43779d1,"",client_a_preview,0,"","",ETH/USD,1692718038600700002304,1780935335,failed,,,0,0,,,,,1780935364836,1780935364836
682,0xe52c1afc1e07497501119ad2471ad964ee2dbfddc1645899e894a325fffa1411,316b4401306a7c3102bdbdb02c5858a62db7f28ba5f091b8f487e75985756bff,client_a_preview,0,"","",NEIRO/USD,"",0,confirmed,,,0,0,,,1780935508101,1780935569217,,1780935508101
683,0x48da9cb075e84f48ae58b54c0bd18b11b36b9eb2563f4e0aab6311d25b56994b,b09d0279b1feafccdd427576d1a99b06290a8cc10f3bb5bf29d3ec474661c778,client_a_preview,0,"","",USDC/USD,999700000000000000,1780935541,confirmed,,,0,0,,,,1780935661295,1780935576003,1780935576003
684,0x478e1e56f5671604ada4e7e141d30074512b3cccee5a60e68e881737d1e6af44,"",client_a_preview,0,"","",NEIRO/USD,67409378016697,1780935537,failed,,,0,0,,,,,1780935576010,1780935576010
685,0xe80032afe9e9bdb45a8c676be12484b8023fe4bbd31350a775da1904e6908c39,"",client_a_preview,0,"","",USDC/USD,999700000000000000,1780935627,failed,,,0,0,,,,,1780935668200,1780935668200
686,0xebbda277ff27401a301379e30a71c09719f1d7e3038975f8c86873316ef655b1,"",client_a_preview,0,"","",XVG/USD,2615968463286463,1780935631,failed,,,0,0,,,,,1780935668208,1780935668208
687,0xfa49cc7ccc304e60ee5fbeff6f5a2d5e5d25dfb00c17ef0683db6018ed356953,"",client_a_preview,0,"","",ARB/USD,83857670439697656,1780935654,failed,,,0,0,,,,,1780935668216,1780935668216
688,0x5b7ad3df13c340fdb297f90520108d1c7933a19ae64faf621e7c710e71ff76b5,09c7e8ebd922822dcffc91cdf389bb2203ecb90f541581948fb74dad39ae7852,client_a_preview,0,"","",XVG/USD,"",0,confirmed,,,0,0,,,1780935688882,1780935732295,,1780935688882
689,0x4f17cae4edc249f2f5dada07df4618c29080521cc9ae65868c452aca4b7c16fc,"",client_a_preview,0,"","",ARB/USD,83858880562382464,1780935691,failed,,,0,0,,,,,1780935739139,1780935739139
690,0x22421ecfa8a8491239b2b880e04e1cfad3fbfda83fb363c94c2ca5f3c1582118,"",client_a_preview,0,"","",XVG/USD,2615968463286463,1780935717,failed,,,0,0,,,,,1780935739148,1780935739148
691,0x130122e92b699bb91fa6d7e6219f10cc119b9f7a9b0d6036b66bb8a19439d503,"",client_a_preview,0,"","",ARB/USD,83859091688026912,1780935741,failed,,,0,0,,,,,1780935750883,1780935750883
692,0x130122e92b699bb91fa6d7e6219f10cc119b9f7a9b0d6036b66bb8a19439d503,"",client_a_preview,0,"","",ARB/USD,83859091688026912,1780935741,failed,,,0,0,,,,,1780935756768,1780935756768
693,0x21761c7abc65fe26ec5d1af8c03a51507ce5c5679b15ae490e691c259d3d10cd,"",client_a_preview,0,"","",DOGE/USD,87005109834461672,1780935768,failed,,,0,0,,,,,1780935782312,1780935782312
694,0x5155e5a2fa2275bca36f01d5f89cc400cdd16b75bbf53fecc9b8bf92419f0b84,f7c7e0b2863d32a4bb0e485f51ffc3abd448e53041c15c2bb39bf726dcc87044,client_a_preview,0,"","",ARB/USD,83859400118481848,1780935774,confirmed,,,0,0,,,,1780935872778,1780935782320,1780935782320
695,0x941ca68f487a63b8b2b54581cc940f649ebc155c31d67629323ea2dd0b629a67,"",client_a_preview,0,"","",SHIB/USD,4773195577746,1780935769,failed,,,0,0,,,,,1780935782325,1780935782325
696,0xe7cbe6c433d146f554974ca5bd8e6d5008cbc3eedb44d35f9bbb7122ec0d790e,f7c7e0b2863d32a4bb0e485f51ffc3abd448e53041c15c2bb39bf726dcc87044,client_a_preview,0,"","",DOGE/USD,"",0,confirmed,,,0,0,,,1780935825015,1780935872768,,1780935825015
697,0x7d27d38e3ad05d30217bfa361e9926ff95eaafbba94c783c55302859bfc9e3fc,f7c7e0b2863d32a4bb0e485f51ffc3abd448e53041c15c2bb39bf726dcc87044,client_a_preview,0,"","",SHIB/USD,"",0,confirmed,,,0,0,,,1780935825026,1780935872783,,1780935825026
698,0xa47756bc245ede28b19a7dc471507773407f0bba3483d68f144018a233bcb197,"",client_a_preview,0,"","",ARB/USD,83887058850000000,1780935860,failed,,,0,0,,,,,1780935878639,1780935878639
699,0x95fc775a35c991ed0e7555dab47f7d66f6349d9f38b3c5f8cf9f35700435dc55,"",client_a_preview,0,"","",DOGE/USD,87016486894784512,1780935854,failed,,,0,0,,,,,1780935878646,1780935878646
700,0x359461c9a77ba06c0c05dfb3773736e236c1fea66afffeb396bf5da68908161f,"",client_a_preview,0,"","",SHIB/USD,4773531095780,1780935855,failed,,,0,0,,,,,1780935878653,1780935878653
701,0xcb99278932dc59f7a6b4effbb4701e3c2af265a9f860ee0dabff644be75e1095,"",client_a_preview,0,"","",USDT/USD,999470000000000000,1780935891,failed,,,0,0,,,,,1780935927403,1780935927403
702,0x16930c19e26ffa72c8b62f7f4453b0ae49b677db79c05ddd068bebec90eb18d9,542c104d7c128c90cf59f27a2b87c28297b51417b0cbaa4088a717a491068d0b,client_a_preview,0,"","",USDT/USD,"",0,confirmed,,,0,0,,,1780935945005,1780935989250,,1780935945005
703,0x9070d2519afd24c6d210d4a07f4131500577bbf8f108e35c61266c52463a6dc2,"",client_a_preview,0,"","",USDT/USD,999470000000000000,1780935977,failed,,,0,0,,,,,1780935994101,1780935994101
704,0x67a1c1b9b127d2c7569cbbf1ffe4add8cc3d58ca80dca85a4815c02ca0f592ee,73c2861b9d65f01b4ac07f4d5f5c5bdad51b923fcc24cb33c99644f3852ef294,client_a_preview,0,"","",LTC/USD,43219116915012423680,1780935960,confirmed,,,0,0,,,,1780936079146,1780935994109,1780935994109
705,0xad8eb145938099636e36fb036745debe7caa59c8ed477d5c25ec31de104633c3,73c2861b9d65f01b4ac07f4d5f5c5bdad51b923fcc24cb33c99644f3852ef294,client_a_preview,0,"","",BTC/USD,63822154217250004926464,1780935961,confirmed,,,0,0,,,,1780936079127,1780935994116,1780935994116
706,0x81489169d426aa0d161d1904df26d37a9975a978a1e2ecc6cb222415b625597e,73c2861b9d65f01b4ac07f4d5f5c5bdad51b923fcc24cb33c99644f3852ef294,client_a_preview,0,"","",ETH/USD,1693187648695765565440,1780935962,confirmed,,,0,0,,,,1780936079138,1780935994124,1780935994124
707,0x382089b66398a9dc840deb012d8f77a91fc9693cbc0d4e5e97601413c1bca36e,"",client_a_preview,0,"","",LTC/USD,43224131282893594624,1780936047,failed,,,0,0,,,,,1780936086988,1780936086988
708,0x228a80ab6dc9c049a90efc991a8b0248eb1d66644d7dd9e2b1c2dbdc840c5e5c,"",client_a_preview,0,"","",BTC/USD,63824863447694683668480,1780936048,failed,,,0,0,,,,,1780936086995,1780936086995
709,0x746d77671695ce76ebc64fb1b02ec459a636d131f1826fb6de2afa0769df2fe8,"",client_a_preview,0,"","",ETH/USD,1693339502175000199168,1780936049,failed,,,0,0,,,,,1780936087002,1780936087002
710,0xccc6074ada9dac38dcbaea509bb345c73e3423b0eb7ba5a6e8994241d2c2483e,"",client_a_preview,0,"","",NEIRO/USD,67490892708596,1780936051,failed,,,0,0,,,,,1780936087007,1780936087007
711,0xa73d4473719f6a194accce8ea5f5fcb89a5fdf3cfb351f30f9d516b6a43879aa,d548882898c78fee3afcf08a7c81301a7f02e38405c81c709035e3115462c30d,client_a_preview,0,"","",NEIRO/USD,"",0,confirmed,,,0,0,,,1780936108466,1780936137883,,1780936108466
712,0xa46cdb21d5464051abf3195bc5d84986c6dc3d1316475348ca118b3ed71075e9,"",client_a_preview,0,"","",NEIRO/USD,67614145500000,1780936223,failed,,,0,0,,,,,1780936233609,1780936233609
713,0x5a611e6e2e5d0fc9029e655e7a24d92b1af9848e42fcf1665f9076d0dde7d5e5,b39f46013557832a80fdb7636aecdac95b5d1cc052fad957bd855d08d370f77a,client_a_preview,0,"","",NEIRO/USD,"",0,confirmed,,,0,0,,,1780936282683,1780936329378,,1780936282683
714,0x2cdea0cf93faeeba53cc5913e5336ece8f6b46d7e1d21170157901481b17205d,"",client_a_preview,0,"","",USDC/USD,999699915975000128,1780936316,failed,,,0,0,,,,,1780936336156,1780936336156
715,0x36056f74a57d3d2a02d65398398bd37b16c42573d99be59db4042baf7f652e49,"",client_a_preview,0,"","",NEIRO/USD,67731583225000,1780936311,failed,,,0,0,,,,,1780936336165,1780936336165
716,0xf39da10631fc1115c23ba303bd33ced4c9fa228314cd12abce64523d3c90f8c7,0a42503caeb235cc8f690dea2517229ea1175304ec4543a191db44bc161ced53,client_a_preview,0,"","",NEIRO/USD,"",0,confirmed,,,0,0,,,1780936366709,1780936412549,,1780936366709
717,0xabf4ffbc577983c3309ed89010743ccd16f092fd0b2a78e72ef8975ae47803b9,"",client_a_preview,0,"","",USDC/USD,999699878100000000,1780936399,failed,,,0,0,,,,,1780936419242,1780936419242
718,0xb546091cb145fc05c6d670050432f54bf7028409582bc510bbbf656f7b06eb2e,"",client_a_preview,0,"","",XVG/USD,2616685728202294,1780936405,failed,,,0,0,,,,,1780936419247,1780936419247
719,0x17fa03c7af6d7229eac881db3983c3083f695d85fadc02129f0c3e7d38aa1c06,"",client_a_preview,0,"","",NEIRO/USD,67816538175000,1780936395,failed,,,0,0,,,,,1780936419255,1780936419255
720,0xabf4ffbc577983c3309ed89010743ccd16f092fd0b2a78e72ef8975ae47803b9,"",client_a_preview,0,"","",USDC/USD,999699878100000000,1780936399,failed,,,0,0,,,,,1780936426095,1780936426095
721,0xb546091cb145fc05c6d670050432f54bf7028409582bc510bbbf656f7b06eb2e,"",client_a_preview,0,"","",XVG/USD,2616685728202294,1780936405,failed,,,0,0,,,,,1780936426102,1780936426102
722,0xa17f2f7e36a815b8f4719640ea2cac8b77c50bd25567f1d239d8068e452bcb0d,50eb8e94dee9499e26cbd43a66c444c4ac3df7f8d26e284835b2321e82acd273,client_a_preview,0,"","",NEIRO/USD,"",0,confirmed,,,0,0,,,1780936452011,1780936475059,,1780936452011
723,0xb4013f7c742f594e4aa9445f14d1ae9e2e4c24959bf44cdeba58826d7b5c6810,"",client_a_preview,0,"","",XVG/USD,2616688207068271,1780936438,failed,,,0,0,,,,,1780936481919,1780936481919
724,0xe08862ec4ea28a2f9276367457cc63cf949cb77aa43123e309b2d0246db7aaea,"",client_a_preview,0,"","",USDC/USD,999699878100000000,1780936452,failed,,,0,0,,,,,1780936481926,1780936481926
725,0x832cfffda9ff3c2e55b6f23852159849a9e06e7e6266cac8e2513b7f8c6d8019,84fefdfa990f5044c0d15ab284d79c463537b251aa68d3436a748daedd78470d,client_a_preview,0,"","",USDC/USD,"",0,confirmed,,,0,0,,,1780936508281,1780936542820,,1780936508281
726,0x78f1a7e83351e91511863a2f949807722ed18689be546fbb13af32757ec9bca2,"",client_a_preview,0,"","",DOGE/USD,87093815800000000,1780936490,failed,,,0,0,,,,,1780936550534,1780936550534
727,0x878850bc7fc64b854b6c9ce4ccbc566ec64498891e3a89475729ce01af1ae68f,"",client_a_preview,0,"","",XVG/USD,2616690832558466,1780936525,failed,,,0,0,,,,,1780936550543,1780936550543
728,0x857755f7d4e56045c50744bdc4e5639401517953e208b292da27f017b04290ca,"",client_a_preview,0,"","",SHIB/USD,4774330209810,1780936491,failed,,,0,0,,,,,1780936550559,1780936550559
729,0x99fcf9ec0de1e1f625e6b594b91d8a54ef9a988cce0a0316660c9d3752dfd9e1,"",client_a_preview,0,"","",USDC/USD,999696019735153024,1780936537,failed,,,0,0,,,,,1780936550564,1780936550564
730,0xa635e93a439fdda47a3803248c5aae7dfc6652757cedaf68f8e3cac4afdc570b,"",client_a_preview,0,"","",ARB/USD,83900000000000000,1780936515,failed,,,0,0,,,,,1780936550573,1780936550573
731,0xeddb62c3c5daf419dc4cbeec3c40d27e548406c52d71204c29e438773c988baa,"",client_a_preview,0,"","",DOGE/USD,87093815800000000,1780936542,failed,,,0,0,,,,,1780936556375,1780936556375
732,0x618046bd2fca64ee553612deb3711d72f8db8b14123bff3b32a0c8dba21e8426,"",client_a_preview,0,"","",SHIB/USD,4773531095780,1780936543,failed,,,0,0,,,,,1780936556382,1780936556382
733,0xb8a664922a865394eb1f90c8a29a53bf65cfcc3bcdfb0e70e8f582849be230b2,3f34d4c91d308882811578efa9d32c1386685423e2b12c4aaa177c66fe050823,client_a_preview,0,"","",ARB/USD,"",0,confirmed,,,0,0,,,1780936573774,1780936632080,,1780936573774
734,0x3706f1a445f9849adfe51692b0631cf724360ecba4800066292516241202ef62,"",client_a_preview,0,"","",DOGE/USD,87093815800000000,1780936626,failed,,,0,0,,,,,1780936637910,1780936637910
735,0xaba32ae20302ce53462882e689f6b3c74c7ab25fbad08acc1d0a43410b59b198,"",client_a_preview,0,"","",ARB/USD,83881641800000000,1780936599,failed,,,0,0,,,,,1780936637917,1780936637917
736,0x27e391d16a60cacc0e0de8201bd8c12b86e4f216dd35d6e4d2c5ce0f89259579,"",client_a_preview,0,"","",SHIB/USD,4772899692500,1780936628,failed,,,0,0,,,,,1780936637922,1780936637922
737,0xec110391a5d4a19480b4f9413d3ad2be57225df5891ee8ffd4dfc874ada1b77f,"",client_a_preview,0,"","",XVG/USD,2617076023774038,1780936611,failed,,,0,0,,,,,1780936637929,1780936637929
738,0x45a0b2ff2bbb80b75747ea78839d4d57086a1c12b41a14edb7591030e525103d,"",client_a_preview,0,"","",NEIRO/USD,67958962650000,1780936602,failed,,,0,0,,,,,1780936637934,1780936637934
739,0x7435250d7fd31ea21bc20da8f3f63772e7f50f8619c94dc25b230b056f644053,"",client_a_preview,0,"","",USDT/USD,999470000000000000,1780936613,failed,,,0,0,,,,,1780936637941,1780936637941
740,0x7435250d7fd31ea21bc20da8f3f63772e7f50f8619c94dc25b230b056f644053,"",client_a_preview,0,"","",USDT/USD,999470000000000000,1780936613,failed,,,0,0,,,,,1780936653243,1780936653243
741,0x3706f1a445f9849adfe51692b0631cf724360ecba4800066292516241202ef62,"",client_a_preview,0,"","",DOGE/USD,87093815800000000,1780936626,failed,,,0,0,,,,,1780936653252,1780936653252
742,0x27e391d16a60cacc0e0de8201bd8c12b86e4f216dd35d6e4d2c5ce0f89259579,"",client_a_preview,0,"","",SHIB/USD,4772899692500,1780936628,failed,,,0,0,,,,,1780936653267,1780936653267
743,0xec110391a5d4a19480b4f9413d3ad2be57225df5891ee8ffd4dfc874ada1b77f,"",client_a_preview,0,"","",XVG/USD,2617076023774038,1780936611,failed,,,0,0,,,,,1780936653274,1780936653274
744,0xf652b96060e14358147530fe12e01d6992b95bd0a8a6cfcfd37f40c797e8d741,"",client_a_preview,0,"","",NEIRO/USD,67971456025000,1780936650,failed,,,0,0,,,,,1780936659096,1780936659096
745,0x5c045409e578a36e0568ad5c40d196a1478c92c0c4f1c3bb00d696ac2f132c5e,"",client_a_preview,0,"","",XVG/USD,2617536559442235,1780936660,failed,,,0,0,,,,,1780936669917,1780936669917
746,0xd91a233fd91095c18054c36e8e375b724e0ccf042ff002f554db9f834404280b,"",client_a_preview,0,"","",DOGE/USD,87093815800000000,1780936662,failed,,,0,0,,,,,1780936669922,1780936669922
747,0x516dd5bf1620ae8135163f8e4e2d99ea349a35b1a15d8c62dba44518398e8f4d,"",client_a_preview,0,"","",USDT/USD,999470000000000000,1780936662,failed,,,0,0,,,,,1780936675838,1780936675838
748,0x44e32b93d06fa9af556fbf0e6e568b28165dabe546856ea1094e0924faf69b55,"",client_a_preview,0,"","",SHIB/USD,4772469250000,1780936663,failed,,,0,0,,,,,1780936675845,1780936675845
749,0x516dd5bf1620ae8135163f8e4e2d99ea349a35b1a15d8c62dba44518398e8f4d,"",client_a_preview,0,"","",USDT/USD,999470000000000000,1780936662,failed,,,0,0,,,,,1780936681460,1780936681460
750,0xd91a233fd91095c18054c36e8e375b724e0ccf042ff002f554db9f834404280b,"",client_a_preview,0,"","",DOGE/USD,87093815800000000,1780936662,failed,,,0,0,,,,,1780936681466,1780936681466
751,0x44e32b93d06fa9af556fbf0e6e568b28165dabe546856ea1094e0924faf69b55,"",client_a_preview,0,"","",SHIB/USD,4772469250000,1780936663,failed,,,0,0,,,,,1780936681474,1780936681474
752,0x5c045409e578a36e0568ad5c40d196a1478c92c0c4f1c3bb00d696ac2f132c5e,"",client_a_preview,0,"","",XVG/USD,2617536559442235,1780936660,failed,,,0,0,,,,,1780936681481,1780936681481
753,0xa4098db0dcd5183f63308b9d7418f918ae0b810f4f00bd854c795b98169b013c,1c809be104b56ef17a0e9900fd6c9f2fbdc13f30c1943ca5a4b06337cc9077f4,client_a_preview,0,"","",NEIRO/USD,"",0,confirmed,,,0,0,,,1780936708835,1780936743494,,1780936708835
754,0x78905946d95dc7c56b24d559eeea49716132eaab1a093d1c21129d1552db6eb1,"",client_a_preview,0,"","",XVG/USD,2617618477499999,1780936696,failed,,,0,0,,,,,1780936753141,1780936753141
755,0x6cc134f647acde216951b4d9d42f1fb4ca14e591e569e704956fc91ae5c689a8,"",client_a_preview,0,"","",USDT/USD,999470000000000000,1780936698,failed,,,0,0,,,,,1780936753151,1780936753151
756,0x644b3b672b4c3c1c09121c5edb00f30cd2e2e18119f7d91ab615409a09d28086,"",client_a_preview,0,"","",LTC/USD,43197363524999999488,1780936737,failed,,,0,0,,,,,1780936753158,1780936753158
757,0xc337b19c8e36011ed2855c19149c90c06156c01b3ac24fb9619c43907994631a,"",client_a_preview,0,"","",BTC/USD,63819892368750009122816,1780936739,failed,,,0,0,,,,,1780936753165,1780936753165
758,0xc5d538b7b8324a917d2c6f692cf98e1ca6d6427a9a29b0003d7682ded117c56c,"",client_a_preview,0,"","",ETH/USD,1694648924975000059904,1780936740,failed,,,0,0,,,,,1780936753170,1780936753170
759,0xf3393882e3221300a962a744df0e1014bd72e92f960d3c061cb684c630d96f0b,"",client_a_preview,0,"","",DOGE/USD,87093815800000000,1780936712,failed,,,0,0,,,,,1780936753177,1780936753177
760,0x16ef06c2fea546aaf1e9b1294e4ffd27f67745b753e616f7ebdb9a1c90d34dd4,"",client_a_preview,0,"","",SHIB/USD,4772267127500,1780936714,failed,,,0,0,,,,,1780936753184,1780936753184
761,0x715c32669ebba0beb8efe1efa688a531df051b7531828d4b444189c04ecf3fbc,"",client_a_preview,0,"","",DOGE/USD,87093815800000000,1780936751,failed,,,0,0,,,,,1780936763011,1780936763011
762,0x44bb3e391aa0b195d79793431094aef3c9fb3e4ec3d0195328d6a638c9e51743,"",client_a_preview,0,"","",SHIB/USD,4771518940000,1780936752,failed,,,0,0,,,,,1780936763018,1780936763018
763,0xb49df5e7e6db1ddc32b1a00ba43810771862e6fa69f0997ccc972eddc9388088,"",client_a_preview,0,"","",XVG/USD,2617709835720413,1780936753,failed,,,0,0,,,,,1780936763029,1780936763029
764,0x1d69ac278237f33c0fa8a088a3155cf9af424ce04ce5600b72dac3523224792d,"",client_a_preview,0,"","",USDT/USD,999470000000000000,1780936755,failed,,,0,0,,,,,1780936768819,1780936768819
765,0xc337b19c8e36011ed2855c19149c90c06156c01b3ac24fb9619c43907994631a,"",client_a_preview,0,"","",BTC/USD,63819892368750009122816,1780936739,failed,,,0,0,,,,,1780936768827,1780936768827
766,0xc5d538b7b8324a917d2c6f692cf98e1ca6d6427a9a29b0003d7682ded117c56c,"",client_a_preview,0,"","",ETH/USD,1694648924975000059904,1780936740,failed,,,0,0,,,,,1780936768834,1780936768834
767,0x715c32669ebba0beb8efe1efa688a531df051b7531828d4b444189c04ecf3fbc,"",client_a_preview,0,"","",DOGE/USD,87093815800000000,1780936751,failed,,,0,0,,,,,1780936768841,1780936768841
768,0x644b3b672b4c3c1c09121c5edb00f30cd2e2e18119f7d91ab615409a09d28086,"",client_a_preview,0,"","",LTC/USD,43197363524999999488,1780936737,failed,,,0,0,,,,,1780936768849,1780936768849
769,0x44bb3e391aa0b195d79793431094aef3c9fb3e4ec3d0195328d6a638c9e51743,"",client_a_preview,0,"","",SHIB/USD,4771518940000,1780936752,failed,,,0,0,,,,,1780936768854,1780936768854
770,0xb49df5e7e6db1ddc32b1a00ba43810771862e6fa69f0997ccc972eddc9388088,"",client_a_preview,0,"","",XVG/USD,2617709835720413,1780936753,failed,,,0,0,,,,,1780936768861,1780936768861
771,0xdf627cad351aae0c7fbe4da906d32b7a3af4f0e52ed8d61cc721dc21a9ed22d3,"",client_a_preview,0,"","",XVG/USD,2618136029941205,1780936786,failed,,,0,0,,,,,1780936799197,1780936799197
772,0xc337b19c8e36011ed2855c19149c90c06156c01b3ac24fb9619c43907994631a,"",client_a_preview,0,"","",BTC/USD,63819892368750009122816,1780936739,failed,,,0,0,,,,,1780936799204,1780936799204
773,0xc5d538b7b8324a917d2c6f692cf98e1ca6d6427a9a29b0003d7682ded117c56c,"",client_a_preview,0,"","",ETH/USD,1694648924975000059904,1780936740,failed,,,0,0,,,,,1780936799211,1780936799211
774,0x1d69ac278237f33c0fa8a088a3155cf9af424ce04ce5600b72dac3523224792d,"",client_a_preview,0,"","",USDT/USD,999470000000000000,1780936755,failed,,,0,0,,,,,1780936799217,1780936799217
775,0x715c32669ebba0beb8efe1efa688a531df051b7531828d4b444189c04ecf3fbc,"",client_a_preview,0,"","",DOGE/USD,87093815800000000,1780936751,failed,,,0,0,,,,,1780936799224,1780936799224
776,0x644b3b672b4c3c1c09121c5edb00f30cd2e2e18119f7d91ab615409a09d28086,"",client_a_preview,0,"","",LTC/USD,43197363524999999488,1780936737,failed,,,0,0,,,,,1780936799229,1780936799229
777,0x44bb3e391aa0b195d79793431094aef3c9fb3e4ec3d0195328d6a638c9e51743,"",client_a_preview,0,"","",SHIB/USD,4771518940000,1780936752,failed,,,0,0,,,,,1780936799234,1780936799234
778,0x3501e954dfe8f1bf083897ce3f064ad4e61ed6d86db289b0bf7d06c9abc1c5f8,"",client_a_preview,0,"","",USDT/USD,999470000000000000,1780936788,failed,,,0,0,,,,,1780936805021,1780936805021
779,0x7730c0b980a965c4e32489e70840c6bf61f75a453fb3f27dd402619456b6fe03,"",client_a_preview,0,"","",LTC/USD,43197093399999995904,1780936793,failed,,,0,0,,,,,1780936805028,1780936805028
780,0xe97eea9ff30aa983b0d81da6f28961e86fb7d7481edd99e8429248a4765c77d2,"",client_a_preview,0,"","",BTC/USD,63819892368750009122816,1780936794,failed,,,0,0,,,,,1780936805037,1780936805037
781,0x32aa03c8224fd50d0c2ecade3f4fe9a7b5cfab5581f7ddb0e4e823c1336488e5,"",client_a_preview,0,"","",ETH/USD,1694648924975000059904,1780936795,failed,,,0,0,,,,,1780936805046,1780936805046
782,0x1fe5148113507f17ae4b976de46d079d8f2b6002c0240a45f7da1a460b6f80f6,"",client_a_preview,0,"","",DOGE/USD,87093815800000000,1780936806,failed,,,0,0,,,,,1780936815994,1780936815994
783,0xc8dd058d11a7baac4d1ef39a5326f3fcc07626e367b59ae9c5511ce5bddb9442,"",client_a_preview,0,"","",SHIB/USD,4771244398643,1780936807,failed,,,0,0,,,,,1780936816002,1780936816002
784,0xe97eea9ff30aa983b0d81da6f28961e86fb7d7481edd99e8429248a4765c77d2,"",client_a_preview,0,"","",BTC/USD,63819892368750009122816,1780936794,failed,,,0,0,,,,,1780936826403,1780936826403
785,0x32aa03c8224fd50d0c2ecade3f4fe9a7b5cfab5581f7ddb0e4e823c1336488e5,"",client_a_preview,0,"","",ETH/USD,1694648924975000059904,1780936795,failed,,,0,0,,,,,1780936826408,1780936826408
786,0x3501e954dfe8f1bf083897ce3f064ad4e61ed6d86db289b0bf7d06c9abc1c5f8,"",client_a_preview,0,"","",USDT/USD,999470000000000000,1780936788,failed,,,0,0,,,,,1780936826417,1780936826417
787,0x1fe5148113507f17ae4b976de46d079d8f2b6002c0240a45f7da1a460b6f80f6,"",client_a_preview,0,"","",DOGE/USD,87093815800000000,1780936806,failed,,,0,0,,,,,1780936826424,1780936826424
788,0x7730c0b980a965c4e32489e70840c6bf61f75a453fb3f27dd402619456b6fe03,"",client_a_preview,0,"","",LTC/USD,43197093399999995904,1780936793,failed,,,0,0,,,,,1780936826432,1780936826432
789,0xc8dd058d11a7baac4d1ef39a5326f3fcc07626e367b59ae9c5511ce5bddb9442,"",client_a_preview,0,"","",SHIB/USD,4771244398643,1780936807,failed,,,0,0,,,,,1780936826439,1780936826439
790,0xdf627cad351aae0c7fbe4da906d32b7a3af4f0e52ed8d61cc721dc21a9ed22d3,"",client_a_preview,0,"","",XVG/USD,2618136029941205,1780936786,failed,,,0,0,,,,,1780936826444,1780936826444
791,0xadd6618e357ae15c618d64ddc964bba6ebb65283b477390e1fd224a8f7f465e2,d246a46b7d79f12e502cebb8d2c9d27d2f3aa60329949820d81c4b2e7531d2c8,client_a_preview,0,"","",LTC/USD,"",0,confirmed,,,0,0,,,1780936847141,1780936917345,,1780936847141
792,0x8fcc4dfc38d0fae3cc97f0a30cdc03dbc8c37d8ac02bd19b2ad4dc3c7f386dc1,d246a46b7d79f12e502cebb8d2c9d27d2f3aa60329949820d81c4b2e7531d2c8,client_a_preview,0,"","",BTC/USD,"",0,confirmed,,,0,0,,,1780936847152,1780936917358,,1780936847152
793,0x19d6f2e2b769a5c7ff55fc987a39c72ed4c3a08e73ba73428345072fe484a017,"",client_a_preview,0,"","",ETH/USD,1694648924975000059904,1780936911,failed,,,0,0,,,,,1780936924140,1780936924140
794,0x3459238f59d433bac7a9f27a9a0b45ae77767587084e929d2a1bfbd9c2a26392,"",client_a_preview,0,"","",NEIRO/USD,68093891099999,1780936861,failed,,,0,0,,,,,1780936924147,1780936924147
795,0x67c64bc829257fa6fa77127df2141675bb78a110d192223c8e5b5e54f884d7f1,"",client_a_preview,0,"","",DOGE/USD,87093815800000000,1780936893,failed,,,0,0,,,,,1780936924157,1780936924157
796,0x43e3cce738cd1388afe6781c44dbddb4dea8b6782de53e183542d10f2240be82,"",client_a_preview,0,"","",SHIB/USD,4770720177500,1780936894,failed,,,0,0,,,,,1780936924165,1780936924165
797,0x2b5b0c7ea3ff68e8561c10292dc8b108d61fc65cb2163c80473c69e4d859dd51,"",client_a_preview,0,"","",XVG/USD,2618634325000000,1780936871,failed,,,0,0,,,,,1780936924172,1780936924172
798,0xc8d8cfad07b1c5e0c1eeb25d42fa8512ab6d2b0a1dfcc3e732227c4767bd7e61,"",client_a_preview,0,"","",USDT/USD,999470000000000000,1780936873,failed,,,0,0,,,,,1780936924181,1780936924181
799,0xf7b214d9e053151f1058ad7fe34946422c87595238141174934d39c9dd58a0b7,"",client_a_preview,0,"","",BTC/USD,63819496342375010140160,1780936910,failed,,,0,0,,,,,1780936924188,1780936924188
800,0x626d461af615483d487eae71179806be0e16c1eb020515a20609cb9a4b15e9c6,"",client_a_preview,0,"","",LTC/USD,43193048290000003072,1780936909,failed,,,0,0,,,,,1780936924195,1780936924195
801,0xf32254bea49c8b47fc764a7d8eafacf555ec01dfe805dde0d7a3017812b986a1,"",client_a_preview,0,"","",NEIRO/USD,68111381824999,1780936918,failed,,,0,0,,,,,1780936930041,1780936930041
802,0xefcc8483c455b9594095156479bc6e7d5c6ddfe910332bcf68d1fc2779b996eb,"",client_a_preview,0,"","",DOGE/USD,87093815800000000,1780936922,failed,,,0,0,,,,,1780936937811,1780936937811
803,0x9fe4bda2439b9f8edd7a4a06711d721d50b408a01c4c5bab4c04e3466b6cbc97,"",client_a_preview,0,"","",SHIB/USD,4770470310000,1780936923,failed,,,0,0,,,,,1780936937818,1780936937818
804,0x5895508a5353ce09aaf63174bf5fb9d4bb9fc831564d78d414122c5809788419,"",client_a_preview,0,"","",XVG/USD,2618665327494341,1780936927,failed,,,0,0,,,,,1780936937823,1780936937823
805,0x6f9895f562b3b3205cab2718ed55c726baedc09ffaacfaedd972b55f55e84af1,"",client_a_preview,0,"","",USDT/USD,999470000000000000,1780936930,failed,,,0,0,,,,,1780936943637,1780936943637
806,0x19d6f2e2b769a5c7ff55fc987a39c72ed4c3a08e73ba73428345072fe484a017,"",client_a_preview,0,"","",ETH/USD,1694648924975000059904,1780936911,failed,,,0,0,,,,,1780936943645,1780936943645
807,0xefcc8483c455b9594095156479bc6e7d5c6ddfe910332bcf68d1fc2779b996eb,"",client_a_preview,0,"","",DOGE/USD,87093815800000000,1780936922,failed,,,0,0,,,,,1780936943651,1780936943651
808,0x9fe4bda2439b9f8edd7a4a06711d721d50b408a01c4c5bab4c04e3466b6cbc97,"",client_a_preview,0,"","",SHIB/USD,4770470310000,1780936923,failed,,,0,0,,,,,1780936943658,1780936943658
809,0x5895508a5353ce09aaf63174bf5fb9d4bb9fc831564d78d414122c5809788419,"",client_a_preview,0,"","",XVG/USD,2618665327494341,1780936927,failed,,,0,0,,,,,1780936943663,1780936943663
810,0x2139f7d56c5af8e4f58a84f8c43ce73faedc06000ac503353fa12b99e10ab68f,9b28990e901765b9b81c655a78fad11b23d243e82d5bedff7bc0e38e37fbe48c,client_a_preview,0,"","",NEIRO/USD,"",0,confirmed,,,0,0,,,1780936970487,1780937005696,,1780936970487
811,0x686f6568dbd6a2db04c3f677e5bf0d1d76a4b4604d50af1f1aa9f120e0f37de6,"",client_a_preview,0,"","",XVG/USD,2618668528547799,1780936957,failed,,,0,0,,,,,1780937013540,1780937013540
812,0xe842545671ce69d15a44ac69b3aab37066b402c47a87a51b7b4eb18a3c59f988,"",client_a_preview,0,"","",USDT/USD,999470000000000000,1780936959,failed,,,0,0,,,,,1780937013553,1780937013553
813,0xabdfb72991e85d825045c9df9c504d7f10f7052f41c7546dbede027c0990072a,"",client_a_preview,0,"","",ETH/USD,1694454537145453903872,1780936999,failed,,,0,0,,,,,1780937013564,1780937013564
814,0x7b75b0b80082353e10210e8f0748589575a636a35590773f2bc2a35abd5ac3aa,"",client_a_preview,0,"","",DOGE/USD,87092066727500000,1780936980,failed,,,0,0,,,,,1780937013571,1780937013571
815,0x853ba2d99b3087fcabd952dbbccca98ff4a0cc5ea295bb25f4275aa634e64744,"",client_a_preview,0,"","",SHIB/USD,4770000000000,1780936981,failed,,,0,0,,,,,1780937013578,1780937013578
816,0x914296b8fdf17346f5e2a24fbe15d3aa60e14787e6a3f1e2e53ec7f263233599,fdb33ad117bf99ff3f62df9bf22972818fdac621b208964f5f8146fe3c270325,client_a_preview,0,"","",DOGE/USD,"",0,confirmed,,,0,0,,,1780937032519,1780937066132,,1780937032519
817,0xf09d16c9f453c0ce98d677261ca8c645de609850374f2d892e0d548822ae5971,fdb33ad117bf99ff3f62df9bf22972818fdac621b208964f5f8146fe3c270325,client_a_preview,0,"","",SHIB/USD,"",0,confirmed,,,0,0,,,1780937032532,1780937066149,,1780937032532
818,0x8fce695b28456f6ef49d16e5447c7542c7e55ec37448dbea95f853cad9afa6ad,"",client_a_preview,0,"","",XVG/USD,2618710080229221,1780937044,failed,,,0,0,,,,,1780937074153,1780937074153
819,0x854b86d194843bcb76a4af27b0e36658400527f9d88f6d28b83589ea691f57c2,"",client_a_preview,0,"","",USDT/USD,999470000000000000,1780937047,failed,,,0,0,,,,,1780937074163,1780937074163
820,0xda9f736737c9910f8bfb11138762c3d4fdd1aedc335c6db9be82f115f057efac,"",client_a_preview,0,"","",ETH/USD,1694196599650000044032,1780937056,failed,,,0,0,,,,,1780937074170,1780937074170
821,0x914296b8fdf17346f5e2a24fbe15d3aa60e14787e6a3f1e2e53ec7f263233599,"",client_a_preview,0,"","",DOGE/USD,87082072027500008,1780937010,failed,,,0,0,,,,,1780937074175,1780937074175
822,0xf09d16c9f453c0ce98d677261ca8c645de609850374f2d892e0d548822ae5971,"",client_a_preview,0,"","",SHIB/USD,4770000000000,1780937011,failed,,,0,0,,,,,1780937074182,1780937074182
823,0xda9f736737c9910f8bfb11138762c3d4fdd1aedc335c6db9be82f115f057efac,"",client_a_preview,0,"","",ETH/USD,1694196599650000044032,1780937056,failed,,,0,0,,,,,1780937087384,1780937087384
824,0x854b86d194843bcb76a4af27b0e36658400527f9d88f6d28b83589ea691f57c2,"",client_a_preview,0,"","",USDT/USD,999470000000000000,1780937047,failed,,,0,0,,,,,1780937087389,1780937087389
825,0x8fce695b28456f6ef49d16e5447c7542c7e55ec37448dbea95f853cad9afa6ad,"",client_a_preview,0,"","",XVG/USD,2618710080229221,1780937044,failed,,,0,0,,,,,1780937087396,1780937087396
826,0xd504c5b340604eafa3887f8ca67a5f630c6e4910a7ecedba11efefe376588e9b,42c00a006c3f6704b187ee51faa10c7aa9b794374d1d7531e9cf8cb967c33859,client_a_preview,0,"","",ETH/USD,"",0,confirmed,,,0,0,,,1780937104889,1780937171709,,1780937104889
827,0x552d5f8abb0a9f4326749abf150563d4d7ca3cfe95a7d8092caba4e8e0398c61,"",client_a_preview,0,"","",XVG/USD,2619669768525234,1780937129,failed,,,0,0,,,,,1780937179725,1780937179725
828,0xc88ce28f7ebc3d0ef7b2764681605f9310de984975a943fc5483a69a48741b94,"",client_a_preview,0,"","",USDT/USD,999470000000000000,1780937132,failed,,,0,0,,,,,1780937179732,1780937179732
829,0x14150a14e535bb8f7c758f3974c2e01b3c290b95c975e6823e3ad3e5328f68e2,"",client_a_preview,0,"","",ETH/USD,1694196599650000044032,1780937141,failed,,,0,0,,,,,1780937179741,1780937179741
830,0x458b18e1f180c343066bfee29788392357cb01e8e644c3e8e553f21abe674fa1,"",client_a_preview,0,"","",USDC/USD,999684947000000000,1780937146,failed,,,0,0,,,,,1780937179749,1780937179749
831,0x6e6e8ec22f06f00c1d960fcb2a54b2cfcc0149d932cfd9106a9134af1f9570bf,8e972ce226a99117082e8adbd47b7b74539fcd26e07f0bdf24be09ae4f25d5d9,client_a_preview,0,"","",USDC/USD,"",0,confirmed,,,0,0,,,1780937197495,1780937288525,,1780937197495
832,0xf50d1d55b5972ff764cfe9a7bc550117ac5afe924f143305b9d4a57a09918159,"",client_a_preview,0,"","",XVG/USD,2620727873758130,1780937270,failed,,,0,0,,,,,1780937294319,1780937294319
833,0x22f65cc7bf19205a4cd984c3bb789c968346fa0907bf8139a48d14c1edc40669,"",client_a_preview,0,"","",USDT/USD,999470000000000000,1780937273,failed,,,0,0,,,,,1780937294336,1780937294336
834,0x8a56076a85a9ea901e2adafc402b235bbbacbaba37acac9c4c1cc39c12ab4e86,"",client_a_preview,0,"","",USDC/USD,999684947000000000,1780937262,failed,,,0,0,,,,,1780937294341,1780937294341
835,0x4e1c1b13d0131e0c640a656d6a75062d5a4cee58a07b66103b858ba6c32266b9,"",client_a_preview,0,"","",NEIRO/USD,68238814250000,1780937261,failed,,,0,0,,,,,1780937294348,1780937294348
836,0x5137e0ad37c0c5d2d9f7d87dc41d9f275afdbcc4f4d1a84977d8b78df1e49c32,"",client_a_preview,0,"","",ARB/USD,83841663000000016,1780937239,failed,,,0,0,,,,,1780937294354,1780937294354
837,0x0430715840d8d7fe3bd37936ee7ac6a266e182b202026d0c745c98ec0e6fe292,fd2510bb1e5dc643c8e5a3a5efd264a83d2c547231c31168fe81ecb8d618cfea,client_a_preview,0,"","",NEIRO/USD,"",0,confirmed,,,0,0,,,1780937312175,1780937341039,,1780937312175
838,0x3cf05e3d9fa975f77382b7e6435125948f25ef920d2521c043538b52c904f0f9,9c128369ea05324bad792d2f9ff4d86bff377866e1dd78e0153c35a626338e1d,client_a_preview,0,"","",ARB/USD,"",0,confirmed,,,0,0,,,1780937360243,1780937440053,,1780937360243
839,0x7c3c94862ae09bf76a9a2575bca3249dea4465bf86d06f3b967611d3314176fe,9c128369ea05324bad792d2f9ff4d86bff377866e1dd78e0153c35a626338e1d,client_a_preview,0,"","",XVG/USD,"",0,confirmed,,,0,0,,,1780937360253,1780937440061,,1780937360253
840,0x38adae47612ff08bdc86b9835f2b98837625d61d7ec15aca45b749b80291c8e9,9c128369ea05324bad792d2f9ff4d86bff377866e1dd78e0153c35a626338e1d,client_a_preview,0,"","",USDT/USD,"",0,confirmed,,,0,0,,,1780937360258,1780937440068,,1780937360258
841,0x702cc1f57c1dfaa8d6cdb662427a61c82d4d8cfd540a6cf92e52438bc1fee0a3,465a45d1d86c01e0f8d74ff2c5a2c6f9a9a1f0a59ede14d516d28f9a470a1a3e,client_a_preview,0,"","",XVG/USD,"",0,confirmed,,,0,0,,,1780937459487,1780937495347,,1780937459487
842,0x9c2bfa667639a8e91f51356c7551ce542604aa2516911c57f9cd25b9e9e03943,465a45d1d86c01e0f8d74ff2c5a2c6f9a9a1f0a59ede14d516d28f9a470a1a3e,client_a_preview,0,"","",USDT/USD,"",0,confirmed,,,0,0,,,1780937459494,1780937495362,,1780937459494
843,0x3fe88db27db6ff2792f748a38c47a12076c4c4704a72bb5bd704169520c56099,465a45d1d86c01e0f8d74ff2c5a2c6f9a9a1f0a59ede14d516d28f9a470a1a3e,client_a_preview,0,"","",ARB/USD,"",0,confirmed,,,0,0,,,1780937459498,1780937495368,,1780937459498
844,0x39d94db42e6224e1a803cfca112ea1ff58af3415351a6988e307bd989bac729b,"",client_a_preview,0,"","",NEIRO/USD,68331265225000,1780937522,failed,,,0,0,,,,,1780937532001,1780937532001
845,0x2a918f66e61649ad488d6f3d01fd1d2581f786148a32138763a055789b302706,3e183874a2d37a8813908a9be0b1cae0410b7c97ba744664ce1e36c2b536b79f,client_a_preview,0,"","",NEIRO/USD,"",0,confirmed,,,0,0,,,1780937623083,1780937645839,,1780937623083
846,0x64ad4b6cd63d0e1de2e415b4ac1295abdacd1399be3e3943e0907687d1cac1cf,3e183874a2d37a8813908a9be0b1cae0410b7c97ba744664ce1e36c2b536b79f,client_a_preview,0,"","",LTC/USD,"",0,confirmed,,,0,0,,,1780937623093,1780937645863,,1780937623093
847,0xea0780a3fcef367d714315e9b6688168a3b1e4afb8df0a4efecbeb6c5310a116,3e183874a2d37a8813908a9be0b1cae0410b7c97ba744664ce1e36c2b536b79f,client_a_preview,0,"","",BTC/USD,"",0,confirmed,,,0,0,,,1780937623098,1780937645868,,1780937623098
848,0x57e7e3e0fb86ea2887ffa49ceac2103d9ed8ac49a06337450c0a2cd82db2eb46,4dcac728a9b724fd652569003d5169064b91b28673207bad737d5cd5ab7f6c08,client_a_preview,0,"","",NEIRO/USD,"",0,confirmed,,,0,0,,,1780937664080,1780937706973,,1780937664080
849,0x36cb173c32aa5843ab47584ab61d6b532d1c4bded19de7c94395b84631fe9912,4370cd437e7373f6b6918d27b70af645a9d689a5c65dcccb558687c363672f4a,client_a_preview,0,"","",DOGE/USD,"",0,confirmed,,,0,0,,,1780937726071,1780937818492,,1780937726071
850,0x52750c0416b9a37bb5d73d058d842f909a42fc10be2ece768a23371a8decb0ad,4370cd437e7373f6b6918d27b70af645a9d689a5c65dcccb558687c363672f4a,client_a_preview,0,"","",SHIB/USD,"",0,confirmed,,,0,0,,,1780937726081,1780937818504,,1780937726081
851,0x5b5bafa578ac17e7e3803c8c447ff8eb57d9735de0cd62b3eccf439a6e970c0b,a2a38157c26a41b1bfa35cc12296d8ea67a028bf4cc15db0dedb0d6b51489d35,client_a_preview,0,"","",DOGE/USD,"",0,confirmed,,,0,0,,,1780937839837,1780937863258,,1780937839837
852,0x3c6d89aa555ccf2d67c5b110e908c0bf6dfd2371d780e0dcd07f51d05913d7ae,a2a38157c26a41b1bfa35cc12296d8ea67a028bf4cc15db0dedb0d6b51489d35,client_a_preview,0,"","",SHIB/USD,"",0,confirmed,,,0,0,,,1780937839847,1780937863271,,1780937839847
853,0x43a9fc4fe621b1423427ab18d517f81ca4042c91b1b5b48b83d55db783311c8a,a2a38157c26a41b1bfa35cc12296d8ea67a028bf4cc15db0dedb0d6b51489d35,client_a_preview,0,"","",ETH/USD,"",0,confirmed,,,0,0,,,1780937839851,1780937863278,,1780937839851
854,0x29cd496ebd1cb887ff24f1461c3e0185934a5926d0c4ac09a538e5f99c77ca62,a2a38157c26a41b1bfa35cc12296d8ea67a028bf4cc15db0dedb0d6b51489d35,client_a_preview,0,"","",NEIRO/USD,"",0,confirmed,,,0,0,,,1780937839858,1780937863281,,1780937839858
855,0xe68a9e9455e396f6f5e0b4de62e1f8c3626b72c6d9c21783623a11c6288e7928,00a183135fe44ce33f4aefff7bc6e7c84f471225c2dc638e8a1d7534de420d46,client_a_preview,0,"","",ETH/USD,"",0,confirmed,,,0,0,,,1780937880550,1780937906509,,1780937880550
856,0xa353892e9ea465ed1dd9e94cbc8b6079b869eb5e7ec6efc326343aeecf2f68c5,8b2a02e2da4e794937b0a13cb9ae3cda62560b629b590481687e75ca034ccae0,client_a_preview,0,"","",USDC/USD,"",0,confirmed,,,0,0,,,1780937977986,1780938038612,,1780937977986
857,0xe835dea53c2702ac51eba0254519b0d6795e95d1dbe5a6f1d6947664c9667808,95df3711766e406ba3f7ba7326965c43d8c8af7d8497c76e9a2c903ba8e676c8,client_a_preview,0,"","",SHIB/USD,"",0,confirmed,,,0,0,,,1780938060816,1780938083309,,1780938060816
858,0xcac76c8cfb3a79d8451759fd9df63bb4769708aeff79111e59187432b8bb687e,"",client_a_preview,0,"","",ARB/USD,83677793000000000,1780938066,failed,,,0,0,,,,,1780938089109,1780938089109
859,0xb7e1ee2683a27f7f83540232164ab56c6bdf6444c99d5937e6b16fc103244308,"",client_a_preview,0,"","",BTC/USD,63720691535852179816448,1780938082,failed,,,0,0,,,,,1780938094913,1780938094913
860,0x399bf88ccdbe9a147c39da5362a62f3ff319f14a3dfd621931d61808fa87f245,"",client_a_preview,0,"","",DOGE/USD,86962916175000000,1780938093,failed,,,0,0,,,,,1780938103387,1780938103387
861,0xae884d25d98ce68a16536e3e69cf8269f8872b2ac61d88018a1f4e509ff106f3,9c3f32ee735efba6cf693ba40661af4997e3200d8ed3b39b390fa357d1902291,client_a_preview,0,"","",ARB/USD,"",0,confirmed,,,0,0,,,1780938120808,1780938195927,,1780938120808
862,0xbe57108ac8cdf8991b3b02b14d2b26ca1c3c3b2813f804cb046f3995269e559b,"",client_a_preview,0,"","",BTC/USD,63686874689451700781056,1780938166,failed,,,0,0,,,,,1780938201749,1780938201749
863,0x095addcdef262d526eb8bb32d07b11977398b236bf710c84def2ee0b65d97603,"",client_a_preview,0,"","",USDT/USD,999490000000000000,1780938161,failed,,,0,0,,,,,1780938201756,1780938201756
864,0x3ed4fb2f0e5b2392507d19b0d69b5049ad4431b87819fc9dff63a51280b80242,"",client_a_preview,0,"","",ARB/USD,83553193325000000,1780938181,failed,,,0,0,,,,,1780938201765,1780938201765
865,0xaf208ac4c0edfb24803dafeebdaa983863636fa2d6c39393aeac108107913300,"",client_a_preview,0,"","",XVG/USD,2620727873758130,1780938158,failed,,,0,0,,,,,1780938201773,1780938201773
866,0x88479c0a2d112b49c03a52ebbf44b2d0bf4ea33407dd7ef937aeef7fdda1abf4,"",client_a_preview,0,"","",DOGE/USD,86910436050000008,1780938176,failed,,,0,0,,,,,1780938201780,1780938201780
867,0x114db4dc49868031ebdd74d6bd0ad89f825adad77ae189e2b21fa837a6f83fb4,"",client_a_preview,0,"","",SHIB/USD,4757976935000,1780938177,failed,,,0,0,,,,,1780938201787,1780938201787
868,0xaa29c8d8c99541b3d9978d025951f765f2d5e4628482d20abb1131d36a398046,dde70a06cab36b91a9df584c8dc2bddb2555fa700dcc38174233c4c00fa4e1a1,client_a_preview,0,"","",BTC/USD,"",0,confirmed,,,0,0,,,1780938220400,1780938249745,,1780938220400
869,0x1ad337d6297cfa5351088a18aedc7124561743f3e3c4ae4cce608a1106254f30,cc96427111c871b88fc17d9eb828d0c8d105a30d78da1d6b1c4e357bbc887e00,client_a_preview,0,"","",USDT/USD,"",0,confirmed,,,0,0,,,1780938270619,1780938306254,,1780938270619
870,0x49addb42bb7c4de5aed4cfd32852670afa2f97a7b4612d4126a5b7f49a71257a,cc96427111c871b88fc17d9eb828d0c8d105a30d78da1d6b1c4e357bbc887e00,client_a_preview,0,"","",XVG/USD,"",0,confirmed,,,0,0,,,1780938270626,1780938306265,,1780938270626
871,0xe35147ac96bc12988acca3d30f18ec62783baa114deaf304ac690f98025da14b,cc96427111c871b88fc17d9eb828d0c8d105a30d78da1d6b1c4e357bbc887e00,client_a_preview,0,"","",DOGE/USD,"",0,confirmed,,,0,0,,,1780938270646,1780938306271,,1780938270646
872,0xdda98407bbe09f383c910a5bc72212f1de702a4ae248a59139e2b7cc9f2d69f8,cc96427111c871b88fc17d9eb828d0c8d105a30d78da1d6b1c4e357bbc887e00,client_a_preview,0,"","",SHIB/USD,"",0,confirmed,,,0,0,,,1780938270652,1780938306277,,1780938270652
873,0x23b268241960f7310dd6758b7a49e765c956ffd02b6f2a22056607c4b32d52f1,"",client_a_preview,0,"","",LTC/USD,43137125200000000000,1780938280,failed,,,0,0,,,,,1780938314344,1780938314344
874,0x00daa6cc2ce4c285d02a92c437557a6ce86b4957a79e6595249b8595dfa033f6,"",client_a_preview,0,"","",DOGE/USD,86885445325000000,1780938293,failed,,,0,0,,,,,1780938314350,1780938314350
875,0x4220b1fcc02ad583c83025ba3651abe94f873ee00e62d48742df6ff56c061cda,"",client_a_preview,0,"","",SHIB/USD,4757238600000,1780938294,failed,,,0,0,,,,,1780938314365,1780938314365
876,0xadbabc933100919810c7b9b538004d28322b667b8c855db1915ef04e917041eb,"",client_a_preview,0,"","",USDT/USD,999490000000000000,1780938300,failed,,,0,0,,,,,1780938314369,1780938314369
877,0x49e1e4c61632332f873e3a3928061bb6f047843ace469fb8f0001cea4ea9fa06,"",client_a_preview,0,"","",XVG/USD,2620727873758130,1780938296,failed,,,0,0,,,,,1780938314381,1780938314381
878,0xbef8e6723c4f59a5004b6bc3a14a81fc8bfaa60ce94200dec5190a22253528c9,"",client_a_preview,0,"","",ARB/USD,83510715850000000,1780938266,failed,,,0,0,,,,,1780938314386,1780938314386
879,0x4d7062b4fd19c100a4918be9259e212aed9159e1aec1777b90a07e45f9deb497,"",client_a_preview,0,"","",ARB/USD,83503928300000008,1780938321,failed,,,0,0,,,,,1780938331232,1780938331232
880,0x23b268241960f7310dd6758b7a49e765c956ffd02b6f2a22056607c4b32d52f1,"",client_a_preview,0,"","",LTC/USD,43137125200000000000,1780938280,failed,,,0,0,,,,,1780938331258,1780938331258
881,0xce05e4d2a935c6e5f312b08272efb05f2547eab60930a1a0bbc00918653468bf,"",client_a_preview,0,"","",LTC/USD,43137125200000000000,1780938336,failed,,,0,0,,,,,1780938345612,1780938345612
882,0x7dc7f8ada0ae5131960f0216b9c385969d1a8afeac1cc19e03d50f405f97ab96,"",client_a_preview,0,"","",ETH/USD,1692303198334835621888,1780938338,failed,,,0,0,,,,,1780938351508,1780938351508
883,0xcbbf279bef9833de4ce61354830f5e0ce0398d6afd99f35b18555d5fef7d9230,"",client_a_preview,0,"","",ARB/USD,83500000000000000,1780938349,failed,,,0,0,,,,,1780938360578,1780938360578
884,0xce05e4d2a935c6e5f312b08272efb05f2547eab60930a1a0bbc00918653468bf,"",client_a_preview,0,"","",LTC/USD,43137125200000000000,1780938336,failed,,,0,0,,,,,1780938360587,1780938360587
885,0x6b9dc11666768d9ca302823a4b1da06e1a3933d93af42b94d1bbd5a9daa650ca,ab55d71a71347a3b3a3c692cbdd7cc4a88282201e1eb5f38b57276df76607c6e,client_a_preview,0,"","",LTC/USD,"",0,confirmed,,,0,0,,,1780938386028,1780938421510,,1780938386028
886,0x182d4991fbe8b3b5fbf154b124208430ffa9f72b1a8206ed2d7687edbb9ccca5,"",client_a_preview,0,"","",ETH/USD,1692188880005679284224,1780938365,failed,,,0,0,,,,,1780938462711,1780938462711
887,0x6b9dc11666768d9ca302823a4b1da06e1a3933d93af42b94d1bbd5a9daa650ca,"",client_a_preview,0,"","",LTC/USD,43137125200000000000,1780938363,failed,,,0,0,,,,,1780938462719,1780938462719
888,0x5c6fcf5e8131ccfff729f892f388f76704c9b3bd5c394c65bb0318b4f73e4391,"",client_a_preview,0,"","",ARB/USD,83495144283190000,1780938405,failed,,,0,0,,,,,1780938462726,1780938462726
889,0x65d5ba2c61df3e530123ba870a6fb0c1a8272a3cebe61b9a31e85c60427649a7,e26dcfbc4b924908f1a8afcf94d3d50ceef9bae221f33895905f4f8877f2252c,client_a_preview,0,"","",ETH/USD,"",0,confirmed,,,0,0,,,1780938482096,1780938563345,,1780938482096
890,0xe27b6a03adb42df6593e5f071d0648b39910ccce2a212c9bd216966cddf29c23,e26dcfbc4b924908f1a8afcf94d3d50ceef9bae221f33895905f4f8877f2252c,client_a_preview,0,"","",ARB/USD,"",0,confirmed,,,0,0,,,1780938482102,1780938563356,,1780938482102
891,0x1bcff3c2995a8ae258f8824667a1ad966b8bb3efe75f24f3405e203c99296494,"",client_a_preview,0,"","",NEIRO/USD,68571138025000,1780938545,failed,,,0,0,,,,,1780938569233,1780938569233
892,0xe56fe46464cc0862812bbffbdb51b773c67d0bbb1221ba2965830f4e7352c49c,"",client_a_preview,0,"","",ARB/USD,83460742350000016,1780938521,failed,,,0,0,,,,,1780938569241,1780938569241
893,0x310c11f5f8a3cf373987f108cdeb73df27ef4549f59859ee700d1cd071eef849,"",client_a_preview,0,"","",ETH/USD,1691233695078544572416,1780938540,failed,,,0,0,,,,,1780938569248,1780938569248
894,0x41287d08e610ec2fd031b027775d486ee5fd69eca72a082951b25355fbbf42f4,a403571312141521339472ee47b13112f4becf307e6816053871406e2752b152,client_a_preview,0,"","",NEIRO/USD,"",0,confirmed,,,0,0,,,1780938599993,1780938687141,,1780938599993
895,0xac40d86af7cab0db6b7cdcc7dc44296cc20820cf5df519de2932273b3a1d8a3d,d34b9e7d605530afed40f6caede35a377debb56571b97809e02c1566f1648bde,client_a_preview,0,"","",NEIRO/USD,"",0,confirmed,,,0,0,,,1780938706422,1780938739320,,1780938706422
896,0x1fb6963c0a4cd93f25bcfd99d29e9e6df5ae3866e72ac9d219c47f1b0984cbb5,76522b72bf87637e776b3b5044fffb2b41d783023b976485b16fc7d8676eebc0,client_a_preview,0,"","",USDC/USD,"",0,confirmed,,,0,0,,,1780938758006,1780938799979,,1780938758006
897,0xacafaac69f691d995395ac80aa6524574c954f52961fdf1f1196a79c8f4056c8,76522b72bf87637e776b3b5044fffb2b41d783023b976485b16fc7d8676eebc0,client_a_preview,0,"","",DOGE/USD,"",0,confirmed,,,0,0,,,1780938758017,1780938799991,,1780938758017
898,0x2be7d52d0c030b12fe32087502bcfebad6ac6e4d379cb713761c6858691acad9,"",client_a_preview,0,"","",BTC/USD,63610698452100003659776,1780938765,failed,,,0,0,,,,,1780938804697,1780938804697
899,0x5d97baf8d6d582aa31e682758e57ece334d561fc6fc66ede60c40a3cd2e07e47,"",client_a_preview,0,"","",DOGE/USD,86776484075000008,1780938776,failed,,,0,0,,,,,1780938804706,1780938804706
900,0x566676ffad0a289f092dd84fc7589b439ff7f88b3b0667eb2207e1e741a0d9ac,1601602cbffc0df36194b4356492cdfb39a0888f50334639856ebd3e7f57dbab,client_a_preview,0,"","",BTC/USD,"",0,confirmed,,,0,0,,,1780938823434,1780938910478,,1780938823434
901,0xc140678c1bd7d616aaa761b94fca7c8eaf2d29369d6ec8525aff73c2fd9900d8,639e7b5bf5651a819920a9fe37a359862f2f7672c429b580fcae0cb2ce5a0680,client_a_preview,0,"","",SHIB/USD,"",0,confirmed,,,0,0,,,1780938931203,1780938954013,,1780938931203
902,0x523798aaa0e992314e0c37fd9b3a9596f5e1d861e0591e2c50b75441c5ef59e8,639e7b5bf5651a819920a9fe37a359862f2f7672c429b580fcae0cb2ce5a0680,client_a_preview,0,"","",ARB/USD,"",0,confirmed,,,0,0,,,1780938931215,1780938954024,,1780938931215
903,0x73c878538756024f18753df8c1f866c48cc0caad459856f24c21a35c090a0b20,639e7b5bf5651a819920a9fe37a359862f2f7672c429b580fcae0cb2ce5a0680,client_a_preview,0,"","",BTC/USD,"",0,confirmed,,,0,0,,,1780938931222,1780938954030,,1780938931222
904,0x1215917bd7ced6a2870347abac4dd1a26bae77d31ffdf935231602fa7b994c56,639e7b5bf5651a819920a9fe37a359862f2f7672c429b580fcae0cb2ce5a0680,client_a_preview,0,"","",ETH/USD,"",0,confirmed,,,0,0,,,1780938931227,1780938954036,,1780938931227
905,0x901dd57afafda9d5d5f896d5fec61a33d37c5ce0cea693fcd5f6726d85c5bd7a,"",client_a_preview,0,"","",ARB/USD,83365792700000008,1780938924,failed,,,0,0,,,,,1780938960216,1780938960216
906,0x0b0ee2146287205e9d05f67a4773679dbecdfaa55e687435b5ddc1a4b960a91a,e54fd38c297c33692aa70489193b9825a1a0391dd376472c12487dd048e13d9d,client_a_preview,0,"","",USDT/USD,999497482002600000,1780938939,confirmed,,,0,0,,,,1780939016514,1780938960222,1780938960222
907,0xc140678c1bd7d616aaa761b94fca7c8eaf2d29369d6ec8525aff73c2fd9900d8,"",client_a_preview,0,"","",SHIB/USD,4751753618272,1780938900,failed,,,0,0,,,,,1780938960229,1780938960229
908,0xe4359d2ea61f0ab78fe5b9fbaba33503352961c7abd3edeb12093fed06274a29,e54fd38c297c33692aa70489193b9825a1a0391dd376472c12487dd048e13d9d,client_a_preview,0,"","",XVG/USD,2620727873758130,1780938935,confirmed,,,0,0,,,,1780939016525,1780938960234,1780938960234
909,0x5a197e30dc101f36a57456c6cec4c704de329e115d557f2394d12c76d8cc2c40,"",client_a_preview,0,"","",LTC/USD,43092149049999998976,1780938941,failed,,,0,0,,,,,1780938960241,1780938960241
910,0xbd7bbdd253312e9e3dc4972fb601eec724b2c942cd3d493354883665e0dd67c4,"",client_a_preview,0,"","",ETH/USD,1689768947550000250880,1780938943,failed,,,0,0,,,,,1780938960248,1780938960248
911,0x39f257d42866ef517672bcbcbbf400c6b0e54ee56715793cbdfc9d9e629adf3b,"",client_a_preview,0,"","",DOGE/USD,86677021850000000,1780938953,failed,,,0,0,,,,,1780938966470,1780938966470
912,0x13a78cd54466f8d4730e31bfee95790182f99af43850e8d24380c75c7d45739c,"",client_a_preview,0,"","",LTC/USD,43087151699999997952,1780938977,failed,,,0,0,,,,,1780939023584,1780939023584
913,0x761448afa4ca99465f9e30bcdc52577485907ab7ebbdebd4f720daec4c372e53,"",client_a_preview,0,"","",USDT/USD,999500000000000000,1780938991,failed,,,0,0,,,,,1780939023599,1780939023599
914,0x2dd8e006db0f84a497258bcb56d9e7f2415a3ff30664efff05ff2a69f724c81c,"",client_a_preview,0,"","",XVG/USD,2620727873758130,1780938988,failed,,,0,0,,,,,1780939023607,1780939023607
915,0x4eca27bcc9081d65aadfcbb6844aa9e62c74fd23b274070cfb1e3ade014a4f79,"",client_a_preview,0,"","",DOGE/USD,86651171850000000,1780938990,failed,,,0,0,,,,,1780939023655,1780939023655
916,0x790427a1f6a15b0a8f116f24ffcf65316a993ccf959d2309e718bfbea3459ffd,"",client_a_preview,0,"","",ARB/USD,83283336425000008,1780939012,failed,,,0,0,,,,,1780939023678,1780939023678
917,0xd1ba17e605c5b0b7017124cbf1573f19728f917635e15895b32593b2eb36042d,"",client_a_preview,0,"","",LTC/USD,43081787924999999488,1780939027,failed,,,0,0,,,,,1780939036917,1780939036917
918,0x0e43804e53ca3609c376a5eac56b16235d795c3f840d9e30e58c8ca6534a299c,"",client_a_preview,0,"","",DOGE/USD,86622029800000000,1780939040,failed,,,0,0,,,,,1780939050459,1780939050459
919,0xd1ba17e605c5b0b7017124cbf1573f19728f917635e15895b32593b2eb36042d,"",client_a_preview,0,"","",LTC/USD,43081787924999999488,1780939027,failed,,,0,0,,,,,1780939056231,1780939056231
920,0xb7c1f8224c8a6dfae95b4dcb0cd31319da5ac763f90776f053a8dc3a229fb499,43428a6f45dbf9092b9aa8831502efd99574782dc8508c45259db4db238e8dbe,client_a_preview,0,"","",ARB/USD,"",0,confirmed,,,0,0,,,1780939074744,1780939153005,,1780939074744
921,0x6e01a6131be6c0f5e21221ac6739426bd17fecac180fe89d1793784da212069d,"",client_a_preview,0,"","",LTC/USD,43075367750000005120,1780939116,failed,,,0,0,,,,,1780939158795,1780939158795
922,0x59772cb3048422903bb6a21b7bcd76043ff5d7745e9872aa5f26158145252902,"",client_a_preview,0,"","",ETH/USD,1685892966199999987712,1780939118,failed,,,0,0,,,,,1780939158802,1780939158802
923,0x5d0be51386c2ccc14d31833cd853e445dc58a8fab4faaf67f01f7519802cc244,"",client_a_preview,0,"","",DOGE/USD,86539109950000000,1780939128,failed,,,0,0,,,,,1780939158812,1780939158812
924,0x71451914ab2a3e4a9c76a2c779f4304f2cfa3e3d4776750fdded47722dd7cc1d,"",client_a_preview,0,"","",ARB/USD,83196889376605256,1780939137,failed,,,0,0,,,,,1780939158817,1780939158817
925,0x68afd274e8e5b282b5786495ba7cb33cfc6d9e6d6d6353ebd2ab1ec794f5b035,108050a2b0018a93121482757e7ae120e3cecc2e654334b8e5c3ed4d3d32dcc3,client_a_preview,0,"","",LTC/USD,"",0,confirmed,,,0,0,,,1780939177658,1780939235765,,1780939177658
926,0xba46b85bf22dc43de979dabddcd306cc959a60b9854be15bcf6f2c6d8f31b092,108050a2b0018a93121482757e7ae120e3cecc2e654334b8e5c3ed4d3d32dcc3,client_a_preview,0,"","",ETH/USD,"",0,confirmed,,,0,0,,,1780939177669,1780939235779,,1780939177669
927,0xf6bbf9061692fc604edfe980e1c895a1458770972a41c58a29935c100ab2743f,"",client_a_preview,0,"","",LTC/USD,43059666275000000512,1780939204,failed,,,0,0,,,,,1780939240340,1780939240340
928,0x766beb27028e073262c4a614598224aecf23c494fdd4631320e9beee51d23151,"",client_a_preview,0,"","",DOGE/USD,86486197018750000,1780939216,failed,,,0,0,,,,,1780939240347,1780939240347
929,0x409360116cd0e9f5ccf6f705c39cc262f1e436f54b644ff71e796ce43536c68b,"",client_a_preview,0,"","",ETH/USD,1684982660752183918592,1780939206,failed,,,0,0,,,,,1780939240354,1780939240354
930,0xcc95380243e1152ec3b3d2f86aba825779fd12876b57e735f974569fdfcc4ec4,"",client_a_preview,0,"","",ARB/USD,83167760000000000,1780939227,failed,,,0,0,,,,,1780939240361,1780939240361
931,0x7faea669ba0ecfc2ad78ea4c0a5cd5216865806eba8b43858bb4b50f13930adc,ebfb4f643560035744f121e7d381c055c0702f20dbe0023a6d1793b722597f76,client_a_preview,0,"","",DOGE/USD,"",0,confirmed,,,0,0,,,1780939277313,1780939309203,,1780939277313
932,0x3d149abb755e80aeebac6e0f4550cab4ef109395117721cd2ba0c68db5b64d7f,"",client_a_preview,0,"","",ARB/USD,83156424000000000,1780939277,failed,,,0,0,,,,,1780939315071,1780939315071
933,0xef75251c1baef7ad3264eb6e8419d22102b8dbd1dbb0057c59af5ae2b0f352c2,"",client_a_preview,0,"","",DOGE/USD,86470850968415768,1780939306,failed,,,0,0,,,,,1780939315079,1780939315079
934,0x4f1fb3c3328e89fdb48cd29c050b995619a0f49ffd3f158590c2145c89a9172e,18748b4524538309f5e23917268ff5de61d434babc58edcb34247749ca045162,client_a_preview,0,"","",ARB/USD,"",0,confirmed,,,0,0,,,1780939337795,1780939372722,,1780939337795
935,0xeb06b95bbcee6d1b51ca0b636cf54ff344d9bd743f0084d27e745fa930d1db4b,"",client_a_preview,0,"","",ETH/USD,1683608234784227983360,1780939332,failed,,,0,0,,,,,1780939380292,1780939380292
936,0x3d528119262b52f198a72edf167c7f31647dcb273d35d7f329e4f6f65ae76820,f3db256b4bee63cb8dc54da42a1e55ebc421079f0a6420e442190ac948dd780e,client_a_preview,0,"","",NEIRO/USD,68625069225000,1780939369,confirmed,,,0,0,,,,1780939461042,1780939380302,1780939380302
937,0x8c8b25a89b7a4c8c647c01db1c163d5a248ecb84b759716aa5fb522f47a0342c,"",client_a_preview,0,"","",ARB/USD,83147677087500016,1780939365,failed,,,0,0,,,,,1780939380310,1780939380310
938,0x407c9dafcf4fd729c7d03d68499159b34cac5a8d4b32a5a557a746882330a0b4,"",client_a_preview,0,"","",ETH/USD,1683295805149999923200,1780939383,failed,,,0,0,,,,,1780939392994,1780939392994
939,0xf02cfc682876bdcce64631333df2c370185f2661992cd2907dcba2336239648f,3e37c759e73f48e2300fe5c53d125f362c9ab03aa6d46e48e50fd752d8af1b46,client_a_preview,0,"","",BTC/USD,"",0,confirmed,,,0,0,,,1780939481274,1780939609296,,1780939481274
940,0xcf9be82af2f6df2677151ad0b84f19252e9398bb124782bf4765aadbd4aee58a,3e37c759e73f48e2300fe5c53d125f362c9ab03aa6d46e48e50fd752d8af1b46,client_a_preview,0,"","",NEIRO/USD,"",0,confirmed,,,0,0,,,1780939481284,1780939609308,,1780939481284
941,0x4fcff2f77dff3cc53067d090e187bbda7453b27471daf1c63b69215469c18f60,3e37c759e73f48e2300fe5c53d125f362c9ab03aa6d46e48e50fd752d8af1b46,client_a_preview,0,"","",ETH/USD,"",0,confirmed,,,0,0,,,1780939481291,1780939609317,,1780939481291
942,0x9f2bc2eebe5a9e82c02595de556df683eaf81f3e572ea012c8a39bc2bbcba38d,3e37c759e73f48e2300fe5c53d125f362c9ab03aa6d46e48e50fd752d8af1b46,client_a_preview,0,"","",USDC/USD,"",0,confirmed,,,0,0,,,1780939481296,1780939609346,,1780939481296
943,0x1ed27cb5aa4e1a5a1571ff7a4db16fab3609fd07a671992857df87b707411d8f,d1e91f2fd48bdec5633b9d7b6bb375408e5eac89b766dcc1427ca796550d9a37,client_a_preview,0,"","",BTC/USD,"",0,confirmed,,,0,0,,,1780939629485,1780939658344,,1780939629485
944,0xe84f388ac99a0e6f74232e5a61427ebb4b863233ee1f9fe24a540f0d69be5baa,d1e91f2fd48bdec5633b9d7b6bb375408e5eac89b766dcc1427ca796550d9a37,client_a_preview,0,"","",ETH/USD,"",0,confirmed,,,0,0,,,1780939629491,1780939658355,,1780939629491
945,0xfe7e8c823b44023a7da61ca18073cf959ead2433e20a1ea06b4354bfae46628e,d1e91f2fd48bdec5633b9d7b6bb375408e5eac89b766dcc1427ca796550d9a37,client_a_preview,0,"","",USDC/USD,"",0,confirmed,,,0,0,,,1780939629498,1780939658362,,1780939629498
946,0xb13a05a57a2e93243731c57467a08c0e71b22af86451d7c0eecc1f01a66c2c6e,d1e91f2fd48bdec5633b9d7b6bb375408e5eac89b766dcc1427ca796550d9a37,client_a_preview,0,"","",SHIB/USD,"",0,confirmed,,,0,0,,,1780939629503,1780939658369,,1780939629503
947,0xf21cd21261b090d390b978f45f1fde302acc075987ef07ea50a49fa77f1bbb66,94e3e0366c7275b4616ef0fdbbff3b75d156c63d1fe88d5296dbd324fce57c8c,client_a_preview,0,"","",USDT/USD,999520000000000000,1780939636,confirmed,,,0,0,,,,1780939742223,1780939665121,1780939665121
948,0x2774cfd1bb197c85b50a42d9fdf08dde1a41a964ba75806898bb2067bdffbb09,"",client_a_preview,0,"","",SHIB/USD,4747827367500,1780939655,failed,,,0,0,,,,,1780939665129,1780939665129
949,0x379afd7c04a4578e726e9c96f6eec2428acff49bfbf4fed9a69ba7f623b38279,94e3e0366c7275b4616ef0fdbbff3b75d156c63d1fe88d5296dbd324fce57c8c,client_a_preview,0,"","",XVG/USD,2620727873758130,1780939634,confirmed,,,0,0,,,,1780939742235,1780939665136,1780939665136
950,0x35ea7ff689cb2614116bd54999aed7cc88aecc1d888f7fc73e4eef84a022ca4c,3fe8c703d8b98a85eb7c071b40f2f6300a46cf86397b43811a085df0170b0ffe,client_a_preview,0,"","",XVG/USD,"",0,confirmed,,,0,0,,,1780939759993,1780939786665,,1780939759993
951,0xdc0f379fea83104464d480177e8d2b4db54c926ffd3564f54833e191fa8f0a3c,3fe8c703d8b98a85eb7c071b40f2f6300a46cf86397b43811a085df0170b0ffe,client_a_preview,0,"","",USDT/USD,"",0,confirmed,,,0,0,,,1780939760003,1780939786676,,1780939760003
952,0x2b5d4b8b028feadf90d40b749637091ffb19fab8907001555fcd1cda869ace3d,6a3aa4b5b044d1cb1914459fa7dcd09f7ba69c20576b867136fea354a54b68e2,client_a_preview,0,"","",LTC/USD,"",0,confirmed,,,0,0,,,1780939869058,1780939900220,,1780939869058
953,0x2b5d4b8b028feadf90d40b749637091ffb19fab8907001555fcd1cda869ace3d,"",client_a_preview,0,"","",LTC/USD,43052331762500001792,1780939846,failed,,,0,0,,,,,1780939937735,1780939937735
954,0xace2417e9772e694d3dcd913244ce9e86d74d12692ed142702b571a6573307e3,"",client_a_preview,0,"","",NEIRO/USD,68703567800000,1780939886,failed,,,0,0,,,,,1780939937740,1780939937740
955,0xf27f52fa022bae5f350ea3ca7a70693240ec209d0a0929d87ab15394e65556ed,"",client_a_preview,0,"","",DOGE/USD,86449578825000000,1780939914,failed,,,0,0,,,,,1780939943535,1780939943535
956,0x99a53dad6f0384d5ac4ff81829baf81def1e7844335f73a59e3f926ca43d1454,"",client_a_preview,0,"","",NEIRO/USD,68720278750000,1780939938,failed,,,0,0,,,,,1780939949359,1780939949359
957,0xf27f52fa022bae5f350ea3ca7a70693240ec209d0a0929d87ab15394e65556ed,"",client_a_preview,0,"","",DOGE/USD,86449578825000000,1780939914,failed,,,0,0,,,,,1780939955172,1780939955172
958,0x294a7e4d89528411c526b7782def7afc060b3060ada7b0cf196706c8a728fc6f,10e43433c2612f2dcab5a015beb9499fcb4e42fa582461877adde1eb863b4854,client_a_preview,0,"","",DOGE/USD,"",0,confirmed,,,0,0,,,1780939972636,1780940044746,,1780939972636
959,0xc68b12feb318100d5fd38e6412af7b91f432c6ed8f6c731f2eac4a3d58422e98,"",client_a_preview,0,"","",DOGE/USD,86445249666261712,1780940034,failed,,,0,0,,,,,1780940052471,1780940052471
960,0xcc900d0f2f844ae6139b97f8315e4628a6c31306d750303dbc96ad012f533e79,"",client_a_preview,0,"","",ARB/USD,83119251600000016,1780940006,failed,,,0,0,,,,,1780940052480,1780940052480
961,0xb8cbb0e9f29231cec86b4e263fcf83c1248ae2c7126d6165a5f8e342a4d24c28,"",client_a_preview,0,"","",NEIRO/USD,68745266100000,1780940024,failed,,,0,0,,,,,1780940052487,1780940052487
962,0x30e9e20a8d2fdfa0cd9c14efc2d2fefee1073d2a08b7e0fc4426425ae7a17fe7,"",client_a_preview,0,"","",ARB/USD,83106865937500000,1780940059,failed,,,0,0,,,,,1780940067519,1780940067519
963,0x1c96f28eee5b8f85b5c663917f9a7be0d8b6c5c745a95d83606abf536ea9f532,3471ce8e0dc92ff9882701727518f033b789d16d2fe14c4339b8d74768409db4,client_a_preview,0,"","",NEIRO/USD,"",0,confirmed,,,0,0,,,1780940085002,1780940120639,,1780940085002
964,0xc4b849b79c5691ab0ef2ae311f44b3f659a155f837c0fe31f17cea194e82f7c7,25f84a5bcac4daab26410488c4cf3dc1d29ad5d49aa4222e997900bec0a367e1,client_a_preview,0,"","",ARB/USD,83104759687500000,1780940097,confirmed,,,0,0,,,,1780940213547,1780940127609,1780940127609
965,0xaf21f5b248cdbf996059cd02c26b340b2975b684c426195722a0b7117b876f6a,"",client_a_preview,0,"","",NEIRO/USD,68745266100000,1780940114,failed,,,0,0,,,,,1780940127615,1780940127615
966,0x28ce3d0459735be918f880c342a56083277ca97a70f0aeb1a08789221f844b38,9044f3b6df8a13bc50bd2e2569cc7ec8ca2596e28e1879f761b7a540b6337637,client_a_preview,0,"","",ARB/USD,"",0,confirmed,,,0,0,,,1780940231544,1780940278165,,1780940231544
967,0x94eea9fae3ae16eb65ed8eb46127d8449a9bc9b55289a7dfced2b8ad3415cfb3,"",client_a_preview,0,"","",USDC/USD,999692398500000128,1780940256,failed,,,0,0,,,,,1780940284033,1780940284033
968,0x0c55dfc683b7c52c932f01444d2afb3effd8cadf3b649188e1157ceea54aaf0a,"",client_a_preview,0,"","",BTC/USD,63480839903000001511424,1780940250,failed,,,0,0,,,,,1780940284041,1780940284041
969,0x2cdb2b63cd943f080518be9ceda3b0c3c175c9724d874ecf72aa06449557ab74,"",client_a_preview,0,"","",ETH/USD,1682352415733927903232,1780940251,failed,,,0,0,,,,,1780940284051,1780940284051
970,0x66afff260d786576d0c6da2b1076b409bb89f02b7011653f561cbc1b2696c963,"",client_a_preview,0,"","",SHIB/USD,4745673480000,1780940262,failed,,,0,0,,,,,1780940284061,1780940284061
971,0x91758418c0eb3b5c43713bed4a28fb7a3433d23e09c4c480efc33c742cee740a,ac3f76f918c42aeac67fe9a510a9be5e814ac704387ca30c15f2272b3fee39c9,client_a_preview,0,"","",BTC/USD,"",0,confirmed,,,0,0,,,1780940306531,1780940356735,,1780940306531
972,0x138e9c1be4be87d1e2ecce4391a3b6049a885593d342cd2631a3f74a4d0296a3,ac3f76f918c42aeac67fe9a510a9be5e814ac704387ca30c15f2272b3fee39c9,client_a_preview,0,"","",ETH/USD,"",0,confirmed,,,0,0,,,1780940306542,1780940356749,,1780940306542
973,0x7e6448e28a8286d1e144554421768dc164a5de670a7b7dd52d421f198e734882,"",client_a_preview,0,"","",BTC/USD,63472848854630908559360,1780940334,failed,,,0,0,,,,,1780940362567,1780940362567
974,0xf80045225eb6df0491dd6af1263758f6e8052be6c1f047c01f34e5cc073acd0a,"",client_a_preview,0,"","",ETH/USD,1682140337979150958592,1780940335,failed,,,0,0,,,,,1780940362574,1780940362574
975,0x9b95b046f04e2b92c7bdec7b3bcebd35459b7b3464415ae42ce923009fa673ba,"",client_a_preview,0,"","",USDC/USD,999693639749500352,1780940341,failed,,,0,0,,,,,1780940362579,1780940362579
976,0xbffc1a1111bcfea17a988044c4ab6bb897e3ceb128a40ef46806c690ce10ccbc,"",client_a_preview,0,"","",SHIB/USD,4745481995829,1780940347,failed,,,0,0,,,,,1780940362584,1780940362584
977,0x1ad5dde113e39ec582f0093808b85b912b60a71dfd79ce3e3f4367ee758d15ec,"",client_a_preview,0,"","",USDC/USD,999696131249000576,1780940374,failed,,,0,0,,,,,1780940386058,1780940386058
978,0xbffc1a1111bcfea17a988044c4ab6bb897e3ceb128a40ef46806c690ce10ccbc,"",client_a_preview,0,"","",SHIB/USD,4745481995829,1780940347,failed,,,0,0,,,,,1780940386065,1780940386065
979,0x40fce9db088108ee34c73868c3da249ed7d02e3bb8a7f46e6b9ff1d86ffa9c48,77964351b978fd8954b86181c05e5a56ad453f220838e9334ebc3e737e21e65e,client_a_preview,0,"","",SHIB/USD,"",0,confirmed,,,0,0,,,1780940403394,1780940435148,,1780940403394
980,0xa40a532f66fe0d98b77ff8f29f3eb04b3013ad5b2275e3063ed7d1d4c79af8fd,"",client_a_preview,0,"","",USDC/USD,999697381499000576,1780940426,failed,,,0,0,,,,,1780940440887,1780940440887
981,0xdfd81ab1a484bba2796ddbcccb70daefe9f592f51e4d310ab40533deeccc789e,04ac960c186e2f32d24d853a8bb9951efa6a274f1d631480dfffc4153256d72a,client_a_preview,0,"","",USDT/USD,999530000000000000,1780940415,confirmed,,,0,0,,,,1780940512074,1780940440900,1780940440900
982,0x130e7cd60b0fe97ecba762d552a4e9fb0511e030aef44ec5455edf4edc08d4fa,"",client_a_preview,0,"","",SHIB/USD,4745255038102,1780940431,failed,,,0,0,,,,,1780940440908,1780940440908
983,0x2c05c505e4dd7392760406c7306c7f5949d74d0b9cae6e9832086b6dab584e28,04ac960c186e2f32d24d853a8bb9951efa6a274f1d631480dfffc4153256d72a,client_a_preview,0,"","",XVG/USD,2620642196940889,1780940413,confirmed,,,0,0,,,,1780940512081,1780940440916,1780940440916
984,0x03d75e2b7809f631581b2f3afcde7996b07a0a7e0d4e0e66b6b05b3d129afd4b,04ac960c186e2f32d24d853a8bb9951efa6a274f1d631480dfffc4153256d72a,client_a_preview,0,"","",USDC/USD,"",0,confirmed,,,0,0,,,1780940483009,1780940512062,,1780940483009
985,0x6faf5d292df401a942d2d978ed78b04267f7d8258cf09e5e5dfcf6b308cf8d33,"",client_a_preview,0,"","",XVG/USD,2620642196940889,1780940497,failed,,,0,0,,,,,1780940520912,1780940520912
986,0x10184f44e19129fae86318cc01cb2aa7a30fbbce1259a35ac57a4d7dba33efb2,"",client_a_preview,0,"","",USDT/USD,999530000000000000,1780940500,failed,,,0,0,,,,,1780940520919,1780940520919
987,0xc968921a57c4196739d62300b8077ad175c4928c838b16fdf626089860789a4e,"",client_a_preview,0,"","",NEIRO/USD,68673512000000,1780940488,failed,,,0,0,,,,,1780940520929,1780940520929
988,0xceda27fb5ebd28f45e0de17cd45e7947804c6111212befecb88c5ae18aa6532f,"",client_a_preview,0,"","",USDC/USD,999697381499000576,1780940509,failed,,,0,0,,,,,1780940520936,1780940520936
989,0xaad235f30b70f8777f83854ae84eb89df86282c7a3e320c28a325a02f63d7b3a,"",client_a_preview,0,"","",LTC/USD,43052331762500001792,1780940501,failed,,,0,0,,,,,1780940520941,1780940520941
990,0xaad235f30b70f8777f83854ae84eb89df86282c7a3e320c28a325a02f63d7b3a,"",client_a_preview,0,"","",LTC/USD,43052331762500001792,1780940501,failed,,,0,0,,,,,1780940529604,1780940529604
991,0xca322c85e9d561a2e69ab95a3db21358157dc38f339ef6e9fbcf12d62ae39d3a,099e6e87b7e878e7d283c2b0817bc123d6fd628a06870793bfb7aca26025823a,client_a_preview,0,"","",LTC/USD,"",0,confirmed,,,0,0,,,1780940557645,1780940592798,,1780940557645
992,0xaa02163a3ad9dd020819854f6c5e4f23451c4e33860d3fe0577681d56777183a,"",client_a_preview,0,"","",NEIRO/USD,68654538169378,1780940573,failed,,,0,0,,,,,1780940598535,1780940598535
993,0xf3d461dc4bc7c5dbb8756e2d2b88cd623127c272e96262f5400fd807c8f1b2be,"",client_a_preview,0,"","",LTC/USD,43052331762500001792,1780940587,failed,,,0,0,,,,,1780940598543,1780940598543
994,0xc9b5093b720eb98249931da04f46601a49a276e1d618f534b18bf4e2310999e6,"",client_a_preview,0,"","",NEIRO/USD,68643728025674,1780940624,failed,,,0,0,,,,,1780940634631,1780940634631
995,0x07accb522826a4dec54347da5965fbf22261b1ca2128d2ceca4dac88d971a41f,9f4d5a33fa2c088b3c6f34ae6b7f30f3826090b3d7350c3e4cb658e33ed9aa56,client_a_preview,0,"","",NEIRO/USD,"",0,confirmed,,,0,0,,,1780940681458,1780940734903,,1780940681458
996,0x513fa3eabc35f63bde48ff625b00ea33ccc00682f59827b61118c016b7f4ddd3,574369a299dfc69889ac624b1e226fb6239780d0bbccfc9812cb45768d5adefa,client_a_preview,0,"","",DOGE/USD,86384380200000008,1780940719,confirmed,,,0,0,,,,1780940826892,1780940740852,1780940740852
997,0xd7ef7cc3ab1b1aea12dccad0c743f5bf1ba7e6bd170fa6ce592a1f3810ab0e0d,"",client_a_preview,0,"","",NEIRO/USD,68634109769559,1780940708,failed,,,0,0,,,,,1780940740870,1780940740870
998,0xe3a3e0d95c9898340adc4035a1f1584f6a3e837c02206b12f6a70f859bf00346,d70e508ccec375c86b8d6008ff7f9cc56f03e7751ce4e2241c2ab462ed976e2b,client_a_preview,0,"","",DOGE/USD,"",0,confirmed,,,0,0,,,1780940845559,1780940877205,,1780940845559
999,0x4b1b19ff7dcfc12eff0e27d12cab933b5c49c494bd74ad8796075be34f669f2b,d6553ffce5c3dab66d683a7c32735f6549b5a2fad02122005ccb0cff0253d222,client_a_preview,0,"","",ARB/USD,"",0,confirmed,,,0,0,,,1780940979543,1780940997340,,1780940979543
1000,0x06ecedcaf5877b952c6bd93ec3cf6774a1b6d178765cf46ebcfa09708a456116,894a8619c0e2fc6e5b8138badbe9f33c5aeb78113667611898628c87d7492bd3,client_a_preview,0,"","",BTC/USD,"",0,confirmed,,,0,0,,,1780941016122,1780941038791,,1780941016122
1001,0xb0a27ef208aa3f8367f3d9f866fbe1797df9806a2a72b29f38b5653379b2dc17,894a8619c0e2fc6e5b8138badbe9f33c5aeb78113667611898628c87d7492bd3,client_a_preview,0,"","",ETH/USD,"",0,confirmed,,,0,0,,,1780941016156,1780941038802,,1780941016156
1002,0xac889fe8f161eecf695fa5a105e195c80505514abb6b73903ba2b65d330ee602,"",client_a_preview,0,"","",BTC/USD,63415197400000001736704,1780941013,failed,,,0,0,,,,,1780941045335,1780941045335
1003,0xe4be8dbec377bcd10ef2799b40b00e667e050d1c7bfd22ec5e5456f98469002e,"",client_a_preview,0,"","",ETH/USD,1680783280313571606528,1780941014,failed,,,0,0,,,,,1780941045344,1780941045344
1004,0xfb7c6a0ff0793fbffa7f3131b2a991976029b44853e344740afdcfe418962d16,"",client_a_preview,0,"","",LTC/USD,43099086800000004096,1780941011,failed,,,0,0,,,,,1780941045352,1780941045352
1005,0x74cc1ce1de356c992e12fb099fa7d0695c9c6a7a679a7b87d5e3e05a80f56a50,"",client_a_preview,0,"","",SHIB/USD,4743779575000,1780941024,failed,,,0,0,,,,,1780941051145,1780941051145
1006,0xc182ec92470aeb8be8bc8e84bcf7a7a7f50a03657818e07eae3f5cefa5779546,c4709d40e2b66fa5ca0670416bdc6bf2e69d0eb569dfb6cc6abb31d0480effbb,client_a_preview,0,"","",LTC/USD,"",0,confirmed,,,0,0,,,1780941068424,1780941183699,,1780941068424
1007,0x647d4db9e221b4464e245ae9ddbfa3795e6c4b2cd9cedb08161d380ffe2f73c9,"",client_a_preview,0,"","",SHIB/USD,4743779575000,1780941060,failed,,,0,0,,,,,1780941193723,1780941193723
1008,0xa836f07aa64d69066ef2e819a57fe0bfe07d5d7a75c7b6e7a69d4a31572455e6,"",client_a_preview,0,"","",USDC/USD,999700000000000000,1780941054,failed,,,0,0,,,,,1780941193732,1780941193732
1009,0xf0ef054af9dd063c348ffd5b0610f5bedc8e9d13deb7ccd66a8e8be65b9c847b,"",client_a_preview,0,"","",USDT/USD,999550000000000000,1780941179,failed,,,0,0,,,,,1780941193741,1780941193741
1010,0xffe213168a95e4388336d8aee931b337ac30e06bd8987696cf3d054c0e1bf1ac,"",client_a_preview,0,"","",XVG/USD,2620642196940889,1780941176,failed,,,0,0,,,,,1780941193751,1780941193751
1011,0x68005bf93215bab6846d441be3e835b5a4ba3b1b53b597df930abf177a5af6ab,"",client_a_preview,0,"","",LTC/USD,43105231015000002560,1780941178,failed,,,0,0,,,,,1780941193759,1780941193759
1012,0x9720ecdaa33f77b8f36068b172da2896b1b63872ca9f399999e68dd44f59cfd5,"",client_a_preview,0,"","",USDC/USD,999700000000000000,1780941186,failed,,,0,0,,,,,1780941199631,1780941199631
1013,0xf0ef054af9dd063c348ffd5b0610f5bedc8e9d13deb7ccd66a8e8be65b9c847b,"",client_a_preview,0,"","",USDT/USD,999550000000000000,1780941179,failed,,,0,0,,,,,1780941199639,1780941199639
1014,0x647d4db9e221b4464e245ae9ddbfa3795e6c4b2cd9cedb08161d380ffe2f73c9,"",client_a_preview,0,"","",SHIB/USD,4743779575000,1780941060,failed,,,0,0,,,,,1780941199645,1780941199645
1015,0xffe213168a95e4388336d8aee931b337ac30e06bd8987696cf3d054c0e1bf1ac,"",client_a_preview,0,"","",XVG/USD,2620642196940889,1780941176,failed,,,0,0,,,,,1780941199653,1780941199653
1016,0xeb0b3324677858d5c16ec273a0ab435b4d86158fa423d8a3e7ee32a70300a6cf,"",client_a_preview,0,"","",SHIB/USD,4744609992125,1780941192,failed,,,0,0,,,,,1780941204360,1780941204360
1017,0x9720ecdaa33f77b8f36068b172da2896b1b63872ca9f399999e68dd44f59cfd5,"",client_a_preview,0,"","",USDC/USD,999700000000000000,1780941186,failed,,,0,0,,,,,1780941222352,1780941222352
1018,0xf0ef054af9dd063c348ffd5b0610f5bedc8e9d13deb7ccd66a8e8be65b9c847b,"",client_a_preview,0,"","",USDT/USD,999550000000000000,1780941179,failed,,,0,0,,,,,1780941222359,1780941222359
1019,0xeb0b3324677858d5c16ec273a0ab435b4d86158fa423d8a3e7ee32a70300a6cf,"",client_a_preview,0,"","",SHIB/USD,4744609992125,1780941192,failed,,,0,0,,,,,1780941222366,1780941222366
1020,0xffe213168a95e4388336d8aee931b337ac30e06bd8987696cf3d054c0e1bf1ac,"",client_a_preview,0,"","",XVG/USD,2620642196940889,1780941176,failed,,,0,0,,,,,1780941222372,1780941222372
1021,0x7b1eb85fe41fcbe23cdc1d1fafb578364e945a51efc1bf4b8ef8b05ec8af3dc6,"",client_a_preview,0,"","",USDC/USD,999702455600000000,1780941224,failed,,,0,0,,,,,1780941235197,1780941235197
1022,0xaa27b815835737002de361089f31f015d4609a8118a74d65d22000242f5ba6ff,"",client_a_preview,0,"","",XVG/USD,2620642196940889,1780941225,failed,,,0,0,,,,,1780941235203,1780941235203
1023,0x037b6d928a8a5117b2626e675d78e41459c47840505b6ff906440671cbac2984,"",client_a_preview,0,"","",USDT/USD,999550000000000000,1780941227,failed,,,0,0,,,,,1780941241162,1780941241162
1024,0x968b6e9bd1cf0f35ffcca91054620191ddf4b0ec96e58fb75d98387c0425368f,"",client_a_preview,0,"","",SHIB/USD,4745078775000,1780941230,failed,,,0,0,,,,,1780941241167,1780941241167
1025,0x7b1eb85fe41fcbe23cdc1d1fafb578364e945a51efc1bf4b8ef8b05ec8af3dc6,"",client_a_preview,0,"","",USDC/USD,999702455600000000,1780941224,failed,,,0,0,,,,,1780941252397,1780941252397
1026,0x037b6d928a8a5117b2626e675d78e41459c47840505b6ff906440671cbac2984,"",client_a_preview,0,"","",USDT/USD,999550000000000000,1780941227,failed,,,0,0,,,,,1780941252429,1780941252429
1027,0x968b6e9bd1cf0f35ffcca91054620191ddf4b0ec96e58fb75d98387c0425368f,"",client_a_preview,0,"","",SHIB/USD,4745078775000,1780941230,failed,,,0,0,,,,,1780941252449,1780941252449
1028,0xaa27b815835737002de361089f31f015d4609a8118a74d65d22000242f5ba6ff,"",client_a_preview,0,"","",XVG/USD,2620642196940889,1780941225,failed,,,0,0,,,,,1780941252457,1780941252457
1029,0xe9b80679cd76eb7ede130478c7b627d0a38f2f0eca7dc71d84bafe7e8178d3a5,22867816612709dbf41b2eb2aa35a20bfbb1e2af3ae32ec3984e2ee1cfb8c093,client_a_preview,0,"","",XVG/USD,"",0,confirmed,,,0,0,,,1780941286136,1780941401944,,1780941286136
1030,0x77856a0e3eeb174d8fd53a91107afb77160035ab10f34c91881e8a46901fd06f,"",client_a_preview,0,"","",USDT/USD,999560000000000000,1780941397,failed,,,0,0,,,,,1780941406737,1780941406737
1031,0xc8b5e0b0b512d523f4578c0903913f53d9d56d5b589235ad4108504ecf485327,"",client_a_preview,0,"","",USDC/USD,999704957650000064,1780941394,failed,,,0,0,,,,,1780941406742,1780941406742
1032,0xc32b193c16da0ece13685b7a81bd38d6aed461fc645bb7531e7aeef088997d02,"",client_a_preview,0,"","",SHIB/USD,4745673480000,1780941362,failed,,,0,0,,,,,1780941406754,1780941406754
1033,0xa07a2bdf941f9279fc20776f77f725c75c7dd92b3236822a1e0130b4e5cbcf57,"",client_a_preview,0,"","",XVG/USD,2620610340000000,1780941395,failed,,,0,0,,,,,1780941406761,1780941406761
1034,0xef95dc94d77ff0cdb6b1398626964c0dfb14f3d47a8998abb1409bdd960602fe,"",client_a_preview,0,"","",NEIRO/USD,68674004431699,1780941385,failed,,,0,0,,,,,1780941406768,1780941406768
1035,0x7d8c8d0af057249eef5fe789d45a008ec43def432adf2b4a1529d92ad54dd017,483b5694446e451b439fb01538cfbd0800dd4c4e96e156942f4e187c1112fb45,client_a_preview,0,"","",SHIB/USD,"",0,confirmed,,,0,0,,,1780941424920,1780941511714,,1780941424920
1036,0x3e26bd15e1c1fe4f6ebba66e6dddbd43cae51ec7e05b1f50ac7ed1f8c9d8f95d,"",client_a_preview,0,"","",USDC/USD,999709902000000128,1780941478,failed,,,0,0,,,,,1780941517470,1780941517470
1037,0x513133de916fdb199b3f56993f029b5405baab37f8816fa2c1688e75e618f02f,"",client_a_preview,0,"","",USDT/USD,999560000000000000,1780941481,failed,,,0,0,,,,,1780941517477,1780941517477
1038,0xf54e4e0221d346808a4c70840a7e503b92b1c5e7cd4908ed16c503edc8dfa1f6,"",client_a_preview,0,"","",SHIB/USD,4745720960000,1780941484,failed,,,0,0,,,,,1780941517483,1780941517483
1039,0x95cefafe4b37472e8e5e5fcbc7593a4d36711b789f7ff5bc17764d7bbc3205b4,"",client_a_preview,0,"","",NEIRO/USD,68689763200000,1780941507,failed,,,0,0,,,,,1780941517488,1780941517488
1040,0x374e6c6d68e81a6d35b6cbce618b682ffd3ecf6fc32c0ad1756c5ef58d1c365f,"",client_a_preview,0,"","",DOGE/USD,86443809950000008,1780941483,failed,,,0,0,,,,,1780941517496,1780941517496
1041,0xcfdbf67676b8ba6f9139d9957409dd9821df63cd926c7111fccf0b2c33289967,ad215cf8870434187f5ef7a41651c71cbcba8d2e298e1e13ef81681c3f4cd32e,client_a_preview,0,"","",USDT/USD,"",0,confirmed,,,0,0,,,1780941542088,1780941680098,,1780941542088
1042,0x642a5d8920f689185927decfdfecbf99f5e1a1ea4906ccbe85c84774a3aba560,"",client_a_preview,0,"","",USDC/USD,999709902000000128,1780941648,failed,,,0,0,,,,,1780941687091,1780941687091
1043,0xd62d398f0ad2203564ace026a74393fc95f9f7b732e32ad6546ff257bce25391,"",client_a_preview,0,"","",USDT/USD,999560296305541568,1780941652,failed,,,0,0,,,,,1780941687098,1780941687098
1044,0x4c7df341d96c8b05889fe703049828c1c87f962c76dbc15e87de5af3d68e66ae,"",client_a_preview,0,"","",DOGE/USD,86450425372974400,1780941653,failed,,,0,0,,,,,1780941687106,1780941687106
1045,0xfa92c5f07e4813db8ba135adaa550d6bcb0bf054a6906380aa0ea84a87f575ff,"",client_a_preview,0,"","",NEIRO/USD,68709674906429,1780941640,failed,,,0,0,,,,,1780941687112,1780941687112
1046,0x5e15e4674f346de376f0a27e4676faa37d3969329c1bf396fa5f4051e447850b,"",client_a_preview,0,"","",ARB/USD,83100000000000000,1780941674,failed,,,0,0,,,,,1780941687119,1780941687119
1047,0x95b6660e32e0f797df941218508bb62a67ed409ba7dd0475dbc25d9865fc06e7,"",client_a_preview,0,"","",BTC/USD,63427136506912896450560,1780941641,failed,,,0,0,,,,,1780941687129,1780941687129
1048,0x3adc12f1ccd4fd8d1c49267232c7fd898fed65594057afbf3297eef40edd52a3,"",client_a_preview,0,"","",ETH/USD,1681631413779155124224,1780941642,failed,,,0,0,,,,,1780941687135,1780941687135
1049,0x11bfb15c8e4d31cb22be692553171e76d0b286815fc476517c697eafae439527,bf747c6eefa66c0960c23fbc53e975747db0d1837913391c0713eb39f37d6061,client_a_preview,0,"","",NEIRO/USD,"",0,confirmed,,,0,0,,,1780941704237,1780941774256,,1780941704237
1050,0x4c6703bb26d43803a82b3d680640a97061c9b12ad950033ca52d14abf0f57112,"",client_a_preview,0,"","",BTC/USD,63431300719847149666304,1780941729,failed,,,0,0,,,,,1780941782843,1780941782843
1051,0xb3626cdad48125ee101deed03f64c595d6fee3821af52c5a973959aacae83f06,"",client_a_preview,0,"","",ETH/USD,1681893372473019465728,1780941730,failed,,,0,0,,,,,1780941782852,1780941782852
1052,0xa110f4a8371517d59d44dfbbac75674dbbda685bb5dcc409a2d29ee4ef5c9e56,"",client_a_preview,0,"","",USDC/USD,999709902000000128,1780941736,failed,,,0,0,,,,,1780941782859,1780941782859
1053,0x6530832ab8ab2cb70fd6c0aefd6b569518c23b1582ef8f064847df60534fecf2,"",client_a_preview,0,"","",DOGE/USD,86461500000000000,1780941741,failed,,,0,0,,,,,1780941782867,1780941782867
1054,0x7230c9dd44e65202a12b8e42338ee629279707bcfcd809073afea83d9f7d964a,"",client_a_preview,0,"","",ARB/USD,83131745475000016,1780941760,failed,,,0,0,,,,,1780941782872,1780941782872
1055,0x945802f45a03394e3cad045cc23f1d38008c23ee4c1deac39571ffce0e4987b6,"",client_a_preview,0,"","",NEIRO/USD,68729494000000,1780941766,failed,,,0,0,,,,,1780941782883,1780941782883
1056,0x9a0124725e1efc5b3c0e5116e784c2d055d8a8357bd8d1289d44fa9e5c4e4a79,"",client_a_preview,0,"","",LTC/USD,43149278400000004096,1780941728,failed,,,0,0,,,,,1780941782888,1780941782888
1057,0x122187d30850cd2d01028a0a11dc342518c698080a2a64477bf2d0a049868364,"",client_a_preview,0,"","",LTC/USD,43159705399999995904,1780941775,failed,,,0,0,,,,,1780941788698,1780941788698
1058,0xd22e2e9ec82b58d136402d553b858a37d791304c245f93e325dfeb84d60bf549,"",client_a_preview,0,"","",BTC/USD,63437768346409004695552,1780941776,failed,,,0,0,,,,,1780941788703,1780941788703
1059,0x2969122f5768e04f9bedc09ef64901214ddb9335dee2877917bd875f64b5efe3,"",client_a_preview,0,"","",ETH/USD,1682007834042680213504,1780941777,failed,,,0,0,,,,,1780941788710,1780941788710
1060,0x1953217ba61ac01b18e2c45126cfbd0fdb720d12121206d87158bc8b17b7b8a7,"",client_a_preview,0,"","",USDC/USD,999709908800000000,1780941783,failed,,,0,0,,,,,1780941794560,1780941794560
1061,0x074b22a1a3bd855b9579fd1f8d9038fd444e65e8a28d34228c29ced9186abaec,"",client_a_preview,0,"","",DOGE/USD,86480103975000016,1780941787,failed,,,0,0,,,,,1780941800366,1780941800366
1062,0xd22e2e9ec82b58d136402d553b858a37d791304c245f93e325dfeb84d60bf549,"",client_a_preview,0,"","",BTC/USD,63437768346409004695552,1780941776,failed,,,0,0,,,,,1780941800372,1780941800372
1063,0x2969122f5768e04f9bedc09ef64901214ddb9335dee2877917bd875f64b5efe3,"",client_a_preview,0,"","",ETH/USD,1682007834042680213504,1780941777,failed,,,0,0,,,,,1780941800379,1780941800379
1064,0x1953217ba61ac01b18e2c45126cfbd0fdb720d12121206d87158bc8b17b7b8a7,"",client_a_preview,0,"","",USDC/USD,999709908800000000,1780941783,failed,,,0,0,,,,,1780941800398,1780941800398
1065,0x122187d30850cd2d01028a0a11dc342518c698080a2a64477bf2d0a049868364,"",client_a_preview,0,"","",LTC/USD,43159705399999995904,1780941775,failed,,,0,0,,,,,1780941800404,1780941800404
1066,0x7230c9dd44e65202a12b8e42338ee629279707bcfcd809073afea83d9f7d964a,"",client_a_preview,0,"","",ARB/USD,83131745475000016,1780941760,failed,,,0,0,,,,,1780941800411,1780941800411
1067,0x418d71e46adee8530673dad90cba79581dd4e73f8639d0379f0c6131674d8af6,80b5e3a4801f3b056e8b3d2b78dec856fc031622ff0cf77a0cf3f4bdc88923ae,client_a_preview,0,"","",ARB/USD,"",0,confirmed,,,0,0,,,1780941823954,1780941921877,,1780941823954
1068,0x381583fa64ab22a65e88d98b56e504fdcce5987efdf01d672fa495cd0881251b,095a9874151c29e89da27844f6799265c7aa9703cd9e3a46ae591557750c9e6d,client_a_preview,0,"","",LTC/USD,"",0,confirmed,,,0,0,,,1780941945944,1780941992233,,1780941945944
1069,0x5637a60288403eca8713991f53bb6eaef5ac4adbe678ac56e1d7f4d354e9183b,095a9874151c29e89da27844f6799265c7aa9703cd9e3a46ae591557750c9e6d,client_a_preview,0,"","",BTC/USD,"",0,confirmed,,,0,0,,,1780941945953,1780941992244,,1780941945953
1070,0x698051314b0a40efab3c54048503b94d4d621742f19b2c7c33f7c83c3bc46c25,095a9874151c29e89da27844f6799265c7aa9703cd9e3a46ae591557750c9e6d,client_a_preview,0,"","",ETH/USD,"",0,confirmed,,,0,0,,,1780941945960,1780941992252,,1780941945960
1071,0x563dc3cc886ed073acbe3af26be7e54bc8178414b5b6f9dfc1ba3c3dd51d022e,095a9874151c29e89da27844f6799265c7aa9703cd9e3a46ae591557750c9e6d,client_a_preview,0,"","",USDC/USD,"",0,confirmed,,,0,0,,,1780941945967,1780941992258,,1780941945967
1072,0x629935c31298a3cf52a8b75130b43badb5a24a509f3eb58b78b5e5aeadf566cb,095a9874151c29e89da27844f6799265c7aa9703cd9e3a46ae591557750c9e6d,client_a_preview,0,"","",DOGE/USD,"",0,confirmed,,,0,0,,,1780941945972,1780941992267,,1780941945972
1073,0x59627fa7e1b3be050d4b9feb3bb9185bb7e9d85e38011a769f2e9403f0d0e447,095a9874151c29e89da27844f6799265c7aa9703cd9e3a46ae591557750c9e6d,client_a_preview,0,"","",ARB/USD,"",0,confirmed,,,0,0,,,1780941945978,1780941992274,,1780941945978
1074,0x17aee1bd7f4c9c245a52de9e008b36b9a8444d3d0ccc9a7a870ce13087ae620e,"",client_a_preview,0,"","",BTC/USD,63451862596250001997824,1780941987,failed,,,0,0,,,,,1780942000211,1780942000211
1075,0x4fa395ab28187f48db2e9461a1df1a40037b04a037c96ae550cd389da9b2b27f,"",client_a_preview,0,"","",ETH/USD,1682546774717697097728,1780941988,failed,,,0,0,,,,,1780942000222,1780942000222
1076,0xa3a3519c4c3c20d9ef25679d9a636e6456542915287388451ec946b756d2eee9,"",client_a_preview,0,"","",USDC/USD,999709908800000000,1780941954,failed,,,0,0,,,,,1780942000234,1780942000234
1077,0xa243bb7f28667b3dba71e904995931ac068acdcc50f5c3949dd8b1f8ecb1e2ef,"",client_a_preview,0,"","",DOGE/USD,86516833407500000,1780941958,failed,,,0,0,,,,,1780942000243,1780942000243
1078,0x50abf494a9e7de896d770ac3f8fd9e9b959818629e88b709df3eb00d3d46c53a,"",client_a_preview,0,"","",LTC/USD,43199254400000000000,1780941986,failed,,,0,0,,,,,1780942000250,1780942000250
1079,0xda3dd51881df6d1e7c6e46bb5eddca8d4c50be5f88fade45074e5077ec5f31d6,8a9f8a359585154da52303d6b6c897a978492309fcfbbaea8968e51586bd0778,client_a_preview,0,"","",SHIB/USD,"",0,confirmed,,,0,0,,,1780942023947,1780942094215,,1780942023947
1080,0x0d406a501db14948a49a2cb45398fc4921706c4cec20ab8817450db9686a421f,"",client_a_preview,0,"","",XVG/USD,2622609280000000,1780942080,failed,,,0,0,,,,,1780942098972,1780942098972
1081,0x5c7f14089564a9bfa04b2d3628e00c1f18a3ff1e0573db7ddb44ab0cd2d291c4,"",client_a_preview,0,"","",SHIB/USD,4752466939852,1780942088,failed,,,0,0,,,,,1780942098979,1780942098979
1082,0x0d406a501db14948a49a2cb45398fc4921706c4cec20ab8817450db9686a421f,"",client_a_preview,0,"","",XVG/USD,2622609280000000,1780942080,failed,,,0,0,,,,,1780942116993,1780942116993
1083,0x74af5563b6b0f4cc264ec919f08adf162a16434741ba9b7543dd233d2c29328f,0e79ce9e69fc9ed862dc4c18a30e9d8258941957d822b68e05ceeddf194c8721,client_a_preview,0,"","",NEIRO/USD,"",0,confirmed,,,0,0,,,1780942134552,1780942178925,,1780942134552
1084,0x702e6ed5fc77e70b1344d794355f047e829d9da0d9682cf6be1e3a5a86c3f8f6,"",client_a_preview,0,"","",XVG/USD,2622609280000000,1780942165,failed,,,0,0,,,,,1780942183682,1780942183682
1085,0x93d23c67d6f767712a6ebb348ba38a63c4c2c639194b99ecffacdfa3bb7a78dd,"",client_a_preview,0,"","",NEIRO/USD,68896224100000,1780942156,failed,,,0,0,,,,,1780942183690,1780942183690
1086,0x702e6ed5fc77e70b1344d794355f047e829d9da0d9682cf6be1e3a5a86c3f8f6,"",client_a_preview,0,"","",XVG/USD,2622609280000000,1780942165,failed,,,0,0,,,,,1780942203466,1780942203466
1087,0x678c055c46b8f5b5e823c7e407d6aa6455abfa6e21303f530efa3e22a28b8e63,b104385629373b9d181680fdddd3ae4c0c22e05387db2b66b2394d130b9371b0,client_a_preview,0,"","",NEIRO/USD,"",0,confirmed,,,0,0,,,1780942220461,1780942258467,,1780942220461
1088,0x66a01a083cbc90680221e956b483ea9d262d7203f925169900cff457f2c30778,"",client_a_preview,0,"","",LTC/USD,43228740240000004096,1780942247,failed,,,0,0,,,,,1780942265343,1780942265343
1089,0x29e16b4b4fe9704673feae4513f8f5def4d7a4174d22c8ec0c68bc7160e32a28,"",client_a_preview,0,"","",XVG/USD,2622609280000000,1780942253,failed,,,0,0,,,,,1780942265351,1780942265351
1090,0x011d44931695663179b1b4585aed97452d740fd9d39936b466c10b497c3b354c,"",client_a_preview,0,"","",NEIRO/USD,69028141449999,1780942244,failed,,,0,0,,,,,1780942265360,1780942265360
1091,0x4fd995440888e910b8e5a382bedb5f534a002e4de23649cb5308ddbc9777bf59,a831a7c7999392a2708f4c84a6e5e969a3dec366849af54ca2c6e307a72dfd97,client_a_preview,0,"","",DOGE/USD,"",0,confirmed,,,0,0,,,1780942283132,1780942343904,,1780942283132
1092,0x9cd61bf837a935d4611a8aedd0f89f799a67e9c719149cf7408b3c2c09c9aa0f,"",client_a_preview,0,"","",USDT/USD,999542500000000064,1780942340,failed,,,0,0,,,,,1780942349778,1780942349778
1093,0xef6d2696ac8aa19d8032f5f6afb2d104067c62681c76e82da12f80b9f609e6da,"",client_a_preview,0,"","",XVG/USD,2622609280000000,1780942337,failed,,,0,0,,,,,1780942349785,1780942349785
1094,0x4b9267a9c629ec4cb659a696039d0666f1407c19b31299057f5fb1c67b395eca,"",client_a_preview,0,"","",NEIRO/USD,69203919400000,1780942329,failed,,,0,0,,,,,1780942349796,1780942349796
1095,0x1aa844154cd7c4ef61e66d411d6ac60f430ac09436073a83191729f0675b8a56,"",client_a_preview,0,"","",LTC/USD,43230376875000000512,1780942332,failed,,,0,0,,,,,1780942349804,1780942349804
1096,0xc003c8eabed9c575c7769c367616bfcc3fe02a2a50afc2b92a89f8e16783ab3a,"",client_a_preview,0,"","",DOGE/USD,86596309600000000,1780942304,failed,,,0,0,,,,,1780942349811,1780942349811
1097,0xbf4f0f2a63bbaadaeafcc1b67953bb60211e3d7eab6222245827b9f51f9ed59a,"",client_a_preview,0,"","",ARB/USD,83296875000000008,1780942317,failed,,,0,0,,,,,1780942349817,1780942349817
1098,0xfc6bfc7489952f75a01e6e706e4c3387f34b3b0899571dce54d8f8f76f4182b3,"",client_a_preview,0,"","",ARB/USD,83333731675000008,1780942362,failed,,,0,0,,,,,1780942371463,1780942371463
1099,0x9cd61bf837a935d4611a8aedd0f89f799a67e9c719149cf7408b3c2c09c9aa0f,"",client_a_preview,0,"","",USDT/USD,999542500000000064,1780942340,failed,,,0,0,,,,,1780942377284,1780942377284
1100,0xef6d2696ac8aa19d8032f5f6afb2d104067c62681c76e82da12f80b9f609e6da,"",client_a_preview,0,"","",XVG/USD,2622609280000000,1780942337,failed,,,0,0,,,,,1780942377288,1780942377288
1101,0x7f5d729f02923293154d6dfd3b2e0b7f341366e1cfa9e24a3d6123ccdf3522e5,322056db786142af4b193a412890f2fde1eff1cc72d1367e55fbb8e6dfe46bc4,client_a_preview,0,"","",NEIRO/USD,"",0,confirmed,,,0,0,,,1780942394556,1780942513178,,1780942394556
1102,0x6370d21305ff2d93566902e03b9d63c953483cd0c829ffe918f6bfb07cfb37c8,"",client_a_preview,0,"","",LTC/USD,43234078060000002048,1780942504,failed,,,0,0,,,,,1780942520079,1780942520079
1103,0x0576964234edbad3278fd171a2019b361831ef4d7c1bba47a8b6f2ea498661fb,"",client_a_preview,0,"","",XVG/USD,2622609280000000,1780942510,failed,,,0,0,,,,,1780942520090,1780942520090
1104,0xd6b24c1df8f36ce54dda4444b369ae0b9768d30d15728791137cd9d18848a458,"",client_a_preview,0,"","",USDT/USD,999540000000000064,1780942466,failed,,,0,0,,,,,1780942520097,1780942520097
1105,0x0f47152c6a429e9514de69078eba629760ed7f73f83394b400113903fa83f0f8,"",client_a_preview,0,"","",ARB/USD,83364134800000008,1780942489,failed,,,0,0,,,,,1780942520102,1780942520102
1106,0xfe257316897d917a6071cef6b15a0aeeb4d0b3d31b3ddb1e1e176eaae508b0be,"",client_a_preview,0,"","",NEIRO/USD,69331704800000,1780942499,failed,,,0,0,,,,,1780942520109,1780942520109
1107,0x4fb35a0ccaf423bd1dc9faad8525480ca3aa9e7b6cfd9ec823b1f6c66677fc81,"",client_a_preview,0,"","",ETH/USD,1684124945800000176128,1780942506,failed,,,0,0,,,,,1780942520114,1780942520114
1108,0xe06252e85dc25392445e07dc935a32e0083d10ba951a66c66fcf8b1c570f3e8f,"",client_a_preview,0,"","",SHIB/USD,4756738896145,1780942474,failed,,,0,0,,,,,1780942520118,1780942520118
1109,0xe334a0ccf159bbb2d2868066bf23e848edd7846585846b3009dfe0b0f5f3ab5d,"",client_a_preview,0,"","",USDT/USD,999540000000000000,1780942512,failed,,,0,0,,,,,1780942525949,1780942525949
1110,0xd544e00fc55bc3d3cc4a64ce23886da417533dd7b551ebc96870d366afafdbcf,84f6f52669a665be28becdd0fa2238b1eb40ba9607ae205e07c01a9c3a8f6010,client_a_preview,0,"","",SHIB/USD,"",0,confirmed,,,0,0,,,1780942543385,1780942604125,,1780942543385
1111,0x8f9d1047b6cd2838eca60593f7383d780f2630c0e39c1027252f7ba91b70de2d,"",client_a_preview,0,"","",ARB/USD,83384968800000008,1780942574,failed,,,0,0,,,,,1780942611112,1780942611112
1112,0x41727a861192df14f951dcee7f87be3c1da3c517e38df4bb8c85d8cf2b048ae4,"",client_a_preview,0,"","",USDT/USD,999540000000000000,1780942598,failed,,,0,0,,,,,1780942611123,1780942611123
1113,0x111094f7db92f73be1e873fbec8b859405f312eb94c1db662d635a4ec78ec8f3,"",client_a_preview,0,"","",XVG/USD,2622232863871952,1780942595,failed,,,0,0,,,,,1780942611133,1780942611133
1114,0xa252347e47503f107a4a75fc56bebc2db3f7694a06dcc255949e1977e8feda48,"",client_a_preview,0,"","",NEIRO/USD,69331704800000,1780942585,failed,,,0,0,,,,,1780942611143,1780942611143
1115,0x2a4b06d26cd9b96af2ad0028d46b5468d39f4c811187ca4dd1ae891ac9dcedd8,"",client_a_preview,0,"","",LTC/USD,43240532999999995904,1780942588,failed,,,0,0,,,,,1780942611155,1780942611155
1116,0xe8ead453d05dc6e21780b8c53ae595e966efdce7ec230914d4c3804e2e94eb57,"",client_a_preview,0,"","",ETH/USD,1684181530183714471936,1780942591,failed,,,0,0,,,,,1780942611165,1780942611165
1117,0xadc02b9bf461a418be30b9fd1f1029ac1949f29a0fca35297c66bb98b1f7d554,"",client_a_preview,0,"","",SHIB/USD,4759928550000,1780942560,failed,,,0,0,,,,,1780942611173,1780942611173
1118,0x777475ec8b54922ea5512cfa71af579264f51ec38040a2a646ee78f42f6c5ab0,"",client_a_preview,0,"","",BTC/USD,63485011587249999970304,1780942590,failed,,,0,0,,,,,1780942611183,1780942611183
1119,0xe45161a5775727a695f420959ecc09d11c2aa5d539dfb755bf382e53c7a27e81,"",client_a_preview,0,"","",USDC/USD,999714906400000000,1780942597,failed,,,0,0,,,,,1780942611205,1780942611205
1120,0x2b82b997ac3fcb91d98dd95e4f3caa0e2809ab551151e8847252d9663e14e88d,"",client_a_preview,0,"","",ARB/USD,83409944000000008,1780942620,failed,,,0,0,,,,,1780942630028,1780942630028
1121,0x777475ec8b54922ea5512cfa71af579264f51ec38040a2a646ee78f42f6c5ab0,"",client_a_preview,0,"","",BTC/USD,63485011587249999970304,1780942590,failed,,,0,0,,,,,1780942638758,1780942638758
1122,0xe8ead453d05dc6e21780b8c53ae595e966efdce7ec230914d4c3804e2e94eb57,"",client_a_preview,0,"","",ETH/USD,1684181530183714471936,1780942591,failed,,,0,0,,,,,1780942638766,1780942638766
1123,0xe45161a5775727a695f420959ecc09d11c2aa5d539dfb755bf382e53c7a27e81,"",client_a_preview,0,"","",USDC/USD,999714906400000000,1780942597,failed,,,0,0,,,,,1780942638773,1780942638773
1124,0x41727a861192df14f951dcee7f87be3c1da3c517e38df4bb8c85d8cf2b048ae4,"",client_a_preview,0,"","",USDT/USD,999540000000000000,1780942598,failed,,,0,0,,,,,1780942638810,1780942638810
1125,0x2a4b06d26cd9b96af2ad0028d46b5468d39f4c811187ca4dd1ae891ac9dcedd8,"",client_a_preview,0,"","",LTC/USD,43240532999999995904,1780942588,failed,,,0,0,,,,,1780942638818,1780942638818
1126,0x2b82b997ac3fcb91d98dd95e4f3caa0e2809ab551151e8847252d9663e14e88d,"",client_a_preview,0,"","",ARB/USD,83409944000000008,1780942620,failed,,,0,0,,,,,1780942638837,1780942638837
1127,0x111094f7db92f73be1e873fbec8b859405f312eb94c1db662d635a4ec78ec8f3,"",client_a_preview,0,"","",XVG/USD,2622232863871952,1780942595,failed,,,0,0,,,,,1780942638854,1780942638854
1128,0x47fea2bbdc0a849c0cd4882dd3d1949e0310179dacc1d21bff3471445a11af0d,"",client_a_preview,0,"","",NEIRO/USD,69331704800000,1780942628,failed,,,0,0,,,,,1780942644563,1780942644563
1129,0x09c4ba6e9b28f38401af1f5f817bdeddf7b8aae3567fd4494104ff0e256a01a1,"",client_a_preview,0,"","",LTC/USD,43244881700000002048,1780942634,failed,,,0,0,,,,,1780942644570,1780942644570
1130,0x306915aaee372eec6681fe8968645a6b7ef2dc487000beea7c5bc91d50d98569,"",client_a_preview,0,"","",BTC/USD,63485011587249999970304,1780942635,failed,,,0,0,,,,,1780942644577,1780942644577
1131,0xe437bd56441db3fb74b0de4acef21978fb3c6cc3f68faf731b013d10b0292a60,"",client_a_preview,0,"","",ETH/USD,1684181530183714471936,1780942636,failed,,,0,0,,,,,1780942650371,1780942650371
1132,0xf5beb3ab0fd84f237a383702465f359e0d217af8b7a3ffc3ddd889f2c0772741,"",client_a_preview,0,"","",XVG/USD,2622232863871952,1780942637,failed,,,0,0,,,,,1780942650380,1780942650380
1133,0xacb6c180817649995ba5ee9606e8122b4ad9d252c19de7c1a022b3d58aae2d0f,"",client_a_preview,0,"","",USDT/USD,999540000000000000,1780942640,failed,,,0,0,,,,,1780942650391,1780942650391
1134,0x305af79d17561c5d236e73edaa085e44d6a59202cdc7114bba58837754c53f94,"",client_a_preview,0,"","",USDC/USD,999714906400000000,1780942642,failed,,,0,0,,,,,1780942650398,1780942650398
1135,0x306915aaee372eec6681fe8968645a6b7ef2dc487000beea7c5bc91d50d98569,"",client_a_preview,0,"","",BTC/USD,63485011587249999970304,1780942635,failed,,,0,0,,,,,1780942665030,1780942665030
1136,0xe437bd56441db3fb74b0de4acef21978fb3c6cc3f68faf731b013d10b0292a60,"",client_a_preview,0,"","",ETH/USD,1684181530183714471936,1780942636,failed,,,0,0,,,,,1780942665038,1780942665038
1137,0x305af79d17561c5d236e73edaa085e44d6a59202cdc7114bba58837754c53f94,"",client_a_preview,0,"","",USDC/USD,999714906400000000,1780942642,failed,,,0,0,,,,,1780942665046,1780942665046
1138,0xacb6c180817649995ba5ee9606e8122b4ad9d252c19de7c1a022b3d58aae2d0f,"",client_a_preview,0,"","",USDT/USD,999540000000000000,1780942640,failed,,,0,0,,,,,1780942665065,1780942665065
1139,0x09c4ba6e9b28f38401af1f5f817bdeddf7b8aae3567fd4494104ff0e256a01a1,"",client_a_preview,0,"","",LTC/USD,43244881700000002048,1780942634,failed,,,0,0,,,,,1780942665084,1780942665084
1140,0x2b82b997ac3fcb91d98dd95e4f3caa0e2809ab551151e8847252d9663e14e88d,"",client_a_preview,0,"","",ARB/USD,83409944000000008,1780942620,failed,,,0,0,,,,,1780942665090,1780942665090
1141,0xf5beb3ab0fd84f237a383702465f359e0d217af8b7a3ffc3ddd889f2c0772741,"",client_a_preview,0,"","",XVG/USD,2622232863871952,1780942637,failed,,,0,0,,,,,1780942665093,1780942665093
1142,0x32e53d44f657c67cb2cc6d802a875090577ad40df1ebcbd656c68d0b1d8bf2c8,5afc2ca53a15133aa2faedc6f2974ad370a50caf3cf0c1799043eabf9e600bbc,client_a_preview,0,"","",ARB/USD,"",0,confirmed,,,0,0,,,1780942682330,1780942768522,,1780942682330
1143,0x3a0f707d69b1fecef4b2788db1fc29de514dd91234540cb34429c9b60b155b60,"",client_a_preview,0,"","",NEIRO/USD,69331704800000,1780942671,failed,,,0,0,,,,,1780942774834,1780942774834
1144,0xe55c263fc361ee8fbd2d0f6a7041ae348caf1f3d2bdf3d9f4bc6a8128bbba7b1,"",client_a_preview,0,"","",LTC/USD,43274612800000004096,1780942761,failed,,,0,0,,,,,1780942774844,1780942774844
1145,0xfb3e5ad0d4cfcdc0c58572acd92f6c4cf6023342072c64d7839910d700d0a15e,"",client_a_preview,0,"","",BTC/USD,63485011587249999970304,1780942762,failed,,,0,0,,,,,1780942774851,1780942774851
1146,0x76855bb1c27235f274e00ba0c88d9a5621744099089ece62330d45eb5927ddfa,"",client_a_preview,0,"","",ETH/USD,1684213356573380313088,1780942763,failed,,,0,0,,,,,1780942774856,1780942774856
1147,0xc9e085febd4627f397ae1021002ac2a1f0a9b1d67659379a6fbb9b42f753149a,"",client_a_preview,0,"","",XVG/USD,2621851552476669,1780942765,failed,,,0,0,,,,,1780942774865,1780942774865
1148,0x9a487e98880775e88e69b82c842b3be8a789b243e50edbdb24dbe51bd006b61d,"",client_a_preview,0,"","",USDT/USD,999535000000000000,1780942725,failed,,,0,0,,,,,1780942774872,1780942774872
1149,0xa2d62323379fc0213569dd9f722b561ac52337923adc9d3b9292e612f4d24679,"",client_a_preview,0,"","",USDC/USD,999713664312500032,1780942727,failed,,,0,0,,,,,1780942774879,1780942774879
1150,0x391f95b51957b935427e4cf20cf60e22b178853e1685e2e4926affc32889a465,"",client_a_preview,0,"","",ARB/USD,83463051250000016,1780942747,failed,,,0,0,,,,,1780942774884,1780942774884
1151,0x55d145f968380b570de498d85a1077da9ac02110f963e72514ca8538366442ff,"",client_a_preview,0,"","",SHIB/USD,4763106562500,1780942732,failed,,,0,0,,,,,1780942774889,1780942774889
1152,0x6a4c16dcbb4ec79566cd5dbac7f12bf27fc6447f66faf25ee610913d9475ee9c,"",client_a_preview,0,"","",USDT/USD,999535000000000000,1780942768,failed,,,0,0,,,,,1780942780693,1780942780693
1153,0x4a01cecd944709380c4252e634e5b61f6db62a0ee29809239d773e0a02311724,"",client_a_preview,0,"","",USDC/USD,999712418712500096,1780942770,failed,,,0,0,,,,,1780942780701,1780942780701
1154,0xfb3e5ad0d4cfcdc0c58572acd92f6c4cf6023342072c64d7839910d700d0a15e,"",client_a_preview,0,"","",BTC/USD,63485011587249999970304,1780942762,failed,,,0,0,,,,,1780942780710,1780942780710
1155,0x76855bb1c27235f274e00ba0c88d9a5621744099089ece62330d45eb5927ddfa,"",client_a_preview,0,"","",ETH/USD,1684213356573380313088,1780942763,failed,,,0,0,,,,,1780942780718,1780942780718
1156,0xe55c263fc361ee8fbd2d0f6a7041ae348caf1f3d2bdf3d9f4bc6a8128bbba7b1,"",client_a_preview,0,"","",LTC/USD,43274612800000004096,1780942761,failed,,,0,0,,,,,1780942780726,1780942780726
1157,0xc9e085febd4627f397ae1021002ac2a1f0a9b1d67659379a6fbb9b42f753149a,"",client_a_preview,0,"","",XVG/USD,2621851552476669,1780942765,failed,,,0,0,,,,,1780942780731,1780942780731
1158,0x6c414101680fb2aba2effd21f8df432cb7d774afffd407db6c85f3604e469197,c9196c93becdb30cbb642ae6677cf173b400ee27a4cc75c7302d4b36b43ebd48,client_a_preview,0,"","",DOGE/USD,"",0,confirmed,,,0,0,,,1780942799660,1780942834330,,1780942799660
1159,0xf77e35d59c7d2075301daa6c9c8b40ac0e59e9feea20f4d47e9c8f21f6dd93e2,c9196c93becdb30cbb642ae6677cf173b400ee27a4cc75c7302d4b36b43ebd48,client_a_preview,0,"","",SHIB/USD,"",0,confirmed,,,0,0,,,1780942799674,1780942834342,,1780942799674
1160,0xcea2faca393f3b28e4d90576e3c3ec4b160b4109aab06e8856e5bfdfca8d3f08,"",client_a_preview,0,"","",BTC/USD,63485011587249999970304,1780942805,failed,,,0,0,,,,,1780942840330,1780942840330
1161,0xfca28f7e84ee783d3d0e0b0be990624b1ada3ce6e3367b5977e51367ed788aff,"",client_a_preview,0,"","",ETH/USD,1684213356573380313088,1780942806,failed,,,0,0,,,,,1780942840337,1780942840337
1162,0xa4396b9ec64963d89d6fe2cf2b8408fef91dc475af5c058bdf9be6f7175ae6c5,"",client_a_preview,0,"","",USDC/USD,999709934000000128,1780942812,failed,,,0,0,,,,,1780942840343,1780942840343
1163,0x3a44fb9cef7f06b2617a800546ed77550d5fc154fc654e4d5831b0068108f78e,"",client_a_preview,0,"","",USDT/USD,999530000000000000,1780942812,failed,,,0,0,,,,,1780942840348,1780942840348
1164,0x86a1179c3b345ca53aa4396f80bfc04d1b32bc8c8104ab7ff4deb43eac5a5a09,"",client_a_preview,0,"","",LTC/USD,43287938124999999488,1780942804,failed,,,0,0,,,,,1780942840357,1780942840357
1165,0x240fdc9b040fc4b2c19693adba7bc838a0f7e1037d8afe4497ee337cd05b6ad1,"",client_a_preview,0,"","",XVG/USD,2620610340000000,1780942809,failed,,,0,0,,,,,1780942840366,1780942840366
1166,0x7ecb389d990c08f5c1ec5ecefb53137f247dc9a835648fe0b8818c0a5422d70f,"",client_a_preview,0,"","",DOGE/USD,86681548800000008,1780942817,failed,,,0,0,,,,,1780942840376,1780942840376
1167,0xa82bed194846b67056629a4f6ec15b67dd2a0f1849b68aa1e706dd8169c878c9,"",client_a_preview,0,"","",SHIB/USD,4764224512666,1780942818,failed,,,0,0,,,,,1780942840383,1780942840383
1168,0x6d3dd75e32c8b224c03ab2a474b6982042adda9528274ff5cff0b4ebba529ef5,8802f778e67eba9b5dd41a20d9568fcfa35019745f70fda976b31ce2ddb70b22,client_a_preview,0,"","",LTC/USD,"",0,confirmed,,,0,0,,,1780942872684,1780942943989,,1780942872684
1169,0x1d8b6ff4d50b136f288edbae03b5728e31443084c169fc7ad43dfa3c466e9690,8802f778e67eba9b5dd41a20d9568fcfa35019745f70fda976b31ce2ddb70b22,client_a_preview,0,"","",BTC/USD,"",0,confirmed,,,0,0,,,1780942872700,1780942944002,,1780942872700
1170,0x38d23d21cb1045d31c970d7df461af6d6586ade23aabef00df6066e7d444ef38,"",client_a_preview,0,"","",ETH/USD,1684213356573380313088,1780942938,failed,,,0,0,,,,,1780942951087,1780942951087
1171,0x3155b549f457902efdeb3be9fe6333f2e01a5b428ce45f53edd58cd50069fb58,"",client_a_preview,0,"","",XVG/USD,2615796170000000,1780942940,failed,,,0,0,,,,,1780942951094,1780942951094
1172,0x3008e7e95fb6e8e904e19b422e1e552c7c07b7e7abe3a7ba7c31266091d4a875,"",client_a_preview,0,"","",USDT/USD,999530000000000000,1780942899,failed,,,0,0,,,,,1780942951101,1780942951101
1173,0x15a6d272856357c8fdbf0f6b5a5ce3bd1932daa517d0d7a3a85f4a0775b2f697,"",client_a_preview,0,"","",BTC/USD,63485011587249999970304,1780942937,failed,,,0,0,,,,,1780942951107,1780942951107
1174,0xa72109bc53fdc7d0b4eee8176aa01214fbcc8a0621d6582b519b8060d8db05f4,"",client_a_preview,0,"","",USDC/USD,999709931000000064,1780942900,failed,,,0,0,,,,,1780942951113,1780942951113
1175,0x42ad99019bf095a99d7220d81d5abadcd6a0ef3628b3b844836fff2f19471281,"",client_a_preview,0,"","",LTC/USD,43300722600000004096,1780942936,failed,,,0,0,,,,,1780942951120,1780942951120
1176,0x7be80338d8f58f1a252cae27deb2fa588f40dd481a12c47bf4be76a32d153015,"",client_a_preview,0,"","",ARB/USD,83516798500000000,1780942922,failed,,,0,0,,,,,1780942951125,1780942951125
1177,0x0bdba4cad0de450a0ce604132a1f18b165bb236ed3a9beaf13316051722540e4,"",client_a_preview,0,"","",USDT/USD,999530000000000000,1780942942,failed,,,0,0,,,,,1780942956999,1780942956999
1178,0x38d23d21cb1045d31c970d7df461af6d6586ade23aabef00df6066e7d444ef38,"",client_a_preview,0,"","",ETH/USD,1684213356573380313088,1780942938,failed,,,0,0,,,,,1780942957009,1780942957009
1179,0xd64f6d632913db5d2db5b79ce92702cd107d52ea5bc6cc97b39590db7f01821f,"",client_a_preview,0,"","",USDC/USD,999709929512500096,1780942944,failed,,,0,0,,,,,1780942957017,1780942957017
1180,0x3155b549f457902efdeb3be9fe6333f2e01a5b428ce45f53edd58cd50069fb58,"",client_a_preview,0,"","",XVG/USD,2615796170000000,1780942940,failed,,,0,0,,,,,1780942957024,1780942957024
1181,0xb5f5455158871279f5b6d2227b875375951e3a88209745e8702b79df93bc62c4,"",client_a_preview,0,"","",ARB/USD,83540099075000000,1780942963,failed,,,0,0,,,,,1780942973732,1780942973732
1182,0x38d23d21cb1045d31c970d7df461af6d6586ade23aabef00df6066e7d444ef38,"",client_a_preview,0,"","",ETH/USD,1684213356573380313088,1780942938,failed,,,0,0,,,,,1780942984003,1780942984003
1183,0xd64f6d632913db5d2db5b79ce92702cd107d52ea5bc6cc97b39590db7f01821f,"",client_a_preview,0,"","",USDC/USD,999709929512500096,1780942944,failed,,,0,0,,,,,1780942984014,1780942984014
1184,0x0bdba4cad0de450a0ce604132a1f18b165bb236ed3a9beaf13316051722540e4,"",client_a_preview,0,"","",USDT/USD,999530000000000000,1780942942,failed,,,0,0,,,,,1780942984022,1780942984022
1185,0x3155b549f457902efdeb3be9fe6333f2e01a5b428ce45f53edd58cd50069fb58,"",client_a_preview,0,"","",XVG/USD,2615796170000000,1780942940,failed,,,0,0,,,,,1780942984029,1780942984029
1186,0xcff0bb90f593661cd0aff0a343ecb46ce4e221a9011d4edaffb6e9308bc629b8,"",client_a_preview,0,"","",ETH/USD,1684344043300000104448,1780942981,failed,,,0,0,,,,,1780942991023,1780942991023
1187,0xb65562fd6c2117208957b9089932966aa1279fd4c43952d80936561b44e47e25,"",client_a_preview,0,"","",XVG/USD,2615796170000000,1780942983,failed,,,0,0,,,,,1780942991030,1780942991030
1188,0x7bb58817f607708fe5a543d1607a43df5e24cf408d21d2ad19a756171e9714c6,"",client_a_preview,0,"","",USDT/USD,999530000000000000,1780942986,failed,,,0,0,,,,,1780942997772,1780942997772
1189,0xe7ab71212ea2dbcaa566b69bfcd2db9e002079e58cb0115ea4e1510ddfe968b3,"",client_a_preview,0,"","",USDC/USD,999709931000000064,1780942987,failed,,,0,0,,,,,1780942997779,1780942997779
1190,0xcff0bb90f593661cd0aff0a343ecb46ce4e221a9011d4edaffb6e9308bc629b8,"",client_a_preview,0,"","",ETH/USD,1684344043300000104448,1780942981,failed,,,0,0,,,,,1780943011021,1780943011021
1191,0xe7ab71212ea2dbcaa566b69bfcd2db9e002079e58cb0115ea4e1510ddfe968b3,"",client_a_preview,0,"","",USDC/USD,999709931000000064,1780942987,failed,,,0,0,,,,,1780943011028,1780943011028
1192,0x7bb58817f607708fe5a543d1607a43df5e24cf408d21d2ad19a756171e9714c6,"",client_a_preview,0,"","",USDT/USD,999530000000000000,1780942986,failed,,,0,0,,,,,1780943011035,1780943011035
1193,0xb65562fd6c2117208957b9089932966aa1279fd4c43952d80936561b44e47e25,"",client_a_preview,0,"","",XVG/USD,2615796170000000,1780942983,failed,,,0,0,,,,,1780943011040,1780943011040
1194,0x3c6ddce517d71d999a42fdec1584dbc63e956a031db99a04751874095f061a23,022599146487227aa23458e3745e63ee42ed1406ed9881338577cc1e25efe42f,client_a_preview,0,"","",ARB/USD,"",0,confirmed,,,0,0,,,1780943028463,1780943060646,,1780943028463
1195,0x213f0435a7e9417df04383c17bf903447a10e076b04ccd4726b77c324e940069,"",client_a_preview,0,"","",ETH/USD,1684512037664410304512,1780943023,failed,,,0,0,,,,,1780943067417,1780943067417
1196,0x25c13d772c1f0e499d30278ac1711e023c8ab58652e1d2b2cffd15ed0884bace,"",client_a_preview,0,"","",XVG/USD,2615796170000000,1780943025,failed,,,0,0,,,,,1780943067425,1780943067425
1197,0x8aa3e7a2a5348fa23690710dc0551c30e30bb5177aaa253112581009ff11a1ae,"",client_a_preview,0,"","",USDT/USD,999529990751650048,1780943027,failed,,,0,0,,,,,1780943067433,1780943067433
1198,0xe80cc0920e83ea7d1e439075f6b3650708900f9e0c395aaea5e392e58ec9fbbb,"",client_a_preview,0,"","",USDC/USD,999709931000000064,1780943029,failed,,,0,0,,,,,1780943067441,1780943067441
1199,0x9a756debad080080465f6e1771af57e5d2b19f247e0ee252fd0e1b6f5e43ccf9,"",client_a_preview,0,"","",ARB/USD,83587159375000016,1780943049,failed,,,0,0,,,,,1780943067449,1780943067449
1200,0x213f0435a7e9417df04383c17bf903447a10e076b04ccd4726b77c324e940069,"",client_a_preview,0,"","",ETH/USD,1684512037664410304512,1780943023,failed,,,0,0,,,,,1780943074388,1780943074388
1201,0xe80cc0920e83ea7d1e439075f6b3650708900f9e0c395aaea5e392e58ec9fbbb,"",client_a_preview,0,"","",USDC/USD,999709931000000064,1780943029,failed,,,0,0,,,,,1780943074392,1780943074392
1202,0x8aa3e7a2a5348fa23690710dc0551c30e30bb5177aaa253112581009ff11a1ae,"",client_a_preview,0,"","",USDT/USD,999529990751650048,1780943027,failed,,,0,0,,,,,1780943074400,1780943074400
1203,0x25c13d772c1f0e499d30278ac1711e023c8ab58652e1d2b2cffd15ed0884bace,"",client_a_preview,0,"","",XVG/USD,2615796170000000,1780943025,failed,,,0,0,,,,,1780943074408,1780943074408
1204,0x69133238a035958b2d4bed8e34b4186513f3a21e97074416d9e686701f8993d6,"",client_a_preview,0,"","",NEIRO/USD,69323616800000,1780943058,failed,,,0,0,,,,,1780943074416,1780943074416
1205,0xc4b0fc17a7ea8f896a3a684ce93b65bf197391777da4a6f31497ceb7c7b9f951,"",client_a_preview,0,"","",ETH/USD,1684643221317695832064,1780943065,failed,,,0,0,,,,,1780943080216,1780943080216
1206,0x0baddd819bffb86b7c2d3faf230c1174b7d4e0e7eb06245edcd2d36e41320d29,"",client_a_preview,0,"","",XVG/USD,2615792872306168,1780943067,failed,,,0,0,,,,,1780943080223,1780943080223
1207,0x249fe6e3c21e04017a0fe5109892181d015fcd46b64645c87b662dc0508012ed,"",client_a_preview,0,"","",USDT/USD,999524990001724992,1780943070,failed,,,0,0,,,,,1780943080229,1780943080229
1208,0xc9093392d1b58564e485b2c65dc88a94916d25197983d13cf07b1068abc62f48,"",client_a_preview,0,"","",USDC/USD,999709931000000064,1780943071,failed,,,0,0,,,,,1780943080235,1780943080235
1209,0x7908be4b3fb2bcc914fab9b4c67faf61a8f2ffa7c346fc5da3b655e6ea3fb514,"",client_a_preview,0,"","",SHIB/USD,4769950160000,1780943077,failed,,,0,0,,,,,1780943086025,1780943086025
1210,0xc4b0fc17a7ea8f896a3a684ce93b65bf197391777da4a6f31497ceb7c7b9f951,"",client_a_preview,0,"","",ETH/USD,1684643221317695832064,1780943065,failed,,,0,0,,,,,1780943097920,1780943097920
1211,0xc9093392d1b58564e485b2c65dc88a94916d25197983d13cf07b1068abc62f48,"",client_a_preview,0,"","",USDC/USD,999709931000000064,1780943071,failed,,,0,0,,,,,1780943097935,1780943097935
1212,0x249fe6e3c21e04017a0fe5109892181d015fcd46b64645c87b662dc0508012ed,"",client_a_preview,0,"","",USDT/USD,999524990001724992,1780943070,failed,,,0,0,,,,,1780943097943,1780943097943
1213,0x0baddd819bffb86b7c2d3faf230c1174b7d4e0e7eb06245edcd2d36e41320d29,"",client_a_preview,0,"","",XVG/USD,2615792872306168,1780943067,failed,,,0,0,,,,,1780943097951,1780943097951
1214,0x9f35147170325bc7aa3ea18c16fbc2140e2375c7dfaa7e2d5322e44b66341535,"",client_a_preview,0,"","",NEIRO/USD,69365230162499,1780943099,failed,,,0,0,,,,,1780943109511,1780943109511
1215,0x1353f0e3cb06f8ddbfecfbe7091c09812a613f5d638d476d02981c990f0633c3,"",client_a_preview,0,"","",ETH/USD,1684779396480629211136,1780943108,failed,,,0,0,,,,,1780943119535,1780943119535
1216,0xd06225fcde2b569d16305f9e23fc801a26672c41140cddaac6bc31af7fe1e9cc,"",client_a_preview,0,"","",XVG/USD,2615789611912258,1780943109,failed,,,0,0,,,,,1780943119543,1780943119543
1217,0xa636eca65cc7e2a782b3edbc05ac0030b02e5b7171d098cd8fa1cb6baeee9e15,"",client_a_preview,0,"","",USDT/USD,999523723729065024,1780943111,failed,,,0,0,,,,,1780943125387,1780943125387
1218,0xf161bb97428d3a450b55803328d71d53db622b3fbad4162394f8f5d9f5389f5c,"",client_a_preview,0,"","",USDC/USD,999709931000000064,1780943114,failed,,,0,0,,,,,1780943125394,1780943125394
1219,0x1353f0e3cb06f8ddbfecfbe7091c09812a613f5d638d476d02981c990f0633c3,"",client_a_preview,0,"","",ETH/USD,1684779396480629211136,1780943108,failed,,,0,0,,,,,1780943125402,1780943125402
1220,0x9f35147170325bc7aa3ea18c16fbc2140e2375c7dfaa7e2d5322e44b66341535,"",client_a_preview,0,"","",NEIRO/USD,69365230162499,1780943099,failed,,,0,0,,,,,1780943125407,1780943125407
1221,0xd06225fcde2b569d16305f9e23fc801a26672c41140cddaac6bc31af7fe1e9cc,"",client_a_preview,0,"","",XVG/USD,2615789611912258,1780943109,failed,,,0,0,,,,,1780943125414,1780943125414
1222,0xf6a3788aafec5858ddf3538d2f95c4171d25add2823de434eaff8faf4da5b1d7,842a41ce0b5dc6a38fdc17c4d9fd56d5b6990b458287d9342d1807345217e93c,client_a_preview,0,"","",DOGE/USD,"",0,confirmed,,,0,0,,,1780943143715,1780943181279,,1780943143715
1223,0x70cc2ea90abe7c20d04fa5f7b64ebe545e9400e8e01934f159d11d927b49025f,842a41ce0b5dc6a38fdc17c4d9fd56d5b6990b458287d9342d1807345217e93c,client_a_preview,0,"","",SHIB/USD,"",0,confirmed,,,0,0,,,1780943143722,1780943181292,,1780943143722
1224,0xa837997c5e1e92b7f871174e61c3f5c20b0e3a076eb4c3352f2c4631960eeefc,"",client_a_preview,0,"","",NEIRO/USD,69415032916258,1780943144,failed,,,0,0,,,,,1780943188241,1780943188241
1225,0x0622eb838fb2ffd31a4088dbf5fb69b56b88d79ffbae5f6ad0ef9e9317a40107,"",client_a_preview,0,"","",ETH/USD,1684891993901743734784,1780943151,failed,,,0,0,,,,,1780943188252,1780943188252
1226,0xf12cb01f0c7148f499cf2000989553928b4a0072e3e61d06ac7d132c0c350e6d,"",client_a_preview,0,"","",USDC/USD,999709931000000064,1780943157,failed,,,0,0,,,,,1780943188268,1780943188268
1227,0x9f9ca0313a0acc530e60d0526776df1e4f0e3c8fdaf408dff484ed66197711a7,"",client_a_preview,0,"","",USDT/USD,999522466664840128,1780943157,failed,,,0,0,,,,,1780943188275,1780943188275
1228,0x05ef1d89fe7bc6b3ca18637f7319b219ffdfd84068dd3a35e12ac3208321375a,"",client_a_preview,0,"","",XVG/USD,2614718160000000,1780943154,failed,,,0,0,,,,,1780943188280,1780943188280
1229,0x86b3ce53de9a63db03869fc4f979ae689df25d286101f28909d57287184c8a09,"",client_a_preview,0,"","",LTC/USD,43340040800000008192,1780943148,failed,,,0,0,,,,,1780943188285,1780943188285
1230,0xd962fa9e34bad77cc2a3908c22d984fce2063aaee5baa01a9daa7d6747e0be0e,"",client_a_preview,0,"","",DOGE/USD,86886928115131080,1780943162,failed,,,0,0,,,,,1780943188292,1780943188292
1231,0x34709e0c2bb40d3e53cc749195289d911890e61740e5d1f41e7b2fb0097dae1f,"",client_a_preview,0,"","",SHIB/USD,4775407522972,1780943163,failed,,,0,0,,,,,1780943188299,1780943188299
1232,0xe813b36c60301dd611a569774bcb873cddd7b906cde7d1a66bcaa74b5413d26d,"",client_a_preview,0,"","",NEIRO/USD,69452689128666,1780943187,failed,,,0,0,,,,,1780943197231,1780943197231
1233,0x75ac2f934c76ed834cd45205e4d89e450b994870c2a767b519225694c481b8a9,a43197ca8a13c3decded46ba78929b06a75d0df0dafcd0bbb60fa5484e01f68d,client_a_preview,0,"","",LTC/USD,"",0,confirmed,,,0,0,,,1780943215745,1780943247057,,1780943215745
1234,0x88212d4a983086e797614a640328a0205107cbe8bd29eb3bb584f9d2e8a3ba40,"",client_a_preview,0,"","",ETH/USD,1685145484626250039296,1780943241,failed,,,0,0,,,,,1780943252212,1780943252212
1235,0xeb5b70b431240941d5bea5f85f98b50e44c4dfc91b89cefb081b2ab48cd27310,"",client_a_preview,0,"","",XVG/USD,2614680532682250,1780943243,failed,,,0,0,,,,,1780943252220,1780943252220
1236,0x31ba277bb1fedf4c095fa8be5400e192c900ce95fe0716bf66871ff01e068820,"",client_a_preview,0,"","",USDT/USD,999520000000000000,1780943199,failed,,,0,0,,,,,1780943252225,1780943252225
1237,0x4612c6afd166161dbc464f7b566c3b34f9daa41cb66b52efea648d45e17a834f,"",client_a_preview,0,"","",USDC/USD,999709934000000128,1780943202,failed,,,0,0,,,,,1780943252230,1780943252230
1238,0xe941c7438f9d133b9bed76e1c80ee3f8d8f8664797f802a95115c082a989296a,"",client_a_preview,0,"","",NEIRO/USD,69457686828666,1780943234,failed,,,0,0,,,,,1780943252237,1780943252237
1239,0xa5069a4cc2326b565bccf0d0e82c1f67c18988b69b6de4df50d408168adb27ce,"",client_a_preview,0,"","",LTC/USD,43350049800000004096,1780943239,failed,,,0,0,,,,,1780943252244,1780943252244
1240,0xaaf53e7bbb888105b8c7738485c7a8d4beac6535a20ef04aad1f863922af4c58,"",client_a_preview,0,"","",USDT/USD,999520000000000000,1780943246,failed,,,0,0,,,,,1780943259143,1780943259143
1241,0x033815eed6ae8ca2a16aa64cce9ceba355beb007f4a338c5f83df60ba2921a1f,"",client_a_preview,0,"","",USDC/USD,999709934000000128,1780943247,failed,,,0,0,,,,,1780943259151,1780943259151
1242,0x88212d4a983086e797614a640328a0205107cbe8bd29eb3bb584f9d2e8a3ba40,"",client_a_preview,0,"","",ETH/USD,1685145484626250039296,1780943241,failed,,,0,0,,,,,1780943270565,1780943270565
1243,0x033815eed6ae8ca2a16aa64cce9ceba355beb007f4a338c5f83df60ba2921a1f,"",client_a_preview,0,"","",USDC/USD,999709934000000128,1780943247,failed,,,0,0,,,,,1780943270573,1780943270573
1244,0xaaf53e7bbb888105b8c7738485c7a8d4beac6535a20ef04aad1f863922af4c58,"",client_a_preview,0,"","",USDT/USD,999520000000000000,1780943246,failed,,,0,0,,,,,1780943270580,1780943270580
1245,0xe941c7438f9d133b9bed76e1c80ee3f8d8f8664797f802a95115c082a989296a,"",client_a_preview,0,"","",NEIRO/USD,69457686828666,1780943234,failed,,,0,0,,,,,1780943270588,1780943270588
1246,0xeb5b70b431240941d5bea5f85f98b50e44c4dfc91b89cefb081b2ab48cd27310,"",client_a_preview,0,"","",XVG/USD,2614680532682250,1780943243,failed,,,0,0,,,,,1780943270597,1780943270597
1247,0xe21236c54f4aec04c8ef0299df5fa4f78743c14f49e1ebb7da073c4293575bf7,"",client_a_preview,0,"","",NEIRO/USD,69457687150000,1780943276,failed,,,0,0,,,,,1780943286273,1780943286273
1248,0xacc2b185a46c9caae2ab778c20fa24485314a8ae8b4a278aea81434907157c99,d784f0dcf09ea0ff9057291ecf6fdccb9db037eab75a883a455e4004bd7a5827,client_a_preview,0,"","",ETH/USD,"",0,confirmed,,,0,0,,,1780943306153,1780943362550,,1780943306153
1249,0x20ccc088ecb2fa2c7f2c3342587daad512aa482dd71feb70bb9c338ba9bb8e75,"",client_a_preview,0,"","",XVG/USD,2614678920000000,1780943328,failed,,,0,0,,,,,1780943368167,1780943368167
1250,0x6c4a3dfcc666ffb2b551370c649d9a62409c1cb58ecfc707ca5bdf63947f8cae,"",client_a_preview,0,"","",ETH/USD,1685409501606196674560,1780943327,failed,,,0,0,,,,,1780943368184,1780943368184
1251,0x727a07633c247f653681a73f5c4a182190a65ea8f8ffe3c2716cd41dcc3ec072,"",client_a_preview,0,"","",USDC/USD,999709947875000064,1780943332,failed,,,0,0,,,,,1780943368213,1780943368213
1252,0x189bb1e0d2338c7080cf03b8333a98947bce48ceccc9b28567699d8770952fd7,"",client_a_preview,0,"","",USDT/USD,999519358250000064,1780943331,failed,,,0,0,,,,,1780943368229,1780943368229
1253,0xa2fe0cf73ab30d23afb91372e7af404c438ec1f4cc44b306c051fb08a1739597,"",client_a_preview,0,"","",NEIRO/USD,69476720928936,1780943319,failed,,,0,0,,,,,1780943368242,1780943368242
1254,0x72d523653de31c7bed65017f57689367574cc2c0559771a07b2a0aab8736d7be,"",client_a_preview,0,"","",SHIB/USD,4777906429015,1780943338,failed,,,0,0,,,,,1780943368250,1780943368250
1255,0x313c81b7eb586573456f45239e63b712b492d27e92b2a94a7780327c0de37276,"",client_a_preview,0,"","",NEIRO/USD,69481978559923,1780943361,failed,,,0,0,,,,,1780943374240,1780943374240
1256,0x758801ca6c54a8dc96e3e3f0195cf12d8fe664d7e175abdf92d89343d9e37ef8,"",client_a_preview,0,"","",XVG/USD,2614192235000000,1780943370,failed,,,0,0,,,,,1780943380062,1780943380062
1257,0x3f8494780c06b2b9f4c2e97ed7c56716e5a9c97fca2457700f820ac8cefeac29,"",client_a_preview,0,"","",USDT/USD,999503746289358784,1780943372,failed,,,0,0,,,,,1780943385841,1780943385841
1258,0xc7a1ba76c6d359640ff5fe47644ced7e246fa350b87ce13dda1783a41eb1d8d6,"",client_a_preview,0,"","",USDC/USD,999709947875000064,1780943374,failed,,,0,0,,,,,1780943385850,1780943385850
1259,0x313c81b7eb586573456f45239e63b712b492d27e92b2a94a7780327c0de37276,"",client_a_preview,0,"","",NEIRO/USD,69481978559923,1780943361,failed,,,0,0,,,,,1780943385858,1780943385858
1260,0x758801ca6c54a8dc96e3e3f0195cf12d8fe664d7e175abdf92d89343d9e37ef8,"",client_a_preview,0,"","",XVG/USD,2614192235000000,1780943370,failed,,,0,0,,,,,1780943385865,1780943385865
1261,0x2ae3af0700b486390bffd0fa2022eb844e3265157f846fd08884fd16a095fab7,9c845d0bacb73e3983b5796c3b5ede9c5dcb117c9b8b0a74f8af57af12915d03,client_a_preview,0,"","",DOGE/USD,"",0,confirmed,,,0,0,,,1780943404528,1780943465337,,1780943404528
1262,0x4dbb2b6277bfce0ea80ff44acc3de56b97efb857c423140de0131b371cdeace5,9c845d0bacb73e3983b5796c3b5ede9c5dcb117c9b8b0a74f8af57af12915d03,client_a_preview,0,"","",SHIB/USD,"",0,confirmed,,,0,0,,,1780943404544,1780943465348,,1780943404544
1263,0x4b6440236bb6b1fb69b210af775dde3272e07f2ac565240b4df60176dcf66db6,"",client_a_preview,0,"","",ARB/USD,83650638845971264,1780943438,failed,,,0,0,,,,,1780943473185,1780943473185
1264,0x0d71c44a6840242faf79640a861b46b9dabc7202ae35ff6b5e0c01a3ef05fb2a,"",client_a_preview,0,"","",USDC/USD,999709928000000000,1780943460,failed,,,0,0,,,,,1780943473202,1780943473202
1265,0x1f32584f03501f97599af54b7eb8fb50f7afc434636e121f7c72be9146c2013d,"",client_a_preview,0,"","",USDT/USD,999500000000000000,1780943457,failed,,,0,0,,,,,1780943473211,1780943473211
1266,0xcf4e257d9aaaa60641904e2cff0a402c66f99211e74b41f3c1d4db11f8016e9c,"",client_a_preview,0,"","",NEIRO/USD,69522482652259,1780943446,failed,,,0,0,,,,,1780943473218,1780943473218
1267,0x30beba3259b0df36af9f8acd2830079d6eecfbb7a8bacbdc4830a05daf429b7e,"",client_a_preview,0,"","",XVG/USD,2614192235000000,1780943455,failed,,,0,0,,,,,1780943473227,1780943473227
1268,0x7bffc6535e6075fdab4d3c6195ba14e749671ba04fa792f282fc1b013fc52f05,"",client_a_preview,0,"","",DOGE/USD,86921912775564232,1780943422,failed,,,0,0,,,,,1780943473246,1780943473246
1269,0xcd31a94045669afc8be347393d38a32c35d6f63c9de16f14901ce32a8ee46b27,"",client_a_preview,0,"","",SHIB/USD,4778600555000,1780943423,failed,,,0,0,,,,,1780943473252,1780943473252
1270,0x6964adedf519e640134bca59b5c789ca66a85e2e4b2d0b45917e6cb5f0659042,"",client_a_preview,0,"","",ARB/USD,83657743287979680,1780943479,failed,,,0,0,,,,,1780943489265,1780943489265
1271,0x083ae842afbc8d53559ca1d47b7634d507ad033b9de66da0e7fc38ea47058f72,"",client_a_preview,0,"","",NEIRO/USD,69539453075000,1780943490,failed,,,0,0,,,,,1780943502192,1780943502192
1272,0x0d71c44a6840242faf79640a861b46b9dabc7202ae35ff6b5e0c01a3ef05fb2a,"",client_a_preview,0,"","",USDC/USD,999709928000000000,1780943460,failed,,,0,0,,,,,1780943502200,1780943502200
1273,0x1f32584f03501f97599af54b7eb8fb50f7afc434636e121f7c72be9146c2013d,"",client_a_preview,0,"","",USDT/USD,999500000000000000,1780943457,failed,,,0,0,,,,,1780943502210,1780943502210
1274,0x30beba3259b0df36af9f8acd2830079d6eecfbb7a8bacbdc4830a05daf429b7e,"",client_a_preview,0,"","",XVG/USD,2614192235000000,1780943455,failed,,,0,0,,,,,1780943502219,1780943502219
1275,0xad58d28b1b5ce436683d9d2fef9eb96c728b0a1d73e51667c6104c6d8f0021b2,8a40c2dbc310dab9c72dc0afed3164383eda9aeb8bc5fb7a80f4415fba60c3c4,client_a_preview,0,"","",XVG/USD,"",0,confirmed,,,0,0,,,1780943519523,1780943561952,,1780943519523
1276,0x82e255c3d4cebe04eca89113d6f5ddb3bfcc22dcacf23bcd44f6c32f2eb8fee2,"",client_a_preview,0,"","",USDT/USD,999480000000000000,1780943546,failed,,,0,0,,,,,1780943566568,1780943566568
1277,0x17f3385ba2dbe33a237656821e7f3f958c9e3498a57616cb93f8b91cc3a55e39,"",client_a_preview,0,"","",USDC/USD,999709928000000000,1780943547,failed,,,0,0,,,,,1780943566576,1780943566576
1278,0x94685323dcb3d22a93e32a501b133b94c6b3f1175c7b59ba63a2f0fe1bf4ac54,"",client_a_preview,0,"","",NEIRO/USD,69544624277160,1780943534,failed,,,0,0,,,,,1780943566581,1780943566581
1279,0x6e009f0100aee5ecd44b4df4ecc2b4f2700c55c95702baa3820cdc123619eb3c,"",client_a_preview,0,"","",XVG/USD,2613770950000000,1780943543,failed,,,0,0,,,,,1780943566588,1780943566588
1280,0xed372cb17b720ec579bec52399028b7a1c05248ea6cc79931266794abdf6aae2,"",client_a_preview,0,"","",ARB/USD,83658411444316432,1780943524,failed,,,0,0,,,,,1780943566599,1780943566599
1281,0x326d83111b6287a4d675e33ba1a8a6005ba0295634ea077170fec78f4bc588f5,"",client_a_preview,0,"","",BTC/USD,63531925901128429993984,1780943540,failed,,,0,0,,,,,1780943566607,1780943566607
1282,0xc2a1aa8c72a8d2dd6d717ef415c7c28e037f1be34e3df3c888fb0f2d75c2f49a,"",client_a_preview,0,"","",ARB/USD,83658411444316432,1780943568,failed,,,0,0,,,,,1780943577996,1780943577996
1283,0x326d83111b6287a4d675e33ba1a8a6005ba0295634ea077170fec78f4bc588f5,"",client_a_preview,0,"","",BTC/USD,63531925901128429993984,1780943540,failed,,,0,0,,,,,1780943589479,1780943589479
1284,0x17f3385ba2dbe33a237656821e7f3f958c9e3498a57616cb93f8b91cc3a55e39,"",client_a_preview,0,"","",USDC/USD,999709928000000000,1780943547,failed,,,0,0,,,,,1780943589491,1780943589491
1285,0x82e255c3d4cebe04eca89113d6f5ddb3bfcc22dcacf23bcd44f6c32f2eb8fee2,"",client_a_preview,0,"","",USDT/USD,999480000000000000,1780943546,failed,,,0,0,,,,,1780943589508,1780943589508
1286,0x6248fea28a8e5d3db2e42b3cf2719a1fd457992a75db8397e81133f68004779e,"",client_a_preview,0,"","",NEIRO/USD,69571915210682,1780943578,failed,,,0,0,,,,,1780943589517,1780943589517
1287,0x9d4f663b50e6f263ec24c5d826c5697e0d8a29127d0ebf1ee81a1878c5cd3423,"",client_a_preview,0,"","",BTC/USD,63532905476571090911232,1780943585,failed,,,0,0,,,,,1780943596400,1780943596400
1288,0x7c58be9fb5100ddcabfa187d0ea4365ab0d96bd1d30fb4f1229b62a81b7e5788,"",client_a_preview,0,"","",USDT/USD,999480000000000000,1780943591,failed,,,0,0,,,,,1780943603294,1780943603294
1289,0xd1a235a0fc69850eda4402a9839cddc0086868793de0eebef0805503c669c52b,"",client_a_preview,0,"","",USDC/USD,999709928000000000,1780943593,failed,,,0,0,,,,,1780943603306,1780943603306
1290,0x9d4f663b50e6f263ec24c5d826c5697e0d8a29127d0ebf1ee81a1878c5cd3423,"",client_a_preview,0,"","",BTC/USD,63532905476571090911232,1780943585,failed,,,0,0,,,,,1780943616999,1780943616999
1291,0xd1a235a0fc69850eda4402a9839cddc0086868793de0eebef0805503c669c52b,"",client_a_preview,0,"","",USDC/USD,999709928000000000,1780943593,failed,,,0,0,,,,,1780943617007,1780943617007
1292,0x7c58be9fb5100ddcabfa187d0ea4365ab0d96bd1d30fb4f1229b62a81b7e5788,"",client_a_preview,0,"","",USDT/USD,999480000000000000,1780943591,failed,,,0,0,,,,,1780943617011,1780943617011
1293,0x6248fea28a8e5d3db2e42b3cf2719a1fd457992a75db8397e81133f68004779e,"",client_a_preview,0,"","",NEIRO/USD,69571915210682,1780943578,failed,,,0,0,,,,,1780943617018,1780943617018
1294,0xe9f14f17df4ab86eafd5fab916861ee7e8f084d23db0cf027c4db4a38d49463a,ddb2b8a42406fb0cea5468a2be0bd150d0849204690763005951b0c66079feda,client_a_preview,0,"","",ARB/USD,"",0,confirmed,,,0,0,,,1780943634080,1780943665821,,1780943634080
1295,0xe5c81dc2185b275c9644628059f23cd8b2ecf9bd95ea1ca2f33de688609f06ed,"",client_a_preview,0,"","",NEIRO/USD,69605814825000,1780943621,failed,,,0,0,,,,,1780943671699,1780943671699
1296,0xf99d303963c9ecf1499a9122cef837ee65b7e2fb7fa42f265ccbbff4c5d0db0f,"",client_a_preview,0,"","",BTC/USD,63534160553210749648896,1780943628,failed,,,0,0,,,,,1780943671709,1780943671709
1297,0xa48a00e5465364f0ba30555c3de45f596893b7fe418451b10d9e3ca1ebb36c4a,"",client_a_preview,0,"","",USDT/USD,999480000000000000,1780943633,failed,,,0,0,,,,,1780943671719,1780943671719
1298,0x11fe652f7b0176f6de3b557dacafc226f48f090ba0e30691c4bf3677bcb925ea,"",client_a_preview,0,"","",USDC/USD,999709928000000000,1780943635,failed,,,0,0,,,,,1780943671729,1780943671729
1299,0xeec7314c1ca219bafb64c23381ef52e36fa954689b9959216982c90f2d757876,"",client_a_preview,0,"","",ARB/USD,83659927229923568,1780943655,failed,,,0,0,,,,,1780943671737,1780943671737
1300,0xf99d303963c9ecf1499a9122cef837ee65b7e2fb7fa42f265ccbbff4c5d0db0f,"",client_a_preview,0,"","",BTC/USD,63534160553210749648896,1780943628,failed,,,0,0,,,,,1780943679612,1780943679612
1301,0x11fe652f7b0176f6de3b557dacafc226f48f090ba0e30691c4bf3677bcb925ea,"",client_a_preview,0,"","",USDC/USD,999709928000000000,1780943635,failed,,,0,0,,,,,1780943679629,1780943679629
1302,0xa48a00e5465364f0ba30555c3de45f596893b7fe418451b10d9e3ca1ebb36c4a,"",client_a_preview,0,"","",USDT/USD,999480000000000000,1780943633,failed,,,0,0,,,,,1780943679655,1780943679655
1303,0x654065c623ed37dae26969c0bb2425b6a031d0befce6b1833754c64bc8a9446c,"",client_a_preview,0,"","",NEIRO/USD,69629387866430,1780943664,failed,,,0,0,,,,,1780943679662,1780943679662
1304,0x91e7f3e9a17bc957a8a9138bbac1e4d5171f3cca33952c608622a4dc90ddd6cc,"",client_a_preview,0,"","",BTC/USD,63535662574175288033280,1780943670,failed,,,0,0,,,,,1780943684456,1780943684456
1305,0x2f540ce66b72493694c7dcdb23c3826fa43f745d46d9a3842e2d892469234585,"",client_a_preview,0,"","",USDT/USD,999475000000000000,1780943675,failed,,,0,0,,,,,1780943684466,1780943684466
1306,0x46272e2d53434eea5de31891d0343ca4426f624bd69979e55ab5f79e496b50fc,"",client_a_preview,0,"","",USDC/USD,999709928000000000,1780943677,failed,,,0,0,,,,,1780943690308,1780943690308
1307,0x91e7f3e9a17bc957a8a9138bbac1e4d5171f3cca33952c608622a4dc90ddd6cc,"",client_a_preview,0,"","",BTC/USD,63535662574175288033280,1780943670,failed,,,0,0,,,,,1780943703015,1780943703015
1308,0x46272e2d53434eea5de31891d0343ca4426f624bd69979e55ab5f79e496b50fc,"",client_a_preview,0,"","",USDC/USD,999709928000000000,1780943677,failed,,,0,0,,,,,1780943703022,1780943703022
1309,0x2f540ce66b72493694c7dcdb23c3826fa43f745d46d9a3842e2d892469234585,"",client_a_preview,0,"","",USDT/USD,999475000000000000,1780943675,failed,,,0,0,,,,,1780943703030,1780943703030
1310,0x654065c623ed37dae26969c0bb2425b6a031d0befce6b1833754c64bc8a9446c,"",client_a_preview,0,"","",NEIRO/USD,69629387866430,1780943664,failed,,,0,0,,,,,1780943703037,1780943703037
1311,0x74493f309e83c726b5b2133298bffec850ba1f54347dc47257e681fd67f22a58,"",client_a_preview,0,"","",NEIRO/USD,69655095375000,1780943708,failed,,,0,0,,,,,1780943717724,1780943717724
1312,0x721cb5ef3301d39c41d0a6399e3920c1e2f6b1ee2504de787ad9113bae974268,b82c1544bd9b0f85bc1f42a0a71d7c41673771c4af2c8646e774e61a28405ca5,client_a_preview,0,"","",BTC/USD,"",0,confirmed,,,0,0,,,1780943735758,1780943764953,,1780943735758
1313,0x57a741e778c93211b6537162fc6daf2aa7885943cece184a99d42881189f5959,"",client_a_preview,0,"","",USDC/USD,999709928000000000,1780943720,failed,,,0,0,,,,,1780943771506,1780943771506
1314,0x57b0e0c8b47a9ea08c003dd703f7011c36b28f4878363984ace8ac8486982be7,"",client_a_preview,0,"","",USDT/USD,999467489251800000,1780943761,failed,,,0,0,,,,,1780943771518,1780943771518
1315,0x201fa1397d2b14f91dcda8e23eb7e395cefb8794362428fb20e07c919d19ece5,"",client_a_preview,0,"","",BTC/USD,63535662574175288033280,1780943757,failed,,,0,0,,,,,1780943771527,1780943771527
1316,0xee6e18b8de75f1cd57e0503ca7555d1e84b4a27e5e72ad5e7bdb0f4d0201c8da,"",client_a_preview,0,"","",NEIRO/USD,69687580200000,1780943748,failed,,,0,0,,,,,1780943771536,1780943771536
1317,0xbb3d39176fda6598cad818d99ca09898476706c1f01c0aaed822e9cb0b23f8b4,"",client_a_preview,0,"","",USDC/USD,999709928000000000,1780943764,failed,,,0,0,,,,,1780943777305,1780943777305
1318,0xbb3d39176fda6598cad818d99ca09898476706c1f01c0aaed822e9cb0b23f8b4,"",client_a_preview,0,"","",USDC/USD,999709928000000000,1780943764,failed,,,0,0,,,,,1780943789418,1780943789418
1319,0x57b0e0c8b47a9ea08c003dd703f7011c36b28f4878363984ace8ac8486982be7,"",client_a_preview,0,"","",USDT/USD,999467489251800000,1780943761,failed,,,0,0,,,,,1780943789426,1780943789426
1320,0xee6e18b8de75f1cd57e0503ca7555d1e84b4a27e5e72ad5e7bdb0f4d0201c8da,"",client_a_preview,0,"","",NEIRO/USD,69687580200000,1780943748,failed,,,0,0,,,,,1780943789434,1780943789434
1321,0xbd4049465e9249457b3e561e535a3ed6bfe12f2d9be9c4c1775610de86a6d5a8,"",client_a_preview,0,"","",NEIRO/USD,69707570800000,1780943795,failed,,,0,0,,,,,1780943804908,1780943804908
1322,0xd06207d731016c56c317e96c941185c82d27e7154e3f5070cf72d9c0d0175695,"",client_a_preview,0,"","",USDC/USD,999709924900000064,1780943806,failed,,,0,0,,,,,1780943817502,1780943817502
1323,0xed525caf71af5bca4220eadc86c18622253cc55795e96d35bf0fcbf26c46e8b3,"",client_a_preview,0,"","",USDT/USD,999462489251800000,1780943807,failed,,,0,0,,,,,1780943817524,1780943817524
1324,0xbd4049465e9249457b3e561e535a3ed6bfe12f2d9be9c4c1775610de86a6d5a8,"",client_a_preview,0,"","",NEIRO/USD,69707570800000,1780943795,failed,,,0,0,,,,,1780943817534,1780943817534
1325,0x6405fb72e0cff5d825a5c818c34384015d80108bcbad2dfa72ccd8cc45749d22,"",client_a_preview,0,"","",NEIRO/USD,69752550100000,1780943835,failed,,,0,0,,,,,1780943847651,1780943847651
1326,0xd06207d731016c56c317e96c941185c82d27e7154e3f5070cf72d9c0d0175695,"",client_a_preview,0,"","",USDC/USD,999709924900000064,1780943806,failed,,,0,0,,,,,1780943847661,1780943847661
1327,0xed525caf71af5bca4220eadc86c18622253cc55795e96d35bf0fcbf26c46e8b3,"",client_a_preview,0,"","",USDT/USD,999462489251800000,1780943807,failed,,,0,0,,,,,1780943847670,1780943847670
1328,0x96f46a7d9479b1621ac16b96024d5aaee62a0dc4c2d98800ca8d1170279bf2c8,7768498142d4d101cf6feebe8934652e1b57faa43f1138a20d0fde36ee7e63b1,client_a_preview,0,"","",USDT/USD,"",0,confirmed,,,0,0,,,1780943868628,1780943901265,,1780943868628
1329,0xef16f723c618e7ad5d021991bf99a3962bd3f021746fe511e5e4ae9bfc269a23,"",client_a_preview,0,"","",USDC/USD,999709924900000064,1780943890,failed,,,0,0,,,,,1780943908209,1780943908209
1330,0x0358106befc239408d1c08e9e9cfb42d5f26b58caa36ae33490d97309c6d2f4a,"",client_a_preview,0,"","",USDT/USD,999460000000000000,1780943891,failed,,,0,0,,,,,1780943908216,1780943908216
1331,0x98c294b23671b8a2b094af9a994c8ea31642c586defcfe80a1428210c2e7c34f,"",client_a_preview,0,"","",LTC/USD,43359936750000005120,1780943882,failed,,,0,0,,,,,1780943908221,1780943908221
1332,0x087c43996ca69d494afd7b0460d88bb4dd056ced6c8a848bf3e8eb9b92baff15,"",client_a_preview,0,"","",NEIRO/USD,69785067596507,1780943878,failed,,,0,0,,,,,1780943908228,1780943908228
1333,0x25d8e6f31f28d5b176f6b726e2de5f0a51aebf3178289f3eec3ee60a82093be1,1f4c2d59d151bd18748724037eb2dc1942180c8380178d81a10f3d7789b5d88a,client_a_preview,0,"","",NEIRO/USD,"",0,confirmed,,,0,0,,,1780943941622,1780943988905,,1780943941622
1334,0xa55c4e3af7b757b7237ed444d636031f346f7adac147481497564d5e0dce49c7,28185c7cd46bec0d85969f428074a5547375bd257ddb963cdb6b5ae58dd6ba0a,client_a_preview,0,"","",USDC/USD,999708666656250112,1780943976,confirmed,,,0,0,,,,1780944160914,1780943995828,1780943995828
1335,0x45c277858ad3a2903136b5eebcc4b5c58ab6cc694b4814fed0f9913d1823288c,28185c7cd46bec0d85969f428074a5547375bd257ddb963cdb6b5ae58dd6ba0a,client_a_preview,0,"","",LTC/USD,43359936750000005120,1780943967,confirmed,,,0,0,,,,1780944160923,1780943995836,1780943995836
1336,0xa346254e3c5b5776110b93c1e1c11ef34bd77a0e652ac7fbb75dbdd90e415d80,"",client_a_preview,0,"","",NEIRO/USD,69810514212500,1780943965,failed,,,0,0,,,,,1780943995843,1780943995843
1337,0x7721cb5cb5e878ec0439b08278c3c272fcd9cc969af2cfbdcb1b105220d3b27a,28185c7cd46bec0d85969f428074a5547375bd257ddb963cdb6b5ae58dd6ba0a,client_a_preview,0,"","",ETH/USD,1685757630750000152576,1780943969,confirmed,,,0,0,,,,1780944160901,1780943995856,1780943995856
1338,0x6eb13aaf6328a947db606f74540bc04f18316f1f6101022bdcaccb1a0502ef86,"",client_a_preview,0,"","",LTC/USD,43359936750000005120,1780944141,failed,,,0,0,,,,,1780944168928,1780944168928
1339,0x78cd5ac674c18525b7538bb31c4c8e5d36241555720504e4281c58df33b81040,"",client_a_preview,0,"","",ETH/USD,1685757630750000152576,1780944143,failed,,,0,0,,,,,1780944168939,1780944168939
1340,0xf7f1295934b3d1aed3dfb546542c26e606b63b367364dcfcafb612dc3510e3c1,"",client_a_preview,0,"","",USDC/USD,999704919350000128,1780944149,failed,,,0,0,,,,,1780944168960,1780944168960
1341,0x88a887b40d5aae17a1cfefd6df50d753077d59ebda85fa3d86bf42031e76595e,"",client_a_preview,0,"","",XVG/USD,2610798480000000,1780944145,failed,,,0,0,,,,,1780944168969,1780944168969
1342,0x9be53910c28c6c4e0d4439d3447c55bdfa79b3e451325298299897082ab82242,"",client_a_preview,0,"","",DOGE/USD,86951177250000000,1780944154,failed,,,0,0,,,,,1780944168980,1780944168980
1343,0xf7d067f8470b820b04807b83c9dfae67e88f99c1744530a23a65af9cca480c43,"",client_a_preview,0,"","",SHIB/USD,4780769880221,1780944155,failed,,,0,0,,,,,1780944168985,1780944168985
1344,0x9be53910c28c6c4e0d4439d3447c55bdfa79b3e451325298299897082ab82242,"",client_a_preview,0,"","",DOGE/USD,86951177250000000,1780944154,failed,,,0,0,,,,,1780944194617,1780944194617
1345,0xf7d067f8470b820b04807b83c9dfae67e88f99c1744530a23a65af9cca480c43,"",client_a_preview,0,"","",SHIB/USD,4780769880221,1780944155,failed,,,0,0,,,,,1780944194634,1780944194634
1346,0x88a887b40d5aae17a1cfefd6df50d753077d59ebda85fa3d86bf42031e76595e,"",client_a_preview,0,"","",XVG/USD,2610798480000000,1780944145,failed,,,0,0,,,,,1780944194646,1780944194646
1347,0x078268405ffe1f3828ea768e12cfceb113197f7f8552c1d57067af93f3387933,9c901dac0f3fe65d3f63b4e39156c247f9864b864d9e4ffc12c094cac0ec112e,client_a_preview,0,"","",XVG/USD,"",0,confirmed,,,0,0,,,1780944212288,1780944255238,,1780944212288
1348,0x0444198bd905e3a580d10cc80b80d7d167179057d2f9cba92354798d3e0cadd7,"",client_a_preview,0,"","",DOGE/USD,86951177250000000,1780944242,failed,,,0,0,,,,,1780944263208,1780944263208
1349,0x966cfca7f823375645af24f0ac3f2254107c67f72f7e7168596801ce7ea3aea8,"",client_a_preview,0,"","",SHIB/USD,4780823735000,1780944244,failed,,,0,0,,,,,1780944263215,1780944263215
1350,0xd04e05a5eba69f59923775def2b5a46fc8d104297e1855451a881245f2493b35,"",client_a_preview,0,"","",XVG/USD,2610687470000000,1780944231,failed,,,0,0,,,,,1780944263228,1780944263228
1351,0x0444198bd905e3a580d10cc80b80d7d167179057d2f9cba92354798d3e0cadd7,"",client_a_preview,0,"","",DOGE/USD,86951177250000000,1780944242,failed,,,0,0,,,,,1780944279984,1780944279984
1352,0xe407ad6e272b8dde4271695b4cbb7abb053f96562049fba2fb52ce32a4097448,"",client_a_preview,0,"","",ARB/USD,83659927229923568,1780944260,failed,,,0,0,,,,,1780944279992,1780944279992
1353,0x966cfca7f823375645af24f0ac3f2254107c67f72f7e7168596801ce7ea3aea8,"",client_a_preview,0,"","",SHIB/USD,4780823735000,1780944244,failed,,,0,0,,,,,1780944279999,1780944279999
1354,0x8063f51c73e22680193b48066b63df745e4fd767ca64c06a26da4014f883ead8,"",client_a_preview,0,"","",DOGE/USD,86951177250000000,1780944290,failed,,,0,0,,,,,1780944300486,1780944300486
1355,0xce907ec8f233bba640992dbe210e1dd06fe900cdade55618852167ad8cb1e19d,"",client_a_preview,0,"","",SHIB/USD,4780898518614,1780944291,failed,,,0,0,,,,,1780944300496,1780944300496
1356,0x8063f51c73e22680193b48066b63df745e4fd767ca64c06a26da4014f883ead8,"",client_a_preview,0,"","",DOGE/USD,86951177250000000,1780944290,failed,,,0,0,,,,,1780944306274,1780944306274
1357,0xe407ad6e272b8dde4271695b4cbb7abb053f96562049fba2fb52ce32a4097448,"",client_a_preview,0,"","",ARB/USD,83659927229923568,1780944260,failed,,,0,0,,,,,1780944306283,1780944306283
1358,0xce907ec8f233bba640992dbe210e1dd06fe900cdade55618852167ad8cb1e19d,"",client_a_preview,0,"","",SHIB/USD,4780898518614,1780944291,failed,,,0,0,,,,,1780944306291,1780944306291
1359,0x9db5b2664390aad1d513394583b2f19b1f8c7d79aa222ea577d9e79a1b2ddf70,54f94bc381cb2ca86acf81b2895cb81b15f06f2af2dc925c2787bc3ed19ce774,client_a_preview,0,"","",ARB/USD,"",0,confirmed,,,0,0,,,1780944330776,1780944397502,,1780944330776
1360,0xf8b40816c1e52cef3779b2a4933cfaaf3ed7bcb7b15623d433c2519a35f28391,"",client_a_preview,0,"","",DOGE/USD,86951177250000000,1780944386,failed,,,0,0,,,,,1780944402092,1780944402092
1361,0x91a86cb630f5b498ec7f7fc3f86e697d8464e58ec947642df6e752fc0463fdf1,"",client_a_preview,0,"","",ARB/USD,83659927229923568,1780944354,failed,,,0,0,,,,,1780944402107,1780944402107
1362,0xb945080aaac87b9dadc5319db131e40ef355ed91815689102e7af0b037a0a863,"",client_a_preview,0,"","",SHIB/USD,4781195296479,1780944387,failed,,,0,0,,,,,1780944402115,1780944402115
1363,0x7e3a5c2563f4784178e01c58c1584df2614caefe93e8a1d73780cfc6057e0e8a,"",client_a_preview,0,"","",BTC/USD,63535662574175288033280,1780944373,failed,,,0,0,,,,,1780944402123,1780944402123
1364,0x7e3a5c2563f4784178e01c58c1584df2614caefe93e8a1d73780cfc6057e0e8a,"",client_a_preview,0,"","",BTC/USD,63535662574175288033280,1780944373,failed,,,0,0,,,,,1780944422818,1780944422818
1365,0xf8b40816c1e52cef3779b2a4933cfaaf3ed7bcb7b15623d433c2519a35f28391,"",client_a_preview,0,"","",DOGE/USD,86951177250000000,1780944386,failed,,,0,0,,,,,1780944422832,1780944422832
1366,0xb945080aaac87b9dadc5319db131e40ef355ed91815689102e7af0b037a0a863,"",client_a_preview,0,"","",SHIB/USD,4781195296479,1780944387,failed,,,0,0,,,,,1780944422843,1780944422843
1367,0x8c31614cb23636943ce83c1051c13227f4148736fac19c68017937e915ff7e74,55a3488054a599389532c41a6e91fa3648ae2bf8714f6d848be053d581fcd307,client_a_preview,0,"","",BTC/USD,"",0,confirmed,,,0,0,,,1780944443326,1780944475056,,1780944443326
1368,0xfc3e4413e9d58c17fb6d5a5134091c96eb248e5bf8c84f22bc207f866ba93952,"",client_a_preview,0,"","",DOGE/USD,86951177250000000,1780944435,failed,,,0,0,,,,,1780944482939,1780944482939
1369,0xeed108ce7eb429384a8b304d94fa3ae791b827e7817b597c25851e44a09141f4,"",client_a_preview,0,"","",SHIB/USD,4781320960000,1780944436,failed,,,0,0,,,,,1780944482949,1780944482949
1370,0xf266d0c25a6e682e7a0e4a3cf21fea08076acf245840a3769ecf06f180b93a52,"",client_a_preview,0,"","",BTC/USD,63535662574175288033280,1780944469,failed,,,0,0,,,,,1780944482963,1780944482963
1371,0xc0c99138a26e822bbf4d22f20d71557fb1d5d3cdef3a0b8c04ecdbe2d97c5547,"",client_a_preview,0,"","",DOGE/USD,86951177250000000,1780944482,failed,,,0,0,,,,,1780944492083,1780944492083
1372,0xf8968d493f907bc08a1ebe5621ee2db0cf55993c31ba48f1443c812e7c6b216d,"",client_a_preview,0,"","",SHIB/USD,4781320960000,1780944483,failed,,,0,0,,,,,1780944492103,1780944492103
1373,0x9524342f60ee58a94487365a422e71a876bc2cb598fc0cc7cfa6527c067e40f9,"",client_a_preview,0,"","",USDT/USD,999440000000000000,1780944475,failed,,,0,0,,,,,1780944510151,1780944510151
1374,0xc0c99138a26e822bbf4d22f20d71557fb1d5d3cdef3a0b8c04ecdbe2d97c5547,"",client_a_preview,0,"","",DOGE/USD,86951177250000000,1780944482,failed,,,0,0,,,,,1780944510157,1780944510157
1375,0xf8968d493f907bc08a1ebe5621ee2db0cf55993c31ba48f1443c812e7c6b216d,"",client_a_preview,0,"","",SHIB/USD,4781320960000,1780944483,failed,,,0,0,,,,,1780944510162,1780944510162
1376,0x920edb32f9e66cc9ee94d862aca597926951a1f0e9a3a6bc3f9f8c4c95837829,"",client_a_preview,0,"","",USDT/USD,999440000000000000,1780944522,failed,,,0,0,,,,,1780944532891,1780944532891
1377,0x920edb32f9e66cc9ee94d862aca597926951a1f0e9a3a6bc3f9f8c4c95837829,"",client_a_preview,0,"","",USDT/USD,999440000000000000,1780944522,failed,,,0,0,,,,,1780944538850,1780944538850
1378,0x74d30474329bf6cc47550935ee342c3763c1fc4423db2470e6fd512e7c9a72e5,"",client_a_preview,0,"","",DOGE/USD,86951177250000000,1780944528,failed,,,0,0,,,,,1780944538858,1780944538858
1379,0xe86595009dbcd3d24d0f250c58404b13ef0ee080b167dfac2cc25b9445a80ac1,"",client_a_preview,0,"","",SHIB/USD,4781320960000,1780944529,failed,,,0,0,,,,,1780944538864,1780944538864
1380,0x920edb32f9e66cc9ee94d862aca597926951a1f0e9a3a6bc3f9f8c4c95837829,"",client_a_preview,0,"","",USDT/USD,999440000000000000,1780944522,failed,,,0,0,,,,,1780944566941,1780944566941
1381,0x74d30474329bf6cc47550935ee342c3763c1fc4423db2470e6fd512e7c9a72e5,"",client_a_preview,0,"","",DOGE/USD,86951177250000000,1780944528,failed,,,0,0,,,,,1780944566952,1780944566952
1382,0xe86595009dbcd3d24d0f250c58404b13ef0ee080b167dfac2cc25b9445a80ac1,"",client_a_preview,0,"","",SHIB/USD,4781320960000,1780944529,failed,,,0,0,,,,,1780944566961,1780944566961
1383,0x0b831fecdd8466373570954ce170e6683d6b931f2616ae2fed18b71742a71509,bf386a1021c37204a6693c286641638aa9a6f0b0ec4ae712063986782e225395,client_a_preview,0,"","",USDT/USD,"",0,confirmed,,,0,0,,,1780944591322,1780944626899,,1780944591322
1384,0x17cbaaba04aef37418df9a940bdeb2f1e5a6a58311aeb9edf14602fec404f5f1,"",client_a_preview,0,"","",DOGE/USD,86951177250000000,1780944575,failed,,,0,0,,,,,1780944631561,1780944631561
1385,0x888455c74f1c768589008e47dd1b01ed936afb5973bf627d73f8b16cb639e51d,"",client_a_preview,0,"","",SHIB/USD,4781320960000,1780944576,failed,,,0,0,,,,,1780944631567,1780944631567
1386,0xf369c271f7c5b017db50169f3ded5eb525ab174e796ef8fc731be9e6b0ee2b9d,"",client_a_preview,0,"","",USDT/USD,999440000000000000,1780944620,failed,,,0,0,,,,,1780944631573,1780944631573
1387,0xfe77578ce417f1c7fec3f664ce97d2503831419dfaf8d540d04200a3d3587362,"",client_a_preview,0,"","",NEIRO/USD,69836864900000,1780944605,failed,,,0,0,,,,,1780944631581,1780944631581
1388,0x8443c3bb8e1cc6d2f4c6b271c1a6bd587fa2a4834a9f420cbb3be25847e7228d,067ce63a1fe4989f50def8ed1daee61441957bd001a6712e4fa5a865e1c7337f,client_a_preview,0,"","",DOGE/USD,"",0,confirmed,,,0,0,,,1780944650749,1780944711649,,1780944650749
1389,0x7f4aac7a239fc1823a46e8e2779d5ee4be60f3357bdf53a106c976a90c5ea6b3,067ce63a1fe4989f50def8ed1daee61441957bd001a6712e4fa5a865e1c7337f,client_a_preview,0,"","",SHIB/USD,"",0,confirmed,,,0,0,,,1780944650760,1780944711661,,1780944650760
1390,0xe62dc196c2e62635447845ddfe2dd42bb37d90790e5b2fed1bd5ce71b0ab119a,"",client_a_preview,0,"","",DOGE/USD,86951177250000000,1780944678,failed,,,0,0,,,,,1780944716267,1780944716267
1391,0x98a9700a236d4ce2994809386143dfad3e4eeff3fc43e78f3ca0e4ed2cac59b5,"",client_a_preview,0,"","",SHIB/USD,4781257426219,1780944679,failed,,,0,0,,,,,1780944716274,1780944716274
1392,0x240e97dd4af059a32cca253f20be324365c20ce84989227659d85f9b68f8ac34,"",client_a_preview,0,"","",NEIRO/USD,69820858212500,1780944706,failed,,,0,0,,,,,1780944716281,1780944716281
1393,0x7372c39f89cfca1eee31449a7162f4d64ee9334cd4695f128b6bd7ecf0f12735,"",client_a_preview,0,"","",XVG/USD,2606199533750000,1780944715,failed,,,0,0,,,,,1780944725349,1780944725349
1394,0x240e97dd4af059a32cca253f20be324365c20ce84989227659d85f9b68f8ac34,"",client_a_preview,0,"","",NEIRO/USD,69820858212500,1780944706,failed,,,0,0,,,,,1780944739549,1780944739549
1395,0x15bf91c170f44e580cbbf60283b424217d98f3b9e549d0944ae6fe4c8e94baad,f7eae1108d009766fd6275e88fd1d894c3f30e41a9f292fbf86e1f80d77e733e,client_a_preview,0,"","",NEIRO/USD,"",0,confirmed,,,0,0,,,1780944776209,1780944863115,,1780944776209
1396,0x1c2c62f30de3d9a61bf12d9b4d2583f355a0fc2e0c2623aba0c5e0aef4bb8a0c,"",client_a_preview,0,"","",NEIRO/USD,69792214521507,1780944839,failed,,,0,0,,,,,1780944869880,1780944869880
1397,0x36a64fc58549602449ae359108b480b72b54889e3505ee6e64e61d40bcc49156,"",client_a_preview,0,"","",LTC/USD,43352961278693892096,1780944845,failed,,,0,0,,,,,1780944869896,1780944869896
1398,0xccf9796a6feebc27dac3906fedd5afc2508cb7cfe62fb35040c8b78ee701a2ba,"",client_a_preview,0,"","",ETH/USD,1685230843633929158656,1780944847,failed,,,0,0,,,,,1780944869903,1780944869903
1399,0x22060a33459c960a708a1b554afdb340c4ab17ef146b797728e2e122b1632a40,"",client_a_preview,0,"","",XVG/USD,2605556373750000,1780944849,failed,,,0,0,,,,,1780944869910,1780944869910
1400,0xf3b9b2f55c3fbe55ca1d7ed368adcd3c55240a84b05938491642b8a96caeddc1,"",client_a_preview,0,"","",USDC/USD,999665069990110848,1780944855,failed,,,0,0,,,,,1780944869915,1780944869915
1401,0xccf9796a6feebc27dac3906fedd5afc2508cb7cfe62fb35040c8b78ee701a2ba,"",client_a_preview,0,"","",ETH/USD,1685230843633929158656,1780944847,failed,,,0,0,,,,,1780944883530,1780944883530
1402,0xf3b9b2f55c3fbe55ca1d7ed368adcd3c55240a84b05938491642b8a96caeddc1,"",client_a_preview,0,"","",USDC/USD,999665069990110848,1780944855,failed,,,0,0,,,,,1780944883538,1780944883538
1403,0x36a64fc58549602449ae359108b480b72b54889e3505ee6e64e61d40bcc49156,"",client_a_preview,0,"","",LTC/USD,43352961278693892096,1780944845,failed,,,0,0,,,,,1780944883549,1780944883549
1404,0x22060a33459c960a708a1b554afdb340c4ab17ef146b797728e2e122b1632a40,"",client_a_preview,0,"","",XVG/USD,2605556373750000,1780944849,failed,,,0,0,,,,,1780944883556,1780944883556
1405,0x4cd550a432ae497e8abe6f3245f50dd146d3945f297e32ba1f2c69631849c425,b96241ecea3eed7e75757d86b2ac9187e8db5ea289c3d9367f3461b8ab648f84,client_a_preview,0,"","",LTC/USD,"",0,confirmed,,,0,0,,,1780944916207,1780944974092,,1780944916207
1406,0xa535fab5d9d8381c8e927ce84fc0e90b75f0f33335287c2e8364c91ecb17f28f,"",client_a_preview,0,"","",ETH/USD,1684939321627620671488,1780944941,failed,,,0,0,,,,,1780944978668,1780944978668
1407,0x7b847824b65222d16dd9bc8cd87e9b9e051fd980babe22f01abeceb66cd0f025,"",client_a_preview,0,"","",XVG/USD,2605556373750000,1780944946,failed,,,0,0,,,,,1780944978675,1780944978675
1408,0x85518cb093fafbabcea421398ea82a34e72d21a9412c1dc9da562db3fd3d4cd8,"",client_a_preview,0,"","",USDC/USD,999659944400000128,1780944947,failed,,,0,0,,,,,1780944978683,1780944978683
1409,0x7eac04140c2358167730886b105c40e4731c9e35674fea2ab1b0b0d984a534d8,"",client_a_preview,0,"","",LTC/USD,43350049800000004096,1780944938,failed,,,0,0,,,,,1780944978688,1780944978688
1410,0x9bfc204c524c8c27d3680e83ae470a31aa49d63fb171f63930630aa4c017eadf,"",client_a_preview,0,"","",NEIRO/USD,69729711625000,1780944981,failed,,,0,0,,,,,1780944991088,1780944991088
1411,0xa535fab5d9d8381c8e927ce84fc0e90b75f0f33335287c2e8364c91ecb17f28f,"",client_a_preview,0,"","",ETH/USD,1684939321627620671488,1780944941,failed,,,0,0,,,,,1780944996870,1780944996870
1412,0x85518cb093fafbabcea421398ea82a34e72d21a9412c1dc9da562db3fd3d4cd8,"",client_a_preview,0,"","",USDC/USD,999659944400000128,1780944947,failed,,,0,0,,,,,1780944996879,1780944996879
1413,0x7b847824b65222d16dd9bc8cd87e9b9e051fd980babe22f01abeceb66cd0f025,"",client_a_preview,0,"","",XVG/USD,2605556373750000,1780944946,failed,,,0,0,,,,,1780944996889,1780944996889
1414,0xe0c5d4b0b8db0cca198e7e871df0bc4c644d99761d3d726bd584702ea6eda4d0,"",client_a_preview,0,"","",XVG/USD,2605556373750000,1780944990,failed,,,0,0,,,,,1780945002695,1780945002695
1415,0xd9ed15141e559e473609bac138735ced86413ec3ceb3fb6558af0a5561a40f31,"",client_a_preview,0,"","",ETH/USD,1684789467827760005120,1780944990,failed,,,0,0,,,,,1780945002704,1780945002704
1416,0x7ee6d0d1f261c924b4468d2933f5f00e39376f5a948ecb5c550690ad805dccc3,391d10593ebd07e49595354a2ce75785bb654c4176bb67d799eb1ddfe68e4a6e,client_a_preview,0,"","",USDC/USD,"",0,confirmed,,,0,0,,,1780945020551,1780945060789,,1780945020551
1417,0x3c416110d96140c7fda0a31b71557b2df0b236aba5838e148964c222b4f7f251,"",client_a_preview,0,"","",ARB/USD,83612947332201896,1780945015,failed,,,0,0,,,,,1780945066593,1780945066593
1418,0xcbb76626fc99c23c129097cd962cc61dedbca9f1f3cab0e1fee4d92e633ed46a,"",client_a_preview,0,"","",ETH/USD,1684777310979480354816,1780945034,failed,,,0,0,,,,,1780945066600,1780945066600
1419,0xa317b350628a96f814acf70457cebad50c86755cd7f798dc9caf1cc81ed1bb2d,"",client_a_preview,0,"","",USDC/USD,999659591480077568,1780945040,failed,,,0,0,,,,,1780945066605,1780945066605
1420,0xfb85add188a9946bea5958fd5ea79aaa95c17c0cc8bb815ebdb97439a921f2be,"",client_a_preview,0,"","",XVG/USD,2605556373750000,1780945039,failed,,,0,0,,,,,1780945066610,1780945066610
1421,0x171b5eb2ea1bc08ac97aa2fc1e34149e11a7cd991a7f48040067ac82a7072b28,"",client_a_preview,0,"","",NEIRO/USD,69709255475000,1780945030,failed,,,0,0,,,,,1780945066618,1780945066618
1422,0xc504f8bf3159f632fe8d82c28e3a8d142566cd84c55408c218c2b9c3f9a6987b,0df93a2fd48af960dbda1def60c13c20a4cb4e4a03389cef82c08a09dd4b42bc,client_a_preview,0,"","",ARB/USD,"",0,confirmed,,,0,0,,,1780945090197,1780945120938,,1780945090197
1423,0xbf96080a69c6d4d6a4c99253b278df5c0136ac6c50b748695ef5b49a8fc3d2c8,"",client_a_preview,0,"","",NEIRO/USD,69694611550000,1780945072,failed,,,0,0,,,,,1780945126821,1780945126821
1424,0xbef7d429907841bfc69120ec46c93855745e82285d225e7ec850856713eb43e5,"",client_a_preview,0,"","",BTC/USD,63506889944985312952320,1780945082,failed,,,0,0,,,,,1780945126839,1780945126839
1425,0xcf8849b40c754ea8fb65092c82a173800262242c6f9de117a9602dd015154f30,"",client_a_preview,0,"","",ETH/USD,1684756455575000186880,1780945083,failed,,,0,0,,,,,1780945126845,1780945126845
1426,0x1807de1abd9ee6831edeca90bc694ec8317de15a4fc5ce61bb6269038f8c7182,"",client_a_preview,0,"","",ARB/USD,83589830762015024,1780945110,failed,,,0,0,,,,,1780945126855,1780945126855
1427,0x746b7591fe6552e163fb16501ebbc3f872f83ca6612c646b6e10e315b1d625c9,"",client_a_preview,0,"","",XVG/USD,2605569408750000,1780945081,failed,,,0,0,,,,,1780945126862,1780945126862
1428,0x93afee6302504400f743ed9cb9a39ea85c3a059ac732846d8e8b33aa195f7bcf,1c87172e3597d1577173d0da0fb0bb8d3a319bdfd1f2e6403fb1504726edd205,client_a_preview,0,"","",NEIRO/USD,"",0,confirmed,,,0,0,,,1780945146111,1780945224406,,1780945146111
1429,0xb3199bf6924234738a9c97374a05f0bb089b23a05cb7a7d6dd65fcbf108e0cf5,"",client_a_preview,0,"","",BTC/USD,63495664731744578306048,1780945220,failed,,,0,0,,,,,1780945230242,1780945230242
1430,0x17e9491c86e33da9a904de59eb305d48eb041b0d13a016b890290b9e40433924,"",client_a_preview,0,"","",ETH/USD,1684322621225000108032,1780945174,failed,,,0,0,,,,,1780945230250,1780945230250
1431,0x935d63e1c6aca2af2c5d11d6da92439abdcac14fdd0e547e25d6065c4bfbf917,"",client_a_preview,0,"","",XVG/USD,2605569408750000,1780945175,failed,,,0,0,,,,,1780945230255,1780945230255
1432,0x1d2d1394c01dac4235884a44d584be1943711a53dabe0081ede9f3d6f8b2835c,"",client_a_preview,0,"","",NEIRO/USD,69647196150000,1780945215,failed,,,0,0,,,,,1780945230263,1780945230263
1433,0xd4e6a455883143de024672179e71955b1edf29bc4e2e45e09a610b3b2612f16b,"",client_a_preview,0,"","",ARB/USD,83517409000000000,1780945203,failed,,,0,0,,,,,1780945230277,1780945230277
1434,0x0b6791c271ae07b76db1e559143012beaa8135d22a20d74f23c54f19d76b298e,"",client_a_preview,0,"","",ETH/USD,1684161172874400235520,1780945221,failed,,,0,0,,,,,1780945234859,1780945234859
1435,0x908051743d57462bc0360edb9c50760b9112ab65fbed7636652a0595e84ea757,"",client_a_preview,0,"","",XVG/USD,2605569408750000,1780945224,failed,,,0,0,,,,,1780945234866,1780945234866
1436,0x46bd98dc02b1a5c7127c713f60be277195e6815f1f4c4e63d37145ea2d88ffa6,"",client_a_preview,0,"","",USDT/USD,999460000000000000,1780945227,failed,,,0,0,,,,,1780945234872,1780945234872
1437,0xb3199bf6924234738a9c97374a05f0bb089b23a05cb7a7d6dd65fcbf108e0cf5,"",client_a_preview,0,"","",BTC/USD,63495664731744578306048,1780945220,failed,,,0,0,,,,,1780945257663,1780945257663
1438,0x0b6791c271ae07b76db1e559143012beaa8135d22a20d74f23c54f19d76b298e,"",client_a_preview,0,"","",ETH/USD,1684161172874400235520,1780945221,failed,,,0,0,,,,,1780945257672,1780945257672
1439,0x46bd98dc02b1a5c7127c713f60be277195e6815f1f4c4e63d37145ea2d88ffa6,"",client_a_preview,0,"","",USDT/USD,999460000000000000,1780945227,failed,,,0,0,,,,,1780945257679,1780945257679
1440,0x908051743d57462bc0360edb9c50760b9112ab65fbed7636652a0595e84ea757,"",client_a_preview,0,"","",XVG/USD,2605569408750000,1780945224,failed,,,0,0,,,,,1780945257684,1780945257684
1441,0xf3d76bc9434b98468de11d76abd83033876b10ee8bdd7c16018f83851f9199c7,44ec5ebb61666a78567e15bcb285f46635718607ba9ea80b3ca9195f12aeea87,client_a_preview,0,"","",ARB/USD,"",0,confirmed,,,0,0,,,1780945274935,1780945338735,,1780945274935
1442,0x8dc3c62a14cc1bb156fb284f3153d267f5ca08267b9e27d34e1950347b32c7b3,"",client_a_preview,0,"","",BTC/USD,63490571121612698943488,1780945311,failed,,,0,0,,,,,1780945344537,1780945344537
1443,0xc09a60820107a073e36bc5fbef2466bdb1623582e5473d032fec3597a6e8fb53,"",client_a_preview,0,"","",ETH/USD,1683920980125089660928,1780945312,failed,,,0,0,,,,,1780945344544,1780945344544
1444,0x9dc4faef763c343095501b0edda235f5fd8ddbdb6c5a0cf73a9adeb9a77b4309,"",client_a_preview,0,"","",XVG/USD,2605569408750000,1780945316,failed,,,0,0,,,,,1780945344552,1780945344552
1445,0xf037e204f4eae562d5822708b9fb4f2910d131628acbd381e078f29d8fb37d56,"",client_a_preview,0,"","",USDT/USD,999470000000000000,1780945319,failed,,,0,0,,,,,1780945344558,1780945344558
1446,0x714a4cc762c2b9cb4274b2e4c75edf3016e3da139501b29456cd144fbef6c001,"",client_a_preview,0,"","",ARB/USD,83420972225000008,1780945294,failed,,,0,0,,,,,1780945344566,1780945344566
1447,0x83ff1f0175e9138124a4e16b5659590dfcaa52a265e511de97eccc0240211d17,"",client_a_preview,0,"","",NEIRO/USD,69606808325000,1780945307,failed,,,0,0,,,,,1780945344573,1780945344573
1448,0x4ee726945624f0d737976659273cff2a27b9149b99282466be36f2b926ce4fc9,"",client_a_preview,0,"","",DOGE/USD,86901419025000016,1780945323,failed,,,0,0,,,,,1780945344580,1780945344580
1449,0x3a6954dc75d8abf337664857e2f282971bf47080a824623e6f73f2bff060e934,"",client_a_preview,0,"","",SHIB/USD,4780000000000,1780945324,failed,,,0,0,,,,,1780945344588,1780945344588
1450,0x635bcf7ae8fe4b62a22f411bf36653b4f4bf9cdf0bba3e404321050e4f72a185,"",client_a_preview,0,"","",NEIRO/USD,69572111352160,1780945349,failed,,,0,0,,,,,1780945359374,1780945359374
1451,0x0c43d2245253a90d089ea2436c0814dcc11d414e5906f15ec7297afb8f2c1292,"",client_a_preview,0,"","",BTC/USD,63487582428830860574720,1780945358,failed,,,0,0,,,,,1780945369438,1780945369438
1452,0x5949487b6596474230bb2f6b298fdda0b1bf6ee024212052b5ab8ee7dc357985,"",client_a_preview,0,"","",XVG/USD,2605569408750000,1780945359,failed,,,0,0,,,,,1780945369456,1780945369456
1453,0xcbcecff69ed8876a214b0619a05f5d2df2f531043ff7d09866e1e77e0fb30e1e,"",client_a_preview,0,"","",ETH/USD,1683920980125089660928,1780945359,failed,,,0,0,,,,,1780945369465,1780945369465
1454,0x875fdb422ea5b965afc3a0a66a099fd19028511abdf0d5b09b935ab9d65b36a0,"",client_a_preview,0,"","",USDT/USD,999470000000000064,1780945361,failed,,,0,0,,,,,1780945375370,1780945375370
1455,0x0c43d2245253a90d089ea2436c0814dcc11d414e5906f15ec7297afb8f2c1292,"",client_a_preview,0,"","",BTC/USD,63487582428830860574720,1780945358,failed,,,0,0,,,,,1780945375377,1780945375377
1456,0xcbcecff69ed8876a214b0619a05f5d2df2f531043ff7d09866e1e77e0fb30e1e,"",client_a_preview,0,"","",ETH/USD,1683920980125089660928,1780945359,failed,,,0,0,,,,,1780945375383,1780945375383
1457,0x4ee726945624f0d737976659273cff2a27b9149b99282466be36f2b926ce4fc9,"",client_a_preview,0,"","",DOGE/USD,86901419025000016,1780945323,failed,,,0,0,,,,,1780945375389,1780945375389
1458,0x3a6954dc75d8abf337664857e2f282971bf47080a824623e6f73f2bff060e934,"",client_a_preview,0,"","",SHIB/USD,4780000000000,1780945324,failed,,,0,0,,,,,1780945375396,1780945375396
1459,0x5949487b6596474230bb2f6b298fdda0b1bf6ee024212052b5ab8ee7dc357985,"",client_a_preview,0,"","",XVG/USD,2605569408750000,1780945359,failed,,,0,0,,,,,1780945375404,1780945375404
1460,0x2af9b94ce56becd84782b14806b6bb419877f8a28e66ab8112581f4efd3a5143,4e1a699b84d11c1a83fec0b8ad728760441db727148558d4483f06dc46d402d7,client_a_preview,0,"","",DOGE/USD,"",0,confirmed,,,0,0,,,1780945393401,1780945428029,,1780945393401
1461,0x0ffa38d47b6d65a6f7e6d33d3a57ad9c078ffcf10f42bb4ca9cafee92405227c,4e1a699b84d11c1a83fec0b8ad728760441db727148558d4483f06dc46d402d7,client_a_preview,0,"","",SHIB/USD,"",0,confirmed,,,0,0,,,1780945393406,1780945428041,,1780945393406
1462,0xfe510558d41aea28f0d4c08895cdc8ff59a5125ffa25c809e5df9815819d2cf9,"",client_a_preview,0,"","",BTC/USD,63486847493561804390400,1780945401,failed,,,0,0,,,,,1780945434026,1780945434026
1463,0x1813597228f71124d5eabc6940330b54cabc92e1d22e68e61770db9fc60b6d77,"",client_a_preview,0,"","",ETH/USD,1683920980125089660928,1780945402,failed,,,0,0,,,,,1780945434037,1780945434037
1464,0xc09e1b579172ce7f312406e87f8ff3f29426d79156f2c9328be768df5851203a,56800e7eea4c9c72f62098ef466731ed005694129d772a153eb455d75499a6f4,client_a_preview,0,"","",USDT/USD,999472500000000064,1780945408,confirmed,,,0,0,,,,1780945514952,1780945434045,1780945434045
1465,0x1a594a22e0596f77a9a70f9ef924057a671e84700591019215eb58420a3a0460,"",client_a_preview,0,"","",DOGE/USD,86895877100000008,1780945414,failed,,,0,0,,,,,1780945434051,1780945434051
1466,0x0ab7668d98c603f0053e09c4febd0036438d285adbfd65ff42efb0c4f4e3887f,"",client_a_preview,0,"","",SHIB/USD,4780000000000,1780945416,failed,,,0,0,,,,,1780945434060,1780945434060
1467,0x929dfc713889c8835c4b64e68ac07b8bc7fae910ec69b3f69a1801ca0cedd8c2,56800e7eea4c9c72f62098ef466731ed005694129d772a153eb455d75499a6f4,client_a_preview,0,"","",XVG/USD,2605595478750000,1780945405,confirmed,,,0,0,,,,1780945514960,1780945434069,1780945434069
1468,0x3576c2651e22d0030387fd355875ea1f00dbd7c755ae3dc9832eacfd56d87e06,"",client_a_preview,0,"","",NEIRO/USD,69544624277160,1780945396,failed,,,0,0,,,,,1780945434078,1780945434078
1469,0xfede1ad275d5957dec453d8d6699a3e333ec45a7f2120f7f609458a2ab1b440c,"",client_a_preview,0,"","",NEIRO/USD,69532304400000,1780945440,failed,,,0,0,,,,,1780945449843,1780945449843
1470,0xa8b794290c961091063b3bab79223d5854a3399f7c0b24d48521267bfb0bcded,56800e7eea4c9c72f62098ef466731ed005694129d772a153eb455d75499a6f4,client_a_preview,0,"","",BTC/USD,"",0,confirmed,,,0,0,,,1780945473129,1780945514933,,1780945473129
1471,0xcc2c14a6a5f645b44f33553ed57e14ef5a160da8f6964c40540cc1603a2a0f8c,56800e7eea4c9c72f62098ef466731ed005694129d772a153eb455d75499a6f4,client_a_preview,0,"","",ETH/USD,"",0,confirmed,,,0,0,,,1780945473147,1780945514945,,1780945473147
1472,0xf4d988af5972c7e8dc7a239ffbc629eb78f00be95716482b282e7038709126f1,"",client_a_preview,0,"","",XVG/USD,2606222345000000,1780945496,failed,,,0,0,,,,,1780945521463,1780945521463
1473,0x0768a113c7945b7950d7dc3a3b4c6baedd4e92f4cc116bd5d2818ec2df202969,"",client_a_preview,0,"","",USDT/USD,999477499999999936,1780945501,failed,,,0,0,,,,,1780945521477,1780945521477
1474,0xe1620634a355502acb7898713fa98f5188019f2d09e6ecc9b7ad1ffed9ce807b,"",client_a_preview,0,"","",BTC/USD,63486847493561804390400,1780945491,failed,,,0,0,,,,,1780945521495,1780945521495
1475,0xb3655ba2cd9bb6b8a8e62fb777a43179ebd1f493f4708ac879d5247cd8aae7dd,"",client_a_preview,0,"","",ETH/USD,1683920980125089660928,1780945493,failed,,,0,0,,,,,1780945521512,1780945521512
1476,0xc8baf6cd6bfed26895803718c5cc14738353f685a43d336f3cf54640588d47fc,"",client_a_preview,0,"","",NEIRO/USD,69524524400000,1780945486,failed,,,0,0,,,,,1780945521522,1780945521522
1477,0xabe27362d9a203317d3db0f0a5afcdab126d0c07abfd9c6b6a019aa6d9cb2d9a,"",client_a_preview,0,"","",NEIRO/USD,69499993227409,1780945531,failed,,,0,0,,,,,1780945542649,1780945542649
1478,0xd54a50b9d183f1e1a3f79fb1ad5bcf724ae89b8ea5b9286debbcff1caba50390,9fba54b2875312c82e3557583fc51afb1c3b793b48c4fcd2a31730b4419632d6,client_a_preview,0,"","",NEIRO/USD,"",0,confirmed,,,0,0,,,1780945601309,1780945649830,,1780945601309
1479,0xda0601bd258b18638d596bdda57aa517b1e6b87d6bda498d4a23e7062cd027ae,90e0fb30f014a39d15b360591653af7bac3b8ce0e8cc557a0e6a2771f3951857,client_a_preview,0,"","",LTC/USD,43327458000000000000,1780945632,confirmed,,,0,0,,,,1780945750395,1780945656495,1780945656495
1480,0x6a181c276f1881f3a76fa280604d53f095f2ab3f360832839cbfdc6ea549ca4a,"",client_a_preview,0,"","",NEIRO/USD,69471723328936,1780945624,failed,,,0,0,,,,,1780945656514,1780945656514
1481,0x2e1ab49eaffad35395e4959f62afa66b124370d64a3fda54a6a8cdca22b45b7a,fb0c8db4afaddc405e9b576142abc3223a56815aa43f44730886d7386bf0850f,client_a_preview,0,"","",ARB/USD,"",0,confirmed,,,0,0,,,1780945769950,1780945981318,,1780945769950
1482,0xbb9e38d3c386348e1d10e2567340b27455884d56f206569ae88843bd04a97dce,fb0c8db4afaddc405e9b576142abc3223a56815aa43f44730886d7386bf0850f,client_a_preview,0,"","",LTC/USD,"",0,confirmed,,,0,0,,,1780945769958,1780945981332,,1780945769958
1483,0x0aafdf9c093d68b1430090b56150fb924318ab8b723a29b7a4a29edbb8c4aca0,fb0c8db4afaddc405e9b576142abc3223a56815aa43f44730886d7386bf0850f,client_a_preview,0,"","",USDC/USD,"",0,confirmed,,,0,0,,,1780945769966,1780945981343,,1780945769966
1484,0xbb1f01342e7f8d4451b52177121db263a5498bd8495b27b7d0e4cc7f31090942,"",client_a_preview,0,"","",ARB/USD,83354964000000016,1780945945,failed,,,0,0,,,,,1780945986056,1780945986056
1485,0x4e31b6719048fc12994ea5d7158889fa7000127a74943ca81c2143ada9ff259a,"",client_a_preview,0,"","",USDC/USD,999624930100000128,1780945970,failed,,,0,0,,,,,1780945986077,1780945986077
1486,0x236b770a2b728b756061a793919939c33dd1977be6d9191a0ef6c265efd00262,"",client_a_preview,0,"","",NEIRO/USD,69406563412500,1780945957,failed,,,0,0,,,,,1780945986085,1780945986085
1487,0xa36ef7f5cb1fa633f7bb2e876d00239c9e030a35dc6d4f5689c77318b7045e45,"",client_a_preview,0,"","",NEIRO/USD,69364259700000,1780946006,failed,,,0,0,,,,,1780946016259,1780946016259
1488,0xa1d19dd7bd292103b28e7d56e5c6f973e5b14d07d50b20e224bcd30d295f92be,2aebddb1a4030d303753aefb808f8bb1bad787ce3950d609ad05fc2f6d8d4573,client_a_preview,0,"","",DOGE/USD,"",0,confirmed,,,0,0,,,1780946053438,1780946086048,,1780946053438
1489,0x79b69ecb72a9b4f623ae333e7dc554b06e4fa93f83ed1ccd9da80701fd2017e7,2aebddb1a4030d303753aefb808f8bb1bad787ce3950d609ad05fc2f6d8d4573,client_a_preview,0,"","",SHIB/USD,"",0,confirmed,,,0,0,,,1780946053449,1780946086060,,1780946053449
1490,0x6b23424bf3d2bd8b3addc9391173f4040dede2dbce6b02a33b86a18d34f197a7,"",client_a_preview,0,"","",DOGE/USD,86860665200000000,1780946077,failed,,,0,0,,,,,1780946092109,1780946092109
1491,0x19019c42c8c8d5330bdec45fa9deec0a8226ba6f124f64780569cf257f85569a,"",client_a_preview,0,"","",SHIB/USD,4779750702500,1780946078,failed,,,0,0,,,,,1780946092115,1780946092115
1492,0x148ac6320911fb8feb1ec0cd901b3c2bdb22aaa2626cfcdbefaf82fd6d86ac1f,"",client_a_preview,0,"","",NEIRO/USD,69336496825000,1780946061,failed,,,0,0,,,,,1780946092121,1780946092121
1493,0xf9f2c488fef0a3d7f26a29227abe8022a13b431ad5de4fe2e9a54a2657eb028c,"",client_a_preview,0,"","",NEIRO/USD,69278682199999,1780946106,failed,,,0,0,,,,,1780946117386,1780946117386
1494,0x712d2fa1db046865b43817973d3aef1a50b96d2498e4e11950d5638ac0f44587,"",client_a_preview,0,"","",XVG/USD,2607182680000000,1780946118,failed,,,0,0,,,,,1780946128529,1780946128529
1495,0x6a4d1c85e8dc00eb24725863674cb4053a2a1cbd6518024b7b1ffaf7af9b8711,"",client_a_preview,0,"","",BTC/USD,63457733448375006658560,1780946119,failed,,,0,0,,,,,1780946128536,1780946128536
1496,0xb6a826086ff97b7b9c08bd3451415decb457ec42d16b03c02d020ee95fd46574,"",client_a_preview,0,"","",ETH/USD,1683176636056864292864,1780946121,failed,,,0,0,,,,,1780946135331,1780946135331
1497,0x6c11bb3da42201efa723c855ca843d5f0eae25717e53bdc762970f5d16f983e3,"",client_a_preview,0,"","",USDT/USD,999519988476877504,1780946122,failed,,,0,0,,,,,1780946135339,1780946135339
1498,0x6a4d1c85e8dc00eb24725863674cb4053a2a1cbd6518024b7b1ffaf7af9b8711,"",client_a_preview,0,"","",BTC/USD,63457733448375006658560,1780946119,failed,,,0,0,,,,,1780946151221,1780946151221
1499,0xb6a826086ff97b7b9c08bd3451415decb457ec42d16b03c02d020ee95fd46574,"",client_a_preview,0,"","",ETH/USD,1683176636056864292864,1780946121,failed,,,0,0,,,,,1780946151228,1780946151228
1500,0x6c11bb3da42201efa723c855ca843d5f0eae25717e53bdc762970f5d16f983e3,"",client_a_preview,0,"","",USDT/USD,999519988476877504,1780946122,failed,,,0,0,,,,,1780946151238,1780946151238
1501,0x712d2fa1db046865b43817973d3aef1a50b96d2498e4e11950d5638ac0f44587,"",client_a_preview,0,"","",XVG/USD,2607182680000000,1780946118,failed,,,0,0,,,,,1780946151241,1780946151241
1502,0x0ffefef8251c6e8199d2e7741a8a41bc6ed829149ce2f4bf248732031561a9ad,b79628358f37688cf67c290dd826cf3c5ed5ba51230ba9728980c93ae6ffc092,client_a_preview,0,"","",NEIRO/USD,"",0,confirmed,,,0,0,,,1780946182952,1780946288936,,1780946182952
1503,0x3b1eb8904eadf668bc21eaf1e450077fd5105690f67e92dbb00af5a33692ee5a,"",client_a_preview,0,"","",BTC/USD,63451405166229648834560,1780946258,failed,,,0,0,,,,,1780946294834,1780946294834
1504,0x2ecc8815117bbc59233426e31159cf21bba096a23652f30b55a4b7cf436252ee,"",client_a_preview,0,"","",ETH/USD,1682857451985182916608,1780946259,failed,,,0,0,,,,,1780946294846,1780946294846
1505,0xab8fcd244e7bc6df51de033503961c2d94bbccd595be2fc46a96b2bb1bf9a5d4,"",client_a_preview,0,"","",USDT/USD,999520000000000000,1780946265,failed,,,0,0,,,,,1780946294853,1780946294853
1506,0xa17910bafd241c6cf4e32c21eca96fc615bcb0842c77eb828c4bd5a42fa2ada0,"",client_a_preview,0,"","",XVG/USD,2607182680000000,1780946262,failed,,,0,0,,,,,1780946294861,1780946294861
1507,0x3bb8f5cabcc757ab9698794fce94898536072b5be598f3f23807215a001d5217,"",client_a_preview,0,"","",NEIRO/USD,69196228400000,1780946253,failed,,,0,0,,,,,1780946294867,1780946294867
1508,0xe356fd3838481c9f87e52d6c0e2dc4ab4cc5591c5650a6c24b1b337404416d33,"",client_a_preview,0,"","",XVG/USD,2607182680000000,1780946309,failed,,,0,0,,,,,1780946320138,1780946320138
1509,0xaa74f60fe3cccb85f14a568813a5ca081af33650f978e31a315a157c8078cbb5,"",client_a_preview,0,"","",BTC/USD,63446609482522248085504,1780946310,failed,,,0,0,,,,,1780946320146,1780946320146
1510,0x2ecc8815117bbc59233426e31159cf21bba096a23652f30b55a4b7cf436252ee,"",client_a_preview,0,"","",ETH/USD,1682857451985182916608,1780946259,failed,,,0,0,,,,,1780946320153,1780946320153
1511,0xab8fcd244e7bc6df51de033503961c2d94bbccd595be2fc46a96b2bb1bf9a5d4,"",client_a_preview,0,"","",USDT/USD,999520000000000000,1780946265,failed,,,0,0,,,,,1780946320160,1780946320160
1512,0x9efc02fcc1a2662b331cb999b7b7c1706b561eeea5ae2c7feda8601b097b59bd,"",client_a_preview,0,"","",ETH/USD,1682857451985182916608,1780946311,failed,,,0,0,,,,,1780946326537,1780946326537
1513,0xda0ae022581a24fe0a316ba608222e56d945e4b24a9057f5d2c630a2922d84cf,"",client_a_preview,0,"","",USDT/USD,999520000000000000,1780946312,failed,,,0,0,,,,,1780946326554,1780946326554
1514,0xaa74f60fe3cccb85f14a568813a5ca081af33650f978e31a315a157c8078cbb5,"",client_a_preview,0,"","",BTC/USD,63446609482522248085504,1780946310,failed,,,0,0,,,,,1780946352737,1780946352737
1515,0x9efc02fcc1a2662b331cb999b7b7c1706b561eeea5ae2c7feda8601b097b59bd,"",client_a_preview,0,"","",ETH/USD,1682857451985182916608,1780946311,failed,,,0,0,,,,,1780946352752,1780946352752
1516,0xda0ae022581a24fe0a316ba608222e56d945e4b24a9057f5d2c630a2922d84cf,"",client_a_preview,0,"","",USDT/USD,999520000000000000,1780946312,failed,,,0,0,,,,,1780946352768,1780946352768
1517,0xe356fd3838481c9f87e52d6c0e2dc4ab4cc5591c5650a6c24b1b337404416d33,"",client_a_preview,0,"","",XVG/USD,2607182680000000,1780946309,failed,,,0,0,,,,,1780946352777,1780946352777
1518,0x3ebf55710c7e0cf3bffe2eee6ff06dcf19001fe0136bb49c6f54fd90ba5b4621,"",client_a_preview,0,"","",NEIRO/USD,69173741000000,1780946356,failed,,,0,0,,,,,1780946366856,1780946366856
1519,0x1cc5145d18a42716240b4c4d7888774e8e410b0b34ec5ba2d76b0f413e323193,"",client_a_preview,0,"","",BTC/USD,63443509403133853827072,1780946357,failed,,,0,0,,,,,1780946366864,1780946366864
1520,0x20f1f02174af28ebf0b96236827048954a5a6fbd4b14b90e116b0da6cecc58f4,"",client_a_preview,0,"","",ETH/USD,1682857451985182916608,1780946358,failed,,,0,0,,,,,1780946372355,1780946372355
1521,0x7d832034ba9f178fc85396f3261d714933fe2396ec7d71d8dabbd1485f45ce5d,"",client_a_preview,0,"","",XVG/USD,2607182680000000,1780946365,failed,,,0,0,,,,,1780946380066,1780946380066
1522,0x03b74f517e1ddd574a7b46d526ec3e399a9688ca83994f9267181ca1b61bde8c,"",client_a_preview,0,"","",USDT/USD,999520000000000000,1780946368,failed,,,0,0,,,,,1780946380076,1780946380076
1523,0x1cc5145d18a42716240b4c4d7888774e8e410b0b34ec5ba2d76b0f413e323193,"",client_a_preview,0,"","",BTC/USD,63443509403133853827072,1780946357,failed,,,0,0,,,,,1780946380081,1780946380081
1524,0x20f1f02174af28ebf0b96236827048954a5a6fbd4b14b90e116b0da6cecc58f4,"",client_a_preview,0,"","",ETH/USD,1682857451985182916608,1780946358,failed,,,0,0,,,,,1780946380088,1780946380088
1525,0xa2995e4fde39916da36561a5fed0b46f3bb7754b074cebd268ec3818171034ee,"",client_a_preview,0,"","",NEIRO/USD,69166245200000,1780946393,failed,,,0,0,,,,,1780946403779,1780946403779
1526,0x1cc5145d18a42716240b4c4d7888774e8e410b0b34ec5ba2d76b0f413e323193,"",client_a_preview,0,"","",BTC/USD,63443509403133853827072,1780946357,failed,,,0,0,,,,,1780946409641,1780946409641
1527,0x20f1f02174af28ebf0b96236827048954a5a6fbd4b14b90e116b0da6cecc58f4,"",client_a_preview,0,"","",ETH/USD,1682857451985182916608,1780946358,failed,,,0,0,,,,,1780946409648,1780946409648
1528,0x03b74f517e1ddd574a7b46d526ec3e399a9688ca83994f9267181ca1b61bde8c,"",client_a_preview,0,"","",USDT/USD,999520000000000000,1780946368,failed,,,0,0,,,,,1780946409659,1780946409659
1529,0x7d832034ba9f178fc85396f3261d714933fe2396ec7d71d8dabbd1485f45ce5d,"",client_a_preview,0,"","",XVG/USD,2607182680000000,1780946365,failed,,,0,0,,,,,1780946409670,1780946409670
1530,0xe81bf45edaeb89658c133a79cfe9261243c74ba6e7b7711158ec8262ebe872b8,"",client_a_preview,0,"","",XVG/USD,2607182680000000,1780946404,failed,,,0,0,,,,,1780946414246,1780946414246
1531,0x74600e5239e5ad641f9001c66e50ba167d1b562961822e817e009b512a6418b1,"",client_a_preview,0,"","",BTC/USD,63440969360000000458752,1780946407,failed,,,0,0,,,,,1780946422104,1780946422104
1532,0x73eb1f984cc91abd1073aee5604cb7eff7950e434a7893924ecf617c4437e2a1,"",client_a_preview,0,"","",ETH/USD,1682857451985182916608,1780946408,failed,,,0,0,,,,,1780946422113,1780946422113
1533,0xe59480a32808ba725d0cdfd5e8b0b59f5bb642e12934d7128cd7b273b11732d1,"",client_a_preview,0,"","",USDT/USD,999520000000000000,1780946409,failed,,,0,0,,,,,1780946422120,1780946422120
1534,0x74600e5239e5ad641f9001c66e50ba167d1b562961822e817e009b512a6418b1,"",client_a_preview,0,"","",BTC/USD,63440969360000000458752,1780946407,failed,,,0,0,,,,,1780946438926,1780946438926
1535,0x73eb1f984cc91abd1073aee5604cb7eff7950e434a7893924ecf617c4437e2a1,"",client_a_preview,0,"","",ETH/USD,1682857451985182916608,1780946408,failed,,,0,0,,,,,1780946438935,1780946438935
1536,0xe59480a32808ba725d0cdfd5e8b0b59f5bb642e12934d7128cd7b273b11732d1,"",client_a_preview,0,"","",USDT/USD,999520000000000000,1780946409,failed,,,0,0,,,,,1780946438940,1780946438940
1537,0xe81bf45edaeb89658c133a79cfe9261243c74ba6e7b7711158ec8262ebe872b8,"",client_a_preview,0,"","",XVG/USD,2607182680000000,1780946404,failed,,,0,0,,,,,1780946438947,1780946438947
1538,0xf2abee8dba8c691498290a5c88b3d462db65c95483f5d6126d3ce71abe1ee989,7c6007dcc8771d7a4b1687d5b9eb7a6d52f5c1c2cb263cccd005191f3cbd9fb4,client_a_preview,0,"","",NEIRO/USD,"",0,confirmed,,,0,0,,,1780946469419,1780946499965,,1780946469419
1539,0x08560c783e1f39257b71c4205298526ff4e6f94597ae03e51771a4ab1460eed0,"",client_a_preview,0,"","",BTC/USD,63440969360000000458752,1780946449,failed,,,0,0,,,,,1780946505794,1780946505794
1540,0xd808ab072cf3c722ca4033093e70ce1c3fba7c741e63f9e25af721c5e39f1d6a,"",client_a_preview,0,"","",ETH/USD,1682857451985182916608,1780946450,failed,,,0,0,,,,,1780946505802,1780946505802
1541,0xe9500b6577280c40f20c5c8e7fa88f36487580c99347c70e2cbfdf1014d39b43,"",client_a_preview,0,"","",USDT/USD,999520000000000000,1780946458,failed,,,0,0,,,,,1780946505811,1780946505811
1542,0xbf13531d3b548bfbd4609e0d466e4be7233b061049e5b319b781df9e3ce89bac,"",client_a_preview,0,"","",XVG/USD,2607581356250000,1780946455,failed,,,0,0,,,,,1780946505820,1780946505820
1543,0xb336e6665411a99b7ec0a07766b2af4d730e4bea7051fe00fd8b7c9cd8d0f3a2,"",client_a_preview,0,"","",NEIRO/USD,69133763400000,1780946490,failed,,,0,0,,,,,1780946505830,1780946505830
1544,0x915865090289d120c3bb7e4a5b6d4feb0f045ac8d780344b0840b74d0f433c2a,"",client_a_preview,0,"","",BTC/USD,63440969360000000458752,1780946499,failed,,,0,0,,,,,1780946513887,1780946513887
1545,0xc0d331914a5242636ac4574b25a5e3b10d4556eeb5a367dd78133d50b7708944,"",client_a_preview,0,"","",ETH/USD,1682857451985182916608,1780946500,failed,,,0,0,,,,,1780946513895,1780946513895
1546,0x93e246357f25d3f75c8f598f6df9a2b54a2bb299c2f2411d4b61f1190b263440,"",client_a_preview,0,"","",XVG/USD,2607581356250000,1780946501,failed,,,0,0,,,,,1780946513902,1780946513902
1547,0xdf03bc0841511670474ff034710cec09b406021f991dcebe53860000c7ab4ad3,"",client_a_preview,0,"","",USDT/USD,999520000000000000,1780946503,failed,,,0,0,,,,,1780946513909,1780946513909
1548,0x915865090289d120c3bb7e4a5b6d4feb0f045ac8d780344b0840b74d0f433c2a,"",client_a_preview,0,"","",BTC/USD,63440969360000000458752,1780946499,failed,,,0,0,,,,,1780946525161,1780946525161
1549,0xc0d331914a5242636ac4574b25a5e3b10d4556eeb5a367dd78133d50b7708944,"",client_a_preview,0,"","",ETH/USD,1682857451985182916608,1780946500,failed,,,0,0,,,,,1780946525172,1780946525172
1550,0xdf03bc0841511670474ff034710cec09b406021f991dcebe53860000c7ab4ad3,"",client_a_preview,0,"","",USDT/USD,999520000000000000,1780946503,failed,,,0,0,,,,,1780946525181,1780946525181
1551,0x93e246357f25d3f75c8f598f6df9a2b54a2bb299c2f2411d4b61f1190b263440,"",client_a_preview,0,"","",XVG/USD,2607581356250000,1780946501,failed,,,0,0,,,,,1780946525186,1780946525186
1552,0x915865090289d120c3bb7e4a5b6d4feb0f045ac8d780344b0840b74d0f433c2a,"",client_a_preview,0,"","",BTC/USD,63440969360000000458752,1780946499,failed,,,0,0,,,,,1780946553974,1780946553974
1553,0xc0d331914a5242636ac4574b25a5e3b10d4556eeb5a367dd78133d50b7708944,"",client_a_preview,0,"","",ETH/USD,1682857451985182916608,1780946500,failed,,,0,0,,,,,1780946553988,1780946553988
1554,0xdf03bc0841511670474ff034710cec09b406021f991dcebe53860000c7ab4ad3,"",client_a_preview,0,"","",USDT/USD,999520000000000000,1780946503,failed,,,0,0,,,,,1780946553998,1780946553998
1555,0x93e246357f25d3f75c8f598f6df9a2b54a2bb299c2f2411d4b61f1190b263440,"",client_a_preview,0,"","",XVG/USD,2607581356250000,1780946501,failed,,,0,0,,,,,1780946554005,1780946554005
1556,0x14e592528f1407b3b049c43c0187a31adb7583e66fa5cc5b7f0aecbc883cd115,"",client_a_preview,0,"","",BTC/USD,63440969360000000458752,1780946544,failed,,,0,0,,,,,1780946558823,1780946558823
1557,0x56bb9aa2774e896d0d4c57443926345ba0f9df594e8c3fa27ecc75d4a7f92b18,"",client_a_preview,0,"","",ETH/USD,1682901009200000270336,1780946545,failed,,,0,0,,,,,1780946558831,1780946558831
1558,0x1e785c0c4699845a93932e5ebb3e267362b3f15dd44a7995796c853a1599dca3,"",client_a_preview,0,"","",XVG/USD,2608172426250000,1780946549,failed,,,0,0,,,,,1780946558840,1780946558840
1559,0x233cbeae7eb6231a1892df0a075b3329b62f9900c75b9b816f9c86b108853f11,0c7476a667576df3f4f48dfe51da4212b93c8f3ecaaba6de5744faaa0b54c8a6,client_a_preview,0,"","",USDT/USD,"",0,confirmed,,,0,0,,,1780946577563,1780946613112,,1780946577563
1560,0x70ff71897538f10a194de0d4704025398bdcf448ecd94c05617bb2229775fb2c,"",client_a_preview,0,"","",BTC/USD,63440969360000000458752,1780946591,failed,,,0,0,,,,,1780946620061,1780946620061
1561,0xd2822c681d2aa37c95fadb15e5b379b015d27eb0e88b0147deabd9dd16c3551b,"",client_a_preview,0,"","",ETH/USD,1682901009200000270336,1780946593,failed,,,0,0,,,,,1780946620068,1780946620068
1562,0xe94449673432dcbaa820737bc0861659c873ee3260b585238835eff8b464883f,"",client_a_preview,0,"","",USDT/USD,999521090751038208,1780946595,failed,,,0,0,,,,,1780946620074,1780946620074
1563,0x24f44126bfd819a80a2fe86af6efd77a8bc43c52d9c74f383cdf6b88f48252d1,"",client_a_preview,0,"","",XVG/USD,2608178936212325,1780946592,failed,,,0,0,,,,,1780946620086,1780946620086
1564,0x0f9848d17e577505321576e3430999712488896853b511c8f8f482fbde0956b7,"",client_a_preview,0,"","",NEIRO/USD,69047007389693,1780946582,failed,,,0,0,,,,,1780946620095,1780946620095
1565,0x29bfc01e8b03b7ebada87ec749e7d1f19f736c0b95bfe882a82f5e8e9df9b269,"",client_a_preview,0,"","",LTC/USD,43318384175000010752,1780946590,failed,,,0,0,,,,,1780946620118,1780946620118
1566,0xcc6fbcae5cfbcbc7088ad368976e44bfca0e6fcb627808884e8fa1d6c907f9b1,"",client_a_preview,0,"","",USDC/USD,999619955200000064,1780946601,failed,,,0,0,,,,,1780946620126,1780946620126
1567,0xb4fb7ccb4a196178894324824e7483b995df718c9206dced0df88534c2d8c5df,"",client_a_preview,0,"","",ARB/USD,83353296000000000,1780946573,failed,,,0,0,,,,,1780946620135,1780946620135
1568,0x70ff71897538f10a194de0d4704025398bdcf448ecd94c05617bb2229775fb2c,"",client_a_preview,0,"","",BTC/USD,63440969360000000458752,1780946591,failed,,,0,0,,,,,1780946642647,1780946642647
1569,0xd2822c681d2aa37c95fadb15e5b379b015d27eb0e88b0147deabd9dd16c3551b,"",client_a_preview,0,"","",ETH/USD,1682901009200000270336,1780946593,failed,,,0,0,,,,,1780946642654,1780946642654
1570,0xcc6fbcae5cfbcbc7088ad368976e44bfca0e6fcb627808884e8fa1d6c907f9b1,"",client_a_preview,0,"","",USDC/USD,999619955200000064,1780946601,failed,,,0,0,,,,,1780946642660,1780946642660
1571,0x29bfc01e8b03b7ebada87ec749e7d1f19f736c0b95bfe882a82f5e8e9df9b269,"",client_a_preview,0,"","",LTC/USD,43318384175000010752,1780946590,failed,,,0,0,,,,,1780946642668,1780946642668
1572,0xb4fb7ccb4a196178894324824e7483b995df718c9206dced0df88534c2d8c5df,"",client_a_preview,0,"","",ARB/USD,83353296000000000,1780946573,failed,,,0,0,,,,,1780946642675,1780946642675
1573,0x24f44126bfd819a80a2fe86af6efd77a8bc43c52d9c74f383cdf6b88f48252d1,"",client_a_preview,0,"","",XVG/USD,2608178936212325,1780946592,failed,,,0,0,,,,,1780946642678,1780946642678
1574,0x70ff71897538f10a194de0d4704025398bdcf448ecd94c05617bb2229775fb2c,"",client_a_preview,0,"","",BTC/USD,63440969360000000458752,1780946591,failed,,,0,0,,,,,1780946671230,1780946671230
1575,0xd2822c681d2aa37c95fadb15e5b379b015d27eb0e88b0147deabd9dd16c3551b,"",client_a_preview,0,"","",ETH/USD,1682901009200000270336,1780946593,failed,,,0,0,,,,,1780946671237,1780946671237
1576,0xcc6fbcae5cfbcbc7088ad368976e44bfca0e6fcb627808884e8fa1d6c907f9b1,"",client_a_preview,0,"","",USDC/USD,999619955200000064,1780946601,failed,,,0,0,,,,,1780946671243,1780946671243
1577,0x29bfc01e8b03b7ebada87ec749e7d1f19f736c0b95bfe882a82f5e8e9df9b269,"",client_a_preview,0,"","",LTC/USD,43318384175000010752,1780946590,failed,,,0,0,,,,,1780946671249,1780946671249
1578,0xb4fb7ccb4a196178894324824e7483b995df718c9206dced0df88534c2d8c5df,"",client_a_preview,0,"","",ARB/USD,83353296000000000,1780946573,failed,,,0,0,,,,,1780946671257,1780946671257
1579,0x24f44126bfd819a80a2fe86af6efd77a8bc43c52d9c74f383cdf6b88f48252d1,"",client_a_preview,0,"","",XVG/USD,2608178936212325,1780946592,failed,,,0,0,,,,,1780946671265,1780946671265
1580,0x70ff71897538f10a194de0d4704025398bdcf448ecd94c05617bb2229775fb2c,"",client_a_preview,0,"","",BTC/USD,63440969360000000458752,1780946591,failed,,,0,0,,,,,1780946701550,1780946701550
1581,0xd2822c681d2aa37c95fadb15e5b379b015d27eb0e88b0147deabd9dd16c3551b,"",client_a_preview,0,"","",ETH/USD,1682901009200000270336,1780946593,failed,,,0,0,,,,,1780946701558,1780946701558
1582,0xcc6fbcae5cfbcbc7088ad368976e44bfca0e6fcb627808884e8fa1d6c907f9b1,"",client_a_preview,0,"","",USDC/USD,999619955200000064,1780946601,failed,,,0,0,,,,,1780946701566,1780946701566
1583,0xfcc3b6b31f04a1b394e71d8f4f9fc372ecf9bb9e6927693793de7572c9dd3ec7,"",client_a_preview,0,"","",DOGE/USD,86839951187500008,1780946607,failed,,,0,0,,,,,1780946701573,1780946701573
1584,0x29bfc01e8b03b7ebada87ec749e7d1f19f736c0b95bfe882a82f5e8e9df9b269,"",client_a_preview,0,"","",LTC/USD,43318384175000010752,1780946590,failed,,,0,0,,,,,1780946701583,1780946701583
1585,0xb4fb7ccb4a196178894324824e7483b995df718c9206dced0df88534c2d8c5df,"",client_a_preview,0,"","",ARB/USD,83353296000000000,1780946573,failed,,,0,0,,,,,1780946701590,1780946701590
1586,0x59b6a942a4ce29b6cb679a988cb086e2e92c6d46521a7bd96bdc4972d0ede6a4,"",client_a_preview,0,"","",SHIB/USD,4778343683056,1780946608,failed,,,0,0,,,,,1780946701598,1780946701598
1587,0x24f44126bfd819a80a2fe86af6efd77a8bc43c52d9c74f383cdf6b88f48252d1,"",client_a_preview,0,"","",XVG/USD,2608178936212325,1780946592,failed,,,0,0,,,,,1780946701605,1780946701605
1588,0x70ff71897538f10a194de0d4704025398bdcf448ecd94c05617bb2229775fb2c,"",client_a_preview,0,"","",BTC/USD,63440969360000000458752,1780946591,failed,,,0,0,,,,,1780946730094,1780946730094
1589,0xd2822c681d2aa37c95fadb15e5b379b015d27eb0e88b0147deabd9dd16c3551b,"",client_a_preview,0,"","",ETH/USD,1682901009200000270336,1780946593,failed,,,0,0,,,,,1780946730103,1780946730103
1590,0xcc6fbcae5cfbcbc7088ad368976e44bfca0e6fcb627808884e8fa1d6c907f9b1,"",client_a_preview,0,"","",USDC/USD,999619955200000064,1780946601,failed,,,0,0,,,,,1780946730110,1780946730110
1591,0xfcc3b6b31f04a1b394e71d8f4f9fc372ecf9bb9e6927693793de7572c9dd3ec7,"",client_a_preview,0,"","",DOGE/USD,86839951187500008,1780946607,failed,,,0,0,,,,,1780946730116,1780946730116
1592,0x29bfc01e8b03b7ebada87ec749e7d1f19f736c0b95bfe882a82f5e8e9df9b269,"",client_a_preview,0,"","",LTC/USD,43318384175000010752,1780946590,failed,,,0,0,,,,,1780946730124,1780946730124
1593,0xb4fb7ccb4a196178894324824e7483b995df718c9206dced0df88534c2d8c5df,"",client_a_preview,0,"","",ARB/USD,83353296000000000,1780946573,failed,,,0,0,,,,,1780946730133,1780946730133
1594,0x59b6a942a4ce29b6cb679a988cb086e2e92c6d46521a7bd96bdc4972d0ede6a4,"",client_a_preview,0,"","",SHIB/USD,4778343683056,1780946608,failed,,,0,0,,,,,1780946730140,1780946730140
1595,0x24f44126bfd819a80a2fe86af6efd77a8bc43c52d9c74f383cdf6b88f48252d1,"",client_a_preview,0,"","",XVG/USD,2608178936212325,1780946592,failed,,,0,0,,,,,1780946730147,1780946730147
1596,0xff4298f00da0da0f3703718034f0106895b5591b2563fa87c5fa8900d7d3fa30,61b975d5b7c7bb341756d940ce3832046739cda0f27a10e1046276674f5506dc,client_a_preview,0,"","",LTC/USD,"",0,confirmed,,,0,0,,,1780946755791,1780946833365,,1780946755791
1597,0xe458e9cc8406b21621fc4955647b5589d6a2e23e385d48d7c393209723ce2d5a,61b975d5b7c7bb341756d940ce3832046739cda0f27a10e1046276674f5506dc,client_a_preview,0,"","",BTC/USD,"",0,confirmed,,,0,0,,,1780946755802,1780946833373,,1780946755802
1598,0xa11d58421801b84a4e7d03bbad7a7da6c334bbf71e724ff479afce5673f7bece,"",client_a_preview,0,"","",XVG/USD,2608172426250000,1780946803,failed,,,0,0,,,,,1780946840194,1780946840194
1599,0xf927f31d1723c5d7bc9d3438b6782739fd9ecdf274753df6c8974dd4d932f2ce,"",client_a_preview,0,"","",ETH/USD,1682901009200000270336,1780946797,failed,,,0,0,,,,,1780946840201,1780946840201
1600,0xa80c28311b5460c9fdf0471324a94bbfe17f9e67e7feb5b3943a2a4253f5875b,"",client_a_preview,0,"","",BTC/USD,63439031761374202036224,1780946792,failed,,,0,0,,,,,1780946840207,1780946840207
1601,0x1012750965cd2ec927a73febbfa64fbe5ee04d32823b2c1a76e72752b6a8dc9f,"",client_a_preview,0,"","",USDC/USD,999621182662500032,1780946804,failed,,,0,0,,,,,1780946840213,1780946840213
1602,0x4d163d135cfd320df292693570708880a810c840c6fc4720e55de0196c9c9010,"",client_a_preview,0,"","",DOGE/USD,86839819600000008,1780946810,failed,,,0,0,,,,,1780946840221,1780946840221
1603,0xaaaa5ac625b7be60ff05aeee9cb4ceb5d1ef49101fea43fc31a4a76ca674214e,"",client_a_preview,0,"","",LTC/USD,43319196800000008192,1780946791,failed,,,0,0,,,,,1780946840229,1780946840229
1604,0xf14c639ca3eae28cfe0b31a705d3598a56e9a2a71b325a229621bb140ac5cd7b,"",client_a_preview,0,"","",ARB/USD,83353296000000000,1780946771,failed,,,0,0,,,,,1780946840237,1780946840237
1605,0x709b3b8da630dae88a42c4c424ad576eaa8cc4bd5bb3e58ba49fd03dfaeec9c9,"",client_a_preview,0,"","",SHIB/USD,4777588706894,1780946812,failed,,,0,0,,,,,1780946840245,1780946840245
1606,0x3cad3c54f42719d1cf441ed67f1f1633b9887979c05b465dea9503e694ac91b8,"",client_a_preview,0,"","",NEIRO/USD,68984064111364,1780946788,failed,,,0,0,,,,,1780946840252,1780946840252
1607,0x32ae4afa9323554e58ab010ebcb12ece2e16946ec9ebd04364bb74d4a7c73568,2cc5f03cedbbd7f35691673dc71bb79b984f9b69357b57af53c53bb33e7af1ee,client_a_preview,0,"","",ARB/USD,"",0,confirmed,,,0,0,,,1780946857042,1780946892171,,1780946857042
1608,0x3ca26b40e70947eec3fc3c04e26d50713f273276be69e45806d9981e59f993a6,"",client_a_preview,0,"","",NEIRO/USD,68958777450000,1780946847,failed,,,0,0,,,,,1780946898087,1780946898087
1609,0xe3b05b6a01adb0904549f8bd3f50414c6a6291a94254819e49b7dd2ac331ff09,"",client_a_preview,0,"","",ETH/USD,1683035831325000204288,1780946862,failed,,,0,0,,,,,1780946898095,1780946898095
1610,0xa6caa7b78e1a07548ed3ec71086c55e7e2f028ec758679dedfac81148ba8e679,"",client_a_preview,0,"","",USDC/USD,999622408706250112,1780946870,failed,,,0,0,,,,,1780946898104,1780946898104
1611,0xbcc9c45908f6ec251459f01e3b28bb63733955a05d9108921a59ab62b07d79c9,"",client_a_preview,0,"","",DOGE/USD,86839819600000008,1780946877,failed,,,0,0,,,,,1780946898115,1780946898115
1612,0x32ae4afa9323554e58ab010ebcb12ece2e16946ec9ebd04364bb74d4a7c73568,"",client_a_preview,0,"","",ARB/USD,83353296000000000,1780946835,failed,,,0,0,,,,,1780946898125,1780946898125
1613,0xb58cf2468d7bce6f6adfa695e4a8eda5d8f8ee3192ddb4b2edb236d049404086,"",client_a_preview,0,"","",SHIB/USD,4777720079475,1780946878,failed,,,0,0,,,,,1780946898132,1780946898132
1614,0x22a276ee104e733f7e82c6b596931fd93480f02655d870c714be5dc13fde5a28,"",client_a_preview,0,"","",XVG/USD,2607581356250000,1780946861,failed,,,0,0,,,,,1780946898143,1780946898143
1615,0xe3b05b6a01adb0904549f8bd3f50414c6a6291a94254819e49b7dd2ac331ff09,"",client_a_preview,0,"","",ETH/USD,1683035831325000204288,1780946862,failed,,,0,0,,,,,1780946929820,1780946929820
1616,0xa6caa7b78e1a07548ed3ec71086c55e7e2f028ec758679dedfac81148ba8e679,"",client_a_preview,0,"","",USDC/USD,999622408706250112,1780946870,failed,,,0,0,,,,,1780946929826,1780946929826
1617,0xbcc9c45908f6ec251459f01e3b28bb63733955a05d9108921a59ab62b07d79c9,"",client_a_preview,0,"","",DOGE/USD,86839819600000008,1780946877,failed,,,0,0,,,,,1780946929832,1780946929832
1618,0xb58cf2468d7bce6f6adfa695e4a8eda5d8f8ee3192ddb4b2edb236d049404086,"",client_a_preview,0,"","",SHIB/USD,4777720079475,1780946878,failed,,,0,0,,,,,1780946929843,1780946929843
1619,0x22a276ee104e733f7e82c6b596931fd93480f02655d870c714be5dc13fde5a28,"",client_a_preview,0,"","",XVG/USD,2607581356250000,1780946861,failed,,,0,0,,,,,1780946929851,1780946929851
1620,0x1a614dd059001bdde681fc0ecec71d989f8e7ea3b563e5546fa7b4dbe4a7e08e,"",client_a_preview,0,"","",NEIRO/USD,68938012250000,1780946914,failed,,,0,0,,,,,1780946929856,1780946929856
1621,0xcb5b1bf9cc15be5792ce075d05b525311d7379304e08b24688e02733d6c44636,"",client_a_preview,0,"","",ETH/USD,1683182152527808036864,1780946920,failed,,,0,0,,,,,1780946934404,1780946934404
1622,0x110e370c15e40bf920a6c31e3db6b0da793bae4e1683b5228086c7c3caa2fb06,"",client_a_preview,0,"","",XVG/USD,2607581356250000,1780946927,failed,,,0,0,,,,,1780946941326,1780946941326
1623,0xfe483d52043b2b52eb57628f26f245266304e0fde5000a5191b9fd3cb65c8201,"",client_a_preview,0,"","",USDC/USD,999622408706250112,1780946927,failed,,,0,0,,,,,1780946941333,1780946941333
1624,0x26acd87ffe0c245dce2dc50efa7f1348566b0ce51673a9f7b2af6bbdc1723e34,"",client_a_preview,0,"","",DOGE/USD,86839819600000008,1780946933,failed,,,0,0,,,,,1780946947234,1780946947234
1625,0x740690b4acbafca18846b64cc2b5dec75639a9d7dbc80e50589fa0d61972cd98,"",client_a_preview,0,"","",SHIB/USD,4777720079475,1780946934,failed,,,0,0,,,,,1780946947242,1780946947242
1626,0xcb5b1bf9cc15be5792ce075d05b525311d7379304e08b24688e02733d6c44636,"",client_a_preview,0,"","",ETH/USD,1683182152527808036864,1780946920,failed,,,0,0,,,,,1780946953068,1780946953068
1627,0xfe483d52043b2b52eb57628f26f245266304e0fde5000a5191b9fd3cb65c8201,"",client_a_preview,0,"","",USDC/USD,999622408706250112,1780946927,failed,,,0,0,,,,,1780946953076,1780946953076
1628,0x26acd87ffe0c245dce2dc50efa7f1348566b0ce51673a9f7b2af6bbdc1723e34,"",client_a_preview,0,"","",DOGE/USD,86839819600000008,1780946933,failed,,,0,0,,,,,1780946953085,1780946953085
1629,0x740690b4acbafca18846b64cc2b5dec75639a9d7dbc80e50589fa0d61972cd98,"",client_a_preview,0,"","",SHIB/USD,4777720079475,1780946934,failed,,,0,0,,,,,1780946953092,1780946953092
1630,0x110e370c15e40bf920a6c31e3db6b0da793bae4e1683b5228086c7c3caa2fb06,"",client_a_preview,0,"","",XVG/USD,2607581356250000,1780946927,failed,,,0,0,,,,,1780946953096,1780946953096
1631,0x4b29e28185350f61a67e128595252131a9d13e8a8bbf9a790111756fd2a4eab4,"",client_a_preview,0,"","",NEIRO/USD,68923106450000,1780946967,failed,,,0,0,,,,,1780946977705,1780946977705
1632,0xcb5b1bf9cc15be5792ce075d05b525311d7379304e08b24688e02733d6c44636,"",client_a_preview,0,"","",ETH/USD,1683182152527808036864,1780946920,failed,,,0,0,,,,,1780946983533,1780946983533
1633,0xfe483d52043b2b52eb57628f26f245266304e0fde5000a5191b9fd3cb65c8201,"",client_a_preview,0,"","",USDC/USD,999622408706250112,1780946927,failed,,,0,0,,,,,1780946983539,1780946983539
1634,0x26acd87ffe0c245dce2dc50efa7f1348566b0ce51673a9f7b2af6bbdc1723e34,"",client_a_preview,0,"","",DOGE/USD,86839819600000008,1780946933,failed,,,0,0,,,,,1780946983546,1780946983546
1635,0x740690b4acbafca18846b64cc2b5dec75639a9d7dbc80e50589fa0d61972cd98,"",client_a_preview,0,"","",SHIB/USD,4777720079475,1780946934,failed,,,0,0,,,,,1780946983553,1780946983553
1636,0x110e370c15e40bf920a6c31e3db6b0da793bae4e1683b5228086c7c3caa2fb06,"",client_a_preview,0,"","",XVG/USD,2607581356250000,1780946927,failed,,,0,0,,,,,1780946983560,1780946983560
1637,0x17625c3af996a18c1e4f9a37ed931e04bdb7a2e3f29f0bcf99ca4891c404716b,"",client_a_preview,0,"","",XVG/USD,2607581356250000,1780946980,failed,,,0,0,,,,,1780946990338,1780946990338
1638,0x6b4b7f809c18ea95881b92c3816e43bfc1088db0345e4de317cbe0658cca0d27,5652db422895c021a4fbe3335e34f2e7ba2ae786ec706d32947640a581a47e96,client_a_preview,0,"","",ETH/USD,"",0,confirmed,,,0,0,,,1780947008583,1780947069640,,1780947008583
1639,0x3e37c1476d4917a93e8a47d60cdd40af4e8b8e19c5a02ef612900626af7bee6a,"",client_a_preview,0,"","",USDC/USD,999622408706250112,1780947046,failed,,,0,0,,,,,1780947074262,1780947074262
1640,0x686742f5b6e4f14de64d9f5feca2cda8784aab762d8ed40da146d3b3cf93bc88,"",client_a_preview,0,"","",ETH/USD,1683464257218287370240,1780947039,failed,,,0,0,,,,,1780947074269,1780947074269
1641,0x57f166389abaee24b08698e526eb037cb1f0ca0f85d581c032c9a85c38790a78,"",client_a_preview,0,"","",DOGE/USD,86841450362500008,1780947053,failed,,,0,0,,,,,1780947074279,1780947074279
1642,0x392f6c26c124bedf16cc017aae54f3199c42f8474fe7d1e715f371042af820b8,"",client_a_preview,0,"","",SHIB/USD,4777540906894,1780947055,failed,,,0,0,,,,,1780947074286,1780947074286
1643,0xf1a1411912c3bb0c465ee23589f713c85929447625bb6d4c23e6ebdd99d325a4,"",client_a_preview,0,"","",XVG/USD,2607581356250000,1780947048,failed,,,0,0,,,,,1780947074292,1780947074292
1644,0x776b77e5038d795d0872041980de4ea1fc09afe8e24fb7703d0078ca709c77c7,"",client_a_preview,0,"","",NEIRO/USD,68913025500000,1780947036,failed,,,0,0,,,,,1780947074299,1780947074299
1645,0x3e37c1476d4917a93e8a47d60cdd40af4e8b8e19c5a02ef612900626af7bee6a,"",client_a_preview,0,"","",USDC/USD,999622408706250112,1780947046,failed,,,0,0,,,,,1780947098365,1780947098365
1646,0x57f166389abaee24b08698e526eb037cb1f0ca0f85d581c032c9a85c38790a78,"",client_a_preview,0,"","",DOGE/USD,86841450362500008,1780947053,failed,,,0,0,,,,,1780947098373,1780947098373
1647,0x392f6c26c124bedf16cc017aae54f3199c42f8474fe7d1e715f371042af820b8,"",client_a_preview,0,"","",SHIB/USD,4777540906894,1780947055,failed,,,0,0,,,,,1780947098380,1780947098380
1648,0xf1a1411912c3bb0c465ee23589f713c85929447625bb6d4c23e6ebdd99d325a4,"",client_a_preview,0,"","",XVG/USD,2607581356250000,1780947048,failed,,,0,0,,,,,1780947098390,1780947098390
1649,0xe930207c5887c28f72a0ca6dfbadb70e90a63f2f0451a81b19159ea603b75275,"",client_a_preview,0,"","",NEIRO/USD,68900052942734,1780947087,failed,,,0,0,,,,,1780947098397,1780947098397
1650,0x02464fa630a2777dc0b7eafa9b02faa3ec81e445f8aa55326595dbe68da182af,"",client_a_preview,0,"","",XVG/USD,2607581356250000,1780947098,failed,,,0,0,,,,,1780947108535,1780947108535
1651,0x42bda319ee969d0aec185141a28ab5c646ec1d464e5bd742abb97929bdb35edd,"",client_a_preview,0,"","",USDC/USD,999625546363906624,1780947114,failed,,,0,0,,,,,1780947126334,1780947126334
1652,0x57f166389abaee24b08698e526eb037cb1f0ca0f85d581c032c9a85c38790a78,"",client_a_preview,0,"","",DOGE/USD,86841450362500008,1780947053,failed,,,0,0,,,,,1780947126340,1780947126340
1653,0x392f6c26c124bedf16cc017aae54f3199c42f8474fe7d1e715f371042af820b8,"",client_a_preview,0,"","",SHIB/USD,4777540906894,1780947055,failed,,,0,0,,,,,1780947126345,1780947126345
1654,0xe930207c5887c28f72a0ca6dfbadb70e90a63f2f0451a81b19159ea603b75275,"",client_a_preview,0,"","",NEIRO/USD,68900052942734,1780947087,failed,,,0,0,,,,,1780947126355,1780947126355
1655,0x02464fa630a2777dc0b7eafa9b02faa3ec81e445f8aa55326595dbe68da182af,"",client_a_preview,0,"","",XVG/USD,2607581356250000,1780947098,failed,,,0,0,,,,,1780947126363,1780947126363
1656,0xa6d19fb77b7fae657dadd7c78ee10210f40d45a69c728e237ab1522603d14fbe,7502ccb26de086f3bbba15587fa98c3bedea458fb0ab6f2f5f425d4dcb25f370,client_a_preview,0,"","",DOGE/USD,"",0,confirmed,,,0,0,,,1780947144315,1780947214326,,1780947144315
1657,0xbe9aa4d9b026c0d1d8d627201abc0b030ba7c36eaa0c114b8677c718aaca4e04,7502ccb26de086f3bbba15587fa98c3bedea458fb0ab6f2f5f425d4dcb25f370,client_a_preview,0,"","",SHIB/USD,"",0,confirmed,,,0,0,,,1780947144326,1780947214337,,1780947144326
1658,0x1967db60c1c7462ad1abfc2ee2dc65e5079de66f3ec6e10b5b37f2896aa2d096,"",client_a_preview,0,"","",USDC/USD,999625570413906688,1780947163,failed,,,0,0,,,,,1780947218844,1780947218844
1659,0x44a501e2ee41bd2f1763fc28d939b50229a612c17fe6170a04e5b1c661b65a3b,"",client_a_preview,0,"","",DOGE/USD,86842101887500000,1780947170,failed,,,0,0,,,,,1780947218849,1780947218849
1660,0xfbf10f2e5c0f14f2590a41a75aa52b44e2748412f68f89c09de77b8f7cc57afd,"",client_a_preview,0,"","",SHIB/USD,4777540906894,1780947172,failed,,,0,0,,,,,1780947218858,1780947218858
1661,0xa7f52094a8e732aa488190464aebf7632136000abf16a2521e6a5a82ce74dcc9,"",client_a_preview,0,"","",NEIRO/USD,68879939350000,1780947158,failed,,,0,0,,,,,1780947218865,1780947218865
1662,0xa9090e247107e66ebdc59dac0adf59e64a90de3605fc84252765c5dc4e4b7fd4,"",client_a_preview,0,"","",XVG/USD,2607581356250000,1780947171,failed,,,0,0,,,,,1780947218872,1780947218872
1663,0x90a0846208dbc6046dd8aa3e8e912761bcd0557783a1bd7f1ee364efe42fb0d2,"",client_a_preview,0,"","",NEIRO/USD,68863224562500,1780947214,failed,,,0,0,,,,,1780947224681,1780947224681
1664,0x81b644e10174f1d57fdd64d52bf211d082e36967e1dccbe58b2dff9418533499,"",client_a_preview,0,"","",XVG/USD,2607150037759515,1780947226,failed,,,0,0,,,,,1780947236048,1780947236048
1665,0xd1b460eebcf7ac59e731ff4138ccd4b1f2ed4b1d749bf12a7ba4a6ee05c4c700,"",client_a_preview,0,"","",USDT/USD,999530000000000000,1780947228,failed,,,0,0,,,,,1780947241710,1780947241710
1666,0x1967db60c1c7462ad1abfc2ee2dc65e5079de66f3ec6e10b5b37f2896aa2d096,"",client_a_preview,0,"","",USDC/USD,999625570413906688,1780947163,failed,,,0,0,,,,,1780947241720,1780947241720
1667,0x90a0846208dbc6046dd8aa3e8e912761bcd0557783a1bd7f1ee364efe42fb0d2,"",client_a_preview,0,"","",NEIRO/USD,68863224562500,1780947214,failed,,,0,0,,,,,1780947241725,1780947241725
1668,0x81b644e10174f1d57fdd64d52bf211d082e36967e1dccbe58b2dff9418533499,"",client_a_preview,0,"","",XVG/USD,2607150037759515,1780947226,failed,,,0,0,,,,,1780947241733,1780947241733
1669,0x09c0b52bf4f361e0d1da0c7152c21b3a70be593147b20b9b404467f89c4e4d06,"",client_a_preview,0,"","",USDC/USD,999636177575000064,1780947258,failed,,,0,0,,,,,1780947270644,1780947270644
1670,0xd1b460eebcf7ac59e731ff4138ccd4b1f2ed4b1d749bf12a7ba4a6ee05c4c700,"",client_a_preview,0,"","",USDT/USD,999530000000000000,1780947228,failed,,,0,0,,,,,1780947270651,1780947270651
1671,0x90a0846208dbc6046dd8aa3e8e912761bcd0557783a1bd7f1ee364efe42fb0d2,"",client_a_preview,0,"","",NEIRO/USD,68863224562500,1780947214,failed,,,0,0,,,,,1780947270657,1780947270657
1672,0x81b644e10174f1d57fdd64d52bf211d082e36967e1dccbe58b2dff9418533499,"",client_a_preview,0,"","",XVG/USD,2607150037759515,1780947226,failed,,,0,0,,,,,1780947270663,1780947270663
1673,0x09c0b52bf4f361e0d1da0c7152c21b3a70be593147b20b9b404467f89c4e4d06,"",client_a_preview,0,"","",USDC/USD,999636177575000064,1780947258,failed,,,0,0,,,,,1780947300439,1780947300439
1674,0xd1b460eebcf7ac59e731ff4138ccd4b1f2ed4b1d749bf12a7ba4a6ee05c4c700,"",client_a_preview,0,"","",USDT/USD,999530000000000000,1780947228,failed,,,0,0,,,,,1780947300450,1780947300450
1675,0x90a0846208dbc6046dd8aa3e8e912761bcd0557783a1bd7f1ee364efe42fb0d2,"",client_a_preview,0,"","",NEIRO/USD,68863224562500,1780947214,failed,,,0,0,,,,,1780947300458,1780947300458
1676,0x81b644e10174f1d57fdd64d52bf211d082e36967e1dccbe58b2dff9418533499,"",client_a_preview,0,"","",XVG/USD,2607150037759515,1780947226,failed,,,0,0,,,,,1780947300468,1780947300468
1677,0x5c038446a55c54548ae6176cc6e4cc4b55daeb71c7b3dc543d621909fd4eb318,"",client_a_preview,0,"","",USDC/USD,999638652199999936,1780947293,failed,,,0,0,,,,,1780947305136,1780947305136
1678,0x098e8f0bbe465a3f914af5418674cf04481c86bed38c9151a948bdd33fbadf54,f14d1ddd81fd3f0445a4206ce981e4607339d08cde8f90f482f3c3b8c041ea09,client_a_preview,0,"","",NEIRO/USD,"",0,confirmed,,,0,0,,,1780947326913,1780947359110,,1780947326913
1679,0xd5ed0e1cbde469fa9a856fe75e4eed4c6734f57ec5059a5f32b6c8a3604598d6,"",client_a_preview,0,"","",XVG/USD,2607150037759515,1780947344,failed,,,0,0,,,,,1780947363639,1780947363639
1680,0x5c038446a55c54548ae6176cc6e4cc4b55daeb71c7b3dc543d621909fd4eb318,"",client_a_preview,0,"","",USDC/USD,999638652199999936,1780947293,failed,,,0,0,,,,,1780947363646,1780947363646
1681,0xe0c7e8be77713b3b320aa1b11338715a2556deac1142932b747773bcfe42bba9,"",client_a_preview,0,"","",USDT/USD,999532796042646528,1780947347,failed,,,0,0,,,,,1780947363653,1780947363653
1682,0x5d9d27e97ee7e835ebbc2c038e1ca13ee207ca02a4d7597ffc9ff6acc979c1d9,"",client_a_preview,0,"","",NEIRO/USD,68840736650000,1780947334,failed,,,0,0,,,,,1780947363657,1780947363657
1683,0x5c038446a55c54548ae6176cc6e4cc4b55daeb71c7b3dc543d621909fd4eb318,"",client_a_preview,0,"","",USDC/USD,999638652199999936,1780947293,failed,,,0,0,,,,,1780947385668,1780947385668
1684,0xe0c7e8be77713b3b320aa1b11338715a2556deac1142932b747773bcfe42bba9,"",client_a_preview,0,"","",USDT/USD,999532796042646528,1780947347,failed,,,0,0,,,,,1780947385675,1780947385675
1685,0xd5ed0e1cbde469fa9a856fe75e4eed4c6734f57ec5059a5f32b6c8a3604598d6,"",client_a_preview,0,"","",XVG/USD,2607150037759515,1780947344,failed,,,0,0,,,,,1780947385684,1780947385684
1686,0x8b42845a07c5fb83bf5accb1e214160e0a521a6868a48ca36c309c1ad9d0237f,e259131932b14492cf592fdd9e039cd7e49bc1b65b2f0e12b4b9db2cda165f50,client_a_preview,0,"","",USDC/USD,"",0,confirmed,,,0,0,,,1780947403128,1780947561894,,1780947403128
1687,0xf735cad9198d73938d0c8ba0e6ee9d8970c81ca85c08b798b9e0409eb27a5fd5,"",client_a_preview,0,"","",USDC/USD,999641176362500096,1780947526,failed,,,0,0,,,,,1780947567204,1780947567204
1688,0x2382a6baa62f4ece3f4f643f1d2d455fc2edc6b80a83d5a9d8766a06dcaa0813,"",client_a_preview,0,"","",USDT/USD,999540000000000000,1780947552,failed,,,0,0,,,,,1780947567212,1780947567212
1689,0x130732b85baede64a33393d343a53b3e07b3d99ab1072d7e21ecf31b855c1d20,"",client_a_preview,0,"","",XVG/USD,2606235360000000,1780947549,failed,,,0,0,,,,,1780947567219,1780947567219
1690,0x8a68c1c8f723827643d32d999fc48b8d2f1e6bbcb4f53b3a69e69ed3c814eeea,"",client_a_preview,0,"","",BTC/USD,63443610169401925435392,1780947517,failed,,,0,0,,,,,1780947567232,1780947567232
1691,0xbe52e868e49c479afb8dd7810e887131f10269e9e0b10bf40cd04ae35abd0453,"",client_a_preview,0,"","",LTC/USD,43338970400000004096,1780947516,failed,,,0,0,,,,,1780947567240,1780947567240
1692,0x52dbd74919e368b047d790120d101ec7d2c75640c8bd09646c0ea0b23de27ce5,"",client_a_preview,0,"","",ARB/USD,83356215000000008,1780947496,failed,,,0,0,,,,,1780947567248,1780947567248
1693,0x8a68c1c8f723827643d32d999fc48b8d2f1e6bbcb4f53b3a69e69ed3c814eeea,"",client_a_preview,0,"","",BTC/USD,63443610169401925435392,1780947517,failed,,,0,0,,,,,1780947586931,1780947586931
1694,0x2382a6baa62f4ece3f4f643f1d2d455fc2edc6b80a83d5a9d8766a06dcaa0813,"",client_a_preview,0,"","",USDT/USD,999540000000000000,1780947552,failed,,,0,0,,,,,1780947586938,1780947586938
1695,0xbe52e868e49c479afb8dd7810e887131f10269e9e0b10bf40cd04ae35abd0453,"",client_a_preview,0,"","",LTC/USD,43338970400000004096,1780947516,failed,,,0,0,,,,,1780947586946,1780947586946
1696,0x52dbd74919e368b047d790120d101ec7d2c75640c8bd09646c0ea0b23de27ce5,"",client_a_preview,0,"","",ARB/USD,83356215000000008,1780947496,failed,,,0,0,,,,,1780947586953,1780947586953
1697,0x130732b85baede64a33393d343a53b3e07b3d99ab1072d7e21ecf31b855c1d20,"",client_a_preview,0,"","",XVG/USD,2606235360000000,1780947549,failed,,,0,0,,,,,1780947586961,1780947586961
1698,0x90c502bf5e0a54a6231665954bb9c1204bcc1309cc7f903b79b80cb862ad6f37,"",client_a_preview,0,"","",XVG/USD,2605748640000000,1780947581,failed,,,0,0,,,,,1780947591517,1780947591517
1699,0x8456fec358e21f1a9cccfc20e47f2d4bb5d68c12e584c322bfb3ccd6148aaae6,"",client_a_preview,0,"","",ARB/USD,83356632000000000,1780947583,failed,,,0,0,,,,,1780947591525,1780947591525
1700,0x67ddfeb7689ab2ba69305f63ac7359b230c6fe01c7380f778e55daa776b3a4a5,"",client_a_preview,0,"","",USDT/USD,999540000000000000,1780947584,failed,,,0,0,,,,,1780947597379,1780947597379
1701,0x8a68c1c8f723827643d32d999fc48b8d2f1e6bbcb4f53b3a69e69ed3c814eeea,"",client_a_preview,0,"","",BTC/USD,63443610169401925435392,1780947517,failed,,,0,0,,,,,1780947615540,1780947615540
1702,0x67ddfeb7689ab2ba69305f63ac7359b230c6fe01c7380f778e55daa776b3a4a5,"",client_a_preview,0,"","",USDT/USD,999540000000000000,1780947584,failed,,,0,0,,,,,1780947615545,1780947615545
1703,0xd1a0d57d3026b54c38dfd4f677931ad4602d99163a8a68c0d288c7f9384208c5,"",client_a_preview,0,"","",LTC/USD,43340859156339355648,1780947605,failed,,,0,0,,,,,1780947615552,1780947615552
1704,0x8456fec358e21f1a9cccfc20e47f2d4bb5d68c12e584c322bfb3ccd6148aaae6,"",client_a_preview,0,"","",ARB/USD,83356632000000000,1780947583,failed,,,0,0,,,,,1780947615557,1780947615557
1705,0x90c502bf5e0a54a6231665954bb9c1204bcc1309cc7f903b79b80cb862ad6f37,"",client_a_preview,0,"","",XVG/USD,2605748640000000,1780947581,failed,,,0,0,,,,,1780947615564,1780947615564
1706,0x09e428c51f34f22b6a368f03315ee91da22d3e6230c6b43f76d7b298d7adf92f,312829fea74998b7be7911740b47611d465a5804625e2abd94eaa75d444a5c12,client_a_preview,0,"","",BTC/USD,"",0,confirmed,,,0,0,,,1780947632764,1780947674690,,1780947632764
1707,0x70f23e2d93b043dc5cd2b1e6beb4b170df1391e44d6461036757d4571c18d262,"",client_a_preview,0,"","",ARB/USD,83357883000000008,1780947613,failed,,,0,0,,,,,1780947679291,1780947679291
1708,0x0dc2ded8b78fa82dc5f119b8ba6e3b049dde18d62fe72b43097ec45a9baa8fd8,"",client_a_preview,0,"","",LTC/USD,43344732068750000128,1780947633,failed,,,0,0,,,,,1780947679299,1780947679299
1709,0x1de1bc06243601cf25aec47a2f74bb34f4c5abe566a3bba433bf9956e535dee0,"",client_a_preview,0,"","",BTC/USD,63452468469842426462208,1780947634,failed,,,0,0,,,,,1780947679306,1780947679306
1710,0x67ddfeb7689ab2ba69305f63ac7359b230c6fe01c7380f778e55daa776b3a4a5,"",client_a_preview,0,"","",USDT/USD,999540000000000000,1780947584,failed,,,0,0,,,,,1780947679314,1780947679314
1711,0x90c502bf5e0a54a6231665954bb9c1204bcc1309cc7f903b79b80cb862ad6f37,"",client_a_preview,0,"","",XVG/USD,2605748640000000,1780947581,failed,,,0,0,,,,,1780947679321,1780947679321
1712,0x1055584dc903a071265f1326051b7164a200c8083554967c5bf45ec9d112fb76,cdfd18ec0ee8e2a0edb260b6b50514efd08510308ad9b3925e9a4f8183827f36,client_a_preview,0,"","",XVG/USD,"",0,confirmed,,,0,0,,,1780947698585,1780947782253,,1780947698585
1713,0x054aea4be235a289f43b8d7d0ee6a8d7716d4d49b78309c24e9405e05a30fecc,cdfd18ec0ee8e2a0edb260b6b50514efd08510308ad9b3925e9a4f8183827f36,client_a_preview,0,"","",USDT/USD,"",0,confirmed,,,0,0,,,1780947698596,1780947782264,,1780947698596
1714,0xa402a85be9f4ac77a6ea6df8477ae207d2ecf7d0f0e640dafe1de8708d1fd049,"",client_a_preview,0,"","",ETH/USD,1685326410174009442304,1780947751,failed,,,0,0,,,,,1780947788064,1780947788064
1715,0x24830bcb83d980ebe79988c751e915ef1cc9d697cb42c4d329a502267d2aa089,"",client_a_preview,0,"","",USDT/USD,999540000000000000,1780947701,failed,,,0,0,,,,,1780947788072,1780947788072
1716,0x94bbfccfa49f90702c4e7a5c2aeb7e76b2f30b4cbe522d3715fe9d15242268f9,"",client_a_preview,0,"","",LTC/USD,43357279725000003584,1780947748,failed,,,0,0,,,,,1780947788080,1780947788080
1717,0xe99b1c3560cafe812a3d4f8067323e0d9cc224d52bde29e0adfff92e2020dfef,"",client_a_preview,0,"","",ARB/USD,83357883000000008,1780947729,failed,,,0,0,,,,,1780947788088,1780947788088
1718,0xee3da6fa2d99ba307b0f18ee985f9083428def025efcfd0e32cf4e61688fee37,"",client_a_preview,0,"","",XVG/USD,2605696500000000,1780947699,failed,,,0,0,,,,,1780947788095,1780947788095
1719,0xa402a85be9f4ac77a6ea6df8477ae207d2ecf7d0f0e640dafe1de8708d1fd049,"",client_a_preview,0,"","",ETH/USD,1685326410174009442304,1780947751,failed,,,0,0,,,,,1780947816570,1780947816570
1720,0x94bbfccfa49f90702c4e7a5c2aeb7e76b2f30b4cbe522d3715fe9d15242268f9,"",client_a_preview,0,"","",LTC/USD,43357279725000003584,1780947748,failed,,,0,0,,,,,1780947816578,1780947816578
1721,0xe99b1c3560cafe812a3d4f8067323e0d9cc224d52bde29e0adfff92e2020dfef,"",client_a_preview,0,"","",ARB/USD,83357883000000008,1780947729,failed,,,0,0,,,,,1780947816585,1780947816585
1722,0xd4317d5f56c707e588665c82b975bbc71f41db196249ac9ebc2cf7f48daf92d8,9983758c0f0ec76dbfcd26005b40d5e0e83200936274567cca52a7e5471dd97a,client_a_preview,0,"","",ARB/USD,"",0,confirmed,,,0,0,,,1780947841499,1780947876455,,1780947841499
1723,0x652d48ca1bab4ab6046a19bde70b586c20ff7dc0902d148f4e567bcab61cc678,"",client_a_preview,0,"","",ETH/USD,1685463410550000058368,1780947844,failed,,,0,0,,,,,1780947883032,1780947883032
1724,0x7662e913d730e87156b3722de1f81a486841769be8874fa2f2f4a0a56d238238,"",client_a_preview,0,"","",DOGE/USD,86879411362640024,1780947859,failed,,,0,0,,,,,1780947883039,1780947883039
1725,0xa493fb6fce8086ed1348200070c250c3a3443cf6de9d8a47d8871f7c45a23ce6,"",client_a_preview,0,"","",LTC/USD,43367437200000004096,1780947869,failed,,,0,0,,,,,1780947883048,1780947883048
1726,0x32b616f1f22513a52d4869eb69271748f9fa32ac5d71357380730dab6235d6a4,"",client_a_preview,0,"","",ARB/USD,83360798219485800,1780947847,failed,,,0,0,,,,,1780947883055,1780947883055
1727,0xbfb0aced23d6f72e70271fdf30922c9b1ae1b5c988afc4d76483173fb8fd4e96,"",client_a_preview,0,"","",SHIB/USD,4777241608838,1780947861,failed,,,0,0,,,,,1780947883063,1780947883063
1728,0xa4c15c44b1d343db84ee443aaa9468f87b83266b803e9113bbe7948d1fdd4545,"",client_a_preview,0,"","",ETH/USD,1685579689564597518336,1780947872,failed,,,0,0,,,,,1780947889083,1780947889083
1729,0x51b04e4aaf928c1fadf2b973232781ab5ac1af1de3d9ef9e85bd08fea92e2572,"",client_a_preview,0,"","",DOGE/USD,86888644400140032,1780947887,failed,,,0,0,,,,,1780947897495,1780947897495
1730,0x0924df4ea8c75e3aa50b8cf448aa21d1cd4b81d4242fb97c85916c8f431fa7a4,"",client_a_preview,0,"","",SHIB/USD,4777241608838,1780947888,failed,,,0,0,,,,,1780947897503,1780947897503
1731,0xa4c15c44b1d343db84ee443aaa9468f87b83266b803e9113bbe7948d1fdd4545,"",client_a_preview,0,"","",ETH/USD,1685579689564597518336,1780947872,failed,,,0,0,,,,,1780947903423,1780947903423
1732,0x51b04e4aaf928c1fadf2b973232781ab5ac1af1de3d9ef9e85bd08fea92e2572,"",client_a_preview,0,"","",DOGE/USD,86888644400140032,1780947887,failed,,,0,0,,,,,1780947903435,1780947903435
1733,0xa493fb6fce8086ed1348200070c250c3a3443cf6de9d8a47d8871f7c45a23ce6,"",client_a_preview,0,"","",LTC/USD,43367437200000004096,1780947869,failed,,,0,0,,,,,1780947903444,1780947903444
1734,0x0924df4ea8c75e3aa50b8cf448aa21d1cd4b81d4242fb97c85916c8f431fa7a4,"",client_a_preview,0,"","",SHIB/USD,4777241608838,1780947888,failed,,,0,0,,,,,1780947903453,1780947903453
1735,0x35a1c573fc289ad04295a33aefef235359af03ccf79e4824cd758d9749bbf124,1a852a5812120b0bf61d2c59ad20868ba766c227b671954471d4680dec772e6d,client_a_preview,0,"","",NEIRO/USD,"",0,confirmed,,,0,0,,,1780947921031,1780947943532,,1780947921031
1736,0xa4c15c44b1d343db84ee443aaa9468f87b83266b803e9113bbe7948d1fdd4545,"",client_a_preview,0,"","",ETH/USD,1685579689564597518336,1780947872,failed,,,0,0,,,,,1780947949482,1780947949482
1737,0x51b04e4aaf928c1fadf2b973232781ab5ac1af1de3d9ef9e85bd08fea92e2572,"",client_a_preview,0,"","",DOGE/USD,86888644400140032,1780947887,failed,,,0,0,,,,,1780947949489,1780947949489
1738,0xa493fb6fce8086ed1348200070c250c3a3443cf6de9d8a47d8871f7c45a23ce6,"",client_a_preview,0,"","",LTC/USD,43367437200000004096,1780947869,failed,,,0,0,,,,,1780947949497,1780947949497
1739,0x0924df4ea8c75e3aa50b8cf448aa21d1cd4b81d4242fb97c85916c8f431fa7a4,"",client_a_preview,0,"","",SHIB/USD,4777241608838,1780947888,failed,,,0,0,,,,,1780947949504,1780947949504
1740,0x433df1953190970f661a2d41a81691db46e18d6fad11b6eba8c5202af77474e7,"",client_a_preview,0,"","",NEIRO/USD,68763187268750,1780947920,failed,,,0,0,,,,,1780947949512,1780947949512
1741,0xa4c15c44b1d343db84ee443aaa9468f87b83266b803e9113bbe7948d1fdd4545,"",client_a_preview,0,"","",ETH/USD,1685579689564597518336,1780947872,failed,,,0,0,,,,,1780947960278,1780947960278
1742,0x51b04e4aaf928c1fadf2b973232781ab5ac1af1de3d9ef9e85bd08fea92e2572,"",client_a_preview,0,"","",DOGE/USD,86888644400140032,1780947887,failed,,,0,0,,,,,1780947960287,1780947960287
1743,0xa493fb6fce8086ed1348200070c250c3a3443cf6de9d8a47d8871f7c45a23ce6,"",client_a_preview,0,"","",LTC/USD,43367437200000004096,1780947869,failed,,,0,0,,,,,1780947960299,1780947960299
1744,0x0924df4ea8c75e3aa50b8cf448aa21d1cd4b81d4242fb97c85916c8f431fa7a4,"",client_a_preview,0,"","",SHIB/USD,4777241608838,1780947888,failed,,,0,0,,,,,1780947960307,1780947960307
1745,0xf54a9e6d246c42a1e7e0bd9d9cf63ee1c62ae1887a85f09522efdc5b695a7629,fe9ff389d46f0c7f6b4180d4014eb232dfbe29988a0bc6f87fdc0bd38463eafe,client_a_preview,0,"","",LTC/USD,"",0,confirmed,,,0,0,,,1780947982735,1780948041337,,1780947982735
1746,0x95354437f66b7153c2b43a740d6e125614590e5055efc37ceece4f5923db21f9,"",client_a_preview,0,"","",ETH/USD,1685914267788620464128,1780947985,failed,,,0,0,,,,,1780948047215,1780948047215
1747,0x60274339b3cc7663d093545ec4c73964f8355e0e16f53182d16200117d1315f1,"",client_a_preview,0,"","",DOGE/USD,86900016652584720,1780947998,failed,,,0,0,,,,,1780948047228,1780948047228
1748,0x610fe19e0a4d2ad50f78a31d04e930b4f2d51619487f27938c1854fe9dc53812,"",client_a_preview,0,"","",SHIB/USD,4777241608838,1780948000,failed,,,0,0,,,,,1780948047239,1780948047239
1749,0xfb4d301cae207add83e7a5c02034bc18dc0134d100a8161df9f0d395d76de468,"",client_a_preview,0,"","",LTC/USD,43394362100000002048,1780947982,failed,,,0,0,,,,,1780948047256,1780948047256
1750,0x95354437f66b7153c2b43a740d6e125614590e5055efc37ceece4f5923db21f9,"",client_a_preview,0,"","",ETH/USD,1685914267788620464128,1780947985,failed,,,0,0,,,,,1780948075106,1780948075106
1751,0x60274339b3cc7663d093545ec4c73964f8355e0e16f53182d16200117d1315f1,"",client_a_preview,0,"","",DOGE/USD,86900016652584720,1780947998,failed,,,0,0,,,,,1780948075111,1780948075111
1752,0x610fe19e0a4d2ad50f78a31d04e930b4f2d51619487f27938c1854fe9dc53812,"",client_a_preview,0,"","",SHIB/USD,4777241608838,1780948000,failed,,,0,0,,,,,1780948075118,1780948075118
1753,0xac661bba320fb5e131d94f598ddf4948b18b1cf4a21e6b094b43eeaaa0968e11,c6a6dbe12922b62be1136e8f659700fcd5ffb9ccc2d9f4e019f47d692df0fbe6,client_a_preview,0,"","",ETH/USD,"",0,confirmed,,,0,0,,,1780948096623,1780948128639,,1780948096623
1754,0xd84c33ec77919690537ead070cc3eeb90db79b37adc00ea52d4562c401556cc5,"",client_a_preview,0,"","",DOGE/USD,86905591797218480,1780948117,failed,,,0,0,,,,,1780948134442,1780948134442
1755,0x0d380fa06b7650accb5cce1613c9e3b66d60f647df149ddcae883788e59e9aaf,"",client_a_preview,0,"","",SHIB/USD,4777193813838,1780948119,failed,,,0,0,,,,,1780948134460,1780948134460
1756,0x37e2be3379c8a18edca19665dff12018f5c60cd3e121c95c7d7b6553f7453c0f,"",client_a_preview,0,"","",ETH/USD,1686150232183176167424,1780948105,failed,,,0,0,,,,,1780948134466,1780948134466
1757,0xd84c33ec77919690537ead070cc3eeb90db79b37adc00ea52d4562c401556cc5,"",client_a_preview,0,"","",DOGE/USD,86905591797218480,1780948117,failed,,,0,0,,,,,1780948161264,1780948161264
1758,0x0d380fa06b7650accb5cce1613c9e3b66d60f647df149ddcae883788e59e9aaf,"",client_a_preview,0,"","",SHIB/USD,4777193813838,1780948119,failed,,,0,0,,,,,1780948161272,1780948161272
1759,0xd98a487553224ce706d3e86c2ee42f7564acc5113a064e9a3279094e033ce793,"",client_a_preview,0,"","",USDC/USD,999644948825000128,1780948111,failed,,,0,0,,,,,1780948190096,1780948190096
1760,0xd84c33ec77919690537ead070cc3eeb90db79b37adc00ea52d4562c401556cc5,"",client_a_preview,0,"","",DOGE/USD,86905591797218480,1780948117,failed,,,0,0,,,,,1780948190104,1780948190104
1761,0x0d380fa06b7650accb5cce1613c9e3b66d60f647df149ddcae883788e59e9aaf,"",client_a_preview,0,"","",SHIB/USD,4777193813838,1780948119,failed,,,0,0,,,,,1780948190112,1780948190112
1762,0xd14b3fd4170729450332ceab6fbda258349f5b0c35634c42743ae692ed0971fc,b03bb8c6e90edbf21a769f0ea3c8c2ef6a5e19d638bc5e1d060673564fdf68c0,client_a_preview,0,"","",USDC/USD,"",0,confirmed,,,0,0,,,1780948212398,1780948261198,,1780948212398
1763,0x1b2365dfcc3179942f35d73f6100f840527963eacb2633f4f6e233c6e06985ec,"",client_a_preview,0,"","",DOGE/USD,86905591797218480,1780948228,failed,,,0,0,,,,,1780948267500,1780948267500
1764,0xd41c19f4d4c05134642ce7fe8214511638366706fb652365d77cb3d7d562e446,"",client_a_preview,0,"","",SHIB/USD,4776878298750,1780948230,failed,,,0,0,,,,,1780948267510,1780948267510
1765,0x6438311b8d8e9c40e298bc27161eac3fbe546ea3c8434e743b17b035941c5948,"",client_a_preview,0,"","",USDC/USD,999644951700000128,1780948221,failed,,,0,0,,,,,1780948267518,1780948267518
1766,0x1b2365dfcc3179942f35d73f6100f840527963eacb2633f4f6e233c6e06985ec,"",client_a_preview,0,"","",DOGE/USD,86905591797218480,1780948228,failed,,,0,0,,,,,1780948277031,1780948277031
1767,0xd41c19f4d4c05134642ce7fe8214511638366706fb652365d77cb3d7d562e446,"",client_a_preview,0,"","",SHIB/USD,4776878298750,1780948230,failed,,,0,0,,,,,1780948277048,1780948277048
1768,0x193f23955a4b88e6be55dbec7839da9703ca096cd43ff59a4a95172ad3a3c63c,"",client_a_preview,0,"","",BTC/USD,63467818403073431175168,1780948211,failed,,,0,0,,,,,1780948304861,1780948304861
1769,0x1b2365dfcc3179942f35d73f6100f840527963eacb2633f4f6e233c6e06985ec,"",client_a_preview,0,"","",DOGE/USD,86905591797218480,1780948228,failed,,,0,0,,,,,1780948304868,1780948304868
1770,0xd41c19f4d4c05134642ce7fe8214511638366706fb652365d77cb3d7d562e446,"",client_a_preview,0,"","",SHIB/USD,4776878298750,1780948230,failed,,,0,0,,,,,1780948304879,1780948304879
1771,0x453a27da1121903de3d91b80abf230f3ae8e5c54419fbffdaf8608de2b8844fd,f284d4fcce2d9573c63ad597d97b7648e867b3dd82f55b65458c789391960d65,client_a_preview,0,"","",BTC/USD,"",0,confirmed,,,0,0,,,1780948322065,1780948344483,,1780948322065
1772,0x472b5861cdbdb01560715b2e1750f267af51167a4888f1b9ebbbf395054362db,"",client_a_preview,0,"","",DOGE/USD,86905591797218480,1780948315,failed,,,0,0,,,,,1780948352565,1780948352565
1773,0x4513116800afb40642618a5501b08e30b793e8c5ce4b516d269f67bf5e6ad241,"",client_a_preview,0,"","",SHIB/USD,4776878298750,1780948317,failed,,,0,0,,,,,1780948352577,1780948352577
1774,0x51dc60f45d956545ff17824a846f795f92a7d25a0d0a4377f276afc4adfc3a2f,"",client_a_preview,0,"","",BTC/USD,63469681379323364245504,1780948336,failed,,,0,0,,,,,1780948352586,1780948352586
1775,0x747b0a114c16991110963e001b6616fb2e5b3cb4a43b419bb7cdf12fbafcc544,"",client_a_preview,0,"","",DOGE/USD,86905591797218480,1780948353,failed,,,0,0,,,,,1780948362212,1780948362212
1776,0x4513116800afb40642618a5501b08e30b793e8c5ce4b516d269f67bf5e6ad241,"",client_a_preview,0,"","",SHIB/USD,4776878298750,1780948317,failed,,,0,0,,,,,1780948362224,1780948362224
1777,0x4f6bf2d2be00cec9b88c980286a6bafa35c71b6bbe66c5d8f6a240fda8f4608e,"",client_a_preview,0,"","",SHIB/USD,4776878298750,1780948354,failed,,,0,0,,,,,1780948366771,1780948366771
1778,0x6fff0ca0427a9c955ca3746393b86487f394b193c2caac6ec6cb1e6ea098baf6,"",client_a_preview,0,"","",USDT/USD,999550000000000000,1780948367,failed,,,0,0,,,,,1780948392014,1780948392014
1779,0x747b0a114c16991110963e001b6616fb2e5b3cb4a43b419bb7cdf12fbafcc544,"",client_a_preview,0,"","",DOGE/USD,86905591797218480,1780948353,failed,,,0,0,,,,,1780948392021,1780948392021
1780,0x4f6bf2d2be00cec9b88c980286a6bafa35c71b6bbe66c5d8f6a240fda8f4608e,"",client_a_preview,0,"","",SHIB/USD,4776878298750,1780948354,failed,,,0,0,,,,,1780948392027,1780948392027
1781,0x3d8e26b965b461101c1a38d3f0d6caeab771f62f97c38f2e0e82975745d163cf,"",client_a_preview,0,"","",XVG/USD,2605540080000000,1780948365,failed,,,0,0,,,,,1780948392035,1780948392035
1782,0x7954100a3e9a99e45f9b8cc6b43b9d09876c68461883c07bc7d80b48855c1243,"",client_a_preview,0,"","",XVG/USD,2605540080000000,1780948397,failed,,,0,0,,,,,1780948407868,1780948407868
1783,0xb0222c72cff8a7ffa9cca5218aa83e1bcb2d5650da4171a9edb4ae31a1687083,"",client_a_preview,0,"","",USDT/USD,999550000000000000,1780948401,failed,,,0,0,,,,,1780948413741,1780948413741
1784,0xb0222c72cff8a7ffa9cca5218aa83e1bcb2d5650da4171a9edb4ae31a1687083,"",client_a_preview,0,"","",USDT/USD,999550000000000000,1780948401,failed,,,0,0,,,,,1780948419705,1780948419705
1785,0x747b0a114c16991110963e001b6616fb2e5b3cb4a43b419bb7cdf12fbafcc544,"",client_a_preview,0,"","",DOGE/USD,86905591797218480,1780948353,failed,,,0,0,,,,,1780948419716,1780948419716
1786,0x4f6bf2d2be00cec9b88c980286a6bafa35c71b6bbe66c5d8f6a240fda8f4608e,"",client_a_preview,0,"","",SHIB/USD,4776878298750,1780948354,failed,,,0,0,,,,,1780948419721,1780948419721
1787,0x7954100a3e9a99e45f9b8cc6b43b9d09876c68461883c07bc7d80b48855c1243,"",client_a_preview,0,"","",XVG/USD,2605540080000000,1780948397,failed,,,0,0,,,,,1780948419731,1780948419731
1788,0xff061b713034eb689c52f96562167664525ae498f0b810aaab77ff10f0769d9b,559eef964b619255e1ba1c78b6137fac391c69da3746e50121d48c7c550e1713,client_a_preview,0,"","",DOGE/USD,"",0,confirmed,,,0,0,,,1780948454786,1780948478321,,1780948454786
1789,0x4ecb77502f3dfd2ade64b27b0477c50c399b7c42febc7bd35a9fa8f135e30769,559eef964b619255e1ba1c78b6137fac391c69da3746e50121d48c7c550e1713,client_a_preview,0,"","",SHIB/USD,"",0,confirmed,,,0,0,,,1780948454797,1780948478331,,1780948454797
1790,0xb0222c72cff8a7ffa9cca5218aa83e1bcb2d5650da4171a9edb4ae31a1687083,"",client_a_preview,0,"","",USDT/USD,999550000000000000,1780948401,failed,,,0,0,,,,,1780948482895,1780948482895
1791,0xe1a6652200615345fd9527589dcccf5c95d52639ea4aee2124a521d07689ae8d,"",client_a_preview,0,"","",DOGE/USD,86902005690757784,1780948467,failed,,,0,0,,,,,1780948482902,1780948482902
1792,0xd16e0fb94cb745e626ac2aa2c8fff1956517e3612692226796edbff4eb6192e9,"",client_a_preview,0,"","",SHIB/USD,4776676211250,1780948468,failed,,,0,0,,,,,1780948482909,1780948482909
1793,0x7954100a3e9a99e45f9b8cc6b43b9d09876c68461883c07bc7d80b48855c1243,"",client_a_preview,0,"","",XVG/USD,2605540080000000,1780948397,failed,,,0,0,,,,,1780948482916,1780948482916
1794,0xba0564b1c2ec373cf6a31d73d24f0dfd2f0369588696b6f419e4c33e64bdb28d,"",client_a_preview,0,"","",NEIRO/USD,68690370683249,1780948468,failed,,,0,0,,,,,1780948482921,1780948482921
1795,0xc63b44650dfc37a5bef28c034a6035913c9400ddbbe7fba61f26c03ab54d843a,58614dd35d6853d9482b8218ef1d50c8fe7463a8cb3defd518cf08e6db90364f,client_a_preview,0,"","",XVG/USD,"",0,confirmed,,,0,0,,,1780948500977,1780948644786,,1780948500977
1796,0x170e28deb07568295198749747d9e20882dfd6411b17d07e54974bef3c186a0b,"",client_a_preview,0,"","",USDT/USD,999578721325000064,1780948625,failed,,,0,0,,,,,1780948650656,1780948650656
1797,0x51a323bec9f012a6d67ee8ab3a5817e7bdf61caa920c2b81ce913844f6a9103c,"",client_a_preview,0,"","",ARB/USD,83368715500000008,1780948621,failed,,,0,0,,,,,1780948650663,1780948650663
1798,0xf992481e5e4197623ab94b9e70c8d0fd1b28cdce42f91dabee523116f296d22c,"",client_a_preview,0,"","",XVG/USD,2605540080000000,1780948622,failed,,,0,0,,,,,1780948650670,1780948650670
1799,0x152a0248bd90761f454c91e63c07ef30f80c353210e034642bcf9de8211dfead,"",client_a_preview,0,"","",NEIRO/USD,68668827375000,1780948609,failed,,,0,0,,,,,1780948650677,1780948650677
1800,0xe8253d89f6811aab29e73d429233d143e2fe9970a2741f515cd078b7282ca793,"",client_a_preview,0,"","",LTC/USD,43432509510995009536,1780948558,failed,,,0,0,,,,,1780948650684,1780948650684
1801,0xcaef18179e54ad17d8120eba2c68355ed9161678b418d3928faf09504fb61177,64f52779c407b784e9b6b4ed915362c7f456914f01bcf2693da18a46b2293c12,client_a_preview,0,"","",LTC/USD,"",0,confirmed,,,0,0,,,1780948667820,1780948820224,,1780948667820
1802,0x6f57daa77414bbd841c21888e0544b30ade122599ef5749363f0a2dd694430d9,"",client_a_preview,0,"","",ARB/USD,83362365119168552,1780948774,failed,,,0,0,,,,,1780948825673,1780948825673
1803,0xb7a1b18ff992ab57087b105ed3e5c3f94597bb7ca4357dbba000613bedfb47ae,"",client_a_preview,0,"","",USDT/USD,999593726348427456,1780948745,failed,,,0,0,,,,,1780948825708,1780948825708
1804,0xdba9f94906cde5b0fe1d261f1081a70db4c47fb695ece7cea711a6dec42f3025,"",client_a_preview,0,"","",LTC/USD,43432509510995009536,1780948792,failed,,,0,0,,,,,1780948825716,1780948825716
1805,0x4ba7e39969e169b71d83981aa41caef3c1cec66196beacab1d02b7a9baf08ab9,"",client_a_preview,0,"","",NEIRO/USD,68668827375000,1780948806,failed,,,0,0,,,,,1780948825725,1780948825725
1806,0xf6986ff8bee7b7926569fa3350094a562087a86a3e1c537a3ce9e197d98a513a,"",client_a_preview,0,"","",ETH/USD,1686353356004169351168,1780948795,failed,,,0,0,,,,,1780948825740,1780948825740
1807,0xa2e92eef4e6027f722da01e4542b988102ca553dae42b4209ec86410541bbcb1,c53753644ca057b7522f3b6c045dfa9fdac244f4c632d6ebf9e3a4f2d247503d,client_a_preview,0,"","",USDT/USD,"",0,confirmed,,,0,0,,,1780948844174,1780948879504,,1780948844174
1808,0x4ae16fe6f2d365ecf5cb23e57c7920e41c30557511873d4de339b78f8c39d414,"",client_a_preview,0,"","",ETH/USD,1686353356004169351168,1780948874,failed,,,0,0,,,,,1780948884918,1780948884918
1809,0xa939ba64b5bcc07f7bc8c09082b1da306a79b4014922ca1b1b5d2ebbd09405f2,"",client_a_preview,0,"","",USDT/USD,999613746082529472,1780948857,failed,,,0,0,,,,,1780948884926,1780948884926
1810,0x69540ae9f5eb93bac54108b41fa0ed600dcf0fe9479b6003ac36dd9a1dfd7db3,"",client_a_preview,0,"","",ARB/USD,83362365119168552,1780948853,failed,,,0,0,,,,,1780948884935,1780948884935
1811,0x4dd03e4313a127e417e3568acba2640dda5d0c2012dc06a977f89288641c7738,"",client_a_preview,0,"","",NEIRO/USD,68668827375000,1780948841,failed,,,0,0,,,,,1780948884943,1780948884943
1812,0xf7f6a03fd97d2819d3810ab50306d4e664172b3864675c0986b685b7710e0390,"",client_a_preview,0,"","",USDC/USD,999649922913970688,1780948803,failed,,,0,0,,,,,1780948884950,1780948884950
1813,0x62cde50b5c7bb0a8ac5c814c063a7460d19f42e15c26373a6e5f8671f4838e0b,b22dc740ca00f87ac394664ed49dfa3269a381dc976180faaef6386d0b15a2b7,client_a_preview,0,"","",USDC/USD,"",0,confirmed,,,0,0,,,1780948903459,1780949018566,,1780948903459
1814,0x962ee464b809ba1e354b1680d367df9515f40495ff1c6d988ff0464a6b945422,"",client_a_preview,0,"","",ARB/USD,83362365119168552,1780948992,failed,,,0,0,,,,,1780949024480,1780949024480
1815,0xdca4d1ff10bfd01c2e9dbbc25954ec09bb15a79d5acad7d6196b0652c20045be,"",client_a_preview,0,"","",ETH/USD,1686353356004169351168,1780949012,failed,,,0,0,,,,,1780949024492,1780949024492
1816,0x85ef7edbbdb9755ec2c65ef6de4bd924718dfbde4b2bcd9012bf2cea01d7de1a,"",client_a_preview,0,"","",USDC/USD,999649952200000128,1780948985,failed,,,0,0,,,,,1780949024497,1780949024497
1817,0xb647d1227c0e0dc45b69c47d075372f7d4903403fae67aebb11b15544b9957e6,"",client_a_preview,0,"","",NEIRO/USD,68663056750000,1780948948,failed,,,0,0,,,,,1780949024504,1780949024504
1818,0x127a1e0cdc2259f34c10fbbf1e3bb2f552b868edbcad95dab1a372e0df62be43,"",client_a_preview,0,"","",BTC/USD,63461064283750007832576,1780949011,failed,,,0,0,,,,,1780949024512,1780949024512
1819,0x565c95147004d24210e603624c7ce6f787b40486b1ee7f041ca2f846c787e221,2ae578902a11eef3337a387d7d85a4e1da1e1f626d39113920f63f1787381772,client_a_preview,0,"","",NEIRO/USD,"",0,confirmed,,,0,0,,,1780949044907,1780949080273,,1780949044907
1820,0x127a1e0cdc2259f34c10fbbf1e3bb2f552b868edbcad95dab1a372e0df62be43,"",client_a_preview,0,"","",BTC/USD,63461064283750007832576,1780949011,failed,,,0,0,,,,,1780949084818,1780949084818
1821,0xdca4d1ff10bfd01c2e9dbbc25954ec09bb15a79d5acad7d6196b0652c20045be,"",client_a_preview,0,"","",ETH/USD,1686353356004169351168,1780949012,failed,,,0,0,,,,,1780949084826,1780949084826
1822,0x0173e80e6346bc953f55ec210ba42963860c48e223e27de501dc25560b4b387e,"",client_a_preview,0,"","",ARB/USD,83362365119168552,1780949066,failed,,,0,0,,,,,1780949084836,1780949084836
1823,0x92465c1a57c47b541daedc623ea52385460f6dffd6f00835a351331c7e3c07d4,"",client_a_preview,0,"","",NEIRO/USD,68657908213332,1780949059,failed,,,0,0,,,,,1780949084844,1780949084844
1824,0xfdb0bf9a7e626bfc7c1601126a4d3b934fa9b623fb41e8e10928ff915db7cd08,3c72dd81b58c25e715e7877ab851a3b37ec06bfcd740134e45ef9411dac28bbe,client_a_preview,0,"","",BTC/USD,"",0,confirmed,,,0,0,,,1780949111652,1780949157830,,1780949111652
1825,0x9b11c15774808f0c12bc8833b59ab6aa33539fb504d34e8ba3dbc1d96effea8d,3c72dd81b58c25e715e7877ab851a3b37ec06bfcd740134e45ef9411dac28bbe,client_a_preview,0,"","",ETH/USD,"",0,confirmed,,,0,0,,,1780949111666,1780949157844,,1780949111666
1826,0xefe7f430368d5dbb9c3fe54f9a0413e9c5b68cf25580d5242e306f8c2d7ed149,"",client_a_preview,0,"","",BTC/USD,63459472509581802864640,1780949127,failed,,,0,0,,,,,1780949163658,1780949163658
1827,0x069b3c033ec6a07eb29ad34ca930c64b358b2f98b44316f7a2305afe5670a042,"",client_a_preview,0,"","",ETH/USD,1686376597987297591296,1780949129,failed,,,0,0,,,,,1780949163667,1780949163667
1828,0x619f90048001651d870213c7b2dcebf522ab801794f831430754a1fb250efe7a,"",client_a_preview,0,"","",DOGE/USD,86866869317361768,1780949141,failed,,,0,0,,,,,1780949163682,1780949163682
1829,0xee68858f460aeacf23198f091bd889cd161bbc76c8b52d8c171a3af2d8be1c42,"",client_a_preview,0,"","",ARB/USD,83362155196153872,1780949104,failed,,,0,0,,,,,1780949163687,1780949163687
1830,0x975032c6e1a78366b2e42d77cc41d76be3f280454b8aec7a9bc8c5219bec2418,"",client_a_preview,0,"","",SHIB/USD,4772708000000,1780949143,failed,,,0,0,,,,,1780949163695,1780949163695
1831,0x619f90048001651d870213c7b2dcebf522ab801794f831430754a1fb250efe7a,"",client_a_preview,0,"","",DOGE/USD,86866869317361768,1780949141,failed,,,0,0,,,,,1780949169486,1780949169486
1832,0xee68858f460aeacf23198f091bd889cd161bbc76c8b52d8c171a3af2d8be1c42,"",client_a_preview,0,"","",ARB/USD,83362155196153872,1780949104,failed,,,0,0,,,,,1780949169495,1780949169495
1833,0x975032c6e1a78366b2e42d77cc41d76be3f280454b8aec7a9bc8c5219bec2418,"",client_a_preview,0,"","",SHIB/USD,4772708000000,1780949143,failed,,,0,0,,,,,1780949169502,1780949169502
1834,0x926e65e3decb8a6d096ff7035708ecced6fd5e859a2e157026d1d9bccfb7f48e,"",client_a_preview,0,"","",ARB/USD,83361673604561984,1780949183,failed,,,0,0,,,,,1780949195044,1780949195044
1835,0x619f90048001651d870213c7b2dcebf522ab801794f831430754a1fb250efe7a,"",client_a_preview,0,"","",DOGE/USD,86866869317361768,1780949141,failed,,,0,0,,,,,1780949195052,1780949195052
1836,0x975032c6e1a78366b2e42d77cc41d76be3f280454b8aec7a9bc8c5219bec2418,"",client_a_preview,0,"","",SHIB/USD,4772708000000,1780949143,failed,,,0,0,,,,,1780949195059,1780949195059
1837,0x619f90048001651d870213c7b2dcebf522ab801794f831430754a1fb250efe7a,"",client_a_preview,0,"","",DOGE/USD,86866869317361768,1780949141,failed,,,0,0,,,,,1780949223625,1780949223625
1838,0x926e65e3decb8a6d096ff7035708ecced6fd5e859a2e157026d1d9bccfb7f48e,"",client_a_preview,0,"","",ARB/USD,83361673604561984,1780949183,failed,,,0,0,,,,,1780949223632,1780949223632
1839,0x975032c6e1a78366b2e42d77cc41d76be3f280454b8aec7a9bc8c5219bec2418,"",client_a_preview,0,"","",SHIB/USD,4772708000000,1780949143,failed,,,0,0,,,,,1780949223639,1780949223639
1840,0xc538857c83e7fcca48793be28046c5ad115d4fdb37e170d42c0e488d17349960,a68a8b206688c1a352ac8eb653394b3268fe23c8b688e1cca44a8192fd63424a,client_a_preview,0,"","",DOGE/USD,"",0,confirmed,,,0,0,,,1780949241076,1780949273030,,1780949241076
1841,0x9d313f543fd8ad47a4b96d8209365d6839f75db228cf60a844c37369ad14e9ba,"",client_a_preview,0,"","",ARB/USD,83361636000000016,1780949220,failed,,,0,0,,,,,1780949278929,1780949278929
1842,0xb2c78f8006af9361be16bd17cc021f9548c89252bbe25a025f97d8ab4f554935,"",client_a_preview,0,"","",SHIB/USD,4770865142152,1780949255,failed,,,0,0,,,,,1780949278945,1780949278945
1843,0x174bef38b999e0a7739425a9992d61e0a6d050540f28847bb5df47e755c7bc60,"",client_a_preview,0,"","",DOGE/USD,86864589100000000,1780949253,failed,,,0,0,,,,,1780949278973,1780949278973
1844,0x9912a1efb5149efdc41972465c3bcbaacc9fa4597a082321f0be85bccf4c29b9,"",client_a_preview,0,"","",XVG/USD,2605540080000000,1780949260,failed,,,0,0,,,,,1780949278981,1780949278981
1845,0x60af55955d77c2b51509485e6d3f7eaf2a2a9137585d9d93ff10210823e38e96,97adc43de264aa4f9865c66b4482599cf0ba62056b9b7ed3d47c111f39e93a71,client_a_preview,0,"","",ARB/USD,"",0,confirmed,,,0,0,,,1780949312728,1780949359869,,1780949312728
1846,0xbf0dfd694d6eab2721e19c3ee9b38690735ad4cc378a9157ecfc516d9f11e063,"",client_a_preview,0,"","",XVG/USD,2605540080000000,1780949295,failed,,,0,0,,,,,1780949365692,1780949365692
1847,0x5d8fbb2177914a7c20e8b4890232c2d2d791fff60cd3d96a3835e3d93ccacb2a,"",client_a_preview,0,"","",ARB/USD,83361636000000016,1780949328,failed,,,0,0,,,,,1780949365698,1780949365698
1848,0xfb46a1f0769eeb4cb68066ad48a08614000c6828bd6f4796bfe426c5a055df59,"",client_a_preview,0,"","",SHIB/USD,4770756690000,1780949327,failed,,,0,0,,,,,1780949365706,1780949365706
1849,0xcafcf693e3d7d5a394b002846a5de49f94fa3fd8524d0749b77ba9c85d890859,"",client_a_preview,0,"","",SHIB/USD,4770104620607,1780949366,failed,,,0,0,,,,,1780949376150,1780949376150
1850,0xc7f6f56ffeee52b93e096242ca7561166f0e7a7bc0f4663cb8fb11d593d45de6,be0b2f4c6f969489e3a48d03f512d3aa1f5380687919bc46697cba88aae7c841,client_a_preview,0,"","",XVG/USD,"",0,confirmed,,,0,0,,,1780949394534,1780949538523,,1780949394534
1851,0x7b3b4e6e58a731a71d701e1738bf13b5f0e867fe3058b1a0f44f1506f72d3b38,"",client_a_preview,0,"","",SHIB/USD,4768828984394,1780949482,failed,,,0,0,,,,,1780949543086,1780949543086
1852,0x2678bf74f28055eab88b0a234e91384b37078a045b941903cd8d01f30ed633a3,"",client_a_preview,0,"","",XVG/USD,2605540080000000,1780949525,failed,,,0,0,,,,,1780949543095,1780949543095
1853,0x54f8f047520b55173067dc70b3371a51a80466e396c981e0fa6a512aec928b77,"",client_a_preview,0,"","",LTC/USD,43432509510995009536,1780949463,failed,,,0,0,,,,,1780949543102,1780949543102
1854,0x81a807a56bfd8d49306593ac19041bf760f917757779246c8cd29c5810a57dc5,"",client_a_preview,0,"","",USDT/USD,999640000000000064,1780949529,failed,,,0,0,,,,,1780949543110,1780949543110
1855,0x19e0df105f58250d9713b5fa4410ae9c9fad952ad012259e45c153d6faddce29,c0bb99c31f5ca9ae1d10b20b64439751e62da9e4653b5e6ee31b8d64d3b09351,client_a_preview,0,"","",LTC/USD,"",0,confirmed,,,0,0,,,1780949565200,1780949683446,,1780949565200
1856,0x67b26d973c45bc5c6c2e92fe12ea984cd508a173be8f50b3932d0b1cc69aee42,"",client_a_preview,0,"","",USDT/USD,999640000000000128,1780949642,failed,,,0,0,,,,,1780949687968,1780949687968
1857,0xdbcf9bcbd6f5f260cd05cbc5812cee8046d98999886f372dc6b998130a71f98f,"",client_a_preview,0,"","",LTC/USD,43430447500000010240,1780949657,failed,,,0,0,,,,,1780949687976,1780949687976
1858,0xfe5a6330dd33c39c934b8a90abb5695f82334fe84c2de86630dacb3fce07b9c1,"",client_a_preview,0,"","",SHIB/USD,4766568214887,1780949674,failed,,,0,0,,,,,1780949687979,1780949687979
1859,0x5f3c196d7283ad6796c3e88743b56d4307f5edd4458e5689c56e6aa43cb2563c,"",client_a_preview,0,"","",USDC/USD,999649955000000128,1780949667,failed,,,0,0,,,,,1780949687986,1780949687986
1860,0xf29dc9ae8c2ce97509fe22f4454f6f59c72007a7b3d0ee3ff1d6c7f344e5196f,"",client_a_preview,0,"","",USDC/USD,999649955000000128,1780949700,failed,,,0,0,,,,,1780949710971,1780949710971
1861,0x67b26d973c45bc5c6c2e92fe12ea984cd508a173be8f50b3932d0b1cc69aee42,"",client_a_preview,0,"","",USDT/USD,999640000000000128,1780949642,failed,,,0,0,,,,,1780949710978,1780949710978
1862,0xfe5a6330dd33c39c934b8a90abb5695f82334fe84c2de86630dacb3fce07b9c1,"",client_a_preview,0,"","",SHIB/USD,4766568214887,1780949674,failed,,,0,0,,,,,1780949710986,1780949710986
1863,0x8949694fc665c8bfb01ea540061f6934a95a9de503c38398e51c87997fc64c76,"",client_a_preview,0,"","",NEIRO/USD,68636619554085,1780949627,failed,,,0,0,,,,,1780949710993,1780949710993
1864,0x16f2a516f51f6419991c2d00c78553418f7569f3000781352168527364868d6a,"",client_a_preview,0,"","",NEIRO/USD,68623894857342,1780949706,failed,,,0,0,,,,,1780949718653,1780949718653
1865,0x565b118ba65dcc3f480235e25e053039ad60dbc9836ae308e8b4b84b80916ca7,"",client_a_preview,0,"","",SHIB/USD,4766165084887,1780949708,failed,,,0,0,,,,,1780949718660,1780949718660
1866,0xd4f8e8737fd59230b7ac7e1c19c81111b68185cbea0b402b7aa0534ea6dd9881,a4705108b8c3b22498170e3ab32a4d5cc4b0889c9e48542a5f3536548e928950,client_a_preview,0,"","",USDT/USD,"",0,confirmed,,,0,0,,,1780949743641,1780949856746,,1780949743641
1867,0x55dd4ac8f0fddf64c49ceb8241d27b98da4da4cba0459ff59fc9048cbd062f32,"",client_a_preview,0,"","",USDC/USD,999649955000000128,1780949815,failed,,,0,0,,,,,1780949861282,1780949861282
1868,0xecb5b94fd34241198c688d2888433e00cdb1f8a5ea92e71778d885699fba7862,"",client_a_preview,0,"","",USDT/USD,999642282754212480,1780949832,failed,,,0,0,,,,,1780949861289,1780949861289
1869,0x749fc1c049ca986e4a81af17585ddf5c437a610435a47055c3036e7b0f18c529,"",client_a_preview,0,"","",SHIB/USD,4764999999999,1780949824,failed,,,0,0,,,,,1780949861297,1780949861297
1870,0xdb5c479a35b432e3bce501f746c7dae982356d55b03e10e874372834007e16d6,"",client_a_preview,0,"","",NEIRO/USD,68618795203874,1780949815,failed,,,0,0,,,,,1780949861302,1780949861302
1871,0x762c08f02a8f697de82d3ccece758fd8b4cec36aba8ad396ad073079012d22b3,"",client_a_preview,0,"","",BTC/USD,63423521386694845661184,1780949806,failed,,,0,0,,,,,1780949861309,1780949861309
1872,0x7d1cc74ffe1efe4df941a980f4c3bb6595df0245e3cb20b23f750de94cd161b3,"",client_a_preview,0,"","",ETH/USD,1686369081175000219648,1780949807,failed,,,0,0,,,,,1780949861316,1780949861316
1873,0x078e9f90bb52ee40bc0c1e8df29a1496647229aa00bf6827b4464728a88eef45,"",client_a_preview,0,"","",NEIRO/USD,68618108703875,1780949855,failed,,,0,0,,,,,1780949867230,1780949867230
1874,0x762c08f02a8f697de82d3ccece758fd8b4cec36aba8ad396ad073079012d22b3,"",client_a_preview,0,"","",BTC/USD,63423521386694845661184,1780949806,failed,,,0,0,,,,,1780949883191,1780949883191
1875,0x7d1cc74ffe1efe4df941a980f4c3bb6595df0245e3cb20b23f750de94cd161b3,"",client_a_preview,0,"","",ETH/USD,1686369081175000219648,1780949807,failed,,,0,0,,,,,1780949883199,1780949883199
1876,0x55dd4ac8f0fddf64c49ceb8241d27b98da4da4cba0459ff59fc9048cbd062f32,"",client_a_preview,0,"","",USDC/USD,999649955000000128,1780949815,failed,,,0,0,,,,,1780949883206,1780949883206
1877,0xf5b0df20148530a73fe76065505f49c539073274766dea57dc3ec32a931cd858,"",client_a_preview,0,"","",DOGE/USD,86823992809453600,1780949823,failed,,,0,0,,,,,1780949883213,1780949883213
1878,0x749fc1c049ca986e4a81af17585ddf5c437a610435a47055c3036e7b0f18c529,"",client_a_preview,0,"","",SHIB/USD,4764999999999,1780949824,failed,,,0,0,,,,,1780949883219,1780949883219
1879,0x078e9f90bb52ee40bc0c1e8df29a1496647229aa00bf6827b4464728a88eef45,"",client_a_preview,0,"","",NEIRO/USD,68618108703875,1780949855,failed,,,0,0,,,,,1780949883223,1780949883223
1880,0x5220967c9cc63afe9b1af6742501122cdc97350858183f8415a71940acdeb745,ed25829371758f34273b2ea4ff862917ca98f11444de187a966bba2ae83e824e,client_a_preview,0,"","",BTC/USD,"",0,confirmed,,,0,0,,,1780949903825,1780949938985,,1780949903825
1881,0x884993f764070daf6cace166bba145996bd78a04d41f3ed8b5c57e007439371a,ed25829371758f34273b2ea4ff862917ca98f11444de187a966bba2ae83e824e,client_a_preview,0,"","",ETH/USD,"",0,confirmed,,,0,0,,,1780949903836,1780949938997,,1780949903836
1882,0x42c34d0d5d5124d2a3ca2b8f6fb47901d8818fd91ab29c25e68caa1d59e193bb,"",client_a_preview,0,"","",USDC/USD,999649996400000192,1780949925,failed,,,0,0,,,,,1780949943471,1780949943471
1883,0x16e97ff099759418695dcea85172fe7e18f8059037ca893ce12cbb845a0978e2,"",client_a_preview,0,"","",DOGE/USD,86790103439879536,1780949932,failed,,,0,0,,,,,1780949943479,1780949943479
1884,0x5b0d46d6e7ac17a68c77396ac49670c11baefd37f73e36451360326c1146dc1a,"",client_a_preview,0,"","",SHIB/USD,4764045792690,1780949933,failed,,,0,0,,,,,1780949943488,1780949943488
1885,0xf962ef74b47fec5ad36f1476138e6ba3f789b414808dadac57cb696d7561121e,"",client_a_preview,0,"","",BTC/USD,63413650610813606559744,1780949917,failed,,,0,0,,,,,1780949943495,1780949943495
1886,0x26417a330989c19f2926026a1c09e628931e02b5d6dcda32f9f27c0aa6f934b8,"",client_a_preview,0,"","",ETH/USD,1686323328434479038464,1780949918,failed,,,0,0,,,,,1780949943500,1780949943500
1887,0x876148dc13f9575da3789d0f41076b040539a0b0f0edab169b7e832fb0f21641,"",client_a_preview,0,"","",NEIRO/USD,68610193849572,1780949924,failed,,,0,0,,,,,1780949943507,1780949943507
1888,0x42c34d0d5d5124d2a3ca2b8f6fb47901d8818fd91ab29c25e68caa1d59e193bb,"",client_a_preview,0,"","",USDC/USD,999649996400000192,1780949925,failed,,,0,0,,,,,1780949969248,1780949969248
1889,0x16e97ff099759418695dcea85172fe7e18f8059037ca893ce12cbb845a0978e2,"",client_a_preview,0,"","",DOGE/USD,86790103439879536,1780949932,failed,,,0,0,,,,,1780949969257,1780949969257
1890,0x08a5d31b50ce11de778fbde2e7a9ca5636dba511f6a7c03e9380073db22ba1b4,"",client_a_preview,0,"","",ARB/USD,83285784780399504,1780949898,failed,,,0,0,,,,,1780949969265,1780949969265
1891,0x5b0d46d6e7ac17a68c77396ac49670c11baefd37f73e36451360326c1146dc1a,"",client_a_preview,0,"","",SHIB/USD,4764045792690,1780949933,failed,,,0,0,,,,,1780949969273,1780949969273
1892,0x876148dc13f9575da3789d0f41076b040539a0b0f0edab169b7e832fb0f21641,"",client_a_preview,0,"","",NEIRO/USD,68610193849572,1780949924,failed,,,0,0,,,,,1780949969281,1780949969281
1893,0x3d8b8ae96e9231368b03a162f72a371161a492a427f464528052b84ac2e4d6a7,"",client_a_preview,0,"","",NEIRO/USD,68602837510183,1780949966,failed,,,0,0,,,,,1780949977771,1780949977771
1894,0x54a1cefc75c9a21598141e95b55f81a6ccd80f252a4835ece091d9ffb7da8f86,b2c3be51a17bcc30b5eeaaaa49a8bb79ac4d3fdacbc12a6134cdfe7eac606d5e,client_a_preview,0,"","",ARB/USD,"",0,confirmed,,,0,0,,,1780949996201,1780950042032,,1780949996201
1895,0xddf4f4c514ef84c4552349ec38acb5d92a0ee639fcde46ff8588304ba67c900f,"",client_a_preview,0,"","",USDC/USD,999650594694628032,1780950036,failed,,,0,0,,,,,1780950047670,1780950047670
1896,0xb4dde4904f8dc75f09fa288e799012acaf8ecfbcf9725858790d55a36776c0ed,"",client_a_preview,0,"","",DOGE/USD,86776458055707208,1780950009,failed,,,0,0,,,,,1780950047679,1780950047679
1897,0x066105e46b1b5372f847090a9d0e1740262bfab98d23f84af17514559f28b9d7,"",client_a_preview,0,"","",ARB/USD,83267647396205016,1780950012,failed,,,0,0,,,,,1780950047687,1780950047687
1898,0xefae9e5345c1d1c55c3841ca8b000fb98ba46b733488efc139929811f6467bcb,"",client_a_preview,0,"","",SHIB/USD,4763776153125,1780950010,failed,,,0,0,,,,,1780950047711,1780950047711
1899,0xd4771514b4a0db6ce1b144ca49c9aaf2e6462e9d5bacb6953be45d7ed9d60c97,"",client_a_preview,0,"","",NEIRO/USD,68594339794978,1780950035,failed,,,0,0,,,,,1780950047724,1780950047724
1900,0xd35eee4f2066cd3787830ef8d9ac1e0e4d17f4645a86c8f763b79497d989fdfb,"",client_a_preview,0,"","",DOGE/USD,86774763909637824,1780950043,failed,,,0,0,,,,,1780950053571,1780950053571
1901,0x27e3c8ec482a721b448edb137adafd4cbaff7235d5d80363e7567d9aae2e04c7,"",client_a_preview,0,"","",SHIB/USD,4763454457374,1780950044,failed,,,0,0,,,,,1780950053582,1780950053582
1902,0xddf4f4c514ef84c4552349ec38acb5d92a0ee639fcde46ff8588304ba67c900f,"",client_a_preview,0,"","",USDC/USD,999650594694628032,1780950036,failed,,,0,0,,,,,1780950053587,1780950053587
1903,0xd4771514b4a0db6ce1b144ca49c9aaf2e6462e9d5bacb6953be45d7ed9d60c97,"",client_a_preview,0,"","",NEIRO/USD,68594339794978,1780950035,failed,,,0,0,,,,,1780950053629,1780950053629
1904,0xddf4f4c514ef84c4552349ec38acb5d92a0ee639fcde46ff8588304ba67c900f,"",client_a_preview,0,"","",USDC/USD,999650594694628032,1780950036,failed,,,0,0,,,,,1780950083696,1780950083696
1905,0xd35eee4f2066cd3787830ef8d9ac1e0e4d17f4645a86c8f763b79497d989fdfb,"",client_a_preview,0,"","",DOGE/USD,86774763909637824,1780950043,failed,,,0,0,,,,,1780950083704,1780950083704
1906,0x27e3c8ec482a721b448edb137adafd4cbaff7235d5d80363e7567d9aae2e04c7,"",client_a_preview,0,"","",SHIB/USD,4763454457374,1780950044,failed,,,0,0,,,,,1780950083711,1780950083711
1907,0x41f9dee529bd50f661858efc60c10a823cdd3f0d8323626dec0631235a2a55ba,"",client_a_preview,0,"","",NEIRO/USD,68591362525000,1780950075,failed,,,0,0,,,,,1780950083720,1780950083720
1908,0xddf4f4c514ef84c4552349ec38acb5d92a0ee639fcde46ff8588304ba67c900f,"",client_a_preview,0,"","",USDC/USD,999650594694628032,1780950036,failed,,,0,0,,,,,1780950112455,1780950112455
1909,0xd35eee4f2066cd3787830ef8d9ac1e0e4d17f4645a86c8f763b79497d989fdfb,"",client_a_preview,0,"","",DOGE/USD,86774763909637824,1780950043,failed,,,0,0,,,,,1780950112462,1780950112462
1910,0x27e3c8ec482a721b448edb137adafd4cbaff7235d5d80363e7567d9aae2e04c7,"",client_a_preview,0,"","",SHIB/USD,4763454457374,1780950044,failed,,,0,0,,,,,1780950112469,1780950112469
1911,0x41f9dee529bd50f661858efc60c10a823cdd3f0d8323626dec0631235a2a55ba,"",client_a_preview,0,"","",NEIRO/USD,68591362525000,1780950075,failed,,,0,0,,,,,1780950112476,1780950112476
1912,0x9aa3cfb5f3fd165dd5548d118a2554761544876bf1bfea0668717a5e31a503ce,05e41c97ed7eef5248e0ca35ffb491aebc92d6b120551f72bcbca8954b0bbe95,client_a_preview,0,"","",USDC/USD,"",0,confirmed,,,0,0,,,1780950130023,1780950168831,,1780950130023
1913,0xab6f232f993fa559082b916bf384bd3d1de8ebc1c2ed363dc2aaaf357f3fd78c,"",client_a_preview,0,"","",DOGE/USD,86760516327691696,1780950149,failed,,,0,0,,,,,1780950173359,1780950173359
1914,0xac503447552e22511d93c987a9492b4196c4e7dc3cf7d5ffa2cb0e1100f820a0,"",client_a_preview,0,"","",SHIB/USD,4762627524696,1780950150,failed,,,0,0,,,,,1780950173367,1780950173367
1915,0x01c9b27070af74365d139453c109fe3b6abfdcb745f54a283b897c37b235887d,"",client_a_preview,0,"","",USDC/USD,999651824119627904,1780950143,failed,,,0,0,,,,,1780950173383,1780950173383
1916,0xd0562f62943808bf02ade94f0ca38f7c1863bfdffdab2596a9e181056d88e3c7,"",client_a_preview,0,"","",NEIRO/USD,68584259869360,1780950142,failed,,,0,0,,,,,1780950173390,1780950173390
1917,0xd687e35bee329be3bd889e43fdc3e062ebb32a6260f57c340db11df4dd1ee7a9,"",client_a_preview,0,"","",XVG/USD,2603616093750000,1780950153,failed,,,0,0,,,,,1780950173398,1780950173398
1918,0x8b87688442fde9c9b92e1f7e67227f2d21d11825bd08d8f1df72db29b93583de,"",client_a_preview,0,"","",NEIRO/USD,68580826249047,1780950181,failed,,,0,0,,,,,1780950192482,1780950192482
1919,0xab6f232f993fa559082b916bf384bd3d1de8ebc1c2ed363dc2aaaf357f3fd78c,"",client_a_preview,0,"","",DOGE/USD,86760516327691696,1780950149,failed,,,0,0,,,,,1780950198359,1780950198359
1920,0xac503447552e22511d93c987a9492b4196c4e7dc3cf7d5ffa2cb0e1100f820a0,"",client_a_preview,0,"","",SHIB/USD,4762627524696,1780950150,failed,,,0,0,,,,,1780950198367,1780950198367
1921,0x8b87688442fde9c9b92e1f7e67227f2d21d11825bd08d8f1df72db29b93583de,"",client_a_preview,0,"","",NEIRO/USD,68580826249047,1780950181,failed,,,0,0,,,,,1780950198375,1780950198375
1922,0xd687e35bee329be3bd889e43fdc3e062ebb32a6260f57c340db11df4dd1ee7a9,"",client_a_preview,0,"","",XVG/USD,2603616093750000,1780950153,failed,,,0,0,,,,,1780950198384,1780950198384
1923,0x030370b32f1607c8915e1ed730dfe551d562b3224d72de17e2f68e0aa57deb3a,"",client_a_preview,0,"","",XVG/USD,2603609581250000,1780950194,failed,,,0,0,,,,,1780950203216,1780950203216
1924,0xab6f232f993fa559082b916bf384bd3d1de8ebc1c2ed363dc2aaaf357f3fd78c,"",client_a_preview,0,"","",DOGE/USD,86760516327691696,1780950149,failed,,,0,0,,,,,1780950227160,1780950227160
1925,0xac503447552e22511d93c987a9492b4196c4e7dc3cf7d5ffa2cb0e1100f820a0,"",client_a_preview,0,"","",SHIB/USD,4762627524696,1780950150,failed,,,0,0,,,,,1780950227167,1780950227167
1926,0x8b87688442fde9c9b92e1f7e67227f2d21d11825bd08d8f1df72db29b93583de,"",client_a_preview,0,"","",NEIRO/USD,68580826249047,1780950181,failed,,,0,0,,,,,1780950227172,1780950227172
1927,0x030370b32f1607c8915e1ed730dfe551d562b3224d72de17e2f68e0aa57deb3a,"",client_a_preview,0,"","",XVG/USD,2603609581250000,1780950194,failed,,,0,0,,,,,1780950227179,1780950227179
1928,0xc35daa91159b5c430aff020f9a0b6b4f8fd2b8c1802bdc26924f7bf212020ff0,b5ec38327b9a8c5d202ff774a8ca9a1294e68756e09b663d0e5b046a18732a92,client_a_preview,0,"","",DOGE/USD,"",0,confirmed,,,0,0,,,1780950246143,1780950335631,,1780950246143
1929,0x84765cbc8334dbddfbba414931eef50c597cdcb770295f3fa8af7e1be3e25a45,b5ec38327b9a8c5d202ff774a8ca9a1294e68756e09b663d0e5b046a18732a92,client_a_preview,0,"","",SHIB/USD,"",0,confirmed,,,0,0,,,1780950246154,1780950335643,,1780950246154
1930,0xf038f0482375013486e66483467b6e43704a0b01ae166427dd9961d5bdb63fa2,"",client_a_preview,0,"","",DOGE/USD,86727464830872888,1780950329,failed,,,0,0,,,,,1780950343360,1780950343360
1931,0xb4fd9e874f352f5cb70677e4c75e4c61705ae2310230b5d51509cc29c4db122d,"",client_a_preview,0,"","",SHIB/USD,4761808697248,1780950331,failed,,,0,0,,,,,1780950343368,1780950343368
1932,0x4c7d94817d6706905fc10420e6f3341b7596821645abcb0b6658ea09832bf625,"",client_a_preview,0,"","",NEIRO/USD,68573194568242,1780950286,failed,,,0,0,,,,,1780950343376,1780950343376
1933,0x91b00348943a2e3033e31debd7edb9bdf7aaf6a88c82ad943d6373b07417c3c9,"",client_a_preview,0,"","",XVG/USD,2603563993750000,1780950299,failed,,,0,0,,,,,1780950343386,1780950343386
1934,0x11323963b6308a2d8d264d94455f05d8e711f3e3c884f33aba55e452311fe402,"",client_a_preview,0,"","",LTC/USD,43396020762923077632,1780950313,failed,,,0,0,,,,,1780950343396,1780950343396
1935,0x15f54eed95eef43c670286749efb32d6a7e0781c710b37e82cd54c72dac5b9a9,"",client_a_preview,0,"","",LTC/USD,43382797595393830912,1780950352,failed,,,0,0,,,,,1780950362981,1780950362981
1936,0x15f54eed95eef43c670286749efb32d6a7e0781c710b37e82cd54c72dac5b9a9,"",client_a_preview,0,"","",LTC/USD,43382797595393830912,1780950352,failed,,,0,0,,,,,1780950368773,1780950368773
1937,0x4c7d94817d6706905fc10420e6f3341b7596821645abcb0b6658ea09832bf625,"",client_a_preview,0,"","",NEIRO/USD,68573194568242,1780950286,failed,,,0,0,,,,,1780950368781,1780950368781
1938,0x91b00348943a2e3033e31debd7edb9bdf7aaf6a88c82ad943d6373b07417c3c9,"",client_a_preview,0,"","",XVG/USD,2603563993750000,1780950299,failed,,,0,0,,,,,1780950368791,1780950368791
1939,0x8ab8add7da2de0facb52e3a55271589e4910e7d6c9e0df9c25a1a35cc6686f02,46c7ad8b3ce3d12ca24bc1ab592386816e5338f484239222988c754ed329ab72,client_a_preview,0,"","",NEIRO/USD,"",0,confirmed,,,0,0,,,1780950386131,1780950420494,,1780950386131
1940,0x44ac178a2ada201ba78d8fd07a4346ec6b7040a5752e1264267ea3745e8ed6b8,"",client_a_preview,0,"","",XVG/USD,2603563993750000,1780950411,failed,,,0,0,,,,,1780950426479,1780950426479
1941,0x15f54eed95eef43c670286749efb32d6a7e0781c710b37e82cd54c72dac5b9a9,"",client_a_preview,0,"","",LTC/USD,43382797595393830912,1780950352,failed,,,0,0,,,,,1780950426488,1780950426488
1942,0x45e275335b090333836841d1add15676a81c21d3578fa79039d752292610d051,"",client_a_preview,0,"","",NEIRO/USD,68563486712491,1780950401,failed,,,0,0,,,,,1780950426495,1780950426495
1943,0x7239e91d5e8e79f1407f802c0d3ceb46c210e6b786e6ce57e6b732dcb2c4cc77,dcf66cb10ee99ff8a627b55cc569f42c94e740166fd2341755e91598797e9bd1,client_a_preview,0,"","",LTC/USD,"",0,failed,CrashRecovery,"daemon restarted with submitted transaction awaiting confirmation",0,0,,,1780950447637,,1780950507240,1780950447637
1944,0x5c90eb68af56e5a9a8883c95143c1f59b048cae0903a07f25eb75a44035d06b8,b47ec4e5fe6c1f26669b9fbbbbcc0249b562e8f6805976db360c27e67c2e13ac,client_a_preview,0,"","",ARB/USD,"",0,failed,CrashRecovery,"daemon restarted with submitted transaction awaiting confirmation",0,0,,,1780950532192,,1780950540631,1780950532192
1945,0x47f9746e9e68533368edd9f6750e7b4ee10b4dadd9c5f6b2939b9c117069c365,"",client_a_preview,0,"","",ARB/USD,83165859183614584,1780950551,failed,NonMonotonicNonce,"Oracle intent nonce must be greater than the current nonce.",0,0,,,,,1780950563837,1780950563837
1946,0xa5239ed1e7adceff3883c2dcc14307bace7905ea0b050258c0ff3b26efff831c,"",client_a_preview,0,"","",LTC/USD,43358908293373943808,1780950569,failed,NonMonotonicNonce,"Intent for LTC/USD superseded on chain; not submitted.",0,0,,,,,1780950579731,1780950579731
1947,0x2bd4d2f1f95240c62b6071f2e4595f8f734cafa4cbde06b30f3ed1b2698a1f83,"",client_a_preview,0,"","",BTC/USD,63359765791881037873152,1780950570,failed,NonMonotonicNonce,"Intent for BTC/USD superseded on chain; not submitted.",0,0,,,,,1780950579740,1780950579740
1948,0xae195e25e89a725d2d93008658ebb74d2f3f2972539500a1938ad583e169a3f2,2c600176d743421cfc02eb36546a0abe07aba77c9b50277f7c15c03fa44d96c0,client_a_preview,0,"","",ETH/USD,"",0,failed,CrashRecovery,"daemon restarted with submitted transaction awaiting confirmation",0,0,,,1780950621665,,1780953143076,1780950621665
1949,0xadf0ab76a365a9ae7c4809d81eb39c1fe549c71141afa1c6b5a40855322ffc55,2c600176d743421cfc02eb36546a0abe07aba77c9b50277f7c15c03fa44d96c0,client_a_preview,0,"","",NEIRO/USD,"",0,confirmed,,,0,0,,,1780950621677,1780950676031,,1780950621677
1950,0xae195e25e89a725d2d93008658ebb74d2f3f2972539500a1938ad583e169a3f2,"",client_a_preview,0,"","",ETH/USD,1685084898345489268736,1780950571,failed,CrashRecovery,"daemon restarted with submitted transaction awaiting confirmation",0,0,,,,,1780953143076,1780950676027
1951,0x9cd78458cb8e6cd8b136fb9aedaa88e2985294385e38078cfaa319c98310f107,1e4f32ffcfa5832a1fa6e82bac4a5e571a2199d1cbe6527382d566b3ba4c1c51,client_a_preview,0,"","",XVG/USD,"",0,failed,CrashRecovery,"daemon restarted with submitted transaction awaiting confirmation",0,0,,,1780950698829,,1780953143073,1780950698829
1952,0x2d3e63384f63507e40f9afeb78f742d9d92ded7e8cccecbcdb85e8ad360d3512,1e4f32ffcfa5832a1fa6e82bac4a5e571a2199d1cbe6527382d566b3ba4c1c51,client_a_preview,0,"","",USDT/USD,"",0,failed,CrashRecovery,"daemon restarted with submitted transaction awaiting confirmation",0,0,,,1780950698898,,1780953143067,1780950698898
1953,0x9f62288f30290e2352b84d661c0435f24712f468aa61e65eb0bb3d39197d5864,1e4f32ffcfa5832a1fa6e82bac4a5e571a2199d1cbe6527382d566b3ba4c1c51,client_a_preview,0,"","",NEIRO/USD,"",0,failed,CrashRecovery,"daemon restarted with submitted transaction awaiting confirmation",0,0,,,1780950698940,,1780953143064,1780950698940
1954,0xeffdf2c843847db6a026b126e979e8e2c48f2bc1490566b23759d11c3f974926,1e4f32ffcfa5832a1fa6e82bac4a5e571a2199d1cbe6527382d566b3ba4c1c51,client_a_preview,0,"","",ARB/USD,"",0,failed,CrashRecovery,"daemon restarted with submitted transaction awaiting confirmation",0,0,,,1780950698967,,1780953143059,1780950698967
1955,0x53d507daafe8ffb7aefdbbb94caae358c464566a4a31343db2a0629f8c059f10,1e4f32ffcfa5832a1fa6e82bac4a5e571a2199d1cbe6527382d566b3ba4c1c51,client_a_preview,0,"","",LTC/USD,"",0,confirmed,,,0,0,,,1780950699040,1780950731093,,1780950699040
1956,0x40bbd642de2364f5408b52ef7d2a948c74bbaaa722e1488a077c19f333a71d44,1e4f32ffcfa5832a1fa6e82bac4a5e571a2199d1cbe6527382d566b3ba4c1c51,client_a_preview,0,"","",BTC/USD,"",0,confirmed,,,0,0,,,1780950699053,1780950731105,,1780950699053
1957,0x6506f3b361d1e7572df768efc25682dcd130dafdc196d022751f86a09fc70416,1e4f32ffcfa5832a1fa6e82bac4a5e571a2199d1cbe6527382d566b3ba4c1c51,client_a_preview,0,"","",ETH/USD,"",0,confirmed,,,0,0,,,1780950699061,1780950731118,,1780950699061
1958,0x9cd78458cb8e6cd8b136fb9aedaa88e2985294385e38078cfaa319c98310f107,"",client_a_preview,0,"","",XVG/USD,2603145640000000,1780950626,failed,CrashRecovery,"daemon restarted with submitted transaction awaiting confirmation",0,0,,,,,1780953143073,1780950731058
1959,0x2d3e63384f63507e40f9afeb78f742d9d92ded7e8cccecbcdb85e8ad360d3512,"",client_a_preview,0,"","",USDT/USD,999647498200000128,1780950629,failed,CrashRecovery,"daemon restarted with submitted transaction awaiting confirmation",0,0,,,,,1780953143067,1780950731068
1960,0x9f62288f30290e2352b84d661c0435f24712f468aa61e65eb0bb3d39197d5864,"",client_a_preview,0,"","",NEIRO/USD,68478966396151,1780950615,failed,CrashRecovery,"daemon restarted with submitted transaction awaiting confirmation",0,0,,,,,1780953143064,1780950731077
1961,0xeffdf2c843847db6a026b126e979e8e2c48f2bc1490566b23759d11c3f974926,"",client_a_preview,0,"","",ARB/USD,83142839405881248,1780950656,failed,CrashRecovery,"daemon restarted with submitted transaction awaiting confirmation",0,0,,,,,1780953143059,1780950731087
1962,0x1f4fa470d8918f8ff3d9ab736d582c7314f2984396ba76cfa074e15472a46378,88c8dc280a9cf18c0beffecf061eb17c0d98bb175e541820dc072be043e8e8fd,client_a_preview,0,"","",LTC/USD,"",0,failed,CrashRecovery,"daemon restarted with submitted transaction awaiting confirmation",0,0,,,1780950753879,,1780953143056,1780950753879
1963,0xf84ff9f00393c6ad508645ee5f5ab0b096c63a43680de4a0050c63d7ef60736d,88c8dc280a9cf18c0beffecf061eb17c0d98bb175e541820dc072be043e8e8fd,client_a_preview,0,"","",BTC/USD,"",0,failed,CrashRecovery,"daemon restarted with submitted transaction awaiting confirmation",0,0,,,1780950753887,,1780953143052,1780950753887
1964,0xc2643df2f1301da5d81c6706b2d207af6e53bd6d59603a5c44b5423172fc10e2,88c8dc280a9cf18c0beffecf061eb17c0d98bb175e541820dc072be043e8e8fd,client_a_preview,0,"","",ETH/USD,"",0,failed,CrashRecovery,"daemon restarted with submitted transaction awaiting confirmation",0,0,,,1780950753892,,1780953143048,1780950753892
1965,0x21e66e1381479de043307b477283b0a351fd898726e2b38233820dadf9ec93ed,88c8dc280a9cf18c0beffecf061eb17c0d98bb175e541820dc072be043e8e8fd,client_a_preview,0,"","",XVG/USD,"",0,confirmed,,,0,0,,,1780950753900,1780950820620,,1780950753900
1966,0xebc2cfdb2adf1036d248b924e1c5c6fd063485f9afcb99e022666c5a703b68d0,88c8dc280a9cf18c0beffecf061eb17c0d98bb175e541820dc072be043e8e8fd,client_a_preview,0,"","",USDT/USD,"",0,confirmed,,,0,0,,,1780950753905,1780950820644,,1780950753905
1967,0x2beca96dac1ce248acc125581311c1db684e5ab27ce6f63e9a20d054a6a0b882,88c8dc280a9cf18c0beffecf061eb17c0d98bb175e541820dc072be043e8e8fd,client_a_preview,0,"","",ARB/USD,"",0,confirmed,,,0,0,,,1780950753911,1780950820666,,1780950753911
1968,0x1f4fa470d8918f8ff3d9ab736d582c7314f2984396ba76cfa074e15472a46378,"",client_a_preview,0,"","",LTC/USD,43353073249999994880,1780950674,failed,CrashRecovery,"daemon restarted with submitted transaction awaiting confirmation",0,0,,,,,1780953143056,1780950820581
1969,0xf84ff9f00393c6ad508645ee5f5ab0b096c63a43680de4a0050c63d7ef60736d,"",client_a_preview,0,"","",BTC/USD,63351664882550585688064,1780950675,failed,CrashRecovery,"daemon restarted with submitted transaction awaiting confirmation",0,0,,,,,1780953143052,1780950820597
1970,0xc2643df2f1301da5d81c6706b2d207af6e53bd6d59603a5c44b5423172fc10e2,"",client_a_preview,0,"","",ETH/USD,1684886805537500037120,1780950677,failed,CrashRecovery,"daemon restarted with submitted transaction awaiting confirmation",0,0,,,,,1780953143048,1780950820611
1971,0xc204021ae8031e72ee7ad7689ea010d5c97a107e0560ea6160e4af7fe99fb382,2960e067f85b0955fea47a1c6dc39a4b0837c5b7274dc359488b6fa18115c330,client_a_preview,0,"","",XVG/USD,"",0,confirmed,,,0,0,,,1780950841620,1780950899476,,1780950841620
1972,0xf33501563d35bf2a66cfa899c3cc0b39ae9b98bc24645c595da5f0bbd8d31a41,2960e067f85b0955fea47a1c6dc39a4b0837c5b7274dc359488b6fa18115c330,client_a_preview,0,"","",USDT/USD,"",0,confirmed,,,0,0,,,1780950841636,1780950899491,,1780950841636
1973,0x6079f01888b5a4bf53ddc11a23563b4d1f6d28ef1854c15fa45e41f2330ef5e8,2960e067f85b0955fea47a1c6dc39a4b0837c5b7274dc359488b6fa18115c330,client_a_preview,0,"","",ARB/USD,"",0,failed,CrashRecovery,"daemon restarted with submitted transaction awaiting confirmation",0,0,,,1780950841652,,1780953143045,1780950841652
1974,0x4a9c66973a1b39da7b6ab84474ca358f21b6ed811ada08bea0fad795d8026ba5,2960e067f85b0955fea47a1c6dc39a4b0837c5b7274dc359488b6fa18115c330,client_a_preview,0,"","",USDC/USD,"",0,failed,CrashRecovery,"daemon restarted with submitted transaction awaiting confirmation",0,0,,,1780950841668,,1780953143041,1780950841668
1975,0xe30aee0bf3b6956cc13bf5fbbfae777bb55b195eeb5d161c213f606f8789e743,2960e067f85b0955fea47a1c6dc39a4b0837c5b7274dc359488b6fa18115c330,client_a_preview,0,"","",DOGE/USD,"",0,failed,CrashRecovery,"daemon restarted with submitted transaction awaiting confirmation",0,0,,,1780950841684,,1780953143038,1780950841684
1976,0x6079f01888b5a4bf53ddc11a23563b4d1f6d28ef1854c15fa45e41f2330ef5e8,"",client_a_preview,0,"","",ARB/USD,83122016984587512,1780950765,failed,CrashRecovery,"daemon restarted with submitted transaction awaiting confirmation",0,0,,,,,1780953143045,1780950899511
1977,0x4a9c66973a1b39da7b6ab84474ca358f21b6ed811ada08bea0fad795d8026ba5,"",client_a_preview,0,"","",USDC/USD,999659984800000128,1780950792,failed,CrashRecovery,"daemon restarted with submitted transaction awaiting confirmation",0,0,,,,,1780953143041,1780950899518
1978,0xe30aee0bf3b6956cc13bf5fbbfae777bb55b195eeb5d161c213f606f8789e743,"",client_a_preview,0,"","",DOGE/USD,86653388917752664,1780950799,failed,CrashRecovery,"daemon restarted with submitted transaction awaiting confirmation",0,0,,,,,1780953143038,1780950899526
1979,0x90d0a927d63223dd17922f0bb9d0468d629f7d603f27185c73a15cdc946c0093,cb9914e48e18b919abdb7a475d9c66474d19c43ef108098883fff3be358e3039,client_a_preview,0,"","",USDC/USD,"",0,confirmed,,,0,0,,,1780950917349,1780950958689,,1780950917349
1980,0x91e2e8fe19f36aca60a0f0a3151b2854504b80f03ef4984240c5726a75762843,cb9914e48e18b919abdb7a475d9c66474d19c43ef108098883fff3be358e3039,client_a_preview,0,"","",DOGE/USD,"",0,confirmed,,,0,0,,,1780950917361,1780950958707,,1780950917361
1981,0x0ad9193281d28b9c74c56c0b8b37db43c5d7a9cd12f76a1c44764bc92a195c75,cd669de32b26adf6ff7ae5f8b1ef577bf0b16cd8cb5f7c07deaecfecb00da5c0,client_a_preview,0,"","",USDC/USD,"",0,failed,CrashRecovery,"daemon restarted with submitted transaction awaiting confirmation",0,0,,,1780950977961,,1780953143033,1780950977961
1982,0x11dd2c3ef2ad322c2a6e4e3d9816cd67e22025a00776c2dac4a72c38385b698f,cd669de32b26adf6ff7ae5f8b1ef577bf0b16cd8cb5f7c07deaecfecb00da5c0,client_a_preview,0,"","",DOGE/USD,"",0,failed,CrashRecovery,"daemon restarted with submitted transaction awaiting confirmation",0,0,,,1780950977972,,1780953143030,1780950977972
1983,0x63726d4d6ff4ea4f764957596dbed5982062f96ca600ef314352726aa3f6087a,cd669de32b26adf6ff7ae5f8b1ef577bf0b16cd8cb5f7c07deaecfecb00da5c0,client_a_preview,0,"","",SHIB/USD,"",0,failed,CrashRecovery,"daemon restarted with submitted transaction awaiting confirmation",0,0,,,1780950977980,,1780953143027,1780950977980
1984,0x2ca2daf32ad0a4911c4d0f62eddded93445a24b42a5b203cdc87019756186c54,cd669de32b26adf6ff7ae5f8b1ef577bf0b16cd8cb5f7c07deaecfecb00da5c0,client_a_preview,0,"","",ARB/USD,"",0,confirmed,,,0,0,,,1780950977987,1780951002000,,1780950977987
1985,0x0ad9193281d28b9c74c56c0b8b37db43c5d7a9cd12f76a1c44764bc92a195c75,"",client_a_preview,0,"","",USDC/USD,999661017948785344,1780950909,failed,CrashRecovery,"daemon restarted with submitted transaction awaiting confirmation",0,0,,,,,1780953143033,1780951001978
1986,0x11dd2c3ef2ad322c2a6e4e3d9816cd67e22025a00776c2dac4a72c38385b698f,"",client_a_preview,0,"","",DOGE/USD,86554736672060008,1780950913,failed,CrashRecovery,"daemon restarted with submitted transaction awaiting confirmation",0,0,,,,,1780953143030,1780951001989
1987,0x63726d4d6ff4ea4f764957596dbed5982062f96ca600ef314352726aa3f6087a,"",client_a_preview,0,"","",SHIB/USD,4757164698189,1780950914,failed,CrashRecovery,"daemon restarted with submitted transaction awaiting confirmation",0,0,,,,,1780953143027,1780951001996
1988,0x8b1cfece6e8abf7a2ffcc2e81ae7cae58110e1ddb21bad5fdd2ca2305cec6afa,c4aaacf1b32e6d459c94e8a1b67485a0f1fbb8288b1d9461f2f231e332d4774a,client_a_preview,0,"","",SHIB/USD,"",0,confirmed,,,0,0,,,1780951019824,1780951238397,,1780951019824
1989,0xe9644a9e416024365c69625cb5c446896516192c1fb23f60616a8ff091cb28b8,c4aaacf1b32e6d459c94e8a1b67485a0f1fbb8288b1d9461f2f231e332d4774a,client_a_preview,0,"","",ARB/USD,"",0,failed,CrashRecovery,"daemon restarted with submitted transaction awaiting confirmation",0,0,,,1780951019836,,1780953143024,1780951019836
1990,0xe9644a9e416024365c69625cb5c446896516192c1fb23f60616a8ff091cb28b8,"",client_a_preview,0,"","",ARB/USD,82940542337077520,1780950988,failed,CrashRecovery,"daemon restarted with submitted transaction awaiting confirmation",0,0,,,,,1780953143024,1780951238420
1991,0x41578f83ec1185f8d90a90b4e214fe492b45e7a8d52f938a76b8813417c896a2,ac8a484ed767fd82f3e5be9986d71e432b8f7cc4ef7dbce36a04e442e7e1510a,client_a_preview,0,"","",SHIB/USD,"",0,confirmed,,,0,0,,,1780951259617,1780951318382,,1780951259617
1992,0xdd2bb9e153e4aad8a1cb38ac719a36f29b7c8526c31b8d44cd70a9a4c6e8ff4f,ac8a484ed767fd82f3e5be9986d71e432b8f7cc4ef7dbce36a04e442e7e1510a,client_a_preview,0,"","",LTC/USD,"",0,failed,CrashRecovery,"daemon restarted with submitted transaction awaiting confirmation",0,0,,,1780951259628,,1780953143020,1780951259628
1993,0x857a43bfb143005189d6befd1fbe4baec4287f88574b7af4ff4d8b9e24b684ca,ac8a484ed767fd82f3e5be9986d71e432b8f7cc4ef7dbce36a04e442e7e1510a,client_a_preview,0,"","",BTC/USD,"",0,failed,CrashRecovery,"daemon restarted with submitted transaction awaiting confirmation",0,0,,,1780951259632,,1780953143016,1780951259632
1994,0xdd2bb9e153e4aad8a1cb38ac719a36f29b7c8526c31b8d44cd70a9a4c6e8ff4f,"",client_a_preview,0,"","",LTC/USD,43284441208000299008,1780951221,failed,CrashRecovery,"daemon restarted with submitted transaction awaiting confirmation",0,0,,,,,1780953143020,1780951318397
1995,0x857a43bfb143005189d6befd1fbe4baec4287f88574b7af4ff4d8b9e24b684ca,"",client_a_preview,0,"","",BTC/USD,63285500735769372786688,1780951222,failed,CrashRecovery,"daemon restarted with submitted transaction awaiting confirmation",0,0,,,,,1780953143016,1780951318420
1996,0xe42ac72884cc67939496b0e0064b79ab1ac39587f63948516b42af57f489ddff,cd24d9a2c5affb6f65f6a3d7eb42dc0037a9db24c5751c755d80e200257157d6,client_a_preview,0,"","",LTC/USD,"",0,confirmed,,,0,0,,,1780951337711,1780951383281,,1780951337711
1997,0xee19f9235798d0f5f45cf78babcedd114e2b98b6ca718c2d715eac80714eef97,cd24d9a2c5affb6f65f6a3d7eb42dc0037a9db24c5751c755d80e200257157d6,client_a_preview,0,"","",BTC/USD,"",0,confirmed,,,0,0,,,1780951337716,1780951383297,,1780951337716
1998,0xf578696360e1c250ed24ae20398fb4ff61e1b957977a5a9330bcdde0cb81e67a,"",client_a_preview,0,"","",LTC/USD,43284441208000299008,1780951327,failed,NonMonotonicNonce,"Intent for LTC/USD superseded on chain; not submitted.",0,0,,,,,1780951392100,1780951392100
1999,0xe37e3c805577117b4a241715f11197e2f3c3f49835a5e1ff124539f2ff606fd8,"",client_a_preview,0,"","",BTC/USD,63285500735769372786688,1780951329,failed,NonMonotonicNonce,"Intent for BTC/USD superseded on chain; not submitted.",0,0,,,,,1780951392107,1780951392107
2000,0x63836422f11a32c09bc157197111d489cc68e72eb3eee1984d912503521e6deb,"",client_a_preview,0,"","",ETH/USD,1684394305970477072384,1780951330,failed,NonMonotonicNonce,"Intent for ETH/USD superseded on chain; not submitted.",0,0,,,,,1780951392122,1780951392122
2001,0xee289f824cc2cb946f6d275099de186083272dd0e3d807714c782070c331323f,"",client_a_preview,0,"","",NEIRO/USD,68420873014299,1780951376,failed,NonMonotonicNonce,"Intent for NEIRO/USD superseded on chain; not submitted.",0,0,,,,,1780951392130,1780951392130
2002,0x92bde98f267bef199fe83cfb1dd9a445bc5c5f59c373f30c93185d70cfc10cfa,33b0f0670b87dc6d0a715d15a521c9070253afa888c0dc803807bfb9cd7dbc60,client_a_preview,0,"","",ETH/USD,"",0,confirmed,,,0,0,,,1780951430201,1780951463481,,1780951430201
2003,0x5d60646952f7724e5d90fc1713c7a4a8cfd2de896ff35cd3a658bb40aa200356,453a158144b54cfd2d097e92b8c03a1cf0f5d974d0b832ceed8d04adf6df2ce4,client_a_preview,0,"","",ETH/USD,"",0,failed,CrashRecovery,"daemon restarted with submitted transaction awaiting confirmation",0,0,,,1780951482507,,1780953143013,1780951482507
2004,0x9d432340a5a1dabfaf0c26abd6c8760b48945059189ca3bc1c7836de7f6d61cc,453a158144b54cfd2d097e92b8c03a1cf0f5d974d0b832ceed8d04adf6df2ce4,client_a_preview,0,"","",NEIRO/USD,"",0,confirmed,,,0,0,,,1780951482518,1780951553178,,1780951482518
2005,0x5d60646952f7724e5d90fc1713c7a4a8cfd2de896ff35cd3a658bb40aa200356,"",client_a_preview,0,"","",ETH/USD,1684394305970477072384,1780951441,failed,CrashRecovery,"daemon restarted with submitted transaction awaiting confirmation",0,0,,,,,1780953143013,1780951553175
2006,0x843ac0263ce018cfd86a0260abad4e079b6caee3f96a97a0c1069db22115e690,"",client_a_preview,0,"","",NEIRO/USD,68420873014299,1780951487,failed,NonMonotonicNonce,"Intent for NEIRO/USD superseded on chain; not submitted.",0,0,,,,,1780951562038,1780951562038
2007,0x757a0b902085cfddbdcc214413db6a27bbcdd7f7a7cc79747d267da8aee6f1c4,"",client_a_preview,0,"","",ARB/USD,82880566750780016,1780951532,failed,NonMonotonicNonce,"Intent for ARB/USD superseded on chain; not submitted.",0,0,,,,,1780951562045,1780951562045
2008,0xa8d432ea7973a1bc0e13233f04b950529ab01d1412bb39ec1fa64467191db353,"",client_a_preview,0,"","",XVG/USD,2601081640000000,1780951500,failed,NonMonotonicNonce,"Intent for XVG/USD superseded on chain; not submitted.",0,0,,,,,1780951562050,1780951562050
2009,0x3f4dceb13fe77aecd9ee85ef01da218100a5b5124707d5fb78862b1fe3749666,"",client_a_preview,0,"","",USDT/USD,999640000000000128,1780951503,failed,NonMonotonicNonce,"Intent for USDT/USD superseded on chain; not submitted.",0,0,,,,,1780951562058,1780951562058
2010,0x2777234f791db3e6d6c4e2c68149349d88bbecc7933d6f89198f262eb7f433f6,"",client_a_preview,0,"","",USDC/USD,999695570963645312,1780951559,failed,NonMonotonicNonce,"Oracle intent nonce must be greater than the current nonce.",0,0,,,,,1780951570162,1780951570162
2011,0xbd1b4051072f652ddce2e0dbf742cb41ae7e3ef1ae25584fb25a6265595d09dc,"",client_a_preview,0,"","",DOGE/USD,86553095456626312,1780951564,failed,NonMonotonicNonce,"Oracle intent nonce must be greater than the current nonce.",0,0,,,,,1780951576766,1780951576766
2012,0x9760455df1c28e40f8832a6b50956a237003c5f1808d79a1d45447849a6d3d01,2d7ac4e6afbf74b7517dbf016a148b03ae9a3129a1f91889e8de874941ab1b45,client_a_preview,0,"","",XVG/USD,"",0,confirmed,,,0,0,,,1780951594986,1780951637899,,1780951594986
2013,0xf1ef0e7a4cb3954ebe80ded2f31b9ed85ad041c560056da05aebff9309f22633,e05a394fd5687f68defd64da7f38d436d630a9d43ee629a43bf18ba2c444f40f,client_a_preview,0,"","",USDT/USD,"",0,failed,CrashRecovery,"daemon restarted with submitted transaction awaiting confirmation",0,0,,,1780951658776,,1780953143010,1780951658776
2014,0x0ea38f6357830753153a6df7ce5b021e203fb28fa23cdd9227e7c095c5f7416c,e05a394fd5687f68defd64da7f38d436d630a9d43ee629a43bf18ba2c444f40f,client_a_preview,0,"","",XVG/USD,"",0,failed,CrashRecovery,"daemon restarted with submitted transaction awaiting confirmation",0,0,,,1780951658793,,1780953143006,1780951658793
2015,0x1ec1842fc2484bf69d79d76b6ecf3ac4d8405b98d6535343bbef4da39df133ea,e05a394fd5687f68defd64da7f38d436d630a9d43ee629a43bf18ba2c444f40f,client_a_preview,0,"","",ARB/USD,"",0,confirmed,,,0,0,,,1780951658802,1780951694654,,1780951658802
2016,0x84df091f3816b2f751280449f4d0cec64dc3820c8f2f7f6db9d9d2b1bf8d1604,e05a394fd5687f68defd64da7f38d436d630a9d43ee629a43bf18ba2c444f40f,client_a_preview,0,"","",USDC/USD,"",0,confirmed,,,0,0,,,1780951658809,1780951694676,,1780951658809
2017,0xf1ef0e7a4cb3954ebe80ded2f31b9ed85ad041c560056da05aebff9309f22633,"",client_a_preview,0,"","",USDT/USD,999640000000000128,1780951611,failed,CrashRecovery,"daemon restarted with submitted transaction awaiting confirmation",0,0,,,,,1780953143010,1780951694614
2018,0x0ea38f6357830753153a6df7ce5b021e203fb28fa23cdd9227e7c095c5f7416c,"",client_a_preview,0,"","",XVG/USD,2600562395000000,1780951608,failed,CrashRecovery,"daemon restarted with submitted transaction awaiting confirmation",0,0,,,,,1780953143006,1780951694643
2019,0x76913d7fc6ea5aca76b49b7364064e4df0e75a58152ed5ba2c9be0c9ed384a65,2424815d9c4296bc5331c46d8ff4e051734dece7c8a68adc25b8a14cba773a51,client_a_preview,0,"","",ARB/USD,"",0,failed,CrashRecovery,"daemon restarted with submitted transaction awaiting confirmation",0,0,,,1780951715489,,1780953143003,1780951715489
2020,0x260a5d7f64798120161c565a9762a4d756f579651ade3ebb8fd52e53f257c1e2,2424815d9c4296bc5331c46d8ff4e051734dece7c8a68adc25b8a14cba773a51,client_a_preview,0,"","",DOGE/USD,"",0,failed,CrashRecovery,"daemon restarted with submitted transaction awaiting confirmation",0,0,,,1780951715507,,1780953142999,1780951715507
2021,0xbf3e5d3bd58a84628fcc544692570fc9d67a9e535487326da4f33a1d0b4e1dee,2424815d9c4296bc5331c46d8ff4e051734dece7c8a68adc25b8a14cba773a51,client_a_preview,0,"","",USDC/USD,"",0,failed,CrashRecovery,"daemon restarted with submitted transaction awaiting confirmation",0,0,,,1780951715513,,1780953142996,1780951715513
2022,0x7a4c7b48588398fed09cb9d2da460763e4a023cc2f30f3b4567e0e831b3ee9cd,2424815d9c4296bc5331c46d8ff4e051734dece7c8a68adc25b8a14cba773a51,client_a_preview,0,"","",USDT/USD,"",0,confirmed,,,0,0,,,1780951715518,1780951751625,,1780951715518
2023,0x76913d7fc6ea5aca76b49b7364064e4df0e75a58152ed5ba2c9be0c9ed384a65,"",client_a_preview,0,"","",ARB/USD,82880566750780016,1780951640,failed,CrashRecovery,"daemon restarted with submitted transaction awaiting confirmation",0,0,,,,,1780953143003,1780951751604
2024,0x260a5d7f64798120161c565a9762a4d756f579651ade3ebb8fd52e53f257c1e2,"",client_a_preview,0,"","",DOGE/USD,86549413800000008,1780951672,failed,CrashRecovery,"daemon restarted with submitted transaction awaiting confirmation",0,0,,,,,1780953142999,1780951751612
2025,0xbf3e5d3bd58a84628fcc544692570fc9d67a9e535487326da4f33a1d0b4e1dee,"",client_a_preview,0,"","",USDC/USD,999697480574910208,1780951667,failed,CrashRecovery,"daemon restarted with submitted transaction awaiting confirmation",0,0,,,,,1780953142996,1780951751619
2026,0x4ba0b23b7b640ba276d9b9f476e4987bf82fbebae7edc63898cd7a28c3ca9003,a9cebb0314f546df792eccf6abff866765d7c72c5ecb250e0b717d3febd27a0d,client_a_preview,0,"","",USDT/USD,"",0,failed,CrashRecovery,"daemon restarted with submitted transaction awaiting confirmation",0,0,,,1780951770591,,1780953142993,1780951770591
2027,0x47231b7806d98a4700487a3c8dd5bc73bf5543916d28d5656861fbc8d71270c8,a9cebb0314f546df792eccf6abff866765d7c72c5ecb250e0b717d3febd27a0d,client_a_preview,0,"","",DOGE/USD,"",0,confirmed,,,0,0,,,1780951770604,1780951848256,,1780951770604
2028,0x4ba0b23b7b640ba276d9b9f476e4987bf82fbebae7edc63898cd7a28c3ca9003,"",client_a_preview,0,"","",USDT/USD,999640000000000128,1780951719,failed,CrashRecovery,"daemon restarted with submitted transaction awaiting confirmation",0,0,,,,,1780953142993,1780951848254
2029,0x61c30964b56fe89b200fcc27a4281dd52ea53115b7de7605fcfa29b1e34d0d9d,"",client_a_preview,0,"","",DOGE/USD,86549413800000008,1780951783,failed,NonMonotonicNonce,"Oracle intent nonce must be greater than the current nonce.",0,0,,,,,1780951856301,1780951856301
2030,0x4b7a4f871809308c99064eca4a6c5e33df3e9e71ec91d7cfb8bf9dfc6576e28b,85140d2c47de7fd0cf07ab5b38775326df77e7ec49afad880d7b94f0687edfa7,client_a_preview,0,"","",SHIB/USD,"",0,confirmed,,,0,0,,,1780951992493,1780952063679,,1780951992493
2031,0xeedfba6640e32d3e5caee010ce1e89632775208e994a65d52a814e52e39c1622,"",client_a_preview,0,"","",SHIB/USD,4756328739653,1780952009,failed,NonMonotonicNonce,"Intent for SHIB/USD superseded on chain; not submitted.",0,0,,,,,1780952072090,1780952072090
2032,0xa72d6c03def0347ade34a77f7c141000b57d4921def0c7ef38a5ab42c1ee8a84,"",client_a_preview,0,"","",LTC/USD,43274523825000005632,1780951989,failed,NonMonotonicNonce,"Intent for LTC/USD superseded on chain; not submitted.",0,0,,,,,1780952072099,1780952072099
2033,0xe0a75457d671ad018d3a1f8af9a7e3c119928d802d94ce3a85aab385a2fcfcfe,"",client_a_preview,0,"","",BTC/USD,63285500735769372786688,1780951991,failed,NonMonotonicNonce,"Intent for BTC/USD superseded on chain; not submitted.",0,0,,,,,1780952072106,1780952072106
2034,0x38887b1bb0619c19009b16518d291b3701ffc79a57ba5561864c2275c61c6e0a,d8b3282af2befd03d82e7f5fbb1395dddd3b73108153b50b9512322a3bc4be6c,client_a_preview,0,"","",LTC/USD,"",0,confirmed,,,0,0,,,1780952096524,1780952134847,,1780952096524
2035,0x8c942689f22759a52b44e179d6a2a48be51feb0759e7b3e09aac687ae3dabfd7,d8b3282af2befd03d82e7f5fbb1395dddd3b73108153b50b9512322a3bc4be6c,client_a_preview,0,"","",BTC/USD,"",0,confirmed,,,0,0,,,1780952096535,1780952134862,,1780952096535
2036,0x0e8ba948ecd7e22e4c44336dbff6fed6b30f5fe142c1b7370497b07c9621fa70,d8b3282af2befd03d82e7f5fbb1395dddd3b73108153b50b9512322a3bc4be6c,client_a_preview,0,"","",ETH/USD,"",0,confirmed,,,0,0,,,1780952096542,1780952134878,,1780952096542
2037,0x62444f0fd40be9e3bca523de7e2f6631909bafc6a9b33af467b4c0602b7c12fc,"",client_a_preview,0,"","",BTC/USD,63285500735769372786688,1780952103,failed,NonMonotonicNonce,"Intent for BTC/USD superseded on chain; not submitted.",0,0,,,,,1780952143115,1780952143115
2038,0xf2b29dd679878dfde7edec53b69a14ee0a5e7189349d9441433d00e4f5529350,"",client_a_preview,0,"","",ETH/USD,1684766199946846797824,1780952105,failed,NonMonotonicNonce,"Intent for ETH/USD superseded on chain; not submitted.",0,0,,,,,1780952143122,1780952143122
2039,0x81f4dabcd359973c6dc143c45e6f6d5609c58395eee1b05fb3130aef440ffc4d,"",client_a_preview,0,"","",LTC/USD,43272206100326379520,1780952101,failed,NonMonotonicNonce,"Intent for LTC/USD superseded on chain; not submitted.",0,0,,,,,1780952143138,1780952143138
2040,0x2004128c487f62e36f8f9e6d7afd56c4e28cdcf1a8c84936e8475994913398fd,5c6acc14f14a96d818745f3a025e6a7235373db3990e6af249df94c2c1ceac6f,client_a_preview,0,"","",NEIRO/USD,"",0,confirmed,,,0,0,,,1780952234849,1780952269657,,1780952234849
2041,0xe4b3463d89ec0e5788de471ce2f9b2dda7d5f5b22d423929f8eb991702ad5969,"",client_a_preview,0,"","",NEIRO/USD,68453186679071,1780952250,failed,NonMonotonicNonce,"Intent for NEIRO/USD superseded on chain; not submitted.",0,0,,,,,1780952276893,1780952276893
2042,0x96a1dccc41822f9f49a5fbb47f26df5c879381cb039c562936b1ff101f273571,"",client_a_preview,0,"","",XVG/USD,2599180175637431,1780952260,failed,NonMonotonicNonce,"Intent for XVG/USD superseded on chain; not submitted.",0,0,,,,,1780952276910,1780952276910
2043,0x4060ba5a3d1dbf36ed80316d49e5fa70dd402c4fa1ecfe3d8fdf7b459efa50b6,"",client_a_preview,0,"","",ARB/USD,82870984701560032,1780952293,failed,NonMonotonicNonce,"Oracle intent nonce must be greater than the current nonce.",0,0,,,,,1780952305663,1780952305663
2044,0x140a11072c98e40de5f6aea4723753c059ec7f1a7873bf437e2813af9f018c81,8b2042d24e24fd388dc8c1bda06765513bdeaa4fd8e46d86d5588e4fd4b95932,client_a_preview,0,"","",USDC/USD,"",0,failed,CrashRecovery,"daemon restarted with submitted transaction awaiting confirmation",0,0,,,1780952387387,,1780953142989,1780952387387
2045,0x9d130237ec3cf6fa211d7a02c792663196d26c708d89345cd0d996d02d6943c2,8b2042d24e24fd388dc8c1bda06765513bdeaa4fd8e46d86d5588e4fd4b95932,client_a_preview,0,"","",XVG/USD,"",0,confirmed,,,0,0,,,1780952387402,1780952435441,,1780952387402
2046,0x6d87bea118668cad5b6a7413f75f279547a84a3790a3028a7e80358d4fea70ea,8b2042d24e24fd388dc8c1bda06765513bdeaa4fd8e46d86d5588e4fd4b95932,client_a_preview,0,"","",ARB/USD,"",0,confirmed,,,0,0,,,1780952387423,1780952435450,,1780952387423
2047,0x140a11072c98e40de5f6aea4723753c059ec7f1a7873bf437e2813af9f018c81,"",client_a_preview,0,"","",USDC/USD,999700000000000000,1780952325,failed,CrashRecovery,"daemon restarted with submitted transaction awaiting confirmation",0,0,,,,,1780953142989,1780952435437
2048,0x350ef16392ac36b2a6d99ebde82055f3dfdf27e1cd9be91ca483df99059d5c1b,"",client_a_preview,0,"","",USDT/USD,999635000000000000,1780952377,failed,NonMonotonicNonce,"Intent for USDT/USD superseded on chain; not submitted.",0,0,,,,,1780952443428,1780952443428
2049,0x4605d3a909f2ec5502b6762ebe32c365dc6b9ec59687a2eed006c3e9fac8d164,"",client_a_preview,0,"","",ARB/USD,82870984701560032,1780952405,failed,NonMonotonicNonce,"Intent for ARB/USD superseded on chain; not submitted.",0,0,,,,,1780952443436,1780952443436
2050,0x8a64bad463abeed7c98e4d29f228ac1ed12145f1bd5a0d2675c2c3b01bb88628,"",client_a_preview,0,"","",XVG/USD,2598680455637431,1780952374,failed,NonMonotonicNonce,"Intent for XVG/USD superseded on chain; not submitted.",0,0,,,,,1780952443442,1780952443442
2051,0xd69b9d977188d8b2f629850366d316bb430b918f01c955c7a0f2c596b84771ab,c0917f596ee5b75cb3df4c079c73a6af1547357c84a79d5fd3213e6984c0f522,client_a_preview,0,"","",USDT/USD,"",0,confirmed,,,0,0,,,1780952469105,1780952503907,,1780952469105
2052,0x6b72e5cf0efd91b7e3aa8b3216b2e482a378eb10ea904ce5426e2ea9b2e50563,"",client_a_preview,0,"","",USDT/USD,999635000000000000,1780952490,failed,NonMonotonicNonce,"Oracle intent nonce must be greater than the current nonce.",0,0,,,,,1780952511901,1780952511901
2053,0xc45c547430b5fa6a2debd45023ab94834b02f6a243b31f2164497599dd9334c3,a0bc1888cb30931c2eb8c74f0781a221d72dc20bdf4e8a1c6cb9e0ff045ffb39,client_a_preview,0,"","",DOGE/USD,"",0,confirmed,,,0,0,,,1780952532630,1780952555082,,1780952532630
2054,0x75602c31fb355c5ead401de3e6094d77adc5a5e4c857c1d59f4b262e0dab1a89,a95020254e2d4bbf669d5d1a3bc0f6500ff9721d105469b1d5039552f9738688,client_a_preview,0,"","",DOGE/USD,"",0,failed,CrashRecovery,"daemon restarted with submitted transaction awaiting confirmation",0,0,,,1780952574087,,1780953142985,1780952574087
2055,0x9a6c82ff1b3ab71ee56f7d981e76cc685c2d6f06148fc4459fc296039f86391c,a95020254e2d4bbf669d5d1a3bc0f6500ff9721d105469b1d5039552f9738688,client_a_preview,0,"","",NEIRO/USD,"",0,confirmed,,,0,0,,,1780952574094,1780952620189,,1780952574094
2056,0x75602c31fb355c5ead401de3e6094d77adc5a5e4c857c1d59f4b262e0dab1a89,"",client_a_preview,0,"","",DOGE/USD,86569148672060016,1780952551,failed,CrashRecovery,"daemon restarted with submitted transaction awaiting confirmation",0,0,,,,,1780953142985,1780952620185
2057,0x3b5c9b9c8c8f567e23d22d18461cd2f4544028927e291c86350cf302c5cf6f0d,"",client_a_preview,0,"","",NEIRO/USD,68539165388350,1780952581,failed,NonMonotonicNonce,"Oracle intent nonce must be greater than the current nonce.",0,0,,,,,1780952628277,1780952628277
2058,0x7967c77f345500807272ac0922d862b532c6e7b0884eba5c53f3f1ac017d6ad3,"",client_a_preview,0,"","",NEIRO/USD,68605293200000,1780952683,failed,NonMonotonicNonce,"Oracle intent nonce must be greater than the current nonce.",0,0,,,,,1780952695477,1780952695477
2059,0xa7906232d4adeb17e9458174cc9883da98a244edadb751d8596bf66f3a7f1c3b,e1d5d7409874a969adefe34ad10d4f99b05d16fe4323d7dd4c6f870a8b2fb5b2,client_a_preview,0,"","",SHIB/USD,"",0,confirmed,,,0,0,,,1780952750918,1780952787723,,1780952750918
2060,0x20505e059a79a1e6c201ad7eacf7889629f63e56ee41b8ee5060b8b483f4bbbc,041e47d310ac9d4960fa54c83d151e3dbcf37a20bf0430076e8e2ecb9382f6db,client_a_preview,0,"","",LTC/USD,"",0,failed,CrashRecovery,"daemon restarted with submitted transaction awaiting confirmation",0,0,,,1780952811071,,1780953142981,1780952811071
2061,0xe96945f0916430fc39c77cb6db3d1a8cae96719c9312de20db5c73d8383e8377,041e47d310ac9d4960fa54c83d151e3dbcf37a20bf0430076e8e2ecb9382f6db,client_a_preview,0,"","",BTC/USD,"",0,failed,CrashRecovery,"daemon restarted with submitted transaction awaiting confirmation",0,0,,,1780952811078,,1780953142978,1780952811078
2062,0xee8cd7db1b3330b17cdd9d0ba8338f94425eadd5b562056f874e2acaf56941eb,041e47d310ac9d4960fa54c83d151e3dbcf37a20bf0430076e8e2ecb9382f6db,client_a_preview,0,"","",ETH/USD,"",0,failed,CrashRecovery,"daemon restarted with submitted transaction awaiting confirmation",0,0,,,1780952811085,,1780953142973,1780952811085
2063,0xe33c8e7cfcae424631b4526c57176b54135dbfde58c9974ac32659727b1192b3,041e47d310ac9d4960fa54c83d151e3dbcf37a20bf0430076e8e2ecb9382f6db,client_a_preview,0,"","",SHIB/USD,"",0,failed,CrashRecovery,"daemon restarted with submitted transaction awaiting confirmation",0,0,,,1780952811089,,1780953142966,1780952811089
2064,0xd01f3783541db03e7540ade435d14da3feffeb7c042658f44827bf1608e395a7,041e47d310ac9d4960fa54c83d151e3dbcf37a20bf0430076e8e2ecb9382f6db,client_a_preview,0,"","",NEIRO/USD,"",0,confirmed,,,0,0,,,1780952811094,1780952845006,,1780952811094
2065,0x20505e059a79a1e6c201ad7eacf7889629f63e56ee41b8ee5060b8b483f4bbbc,"",client_a_preview,0,"","",LTC/USD,43272207800000004096,1780952742,failed,CrashRecovery,"daemon restarted with submitted transaction awaiting confirmation",0,0,,,,,1780953142981,1780952844971
2066,0xe96945f0916430fc39c77cb6db3d1a8cae96719c9312de20db5c73d8383e8377,"",client_a_preview,0,"","",BTC/USD,63334371127100006465536,1780952743,failed,CrashRecovery,"daemon restarted with submitted transaction awaiting confirmation",0,0,,,,,1780953142978,1780952844985
2067,0xee8cd7db1b3330b17cdd9d0ba8338f94425eadd5b562056f874e2acaf56941eb,"",client_a_preview,0,"","",ETH/USD,1685459848639365251072,1780952745,failed,CrashRecovery,"daemon restarted with submitted transaction awaiting confirmation",0,0,,,,,1780953142973,1780952844996
2068,0xe33c8e7cfcae424631b4526c57176b54135dbfde58c9974ac32659727b1192b3,"",client_a_preview,0,"","",SHIB/USD,4759779902500,1780952759,failed,CrashRecovery,"daemon restarted with submitted transaction awaiting confirmation",0,0,,,,,1780953142966,1780952845003
2069,0xe326bccb3f5c87112dedd7eeddc20db3db9236d52103e240da68c49da019ed3e,65b660783278161011d5e913165630151e76153d1b1c5eaac04486f386ed615c,client_a_preview,0,"","",NEIRO/USD,"",0,failed,CrashRecovery,"daemon restarted with submitted transaction awaiting confirmation",0,0,,,1780952865249,,1780953142962,1780952865249
2070,0x490abffbff7fd15b940ac294053f531b54bbe3e10274ce8fa85885fd9c2727ba,65b660783278161011d5e913165630151e76153d1b1c5eaac04486f386ed615c,client_a_preview,0,"","",LTC/USD,"",0,confirmed,,,0,0,,,1780952865260,1780952897325,,1780952865260
2071,0x33a1f46adb7986f6ace781aa5fb8c4addbd2c56a094b8a6d556c5c745743e1a4,65b660783278161011d5e913165630151e76153d1b1c5eaac04486f386ed615c,client_a_preview,0,"","",BTC/USD,"",0,confirmed,,,0,0,,,1780952865265,1780952897336,,1780952865265
2072,0xc9c1718551ec74919f57e6b18a793cd7d07f070b8e891e4f2bf98c7b125c60be,65b660783278161011d5e913165630151e76153d1b1c5eaac04486f386ed615c,client_a_preview,0,"","",ETH/USD,"",0,confirmed,,,0,0,,,1780952865272,1780952897350,,1780952865272
2073,0xe326bccb3f5c87112dedd7eeddc20db3db9236d52103e240da68c49da019ed3e,"",client_a_preview,0,"","",NEIRO/USD,68650534450697,1780952790,failed,CrashRecovery,"daemon restarted with submitted transaction awaiting confirmation",0,0,,,,,1780953142962,1780952897307
2074,0x62dd5a59bacd2149b29152c3646ad9a9e61abd5ecb96bf36f106899d5c920856,"",client_a_preview,0,"","",LTC/USD,43274686123539005440,1780952849,failed,NonMonotonicNonce,"Intent for LTC/USD superseded on chain; not submitted.",0,0,,,,,1780952905210,1780952905210
2075,0x4a6a4dbb6bd2dfffbcc613841735f4003e13e73718e4add46dea22aa14d67877,"",client_a_preview,0,"","",BTC/USD,63355972134850011332608,1780952851,failed,NonMonotonicNonce,"Intent for BTC/USD superseded on chain; not submitted.",0,0,,,,,1780952905219,1780952905219
2076,0x94f3fff4d2ebe995b1c85999126afea9be77dee245918ccc56cc2c20a37ed294,"",client_a_preview,0,"","",ETH/USD,1685912599789676396544,1780952852,failed,NonMonotonicNonce,"Intent for ETH/USD superseded on chain; not submitted.",0,0,,,,,1780952905233,1780952905233
2077,0xebaf4e2d1a7a2033df118c9da2099a3e91f04bd82cad6de538741daec24df7ee,d84f82441a23a3fd4feca53d97475b86c6ca910e704777789c0c9738e150d3c9,client_a_preview,0,"","",USDC/USD,"",0,confirmed,,,0,0,,,1780953057772,1780953089438,,1780953057772
2078,0xe5748931f0c8a5a6d6734ce2fbe43328f931a99d54771a5c8280ee51f885ca0d,b13f3b7c22f4200b5a9bebcd60cc70f711dcaabf584c35181ad3eb44f28673e5,client_a_preview,0,"","",ARB/USD,"",0,failed,CrashRecovery,"daemon restarted with submitted transaction awaiting confirmation",0,0,,,1780953108823,,1780953142958,1780953108823
2079,0xd30753c9e358ae696af5b712fb1b6d71e9ce0f3c7474139be4cedef6086c4bf9,b13f3b7c22f4200b5a9bebcd60cc70f711dcaabf584c35181ad3eb44f28673e5,client_a_preview,0,"","",USDC/USD,"",0,failed,CrashRecovery,"daemon restarted with submitted transaction awaiting confirmation",0,0,,,1780953108834,,1780953142954,1780953108834
2080,0x45e0a8795d2c95da0f38e091e6028d35d550f0bfa276799f3fa8b8109cec3ac2,b13f3b7c22f4200b5a9bebcd60cc70f711dcaabf584c35181ad3eb44f28673e5,client_a_preview,0,"","",NEIRO/USD,"",0,failed,CrashRecovery,"daemon restarted with submitted transaction awaiting confirmation",0,0,,,1780953108839,,1780953142950,1780953108839
2081,0x0103384b4e78d887febc8e60fe4a6caa7f0b799787e9ba556d60739333445963,b13f3b7c22f4200b5a9bebcd60cc70f711dcaabf584c35181ad3eb44f28673e5,client_a_preview,0,"","",XVG/USD,"",0,failed,CrashRecovery,"daemon restarted with submitted transaction awaiting confirmation",0,0,,,1780953108849,,1780953142945,1780953108849
2082,0x95d033eb68319b4610331786970fc65a1ea4e5066b03080f4ab27246249098dd,ee4523712ea404cf26a04865543c1dd7b64a28d27323530eb3ca1f3848d5d29d,client_a_preview,0,"","",ARB/USD,"",0,failed,CrashRecovery,"daemon restarted with submitted transaction awaiting confirmation",0,0,,,1780953193244,,1780953605942,1780953193244
2083,0xcc3dd424618a9371d8bd1e6a23b43dc78c59a053315401aace27c19405d95919,ee4523712ea404cf26a04865543c1dd7b64a28d27323530eb3ca1f3848d5d29d,client_a_preview,0,"","",DOGE/USD,"",0,confirmed,,,0,0,,,1780953193258,1780953218906,,1780953193258
2084,0x95d033eb68319b4610331786970fc65a1ea4e5066b03080f4ab27246249098dd,"",client_a_preview,0,"","",ARB/USD,82963659451908000,1780953146,failed,CrashRecovery,"daemon restarted with submitted transaction awaiting confirmation",0,0,,,,,1780953605942,1780953218900
2085,0x3a88b25ad28e7a51ee33bac4e1c0347a6b488f1fb6580205b81ab45a5d0b8b8f,52544411f2d6288b79f9e6182dca669675d40545921a5923459603b874b1994c,client_a_preview,0,"","",DOGE/USD,"",0,failed,CrashRecovery,"daemon restarted with submitted transaction awaiting confirmation",0,0,,,1780953238408,,1780953605938,1780953238408
2086,0xaa672a434a356f189fb88686fa80f5189334130f9ce97ab3709d799905a157b4,52544411f2d6288b79f9e6182dca669675d40545921a5923459603b874b1994c,client_a_preview,0,"","",NEIRO/USD,"",0,failed,CrashRecovery,"daemon restarted with submitted transaction awaiting confirmation",0,0,,,1780953238419,,1780953605934,1780953238419
2087,0x31d4bc8d8ebcd059b579e27bf1af0b62b442b9c47b0f67f3ab6680addf4285f2,52544411f2d6288b79f9e6182dca669675d40545921a5923459603b874b1994c,client_a_preview,0,"","",XVG/USD,"",0,confirmed,,,0,0,,,1780953238427,1780953276631,,1780953238427
2088,0xe784fb8f1bd2786cd5decaba739304ae624c82ed87b0a91af1409aaff2671fc4,52544411f2d6288b79f9e6182dca669675d40545921a5923459603b874b1994c,client_a_preview,0,"","",USDT/USD,"",0,confirmed,,,0,0,,,1780953238435,1780953276643,,1780953238435
2089,0x3a88b25ad28e7a51ee33bac4e1c0347a6b488f1fb6580205b81ab45a5d0b8b8f,"",client_a_preview,0,"","",DOGE/USD,86608376400000000,1780953178,failed,CrashRecovery,"daemon restarted with submitted transaction awaiting confirmation",0,0,,,,,1780953605938,1780953276617
2090,0xaa672a434a356f189fb88686fa80f5189334130f9ce97ab3709d799905a157b4,"",client_a_preview,0,"","",NEIRO/USD,68780230200000,1780953213,failed,CrashRecovery,"daemon restarted with submitted transaction awaiting confirmation",0,0,,,,,1780953605934,1780953276626
2091,0x9714ccca6901624a83a9c141277282fed4ff07d0a84ed69ed0e92755e14c5c0e,"",client_a_preview,0,"","",ARB/USD,82970120000000016,1780953255,failed,NonMonotonicNonce,"Intent for ARB/USD superseded on chain; not submitted.",0,0,,,,,1780953284441,1780953284441
2092,0x8a191320a903139b745a5709abcd5bf9730cecd5907a5c0e04a8a10a36ca8488,"",client_a_preview,0,"","",XVG/USD,2598680455637431,1780953226,failed,NonMonotonicNonce,"Intent for XVG/USD superseded on chain; not submitted.",0,0,,,,,1780953284450,1780953284450
2093,0xc548adf5be6d9083c88f788fb2cd4197c6295d27fee0d5ee2581f127c199c9bb,"",client_a_preview,0,"","",USDT/USD,999640000000000064,1780953228,failed,NonMonotonicNonce,"Intent for USDT/USD superseded on chain; not submitted.",0,0,,,,,1780953284459,1780953284459
2094,0xf0b13468cf8d916fdde12553acc426108792c45870941aa0151fed8f04ba972a,793b2c156d548961770d141299502b66ed710c5257e0480cab3f584b81ca54e8,client_a_preview,0,"","",NEIRO/USD,"",0,confirmed,,,0,0,,,1780953309623,1780953355664,,1780953309623
2095,0xafe96b0a82e05bb2288ca78d5fb9832674697d4704da4aac80c4d53bf25921c9,99e24dbbb72bbfe14018a0c4afd1757d8ed09691c651ab2a3d42e00fc45df11b,client_a_preview,0,"","",NEIRO/USD,"",0,failed,CrashRecovery,"daemon restarted with submitted transaction awaiting confirmation",0,0,,,1780953375125,,1780953605930,1780953375125
2096,0xcc79afabb3ce448a3b552200e883216c3f82e8d2e3bda7d62bcf7f4ec560744a,99e24dbbb72bbfe14018a0c4afd1757d8ed09691c651ab2a3d42e00fc45df11b,client_a_preview,0,"","",ARB/USD,"",0,confirmed,,,0,0,,,1780953375133,1780953406467,,1780953375133
2097,0xafe96b0a82e05bb2288ca78d5fb9832674697d4704da4aac80c4d53bf25921c9,"",client_a_preview,0,"","",NEIRO/USD,68882693300000,1780953323,failed,CrashRecovery,"daemon restarted with submitted transaction awaiting confirmation",0,0,,,,,1780953605930,1780953406461
2098,0xe73609b1d095c5bf3b6b8ce34adab724d21a0768f2ff10469679f9c45d5d06af,13f30874b43043f8111aa2506d1898a333f9d934ed9cebdd53ff7cd1f89e80dd,client_a_preview,0,"","",ARB/USD,"",0,failed,CrashRecovery,"daemon restarted with submitted transaction awaiting confirmation",0,0,,,1780953425038,,1780953605926,1780953425038
2099,0xa38b1953deccac9ff4f42f113fbe6d89f0090a76a6c91661ac7735ec577988f4,13f30874b43043f8111aa2506d1898a333f9d934ed9cebdd53ff7cd1f89e80dd,client_a_preview,0,"","",NEIRO/USD,"",0,confirmed,,,0,0,,,1780953425047,1780953533665,,1780953425047
2100,0xe73609b1d095c5bf3b6b8ce34adab724d21a0768f2ff10469679f9c45d5d06af,"",client_a_preview,0,"","",ARB/USD,82980116400000024,1780953367,failed,CrashRecovery,"daemon restarted with submitted transaction awaiting confirmation",0,0,,,,,1780953605926,1780953533661
2101,0xfd120eb73720681724e9bc66c1f86b871da1f465352c4c985ac92c15927cfaca,01b6559e77fbf8d6c51272282b6eb4985f6c6b651639a1d854fc0ca846596ca0,client_a_preview,0,"","",SHIB/USD,"",0,failed,CrashRecovery,"daemon restarted with submitted transaction awaiting confirmation",0,0,,,1780953553990,,1780953605920,1780953553990
2102,0xc63c0b87ce4d66bbce10e235dd0a16f2c8c469bcf43f1c5d3f9773ef13213f8f,01b6559e77fbf8d6c51272282b6eb4985f6c6b651639a1d854fc0ca846596ca0,client_a_preview,0,"","",NEIRO/USD,"",0,confirmed,,,0,0,,,1780953554002,1780953578064,,1780953554002
2103,0x30d2139eccc812857243ce78a47816031b459cf24c0b2b320432df87341e8aaf,01b6559e77fbf8d6c51272282b6eb4985f6c6b651639a1d854fc0ca846596ca0,client_a_preview,0,"","",LTC/USD,"",0,failed,CrashRecovery,"daemon restarted with submitted transaction awaiting confirmation",0,0,,,1780953554009,,1780953605916,1780953554009
2104,0xf2af00d8daf4ff217825016800757d463a68bd5691b47af4e5b3c20f9a335605,01b6559e77fbf8d6c51272282b6eb4985f6c6b651639a1d854fc0ca846596ca0,client_a_preview,0,"","",BTC/USD,"",0,failed,CrashRecovery,"daemon restarted with submitted transaction awaiting confirmation",0,0,,,1780953554021,,1780953605912,1780953554021
2105,0xe6fc2c35f49014978acaf301c8b210d806a3f5ceea3300c373a852357c6a597a,01b6559e77fbf8d6c51272282b6eb4985f6c6b651639a1d854fc0ca846596ca0,client_a_preview,0,"","",ETH/USD,"",0,failed,CrashRecovery,"daemon restarted with submitted transaction awaiting confirmation",0,0,,,1780953554028,,1780953605908,1780953554028
2106,0xfd120eb73720681724e9bc66c1f86b871da1f465352c4c985ac92c15927cfaca,"",client_a_preview,0,"","",SHIB/USD,4764266367500,1780953510,failed,CrashRecovery,"daemon restarted with submitted transaction awaiting confirmation",0,0,,,,,1780953605920,1780953578060
2107,0x30d2139eccc812857243ce78a47816031b459cf24c0b2b320432df87341e8aaf,"",client_a_preview,0,"","",LTC/USD,43314292875000004608,1780953496,failed,CrashRecovery,"daemon restarted with submitted transaction awaiting confirmation",0,0,,,,,1780953605916,1780953578075
2108,0xf2af00d8daf4ff217825016800757d463a68bd5691b47af4e5b3c20f9a335605,"",client_a_preview,0,"","",BTC/USD,63393290303478949740544,1780953497,failed,CrashRecovery,"daemon restarted with submitted transaction awaiting confirmation",0,0,,,,,1780953605912,1780953578083
2109,0xe6fc2c35f49014978acaf301c8b210d806a3f5ceea3300c373a852357c6a597a,"",client_a_preview,0,"","",ETH/USD,1687038506500000055296,1780953498,failed,CrashRecovery,"daemon restarted with submitted transaction awaiting confirmation",0,0,,,,,1780953605908,1780953578091
2110,0x3b51aed42fe0d3d47df8a8897dbfb70933a634f742753c5e7636619d6f00e2dc,f7e294f3e3a57f24b1a3f310cb53a759c5180d26e652ff96e444dc92831373dc,client_a_preview,0,"","",NEIRO/USD,"",0,failed,CrashRecovery,"daemon restarted with submitted transaction awaiting confirmation",0,0,,,1780953597522,,1780953605903,1780953597522
2111,0xc3b7cf29f4bec12a4c6a7efae46daaf3050867575bc0210c2d4756b5be128a58,f7e294f3e3a57f24b1a3f310cb53a759c5180d26e652ff96e444dc92831373dc,client_a_preview,0,"","",LTC/USD,"",0,failed,CrashRecovery,"daemon restarted with submitted transaction awaiting confirmation",0,0,,,1780953597536,,1780953605898,1780953597536
2112,0x6f97fb0e1857a2d5b3eec2a0ea8f079759baf3c863e0cb1f9971bfa567942ca7,f7e294f3e3a57f24b1a3f310cb53a759c5180d26e652ff96e444dc92831373dc,client_a_preview,0,"","",BTC/USD,"",0,failed,CrashRecovery,"daemon restarted with submitted transaction awaiting confirmation",0,0,,,1780953597542,,1780953605894,1780953597542
2113,0x16267f1b309ffd2d0885dc8450b58a1c04192ec6634e87ffddf3e09ca52a10f5,f7e294f3e3a57f24b1a3f310cb53a759c5180d26e652ff96e444dc92831373dc,client_a_preview,0,"","",ETH/USD,"",0,failed,CrashRecovery,"daemon restarted with submitted transaction awaiting confirmation",0,0,,,1780953597548,,1780953605890,1780953597548
2114,0xadb401444cb5cc91f8287ce09ebe83c2ea214603d2b5a3ef3a4c8f4069585453,"",client_a_preview,0,"","",ETH/USD,1687478786175000117248,1780953606,failed,NonMonotonicNonce,"Oracle intent nonce must be greater than the current nonce.",0,0,,,,,1780953619586,1780953619586
2115,0x31a9ae41d7568aa743dfe8291b9effbdfb4f53af09ffb4b362def62b09bed2fa,"",client_a_preview,0,"","",LTC/USD,43314671934506008576,1780953603,failed,NonMonotonicNonce,"Intent for LTC/USD superseded on chain; not submitted.",0,0,,,,,1780953626460,1780953626460
2116,0x86973a2bf0cc99dfc031df9a1f3974c1f44e75481ed8941957964b7955e07cce,"",client_a_preview,0,"","",BTC/USD,63400495795250000822272,1780953605,failed,NonMonotonicNonce,"Intent for BTC/USD superseded on chain; not submitted.",0,0,,,,,1780953626470,1780953626470
2117,0x187db40846b45f52b5b580c1b381e244a7dd223b0c4d0d12f3906b97e8650f31,63c728187c1a43b2caf3e93eb83ac1014215a1be0ad8abc2629f2efea7a868e9,client_a_preview,0,"","",LTC/USD,"",0,confirmed,,,0,0,,,1780953706648,1780953767962,,1780953706648
2118,0xff9156e8b67c749063d57cc19df5a4b2edde8adcb196fb0f25327c78570ddbb0,63c728187c1a43b2caf3e93eb83ac1014215a1be0ad8abc2629f2efea7a868e9,client_a_preview,0,"","",BTC/USD,"",0,confirmed,,,0,0,,,1780953706660,1780953767976,,1780953706660
2119,0x6ea6a97ce4ee3eac3dc574314bb96273226546304b443eea6cfcbc23482e984c,"",client_a_preview,0,"","",ETH/USD,1687730362800000204800,1780953722,failed,NonMonotonicNonce,"Intent for ETH/USD superseded on chain; not submitted.",0,0,,,,,1780953777295,1780953777295
2120,0xdaf6f61353fd1515b06665009a9555e414ae5d301e9410a133b55634559931b1,"",client_a_preview,0,"","",USDC/USD,999709974800000256,1780953730,failed,NonMonotonicNonce,"Intent for USDC/USD superseded on chain; not submitted.",0,0,,,,,1780953777306,1780953777306
2121,0xd3f4fe3cb068d1383376e469f9e3d9333d25aefb1f1a6dba3b85d7ef1e4c0933,"",client_a_preview,0,"","",BTC/USD,63426705735875001581568,1780953721,failed,NonMonotonicNonce,"Intent for BTC/USD superseded on chain; not submitted.",0,0,,,,,1780953777316,1780953777316
2122,0x10c76504a44dace8d908a8364c9e0126d27a55522b95ce735214715ae8048dea,"",client_a_preview,0,"","",LTC/USD,43324180900000006144,1780953719,failed,NonMonotonicNonce,"Intent for LTC/USD superseded on chain; not submitted.",0,0,,,,,1780953777325,1780953777325
2123,0x85228b54afedfb553e677d5c8642d29dccde241ac34ac0ce391f1b5591e5369b,06bc84450c64184456e6c5e6ee6adc80b8e76a63f1a7094a4035b79170a0b359,client_a_preview,0,"","",ARB/USD,"",0,confirmed,,,0,0,,,1780953800164,1780953826499,,1780953800164
2124,0x108967f16e76a29ad4720307e6be33390b2c0c3f628132862ffec3012ea9c696,097865ef0606f30fda735ef3cf550331222b5451900cca7ee81e063174fd7dc6,client_a_preview,0,"","",ETH/USD,"",0,confirmed,,,0,0,,,1780953847382,1780953895453,,1780953847382
2125,0x9f8b5bd736815f38265aec43bb055c305aa35c5c8ff2b6464396d3fcce082a37,097865ef0606f30fda735ef3cf550331222b5451900cca7ee81e063174fd7dc6,client_a_preview,0,"","",USDC/USD,"",0,confirmed,,,0,0,,,1780953847389,1780953895469,,1780953847389
2126,0xde09e5eb559566f9ab453a65adfab0523c08c6b3302f57ff874bf9f0e2367215,097865ef0606f30fda735ef3cf550331222b5451900cca7ee81e063174fd7dc6,client_a_preview,0,"","",DOGE/USD,"",0,confirmed,,,0,0,,,1780953847397,1780953895478,,1780953847397
2127,0xd3e6d7073b2b1f1adae5c38002e558cb70def0fd6b913c2e531a8e0ff0110d97,097865ef0606f30fda735ef3cf550331222b5451900cca7ee81e063174fd7dc6,client_a_preview,0,"","",ARB/USD,"",0,failed,CrashRecovery,"daemon restarted with submitted transaction awaiting confirmation",0,0,,,1780953847404,,1780984601783,1780953847404
2128,0xd3e6d7073b2b1f1adae5c38002e558cb70def0fd6b913c2e531a8e0ff0110d97,"",client_a_preview,0,"","",ARB/USD,83124648425000008,1780953814,failed,CrashRecovery,"daemon restarted with submitted transaction awaiting confirmation",0,0,,,,,1780984601783,1780953895504
2129,0x40b76ce5a8a230fefb72676eadc346ad0efa569631638315b7dcb036a00d5b68,8be045977fe2dab9eb64142deaaf2a6870eb6ad521b6357f2af5fb4e80eb566d,client_a_preview,0,"","",ETH/USD,"",0,failed,CrashRecovery,"daemon restarted with submitted transaction awaiting confirmation",0,0,,,1780953918784,,1780984601773,1780953918784
2130,0x8a9719f9c281cd1c1df1d38ba702cb7e1d58a4de71b7ddc5338c4590cb29e1fa,8be045977fe2dab9eb64142deaaf2a6870eb6ad521b6357f2af5fb4e80eb566d,client_a_preview,0,"","",USDC/USD,"",0,failed,CrashRecovery,"daemon restarted with submitted transaction awaiting confirmation",0,0,,,1780953918796,,1780984601769,1780953918796
2131,0x7b3c5fbda354d5794d89aff57e7d9c6f36ab7ad05fe1c47861d095d01b0a83b8,8be045977fe2dab9eb64142deaaf2a6870eb6ad521b6357f2af5fb4e80eb566d,client_a_preview,0,"","",DOGE/USD,"",0,failed,CrashRecovery,"daemon restarted with submitted transaction awaiting confirmation",0,0,,,1780953918803,,1780984601764,1780953918803
2132,0x1082debe7f687ee5ed50b4d1285470569ca98e71647c4c5c724dc8755f99e565,8be045977fe2dab9eb64142deaaf2a6870eb6ad521b6357f2af5fb4e80eb566d,client_a_preview,0,"","",NEIRO/USD,"",0,failed,CrashRecovery,"daemon restarted with submitted transaction awaiting confirmation",0,0,,,1780953918810,,1780984601759,1780953918810
2133,0x40b76ce5a8a230fefb72676eadc346ad0efa569631638315b7dcb036a00d5b68,"",client_a_preview,0,"","",ETH/USD,1688498388525000032256,1780953838,failed,CrashRecovery,"daemon restarted with submitted transaction awaiting confirmation",0,0,,,,,1780984601773,1780953986235
2134,0x8a9719f9c281cd1c1df1d38ba702cb7e1d58a4de71b7ddc5338c4590cb29e1fa,"",client_a_preview,0,"","",USDC/USD,999709974800000256,1780953846,failed,CrashRecovery,"daemon restarted with submitted transaction awaiting confirmation",0,0,,,,,1780984601769,1780953986242
2135,0x7b3c5fbda354d5794d89aff57e7d9c6f36ab7ad05fe1c47861d095d01b0a83b8,"",client_a_preview,0,"","",DOGE/USD,86688889200000016,1780953852,failed,CrashRecovery,"daemon restarted with submitted transaction awaiting confirmation",0,0,,,,,1780984601764,1780953986246
2136,0x1082debe7f687ee5ed50b4d1285470569ca98e71647c4c5c724dc8755f99e565,"",client_a_preview,0,"","",NEIRO/USD,69084861237500,1780953885,failed,CrashRecovery,"daemon restarted with submitted transaction awaiting confirmation",0,0,,,,,1780984601759,1780953986256
2137,0xbf074342b69795336b240ecf30edde58fab3527053fce5dfe89d9406fed18de5,a60799fd470be51be12aa31ff97319e79caa5f00814d8713ac8de2f3707b6656,client_a_preview,0,"","",XVG/USD,"",0,confirmed,,,0,0,,,1780954006139,1780954096365,,1780954006139
2138,0xd996a99c02e9f73a3bd6fba600a1ee9f6596651fbbeddd0be08019fdb9c452cf,a60799fd470be51be12aa31ff97319e79caa5f00814d8713ac8de2f3707b6656,client_a_preview,0,"","",USDT/USD,"",0,confirmed,,,0,0,,,1780954006150,1780954096380,,1780954006150
2139,0xa97f3d209e6c16d193a7edbb789decd6b962ca8db5de27d511fe7f2f7a88f274,a60799fd470be51be12aa31ff97319e79caa5f00814d8713ac8de2f3707b6656,client_a_preview,0,"","",NEIRO/USD,"",0,confirmed,,,0,0,,,1780954006159,1780954096393,,1780954006159
2140,0x6518045ba1c6d7ce3d19cd510dea942d0446c82ea01d78101c86dd9f09299126,9151bdf0ff153b874e9813317714c9188a0aca302fe60b957bb7f275c0d33b4e,client_a_preview,0,"","",NEIRO/USD,"",0,confirmed,,,0,0,,,1780954119627,1780954155781,,1780954119627
2141,0xc9040c2ca12d2c3c249d338e5b96ed7ab0da449aae0e8c868283011e3ef066e8,9151bdf0ff153b874e9813317714c9188a0aca302fe60b957bb7f275c0d33b4e,client_a_preview,0,"","",LTC/USD,"",0,failed,CrashRecovery,"daemon restarted with submitted transaction awaiting confirmation",0,0,,,1780954119638,,1780984601752,1780954119638
2142,0xeec71ff0144fb823f1fc26726cf230cbc80150958f1fbc9526faf89c839a20c4,9151bdf0ff153b874e9813317714c9188a0aca302fe60b957bb7f275c0d33b4e,client_a_preview,0,"","",BTC/USD,"",0,failed,CrashRecovery,"daemon restarted with submitted transaction awaiting confirmation",0,0,,,1780954119645,,1780963038330,1780954119645
2143,0xd6853cb4501d3513f829ae53d1d1ad535c09c5b599f060d019a414bc054132a6,9151bdf0ff153b874e9813317714c9188a0aca302fe60b957bb7f275c0d33b4e,client_a_preview,0,"","",ETH/USD,"",0,failed,CrashRecovery,"daemon restarted with submitted transaction awaiting confirmation",0,0,,,1780954119651,,1780963038327,1780954119651
2144,0xb5abb41df57112996b7b8dd17e401f3ed70690c2bbf5658c86359f8b0b7d3e4a,9151bdf0ff153b874e9813317714c9188a0aca302fe60b957bb7f275c0d33b4e,client_a_preview,0,"","",DOGE/USD,"",0,failed,CrashRecovery,"daemon restarted with submitted transaction awaiting confirmation",0,0,,,1780954119658,,1780963038323,1780954119658
2145,0x678bb255a553c597c8c59858478a6615ca49a2f172fff0114657870bb1291b16,9151bdf0ff153b874e9813317714c9188a0aca302fe60b957bb7f275c0d33b4e,client_a_preview,0,"","",SHIB/USD,"",0,failed,CrashRecovery,"daemon restarted with submitted transaction awaiting confirmation",0,0,,,1780954119663,,1780963038319,1780954119663
2146,0xc9040c2ca12d2c3c249d338e5b96ed7ab0da449aae0e8c868283011e3ef066e8,"",client_a_preview,0,"","",LTC/USD,43401706887500005376,1780954049,failed,CrashRecovery,"daemon restarted with submitted transaction awaiting confirmation",0,0,,,,,1780984601752,1780954155808
2147,0xeec71ff0144fb823f1fc26726cf230cbc80150958f1fbc9526faf89c839a20c4,"",client_a_preview,0,"","",BTC/USD,63534515653601948336128,1780954050,failed,CrashRecovery,"daemon restarted with submitted transaction awaiting confirmation",0,0,,,,,1780963038330,1780954155815
2148,0xd6853cb4501d3513f829ae53d1d1ad535c09c5b599f060d019a414bc054132a6,"",client_a_preview,0,"","",ETH/USD,1692917946655969902592,1780954051,failed,CrashRecovery,"daemon restarted with submitted transaction awaiting confirmation",0,0,,,,,1780963038327,1780954155822
2149,0xb5abb41df57112996b7b8dd17e401f3ed70690c2bbf5658c86359f8b0b7d3e4a,"",client_a_preview,0,"","",DOGE/USD,86844747107782320,1780954062,failed,CrashRecovery,"daemon restarted with submitted transaction awaiting confirmation",0,0,,,,,1780963038323,1780954155831
2150,0x678bb255a553c597c8c59858478a6615ca49a2f172fff0114657870bb1291b16,"",client_a_preview,0,"","",SHIB/USD,4769270530391,1780954064,failed,CrashRecovery,"daemon restarted with submitted transaction awaiting confirmation",0,0,,,,,1780963038319,1780954155842
2151,0xe55658f4cb165d2aae183587c5b75e1dafe4c934adbc459bae581449a6809f08,04cf9c8f5fc9e1ff9540a52fe883b03351e398971688fb93f4ffe83a3621dce1,client_a_preview,0,"","",ARB/USD,"",0,failed,CrashRecovery,"daemon restarted with submitted transaction awaiting confirmation",0,0,,,1780954178405,,1780963038316,1780954178405
2152,0x8937f5e92d5db710254d7a04df4b989c81d75c57426a46c2a470e92bd4f656a9,04cf9c8f5fc9e1ff9540a52fe883b03351e398971688fb93f4ffe83a3621dce1,client_a_preview,0,"","",LTC/USD,"",0,confirmed,,,0,0,,,1780954178413,1780954196594,,1780954178413
2153,0xb195454862be7ed8479383b3c864f1f74796c0e5d1d85cc61dd80f13e42de213,04cf9c8f5fc9e1ff9540a52fe883b03351e398971688fb93f4ffe83a3621dce1,client_a_preview,0,"","",BTC/USD,"",0,confirmed,,,0,0,,,1780954178422,1780954196606,,1780954178422
2154,0x5a2a2361643d8cc4eb156afc14b9282f90d6ed1bc01d94ef4bb29695d18b7e17,04cf9c8f5fc9e1ff9540a52fe883b03351e398971688fb93f4ffe83a3621dce1,client_a_preview,0,"","",ETH/USD,"",0,confirmed,,,0,0,,,1780954178430,1780954196618,,1780954178430
2155,0xc63eb25a6cc6ab4e287c0e00821b1fed5091e7ff051ff265eeb61b4951268c31,04cf9c8f5fc9e1ff9540a52fe883b03351e398971688fb93f4ffe83a3621dce1,client_a_preview,0,"","",DOGE/USD,"",0,confirmed,,,0,0,,,1780954178435,1780954196629,,1780954178435
2156,0x98343881e9384c157ba3f267c1fa82d2c53744ffd0feede2a1896298a06d11fc,04cf9c8f5fc9e1ff9540a52fe883b03351e398971688fb93f4ffe83a3621dce1,client_a_preview,0,"","",SHIB/USD,"",0,confirmed,,,0,0,,,1780954178442,1780954196641,,1780954178442
2157,0xe55658f4cb165d2aae183587c5b75e1dafe4c934adbc459bae581449a6809f08,"",client_a_preview,0,"","",ARB/USD,83223751500664888,1780954140,failed,CrashRecovery,"daemon restarted with submitted transaction awaiting confirmation",0,0,,,,,1780963038316,1780954196589
2158,0xa90079078d8bf5e92825f1ba145114c9bbc32b5023f76055c782e7dc97ac65ac,fb5fb48b34d868a41f22e92b2e861e07b018e382e6d34027cec0927f6cf3d762,client_a_preview,0,"","",LTC/USD,"",0,failed,CrashRecovery,"daemon restarted with submitted transaction awaiting confirmation",0,0,,,1780954218617,,1780963038312,1780954218617
2159,0xd465f9d202851a13c03da68a5d2f031126ebac138e43bac56caa222712740f66,fb5fb48b34d868a41f22e92b2e861e07b018e382e6d34027cec0927f6cf3d762,client_a_preview,0,"","",BTC/USD,"",0,failed,CrashRecovery,"daemon restarted with submitted transaction awaiting confirmation",0,0,,,1780954218629,,1780963038309,1780954218629
2160,0x45abdb5f4ff0be79cab3cacd857ed7fda1ecfb4829c23ac8afe7833882657152,fb5fb48b34d868a41f22e92b2e861e07b018e382e6d34027cec0927f6cf3d762,client_a_preview,0,"","",ETH/USD,"",0,failed,CrashRecovery,"daemon restarted with submitted transaction awaiting confirmation",0,0,,,1780954218636,,1780963038305,1780954218636
2161,0x8c4c12fd44adc8527330361239b18e6cc0acd93f9f81fb1fcea8e8643046bfff,fb5fb48b34d868a41f22e92b2e861e07b018e382e6d34027cec0927f6cf3d762,client_a_preview,0,"","",NEIRO/USD,"",0,confirmed,,,0,0,,,1780954218644,1780954267032,,1780954218644
2162,0x95c1fd6008e9871784c6664fdc3388cdaef1b10ea9f78cd53938f6a6cdd89d2c,fb5fb48b34d868a41f22e92b2e861e07b018e382e6d34027cec0927f6cf3d762,client_a_preview,0,"","",DOGE/USD,"",0,failed,CrashRecovery,"daemon restarted with submitted transaction awaiting confirmation",0,0,,,1780954218651,,1780963038302,1780954218651
2163,0xbfbc302e2304d283becad446d93b9088d034853b7ac264bf20d5a6a69eef7e81,fb5fb48b34d868a41f22e92b2e861e07b018e382e6d34027cec0927f6cf3d762,client_a_preview,0,"","",SHIB/USD,"",0,failed,CrashRecovery,"daemon restarted with submitted transaction awaiting confirmation",0,0,,,1780954218661,,1780963038298,1780954218661
2164,0xa90079078d8bf5e92825f1ba145114c9bbc32b5023f76055c782e7dc97ac65ac,"",client_a_preview,0,"","",LTC/USD,43409367162825007104,1780954158,failed,CrashRecovery,"daemon restarted with submitted transaction awaiting confirmation",0,0,,,,,1780963038312,1780954266984
2165,0xd465f9d202851a13c03da68a5d2f031126ebac138e43bac56caa222712740f66,"",client_a_preview,0,"","",BTC/USD,63566724038462499979264,1780954160,failed,CrashRecovery,"daemon restarted with submitted transaction awaiting confirmation",0,0,,,,,1780963038309,1780954267018
2166,0x45abdb5f4ff0be79cab3cacd857ed7fda1ecfb4829c23ac8afe7833882657152,"",client_a_preview,0,"","",ETH/USD,1696149272153929809920,1780954161,failed,CrashRecovery,"daemon restarted with submitted transaction awaiting confirmation",0,0,,,,,1780963038305,1780954267028
2167,0x95c1fd6008e9871784c6664fdc3388cdaef1b10ea9f78cd53938f6a6cdd89d2c,"",client_a_preview,0,"","",DOGE/USD,86914351126025008,1780954172,failed,CrashRecovery,"daemon restarted with submitted transaction awaiting confirmation",0,0,,,,,1780963038302,1780954267044
2168,0xbfbc302e2304d283becad446d93b9088d034853b7ac264bf20d5a6a69eef7e81,"",client_a_preview,0,"","",SHIB/USD,4769648156584,1780954174,failed,CrashRecovery,"daemon restarted with submitted transaction awaiting confirmation",0,0,,,,,1780963038298,1780954267053
2169,0xc3c771f3d5aa4c2610c41e35cf6caf8ffb3d78808aa3644ab351c2595630693c,409cc421fac454979f2712eef6641d7fe63f99ad5e5e167ef95001c847351dd9,client_a_preview,0,"","",NEIRO/USD,"",0,failed,CrashRecovery,"daemon restarted with submitted transaction awaiting confirmation",0,0,,,1780954287965,,1780963038295,1780954287965
2170,0xb99f4e706399663a2456501b1eb65ff1e562a7b77979c391d28779694d33e5d8,409cc421fac454979f2712eef6641d7fe63f99ad5e5e167ef95001c847351dd9,client_a_preview,0,"","",ARB/USD,"",0,failed,CrashRecovery,"daemon restarted with submitted transaction awaiting confirmation",0,0,,,1780954287979,,1780963038290,1780954287979
2171,0x2029af6a445a1c31152b4bf138f9ec4f7fc655342c24f6445c52aa3469eb3268,409cc421fac454979f2712eef6641d7fe63f99ad5e5e167ef95001c847351dd9,client_a_preview,0,"","",ETH/USD,"",0,confirmed,,,0,0,,,1780954287986,1780954334070,,1780954287986
2172,0xc3c771f3d5aa4c2610c41e35cf6caf8ffb3d78808aa3644ab351c2595630693c,"",client_a_preview,0,"","",NEIRO/USD,69244889984912,1780954206,failed,CrashRecovery,"daemon restarted with submitted transaction awaiting confirmation",0,0,,,,,1780963038295,1780954334060
2173,0xb99f4e706399663a2456501b1eb65ff1e562a7b77979c391d28779694d33e5d8,"",client_a_preview,0,"","",ARB/USD,83269699625000008,1780954245,failed,CrashRecovery,"daemon restarted with submitted transaction awaiting confirmation",0,0,,,,,1780963038290,1780954334067
2174,0x3054e7b5fcdcb55706a8240ed5b83a7d31ee1162c45bb32bce1f73f4c205285b,d83c40268b46661ff2311011bf5eaa3fc7dc4db3efc2ce0ef3b3d075c2526677,client_a_preview,0,"","",ETH/USD,"",0,failed,CrashRecovery,"daemon restarted with submitted transaction awaiting confirmation",0,0,,,1780954353034,,1780963038285,1780954353034
2175,0x4c813daf532885f8a8d03eebfacfc2aee4b2eb832458796e150cfaea9ae22bc3,d83c40268b46661ff2311011bf5eaa3fc7dc4db3efc2ce0ef3b3d075c2526677,client_a_preview,0,"","",NEIRO/USD,"",0,failed,CrashRecovery,"daemon restarted with submitted transaction awaiting confirmation",0,0,,,1780954353041,,1780963038282,1780954353041
2176,0xa71e9dfd87a06efb97688f85b21c58470c325dd98806163d953a7f72d53830f5,d83c40268b46661ff2311011bf5eaa3fc7dc4db3efc2ce0ef3b3d075c2526677,client_a_preview,0,"","",ARB/USD,"",0,confirmed,,,0,0,,,1780954353048,1780954413355,,1780954353048
2177,0x3054e7b5fcdcb55706a8240ed5b83a7d31ee1162c45bb32bce1f73f4c205285b,"",client_a_preview,0,"","",ETH/USD,1697803576968700100608,1780954268,failed,CrashRecovery,"daemon restarted with submitted transaction awaiting confirmation",0,0,,,,,1780963038285,1780954413340
2178,0x4c813daf532885f8a8d03eebfacfc2aee4b2eb832458796e150cfaea9ae22bc3,"",client_a_preview,0,"","",NEIRO/USD,69378755830368,1780954312,failed,CrashRecovery,"daemon restarted with submitted transaction awaiting confirmation",0,0,,,,,1780963038282,1780954413351
2179,0xd3d8f693ca2a589639d140820db16b8b3ce92a4c5a0fc38fb54377431ab997fa,a6f128023c335fd3a68bc315ab74e655d8a3d6c05428fd8a81c70662f0650289,client_a_preview,0,"","",LTC/USD,"",0,failed,CrashRecovery,"daemon restarted with submitted transaction awaiting confirmation",0,0,,,1780954435064,,1780963038278,1780954435064
2180,0x271c4af1373f05887b0c5a1889dc28ca05ab975580b95aa02d03e7d04f7e3e07,a6f128023c335fd3a68bc315ab74e655d8a3d6c05428fd8a81c70662f0650289,client_a_preview,0,"","",ETH/USD,"",0,failed,CrashRecovery,"daemon restarted with submitted transaction awaiting confirmation",0,0,,,1780954435076,,1780963038275,1780954435076
2181,0x85ff0e913ea2dc469d80ab1f94400a033d30db916b323231e4941caacbf39839,a6f128023c335fd3a68bc315ab74e655d8a3d6c05428fd8a81c70662f0650289,client_a_preview,0,"","",ARB/USD,"",0,failed,CrashRecovery,"daemon restarted with submitted transaction awaiting confirmation",0,0,,,1780954435086,,1780963038272,1780954435086
2182,0x469824da05e589bffa7faa9ccc541e398f6f70594a588df3fa2bd675ac29c27e,a6f128023c335fd3a68bc315ab74e655d8a3d6c05428fd8a81c70662f0650289,client_a_preview,0,"","",DOGE/USD,"",0,failed,CrashRecovery,"daemon restarted with submitted transaction awaiting confirmation",0,0,,,1780954435096,,1780963038269,1780954435096
2183,0xce6bbe9529af6452e2964b6093827109b52e257c1fffe94ea8279c173ddc389f,a6f128023c335fd3a68bc315ab74e655d8a3d6c05428fd8a81c70662f0650289,client_a_preview,0,"","",SHIB/USD,"",0,failed,CrashRecovery,"daemon restarted with submitted transaction awaiting confirmation",0,0,,,1780954435105,,1780963038266,1780954435105
2184,0xff2358dbe86d40336331b228b99242917462ee10751b2ebab55b74a4bfc4fef7,a6f128023c335fd3a68bc315ab74e655d8a3d6c05428fd8a81c70662f0650289,client_a_preview,0,"","",NEIRO/USD,"",0,confirmed,,,0,0,,,1780954435114,1780954469329,,1780954435114
2185,0xd3d8f693ca2a589639d140820db16b8b3ce92a4c5a0fc38fb54377431ab997fa,"",client_a_preview,0,"","",LTC/USD,43488852042778595328,1780954376,failed,CrashRecovery,"daemon restarted with submitted transaction awaiting confirmation",0,0,,,,,1780963038278,1780954469293
2186,0x271c4af1373f05887b0c5a1889dc28ca05ab975580b95aa02d03e7d04f7e3e07,"",client_a_preview,0,"","",ETH/USD,1704220950354648236032,1780954380,failed,CrashRecovery,"daemon restarted with submitted transaction awaiting confirmation",0,0,,,,,1780963038275,1780954469302
2187,0x85ff0e913ea2dc469d80ab1f94400a033d30db916b323231e4941caacbf39839,"",client_a_preview,0,"","",ARB/USD,83339987112731256,1780954356,failed,CrashRecovery,"daemon restarted with submitted transaction awaiting confirmation",0,0,,,,,1780963038272,1780954469310
2188,0x469824da05e589bffa7faa9ccc541e398f6f70594a588df3fa2bd675ac29c27e,"",client_a_preview,0,"","",DOGE/USD,87131482521687640,1780954393,failed,CrashRecovery,"daemon restarted with submitted transaction awaiting confirmation",0,0,,,,,1780963038269,1780954469316
2189,0xce6bbe9529af6452e2964b6093827109b52e257c1fffe94ea8279c173ddc389f,"",client_a_preview,0,"","",SHIB/USD,4777303455000,1780954394,failed,CrashRecovery,"daemon restarted with submitted transaction awaiting confirmation",0,0,,,,,1780963038266,1780954469325
2190,0x4e52d2ce5746069232689d6658be500331ac2d8906f8667aa2f6a1c6a10eef38,c93b1fb660e101d4e999a903bf91bd40d9589a3065f4d6fb4dbf2fc896df4e48,client_a_preview,0,"","",NEIRO/USD,"",0,failed,CrashRecovery,"daemon restarted with submitted transaction awaiting confirmation",0,0,,,1780954492429,,1780963038262,1780954492429
2191,0x09e0866e6e1193bd2763319e3422bcbc57563db3c26bbb4d50fa0b430150f0ad,c93b1fb660e101d4e999a903bf91bd40d9589a3065f4d6fb4dbf2fc896df4e48,client_a_preview,0,"","",ARB/USD,"",0,failed,CrashRecovery,"daemon restarted with submitted transaction awaiting confirmation",0,0,,,1780954492437,,1780963038259,1780954492437
2192,0x9d9e9afd6460127252b5c980f0c696f12519938c56f3be8598e62781c3122d82,c93b1fb660e101d4e999a903bf91bd40d9589a3065f4d6fb4dbf2fc896df4e48,client_a_preview,0,"","",LTC/USD,"",0,confirmed,,,0,0,,,1780954492443,1780954558786,,1780954492443
2193,0x92db64d76ed8a172c6fe6b9e0a1388840a38b0c07cb9c4fef093e298eda5057a,c93b1fb660e101d4e999a903bf91bd40d9589a3065f4d6fb4dbf2fc896df4e48,client_a_preview,0,"","",BTC/USD,"",0,confirmed,,,0,0,,,1780954492449,1780954558797,,1780954492449
2194,0x3590d0035cc32bc68546d10935e23e3bf48c2885579e876aae59c89a63f2cdcd,c93b1fb660e101d4e999a903bf91bd40d9589a3065f4d6fb4dbf2fc896df4e48,client_a_preview,0,"","",ETH/USD,"",0,confirmed,,,0,0,,,1780954492458,1780954558808,,1780954492458
2195,0x27de815edd1de42670696081d68c8bcde2254d3f197e0305c599c073704e75e2,c93b1fb660e101d4e999a903bf91bd40d9589a3065f4d6fb4dbf2fc896df4e48,client_a_preview,0,"","",DOGE/USD,"",0,confirmed,,,0,0,,,1780954492471,1780954558817,,1780954492471
2196,0x5ffb5908420889a4fe7961ff53e040c3802d6e063e1d33378cae1fa8284c1967,c93b1fb660e101d4e999a903bf91bd40d9589a3065f4d6fb4dbf2fc896df4e48,client_a_preview,0,"","",SHIB/USD,"",0,confirmed,,,0,0,,,1780954492481,1780954558828,,1780954492481
2197,0x4e52d2ce5746069232689d6658be500331ac2d8906f8667aa2f6a1c6a10eef38,"",client_a_preview,0,"","",NEIRO/USD,69545128960925,1780954421,failed,CrashRecovery,"daemon restarted with submitted transaction awaiting confirmation",0,0,,,,,1780963038262,1780954558771
2198,0x09e0866e6e1193bd2763319e3422bcbc57563db3c26bbb4d50fa0b430150f0ad,"",client_a_preview,0,"","",ARB/USD,83457861937500016,1780954460,failed,CrashRecovery,"daemon restarted with submitted transaction awaiting confirmation",0,0,,,,,1780963038259,1780954558782
2199,0x32d2005402591613c2a806d46d071aa2e7b1562da8cfe0f3fd322c6d5257e37e,fa5325fe2bfa86fa9fc52580c35136986a8b5347d4384f177629db90124f00b1,client_a_preview,0,"","",LTC/USD,"",0,confirmed,,,0,0,,,1780954582561,1780954614058,,1780954582561
2200,0xee2b412e869a76a85a1d2eeb428fade9ba6fcf6a6c81e92990ac23843390c1eb,fa5325fe2bfa86fa9fc52580c35136986a8b5347d4384f177629db90124f00b1,client_a_preview,0,"","",BTC/USD,"",0,confirmed,,,0,0,,,1780954582575,1780954614076,,1780954582575
2201,0x2c765dd1e6eb1a93808e83012cf96f2bf40a3a47d2b4606d468cf96aa86dbbd7,fa5325fe2bfa86fa9fc52580c35136986a8b5347d4384f177629db90124f00b1,client_a_preview,0,"","",ETH/USD,"",0,confirmed,,,0,0,,,1780954582581,1780954614088,,1780954582581
2202,0x030a02e86e89a6e24808cb47a822f9407c26f44296bc1bd619b7a6ff449167bb,fa5325fe2bfa86fa9fc52580c35136986a8b5347d4384f177629db90124f00b1,client_a_preview,0,"","",DOGE/USD,"",0,failed,CrashRecovery,"daemon restarted with submitted transaction awaiting confirmation",0,0,,,1780954582588,,1780963038256,1780954582588
2203,0x54a94daa2afc70c14ee9f09bea214dcde20b8450f08fbb3f0496b2e71201c128,fa5325fe2bfa86fa9fc52580c35136986a8b5347d4384f177629db90124f00b1,client_a_preview,0,"","",NEIRO/USD,"",0,failed,CrashRecovery,"daemon restarted with submitted transaction awaiting confirmation",0,0,,,1780954582596,,1780963038253,1780954582596
2204,0xd3048ddc75933ba81d8915458ae8be9640896bf1010ade22af08805a873e6c15,fa5325fe2bfa86fa9fc52580c35136986a8b5347d4384f177629db90124f00b1,client_a_preview,0,"","",SHIB/USD,"",0,failed,CrashRecovery,"daemon restarted with submitted transaction awaiting confirmation",0,0,,,1780954582600,,1780963038250,1780954582600
2205,0x50f7080366d2ed9d40e62617e87e829a8a1b63030a4e82d3c5e1827533f21d6c,fa5325fe2bfa86fa9fc52580c35136986a8b5347d4384f177629db90124f00b1,client_a_preview,0,"","",ARB/USD,"",0,confirmed,,,0,0,,,1780954582604,1780954614118,,1780954582604
2206,0x030a02e86e89a6e24808cb47a822f9407c26f44296bc1bd619b7a6ff449167bb,"",client_a_preview,0,"","",DOGE/USD,87174042225000016,1780954492,failed,CrashRecovery,"daemon restarted with submitted transaction awaiting confirmation",0,0,,,,,1780963038256,1780954614099
2207,0x54a94daa2afc70c14ee9f09bea214dcde20b8450f08fbb3f0496b2e71201c128,"",client_a_preview,0,"","",NEIRO/USD,69619928061112,1780954524,failed,CrashRecovery,"daemon restarted with submitted transaction awaiting confirmation",0,0,,,,,1780963038253,1780954614107
2208,0xd3048ddc75933ba81d8915458ae8be9640896bf1010ade22af08805a873e6c15,"",client_a_preview,0,"","",SHIB/USD,4780075597500,1780954493,failed,CrashRecovery,"daemon restarted with submitted transaction awaiting confirmation",0,0,,,,,1780963038250,1780954614114
2209,0x39d69e79e6f93e205045479f852010e0f2b55eae67bee9264dc483474174999b,c5152cee87c0d13ea6632231192c350bc73feffce893ccc86e6db90f7e355a93,client_a_preview,0,"","",USDC/USD,"",0,failed,CrashRecovery,"daemon restarted with submitted transaction awaiting confirmation",0,0,,,1780954634563,,1780963038246,1780954634563
2210,0xff8606e05413738cc5b6bba110c8d38c0ce92dbc1a71661d893ba4f74f4e31f5,c5152cee87c0d13ea6632231192c350bc73feffce893ccc86e6db90f7e355a93,client_a_preview,0,"","",ARB/USD,"",0,failed,CrashRecovery,"daemon restarted with submitted transaction awaiting confirmation",0,0,,,1780954634588,,1780963038243,1780954634588
2211,0xe9e75ad049099e38f239590b37f605c6730b55079c81167392b97ce269a689c2,c5152cee87c0d13ea6632231192c350bc73feffce893ccc86e6db90f7e355a93,client_a_preview,0,"","",LTC/USD,"",0,failed,CrashRecovery,"daemon restarted with submitted transaction awaiting confirmation",0,0,,,1780954634596,,1780963038240,1780954634596
2212,0xaaca509acbfc5ca612fcd5485e3f29e013f27552181728d6e6fb87f112dc54b6,c5152cee87c0d13ea6632231192c350bc73feffce893ccc86e6db90f7e355a93,client_a_preview,0,"","",ETH/USD,"",0,failed,CrashRecovery,"daemon restarted with submitted transaction awaiting confirmation",0,0,,,1780954634619,,1780963038236,1780954634619
2213,0x6996d51c789eee65fbe086cb4f9818364fa1aa126b6d9a17ebfbc8b10c42c09b,c5152cee87c0d13ea6632231192c350bc73feffce893ccc86e6db90f7e355a93,client_a_preview,0,"","",NEIRO/USD,"",0,confirmed,,,0,0,,,1780954634640,1780954707097,,1780954634640
2214,0x39d69e79e6f93e205045479f852010e0f2b55eae67bee9264dc483474174999b,"",client_a_preview,0,"","",USDC/USD,999719664150643136,1780954596,failed,CrashRecovery,"daemon restarted with submitted transaction awaiting confirmation",0,0,,,,,1780963038246,1780954707068
2215,0xff8606e05413738cc5b6bba110c8d38c0ce92dbc1a71661d893ba4f74f4e31f5,"",client_a_preview,0,"","",ARB/USD,83540750813387504,1780954566,failed,CrashRecovery,"daemon restarted with submitted transaction awaiting confirmation",0,0,,,,,1780963038243,1780954707076
2216,0xe9e75ad049099e38f239590b37f605c6730b55079c81167392b97ce269a689c2,"",client_a_preview,0,"","",LTC/USD,43578524130000011264,1780954586,failed,CrashRecovery,"daemon restarted with submitted transaction awaiting confirmation",0,0,,,,,1780963038240,1780954707082
2217,0xaaca509acbfc5ca612fcd5485e3f29e013f27552181728d6e6fb87f112dc54b6,"",client_a_preview,0,"","",ETH/USD,1707477310505098018816,1780954589,failed,CrashRecovery,"daemon restarted with submitted transaction awaiting confirmation",0,0,,,,,1780963038236,1780954707092
2218,0xf6baf14c058d7b507be89e0725364fcd09001d89dbc506123a9c584dac50ae2a,98f35df26807aa4e3ade68328ffb8092ed2433500d29a2f537a1b19113c06c8c,client_a_preview,0,"","",NEIRO/USD,"",0,failed,CrashRecovery,"daemon restarted with submitted transaction awaiting confirmation",0,0,,,1780954725805,,1780963038232,1780954725805
2219,0x2de789d45aed2e517df014b9e46b9a0d6c1aa10a782362d93857c149d1d3eb50,98f35df26807aa4e3ade68328ffb8092ed2433500d29a2f537a1b19113c06c8c,client_a_preview,0,"","",USDC/USD,"",0,confirmed,,,0,0,,,1780954725819,1780954808392,,1780954725819
2220,0xf6baf14c058d7b507be89e0725364fcd09001d89dbc506123a9c584dac50ae2a,"",client_a_preview,0,"","",NEIRO/USD,69663941487499,1780954632,failed,CrashRecovery,"daemon restarted with submitted transaction awaiting confirmation",0,0,,,,,1780963038232,1780954808384
2221,0x2a243f0350f69c817a74d9b05ce94593ab7434dd330311da541f3532d610d0e1,4bbfec83f46fbf620df78e476bf96a70d7f0650baee15281021966b4859ac3a1,client_a_preview,0,"","",USDC/USD,"",0,confirmed,,,0,0,,,1780954829451,1780954875068,,1780954829451
2222,0x19998f5f89c242da41806659db6c02ac67b08246659b6eb6786c7b5f20f970ea,4bbfec83f46fbf620df78e476bf96a70d7f0650baee15281021966b4859ac3a1,client_a_preview,0,"","",XVG/USD,"",0,failed,CrashRecovery,"daemon restarted with submitted transaction awaiting confirmation",0,0,,,1780954829459,,1780963038228,1780954829459
2223,0xffbf58b9b7081b3bae1f34fa7fca1a8c592576ace4af2b8790a95fdad32a2b3e,4bbfec83f46fbf620df78e476bf96a70d7f0650baee15281021966b4859ac3a1,client_a_preview,0,"","",USDT/USD,"",0,failed,CrashRecovery,"daemon restarted with submitted transaction awaiting confirmation",0,0,,,1780954829465,,1780963038225,1780954829465
2224,0x19998f5f89c242da41806659db6c02ac67b08246659b6eb6786c7b5f20f970ea,"",client_a_preview,0,"","",XVG/USD,2600542880000000,1780954753,failed,CrashRecovery,"daemon restarted with submitted transaction awaiting confirmation",0,0,,,,,1780963038228,1780954875088
2225,0xffbf58b9b7081b3bae1f34fa7fca1a8c592576ace4af2b8790a95fdad32a2b3e,"",client_a_preview,0,"","",USDT/USD,999665000000000000,1780954756,failed,CrashRecovery,"daemon restarted with submitted transaction awaiting confirmation",0,0,,,,,1780963038225,1780954875115
2226,0xc56117233d2f1937d3bd297ae3534f6f0cfc72c71b0242e008d916dc4e2f0b8d,"",client_a_preview,0,"","",NEIRO/USD,69782544061806,1780954850,failed,NonMonotonicNonce,"Intent for NEIRO/USD superseded on chain; not submitted.",0,0,,,,,1780954883429,1780954883429
2227,0x1ebb6fc4a072a70b9b595ed2f699d17476fe72edfd2664bb922f5e3c5ba032c1,"",client_a_preview,0,"","",XVG/USD,2600542880000000,1780954861,failed,NonMonotonicNonce,"Intent for XVG/USD superseded on chain; not submitted.",0,0,,,,,1780954883437,1780954883437
2228,0x79d084d41a5f5faf7aaefd54515d0aea3332eaf5a545716dc1440d2951f89e97,"",client_a_preview,0,"","",USDT/USD,999669987400000128,1780954864,failed,NonMonotonicNonce,"Intent for USDT/USD superseded on chain; not submitted.",0,0,,,,,1780954883444,1780954883444
2229,0xfeb1efe1f13d4959e4f419236034b2a76a61a5a3251ad46ac1c1c9880d294e3c,7db2ea2463931f46856002532cd8141a900e0bf1598f350c0b1be002334ee4f2,client_a_preview,0,"","",SHIB/USD,"",0,confirmed,,,0,0,,,1780954920111,1780954997784,,1780954920111
2230,0xe5f7a246879bd44f7a7b58b73f2e42b76475f1806362fa4d0382a12fac9b8962,2cfb48a7240878604eb4be470dccc9de50a58551805967ad7a0fb49639a1ad93,client_a_preview,0,"","",SHIB/USD,"",0,failed,CrashRecovery,"daemon restarted with submitted transaction awaiting confirmation",0,0,,,1780955022230,,1780963038222,1780955022230
2231,0xc1b6c41e22de6c2ab0dc2e5990195eccf3a092920a8bf87a4e589d95d97f09f6,2cfb48a7240878604eb4be470dccc9de50a58551805967ad7a0fb49639a1ad93,client_a_preview,0,"","",NEIRO/USD,"",0,failed,CrashRecovery,"daemon restarted with submitted transaction awaiting confirmation",0,0,,,1780955022239,,1780963038219,1780955022239
2232,0xd7fd3cd62b95c2a2631cde47147f933633f6d0645b47b618ff4cdfbb262ee4ef,2cfb48a7240878604eb4be470dccc9de50a58551805967ad7a0fb49639a1ad93,client_a_preview,0,"","",XVG/USD,"",0,failed,CrashRecovery,"daemon restarted with submitted transaction awaiting confirmation",0,0,,,1780955022246,,1780963038215,1780955022246
2233,0x3a3be57c2dd8b9861114eb009b2da0ec841410561d6ab9faccd85a2d38fece3b,2cfb48a7240878604eb4be470dccc9de50a58551805967ad7a0fb49639a1ad93,client_a_preview,0,"","",USDT/USD,"",0,failed,CrashRecovery,"daemon restarted with submitted transaction awaiting confirmation",0,0,,,1780955022254,,1780963038211,1780955022254
2234,0xaa82c4748d686218988e7c34a8b2e888d074cfe3db8b5c27f95806b20f7acc5d,2cfb48a7240878604eb4be470dccc9de50a58551805967ad7a0fb49639a1ad93,client_a_preview,0,"","",LTC/USD,"",0,confirmed,,,0,0,,,1780955022264,1780955046241,,1780955022264
2235,0xe5f7a246879bd44f7a7b58b73f2e42b76475f1806362fa4d0382a12fac9b8962,"",client_a_preview,0,"","",SHIB/USD,4785324550000,1780954925,failed,CrashRecovery,"daemon restarted with submitted transaction awaiting confirmation",0,0,,,,,1780963038222,1780955046212
2236,0xc1b6c41e22de6c2ab0dc2e5990195eccf3a092920a8bf87a4e589d95d97f09f6,"",client_a_preview,0,"","",NEIRO/USD,69782544061806,1780954955,failed,CrashRecovery,"daemon restarted with submitted transaction awaiting confirmation",0,0,,,,,1780963038219,1780955046220
2237,0xd7fd3cd62b95c2a2631cde47147f933633f6d0645b47b618ff4cdfbb262ee4ef,"",client_a_preview,0,"","",XVG/USD,2600542880000000,1780954965,failed,CrashRecovery,"daemon restarted with submitted transaction awaiting confirmation",0,0,,,,,1780963038215,1780955046229
2238,0x3a3be57c2dd8b9861114eb009b2da0ec841410561d6ab9faccd85a2d38fece3b,"",client_a_preview,0,"","",USDT/USD,999669993700000064,1780954968,failed,CrashRecovery,"daemon restarted with submitted transaction awaiting confirmation",0,0,,,,,1780963038211,1780955046237
2239,0x5e38d52107e529be6f7ff714f520a4dbba1bc4fced76ef41feae48aefef128cf,84713c840bd44a7c3af84a72a4332f307c4b4b2c68160919b110f8505f269033,client_a_preview,0,"","",DOGE/USD,"",0,failed,CrashRecovery,"daemon restarted with submitted transaction awaiting confirmation",0,0,,,1780955064058,,1780963038208,1780955064058
2240,0xcc557d6dea611d63a3bd546541c780f507b7d51921a1672f8e7bad9d154dfec1,84713c840bd44a7c3af84a72a4332f307c4b4b2c68160919b110f8505f269033,client_a_preview,0,"","",LTC/USD,"",0,failed,CrashRecovery,"daemon restarted with submitted transaction awaiting confirmation",0,0,,,1780955064068,,1780963038205,1780955064068
2241,0x2b6b7c8a5c6e6bccdb60d88ac0d91795bba524a0f081a559db2cc785588da901,84713c840bd44a7c3af84a72a4332f307c4b4b2c68160919b110f8505f269033,client_a_preview,0,"","",NEIRO/USD,"",0,confirmed,,,0,0,,,1780955064073,1780955101583,,1780955064073
2242,0x5e38d52107e529be6f7ff714f520a4dbba1bc4fced76ef41feae48aefef128cf,"",client_a_preview,0,"","",DOGE/USD,87260321400000016,1780955028,failed,CrashRecovery,"daemon restarted with submitted transaction awaiting confirmation",0,0,,,,,1780963038208,1780955101571
2243,0xcc557d6dea611d63a3bd546541c780f507b7d51921a1672f8e7bad9d154dfec1,"",client_a_preview,0,"","",LTC/USD,43623789943646257152,1780955013,failed,CrashRecovery,"daemon restarted with submitted transaction awaiting confirmation",0,0,,,,,1780963038205,1780955101579
2244,0x19d2f03a428dfaa6fb31c8f3e90bc015172279d282aa9b0690105f8b5140fece,"",client_a_preview,0,"","",XVG/USD,2600542880000000,1780955071,failed,NonMonotonicNonce,"Intent for XVG/USD superseded on chain; not submitted.",0,0,,,,,1780955109388,1780955109388
2245,0xeefdd9e4cbb61dcd9f93e9ad6514ce3573701d4402cb50d1a0c1685f926cc080,"",client_a_preview,0,"","",USDT/USD,999670000000000000,1780955074,failed,NonMonotonicNonce,"Intent for USDT/USD superseded on chain; not submitted.",0,0,,,,,1780955109396,1780955109396
2246,0xea21de25125c79e9c8e2ada8398dc7d4c3608daacd17c02bd89552eaf0d4c76b,"",client_a_preview,0,"","",NEIRO/USD,69782544061806,1780955061,failed,NonMonotonicNonce,"Intent for NEIRO/USD superseded on chain; not submitted.",0,0,,,,,1780955109404,1780955109404
2247,0xae1e5f5dc8070f7cbcdd1409548b1a50106cdfe4b0cb8ab3a700fef7bd187a64,1849e07bee7edf92e0466e0e3f6ab54a542410b4869e830ab3ad3da04dec59ee,client_a_preview,0,"","",DOGE/USD,"",0,confirmed,,,0,0,,,1780955133058,1780955209902,,1780955133058
2248,0x9541a342bb5391f3d527d4b221f5897fa27e6c3584a82fc01cf284af0d7f6d4e,c20bf5739b654a93d18fac0f8d0bbbae5d15eb61fce9f1980e3e5fff74935902,client_a_preview,0,"","",DOGE/USD,"",0,failed,CrashRecovery,"daemon restarted with submitted transaction awaiting confirmation",0,0,,,1780955230896,,1780963038201,1780955230896
2249,0xa0926ba3603dd79566282b04879dee3afa6c16c23e3b0a5b10535eed4f6918eb,c20bf5739b654a93d18fac0f8d0bbbae5d15eb61fce9f1980e3e5fff74935902,client_a_preview,0,"","",XVG/USD,"",0,failed,CrashRecovery,"daemon restarted with submitted transaction awaiting confirmation",0,0,,,1780955230916,,1780963038196,1780955230916
2250,0x5e60a4e38722d6bdfa060fd08343cde5e84d41478f58e127cfc4d03b13d402c8,c20bf5739b654a93d18fac0f8d0bbbae5d15eb61fce9f1980e3e5fff74935902,client_a_preview,0,"","",USDT/USD,"",0,failed,CrashRecovery,"daemon restarted with submitted transaction awaiting confirmation",0,0,,,1780955230922,,1780963038192,1780955230922
2251,0x74f4105a27fb903d5e53d6926bcf1f6a3b69e245f715b5e7bfc63fd0ced0ed85,c20bf5739b654a93d18fac0f8d0bbbae5d15eb61fce9f1980e3e5fff74935902,client_a_preview,0,"","",ARB/USD,"",0,confirmed,,,0,0,,,1780955230929,1780955273780,,1780955230929
2252,0x9541a342bb5391f3d527d4b221f5897fa27e6c3584a82fc01cf284af0d7f6d4e,"",client_a_preview,0,"","",DOGE/USD,87279284200000000,1780955139,failed,CrashRecovery,"daemon restarted with submitted transaction awaiting confirmation",0,0,,,,,1780963038201,1780955273761
2253,0xa0926ba3603dd79566282b04879dee3afa6c16c23e3b0a5b10535eed4f6918eb,"",client_a_preview,0,"","",XVG/USD,2601322325000000,1780955181,failed,CrashRecovery,"daemon restarted with submitted transaction awaiting confirmation",0,0,,,,,1780963038196,1780955273767
2254,0x5e60a4e38722d6bdfa060fd08343cde5e84d41478f58e127cfc4d03b13d402c8,"",client_a_preview,0,"","",USDT/USD,999670000000000000,1780955184,failed,CrashRecovery,"daemon restarted with submitted transaction awaiting confirmation",0,0,,,,,1780963038192,1780955273776
2255,0x5b663769a6bb9181b32c68efe3979d23a0199d94e8af546eedee53383498c648,b20dcebcf4135619169e71db77272ca1307c1274093d573ca94745056f3fa413,client_a_preview,0,"","",ARB/USD,"",0,failed,CrashRecovery,"daemon restarted with submitted transaction awaiting confirmation",0,0,,,1780955295939,,1780963038188,1780955295939
2256,0x4acf8557119b4c765cfd1238622444123838418c79c78e9983b82f78a6c784be,b20dcebcf4135619169e71db77272ca1307c1274093d573ca94745056f3fa413,client_a_preview,0,"","",LTC/USD,"",0,failed,CrashRecovery,"daemon restarted with submitted transaction awaiting confirmation",0,0,,,1780955295958,,1780963038185,1780955295958
2257,0xe6df6fce12b5e1fee165faada1d71037c6cad15fb18a56e9fef0bca19a38af99,b20dcebcf4135619169e71db77272ca1307c1274093d573ca94745056f3fa413,client_a_preview,0,"","",BTC/USD,"",0,failed,CrashRecovery,"daemon restarted with submitted transaction awaiting confirmation",0,0,,,1780955295979,,1780963038182,1780955295979
2258,0x0b8c242384e837b3d3d353a6de75cc3e6ecebfb8574681320c063166f045e6f4,b20dcebcf4135619169e71db77272ca1307c1274093d573ca94745056f3fa413,client_a_preview,0,"","",ETH/USD,"",0,failed,CrashRecovery,"daemon restarted with submitted transaction awaiting confirmation",0,0,,,1780955295994,,1780963038178,1780955295994
2259,0x9d7b81d78e27b692fd66d5f314724856f11b9acf5f73d4409fdd06613ddd3e50,b20dcebcf4135619169e71db77272ca1307c1274093d573ca94745056f3fa413,client_a_preview,0,"","",XVG/USD,"",0,confirmed,,,0,0,,,1780955296001,1780955334209,,1780955296001
2260,0xd50b17932d57f68792804171badaef83f2a4e18e4245d42be866b1e1b83d87cb,b20dcebcf4135619169e71db77272ca1307c1274093d573ca94745056f3fa413,client_a_preview,0,"","",USDT/USD,"",0,confirmed,,,0,0,,,1780955296008,1780955334218,,1780955296008
2261,0x5b663769a6bb9181b32c68efe3979d23a0199d94e8af546eedee53383498c648,"",client_a_preview,0,"","",ARB/USD,83645713600000000,1780955211,failed,CrashRecovery,"daemon restarted with submitted transaction awaiting confirmation",0,0,,,,,1780963038188,1780955334165
2262,0x4acf8557119b4c765cfd1238622444123838418c79c78e9983b82f78a6c784be,"",client_a_preview,0,"","",LTC/USD,43664425377790648320,1780955230,failed,CrashRecovery,"daemon restarted with submitted transaction awaiting confirmation",0,0,,,,,1780963038185,1780955334174
2263,0xe6df6fce12b5e1fee165faada1d71037c6cad15fb18a56e9fef0bca19a38af99,"",client_a_preview,0,"","",BTC/USD,63688559870575005138944,1780955231,failed,CrashRecovery,"daemon restarted with submitted transaction awaiting confirmation",0,0,,,,,1780963038182,1780955334182
2264,0x0b8c242384e837b3d3d353a6de75cc3e6ecebfb8574681320c063166f045e6f4,"",client_a_preview,0,"","",ETH/USD,1708864260264680751104,1780955232,failed,CrashRecovery,"daemon restarted with submitted transaction awaiting confirmation",0,0,,,,,1780963038178,1780955334205
2265,0xfc576695ca67fb081a797ec085a34fac618e2137fa9dc2fe0c8db71003901698,fc4685e30bb2bf93488eea891e161e5ebb07689bec15e4c81a615fc73c831d79,client_a_preview,0,"","",XVG/USD,"",0,failed,CrashRecovery,"daemon restarted with submitted transaction awaiting confirmation",0,0,,,1780955355068,,1780963038175,1780955355068
2266,0x14aa0e52fd5c57d59e82d03480a783e6cee8c8304958d31ff48e787b2115ebc7,fc4685e30bb2bf93488eea891e161e5ebb07689bec15e4c81a615fc73c831d79,client_a_preview,0,"","",USDT/USD,"",0,failed,CrashRecovery,"daemon restarted with submitted transaction awaiting confirmation",0,0,,,1780955355073,,1780963038172,1780955355073
2267,0x8a186ac6e5dd7b87d36a14cac397449fd9bd1d150691af90b8060e28302cb5ca,fc4685e30bb2bf93488eea891e161e5ebb07689bec15e4c81a615fc73c831d79,client_a_preview,0,"","",LTC/USD,"",0,confirmed,,,0,0,,,1780955355078,1780955412459,,1780955355078
2268,0x48483978edcb394b5c75011a9c5988ebadd9821b0dd52df034807860f60d4ef9,fc4685e30bb2bf93488eea891e161e5ebb07689bec15e4c81a615fc73c831d79,client_a_preview,0,"","",BTC/USD,"",0,confirmed,,,0,0,,,1780955355096,1780955412469,,1780955355096
2269,0x345340819b5c46bc3112d8e7a1e27a600de3f29ff8cb8756a0d13febd94cc0d1,fc4685e30bb2bf93488eea891e161e5ebb07689bec15e4c81a615fc73c831d79,client_a_preview,0,"","",ETH/USD,"",0,confirmed,,,0,0,,,1780955355107,1780955412478,,1780955355107
2270,0xfc576695ca67fb081a797ec085a34fac618e2137fa9dc2fe0c8db71003901698,"",client_a_preview,0,"","",XVG/USD,2601594380000000,1780955287,failed,CrashRecovery,"daemon restarted with submitted transaction awaiting confirmation",0,0,,,,,1780963038175,1780955412442
2271,0x14aa0e52fd5c57d59e82d03480a783e6cee8c8304958d31ff48e787b2115ebc7,"",client_a_preview,0,"","",USDT/USD,999672500000000064,1780955291,failed,CrashRecovery,"daemon restarted with submitted transaction awaiting confirmation",0,0,,,,,1780963038172,1780955412453
2272,0xa0eb30740649ba15793a4ca3aa0cd5f37acc9183f04ec8d7c2626fe971994d92,"",client_a_preview,0,"","",LTC/USD,43674476424672006144,1780955335,failed,NonMonotonicNonce,"Intent for LTC/USD superseded on chain; not submitted.",0,0,,,,,1780955420604,1780955420604
2273,0x8b9b46aef48f8bc7fa890e42a14c7eab824e04eee38e3eef80f7b97e1fa5f39c,"",client_a_preview,0,"","",BTC/USD,63695015854945503019008,1780955336,failed,NonMonotonicNonce,"Intent for BTC/USD superseded on chain; not submitted.",0,0,,,,,1780955420622,1780955420622
2274,0x91307a294164e596e034d1acc27144d5da42822c60ba923bb28c944fb2434b93,"",client_a_preview,0,"","",ETH/USD,1708890211752431058944,1780955337,failed,NonMonotonicNonce,"Intent for ETH/USD superseded on chain; not submitted.",0,0,,,,,1780955420628,1780955420628
2275,0xe1492ab55a43a83a4404d6de5dcfc49ea635157021e78504b00277363e32e02e,00109237d74728ff037cf294d509e9b22a31317511e776e8ef511c64b2b17e4c,client_a_preview,0,"","",USDC/USD,"",0,confirmed,,,0,0,,,1780955559615,1780955620089,,1780955559615
2276,0x4d75c133df74696cb3ee03010fab8164842d8d5a75bdfe5dc46f17fc415b0309,"",client_a_preview,0,"","",SHIB/USD,4789748284216,1780955570,failed,NonMonotonicNonce,"Intent for SHIB/USD superseded on chain; not submitted.",0,0,,,,,1780955627037,1780955627037
2277,0x6cb9c0eef470deadb27dd559afd52236f44eb150baa6fe06d09fbc4ca40d2149,"",client_a_preview,0,"","",USDC/USD,999724978500300096,1780955564,failed,NonMonotonicNonce,"Intent for USDC/USD superseded on chain; not submitted.",0,0,,,,,1780955627047,1780955627047
2278,0x4d4521a44dc030770363ea49a57a55dacad411a27f64e7b3da6fb431c35aec6e,03bafaaa653d4586f09d929648277cb5acc84072be87f477f5369ee9b96f8b59,client_a_preview,0,"","",SHIB/USD,"",0,confirmed,,,0,0,,,1780955675000,1780955723124,,1780955675000
2279,0x2c8f083286e2af08af75a109481f515613fd2eb8665a31661f640a97cfe1c40b,"",client_a_preview,0,"","",SHIB/USD,4789748284216,1780955676,failed,NonMonotonicNonce,"Intent for SHIB/USD superseded on chain; not submitted.",0,0,,,,,1780955729874,1780955729874
2280,0x6cb805794abda6c14805b94cbb7d5c31a6831e9f335896a903b9948abe1ea85d,"",client_a_preview,0,"","",NEIRO/USD,69782544061806,1780955702,failed,NonMonotonicNonce,"Intent for NEIRO/USD superseded on chain; not submitted.",0,0,,,,,1780955729881,1780955729881
2281,0x60e786c34d67c415242bd74625a4c4501502c49b80cd538087d73f47c554ee4e,df2eb8c7555252bbdce3d57fecc14969b49a0821477d2011cbb93a43f3054f09,client_a_preview,0,"","",NEIRO/USD,"",0,confirmed,,,0,0,,,1780955812804,1780955844687,,1780955812804
2282,0x47c4ecb5e6b562bbd31d1e74caf6e1ddd9f4030c664e0123bb3fae6d0cd9296b,"",client_a_preview,0,"","",NEIRO/USD,69782544061806,1780955813,failed,NonMonotonicNonce,"Oracle intent nonce must be greater than the current nonce.",0,0,,,,,1780955852806,1780955852806
2283,0x51edfc6e331afb30f14b6b192ad7336650161295c50703c44bfc2899c7d76914,9289de4a91840ae86000071b320235beb04aa0f3ae6250f6055a209342eb9c73,client_a_preview,0,"","",DOGE/USD,"",0,confirmed,,,0,0,,,1780955890008,1780955922805,,1780955890008
2284,0x76734deb6396b65c8c588af658f49429a965b8ca33be921a4545d65b8f915263,"",client_a_preview,0,"","",DOGE/USD,87305603326262504,1780955892,failed,NonMonotonicNonce,"Oracle intent nonce must be greater than the current nonce.",0,0,,,,,1780955930807,1780955930807
2285,0xe56f9ce74b42316a8457c785693e393c8f594f621d0473fd1cf5964e002622a9,17a774f7ead063dc1479410ea25989046d874a78e0bfa7f3f6c8d00cf6722008,client_a_preview,0,"","",USDT/USD,"",0,failed,CrashRecovery,"daemon restarted with submitted transaction awaiting confirmation",0,0,,,1780955955385,,1780963038169,1780955955385
2286,0x484d13a531a495097cf210c13bb7b0e8a6c893a2e4495f8c3ce39e9a1d388b23,17a774f7ead063dc1479410ea25989046d874a78e0bfa7f3f6c8d00cf6722008,client_a_preview,0,"","",ARB/USD,"",0,confirmed,,,0,0,,,1780955955393,1780955977846,,1780955955393
2287,0xe56f9ce74b42316a8457c785693e393c8f594f621d0473fd1cf5964e002622a9,"",client_a_preview,0,"","",USDT/USD,999690000000000000,1780955933,failed,CrashRecovery,"daemon restarted with submitted transaction awaiting confirmation",0,0,,,,,1780963038169,1780955977842
2288,0xa98b620a0909b4d26b82801b867e3b6e0177e66fd27cb01b6d0dacfec998162e,"",client_a_preview,0,"","",ARB/USD,83671594045183128,1780955961,failed,NonMonotonicNonce,"Oracle intent nonce must be greater than the current nonce.",0,0,,,,,1780955985478,1780955985478
2289,0x2ae184e4e54a2414a0af435c59bdbbfe1e190e3b96d995a2c42ae35ad5bac060,00f28560573392f32b3673e34698e9a9da18f801cfbce701079eb7488f29de9e,client_a_preview,0,"","",XVG/USD,"",0,confirmed,,,0,0,,,1780956033482,1780956082573,,1780956033482
2290,0x34b7830046692b860bc4de36845100a20130cf437e3ed64bde4d227bbb56bb17,db54f68f67e39e458c293f5f666bd675334bf4411962bbab426f70983c075050,client_a_preview,0,"","",USDT/USD,"",0,failed,CrashRecovery,"daemon restarted with submitted transaction awaiting confirmation",0,0,,,1780956103770,,1780963038165,1780956103770
2291,0x9b24423284e3e571687cbe225825bbbf921f32c21773713a42a898adfc7208cb,db54f68f67e39e458c293f5f666bd675334bf4411962bbab426f70983c075050,client_a_preview,0,"","",XVG/USD,"",0,failed,CrashRecovery,"daemon restarted with submitted transaction awaiting confirmation",0,0,,,1780956103777,,1780963038160,1780956103777
2292,0xb6b99766f3383483c4f7a39f42f7888baa489431ea4fe537eafa9bfc4ea83dd9,db54f68f67e39e458c293f5f666bd675334bf4411962bbab426f70983c075050,client_a_preview,0,"","",LTC/USD,"",0,confirmed,,,0,0,,,1780956103783,1780956126227,,1780956103783
2293,0xb53b56f85b8895d880f7e5fd0f5820d1b0e92ef660afa4f8318b89d83b787a4b,db54f68f67e39e458c293f5f666bd675334bf4411962bbab426f70983c075050,client_a_preview,0,"","",BTC/USD,"",0,confirmed,,,0,0,,,1780956103786,1780956126236,,1780956103786
2294,0x024c8ed60cb20e2f22f14105a895a1655f1ede640aa72e13984cd1d0844aaf21,db54f68f67e39e458c293f5f666bd675334bf4411962bbab426f70983c075050,client_a_preview,0,"","",ETH/USD,"",0,confirmed,,,0,0,,,1780956103793,1780956126241,,1780956103793
2295,0x34b7830046692b860bc4de36845100a20130cf437e3ed64bde4d227bbb56bb17,"",client_a_preview,0,"","",USDT/USD,999691165272350592,1780956042,failed,CrashRecovery,"daemon restarted with submitted transaction awaiting confirmation",0,0,,,,,1780963038165,1780956126213
2296,0x9b24423284e3e571687cbe225825bbbf921f32c21773713a42a898adfc7208cb,"",client_a_preview,0,"","",XVG/USD,2602328380000000,1780956038,failed,CrashRecovery,"daemon restarted with submitted transaction awaiting confirmation",0,0,,,,,1780963038160,1780956126223
2297,0x3fe148a0402ab56551d1edbf1313ebb0c7fc93f06d1591f5e2b795ac05cfb614,b0d7b9b19bc71b92638df5f6b55afd2ae27b794f37c89792f9386f7727033354,client_a_preview,0,"","",LTC/USD,"",0,failed,CrashRecovery,"daemon restarted with submitted transaction awaiting confirmation",0,0,,,1780956147538,,1780963038157,1780956147538
2298,0xecb9494657b8d3d737dc79c5754f9a3c4f5063a5417c9ddc1655ce0a1fab0a64,b0d7b9b19bc71b92638df5f6b55afd2ae27b794f37c89792f9386f7727033354,client_a_preview,0,"","",BTC/USD,"",0,failed,CrashRecovery,"daemon restarted with submitted transaction awaiting confirmation",0,0,,,1780956147550,,1780963038153,1780956147550
2299,0x7a120177a83faba7984e0d9e22b1edece9f526b3f00987ba478a6f1e14342480,b0d7b9b19bc71b92638df5f6b55afd2ae27b794f37c89792f9386f7727033354,client_a_preview,0,"","",ETH/USD,"",0,failed,CrashRecovery,"daemon restarted with submitted transaction awaiting confirmation",0,0,,,1780956147557,,1780963038150,1780956147557
2300,0xc0bb462fd76b897d4f000e0b56c566e6e1f3092f49d2d0e614e33695394b28ff,b0d7b9b19bc71b92638df5f6b55afd2ae27b794f37c89792f9386f7727033354,client_a_preview,0,"","",USDT/USD,"",0,confirmed,,,0,0,,,1780956147564,1780956178242,,1780956147564
2301,0x3fe148a0402ab56551d1edbf1313ebb0c7fc93f06d1591f5e2b795ac05cfb614,"",client_a_preview,0,"","",LTC/USD,43685688250000015360,1780956088,failed,CrashRecovery,"daemon restarted with submitted transaction awaiting confirmation",0,0,,,,,1780963038157,1780956178215
2302,0xecb9494657b8d3d737dc79c5754f9a3c4f5063a5417c9ddc1655ce0a1fab0a64,"",client_a_preview,0,"","",BTC/USD,63718282168056651186176,1780956090,failed,CrashRecovery,"daemon restarted with submitted transaction awaiting confirmation",0,0,,,,,1780963038153,1780956178227
2303,0x7a120177a83faba7984e0d9e22b1edece9f526b3f00987ba478a6f1e14342480,"",client_a_preview,0,"","",ETH/USD,1708766697456500342784,1780956091,failed,CrashRecovery,"daemon restarted with submitted transaction awaiting confirmation",0,0,,,,,1780963038150,1780956178238
2304,0x01080db346cf28e5b5bc4c191e2b31ace7fe72127a3c06805412f9ef48ca6efc,"",client_a_preview,0,"","",USDT/USD,999699993700000064,1780956149,failed,NonMonotonicNonce,"Oracle intent nonce must be greater than the current nonce.",0,0,,,,,1780956186571,1780956186571
2305,0x3ad3e1c6ef6f67874f847228aa6ddcd9626ff90b398ccc4dafd6cdd931c570a9,eb7c78891882e2ca99388a4f358baf11ceff6eea3ee0dc9fb292a7ab20219f43,client_a_preview,0,"","",USDC/USD,"",0,confirmed,,,0,0,,,1780956309303,1780956364071,,1780956309303
2306,0x06f52f1be07576f22876b1b6a123c34a82a93490547c0a48d0fcf1317d70d940,"",client_a_preview,0,"","",USDC/USD,999732472681568832,1780956312,failed,NonMonotonicNonce,"Intent for USDC/USD superseded on chain; not submitted.",0,0,,,,,1780956370970,1780956370970
2307,0xf545f4ea363f49a2ee99d1494189a08947597b4513276aa27de67d510622b9ca,"",client_a_preview,0,"","",NEIRO/USD,69686124200000,1780956347,failed,NonMonotonicNonce,"Intent for NEIRO/USD superseded on chain; not submitted.",0,0,,,,,1780956370980,1780956370980
2308,0xea18b210ea03ad255e866afd8fa373291a70270bc20b4fad970e35c4193d60ea,ac5e3c185f7e01dd29ef1010dbad6430c87c22ac2193767d36f92631a9649b0b,client_a_preview,0,"","",SHIB/USD,"",0,confirmed,,,0,0,,,1780956420412,1780956471818,,1780956420412
2309,0xec1627c5ee141b6b71e80ad83149b1161b21c2d719f6d99247d104e824680621,"",client_a_preview,0,"","",SHIB/USD,4787871570000,1780956422,failed,NonMonotonicNonce,"Intent for SHIB/USD superseded on chain; not submitted.",0,0,,,,,1780956478879,1780956478879
2310,0xef95230c8e9c711a62290367393931bf39408aad51551b2f53c8bb2c4bcc0bf7,"",client_a_preview,0,"","",NEIRO/USD,69663941487499,1780956454,failed,NonMonotonicNonce,"Intent for NEIRO/USD superseded on chain; not submitted.",0,0,,,,,1780956478887,1780956478887
2311,0xe015727b2be53a327db6678a204e3a97ef1957dc309284cc39897e732875e298,"",client_a_preview,0,"","",DOGE/USD,87280000000000000,1780956526,failed,NonMonotonicNonce,"Oracle intent nonce must be greater than the current nonce.",0,0,,,,,1780956538429,1780956538429
2312,0x901aba6e0c74cb20a157725ea8f775c430c21b1404135e729eb275b8ce3e1a79,3930589c616df5a23a6e4c9060c58bea74dcb496b9e751d11b1d106fe6a1bd21,client_a_preview,0,"","",NEIRO/USD,"",0,confirmed,,,0,0,,,1780956555312,1780956613202,,1780956555312
2313,0x359bf2e13c91fa27cb7306d7f9c9b45de2debc7bacd516fe5ef00497ecc8387d,"",client_a_preview,0,"","",NEIRO/USD,69622017150000,1780956560,failed,NonMonotonicNonce,"Intent for NEIRO/USD superseded on chain; not submitted.",0,0,,,,,1780956620024,1780956620024
2314,0x3194fb520ef02f8a21d01dccfb4a07514babe10fec4b67388ae114849ef1d2ec,"",client_a_preview,0,"","",ARB/USD,83625930238687504,1780956604,failed,NonMonotonicNonce,"Intent for ARB/USD superseded on chain; not submitted.",0,0,,,,,1780956620031,1780956620031
2315,0x43a2fbec4628940f75b889b286908bf52968c13b40a60d3812d26c330394d248,75c746007a4d13a8265c1dd2c2de76334a1de207e68ffc2d7a279828081a9c96,client_a_preview,0,"","",DOGE/USD,"",0,confirmed,,,0,0,,,1780956636885,1780956672193,,1780956636885
2316,0x3db7b5dcb9fea55c3cbf2c5a31564e39a9deedb4167b18a1aad678a5cff0ac11,"",client_a_preview,0,"","",DOGE/USD,87280000000000000,1780956636,failed,NonMonotonicNonce,"Oracle intent nonce must be greater than the current nonce.",0,0,,,,,1780956680271,1780956680271
2317,0xf74ddf95a22e34817a6bbdf438f09cb197cb3a1327a3ce0af91f14e277b0f9dc,"",client_a_preview,0,"","",XVG/USD,2600057147253750,1780956679,failed,NonMonotonicNonce,"Oracle intent nonce must be greater than the current nonce.",0,0,,,,,1780956692342,1780956692342
2318,0x140615cd57b9d110809ac31afa0a3a6c7d787dae69ab068e683ff9711e9cf9d9,72614b07ec771b6dbc036447e98ea70bc857b81ab6e772a3127e57ff46219cf8,client_a_preview,0,"","",ARB/USD,"",0,confirmed,,,0,0,,,1780956711067,1780956747055,,1780956711067
2319,0x2d03a26839fed694caace07cefb7f2f44bd00550c3dc2392f7b289cf0cd3e53e,"",client_a_preview,0,"","",ARB/USD,83610152438687504,1780956706,failed,NonMonotonicNonce,"Intent for ARB/USD superseded on chain; not submitted.",0,0,,,,,1780956756545,1780956756545
2320,0x519528e6486464f8a885df6e100294770527a006976305c2a5f262533efac4cd,"",client_a_preview,0,"","",LTC/USD,43685415125000011776,1780956728,failed,NonMonotonicNonce,"Intent for LTC/USD superseded on chain; not submitted.",0,0,,,,,1780956756552,1780956756552
2321,0xb59861cb12094eeaf17594c11055114ad663eba4ce7b4369c0bd480d4699372e,"",client_a_preview,0,"","",BTC/USD,63714340127647771656192,1780956730,failed,NonMonotonicNonce,"Intent for BTC/USD superseded on chain; not submitted.",0,0,,,,,1780956756559,1780956756559
2322,0xe17c60f7eb3d20b42a9c1504478ed651f2c0ebc2a9f69becd688b8332aef70b1,"",client_a_preview,0,"","",ETH/USD,1707979499196430548992,1780956731,failed,NonMonotonicNonce,"Intent for ETH/USD superseded on chain; not submitted.",0,0,,,,,1780956756563,1780956756563
2323,0x91e8f5dd6bc19cea03d78e5c76ce41d859004ed849dca1d022605f3a6ee230d9,7fd94e8c75c0fcbd71eadbba3d243064027069ff033dbc9487a4166019871c0a,client_a_preview,0,"","",XVG/USD,"",0,confirmed,,,0,0,,,1780956786786,1780956821669,,1780956786786
2324,0xef7700dd04c0d12a0f3a214e16490437b2de1b84bc2daadd4f600a2be4e7ba1c,5b940431569d269f1408446eae1c6527e4ff4d98cc2180f612f4fa64b2d3d770,client_a_preview,0,"","",XVG/USD,"",0,failed,CrashRecovery,"daemon restarted with submitted transaction awaiting confirmation",0,0,,,1780956842872,,1780963038145,1780956842872
2325,0xd61f0f05e5037b5764646627b2dee3f1d8d3371aa80a72b5f6fadecc93e87484,5b940431569d269f1408446eae1c6527e4ff4d98cc2180f612f4fa64b2d3d770,client_a_preview,0,"","",USDT/USD,"",0,failed,CrashRecovery,"daemon restarted with submitted transaction awaiting confirmation",0,0,,,1780956842882,,1780963038142,1780956842882
2326,0x4d23069061f5570326afcd1054118b7c9d204cfbea481e8e76b6f4bcf083c338,5b940431569d269f1408446eae1c6527e4ff4d98cc2180f612f4fa64b2d3d770,client_a_preview,0,"","",LTC/USD,"",0,confirmed,,,0,0,,,1780956842888,1780956963634,,1780956842888
2327,0xc71994b8390bbb1508183a35bd739a64b986f6af26af4ee019220ad509f40070,5b940431569d269f1408446eae1c6527e4ff4d98cc2180f612f4fa64b2d3d770,client_a_preview,0,"","",BTC/USD,"",0,confirmed,,,0,0,,,1780956842896,1780956963643,,1780956842896
2328,0x5f5d600cb822533a84e0854c3e46802fa626035bb40498866f55cd8e18d252a6,5b940431569d269f1408446eae1c6527e4ff4d98cc2180f612f4fa64b2d3d770,client_a_preview,0,"","",ETH/USD,"",0,confirmed,,,0,0,,,1780956842901,1780956963652,,1780956842901
2329,0xef7700dd04c0d12a0f3a214e16490437b2de1b84bc2daadd4f600a2be4e7ba1c,"",client_a_preview,0,"","",XVG/USD,2599625449797897,1780956787,failed,CrashRecovery,"daemon restarted with submitted transaction awaiting confirmation",0,0,,,,,1780963038145,1780956963619
2330,0xd61f0f05e5037b5764646627b2dee3f1d8d3371aa80a72b5f6fadecc93e87484,"",client_a_preview,0,"","",USDT/USD,999710000000000000,1780956790,failed,CrashRecovery,"daemon restarted with submitted transaction awaiting confirmation",0,0,,,,,1780963038142,1780956963630
2331,0xc33365d314ad7ced1459290cd8bce4a43086baff6b370170ec412c723bcee25b,"",client_a_preview,0,"","",BTC/USD,63714340127647771656192,1780956947,failed,NonMonotonicNonce,"Intent for BTC/USD superseded on chain; not submitted.",0,0,,,,,1780956973507,1780956973507
2332,0x64264f1b99e2010114c4c5238a883945497bca1742f4f3f4136d240b8763db02,"",client_a_preview,0,"","",ETH/USD,1707404963125000142848,1780956948,failed,NonMonotonicNonce,"Intent for ETH/USD superseded on chain; not submitted.",0,0,,,,,1780956973516,1780956973516
2333,0x93845c751f9cf89b5e15f1439712f7c69d87668e91c1180af8aff5a739bc5f67,"",client_a_preview,0,"","",LTC/USD,43685142000000008192,1780956946,failed,NonMonotonicNonce,"Intent for LTC/USD superseded on chain; not submitted.",0,0,,,,,1780956973523,1780956973523
2334,0xd888d35a218be4425cd6d392e10ca86a8fcc88e8661853bb751f857caed3ff7c,"",client_a_preview,0,"","",NEIRO/USD,69527134986772,1780956883,failed,NonMonotonicNonce,"Intent for NEIRO/USD superseded on chain; not submitted.",0,0,,,,,1780956973532,1780956973532
2335,0xc1c7c181954b4a53e9643922942d70bdbaba85cada40c3150cc06b8e3974d2e2,"",client_a_preview,0,"","",USDT/USD,999710000000000000,1780956897,failed,NonMonotonicNonce,"Intent for USDT/USD superseded on chain; not submitted.",0,0,,,,,1780956973543,1780956973543
2336,0xf22cf82f32dea2a7bd6b325dd1f6f781347b8c7d555f5a4991f3f2d4802a9b5a,67a4e8548e6dea07f34a57bc9ed9c30be35785ad01e5fea6f7ccade19b951b3c,client_a_preview,0,"","",NEIRO/USD,"",0,confirmed,,,0,0,,,1780956998430,1780957021133,,1780956998430
2337,0xf182700cf4506b682f364aa7a6ded4351cfbb231fb78ff0fa16597b8025bbbd9,"",client_a_preview,0,"","",USDT/USD,999710000000000000,1780957012,failed,NonMonotonicNonce,"Intent for USDT/USD superseded on chain; not submitted.",0,0,,,,,1780957027922,1780957027922
2338,0x0ce3a5616b3459f021ba8645e99be43ba44370d0645368aa915bb6535e3374e8,"",client_a_preview,0,"","",NEIRO/USD,69447508643760,1780956997,failed,NonMonotonicNonce,"Intent for NEIRO/USD superseded on chain; not submitted.",0,0,,,,,1780957027930,1780957027930
2339,0xba8b69ae41be734ee65655d2a640a2d1b50084b644132eb1ebe9c8cf750a7f33,9f4662768aa1555e267024b7bbbcf1154cea7b74d899943cf418373ed06396ea,client_a_preview,0,"","",USDC/USD,"",0,confirmed,,,0,0,,,1780957069486,1780957105120,,1780957069486
2340,0x7a91ee5c638d4148acc90b42dd6bcbb15f5e2231c3e2b68d46a82841e0f7b914,b06313090de938d835cf60fa45df11da4cbb312e75a9aec3e6f13709a894f245,client_a_preview,0,"","",USDC/USD,"",0,failed,CrashRecovery,"daemon restarted with submitted transaction awaiting confirmation",0,0,,,1780957123445,,1780963038139,1780957123445
2341,0x9c762663c595adf858b034f58c8c2cea3582b958224637c6f6cc7a0a9d343769,b06313090de938d835cf60fa45df11da4cbb312e75a9aec3e6f13709a894f245,client_a_preview,0,"","",SHIB/USD,"",0,failed,CrashRecovery,"daemon restarted with submitted transaction awaiting confirmation",0,0,,,1780957123456,,1780963038135,1780957123456
2342,0xb191bfb8a18ad939cea7d048823155f6a67f88a0d9fb281b10ab74c824b8e71b,b06313090de938d835cf60fa45df11da4cbb312e75a9aec3e6f13709a894f245,client_a_preview,0,"","",USDT/USD,"",0,confirmed,,,0,0,,,1780957123461,1780957215001,,1780957123461
2343,0x7a91ee5c638d4148acc90b42dd6bcbb15f5e2231c3e2b68d46a82841e0f7b914,"",client_a_preview,0,"","",USDC/USD,999739964299118208,1780957067,failed,CrashRecovery,"daemon restarted with submitted transaction awaiting confirmation",0,0,,,,,1780963038139,1780957214990
2344,0x9c762663c595adf858b034f58c8c2cea3582b958224637c6f6cc7a0a9d343769,"",client_a_preview,0,"","",SHIB/USD,4784917443464,1780957073,failed,CrashRecovery,"daemon restarted with submitted transaction awaiting confirmation",0,0,,,,,1780963038135,1780957214997
2345,0xaf1d1815b63d36589dec7a0a6da22bee001b94728b668e4b3e6598817fa61ecf,7f2f23b36accb29db6c3bbf48f18312864eccf476304f648203690f93735317f,client_a_preview,0,"","",USDT/USD,"",0,confirmed,,,0,0,,,1780957234762,1780957265906,,1780957234762
2346,0xaaf13a4c5d53e0e100d28160ea82ad1c398a9c7f1a41187b03a04ce3f59b7461,7f2f23b36accb29db6c3bbf48f18312864eccf476304f648203690f93735317f,client_a_preview,0,"","",SHIB/USD,"",0,failed,CrashRecovery,"daemon restarted with submitted transaction awaiting confirmation",0,0,,,1780957234773,,1780963038132,1780957234773
2347,0xe0384f3d02233426a951d0b93129dfb3a7c6a6c223c51e3e3164f9c7fd198146,7f2f23b36accb29db6c3bbf48f18312864eccf476304f648203690f93735317f,client_a_preview,0,"","",XVG/USD,"",0,confirmed,,,0,0,,,1780957234779,1780957265924,,1780957234779
2348,0x3ab6ca4ca45b1f67d2302f60dbb797ab0d982146e8842f152fc2b13fe2c57cb1,7f2f23b36accb29db6c3bbf48f18312864eccf476304f648203690f93735317f,client_a_preview,0,"","",NEIRO/USD,"",0,failed,CrashRecovery,"daemon restarted with submitted transaction awaiting confirmation",0,0,,,1780957234783,,1780963038129,1780957234783
2349,0xaaf13a4c5d53e0e100d28160ea82ad1c398a9c7f1a41187b03a04ce3f59b7461,"",client_a_preview,0,"","",SHIB/USD,4783492725000,1780957178,failed,CrashRecovery,"daemon restarted with submitted transaction awaiting confirmation",0,0,,,,,1780963038132,1780957265921
2350,0x3ab6ca4ca45b1f67d2302f60dbb797ab0d982146e8842f152fc2b13fe2c57cb1,"",client_a_preview,0,"","",NEIRO/USD,69357278050000,1780957208,failed,CrashRecovery,"daemon restarted with submitted transaction awaiting confirmation",0,0,,,,,1780963038129,1780957265940
2351,0x72ce6f72e7754d9b33118347558eaa4cb51d862c3a279b54ee7f98f81d692b0d,e8e673e4b1dc63cdae1cd58bcefd8830b3d6cca6d06244c3e81c15d2c99822ad,client_a_preview,0,"","",XVG/USD,"",0,failed,CrashRecovery,"daemon restarted with submitted transaction awaiting confirmation",0,0,,,1780957287084,,1780963038125,1780957287084
2352,0xf43b3ae825a6666f4d017d865b73d3000c167e39532ad7145883e607f472a266,e8e673e4b1dc63cdae1cd58bcefd8830b3d6cca6d06244c3e81c15d2c99822ad,client_a_preview,0,"","",ARB/USD,"",0,failed,CrashRecovery,"daemon restarted with submitted transaction awaiting confirmation",0,0,,,1780957287095,,1780963038122,1780957287095
2353,0xbef00f08d24059ccf7f6f76cac6e881ba7c68b8a2e97c4b9eca1c24323712bed,e8e673e4b1dc63cdae1cd58bcefd8830b3d6cca6d06244c3e81c15d2c99822ad,client_a_preview,0,"","",LTC/USD,"",0,confirmed,,,0,0,,,1780957287102,1780957317140,,1780957287102
2354,0xcc77f71ef6effcb87b3a30ee367f33782084338f651e697a5079640bffd0b3df,e8e673e4b1dc63cdae1cd58bcefd8830b3d6cca6d06244c3e81c15d2c99822ad,client_a_preview,0,"","",ETH/USD,"",0,confirmed,,,0,0,,,1780957287108,1780957317153,,1780957287108
2355,0x72ce6f72e7754d9b33118347558eaa4cb51d862c3a279b54ee7f98f81d692b0d,"",client_a_preview,0,"","",XVG/USD,2597013144069647,1780957220,failed,CrashRecovery,"daemon restarted with submitted transaction awaiting confirmation",0,0,,,,,1780963038125,1780957317128
2356,0xf43b3ae825a6666f4d017d865b73d3000c167e39532ad7145883e607f472a266,"",client_a_preview,0,"","",ARB/USD,83463283200000008,1780957251,failed,CrashRecovery,"daemon restarted with submitted transaction awaiting confirmation",0,0,,,,,1780963038122,1780957317137
2357,0x7d16916fef1aff0cf3a1cc4a2ee2c6f493f3140a6c4589e249987ec6cde4e48f,"",client_a_preview,0,"","",SHIB/USD,4781034378117,1780957288,failed,NonMonotonicNonce,"Intent for SHIB/USD superseded on chain; not submitted.",0,0,,,,,1780957327589,1780957327589
2358,0xaff91192252ac24199a021be0ea50dee8d5200fa0db2340982a8724fb28bd395,"",client_a_preview,0,"","",LTC/USD,43628670657098584064,1780957271,failed,NonMonotonicNonce,"Intent for LTC/USD superseded on chain; not submitted.",0,0,,,,,1780957327597,1780957327597
2359,0xeee28d38188a59b1c448db67ce4480d1f6db7871bcb0c14170f0803d29ad2a86,"",client_a_preview,0,"","",ETH/USD,1706072308919160799232,1780957273,failed,NonMonotonicNonce,"Intent for ETH/USD superseded on chain; not submitted.",0,0,,,,,1780957327604,1780957327604
2360,0x35c7d2ade1db2fb39d053e658d5978496b7b9d8438f7395cda0653192b279ddd,"",client_a_preview,0,"","",DOGE/USD,87201214100000016,1780957286,failed,NonMonotonicNonce,"Intent for DOGE/USD superseded on chain; not submitted.",0,0,,,,,1780957327610,1780957327610
2361,0xbbaaaf2e4d45073be37e2dfdebbd38be0f126ba64975a60af7f2e5c9874e8a00,"",client_a_preview,0,"","",NEIRO/USD,69183200550000,1780957313,failed,NonMonotonicNonce,"Intent for NEIRO/USD superseded on chain; not submitted.",0,0,,,,,1780957327617,1780957327617
2362,0xd612fb7fd41b49d228fd50c72388d07dcdaf0e098abb96b582f144f89a2e0526,5901b9077882638bae338ca368da77f0d2d61d2473d4ef748fe2211f4611caf2,client_a_preview,0,"","",ARB/USD,"",0,confirmed,,,0,0,,,1780957357044,1780957391623,,1780957357044
2363,0xb248fbd017f5b8cff6004319437c3a00eed13a47bd7197136860a232e8c4bc0f,c4f64992718be25cfb90d950877ea8ac4ae2d779eca512f613df8d4981c12978,client_a_preview,0,"","",ARB/USD,"",0,failed,CrashRecovery,"daemon restarted with submitted transaction awaiting confirmation",0,0,,,1780957410667,,1780963038119,1780957410667
2364,0xce41be0ecc790a35bddd8a767b102ba2a332b44764a859b7781695d5316239b0,c4f64992718be25cfb90d950877ea8ac4ae2d779eca512f613df8d4981c12978,client_a_preview,0,"","",DOGE/USD,"",0,failed,CrashRecovery,"daemon restarted with submitted transaction awaiting confirmation",0,0,,,1780957410673,,1780963038116,1780957410673
2365,0x14e397a2235d85db565b36c081e77eed9bea719b910bb38744c32336cc67ed27,c4f64992718be25cfb90d950877ea8ac4ae2d779eca512f613df8d4981c12978,client_a_preview,0,"","",SHIB/USD,"",0,confirmed,,,0,0,,,1780957410679,1780957477078,,1780957410679
2366,0xb248fbd017f5b8cff6004319437c3a00eed13a47bd7197136860a232e8c4bc0f,"",client_a_preview,0,"","",ARB/USD,83385607950000000,1780957351,failed,CrashRecovery,"daemon restarted with submitted transaction awaiting confirmation",0,0,,,,,1780963038119,1780957477065
2367,0xce41be0ecc790a35bddd8a767b102ba2a332b44764a859b7781695d5316239b0,"",client_a_preview,0,"","",DOGE/USD,87182201525320016,1780957388,failed,CrashRecovery,"daemon restarted with submitted transaction awaiting confirmation",0,0,,,,,1780963038116,1780957477073
2368,0x454dfa73231aa9accead10bf12b5a301dcf7da40cc093a2a22763330d290e3e9,52980e294d10430646dfd86d8e4117bdc305bd32901d537a4dc0b3f1afad09bc,client_a_preview,0,"","",SHIB/USD,"",0,confirmed,,,0,0,,,1780957496054,1780957518576,,1780957496054
2369,0x316a5b341568c6cf8d27445ecebcd3d17c159b15ac5fa5d4214d68df510af6e5,52980e294d10430646dfd86d8e4117bdc305bd32901d537a4dc0b3f1afad09bc,client_a_preview,0,"","",NEIRO/USD,"",0,failed,CrashRecovery,"daemon restarted with submitted transaction awaiting confirmation",0,0,,,1780957496065,,1780963038112,1780957496065
2370,0xe6531652010248a2ca02fa26db8d8cf1bb5caf5f2b214334115b973bcb187c05,52980e294d10430646dfd86d8e4117bdc305bd32901d537a4dc0b3f1afad09bc,client_a_preview,0,"","",DOGE/USD,"",0,confirmed,,,0,0,,,1780957496070,1780957518602,,1780957496070
2371,0x316a5b341568c6cf8d27445ecebcd3d17c159b15ac5fa5d4214d68df510af6e5,"",client_a_preview,0,"","",NEIRO/USD,69122878863284,1780957416,failed,CrashRecovery,"daemon restarted with submitted transaction awaiting confirmation",0,0,,,,,1780963038112,1780957518596
2372,0x301c249f0d00e93d8fbdd6d785b146aa47959ac7618375bb4ba6d1257cf05503,c79d11efb0936f3adb02edde3d535501cc7c849b4e4dd773bef2f0a9c836c497,client_a_preview,0,"","",ETH/USD,"",0,failed,CrashRecovery,"daemon restarted with submitted transaction awaiting confirmation",0,0,,,1780957539801,,1780963038108,1780957539801
2373,0xac5c7c8a38eb6655c5a3fbf6096cc7a5fbda96085a146a2c36f47021d4d9fd64,c79d11efb0936f3adb02edde3d535501cc7c849b4e4dd773bef2f0a9c836c497,client_a_preview,0,"","",DOGE/USD,"",0,failed,CrashRecovery,"daemon restarted with submitted transaction awaiting confirmation",0,0,,,1780957539810,,1780963038105,1780957539810
2374,0x21c5d090bc6b4ed68f8103d01f03b2498e46d53fa01afb9d06ee90d0a1ce37ab,c79d11efb0936f3adb02edde3d535501cc7c849b4e4dd773bef2f0a9c836c497,client_a_preview,0,"","",SHIB/USD,"",0,failed,CrashRecovery,"daemon restarted with submitted transaction awaiting confirmation",0,0,,,1780957539817,,1780963038102,1780957539817
2375,0xb4db0fe0290c967f00e98c649c459716875021f60df56fa492ddf2a8716f55ae,c79d11efb0936f3adb02edde3d535501cc7c849b4e4dd773bef2f0a9c836c497,client_a_preview,0,"","",NEIRO/USD,"",0,confirmed,,,0,0,,,1780957539822,1780957607254,,1780957539822
2376,0x301c249f0d00e93d8fbdd6d785b146aa47959ac7618375bb4ba6d1257cf05503,"",client_a_preview,0,"","",ETH/USD,1704400147476036190208,1780957479,failed,CrashRecovery,"daemon restarted with submitted transaction awaiting confirmation",0,0,,,,,1780963038108,1780957607230
2377,0xac5c7c8a38eb6655c5a3fbf6096cc7a5fbda96085a146a2c36f47021d4d9fd64,"",client_a_preview,0,"","",DOGE/USD,87063437500000000,1780957491,failed,CrashRecovery,"daemon restarted with submitted transaction awaiting confirmation",0,0,,,,,1780963038105,1780957607241
2378,0x21c5d090bc6b4ed68f8103d01f03b2498e46d53fa01afb9d06ee90d0a1ce37ab,"",client_a_preview,0,"","",SHIB/USD,4772413241162,1780957493,failed,CrashRecovery,"daemon restarted with submitted transaction awaiting confirmation",0,0,,,,,1780963038102,1780957607249
2379,0x730e23279e0b08a143d3f55c99642810837b5635d1c813115e11345c09b9f6a0,"",client_a_preview,0,"","",NEIRO/USD,69071169962339,1780957519,failed,NonMonotonicNonce,"Intent for NEIRO/USD superseded on chain; not submitted.",0,0,,,,,1780957619523,1780957619523
2380,0xeee98b5eab5c1b49433f41140dbbc18ad4004f65a05d04c65899d2108da2456f,"",client_a_preview,0,"","",ARB/USD,83052589140144408,1780957556,failed,NonMonotonicNonce,"Intent for ARB/USD superseded on chain; not submitted.",0,0,,,,,1780957619532,1780957619532
2381,0x14a4f55df9fb0b1a8f70243b26dabbe9f451363b83cc123311686783669d78e2,"",client_a_preview,0,"","",LTC/USD,43516748575033217024,1780957576,failed,NonMonotonicNonce,"Intent for LTC/USD superseded on chain; not submitted.",0,0,,,,,1780957619537,1780957619537
2382,0x1b62e2f6d25c4482ba287baaf9fb80ac32cb6689c1086208deac79e6f71d1e6f,"",client_a_preview,0,"","",BTC/USD,63568615571218338152448,1780957578,failed,NonMonotonicNonce,"Intent for BTC/USD superseded on chain; not submitted.",0,0,,,,,1780957619543,1780957619543
2383,0xaa04b6936fce0c890dd3b3e8822ddf45b7bced7caf30df625d18a41c1eb4de36,"",client_a_preview,0,"","",ETH/USD,1698455506913972977664,1780957579,failed,NonMonotonicNonce,"Intent for ETH/USD superseded on chain; not submitted.",0,0,,,,,1780957619554,1780957619554
2384,0x1e15a165ebf91676f1933d0b69944dc73105ba35d41a3c87c0c3c6861db19b27,"",client_a_preview,0,"","",DOGE/USD,87002253027064528,1780957594,failed,NonMonotonicNonce,"Intent for DOGE/USD superseded on chain; not submitted.",0,0,,,,,1780957619559,1780957619559
2385,0x66e87cfe56b9d3b2a25ff15d9dbff91ecca861bd1f8ae9526ac58752bb805aa4,"",client_a_preview,0,"","",SHIB/USD,4763999643256,1780957595,failed,NonMonotonicNonce,"Intent for SHIB/USD superseded on chain; not submitted.",0,0,,,,,1780957619570,1780957619570
2386,0xced3b6e5002130eb4970d521dea4148a8e361b6172ea8be1b0f4ddec73cc81c4,d26504a4daebaad8c565c5e08788bfe8456f85b8c37aed09986678964786cbdb,client_a_preview,0,"","",ARB/USD,"",0,confirmed,,,0,0,,,1780957676011,1780957704219,,1780957676011
2387,0xc3b2dca4bf87094b1f624980d33505ca26102a2c2e0cafbf5ac062d4d648512c,33e53e1d53d482a5b59ba5ba17999389389712bdc476b61df9d263bec74d6ba9,client_a_preview,0,"","",ARB/USD,"",0,failed,CrashRecovery,"daemon restarted with submitted transaction awaiting confirmation",0,0,,,1780957726082,,1780963038098,1780957726082
2388,0xbe9c0b8c893379c963741f3dfc39af2d14f4ce596ba6cdfcc988274c0fc71f38,33e53e1d53d482a5b59ba5ba17999389389712bdc476b61df9d263bec74d6ba9,client_a_preview,0,"","",LTC/USD,"",0,failed,CrashRecovery,"daemon restarted with submitted transaction awaiting confirmation",0,0,,,1780957726095,,1780963038095,1780957726095
2389,0xddbc6dca60e2b4fab29d927dadb3d7aae01b1d2c27f2aa51015862124b195e59,33e53e1d53d482a5b59ba5ba17999389389712bdc476b61df9d263bec74d6ba9,client_a_preview,0,"","",BTC/USD,"",0,failed,CrashRecovery,"daemon restarted with submitted transaction awaiting confirmation",0,0,,,1780957726100,,1780963038091,1780957726100
2390,0x0883fd0336c7c262a7364d542c0540542e24e00a415f94662cf46e23a698134a,33e53e1d53d482a5b59ba5ba17999389389712bdc476b61df9d263bec74d6ba9,client_a_preview,0,"","",ETH/USD,"",0,failed,CrashRecovery,"daemon restarted with submitted transaction awaiting confirmation",0,0,,,1780957726106,,1780963038088,1780957726106
2391,0x29237fdad512b3c9f12275d44edad2f115e569431b45949ae58a9e906383ab68,33e53e1d53d482a5b59ba5ba17999389389712bdc476b61df9d263bec74d6ba9,client_a_preview,0,"","",DOGE/USD,"",0,confirmed,,,0,0,,,1780957726110,1780957809044,,1780957726110
2392,0x777b0217c94c44acccc1cd32d3b3e99cdbe5a7deac83bfbb752ba873e4a1d5d2,33e53e1d53d482a5b59ba5ba17999389389712bdc476b61df9d263bec74d6ba9,client_a_preview,0,"","",SHIB/USD,"",0,confirmed,,,0,0,,,1780957726115,1780957809057,,1780957726115
2393,0xc3b2dca4bf87094b1f624980d33505ca26102a2c2e0cafbf5ac062d4d648512c,"",client_a_preview,0,"","",ARB/USD,83005765292066016,1780957670,failed,CrashRecovery,"daemon restarted with submitted transaction awaiting confirmation",0,0,,,,,1780963038098,1780957809019
2394,0xbe9c0b8c893379c963741f3dfc39af2d14f4ce596ba6cdfcc988274c0fc71f38,"",client_a_preview,0,"","",LTC/USD,43489449249999998976,1780957689,failed,CrashRecovery,"daemon restarted with submitted transaction awaiting confirmation",0,0,,,,,1780963038095,1780957809028
2395,0xddbc6dca60e2b4fab29d927dadb3d7aae01b1d2c27f2aa51015862124b195e59,"",client_a_preview,0,"","",BTC/USD,63540450655082907697152,1780957690,failed,CrashRecovery,"daemon restarted with submitted transaction awaiting confirmation",0,0,,,,,1780963038091,1780957809038
2396,0x0883fd0336c7c262a7364d542c0540542e24e00a415f94662cf46e23a698134a,"",client_a_preview,0,"","",ETH/USD,1697180687652213751808,1780957691,failed,CrashRecovery,"daemon restarted with submitted transaction awaiting confirmation",0,0,,,,,1780963038088,1780957809042
2397,0x986446ec6e9f8a77b008d61a0950eb463f8c4f277b93c28db278b7129dcf52ab,23aa4315117a95564856f5aa24b9a52e3824149f03e7da308b3531c55b1ec583,client_a_preview,0,"","",DOGE/USD,"",0,confirmed,,,0,0,,,1780957832597,1780957867622,,1780957832597
2398,0x366f6458e91b26077c8b5be4fbf7464b01afb5b461314b9b1cd87858b81936d3,23aa4315117a95564856f5aa24b9a52e3824149f03e7da308b3531c55b1ec583,client_a_preview,0,"","",SHIB/USD,"",0,confirmed,,,0,0,,,1780957832605,1780957867639,,1780957832605
2399,0x9b8ed38ad3b69460191f4ffac01448d498ba7c1777c482ca9c08bff08f7bd797,23aa4315117a95564856f5aa24b9a52e3824149f03e7da308b3531c55b1ec583,client_a_preview,0,"","",LTC/USD,"",0,failed,CrashRecovery,"daemon restarted with submitted transaction awaiting confirmation",0,0,,,1780957832613,,1780963038084,1780957832613
2400,0x71482038a1fb67945d2f684187376a4c7421064caf464a19c8a85b6d6a4923e2,23aa4315117a95564856f5aa24b9a52e3824149f03e7da308b3531c55b1ec583,client_a_preview,0,"","",BTC/USD,"",0,failed,CrashRecovery,"daemon restarted with submitted transaction awaiting confirmation",0,0,,,1780957832620,,1780963038081,1780957832620
2401,0x4f2695084df4d0726e210da69881827383c14bacf108f2768c211f32473e9561,23aa4315117a95564856f5aa24b9a52e3824149f03e7da308b3531c55b1ec583,client_a_preview,0,"","",ETH/USD,"",0,failed,CrashRecovery,"daemon restarted with submitted transaction awaiting confirmation",0,0,,,1780957832627,,1780963038077,1780957832627
2402,0x7080ae26cdf07c4672465d4dbe4e61671882d976db05e0a033da138d25209728,23aa4315117a95564856f5aa24b9a52e3824149f03e7da308b3531c55b1ec583,client_a_preview,0,"","",USDC/USD,"",0,failed,CrashRecovery,"daemon restarted with submitted transaction awaiting confirmation",0,0,,,1780957832634,,1780963038073,1780957832634
2403,0x9b8ed38ad3b69460191f4ffac01448d498ba7c1777c482ca9c08bff08f7bd797,"",client_a_preview,0,"","",LTC/USD,43468516769400098816,1780957795,failed,CrashRecovery,"daemon restarted with submitted transaction awaiting confirmation",0,0,,,,,1780963038084,1780957867653
2404,0x71482038a1fb67945d2f684187376a4c7421064caf464a19c8a85b6d6a4923e2,"",client_a_preview,0,"","",BTC/USD,63531699304437343322112,1780957796,failed,CrashRecovery,"daemon restarted with submitted transaction awaiting confirmation",0,0,,,,,1780963038081,1780957867658
2405,0x4f2695084df4d0726e210da69881827383c14bacf108f2768c211f32473e9561,"",client_a_preview,0,"","",ETH/USD,1696428119813099618304,1780957799,failed,CrashRecovery,"daemon restarted with submitted transaction awaiting confirmation",0,0,,,,,1780963038077,1780957867664
2406,0x7080ae26cdf07c4672465d4dbe4e61671882d976db05e0a033da138d25209728,"",client_a_preview,0,"","",USDC/USD,999754658324693056,1780957805,failed,CrashRecovery,"daemon restarted with submitted transaction awaiting confirmation",0,0,,,,,1780963038073,1780957867673
2407,0x7c6c42cbd0fb437641ff30f03d9e41c05f2aa47171b1826bc8f8078ab7a27a91,42cc30dea38f3338163183912385b18295545fe2933dca76394179ec493d3fb3,client_a_preview,0,"","",LTC/USD,"",0,confirmed,,,0,0,,,1780957918625,1780958048243,,1780957918625
2408,0x50699221a71d748a215286923ae06c46da7500e635892d11246080fd1b51ab52,42cc30dea38f3338163183912385b18295545fe2933dca76394179ec493d3fb3,client_a_preview,0,"","",BTC/USD,"",0,confirmed,,,0,0,,,1780957918639,1780958048260,,1780957918639
2409,0xd270deacc3e11fa2431b7d380439fa4f04d165300ece2044d00313ee5e1c1157,"",client_a_preview,0,"","",ETH/USD,1695930531000000053248,1780958018,failed,NonMonotonicNonce,"Intent for ETH/USD superseded on chain; not submitted.",0,0,,,,,1780958057717,1780958057717
2410,0x06f53dab485e99c4c8101bec40ab1b08c9b3ab9da891e1e0570b78189b2a0300,"",client_a_preview,0,"","",USDC/USD,999759983750000064,1780958025,failed,NonMonotonicNonce,"Intent for USDC/USD superseded on chain; not submitted.",0,0,,,,,1780958057746,1780958057746
2411,0x8d20bcca51a06b82ec48a7df927ac961897d1e4719f256b9fc9fe3b9d4df0e16,"",client_a_preview,0,"","",LTC/USD,43442409048939663360,1780958016,failed,NonMonotonicNonce,"Intent for LTC/USD superseded on chain; not submitted.",0,0,,,,,1780958057753,1780958057753
2412,0x31a9f29fe302bb37d543fa7e9f1ca7a0d5ca3b8b77ebf0a3b795e29113a033d0,"",client_a_preview,0,"","",BTC/USD,63485633665000005435392,1780958017,failed,NonMonotonicNonce,"Intent for BTC/USD superseded on chain; not submitted.",0,0,,,,,1780958057758,1780958057758
2413,0x2cbc54dd7ee7cce16dae34e4deebc263722fa98d87ebf391d153a66e75b92354,"",client_a_preview,0,"","",XVG/USD,2596804830902187,1780957966,failed,NonMonotonicNonce,"Intent for XVG/USD superseded on chain; not submitted.",0,0,,,,,1780958057764,1780958057764
2414,0xe2e3f9f250fcc0af91e0c9f2481106bc4409688db42bd98390c7c72937f5898c,"",client_a_preview,0,"","",USDT/USD,999730000000000000,1780957969,failed,NonMonotonicNonce,"Intent for USDT/USD superseded on chain; not submitted.",0,0,,,,,1780958057770,1780958057770
2415,0x8cc94088d8f7f97289d573d7a50b72e2d9a0a914408c6a2aa2fffc862cfb2ccc,bb7078142f83fba2042c05e1df701d21d80a5926d34b5f1fd9364a2eb190e818,client_a_preview,0,"","",NEIRO/USD,"",0,confirmed,,,0,0,,,1780958079368,1780958134202,,1780958079368
2416,0xf5afb0a06dcb217cc77e3bee5dc7b2e791594f3b0c897630a1a4119273aebf7e,638de8ee8f8b5e2ad67c726200451c4b5803b1eb489f04b306d28c0a84d033d2,client_a_preview,0,"","",NEIRO/USD,"",0,failed,CrashRecovery,"daemon restarted with submitted transaction awaiting confirmation",0,0,,,1780958154913,,1780963038070,1780958154913
2417,0xfceae9812c199c4f1e45936bcb8a0fb29fdfe9dd3b0d348357b354d0e836f36b,638de8ee8f8b5e2ad67c726200451c4b5803b1eb489f04b306d28c0a84d033d2,client_a_preview,0,"","",XVG/USD,"",0,failed,CrashRecovery,"daemon restarted with submitted transaction awaiting confirmation",0,0,,,1780958154925,,1780963038066,1780958154925
2418,0x077b3247abc2ba39abd18f68141a5e5cb91e7a417fe4ba6617317d4a3875685c,638de8ee8f8b5e2ad67c726200451c4b5803b1eb489f04b306d28c0a84d033d2,client_a_preview,0,"","",USDT/USD,"",0,failed,CrashRecovery,"daemon restarted with submitted transaction awaiting confirmation",0,0,,,1780958154932,,1780963038063,1780958154932
2419,0x5bf6d919ca6093b16c19753d81ac4a6072a1b6d1f80eb6631af159597e1fbc95,638de8ee8f8b5e2ad67c726200451c4b5803b1eb489f04b306d28c0a84d033d2,client_a_preview,0,"","",ETH/USD,"",0,failed,CrashRecovery,"daemon restarted with submitted transaction awaiting confirmation",0,0,,,1780958154936,,1780963038058,1780958154936
2420,0x7a3935e2e78245ab04b1ecb57a9ca3c56e35302363c408354e7744603c61e719,638de8ee8f8b5e2ad67c726200451c4b5803b1eb489f04b306d28c0a84d033d2,client_a_preview,0,"","",USDC/USD,"",0,confirmed,,,0,0,,,1780958154943,1780958218987,,1780958154943
2421,0xf5afb0a06dcb217cc77e3bee5dc7b2e791594f3b0c897630a1a4119273aebf7e,"",client_a_preview,0,"","",NEIRO/USD,69001190337441,1780958064,failed,CrashRecovery,"daemon restarted with submitted transaction awaiting confirmation",0,0,,,,,1780963038070,1780958218932
2422,0xfceae9812c199c4f1e45936bcb8a0fb29fdfe9dd3b0d348357b354d0e836f36b,"",client_a_preview,0,"","",XVG/USD,2595508493077560,1780958075,failed,CrashRecovery,"daemon restarted with submitted transaction awaiting confirmation",0,0,,,,,1780963038066,1780958218967
2423,0x077b3247abc2ba39abd18f68141a5e5cb91e7a417fe4ba6617317d4a3875685c,"",client_a_preview,0,"","",USDT/USD,999732159748509184,1780958078,failed,CrashRecovery,"daemon restarted with submitted transaction awaiting confirmation",0,0,,,,,1780963038063,1780958218977
2424,0x5bf6d919ca6093b16c19753d81ac4a6072a1b6d1f80eb6631af159597e1fbc95,"",client_a_preview,0,"","",ETH/USD,1695751195466606575616,1780958124,failed,CrashRecovery,"daemon restarted with submitted transaction awaiting confirmation",0,0,,,,,1780963038058,1780958218984
2425,0x801cf68c80916611ea61ae6fd73ce8fa56199143c1f889603a1841419e3aa318,"",client_a_preview,0,"","",USDC/USD,999760914273156608,1780958131,failed,NonMonotonicNonce,"Intent for USDC/USD superseded on chain; not submitted.",0,0,,,,,1780958228312,1780958228312
2426,0x09de8501ce3eed9abcfaf8ce3747dba187eff5bf7dca3275275fa1c76c032885,"",client_a_preview,0,"","",XVG/USD,2595508493077560,1780958182,failed,NonMonotonicNonce,"Intent for XVG/USD superseded on chain; not submitted.",0,0,,,,,1780958228325,1780958228325
2427,0xa37e53ce6bb4ef397d538753e44d17cd449567face58bc9cadcdf7749a2c2505,"",client_a_preview,0,"","",USDT/USD,999733410143414720,1780958184,failed,NonMonotonicNonce,"Intent for USDT/USD superseded on chain; not submitted.",0,0,,,,,1780958228335,1780958228335
2428,0x48616f64479e4381cf6c8dbee6551645a68ffafbb818ebd3924113e5e0ddecb1,"",client_a_preview,0,"","",ARB/USD,82880956505334024,1780958214,failed,NonMonotonicNonce,"Intent for ARB/USD superseded on chain; not submitted.",0,0,,,,,1780958228341,1780958228341
2429,0x8adceaf1a18675ab541eb2307962b43e78cc75a0e9a5d9a474ec6bf20d778406,d53c83ff065ea54c58f6de400d8392c0ddbe1b33c2e7ed5dfbb03b3fcbddb444,client_a_preview,0,"","",BTC/USD,"",0,confirmed,,,0,0,,,1780958251628,1780958303149,,1780958251628
2430,0x95232ac664c101ff109961ff21e45b52090c69ec1391d41337da6886f22e610c,d53c83ff065ea54c58f6de400d8392c0ddbe1b33c2e7ed5dfbb03b3fcbddb444,client_a_preview,0,"","",ETH/USD,"",0,confirmed,,,0,0,,,1780958251638,1780958303162,,1780958251638
2431,0xaaef96886ab5bba929815972ebac90ad19e566b3a594a656b84c4b3ecfc0edb6,"",client_a_preview,0,"","",BTC/USD,63423354665326918762496,1780958238,failed,NonMonotonicNonce,"Intent for BTC/USD superseded on chain; not submitted.",0,0,,,,,1780958313036,1780958313036
2432,0x7c03306d90415d67863614663f796e41173b8dc3fbb9ccc3b8225b982c79e68d,"",client_a_preview,0,"","",ETH/USD,1695548797766593019904,1780958239,failed,NonMonotonicNonce,"Intent for ETH/USD superseded on chain; not submitted.",0,0,,,,,1780958313046,1780958313046
2433,0x7cc8a5440e50416658dc4461f4df81b09c2fdf11db94749d1270bbd6fea94873,"",client_a_preview,0,"","",SHIB/USD,4756144054510,1780958254,failed,NonMonotonicNonce,"Intent for SHIB/USD superseded on chain; not submitted.",0,0,,,,,1780958313064,1780958313064
2434,0xe4f9cf86adb97255b84282840676c44a5c09dc8632766a6a63b0df1a9ab8be4b,"",client_a_preview,0,"","",XVG/USD,2595508493077560,1780958294,failed,NonMonotonicNonce,"Intent for XVG/USD superseded on chain; not submitted.",0,0,,,,,1780958313068,1780958313068
2435,0xdcf4608ba31c4ad8aee2ac8fc5bd2dd5466b0fcb17397b90a8f79a45e770fca7,"",client_a_preview,0,"","",USDT/USD,999734032068414656,1780958298,failed,NonMonotonicNonce,"Intent for USDT/USD superseded on chain; not submitted.",0,0,,,,,1780958313076,1780958313076
2436,0x7f9bb81ebb5e285337629723a8714d9400b54f7d7d546ae9565cdbf90c7e009d,a4d8871b0ba7d103aa7d838fdfafbce74f41dc1f487986b5000c7c9dffc15515,client_a_preview,0,"","",ARB/USD,"",0,confirmed,,,0,0,,,1780958337153,1780958380034,,1780958337153
2437,0x8ed65ffcd59e7a6a2a8cc204783556b02f0cb2dc8e5076b86549418b82121bdf,"",client_a_preview,0,"","",ARB/USD,82828907115353856,1780958325,failed,NonMonotonicNonce,"Intent for ARB/USD superseded on chain; not submitted.",0,0,,,,,1780958387008,1780958387008
2438,0x3e6186d0ba6137d088128ca51daba9c8d22e7031e365c65627182c50b8f30ee7,"",client_a_preview,0,"","",SHIB/USD,4755567668786,1780958360,failed,NonMonotonicNonce,"Intent for SHIB/USD superseded on chain; not submitted.",0,0,,,,,1780958387016,1780958387016
2439,0x795597a921908f4ad25136ecaa019da5fa3a81542f8a7bf2723200c63dd264f0,08a4e90d94bed3bc615dcf5256a1b13e188c7ae2caf27a117869da4bad6d9424,client_a_preview,0,"","",XVG/USD,"",0,confirmed,,,0,0,,,1780958415553,1780958446594,,1780958415553
2440,0x26452f261c264749e36af36dd0f0f2ce6ff13d627ef3bb9b681edc544177ef25,"",client_a_preview,0,"","",USDT/USD,999734656056138240,1780958409,failed,NonMonotonicNonce,"Intent for USDT/USD superseded on chain; not submitted.",0,0,,,,,1780958454342,1780958454342
2441,0x36e757d3108bb7eea20adc0fa55ec26370272c1190649d60b400c15a2e0cf734,"",client_a_preview,0,"","",XVG/USD,2595508493077560,1780958405,failed,NonMonotonicNonce,"Intent for XVG/USD superseded on chain; not submitted.",0,0,,,,,1780958454349,1780958454349
2442,0xe9bab0a10eaf26ac3f4616e1a1c2d0e8633288a9a563ed2c4b234b85b5d7ff22,"",client_a_preview,0,"","",ARB/USD,82776704474408696,1780958435,failed,NonMonotonicNonce,"Intent for ARB/USD superseded on chain; not submitted.",0,0,,,,,1780958454354,1780958454354
2443,0xcd66a0b8fc1e65ce3928f146ddb5ecf56a309520c953713dd26451d59bbcc137,3dd9f0adc5ccf67af24337df46d2ec1cbf03eb8d90642015e22a35dccd88698b,client_a_preview,0,"","",SHIB/USD,"",0,confirmed,,,0,0,,,1780958479171,1780958501338,,1780958479171
2444,0x8052193edfaf12b0c2e1777a5f4b5f9c429072c917918f39cd37a0f55098a714,"",client_a_preview,0,"","",DOGE/USD,86932685550453728,1780958469,failed,NonMonotonicNonce,"Intent for DOGE/USD superseded on chain; not submitted.",0,0,,,,,1780958508317,1780958508317
2445,0x97f12dc23ffbf8c11347e82714bdec871ea073fb4e8e12bce33cfd2d88ce185e,"",client_a_preview,0,"","",SHIB/USD,4754644540000,1780958470,failed,NonMonotonicNonce,"Intent for SHIB/USD superseded on chain; not submitted.",0,0,,,,,1780958508324,1780958508324
2446,0x1b8d6e4af791486b4dd18a9a1ff651744f48d1370d5dc6ca5ffed0e1e3c79819,04833133269e0635335745b55a62126fab7c760333422999d8c0317bb955cfb6,client_a_preview,0,"","",USDT/USD,"",0,confirmed,,,0,0,,,1780958528515,1780958562832,,1780958528515
2447,0x841c76efa11e957381de4dbe86acb0b0b1f3bf0c384e2eb362dc0173a660dedc,6faf316119dc5a611ad8dbdfcefc0043f6a2153fb37ac9ef8b7efae15c57a06b,client_a_preview,0,"","",USDT/USD,"",0,failed,CrashRecovery,"daemon restarted with submitted transaction awaiting confirmation",0,0,,,1780958582851,,1780963038053,1780958582851
2448,0x439c3e4562f2e1290e5083961281be533ec2a5d2fb11783f6e376b280872a519,6faf316119dc5a611ad8dbdfcefc0043f6a2153fb37ac9ef8b7efae15c57a06b,client_a_preview,0,"","",ARB/USD,"",0,failed,CrashRecovery,"daemon restarted with submitted transaction awaiting confirmation",0,0,,,1780958582862,,1780963038050,1780958582862
2449,0x37e3a61de948c25c85f9f290de929f348d18d05bb53ed567119f3e06790997d1,6faf316119dc5a611ad8dbdfcefc0043f6a2153fb37ac9ef8b7efae15c57a06b,client_a_preview,0,"","",LTC/USD,"",0,confirmed,,,0,0,,,1780958582870,1780958630790,,1780958582870
2450,0xb17c43a95a707c2e30771839f20603d5c7a39936ca48cc03835bd9ec84239ae7,6faf316119dc5a611ad8dbdfcefc0043f6a2153fb37ac9ef8b7efae15c57a06b,client_a_preview,0,"","",BTC/USD,"",0,confirmed,,,0,0,,,1780958582875,1780958630818,,1780958582875
2451,0x841c76efa11e957381de4dbe86acb0b0b1f3bf0c384e2eb362dc0173a660dedc,"",client_a_preview,0,"","",USDT/USD,999734968050000000,1780958519,failed,CrashRecovery,"daemon restarted with submitted transaction awaiting confirmation",0,0,,,,,1780963038053,1780958630778
2452,0x439c3e4562f2e1290e5083961281be533ec2a5d2fb11783f6e376b280872a519,"",client_a_preview,0,"","",ARB/USD,82735027068369656,1780958547,failed,CrashRecovery,"daemon restarted with submitted transaction awaiting confirmation",0,0,,,,,1780963038050,1780958630787
2453,0x5e2068de869525a12c613532bac55f8909edb709de25eeb8f333b2d8ae23f62d,"",client_a_preview,0,"","",LTC/USD,43408004334347259904,1780958565,failed,NonMonotonicNonce,"Intent for LTC/USD superseded on chain; not submitted.",0,0,,,,,1780958638594,1780958638594
2454,0x4461c43eb02d61f7b2316612e1d68d4bdec6e2d57f14ffc2713d323e6796f0f7,"",client_a_preview,0,"","",BTC/USD,63348333307454927405056,1780958566,failed,NonMonotonicNonce,"Intent for BTC/USD superseded on chain; not submitted.",0,0,,,,,1780958638604,1780958638604
2455,0x2e12b5270df151439c78cf4f3f64f16647a794877f3d754ced2faed94abf56c1,"",client_a_preview,0,"","",DOGE/USD,86932685550453728,1780958578,failed,NonMonotonicNonce,"Intent for DOGE/USD superseded on chain; not submitted.",0,0,,,,,1780958638611,1780958638611
2456,0x55206cffd88e89b4a7bb8aff9c5adc4f2b1213d4d3f3832c44c594f059ce9e01,db404c1dfd2b022e68e8ee30bb79e96451691e1537736dce09704176359909d2,client_a_preview,0,"","",ARB/USD,"",0,confirmed,,,0,0,,,1780958662511,1780958726510,,1780958662511
2457,0x7dfc1da5b128781edb946cc54ba0be4e314e2ac3aba4d37d8706b21afe62b8f2,"",client_a_preview,0,"","",ARB/USD,82677255803616264,1780958653,failed,NonMonotonicNonce,"Intent for ARB/USD superseded on chain; not submitted.",0,0,,,,,1780958733552,1780958733552
2458,0x27253803e160944099c9dcd3aa40c927591f233eb2e835bd11e0dfe34f0ea105,"",client_a_preview,0,"","",DOGE/USD,86932685550453728,1780958685,failed,NonMonotonicNonce,"Intent for DOGE/USD superseded on chain; not submitted.",0,0,,,,,1780958733559,1780958733559
2459,0xc100f63eb0fdef67bb014312c6f304ee1862afc4c36f3d3008ea4046d65ccbcf,a8c4b1ad72a165e59e6916991eb32062b667cbb90e8f1c503384eb58f48a04dd,client_a_preview,0,"","",DOGE/USD,"",0,confirmed,,,0,0,,,1780958807352,1780958855578,,1780958807352
2460,0x7fff9fa1d6a24b94c1008987a812349e90b6b47b9947d39bd094580df00ba194,"",client_a_preview,0,"","",DOGE/USD,86929816453886040,1780958796,failed,NonMonotonicNonce,"Intent for DOGE/USD superseded on chain; not submitted.",0,0,,,,,1780958862717,1780958862717
2461,0x72b81fcf5e05d9b4378e0e0394aee4dec98f45713132085a10c1614af5ce60e3,"",client_a_preview,0,"","",NEIRO/USD,68981110076999,1780958827,failed,NonMonotonicNonce,"Intent for NEIRO/USD superseded on chain; not submitted.",0,0,,,,,1780958862728,1780958862728
2462,0xddd3f1281ac2acb16c6f80dcacd54f2f320858bea2e40e27a58e2f0a0ebb8d48,2f0be1e8d71e89ffadd6d5d1816df8ffa299bbae0fede3051c1e6d2823ced222,client_a_preview,0,"","",USDC/USD,"",0,confirmed,,,0,0,,,1780958912562,1780958947001,,1780958912562
2463,0x1c3669a7e9a0a4f62c05ce901b31a9629d85434c77c7f42d17eb4f963621cd12,"",client_a_preview,0,"","",USDC/USD,999780003519856832,1780958898,failed,NonMonotonicNonce,"Intent for USDC/USD superseded on chain; not submitted.",0,0,,,,,1780958953785,1780958953785
2464,0x7ef8889b1d132d32089ac6f567ad441e1b0c81fe275eae5c32291c3a38e24cdd,"",client_a_preview,0,"","",NEIRO/USD,68981110076999,1780958938,failed,NonMonotonicNonce,"Intent for NEIRO/USD superseded on chain; not submitted.",0,0,,,,,1780958953792,1780958953792
2465,0x29b2e9383f38813f76c7c57979862807b44fd5b5df4814857ac9a84bbff833e9,"",client_a_preview,0,"","",ARB/USD,82591041650000008,1780958982,failed,NonMonotonicNonce,"Oracle intent nonce must be greater than the current nonce.",0,0,,,,,1780958995209,1780958995209
2466,0xacf261debee912efd2f8bda07cc20f5b48628f545024393dfdb481bbc787e9c0,9ceaa1f6b67f3d6bd00e369f31e40329b01f02f46664c3d8bf3fcb972ba11cdc,client_a_preview,0,"","",ETH/USD,"",0,confirmed,,,0,0,,,1780959018933,1780959079405,,1780959018933
2467,0xc914638fe589eb4ad606322201ff5a5967caccf6a6a54dc7aef161425c8eb3e2,"",client_a_preview,0,"","",ETH/USD,1695068291192899371008,1780959006,failed,NonMonotonicNonce,"Intent for ETH/USD superseded on chain; not submitted.",0,0,,,,,1780959085975,1780959085975
2468,0x3ae4787e6f88471f683e350953adaf5a38a45f335a7dd6ddcb22b5be4749d6e0,"",client_a_preview,0,"","",NEIRO/USD,68986022916899,1780959051,failed,NonMonotonicNonce,"Intent for NEIRO/USD superseded on chain; not submitted.",0,0,,,,,1780959085981,1780959085981
2469,0xb94447f073c3081c89d3fba546f39312a2b7834aa074e3df87c40ae6e7d2353b,"",client_a_preview,0,"","",XVG/USD,2594052825000000,1780959063,failed,NonMonotonicNonce,"Intent for XVG/USD superseded on chain; not submitted.",0,0,,,,,1780959085991,1780959085991
2470,0xd08369b5460100d18fe285f7d06d18304b4b955991327eb084540fe02aa6486c,ab0b64cc8f7b21756c3443e6c0a8a22259b9c1bd5d852686f49e2262095794ed,client_a_preview,0,"","",ARB/USD,"",0,confirmed,,,0,0,,,1780959109258,1780959291673,,1780959109258
2471,0xab559ad28177d7bb9f74afbf2cddb996f97bcf5a4cc3531bc16832901e11b270,ae06339852f8401451ef429a843b6ba61dbd21f447181d3a6c57858dd80861d6,client_a_preview,0,"","",ARB/USD,"",0,failed,CrashRecovery,"daemon restarted with submitted transaction awaiting confirmation",0,0,,,1780959314446,,1780963038046,1780959314446
2472,0xa059e3ded999d4c045aef22a84daea7089a56a7493db5d2722e635b29ffa58f4,ae06339852f8401451ef429a843b6ba61dbd21f447181d3a6c57858dd80861d6,client_a_preview,0,"","",SHIB/USD,"",0,failed,CrashRecovery,"daemon restarted with submitted transaction awaiting confirmation",0,0,,,1780959314453,,1780963038042,1780959314453
2473,0xaa95afb6dd10a5a420cbfb5016f3a4d083e79c4c81ccb6af3f803b9a92f4ac12,ae06339852f8401451ef429a843b6ba61dbd21f447181d3a6c57858dd80861d6,client_a_preview,0,"","",NEIRO/USD,"",0,failed,CrashRecovery,"daemon restarted with submitted transaction awaiting confirmation",0,0,,,1780959314458,,1780963038038,1780959314458
2474,0xaed0fb801304100d7fd8828bed83462c2f8e9faf314b2fa9028282f2242b9067,ae06339852f8401451ef429a843b6ba61dbd21f447181d3a6c57858dd80861d6,client_a_preview,0,"","",XVG/USD,"",0,confirmed,,,0,0,,,1780959314462,1780959355680,,1780959314462
2475,0x57d28b9f54957a73be1437ee8b781f832f757c8a0ad08693d178b83e45048749,ae06339852f8401451ef429a843b6ba61dbd21f447181d3a6c57858dd80861d6,client_a_preview,0,"","",USDT/USD,"",0,confirmed,,,0,0,,,1780959314469,1780959355688,,1780959314469
2476,0x4c9b49429f801863b91f4b47b34afada5a52e9c321dccd2b5c68170115a9b2b1,ae06339852f8401451ef429a843b6ba61dbd21f447181d3a6c57858dd80861d6,client_a_preview,0,"","",BTC/USD,"",0,failed,CrashRecovery,"daemon restarted with submitted transaction awaiting confirmation",0,0,,,1780959314475,,1780963038035,1780959314475
2477,0xab559ad28177d7bb9f74afbf2cddb996f97bcf5a4cc3531bc16832901e11b270,"",client_a_preview,0,"","",ARB/USD,82567299531468928,1780959209,failed,CrashRecovery,"daemon restarted with submitted transaction awaiting confirmation",0,0,,,,,1780963038046,1780959355655
2478,0xa059e3ded999d4c045aef22a84daea7089a56a7493db5d2722e635b29ffa58f4,"",client_a_preview,0,"","",SHIB/USD,4751392095947,1780959247,failed,CrashRecovery,"daemon restarted with submitted transaction awaiting confirmation",0,0,,,,,1780963038042,1780959355665
2479,0xaa95afb6dd10a5a420cbfb5016f3a4d083e79c4c81ccb6af3f803b9a92f4ac12,"",client_a_preview,0,"","",NEIRO/USD,69016391634361,1780959280,failed,CrashRecovery,"daemon restarted with submitted transaction awaiting confirmation",0,0,,,,,1780963038038,1780959355677
2480,0x4c9b49429f801863b91f4b47b34afada5a52e9c321dccd2b5c68170115a9b2b1,"",client_a_preview,0,"","",BTC/USD,63317142356613943787520,1780959229,failed,CrashRecovery,"daemon restarted with submitted transaction awaiting confirmation",0,0,,,,,1780963038035,1780959355701
2481,0x18a45a500279dcb00901258150910be14b754bf6a1aa3f0ad2e941b0fb4db50b,aa06deca908c573c8b0241fb16cfcada55ae4163290af91a4da2620113658cf3,client_a_preview,0,"","",XVG/USD,"",0,failed,CrashRecovery,"daemon restarted with submitted transaction awaiting confirmation",0,0,,,1780959376216,,1780963038032,1780959376216
2482,0xbb09227d7539371ad5fe5b2b97b151a132ed113a54fcea5a50cabc397dbfda9c,aa06deca908c573c8b0241fb16cfcada55ae4163290af91a4da2620113658cf3,client_a_preview,0,"","",USDT/USD,"",0,failed,CrashRecovery,"daemon restarted with submitted transaction awaiting confirmation",0,0,,,1780959376223,,1780963038028,1780959376223
2483,0x31ded9820bab6412e524e68d379d3c682108a2b84cef23227293f2786fce1bdc,aa06deca908c573c8b0241fb16cfcada55ae4163290af91a4da2620113658cf3,client_a_preview,0,"","",LTC/USD,"",0,failed,CrashRecovery,"daemon restarted with submitted transaction awaiting confirmation",0,0,,,1780959376228,,1780963038025,1780959376228
2484,0x648d23e97c188fed5e5b0b7e80615c9eb60945e463702727629140d3c4b23205,aa06deca908c573c8b0241fb16cfcada55ae4163290af91a4da2620113658cf3,client_a_preview,0,"","",BTC/USD,"",0,failed,CrashRecovery,"daemon restarted with submitted transaction awaiting confirmation",0,0,,,1780959376232,,1780963038021,1780959376232
2485,0xb7fc683dfb4d3cba4b16d91e57afd19c35e2f3c0a00ed83c106a3ebe2bd01f29,aa06deca908c573c8b0241fb16cfcada55ae4163290af91a4da2620113658cf3,client_a_preview,0,"","",SHIB/USD,"",0,confirmed,,,0,0,,,1780959376239,1780959433306,,1780959376239
2486,0x18a45a500279dcb00901258150910be14b754bf6a1aa3f0ad2e941b0fb4db50b,"",client_a_preview,0,"","",XVG/USD,2593942537500000,1780959291,failed,CrashRecovery,"daemon restarted with submitted transaction awaiting confirmation",0,0,,,,,1780963038032,1780959433276
2487,0xbb09227d7539371ad5fe5b2b97b151a132ed113a54fcea5a50cabc397dbfda9c,"",client_a_preview,0,"","",USDT/USD,999734968050000000,1780959295,failed,CrashRecovery,"daemon restarted with submitted transaction awaiting confirmation",0,0,,,,,1780963038028,1780959433286
2488,0x31ded9820bab6412e524e68d379d3c682108a2b84cef23227293f2786fce1bdc,"",client_a_preview,0,"","",LTC/USD,43368502989656539136,1780959342,failed,CrashRecovery,"daemon restarted with submitted transaction awaiting confirmation",0,0,,,,,1780963038025,1780959433292
2489,0x648d23e97c188fed5e5b0b7e80615c9eb60945e463702727629140d3c4b23205,"",client_a_preview,0,"","",BTC/USD,63315917821631472336896,1780959343,failed,CrashRecovery,"daemon restarted with submitted transaction awaiting confirmation",0,0,,,,,1780963038021,1780959433302
2490,0x3faceeea742dd1783234c91d37b9a55e576c41df000b8f51949ea2b182945bf8,"",client_a_preview,0,"","",SHIB/USD,4750821084223,1780959357,failed,NonMonotonicNonce,"Intent for SHIB/USD superseded on chain; not submitted.",0,0,,,,,1780959440079,1780959440079
2491,0x88c04e19a7e38b15d026a2076abf37f52cb658f290df38e09aa42cc919bb12a8,"",client_a_preview,0,"","",NEIRO/USD,69037429272268,1780959387,failed,NonMonotonicNonce,"Intent for NEIRO/USD superseded on chain; not submitted.",0,0,,,,,1780959440089,1780959440089
2492,0x5d56c103424f06821e95054eae825db43d9b6b535fdce34c72c50be0b0d3d5e1,8be8d92aafd7ad9289f2a918e9f5c335ed850897dda5b3cf878c99376a9c7055,client_a_preview,0,"","",LTC/USD,"",0,confirmed,,,0,0,,,1780959463866,1780959495172,,1780959463866
2493,0x626aaae070e30d66c06190e918d4696141536c041932935952ec0f0ee73178c4,8be8d92aafd7ad9289f2a918e9f5c335ed850897dda5b3cf878c99376a9c7055,client_a_preview,0,"","",BTC/USD,"",0,confirmed,,,0,0,,,1780959463877,1780959495204,,1780959463877
2494,0x1c1c556f83b6e178c70a17cb216c3a70dd6333a81e8c062e4cc253add6f12378,4be66b96840888a5ca2ecff6540706ebd42f96f1fe4a86680b9c5cc152481a5b,client_a_preview,0,"","",LTC/USD,"",0,failed,CrashRecovery,"daemon restarted with submitted transaction awaiting confirmation",0,0,,,1780959515104,,1780963038017,1780959515104
2495,0x969906af3901a11732b1058240c4aa0117cd812a53b99276b85b2c5cc0d56087,4be66b96840888a5ca2ecff6540706ebd42f96f1fe4a86680b9c5cc152481a5b,client_a_preview,0,"","",BTC/USD,"",0,failed,CrashRecovery,"daemon restarted with submitted transaction awaiting confirmation",0,0,,,1780959515115,,1780963038014,1780959515115
2496,0x203e3fa770f2076dfe832003d93bec5c24b6e1ad42ce26a07dca9335cf6d2359,4be66b96840888a5ca2ecff6540706ebd42f96f1fe4a86680b9c5cc152481a5b,client_a_preview,0,"","",DOGE/USD,"",0,failed,CrashRecovery,"daemon restarted with submitted transaction awaiting confirmation",0,0,,,1780959515122,,1780963038011,1780959515122
2497,0x4325158079bc56ebc8b4a4c10b82ee3a8a22c588f0217c06be91e008f21d2fb3,4be66b96840888a5ca2ecff6540706ebd42f96f1fe4a86680b9c5cc152481a5b,client_a_preview,0,"","",NEIRO/USD,"",0,confirmed,,,0,0,,,1780959515128,1780959568914,,1780959515128
2498,0x1c1c556f83b6e178c70a17cb216c3a70dd6333a81e8c062e4cc253add6f12378,"",client_a_preview,0,"","",LTC/USD,43368489379715284992,1780959450,failed,CrashRecovery,"daemon restarted with submitted transaction awaiting confirmation",0,0,,,,,1780963038017,1780959568899
2499,0x969906af3901a11732b1058240c4aa0117cd812a53b99276b85b2c5cc0d56087,"",client_a_preview,0,"","",BTC/USD,63315917821631472336896,1780959451,failed,CrashRecovery,"daemon restarted with submitted transaction awaiting confirmation",0,0,,,,,1780963038014,1780959568907
2500,0x203e3fa770f2076dfe832003d93bec5c24b6e1ad42ce26a07dca9335cf6d2359,"",client_a_preview,0,"","",DOGE/USD,86898163831644448,1780959465,failed,CrashRecovery,"daemon restarted with submitted transaction awaiting confirmation",0,0,,,,,1780963038011,1780959568910
2501,0xce7d555691ee0ad6d3dbc6c20d34af355a07f187c3d49169972c8783732bca1f,d8b700d14ea58bb462c599d23319b5e66279f4e003eb319e2ae0b53f968da129,client_a_preview,0,"","",NEIRO/USD,"",0,failed,CrashRecovery,"daemon restarted with submitted transaction awaiting confirmation",0,0,,,1780959590433,,1780963038003,1780959590433
2502,0x02b60243792c0168e921e42f785104ad22e2b6b1e06005870c827ac69d366037,d8b700d14ea58bb462c599d23319b5e66279f4e003eb319e2ae0b53f968da129,client_a_preview,0,"","",ARB/USD,"",0,failed,CrashRecovery,"daemon restarted with submitted transaction awaiting confirmation",0,0,,,1780959590445,,1780963038000,1780959590445
2503,0x78e0b3d11b13c53070e753af446b4e4c0be9cc364b99c025c64269738f29cfd3,d8b700d14ea58bb462c599d23319b5e66279f4e003eb319e2ae0b53f968da129,client_a_preview,0,"","",USDC/USD,"",0,confirmed,,,0,0,,,1780959590450,1780959635400,,1780959590450
2504,0x2a562c696b4c75f7a1fbde5dad6bcf4ede1ac1249adea7c8c16d7216ad1d5e26,d8b700d14ea58bb462c599d23319b5e66279f4e003eb319e2ae0b53f968da129,client_a_preview,0,"","",DOGE/USD,"",0,confirmed,,,0,0,,,1780959590455,1780959635414,,1780959590455
2505,0xce7d555691ee0ad6d3dbc6c20d34af355a07f187c3d49169972c8783732bca1f,"",client_a_preview,0,"","",NEIRO/USD,69071344603196,1780959502,failed,CrashRecovery,"daemon restarted with submitted transaction awaiting confirmation",0,0,,,,,1780963038003,1780959635387
2506,0x02b60243792c0168e921e42f785104ad22e2b6b1e06005870c827ac69d366037,"",client_a_preview,0,"","",ARB/USD,82489067503995672,1780959541,failed,CrashRecovery,"daemon restarted with submitted transaction awaiting confirmation",0,0,,,,,1780963038000,1780959635397
2507,0x420c1b213605dc1e1b8d7e2a163bbff5ad5028383d2165cecb2cb55452df82fe,"",client_a_preview,0,"","",USDC/USD,999784954798402688,1780959570,failed,NonMonotonicNonce,"Intent for USDC/USD superseded on chain; not submitted.",0,0,,,,,1780959643342,1780959643342
2508,0x15a273998dfec0fb4e0203ca0011cbdb914c0076318cc5ee54943a3153d62492,"",client_a_preview,0,"","",DOGE/USD,86898163831644448,1780959576,failed,NonMonotonicNonce,"Intent for DOGE/USD superseded on chain; not submitted.",0,0,,,,,1780959643352,1780959643352
2509,0x535033740125a16e25b1bea7dcac9989057fe9508ca1a50381cdc8660809e37c,"",client_a_preview,0,"","",XVG/USD,2591251738501201,1780959620,failed,NonMonotonicNonce,"Intent for XVG/USD superseded on chain; not submitted.",0,0,,,,,1780959643359,1780959643359
2510,0x7092269bc20035df117b9b881a17ff051e87eb6d355f596fbe61430a16f68f4b,bff94926fd44734b37b5b327b421c1011b5cda997a493f302d5007c1ab4cfc48,client_a_preview,0,"","",ARB/USD,"",0,confirmed,,,0,0,,,1780959660049,1780959688714,,1780959660049
2511,0x88a971611d632c6f8265e3e63d9721d7fd2d71b2be8ca1c44aebcf46a71a7d73,"",client_a_preview,0,"","",ARB/USD,82485427115103240,1780959650,failed,NonMonotonicNonce,"Oracle intent nonce must be greater than the current nonce.",0,0,,,,,1780959696775,1780959696775
2512,0xf749ec237d2595fbdb882c7f950968329307d803ef4b46208098d5115b864970,f073118210b30f1ad74f6d13b84d91240f71801c2def2d3881f9931e1d2e8c6a,client_a_preview,0,"","",XVG/USD,"",0,confirmed,,,0,0,,,1780959737532,1780959755772,,1780959737532
2513,0xb092a4d275446ffa131a7c0ef04e3a0a82b6d0d3a68771f4e9a9c3b943f390cc,"",client_a_preview,0,"","",XVG/USD,2591251738501201,1780959733,failed,NonMonotonicNonce,"Oracle intent nonce must be greater than the current nonce.",0,0,,,,,1780959764095,1780959764095
2514,0x868c450602272a72e8a41fc9395d3c2d32fc8102744348efabdd39e40029e8db,eaf9601f31c2e2a8e81776de5ad34cc7a630c87e8348963306d896a0d5fe1c56,client_a_preview,0,"","",ETH/USD,"",0,confirmed,,,0,0,,,1780959793140,1780959870714,,1780959793140
2515,0x6c10d2f4b3f83473fbb6fe546f1b7d11dffae9651269fa309b78f79caf3eb585,"",client_a_preview,0,"","",ETH/USD,1695332204063820611584,1780959787,failed,NonMonotonicNonce,"Oracle intent nonce must be greater than the current nonce.",0,0,,,,,1780959878810,1780959878810
2516,0x95ff681236fd1ccf176e8fb087978ac6c77b4208dc54a9b1951833546727c354,"",client_a_preview,0,"","",NEIRO/USD,69151442039810,1780959983,failed,NonMonotonicNonce,"Oracle intent nonce must be greater than the current nonce.",0,0,,,,,1780959994626,1780959994626
2517,0x02c6eac73f0b7d487df6bda100c218d07db5bea5e3d51fdcf1b509907abe29a2,"",client_a_preview,0,"","",USDT/USD,999730000000000000,1780960001,failed,NonMonotonicNonce,"Oracle intent nonce must be greater than the current nonce.",0,0,,,,,1780960013042,1780960013042
2518,0x756e3ef1c458263acd6208a55898034761ed78a51b33ddea150c5491d3dce6e3,99c4dd5076d69f532f5e51a0ae92fa2644de97effad21f9d0288a0ba30e4f79c,client_a_preview,0,"","",SHIB/USD,"",0,confirmed,,,0,0,,,1780960078710,1780960115095,,1780960078710
2519,0xa799f8d3b24a3ee59d1e0c9b4e603b386db3d19177d9b7d0f41786e47e73c84e,b585f35c8a34634c63f65a310a66f193e19e87926cc6ddc58f0140d35a6bd0f4,client_a_preview,0,"","",NEIRO/USD,"",0,confirmed,,,0,0,,,1780960137147,1780960196842,,1780960137147
2520,0x755bdc71cd7f11829e71d644b9828d7727e20cfaa211d60df49f232e919d30eb,b585f35c8a34634c63f65a310a66f193e19e87926cc6ddc58f0140d35a6bd0f4,client_a_preview,0,"","",USDT/USD,"",0,confirmed,,,0,0,,,1780960137156,1780960196857,,1780960137156
2521,0x756e3ef1c458263acd6208a55898034761ed78a51b33ddea150c5491d3dce6e3,"",client_a_preview,0,"","",SHIB/USD,4748727022012,1780960056,failed,NonMonotonicNonce,"Intent for SHIB/USD superseded on chain; not submitted.",0,0,,,,,1780960196838,1780960196838
2522,0x69f46b906e32181a0b584277b84821505d8ab37065777fec47dcb9c5f770cd5f,b564a7036707bfa3ef5c24a8ad3f5a6b9546705a741b06677a1e65ca1f6d9263,client_a_preview,0,"","",LTC/USD,"",0,confirmed,,,0,0,,,1780960218331,1780960282399,,1780960218331
2523,0xb0bb49a24ef3ed963ee198914084c5a5c2a8454fc484c1a46b01fddb889a7b02,b564a7036707bfa3ef5c24a8ad3f5a6b9546705a741b06677a1e65ca1f6d9263,client_a_preview,0,"","",BTC/USD,"",0,confirmed,,,0,0,,,1780960218338,1780960282415,,1780960218338
2524,0x499d572d0febea249bfb5000848ecd6a05999e43adaefe5425a8c3c88ae8fd25,b564a7036707bfa3ef5c24a8ad3f5a6b9546705a741b06677a1e65ca1f6d9263,client_a_preview,0,"","",USDT/USD,"",0,confirmed,,,0,0,,,1780960218351,1780960282420,,1780960218351
2525,0x762da5ae70b8ca781c3f9211c4e6064406ce9f768d506a8bd8508407b6ab6a3d,b564a7036707bfa3ef5c24a8ad3f5a6b9546705a741b06677a1e65ca1f6d9263,client_a_preview,0,"","",NEIRO/USD,"",0,confirmed,,,0,0,,,1780960218358,1780960282431,,1780960218358
2526,0x37b103e0f019259f5b51da2b01a5bfd0042f5ae0cc23127417a6ee8d15e91901,0fcb8407a0b6b15c4a8a057330aab578574ae729eaace021cc048a5f257fa504,client_a_preview,0,"","",USDC/USD,"",0,confirmed,,,0,0,,,1780960301990,1780960350460,,1780960301990
2527,0xcea724066c64bb4c14c474abaacc75cc21abbbd05f8a6800f5ad1b20b50be8ed,0fcb8407a0b6b15c4a8a057330aab578574ae729eaace021cc048a5f257fa504,client_a_preview,0,"","",DOGE/USD,"",0,confirmed,,,0,0,,,1780960302001,1780960350473,,1780960302001
2528,0x52f750a26a2a2023fc3749087be60c6673c28cfef4d978de32b2f47697c0af3d,01694fcba4e19f7d509dc78a364be307889188451dc04b018ed23b603618ede1,client_a_preview,0,"","",ARB/USD,"",0,confirmed,,,0,0,,,1780960369438,1780960400883,,1780960369438
2529,0x3f89386dad7b9fd935d1df599e5978f0057d519d5c09a503525a52fc3b47866b,01694fcba4e19f7d509dc78a364be307889188451dc04b018ed23b603618ede1,client_a_preview,0,"","",USDC/USD,"",0,confirmed,,,0,0,,,1780960369449,1780960400913,,1780960369449
2530,0xa4dea3e5d0112364c85ba80d5c0dd0ed6659f20c2d2e92cfe6b412e73645218a,01694fcba4e19f7d509dc78a364be307889188451dc04b018ed23b603618ede1,client_a_preview,0,"","",DOGE/USD,"",0,confirmed,,,0,0,,,1780960369455,1780960400927,,1780960369455
2531,0xad8071c46cb85272cc0765db2bcd1c12bcc1a41af89374cef0c6971f64ca7424,6e4bf1904a19532c5cd1a64f9ab8e2423bed0f1fe00a590dc8f9cf3b43b949bc,client_a_preview,0,"","",ARB/USD,"",0,confirmed,,,0,0,,,1780960420378,1780960453104,,1780960420378
2532,0xbbdaf89851cd4632d2a0a02308c2d1f36945fae090bf28b1d1d44837398c2f75,6e4bf1904a19532c5cd1a64f9ab8e2423bed0f1fe00a590dc8f9cf3b43b949bc,client_a_preview,0,"","",XVG/USD,"",0,confirmed,,,0,0,,,1780960420389,1780960453118,,1780960420389
2533,0xbbdaf89851cd4632d2a0a02308c2d1f36945fae090bf28b1d1d44837398c2f75,"",client_a_preview,0,"","",XVG/USD,2590657714782633,1780960363,failed,BuilderError,"Oracle intent timestamp must be greater than the current timestamp.",0,0,,,,,1780960499721,1780960499721
2534,0xaf640a49589a22b2ad72b9a597678db18d970879a61d660f070dd8119a67eb92,349659f10421f5c4ebce5326e3fb11b704d1cdd98473cc2e352283cafc5a6f37,client_a_preview,0,"","",ETH/USD,"",0,confirmed,,,0,0,,,1780960516644,1780960598908,,1780960516644
2535,0x15c3d952222b041abb570445f8378b0913a47669d0387d8797f86800ead90b01,4666f01cb18e08698bf17ffd3b9406289795bcc0f1a43f129aa5537deaeb2c3a,client_a_preview,0,"","",ETH/USD,"",0,confirmed,,,0,0,,,1780960618802,1780960683241,,1780960618802
2536,0xccef406fca4a705e3cd97188140bf65ab854f1da08f8d6a248e5f05b41035e43,4666f01cb18e08698bf17ffd3b9406289795bcc0f1a43f129aa5537deaeb2c3a,client_a_preview,0,"","",NEIRO/USD,"",0,confirmed,,,0,0,,,1780960618813,1780960683260,,1780960618813
2537,0xcec9366fcf7dd7ee00d32f6fb7744ae6c3de5dd8ac1a0647b73648d7fe18ea7c,a36fc4def6214cb643e663500c56edc8a1089d874740a46fb7eb7c01b8e606e1,client_a_preview,0,"","",NEIRO/USD,"",0,confirmed,,,0,0,,,1780960702763,1780960738779,,1780960702763
2538,0x799d7feb2a2e58675bb0097d4eb1f5cabee51d2553598e4f57c4a2511b481dae,a36fc4def6214cb643e663500c56edc8a1089d874740a46fb7eb7c01b8e606e1,client_a_preview,0,"","",ETH/USD,"",0,confirmed,,,0,0,,,1780960702774,1780960738794,,1780960702774
2539,0x05899856ebacc06a6dc6e03b010888d55f684e480257d97d4755506f90ab4056,a03c6e49b2ff0e7167bcbc0982c6f3641ef2d2828af6d9c837b2a374117ef3e3,client_a_preview,0,"","",SHIB/USD,"",0,confirmed,,,0,0,,,1780960811702,1780960879529,,1780960811702
2540,0xd105cb22d65ce2abef5b09953694e71508697895a0a7cb2888b7625de6d00af3,8d67e2bf03ba99d10ce2d72f4b9fff2eff4f5d0c52153ce84a2e4ad66fccbbd2,client_a_preview,0,"","",USDT/USD,"",0,confirmed,,,0,0,,,1780960923575,1780960977775,,1780960923575
2541,0x17dd1d68f92b8b48a82794ce387d9f98d278935ceafb8701d91baf75690a2b62,5a1fda8f02dedfd16bc5cc7fda8f18fc32c49dadc514b7ef1f2c6e1dae539161,client_a_preview,0,"","",BTC/USD,"",0,confirmed,,,0,0,,,1780960996426,1780961031749,,1780960996426
2542,0xe650797e740e97fb0a71dfeea86acfce481e7c73ba6b6e64aab1aec2a7b81d4d,5a1fda8f02dedfd16bc5cc7fda8f18fc32c49dadc514b7ef1f2c6e1dae539161,client_a_preview,0,"","",LTC/USD,"",0,confirmed,,,0,0,,,1780960996437,1780961031773,,1780960996437
2543,0xd105cb22d65ce2abef5b09953694e71508697895a0a7cb2888b7625de6d00af3,"",client_a_preview,0,"","",USDT/USD,999706519101768384,1780960902,failed,NonMonotonicNonce,"Intent for USDT/USD superseded on chain; not submitted.",0,0,,,,,1780961031769,1780961031769
2544,0xb86d3479072c1da98d682293a8f03fb679e708111dd0459a4e58e415cc63720c,f1eea28d34743c0dd6da45256d5f6254ced5e61fda517b7cdde5655de5457539,client_a_preview,0,"","",BTC/USD,"",0,confirmed,,,0,0,,,1780961052425,1780961091055,,1780961052425
2545,0xde7b3b16cd8dd8ea1f63ba9ebe35c043c8cdc647bf0b1be34278c74ed0aff5e6,f1eea28d34743c0dd6da45256d5f6254ced5e61fda517b7cdde5655de5457539,client_a_preview,0,"","",LTC/USD,"",0,confirmed,,,0,0,,,1780961052436,1780961091072,,1780961052436
2546,0x4661a1173280c2c27c141b829698c798c4165ca343fc88b2980dcd274b0a6697,17efa320611d1208ba05356a9aee3f122b0bc7e6c2677e7b1513c1d7ceeb8af6,client_a_preview,0,"","",USDC/USD,"",0,confirmed,,,0,0,,,1780961110568,1780961173601,,1780961110568
2547,0x7f07d8046dd4e8ddbf8e1764998b3788a74ce3f8734059ad8a9c47da6ffbab58,17efa320611d1208ba05356a9aee3f122b0bc7e6c2677e7b1513c1d7ceeb8af6,client_a_preview,0,"","",DOGE/USD,"",0,confirmed,,,0,0,,,1780961110581,1780961173615,,1780961110581
2548,0x71c7e92322029370381aa9d77f844a30fddcf5e47d090d00a3a7cb71bca82557,17efa320611d1208ba05356a9aee3f122b0bc7e6c2677e7b1513c1d7ceeb8af6,client_a_preview,0,"","",XVG/USD,"",0,confirmed,,,0,0,,,1780961110585,1780961173634,,1780961110585
2549,0x5791cb8e82cbe1362f8bf99cca7d8d86adb92de07b19151e89d986d9b8292192,51578222bd5c9e915cebfd51bdcd6800777a30e7c6791471bd5cfe93d5c4aae9,client_a_preview,0,"","",ARB/USD,"",0,confirmed,,,0,0,,,1780961191085,1780961291473,,1780961191085
2550,0x15775c3a08ff20682a74344f4b984d8f221cc2280350fa16a62556f4d25cfcc8,51578222bd5c9e915cebfd51bdcd6800777a30e7c6791471bd5cfe93d5c4aae9,client_a_preview,0,"","",XVG/USD,"",0,confirmed,,,0,0,,,1780961191096,1780961291486,,1780961191096
2551,0x8bf73fde12e4633e839200d289c4c0b5b9b2bf995cbb8e5f4acda597a127f059,e59e253ebd7064c49fa674dc551ed08a9803092bc55e1fb153b42a7dd9fc0731,client_a_preview,0,"","",NEIRO/USD,"",0,confirmed,,,0,0,,,1780961360132,1780961401245,,1780961360132
2552,0x9bc846a7f67f9a05ce9b4ba6454e494893d41cc44627b49e3bdfed9baa25035f,cdcca6869acc173cc1c26df401c74ec0ef40026c52fa10a4c3d543c837adbdd7,client_a_preview,0,"","",ETH/USD,"",0,confirmed,,,0,0,,,1780961419180,1780961482231,,1780961419180
2553,0x8bf73fde12e4633e839200d289c4c0b5b9b2bf995cbb8e5f4acda597a127f059,"",client_a_preview,0,"","",NEIRO/USD,69334110213365,1780961336,failed,NonMonotonicNonce,"Intent for NEIRO/USD superseded on chain; not submitted.",0,0,,,,,1780961482254,1780961482254
2554,0xd6f3a30d3c351861797df1c924845a78d30715bf79e69081ed5143085ff3134e,"",client_a_preview,0,"","",ETH/USD,1700051815471931588608,1780961476,failed,NonMonotonicNonce,"Oracle intent nonce must be greater than the current nonce.",0,0,,,,,1780961490229,1780961490229
2555,0xf8243cb373a338645f53c5775961123a15feab2026b80f91fea52a5471bbf26c,"",client_a_preview,0,"","",SHIB/USD,4746229227313,1780961488,failed,NonMonotonicNonce,"Oracle intent nonce must be greater than the current nonce.",0,0,,,,,1780961499533,1780961499533
2556,0x8cd336d021571cfebb8468031ff1b40873a0b26c7c358b3e1a9c33d91d556146,6615e38cfe09260e8f9251f5b962d5418f0741e7c3d30888c653f14eb1e573b8,client_a_preview,0,"","",SHIB/USD,"",0,confirmed,,,0,0,,,1780961517795,1780961628911,,1780961517795
2557,0xbc781135fe2c1d962eab541f1e6d646426ce5469ba6224b58e3dc1cba667ba57,7341966e44389cb73aa1c8753afc4b3d405d349646e44cf34c0924d61323c379,client_a_preview,0,"","",SHIB/USD,"",0,confirmed,,,0,0,,,1780961646469,1780961674794,,1780961646469
2558,0x006ecfe929443ab193e7695ee67e98a9d3eff8cd16b50236c88a772e280939e0,7341966e44389cb73aa1c8753afc4b3d405d349646e44cf34c0924d61323c379,client_a_preview,0,"","",USDT/USD,"",0,failed,CrashRecovery,"daemon restarted with submitted transaction awaiting confirmation",0,0,,,1780961646476,,1780963037996,1780961646476
2559,0x006ecfe929443ab193e7695ee67e98a9d3eff8cd16b50236c88a772e280939e0,"",client_a_preview,0,"","",USDT/USD,999685545013484992,1780961612,failed,CrashRecovery,"daemon restarted with submitted transaction awaiting confirmation",0,0,,,,,1780963037996,1780961674811
2560,0x54ad81f1d52ea5c26b56505e30aa38b646138dc21ec8060d06a7766b48813c90,bbbb20fbb5c132a99fef372b72c53d53d448f019412b1d80c82777f86a357ab2,client_a_preview,0,"","",USDT/USD,"",0,confirmed,,,0,0,,,1780961693432,1780961744538,,1780961693432
2561,0xe186cdde183e091f05d359379fefb62354ce9e9f29953ebdd4a835787fa9f778,ee7aebfa2dd7b77f02b008b1bc2cfa15a24f19782b36ca6fa6b1afe3f1275839,client_a_preview,0,"","",BTC/USD,"",0,failed,CrashRecovery,"daemon restarted with submitted transaction awaiting confirmation",0,0,,,1780961763233,,1780963037993,1780961763233
2562,0xb8c1f0944ba9ef4c83bbc2e61fc797cc26541f76a32146f1194d0836aa0e8373,ee7aebfa2dd7b77f02b008b1bc2cfa15a24f19782b36ca6fa6b1afe3f1275839,client_a_preview,0,"","",USDT/USD,"",0,confirmed,,,0,0,,,1780961763244,1780961804164,,1780961763244
2563,0xc88522019539dca9dfbe5eae95c626d20f963c882bf49fbf1d4ad1876d57f095,ee7aebfa2dd7b77f02b008b1bc2cfa15a24f19782b36ca6fa6b1afe3f1275839,client_a_preview,0,"","",LTC/USD,"",0,failed,CrashRecovery,"daemon restarted with submitted transaction awaiting confirmation",0,0,,,1780961763250,,1780963037990,1780961763250
2564,0xe186cdde183e091f05d359379fefb62354ce9e9f29953ebdd4a835787fa9f778,"",client_a_preview,0,"","",BTC/USD,63315505037138997542912,1780961736,failed,CrashRecovery,"daemon restarted with submitted transaction awaiting confirmation",0,0,,,,,1780963037993,1780961804158
2565,0xc88522019539dca9dfbe5eae95c626d20f963c882bf49fbf1d4ad1876d57f095,"",client_a_preview,0,"","",LTC/USD,43318489128218443776,1780961735,failed,CrashRecovery,"daemon restarted with submitted transaction awaiting confirmation",0,0,,,,,1780963037990,1780961804182
2566,0x22ab4f5ce3b2490f664eab2a49a2434fe22f2ab9126d78d8b196f6c6e8b4c356,ae1af73d02136c275d2effbdb4bbd0e31d153d325c7634e7adc963a25d37998a,client_a_preview,0,"","",LTC/USD,"",0,confirmed,,,0,0,,,1780961841824,1780961876620,,1780961841824
2567,0x5fbcb90565cce96a2c9f08a056c25937ae65b0fc82765624b9661b63cc96440f,ae1af73d02136c275d2effbdb4bbd0e31d153d325c7634e7adc963a25d37998a,client_a_preview,0,"","",BTC/USD,"",0,confirmed,,,0,0,,,1780961841835,1780961876632,,1780961841835
2568,0x4f9492fd37856e439942196221c9bc913be884f1f0f905d5a5b919f14dc9ea05,ae1af73d02136c275d2effbdb4bbd0e31d153d325c7634e7adc963a25d37998a,client_a_preview,0,"","",NEIRO/USD,"",0,confirmed,,,0,0,,,1780961841841,1780961876645,,1780961841841
2569,0x43c584bc1260af3b16937d1acc772e94c84c40936b3a8b88679c45ca8dc3efd4,991e9577203bb61b3b224ad885be5742ab04e3f4801096a5d599bf63fd516b3f,client_a_preview,0,"","",BTC/USD,"",0,confirmed,,,0,0,,,1780961898039,1780961932559,,1780961898039
2570,0xcd61db5f07c72dd3f0e97435de85e6161f724c89f9d102cb3cf8200f679d87ec,991e9577203bb61b3b224ad885be5742ab04e3f4801096a5d599bf63fd516b3f,client_a_preview,0,"","",USDC/USD,"",0,confirmed,,,0,0,,,1780961898049,1780961932582,,1780961898049
2571,0x8914f5d4cd8124c4e0dd5be18b40956db8e522b02233cf331a8e37bdb9498648,991e9577203bb61b3b224ad885be5742ab04e3f4801096a5d599bf63fd516b3f,client_a_preview,0,"","",DOGE/USD,"",0,confirmed,,,0,0,,,1780961898059,1780961932592,,1780961898059
2572,0x84afdf8822ca508547764c19144bf86cca730541990ab4bee79bd9604e442616,991e9577203bb61b3b224ad885be5742ab04e3f4801096a5d599bf63fd516b3f,client_a_preview,0,"","",LTC/USD,"",0,confirmed,,,0,0,,,1780961898066,1780961932604,,1780961898066
2573,0x198193b78efa03e3ac1cd6e762a8b3d7af238cb05667ba47399175d8e6928b7f,991e9577203bb61b3b224ad885be5742ab04e3f4801096a5d599bf63fd516b3f,client_a_preview,0,"","",NEIRO/USD,"",0,failed,CrashRecovery,"daemon restarted with submitted transaction awaiting confirmation",0,0,,,1780961898072,,1780963037986,1780961898072
2574,0x198193b78efa03e3ac1cd6e762a8b3d7af238cb05667ba47399175d8e6928b7f,"",client_a_preview,0,"","",NEIRO/USD,69243701128937,1780961865,failed,CrashRecovery,"daemon restarted with submitted transaction awaiting confirmation",0,0,,,,,1780963037986,1780961932617
2575,0x19ec7c48e60b97e9becbaefda78388b3ff51d3a68e1f44542db1f443ea0be525,55b778096a65a2815d2ebe61bd6bb4447d5c4b3a019fa19966d4fc651a6d0fb2,client_a_preview,0,"","",ARB/USD,"",0,confirmed,,,0,0,,,1780961951757,1780961994014,,1780961951757
2576,0x13e37215aca19c063ce948632a84252447ac50661c07f09252bbabb03e4077ab,55b778096a65a2815d2ebe61bd6bb4447d5c4b3a019fa19966d4fc651a6d0fb2,client_a_preview,0,"","",XVG/USD,"",0,confirmed,,,0,0,,,1780961951768,1780961994034,,1780961951768
2577,0xebb18a488159da1a3e60ec900a544bcafba3cb289107f43b01bda58fc3621fad,ab27339657a59ba324e228c3a5a3f0eab0907a016ab24596b130ce916133394a,client_a_preview,0,"","",ARB/USD,"",0,failed,CrashRecovery,"daemon restarted with submitted transaction awaiting confirmation",0,0,,,1780962011540,,1780963037983,1780962011540
2578,0x21341c96df8784870829cff2faa5ca3b8e63d60daf67bbfd988fcd596417a4da,ab27339657a59ba324e228c3a5a3f0eab0907a016ab24596b130ce916133394a,client_a_preview,0,"","",XVG/USD,"",0,confirmed,,,0,0,,,1780962011555,1780962052485,,1780962011555
2579,0xebb18a488159da1a3e60ec900a544bcafba3cb289107f43b01bda58fc3621fad,"",client_a_preview,0,"","",ARB/USD,82377544683660000,1780961989,failed,CrashRecovery,"daemon restarted with submitted transaction awaiting confirmation",0,0,,,,,1780963037983,1780962052476
2580,0x2b822fd156b23d193d8af79c662e491e4cc2f01e3ecbef5b9402b8025a1c2e5e,"",client_a_preview,0,"","",ETH/USD,1700051815471931588608,1780962096,failed,NonMonotonicNonce,"Oracle intent nonce must be greater than the current nonce.",0,0,,,,,1780962107832,1780962107832
2581,0x4688395e441350f082feb42d5cba1fd9092c252d407792a134e937caf55b2fe3,"",client_a_preview,0,"","",SHIB/USD,4736173500000,1780962108,failed,NonMonotonicNonce,"Oracle intent nonce must be greater than the current nonce.",0,0,,,,,1780962121711,1780962121711
2582,0x14dc1d5b9c1efa87cdaf8ba62ecf551945cdce400e8b98c04f53e91b6534bcf4,ea858c4b267104f2d7b24fd8a6c2cf80ab33840450f292a732eca24c7acb262f,client_a_preview,0,"","",ETH/USD,"",0,confirmed,,,0,0,,,1780962142685,1780962241245,,1780962142685
2583,0x8330a1d934df8203d5eb834a098c4ab319b370b97a2bce32e77518f90b854d52,b820e043b6c04a590182cde3d0816da3a9317778eab60793ec51c77fad5a0f1c,client_a_preview,0,"","",ETH/USD,"",0,confirmed,,,0,0,,,1780962263868,1780962340465,,1780962263868
2584,0x7561ac132cf653dc94872659e29196b3157966b1ff9ec3bf0a9d1182c369b231,b820e043b6c04a590182cde3d0816da3a9317778eab60793ec51c77fad5a0f1c,client_a_preview,0,"","",SHIB/USD,"",0,confirmed,,,0,0,,,1780962263875,1780962340479,,1780962263875
2585,0x8f791ef95e0664a60cd41f628fd0ca71d4b3c22244c79f45bce7dc98e4eb0829,b820e043b6c04a590182cde3d0816da3a9317778eab60793ec51c77fad5a0f1c,client_a_preview,0,"","",LTC/USD,"",0,confirmed,,,0,0,,,1780962263880,1780962340488,,1780962263880
2586,0xf9b5b5350b985aae5c1b1760193c0fe68d857cb08aa51c04fe6753f3e1e7249e,b820e043b6c04a590182cde3d0816da3a9317778eab60793ec51c77fad5a0f1c,client_a_preview,0,"","",ARB/USD,"",0,confirmed,,,0,0,,,1780962263886,1780962340500,,1780962263886
2587,0x90e99fe0a55179ee0232694acf76e9fd3d3658c5f371f388c1aa1dee0abe2cd5,b820e043b6c04a590182cde3d0816da3a9317778eab60793ec51c77fad5a0f1c,client_a_preview,0,"","",DOGE/USD,"",0,confirmed,,,0,0,,,1780962263896,1780962340511,,1780962263896
2588,0xbe6bfabb6de935ec49c2274a34ece852efb8cee6438a3fa72dd6f816b79ec0e0,a2158110fb1a2e1e104139b93c734886b7e972468d78af95756d5309eff4aeb3,client_a_preview,0,"","",NEIRO/USD,"",0,confirmed,,,0,0,,,1780962362621,1780962410337,,1780962362621
2589,0x93297cc413d0c0e4da7dea14e4ba2eed836eb6b948899e8d27b06c21f510cf10,a2158110fb1a2e1e104139b93c734886b7e972468d78af95756d5309eff4aeb3,client_a_preview,0,"","",ARB/USD,"",0,confirmed,,,0,0,,,1780962362631,1780962410350,,1780962362631
2590,0xa5eb9a70f7d8c1c53152b03176c3261597fa426635b73f06c37ed8316a2264a1,a2158110fb1a2e1e104139b93c734886b7e972468d78af95756d5309eff4aeb3,client_a_preview,0,"","",LTC/USD,"",0,confirmed,,,0,0,,,1780962362637,1780962410360,,1780962362637
2591,0x37ead3eba6ef5228dd60f52af436abff21d1c5814beb80bfa8fc5283db221296,a2158110fb1a2e1e104139b93c734886b7e972468d78af95756d5309eff4aeb3,client_a_preview,0,"","",BTC/USD,"",0,confirmed,,,0,0,,,1780962362644,1780962410370,,1780962362644
2592,0xba574eea9e7cab52b9b635b00e37bc0ec926570ae66f3965ef2bcbcac76c3b37,a2158110fb1a2e1e104139b93c734886b7e972468d78af95756d5309eff4aeb3,client_a_preview,0,"","",DOGE/USD,"",0,confirmed,,,0,0,,,1780962362649,1780962410377,,1780962362649
2593,0xadd209cf4055690702cc8552fa7cc643c9cd8609e14552cece761b0db1d3028e,a2158110fb1a2e1e104139b93c734886b7e972468d78af95756d5309eff4aeb3,client_a_preview,0,"","",SHIB/USD,"",0,confirmed,,,0,0,,,1780962362656,1780962410389,,1780962362656
2594,0xc927b6c1d1748d3f4c030764048bf17395914465a7fdbf3125ef1dd684c0d937,d0c4933ca7e78f2a1e5da980834c3b327173b5c469f1bf1e3c915b6b0cfd5c1a,client_a_preview,0,"","",ARB/USD,"",0,confirmed,,,0,0,,,1780962432400,1780962480738,,1780962432400
2595,0x5d063a2bfce66ddf05abae40c7f60e8d66224886c007713c7bed014701c33a79,d0c4933ca7e78f2a1e5da980834c3b327173b5c469f1bf1e3c915b6b0cfd5c1a,client_a_preview,0,"","",BTC/USD,"",0,confirmed,,,0,0,,,1780962432412,1780962480751,,1780962432412
2596,0x436de0117c8802dfe83e96f6f8a554d280438b8f2b98cbb2440e119e8df52f5f,d0c4933ca7e78f2a1e5da980834c3b327173b5c469f1bf1e3c915b6b0cfd5c1a,client_a_preview,0,"","",NEIRO/USD,"",0,failed,CrashRecovery,"daemon restarted with submitted transaction awaiting confirmation",0,0,,,1780962432421,,1780963037980,1780962432421
2597,0x436de0117c8802dfe83e96f6f8a554d280438b8f2b98cbb2440e119e8df52f5f,"",client_a_preview,0,"","",NEIRO/USD,69173904490367,1780962397,failed,CrashRecovery,"daemon restarted with submitted transaction awaiting confirmation",0,0,,,,,1780963037980,1780962480774
2598,0x572b00004d4b6c80094965b337537f5fd023cfcae308302e237ad31cab55610d,b89319838bbe8967de7bbeb53d60664d905a265db16aa2faff472ed8e970e89c,client_a_preview,0,"","",USDT/USD,"",0,confirmed,,,0,0,,,1780962497597,1780962532232,,1780962497597
2599,0xa258b028243b08a1d900f94fc9283a5f4a2c098008d8e44c5cbc32f44ed2d849,82e130b4dcb685390853b262477da92a4ee2e27cf1f81ca7b834714665ae067b,client_a_preview,0,"","",ETH/USD,"",0,confirmed,,,0,0,,,1780962686958,1780962715442,,1780962686958
2600,0x277e14e76347c2219ea4ef0f09a2b3e739f2dba1e1e4d0876c8e4d461c044be7,82e130b4dcb685390853b262477da92a4ee2e27cf1f81ca7b834714665ae067b,client_a_preview,0,"","",USDC/USD,"",0,confirmed,,,0,0,,,1780962686969,1780962715459,,1780962686969
2601,0xa9f23a087177330932e5a880903c6bfba0cf572d530c235e1b5c9f0166ca7e3f,82e130b4dcb685390853b262477da92a4ee2e27cf1f81ca7b834714665ae067b,client_a_preview,0,"","",DOGE/USD,"",0,confirmed,,,0,0,,,1780962686975,1780962715470,,1780962686975
2602,0xa91b14fe0ac1d799cf12cc9db93f3b00ce29319cfc427a2954460f61a4c7a9fb,82e130b4dcb685390853b262477da92a4ee2e27cf1f81ca7b834714665ae067b,client_a_preview,0,"","",NEIRO/USD,"",0,confirmed,,,0,0,,,1780962686980,1780962715487,,1780962686980
2603,0xe72455a36c6e4318be4bb87cd8e97631126ef42f1f4efb56915fbd281c761dfe,82e130b4dcb685390853b262477da92a4ee2e27cf1f81ca7b834714665ae067b,client_a_preview,0,"","",XVG/USD,"",0,confirmed,,,0,0,,,1780962686987,1780962715496,,1780962686987
2604,0xe72455a36c6e4318be4bb87cd8e97631126ef42f1f4efb56915fbd281c761dfe,"",client_a_preview,0,"","",XVG/USD,2586249770000000,1780962656,failed,NonMonotonicNonce,"Intent for XVG/USD superseded on chain; not submitted.",0,0,,,,,1780962721785,1780962721785
2605,0x1e3ad1fbb3a3265058b9ee51a5f9cdc09a676edb50fb89971cedd5599a193a04,"",client_a_preview,0,"","",ETH/USD,1697606823380534427648,1780962680,failed,NonMonotonicNonce,"Intent for ETH/USD superseded on chain; not submitted.",0,0,,,,,1780962721792,1780962721792
2606,0xf1fb2513a74efc4a7981944724c55f5d7a248df753184c96e68517ff9e5bfcc9,"",client_a_preview,0,"","",DOGE/USD,86582129408933624,1780962693,failed,NonMonotonicNonce,"Intent for DOGE/USD superseded on chain; not submitted.",0,0,,,,,1780962721798,1780962721798
2607,0x176c0538e460bf6185ab8a9377d7c02942f0a08dc81cb7a42fe8c5858cbf97f0,03b7099b3a2e4fe1603910a13391157947858877bf6db766bb602facf8922565,client_a_preview,0,"","",ARB/USD,"",0,failed,CrashRecovery,"daemon restarted with submitted transaction awaiting confirmation",0,0,,,1780962912367,,1780963037977,1780962912367
2608,0x7c36e6bb8e2535c9ab45c2215a72d9ac0e44db12cd456f17267007a79528b5e7,03b7099b3a2e4fe1603910a13391157947858877bf6db766bb602facf8922565,client_a_preview,0,"","",XVG/USD,"",0,confirmed,,,0,0,,,1780962912377,1780962953967,,1780962912377
2609,0x176c0538e460bf6185ab8a9377d7c02942f0a08dc81cb7a42fe8c5858cbf97f0,"",client_a_preview,0,"","",ARB/USD,82091100067170656,1780962888,failed,CrashRecovery,"daemon restarted with submitted transaction awaiting confirmation",0,0,,,,,1780963037977,1780962953964
2610,0xb71c561da41a93984cd09eed765c7d75d087a85da76c2666d90740fe03b63ada,ead2018fb21a938ddfb998383131802b9b543508a39f856eb46924986d0a3235,client_a_preview,0,"","",ARB/USD,"",0,confirmed,,,0,0,,,1780962972400,1780963011721,,1780962972400
2611,0xd78074641f0915587f6c30bbdb66cece8c395df05a4f59e1c899ef484f6f9325,7b44684455f2085db4bd371c2b31f326dd9aaf25066487fcb228933f71ed043f,client_a_preview,0,"","",SHIB/USD,"",0,confirmed,,,0,0,,,1780963061646,1780963114626,,1780963061646
2612,0xc76b2c0eb14cf636e33864c1e74e01021d274860409a1a0cf3497865026663c4,054df3c3606bd68a338578179f2ee7ed15e00c74f1d38b82f0628b516b66eef3,client_a_preview,0,"","",SHIB/USD,"",0,confirmed,,,0,0,,,1780963135229,1780963157846,,1780963135229
2613,0xc3516803176ec28f3025b957d0a2c1fcba766a274db00deb0b96224962033298,054df3c3606bd68a338578179f2ee7ed15e00c74f1d38b82f0628b516b66eef3,client_a_preview,0,"","",LTC/USD,"",0,confirmed,,,0,0,,,1780963135240,1780963157857,,1780963135240
2614,0x6528ef3d3cabb784d6865ec50c337e2b85717a794dc8150c2737c9d1dea7b7bd,054df3c3606bd68a338578179f2ee7ed15e00c74f1d38b82f0628b516b66eef3,client_a_preview,0,"","",DOGE/USD,"",0,confirmed,,,0,0,,,1780963135243,1780963157868,,1780963135243
2615,0x048b66a46c83394943c769041b72dd25400f4f66fde5c2351ec03191b0d03def,054df3c3606bd68a338578179f2ee7ed15e00c74f1d38b82f0628b516b66eef3,client_a_preview,0,"","",NEIRO/USD,"",0,failed,CrashRecovery,"daemon restarted with submitted transaction awaiting confirmation",0,0,,,1780963135252,,1780984601747,1780963135252
2616,0x048b66a46c83394943c769041b72dd25400f4f66fde5c2351ec03191b0d03def,"",client_a_preview,0,"","",NEIRO/USD,68988434300000,1780963091,failed,CrashRecovery,"daemon restarted with submitted transaction awaiting confirmation",0,0,,,,,1780984601747,1780963157890
2617,0xedc83a5cc87760a2179f92ae483ad78aa2a78626fc6b02ad379ffd6fe021e57f,f5571b37a563a872364d5f2e35c82d0bb7d4d0b51916161c39d7ce55588bf0c8,client_a_preview,0,"","",NEIRO/USD,"",0,confirmed,,,0,0,,,1780963176125,1780963220471,,1780963176125
2618,0xd4640646f386d5e7fc2fbdec0dddb568ff607617ca3e1bf7a787a8d6bf4f8b69,"",client_a_preview,0,"","",BTC/USD,63120370744620256067584,1780963069,failed,NonMonotonicNonce,"Intent for BTC/USD superseded on chain; not submitted.",0,0,,,,,1780963220459,1780963220459
2619,0xc3516803176ec28f3025b957d0a2c1fcba766a274db00deb0b96224962033298,"",client_a_preview,0,"","",LTC/USD,43212853550000005120,1780963068,failed,NonMonotonicNonce,"Intent for LTC/USD superseded on chain; not submitted.",0,0,,,,,1780963220466,1780963220466
2620,0x77d49a4d8e015aad836b168e422055139ccc3c965980e4490c93893182cd27d9,"",client_a_preview,0,"","",USDT/USD,999660000000000000,1780963298,failed,NonMonotonicNonce,"Oracle intent nonce must be greater than the current nonce.",0,0,,,,,1780963309953,1780963309953
2621,0x93e063cf74a78d53a9d50c274713163a6c329ff3f8d6cf92c4b9c34f671817d4,"",client_a_preview,0,"","",ETH/USD,1696333508205149159424,1780963215,failed,NonMonotonicNonce,"Intent for ETH/USD superseded on chain; not submitted.",0,0,,,,,1780963383590,1780963383590
2622,0xf6d79c180d1cf2741e5837fb2f1a77bcd3f9de6c96f77a1856ec7c4ed1027d94,"",client_a_preview,0,"","",USDC/USD,999759968150000064,1780963224,failed,NonMonotonicNonce,"Intent for USDC/USD superseded on chain; not submitted.",0,0,,,,,1780963383597,1780963383597
2623,0x7d0909c3ff96e30e08ea76dc1b5eb951b3a21129244ea8438169a5361961ca75,d2312724650976095ab8cbb874f7d97da973fd0d0df8d21b78d33d0d1eda402b,client_a_preview,0,"","",NEIRO/USD,"",0,confirmed,,,0,0,,,1780963456674,1780963515660,,1780963456674
2624,0xf6572a9da7fbbce3da7498a2d966286f0a2e1b9c3ab63063f22b395b33e8daa4,2106cc726c41149070e9eeff5babb2384a891e8e4708d14edeea0c5de2776a3d,client_a_preview,0,"","",USDT/USD,"",0,confirmed,,,0,0,,,1780963534302,1780963565954,,1780963534302
2625,0xc6bb9509729b8ac01e83651ebccb781045dacc6fb482ae877508ad557a608fa0,"",client_a_preview,0,"","",USDT/USD,999659993178082688,1780963557,failed,NonMonotonicNonce,"Intent for USDT/USD superseded on chain; not submitted.",0,0,,,,,1780963571102,1780963571102
2626,0x6998276979d308ebd0b4ca9ff0a6f362e1873c6e754fa4c2677f9e9c55af27be,"",client_a_preview,0,"","",XVG/USD,2582253342199125,1780963554,failed,NonMonotonicNonce,"Intent for XVG/USD superseded on chain; not submitted.",0,0,,,,,1780963571114,1780963571114
2627,0x3df6c17b86f2756e3816c202108b6fdee2949e6f3db097da5431a0228e26bac3,06e3199539099a25f7217bf3085018deb57b2c2c9a64f24cfdc5c774096c3ada,client_a_preview,0,"","",LTC/USD,"",0,confirmed,,,0,0,,,1780963624973,1780963710821,,1780963624973
2628,0x607430edc61853789c7c9345a561d4c9ba446222cc2193d1f85295fdbec73c49,"",client_a_preview,0,"","",LTC/USD,43157182062926794752,1780963707,failed,NonMonotonicNonce,"Intent for LTC/USD superseded on chain; not submitted.",0,0,,,,,1780963719106,1780963719106
2629,0x096ca3922e212a083e49fa825c447640b2c929ec7c650bc20cdf365f3c3eae94,"",client_a_preview,0,"","",SHIB/USD,4719658268750,1780963623,failed,NonMonotonicNonce,"Intent for SHIB/USD superseded on chain; not submitted.",0,0,,,,,1780963719115,1780963719115
2630,0xe2308685e958ace6d57139f90713f12302b8daf7a3ae9f47900e3c5a9672730a,"",client_a_preview,0,"","",NEIRO/USD,68677979323571,1780963651,failed,NonMonotonicNonce,"Intent for NEIRO/USD superseded on chain; not submitted.",0,0,,,,,1780963719124,1780963719124
2631,0xc47e276dac3b6eed32511983fca5be573d0c39a294adaf6e27836a977515768b,"",client_a_preview,0,"","",XVG/USD,2582253342199125,1780963663,failed,NonMonotonicNonce,"Intent for XVG/USD superseded on chain; not submitted.",0,0,,,,,1780963719132,1780963719132
2632,0x15a49aff5692bdbed7791aba6804cd66054cde953648e6608d5130aac9badd98,"",client_a_preview,0,"","",ARB/USD,82045922186978952,1780963692,failed,NonMonotonicNonce,"Intent for ARB/USD superseded on chain; not submitted.",0,0,,,,,1780963719136,1780963719136
2633,0x6f517469a7a50743e0f66fb3f5360c24e8a8d86cd3a08efb4b5cd9120cd6a0dc,4de5c77c23a9423cfbd548076cba04f67cd5a2061c0fd618a8a7ddf3912f480d,client_a_preview,0,"","",DOGE/USD,"",0,confirmed,,,0,0,,,1780963741462,1780963783403,,1780963741462
2634,0x8f7977781cac695c9e27320246dbb0b1d1afd52c8824abe5ca4f28e36c3d1a89,4de5c77c23a9423cfbd548076cba04f67cd5a2061c0fd618a8a7ddf3912f480d,client_a_preview,0,"","",SHIB/USD,"",0,confirmed,,,0,0,,,1780963741475,1780963783418,,1780963741475
2635,0x8478a4d5cc0f35c23251cfc1e46c0ae7715054d6e75af38f2f1c333e8d75eea2,06be4d205dac3f99f24993c77100d63012a2db48ca62c4e74c7ede18d73dee1b,client_a_preview,0,"","",DOGE/USD,"",0,failed,CrashRecovery,"daemon restarted with submitted transaction awaiting confirmation",0,0,,,1780963803052,,1780984601742,1780963803052
2636,0xaf1ae0e566183fb24d37d5bada258cf7f3ee772ffec71a16763a2fbe4ee0a4be,06be4d205dac3f99f24993c77100d63012a2db48ca62c4e74c7ede18d73dee1b,client_a_preview,0,"","",SHIB/USD,"",0,failed,CrashRecovery,"daemon restarted with submitted transaction awaiting confirmation",0,0,,,1780963803062,,1780984601737,1780963803062
2637,0x316750206f0875e444896549493e0f453a18285324c98262a1961055ef246e70,06be4d205dac3f99f24993c77100d63012a2db48ca62c4e74c7ede18d73dee1b,client_a_preview,0,"","",NEIRO/USD,"",0,confirmed,,,0,0,,,1780963803069,1780963846673,,1780963803069
2638,0xee8d3e31639d0a7513cd92e88f3c7b062c7ee91e7121498186897904f7e2080e,06be4d205dac3f99f24993c77100d63012a2db48ca62c4e74c7ede18d73dee1b,client_a_preview,0,"","",XVG/USD,"",0,failed,CrashRecovery,"daemon restarted with submitted transaction awaiting confirmation",0,0,,,1780963803074,,1780984601732,1780963803074
2639,0x8478a4d5cc0f35c23251cfc1e46c0ae7715054d6e75af38f2f1c333e8d75eea2,"",client_a_preview,0,"","",DOGE/USD,86410599124986608,1780963720,failed,CrashRecovery,"daemon restarted with submitted transaction awaiting confirmation",0,0,,,,,1780984601742,1780963846662
2640,0xaf1ae0e566183fb24d37d5bada258cf7f3ee772ffec71a16763a2fbe4ee0a4be,"",client_a_preview,0,"","",SHIB/USD,4719000000000,1780963721,failed,CrashRecovery,"daemon restarted with submitted transaction awaiting confirmation",0,0,,,,,1780984601737,1780963846670
2641,0xee8d3e31639d0a7513cd92e88f3c7b062c7ee91e7121498186897904f7e2080e,"",client_a_preview,0,"","",XVG/USD,2582253342199125,1780963763,failed,CrashRecovery,"daemon restarted with submitted transaction awaiting confirmation",0,0,,,,,1780984601732,1780963846692
2642,0x9290da46441c623cb1a06c1a87af6b214f67772d67d3191f59bea9d68f252dbe,fc9814eed5f3fb031cc7bd18548f1bfc99536a84ab586104158909d319795c72,client_a_preview,0,"","",ARB/USD,"",0,confirmed,,,0,0,,,1780963865536,1780963925452,,1780963865536
2643,0x0043679f3dddd476a8821a1a753975acbdfa5627169dd095f3a056fdbdc19d98,fc9814eed5f3fb031cc7bd18548f1bfc99536a84ab586104158909d319795c72,client_a_preview,0,"","",BTC/USD,"",0,failed,CrashRecovery,"daemon restarted with submitted transaction awaiting confirmation",0,0,,,1780963865547,,1780984601728,1780963865547
2644,0x9c2d79550cd97f9a951b0061162102c1c4e020f27835b8edeea47530d1bf7fb1,fc9814eed5f3fb031cc7bd18548f1bfc99536a84ab586104158909d319795c72,client_a_preview,0,"","",ETH/USD,"",0,failed,CrashRecovery,"daemon restarted with submitted transaction awaiting confirmation",0,0,,,1780963865553,,1780984601724,1780963865553
2645,0x0043679f3dddd476a8821a1a753975acbdfa5627169dd095f3a056fdbdc19d98,"",client_a_preview,0,"","",BTC/USD,63079003354487452598272,1780963816,failed,CrashRecovery,"daemon restarted with submitted transaction awaiting confirmation",0,0,,,,,1780984601728,1780963925473
2646,0x9c2d79550cd97f9a951b0061162102c1c4e020f27835b8edeea47530d1bf7fb1,"",client_a_preview,0,"","",ETH/USD,1693424157008133226496,1780963818,failed,CrashRecovery,"daemon restarted with submitted transaction awaiting confirmation",0,0,,,,,1780984601724,1780963925480
2647,0x344c5367a76fe540036bd06d3cffadea6005e016962e4109b8084ecadf64a768,1fe694f63d8529a6d59b33ece2637f0ac8622c0fed789e1e14640c14d39a7277,client_a_preview,0,"","",XVG/USD,"",0,confirmed,,,0,0,,,1780963943939,1780963967814,,1780963943939
2648,0xa16bae2f0efaef5832dc65224764924c41fc5bc44a9dffb3b23d56c8bd54c30f,1fe694f63d8529a6d59b33ece2637f0ac8622c0fed789e1e14640c14d39a7277,client_a_preview,0,"","",ARB/USD,"",0,failed,CrashRecovery,"daemon restarted with submitted transaction awaiting confirmation",0,0,,,1780963943954,,1780984601720,1780963943954
2649,0xa16bae2f0efaef5832dc65224764924c41fc5bc44a9dffb3b23d56c8bd54c30f,"",client_a_preview,0,"","",ARB/USD,82000000000000000,1780963906,failed,CrashRecovery,"daemon restarted with submitted transaction awaiting confirmation",0,0,,,,,1780984601720,1780963967836
2650,0x29e5908b8536ae7f40391aede953688e8580b22010fe1b6427f6df8c8cc35353,b228b322f37fdc4bfcd9441a68ac2f810d97c3fce93c4c650a7bf5677877e3e1,client_a_preview,0,"","",BTC/USD,"",0,confirmed,,,0,0,,,1780963986656,1780964028903,,1780963986656
2651,0xf75c3d5c53c548810942ffbb98c48aa50c588d2f8bd1a7555ecb00c7bcdf14c2,b228b322f37fdc4bfcd9441a68ac2f810d97c3fce93c4c650a7bf5677877e3e1,client_a_preview,0,"","",ETH/USD,"",0,confirmed,,,0,0,,,1780963986664,1780964028918,,1780963986664
2652,0x29e5908b8536ae7f40391aede953688e8580b22010fe1b6427f6df8c8cc35353,"",client_a_preview,0,"","",BTC/USD,63070354281530711343104,1780963929,failed,NonMonotonicNonce,"Intent for BTC/USD superseded on chain; not submitted.",0,0,,,,,1780964097783,1780964097783
2653,0xf75c3d5c53c548810942ffbb98c48aa50c588d2f8bd1a7555ecb00c7bcdf14c2,"",client_a_preview,0,"","",ETH/USD,1691624387564083609600,1780963931,failed,NonMonotonicNonce,"Intent for ETH/USD superseded on chain; not submitted.",0,0,,,,,1780964097795,1780964097795
2654,0x114b3174bfaf5ff79d11a498f820d2c7dce3a36a986acd9c9976ee105b99e5df,c3a762440b465e5ff02ae10da4115cbb36762d9eda6c560fd86171a3276a74b1,client_a_preview,0,"","",USDC/USD,"",0,failed,CrashRecovery,"daemon restarted with submitted transaction awaiting confirmation",0,0,,,1780964115188,,1780984601716,1780964115188
2655,0xcb7608b051f9653438189bae722dd46ae63fd6aaaadf5c4565de9fc512c9076e,c3a762440b465e5ff02ae10da4115cbb36762d9eda6c560fd86171a3276a74b1,client_a_preview,0,"","",NEIRO/USD,"",0,confirmed,,,0,0,,,1780964115205,1780964212945,,1780964115205
2656,0x114b3174bfaf5ff79d11a498f820d2c7dce3a36a986acd9c9976ee105b99e5df,"",client_a_preview,0,"","",USDC/USD,999754720251190080,1780964044,failed,CrashRecovery,"daemon restarted with submitted transaction awaiting confirmation",0,0,,,,,1780984601716,1780964212941
2657,0xcfa7fff56780a7c22bcc2eb3da046c2d791ff47b2de25622ead094a1f46ab471,d457d8a19f25f1d22a417efdd75908ff8727aab97f06bc228b118accb7ff3833,client_a_preview,0,"","",DOGE/USD,"",0,confirmed,,,0,0,,,1780964232392,1780964267581,,1780964232392
2658,0xeb3edd1187b9950b11548650b3cbfc44c0eeba3f87ab8213475aebae911925bd,d457d8a19f25f1d22a417efdd75908ff8727aab97f06bc228b118accb7ff3833,client_a_preview,0,"","",USDT/USD,"",0,confirmed,,,0,0,,,1780964232403,1780964267594,,1780964232403
2659,0xc5c4086755d1925bb8f93ffa89dbc9b8b1ae6934c45f1c909506ef6cbc2eb806,d457d8a19f25f1d22a417efdd75908ff8727aab97f06bc228b118accb7ff3833,client_a_preview,0,"","",NEIRO/USD,"",0,failed,CrashRecovery,"daemon restarted with submitted transaction awaiting confirmation",0,0,,,1780964232412,,1780984601712,1780964232412
2660,0x0047521306c5487cdaa942036a1d47209d701a6552aefe99e326477fa191bf2a,d457d8a19f25f1d22a417efdd75908ff8727aab97f06bc228b118accb7ff3833,client_a_preview,0,"","",XVG/USD,"",0,confirmed,,,0,0,,,1780964232417,1780964267630,,1780964232417
2661,0xc5c4086755d1925bb8f93ffa89dbc9b8b1ae6934c45f1c909506ef6cbc2eb806,"",client_a_preview,0,"","",NEIRO/USD,68535159406978,1780964182,failed,CrashRecovery,"daemon restarted with submitted transaction awaiting confirmation",0,0,,,,,1780984601712,1780964267617
2662,0x126c2109b7db3c0506fc28a8ba925b693ff0b2f2c2c7a9a7da1fb349c2b47e4a,edc0c5b8016612bb67854935a0f8b0c79c42d49148c7edb5ff80c4bac8c9007c,client_a_preview,0,"","",LTC/USD,"",0,failed,CrashRecovery,"daemon restarted with submitted transaction awaiting confirmation",0,0,,,1780964285960,,1780984601708,1780964285960
2663,0xea2b10c91b58998c02abc9baed2434bf84af97492f47e1530a8cee0b86d2746d,edc0c5b8016612bb67854935a0f8b0c79c42d49148c7edb5ff80c4bac8c9007c,client_a_preview,0,"","",DOGE/USD,"",0,confirmed,,,0,0,,,1780964285971,1780964332756,,1780964285971
2664,0x126c2109b7db3c0506fc28a8ba925b693ff0b2f2c2c7a9a7da1fb349c2b47e4a,"",client_a_preview,0,"","",LTC/USD,43122279472500002816,1780964244,failed,CrashRecovery,"daemon restarted with submitted transaction awaiting confirmation",0,0,,,,,1780984601708,1780964332752
2665,0x9ec868c531c81707fb47b2ecd898c12f0993563180e097a937d00f61a801d034,231d22acac96a05a7ed52a3bdf01b5458bf818f300c35aefe533a821678870b1,client_a_preview,0,"","",LTC/USD,"",0,confirmed,,,0,0,,,1780964369558,1780964406648,,1780964369558
2666,0x60100d62b5fce2fc5e8d1c4aba5ebba82791c997dbc43f3f2733c977d9676102,19f72888910c5199407cd2f08206901a963494efb12aa0e84b4a136bbb9b5d4d,client_a_preview,0,"","",NEIRO/USD,"",0,confirmed,,,0,0,,,1780964424531,1780964477927,,1780964424531
2667,0xb606af42ab4c065a044b044df7d9da206a2913c25f1801cfa2d0546766b7c451,"",client_a_preview,0,"","",SHIB/USD,4716047250000,1780964467,failed,NonMonotonicNonce,"Oracle intent nonce must be greater than the current nonce.",0,0,,,,,1780964484382,1780964484382
2668,0xe7cb444590387d9bb43cf6fcc5d9b0abfe3c46a5fa89b81d189e309d3c340569,c16e2abef1536dac705555001569d8c2d381a5fe0d4000f39eca49911d7ef516,client_a_preview,0,"","",ARB/USD,"",0,confirmed,,,0,0,,,1780964555917,1780964612942,,1780964555917
2669,0xe7cb444590387d9bb43cf6fcc5d9b0abfe3c46a5fa89b81d189e309d3c340569,"",client_a_preview,0,"","",ARB/USD,81977117890114424,1780964533,failed,BuilderError,"Oracle intent timestamp must be greater than the current timestamp.",0,0,,,,,1780964657667,1780964657667
2670,0x1c8d2f99b38cd8903fd9460345cb9a8aab7724919115b84478f006c072e7d874,2373a9f99cb920c0075a9fa2a746d3225621acc8c31ffd073b9cf0c309c5ef91,client_a_preview,0,"","",LTC/USD,"",0,confirmed,,,0,0,,,1780964677799,1780964729107,,1780964677799
2671,0xc78d6124f74368a02c3fb6c5f06ac742abd381f945d628b23cd81d6fc03dab6c,2373a9f99cb920c0075a9fa2a746d3225621acc8c31ffd073b9cf0c309c5ef91,client_a_preview,0,"","",BTC/USD,"",0,confirmed,,,0,0,,,1780964677807,1780964729120,,1780964677807
2672,0x53e1fba3cf4160766879f39bde61b99dc88bd85eb652d3e858e6934283a58302,2373a9f99cb920c0075a9fa2a746d3225621acc8c31ffd073b9cf0c309c5ef91,client_a_preview,0,"","",ETH/USD,"",0,failed,CrashRecovery,"daemon restarted with submitted transaction awaiting confirmation",0,0,,,1780964677812,,1780984601703,1780964677812
2673,0x53e1fba3cf4160766879f39bde61b99dc88bd85eb652d3e858e6934283a58302,"",client_a_preview,0,"","",ETH/USD,1689852871870639767552,1780964653,failed,CrashRecovery,"daemon restarted with submitted transaction awaiting confirmation",0,0,,,,,1780984601703,1780964729141
2674,0x7d7b087a9085a9d1f375e55d71a636c3352d0f70c6c5a49a2fe529aa1232eeba,6c24bb20593e7d5ab891327afb27c8425797d9037b440b36462f95f453e32bef,client_a_preview,0,"","",ETH/USD,"",0,confirmed,,,0,0,,,1780964749489,1780964781321,,1780964749489
2675,0xe92d1783cf60c657c24ad5f9ac0963177760237e7ef6fd0c26d416d53e2a61eb,6c24bb20593e7d5ab891327afb27c8425797d9037b440b36462f95f453e32bef,client_a_preview,0,"","",XVG/USD,"",0,confirmed,,,0,0,,,1780964749501,1780964781346,,1780964749501
2676,0xc78d6124f74368a02c3fb6c5f06ac742abd381f945d628b23cd81d6fc03dab6c,"",client_a_preview,0,"","",BTC/USD,63047128941458941280256,1780964654,failed,NonMonotonicNonce,"Intent for BTC/USD superseded on chain; not submitted.",0,0,,,,,1780964781340,1780964781340
2677,0xdcc24fc2add66a030a703c054909847ec82fa2ab46e0109b0c0b41e29694c41c,bd763b41e7815433fcec648abc9164c8045fa1f9049f72908d5546b210256deb,client_a_preview,0,"","",ETH/USD,"",0,confirmed,,,0,0,,,1780964800219,1780964835044,,1780964800219
2678,0xfd447d9daf4e3866baf58234f7c61cf7cad67df78b25a2941eca6a3e6748c62f,bd763b41e7815433fcec648abc9164c8045fa1f9049f72908d5546b210256deb,client_a_preview,0,"","",USDC/USD,"",0,confirmed,,,0,0,,,1780964800230,1780964835060,,1780964800230
2679,0x7bad2c5db319cb9ef7b159c8e6c13593eef6087a0536672c55de0f200f1a20c3,9623e2196f2ecb8ce31d6c7b641512b7eac57b5d73dce3490f1893f446f04893,client_a_preview,0,"","",NEIRO/USD,"",0,confirmed,,,0,0,,,1780964852399,1780964950100,,1780964852399
2680,0xfba050be10f4fafe189376b7931e4c22fa02aaa15d194cc53fa7ba4cc85089f9,3d2ef3781dc9d4af90a47e7da325177d68b26911fd1e163c9646fc35ebee0ac7,client_a_preview,0,"","",USDT/USD,"",0,confirmed,,,0,0,,,1780964969118,1780965026334,,1780964969118
2681,0x0bdd67562bbe152e97f530b300a1a8fdb90884e583aa15c64a4a405269f82da3,3d2ef3781dc9d4af90a47e7da325177d68b26911fd1e163c9646fc35ebee0ac7,client_a_preview,0,"","",NEIRO/USD,"",0,confirmed,,,0,0,,,1780964969131,1780965026350,,1780964969131
2682,0xbabd92d3756093a5e8976d9e1cbdc01fb32fde1a66ec7dcac8821a8aa89ae99b,d45669332dd5bb779f329b835dd006b90e25c239af65cf74f00d776db8455b02,client_a_preview,0,"","",DOGE/USD,"",0,confirmed,,,0,0,,,1780965045317,1780965099332,,1780965045317
2683,0xfba050be10f4fafe189376b7931e4c22fa02aaa15d194cc53fa7ba4cc85089f9,"",client_a_preview,0,"","",USDT/USD,999651247959887488,1780964924,failed,NonMonotonicNonce,"Intent for USDT/USD superseded on chain; not submitted.",0,0,,,,,1780965099328,1780965099328
2684,0x7c6f95cddcf8a9405947299f06b88d30cb9c92ac0988e552ccd3087d9f7f83bd,"",client_a_preview,0,"","",SHIB/USD,4713170557500,1780965088,failed,NonMonotonicNonce,"Oracle intent nonce must be greater than the current nonce.",0,0,,,,,1780965105837,1780965105837
2685,0x01fcc025a09e2e4f86761dc86d4a85f2937bcceb7634f4c1f385d09e6bd2e8d2,7842ee85c09e7da704b7ae2470f2ddd1a4c0d6255efd1f751ee9129b58aa8650,client_a_preview,0,"","",SHIB/USD,"",0,confirmed,,,0,0,,,1780965124815,1780965201174,,1780965124815
2686,0xcc9c51b6a65094e23726765bc7d35cb80a50a7b00bf07f0ebe2785e06281e001,886a9c01a293fd8461bec56e880b4507ab62d9a7d6cab1707e3b8e012732645a,client_a_preview,0,"","",XVG/USD,"",0,confirmed,,,0,0,,,1780965218944,1780965282174,,1780965218944
2687,0x01fcc025a09e2e4f86761dc86d4a85f2937bcceb7634f4c1f385d09e6bd2e8d2,"",client_a_preview,0,"","",SHIB/USD,4713146982500,1780965099,failed,NonMonotonicNonce,"Intent for SHIB/USD superseded on chain; not submitted.",0,0,,,,,1780965282169,1780965282169
2688,0x750f539b7e9bc40c9a2a29baba00e0dfc33889faf7e94f2539d5a37e73f97521,94e2b33a3f5b49fc69531adde72ab7b8ed09338fe02d23e8e15d373c22b55d84,client_a_preview,0,"","",NEIRO/USD,"",0,confirmed,,,0,0,,,1780965300871,1780965398151,,1780965300871
2689,0xae04e19b7f572ef5606b3adf326258d88aa368b8c16610332d63e17cdd741fa9,94e2b33a3f5b49fc69531adde72ab7b8ed09338fe02d23e8e15d373c22b55d84,client_a_preview,0,"","",XVG/USD,"",0,confirmed,,,0,0,,,1780965300882,1780965398163,,1780965300882
2690,0x9fea8d6dab47fd7013972ab532cbd3c0684ed56d8775d032e644bcbda16a5596,b1456e516cf95e9209120080321e975552f4da2265999dc918f197dad4d3aec6,client_a_preview,0,"","",ARB/USD,"",0,confirmed,,,0,0,,,1780965419338,1780965447762,,1780965419338
2691,0x319151e7ca69fe982482e4e52f4bb38955bbba62827debbe0e241abc04054485,b1456e516cf95e9209120080321e975552f4da2265999dc918f197dad4d3aec6,client_a_preview,0,"","",NEIRO/USD,"",0,confirmed,,,0,0,,,1780965419349,1780965447789,,1780965419349
2692,0x3badf9a90eed7c678c651d4212b593ee21ee2b26b4efd141eacf95b1371c631e,cdf8706762dd19cb567f8f321899adda841ec000cea7ddf03ae94a647307b5e8,client_a_preview,0,"","",LTC/USD,"",0,confirmed,,,0,0,,,1780965467702,1780965581728,,1780965467702
2693,0x9fa54b92ef67be1ffdf64dc57f181c27e88bea1424aaabc241cb83b8ba3f41f5,cdf8706762dd19cb567f8f321899adda841ec000cea7ddf03ae94a647307b5e8,client_a_preview,0,"","",BTC/USD,"",0,confirmed,,,0,0,,,1780965467713,1780965581742,,1780965467713
2694,0xe1e10fede612567bc683ac92b6f46b344cf358b141f631717d2c2bdcc2b30a28,"",client_a_preview,0,"","",ETH/USD,1687271126942984044544,1780965515,failed,NonMonotonicNonce,"Intent for ETH/USD superseded on chain; not submitted.",0,0,,,,,1780965588298,1780965588298
2695,0xbc238733fe2812cc2bff29e46ab1b3f0a5ca1d80f6d1196681fe12df17bb4451,"",client_a_preview,0,"","",USDC/USD,999749965000000000,1780965522,failed,NonMonotonicNonce,"Intent for USDC/USD superseded on chain; not submitted.",0,0,,,,,1780965588307,1780965588307
2696,0x2163e47afbf38f408c7029b42f546897a69c234ec6c0ad53a2471dd323c73ab1,"",client_a_preview,0,"","",XVG/USD,2566258155301882,1780965568,failed,NonMonotonicNonce,"Intent for XVG/USD superseded on chain; not submitted.",0,0,,,,,1780965588326,1780965588326
2697,0xf03526f84e798bd2bed296502a8e7360a312c5853e8d21e422c68db3ef587d1e,0ae70188834fd27a55f6eb47f60ef69dad9cbcdc6140c42154748a732532bd0c,client_a_preview,0,"","",ETH/USD,"",0,confirmed,,,0,0,,,1780965642722,1780965686577,,1780965642722
2698,0x3880cab400ce265c1861f259556f88b880adeaaa6e45ad6ab7b4be3554fc70a3,28f8e4936ee40f513423e5bb34a09db787b45d6d3da70ba3d9cc47456f6eeddf,client_a_preview,0,"","",USDC/USD,"",0,confirmed,,,0,0,,,1780965708247,1780965809016,,1780965708247
2699,0x27c37b8de94d8dff8a3b02f0c054b96af803fc266fe2ae9ef4a5c28c9e6d210a,28f8e4936ee40f513423e5bb34a09db787b45d6d3da70ba3d9cc47456f6eeddf,client_a_preview,0,"","",NEIRO/USD,"",0,confirmed,,,0,0,,,1780965708254,1780965809040,,1780965708254
2700,0xf01046da26f9d8b8d361e0f1a92bd63f0e6d986d4e85807dfc662a80210fd6e5,28f8e4936ee40f513423e5bb34a09db787b45d6d3da70ba3d9cc47456f6eeddf,client_a_preview,0,"","",XVG/USD,"",0,confirmed,,,0,0,,,1780965708262,1780965809049,,1780965708262
2701,0x60d7c1b04dff3050118f7bf7c78187783d022068e02a48f2debbcdc97c04bbf4,28f8e4936ee40f513423e5bb34a09db787b45d6d3da70ba3d9cc47456f6eeddf,client_a_preview,0,"","",USDT/USD,"",0,confirmed,,,0,0,,,1780965708268,1780965809060,,1780965708268
2702,0xf03526f84e798bd2bed296502a8e7360a312c5853e8d21e422c68db3ef587d1e,"",client_a_preview,0,"","",ETH/USD,1686439539500000215040,1780965621,failed,NonMonotonicNonce,"Intent for ETH/USD superseded on chain; not submitted.",0,0,,,,,1780965809036,1780965809036
2703,0x75203cf624ac4b8fddb63c2e0393fc49bf3bbe7ea8d3e2c7f16c715fedbaf235,c03cd8efe50c45932023048540c8faf837cd8448df64c01a3fb751278e0714fa,client_a_preview,0,"","",USDC/USD,"",0,confirmed,,,0,0,,,1780965830103,1780965883764,,1780965830103
2704,0x3605cb4df0e35e28d8a5ec7a1d593d5d7d6be3864e65ea35a7751c4f4a4aa6d0,c03cd8efe50c45932023048540c8faf837cd8448df64c01a3fb751278e0714fa,client_a_preview,0,"","",USDT/USD,"",0,confirmed,,,0,0,,,1780965830114,1780965883778,,1780965830114
2705,0xaecc3ea9f2f517c2a4f49a0725296e852305ff5506aea81758cb6632d36af70a,c03cd8efe50c45932023048540c8faf837cd8448df64c01a3fb751278e0714fa,client_a_preview,0,"","",DOGE/USD,"",0,confirmed,,,0,0,,,1780965830120,1780965883788,,1780965830120
2706,0x24b18c952db294fa9f63a7ffc3827ed2e46d98c7ab0bb4967399b7afe401916e,c03cd8efe50c45932023048540c8faf837cd8448df64c01a3fb751278e0714fa,client_a_preview,0,"","",NEIRO/USD,"",0,confirmed,,,0,0,,,1780965830125,1780965883797,,1780965830125
2707,0x2709d807789058ae5d1e3056bb812bffdb17cd6a63ea238d3bfe6ec8beaaaa1e,c03cd8efe50c45932023048540c8faf837cd8448df64c01a3fb751278e0714fa,client_a_preview,0,"","",XVG/USD,"",0,confirmed,,,0,0,,,1780965830131,1780965883807,,1780965830131
2708,0xdfc64c99c47aa8ba916668817a601ab2a0f3bb7e036693164c35f79f3765d1d0,f6e39938a9fc80fec44c401c8952ab6ac80894f2daab96b76245ecb31c16a90b,client_a_preview,0,"","",DOGE/USD,"",0,confirmed,,,0,0,,,1780965901261,1780965942198,,1780965901261
2709,0x9132d96fc8d38a346c9181532c0dd8db68291d2ae9fca6deebd43afe2886d7df,f6e39938a9fc80fec44c401c8952ab6ac80894f2daab96b76245ecb31c16a90b,client_a_preview,0,"","",SHIB/USD,"",0,confirmed,,,0,0,,,1780965901266,1780965942210,,1780965901266
2710,0x963909f2448715cd4e8bda690605c0a6115d5ea256d0adfd2615c615164ae624,cd499dcfeaa94c8ea0562604212d302e2ccc87e17e1aedbe2b86b80ce3eee500,client_a_preview,0,"","",ARB/USD,"",0,confirmed,,,0,0,,,1780965961466,1780965995994,,1780965961466
2711,0xb2d76996670d85f7e76e8e7564db995e6673022e111bbf57a33ba8a9136eaa4c,cd499dcfeaa94c8ea0562604212d302e2ccc87e17e1aedbe2b86b80ce3eee500,client_a_preview,0,"","",LTC/USD,"",0,confirmed,,,0,0,,,1780965961478,1780965996005,,1780965961478
2712,0x9132d96fc8d38a346c9181532c0dd8db68291d2ae9fca6deebd43afe2886d7df,"",client_a_preview,0,"","",SHIB/USD,4707851675000,1780965835,failed,NonMonotonicNonce,"Intent for SHIB/USD superseded on chain; not submitted.",0,0,,,,,1780965995988,1780965995988
2713,0x875182f7b6b49988216bedc349dce8b0de6805c26f33f590899aacd6c8b315c0,daa29007126163ec01d28b1350f95274ffcd9e98e4bce09c4d02944b6a8a02f6,client_a_preview,0,"","",NEIRO/USD,"",0,confirmed,,,0,0,,,1780966013398,1780966082987,,1780966013398
2714,0xa619e62b4377a96691ae319e559e9b635ea3cd2d89b26c89db648af401c097e4,daa29007126163ec01d28b1350f95274ffcd9e98e4bce09c4d02944b6a8a02f6,client_a_preview,0,"","",XVG/USD,"",0,confirmed,,,0,0,,,1780966013411,1780966083004,,1780966013411
2715,0xae88564e6c1c3cd26071c6e4fcd39eb46f57ef914c00eba1556bc2bdf01a8bef,a8b3285fcc221aa1d45888d93950f37a2d9592720d26497f580e6ff31d7e93e8,client_a_preview,0,"","",ETH/USD,"",0,confirmed,,,0,0,,,1780966103699,1780966138635,,1780966103699
2716,0xa8df83d43a345685c23d724c0f88885d3d1e3a2d152cc058fcf4f8b1b2eb981e,a8b3285fcc221aa1d45888d93950f37a2d9592720d26497f580e6ff31d7e93e8,client_a_preview,0,"","",DOGE/USD,"",0,confirmed,,,0,0,,,1780966103710,1780966138652,,1780966103710
2717,0xb8e54f41aa2391cb053e9341c103d81ac0943da32c223161bafb436f13282b50,a8b3285fcc221aa1d45888d93950f37a2d9592720d26497f580e6ff31d7e93e8,client_a_preview,0,"","",SHIB/USD,"",0,confirmed,,,0,0,,,1780966103718,1780966138663,,1780966103718
2718,0xe461185473f9b1896f9c1e5fa77f40b1254a7780cfdbcfcc5fd54f5bf400a19b,a8b3285fcc221aa1d45888d93950f37a2d9592720d26497f580e6ff31d7e93e8,client_a_preview,0,"","",NEIRO/USD,"",0,confirmed,,,0,0,,,1780966103723,1780966138673,,1780966103723
2719,0x5a317a8314a98168052b8c43ab74904b92773f3ae37c1dbe570c5b92275b0b31,a8b3285fcc221aa1d45888d93950f37a2d9592720d26497f580e6ff31d7e93e8,client_a_preview,0,"","",XVG/USD,"",0,failed,CrashRecovery,"daemon restarted with submitted transaction awaiting confirmation",0,0,,,1780966103728,,1780984601699,1780966103728
2720,0x5a317a8314a98168052b8c43ab74904b92773f3ae37c1dbe570c5b92275b0b31,"",client_a_preview,0,"","",XVG/USD,2557219692755463,1780966079,failed,CrashRecovery,"daemon restarted with submitted transaction awaiting confirmation",0,0,,,,,1780984601699,1780966138686
2721,0xfe07edeafe72d3b90829f31eac6cc9359848def34fc18f4f7a9edc44c9eac0b5,f9734dae53b22a9509396799ba39f431da41189470f4681d98f3176cf1523523,client_a_preview,0,"","",ARB/USD,"",0,confirmed,,,0,0,,,1780966159073,1780966218504,,1780966159073
2722,0xd363ee5ff44fe3ef756cdf5fc920752d4500b9a1225b746c2eb83eec1aa8f231,f9734dae53b22a9509396799ba39f431da41189470f4681d98f3176cf1523523,client_a_preview,0,"","",LTC/USD,"",0,confirmed,,,0,0,,,1780966159079,1780966218520,,1780966159079
2723,0x35938fe104b39acfe258f4fe14d1b1401a0f5fb634e309bd69094ce476c4f5ff,f9734dae53b22a9509396799ba39f431da41189470f4681d98f3176cf1523523,client_a_preview,0,"","",BTC/USD,"",0,confirmed,,,0,0,,,1780966159088,1780966218536,,1780966159088
2724,0x51edb2aa663974a991d493895a6e9269cab86bfb712000ee8bbbdd9214a4810b,f9734dae53b22a9509396799ba39f431da41189470f4681d98f3176cf1523523,client_a_preview,0,"","",ETH/USD,"",0,confirmed,,,0,0,,,1780966159093,1780966218547,,1780966159093
2725,0x8516e1108c7a358537379e6c5a507baf93d9b3d06d4e2ea2ebe2d90d7afb2865,e0bc9e56bbbbb7d2426249982de505b6514a371201ff3081db984dcfd00936e5,client_a_preview,0,"","",DOGE/USD,"",0,confirmed,,,0,0,,,1780966239336,1780966270664,,1780966239336
2726,0xe7a5b0b26293ce10f1481ddfc8215cb628d1087bf404cebc928323261e71259c,e0bc9e56bbbbb7d2426249982de505b6514a371201ff3081db984dcfd00936e5,client_a_preview,0,"","",SHIB/USD,"",0,confirmed,,,0,0,,,1780966239345,1780966270678,,1780966239345
2727,0xb529cff4862231162e38a9d355d1a788a56394b30c17c67d136c000d1a3ff500,e0bc9e56bbbbb7d2426249982de505b6514a371201ff3081db984dcfd00936e5,client_a_preview,0,"","",NEIRO/USD,"",0,confirmed,,,0,0,,,1780966239349,1780966270688,,1780966239349
2728,0xcfc7f43cb18164455243ecd686008853034ab93c9be5d91f7d5c5028bc040f0f,e0bc9e56bbbbb7d2426249982de505b6514a371201ff3081db984dcfd00936e5,client_a_preview,0,"","",ARB/USD,"",0,failed,CrashRecovery,"daemon restarted with submitted transaction awaiting confirmation",0,0,,,1780966239354,,1780984601695,1780966239354
2729,0x35938fe104b39acfe258f4fe14d1b1401a0f5fb634e309bd69094ce476c4f5ff,"",client_a_preview,0,"","",BTC/USD,62920241095952501309440,1780966131,failed,NonMonotonicNonce,"Intent for BTC/USD superseded on chain; not submitted.",0,0,,,,,1780966270702,1780966270702
2730,0xcfc7f43cb18164455243ecd686008853034ab93c9be5d91f7d5c5028bc040f0f,"",client_a_preview,0,"","",ARB/USD,81344171721471792,1780966214,failed,CrashRecovery,"daemon restarted with submitted transaction awaiting confirmation",0,0,,,,,1780984601695,1780966270705
2731,0xd236ad9550aeb0d68e3904d45249b4411e7539df9594024ced38feffce96bffb,772fbda52e3b16166797b8e91dc7f8be66a3a5067ae1b302ee8dc49d5c6a4baf,client_a_preview,0,"","",ARB/USD,"",0,confirmed,,,0,0,,,1780966291384,1780966363051,,1780966291384
2732,0xb8e9a9ce41339e5674e8e9916a675a78a5d42bc5ff944c7ba721559fe6810486,772fbda52e3b16166797b8e91dc7f8be66a3a5067ae1b302ee8dc49d5c6a4baf,client_a_preview,0,"","",LTC/USD,"",0,confirmed,,,0,0,,,1780966291395,1780966363065,,1780966291395
2733,0x0c5891d6ef9afc9c3759edc150a1d739d0eaae27557972745c0ecc8ee1033b7b,772fbda52e3b16166797b8e91dc7f8be66a3a5067ae1b302ee8dc49d5c6a4baf,client_a_preview,0,"","",ETH/USD,"",0,confirmed,,,0,0,,,1780966291400,1780966363076,,1780966291400
2734,0xdda1ee7748e0a59ae583878f6a95b05c879ed2dca69ccb024d3d127ee79fa58e,772fbda52e3b16166797b8e91dc7f8be66a3a5067ae1b302ee8dc49d5c6a4baf,client_a_preview,0,"","",DOGE/USD,"",0,confirmed,,,0,0,,,1780966291412,1780966363083,,1780966291412
2735,0x11d710f1a05d3834c3a1fa6c221efc641dfbd9ccb98016cdcfc90f921753de65,772fbda52e3b16166797b8e91dc7f8be66a3a5067ae1b302ee8dc49d5c6a4baf,client_a_preview,0,"","",SHIB/USD,"",0,confirmed,,,0,0,,,1780966291419,1780966363091,,1780966291419
2736,0x0dcc0232673d79da9189ed4239759a187f57efd2be640b6d70c5077c762cf547,64aea0a259b181623b8e1b66e5bd71927139e0a18d6e1f7c3b5683c3e8f56bc9,client_a_preview,0,"","",NEIRO/USD,"",0,confirmed,,,0,0,,,1780966386848,1780966428334,,1780966386848
2737,0x3e535c921d827c33276c4013dc60d4d98d8e3a0ca6936d744054d34bd3c28f78,64aea0a259b181623b8e1b66e5bd71927139e0a18d6e1f7c3b5683c3e8f56bc9,client_a_preview,0,"","",ARB/USD,"",0,confirmed,,,0,0,,,1780966386861,1780966428352,,1780966386861
2738,0xfad04cb07c6de74f8cd6adb26d577bb391b5d29b41fa700cb527d43b49be877c,64aea0a259b181623b8e1b66e5bd71927139e0a18d6e1f7c3b5683c3e8f56bc9,client_a_preview,0,"","",LTC/USD,"",0,confirmed,,,0,0,,,1780966386869,1780966428373,,1780966386869
2739,0x9ce71d671a54cf1d0a1514f1e527c039d39dcf86050785d54aa1a6edf65af822,64aea0a259b181623b8e1b66e5bd71927139e0a18d6e1f7c3b5683c3e8f56bc9,client_a_preview,0,"","",BTC/USD,"",0,confirmed,,,0,0,,,1780966386876,1780966428382,,1780966386876
2740,0x6d25178255e748f8999f83a20001b5f216204f21eb78d37abb783e281da156a9,64aea0a259b181623b8e1b66e5bd71927139e0a18d6e1f7c3b5683c3e8f56bc9,client_a_preview,0,"","",ETH/USD,"",0,confirmed,,,0,0,,,1780966386881,1780966428391,,1780966386881
2741,0x0f60a5ecc99d73d1ed4bca16067f70359a41902744fde1b0716a1d4dcc46ca62,64aea0a259b181623b8e1b66e5bd71927139e0a18d6e1f7c3b5683c3e8f56bc9,client_a_preview,0,"","",DOGE/USD,"",0,confirmed,,,0,0,,,1780966386885,1780966428399,,1780966386885
2742,0xcd696f2afe6c839ededa6338e2a322390983c68dbccc32cfdd0f432101871c61,64aea0a259b181623b8e1b66e5bd71927139e0a18d6e1f7c3b5683c3e8f56bc9,client_a_preview,0,"","",SHIB/USD,"",0,confirmed,,,0,0,,,1780966386890,1780966428412,,1780966386890
2743,0xe77e5a3b4a2381b664bfb0bf11fc887b1805f07e6736afa2c7ba263d2fbd80cc,fd91f89a3a2e22264a29c425002170f2fb42ec42425f9a56d8f117ed7ed8a210,client_a_preview,0,"","",NEIRO/USD,"",0,confirmed,,,0,0,,,1780966445913,1780966600050,,1780966445913
2744,0x869abae6d93a582850ca40586bfcc9df39ccc58424bb31693d5d1b59df26a578,fd91f89a3a2e22264a29c425002170f2fb42ec42425f9a56d8f117ed7ed8a210,client_a_preview,0,"","",ARB/USD,"",0,failed,CrashRecovery,"daemon restarted with submitted transaction awaiting confirmation",0,0,,,1780966445924,,1780984601691,1780966445924
2745,0x869abae6d93a582850ca40586bfcc9df39ccc58424bb31693d5d1b59df26a578,"",client_a_preview,0,"","",ARB/USD,81171782567220744,1780966422,failed,CrashRecovery,"daemon restarted with submitted transaction awaiting confirmation",0,0,,,,,1780984601691,1780966600065
2746,0x45d535ac820477951c822ea5e2e8245b5c984904f59947df4086ed1e7f9b18d1,8caa37ea9a6b2d853c54809d1bdfb41f4cca99a05182b97b8624b35ecc61c9b0,client_a_preview,0,"","",ETH/USD,"",0,confirmed,,,0,0,,,1780966622078,1780966685444,,1780966622078
2747,0x56fbd57f48e318a8a0f26a1dfa917d9befc01015f0450d869096e52708c6e886,8caa37ea9a6b2d853c54809d1bdfb41f4cca99a05182b97b8624b35ecc61c9b0,client_a_preview,0,"","",BTC/USD,"",0,confirmed,,,0,0,,,1780966622090,1780966685461,,1780966622090
2748,0xa45ae27fa7028b6c96c9f26787f9059b28d8709fa6312a892a0ab2e6af1ec951,8caa37ea9a6b2d853c54809d1bdfb41f4cca99a05182b97b8624b35ecc61c9b0,client_a_preview,0,"","",NEIRO/USD,"",0,confirmed,,,0,0,,,1780966622097,1780966685475,,1780966622097
2749,0x51df1d40f819bc67ba8c2616721865f4680b7a81c32c298b7f67c4d237dffbc5,8caa37ea9a6b2d853c54809d1bdfb41f4cca99a05182b97b8624b35ecc61c9b0,client_a_preview,0,"","",USDC/USD,"",0,confirmed,,,0,0,,,1780966622105,1780966685487,,1780966622105
2750,0xec8655954561dd875278afa5f22515fea520764dca4d5d6c58d3486afca475a5,8caa37ea9a6b2d853c54809d1bdfb41f4cca99a05182b97b8624b35ecc61c9b0,client_a_preview,0,"","",USDT/USD,"",0,confirmed,,,0,0,,,1780966622111,1780966685497,,1780966622111
2751,0xe517942e77d6c8e1fcafdd61541994f224c848fd479c7173e2ed1846a5a2406a,8caa37ea9a6b2d853c54809d1bdfb41f4cca99a05182b97b8624b35ecc61c9b0,client_a_preview,0,"","",XVG/USD,"",0,confirmed,,,0,0,,,1780966622116,1780966685506,,1780966622116
2752,0xf2f038c4a2ed73670e5a9f49354433a5a4f5d4c35045343abcb1748d1feef0c1,e17b8c3c434cf17ee0048e312157936ddde2f691fa0cd5a3e2f0cd3fd2aa315d,client_a_preview,0,"","",NEIRO/USD,"",0,confirmed,,,0,0,,,1780966712586,1780966789242,,1780966712586
2753,0x153c6d40e82856164ed22caae3b071f9043a135288647fd08c22f4cc276a0c8f,e17b8c3c434cf17ee0048e312157936ddde2f691fa0cd5a3e2f0cd3fd2aa315d,client_a_preview,0,"","",XVG/USD,"",0,confirmed,,,0,0,,,1780966712598,1780966789259,,1780966712598
2754,0x93fe1f910f1e29b5b150dd63233f5ca6126bc47ef8aa501e77286e989fd94df7,e17b8c3c434cf17ee0048e312157936ddde2f691fa0cd5a3e2f0cd3fd2aa315d,client_a_preview,0,"","",USDC/USD,"",0,confirmed,,,0,0,,,1780966712607,1780966789274,,1780966712607
2755,0x72a152bde1822f8a061f74440cc90ad52885d8e918e9e97dc49e90a9f52a5976,e17b8c3c434cf17ee0048e312157936ddde2f691fa0cd5a3e2f0cd3fd2aa315d,client_a_preview,0,"","",USDT/USD,"",0,confirmed,,,0,0,,,1780966712615,1780966789304,,1780966712615
2756,0x60ba040ed28bb01a547aa1f872dbd395f20d6634641992dd064aac248e8baa0a,e17b8c3c434cf17ee0048e312157936ddde2f691fa0cd5a3e2f0cd3fd2aa315d,client_a_preview,0,"","",ARB/USD,"",0,confirmed,,,0,0,,,1780966712620,1780966789315,,1780966712620
2757,0x70cc0f13ccfc2e81bf92fa9de8917a953d9b22633b430938106e146d316ab0bb,e17b8c3c434cf17ee0048e312157936ddde2f691fa0cd5a3e2f0cd3fd2aa315d,client_a_preview,0,"","",LTC/USD,"",0,confirmed,,,0,0,,,1780966712627,1780966789322,,1780966712627
2758,0x3b3014dd239393354bc8ba90335bbe0dda86fbd7f8dc9eadeee41237e0b0a1cd,e17b8c3c434cf17ee0048e312157936ddde2f691fa0cd5a3e2f0cd3fd2aa315d,client_a_preview,0,"","",BTC/USD,"",0,confirmed,,,0,0,,,1780966712631,1780966789333,,1780966712631
2759,0x38a3d3f8a676c3a2958d02d378998de495c036f25100f06de7f63048708eb80e,e17b8c3c434cf17ee0048e312157936ddde2f691fa0cd5a3e2f0cd3fd2aa315d,client_a_preview,0,"","",ETH/USD,"",0,confirmed,,,0,0,,,1780966712636,1780966789345,,1780966712636
2760,0x67cef5eaf4dc8775240d25de31d7531a424c1e20ee673c030d9cdbd5c4eb529c,e17b8c3c434cf17ee0048e312157936ddde2f691fa0cd5a3e2f0cd3fd2aa315d,client_a_preview,0,"","",DOGE/USD,"",0,confirmed,,,0,0,,,1780966712642,1780966789355,,1780966712642
2761,0x7054d58e9fbcbd52d800c54c2e933a00155a3098e69c2ae7e741d9d0de3a519b,e17b8c3c434cf17ee0048e312157936ddde2f691fa0cd5a3e2f0cd3fd2aa315d,client_a_preview,0,"","",SHIB/USD,"",0,confirmed,,,0,0,,,1780966712649,1780966789366,,1780966712649
2762,0x9e5916fd28f402fc52108dd3750fe32ae2ef2e35dc873378d000c204a0cb00da,8c8363353513d191926768fae0c2ea952bc375017966c334c53c81b890764859,client_a_preview,0,"","",NEIRO/USD,"",0,confirmed,,,0,0,,,1780966811500,1780966833922,,1780966811500
2763,0xc156b9a100edfce1056fc0dda9f77ee840699a8e2d7bbe9449e53cfda5b03453,8c8363353513d191926768fae0c2ea952bc375017966c334c53c81b890764859,client_a_preview,0,"","",ARB/USD,"",0,confirmed,,,0,0,,,1780966811511,1780966833937,,1780966811511
2764,0x93a452c00e5522fec558638e9e9490066c866ca94fda4bab94536ecdbc925bac,8c8363353513d191926768fae0c2ea952bc375017966c334c53c81b890764859,client_a_preview,0,"","",LTC/USD,"",0,confirmed,,,0,0,,,1780966811515,1780966833949,,1780966811515
2765,0x0bd47bc25f8f18db5f1382a6746fdfe66f2b3fbb8c22a57400c4ee819554752f,8c8363353513d191926768fae0c2ea952bc375017966c334c53c81b890764859,client_a_preview,0,"","",ETH/USD,"",0,confirmed,,,0,0,,,1780966811520,1780966833959,,1780966811520
2766,0xe883f36f40083d5d52542b3024791b7c6f5006498e7c7f1702c192b0deff3e79,8c8363353513d191926768fae0c2ea952bc375017966c334c53c81b890764859,client_a_preview,0,"","",DOGE/USD,"",0,confirmed,,,0,0,,,1780966811523,1780966833968,,1780966811523
2767,0x046943393e50ec17e7a0ebf781bcde236a551f38a3109e04b539fe54903f4bd8,8c8363353513d191926768fae0c2ea952bc375017966c334c53c81b890764859,client_a_preview,0,"","",SHIB/USD,"",0,confirmed,,,0,0,,,1780966811528,1780966833977,,1780966811528
2768,0x40d74761ba8d2e90a2996f1f8999e6fc149a8efd04bbe96656e0ad33118bb47b,0fd33b3504512523c58d77d229efb4d9aad33979f3098b8691a4c0aaba011b36,client_a_preview,0,"","",NEIRO/USD,"",0,confirmed,,,0,0,,,1780966852522,1780966899977,,1780966852522
2769,0xd2f07ca00499ea921b886e374375d9515b6139fab83e9476c551bad74ee006a6,70424b31991bd827a666ae293ca4a5add207a9a1f7c3b6cad6d979cbb266dc26,client_a_preview,0,"","",LTC/USD,"",0,confirmed,,,0,0,,,1780966917731,1780967015407,,1780966917731
2770,0xc35f7ca51cc2993eb2aeba4abd736e0ae63d2336af21868c9276ba34fb9053f7,70424b31991bd827a666ae293ca4a5add207a9a1f7c3b6cad6d979cbb266dc26,client_a_preview,0,"","",DOGE/USD,"",0,confirmed,,,0,0,,,1780966917741,1780967015424,,1780966917741
2771,0xe40f1e466ee090d39234042334b5b524de03ba2cf1191c4f64ed00d73c60831a,221173b9af5552c626f9ffb2a4325922499ab9de9aa9cf41f17493675dd4afac,client_a_preview,0,"","",NEIRO/USD,"",0,confirmed,,,0,0,,,1780967036296,1780967077293,,1780967036296
2772,0x696c543aee2811fe421ffa07fb5074f23b51da792ae7171b285213650d4d1d37,221173b9af5552c626f9ffb2a4325922499ab9de9aa9cf41f17493675dd4afac,client_a_preview,0,"","",ARB/USD,"",0,confirmed,,,0,0,,,1780967036307,1780967077310,,1780967036307
2773,0xc49db2b392e8acc9ac3f21f66ccd37e88bc799783de8a2fdfaaaa5e0b28857ce,221173b9af5552c626f9ffb2a4325922499ab9de9aa9cf41f17493675dd4afac,client_a_preview,0,"","",LTC/USD,"",0,confirmed,,,0,0,,,1780967036314,1780967077342,,1780967036314
2774,0x250bac2b022beb2be3154d01473dfd25d8a7aea63908f0b9070c512ed0a1c1d7,221173b9af5552c626f9ffb2a4325922499ab9de9aa9cf41f17493675dd4afac,client_a_preview,0,"","",ETH/USD,"",0,confirmed,,,0,0,,,1780967036322,1780967077350,,1780967036322
2775,0xf46c5691e8ed5fdd40cd772c7a1b4c0d49a6a94c0a3f037c4f74da70e36cfd38,221173b9af5552c626f9ffb2a4325922499ab9de9aa9cf41f17493675dd4afac,client_a_preview,0,"","",DOGE/USD,"",0,confirmed,,,0,0,,,1780967036328,1780967077359,,1780967036328
2776,0xf8d6f3dfd39644bf2190fd0a18c9291510d81cbb3d97f2b8c08fd2810ce66358,b73e6757202823a3b62deaf95c30620f050214559e0cf206720019be59402a9c,client_a_preview,0,"","",NEIRO/USD,"",0,confirmed,,,0,0,,,1780967094856,1780967135407,,1780967094856
2777,0xade3dd552701f71f7ec515b35956b2551ba2f32c26d75180ff6bbde9d0cf8a29,b73e6757202823a3b62deaf95c30620f050214559e0cf206720019be59402a9c,client_a_preview,0,"","",ARB/USD,"",0,confirmed,,,0,0,,,1780967094867,1780967135420,,1780967094867
2778,0xdcbc7b3bba8d1e8c714e649d77f00dca9b79bbb89acb24590d79b975a6f8e5cc,"",client_a_preview,0,"","",NEIRO/USD,66989380247866,1780967122,failed,NonMonotonicNonce,"Oracle intent nonce must be greater than the current nonce.",0,0,,,,,1780967141819,1780967141819
2779,0x9e31e234d654988feaa2051f3edc23671545a7e5dac9862340f5772d9a5035c0,"",client_a_preview,0,"","",ARB/USD,80675060343249400,1780967163,failed,NonMonotonicNonce,"Oracle intent nonce must be greater than the current nonce.",0,0,,,,,1780967175585,1780967175585
2780,0xf316c75ac4267599715d0a0bb7c56910bc1767aa77534d85c6f2fc753c941706,f1361bc271f7410cd34023e459c508537d2b939c26620ee17609696c2fcefe05,client_a_preview,0,"","",ARB/USD,"",0,confirmed,,,0,0,,,1780967197613,1780967244631,,1780967197613
2781,0x9db86227a9fe19caa6615f34629df83260a375df4245e4e2b5fd939ec4a166af,9193bb2f54e4d5524776fab2a731c334f5a943994b37cc0ac0111b562eee3586,client_a_preview,0,"","",ETH/USD,"",0,confirmed,,,0,0,,,1780967262100,1780967303088,,1780967262100
2782,0xb905345b13862179d44afea0f866cfe0a01c276912f3fd07c3b258f7d72ace0f,49ccde11f875b23a203aaaaaba0f47d4935e22e0ee94c78254e8e12a338694c5,client_a_preview,0,"","",ETH/USD,"",0,confirmed,,,0,0,,,1780967321136,1780967375072,,1780967321136
2783,0xc58a9d423086f90898d2e01957916b66072a916e5722168ee3dde59fb19ca68a,49ccde11f875b23a203aaaaaba0f47d4935e22e0ee94c78254e8e12a338694c5,client_a_preview,0,"","",SHIB/USD,"",0,failed,CrashRecovery,"daemon restarted with submitted transaction awaiting confirmation",0,0,,,1780967321152,,1780984601686,1780967321152
2784,0xc58a9d423086f90898d2e01957916b66072a916e5722168ee3dde59fb19ca68a,"",client_a_preview,0,"","",SHIB/USD,4661275927539,1780967298,failed,CrashRecovery,"daemon restarted with submitted transaction awaiting confirmation",0,0,,,,,1780984601686,1780967375092
2785,0x6b6f2bcc67bcca21c14f864b55b0767a986793e449b161bb7c36351c7a89521c,29987ccecff427e09f57cb2db2f4275ef7144e6c9612136fa37aea2172fb9d52,client_a_preview,0,"","",SHIB/USD,"",0,confirmed,,,0,0,,,1780967394502,1780967439359,,1780967394502
2786,0x9b7ca4337395b45c491a7513bc0c92183504f9ce0d3024805dcb8d8d3225ff9f,29987ccecff427e09f57cb2db2f4275ef7144e6c9612136fa37aea2172fb9d52,client_a_preview,0,"","",ARB/USD,"",0,failed,CrashRecovery,"daemon restarted with submitted transaction awaiting confirmation",0,0,,,1780967394512,,1780984601682,1780967394512
2787,0x9b7ca4337395b45c491a7513bc0c92183504f9ce0d3024805dcb8d8d3225ff9f,"",client_a_preview,0,"","",ARB/USD,80572595194274048,1780967371,failed,CrashRecovery,"daemon restarted with submitted transaction awaiting confirmation",0,0,,,,,1780984601682,1780967439379
2788,0x5a108bf5e9e3dae3ce5ed5b8c52bb07b382d8726e3ff3dfb8ca16f48478df971,98b18f8ba419acb6b8b47670725d3f7d325cd3dfdc9760127d998b346bc7d089,client_a_preview,0,"","",ARB/USD,"",0,confirmed,,,0,0,,,1780967462959,1780967573709,,1780967462959
2789,0x545852eaa1acf2a39d4b74a7ae77e231cb476bfd6e08a9e97d2c34d10879b63c,98b18f8ba419acb6b8b47670725d3f7d325cd3dfdc9760127d998b346bc7d089,client_a_preview,0,"","",BTC/USD,"",0,confirmed,,,0,0,,,1780967462970,1780967573725,,1780967462970
2790,0xd2e08a5573e9556f29959df8e9f9ca07a1dabf39135729f0e8e3249434e74140,98b18f8ba419acb6b8b47670725d3f7d325cd3dfdc9760127d998b346bc7d089,client_a_preview,0,"","",USDC/USD,"",0,confirmed,,,0,0,,,1780967463035,1780967573735,,1780967463035
2791,0xeb3dcb51e5af95adf44801548cb99361aeae37b101cf65c3f8e39eba304ef3f2,98b18f8ba419acb6b8b47670725d3f7d325cd3dfdc9760127d998b346bc7d089,client_a_preview,0,"","",SHIB/USD,"",0,confirmed,,,0,0,,,1780967463099,1780967573759,,1780967463099
2792,0xabf15ad6a203023dd1d38c1b9ea19e4fbf508b0909b2b80ac9a5c015e8200304,98b18f8ba419acb6b8b47670725d3f7d325cd3dfdc9760127d998b346bc7d089,client_a_preview,0,"","",DOGE/USD,"",0,confirmed,,,0,0,,,1780967463105,1780967573768,,1780967463105
2793,0xf7e1186d3a54280da2b79a411142ab402e247de58d16db5b283fef43815846cc,ba9e0442e3da8208807a122337dbc2e8d1b22f93c386f97c2ca62720ea2494b0,client_a_preview,0,"","",XVG/USD,"",0,failed,CrashRecovery,"daemon restarted with submitted transaction awaiting confirmation",0,0,,,1780967595648,,1780984601679,1780967595648
2794,0xa4eb89f9e148ea4ee7a538eb6bb97262e971dbcb6e846d3587e961959e9f7121,ba9e0442e3da8208807a122337dbc2e8d1b22f93c386f97c2ca62720ea2494b0,client_a_preview,0,"","",USDT/USD,"",0,failed,CrashRecovery,"daemon restarted with submitted transaction awaiting confirmation",0,0,,,1780967595659,,1780984601674,1780967595659
2795,0xf73fd7ec858b17279ecb2127391b556968ad8f381747922d022f3ff9ac4c10ce,ba9e0442e3da8208807a122337dbc2e8d1b22f93c386f97c2ca62720ea2494b0,client_a_preview,0,"","",BTC/USD,"",0,confirmed,,,0,0,,,1780967595669,1780967633440,,1780967595669
2796,0xbf456e8ac8a568091983009e25f4b4c8410e38a2c9a38b208088ae0297f94138,ba9e0442e3da8208807a122337dbc2e8d1b22f93c386f97c2ca62720ea2494b0,client_a_preview,0,"","",USDC/USD,"",0,confirmed,,,0,0,,,1780967595675,1780967633452,,1780967595675
2797,0x57618fb0d888bda082590a8a6fbb042fca4ecf6f12d7a7431eed2b387b27712f,ba9e0442e3da8208807a122337dbc2e8d1b22f93c386f97c2ca62720ea2494b0,client_a_preview,0,"","",ARB/USD,"",0,confirmed,,,0,0,,,1780967595681,1780967633462,,1780967595681
2798,0x228f788f826f92423ddcf7612f5dfacb8efbb8fcac8c4f9764ccfe2950644672,ba9e0442e3da8208807a122337dbc2e8d1b22f93c386f97c2ca62720ea2494b0,client_a_preview,0,"","",DOGE/USD,"",0,confirmed,,,0,0,,,1780967595686,1780967633469,,1780967595686
2799,0xf7e1186d3a54280da2b79a411142ab402e247de58d16db5b283fef43815846cc,"",client_a_preview,0,"","",XVG/USD,2552138362500000,1780967563,failed,CrashRecovery,"daemon restarted with submitted transaction awaiting confirmation",0,0,,,,,1780984601679,1780967633428
2800,0xa4eb89f9e148ea4ee7a538eb6bb97262e971dbcb6e846d3587e961959e9f7121,"",client_a_preview,0,"","",USDT/USD,999644993602515136,1780967566,failed,CrashRecovery,"daemon restarted with submitted transaction awaiting confirmation",0,0,,,,,1780984601674,1780967633436
2801,0xc76c045e1af9c936ca93aa45d4d9c19c97923b233b3751beaed3f2fe0cf2f66e,6855832168196caedbc991d4e8030e3bebd0425f1b73bb3811eb5e6fecf2c7d8,client_a_preview,0,"","",ARB/USD,"",0,confirmed,,,0,0,,,1780967650182,1780967759738,,1780967650182
2802,0x660246becaf3d4df48e77b8e00374d791caff7af1c451207a752d9f2a8fee9e5,4b46d0286b124185e1d7cb8d39ef819b6a0834365490cb8c38eb3eaa91881272,client_a_preview,0,"","",NEIRO/USD,"",0,confirmed,,,0,0,,,1780967777643,1780967809422,,1780967777643
2803,0xf12bf83907280de278c5b6d20a55ae35496512944785c4d96a6e5e1e670084ad,516394c2629b13afc3414c621c0f1de8be545a9dec5b206e4a9357b454812e01,client_a_preview,0,"","",LTC/USD,"",0,confirmed,,,0,0,,,1780967827300,1780967871732,,1780967827300
2804,0x660246becaf3d4df48e77b8e00374d791caff7af1c451207a752d9f2a8fee9e5,"",client_a_preview,0,"","",NEIRO/USD,66939397280605,1780967679,failed,NonMonotonicNonce,"Intent for NEIRO/USD superseded on chain; not submitted.",0,0,,,,,1780967871750,1780967871750
2805,0x20a1b72aaaf4ff3b7ee4790fb847b2ea6ebf6c632a34ace7cede423ece715a5f,6f58d4f180c830a7c8f5c0781f22f0c5757376e747b6fb2af4f0787928d60b01,client_a_preview,0,"","",ETH/USD,"",0,confirmed,,,0,0,,,1780967994714,1780968025955,,1780967994714
2806,0x20a1b72aaaf4ff3b7ee4790fb847b2ea6ebf6c632a34ace7cede423ece715a5f,"",client_a_preview,0,"","",ETH/USD,1665302053954726395904,1780967972,failed,BuilderError,"Oracle intent timestamp must be greater than the current timestamp.",0,0,,,,,1780968072468,1780968072468
2807,0xe0dd55d8ec3370529b4242888e1ff020f1fef054609515b7c00ea6894f7918fa,5abdf4df67719dd5ff428ad205a731352e6fe13635fd357bde1963eef682bd93,client_a_preview,0,"","",XVG/USD,"",0,confirmed,,,0,0,,,1780968089637,1780968120647,,1780968089637
2808,0xa808611f4c02fa19784c3962d3bbfaf2bb688d20cfa2f2e85dc51508fd28c121,"",client_a_preview,0,"","",XVG/USD,2539610825000000,1780968146,failed,NonMonotonicNonce,"Oracle intent nonce must be greater than the current nonce.",0,0,,,,,1780968158991,1780968158991
2809,0x55b3fdf6cdee63fa3e7b9b3ac7a480c3aa59ede2bad5ca8c0542176411791968,d36a5201b0edda12952fa5dda31fd7d45cfe2c11219ecb1508a0dad3d015b455,client_a_preview,0,"","",XVG/USD,"",0,confirmed,,,0,0,,,1780968176364,1780968210865,,1780968176364
2810,0x60a4c056f194f8dc4a1d32b8ae67b9d734b96d0365187134c9056e32e386d370,5b1aaaa1453482f6826b4673047d58c30b01165a5b4683a966aaf08912fa451f,client_a_preview,0,"","",SHIB/USD,"",0,confirmed,,,0,0,,,1780968277033,1780968336693,,1780968277033
2811,0x8461616cca42dae01bee02fa8d77ad5872b20a892498d2335c805a3f68dbc8a6,"",client_a_preview,0,"","",USDT/USD,999630000000000000,1780968151,failed,NonMonotonicNonce,"Intent for USDT/USD superseded on chain; not submitted.",0,0,,,,,1780968336715,1780968336715
2812,0x6abb26d13c01f4ad5c45074917c0454b8509e8df512cbf2966fb4268f120a77a,55002a17a713285c3341243339d19d38317b114669c572755ee06001f3a0a665,client_a_preview,0,"","",XVG/USD,"",0,confirmed,,,0,0,,,1780968356569,1780968434769,,1780968356569
2813,0xdbaa6e7c5d7539cb8be020d494bc0eb3430cd4f0ff4a6f8433739a61ade35395,55002a17a713285c3341243339d19d38317b114669c572755ee06001f3a0a665,client_a_preview,0,"","",BTC/USD,"",0,confirmed,,,0,0,,,1780968356580,1780968434785,,1780968356580
2814,0xae6ffb0ba737efa8690ef9793b196bc5f90110ae800477cd361b878ece4d3b68,55002a17a713285c3341243339d19d38317b114669c572755ee06001f3a0a665,client_a_preview,0,"","",USDC/USD,"",0,confirmed,,,0,0,,,1780968356585,1780968434793,,1780968356585
2815,0x6269b759ae9d1b5ee5f8e33b5a2ed9b0d6e0b7140a6c0107ccaa60059a7972d0,55002a17a713285c3341243339d19d38317b114669c572755ee06001f3a0a665,client_a_preview,0,"","",DOGE/USD,"",0,failed,CrashRecovery,"daemon restarted with submitted transaction awaiting confirmation",0,0,,,1780968356596,,1780984601671,1780968356596
2816,0x6269b759ae9d1b5ee5f8e33b5a2ed9b0d6e0b7140a6c0107ccaa60059a7972d0,"",client_a_preview,0,"","",DOGE/USD,84940232357057488,1780968329,failed,CrashRecovery,"daemon restarted with submitted transaction awaiting confirmation",0,0,,,,,1780984601671,1780968434815
2817,0xe7fbaa369df52a3d0c62ac85d92ef463290d05af7583a7183dcb572efe64d1bb,75e5ebe54fc91b8368aa7c52aef717473e133291beaf421f4f91a065204d2a93,client_a_preview,0,"","",ARB/USD,"",0,confirmed,,,0,0,,,1780968453417,1780968485242,,1780968453417
2818,0x2692742d7b4fac0bfae06a093560f5581416bde7e6cf8bce2b643b0823f66867,75e5ebe54fc91b8368aa7c52aef717473e133291beaf421f4f91a065204d2a93,client_a_preview,0,"","",XVG/USD,"",0,confirmed,,,0,0,,,1780968453430,1780968485255,,1780968453430
2819,0xa2a2bad3bf63dcde4bc12cbef7065c9d5e2e23bc3230610cb973317440fc205f,b8d9ea20612409b5dda0addcdc59ac8cbf40d2effe5a771df57c6f0c2f93a0d9,client_a_preview,0,"","",NEIRO/USD,"",0,failed,CrashRecovery,"daemon restarted with submitted transaction awaiting confirmation",0,0,,,1780968504018,,1780984601667,1780968504018
2820,0xe7fbaa369df52a3d0c62ac85d92ef463290d05af7583a7183dcb572efe64d1bb,"",client_a_preview,0,"","",ARB/USD,80400000000000000,1780968420,failed,NonMonotonicNonce,"Intent for ARB/USD superseded on chain; not submitted.",0,0,,,,,1780968541290,1780968541290
2821,0xa2a2bad3bf63dcde4bc12cbef7065c9d5e2e23bc3230610cb973317440fc205f,"",client_a_preview,0,"","",NEIRO/USD,66943893519127,1780968475,failed,CrashRecovery,"daemon restarted with submitted transaction awaiting confirmation",0,0,,,,,1780984601667,1780968541302
2822,0x807ad6f4669ca7916781ed6c4785f3ff36025c5442ac5469514d0c59a011b4be,"",client_a_preview,0,"","",LTC/USD,42369877133152055296,1780968439,failed,BuilderError,"Oracle intent timestamp must be greater than the current timestamp.",0,0,,,,,1780968585640,1780968585640
2823,0x23e907a83966d14d75be83cf9b4906686aae64484987b5060497c1bb7d97fe10,a9fd350894dd19dbb7413b2c273830bc389c965a7e1dda2c63d314d7ca7438d9,client_a_preview,0,"","",ETH/USD,"",0,confirmed,,,0,0,,,1780968721246,1780968775149,,1780968721246
2824,0x6c5a225267fddda9b5f11aaf830e1b9a7d49e9ba82d878f9de2d3edecc58dda7,fb445724e99dd30b3a0e8c9f1b26230de149369dbe00c124e61e6cbe81b635ef,client_a_preview,0,"","",USDT/USD,"",0,confirmed,,,0,0,,,1780968886386,1780968918142,,1780968886386
2825,0x6c5a225267fddda9b5f11aaf830e1b9a7d49e9ba82d878f9de2d3edecc58dda7,"",client_a_preview,0,"","",USDT/USD,999630000000000000,1780968862,failed,BuilderError,"Oracle intent timestamp must be greater than the current timestamp.",0,0,,,,,1780968962588,1780968962588
2826,0x62761b2d99f7505ca1c82575c8925a9cf6eb5a3cc97d66b383ed6122393eaafa,"",client_a_preview,0,"","",DOGE/USD,84959870087465592,1780968924,failed,NonMonotonicNonce,"Intent for DOGE/USD superseded on chain; not submitted.",0,0,,,,,1780969033762,1780969033762
2827,0x36c2be1f0ec847fd2881076bc09781a9ea928da51cf4e7f50cd2b4fcbce2e6f9,"",client_a_preview,0,"","",SHIB/USD,4660162294497,1780968925,failed,NonMonotonicNonce,"Intent for SHIB/USD superseded on chain; not submitted.",0,0,,,,,1780969033770,1780969033770
2828,0x0bc96c7dbf9e4211f15561cc2a6f3e6fadb45d3176abed93afa2674b16a79f94,74c1ac6d1bcdf07e591bf550e1be35d1818634b447a005cf3753a115cc6c85db,client_a_preview,0,"","",USDC/USD,"",0,confirmed,,,0,0,,,1780969055903,1780969095275,,1780969055903
2829,0xddb53a4b5fbae69176b7fb9ac906653400c44d905428dbc234d9f0ef6d1a311b,a2db04d0c7dfde981f4a278f5e550f71f932306a83b51b41bb64e46465ba1a8c,client_a_preview,0,"","",XVG/USD,"",0,confirmed,,,0,0,,,1780969116235,1780969182957,,1780969116235
2830,0x0bc96c7dbf9e4211f15561cc2a6f3e6fadb45d3176abed93afa2674b16a79f94,"",client_a_preview,0,"","",USDC/USD,999736683033768256,1780969032,failed,NonMonotonicNonce,"Intent for USDC/USD superseded on chain; not submitted.",0,0,,,,,1780969182951,1780969182951
2831,0xce8b14077a18dcebb7be3e1e9aa9f1697c55dba243672a378f1ff11dc8cd5af0,6c19c050b14a4172eb0382b632f36fd703a7eae07bd378a012a35cfe533b0f39,client_a_preview,0,"","",BTC/USD,"",0,confirmed,,,0,0,,,1780969204657,1780969289527,,1780969204657
2832,0xc679b2429b0272b966917734d1902766425e77cfbf7fea01e52dc21f3848823c,6c19c050b14a4172eb0382b632f36fd703a7eae07bd378a012a35cfe533b0f39,client_a_preview,0,"","",ARB/USD,"",0,confirmed,,,0,0,,,1780969204669,1780969289541,,1780969204669
2833,0x5e9850d03b40d20546b0af4f8a273af50af59b74b77dd1b01540491440685ef3,6c19c050b14a4172eb0382b632f36fd703a7eae07bd378a012a35cfe533b0f39,client_a_preview,0,"","",LTC/USD,"",0,confirmed,,,0,0,,,1780969204675,1780969289566,,1780969204675
2834,0xddb53a4b5fbae69176b7fb9ac906653400c44d905428dbc234d9f0ef6d1a311b,"",client_a_preview,0,"","",XVG/USD,2531569305000000,1780969085,failed,NonMonotonicNonce,"Intent for XVG/USD superseded on chain; not submitted.",0,0,,,,,1780969289562,1780969289562
2835,0xcd80e8edb29eb29a6ec3f1c23bf6a00558c79b4af63c418aef60c67d69d42220,a1352efe8f7379d2bc8adb1bb46cb6464104fa42497e3d97a2efe40593331b57,client_a_preview,0,"","",LTC/USD,"",0,confirmed,,,0,0,,,1780969309137,1780969343668,,1780969309137
2836,0x0fb12d6024c92e5673a5fdcb427cc5e648f51e48e0decce020f669bf4f8ef2ce,a1352efe8f7379d2bc8adb1bb46cb6464104fa42497e3d97a2efe40593331b57,client_a_preview,0,"","",ARB/USD,"",0,confirmed,,,0,0,,,1780969309148,1780969343688,,1780969309148
2837,0x6b13b49136a78ab821355504bfaa772d5337364231e5e09b69e8385f208c9752,a1352efe8f7379d2bc8adb1bb46cb6464104fa42497e3d97a2efe40593331b57,client_a_preview,0,"","",NEIRO/USD,"",0,confirmed,,,0,0,,,1780969309155,1780969343700,,1780969309155
2838,0x61bf8057f073fec4f98884cb2343ae9283916a11dab0cd0a1454b380a66be44d,b193a11ed7a02da9ce40682c31f568d52edcdf55a69332cbae61bce6d4bf1a20,client_a_preview,0,"","",ETH/USD,"",0,confirmed,,,0,0,,,1780969467768,1780969508908,,1780969467768
2839,0x834e98416f86208dee980598b1a563cd143f0ab2a4adb436f9c79c33aefc38c2,b193a11ed7a02da9ce40682c31f568d52edcdf55a69332cbae61bce6d4bf1a20,client_a_preview,0,"","",NEIRO/USD,"",0,confirmed,,,0,0,,,1780969467781,1780969508927,,1780969467781
2840,0x833b4808128189f73fe94a7a7577b1ed0424fb05429ceb01ba4dd50e35316d10,"",client_a_preview,0,"","",SHIB/USD,4665136605000,1780969504,failed,NonMonotonicNonce,"Oracle intent nonce must be greater than the current nonce.",0,0,,,,,1780969515591,1780969515591
2841,0x1a9761f703d2608f8ab367b4e5c4703c9469ba0c07236dbe851c04ce16c1df8a,d7f77d41ca98fec243be3518cee868f0f15c60da4330c630d1084f84674e8d1b,client_a_preview,0,"","",SHIB/USD,"",0,confirmed,,,0,0,,,1780969543771,1780969588294,,1780969543771
2842,0xb7d446533508a85262c82606a48aff0a5851aa8998e9077f25e5498adfe0a638,6580f5bb64920503ac68d9edb790acc44fc1f6ac3193139af8eb83ed14fd9c24,client_a_preview,0,"","",USDT/USD,"",0,confirmed,,,0,0,,,1780969604927,1780969642266,,1780969604927
2843,0x6f8dfbbb091cc1f03556f203ddc087851e88635a58ad5f9e9d7fa3885b7823f1,99132b68e1ab5d75c83a2af1ff9e9a08f386b0c5255512244cbf572a0f266f75,client_a_preview,0,"","",DOGE/USD,"",0,confirmed,,,0,0,,,1780969659201,1780969706074,,1780969659201
2844,0x6f8dfbbb091cc1f03556f203ddc087851e88635a58ad5f9e9d7fa3885b7823f1,"",client_a_preview,0,"","",DOGE/USD,85028301748961488,1780969630,failed,NonMonotonicNonce,"Intent for DOGE/USD superseded on chain; not submitted.",0,0,,,,,1780969712930,1780969712930
2845,0xfc1d6ca21ea7395b35377b9614d90f67bf64c57f0da5de15b6f6f70f2b479a34,"",client_a_preview,0,"","",ARB/USD,80515198350000000,1780969695,failed,NonMonotonicNonce,"Intent for ARB/USD superseded on chain; not submitted.",0,0,,,,,1780969712943,1780969712943
2846,0x7157e58c17c924327419b36684f30572b7342ac57ba31971f4690e077f9e6da5,004f04235dcca36a0b845873242ab7716fe701433336992df5646c21b7945d15,client_a_preview,0,"","",ARB/USD,"",0,confirmed,,,0,0,,,1780969729342,1780969770192,,1780969729342
2847,0x1096a54c11a0de0b4ced12e25c97e5dd158d4bd4b5e1f0e7df5176a937dfcad0,5428245549d56571c149ff2c429db13fa9d912a13e37cb10278abee97f191a32,client_a_preview,0,"","",USDC/USD,"",0,confirmed,,,0,0,,,1780969787233,1780969821756,,1780969787233
2848,0xca0968f04443344417c380816def09750e74622d0bd3d5cb7a00c2e506bd2fd9,ce8adfaa95dd24bd81f7075669f94e8b3409cc5b0ba82c0bc932b0390b040876,client_a_preview,0,"","",XVG/USD,"",0,confirmed,,,0,0,,,1780969838999,1780969926742,,1780969838999
2849,0x1096a54c11a0de0b4ced12e25c97e5dd158d4bd4b5e1f0e7df5176a937dfcad0,"",client_a_preview,0,"","",USDC/USD,999729963000000000,1780969734,failed,NonMonotonicNonce,"Intent for USDC/USD superseded on chain; not submitted.",0,0,,,,,1780969926734,1780969926734
2850,0x92183d9fca0791337d9aeeb7a47c75e4bce4929069f8162e330f8f84fe734335,82be3651782b57c08c5d9e1ab5730bc57cb7ed13a7933d16a903cb6c4c60d808,client_a_preview,0,"","",LTC/USD,"",0,confirmed,,,0,0,,,1780969947892,1780969991843,,1780969947892
2851,0xd5ab255a4bb15c373e7390d2f55d0889baac47606d2f38ab5ded6bf98c691921,82be3651782b57c08c5d9e1ab5730bc57cb7ed13a7933d16a903cb6c4c60d808,client_a_preview,0,"","",ETH/USD,"",0,confirmed,,,0,0,,,1780969947903,1780969991856,,1780969947903
2852,0x5c00d16e918064335406101d0e518e9d021859cd696b3fc5a4bbb58ff15879bf,82be3651782b57c08c5d9e1ab5730bc57cb7ed13a7933d16a903cb6c4c60d808,client_a_preview,0,"","",XVG/USD,"",0,confirmed,,,0,0,,,1780969947915,1780969991870,,1780969947915
2853,0x5660dd0ae89f90251270aeb18dbe0f6a3cebd3ef6a02938dc41bba18d62ea3b6,82be3651782b57c08c5d9e1ab5730bc57cb7ed13a7933d16a903cb6c4c60d808,client_a_preview,0,"","",NEIRO/USD,"",0,confirmed,,,0,0,,,1780969947921,1780969991880,,1780969947921
2854,0xacdeec6a2d534b00bb473ff7c0d4135500b1b87aa15d6bd88b4eacd1e89c0b4b,1a3a43055a7d2a524e95e96a29a62960aaa9f2a05b6923138713ade14a7d24f5,client_a_preview,0,"","",BTC/USD,"",0,confirmed,,,0,0,,,1780970010810,1780970045569,,1780970010810
2855,0x92dc5f7227876b8e2482a15a764a669876b7b76e52d23f1c0dc60555a3fafa8c,1a3a43055a7d2a524e95e96a29a62960aaa9f2a05b6923138713ade14a7d24f5,client_a_preview,0,"","",LTC/USD,"",0,confirmed,,,0,0,,,1780970010821,1780970045583,,1780970010821
2856,0x30dde0b85f4385ed94576324ec422dba10b1d294c07c7e41ef763010853a60b7,1a3a43055a7d2a524e95e96a29a62960aaa9f2a05b6923138713ade14a7d24f5,client_a_preview,0,"","",ETH/USD,"",0,confirmed,,,0,0,,,1780970010827,1780970045602,,1780970010827
2857,0x9b299300c20cb5134844e0b9c7eb3fe2efcc1595b0e5c64bb1400146883b44c9,bb34c6f4f7e8599ce2c2c2836af93aa2d06a0dc1dd8483db9b0fe85597ab82cc,client_a_preview,0,"","",ARB/USD,"",0,confirmed,,,0,0,,,1780970062293,1780970093482,,1780970062293
2858,0x5260a01062d025534a16e027ec48898c59dbf67b97b45c87f85f6cf5272c52c2,286641553409d69dce8d0222ba0396a26f18c62a6a9eb39af54d47e6bde62c4d,client_a_preview,0,"","",SHIB/USD,"",0,confirmed,,,0,0,,,1780970110524,1780970154020,,1780970110524
2859,0x15a01f3172900d871ac6157a22b2d28c81a537321565020579a77b953fb3c9c7,072e1483215021edbc75b45b2eb58b39b399f0a182c07f78871847e514c0993c,client_a_preview,0,"","",NEIRO/USD,"",0,confirmed,,,0,0,,,1780970250083,1780970302194,,1780970250083
2860,0x45d2fdca2e4321c2761ae023eca8e9edc97906f2b854ef3e3ebbb227e7e597e1,4f9901f8c6a9c2ba1645658f04b038bd7153ce00dc4f15b6e1c1cf1873a5fc2d,client_a_preview,0,"","",USDT/USD,"",0,confirmed,,,0,0,,,1780970320099,1780970348508,,1780970320099
2861,0x7ca4b827be52c3a095cb6f5b06711b73524907713c3569ee9e9f8f2f1caf5307,4627d1bb5f28cc58c3f28cadac4405324036ad5bf503e574a27a2525d267f119,client_a_preview,0,"","",DOGE/USD,"",0,confirmed,,,0,0,,,1780970366311,1780970412938,,1780970366311
2862,0x45d2fdca2e4321c2761ae023eca8e9edc97906f2b854ef3e3ebbb227e7e597e1,"",client_a_preview,0,"","",USDT/USD,999635000000000000,1780970243,failed,NonMonotonicNonce,"Intent for USDT/USD superseded on chain; not submitted.",0,0,,,,,1780970412959,1780970412959
2863,0x7ca4b827be52c3a095cb6f5b06711b73524907713c3569ee9e9f8f2f1caf5307,"",client_a_preview,0,"","",DOGE/USD,85108498200000000,1780970311,failed,BuilderError,"Oracle intent timestamp must be greater than the current timestamp.",0,0,,,,,1780970458001,1780970458001
2864,0x0bf3568717fc3cedcc48c9f593ac45e6cc2ee2a1284844a8d1dda99cc61d9eae,1c7184a55ddf2719f030a677d8f7457cb4711869b6fd9cbdef84fa8c402618ad,client_a_preview,0,"","",USDC/USD,"",0,confirmed,,,0,0,,,1780970475041,1780970518286,,1780970475041
2865,0x0bf3568717fc3cedcc48c9f593ac45e6cc2ee2a1284844a8d1dda99cc61d9eae,"",client_a_preview,0,"","",USDC/USD,999729963000000000,1780970424,failed,BuilderError,"Oracle intent timestamp must be greater than the current timestamp.",0,0,,,,,1780970562845,1780970562845
2866,0xa8e6d9cb8cf9736f1612b21b9fa86e63fbe287d7d642c9f36161eeaf3e571d9c,"",client_a_preview,0,"","",XVG/USD,2533562235000000,1780970592,failed,NonMonotonicNonce,"Oracle intent nonce must be greater than the current nonce.",0,0,,,,,1780970604492,1780970604492
2867,0xd736d23dd5f5731906acbdf63750c44adaf66c07f66da17993e797d5ab8eda39,c4373baffb04e7d5cb2048c9738bfbca92c4eeea6b69480f19c19a4e178f3fa7,client_a_preview,0,"","",XVG/USD,"",0,confirmed,,,0,0,,,1780970621873,1780970699578,,1780970621873
2868,0xf738518faa804547a03a3ec48186b232677ef742418c9beecdc0951e896823e5,ad4fe8d951f79705492995cc53b5a13d37d8a686a6808c6f074f0968363c1587,client_a_preview,0,"","",ETH/USD,"",0,confirmed,,,0,0,,,1780970720412,1780970743285,,1780970720412
2869,0x8f9daf16a8ce2e5b8618e00cb0b06b90f4a86f5b34f32b78a3b575848de9f2ae,ad4fe8d951f79705492995cc53b5a13d37d8a686a6808c6f074f0968363c1587,client_a_preview,0,"","",LTC/USD,"",0,confirmed,,,0,0,,,1780970720423,1780970743297,,1780970720423
2870,0xadd7ce449cd1ccc93856a6cda2a679b3e300f3d3ddb88209cb50bb62e748a261,ad4fe8d951f79705492995cc53b5a13d37d8a686a6808c6f074f0968363c1587,client_a_preview,0,"","",BTC/USD,"",0,confirmed,,,0,0,,,1780970720430,1780970743311,,1780970720430
2871,0xd736d23dd5f5731906acbdf63750c44adaf66c07f66da17993e797d5ab8eda39,"",client_a_preview,0,"","",XVG/USD,2533562235000000,1780970600,failed,NonMonotonicNonce,"Intent for XVG/USD superseded on chain; not submitted.",0,0,,,,,1780970743278,1780970743278
2872,0xbfdda4d197a33811a8a140d9caf950959bdf8ea1e87e000959a818b077f0bf6e,155220de2b5ca9ffe4e9b055ca4e48e885558277759b97d1af6b19612e6686fd,client_a_preview,0,"","",ARB/USD,"",0,confirmed,,,0,0,,,1780970763019,1780970813809,,1780970763019
2873,0xadd7ce449cd1ccc93856a6cda2a679b3e300f3d3ddb88209cb50bb62e748a261,"",client_a_preview,0,"","",BTC/USD,62759875648563676446720,1780970651,failed,NonMonotonicNonce,"Intent for BTC/USD superseded on chain; not submitted.",0,0,,,,,1780970813788,1780970813788
2874,0xf738518faa804547a03a3ec48186b232677ef742418c9beecdc0951e896823e5,"",client_a_preview,0,"","",ETH/USD,1669144687875000107008,1780970652,failed,NonMonotonicNonce,"Intent for ETH/USD superseded on chain; not submitted.",0,0,,,,,1780970813798,1780970813798
2875,0x8f9daf16a8ce2e5b8618e00cb0b06b90f4a86f5b34f32b78a3b575848de9f2ae,"",client_a_preview,0,"","",LTC/USD,42472815432500002816,1780970649,failed,NonMonotonicNonce,"Intent for LTC/USD superseded on chain; not submitted.",0,0,,,,,1780970813805,1780970813805
2876,0xa5c01c7c76300e8139bf89744dd6ae32d32eec86e5bd9944a1003e3bf9e51cb3,f4f8feaeefc73dcfd3dcf0f384ded5c6623a5a0292b07d710bf8070312548fb5,client_a_preview,0,"","",SHIB/USD,"",0,confirmed,,,0,0,,,1780970834773,1780970866022,,1780970834773
2877,0xa871caef4a38aa5b5077c445d818f9e89e61d7bdb6aff87a27dd1c51dcfe6e33,f4f8feaeefc73dcfd3dcf0f384ded5c6623a5a0292b07d710bf8070312548fb5,client_a_preview,0,"","",NEIRO/USD,"",0,confirmed,,,0,0,,,1780970834793,1780970866032,,1780970834793
2878,0xbfdda4d197a33811a8a140d9caf950959bdf8ea1e87e000959a818b077f0bf6e,"",client_a_preview,0,"","",ARB/USD,80670342750000000,1780970740,failed,NonMonotonicNonce,"Intent for ARB/USD superseded on chain; not submitted.",0,0,,,,,1780970865999,1780970865999
2879,0xa5c01c7c76300e8139bf89744dd6ae32d32eec86e5bd9944a1003e3bf9e51cb3,"",client_a_preview,0,"","",SHIB/USD,4673270250000,1780970775,failed,BuilderError,"Oracle intent timestamp must be greater than the current timestamp.",0,0,,,,,1780970910549,1780970910549
2880,0xbc3a209bc326ade019ee0094368dc7070458ceb9565f0b12b71aae6d79b5af59,00dd691f24e919f4a3da2709cb7b5448a2a4726f30e83d256a9a40c96d0382ac,client_a_preview,0,"","",USDT/USD,"",0,failed,CrashRecovery,"daemon restarted with submitted transaction awaiting confirmation",0,0,,,1780971051342,,1780984601664,1780971051342
2881,0xbc3a209bc326ade019ee0094368dc7070458ceb9565f0b12b71aae6d79b5af59,"",client_a_preview,0,"","",USDT/USD,999630000000000000,1780971025,failed,CrashRecovery,"daemon restarted with submitted transaction awaiting confirmation",0,0,,,,,1780984601664,1780971094624
2882,0xbbc339c7e69e51493ad97ba7000409ace2c2320b8c2104814593e2e38b3f8d13,"",client_a_preview,0,"","",DOGE/USD,85140131475000000,1780970988,failed,BuilderError,"Oracle intent timestamp must be greater than the current timestamp.",0,0,,,,,1780971138794,1780971138794
2883,0x5121fd6ef91e29027c34af09275e504b7343a78341b994f71845e66abbd42437,98f9ceee45e225aa0213cfff10f3cd77041c80696fc4c9f8ee77a4ab37dee931,client_a_preview,0,"","",USDC/USD,"",0,confirmed,,,0,0,,,1780971242036,1780971289141,,1780971242036
2884,0x655841e81e5a048cd0cfe1a7d740d15674985b8d153abb429e2f6c6ef9ff5a66,"",client_a_preview,0,"","",XVG/USD,2536061310000000,1780971264,failed,NonMonotonicNonce,"Intent for XVG/USD superseded on chain; not submitted.",0,0,,,,,1780971425029,1780971425029
2885,0x33744cf1396fa6dcd37ce6d08e9cc33257f7e4f44bdef87daecbcd546d66955b,"",client_a_preview,0,"","",BTC/USD,62764093689750003646464,1780971322,failed,NonMonotonicNonce,"Intent for BTC/USD superseded on chain; not submitted.",0,0,,,,,1780971433846,1780971433846
2886,0x57b8a99c36c507d2f6ffcc55a0cf84eec88bcaf323de17317ba9fb8cdf5bc62e,"",client_a_preview,0,"","",ETH/USD,1669319211400000045056,1780971324,failed,NonMonotonicNonce,"Intent for ETH/USD superseded on chain; not submitted.",0,0,,,,,1780971433867,1780971433867
2887,0x973c2f0ead1d8294b3c37e0b5e721e57604ab0e56ff794ae5871ea484875af81,"",client_a_preview,0,"","",LTC/USD,42484907320813285376,1780971320,failed,NonMonotonicNonce,"Intent for LTC/USD superseded on chain; not submitted.",0,0,,,,,1780971433876,1780971433876
2888,0xf5ca5bdc272dba211677d46c49a7a520c88f1c9051cef4ed08f8415686729079,"",client_a_preview,0,"","",ARB/USD,80685337237500000,1780971413,failed,NonMonotonicNonce,"Intent for ARB/USD superseded on chain; not submitted.",0,0,,,,,1780971433884,1780971433884
2889,0x1cd6e972b2104aac9f279eb135229fd6cdcb9c3de40a5d337294ef21de65c5f4,7c3073eef7d36f27c4354b5fe7134c66eb16659684428d92fc8a03367a43d5d7,client_a_preview,0,"","",ARB/USD,"",0,confirmed,,,0,0,,,1780971450934,1780971514449,,1780971450934
2890,0xdb5b286aa6b9c284f39239ecbc9e9e921c233938e11196f1b8cc9f6feadb8afd,367cc1fb167db937d7b71e8363db264befc0664ce8333816dcc7c25d603368a6,client_a_preview,0,"","",NEIRO/USD,"",0,confirmed,,,0,0,,,1780971533475,1780971568194,,1780971533475
2891,0x1cd6e972b2104aac9f279eb135229fd6cdcb9c3de40a5d337294ef21de65c5f4,"",client_a_preview,0,"","",ARB/USD,80685337237500000,1780971421,failed,NonMonotonicNonce,"Intent for ARB/USD superseded on chain; not submitted.",0,0,,,,,1780971568171,1780971568171
2892,0x277e843669adeb37a281d8c7d1ace2b17995bef7d2f8211b304ccbad5333ca16,"",client_a_preview,0,"","",SHIB/USD,4674208255000,1780971457,failed,NonMonotonicNonce,"Intent for SHIB/USD superseded on chain; not submitted.",0,0,,,,,1780971575018,1780971575018
2893,0xdb5b286aa6b9c284f39239ecbc9e9e921c233938e11196f1b8cc9f6feadb8afd,"",client_a_preview,0,"","",NEIRO/USD,67350239675000,1780971492,failed,NonMonotonicNonce,"Intent for NEIRO/USD superseded on chain; not submitted.",0,0,,,,,1780971575025,1780971575025
2894,0xf876b50293b4e20384c1d754f08bca5ae0d2737902f36d8c58de9e6b2d021dfd,"",client_a_preview,0,"","",USDT/USD,999625000000000000,1780971618,failed,BuilderError,"Oracle intent timestamp must be greater than the current timestamp.",0,0,,,,,1780971731527,1780971731527
2895,0xd03fc44502a5955a1771535f1787e7533a73ee05b5a861a9269c73582ace7a7a,"",client_a_preview,0,"","",DOGE/USD,85119513154896624,1780971676,failed,BuilderError,"Oracle intent timestamp must be greater than the current timestamp.",0,0,,,,,1780971817762,1780971817762
2896,0x17f1f31d6cc24fd2ab514f2c8fad1c0b6f044e50496e9efdc8581ec08266026d,61858e48d6a5cf740be47c380d6d5c262e0d716850352c24c9c800070c06c6f5,client_a_preview,0,"","",USDC/USD,"",0,confirmed,,,0,0,,,1780971911901,1780971956773,,1780971911901
2897,0x00b2e413d3703f23646f3452c73841712bace92eddd30bb3b243202b1116c426,2688eb99ddf12abb8f71c39e5be3b7dd2027b309f527f158d3b31e7cb3bb5d75,client_a_preview,0,"","",XVG/USD,"",0,confirmed,,,0,0,,,1780972062612,1780972097276,,1780972062612
2898,0xf6328074af8732d8ff93270976de0365702512a5d57fac15133487125287fd07,"",client_a_preview,0,"","",XVG/USD,2534062050000000,1780972043,failed,NonMonotonicNonce,"Intent for XVG/USD superseded on chain; not submitted.",0,0,,,,,1780972106278,1780972106278
2899,0x461987c40e483140a53d1e8062f3249b8c8f44695dd1594022b392227c65de2e,"",client_a_preview,0,"","",LTC/USD,42474278700000002048,1780972090,failed,NonMonotonicNonce,"Intent for LTC/USD superseded on chain; not submitted.",0,0,,,,,1780972106288,1780972106288
2900,0xd5ec92d1f103e03b6bbb0fcdca778d4162002d95761dfcdd67f346ac024e7266,"",client_a_preview,0,"","",BTC/USD,62740778612625002987520,1780972092,failed,NonMonotonicNonce,"Intent for BTC/USD superseded on chain; not submitted.",0,0,,,,,1780972106294,1780972106294
2901,0xf31b0c3961dd8a09e1f7622e075b50b81631bddb78c4971e6208f70bfde6dd11,"",client_a_preview,0,"","",ETH/USD,1668270490069874245632,1780972093,failed,NonMonotonicNonce,"Intent for ETH/USD superseded on chain; not submitted.",0,0,,,,,1780972106303,1780972106303
2902,0xdbb483eb23afe4ec32c8c42f1a73537fc98a45a46e1dfa89b111c86a07af4171,acfc03f8e66bac1ee885a2b6fa24db802a33f726a4f8d51f85abaeda8f4511f3,client_a_preview,0,"","",ARB/USD,"",0,confirmed,,,0,0,,,1780972199059,1780972236694,,1780972199059
2903,0x6c1d4abd6225076b13f882010f4ad86d3d909198041b445f5f96c5c40508abc4,ff58f86f47c4242e6fa18c3fffb5315e006bd19b466843bb407e314f6a3128e5,client_a_preview,0,"","",ARB/USD,"",0,failed,CrashRecovery,"daemon restarted with submitted transaction awaiting confirmation",0,0,,,1780972257148,,1780984601661,1780972257148
2904,0x3d35d57f2ff13e680b338e82711abc1bc642790798646eb13cc8399ebedd8874,ff58f86f47c4242e6fa18c3fffb5315e006bd19b466843bb407e314f6a3128e5,client_a_preview,0,"","",LTC/USD,"",0,failed,CrashRecovery,"daemon restarted with submitted transaction awaiting confirmation",0,0,,,1780972257158,,1780984601657,1780972257158
2905,0x57e88e799e136364fe596aed25fd5a9cec619565753a66ad6e29b5d6b1f9a737,ff58f86f47c4242e6fa18c3fffb5315e006bd19b466843bb407e314f6a3128e5,client_a_preview,0,"","",BTC/USD,"",0,failed,CrashRecovery,"daemon restarted with submitted transaction awaiting confirmation",0,0,,,1780972257165,,1780984601652,1780972257165
2906,0x3439c6b3d5aa8aa204ec93cf68fb2f0972c4dd96157c92422b0552535437a236,ff58f86f47c4242e6fa18c3fffb5315e006bd19b466843bb407e314f6a3128e5,client_a_preview,0,"","",ETH/USD,"",0,failed,CrashRecovery,"daemon restarted with submitted transaction awaiting confirmation",0,0,,,1780972257172,,1780984601648,1780972257172
2907,0x1e80aef6fbf1687e27e7490f6fca044037280d4ea410b2697d8feea65b3190be,ff58f86f47c4242e6fa18c3fffb5315e006bd19b466843bb407e314f6a3128e5,client_a_preview,0,"","",SHIB/USD,"",0,confirmed,,,0,0,,,1780972257178,1780972334822,,1780972257178
2908,0x6c1d4abd6225076b13f882010f4ad86d3d909198041b445f5f96c5c40508abc4,"",client_a_preview,0,"","",ARB/USD,80652849175000008,1780972179,failed,CrashRecovery,"daemon restarted with submitted transaction awaiting confirmation",0,0,,,,,1780984601661,1780972334780
2909,0x3d35d57f2ff13e680b338e82711abc1bc642790798646eb13cc8399ebedd8874,"",client_a_preview,0,"","",LTC/USD,42474278700000002048,1780972195,failed,CrashRecovery,"daemon restarted with submitted transaction awaiting confirmation",0,0,,,,,1780984601657,1780972334790
2910,0x57e88e799e136364fe596aed25fd5a9cec619565753a66ad6e29b5d6b1f9a737,"",client_a_preview,0,"","",BTC/USD,62740778612625002987520,1780972196,failed,CrashRecovery,"daemon restarted with submitted transaction awaiting confirmation",0,0,,,,,1780984601652,1780972334812
2911,0x3439c6b3d5aa8aa204ec93cf68fb2f0972c4dd96157c92422b0552535437a236,"",client_a_preview,0,"","",ETH/USD,1668169222431249924096,1780972197,failed,CrashRecovery,"daemon restarted with submitted transaction awaiting confirmation",0,0,,,,,1780984601648,1780972334819
2912,0x05078875fe2f49fd84258ce197d2f19fb3a31e136c5645b079f5668f67ceecad,"",client_a_preview,0,"","",NEIRO/USD,67335076800000,1780972242,failed,NonMonotonicNonce,"Intent for NEIRO/USD superseded on chain; not submitted.",0,0,,,,,1780972343061,1780972343061
2913,0x969501431703f290ca9319819c57b3d2ec521a0ea2ff28e9f6bccfeef4e634df,"",client_a_preview,0,"","",LTC/USD,42474384925000003584,1780972305,failed,NonMonotonicNonce,"Intent for LTC/USD superseded on chain; not submitted.",0,0,,,,,1780972343068,1780972343068
2914,0x2bf79979161a25d12a7789ae57d7e02c8fbc69d888224961df56132530238995,"",client_a_preview,0,"","",BTC/USD,62741699047575005429760,1780972306,failed,NonMonotonicNonce,"Intent for BTC/USD superseded on chain; not submitted.",0,0,,,,,1780972343076,1780972343076
2915,0xb44e479d1522cad9f3e2b1d5a85e569746bb54780a8a223a21b2aa3d03bcecc4,"",client_a_preview,0,"","",ETH/USD,1668024615398427983872,1780972307,failed,NonMonotonicNonce,"Intent for ETH/USD superseded on chain; not submitted.",0,0,,,,,1780972343085,1780972343085
2916,0x752ea023d5c3d1f238b687675326c57ab8cc3bc51fb0f3983dccbf1178c0bd47,"",client_a_preview,0,"","",SHIB/USD,4672641243750,1780972320,failed,NonMonotonicNonce,"Intent for SHIB/USD superseded on chain; not submitted.",0,0,,,,,1780972343093,1780972343093
2917,0xb10d78538612c05fe5829697e790b9770158a1d9e108f918806362815215ed04,2a509fa35c5daa0a9e84c02c31c602fc953e5be2a31fd099c359fddc9e271ff3,client_a_preview,0,"","",NEIRO/USD,"",0,confirmed,,,0,0,,,1780972371405,1780972400251,,1780972371405
2918,0x1887591e4d173e1e200a2cf02c94b91f8b080b7d7b70116c0be6a808b7ee27a1,"",client_a_preview,0,"","",NEIRO/USD,67350071225000,1780972352,failed,NonMonotonicNonce,"Intent for NEIRO/USD superseded on chain; not submitted.",0,0,,,,,1780972407569,1780972407569
2919,0x804e165c9c92a34a148861cf71758a955227411e7f7abd610841a7797668d01e,"",client_a_preview,0,"","",USDT/USD,999624997500925056,1780972365,failed,NonMonotonicNonce,"Intent for USDT/USD superseded on chain; not submitted.",0,0,,,,,1780972407580,1780972407580
2920,0x8dc6b9705c4264cc2c816fa4695eb31317cfa08cc4149800535cdeae49611c5d,6291e937e1c93929ff3fae1060e70983b7fd38c238909492a32e991cef7c8586,client_a_preview,0,"","",LTC/USD,"",0,confirmed,,,0,0,,,1780972424872,1780972458889,,1780972424872
2921,0xab9d7c05f1acf306e25c3b57b40172bafe7aefc73433b45cc5bd73e1959483d9,"",client_a_preview,0,"","",BTC/USD,62741653703075001532416,1780972408,failed,NonMonotonicNonce,"Intent for BTC/USD superseded on chain; not submitted.",0,0,,,,,1780972468343,1780972468343
2922,0x9d8cceb3215d40e3d09b538433687fc36e2e4e15689d6aff9d47b959c601f3d8,"",client_a_preview,0,"","",ETH/USD,1667849488930368389120,1780972409,failed,NonMonotonicNonce,"Intent for ETH/USD superseded on chain; not submitted.",0,0,,,,,1780972468353,1780972468353
2923,0xb1d696c2e9a092b894cdc115153fa026b454ae9b814b7018f23a520758b5c554,"",client_a_preview,0,"","",LTC/USD,42474491150000005120,1780972407,failed,NonMonotonicNonce,"Intent for LTC/USD superseded on chain; not submitted.",0,0,,,,,1780972468360,1780972468360
2924,0xf32898b9c5df80aa8105dc011e37f2942059042747affb401952bc3b48d14c18,"",client_a_preview,0,"","",DOGE/USD,85083720237500000,1780972421,failed,NonMonotonicNonce,"Intent for DOGE/USD superseded on chain; not submitted.",0,0,,,,,1780972468368,1780972468368
2925,0x24d90692bc31476e6ee63363655c44632c7422f8109b0e062448ff9000724402,46705626e955a03c0ef298a15cd31fd3ad0399b415a69caef57ed648918dbd62,client_a_preview,0,"","",USDT/USD,"",0,confirmed,,,0,0,,,1780972485697,1780972583304,,1780972485697
2926,0x1371f879af31ec39a0f0392f8de54df29ffa561be0efaac8978ccaf45c6f5184,"",client_a_preview,0,"","",USDT/USD,999625000000000000,1780972566,failed,NonMonotonicNonce,"Intent for USDT/USD superseded on chain; not submitted.",0,0,,,,,1780972591377,1780972591377
2927,0x765cfd903f137beac65a9547c90a72d0eb56ccadf2460cda57cfc7ec7806b6e5,"",client_a_preview,0,"","",BTC/USD,62744114027205769560064,1780972510,failed,NonMonotonicNonce,"Intent for BTC/USD superseded on chain; not submitted.",0,0,,,,,1780972591385,1780972591385
2928,0x9b1ce708b24f818d76563acd225a3b9b46f59b8bbb72507d8808bcba82fbfa33,"",client_a_preview,0,"","",ETH/USD,1667722131487674728448,1780972511,failed,NonMonotonicNonce,"Intent for ETH/USD superseded on chain; not submitted.",0,0,,,,,1780972591394,1780972591394
2929,0x748ae6bc1547fb36a01068b0f1920b5ae8d92dfee5541f502f9117ea69ef45a1,"",client_a_preview,0,"","",DOGE/USD,85073617537500000,1780972521,failed,NonMonotonicNonce,"Intent for DOGE/USD superseded on chain; not submitted.",0,0,,,,,1780972591399,1780972591399
2930,0xf4b1f631ccbe944115a55c7f7ffec02aeab20d2ca11f0af57423e33082df97ba,d90d20dffbe1fea2ef93d2980bb05ea5172ab7415bde42a2a8ab6fed4b0c28a0,client_a_preview,0,"","",BTC/USD,"",0,confirmed,,,0,0,,,1780972633968,1780972665043,,1780972633968
2931,0x8afa084bd0aa1c5613987028562752b21489914d8cbb098f8cd11058365f5fdf,d90d20dffbe1fea2ef93d2980bb05ea5172ab7415bde42a2a8ab6fed4b0c28a0,client_a_preview,0,"","",ETH/USD,"",0,confirmed,,,0,0,,,1780972633979,1780972665058,,1780972633979
2932,0x346522b9a0ea81240bd4fcd6bfb8c0764a0dd900fc3ef0c9a156d42b4251a445,"",client_a_preview,0,"","",BTC/USD,62744114027205769560064,1780972614,failed,NonMonotonicNonce,"Intent for BTC/USD superseded on chain; not submitted.",0,0,,,,,1780972674055,1780972674055
2933,0x10254d7ef35f79eb621a2b9084628e9fc3558ecc2ec5d96dc4d2e41373b9f347,"",client_a_preview,0,"","",ETH/USD,1667568748830488133632,1780972615,failed,NonMonotonicNonce,"Intent for ETH/USD superseded on chain; not submitted.",0,0,,,,,1780972674064,1780972674064
2934,0xc408710e51cfb02fc54fa67bf59cf3672a42932272d0291ac385f0adb2ee6cd9,"",client_a_preview,0,"","",USDC/USD,999741205731887680,1780972622,failed,NonMonotonicNonce,"Intent for USDC/USD superseded on chain; not submitted.",0,0,,,,,1780972674072,1780972674072
2935,0x291514cc7bd8f78251e8d1a4dda63a42174f1c45d647fb3eebff475345fe95b9,"",client_a_preview,0,"","",DOGE/USD,85058729425000000,1780972629,failed,NonMonotonicNonce,"Intent for DOGE/USD superseded on chain; not submitted.",0,0,,,,,1780972674080,1780972674080
2936,0x83bae68beb22030bf56099b29af198aa0708bdaa808c27d6e9984f7b6bf13c51,"",client_a_preview,0,"","",USDC/USD,999743702332200256,1780972734,failed,NonMonotonicNonce,"Intent for USDC/USD superseded on chain; not submitted.",0,0,,,,,1780972782496,1780972782496
2937,0x9beb600ea0c31279fe4c22c10bab7b3ca8b36f09177119141215054af5d80f87,"",client_a_preview,0,"","",DOGE/USD,85013121379055200,1780972742,failed,NonMonotonicNonce,"Intent for DOGE/USD superseded on chain; not submitted.",0,0,,,,,1780972782505,1780972782505
2938,0xb0633cd756b533cd1434bc5404a9ea3cb30e8c893f400bddcc0cf9d41dd27aeb,"",client_a_preview,0,"","",XVG/USD,2533062420000000,1780972672,failed,NonMonotonicNonce,"Intent for XVG/USD superseded on chain; not submitted.",0,0,,,,,1780972782514,1780972782514
2939,0xcb16b909ecb6b3a21e5a428da44cb6149f75b705a300d576b6fe948defabd888,"",client_a_preview,0,"","",ARB/USD,80562781122224096,1780972813,failed,NonMonotonicNonce,"Oracle intent nonce must be greater than the current nonce.",0,0,,,,,1780972826275,1780972826275
2940,0x60ec864de0940d0d5e9d4e07c476f41844c12acb14ae82ccca3b604892aee0c3,1505932799a6ba849565d608fbe1b7c37c53eae6aca735966f6bb712f7612675,client_a_preview,0,"","",USDC/USD,"",0,confirmed,,,0,0,,,1780972859489,1780972882352,,1780972859489
2941,0x99a7b008e63e33966e29274aaa90f4ac2374e0edd9e3731525a5134f884b5aaa,"",client_a_preview,0,"","",DOGE/USD,84993216544900288,1780972851,failed,NonMonotonicNonce,"Intent for DOGE/USD superseded on chain; not submitted.",0,0,,,,,1780972889416,1780972889416
2942,0xe444383248df5f8fa5914239fe9249433634f84620a86ce69a346a27fbaa6902,"",client_a_preview,0,"","",USDC/USD,999744952500625152,1780972844,failed,NonMonotonicNonce,"Intent for USDC/USD superseded on chain; not submitted.",0,0,,,,,1780972889425,1780972889425
2943,0x21836189e3ab8fa9415dd83bfd41b22e27953c83964522431f2a3fd4b3f15628,71adbd8dc84de1bed2bfd98314a77033a12822dfa163fb48f421e6742e014cd5,client_a_preview,0,"","",ARB/USD,"",0,confirmed,,,0,0,,,1780972947436,1780972992069,,1780972947436
2944,0x0d93295219c7230ccf7a4c1c58433e0213bdb24312ad1146d06909315a501b4d,"",client_a_preview,0,"","",ARB/USD,80484956992561968,1780972926,failed,NonMonotonicNonce,"Intent for ARB/USD superseded on chain; not submitted.",0,0,,,,,1780973001290,1780973001290
2945,0x7fb5d2da2a15efc6724635428754d98bb62bc449ae7e81b66c84f538202153b7,"",client_a_preview,0,"","",ETH/USD,1664994905315470868480,1780972946,failed,NonMonotonicNonce,"Intent for ETH/USD superseded on chain; not submitted.",0,0,,,,,1780973001298,1780973001298
2946,0x093e41a00dbc5685936168685f175961e02d629b17588176ef93833e198b3fed,"",client_a_preview,0,"","",DOGE/USD,84978042235552152,1780972958,failed,NonMonotonicNonce,"Intent for DOGE/USD superseded on chain; not submitted.",0,0,,,,,1780973001303,1780973001303
2947,0xb0b97b4995ea03e9cb8c52ebf42bbb3ffbedf3c43b208236302ddba39fc1310a,"",client_a_preview,0,"","",SHIB/USD,4669461343354,1780972959,failed,NonMonotonicNonce,"Intent for SHIB/USD superseded on chain; not submitted.",0,0,,,,,1780973001309,1780973001309
2948,0x8d6d3268897b718a0559a89802c817f27fa557a31f90bd5f1f74b96b73e00250,1b6beac041db320a0321330705fbdbc61915c7fdf081a3c7b5d21672b21a39c4,client_a_preview,0,"","",ARB/USD,"",0,confirmed,,,0,0,,,1780973045454,1780973094843,,1780973045454
2949,0xee2f9176482515d9b57861a59eef9cb6de43d509d8ebd5c988b874250c254183,b1bc86f38fbbc2c57f14b73cfd8ba662f17e3a9b6b2b2cb76d92ea3271e043d7,client_a_preview,0,"","",ARB/USD,"",0,failed,CrashRecovery,"daemon restarted with submitted transaction awaiting confirmation",0,0,,,1780973115047,,1780984601645,1780973115047
2950,0x1b84251f4cb6d5d12c09447a3633b5d3570fd7d0a8b2f93244c02b9c5d6a8128,b1bc86f38fbbc2c57f14b73cfd8ba662f17e3a9b6b2b2cb76d92ea3271e043d7,client_a_preview,0,"","",ETH/USD,"",0,failed,CrashRecovery,"daemon restarted with submitted transaction awaiting confirmation",0,0,,,1780973115062,,1780984601642,1780973115062
2951,0x8ca0452768532b9762201b92bc3d5331fec8c102b3df9e178fcb9a469f8d812d,b1bc86f38fbbc2c57f14b73cfd8ba662f17e3a9b6b2b2cb76d92ea3271e043d7,client_a_preview,0,"","",DOGE/USD,"",0,failed,CrashRecovery,"daemon restarted with submitted transaction awaiting confirmation",0,0,,,1780973115072,,1780984601638,1780973115072
2952,0x49f7a2035ea579432e2a88c81d9dded277c285869d095dc29cc40ab775783a6c,b1bc86f38fbbc2c57f14b73cfd8ba662f17e3a9b6b2b2cb76d92ea3271e043d7,client_a_preview,0,"","",SHIB/USD,"",0,failed,CrashRecovery,"daemon restarted with submitted transaction awaiting confirmation",0,0,,,1780973115080,,1780984601635,1780973115080
2953,0x1a70b571fe7385b833c922ec4f0bab68c78a7cf88f5665904ad1db4d896c3e16,b1bc86f38fbbc2c57f14b73cfd8ba662f17e3a9b6b2b2cb76d92ea3271e043d7,client_a_preview,0,"","",NEIRO/USD,"",0,confirmed,,,0,0,,,1780973115087,1780973143468,,1780973115087
2954,0xee2f9176482515d9b57861a59eef9cb6de43d509d8ebd5c988b874250c254183,"",client_a_preview,0,"","",ARB/USD,80390123748098752,1780973026,failed,CrashRecovery,"daemon restarted with submitted transaction awaiting confirmation",0,0,,,,,1780984601645,1780973143444
2955,0x1b84251f4cb6d5d12c09447a3633b5d3570fd7d0a8b2f93244c02b9c5d6a8128,"",client_a_preview,0,"","",ETH/USD,1664435319858497978368,1780973050,failed,CrashRecovery,"daemon restarted with submitted transaction awaiting confirmation",0,0,,,,,1780984601642,1780973143453
2956,0x8ca0452768532b9762201b92bc3d5331fec8c102b3df9e178fcb9a469f8d812d,"",client_a_preview,0,"","",DOGE/USD,84947189582324544,1780973063,failed,CrashRecovery,"daemon restarted with submitted transaction awaiting confirmation",0,0,,,,,1780984601638,1780973143460
2957,0x49f7a2035ea579432e2a88c81d9dded277c285869d095dc29cc40ab775783a6c,"",client_a_preview,0,"","",SHIB/USD,4667377446569,1780973064,failed,CrashRecovery,"daemon restarted with submitted transaction awaiting confirmation",0,0,,,,,1780984601635,1780973143465
2958,0x0e7cf5531950e5e7fda267e8875065a8762a5095f8359eabbf94c13137f39f86,"",client_a_preview,0,"","",NEIRO/USD,67335076800000,1780973093,failed,NonMonotonicNonce,"Oracle intent nonce must be greater than the current nonce.",0,0,,,,,1780973151555,1780973151555
2959,0x7797edd2c93531a7fae4dc82edd9e887463003c192561881374735d8b1a080dc,2ba35389a0c6048d56bf921e9b3a63e8bad0893eee3f6f563f1439dfed949a58,client_a_preview,0,"","",LTC/USD,"",0,confirmed,,,0,0,,,1780973173552,1780973207846,,1780973173552
2960,0xf6d83d84e22844e87fc3ff95d8d60dac3099b61782ce465e4d9f4379347479fb,"",client_a_preview,0,"","",ETH/USD,1664124355551357304832,1780973158,failed,NonMonotonicNonce,"Intent for ETH/USD superseded on chain; not submitted.",0,0,,,,,1780973214893,1780973214893
2961,0x1b4589e2fcde0584112c3f8df05a1f9686aa9f7540e6d9b7ccc86c4f4276e1f1,"",client_a_preview,0,"","",LTC/USD,42455555312500002816,1780973155,failed,NonMonotonicNonce,"Intent for LTC/USD superseded on chain; not submitted.",0,0,,,,,1780973214900,1780973214900
2962,0xd2e9006a4e660493597ada527bc364be70438e3c077c82ff49a228749f017a60,"",client_a_preview,0,"","",DOGE/USD,84940011069661760,1780973170,failed,NonMonotonicNonce,"Intent for DOGE/USD superseded on chain; not submitted.",0,0,,,,,1780973214906,1780973214906
2963,0x9dd6e649255757252f1905ce4b13e7ded2708eae2a92ad1a1d418528107db9c9,"",client_a_preview,0,"","",SHIB/USD,4666261146668,1780973171,failed,NonMonotonicNonce,"Intent for SHIB/USD superseded on chain; not submitted.",0,0,,,,,1780973214914,1780973214914
2964,0x50f7b02df71b40692e2a9f0eaad9aa045d2b0889f96d5107fbd2a911146ea8ef,898c9c214fbdf2656012d301b000b2a0290ca28cd00394b3d0617f600537f17f,client_a_preview,0,"","",XVG/USD,"",0,failed,CrashRecovery,"daemon restarted with submitted transaction awaiting confirmation",0,0,,,1780973234941,,1780984601631,1780973234941
2965,0x604873f474e6403ea115ef6a8a330d878fd6182a003afd93796245dcd12901be,898c9c214fbdf2656012d301b000b2a0290ca28cd00394b3d0617f600537f17f,client_a_preview,0,"","",USDT/USD,"",0,confirmed,,,0,0,,,1780973234968,1780973262915,,1780973234968
2966,0x50f7b02df71b40692e2a9f0eaad9aa045d2b0889f96d5107fbd2a911146ea8ef,"",client_a_preview,0,"","",XVG/USD,2526558512500000,1780973207,failed,CrashRecovery,"daemon restarted with submitted transaction awaiting confirmation",0,0,,,,,1780984601631,1780973262911
2967,0x65eb809eaa365e46150aeae6eb3e845017258f103a5b7a0fe4891f248b0b362c,ec90c57ce79ba4bba07b31f2c20112b0ea99388882a0af8da8ae479ff947e589,client_a_preview,0,"","",ARB/USD,"",0,failed,CrashRecovery,"daemon restarted with submitted transaction awaiting confirmation",0,0,,,1780973280866,,1780984601626,1780973280866
2968,0x26906a4d3414e6609d7306302b5d2ddf453bd39f998825a8d53583b1582eaf68,ec90c57ce79ba4bba07b31f2c20112b0ea99388882a0af8da8ae479ff947e589,client_a_preview,0,"","",ETH/USD,"",0,confirmed,,,0,0,,,1780973280873,1780973315187,,1780973280873
2969,0x65eb809eaa365e46150aeae6eb3e845017258f103a5b7a0fe4891f248b0b362c,"",client_a_preview,0,"","",ARB/USD,80294940000000000,1780973237,failed,CrashRecovery,"daemon restarted with submitted transaction awaiting confirmation",0,0,,,,,1780984601626,1780973315182
2970,0x17c4e11c500f6702b98f33b32153dc29941e2eabc8ca10ca202b1b7dd8498790,"",client_a_preview,0,"","",ETH/USD,1664069433715967655936,1780973260,failed,NonMonotonicNonce,"Intent for ETH/USD superseded on chain; not submitted.",0,0,,,,,1780973323183,1780973323183
2971,0xa8728f83e87fb21a17399013e077ccc6d149cdcf3471ee24d5f5df0da9d4acca,"",client_a_preview,0,"","",DOGE/USD,84940011069661760,1780973271,failed,NonMonotonicNonce,"Intent for DOGE/USD superseded on chain; not submitted.",0,0,,,,,1780973323192,1780973323192
2972,0xf3d8c4fcd73608d35306f1ff29bc237a51380f3a2c63e28c3e8167a9f2936be5,"",client_a_preview,0,"","",SHIB/USD,4666008969596,1780973273,failed,NonMonotonicNonce,"Intent for SHIB/USD superseded on chain; not submitted.",0,0,,,,,1780973323200,1780973323200
2973,0xcfa42b5e497aef955b35d10fdea057a610c3444f4263a9b216aa4e819c829083,b0799ac83c1133c26026ad18172b04d4292d6eaf718bbaf832ec18ce8e18b36c,client_a_preview,0,"","",XVG/USD,"",0,confirmed,,,0,0,,,1780973340298,1780973363096,,1780973340298
2974,0xf7a70c28fb08a1818f4b89395a338a4b9f9896ccc6af2ee8510314fe04aa0229,"",client_a_preview,0,"","",XVG/USD,2521554062500000,1780973320,failed,NonMonotonicNonce,"Intent for XVG/USD superseded on chain; not submitted.",0,0,,,,,1780973370222,1780973370222
2975,0x7ed29f03effde0e8deb93e80b6c0877b8e97e2a2634ef178e851097766d5926e,"",client_a_preview,0,"","",ARB/USD,80269887500000000,1780973352,failed,NonMonotonicNonce,"Intent for ARB/USD superseded on chain; not submitted.",0,0,,,,,1780973370230,1780973370230
2976,0xf0ed33aabb76fed0b44c40296fcfae056685d1bba046f9ca52db0fb063176a2f,41dc348077fb5d0ebc0928aa083dcb2ac038f2fb1fe0c2c02dc1ff8094768f9b,client_a_preview,0,"","",BTC/USD,"",0,confirmed,,,0,0,,,1780973389315,1780973508300,,1780973389315
2977,0x9fdedc3c5a36c115a1e399d27a58d5ece4404e0781841a234bb64658874e8e7c,32173fd0d234ff157597942b29435da28cae5a5571edd2e827bfbe3732a865fe,client_a_preview,0,"","",BTC/USD,"",0,failed,CrashRecovery,"daemon restarted with submitted transaction awaiting confirmation",0,0,,,1780973528930,,1780984601623,1780973528930
2978,0x733e36930d2448d087335286c52018f46543c769862c0b6fb6acb30fa98e7902,32173fd0d234ff157597942b29435da28cae5a5571edd2e827bfbe3732a865fe,client_a_preview,0,"","",DOGE/USD,"",0,failed,CrashRecovery,"daemon restarted with submitted transaction awaiting confirmation",0,0,,,1780973528941,,1780984601620,1780973528941
2979,0x1a85486349c959c5ebcccf14e627bc7f560fe518626d0914c333b7f0ba636c40,32173fd0d234ff157597942b29435da28cae5a5571edd2e827bfbe3732a865fe,client_a_preview,0,"","",SHIB/USD,"",0,confirmed,,,0,0,,,1780973528946,1780973551140,,1780973528946
2980,0x70c207cbcf5223cb1252d6b99814514357a56f734707dc46437dc727f4bf0ae8,32173fd0d234ff157597942b29435da28cae5a5571edd2e827bfbe3732a865fe,client_a_preview,0,"","",ARB/USD,"",0,failed,CrashRecovery,"daemon restarted with submitted transaction awaiting confirmation",0,0,,,1780973528954,,1780984601616,1780973528954
2981,0xce3e17372d3503db3e643932267239315c72dbff6e6d42f80296340e2a31845c,32173fd0d234ff157597942b29435da28cae5a5571edd2e827bfbe3732a865fe,client_a_preview,0,"","",USDC/USD,"",0,failed,CrashRecovery,"daemon restarted with submitted transaction awaiting confirmation",0,0,,,1780973528961,,1780984601612,1780973528961
2982,0x9fdedc3c5a36c115a1e399d27a58d5ece4404e0781841a234bb64658874e8e7c,"",client_a_preview,0,"","",BTC/USD,62698311849375000690688,1780973492,failed,CrashRecovery,"daemon restarted with submitted transaction awaiting confirmation",0,0,,,,,1780984601623,1780973551126
2983,0x733e36930d2448d087335286c52018f46543c769862c0b6fb6acb30fa98e7902,"",client_a_preview,0,"","",DOGE/USD,84934518059673728,1780973504,failed,CrashRecovery,"daemon restarted with submitted transaction awaiting confirmation",0,0,,,,,1780984601620,1780973551136
2984,0x70c207cbcf5223cb1252d6b99814514357a56f734707dc46437dc727f4bf0ae8,"",client_a_preview,0,"","",ARB/USD,80258121837196784,1780973471,failed,CrashRecovery,"daemon restarted with submitted transaction awaiting confirmation",0,0,,,,,1780984601616,1780973551150
2985,0xce3e17372d3503db3e643932267239315c72dbff6e6d42f80296340e2a31845c,"",client_a_preview,0,"","",USDC/USD,999744955000000000,1780973500,failed,CrashRecovery,"daemon restarted with submitted transaction awaiting confirmation",0,0,,,,,1780984601612,1780973551169
2986,0x38f756e4386d13b85eaf52a7e10154a187d77934303fe7df0acbbb7e310bafb3,"",client_a_preview,0,"","",SHIB/USD,4665069508330,1780973506,failed,NonMonotonicNonce,"Oracle intent nonce must be greater than the current nonce.",0,0,,,,,1780973559445,1780973559445
2987,0x9a65f22fdda5275915eedced0d3df143352b0bdd36ed45ccfac2a9da7a616696,cf7e1d7572d03376a7187f91277bab18d7fd6ebbfec4f9c5c53aeeca0329bea3,client_a_preview,0,"","",ARB/USD,"",0,confirmed,,,0,0,,,1780973592242,1780973641146,,1780973592242
2988,0x67871183e86c7e8e8c347a4b45595ff3d4edbc42c8ded06f07e4182edb985908,"",client_a_preview,0,"","",ARB/USD,80236797599699624,1780973578,failed,NonMonotonicNonce,"Intent for ARB/USD superseded on chain; not submitted.",0,0,,,,,1780973649626,1780973649626
2989,0x4bbcaa5f932380ecaa4c010179664682443dddad7b17b944aa832e75d0e3fdc5,"",client_a_preview,0,"","",USDC/USD,999744955000000000,1780973611,failed,NonMonotonicNonce,"Intent for USDC/USD superseded on chain; not submitted.",0,0,,,,,1780973649632,1780973649632
2990,0x5e530cf744dcde8a746e7d7b523640c200e87aa0abf44974db258e398e2bb893,"",client_a_preview,0,"","",DOGE/USD,84934518059673728,1780973617,failed,NonMonotonicNonce,"Intent for DOGE/USD superseded on chain; not submitted.",0,0,,,,,1780973649642,1780973649642
2991,0x3f8794ec921d564849c47b411836d6bd32e117f4a8df512f802fec540c4369bb,fde274d45beffbfade4a62dd7e743107d2c76c6aac0e547db6731a01997c304f,client_a_preview,0,"","",USDC/USD,"",0,confirmed,,,0,0,,,1780973733607,1780973774732,,1780973733607
2992,0x4084b631ab9039b58c70150a3b2cf3775780deaa35fec40e5ed09956fd00a5fa,"",client_a_preview,0,"","",DOGE/USD,84934518059673728,1780973725,failed,NonMonotonicNonce,"Intent for DOGE/USD superseded on chain; not submitted.",0,0,,,,,1780973781140,1780973781140
2993,0xec4075fcca695e1bf1025a424ac25d1549abf11b18b01b549c2cd543850c2009,"",client_a_preview,0,"","",USDC/USD,999743702331887680,1780973719,failed,NonMonotonicNonce,"Intent for USDC/USD superseded on chain; not submitted.",0,0,,,,,1780973781148,1780973781148
2994,0x4e7690eb07ec1d83576612b4af391f5ded5ebc4aa1dbdc868bebb8898b1f5019,"",client_a_preview,0,"","",NEIRO/USD,67287257812499,1780973757,failed,NonMonotonicNonce,"Intent for NEIRO/USD superseded on chain; not submitted.",0,0,,,,,1780973781156,1780973781156
2995,0xdf694a51196501f90f7a55e8ff8bfd546475b06a67a463c8cc0be9bc81b45176,cb7778db0dfd98f61048ffa3d25f51bbd62488db02a870a51a2fc1793572bfdd,client_a_preview,0,"","",LTC/USD,"",0,failed,CrashRecovery,"daemon restarted with submitted transaction awaiting confirmation",0,0,,,1780973887098,,1780984601609,1780973887098
2996,0xada202546f39f13327367134b7409053530a9fa1445c4381c5ff958126c5d2b9,cb7778db0dfd98f61048ffa3d25f51bbd62488db02a870a51a2fc1793572bfdd,client_a_preview,0,"","",DOGE/USD,"",0,failed,CrashRecovery,"daemon restarted with submitted transaction awaiting confirmation",0,0,,,1780973887109,,1780984601605,1780973887109
2997,0xc87c18219e75b70f2575a5be6f09d24d887bf06809b0c9da6420186708f91dff,cb7778db0dfd98f61048ffa3d25f51bbd62488db02a870a51a2fc1793572bfdd,client_a_preview,0,"","",NEIRO/USD,"",0,failed,CrashRecovery,"daemon restarted with submitted transaction awaiting confirmation",0,0,,,1780973887112,,1780984601602,1780973887112
2998,0x398803f6566aa362f3d201140a1515275daef1f24b0b4cd9ce536a6190751916,cb7778db0dfd98f61048ffa3d25f51bbd62488db02a870a51a2fc1793572bfdd,client_a_preview,0,"","",USDT/USD,"",0,confirmed,,,0,0,,,1780973887117,1780973924243,,1780973887117
2999,0xdf694a51196501f90f7a55e8ff8bfd546475b06a67a463c8cc0be9bc81b45176,"",client_a_preview,0,"","",LTC/USD,42444183437778554880,1780973812,failed,CrashRecovery,"daemon restarted with submitted transaction awaiting confirmation",0,0,,,,,1780984601609,1780973924216
3000,0xada202546f39f13327367134b7409053530a9fa1445c4381c5ff958126c5d2b9,"",client_a_preview,0,"","",DOGE/USD,84934518059673728,1780973829,failed,CrashRecovery,"daemon restarted with submitted transaction awaiting confirmation",0,0,,,,,1780984601605,1780973924224
3001,0xc87c18219e75b70f2575a5be6f09d24d887bf06809b0c9da6420186708f91dff,"",client_a_preview,0,"","",NEIRO/USD,67254770000000,1780973857,failed,CrashRecovery,"daemon restarted with submitted transaction awaiting confirmation",0,0,,,,,1780984601602,1780973924238
3002,0x88dad10572aecda797451f2daa07f72ca67a758fa0ce8ca43b410673105325d4,"",client_a_preview,0,"","",USDT/USD,999580000000000000,1780973872,failed,NonMonotonicNonce,"Intent for USDT/USD superseded on chain; not submitted.",0,0,,,,,1780973930724,1780973930724
3003,0xf610b66be82a5d531a64eb61ee918d0f1396f2160a8264adec0069d579ce5776,"",client_a_preview,0,"","",ETH/USD,1663238189408650264576,1780973920,failed,NonMonotonicNonce,"Intent for ETH/USD superseded on chain; not submitted.",0,0,,,,,1780973930733,1780973930733
3004,0x3c3d338e344b3f23507c63f755d0a7f6fdcaeb51ca7af13fad0f4b6e1f77a224,02852b29a39223e8da1a61e1c7c97c189731ce39c18119ebff4dec99a1816c37,client_a_preview,0,"","",DOGE/USD,"",0,confirmed,,,0,0,,,1780973947413,1780973984489,,1780973947413
3005,0x17b228ecc069d72307f29ff9c68262cdcdba716801e1833f73a8740b8a595f69,"",client_a_preview,0,"","",DOGE/USD,84934518059673728,1780973935,failed,NonMonotonicNonce,"Intent for DOGE/USD superseded on chain; not submitted.",0,0,,,,,1780973992408,1780973992408
3006,0x784e040f71ac886c64cc09d2b074af9f7d136d81a64bb48f76c4433ae6cb913f,"",client_a_preview,0,"","",NEIRO/USD,67244773750000,1780973965,failed,NonMonotonicNonce,"Intent for NEIRO/USD superseded on chain; not submitted.",0,0,,,,,1780973992420,1780973992420
3007,0x87cd9d398c030b4ac11fc807ee7f66a85d90c71655e837ddd39ab0402423fc7d,"",client_a_preview,0,"","",XVG/USD,2519055000000000,1780973975,failed,NonMonotonicNonce,"Intent for XVG/USD superseded on chain; not submitted.",0,0,,,,,1780973992427,1780973992427
3008,0xb5713b489b0a8968644bd39bf0422eaa740ca497989bc704fb922ddb25f0771d,4135108217c5d48d8243200835c057dcea146e526d23bbd61d5d44f56ad0031b,client_a_preview,0,"","",ETH/USD,"",0,confirmed,,,0,0,,,1780974041203,1780974078983,,1780974041203
3009,0x172fe1cfe81d8617b058fc78524bd56d56986657b94a7c94bc14b1180c8a22e4,"",client_a_preview,0,"","",ETH/USD,1663238189408650264576,1780974027,failed,NonMonotonicNonce,"Intent for ETH/USD superseded on chain; not submitted.",0,0,,,,,1780974084111,1780974084111
3010,0x1e8cbbf8beb2dd47946e3913d20183c74aa90a0753c8ae296fc7fa7e872d1fe6,"",client_a_preview,0,"","",NEIRO/USD,67239271124999,1780974075,failed,NonMonotonicNonce,"Intent for NEIRO/USD superseded on chain; not submitted.",0,0,,,,,1780974084121,1780974084121
3011,0xa8550f5e49e1c1bafb99fe052d38db20e45dbf9f2cc442289dda8cf9b7395f13,474f8b561c37b8bc23320bed6a8b7bc5d5532e362a1dcef79d5e127a8b156dd6,client_a_preview,0,"","",XVG/USD,"",0,confirmed,,,0,0,,,1780974103038,1780974156192,,1780974103038
3012,0xdb213f538c13123bfb5ca5e72c8cf82f61348a6f89221290f3798ea631ea4136,"",client_a_preview,0,"","",XVG/USD,2518055375000000,1780974085,failed,NonMonotonicNonce,"Intent for XVG/USD superseded on chain; not submitted.",0,0,,,,,1780974163095,1780974163095
3013,0x9856d5fc73a11d23f1c1f222ee5f98b35beca464656e04f800bd75d00b482489,"",client_a_preview,0,"","",BTC/USD,62690487906601499885568,1780974139,failed,NonMonotonicNonce,"Intent for BTC/USD superseded on chain; not submitted.",0,0,,,,,1780974163107,1780974163107
3014,0x82ca5e522e01886e9b2a20c75626f49a155d5f6952e3bebfc15004bf4111273b,"",client_a_preview,0,"","",SHIB/USD,4664250250000,1780974156,failed,NonMonotonicNonce,"Oracle intent nonce must be greater than the current nonce.",0,0,,,,,1780974169409,1780974169409
3015,0xf9dd2c06617d1ae7b2e98e7b4bdc2e6d15ca617cc19de722f04e788998459972,b71c7ca7f0a879e0d179567ebfb397feeedec36a2bb463530dc1d550f9048a8e,client_a_preview,0,"","",NEIRO/USD,"",0,confirmed,,,0,0,,,1780974204160,1780974272797,,1780974204160
3016,0x59b0ac5e88ca6bb3288dd52016401dab8a8a0c86e1fd04fee14699c638256668,"",client_a_preview,0,"","",NEIRO/USD,67224781250000,1780974191,failed,NonMonotonicNonce,"Intent for NEIRO/USD superseded on chain; not submitted.",0,0,,,,,1780974280682,1780974280682
3017,0x399ed45c996dada75520b9db3186c21bc5867f51d81f55e17cbaeb62833efc8a,"",client_a_preview,0,"","",BTC/USD,62690487906601499885568,1780974251,failed,NonMonotonicNonce,"Intent for BTC/USD superseded on chain; not submitted.",0,0,,,,,1780974280691,1780974280691
3018,0xfe9cb5b901a34425686a345a00e934247d9001a633f37d1e96c3620f5b379e80,"",client_a_preview,0,"","",SHIB/USD,4664250250000,1780974266,failed,NonMonotonicNonce,"Intent for SHIB/USD superseded on chain; not submitted.",0,0,,,,,1780974280698,1780974280698
3019,0x7c296a8d35c9a465e1d823d7b3da3ea3849bbd81040ffaf671b68fd5a82a3088,98df504e242140545ac4fd20a8d2892c961ec63a780d122a99f86829ff197a2c,client_a_preview,0,"","",ARB/USD,"",0,confirmed,,,0,0,,,1780974347679,1780974460644,,1780974347679
3020,0xe06d8352083fa71deeebb464f5f913ef0a68f30a95a97071ad0a25edeec66cca,82b706607a029cd5e032517783b483113fc2654d0252323afe99f8e38632b9e8,client_a_preview,0,"","",ARB/USD,"",0,failed,CrashRecovery,"daemon restarted with submitted transaction awaiting confirmation",0,0,,,1780974479749,,1780984601598,1780974479749
3021,0x3d95b3fff64f8f2b650d3d04aa452a0ef75c55417242abbce10cea3f766bd1a4,82b706607a029cd5e032517783b483113fc2654d0252323afe99f8e38632b9e8,client_a_preview,0,"","",BTC/USD,"",0,confirmed,,,0,0,,,1780974479760,1780974507127,,1780974479760
3022,0x5ab79e6da4dd8d2a0143f47e68a2a73a88edaf31d0a201dc0b57b6dc55e39b41,82b706607a029cd5e032517783b483113fc2654d0252323afe99f8e38632b9e8,client_a_preview,0,"","",SHIB/USD,"",0,failed,CrashRecovery,"daemon restarted with submitted transaction awaiting confirmation",0,0,,,1780974479767,,1780984601594,1780974479767
3023,0xe06d8352083fa71deeebb464f5f913ef0a68f30a95a97071ad0a25edeec66cca,"",client_a_preview,0,"","",ARB/USD,80190156742202848,1780974446,failed,CrashRecovery,"daemon restarted with submitted transaction awaiting confirmation",0,0,,,,,1780984601598,1780974507122
3024,0x5ab79e6da4dd8d2a0143f47e68a2a73a88edaf31d0a201dc0b57b6dc55e39b41,"",client_a_preview,0,"","",SHIB/USD,4664250250000,1780974372,failed,CrashRecovery,"daemon restarted with submitted transaction awaiting confirmation",0,0,,,,,1780984601594,1780974507143
3025,0x07c8cdaeb440dbbdb581e4a724fa2962283c0a8031f667076a77ae3425eb2ab6,"",client_a_preview,0,"","",USDC/USD,999728066747148160,1780974473,failed,NonMonotonicNonce,"Intent for USDC/USD superseded on chain; not submitted.",0,0,,,,,1780974513516,1780974513516
3026,0x3fb258b7acf7c6747e6f5ef3902e364c13a51548b974ade5f08e83fedcc6dc07,"",client_a_preview,0,"","",BTC/USD,62697239428352345899008,1780974465,failed,NonMonotonicNonce,"Intent for BTC/USD superseded on chain; not submitted.",0,0,,,,,1780974513523,1780974513523
3027,0x1cd96f3d7795dc7d9f0409949516392c08a6a620503c524b0c505219d4c8fb87,"",client_a_preview,0,"","",SHIB/USD,4664250250000,1780974480,failed,NonMonotonicNonce,"Intent for SHIB/USD superseded on chain; not submitted.",0,0,,,,,1780974513529,1780974513529
3028,0xed3379d34cf8ea507cb018e06155acfcbf5f00433a826239e74d6dd63556c6cc,"",client_a_preview,0,"","",USDT/USD,999577500000000064,1780974522,failed,NonMonotonicNonce,"Oracle intent nonce must be greater than the current nonce.",0,0,,,,,1780974535861,1780974535861
3029,0x3066e4a925e41bdb29daef624b5047eb63c6d7c0c5751480cffa5b332eb74263,9510849acb736115c69fce5f9ae2976422ede556bb5628d4da5d64910f103f56,client_a_preview,0,"","",LTC/USD,"",0,confirmed,,,0,0,,,1780974578383,1780974660098,,1780974578383
3030,0x242ac2a4043e0f47b30963770e58e508b0e8768bfe3fa9098a2a5c8f0410226b,"",client_a_preview,0,"","",USDC/USD,999726199562500160,1780974574,failed,NonMonotonicNonce,"Intent for USDC/USD superseded on chain; not submitted.",0,0,,,,,1780974669164,1780974669164
3031,0x6d5919a8686c66c535b98d29aee76133cf3ef66ff6682d6655e65db34000e74e,"",client_a_preview,0,"","",LTC/USD,42458054348466077696,1780974565,failed,NonMonotonicNonce,"Intent for LTC/USD superseded on chain; not submitted.",0,0,,,,,1780974669170,1780974669170
3032,0xf0ff2b12eb0775882b2596ccd174f8dbced3ec81d6297e5589e3b6efc645dd51,"",client_a_preview,0,"","",SHIB/USD,4664250250000,1780974582,failed,NonMonotonicNonce,"Intent for SHIB/USD superseded on chain; not submitted.",0,0,,,,,1780974669177,1780974669177
3033,0xa47f8de11fde5d7eb5e8b9650db182c7ae1a305001735afddd0fc6378680ac06,"",client_a_preview,0,"","",USDT/USD,999573434707195008,1780974625,failed,NonMonotonicNonce,"Intent for USDT/USD superseded on chain; not submitted.",0,0,,,,,1780974669185,1780974669185
3034,0x62ad77a83f6ca55df537da7db81166558843d0512a8d383bdfd3188997199415,dce0ea1046b1948eeb9cae7bd4e94a4058237ce45e72e6d1ba6985a3f6415c5f,client_a_preview,0,"","",USDC/USD,"",0,confirmed,,,0,0,,,1780974697191,1780974760979,,1780974697191
3035,0x6ac67ce1d48cf603954f209c6b66b9dac565d949af0a7b73932125e28d72f569,"",client_a_preview,0,"","",DOGE/USD,84981418943764336,1780974690,failed,NonMonotonicNonce,"Intent for DOGE/USD superseded on chain; not submitted.",0,0,,,,,1780974770239,1780974770239
3036,0x027aedad2994716eaada796ce6d81bf2fec298d697f9c73e98dfb4934f4a1c30,"",client_a_preview,0,"","",SHIB/USD,4664786649860,1780974692,failed,NonMonotonicNonce,"Intent for SHIB/USD superseded on chain; not submitted.",0,0,,,,,1780974770247,1780974770247
3037,0x9283d8d29a7287e7bad10e63787a24bc33f8f48eedc3468d9292508275510288,"",client_a_preview,0,"","",USDC/USD,999726199562500160,1780974684,failed,NonMonotonicNonce,"Intent for USDC/USD superseded on chain; not submitted.",0,0,,,,,1780974770252,1780974770252
3038,0x3dd54e5e83c69df6ccb8d7ae54d688e9626987ea645e0abee468d95aced2bb30,"",client_a_preview,0,"","",USDT/USD,999570000000000000,1780974738,failed,NonMonotonicNonce,"Intent for USDT/USD superseded on chain; not submitted.",0,0,,,,,1780974770261,1780974770261
3039,0x0c926140d931ef7d4b318450c9ca974a2333974e3529f6585fc778e7ea5eefc1,69a3e0005903fb03ef71ef0dff229f418d77491ab1bfbaef6ea97bd6c7d97fd0,client_a_preview,0,"","",ETH/USD,"",0,confirmed,,,0,0,,,1780974801857,1780974836647,,1780974801857
3040,0x072d232bbb1da990748c5e44d803c95678f286c57a4b373ab72f62bb6e551ab7,3d1fe3064d61b595fe1703ee992258b36cf93abbd56237acd11c474f2e2cbfa1,client_a_preview,0,"","",ETH/USD,"",0,failed,CrashRecovery,"daemon restarted with submitted transaction awaiting confirmation",0,0,,,1780974856777,,1780984601591,1780974856777
3041,0xef12a7d4a4545cc8f47c3d13222c8a28377edf2275369ca66db8d5a6cb7aadac,3d1fe3064d61b595fe1703ee992258b36cf93abbd56237acd11c474f2e2cbfa1,client_a_preview,0,"","",DOGE/USD,"",0,failed,CrashRecovery,"daemon restarted with submitted transaction awaiting confirmation",0,0,,,1780974856784,,1780984601587,1780974856784
3042,0x8d9b053d2f5a924138035f01dc6f7d500a35eebb4a5b389153c32114caad83ad,3d1fe3064d61b595fe1703ee992258b36cf93abbd56237acd11c474f2e2cbfa1,client_a_preview,0,"","",SHIB/USD,"",0,failed,CrashRecovery,"daemon restarted with submitted transaction awaiting confirmation",0,0,,,1780974856794,,1780984601583,1780974856794
3043,0x989129b227a95383872304a0c8c953ac8cc9a5126fb3fdc64a9e5f7d7f321102,3d1fe3064d61b595fe1703ee992258b36cf93abbd56237acd11c474f2e2cbfa1,client_a_preview,0,"","",XVG/USD,"",0,confirmed,,,0,0,,,1780974856808,1780974891749,,1780974856808
3044,0x072d232bbb1da990748c5e44d803c95678f286c57a4b373ab72f62bb6e551ab7,"",client_a_preview,0,"","",ETH/USD,1663731364880432627712,1780974790,failed,CrashRecovery,"daemon restarted with submitted transaction awaiting confirmation",0,0,,,,,1780984601591,1780974891726
3045,0xef12a7d4a4545cc8f47c3d13222c8a28377edf2275369ca66db8d5a6cb7aadac,"",client_a_preview,0,"","",DOGE/USD,84996466138081480,1780974802,failed,CrashRecovery,"daemon restarted with submitted transaction awaiting confirmation",0,0,,,,,1780984601587,1780974891737
3046,0x8d9b053d2f5a924138035f01dc6f7d500a35eebb4a5b389153c32114caad83ad,"",client_a_preview,0,"","",SHIB/USD,4665069508330,1780974803,failed,CrashRecovery,"daemon restarted with submitted transaction awaiting confirmation",0,0,,,,,1780984601583,1780974891746
3047,0x83d6971889977127d00acfbc153642560731a527c55e6b150fec7d43c1962c48,"",client_a_preview,0,"","",USDT/USD,999570000000000000,1780974844,failed,NonMonotonicNonce,"Intent for USDT/USD superseded on chain; not submitted.",0,0,,,,,1780974898683,1780974898683
3048,0xa51096f54d1f1a46a412086f235b665dd3f051ea5bbb50d6628695d954eaef90,"",client_a_preview,0,"","",XVG/USD,2517025840993840,1780974841,failed,NonMonotonicNonce,"Intent for XVG/USD superseded on chain; not submitted.",0,0,,,,,1780974898693,1780974898693
3049,0x4ed0265f82794820a5872eca806d183d11d7dd202679a00532e006765858f1ae,bb81d19f3a1a1cb381dc8e989f7e00d1a6ad801943c227035e2a8b88c1027242,client_a_preview,0,"","",DOGE/USD,"",0,confirmed,,,0,0,,,1780974923092,1780974954124,,1780974923092
3050,0x9b8c18374110db36acf4f79cd7278fc157b7401bbefb8eb231f939ef61909948,bb81d19f3a1a1cb381dc8e989f7e00d1a6ad801943c227035e2a8b88c1027242,client_a_preview,0,"","",SHIB/USD,"",0,confirmed,,,0,0,,,1780974923099,1780974954135,,1780974923099
3051,0x0bb17dd9e3678b8a1fb707572c9da208d01ea8d5e998649d0b6a633e0f89a578,"",client_a_preview,0,"","",DOGE/USD,85002631175704768,1780974907,failed,NonMonotonicNonce,"Intent for DOGE/USD superseded on chain; not submitted.",0,0,,,,,1780974961302,1780974961302
3052,0x4d0ff140b0c64c0531c030c9ffd873c6b22159acb087fd390748970037531cc0,"",client_a_preview,0,"","",SHIB/USD,4665249869168,1780974908,failed,NonMonotonicNonce,"Intent for SHIB/USD superseded on chain; not submitted.",0,0,,,,,1780974961310,1780974961310
3053,0xfa6ddfe76e9bb16ccbeddb49edab4e816ea4992a4a8f77bbab799622cc70e3e0,"",client_a_preview,0,"","",NEIRO/USD,67249771875000,1780974935,failed,NonMonotonicNonce,"Intent for NEIRO/USD superseded on chain; not submitted.",0,0,,,,,1780974961317,1780974961317
3054,0x859a9e60326cc9b6b208dfc9be1de84a575bf6677f69261742265175b94d6a41,"",client_a_preview,0,"","",USDT/USD,999570000000000000,1780974950,failed,NonMonotonicNonce,"Intent for USDT/USD superseded on chain; not submitted.",0,0,,,,,1780974961329,1780974961329
3055,0x02e278e5c629f8d00bdeb380b0cbd45de11b227dcaaf9a4ed0aac244975926b3,deaa32c4593be1a283185d69bad1b3ebddb4e334cc7b4cac1e29f3afce628fb1,client_a_preview,0,"","",NEIRO/USD,"",0,confirmed,,,0,0,,,1780975058531,1780975121437,,1780975058531
3056,0xb5ccbfa71d2225098ca7be078fe4833c073c565e8e82e6e5f4a54cbbc86aac6b,"",client_a_preview,0,"","",NEIRO/USD,67259768125000,1780975040,failed,NonMonotonicNonce,"Intent for NEIRO/USD superseded on chain; not submitted.",0,0,,,,,1780975128539,1780975128539
3057,0xbf6f274a3dad135c3d81f88f12470fd321f217e55ee0ecc9e24d840e4068d752,"",client_a_preview,0,"","",USDT/USD,999570000000000000,1780975054,failed,NonMonotonicNonce,"Intent for USDT/USD superseded on chain; not submitted.",0,0,,,,,1780975128547,1780975128547
3058,0x0ea82c842f032ea6f1b411a29d43539fdafb2a1c8ab1d4b4dad63007e6267829,"",client_a_preview,0,"","",ARB/USD,80203149600000008,1780975077,failed,NonMonotonicNonce,"Intent for ARB/USD superseded on chain; not submitted.",0,0,,,,,1780975128555,1780975128555
3059,0x7c0f6bda054661a0a3bd353239991c4da4cbc93d024477cd34cc6ad131d6e026,"",client_a_preview,0,"","",LTC/USD,42511387621857173504,1780975097,failed,NonMonotonicNonce,"Intent for LTC/USD superseded on chain; not submitted.",0,0,,,,,1780975128563,1780975128563
3060,0x5822a48afd61508141f3920432ec5974a660cce836d4fdf7199d48454417732a,77d5398a6476a4119b7b40d11cda5b0177d0dc6cbeb996e41a69e0bb8aee0363,client_a_preview,0,"","",USDT/USD,"",0,confirmed,,,0,0,,,1780975182092,1780975262139,,1780975182092
3061,0x67978fbc575a8aafe5f54d6b3ecba898a9bdd46c056d5bbf1782c12df0f1e425,5ca65cc6c5367407509c50029d3a4e16bc747b61290f1db6bc9966e031e6f0d2,client_a_preview,0,"","",USDT/USD,"",0,failed,CrashRecovery,"daemon restarted with submitted transaction awaiting confirmation",0,0,,,1780975284214,,1780984601579,1780975284214
3062,0x69b46177b86cae89a61891e6e31253741739df1d38687643aa6f9f9208546444,5ca65cc6c5367407509c50029d3a4e16bc747b61290f1db6bc9966e031e6f0d2,client_a_preview,0,"","",ARB/USD,"",0,failed,CrashRecovery,"daemon restarted with submitted transaction awaiting confirmation",0,0,,,1780975284226,,1780984601576,1780975284226
3063,0xc8393485066fa26fc64e09453a4fe4abce8f951ab4f03ec7cdc2499ff2e1c931,5ca65cc6c5367407509c50029d3a4e16bc747b61290f1db6bc9966e031e6f0d2,client_a_preview,0,"","",LTC/USD,"",0,failed,CrashRecovery,"daemon restarted with submitted transaction awaiting confirmation",0,0,,,1780975284232,,1780984601573,1780975284232
3064,0x64fa426cccadd4a1c272e9d0d97f30a4a60537ba0b1f5b7912af6852aa262c50,5ca65cc6c5367407509c50029d3a4e16bc747b61290f1db6bc9966e031e6f0d2,client_a_preview,0,"","",BTC/USD,"",0,failed,CrashRecovery,"daemon restarted with submitted transaction awaiting confirmation",0,0,,,1780975284237,,1780984601569,1780975284237
3065,0x0a112f5b9284390215bcaf53dd50779cc14ea9b18135a134318ac400e55eb48f,5ca65cc6c5367407509c50029d3a4e16bc747b61290f1db6bc9966e031e6f0d2,client_a_preview,0,"","",DOGE/USD,"",0,failed,CrashRecovery,"daemon restarted with submitted transaction awaiting confirmation",0,0,,,1780975284243,,1780984601566,1780975284243
3066,0xc3f609741609249220c916240626b3e87f867a426935c02e23d495bd3b9ba7b6,5ca65cc6c5367407509c50029d3a4e16bc747b61290f1db6bc9966e031e6f0d2,client_a_preview,0,"","",NEIRO/USD,"",0,confirmed,,,0,0,,,1780975284250,1780975322265,,1780975284250
3067,0x67978fbc575a8aafe5f54d6b3ecba898a9bdd46c056d5bbf1782c12df0f1e425,"",client_a_preview,0,"","",USDT/USD,999570000000000000,1780975164,failed,CrashRecovery,"daemon restarted with submitted transaction awaiting confirmation",0,0,,,,,1780984601579,1780975322220
3068,0x69b46177b86cae89a61891e6e31253741739df1d38687643aa6f9f9208546444,"",client_a_preview,0,"","",ARB/USD,80216997187500016,1780975191,failed,CrashRecovery,"daemon restarted with submitted transaction awaiting confirmation",0,0,,,,,1780984601576,1780975322227
3069,0xc8393485066fa26fc64e09453a4fe4abce8f951ab4f03ec7cdc2499ff2e1c931,"",client_a_preview,0,"","",LTC/USD,42523370603057737728,1780975213,failed,CrashRecovery,"daemon restarted with submitted transaction awaiting confirmation",0,0,,,,,1780984601573,1780975322234
3070,0x64fa426cccadd4a1c272e9d0d97f30a4a60537ba0b1f5b7912af6852aa262c50,"",client_a_preview,0,"","",BTC/USD,62785384369149551050752,1780975214,failed,CrashRecovery,"daemon restarted with submitted transaction awaiting confirmation",0,0,,,,,1780984601569,1780975322249
3071,0x0a112f5b9284390215bcaf53dd50779cc14ea9b18135a134318ac400e55eb48f,"",client_a_preview,0,"","",DOGE/USD,85167640690000000,1780975228,failed,CrashRecovery,"daemon restarted with submitted transaction awaiting confirmation",0,0,,,,,1780984601566,1780975322261
3072,0x5843ea6562d67cb4062ef6c7f9a28622f1dbd716c2ad8a43cdd80a7093b66ba1,"",client_a_preview,0,"","",NEIRO/USD,67331708800000,1780975261,failed,NonMonotonicNonce,"Intent for NEIRO/USD superseded on chain; not submitted.",0,0,,,,,1780975327435,1780975327435
3073,0x7458a292ae08fe0b946d2467edf5a4210332d3f120b18f4636466218df15b43f,"",client_a_preview,0,"","",ARB/USD,80216997187500016,1780975308,failed,NonMonotonicNonce,"Intent for ARB/USD superseded on chain; not submitted.",0,0,,,,,1780975327442,1780975327442
3074,0x188564d1907c674fad5e658fd2b725ece1db4e18077416ff8f683f56662a8edb,af78426b2b82b5e12c0feb348c9fafa4cb18c6878c677a8d9a4fe9e8d90a834d,client_a_preview,0,"","",LTC/USD,"",0,confirmed,,,0,0,,,1780975347710,1780975392889,,1780975347710
3075,0x019a91f4e994b8db5c634132f4dbe56075c04f94f3efde3ff87d07ed71b6b218,af78426b2b82b5e12c0feb348c9fafa4cb18c6878c677a8d9a4fe9e8d90a834d,client_a_preview,0,"","",BTC/USD,"",0,confirmed,,,0,0,,,1780975347717,1780975392907,,1780975347717
3076,0x3c8036166e6f4ccdfd05466a017b41e2811de92d74017872f338fda6f9cade95,"",client_a_preview,0,"","",LTC/USD,42559005815000002560,1780975329,failed,NonMonotonicNonce,"Intent for LTC/USD superseded on chain; not submitted.",0,0,,,,,1780975400835,1780975400835
3077,0x99b88a859f5a8af4a34367381a35fb4c73cbe6d6b54bb7982f86a5cc1a107ac2,"",client_a_preview,0,"","",BTC/USD,62794356637925004804096,1780975331,failed,NonMonotonicNonce,"Intent for BTC/USD superseded on chain; not submitted.",0,0,,,,,1780975400844,1780975400844
3078,0xd28f336b0e64db70cb54b06658563141015f42ef9d6749ee2b98a95697ac66e4,"",client_a_preview,0,"","",DOGE/USD,85202849600000000,1780975344,failed,NonMonotonicNonce,"Intent for DOGE/USD superseded on chain; not submitted.",0,0,,,,,1780975400851,1780975400851
3079,0x09e6baf35bb4ada73481962490da99c45ca56c7b6deb46996730bca6f4b64751,c6d411162fa47ae2f28690b98f1e0d6252ec13b1f183663c27e628a6de5475aa,client_a_preview,0,"","",ARB/USD,"",0,confirmed,,,0,0,,,1780975422591,1780975444869,,1780975422591
3080,0x59fab68f72345ef829fd8ff7e4c5de0f8916f3549c072fac7777b3954cd4233c,580c5117c6a7f08b00af1a18aa3f85a02f97a60bf457d3d478e7c794c141219b,client_a_preview,0,"","",ARB/USD,"",0,failed,CrashRecovery,"daemon restarted with submitted transaction awaiting confirmation",0,0,,,1780975464495,,1780984601563,1780975464495
3081,0x6bb03a9662ad70772ae51e197d6370236a2ef95252b3eb3d36ad876728c53889,580c5117c6a7f08b00af1a18aa3f85a02f97a60bf457d3d478e7c794c141219b,client_a_preview,0,"","",ETH/USD,"",0,failed,CrashRecovery,"daemon restarted with submitted transaction awaiting confirmation",0,0,,,1780975464510,,1780984601559,1780975464510
3082,0x78380da721829d74e9ad0cb39b71c46d742dce460d22d83fff25585bf2cc92bd,580c5117c6a7f08b00af1a18aa3f85a02f97a60bf457d3d478e7c794c141219b,client_a_preview,0,"","",USDC/USD,"",0,confirmed,,,0,0,,,1780975464514,1780975530270,,1780975464514
3083,0x762dc642589695c84d8e35e1ed1f0d53951f5b4e45db5d20789bae515134d30f,580c5117c6a7f08b00af1a18aa3f85a02f97a60bf457d3d478e7c794c141219b,client_a_preview,0,"","",DOGE/USD,"",0,confirmed,,,0,0,,,1780975464522,1780975530280,,1780975464522
3084,0x59fab68f72345ef829fd8ff7e4c5de0f8916f3549c072fac7777b3954cd4233c,"",client_a_preview,0,"","",ARB/USD,80214619887500000,1780975412,failed,CrashRecovery,"daemon restarted with submitted transaction awaiting confirmation",0,0,,,,,1780984601563,1780975530256
3085,0x6bb03a9662ad70772ae51e197d6370236a2ef95252b3eb3d36ad876728c53889,"",client_a_preview,0,"","",ETH/USD,1665624485033545039872,1780975435,failed,CrashRecovery,"daemon restarted with submitted transaction awaiting confirmation",0,0,,,,,1780984601559,1780975530264
3086,0xe3f87c8fa4e2d7425527dd4ae4005f3d7dc351818caecc80a0d734df91484e9d,cd3fa680f5a31fa4118fa9e6b4e9027d414edec942b6fd0073e5be0de718b897,client_a_preview,0,"","",USDC/USD,"",0,failed,CrashRecovery,"daemon restarted with submitted transaction awaiting confirmation",0,0,,,1780975550045,,1780984601555,1780975550045
3087,0x0b5cf8412642df22eabc2eb341160d4659d47ac1359c92cadb86991f05846587,cd3fa680f5a31fa4118fa9e6b4e9027d414edec942b6fd0073e5be0de718b897,client_a_preview,0,"","",DOGE/USD,"",0,failed,CrashRecovery,"daemon restarted with submitted transaction awaiting confirmation",0,0,,,1780975550056,,1780984601551,1780975550056
3088,0xf0e924c6e241d30106e1eb9323d13aceaaf4f5c548f864c995c7e468fba4691a,cd3fa680f5a31fa4118fa9e6b4e9027d414edec942b6fd0073e5be0de718b897,client_a_preview,0,"","",XVG/USD,"",0,failed,CrashRecovery,"daemon restarted with submitted transaction awaiting confirmation",0,0,,,1780975550064,,1780984601548,1780975550064
3089,0x565346891cd863bdc1d53b03c2754eac89bf248ea7540ff77842c88a2d1e626e,cd3fa680f5a31fa4118fa9e6b4e9027d414edec942b6fd0073e5be0de718b897,client_a_preview,0,"","",ETH/USD,"",0,confirmed,,,0,0,,,1780975550071,1780975596640,,1780975550071
3090,0xe3f87c8fa4e2d7425527dd4ae4005f3d7dc351818caecc80a0d734df91484e9d,"",client_a_preview,0,"","",USDC/USD,999729934100000064,1780975443,failed,CrashRecovery,"daemon restarted with submitted transaction awaiting confirmation",0,0,,,,,1780984601555,1780975596623
3091,0x0b5cf8412642df22eabc2eb341160d4659d47ac1359c92cadb86991f05846587,"",client_a_preview,0,"","",DOGE/USD,85204412300000000,1780975450,failed,CrashRecovery,"daemon restarted with submitted transaction awaiting confirmation",0,0,,,,,1780984601551,1780975596628
3092,0xf0e924c6e241d30106e1eb9323d13aceaaf4f5c548f864c995c7e468fba4691a,"",client_a_preview,0,"","",XVG/USD,2515556312500000,1780975487,failed,CrashRecovery,"daemon restarted with submitted transaction awaiting confirmation",0,0,,,,,1780984601548,1780975596636
3093,0xdf8a517cd0f54394faf8066b3bd2cf0870b9c5eb845084100f133e97dcb8b004,616ca10dadb420cb169ea6bd874857171c835368416f439e0e9926ddfa5e1763,client_a_preview,0,"","",ETH/USD,"",0,failed,CrashRecovery,"daemon restarted with submitted transaction awaiting confirmation",0,0,,,1780975616435,,1780984601544,1780975616435
3094,0xbf5f91065e4be8744501c09ac0cff2a21838bf127eee1fdeac0273dcf57b015e,616ca10dadb420cb169ea6bd874857171c835368416f439e0e9926ddfa5e1763,client_a_preview,0,"","",SHIB/USD,"",0,failed,CrashRecovery,"daemon restarted with submitted transaction awaiting confirmation",0,0,,,1780975616446,,1780984601541,1780975616446
3095,0x8d63e2f9b0b10be9a719d439247959623c193c838763eeed6d17d62ecc98576c,616ca10dadb420cb169ea6bd874857171c835368416f439e0e9926ddfa5e1763,client_a_preview,0,"","",NEIRO/USD,"",0,failed,CrashRecovery,"daemon restarted with submitted transaction awaiting confirmation",0,0,,,1780975616452,,1780984601537,1780975616452
3096,0x0be6f3fe832c193c25d4051088a3c180e8b20110a9d7b26db65d0c3a98d0213c,616ca10dadb420cb169ea6bd874857171c835368416f439e0e9926ddfa5e1763,client_a_preview,0,"","",XVG/USD,"",0,confirmed,,,0,0,,,1780975616459,1780975675716,,1780975616459
3097,0xdf8a517cd0f54394faf8066b3bd2cf0870b9c5eb845084100f133e97dcb8b004,"",client_a_preview,0,"","",ETH/USD,1665858797475000090624,1780975542,failed,CrashRecovery,"daemon restarted with submitted transaction awaiting confirmation",0,0,,,,,1780984601544,1780975675695
3098,0xbf5f91065e4be8744501c09ac0cff2a21838bf127eee1fdeac0273dcf57b015e,"",client_a_preview,0,"","",SHIB/USD,4668519300000,1780975555,failed,CrashRecovery,"daemon restarted with submitted transaction awaiting confirmation",0,0,,,,,1780984601541,1780975675704
3099,0x8d63e2f9b0b10be9a719d439247959623c193c838763eeed6d17d62ecc98576c,"",client_a_preview,0,"","",NEIRO/USD,67254601800000,1780975590,failed,CrashRecovery,"daemon restarted with submitted transaction awaiting confirmation",0,0,,,,,1780984601537,1780975675712
3100,0xed871194451ab8b3140c723a5b53064461e861736aca12c04fa2d5c0e36a2985,"",client_a_preview,0,"","",XVG/USD,2515556312500000,1780975602,failed,NonMonotonicNonce,"Intent for XVG/USD superseded on chain; not submitted.",0,0,,,,,1780975682684,1780975682684
3101,0x4d22b0dfb1f49c2b2af970f87abd2c4ed283e98138d0ca4d05a0a9daa3863b23,"",client_a_preview,0,"","",SHIB/USD,4668519300000,1780975665,failed,NonMonotonicNonce,"Intent for SHIB/USD superseded on chain; not submitted.",0,0,,,,,1780975682691,1780975682691
3102,0x1add338c3d8e15654e015717c012d021da5758fcb1522c689c567c49d7089a89,e25258e90e29aa4858517d8a974594c7e9850cc78b076a8b051c88ce4e298ae0,client_a_preview,0,"","",NEIRO/USD,"",0,confirmed,,,0,0,,,1780975699771,1780975778227,,1780975699771
3103,0xc147fbf44db3b4e444664dac28cd44bb232bab099e1bb9dc1d77d2fcf3fe6581,2df19b5d4666abb54b5bd78a673c35630d8ba710cbe0d441af4dc8579d8dc3a0,client_a_preview,0,"","",NEIRO/USD,"",0,failed,CrashRecovery,"daemon restarted with submitted transaction awaiting confirmation",0,0,,,1780975797970,,1780984601534,1780975797970
3104,0xa7603239a467b305f9da26e57e435ddfb44c64c6874622242cd8b071984be49a,2df19b5d4666abb54b5bd78a673c35630d8ba710cbe0d441af4dc8579d8dc3a0,client_a_preview,0,"","",SHIB/USD,"",0,confirmed,,,0,0,,,1780975797981,1780975825774,,1780975797981
3105,0xc147fbf44db3b4e444664dac28cd44bb232bab099e1bb9dc1d77d2fcf3fe6581,"",client_a_preview,0,"","",NEIRO/USD,67239271124999,1780975696,failed,CrashRecovery,"daemon restarted with submitted transaction awaiting confirmation",0,0,,,,,1780984601534,1780975825770
3106,0xa380b34f124cdbff5ff5e18c2b4535413d4054d0ccd1a0e9ed29f5280f38997b,"",client_a_preview,0,"","",SHIB/USD,4668519300000,1780975778,failed,NonMonotonicNonce,"Oracle intent nonce must be greater than the current nonce.",0,0,,,,,1780975832124,1780975832124
3107,0x5fe2eb5385c6ab43b4075c0e5de7e6bea1118e2adff970d557823339c0a7fe8b,f75e998436b8b016051a959ccc547eca63d290d64b103ffae08d2f1a57add7dc,client_a_preview,0,"","",XVG/USD,"",0,confirmed,,,0,0,,,1780975942985,1780975992777,,1780975942985
3108,0x17c79a0e5d1a6195eba502f66857996e73f19a07d316de7a245d64e4cc0a19b5,"",client_a_preview,0,"","",USDT/USD,999560000000000000,1780975936,failed,NonMonotonicNonce,"Intent for USDT/USD superseded on chain; not submitted.",0,0,,,,,1780975999746,1780975999746
3109,0x74910e49a6002e81bfab713e07e54643c8b25b68991b612290b3044062f7f11b,"",client_a_preview,0,"","",XVG/USD,2512526012500000,1780975934,failed,NonMonotonicNonce,"Intent for XVG/USD superseded on chain; not submitted.",0,0,,,,,1780975999754,1780975999754
3110,0x2a9b33f4189c5bf53f14e1507313a5c56f1dc3649121517c5883270969a35260,3faafced60f2060dba6853c86349066d6178d2f0ca894ad4206a95d4b6e44015,client_a_preview,0,"","",USDT/USD,"",0,confirmed,,,0,0,,,1780976062021,1780976105407,,1780976062021
3111,0xe2957690d4d713b6e64a3460046837e8789587d5643d9cef0803e6bf2e37b428,"",client_a_preview,0,"","",USDT/USD,999560000000000000,1780976048,failed,NonMonotonicNonce,"Intent for USDT/USD superseded on chain; not submitted.",0,0,,,,,1780976112502,1780976112502
3112,0xf05861cfd7fe6096149508bb8b83cc62b4348b708ddc3fbb81fc3effc11d56cb,"",client_a_preview,0,"","",ARB/USD,80203149600000008,1780976073,failed,NonMonotonicNonce,"Intent for ARB/USD superseded on chain; not submitted.",0,0,,,,,1780976112513,1780976112513
3113,0x35083dc239db78e689afd02b269cd53fd4a36ae119c536ff1b4fd63c2f43d26f,"",client_a_preview,0,"","",LTC/USD,42562435750000001024,1780976091,failed,NonMonotonicNonce,"Intent for LTC/USD superseded on chain; not submitted.",0,0,,,,,1780976112520,1780976112520
3114,0x684a21a7236e704c18cecf38a2bfbd2fdc2aeb9e7128bdbcb65df28d1855ff35,"",client_a_preview,0,"","",BTC/USD,62806507731000003395584,1780976093,failed,NonMonotonicNonce,"Intent for BTC/USD superseded on chain; not submitted.",0,0,,,,,1780976112530,1780976112530
3115,0x4b3ca92d7d15e7af87033e020a46352a6908209b33458eb4816057498660428e,a9d374e4da44148670cf5b387e359be6b6a0979a9a20f7d8adfa1da7d62ecab6,client_a_preview,0,"","",ARB/USD,"",0,confirmed,,,0,0,,,1780976191865,1780976236264,,1780976191865
3116,0xd039a5417ce2d495e877f5bd0595be849950e6a74c4d3ac746e7a24b4ba1eee7,"",client_a_preview,0,"","",ARB/USD,80200000000000000,1780976182,failed,NonMonotonicNonce,"Intent for ARB/USD superseded on chain; not submitted.",0,0,,,,,1780976247185,1780976247185
3117,0x9b4157ae3176ed82754aa366b82ff56a3e60b5982f75ed1e38c9548d8cd0ff22,"",client_a_preview,0,"","",LTC/USD,42562435750000001024,1780976200,failed,NonMonotonicNonce,"Intent for LTC/USD superseded on chain; not submitted.",0,0,,,,,1780976247193,1780976247193
3118,0xb39fc353e27b910c0dd9179c73e3f7a00568823ec810284c7e3efe21f899baf8,"",client_a_preview,0,"","",BTC/USD,62806507731000003395584,1780976201,failed,NonMonotonicNonce,"Intent for BTC/USD superseded on chain; not submitted.",0,0,,,,,1780976247200,1780976247200
3119,0xce5d3a4723df2f27d983a426ae2357c236eabb54398fa9b835bdfc8ad45798bb,"",client_a_preview,0,"","",USDC/USD,999729931200000000,1780976208,failed,NonMonotonicNonce,"Intent for USDC/USD superseded on chain; not submitted.",0,0,,,,,1780976247209,1780976247209
3120,0x7806ecf1983a1f65ac074f508b765108b99783be2f00ebf9ba3e566daa47512e,"",client_a_preview,0,"","",ETH/USD,1666518107450000146432,1780976203,failed,NonMonotonicNonce,"Intent for ETH/USD superseded on chain; not submitted.",0,0,,,,,1780976247215,1780976247215
3121,0xd72ea0b5880c747dcabba3f59920581cad2279519582e896ea74ae25737e0eac,"",client_a_preview,0,"","",DOGE/USD,85208664318750008,1780976213,failed,NonMonotonicNonce,"Intent for DOGE/USD superseded on chain; not submitted.",0,0,,,,,1780976247220,1780976247220
3122,0xa90c9e60edf1022445fce9f8c942cc638c0ba29f7f9471671f3c71697eec935a,a9d632ad215342a5239b4826341085f1b9f378a5a7e70b9f7bd5f1478dd230ac,client_a_preview,0,"","",LTC/USD,"",0,confirmed,,,0,0,,,1780976316769,1780976360132,,1780976316769
3123,0xc543f3eb86d97c8337b25cfa9779b99cd4731d595e5aee0f6c548ff7e257a8e5,a9d632ad215342a5239b4826341085f1b9f378a5a7e70b9f7bd5f1478dd230ac,client_a_preview,0,"","",BTC/USD,"",0,confirmed,,,0,0,,,1780976316788,1780976360147,,1780976316788
3124,0x005a53addc368d3be12dada80678621fbfdc4cbeabae7ba58add98e8922f8e9e,"",client_a_preview,0,"","",ETH/USD,1666518107450000146432,1780976309,failed,NonMonotonicNonce,"Intent for ETH/USD superseded on chain; not submitted.",0,0,,,,,1780976369256,1780976369256
3125,0x9cab06a2511e0c7bdc8c6b58ff06650a8624b8d9a2d90d3349383ae4ca7efa36,"",client_a_preview,0,"","",USDC/USD,999729931200000000,1780976315,failed,NonMonotonicNonce,"Intent for USDC/USD superseded on chain; not submitted.",0,0,,,,,1780976369265,1780976369265
3126,0xae9564662ac36577f36ef84820ddeb895bb6a984c41b01753eacf4e02cf46fb9,"",client_a_preview,0,"","",LTC/USD,42562435750000001024,1780976306,failed,NonMonotonicNonce,"Intent for LTC/USD superseded on chain; not submitted.",0,0,,,,,1780976369269,1780976369269
3127,0x26db705fb5bf11d6b3deae01f9e0ba1278fd11e9e10c0212a79b796166c48087,"",client_a_preview,0,"","",DOGE/USD,85208664318750008,1780976321,failed,NonMonotonicNonce,"Intent for DOGE/USD superseded on chain; not submitted.",0,0,,,,,1780976369277,1780976369277
3128,0xb24dc1ab6a512242ef47f1b2253d1c27f59b840fb98943c2bd69b3923fe9b41f,"",client_a_preview,0,"","",BTC/USD,62806507731000003395584,1780976307,failed,NonMonotonicNonce,"Intent for BTC/USD superseded on chain; not submitted.",0,0,,,,,1780976369283,1780976369283
3129,0x4d1cf8d1a239efd146df6765cad36eaf358e02298593ad7d9b5fffeb28bf7dde,"",client_a_preview,0,"","",NEIRO/USD,67181771800000,1780976352,failed,NonMonotonicNonce,"Intent for NEIRO/USD superseded on chain; not submitted.",0,0,,,,,1780976369298,1780976369298
3130,0x7f3a48ae998a7c67490ac2d60534a0bad3a8626f0dd66935e3bc33dd647d548e,3b760eea4d411adedef1d77676ee9837dd2c6b73bf0c6db829887ec298756f60,client_a_preview,0,"","",ETH/USD,"",0,confirmed,,,0,0,,,1780976424463,1780976470946,,1780976424463
3131,0x55c30fa9c06c770eddd05d8102f7d822d9c6f42a0b43dcfd1512e60b0147d85b,"",client_a_preview,0,"","",USDC/USD,999728683912500096,1780976421,failed,NonMonotonicNonce,"Intent for USDC/USD superseded on chain; not submitted.",0,0,,,,,1780976478980,1780976478980
3132,0x2f249a71c8da35b54d9d7a8107c587e6581b54f9d277c1e4053902eb32d8c7c8,"",client_a_preview,0,"","",ETH/USD,1666518107450000146432,1780976415,failed,NonMonotonicNonce,"Intent for ETH/USD superseded on chain; not submitted.",0,0,,,,,1780976478990,1780976478990
3133,0x70a9e40f957f1ff38bdf0d498e3a9093e7d2ef87aaa9fd61d251fb0a3c39db46,"",client_a_preview,0,"","",DOGE/USD,85208664318750008,1780976426,failed,NonMonotonicNonce,"Intent for DOGE/USD superseded on chain; not submitted.",0,0,,,,,1780976478995,1780976478995
3134,0xeb79be8c1ec4843e8087e27e5870cd2b5e8e19a0f7500848dcb90bc174b85153,"",client_a_preview,0,"","",SHIB/USD,4668085300000,1780976427,failed,NonMonotonicNonce,"Intent for SHIB/USD superseded on chain; not submitted.",0,0,,,,,1780976479003,1780976479003
3135,0x0c268cd8d9a9128aea8010045ddcba1a6a9ea6db4565fe82f729dc0859e223ce,"",client_a_preview,0,"","",NEIRO/USD,67181015687500,1780976456,failed,NonMonotonicNonce,"Intent for NEIRO/USD superseded on chain; not submitted.",0,0,,,,,1780976479010,1780976479010
3136,0xe1f68ed9c83ac52a717a3daaf428be0cc2722ccc7b9f43e954a6e6f02754c575,0b86751af47464a27aac1458e8a8d4bad375ca2080203f5dca4472cee2d482e8,client_a_preview,0,"","",USDC/USD,"",0,confirmed,,,0,0,,,1780976540117,1780976574781,,1780976540117
3137,0x58afa139aea824a59498cef70e0b74accad9ba508d9dc92e390a02257b684502,"",client_a_preview,0,"","",DOGE/USD,85208664318750008,1780976536,failed,NonMonotonicNonce,"Intent for DOGE/USD superseded on chain; not submitted.",0,0,,,,,1780976583711,1780976583711
3138,0x0c016501460aed356f9cf0f53b2a0db6116f1ca96782392cc9d0c6abdf4857e1,"",client_a_preview,0,"","",SHIB/USD,4668085300000,1780976537,failed,NonMonotonicNonce,"Intent for SHIB/USD superseded on chain; not submitted.",0,0,,,,,1780976583720,1780976583720
3139,0xcd1383d7c9f480a56eb7bb8375f7304246e9ee89255bfe099e91a93c63163bf5,"",client_a_preview,0,"","",USDC/USD,999729931200000000,1780976532,failed,NonMonotonicNonce,"Intent for USDC/USD superseded on chain; not submitted.",0,0,,,,,1780976583728,1780976583728
3140,0xa02f8e12ca33248eb21dc686d9593c3fda1ac3cdbcc6e7a0f47173f8b248eacc,"",client_a_preview,0,"","",NEIRO/USD,67190423200000,1780976570,failed,NonMonotonicNonce,"Intent for NEIRO/USD superseded on chain; not submitted.",0,0,,,,,1780976583735,1780976583735
3141,0xf93199eb8a62ee84f4179dffca47a92a76c211271ca2604c76ecb980998199a3,9c801024249eced04e56abd3b0cb4e44f4156d8c3d73ea315e89a95701f1d98b,client_a_preview,0,"","",DOGE/USD,"",0,confirmed,,,0,0,,,1780976657078,1780976691762,,1780976657078
3142,0xe06521068281f43df9581de751b332cd0adc691b76a1fd03d0c71dda4c63ea67,9c801024249eced04e56abd3b0cb4e44f4156d8c3d73ea315e89a95701f1d98b,client_a_preview,0,"","",SHIB/USD,"",0,confirmed,,,0,0,,,1780976657089,1780976691786,,1780976657089
3143,0x3a3a2439c3975bfe735d3877496433aab279b7db10f3713532262e62a036c7e9,3dd89f067af13afe5d34ebe87da9a451564ffe528bfb1501d2d72d0326bfc357,client_a_preview,0,"","",DOGE/USD,"",0,failed,CrashRecovery,"daemon restarted with submitted transaction awaiting confirmation",0,0,,,1780976711581,,1780984601530,1780976711581
3144,0xcb1a829f6bedb742eec23688f0cd1d924b0e3b96fe38ce46b2adcc292d073b6d,3dd89f067af13afe5d34ebe87da9a451564ffe528bfb1501d2d72d0326bfc357,client_a_preview,0,"","",SHIB/USD,"",0,failed,CrashRecovery,"daemon restarted with submitted transaction awaiting confirmation",0,0,,,1780976711588,,1780984601526,1780976711588
3145,0x0c410c3a30c3a06415894142ca3b6338e8e2f62f91ab16d35cfc51462c208d56,3dd89f067af13afe5d34ebe87da9a451564ffe528bfb1501d2d72d0326bfc357,client_a_preview,0,"","",NEIRO/USD,"",0,failed,CrashRecovery,"daemon restarted with submitted transaction awaiting confirmation",0,0,,,1780976711597,,1780984601522,1780976711597
3146,0xfac398d1e4fc3de30525d7fb26f00ff8971405f6f7623f55b48e6b6f0e7d91ad,3dd89f067af13afe5d34ebe87da9a451564ffe528bfb1501d2d72d0326bfc357,client_a_preview,0,"","",XVG/USD,"",0,confirmed,,,0,0,,,1780976711606,1780976746249,,1780976711606
3147,0x3a3a2439c3975bfe735d3877496433aab279b7db10f3713532262e62a036c7e9,"",client_a_preview,0,"","",DOGE/USD,85208664318750008,1780976649,failed,CrashRecovery,"daemon restarted with submitted transaction awaiting confirmation",0,0,,,,,1780984601530,1780976746232
3148,0xcb1a829f6bedb742eec23688f0cd1d924b0e3b96fe38ce46b2adcc292d073b6d,"",client_a_preview,0,"","",SHIB/USD,4668085300000,1780976651,failed,CrashRecovery,"daemon restarted with submitted transaction awaiting confirmation",0,0,,,,,1780984601526,1780976746238
3149,0x0c410c3a30c3a06415894142ca3b6338e8e2f62f91ab16d35cfc51462c208d56,"",client_a_preview,0,"","",NEIRO/USD,67203842131250,1780976679,failed,CrashRecovery,"daemon restarted with submitted transaction awaiting confirmation",0,0,,,,,1780984601522,1780976746245
3150,0x91be5c6af93f5007c979d4f3c9202433eae7d73621de7806f639aa967e292470,"",client_a_preview,0,"","",XVG/USD,2510982640000000,1780976690,failed,NonMonotonicNonce,"Oracle intent nonce must be greater than the current nonce.",0,0,,,,,1780976754474,1780976754474
3151,0x939435425f00683b7f6ae366b79abb7fa7b5b7a34a4eebd00d94afd3062680b8,bacf93fce6bd6c671e836b02550e03192f8611eda3bb1d764a7ee2cf538847f2,client_a_preview,0,"","",NEIRO/USD,"",0,confirmed,,,0,0,,,1780976792159,1780976815348,,1780976792159
3152,0xbed2d2e5e271024b8004df048c1c871876bbac0627e1cf64a7337ca44ff1a20b,"",client_a_preview,0,"","",NEIRO/USD,67240653525000,1780976780,failed,NonMonotonicNonce,"Intent for NEIRO/USD superseded on chain; not submitted.",0,0,,,,,1780976821135,1780976821135
3153,0x8a8d15ade39d3a315ba45b9ab1127f0dd93d632f423f64b3bcb4d638a5866945,"",client_a_preview,0,"","",USDT/USD,999550000000000000,1780976794,failed,NonMonotonicNonce,"Intent for USDT/USD superseded on chain; not submitted.",0,0,,,,,1780976821146,1780976821146
3154,0xd793b259a9f12ec37656271a21e159e0e6025ffdd099aa682ff707c615d2aa08,9facee34da0145bacff093364c78946f74616f3e13332f4ad39bd56cdf8b88bd,client_a_preview,0,"","",USDT/USD,"",0,confirmed,,,0,0,,,1780976919602,1780976950578,,1780976919602
3155,0xd5d791e41e4267e6f380ad783aecfde63b356e0e0211468d3163ccbbe7812bba,"",client_a_preview,0,"","",USDT/USD,999542500000000000,1780976901,failed,NonMonotonicNonce,"Intent for USDT/USD superseded on chain; not submitted.",0,0,,,,,1780976955619,1780976955619
3156,0xaff9a54011d7b9de4d58e2fa67c9eb9eba3936f11b94166cdcb6c7430d1f3c34,"",client_a_preview,0,"","",ARB/USD,80165514000000000,1780976929,failed,NonMonotonicNonce,"Intent for ARB/USD superseded on chain; not submitted.",0,0,,,,,1780976955627,1780976955627
3157,0x2758f93bb5e2b4d19e8670cf0bdf05b09f2630c110feb820f48369c6986d6685,602277aead28e71952aeb7af07a1225a8349369fcde4c774fed07f2a06d7fa70,client_a_preview,0,"","",LTC/USD,"",0,confirmed,,,0,0,,,1780976986380,1780977033210,,1780976986380
3158,0xcd458d28603cad61822fa0ca8908083832e816b58d8e899e912b492aa02b52b7,602277aead28e71952aeb7af07a1225a8349369fcde4c774fed07f2a06d7fa70,client_a_preview,0,"","",BTC/USD,"",0,confirmed,,,0,0,,,1780976986392,1780977033225,,1780976986392
3159,0xf02a9c51ec69b6c4c4df40a28eb925861de0fb644f719c410cc8250551ab1fe2,05594f32b68eaf09bf3a8c4ce6757b987ae87f1aae9af21e88ea21ccda07b3c4,client_a_preview,0,"","",NEIRO/USD,"",0,confirmed,,,0,0,,,1780977051803,1780977092501,,1780977051803
3160,0xcd458d28603cad61822fa0ca8908083832e816b58d8e899e912b492aa02b52b7,"",client_a_preview,0,"","",BTC/USD,62801628494757749587968,1780976966,failed,NonMonotonicNonce,"Intent for BTC/USD superseded on chain; not submitted.",0,0,,,,,1780977092518,1780977092518
3161,0x2758f93bb5e2b4d19e8670cf0bdf05b09f2630c110feb820f48369c6986d6685,"",client_a_preview,0,"","",LTC/USD,42560874610000003072,1780976964,failed,NonMonotonicNonce,"Intent for LTC/USD superseded on chain; not submitted.",0,0,,,,,1780977092522,1780977092522
3162,0x8c23f0f03aa2e2d24726437b1c8eeb92224c768e21f9695a9773e03eb00e3027,5989ad4a4dee1a84ea8ce8928d5e94f7a49e52fd27c90a4ea0b5a4a57118f71e,client_a_preview,0,"","",ARB/USD,"",0,confirmed,,,0,0,,,1780977110047,1780977219223,,1780977110047
3163,0xd5f96166ee5fb01d382d241782ad112ad194a9ce9114431d212b7cacfaa82092,5989ad4a4dee1a84ea8ce8928d5e94f7a49e52fd27c90a4ea0b5a4a57118f71e,client_a_preview,0,"","",ETH/USD,"",0,confirmed,,,0,0,,,1780977110058,1780977219237,,1780977110058
3164,0x850bb268844500f66e1949135c9f88179309cab0865824c5a27d5f51ca763689,1fe62c4ce44359168afa90a33106ef371450bedfd459221724928f445b88f58d,client_a_preview,0,"","",ETH/USD,"",0,confirmed,,,0,0,,,1780977237670,1780977312269,,1780977237670
3165,0x1c192aabb85a52487d2d294fde590388a5f91667a8dcbd4903ca292493802ef9,1fe62c4ce44359168afa90a33106ef371450bedfd459221724928f445b88f58d,client_a_preview,0,"","",ARB/USD,"",0,confirmed,,,0,0,,,1780977237676,1780977312284,,1780977237676
3166,0x7f428d42a3b85f0219bccea6deb70921b5ac99662e18ea24781145613903dd6e,1fe62c4ce44359168afa90a33106ef371450bedfd459221724928f445b88f58d,client_a_preview,0,"","",USDC/USD,"",0,confirmed,,,0,0,,,1780977237688,1780977312295,,1780977237688
3167,0x5a88e7e5403d22d671e58e5d2171e556d21de93b97456f010309231f6b3d0f7f,8f52e77a9ff73c90e818d951c7ff97f674b3ee46077733155bb4bc008e2b6218,client_a_preview,0,"","",NEIRO/USD,"",0,confirmed,,,0,0,,,1780977331623,1780977374870,,1780977331623
3168,0xf9187ac4f15bee3a141ce6bd86c68c6e2954eb1c6660a844bc6ce53878efd923,8f52e77a9ff73c90e818d951c7ff97f674b3ee46077733155bb4bc008e2b6218,client_a_preview,0,"","",USDC/USD,"",0,failed,CrashRecovery,"daemon restarted with submitted transaction awaiting confirmation",0,0,,,1780977331634,,1780984601519,1780977331634
3169,0xfd067434ceffa8d0b30841c8dc333b357afea9c9ef2376248c9300a29b817e7e,8f52e77a9ff73c90e818d951c7ff97f674b3ee46077733155bb4bc008e2b6218,client_a_preview,0,"","",DOGE/USD,"",0,failed,CrashRecovery,"daemon restarted with submitted transaction awaiting confirmation",0,0,,,1780977331641,,1780984601516,1780977331641
3170,0x603644a6a9d42aa8e79647a757f550d90f42785f96189e3f1f638db6d2b14220,8f52e77a9ff73c90e818d951c7ff97f674b3ee46077733155bb4bc008e2b6218,client_a_preview,0,"","",SHIB/USD,"",0,failed,CrashRecovery,"daemon restarted with submitted transaction awaiting confirmation",0,0,,,1780977331646,,1780984601512,1780977331646
3171,0xf9187ac4f15bee3a141ce6bd86c68c6e2954eb1c6660a844bc6ce53878efd923,"",client_a_preview,0,"","",USDC/USD,999729931200000000,1780977291,failed,CrashRecovery,"daemon restarted with submitted transaction awaiting confirmation",0,0,,,,,1780984601519,1780977374886
3172,0xfd067434ceffa8d0b30841c8dc333b357afea9c9ef2376248c9300a29b817e7e,"",client_a_preview,0,"","",DOGE/USD,85175125800000000,1780977297,failed,CrashRecovery,"daemon restarted with submitted transaction awaiting confirmation",0,0,,,,,1780984601516,1780977374892
3173,0x603644a6a9d42aa8e79647a757f550d90f42785f96189e3f1f638db6d2b14220,"",client_a_preview,0,"","",SHIB/USD,4666739318841,1780977298,failed,CrashRecovery,"daemon restarted with submitted transaction awaiting confirmation",0,0,,,,,1780984601512,1780977374900
3174,0x7c8f7b3e1dffaa32c1af16d58d83f0cf24d0073a3c509b3bba6b52d678d289db,f8b2daeef71d8935afb961a5c015b3883c6115f011c10d8e742ddd03d7777627,client_a_preview,0,"","",DOGE/USD,"",0,confirmed,,,0,0,,,1780977394608,1780977439127,,1780977394608
3175,0x9b07c42502b569f5cc24b454080589c1b199ba27447f9d984292d22770226b6d,f8b2daeef71d8935afb961a5c015b3883c6115f011c10d8e742ddd03d7777627,client_a_preview,0,"","",SHIB/USD,"",0,confirmed,,,0,0,,,1780977394618,1780977439140,,1780977394618
3176,0x59a268369a8e7975b7260e28243d3b5bc4b686189e83ea09d7f2b33f3030721e,f8b2daeef71d8935afb961a5c015b3883c6115f011c10d8e742ddd03d7777627,client_a_preview,0,"","",NEIRO/USD,"",0,confirmed,,,0,0,,,1780977394625,1780977439150,,1780977394625
3177,0x9fa58e7b7aa5e81c1dfe4ef0f6632253ed30aab982414cc95f3021e3413b5e05,f8b2daeef71d8935afb961a5c015b3883c6115f011c10d8e742ddd03d7777627,client_a_preview,0,"","",XVG/USD,"",0,confirmed,,,0,0,,,1780977394634,1780977439164,,1780977394634
3178,0x495de3a4fb2084daecde2ec14992eaf8a73fd0a8423874eeb6d1e0a507cb67fe,c3229626c83d84611c1d46ac7b287c26bd9a833c36697633342f35b5ee666986,client_a_preview,0,"","",DOGE/USD,"",0,confirmed,,,0,0,,,1780977460934,1780977496352,,1780977460934
3179,0x222313a13beb23a490c035f411a2272e59a519a972fc3fb481cca065054107d3,c3229626c83d84611c1d46ac7b287c26bd9a833c36697633342f35b5ee666986,client_a_preview,0,"","",SHIB/USD,"",0,confirmed,,,0,0,,,1780977460946,1780977496389,,1780977460946
3180,0x8c9d011357e41333d5f985d3724483c300068f399aff7fcc94ba475c88848e2e,c3229626c83d84611c1d46ac7b287c26bd9a833c36697633342f35b5ee666986,client_a_preview,0,"","",LTC/USD,"",0,confirmed,,,0,0,,,1780977460951,1780977496419,,1780977460951
3181,0x9fa58e7b7aa5e81c1dfe4ef0f6632253ed30aab982414cc95f3021e3413b5e05,"",client_a_preview,0,"","",XVG/USD,2509979111138946,1780977365,failed,NonMonotonicNonce,"Intent for XVG/USD superseded on chain; not submitted.",0,0,,,,,1780977496400,1780977496400
3182,0xf43ce5db97e28f25767286dcd7a1e9db62d817d18129a808b94b5f26606bb319,80f7d3cb7f9dc44a4121ee3d39f4c356a3cc2efc29d1d68500378d873efcd7b3,client_a_preview,0,"","",USDT/USD,"",0,confirmed,,,0,0,,,1780977615487,1780977652915,,1780977615487
3183,0x3bc2b0977da38316c60be70e070fd94f2f9dca89fdb050efc1f5b21120a0f070,a9bb16bf3822cd4531caec99e5543b39ba865f4fd9c59c27a1006d678642f777,client_a_preview,0,"","",BTC/USD,"",0,confirmed,,,0,0,,,1780977669451,1780977725626,,1780977669451
3184,0xc5621ca73ba3b58a360b64465e303665d4706a45589b81c02dc7795c9838cc91,3fad0624281a1ac6f9029eeaab462d2700bae694e8b4be9c99fcad63ef1bc318,client_a_preview,0,"","",NEIRO/USD,"",0,confirmed,,,0,0,,,1780977742944,1780977783603,,1780977742944
3185,0x4a9607420295952b2c8f2abd7c97298265712c3cd58b1cb9fcc823ed7eab175a,3fad0624281a1ac6f9029eeaab462d2700bae694e8b4be9c99fcad63ef1bc318,client_a_preview,0,"","",BTC/USD,"",0,failed,CrashRecovery,"daemon restarted with submitted transaction awaiting confirmation",0,0,,,1780977742955,,1780984601508,1780977742955
3186,0x4a9607420295952b2c8f2abd7c97298265712c3cd58b1cb9fcc823ed7eab175a,"",client_a_preview,0,"","",BTC/USD,62767794175049998532608,1780977721,failed,CrashRecovery,"daemon restarted with submitted transaction awaiting confirmation",0,0,,,,,1780984601508,1780977783612
3187,0xc14414d92c429a21d385a0452225da232cbe24156f704a1a02ccf700d0ab7ef8,"",client_a_preview,0,"","",NEIRO/USD,67630821625000,1780977768,failed,NonMonotonicNonce,"Oracle intent nonce must be greater than the current nonce.",0,0,,,,,1780977792118,1780977792118
3188,0x66d9b275aa1ecb55d44f0fd07a4428bba012bf4ea44eaa8ec08ad979e735ce94,b5132dce067507e55ca63d96b678a2d996bc9ddd66842be26a6e2412e65b341b,client_a_preview,0,"","",ARB/USD,"",0,failed,CrashRecovery,"daemon restarted with submitted transaction awaiting confirmation",0,0,,,1780977939475,,1780984601504,1780977939475
3189,0x66d9b275aa1ecb55d44f0fd07a4428bba012bf4ea44eaa8ec08ad979e735ce94,"",client_a_preview,0,"","",ARB/USD,80190424625000000,1780977916,failed,CrashRecovery,"daemon restarted with submitted transaction awaiting confirmation",0,0,,,,,1780984601504,1780977976430
3190,0x02e61c446fe1f5cc878ba63f0761eafece422c2c2771c47e02b8a66b77d1060d,ad80e14688a1a1ea871cba7b69d3ab489efff9820bb56423683fa338686bb1b4,client_a_preview,0,"","",ETH/USD,"",0,confirmed,,,0,0,,,1780977996275,1780978091663,,1780977996275
3191,0x306324bbf4d3660f9b1d5fb3c76bbcb6d5fcbc0f7a577a586387163ce9af8016,ad80e14688a1a1ea871cba7b69d3ab489efff9820bb56423683fa338686bb1b4,client_a_preview,0,"","",ARB/USD,"",0,confirmed,,,0,0,,,1780977996284,1780978091677,,1780977996284
3192,0xb444f93102e8ce9e3e0bfd82b0dd7d87096dff218e0bf202033d77170564ad56,ad80e14688a1a1ea871cba7b69d3ab489efff9820bb56423683fa338686bb1b4,client_a_preview,0,"","",USDC/USD,"",0,confirmed,,,0,0,,,1780977996291,1780978091689,,1780977996291
3193,0x07abf07a49a6aa3c0d421aadcf4e5aaecfe8e214af9d5e38d34e918acb52c9e0,7db886e5a8d95535f40cfc93bcc5efcff2134a9b992fa7a1b98aae6cadf752ca,client_a_preview,0,"","",ARB/USD,"",0,confirmed,,,0,0,,,1780978109544,1780978156830,,1780978109544
3194,0x830b9c98e86cb33b286f6d1aac4ed92a506881e44e564c878402180889461976,cf223d77320354a1a716857988d7f28c2ddfb932c19e4141d59fe8e3eea92541,client_a_preview,0,"","",XVG/USD,"",0,confirmed,,,0,0,,,1780978177785,1780978200828,,1780978177785
3195,0xce2b01e027aa910b9e94ab5ddad959c06e0c25eda2f5d5cef77804935af4be0c,cf223d77320354a1a716857988d7f28c2ddfb932c19e4141d59fe8e3eea92541,client_a_preview,0,"","",LTC/USD,"",0,failed,CrashRecovery,"daemon restarted with submitted transaction awaiting confirmation",0,0,,,1780978177798,,1780984601501,1780978177798
3196,0xce2b01e027aa910b9e94ab5ddad959c06e0c25eda2f5d5cef77804935af4be0c,"",client_a_preview,0,"","",LTC/USD,42490339124999995392,1780978149,failed,CrashRecovery,"daemon restarted with submitted transaction awaiting confirmation",0,0,,,,,1780984601501,1780978200861
3197,0xce89e376de2c696b8646578db8a2cfd1ab10998fa2f143cab948b4052772542b,a7d7e1fa179918ecbc9697b25a305b30a5c03101706154d4529f49befc748952,client_a_preview,0,"","",DOGE/USD,"",0,confirmed,,,0,0,,,1780978220188,1780978267099,,1780978220188
3198,0xd27b770a872edb014a1cdf22e661d55ca8e515290ff996c9ddad5e5322653924,a7d7e1fa179918ecbc9697b25a305b30a5c03101706154d4529f49befc748952,client_a_preview,0,"","",SHIB/USD,"",0,confirmed,,,0,0,,,1780978220198,1780978267114,,1780978220198
3199,0x2e325a6a1c92b64741190d360f84c211d9693808896e9ed821f3fc034dba0f3f,a7d7e1fa179918ecbc9697b25a305b30a5c03101706154d4529f49befc748952,client_a_preview,0,"","",LTC/USD,"",0,confirmed,,,0,0,,,1780978220204,1780978267142,,1780978220204
3200,0xc889fbd25598d044791527277db8fad1aebae8e662c5187778b9da46826aacf7,d0c3c4f2fb4409fdff990223401a02ddee0b3c25aa42ed660a6c400f933f39cd,client_a_preview,0,"","",LTC/USD,"",0,failed,CrashRecovery,"daemon restarted with submitted transaction awaiting confirmation",0,0,,,1780978285649,,1780984601497,1780978285649
3201,0xcd5f194eef49caeb1e5aeeca46cdcec207283faa02528f17306fa87ec3c80fa0,d0c3c4f2fb4409fdff990223401a02ddee0b3c25aa42ed660a6c400f933f39cd,client_a_preview,0,"","",NEIRO/USD,"",0,confirmed,,,0,0,,,1780978285661,1780978329203,,1780978285661
3202,0xc889fbd25598d044791527277db8fad1aebae8e662c5187778b9da46826aacf7,"",client_a_preview,0,"","",LTC/USD,42490339124999995392,1780978259,failed,CrashRecovery,"daemon restarted with submitted transaction awaiting confirmation",0,0,,,,,1780984601497,1780978329198
3203,0x61ea2bb47f356f6692807b846bfe647292659cf07abce9ad61a5739e546e98e0,"",client_a_preview,0,"","",USDT/USD,999515000000000000,1780978317,failed,NonMonotonicNonce,"Intent for USDT/USD superseded on chain; not submitted.",0,0,,,,,1780978334287,1780978334287
3204,0x05531f00f4dbf56c2b73f0dab0dc4e51aff547d78761b85d8fc2e33a334728de,"",client_a_preview,0,"","",NEIRO/USD,68000524724999,1780978301,failed,NonMonotonicNonce,"Intent for NEIRO/USD superseded on chain; not submitted.",0,0,,,,,1780978334301,1780978334301
3205,0x0ae444c2c99516e41e6853c49e777ea13626f651d317022b8f4ace830e660055,5eb068460ff549083b9150ed9d0eb6d6f93f2bb75124ce646d1dc2106a8e274a,client_a_preview,0,"","",NEIRO/USD,"",0,confirmed,,,0,0,,,1780978353699,1780978375806,,1780978353699
3206,0xe367b5f4f6ebced57fb76a91e8f06d42a41a998694145529792b2d9a4aff729e,"",client_a_preview,0,"","",BTC/USD,62761442891250001772544,1780978366,failed,NonMonotonicNonce,"Oracle intent nonce must be greater than the current nonce.",0,0,,,,,1780978384030,1780978384030
3207,0x9d869a238879a910cab7ba081195a5f0b179b8b6c0caf7fc368b4ed9b9874b05,d603cf4488d1118d17d521546296a09139f35b81ef9c5252a1edc2f8f7479dcf,client_a_preview,0,"","",BTC/USD,"",0,confirmed,,,0,0,,,1780978418349,1780978443728,,1780978418349
3208,0x9d869a238879a910cab7ba081195a5f0b179b8b6c0caf7fc368b4ed9b9874b05,"",client_a_preview,0,"","",BTC/USD,62761442891250001772544,1780978394,failed,BuilderError,"Oracle intent timestamp must be greater than the current timestamp.",0,0,,,,,1780978487924,1780978487924
3209,0x4c77d189919dd54896a3b03db9b999f555408139c62122776e2b824484cccba8,"",client_a_preview,0,"","",NEIRO/USD,68134155325000,1780978522,failed,NonMonotonicNonce,"Oracle intent nonce must be greater than the current nonce.",0,0,,,,,1780978535170,1780978535170
3210,0x624d8d9306c1dc8f5b8c90e63e06dd80083fd6910013036d3a73217b5b86fea9,8adc10330f3feafecdc7e53faaca0e706a208c8978c6e2d736ee2a0ac527dc0a,client_a_preview,0,"","",NEIRO/USD,"",0,confirmed,,,0,0,,,1780978568315,1780978627810,,1780978568315
3211,0x02bd76f5c28c7441b12daa7d34fc390a94f4b38938e664f8e3dfa62072c81bad,"",client_a_preview,0,"","",ETH/USD,1666522310305273348096,1780978694,failed,NonMonotonicNonce,"Oracle intent nonce must be greater than the current nonce.",0,0,,,,,1780978707228,1780978707228
3212,0xafefdad3311cd68f9f9965f077d8e745291aa728996e800d24340ca6dba0fac4,"",client_a_preview,0,"","",USDC/USD,999714903000000000,1780978702,failed,NonMonotonicNonce,"Oracle intent nonce must be greater than the current nonce.",0,0,,,,,1780978715443,1780978715443
3213,0xe42bf856412bd23e9199ff9b7487676ec1e697cfab4e31979b05e027b7c71749,0bc447a025e8ad43b4a0906483bb4260dea9daec2402068107e8880138dac894,client_a_preview,0,"","",ETH/USD,"",0,confirmed,,,0,0,,,1780978743412,1780978778253,,1780978743412
3214,0xd18af7c11383e4f18ea70c347f4c367bff2127f96092b742133652f3c07c8f9c,2b729df77150e9b4d64cfcccfbe7f393896adb2b7fbfe9ee6a32cc21466c6c54,client_a_preview,0,"","",USDC/USD,"",0,confirmed,,,0,0,,,1780978797829,1780978885725,,1780978797829
3215,0x591c465ea84559e304c40f52710697aecd903b1b3f65c19ec31945dd88ae6d8d,2b729df77150e9b4d64cfcccfbe7f393896adb2b7fbfe9ee6a32cc21466c6c54,client_a_preview,0,"","",NEIRO/USD,"",0,confirmed,,,0,0,,,1780978797837,1780978885763,,1780978797837
3216,0xe42bf856412bd23e9199ff9b7487676ec1e697cfab4e31979b05e027b7c71749,"",client_a_preview,0,"","",ETH/USD,1666522310305273348096,1780978721,failed,NonMonotonicNonce,"Intent for ETH/USD superseded on chain; not submitted.",0,0,,,,,1780978885746,1780978885746
3217,0x5d50c9eb8daf9d9d763c9c6b6420c4ee89589c225f647c5fa5e372d8da93498c,0c90c32fd14d2152e03cbbe2657234fc4f3981efa638a93da8e2d3ee9df78b00,client_a_preview,0,"","",ARB/USD,"",0,confirmed,,,0,0,,,1780978909041,1780978969070,,1780978909041
3218,0xd6022fef6eec0eef5778ce5e457b23794eb5dd04ad0ad177ed6101f9c2243598,0c90c32fd14d2152e03cbbe2657234fc4f3981efa638a93da8e2d3ee9df78b00,client_a_preview,0,"","",USDC/USD,"",0,confirmed,,,0,0,,,1780978909053,1780978969084,,1780978909053
3219,0xdc766928613683ebd611a5cd696123245800fa227b6ac556b083d12506d95b1c,0c90c32fd14d2152e03cbbe2657234fc4f3981efa638a93da8e2d3ee9df78b00,client_a_preview,0,"","",XVG/USD,"",0,failed,CrashRecovery,"daemon restarted with submitted transaction awaiting confirmation",0,0,,,1780978909059,,1780984601493,1780978909059
3220,0x7e1c72d401314f1cc17694b334e0fc9b3c1caf513ae6afe6809eb7759a74f960,0c90c32fd14d2152e03cbbe2657234fc4f3981efa638a93da8e2d3ee9df78b00,client_a_preview,0,"","",NEIRO/USD,"",0,confirmed,,,0,0,,,1780978909068,1780978969108,,1780978909068
3221,0xdc766928613683ebd611a5cd696123245800fa227b6ac556b083d12506d95b1c,"",client_a_preview,0,"","",XVG/USD,2509907715000000,1780978851,failed,CrashRecovery,"daemon restarted with submitted transaction awaiting confirmation",0,0,,,,,1780984601493,1780978969104
3222,0xdeaa1d490cce644fbb260a9e4ccc9cada0ab4e286899e9a613d1ad7b9755dfd1,c0d15bc65f92f4b5f99d511721956d047e8da68fd94fe8c40d2c319c231e72e2,client_a_preview,0,"","",XVG/USD,"",0,failed,CrashRecovery,"daemon restarted with submitted transaction awaiting confirmation",0,0,,,1780978989971,,1780984601489,1780978989971
3223,0x23f5505ea36630d663e48d5a025709ffc67e9c7e68bbf8fd4de414e83f7227c7,c0d15bc65f92f4b5f99d511721956d047e8da68fd94fe8c40d2c319c231e72e2,client_a_preview,0,"","",DOGE/USD,"",0,confirmed,,,0,0,,,1780978989976,1780979027719,,1780978989976
3224,0xf0d99aef4e24a26d48cbc30565fcef139e4b669baebdcdaf069c3739178a9377,c0d15bc65f92f4b5f99d511721956d047e8da68fd94fe8c40d2c319c231e72e2,client_a_preview,0,"","",LTC/USD,"",0,confirmed,,,0,0,,,1780978989979,1780979027729,,1780978989979
3225,0xce62d0a78a06238abd9e642963d56d980c6bd50c9ca32395fcc91c31fe05be0e,c0d15bc65f92f4b5f99d511721956d047e8da68fd94fe8c40d2c319c231e72e2,client_a_preview,0,"","",SHIB/USD,"",0,confirmed,,,0,0,,,1780978989983,1780979027741,,1780978989983
3226,0xdeaa1d490cce644fbb260a9e4ccc9cada0ab4e286899e9a613d1ad7b9755dfd1,"",client_a_preview,0,"","",XVG/USD,2509907715000000,1780978963,failed,CrashRecovery,"daemon restarted with submitted transaction awaiting confirmation",0,0,,,,,1780984601489,1780979027714
3227,0x993ad9553cb9b45b192ed1c749d56942d998f8fdf45d58543dc456dc6ecc7db9,a9a9444422455f7224d1a05acc5572991af7cdaa2a2378fff44e60696342edc1,client_a_preview,0,"","",USDT/USD,"",0,confirmed,,,0,0,,,1780979045326,1780979142510,,1780979045326
3228,0x2b29f712548bce49ffbcae38ec1900a0b4960a8c22f5eb51ba1d4f46f567f69e,a9a9444422455f7224d1a05acc5572991af7cdaa2a2378fff44e60696342edc1,client_a_preview,0,"","",XVG/USD,"",0,confirmed,,,0,0,,,1780979045337,1780979142525,,1780979045337
3229,0x1371384090fcb86249b53ee4a97100f6d4b99ffaa8fdf12c9201be975e8f1c6c,5756046a9056f87385f9d7647bf19b61e791637ecc31a9b456bcaf6854dfd30d,client_a_preview,0,"","",XVG/USD,"",0,confirmed,,,0,0,,,1780979161099,1780979248779,,1780979161099
3230,0x246c4479c870364dc7665cc341acfc99669bc422e5931e71629742092aeaecff,5756046a9056f87385f9d7647bf19b61e791637ecc31a9b456bcaf6854dfd30d,client_a_preview,0,"","",BTC/USD,"",0,failed,CrashRecovery,"daemon restarted with submitted transaction awaiting confirmation",0,0,,,1780979161110,,1780984601485,1780979161110
3231,0x55151a259a931a194c388fc3ec9f876a4e8ed7989fc87790cacc01a7b8e315b1,5756046a9056f87385f9d7647bf19b61e791637ecc31a9b456bcaf6854dfd30d,client_a_preview,0,"","",NEIRO/USD,"",0,confirmed,,,0,0,,,1780979161115,1780979248802,,1780979161115
3232,0x246c4479c870364dc7665cc341acfc99669bc422e5931e71629742092aeaecff,"",client_a_preview,0,"","",BTC/USD,62789307038075006746624,1780979124,failed,CrashRecovery,"daemon restarted with submitted transaction awaiting confirmation",0,0,,,,,1780984601485,1780979248798
3233,0xb1c4f23861c39a5998e0e0f6a46eeacf762e302d8107b45e86c2e8e8949f3659,fb8563eb54d6335a88e55a599c5f2a5ac860fc06ad07de51c7047c11b99c60b4,client_a_preview,0,"","",BTC/USD,"",0,failed,CrashRecovery,"daemon restarted with submitted transaction awaiting confirmation",0,0,,,1780979267147,,1780984601482,1780979267147
3234,0xa4d374bb5de136fce068d62fd7040bd1568a2cb407f175442c4a7fef89a18349,fb8563eb54d6335a88e55a599c5f2a5ac860fc06ad07de51c7047c11b99c60b4,client_a_preview,0,"","",NEIRO/USD,"",0,confirmed,,,0,0,,,1780979267155,1780979310926,,1780979267155
3235,0x8af3aa5d14ee10974b44b434b8c25acab5ce6401b7bcebc841e047c2ddbb6573,fb8563eb54d6335a88e55a599c5f2a5ac860fc06ad07de51c7047c11b99c60b4,client_a_preview,0,"","",ARB/USD,"",0,confirmed,,,0,0,,,1780979267160,1780979310937,,1780979267160
3236,0xb1c4f23861c39a5998e0e0f6a46eeacf762e302d8107b45e86c2e8e8949f3659,"",client_a_preview,0,"","",BTC/USD,62802281891825000120320,1780979236,failed,CrashRecovery,"daemon restarted with submitted transaction awaiting confirmation",0,0,,,,,1780984601482,1780979310922
3237,0x08a5ef25f753bc8af806b4537aeb3f4c0cdb15b9746612052a9b04db976ed185,6ce2239f440a51742f5e35dc5d859b4d20a9d2adb62ec8c5a2c989b6b9ea254c,client_a_preview,0,"","",BTC/USD,"",0,confirmed,,,0,0,,,1780979328317,1780979350493,,1780979328317
3238,0x08a5ef25f753bc8af806b4537aeb3f4c0cdb15b9746612052a9b04db976ed185,"",client_a_preview,0,"","",BTC/USD,62804698600400004055040,1780979262,failed,BuilderError,"Oracle intent timestamp must be greater than the current timestamp.",0,0,,,,,1780979396387,1780979396387
3239,0x3200355c1a1a7c6055e8b3d98469015c32c8c1e7b286ccf98310cc86f7980a94,6a4b5269eb3d1333296007a84171248b915c89ab581335884e6b201e13785173,client_a_preview,0,"","",ETH/USD,"",0,confirmed,,,0,0,,,1780979413853,1780979448557,,1780979413853
3240,0x96ae4d260e709423edaea579584af20b192f857bae12d2cc3c0ef6bd89ab9900,bc9a63134e3f1705d7a083bf73e3eeaa8c89249223d55f88549a0be2647cc352,client_a_preview,0,"","",NEIRO/USD,"",0,confirmed,,,0,0,,,1780979466184,1780979503691,,1780979466184
3241,0x3200355c1a1a7c6055e8b3d98469015c32c8c1e7b286ccf98310cc86f7980a94,"",client_a_preview,0,"","",ETH/USD,1666954208531250282496,1780979385,failed,NonMonotonicNonce,"Intent for ETH/USD superseded on chain; not submitted.",0,0,,,,,1780979503684,1780979503684
3242,0x7c9ad9c4787e8e4c5e2b25cbf8209365988a6534d9084cae65ad53822d50d0ec,"",client_a_preview,0,"","",USDC/USD,999711178925000000,1780979606,failed,NonMonotonicNonce,"Oracle intent nonce must be greater than the current nonce.",0,0,,,,,1780979627212,1780979627212
3243,0xa1de16902e29e5b2f2de661ce9c79be600e0315083043c6dba7bdb8eeaa8ca79,dd8da17b6a126987ec7746da962aca5a689492227e83ae5c5d2478cded049236,client_a_preview,0,"","",DOGE/USD,"",0,confirmed,,,0,0,,,1780979654737,1780979691834,,1780979654737
3244,0xb08490083b06d0e2b817623627b5b237379bdfd2ce4e21f2ee58ff4fbdf4ba44,dd8da17b6a126987ec7746da962aca5a689492227e83ae5c5d2478cded049236,client_a_preview,0,"","",SHIB/USD,"",0,confirmed,,,0,0,,,1780979654750,1780979691849,,1780979654750
3245,0xa1de16902e29e5b2f2de661ce9c79be600e0315083043c6dba7bdb8eeaa8ca79,"",client_a_preview,0,"","",DOGE/USD,85218666950000016,1780979632,failed,NonMonotonicNonce,"Intent for DOGE/USD superseded on chain; not submitted.",0,0,,,,,1780979701149,1780979701149
3246,0x653b920568c4296cbf673babd801f19c6c0dd8974e438b77b48ff76918297091,"",client_a_preview,0,"","",LTC/USD,42500866000000000000,1780979618,failed,NonMonotonicNonce,"Intent for LTC/USD superseded on chain; not submitted.",0,0,,,,,1780979701160,1780979701160
3247,0xb08490083b06d0e2b817623627b5b237379bdfd2ce4e21f2ee58ff4fbdf4ba44,"",client_a_preview,0,"","",SHIB/USD,4672043987500,1780979633,failed,NonMonotonicNonce,"Intent for SHIB/USD superseded on chain; not submitted.",0,0,,,,,1780979701167,1780979701167
3248,0xe20c65d7289dd10be1cb5910d9a86ab537e2938b5d87a5e841d6a6cdb9642826,"",client_a_preview,0,"","",ARB/USD,80475413800000008,1780979679,failed,NonMonotonicNonce,"Intent for ARB/USD superseded on chain; not submitted.",0,0,,,,,1780979701171,1780979701171
3249,0x878ae231c79d10a5725c8cb5b65814c9c71de31b84cbf70a14bb05a657775165,72f48d8c3d0adb01a1a8b740f1c65f8889fc85302a6f2fe6ae6808f36c905de6,client_a_preview,0,"","",ARB/USD,"",0,confirmed,,,0,0,,,1780979728486,1780979828940,,1780979728486
3250,0x01cb0bbe7e0f06d9ce7161e47a2c61ceb285f6e5b4023072c9707d68d8711a8d,ea34fdfc3472bb1932a6590ffe7d6fa2a0b1151d059983fa8d84c966ac31773a,client_a_preview,0,"","",NEIRO/USD,"",0,confirmed,,,0,0,,,1780979849542,1780979875014,,1780979849542
3251,0x2780badc211b5a0557d30f14a6fbc709fd28920885df169f828f22e673d69c54,ea34fdfc3472bb1932a6590ffe7d6fa2a0b1151d059983fa8d84c966ac31773a,client_a_preview,0,"","",USDT/USD,"",0,confirmed,,,0,0,,,1780979849550,1780979875025,,1780979849550
3252,0x8865c0098b99d0e0bc31ba67c0f7c2790cb9cbfa65699994d83cd5e7de0de38a,ea34fdfc3472bb1932a6590ffe7d6fa2a0b1151d059983fa8d84c966ac31773a,client_a_preview,0,"","",ARB/USD,"",0,confirmed,,,0,0,,,1780979849560,1780979875047,,1780979849560
3253,0x91953b34555400e30c46d019d5730368185e14ba979a396e51540fc20ac0fbdd,"",client_a_preview,0,"","",USDT/USD,999510000000000000,1780979865,failed,NonMonotonicNonce,"Intent for USDT/USD superseded on chain; not submitted.",0,0,,,,,1780979881071,1780979881071
3254,0x41cc5e726019fcb1a1cb0e08b42c7d180e4a078b9e8e377ae96f74b221fdc71c,"",client_a_preview,0,"","",NEIRO/USD,68534587575000,1780979850,failed,NonMonotonicNonce,"Intent for NEIRO/USD superseded on chain; not submitted.",0,0,,,,,1780979881087,1780979881087
3255,0xd5ebbd08606e42580db6853b1c187d0474daf935e7b9e0e07725267094855d18,"",client_a_preview,0,"","",XVG/USD,2509807275000000,1780979862,failed,NonMonotonicNonce,"Intent for XVG/USD superseded on chain; not submitted.",0,0,,,,,1780979881128,1780979881128
3256,0x47d2396695ff2af31949044ce52523b92d74bc75f5d99baab11c52c476cb3a93,b0cef252885c996afa97ceeb96c6b33b14b375d97e34ca70cfd19d1c8d003bad,client_a_preview,0,"","",XVG/USD,"",0,confirmed,,,0,0,,,1780979911659,1780980005077,,1780979911659
3257,0xd8f2d7cc4756ff18e2b00ae4aefe9f91730108e101c0cdccaa70a5afd708de57,1f7369dfe36bace9d80f71148cf9b4fe51c412e4482beae6956a5e50d410970b,client_a_preview,0,"","",XVG/USD,"",0,failed,CrashRecovery,"daemon restarted with submitted transaction awaiting confirmation",0,0,,,1780980023007,,1780984601478,1780980023007
3258,0xd8f2d7cc4756ff18e2b00ae4aefe9f91730108e101c0cdccaa70a5afd708de57,"",client_a_preview,0,"","",XVG/USD,2509807275000000,1780979975,failed,CrashRecovery,"daemon restarted with submitted transaction awaiting confirmation",0,0,,,,,1780984601478,1780980104137
3259,0x8a3d6f7232f98bcc15bd5e8fc87891421cb2d9d668890fe7cba523cce944aae3,0ff141325ba4e2894c20f3fbc7f35fbfe6499100aa960dfd4d35ddb5b7f90367,client_a_preview,0,"","",BTC/USD,"",0,confirmed,,,0,0,,,1780980124947,1780980194335,,1780980124947
3260,0xf998d8435841f8f54e8f5e8fbb6938ac2ec1cb459552a7f011ca29aadc4278e8,0ff141325ba4e2894c20f3fbc7f35fbfe6499100aa960dfd4d35ddb5b7f90367,client_a_preview,0,"","",ETH/USD,"",0,confirmed,,,0,0,,,1780980124958,1780980194350,,1780980124958
3261,0x4c4b7ca67b3bbe47c2da554fcc7c7d37f83013ee8654bface798cc2998eb7b6d,0ff141325ba4e2894c20f3fbc7f35fbfe6499100aa960dfd4d35ddb5b7f90367,client_a_preview,0,"","",NEIRO/USD,"",0,confirmed,,,0,0,,,1780980124962,1780980194359,,1780980124962
3262,0x23dbb05e401724524e3a3f99bfbd52facd9b0842dbb8526be820bc0f5642525f,218e34f4e698432111a474753bd92f0f9f58b319bd40548ffa257822fe622018,client_a_preview,0,"","",ETH/USD,"",0,confirmed,,,0,0,,,1780980214551,1780980239737,,1780980214551
3263,0x57f527ba2e8d43060840dda6e8462374b751c4ed4a1f32b0760eec2a8dd4ac2d,218e34f4e698432111a474753bd92f0f9f58b319bd40548ffa257822fe622018,client_a_preview,0,"","",SHIB/USD,"",0,confirmed,,,0,0,,,1780980214561,1780980239754,,1780980214561
3264,0x5cc922234da63891ee62dc4acd9d04d134d88859134f194cf60cd00e5c6ef903,218e34f4e698432111a474753bd92f0f9f58b319bd40548ffa257822fe622018,client_a_preview,0,"","",NEIRO/USD,"",0,failed,CrashRecovery,"daemon restarted with submitted transaction awaiting confirmation",0,0,,,1780980214566,,1780984601473,1780980214566
3265,0x5cc922234da63891ee62dc4acd9d04d134d88859134f194cf60cd00e5c6ef903,"",client_a_preview,0,"","",NEIRO/USD,68616876375000,1780980189,failed,CrashRecovery,"daemon restarted with submitted transaction awaiting confirmation",0,0,,,,,1780984601473,1780980239772
3266,0xb43b61abdb35000b33f271b1abcf8ac7f2bfd6d482a553d143ef9347b9df141d,df9be4739b6fc4aaba4031fe353b60562f89c8c39fda6f122a21168353992126,client_a_preview,0,"","",ARB/USD,"",0,failed,CrashRecovery,"daemon restarted with submitted transaction awaiting confirmation",0,0,,,1780980257430,,1780984601469,1780980257430
3267,0xb43b61abdb35000b33f271b1abcf8ac7f2bfd6d482a553d143ef9347b9df141d,"",client_a_preview,0,"","",ARB/USD,80580656000000016,1780980235,failed,CrashRecovery,"daemon restarted with submitted transaction awaiting confirmation",0,0,,,,,1780984601469,1780980305065
3268,0x7c4bee46d9d5e201e04b60d40580220a4393a8ac53833405abd0fff939e7f9b5,cc954c4b6f127ac83bb76d3a70c65f0587aa71028db4e5c8039f681b19dbf76a,client_a_preview,0,"","",USDC/USD,"",0,confirmed,,,0,0,,,1780980325713,1780980347542,,1780980325713
3269,0xc31449de82f37114cdea97a7f39cb27433e66713a105b1621f78f0a0b6942fa8,cc954c4b6f127ac83bb76d3a70c65f0587aa71028db4e5c8039f681b19dbf76a,client_a_preview,0,"","",ARB/USD,"",0,confirmed,,,0,0,,,1780980325724,1780980347557,,1780980325724
3270,0x4c277b09ce8ca0c2cbde9e53e543138d73ae355e5b6f9cdb8a376d38327d586c,cc954c4b6f127ac83bb76d3a70c65f0587aa71028db4e5c8039f681b19dbf76a,client_a_preview,0,"","",DOGE/USD,"",0,confirmed,,,0,0,,,1780980325729,1780980347567,,1780980325729
3271,0x4c277b09ce8ca0c2cbde9e53e543138d73ae355e5b6f9cdb8a376d38327d586c,"",client_a_preview,0,"","",DOGE/USD,85288188300000016,1780980295,failed,NonMonotonicNonce,"Intent for DOGE/USD superseded on chain; not submitted.",0,0,,,,,1780980396017,1780980396017
3272,0x3c509e1930e891dfcb832b50b17ef448a6266ffc119a2d04a3215bde65c1ae9a,f810547f5594d7c440948577fc35d1c5abd69af08e7b8ca7918f9ab7a1b490ed,client_a_preview,0,"","",LTC/USD,"",0,confirmed,,,0,0,,,1780980413165,1780980444146,,1780980413165
3273,0x8984f91306d97d8b01ee28e62e7c124102f49603c0ba1605225fdfbea5ff0a7f,3254a2fe44a00f8d2499a94d8adfa5e65ad8e9351d042bbf0669bdb80e5f091e,client_a_preview,0,"","",NEIRO/USD,"",0,confirmed,,,0,0,,,1780980463107,1780980513761,,1780980463107
3274,0x84465e7831bf36fc722a156c8b28c3133d90a02646d1aadb220eaf3f5faf5a6a,91ad2392c8fbbbcc1bc65ceb6b193d7d4bf08ec64140a95d630f751162daf778,client_a_preview,0,"","",USDT/USD,"",0,confirmed,,,0,0,,,1780980616951,1780980651843,,1780980616951
3275,0x7dc542cdad3287a7c5e2084b2b5cbabae9c092e2c8f1adc67458d63d4a06b02b,91ad2392c8fbbbcc1bc65ceb6b193d7d4bf08ec64140a95d630f751162daf778,client_a_preview,0,"","",ARB/USD,"",0,confirmed,,,0,0,,,1780980616966,1780980651857,,1780980616966
3276,0x530f17624a15f76200713c54ad26b94fafcff65cd548b73d41a4dcf0dcf9b64c,4199bee22d44ef2126a01dfb6cb4992a8054fd44b682ac6237c2d37330f5c1c4,client_a_preview,0,"","",XVG/USD,"",0,confirmed,,,0,0,,,1780980780631,1780980839459,,1780980780631
3277,0x5700318b796bc20ab50bb4fb7428a05c249e7e1720444527b01554786fc53f84,4199bee22d44ef2126a01dfb6cb4992a8054fd44b682ac6237c2d37330f5c1c4,client_a_preview,0,"","",SHIB/USD,"",0,confirmed,,,0,0,,,1780980780644,1780980839477,,1780980780644
3278,0x74797766b9df23064ecfcf24a08bebb73eef22619ac986b04ff457a7cc6e8f95,f7f8b679fb91ab7bbe54598da6842de3de9d8052866415eefa239c8fac4084b6,client_a_preview,0,"","",BTC/USD,"",0,confirmed,,,0,0,,,1780980859991,1780980894955,,1780980859991
3279,0xbf77c54946c7dbd112c5d6034a3150c87b090f4323fb122a7989b810f24939ba,f7f8b679fb91ab7bbe54598da6842de3de9d8052866415eefa239c8fac4084b6,client_a_preview,0,"","",ETH/USD,"",0,confirmed,,,0,0,,,1780980859998,1780980894973,,1780980859998
3280,0x0930b054a3df05460b32d20d82d10150594ff0cfbdb07e6d0134629fd39aa2bc,f7f8b679fb91ab7bbe54598da6842de3de9d8052866415eefa239c8fac4084b6,client_a_preview,0,"","",SHIB/USD,"",0,failed,CrashRecovery,"daemon restarted with submitted transaction awaiting confirmation",0,0,,,1780980860003,,1780984601465,1780980860003
3281,0x0930b054a3df05460b32d20d82d10150594ff0cfbdb07e6d0134629fd39aa2bc,"",client_a_preview,0,"","",SHIB/USD,4684715087500,1780980834,failed,CrashRecovery,"daemon restarted with submitted transaction awaiting confirmation",0,0,,,,,1780984601465,1780980894983
3282,0x20e29f2887c84e3809a83a5666023036360c29ff3b9eb7b410abee298644c72e,62cf50265e1524cb42e4f3b3eb61856b5fbc65de1a9d745903d2a25e1abc33a3,client_a_preview,0,"","",NEIRO/USD,"",0,confirmed,,,0,0,,,1780980915963,1780980960538,,1780980915963
3283,0x74797766b9df23064ecfcf24a08bebb73eef22619ac986b04ff457a7cc6e8f95,"",client_a_preview,0,"","",BTC/USD,62891719155600003694592,1780980831,failed,NonMonotonicNonce,"Intent for BTC/USD superseded on chain; not submitted.",0,0,,,,,1780980960525,1780980960525
3284,0xbf77c54946c7dbd112c5d6034a3150c87b090f4323fb122a7989b810f24939ba,"",client_a_preview,0,"","",ETH/USD,1669627748662499999744,1780980832,failed,NonMonotonicNonce,"Intent for ETH/USD superseded on chain; not submitted.",0,0,,,,,1780980960534,1780980960534
3285,0x5861f89e8a38f4e753fae02c28e7747029b434cdedb10be3650aa967b02f59f1,eee0b4119f2c92ec52f51c6311fba71d85e2b13a46630bf221bc87c3ab416b3c,client_a_preview,0,"","",USDC/USD,"",0,confirmed,,,0,0,,,1780980978560,1780981065988,,1780980978560
3286,0x49894f848ee618b227ae57e42c905f99bb13158ddca26c8ec7480530eb783642,eee0b4119f2c92ec52f51c6311fba71d85e2b13a46630bf221bc87c3ab416b3c,client_a_preview,0,"","",DOGE/USD,"",0,confirmed,,,0,0,,,1780980978571,1780981065999,,1780980978571
3287,0x7199ac56484c55a2ace5ce61fa79f910551a9a2d733512cbdf6c67200162cbeb,2d29e429357fc30b06dd84f2cdaf238ae0255d9c12516e34ef9577c6e014f0e4,client_a_preview,0,"","",NEIRO/USD,"",0,confirmed,,,0,0,,,1780981087697,1780981124896,,1780981087697
3288,0x8a871ed4bd493d1f562238f9dd1654ae3c7286b2e42679997de39ab93605dc48,2d29e429357fc30b06dd84f2cdaf238ae0255d9c12516e34ef9577c6e014f0e4,client_a_preview,0,"","",USDC/USD,"",0,confirmed,,,0,0,,,1780981087708,1780981124916,,1780981087708
3289,0xff9172cd087eb722e9ced54d6d510bfa59f7f1b701a309fd27f61369cebcf2e7,2d29e429357fc30b06dd84f2cdaf238ae0255d9c12516e34ef9577c6e014f0e4,client_a_preview,0,"","",DOGE/USD,"",0,confirmed,,,0,0,,,1780981087714,1780981124927,,1780981087714
3290,0x2064874724f8f875e94da20746c413346790c0f7e47a9bab7371f894efb66b6c,2d29e429357fc30b06dd84f2cdaf238ae0255d9c12516e34ef9577c6e014f0e4,client_a_preview,0,"","",ARB/USD,"",0,confirmed,,,0,0,,,1780981087719,1780981124947,,1780981087719
3291,0x67717a25e0856fd3322bb65ed065588a4cbc7d16ab811ef41b424c9c4bcc8960,2d29e429357fc30b06dd84f2cdaf238ae0255d9c12516e34ef9577c6e014f0e4,client_a_preview,0,"","",LTC/USD,"",0,confirmed,,,0,0,,,1780981087726,1780981124958,,1780981087726
3292,0xb656cc8dc6c9411d41b732fbd3ded74e40eeeec637d100c35ee86fd093e7f81a,9bb33b25de9589d29a1f7cebeaef3d6ca4532dc3c2b10d2c8894e61c38e9e4af,client_a_preview,0,"","",NEIRO/USD,"",0,confirmed,,,0,0,,,1780981142329,1780981188934,,1780981142329
3293,0x67717a25e0856fd3322bb65ed065588a4cbc7d16ab811ef41b424c9c4bcc8960,"",client_a_preview,0,"","",LTC/USD,42590833422500003840,1780981044,failed,NonMonotonicNonce,"Intent for LTC/USD superseded on chain; not submitted.",0,0,,,,,1780981188952,1780981188952
3294,0x60dd9f6b8c3eae0025f1a0392ed82b1d5ce52aa9fd06175203d6568e73c8a3a6,0e4dbb75b7c54a1e7212182b9374ebb396e19dd3f50a3f7331baaf1c3db335e7,client_a_preview,0,"","",ETH/USD,"",0,confirmed,,,0,0,,,1780981210046,1780981244724,,1780981210046
3295,0x9a352da1830f5c77ecef508c5c521e91543a63723b3fba1de5171b09e6796012,0e4dbb75b7c54a1e7212182b9374ebb396e19dd3f50a3f7331baaf1c3db335e7,client_a_preview,0,"","",LTC/USD,"",0,confirmed,,,0,0,,,1780981210057,1780981244740,,1780981210057
3296,0xcc25968f9b79877204599e523ae80b2a41547863b4151c244c85bfaeabd07e3d,0e4dbb75b7c54a1e7212182b9374ebb396e19dd3f50a3f7331baaf1c3db335e7,client_a_preview,0,"","",BTC/USD,"",0,confirmed,,,0,0,,,1780981210066,1780981244769,,1780981210066
3297,0x2d05f00c46bf1472945b877f7ab53c71cc83e066d45cff0a8e6b67773316823a,0e4dbb75b7c54a1e7212182b9374ebb396e19dd3f50a3f7331baaf1c3db335e7,client_a_preview,0,"","",DOGE/USD,"",0,confirmed,,,0,0,,,1780981210073,1780981244789,,1780981210073
3298,0xbe2640829c43eba0c66998fdc84fa288308031973ff6495fc62fd8dc9daa21fc,0e4dbb75b7c54a1e7212182b9374ebb396e19dd3f50a3f7331baaf1c3db335e7,client_a_preview,0,"","",SHIB/USD,"",0,confirmed,,,0,0,,,1780981210078,1780981244800,,1780981210078
3299,0x92c12058ba8ee7b8ff8b8f5d3ac3209c65c5d0fe0b2ef0f7af0af7c66d842a49,369bfeee9fcac9eec1e316ddec8ff8725841103778acc57970c7d0a463f8c119,client_a_preview,0,"","",NEIRO/USD,"",0,confirmed,,,0,0,,,1780981261349,1780981406204,,1780981261349
3300,0x6c74eaba0aa3bdf7df4f90c5adf2aa361c84048c9d4c346df1a665626f802c2d,6ff7ca028e003e5b11f8fe436c2e79b098f44707575f631afe030c60ea67784d,client_a_preview,0,"","",ARB/USD,"",0,confirmed,,,0,0,,,1780981430902,1780981462646,,1780981430902
3301,0x2284c733bace418e137a7cc1cd724c61026e780ea7fede5796c60fe19070a924,6ff7ca028e003e5b11f8fe436c2e79b098f44707575f631afe030c60ea67784d,client_a_preview,0,"","",USDT/USD,"",0,confirmed,,,0,0,,,1780981430912,1780981462662,,1780981430912
3302,0x9b28e0d8427cc436989ea7e77f54be8396bf5f1cbbfb920a83f021df6dc1fb2b,6ff7ca028e003e5b11f8fe436c2e79b098f44707575f631afe030c60ea67784d,client_a_preview,0,"","",LTC/USD,"",0,confirmed,,,0,0,,,1780981430918,1780981462676,,1780981430918
3303,0x855f228b346c8f4bc82092cbdaba935d1f732ebebe404aa1756b90f6ee0e7a30,6ff7ca028e003e5b11f8fe436c2e79b098f44707575f631afe030c60ea67784d,client_a_preview,0,"","",BTC/USD,"",0,confirmed,,,0,0,,,1780981430925,1780981462692,,1780981430925
3304,0xa877db766a5f109976bd7a2fa2466e525d2e03412552ad397ceae841d475a0b8,6ff7ca028e003e5b11f8fe436c2e79b098f44707575f631afe030c60ea67784d,client_a_preview,0,"","",ETH/USD,"",0,confirmed,,,0,0,,,1780981430930,1780981462699,,1780981430930
3305,0xa359209729e3cbe4f86ed2f0c745f88d988539d69af10720739b66a87d22468a,6ff7ca028e003e5b11f8fe436c2e79b098f44707575f631afe030c60ea67784d,client_a_preview,0,"","",DOGE/USD,"",0,confirmed,,,0,0,,,1780981430937,1780981462711,,1780981430937
3306,0x2cf20bcccb7e64e01767d1d889a09d729a3422b47566f224d31a0c169b80de07,6ff7ca028e003e5b11f8fe436c2e79b098f44707575f631afe030c60ea67784d,client_a_preview,0,"","",SHIB/USD,"",0,confirmed,,,0,0,,,1780981430942,1780981462722,,1780981430942
3307,0x4f3df703afb4e019d0189e25884b46d2f319e51995a8be8fbe103fea8b4f45b7,6ff7ca028e003e5b11f8fe436c2e79b098f44707575f631afe030c60ea67784d,client_a_preview,0,"","",NEIRO/USD,"",0,confirmed,,,0,0,,,1780981430947,1780981462731,,1780981430947
3308,0x155654e7dead8cb512082427e15a123598ae0623385a4ea4d17514bb89912565,2c8f87ab3e121982acd2fc0ba46c15474911e92f61ce55ac73a36fa76fb91a7d,client_a_preview,0,"","",NEIRO/USD,"",0,confirmed,,,0,0,,,1780981481654,1780981522522,,1780981481654
3309,0x32dc4269a27704746381d5533082a8d1fc07e7a539d5c34e82acf62f7a16f694,2c8f87ab3e121982acd2fc0ba46c15474911e92f61ce55ac73a36fa76fb91a7d,client_a_preview,0,"","",USDT/USD,"",0,confirmed,,,0,0,,,1780981481665,1780981522548,,1780981481665
3310,0xf6dfa37ea4462e94eb7622030bda38ca4513dc01ee1613740e13a3b8c3e56631,2c8f87ab3e121982acd2fc0ba46c15474911e92f61ce55ac73a36fa76fb91a7d,client_a_preview,0,"","",XVG/USD,"",0,confirmed,,,0,0,,,1780981481671,1780981522558,,1780981481671
3311,0xf6dfa37ea4462e94eb7622030bda38ca4513dc01ee1613740e13a3b8c3e56631,"",client_a_preview,0,"","",XVG/USD,2510982640000000,1780981444,failed,BuilderError,"Oracle intent timestamp must be greater than the current timestamp.",0,0,,,,,1780981567062,1780981567062
3312,0x4f46799abea12d091ee15e2aa8c7cc8532033e3903e0544207760fb39b6199ea,"",client_a_preview,0,"","",NEIRO/USD,70013176725000,1780981635,failed,NonMonotonicNonce,"Oracle intent nonce must be greater than the current nonce.",0,0,,,,,1780981646769,1780981646769
3313,0xda4def8647c759cf072829d9bbd5ca21a12d527895237bbbcbf7c2584a78928b,fc5533f65c9e629e19e095a1ce03f1f394db1233ec183720f41ae0e6acb31d4e,client_a_preview,0,"","",NEIRO/USD,"",0,confirmed,,,0,0,,,1780981665535,1780981725549,,1780981665535
3314,0xf3f9d23b68b91418a556a38123b0e9ba8f7d1b312187ddac7bb826f2b0639316,1e3a73d46853c5578033d903ee6d6aa16c23e07c8d8a517ced300612368d14db,client_a_preview,0,"","",ARB/USD,"",0,confirmed,,,0,0,,,1780981743658,1780981800505,,1780981743658
3315,0x7c3d9f3f69390120fd43a24b88986d94f4b09fd8da3a6f32e9410852197bfe7e,dfca34a2af39ffa7d4e06399d297bc6adb3d1102a843fa8024f9e6c4f5fae3e0,client_a_preview,0,"","",ARB/USD,"",0,confirmed,,,0,0,,,1780981823233,1780981925764,,1780981823233
3316,0xa4124274a5e2e6a181c7620de561726335e78f8084e6e8588d26238d4effcfa0,bf62ad5abe99beba22de131e464b4b933f03c258b4f1f05dbba1bb0f37aa0e77,client_a_preview,0,"","",USDC/USD,"",0,failed,CrashRecovery,"daemon restarted with submitted transaction awaiting confirmation",0,0,,,1780981946123,,1780984601460,1780981946123
3317,0x1974c73c73a1eaccd2ddf38e3b69d4f01a7255a20cff9109a27842d33253e99a,bf62ad5abe99beba22de131e464b4b933f03c258b4f1f05dbba1bb0f37aa0e77,client_a_preview,0,"","",NEIRO/USD,"",0,confirmed,,,0,0,,,1780981946134,1780982059262,,1780981946134
3318,0xa4124274a5e2e6a181c7620de561726335e78f8084e6e8588d26238d4effcfa0,"",client_a_preview,0,"","",USDC/USD,999721165075000128,1780981914,failed,CrashRecovery,"daemon restarted with submitted transaction awaiting confirmation",0,0,,,,,1780984601460,1780982059257
3319,0x9df9ac5749581c726b8c76c59aaa19c782250fe8147bca537f17f81f4c206953,c4ee7d55e0e573818a53bc142a2f03a47166698b83eeb37961f72d57bf21ae55,client_a_preview,0,"","",NEIRO/USD,"",0,confirmed,,,0,0,,,1780982081667,1780982117871,,1780982081667
3320,0x0676b0cb82db761423aaf42b0045deb3b7ddebd2cff8f7afb1a13d4254874333,c4ee7d55e0e573818a53bc142a2f03a47166698b83eeb37961f72d57bf21ae55,client_a_preview,0,"","",ETH/USD,"",0,confirmed,,,0,0,,,1780982081678,1780982117893,,1780982081678
3321,0xe00926a6852f5e10772cb1669a0b854d209a263c6d626e7d7530ebd5469c769f,93cc8b5317d6c1ce2f3903edba484e211bdfee9e7bae024cbd6dfaa5fe5fd0e8,client_a_preview,0,"","",NEIRO/USD,"",0,confirmed,,,0,0,,,1780982149508,1780982175346,,1780982149508
3322,0x0676b0cb82db761423aaf42b0045deb3b7ddebd2cff8f7afb1a13d4254874333,"",client_a_preview,0,"","",ETH/USD,1684389075126812540928,1780982034,failed,NonMonotonicNonce,"Intent for ETH/USD superseded on chain; not submitted.",0,0,,,,,1780982175372,1780982175372
3323,0xd250c85e5404e5ca8e9a46afa1649a2e19e1d19be777de38dec6a13b26e9226f,d9e51c318e98bcb6ca992d46f3b6c2b8dd0ec18c46d7280b8cffe1760db779d3,client_a_preview,0,"","",LTC/USD,"",0,confirmed,,,0,0,,,1780982208024,1780982248577,,1780982208024
3324,0x52c293b2147130c9e751e740e09ea7edbcefbc35d869c7cb745913f0077e3bbe,d9e51c318e98bcb6ca992d46f3b6c2b8dd0ec18c46d7280b8cffe1760db779d3,client_a_preview,0,"","",BTC/USD,"",0,confirmed,,,0,0,,,1780982208034,1780982248627,,1780982208034
3325,0xfb9895f22dcf3f8e792f53e39ab911c22510b4a116e5799e8f651545048642ad,d9e51c318e98bcb6ca992d46f3b6c2b8dd0ec18c46d7280b8cffe1760db779d3,client_a_preview,0,"","",DOGE/USD,"",0,confirmed,,,0,0,,,1780982208043,1780982248666,,1780982208043
3326,0x9bec2bef0b67e8b98f8350563f8a9a142f475667301a4edcfce3f8deacfcb142,d9e51c318e98bcb6ca992d46f3b6c2b8dd0ec18c46d7280b8cffe1760db779d3,client_a_preview,0,"","",SHIB/USD,"",0,confirmed,,,0,0,,,1780982208053,1780982248683,,1780982208053
3327,0xebefcc71c673ed89c52041ad6dd5c35e29a1b6854635121ddd75c0b89864eaab,6239be76ea73f7d49ec953276da868f5f97454fa394e3ec8bf2e1c7908253644,client_a_preview,0,"","",USDT/USD,"",0,confirmed,,,0,0,,,1780982270388,1780982330103,,1780982270388
3328,0xac3a2e76e4bd442ae5b0bbf5beef6bc907b6ec1839f83321b99080625ec122dd,6239be76ea73f7d49ec953276da868f5f97454fa394e3ec8bf2e1c7908253644,client_a_preview,0,"","",XVG/USD,"",0,confirmed,,,0,0,,,1780982270399,1780982330118,,1780982270399
3329,0xed59e93f161d63274dcffd771252af0d9a35f8f494965e5871d640a665e0666a,78534fb7954778ec8b5889baac09ba2edf5772c59c2facf5498a3fbbd329feea,client_a_preview,0,"","",NEIRO/USD,"",0,confirmed,,,0,0,,,1780982349380,1780982386172,,1780982349380
3330,0x71abff160ae49a21bfff3aabc31e9c38e83b9b7654f3b406768ff748ce6083c3,"",client_a_preview,0,"","",NEIRO/USD,70407311800000,1780982404,failed,NonMonotonicNonce,"Oracle intent nonce must be greater than the current nonce.",0,0,,,,,1780982417083,1780982417083
3331,0xf521e2870a5ae6a0ae151b0c6d61e44c5fc9d9f8e08c20e2d21749018f7c47e1,829972bd85515abf0c308d44a382fcb9ef723cfdcadfba1f1cce4b13fdfe5731,client_a_preview,0,"","",NEIRO/USD,"",0,confirmed,,,0,0,,,1780982444033,1780982475198,,1780982444033
3332,0x8729ace8504c4557e3e5fa441f0b359d49bdf06044b973d9905d48b37287f629,21adf39f5cfcf44aee1e95134cb4b4e23cb7486ab52134c222c31d32030b34f0,client_a_preview,0,"","",NEIRO/USD,"",0,confirmed,,,0,0,,,1780982596310,1780982623905,,1780982596310
3333,0x07825a266b565ac00d3186cdeb3abf870cbe24c23f938452eacb1d48f945afb8,21adf39f5cfcf44aee1e95134cb4b4e23cb7486ab52134c222c31d32030b34f0,client_a_preview,0,"","",ARB/USD,"",0,failed,CrashRecovery,"daemon restarted with submitted transaction awaiting confirmation",0,0,,,1780982596321,,1780984601455,1780982596321
3334,0xc7d32e82af6369e1773b827697f7a58ecf6b08f18265a81dc0b43db7557c671b,"",client_a_preview,0,"","",USDC/USD,999716096337500096,1780982494,failed,NonMonotonicNonce,"Intent for USDC/USD superseded on chain; not submitted.",0,0,,,,,1780982623921,1780982623921
3335,0x07825a266b565ac00d3186cdeb3abf870cbe24c23f938452eacb1d48f945afb8,"",client_a_preview,0,"","",ARB/USD,81698338900000000,1780982567,failed,CrashRecovery,"daemon restarted with submitted transaction awaiting confirmation",0,0,,,,,1780984601455,1780982623928
3336,0x0de4f959081a2260563ba0c6cafac74e00070cab0ed2170b1b559a0c7cf23a72,15125ee07665a372dd17fd37b32e921ee8c4e59e74896b90ac9c8edd0e41f9a8,client_a_preview,0,"","",ETH/USD,"",0,confirmed,,,0,0,,,1780982643237,1780982671580,,1780982643237
3337,0x3cb7990ae3a0dc2fcaeadca19438a00a8c55fc0fa82586b2836ee66034b82d39,626f076079e96b8073a557ba6e02f940a95e5c9ff876fd79b61c84201433142e,client_a_preview,0,"","",NEIRO/USD,"",0,confirmed,,,0,0,,,1780982692132,1780982754830,,1780982692132
3338,0x2cd8cf1c8a83c43192a8049c75ad3f864df7ea93936de9b907970d200d813342,"",client_a_preview,0,"","",NEIRO/USD,70710357550000,1780982744,failed,NonMonotonicNonce,"Oracle intent nonce must be greater than the current nonce.",0,0,,,,,1780982763272,1780982763272
3339,0xce50828e97ddbc6b7330640997ea54d2dfe349aebd6a860aa1df975f6f24059e,38ae8d151c88370395befab275aadf697ecde1ee780a147856ccf4f385ca1217,client_a_preview,0,"","",DOGE/USD,"",0,confirmed,,,0,0,,,1780982874233,1780982918718,,1780982874233
3340,0x4851a3282bf412ef9c4a39a76e9f9a82d565b5df6225a40c7a6f60994af2b686,38ae8d151c88370395befab275aadf697ecde1ee780a147856ccf4f385ca1217,client_a_preview,0,"","",SHIB/USD,"",0,confirmed,,,0,0,,,1780982874240,1780982918734,,1780982874240
3341,0x0977f739a66f0e5f98b68de8fa8fd4258238d483a2ebbcedb8aa3c2dbe05b2d7,12b295887d1a30bad6e69489d2b47984601354d0eded2ec488eb2ea8b9e5d26d,client_a_preview,0,"","",NEIRO/USD,"",0,confirmed,,,0,0,,,1780982946403,1780982980958,,1780982946403
3342,0x33e0a3ac885ed632fbc6abe28f448aeb0f091c6c9dbee24fd1edbe71d9e3163c,12b295887d1a30bad6e69489d2b47984601354d0eded2ec488eb2ea8b9e5d26d,client_a_preview,0,"","",ARB/USD,"",0,failed,CrashRecovery,"daemon restarted with submitted transaction awaiting confirmation",0,0,,,1780982946414,,1780984601450,1780982946414
3343,0xce50828e97ddbc6b7330640997ea54d2dfe349aebd6a860aa1df975f6f24059e,"",client_a_preview,0,"","",DOGE/USD,86177752200000016,1780982846,failed,NonMonotonicNonce,"Intent for DOGE/USD superseded on chain; not submitted.",0,0,,,,,1780982980981,1780982980981
3344,0x4851a3282bf412ef9c4a39a76e9f9a82d565b5df6225a40c7a6f60994af2b686,"",client_a_preview,0,"","",SHIB/USD,4722157410886,1780982848,failed,NonMonotonicNonce,"Intent for SHIB/USD superseded on chain; not submitted.",0,0,,,,,1780982980997,1780982980997
3345,0x33e0a3ac885ed632fbc6abe28f448aeb0f091c6c9dbee24fd1edbe71d9e3163c,"",client_a_preview,0,"","",ARB/USD,81757259432391520,1780982905,failed,CrashRecovery,"daemon restarted with submitted transaction awaiting confirmation",0,0,,,,,1780984601450,1780982981009
3346,0x07e66f54bcd51475c069912f6eecd7d941f6132ffb1ddd67797ae9d5018de0d9,822d8d3226ea5ba9d418efecb71bafe60356083795debc7d92198497ce0685c6,client_a_preview,0,"","",BTC/USD,"",0,confirmed,,,0,0,,,1780983013443,1780983042190,,1780983013443
3347,0x3b11ac724b47e3cda0309b1c54e71f6a34db1c7c8a4dc945b7d0516a9b3c9c0a,822d8d3226ea5ba9d418efecb71bafe60356083795debc7d92198497ce0685c6,client_a_preview,0,"","",LTC/USD,"",0,confirmed,,,0,0,,,1780983013455,1780983042203,,1780983013455
3348,0x3b08359fa4ae21aef0bb2b723b242abf3fda1ed1b36fe5ca474afe2068af2a4a,822d8d3226ea5ba9d418efecb71bafe60356083795debc7d92198497ce0685c6,client_a_preview,0,"","",ARB/USD,"",0,confirmed,,,0,0,,,1780983013458,1780983042212,,1780983013458
3349,0x06b846fecf05a4e055cf05df116973a513832e2baf40c46c33777916b6b7f179,822d8d3226ea5ba9d418efecb71bafe60356083795debc7d92198497ce0685c6,client_a_preview,0,"","",NEIRO/USD,"",0,failed,CrashRecovery,"daemon restarted with submitted transaction awaiting confirmation",0,0,,,1780983013466,,1780984601446,1780983013466
3350,0x06b846fecf05a4e055cf05df116973a513832e2baf40c46c33777916b6b7f179,"",client_a_preview,0,"","",NEIRO/USD,70775343600000,1780982976,failed,CrashRecovery,"daemon restarted with submitted transaction awaiting confirmation",0,0,,,,,1780984601446,1780983042241
3351,0xbc852efe53c1cb0fad088c9a5511af18ff06fc2d4c44bead02bbe05b2a4e420f,e45e497c1e4cba1a0292e9ffd6db7c84b0c8da53ccf8d60639216158856c9450,client_a_preview,0,"","",XVG/USD,"",0,confirmed,,,0,0,,,1780983064644,1780983086780,,1780983064644
3352,0xe7aff262007ed6637421b06d9dab20ea8580b449fa36d8d060ab6bd096051e35,e45e497c1e4cba1a0292e9ffd6db7c84b0c8da53ccf8d60639216158856c9450,client_a_preview,0,"","",USDT/USD,"",0,confirmed,,,0,0,,,1780983064655,1780983086796,,1780983064655
3353,0x0fa960339593e796c1a878a110bcb9b9ff80501492ee2108103cbf6237ba7c49,e45e497c1e4cba1a0292e9ffd6db7c84b0c8da53ccf8d60639216158856c9450,client_a_preview,0,"","",ARB/USD,"",0,failed,CrashRecovery,"daemon restarted with submitted transaction awaiting confirmation",0,0,,,1780983064670,,1780984601442,1780983064670
3354,0x0fa960339593e796c1a878a110bcb9b9ff80501492ee2108103cbf6237ba7c49,"",client_a_preview,0,"","",ARB/USD,81769273875000000,1780983022,failed,CrashRecovery,"daemon restarted with submitted transaction awaiting confirmation",0,0,,,,,1780984601442,1780983086811
3355,0xe4844ca15cba703ad63d31612199ece77e3afba4074c1e3c2db14f87b69a6a07,98d66602582cda0a0ffcaa36d8f9889b9d3bce17f96eb92d4e73c3d90cd69697,client_a_preview,0,"","",USDC/USD,"",0,confirmed,,,0,0,,,1780983216284,1780983255051,,1780983216284
3356,0x2aebb78865428326f5e9fab2ee7dd1811c5cc885b4b013a7455b0a3cc9848c25,b67718fa160c863672d3a176bfcd3844dee49a6eda03210583c7b135862e1356,client_a_preview,0,"","",NEIRO/USD,"",0,confirmed,,,0,0,,,1780983275200,1780983322011,,1780983275200
3357,0xe4844ca15cba703ad63d31612199ece77e3afba4074c1e3c2db14f87b69a6a07,"",client_a_preview,0,"","",USDC/USD,999704843250000128,1780983190,failed,NonMonotonicNonce,"Intent for USDC/USD superseded on chain; not submitted.",0,0,,,,,1780983322007,1780983322007
3358,0xfa8622ae7808bd0510077678a188af6b59c31a9e519642c9b06f506447222cb5,3c5332ed4f0563e1b4933c48f0a209e53d6024f5be0c775d681505239ac74f89,client_a_preview,0,"","",ETH/USD,"",0,confirmed,,,0,0,,,1780983341120,1780983388427,,1780983341120
3359,0xa54f0378b8424d994394fbb6b1b27f768d6e4f3f8f348ea17e1e699d66c414db,"",client_a_preview,0,"","",ETH/USD,1687584791611050033152,1780983382,failed,NonMonotonicNonce,"Oracle intent nonce must be greater than the current nonce.",0,0,,,,,1780983397149,1780983397149
3360,0x85ffb98199fd7f1faa76760acaa9222025fb026c542fc4b2a8fd1bde72591847,e0c5f145a52a472cddeb85bd19b2643745f0d06f13344626822dc66c570c289c,client_a_preview,0,"","",NEIRO/USD,"",0,confirmed,,,0,0,,,1780983473697,1780983510843,,1780983473697
3361,0x76b7b83d881c687495c26facea38aff37a3970853c4fb1a473e89f8f11a5f731,de7892abdb50b22ee4389d4bd89cea5e3d0758c85784c8fc82a8de8977d3295e,client_a_preview,0,"","",ARB/USD,"",0,confirmed,,,0,0,,,1780983530011,1780983598744,,1780983530011
3362,0x7ceec8bc87908d37a892df31df2724baeeeab8d34a3b5e5bd3ca91e34aee2293,93e20130686da6cd3154bd9a3bed82a9ceacbe9c2eacdf950bb37b2d5e0c7756,client_a_preview,0,"","",DOGE/USD,"",0,confirmed,,,0,0,,,1780983621786,1780983653398,,1780983621786
3363,0x16bfedbbfffc0c219ec809c16f90ad47f109d1a9f0afe34d53a677503061afe7,93e20130686da6cd3154bd9a3bed82a9ceacbe9c2eacdf950bb37b2d5e0c7756,client_a_preview,0,"","",SHIB/USD,"",0,confirmed,,,0,0,,,1780983621797,1780983653414,,1780983621797
3364,0x72185e092b57cff626363173e69aaffabed8fef239ae89408e44062e8d2fdf9c,93e20130686da6cd3154bd9a3bed82a9ceacbe9c2eacdf950bb37b2d5e0c7756,client_a_preview,0,"","",ARB/USD,"",0,failed,CrashRecovery,"daemon restarted with submitted transaction awaiting confirmation",0,0,,,1780983621804,,1780984601438,1780983621804
3365,0x72185e092b57cff626363173e69aaffabed8fef239ae89408e44062e8d2fdf9c,"",client_a_preview,0,"","",ARB/USD,81858618065164504,1780983577,failed,CrashRecovery,"daemon restarted with submitted transaction awaiting confirmation",0,0,,,,,1780984601438,1780983653430
3366,0xfcad97f413e957dce15132c4a2aa96b2a8c158ba85a32fcadb8f6071f168b844,ce03768e217095648defd0ba8748e3bf86a6571ee6463c2129f64dda4d2ce020,client_a_preview,0,"","",DOGE/USD,"",0,confirmed,,,0,0,,,1780983675297,1780983709339,,1780983675297
3367,0x59a68570612c6062ea268bc1844c91b8dfbf5f21dd2019d2f261a2ddc29f236c,ce03768e217095648defd0ba8748e3bf86a6571ee6463c2129f64dda4d2ce020,client_a_preview,0,"","",SHIB/USD,"",0,confirmed,,,0,0,,,1780983675304,1780983709354,,1780983675304
3368,0xaf72c797a9098f598915f7dad596186313a93d4d1ac0c59fc3931681f5d77f79,"",client_a_preview,0,"","",BTC/USD,63280318624256227278848,1780983703,failed,NonMonotonicNonce,"Intent for BTC/USD superseded on chain; not submitted.",0,0,,,,,1780983716289,1780983716289
3369,0x452084d3bbc5f9861e7aad4776c36ab6856107e74e8f89cc4873649f52a212bd,"",client_a_preview,0,"","",LTC/USD,42865820762500009984,1780983701,failed,NonMonotonicNonce,"Intent for LTC/USD superseded on chain; not submitted.",0,0,,,,,1780983716297,1780983716297
3370,0x368beba3cb16057a71fc03491383aaf1f354ba60df3c0072481d365263a71413,bb1545ea75d30ac94f1d5df22976820db765b8334bd925a881e7df1608d18388,client_a_preview,0,"","",LTC/USD,"",0,confirmed,,,0,0,,,1780983834225,1780983864917,,1780983834225
3371,0x6535c87a0aa63423228d6c1478f732a1a41d07fbaf0b4ea58ed53f5cdde6c151,bb1545ea75d30ac94f1d5df22976820db765b8334bd925a881e7df1608d18388,client_a_preview,0,"","",BTC/USD,"",0,confirmed,,,0,0,,,1780983834236,1780983864932,,1780983834236
3372,0x26e2f8223c463989d089994af084705d17c130d0312da969ebde98bb8c6c3ed3,bb1545ea75d30ac94f1d5df22976820db765b8334bd925a881e7df1608d18388,client_a_preview,0,"","",USDT/USD,"",0,confirmed,,,0,0,,,1780983834243,1780983864946,,1780983834243
3373,0xbf627bc9b296fff3e2e5c8cf6f2ec2e6306f988c8aa0d165730c474665cbffa6,bb1545ea75d30ac94f1d5df22976820db765b8334bd925a881e7df1608d18388,client_a_preview,0,"","",XVG/USD,"",0,confirmed,,,0,0,,,1780983834248,1780983864955,,1780983834248
3374,0x2e9762f7554809982d15530765ca2ab11f1f08851068c402532560fad34ce6ce,bb1545ea75d30ac94f1d5df22976820db765b8334bd925a881e7df1608d18388,client_a_preview,0,"","",NEIRO/USD,"",0,confirmed,,,0,0,,,1780983834255,1780983864966,,1780983834255
3375,0xeef91b3e8da9265d6a76e0347f5630ec447a702a4ac8a6cae6c5037760ff03c6,ac9aebb809abd93b9f282d0c1e085998675be1096f2ff14cf77864280dbb3c33,client_a_preview,0,"","",LTC/USD,"",0,confirmed,,,0,0,,,1780983891491,1780983921051,,1780983891491
3376,0xab227744fdc31e37dc1c75e9dcf54cf4656400c369c16e20efb11687532041de,ac9aebb809abd93b9f282d0c1e085998675be1096f2ff14cf77864280dbb3c33,client_a_preview,0,"","",BTC/USD,"",0,confirmed,,,0,0,,,1780983891502,1780983921064,,1780983891502
3377,0x674bf4b354feebb22e739ee8d96148d0cbdcd93a29429bf2ef0805b9f2834946,ac9aebb809abd93b9f282d0c1e085998675be1096f2ff14cf77864280dbb3c33,client_a_preview,0,"","",NEIRO/USD,"",0,failed,CrashRecovery,"daemon restarted with submitted transaction awaiting confirmation",0,0,,,1780983891508,,1780984601435,1780983891508
3378,0x674bf4b354feebb22e739ee8d96148d0cbdcd93a29429bf2ef0805b9f2834946,"",client_a_preview,0,"","",NEIRO/USD,71089455900000,1780983859,failed,CrashRecovery,"daemon restarted with submitted transaction awaiting confirmation",0,0,,,,,1780984601435,1780983921084
3379,0x497930e82345a034da818e7da1cb0909d77178ade94910f8daf32672cc876fef,"",client_a_preview,0,"","",USDC/USD,999699888725000128,1780983849,failed,BuilderError,"Oracle intent timestamp must be greater than the current timestamp.",0,0,,,,,1780983965469,1780983965469
3380,0xbe478626ed3f6311cde6ead08059f5262394194353223d1fb5c5ed95309a5833,"",client_a_preview,0,"","",NEIRO/USD,71321823374999,1780983964,failed,NonMonotonicNonce,"Oracle intent nonce must be greater than the current nonce.",0,0,,,,,1780983977867,1780983977867
3381,0xb42a267d8e2ddf9bc2cf970d6ff06737cc000a15fbb6a59427a44e11ec65c651,b8ba088e3cd6cc29a54b6eb615f5d21e87a7de2bde4c02fc87414842e6f82115,client_a_preview,0,"","",NEIRO/USD,"",0,confirmed,,,0,0,,,1780984017797,1780984051845,,1780984017797
3382,0x9d4d6d1179e31c8655eaa2b73a7a13f22bc39d9905f4d35b06e154cad50e441d,1cf38bd07f0f31c4fee07a00f0b6f8cc50657f1ee3e71b11f9ff235ff143235e,client_a_preview,0,"","",ETH/USD,"",0,failed,CrashRecovery,"daemon restarted with submitted transaction awaiting confirmation",0,0,,,1780984075446,,1780984601431,1780984075446
3383,0x83f2fcc93e364d1769a6242392f580a81f40ea2ae0db263bf7bda1a14d43f74b,1cf38bd07f0f31c4fee07a00f0b6f8cc50657f1ee3e71b11f9ff235ff143235e,client_a_preview,0,"","",XVG/USD,"",0,confirmed,,,0,0,,,1780984075457,1780984144507,,1780984075457
3384,0xc04773037949d4ca67e327f9ee49e8544f4a324d56b665c0240667a3888699c0,1cf38bd07f0f31c4fee07a00f0b6f8cc50657f1ee3e71b11f9ff235ff143235e,client_a_preview,0,"","",ARB/USD,"",0,confirmed,,,0,0,,,1780984075462,1780984144549,,1780984075462
3385,0x9d4d6d1179e31c8655eaa2b73a7a13f22bc39d9905f4d35b06e154cad50e441d,"",client_a_preview,0,"","",ETH/USD,1687584791611050033152,1780984030,failed,CrashRecovery,"daemon restarted with submitted transaction awaiting confirmation",0,0,,,,,1780984601431,1780984144481
3386,0x06b9f5310f599ef35b2bdb6bc3a8e5eb78c6687136171905d30892df4326bfdb,bdd40223cd902cd5d89711f559a02c1451c097af51d16865665b622ddd39160e,client_a_preview,0,"","",ETH/USD,"",0,confirmed,,,0,0,,,1780984170347,1780984202292,,1780984170347
3387,0xeca21325fb243b10dfa5e4c3442452f546fc385fa2207a2ff35c78f512da5447,bdd40223cd902cd5d89711f559a02c1451c097af51d16865665b622ddd39160e,client_a_preview,0,"","",NEIRO/USD,"",0,confirmed,,,0,0,,,1780984170358,1780984202305,,1780984170358
3388,0xbc4d43f558b6312706a6807e139fcc52931fc43a13ebbb727ef988c052758b35,bdd40223cd902cd5d89711f559a02c1451c097af51d16865665b622ddd39160e,client_a_preview,0,"","",XVG/USD,"",0,confirmed,,,0,0,,,1780984170365,1780984202317,,1780984170365
3389,0x08492ba09dd1ce6e7b718c7269bad766a5c858ec05eec0530e1017ee47f9b6f8,bdd40223cd902cd5d89711f559a02c1451c097af51d16865665b622ddd39160e,client_a_preview,0,"","",ARB/USD,"",0,failed,CrashRecovery,"daemon restarted with submitted transaction awaiting confirmation",0,0,,,1780984170370,,1780984601427,1780984170370
3390,0x08492ba09dd1ce6e7b718c7269bad766a5c858ec05eec0530e1017ee47f9b6f8,"",client_a_preview,0,"","",ARB/USD,81953260000000000,1780984117,failed,CrashRecovery,"daemon restarted with submitted transaction awaiting confirmation",0,0,,,,,1780984601427,1780984202334
3391,0x844d8f2eb9c2a03c3b29b8ee80d4b4afb53b03311ccd04c179b881e695f1b7cb,c39f03f05c88618071ea5ac00d98cd9ea798eeb41b5662733cf3e175ec0d83cb,client_a_preview,0,"","",ETH/USD,"",0,confirmed,,,0,0,,,1780984222728,1780984332389,,1780984222728
3392,0x528f7dae26fa30ec4ed712432a9ebf7ec1a155f8381b77d48ac6ec344008c813,c39f03f05c88618071ea5ac00d98cd9ea798eeb41b5662733cf3e175ec0d83cb,client_a_preview,0,"","",NEIRO/USD,"",0,failed,CrashRecovery,"daemon restarted with submitted transaction awaiting confirmation",0,0,,,1780984222739,,1780984601421,1780984222739
3393,0x528f7dae26fa30ec4ed712432a9ebf7ec1a155f8381b77d48ac6ec344008c813,"",client_a_preview,0,"","",NEIRO/USD,71609159500000,1780984190,failed,CrashRecovery,"daemon restarted with submitted transaction awaiting confirmation",0,0,,,,,1780984601421,1780984332412
3394,0x2431c9a16a4eeb18b92d3bdb121569dd554dd9ac112cef2aace5708b221caa1b,a470f730ae3ec303b014bd201770c8aa1316b7da86da41737c79d5f2fa9f1ea2,client_a_preview,0,"","",USDC/USD,"",0,confirmed,,,0,0,,,1780984633531,1780984676944,,1780984633531
3395,0x046511a8b7da6d8d9702050f38907095e58432e1de859225dc622c8ca3fdbfec,edc5585b30821c7edc84647fb6f9ca8ff75779cdb3b69e90c05e5a99dc652c2c,client_a_preview,0,"","",LTC/USD,"",0,confirmed,,,0,0,,,1780984698876,1780984737532,,1780984698876
3396,0x1005fda064e5d2cbd810336c94738267ad074155b6941ab6acd7f4a16f52d604,edc5585b30821c7edc84647fb6f9ca8ff75779cdb3b69e90c05e5a99dc652c2c,client_a_preview,0,"","",DOGE/USD,"",0,confirmed,,,0,0,,,1780984698884,1780984737549,,1780984698884
3397,0x742c84c88a45cc3de164566920a4eddec6da9cd67fb8365b6490afeb227bd294,edc5585b30821c7edc84647fb6f9ca8ff75779cdb3b69e90c05e5a99dc652c2c,client_a_preview,0,"","",BTC/USD,"",0,confirmed,,,0,0,,,1780984698891,1780984737561,,1780984698891
3398,0x0be242360272e9dbd9276deb5878cfdbff9a1265fa80283ce10aa3ba0eafcac7,edc5585b30821c7edc84647fb6f9ca8ff75779cdb3b69e90c05e5a99dc652c2c,client_a_preview,0,"","",USDC/USD,"",0,submitted,,,0,0,,,1780984698899,,,1780984698899
3399,0x2ff36121760f22add4f849be2b03b2ef71a1db0fed48f7e4a0c3cc4152a67ad6,edc5585b30821c7edc84647fb6f9ca8ff75779cdb3b69e90c05e5a99dc652c2c,client_a_preview,0,"","",NEIRO/USD,"",0,confirmed,,,0,0,,,1780984698907,1780984737581,,1780984698907
3400,0xc6a724bd1e7dce5be79e6d0a8b6721308387644968af48db4b9fee563f2603f8,edc5585b30821c7edc84647fb6f9ca8ff75779cdb3b69e90c05e5a99dc652c2c,client_a_preview,0,"","",USDT/USD,"",0,confirmed,,,0,0,,,1780984698911,1780984737591,,1780984698911
3401,0x0be242360272e9dbd9276deb5878cfdbff9a1265fa80283ce10aa3ba0eafcac7,"",client_a_preview,0,"","",USDC/USD,999699854400000128,1780984505,failed,NonMonotonicNonce,"Intent for USDC/USD superseded on chain; not submitted.",0,0,,,,,1780984737577,1780984737577
3402,0xa338de2375128e21ee2605fe63d0816616d7d4dff94fde173c8e23e630764fc9,7217391e7e3c9312e84e1012447c91350de042e4ac5a4d1c532e29113335a02e,client_a_preview,0,"","",USDT/USD,"",0,submitted,,,0,0,,,1780984760935,,,1780984760935
3403,0xace0493d8fb3b08d39fe2bf06b24baaec52d7f7b0551c2117563194a88bb1578,7217391e7e3c9312e84e1012447c91350de042e4ac5a4d1c532e29113335a02e,client_a_preview,0,"","",LTC/USD,"",0,confirmed,,,0,0,,,1780984760947,1780984817603,,1780984760947
3404,0x12d1c92bbd9dd3e70626b55fa32a90d6e9cc9bbf90e13b54f7c13012acfe4a63,7217391e7e3c9312e84e1012447c91350de042e4ac5a4d1c532e29113335a02e,client_a_preview,0,"","",BTC/USD,"",0,confirmed,,,0,0,,,1780984760951,1780984817613,,1780984760951
3405,0x0a75faf106b06440c9caf973425162cba59cfe93fe320433edb3518f68e0704e,7217391e7e3c9312e84e1012447c91350de042e4ac5a4d1c532e29113335a02e,client_a_preview,0,"","",DOGE/USD,"",0,confirmed,,,0,0,,,1780984760958,1780984817627,,1780984760958
3406,0x44087350b98e34e7af474f8618da3f48ab42c588c2c634513ad4f393fc142a6c,7217391e7e3c9312e84e1012447c91350de042e4ac5a4d1c532e29113335a02e,client_a_preview,0,"","",SHIB/USD,"",0,confirmed,,,0,0,,,1780984760965,1780984817636,,1780984760965
3407,0x566784a147377be61a6c655784d9a50a9ed8f44efcba8dfd6ad9a4c6523eb1ee,7217391e7e3c9312e84e1012447c91350de042e4ac5a4d1c532e29113335a02e,client_a_preview,0,"","",NEIRO/USD,"",0,submitted,,,0,0,,,1780984760970,,,1780984760970
3408,0xa338de2375128e21ee2605fe63d0816616d7d4dff94fde173c8e23e630764fc9,"",client_a_preview,0,"","",USDT/USD,999440000000000000,1780984557,failed,NonMonotonicNonce,"Intent for USDT/USD superseded on chain; not submitted.",0,0,,,,,1780984817596,1780984817596
3409,0x566784a147377be61a6c655784d9a50a9ed8f44efcba8dfd6ad9a4c6523eb1ee,"",client_a_preview,0,"","",NEIRO/USD,72068987487500,1780984725,failed,NonMonotonicNonce,"Intent for NEIRO/USD superseded on chain; not submitted.",0,0,,,,,1780984817651,1780984817651
3410,0xca21e55e8e3b1b9905b5d067a5a7c8dcccbaa3a74f1a5d1e5363685d39eb0bcb,bbd2db84e61523448b58eec8b4cb62843d2a9ebd5cb432bf594926f12461e2cc,client_a_preview,0,"","",ARB/USD,"",0,confirmed,,,0,0,,,1780984836910,1780984878324,,1780984836910
3411,0x61db1d0e7d96fac863ab997aec4aa78984a9bb3765d59a914d70f648f07bcb1b,bbd2db84e61523448b58eec8b4cb62843d2a9ebd5cb432bf594926f12461e2cc,client_a_preview,0,"","",NEIRO/USD,"",0,confirmed,,,0,0,,,1780984836921,1780984878341,,1780984836921
3412,0x3fbd8c66c7021ffd77dca3c16b482c210baba4dba7b98763f0054b0e7b2552f5,bbd2db84e61523448b58eec8b4cb62843d2a9ebd5cb432bf594926f12461e2cc,client_a_preview,0,"","",SHIB/USD,"",0,submitted,,,0,0,,,1780984836928,,,1780984836928
3413,0x3fbd8c66c7021ffd77dca3c16b482c210baba4dba7b98763f0054b0e7b2552f5,"",client_a_preview,0,"","",SHIB/USD,4736130412609,1780984811,failed,NonMonotonicNonce,"Intent for SHIB/USD superseded on chain; not submitted.",0,0,,,,,1780984878364,1780984878364
3414,0x3211ced9fb452ac902ab8e945cb96795c5b5080fcae0f63e01c79e0759336f09,877a80c305477dd7ba5b7ba65106a230dd557087f9aaeedae4ca123c2ff7adf5,client_a_preview,0,"","",XVG/USD,"",0,submitted,,,0,0,,,1780984898914,,,1780984898914
3415,0xbae9caefa10e2ffa0f78f171e11d044486f740bb89a2e6f571dcb928468d7a8b,877a80c305477dd7ba5b7ba65106a230dd557087f9aaeedae4ca123c2ff7adf5,client_a_preview,0,"","",NEIRO/USD,"",0,confirmed,,,0,0,,,1780984898925,1780984943186,,1780984898925
3416,0xca21e55e8e3b1b9905b5d067a5a7c8dcccbaa3a74f1a5d1e5363685d39eb0bcb,"",client_a_preview,0,"","",ARB/USD,82001615750000000,1780984798,failed,NonMonotonicNonce,"Intent for ARB/USD superseded on chain; not submitted.",0,0,,,,,1780984943172,1780984943172
3417,0x3211ced9fb452ac902ab8e945cb96795c5b5080fcae0f63e01c79e0759336f09,"",client_a_preview,0,"","",XVG/USD,2521270280000000,1780984852,failed,NonMonotonicNonce,"Intent for XVG/USD superseded on chain; not submitted.",0,0,,,,,1780984943181,1780984943181
3418,0x5318b24a0828564e92b30318e7c9ed8c045c60bbe64c8471bf0a088be351cff1,513fe369f9863c6d4275f0f1c530720193295b154516307b0d8382b7c7e8625f,client_a_preview,0,"","",ETH/USD,"",0,confirmed,,,0,0,,,1780984962478,1780985037093,,1780984962478
3419,0x927f9f6d173bb97f54bd1ee4e6fc04bf04a126d4da3d599efd8017719009e34e,959c330c1bc28e2f0b17da9d38ff21870eb1561eeb7238ff2a29e9181f602781,client_a_preview,0,"","",ETH/USD,"",0,submitted,,,0,0,,,1780985054437,,,1780985054437
3420,0xf22d5aff02f917c3879ec0d09686d21be92baf27d886f784115c7180a20ccd00,959c330c1bc28e2f0b17da9d38ff21870eb1561eeb7238ff2a29e9181f602781,client_a_preview,0,"","",XVG/USD,"",0,confirmed,,,0,0,,,1780985054448,1780985123213,,1780985054448
3421,0x927f9f6d173bb97f54bd1ee4e6fc04bf04a126d4da3d599efd8017719009e34e,"",client_a_preview,0,"","",ETH/USD,1688810787387500265472,1780985022,failed,NonMonotonicNonce,"Intent for ETH/USD superseded on chain; not submitted.",0,0,,,,,1780985123209,1780985123209
3422,0xaf3ae76426278849d2e7d11155a9077b8de0a2bb9ea5d6da9be6490d60a1ab3a,26465f918f7e7ad0e8234823e1f340cc26348402bff7711933bfcd68601a72ef,client_a_preview,0,"","",XVG/USD,"",0,confirmed,,,0,0,,,1780985140389,1780985181372,,1780985140389
3423,0x01bb1274ff214727ca7ef623047c20742873e254b96a4e9dd13dbd64d3a038fc,"",client_a_preview,0,"","",XVG/USD,2541753930000000,1780985187,failed,NonMonotonicNonce,"Oracle intent nonce must be greater than the current nonce.",0,0,,,,,1780985199517,1780985199517
3424,0xb567c793980d2cc2e6e196148b28b159ade6e879d5e8a592857d31c0698c5fb4,5ccbfa912c805e3f36f05c187427499dd770dbf3fa2fe14212218604d3b62a45,client_a_preview,0,"","",XVG/USD,"",0,confirmed,,,0,0,,,1780985238251,1780985269581,,1780985238251
3425,0x05ec645287070df804171fc222d72adade9efef4267da622be6e7eea3e2f21af,"",client_a_preview,0,"","",USDC/USD,999700000000000000,1780985274,failed,BuilderError,"Oracle intent timestamp must be greater than the current timestamp.",0,0,,,,,1780985384860,1780985384860
3426,0x53abf6972da4c5ad9c55da04670254e20c5b0af2cab473ff058cd37bfa9a9646,cc765f825ee7c282929d926e977fefe65b47bcab1342d1e1b1a2837be841e84b,client_a_preview,0,"","",USDT/USD,"",0,confirmed,,,0,0,,,1780985472965,1780985495675,,1780985472965
3427,0x9c58d25b41c948c8fae70cb0b20e28cb4fc039f93aa9ed5503fbf4ebb35cd511,"",client_a_preview,0,"","",LTC/USD,42925948000000008192,1780985456,failed,NonMonotonicNonce,"Intent for LTC/USD superseded on chain; not submitted.",0,0,,,,,1780985504879,1780985504879
3428,0x4732d1d674c9155b1fbd659a48774c5b073be580fe56efec6be6e328d9bd7092,"",client_a_preview,0,"","",BTC/USD,63337414528500007698432,1780985457,failed,NonMonotonicNonce,"Intent for BTC/USD superseded on chain; not submitted.",0,0,,,,,1780985504887,1780985504887
3429,0x6c712beb7d3920f1eff7d09edcb26716dd4a00a82e4d4ae48e192278b8e59455,"",client_a_preview,0,"","",DOGE/USD,86416682562500000,1780985475,failed,NonMonotonicNonce,"Intent for DOGE/USD superseded on chain; not submitted.",0,0,,,,,1780985504891,1780985504891
3430,0xfc351ff3d2424d3411f17461020e3d12f95171fcf4b666c9ddf4d1ab1bc53d29,"",client_a_preview,0,"","",SHIB/USD,4736572325000,1780985477,failed,NonMonotonicNonce,"Intent for SHIB/USD superseded on chain; not submitted.",0,0,,,,,1780985504898,1780985504898
3431,0xddf52f617d6b9229d3b72af3373160f511ba212d8ac4daac396507028a4421a5,78b11300dd4782d71fdbaae58427b9a09c8d784cc27e7b5b8a926930afb2fbcb,client_a_preview,0,"","",ARB/USD,"",0,confirmed,,,0,0,,,1780985651069,1780985718211,,1780985651069
3432,0x855f742991c57129e170fdefd0ba6226bb051958908d01591dae3b7613d9719c,78b11300dd4782d71fdbaae58427b9a09c8d784cc27e7b5b8a926930afb2fbcb,client_a_preview,0,"","",NEIRO/USD,"",0,submitted,,,0,0,,,1780985651078,,,1780985651078
3433,0x855f742991c57129e170fdefd0ba6226bb051958908d01591dae3b7613d9719c,"",client_a_preview,0,"","",NEIRO/USD,72203910600000,1780985615,failed,NonMonotonicNonce,"Intent for NEIRO/USD superseded on chain; not submitted.",0,0,,,,,1780985718226,1780985718226
3434,0xaca0819c32dd792362e4830145969bd464fb2489c4ff03d3ebe49886dac82e32,190d1f63a6f8e7b5addbe6a167e5a1b9adcf13c5b80be3a63daa96eb1f7f2cf3,client_a_preview,0,"","",ETH/USD,"",0,confirmed,,,0,0,,,1780985737912,1780985760206,,1780985737912
3435,0x1ad97bd52f4c19877df25166694186261556d7667e53c36d988cf35f4be97788,190d1f63a6f8e7b5addbe6a167e5a1b9adcf13c5b80be3a63daa96eb1f7f2cf3,client_a_preview,0,"","",NEIRO/USD,"",0,confirmed,,,0,0,,,1780985737919,1780985760217,,1780985737919
3436,0xa2abf0deff60dd37000f7fce71f24ae292f17136d0eac8a9442d91d34ee5bca6,16d4554d09eb42fd5dab48d3e6c406919ee5cded1f122c1f13c5b0ca1d4cb9e2,client_a_preview,0,"","",NEIRO/USD,"",0,confirmed,,,0,0,,,1780985778235,1780985831362,,1780985778235
3437,0xaca0819c32dd792362e4830145969bd464fb2489c4ff03d3ebe49886dac82e32,"",client_a_preview,0,"","",ETH/USD,1688881813550000242688,1780985712,failed,NonMonotonicNonce,"Intent for ETH/USD superseded on chain; not submitted.",0,0,,,,,1780985831380,1780985831380
3438,0xb0ef19216e05c4299f284b8ccaec3ebd26fed028535986653a5264b8621f9f8b,f13bc7bcaeb9e2284f538ab7466f2a13c6d4a622b2c024ff6631c2649720acae,client_a_preview,0,"","",XVG/USD,"",0,confirmed,,,0,0,,,1780985901125,1780985982707,,1780985901125
3439,0x92bd6ec84c6e2f271bab09035d4eae39f979c6ecb1f0d259aba4821c377891b7,d2cffc7706858582eaa5f3c5259b0d913699f973dbb7cb3a384285158e73ff07,client_a_preview,0,"","",XVG/USD,"",0,submitted,,,0,0,,,1780986000071,,,1780986000071
3440,0x385b087078852d4046ec90986efb4f06a01de60d6c05430726bff35ed7df22da,d2cffc7706858582eaa5f3c5259b0d913699f973dbb7cb3a384285158e73ff07,client_a_preview,0,"","",USDC/USD,"",0,confirmed,,,0,0,,,1780986000080,1780986043351,,1780986000080
3441,0x92bd6ec84c6e2f271bab09035d4eae39f979c6ecb1f0d259aba4821c377891b7,"",client_a_preview,0,"","",XVG/USD,2545252215000000,1780985952,failed,NonMonotonicNonce,"Intent for XVG/USD superseded on chain; not submitted.",0,0,,,,,1780986043347,1780986043347
3442,0x9cf6b12f8db63d6022e23086e98145c0d34f4bd4c9137a6dc3698b43fb964220,"",client_a_preview,0,"","",USDC/USD,999709848800000128,1780986016,failed,NonMonotonicNonce,"Oracle intent nonce must be greater than the current nonce.",0,0,,,,,1780986051564,1780986051564
3443,0xf916bbb9e224ca3fce1aa9cba8004d0e2f57051cd65bddc7c090b720754c9ee3,a8cd50379a54901a68f79ce92fe42eb6f21e37bc500ed131e5773f3e2a3db187,client_a_preview,0,"","",NEIRO/USD,"",0,confirmed,,,0,0,,,1780986123712,1780986152289,,1780986123712
3444,0x7659f66aaa2818f39a4de4099e32cf02510ac1c5cc2f5710def4ddb5851bb904,deacecf89a4bb3ecb3a8d10258dd0fcd756561919b352269b34a85f63bd2871f,client_a_preview,0,"","",USDT/USD,"",0,confirmed,,,0,0,,,1780986172583,1780986266373,,1780986172583
3445,0xffd47c7c289caa7dc718e1e96a377f1f78d2286a19cffafc04a63e9087fba960,deacecf89a4bb3ecb3a8d10258dd0fcd756561919b352269b34a85f63bd2871f,client_a_preview,0,"","",BTC/USD,"",0,submitted,,,0,0,,,1780986172599,,,1780986172599
3446,0xa54115709c8d942f0b01891bce8a5a9e6950bc9aa14703326914553efaaff404,deacecf89a4bb3ecb3a8d10258dd0fcd756561919b352269b34a85f63bd2871f,client_a_preview,0,"","",DOGE/USD,"",0,submitted,,,0,0,,,1780986172614,,,1780986172614
3447,0x1a18fc625fc1666284d6f7ba9cd9d1765772da483460636ed03d80df8901a068,deacecf89a4bb3ecb3a8d10258dd0fcd756561919b352269b34a85f63bd2871f,client_a_preview,0,"","",LTC/USD,"",0,submitted,,,0,0,,,1780986172638,,,1780986172638
3448,0x1da6200c374b9e6162dc8df589cf78f8b6f58dc5897343e7b1db56e1515f4389,deacecf89a4bb3ecb3a8d10258dd0fcd756561919b352269b34a85f63bd2871f,client_a_preview,0,"","",SHIB/USD,"",0,submitted,,,0,0,,,1780986172658,,,1780986172658
3449,0xffd47c7c289caa7dc718e1e96a377f1f78d2286a19cffafc04a63e9087fba960,"",client_a_preview,0,"","",BTC/USD,63354830351350009692160,1780986123,failed,NonMonotonicNonce,"Intent for BTC/USD superseded on chain; not submitted.",0,0,,,,,1780986266410,1780986266410
3450,0xa54115709c8d942f0b01891bce8a5a9e6950bc9aa14703326914553efaaff404,"",client_a_preview,0,"","",DOGE/USD,86472831652500008,1780986141,failed,NonMonotonicNonce,"Intent for DOGE/USD superseded on chain; not submitted.",0,0,,,,,1780986266445,1780986266445
3451,0x1a18fc625fc1666284d6f7ba9cd9d1765772da483460636ed03d80df8901a068,"",client_a_preview,0,"","",LTC/USD,42951627474999992320,1780986122,failed,NonMonotonicNonce,"Intent for LTC/USD superseded on chain; not submitted.",0,0,,,,,1780986266460,1780986266460
3452,0x1da6200c374b9e6162dc8df589cf78f8b6f58dc5897343e7b1db56e1515f4389,"",client_a_preview,0,"","",SHIB/USD,4738943255072,1780986142,failed,NonMonotonicNonce,"Intent for SHIB/USD superseded on chain; not submitted.",0,0,,,,,1780986266483,1780986266483
3453,0x23515a58d2048ea60409ee992312f2392b7ffd5db647fb54318aff7fbe4b89e6,eff76c836126d73db3a54bd649615384b55b35e4e45404a3cd77e1ab2de5f6e1,client_a_preview,0,"","",LTC/USD,"",0,submitted,,,0,0,,,1780986289225,,,1780986289225
3454,0xf434f57d7c7ebb4de0ced3d829107370c4de4a3b738921cf18c97e59bcc545e5,eff76c836126d73db3a54bd649615384b55b35e4e45404a3cd77e1ab2de5f6e1,client_a_preview,0,"","",BTC/USD,"",0,submitted,,,0,0,,,1780986289245,,,1780986289245
3455,0x7d7a440cde666bf6bd288c6234f000f005e08842efe655fe418d4f2d73b37771,eff76c836126d73db3a54bd649615384b55b35e4e45404a3cd77e1ab2de5f6e1,client_a_preview,0,"","",USDT/USD,"",0,confirmed,,,0,0,,,1780986289260,1780986358004,,1780986289260
3456,0xfe22c9c32f1018555b97915da310460082256d9fa8a19fbe7b107e0b7ef08866,eff76c836126d73db3a54bd649615384b55b35e4e45404a3cd77e1ab2de5f6e1,client_a_preview,0,"","",NEIRO/USD,"",0,confirmed,,,0,0,,,1780986289283,1780986358031,,1780986289283
3457,0x8ef962df9294f4db8b509234832510b1a3a565ea8cf734169601d7a2df30e873,eff76c836126d73db3a54bd649615384b55b35e4e45404a3cd77e1ab2de5f6e1,client_a_preview,0,"","",DOGE/USD,"",0,submitted,,,0,0,,,1780986289298,,,1780986289298
3458,0x7b324bbb2152cc019c26f33551d88e595171e690251c3a990c3425f72927ce47,eff76c836126d73db3a54bd649615384b55b35e4e45404a3cd77e1ab2de5f6e1,client_a_preview,0,"","",SHIB/USD,"",0,submitted,,,0,0,,,1780986289312,,,1780986289312
3459,0xc552db8b81ae08764ec16fc59faf1b9e3d2b5863cb0d528d63f77e906908fe37,eff76c836126d73db3a54bd649615384b55b35e4e45404a3cd77e1ab2de5f6e1,client_a_preview,0,"","",XVG/USD,"",0,confirmed,,,0,0,,,1780986289349,1780986358091,,1780986289349
3460,0x23515a58d2048ea60409ee992312f2392b7ffd5db647fb54318aff7fbe4b89e6,"",client_a_preview,0,"","",LTC/USD,42953680058750001152,1780986241,failed,NonMonotonicNonce,"Intent for LTC/USD superseded on chain; not submitted.",0,0,,,,,1780986357979,1780986357979
3461,0xf434f57d7c7ebb4de0ced3d829107370c4de4a3b738921cf18c97e59bcc545e5,"",client_a_preview,0,"","",BTC/USD,63356478349800003076096,1780986243,failed,NonMonotonicNonce,"Intent for BTC/USD superseded on chain; not submitted.",0,0,,,,,1780986357994,1780986357994
3462,0x8ef962df9294f4db8b509234832510b1a3a565ea8cf734169601d7a2df30e873,"",client_a_preview,0,"","",DOGE/USD,86474124166000000,1780986259,failed,NonMonotonicNonce,"Intent for DOGE/USD superseded on chain; not submitted.",0,0,,,,,1780986358068,1780986358068
3463,0x7b324bbb2152cc019c26f33551d88e595171e690251c3a990c3425f72927ce47,"",client_a_preview,0,"","",SHIB/USD,4738943255072,1780986260,failed,NonMonotonicNonce,"Intent for SHIB/USD superseded on chain; not submitted.",0,0,,,,,1780986358084,1780986358084
3464,0x1d88bbd7b47b0d66969bea37d4d90660473976640cbe08db300af53403fe4fec,4007d3d7d8d9f8a5f98e180966b23ef8d8c66d1d1837a70ade92e52926239df0,client_a_preview,0,"","",LTC/USD,"",0,submitted,,,0,0,,,1780986380717,,,1780986380717
3465,0x04c001095076b6c9bb17083b421fa52979e12f01ceb5e0ca7970054512501be1,4007d3d7d8d9f8a5f98e180966b23ef8d8c66d1d1837a70ade92e52926239df0,client_a_preview,0,"","",BTC/USD,"",0,submitted,,,0,0,,,1780986380732,,,1780986380732
3466,0xb0296c981f3ff7c2a42b548f46c448a9a0a24daa28511eedd58cb33988fe7e7e,4007d3d7d8d9f8a5f98e180966b23ef8d8c66d1d1837a70ade92e52926239df0,client_a_preview,0,"","",NEIRO/USD,"",0,submitted,,,0,0,,,1780986380746,,,1780986380746
3467,0xf262f6efb01cd176c8e34770efcaea53e197f465748091c69270e3cd480cc9a2,4007d3d7d8d9f8a5f98e180966b23ef8d8c66d1d1837a70ade92e52926239df0,client_a_preview,0,"","",DOGE/USD,"",0,confirmed,,,0,0,,,1780986380759,1780986408913,,1780986380759
3468,0x2da1c197bcc332f55567155380d91d7d879b848c5c4554ebb6f6d7e8cf5bf64e,4007d3d7d8d9f8a5f98e180966b23ef8d8c66d1d1837a70ade92e52926239df0,client_a_preview,0,"","",SHIB/USD,"",0,confirmed,,,0,0,,,1780986380771,1780986408924,,1780986380771
3469,0x4256cde231669f064a8805062ae0967fd7c5c02986cb4209f814aa138f25ea85,4007d3d7d8d9f8a5f98e180966b23ef8d8c66d1d1837a70ade92e52926239df0,client_a_preview,0,"","",XVG/USD,"",0,confirmed,,,0,0,,,1780986380784,1780986408935,,1780986380784
3470,0x07deb6d737c6c5ff71711d83bcc31177a7838a4d55c148ea799047ebe9e33c26,4007d3d7d8d9f8a5f98e180966b23ef8d8c66d1d1837a70ade92e52926239df0,client_a_preview,0,"","",ARB/USD,"",0,submitted,,,0,0,,,1780986380798,,,1780986380798
3471,0x1d88bbd7b47b0d66969bea37d4d90660473976640cbe08db300af53403fe4fec,"",client_a_preview,0,"","",LTC/USD,42953680058750001152,1780986346,failed,NonMonotonicNonce,"Intent for LTC/USD superseded on chain; not submitted.",0,0,,,,,1780986408894,1780986408894
3472,0x04c001095076b6c9bb17083b421fa52979e12f01ceb5e0ca7970054512501be1,"",client_a_preview,0,"","",BTC/USD,63356478349800003076096,1780986348,failed,NonMonotonicNonce,"Intent for BTC/USD superseded on chain; not submitted.",0,0,,,,,1780986408902,1780986408902
3473,0xb0296c981f3ff7c2a42b548f46c448a9a0a24daa28511eedd58cb33988fe7e7e,"",client_a_preview,0,"","",NEIRO/USD,72366770687500,1780986289,failed,NonMonotonicNonce,"Intent for NEIRO/USD superseded on chain; not submitted.",0,0,,,,,1780986408909,1780986408909
3474,0x07deb6d737c6c5ff71711d83bcc31177a7838a4d55c148ea799047ebe9e33c26,"",client_a_preview,0,"","",ARB/USD,82038621900000008,1780986329,failed,NonMonotonicNonce,"Intent for ARB/USD superseded on chain; not submitted.",0,0,,,,,1780986408947,1780986408947
3475,0xef3f88f471b6503f32a9a66b0e38acf9fca274d53e3b627dfe20d5e5360e77f5,2a4f1c3b48f5f1705f92db8d4f5dbcc8180f8d0c78c11262affad1ba9f1bc182,client_a_preview,0,"","",SHIB/USD,"",0,submitted,,,0,0,,,1780986431769,,,1780986431769
3476,0x6aea991647b3d4076b74d4cce8093c2014093b9783b4dc65737b4bfdb633b0c1,2a4f1c3b48f5f1705f92db8d4f5dbcc8180f8d0c78c11262affad1ba9f1bc182,client_a_preview,0,"","",ARB/USD,"",0,confirmed,,,0,0,,,1780986431781,1780986465884,,1780986431781
3477,0x72f910c1dd18b8edfe06167fa237c607392cc4140eaf4defdae62b82c0cc9b42,2a4f1c3b48f5f1705f92db8d4f5dbcc8180f8d0c78c11262affad1ba9f1bc182,client_a_preview,0,"","",LTC/USD,"",0,confirmed,,,0,0,,,1780986431788,1780986465904,,1780986431788
3478,0x9d3f86f9a582146a438de55eda5d33cab070aef145fdb1b98d6c18bee4395905,2a4f1c3b48f5f1705f92db8d4f5dbcc8180f8d0c78c11262affad1ba9f1bc182,client_a_preview,0,"","",BTC/USD,"",0,confirmed,,,0,0,,,1780986431795,1780986465912,,1780986431795
3479,0xfc4e61aab0b7a7e4cc65a12e6fc273a997b89caca83ab806d82211790d290c36,2a4f1c3b48f5f1705f92db8d4f5dbcc8180f8d0c78c11262affad1ba9f1bc182,client_a_preview,0,"","",ETH/USD,"",0,confirmed,,,0,0,,,1780986431803,1780986465925,,1780986431803
3480,0xa56ea8d24ccbb83fc39fbb56cd338eec2d11b0175cc3cfae601556125e18647e,2a4f1c3b48f5f1705f92db8d4f5dbcc8180f8d0c78c11262affad1ba9f1bc182,client_a_preview,0,"","",NEIRO/USD,"",0,submitted,,,0,0,,,1780986431811,,,1780986431811
3481,0xef3f88f471b6503f32a9a66b0e38acf9fca274d53e3b627dfe20d5e5360e77f5,"",client_a_preview,0,"","",SHIB/USD,4738943255072,1780986369,failed,NonMonotonicNonce,"Intent for SHIB/USD superseded on chain; not submitted.",0,0,,,,,1780986465881,1780986465881
3482,0xf262f6efb01cd176c8e34770efcaea53e197f465748091c69270e3cd480cc9a2,"",client_a_preview,0,"","",DOGE/USD,86474124166000000,1780986298,failed,NonMonotonicNonce,"Intent for DOGE/USD superseded on chain; not submitted.",0,0,,,,,1780986465899,1780986465899
3483,0xa56ea8d24ccbb83fc39fbb56cd338eec2d11b0175cc3cfae601556125e18647e,"",client_a_preview,0,"","",NEIRO/USD,72159026500000,1780986405,failed,NonMonotonicNonce,"Intent for NEIRO/USD superseded on chain; not submitted.",0,0,,,,,1780986465938,1780986465938
3484,0x38f4d5a10d8f6cb45aa1a9ef0a29efa30f3a11a0f7b4b67682b16f4b056508bc,c56e34da2161ae35c17563da48640851c0b5e7443a0f13a1912f0aba8c68c239,client_a_preview,0,"","",ARB/USD,"",0,submitted,,,0,0,,,1780986486316,,,1780986486316
3485,0x5e6760754d9c4d5294fbf8536dd6b6befa13be90f4c2d71595daa26b56bb2308,c56e34da2161ae35c17563da48640851c0b5e7443a0f13a1912f0aba8c68c239,client_a_preview,0,"","",NEIRO/USD,"",0,confirmed,,,0,0,,,1780986486328,1780986523919,,1780986486328
3486,0x9d3f86f9a582146a438de55eda5d33cab070aef145fdb1b98d6c18bee4395905,"",client_a_preview,0,"","",BTC/USD,63356478349800003076096,1780986393,failed,NonMonotonicNonce,"Intent for BTC/USD superseded on chain; not submitted.",0,0,,,,,1780986523877,1780986523877
3487,0xfc4e61aab0b7a7e4cc65a12e6fc273a997b89caca83ab806d82211790d290c36,"",client_a_preview,0,"","",ETH/USD,1689449921250000109568,1780986395,failed,NonMonotonicNonce,"Intent for ETH/USD superseded on chain; not submitted.",0,0,,,,,1780986523886,1780986523886
3488,0x72f910c1dd18b8edfe06167fa237c607392cc4140eaf4defdae62b82c0cc9b42,"",client_a_preview,0,"","",LTC/USD,42953680058750001152,1780986392,failed,NonMonotonicNonce,"Intent for LTC/USD superseded on chain; not submitted.",0,0,,,,,1780986523907,1780986523907
3489,0x38f4d5a10d8f6cb45aa1a9ef0a29efa30f3a11a0f7b4b67682b16f4b056508bc,"",client_a_preview,0,"","",ARB/USD,82038621900000008,1780986447,failed,NonMonotonicNonce,"Intent for ARB/USD superseded on chain; not submitted.",0,0,,,,,1780986523917,1780986523917
3490,0x0d857f5648cb392d215fdc69f7afdf47ba1f76eada0fcf0dfca8372bfc81f9aa,"",client_a_preview,0,"","",NEIRO/USD,72029640800000,1780986514,failed,NonMonotonicNonce,"Oracle intent nonce must be greater than the current nonce.",0,0,,,,,1780986532107,1780986532107
3491,0xb578c44846f3d6eb8d092bd14b4686b8921660a8d3e751f71f3c7a68f075bca7,f92688bdec71a23f3ab0540e2d5b478d2ee0613ab92e9dd22afcb12032beb085,client_a_preview,0,"","",NEIRO/USD,"",0,confirmed,,,0,0,,,1780986577439,1780986618181,,1780986577439
3492,0x8e3ee53d37226e05e095959c937510d51b68c6c246177eed46fa68dba0301e75,"",client_a_preview,0,"","",XVG/USD,2549571440000000,1780986644,failed,NonMonotonicNonce,"Oracle intent nonce must be greater than the current nonce.",0,0,,,,,1780986656256,1780986656256
3493,0xdf7ff535cee093e82020ec6042ae93844435a861aed46c582932eeeb7ca36f35,30a5ce464baf9067bff6f0909abdf54d59af9c6e4397c377bc628024603953c9,client_a_preview,0,"","",USDC/USD,"",0,submitted,,,0,0,,,1780986765267,,,1780986765267
3494,0xc2056e102b0f1f77e11c7ffe8aec056515f70933afe1db15e917f79eaa1ba188,30a5ce464baf9067bff6f0909abdf54d59af9c6e4397c377bc628024603953c9,client_a_preview,0,"","",XVG/USD,"",0,confirmed,,,0,0,,,1780986765275,1780986799469,,1780986765275
3495,0xdf7ff535cee093e82020ec6042ae93844435a861aed46c582932eeeb7ca36f35,"",client_a_preview,0,"","",USDC/USD,999719834699999872,1780986709,failed,NonMonotonicNonce,"Intent for USDC/USD superseded on chain; not submitted.",0,0,,,,,1780986799465,1780986799465
3496,0x368f303e337680ec3e0aeff7a4e405e29f8750dbaa9c4c934c4652ca08e9e5e5,b254c287a75b1ede9d5f3d110c413e34b95d25ebc52631724042de77565f2c5b,client_a_preview,0,"","",NEIRO/USD,"",0,confirmed,,,0,0,,,1780986816904,1780986863496,,1780986816904
3497,0xdafac3f15e3f7e1db8799f4b0a249647ebc1f036910acd453941081cfca1a579,b254c287a75b1ede9d5f3d110c413e34b95d25ebc52631724042de77565f2c5b,client_a_preview,0,"","",XVG/USD,"",0,submitted,,,0,0,,,1780986816925,,,1780986816925
3498,0xdafac3f15e3f7e1db8799f4b0a249647ebc1f036910acd453941081cfca1a579,"",client_a_preview,0,"","",XVG/USD,2549571440000000,1780986760,failed,NonMonotonicNonce,"Intent for XVG/USD superseded on chain; not submitted.",0,0,,,,,1780986863515,1780986863515
3499,0x712a28a37782666653bc7919e99512b2a4894510433333db2ff58f9fd89c3288,"",client_a_preview,0,"","",NEIRO/USD,71800128800000,1780986858,failed,NonMonotonicNonce,"Oracle intent nonce must be greater than the current nonce.",0,0,,,,,1780986869828,1780986869828
3500,0x760348f6b3a4ece212c502d0477f7297c57e376e278538246bc7f30a6860e6d8,c3aaf1904c3ce2e21323e1ae1e80418ad3041f1a922c8a3b041b7a792c508825,client_a_preview,0,"","",USDT/USD,"",0,confirmed,,,0,0,,,1780987049427,1780987115816,,1780987049427
3501,0xf2dc9f15128766151f8c17e5a7239e33c20288f4c869ca3e1a67caae0aa3b788,c3aaf1904c3ce2e21323e1ae1e80418ad3041f1a922c8a3b041b7a792c508825,client_a_preview,0,"","",NEIRO/USD,"",0,confirmed,,,0,0,,,1780987049432,1780987115831,,1780987049432
3502,0x563967e62d51e8e93995622b3d6488e67d4a39b12c9b6164a561070ffc39fa8b,64aa364e18ce69d99f7698462db7127254afefdd9daa197a8327eb0df984dca7,client_a_preview,0,"","",DOGE/USD,"",0,confirmed,,,0,0,,,1780987138593,1780987206328,,1780987138593
3503,0x70675f54c7da75fb3b7f9a13868c68f0240c6e2f9f0c0acdb31f9ec6bc93adca,64aa364e18ce69d99f7698462db7127254afefdd9daa197a8327eb0df984dca7,client_a_preview,0,"","",SHIB/USD,"",0,confirmed,,,0,0,,,1780987138605,1780987206344,,1780987138605
3504,0x8ff740b9d6e3d0a960a98edab96dcba9a4e0379567c291a2db3ee25511d31e0b,64aa364e18ce69d99f7698462db7127254afefdd9daa197a8327eb0df984dca7,client_a_preview,0,"","",NEIRO/USD,"",0,confirmed,,,0,0,,,1780987138612,1780987206355,,1780987138612
3505,0x5f6183e746dc58b92ccb8d9c1ce8b2f44c62a544555bb9fbf8099c8d08104262,64aa364e18ce69d99f7698462db7127254afefdd9daa197a8327eb0df984dca7,client_a_preview,0,"","",ARB/USD,"",0,submitted,,,0,0,,,1780987138617,,,1780987138617
3506,0x5f6183e746dc58b92ccb8d9c1ce8b2f44c62a544555bb9fbf8099c8d08104262,"",client_a_preview,0,"","",ARB/USD,82000000000000000,1780987108,failed,NonMonotonicNonce,"Intent for ARB/USD superseded on chain; not submitted.",0,0,,,,,1780987206397,1780987206397
3507,0x60995e7aab429329c3baf5dfdbe10c52ea4116d4ae612101f1abcf110333ebef,a4a040618a766371b1a3249d051e6500903585b005f6ee27a0b1ff34f075b32f,client_a_preview,0,"","",LTC/USD,"",0,confirmed,,,0,0,,,1780987228638,1780987251255,,1780987228638
3508,0xf61f24de006ee1578e2a287ac878dccc723e34dadc43f325e49733570f13eeeb,a4a040618a766371b1a3249d051e6500903585b005f6ee27a0b1ff34f075b32f,client_a_preview,0,"","",BTC/USD,"",0,confirmed,,,0,0,,,1780987228647,1780987251270,,1780987228647
3509,0x3b1200d1aa3f16a959ba550d15c9562744b5beda35aa7fc48c6cd585cc7632c6,a4a040618a766371b1a3249d051e6500903585b005f6ee27a0b1ff34f075b32f,client_a_preview,0,"","",ETH/USD,"",0,confirmed,,,0,0,,,1780987228654,1780987251285,,1780987228654
3510,0x8146abd60cf91967154ae451abb61a2dcd6fc6e9729e3eb08e8cfef8e615edc8,a4a040618a766371b1a3249d051e6500903585b005f6ee27a0b1ff34f075b32f,client_a_preview,0,"","",ARB/USD,"",0,confirmed,,,0,0,,,1780987228659,1780987251293,,1780987228659
3511,0xea5fdcdf2fa9117b9d8e49026197526564cf71a8ef1f4846d84f899f819ea5b1,"",client_a_preview,0,"","",ARB/USD,82000000000000000,1780987216,failed,NonMonotonicNonce,"Oracle intent nonce must be greater than the current nonce.",0,0,,,,,1780987259506,1780987259506
3512,0xef48c991838446fd4a2f8a0c0c7f5ce57c004eaf4e1836c553a8721309d6298c,"",client_a_preview,0,"","",NEIRO/USD,71659848000000,1780987284,failed,NonMonotonicNonce,"Oracle intent nonce must be greater than the current nonce.",0,0,,,,,1780987296399,1780987296399
3513,0x54bd9bcf7e6cb41ef3e51620244d4eaefccb5b53e823dd8cf141de23023b739a,6dc123ed4b7fc2033a616e6fdb18e1ba25ec6292d23731c99934f6801e6828c0,client_a_preview,0,"","",NEIRO/USD,"",0,confirmed,,,0,0,,,1780987358056,1780987392440,,1780987358056
3514,0xab320ecd25581c707e109f7a9351083ee5ac0e2a96e9f45cc6c6ff85cf986cf8,"",client_a_preview,0,"","",USDC/USD,999719843200000128,1780987362,failed,NonMonotonicNonce,"Oracle intent nonce must be greater than the current nonce.",0,0,,,,,1780987400543,1780987400543
3515,0x1ba1c18cd31b8d0543faaec6952a81c955eb780d2f1196d31291c8a633bd1731,"",client_a_preview,0,"","",NEIRO/USD,71577752762037,1780987398,failed,NonMonotonicNonce,"Oracle intent nonce must be greater than the current nonce.",0,0,,,,,1780987410114,1780987410114
3516,0x485d796b95c6c6c45bac5b7abe65338b4fac2a0af7dc514f78728b86ec4b110b,e886437bb255d0ddd19021d1335d33a27eb378cf4f75c461e1bec8d637e42397,client_a_preview,0,"","",USDC/USD,"",0,confirmed,,,0,0,,,1780987430949,1780987502198,,1780987430949
3517,0xa94d28c15f492509f7142e652295b2d75602f3d5fd0f6375bc9bdb97843e893d,656226960a50b77cd690a1c8cf99422b9dc546e5cfad5e6426568f3262bdbc67,client_a_preview,0,"","",XVG/USD,"",0,confirmed,,,0,0,,,1780987521338,1780987552658,,1780987521338
3518,0x1facf8b3bf9ba019d437417af45a19451c7089ba06f1c71fd244a0c62470bcef,656226960a50b77cd690a1c8cf99422b9dc546e5cfad5e6426568f3262bdbc67,client_a_preview,0,"","",USDC/USD,"",0,submitted,,,0,0,,,1780987521349,,,1780987521349
3519,0xa505ae8c145642450b47014af2b452d901cf2b8ab468a50a40c84221100d5110,656226960a50b77cd690a1c8cf99422b9dc546e5cfad5e6426568f3262bdbc67,client_a_preview,0,"","",NEIRO/USD,"",0,confirmed,,,0,0,,,1780987521354,1780987552682,,1780987521354
3520,0x1facf8b3bf9ba019d437417af45a19451c7089ba06f1c71fd244a0c62470bcef,"",client_a_preview,0,"","",USDC/USD,999719843200000128,1780987475,failed,NonMonotonicNonce,"Intent for USDC/USD superseded on chain; not submitted.",0,0,,,,,1780987552678,1780987552678
3521,0x3ed67a881f58d0e9684549474c3a2dd509c78c676d10864bfb6ccaad762cdd70,"",client_a_preview,0,"","",NEIRO/USD,71524923600000,1780987514,failed,NonMonotonicNonce,"Oracle intent nonce must be greater than the current nonce.",0,0,,,,,1780987561586,1780987561586
3522,0x345aaee518d04a0bf17957df5797891f4a41ddf731d3058feb57ada6ce595d05,0a2f4d996f126d0e7c7ea0ff1edd0409454546e83f004851fbd5364420b5d24d,client_a_preview,0,"","",NEIRO/USD,"",0,confirmed,,,0,0,,,1780987587449,1780987649903,,1780987587449
3523,0x94e48a0cc206ee065fe4790d233aaa09bb709e6c80e9f9762f8b094784400ea4,"",client_a_preview,0,"","",NEIRO/USD,71429985600000,1780987625,failed,NonMonotonicNonce,"Oracle intent nonce must be greater than the current nonce.",0,0,,,,,1780987656199,1780987656199
3524,0x5030b98a546a04b1ad301d5b3e18ce493ee728cabb11e31f2dccfba9c1850ed4,"",client_a_preview,0,"","",NEIRO/USD,71380004800000,1780987736,failed,NonMonotonicNonce,"Intent for NEIRO/USD superseded on chain; not submitted.",0,0,,,,,1780987772999,1780987772999
3525,0x545e3506f322bc085e59dfbf8f0ac2e4e211402e35e92ccae176719d76f51c6d,"",client_a_preview,0,"","",USDT/USD,999466522848145728,1780987753,failed,NonMonotonicNonce,"Intent for USDT/USD superseded on chain; not submitted.",0,0,,,,,1780987773008,1780987773008
3526,0x9d032c75270e0f980a1e331c49b6e388b45d0d5fcbbeee07fc5803e80cadaf54,b2c504da6573806f634615157153c913ce8603edbc9d246bc65fd793f2ac1fc6,client_a_preview,0,"","",NEIRO/USD,"",0,confirmed,,,0,0,,,1780987803222,1780987847051,,1780987803222
3527,0xc9758923e2d06809d65cd8db2c32da77276c4fa9f4d46d5ea95779b5a5839018,"",client_a_preview,0,"","",DOGE/USD,86511682767201136,1780987821,failed,NonMonotonicNonce,"Intent for DOGE/USD superseded on chain; not submitted.",0,0,,,,,1780987852077,1780987852077
3528,0x1ae1ae3eec47ebd036ce8d4d838efbbb106d389c3b155cbc7172b156732fc0df,"",client_a_preview,0,"","",SHIB/USD,4736664078109,1780987822,failed,NonMonotonicNonce,"Intent for SHIB/USD superseded on chain; not submitted.",0,0,,,,,1780987852083,1780987852083
3529,0xfbe8e77fb7caad1f5431b4aa823d98631bb02c5e1f0807a62469cf9e9bc7a58a,573aec1bb80162348eae63c8baa759c94b78da090f3c88fc7f904943e8b26554,client_a_preview,0,"","",ETH/USD,"",0,confirmed,,,0,0,,,1780987872229,1780987919366,,1780987872229
3530,0x9bd9ed6db1bd603cb9f041f7f3fb6f1330ba252053ab6b8110d6aeceb93f1fae,0c7507aeb703890b3e6594fe2638949a1d9b1abb8969388021a6b6abb2b10bf0,client_a_preview,0,"","",BTC/USD,"",0,submitted,,,0,0,,,1780987951191,,,1780987951191
3531,0x6d588cbcb4c5a4f32576e12b0f7fca33ced9b00ba07c6b375068d1a0045b3884,0c7507aeb703890b3e6594fe2638949a1d9b1abb8969388021a6b6abb2b10bf0,client_a_preview,0,"","",ETH/USD,"",0,submitted,,,0,0,,,1780987951201,,,1780987951201
3532,0x5b7206709cc965f66428e2dc9f0b129c708ac22e5c0de46fcd41da41283adc11,0c7507aeb703890b3e6594fe2638949a1d9b1abb8969388021a6b6abb2b10bf0,client_a_preview,0,"","",LTC/USD,"",0,submitted,,,0,0,,,1780987951207,,,1780987951207
3533,0x0d7726d71704b68605591c8cf29aefe4baa80375ec06782d32fad40cac7de5a4,0c7507aeb703890b3e6594fe2638949a1d9b1abb8969388021a6b6abb2b10bf0,client_a_preview,0,"","",ARB/USD,"",0,submitted,,,0,0,,,1780987951213,,,1780987951213
3534,0x3345def1d4041fe41f586a32a4c428aaec95dfc14bd13bdae23cad012ead49ae,0c7507aeb703890b3e6594fe2638949a1d9b1abb8969388021a6b6abb2b10bf0,client_a_preview,0,"","",DOGE/USD,"",0,confirmed,,,0,0,,,1780987951218,1780987992070,,1780987951218
3535,0xc243486cc3a8dd9d9c72df8864dd152db886057418b71fef9cccab46fece9377,0c7507aeb703890b3e6594fe2638949a1d9b1abb8969388021a6b6abb2b10bf0,client_a_preview,0,"","",SHIB/USD,"",0,confirmed,,,0,0,,,1780987951225,1780987992080,,1780987951225
3536,0x9bd9ed6db1bd603cb9f041f7f3fb6f1330ba252053ab6b8110d6aeceb93f1fae,"",client_a_preview,0,"","",BTC/USD,63348281962815171854336,1780987914,failed,NonMonotonicNonce,"Intent for BTC/USD superseded on chain; not submitted.",0,0,,,,,1780987992045,1780987992045
3537,0x6d588cbcb4c5a4f32576e12b0f7fca33ced9b00ba07c6b375068d1a0045b3884,"",client_a_preview,0,"","",ETH/USD,1688425423767577690112,1780987915,failed,NonMonotonicNonce,"Intent for ETH/USD superseded on chain; not submitted.",0,0,,,,,1780987992052,1780987992052
3538,0x5b7206709cc965f66428e2dc9f0b129c708ac22e5c0de46fcd41da41283adc11,"",client_a_preview,0,"","",LTC/USD,42964503274564329472,1780987913,failed,NonMonotonicNonce,"Intent for LTC/USD superseded on chain; not submitted.",0,0,,,,,1780987992060,1780987992060
3539,0x0d7726d71704b68605591c8cf29aefe4baa80375ec06782d32fad40cac7de5a4,"",client_a_preview,0,"","",ARB/USD,82005114226711360,1780987892,failed,NonMonotonicNonce,"Intent for ARB/USD superseded on chain; not submitted.",0,0,,,,,1780987992066,1780987992066
3540,0x58f292f0d82e65280971e0fa7c9c6a614876f8c1cbc41062e74d704e997bee61,f9efedbcfee44fc55ba81fdd8a612a8afde692ea2464e5f2edf2d13346840246,client_a_preview,0,"","",SHIB/USD,"",0,confirmed,,,0,0,,,1780988014121,1780988067834,,1780988014121
3541,0x4f15825e9e4bf1de375b53d860f9f75f88711734bede5fcf390f0605e028f138,f9efedbcfee44fc55ba81fdd8a612a8afde692ea2464e5f2edf2d13346840246,client_a_preview,0,"","",DOGE/USD,"",0,confirmed,,,0,0,,,1780988014132,1780988067848,,1780988014132
3542,0x93d045f904bd30c63b7d3e5e7adf40fc3b67b83ef6c5b53b3a71ba5722c0c5ec,f9efedbcfee44fc55ba81fdd8a612a8afde692ea2464e5f2edf2d13346840246,client_a_preview,0,"","",ARB/USD,"",0,confirmed,,,0,0,,,1780988014137,1780988067859,,1780988014137
3543,0x0962f81b914fba6b15d05d7bffb477d63d44b435f017ae31732dab939bbaf4c6,f9efedbcfee44fc55ba81fdd8a612a8afde692ea2464e5f2edf2d13346840246,client_a_preview,0,"","",LTC/USD,"",0,confirmed,,,0,0,,,1780988014144,1780988067868,,1780988014144
3544,0x416041625454645303c5f3ce8b06a82a96e27da0b72b21a33d866e600fe3a82b,f9efedbcfee44fc55ba81fdd8a612a8afde692ea2464e5f2edf2d13346840246,client_a_preview,0,"","",BTC/USD,"",0,confirmed,,,0,0,,,1780988014149,1780988067882,,1780988014149
3545,0xf68444c62a9518dd938a9bf24ecb2e0ae2442f838c570f3b38f491513f912d72,f9efedbcfee44fc55ba81fdd8a612a8afde692ea2464e5f2edf2d13346840246,client_a_preview,0,"","",NEIRO/USD,"",0,submitted,,,0,0,,,1780988014156,,,1780988014156
3546,0xf68444c62a9518dd938a9bf24ecb2e0ae2442f838c570f3b38f491513f912d72,"",client_a_preview,0,"","",NEIRO/USD,71277942921478,1780987957,failed,NonMonotonicNonce,"Intent for NEIRO/USD superseded on chain; not submitted.",0,0,,,,,1780988067898,1780988067898
3547,0x55850beb7bef035549ea29bb343446c88383d02ede1083170fc9e05cf152fe49,7ab0b246e248495240f4f6d59be59f1afc0a2e074a915487ac0d467d84c5f996,client_a_preview,0,"","",BTC/USD,"",0,submitted,,,0,0,,,1780988087264,,,1780988087264
3548,0x73f57a0807d17209b0fb1b24640ad596e4be2d45ed8ab357fb56684607df1d88,7ab0b246e248495240f4f6d59be59f1afc0a2e074a915487ac0d467d84c5f996,client_a_preview,0,"","",LTC/USD,"",0,submitted,,,0,0,,,1780988087270,,,1780988087270
3549,0x5ec6e83be8cb905ddf9ee8295353d86ec4a62269f0e8c687aae92a2e7b88a61c,7ab0b246e248495240f4f6d59be59f1afc0a2e074a915487ac0d467d84c5f996,client_a_preview,0,"","",ARB/USD,"",0,confirmed,,,0,0,,,1780988087277,1780988135101,,1780988087277
3550,0xa7264b8a42ef7c256e1c59e597faef474b18e21822f8e2b68867533b66d5e173,7ab0b246e248495240f4f6d59be59f1afc0a2e074a915487ac0d467d84c5f996,client_a_preview,0,"","",NEIRO/USD,"",0,confirmed,,,0,0,,,1780988087283,1780988135109,,1780988087283
3551,0x55850beb7bef035549ea29bb343446c88383d02ede1083170fc9e05cf152fe49,"",client_a_preview,0,"","",BTC/USD,63348281962815171854336,1780988022,failed,NonMonotonicNonce,"Intent for BTC/USD superseded on chain; not submitted.",0,0,,,,,1780988135090,1780988135090
3552,0x73f57a0807d17209b0fb1b24640ad596e4be2d45ed8ab357fb56684607df1d88,"",client_a_preview,0,"","",LTC/USD,42964503274564329472,1780988021,failed,NonMonotonicNonce,"Intent for LTC/USD superseded on chain; not submitted.",0,0,,,,,1780988135099,1780988135099
3553,0x652efbe4e22e4f2b3286ec4a473ef6e6564a508695cd3b1851d1c0d4b7a70187,c992fe0f2ecea267966c0f4a38d8492975912210d9314941cc873d15a377c2ff,client_a_preview,0,"","",NEIRO/USD,"",0,confirmed,,,0,0,,,1780988155035,1780988184993,,1780988155035
3554,0x49d1c60e22f2d02c9c7160029dcbb38d839a9462a77926475c711af7b274db78,1812fcc4bd52a6c84f846f137d66f7a3c631333aaad5b30823cd1a79edff41f9,client_a_preview,0,"","",USDC/USD,"",0,submitted,,,0,0,,,1780988202131,,,1780988202131
3555,0x49d1c60e22f2d02c9c7160029dcbb38d839a9462a77926475c711af7b274db78,"",client_a_preview,0,"","",USDC/USD,999719843200000128,1780988151,failed,NonMonotonicNonce,"Intent for USDC/USD superseded on chain; not submitted.",0,0,,,,,1780988240324,1780988240324
3556,0x6cfbf524edf3ee5b6a7de574435f6c3fad119d04393a6195b175d0baf0657a56,"",client_a_preview,0,"","",NEIRO/USD,70999194833394,1780988193,failed,NonMonotonicNonce,"Intent for NEIRO/USD superseded on chain; not submitted.",0,0,,,,,1780988245309,1780988245309
3557,0xec478d4d840e2084f084ad2be6aeb07290f360934258e89e80e3cfa18ecde94c,"",client_a_preview,0,"","",XVG/USD,2551570320000000,1780988205,failed,NonMonotonicNonce,"Intent for XVG/USD superseded on chain; not submitted.",0,0,,,,,1780988245317,1780988245317
3558,0x3d1718b28339c2ac334f437ac538a1bd3b5ed8460aeca682430f12405e78f7e2,073a99e7359c0a08861b4aeb1565bd17d4f27de7ececc00c835412df20406779,client_a_preview,0,"","",NEIRO/USD,"",0,confirmed,,,0,0,,,1780988264026,1780988320597,,1780988264026
3559,0xfa92d9c9fee6a1d0c49aa0dae35bab31c7acbcc8d0dbc9f09a182ace4fac65bf,"",client_a_preview,0,"","",NEIRO/USD,70926523173631,1780988307,failed,NonMonotonicNonce,"Oracle intent nonce must be greater than the current nonce.",0,0,,,,,1780988328840,1780988328840
3560,0xad2a2ae5210e8006da2489094eaf3c3492e01d11fd57b1118b9961d1e86705c6,f43620581eafb5e8e41b3acaa3704135de520c6cbf8d032f034aaad71902e9d6,client_a_preview,0,"","",USDT/USD,"",0,confirmed,,,0,0,,,1780988402674,1780988430871,,1780988402674
3561,0xad2a2ae5210e8006da2489094eaf3c3492e01d11fd57b1118b9961d1e86705c6,"",client_a_preview,0,"","",USDT/USD,999467159427154496,1780988380,failed,BuilderError,"Oracle intent timestamp must be greater than the current timestamp.",0,0,,,,,1780988476008,1780988476008
3562,0xc7665db3f80bce9d0c5bcefcec431aa7bf9fe07dfd2e239ae3e2f987e012207d,"",client_a_preview,0,"","",NEIRO/USD,70851785187943,1780988434,failed,NonMonotonicNonce,"Oracle intent nonce must be greater than the current nonce.",0,0,,,,,1780988484754,1780988484754
3563,0xb21a902fec4e6c2b91450ed45af5a21115ea15362f3704e4bfd2bd2c3330c557,7b83a8e729d3495f29fbbcffc649eefb4321dc826e87c731fccc3e419a1faae8,client_a_preview,0,"","",NEIRO/USD,"",0,confirmed,,,0,0,,,1780988508058,1780988542272,,1780988508058
3564,0x171c1c20935b02c94de783eaee75b1ced102338e131c0e498772f0f87daf204a,e08a5733731f86de2b8b9c83fd2b04abd90853eeccaa47be7878625db22694a3,client_a_preview,0,"","",ETH/USD,"",0,confirmed,,,0,0,,,1780988578145,1780988606209,,1780988578145
3565,0x171c1c20935b02c94de783eaee75b1ced102338e131c0e498772f0f87daf204a,"",client_a_preview,0,"","",ETH/USD,1688058893283326033920,1780988555,failed,BuilderError,"Oracle intent timestamp must be greater than the current timestamp.",0,0,,,,,1780988650675,1780988650675
3566,0x8b67456f550a823119ffb74b17327e4a82355b700ad9163ca8be6d8a7504a875,412d878ae4f9906e689da70a50a3be395d40d783209f59d1327b00a4c8447300,client_a_preview,0,"","",NEIRO/USD,"",0,confirmed,,,0,0,,,1780988667915,1780988714766,,1780988667915
3567,0x470dcf8c13387a82fd8ad0228a78abe3d789fdf4c76a787a57d0a82983fe25ca,adbd1658ffcd7d785399007d767e65541815fd2e5f93ac4dd2f355f0846f1383,client_a_preview,0,"","",NEIRO/USD,"",0,submitted,,,0,0,,,1780988736319,,,1780988736319
3568,0xe4e43dabdcee729af6daf47494b88e571b4f72dfaa8681f1934105ffb621a48a,adbd1658ffcd7d785399007d767e65541815fd2e5f93ac4dd2f355f0846f1383,client_a_preview,0,"","",LTC/USD,"",0,confirmed,,,0,0,,,1780988736330,1780988779303,,1780988736330
3569,0xacc9ca9548a2b4de27005668eb87d65c0360cffb02328b796d97e5e862401169,adbd1658ffcd7d785399007d767e65541815fd2e5f93ac4dd2f355f0846f1383,client_a_preview,0,"","",BTC/USD,"",0,confirmed,,,0,0,,,1780988736339,1780988779317,,1780988736339
3570,0xb058b1f37895eacaeae45dff818e9e613554f14d7f38b34ce175755727f62aff,adbd1658ffcd7d785399007d767e65541815fd2e5f93ac4dd2f355f0846f1383,client_a_preview,0,"","",DOGE/USD,"",0,confirmed,,,0,0,,,1780988736350,1780988779398,,1780988736350
3571,0x4d5511aeb836dd17c2471d344fd64b3189133a3b92689f756513d1be15ae7782,adbd1658ffcd7d785399007d767e65541815fd2e5f93ac4dd2f355f0846f1383,client_a_preview,0,"","",SHIB/USD,"",0,confirmed,,,0,0,,,1780988736357,1780988779426,,1780988736357
3572,0x470dcf8c13387a82fd8ad0228a78abe3d789fdf4c76a787a57d0a82983fe25ca,"",client_a_preview,0,"","",NEIRO/USD,70654985585847,1780988661,failed,NonMonotonicNonce,"Intent for NEIRO/USD superseded on chain; not submitted.",0,0,,,,,1780988779295,1780988779295
3573,0xd4231a2d96d51e459037a39311a279c8169af84dfd93f5c44ad32381c71bc3ee,fdc0cb262f6c28e0fd81a94ce583c66b0906cbb0eea5a2134264ec31f8cdc709,client_a_preview,0,"","",LTC/USD,"",0,submitted,,,0,0,,,1780988800237,,,1780988800237
3574,0x90d2bd29c534c538ba0f5e2340e03f564c17ff15834aade035c8ea0126d01ad3,fdc0cb262f6c28e0fd81a94ce583c66b0906cbb0eea5a2134264ec31f8cdc709,client_a_preview,0,"","",BTC/USD,"",0,submitted,,,0,0,,,1780988800245,,,1780988800245
3575,0x638bfc217e505a768b142d0ac15232b919f373558d17801b42403b596df57d18,fdc0cb262f6c28e0fd81a94ce583c66b0906cbb0eea5a2134264ec31f8cdc709,client_a_preview,0,"","",DOGE/USD,"",0,submitted,,,0,0,,,1780988800250,,,1780988800250
3576,0x542361d0001b30ddd10680da77a2f2d03177492625eae4c412469f8b2d6b0ede,fdc0cb262f6c28e0fd81a94ce583c66b0906cbb0eea5a2134264ec31f8cdc709,client_a_preview,0,"","",SHIB/USD,"",0,submitted,,,0,0,,,1780988800257,,,1780988800257
3577,0x9fe6c4e70d3bb5bda00478fa72873b3aa556c154f73d9b71dd889bfddc7f840c,fdc0cb262f6c28e0fd81a94ce583c66b0906cbb0eea5a2134264ec31f8cdc709,client_a_preview,0,"","",ARB/USD,"",0,confirmed,,,0,0,,,1780988800262,1780988832670,,1780988800262
3578,0xd4231a2d96d51e459037a39311a279c8169af84dfd93f5c44ad32381c71bc3ee,"",client_a_preview,0,"","",LTC/USD,42967079500507582464,1780988725,failed,NonMonotonicNonce,"Intent for LTC/USD superseded on chain; not submitted.",0,0,,,,,1780988832629,1780988832629
3579,0x90d2bd29c534c538ba0f5e2340e03f564c17ff15834aade035c8ea0126d01ad3,"",client_a_preview,0,"","",BTC/USD,63345118616152801542144,1780988726,failed,NonMonotonicNonce,"Intent for BTC/USD superseded on chain; not submitted.",0,0,,,,,1780988832637,1780988832637
3580,0x638bfc217e505a768b142d0ac15232b919f373558d17801b42403b596df57d18,"",client_a_preview,0,"","",DOGE/USD,86511682767201136,1780988740,failed,NonMonotonicNonce,"Intent for DOGE/USD superseded on chain; not submitted.",0,0,,,,,1780988832655,1780988832655
3581,0x542361d0001b30ddd10680da77a2f2d03177492625eae4c412469f8b2d6b0ede,"",client_a_preview,0,"","",SHIB/USD,4736478572371,1780988742,failed,NonMonotonicNonce,"Intent for SHIB/USD superseded on chain; not submitted.",0,0,,,,,1780988832666,1780988832666
3582,0xa911e7e9bfe44c585fe9b96ce74816ae3ed5f5efcb2e3cb5eea0a0d28aaa014d,62b589bd0b80e8522a323b237631772903d7ce8304e7923cf0b55de31cd4f9c3,client_a_preview,0,"","",NEIRO/USD,"",0,submitted,,,0,0,,,1780988851482,,,1780988851482
3583,0x0d1a086326b9cd8510d6082a36a10296a730d6f878785a03d3f2a60f6376cfa7,62b589bd0b80e8522a323b237631772903d7ce8304e7923cf0b55de31cd4f9c3,client_a_preview,0,"","",ARB/USD,"",0,submitted,,,0,0,,,1780988851493,,,1780988851493
3584,0x436d82d5368ec30d9f674fa578cc1ee0d7bda84c22470e6626df769b929b1062,62b589bd0b80e8522a323b237631772903d7ce8304e7923cf0b55de31cd4f9c3,client_a_preview,0,"","",USDC/USD,"",0,confirmed,,,0,0,,,1780988851499,1780988938858,,1780988851499
3585,0xa911e7e9bfe44c585fe9b96ce74816ae3ed5f5efcb2e3cb5eea0a0d28aaa014d,"",client_a_preview,0,"","",NEIRO/USD,70617506139588,1780988777,failed,NonMonotonicNonce,"Intent for NEIRO/USD superseded on chain; not submitted.",0,0,,,,,1780988938846,1780988938846
3586,0x0d1a086326b9cd8510d6082a36a10296a730d6f878785a03d3f2a60f6376cfa7,"",client_a_preview,0,"","",ARB/USD,81993512170416008,1780988817,failed,NonMonotonicNonce,"Intent for ARB/USD superseded on chain; not submitted.",0,0,,,,,1780988938853,1780988938853
3587,0x35c1faa379808b724cb0e7b3f349adfff30097c0057d95cf28479df09fab4839,242ea6770e5945615aba07764137d9056282804d65b31c17c07351fb225bfc00,client_a_preview,0,"","",NEIRO/USD,"",0,submitted,,,0,0,,,1780988957256,,,1780988957256
3588,0xe35705ef400e2386577bd36033c5341c3ade0955a19828d47262d56711e1aacd,242ea6770e5945615aba07764137d9056282804d65b31c17c07351fb225bfc00,client_a_preview,0,"","",XVG/USD,"",0,submitted,,,0,0,,,1780988957267,,,1780988957267
3589,0x308f279ce1bd5d4e544d2610a6c6407dd590abcded8613f8c215ea7f845929d7,242ea6770e5945615aba07764137d9056282804d65b31c17c07351fb225bfc00,client_a_preview,0,"","",USDC/USD,"",0,confirmed,,,0,0,,,1780988957275,1780988988571,,1780988957275
3590,0x35c1faa379808b724cb0e7b3f349adfff30097c0057d95cf28479df09fab4839,"",client_a_preview,0,"","",NEIRO/USD,70507398250215,1780988891,failed,NonMonotonicNonce,"Intent for NEIRO/USD superseded on chain; not submitted.",0,0,,,,,1780988988557,1780988988557
3591,0xe35705ef400e2386577bd36033c5341c3ade0955a19828d47262d56711e1aacd,"",client_a_preview,0,"","",XVG/USD,2551589505795000,1780988902,failed,NonMonotonicNonce,"Intent for XVG/USD superseded on chain; not submitted.",0,0,,,,,1780988988566,1780988988566
3592,0x53a3d66ae246b5973ec4ff135c4cc0e70f00dc0b544b2d290e8d5ec30c64231a,d06fb38df6e3dcdc8fe562d09de50aae4122ac268419c66d0ab0b7957ecd7269,client_a_preview,0,"","",NEIRO/USD,"",0,confirmed,,,0,0,,,1780989006031,1780989052641,,1780989006031
3593,0xd198c10fad3406b2c3e2b0a5ba418a5d0ff4dc937e996423ac0f435f693ace3e,d06fb38df6e3dcdc8fe562d09de50aae4122ac268419c66d0ab0b7957ecd7269,client_a_preview,0,"","",XVG/USD,"",0,confirmed,,,0,0,,,1780989006042,1780989052655,,1780989006042
3594,0xbfbf084af8f50b7c67186ad86ec72ddd36586ff6118ab984c964a2ffad2f4e75,"",client_a_preview,0,"","",NEIRO/USD,70377676903494,1780989003,failed,NonMonotonicNonce,"Intent for NEIRO/USD superseded on chain; not submitted.",0,0,,,,,1780989057993,1780989057993
3595,0xb3e18f52707e4906735229da25feff4bdadcb3c9345ea2b67367a599d39bcc65,"",client_a_preview,0,"","",XVG/USD,2551589505795000,1780989016,failed,NonMonotonicNonce,"Intent for XVG/USD superseded on chain; not submitted.",0,0,,,,,1780989058004,1780989058004
3596,0x7a164e5b06acf7ec4b46a81b4c2b7d5ec52a9559d70d881dcb55811920c389a1,01e9a9b4a85c3d7940e5098a3179d8ffe6e445a16831ff2ab1c2341e9c2e1595,client_a_preview,0,"","",NEIRO/USD,"",0,submitted,,,0,0,,,1780989077876,,,1780989077876
