{
  "generatedAt": "2026-05-12T11:44:18.440Z",
  "benchRunId": "20260512-103246",
  "baseRunId": "20260511-135140",
  "cycles": 3,
  "results": {
    "update-1": {
      "fee": {
        "samples": [
          853525,
          855324,
          855324
        ],
        "count": 3,
        "avgLovelace": 854724,
        "avgAda": "0.854724",
        "minLovelace": 853525,
        "maxLovelace": 855324
      },
      "cpu": {
        "samples": [
          750511736,
          757251577,
          757251577
        ],
        "avg": 755004963,
        "min": 750511736,
        "max": 757251577
      },
      "mem": {
        "samples": [
          2064274,
          2087034,
          2087034
        ],
        "avg": 2079447,
        "min": 2064274,
        "max": 2087034
      }
    },
    "batch-1": {
      "fee": {
        "samples": [
          865920,
          865920,
          865920
        ],
        "count": 3,
        "avgLovelace": 865920,
        "avgAda": "0.865920",
        "minLovelace": 865920,
        "maxLovelace": 865920
      },
      "cpu": {
        "samples": [
          795889084,
          795889084,
          795889084
        ],
        "avg": 795889084,
        "min": 795889084,
        "max": 795889084
      },
      "mem": {
        "samples": [
          2220870,
          2220870,
          2220870
        ],
        "avg": 2220870,
        "min": 2220870,
        "max": 2220870
      }
    },
    "batch-2": {
      "fee": {
        "samples": [
          1082379,
          1082379,
          1082379
        ],
        "count": 3,
        "avgLovelace": 1082379,
        "avgAda": "1.082379",
        "minLovelace": 1082379,
        "maxLovelace": 1082379
      },
      "cpu": {
        "samples": [
          1353331545,
          1353331545,
          1353331545
        ],
        "avg": 1353331545,
        "min": 1353331545,
        "max": 1353331545
      },
      "mem": {
        "samples": [
          3721103,
          3721103,
          3721103
        ],
        "avg": 3721103,
        "min": 3721103,
        "max": 3721103
      }
    },
    "batch-3": {
      "fee": {
        "samples": [
          1316694,
          1316694,
          1319735
        ],
        "count": 3,
        "avgLovelace": 1317708,
        "avgAda": "1.317708",
        "minLovelace": 1316694,
        "maxLovelace": 1319735
      },
      "cpu": {
        "samples": [
          1979663073,
          1979663073,
          1993362716
        ],
        "avg": 1984229621,
        "min": 1979663073,
        "max": 1993362716
      },
      "mem": {
        "samples": [
          5450808,
          5450808,
          5486396
        ],
        "avg": 5462671,
        "min": 5450808,
        "max": 5486396
      }
    },
    "batch-4": {
      "fee": {
        "samples": [
          1574765,
          1574765,
          1578427
        ],
        "count": 3,
        "avgLovelace": 1575986,
        "avgAda": "1.575986",
        "minLovelace": 1574765,
        "maxLovelace": 1578427
      },
      "cpu": {
        "samples": [
          2698803053,
          2698803053,
          2715982597
        ],
        "avg": 2704529568,
        "min": 2698803053,
        "max": 2715982597
      },
      "mem": {
        "samples": [
          7474747,
          7474747,
          7516749
        ],
        "avg": 7488748,
        "min": 7474747,
        "max": 7516749
      }
    },
    "batch-5": {
      "fee": {
        "samples": [
          1861151,
          1856868,
          1861151
        ],
        "count": 3,
        "avgLovelace": 1859723,
        "avgAda": "1.859723",
        "minLovelace": 1856868,
        "maxLovelace": 1861151
      },
      "cpu": {
        "samples": [
          3521191188,
          3500531743,
          3521191188
        ],
        "avg": 3514304706,
        "min": 3500531743,
        "max": 3521191188
      },
      "mem": {
        "samples": [
          9812162,
          9763746,
          9812162
        ],
        "avg": 9796023,
        "min": 9763746,
        "max": 9812162
      }
    },
    "batch-6": {
      "fee": {
        "samples": [
          2170528,
          2175433,
          2175433
        ],
        "count": 3,
        "avgLovelace": 2173798,
        "avgAda": "2.173798",
        "minLovelace": 2170528,
        "maxLovelace": 2175433
      },
      "cpu": {
        "samples": [
          4384849143,
          4408988489,
          4408988489
        ],
        "avg": 4400942040,
        "min": 4384849143,
        "max": 4408988489
      },
      "mem": {
        "samples": [
          12317805,
          12372635,
          12372635
        ],
        "avg": 12354358,
        "min": 12317805,
        "max": 12372635
      }
    },
    "batch-7": {
      "fee": {
        "samples": [
          2505438,
          2505438,
          2505438
        ],
        "count": 3,
        "avgLovelace": 2505438,
        "avgAda": "2.505438",
        "minLovelace": 2505438,
        "maxLovelace": 2505438
      },
      "cpu": {
        "samples": [
          5351755253,
          5351755253,
          5351755253
        ],
        "avg": 5351755253,
        "min": 5351755253,
        "max": 5351755253
      },
      "mem": {
        "samples": [
          15136924,
          15136924,
          15136924
        ],
        "avg": 15136924,
        "min": 15136924,
        "max": 15136924
      }
    }
  }
}
