[2026-06-16T11:39:48.616Z] daemon: file logger ready at ../state/mainnet_run_20260616-074413/logs
[2026-06-16T11:39:48.664Z] daemon: API server listening on 0.0.0.0:8080
[2026-06-16T11:39:48.667Z] daemon: router registry loaded (1 router(s))
[2026-06-16T11:39:48.667Z] daemon: router "client_test_01_router_default" signer resolved from CARDANO_WALLET_SEED_MAINNET (kind=seed)
[2026-06-16T11:39:48.668Z] reconcile: reconciling 1 Cardano destination(s)…
[2026-06-16T11:39:50.274Z] reconcile: created ADA/USD → /app/offchain/state/mainnet_run_20260616-074413/clients/client-test-01/pairs/ada-usd.json
[2026-06-16T11:39:50.273Z] reconcile: ../state/mainnet_run_20260616-074413/clients/client-test-01.json → found=10 created=10 updated=0 unchanged=0 errors=0
[2026-06-16T11:39:50.274Z] reconcile: created BNB/USD → /app/offchain/state/mainnet_run_20260616-074413/clients/client-test-01/pairs/bnb-usd.json
[2026-06-16T11:39:50.274Z] reconcile: created DAI/USD → /app/offchain/state/mainnet_run_20260616-074413/clients/client-test-01/pairs/dai-usd.json
[2026-06-16T11:39:50.274Z] reconcile: created SOL/USD → /app/offchain/state/mainnet_run_20260616-074413/clients/client-test-01/pairs/sol-usd.json
[2026-06-16T11:39:50.274Z] reconcile: created ETH/USD → /app/offchain/state/mainnet_run_20260616-074413/clients/client-test-01/pairs/eth-usd.json
[2026-06-16T11:39:50.275Z] reconcile: created USDT/USD → /app/offchain/state/mainnet_run_20260616-074413/clients/client-test-01/pairs/usdt-usd.json
[2026-06-16T11:39:50.275Z] reconcile: created BTC/USD → /app/offchain/state/mainnet_run_20260616-074413/clients/client-test-01/pairs/btc-usd.json
[2026-06-16T11:39:50.275Z] reconcile: created USDC/USD → /app/offchain/state/mainnet_run_20260616-074413/clients/client-test-01/pairs/usdc-usd.json
[2026-06-16T11:39:50.275Z] reconcile: created MATIC/USD → /app/offchain/state/mainnet_run_20260616-074413/clients/client-test-01/pairs/matic-usd.json
[2026-06-16T11:39:50.275Z] reconcile: created XRP/USD → /app/offchain/state/mainnet_run_20260616-074413/clients/client-test-01/pairs/xrp-usd.json
[2026-06-16T11:39:50.282Z] price-cache: hydrated 0 confirmed pair state entries from disk
[2026-06-16T11:39:50.282Z] cron-service: starting (tick=30000ms, routers=1).
[2026-06-16T11:39:50.322Z] daemon: starting scan pipeline transport=http+ws chain_id=1050 registry=0x5612599CF48032d7428399d5Fcb99eDcc75c06A7 dry_run=false blockRange=500 scanIntervalMs=10000 dedupCapacity=4096 reconnectMs=5000 maxReconnects=60
[2026-06-16T11:39:50.323Z] scanner-ws: connecting (attempt 1)
[2026-06-16T11:39:50.326Z] scanner-http: starting at block 29128656 (transport=http)
[2026-06-16T11:39:51.534Z] scanner-http: scanned 29128656..29128656 (0 log(s), head=29128662, finalized=29128656)
[2026-06-16T11:39:52.106Z] scanner-http: scanned 29128657..29128659 (0 log(s), head=29128665, finalized=29128659)
[2026-06-16T11:39:54.935Z] deposit-address: client=client-test-01 addr=addr1wy7ylvlta43g2u5xesp4gtjs6c5r2n0upn9pg7la5vnk56swykjdm
[2026-06-16T11:39:58.859Z] [debug] daemon: condition-filtered router=client_test_01_router_default reason="condition failed: field="${enrichment.fullIntent.Symbol}" operator="in" value=["SPYM","CRCL","TSLA","NVDA","IAU","PPLT","MSTR","AMZN","SIVR","COIN"] actual="fairValue:spSEI""
[2026-06-16T11:39:58.869Z] scanner-ws: delivered 1 log(s) (blocks 29128672..29128672)
[2026-06-16T11:39:58.931Z] [debug] daemon: condition-filtered router=client_test_01_router_default reason="condition failed: field="${enrichment.fullIntent.Symbol}" operator="in" value=["SPYM","CRCL","TSLA","NVDA","IAU","PPLT","MSTR","AMZN","SIVR","COIN"] actual="denominator:hemiBTC""
[2026-06-16T11:39:58.939Z] scanner-ws: delivered 1 log(s) (blocks 29128672..29128672)
[2026-06-16T11:39:58.947Z] [debug] daemon: condition-filtered router=client_test_01_router_default reason="condition failed: field="${enrichment.fullIntent.Symbol}" operator="in" value=["SPYM","CRCL","TSLA","NVDA","IAU","PPLT","MSTR","AMZN","SIVR","COIN"] actual="numerator:hemiBTC""
[2026-06-16T11:39:58.955Z] scanner-ws: delivered 1 log(s) (blocks 29128672..29128672)
[2026-06-16T11:39:58.960Z] [debug] daemon: condition-filtered router=client_test_01_router_default reason="condition failed: field="${enrichment.fullIntent.Symbol}" operator="in" value=["SPYM","CRCL","TSLA","NVDA","IAU","PPLT","MSTR","AMZN","SIVR","COIN"] actual="numerator:spSEI""
[2026-06-16T11:39:58.968Z] scanner-ws: delivered 1 log(s) (blocks 29128672..29128672)
[2026-06-16T11:39:59.267Z] [debug] daemon: condition-filtered router=client_test_01_router_default reason="condition failed: field="${enrichment.fullIntent.Symbol}" operator="in" value=["SPYM","CRCL","TSLA","NVDA","IAU","PPLT","MSTR","AMZN","SIVR","COIN"] actual="denominator:spSEI""
[2026-06-16T11:39:59.276Z] scanner-ws: delivered 1 log(s) (blocks 29128672..29128672)
[2026-06-16T11:39:59.290Z] scanner-ws: delivered 1 log(s) (blocks 29128672..29128672)
[2026-06-16T11:39:59.282Z] [debug] daemon: condition-filtered router=client_test_01_router_default reason="condition failed: field="${enrichment.fullIntent.Symbol}" operator="in" value=["SPYM","CRCL","TSLA","NVDA","IAU","PPLT","MSTR","AMZN","SIVR","COIN"] actual="usdValue:spSEI""
[2026-06-16T11:39:59.299Z] [debug] daemon: condition-filtered router=client_test_01_router_default reason="condition failed: field="${enrichment.fullIntent.Symbol}" operator="in" value=["SPYM","CRCL","TSLA","NVDA","IAU","PPLT","MSTR","AMZN","SIVR","COIN"] actual="fairValue:hemiBTC""
[2026-06-16T11:39:59.305Z] scanner-ws: delivered 1 log(s) (blocks 29128672..29128672)
[2026-06-16T11:39:59.310Z] [debug] daemon: condition-filtered router=client_test_01_router_default reason="condition failed: field="${enrichment.fullIntent.Symbol}" operator="in" value=["SPYM","CRCL","TSLA","NVDA","IAU","PPLT","MSTR","AMZN","SIVR","COIN"] actual="usdValue:hemiBTC""
[2026-06-16T11:39:59.317Z] scanner-ws: delivered 1 log(s) (blocks 29128672..29128672)
[2026-06-16T11:40:03.021Z] scanner-http: scanned 29128660..29128674 (8 log(s), head=29128680, finalized=29128674)
[2026-06-16T11:40:14.263Z] scanner-http: scanned 29128675..29128688 (0 log(s), head=29128694, finalized=29128688)
[2026-06-16T11:40:14.716Z] scanner-http: scanned 29128689..29128689 (0 log(s), head=29128695, finalized=29128689)
[2026-06-16T11:40:15.179Z] scanner-http: scanned 29128690..29128691 (0 log(s), head=29128697, finalized=29128691)
[2026-06-16T11:40:19.853Z] [debug] daemon: condition-filtered router=client_test_01_router_default reason="condition failed: field="${enrichment.fullIntent.Symbol}" operator="in" value=["SPYM","CRCL","TSLA","NVDA","IAU","PPLT","MSTR","AMZN","SIVR","COIN"] actual="fairValue:spSEI""
[2026-06-16T11:40:19.861Z] scanner-ws: delivered 1 log(s) (blocks 29128706..29128706)
[2026-06-16T11:40:19.959Z] [debug] daemon: condition-filtered router=client_test_01_router_default reason="condition failed: field="${enrichment.fullIntent.Symbol}" operator="in" value=["SPYM","CRCL","TSLA","NVDA","IAU","PPLT","MSTR","AMZN","SIVR","COIN"] actual="denominator:spSEI""
[2026-06-16T11:40:19.967Z] scanner-ws: delivered 1 log(s) (blocks 29128706..29128706)
[2026-06-16T11:40:19.978Z] [debug] daemon: condition-filtered router=client_test_01_router_default reason="condition failed: field="${enrichment.fullIntent.Symbol}" operator="in" value=["SPYM","CRCL","TSLA","NVDA","IAU","PPLT","MSTR","AMZN","SIVR","COIN"] actual="numerator:spSEI""
[2026-06-16T11:40:19.989Z] scanner-ws: delivered 1 log(s) (blocks 29128706..29128706)
[2026-06-16T11:40:19.995Z] [debug] daemon: condition-filtered router=client_test_01_router_default reason="condition failed: field="${enrichment.fullIntent.Symbol}" operator="in" value=["SPYM","CRCL","TSLA","NVDA","IAU","PPLT","MSTR","AMZN","SIVR","COIN"] actual="denominator:hemiBTC""
[2026-06-16T11:40:20.007Z] [debug] daemon: condition-filtered router=client_test_01_router_default reason="condition failed: field="${enrichment.fullIntent.Symbol}" operator="in" value=["SPYM","CRCL","TSLA","NVDA","IAU","PPLT","MSTR","AMZN","SIVR","COIN"] actual="usdValue:spSEI""
[2026-06-16T11:40:20.015Z] scanner-ws: delivered 1 log(s) (blocks 29128706..29128706)
[2026-06-16T11:40:20.003Z] scanner-ws: delivered 1 log(s) (blocks 29128706..29128706)
[2026-06-16T11:40:20.294Z] [debug] daemon: condition-filtered router=client_test_01_router_default reason="condition failed: field="${enrichment.fullIntent.Symbol}" operator="in" value=["SPYM","CRCL","TSLA","NVDA","IAU","PPLT","MSTR","AMZN","SIVR","COIN"] actual="usdValue:hemiBTC""
[2026-06-16T11:40:20.301Z] scanner-ws: delivered 1 log(s) (blocks 29128706..29128706)
[2026-06-16T11:40:20.309Z] [debug] daemon: condition-filtered router=client_test_01_router_default reason="condition failed: field="${enrichment.fullIntent.Symbol}" operator="in" value=["SPYM","CRCL","TSLA","NVDA","IAU","PPLT","MSTR","AMZN","SIVR","COIN"] actual="fairValue:hemiBTC""
[2026-06-16T11:40:20.316Z] scanner-ws: delivered 1 log(s) (blocks 29128706..29128706)
[2026-06-16T11:40:20.325Z] [debug] daemon: condition-filtered router=client_test_01_router_default reason="condition failed: field="${enrichment.fullIntent.Symbol}" operator="in" value=["SPYM","CRCL","TSLA","NVDA","IAU","PPLT","MSTR","AMZN","SIVR","COIN"] actual="numerator:hemiBTC""
[2026-06-16T11:40:20.332Z] scanner-ws: delivered 1 log(s) (blocks 29128706..29128706)
[2026-06-16T11:40:26.916Z] scanner-http: scanned 29128692..29128711 (8 log(s), head=29128717, finalized=29128711)
[2026-06-16T11:40:27.417Z] scanner-http: scanned 29128712..29128713 (0 log(s), head=29128719, finalized=29128713)
[2026-06-16T11:40:27.904Z] scanner-http: scanned 29128714..29128714 (0 log(s), head=29128720, finalized=29128714)
[2026-06-16T11:40:39.140Z] scanner-http: scanned 29128715..29128733 (0 log(s), head=29128739, finalized=29128733)
[2026-06-16T11:40:40.765Z] [debug] daemon: condition-filtered router=client_test_01_router_default reason="condition failed: field="${enrichment.fullIntent.Symbol}" operator="in" value=["SPYM","CRCL","TSLA","NVDA","IAU","PPLT","MSTR","AMZN","SIVR","COIN"] actual="ARS/USDT""
[2026-06-16T11:40:40.771Z] scanner-ws: delivered 1 log(s) (blocks 29128742..29128742)
[2026-06-16T11:40:41.186Z] scanner-ws: delivered 1 log(s) (blocks 29128743..29128743)
[2026-06-16T11:40:50.827Z] scanner-http: scanned 29128734..29128755 (2 log(s), head=29128761, finalized=29128755)
[2026-06-16T11:40:51.295Z] scanner-http: scanned 29128756..29128759 (0 log(s), head=29128765, finalized=29128759)
[2026-06-16T11:40:58.426Z] [debug] daemon: condition-filtered router=client_test_01_router_default reason="condition failed: field="${enrichment.fullIntent.Symbol}" operator="in" value=["SPYM","CRCL","TSLA","NVDA","IAU","PPLT","MSTR","AMZN","SIVR","COIN"] actual="fairValue:spSEI""
[2026-06-16T11:40:58.433Z] scanner-ws: delivered 1 log(s) (blocks 29128776..29128776)
[2026-06-16T11:40:58.518Z] [debug] daemon: condition-filtered router=client_test_01_router_default reason="condition failed: field="${enrichment.fullIntent.Symbol}" operator="in" value=["SPYM","CRCL","TSLA","NVDA","IAU","PPLT","MSTR","AMZN","SIVR","COIN"] actual="usdValue:spSEI""
[2026-06-16T11:40:58.524Z] scanner-ws: delivered 1 log(s) (blocks 29128776..29128776)
[2026-06-16T11:40:58.536Z] [debug] daemon: condition-filtered router=client_test_01_router_default reason="condition failed: field="${enrichment.fullIntent.Symbol}" operator="in" value=["SPYM","CRCL","TSLA","NVDA","IAU","PPLT","MSTR","AMZN","SIVR","COIN"] actual="numerator:hemiBTC""
[2026-06-16T11:40:58.542Z] scanner-ws: delivered 1 log(s) (blocks 29128776..29128776)
[2026-06-16T11:40:58.547Z] [debug] daemon: condition-filtered router=client_test_01_router_default reason="condition failed: field="${enrichment.fullIntent.Symbol}" operator="in" value=["SPYM","CRCL","TSLA","NVDA","IAU","PPLT","MSTR","AMZN","SIVR","COIN"] actual="denominator:spSEI""
[2026-06-16T11:40:58.553Z] scanner-ws: delivered 1 log(s) (blocks 29128776..29128776)
[2026-06-16T11:40:58.851Z] [debug] daemon: condition-filtered router=client_test_01_router_default reason="condition failed: field="${enrichment.fullIntent.Symbol}" operator="in" value=["SPYM","CRCL","TSLA","NVDA","IAU","PPLT","MSTR","AMZN","SIVR","COIN"] actual="usdValue:hemiBTC""
[2026-06-16T11:40:58.857Z] scanner-ws: delivered 1 log(s) (blocks 29128776..29128776)
[2026-06-16T11:40:58.862Z] [debug] daemon: condition-filtered router=client_test_01_router_default reason="condition failed: field="${enrichment.fullIntent.Symbol}" operator="in" value=["SPYM","CRCL","TSLA","NVDA","IAU","PPLT","MSTR","AMZN","SIVR","COIN"] actual="denominator:hemiBTC""
[2026-06-16T11:40:58.868Z] scanner-ws: delivered 1 log(s) (blocks 29128776..29128776)
[2026-06-16T11:40:58.876Z] [debug] daemon: condition-filtered router=client_test_01_router_default reason="condition failed: field="${enrichment.fullIntent.Symbol}" operator="in" value=["SPYM","CRCL","TSLA","NVDA","IAU","PPLT","MSTR","AMZN","SIVR","COIN"] actual="fairValue:hemiBTC""
[2026-06-16T11:40:58.881Z] scanner-ws: delivered 1 log(s) (blocks 29128776..29128776)
[2026-06-16T11:40:59.531Z] [debug] daemon: condition-filtered router=client_test_01_router_default reason="condition failed: field="${enrichment.fullIntent.Symbol}" operator="in" value=["SPYM","CRCL","TSLA","NVDA","IAU","PPLT","MSTR","AMZN","SIVR","COIN"] actual="numerator:spSEI""
[2026-06-16T11:40:59.537Z] scanner-ws: delivered 1 log(s) (blocks 29128776..29128776)
[2026-06-16T11:41:02.390Z] scanner-http: scanned 29128760..29128776 (8 log(s), head=29128782, finalized=29128776)
[2026-06-16T11:41:11.371Z] [debug] [clients/client-test-01.json] submit: intentHash=0x7051a6e9692cd65cd7231ac2da93e5dd936211c26c07e84ad091c650b5f70262 symbol=CRCL
[2026-06-16T11:41:11.372Z] [debug] submitOracleUpdate: intentHash=0x7051a6e9692cd65cd7231ac2da93e5dd936211c26c07e84ad091c650b5f70262 symbol=CRCL
[2026-06-16T11:41:11.372Z] [debug] loading state: client=../state/mainnet_run_20260616-074413/clients/client-test-01.json protocol=../state/mainnet_run_20260616-074413/config-bootstrap.json
[2026-06-16T11:41:11.423Z] [debug] connecting to Cardano…
[2026-06-16T11:41:13.503Z] scanner-http: scanned 29128777..29128790 (0 log(s), head=29128796, finalized=29128790)
[2026-06-16T11:41:13.969Z] scanner-http: scanned 29128791..29128791 (0 log(s), head=29128797, finalized=29128791)
[2026-06-16T11:41:16.207Z] scanner-ws: delivered 1 log(s) (blocks 29128802..29128802)
[2026-06-16T11:41:16.364Z] [debug] building oracle update tx for symbol=CRCL
[2026-06-16T11:41:19.688Z] [debug] daemon: condition-filtered router=client_test_01_router_default reason="condition failed: field="${enrichment.fullIntent.Symbol}" operator="in" value=["SPYM","CRCL","TSLA","NVDA","IAU","PPLT","MSTR","AMZN","SIVR","COIN"] actual="fairValue:spSEI""
[2026-06-16T11:41:19.695Z] scanner-ws: delivered 1 log(s) (blocks 29128808..29128808)
[2026-06-16T11:41:19.902Z] [debug] daemon: condition-filtered router=client_test_01_router_default reason="condition failed: field="${enrichment.fullIntent.Symbol}" operator="in" value=["SPYM","CRCL","TSLA","NVDA","IAU","PPLT","MSTR","AMZN","SIVR","COIN"] actual="numerator:spSEI""
[2026-06-16T11:41:19.909Z] scanner-ws: delivered 1 log(s) (blocks 29128808..29128808)
[2026-06-16T11:41:19.916Z] [debug] daemon: condition-filtered router=client_test_01_router_default reason="condition failed: field="${enrichment.fullIntent.Symbol}" operator="in" value=["SPYM","CRCL","TSLA","NVDA","IAU","PPLT","MSTR","AMZN","SIVR","COIN"] actual="denominator:hemiBTC""
[2026-06-16T11:41:19.924Z] scanner-ws: delivered 1 log(s) (blocks 29128808..29128808)
[2026-06-16T11:41:19.929Z] [debug] daemon: condition-filtered router=client_test_01_router_default reason="condition failed: field="${enrichment.fullIntent.Symbol}" operator="in" value=["SPYM","CRCL","TSLA","NVDA","IAU","PPLT","MSTR","AMZN","SIVR","COIN"] actual="numerator:hemiBTC""
[2026-06-16T11:41:19.936Z] scanner-ws: delivered 1 log(s) (blocks 29128808..29128808)
[2026-06-16T11:41:19.940Z] [debug] daemon: condition-filtered router=client_test_01_router_default reason="condition failed: field="${enrichment.fullIntent.Symbol}" operator="in" value=["SPYM","CRCL","TSLA","NVDA","IAU","PPLT","MSTR","AMZN","SIVR","COIN"] actual="usdValue:hemiBTC""
[2026-06-16T11:41:19.946Z] scanner-ws: delivered 1 log(s) (blocks 29128808..29128808)
[2026-06-16T11:41:19.952Z] [debug] daemon: condition-filtered router=client_test_01_router_default reason="condition failed: field="${enrichment.fullIntent.Symbol}" operator="in" value=["SPYM","CRCL","TSLA","NVDA","IAU","PPLT","MSTR","AMZN","SIVR","COIN"] actual="usdValue:spSEI""
[2026-06-16T11:41:19.959Z] scanner-ws: delivered 1 log(s) (blocks 29128808..29128808)
[2026-06-16T11:41:19.963Z] [debug] daemon: condition-filtered router=client_test_01_router_default reason="condition failed: field="${enrichment.fullIntent.Symbol}" operator="in" value=["SPYM","CRCL","TSLA","NVDA","IAU","PPLT","MSTR","AMZN","SIVR","COIN"] actual="denominator:spSEI""
[2026-06-16T11:41:19.969Z] scanner-ws: delivered 1 log(s) (blocks 29128808..29128808)
[2026-06-16T11:41:19.975Z] [debug] daemon: condition-filtered router=client_test_01_router_default reason="condition failed: field="${enrichment.fullIntent.Symbol}" operator="in" value=["SPYM","CRCL","TSLA","NVDA","IAU","PPLT","MSTR","AMZN","SIVR","COIN"] actual="fairValue:hemiBTC""
[2026-06-16T11:41:19.983Z] scanner-ws: delivered 1 log(s) (blocks 29128808..29128808)
[2026-06-16T11:41:22.290Z] [debug] submitted: txHash=8bf45972b2e0cfc3adf8b570efaafd4ffe47c5659ed5ddf51ffaaf0ddb395ce9 intentHash=0x7051a6e9692cd65cd7231ac2da93e5dd936211c26c07e84ad091c650b5f70262
[2026-06-16T11:41:25.593Z] scanner-http: scanned 29128792..29128812 (9 log(s), head=29128818, finalized=29128812)
[2026-06-16T11:41:26.049Z] scanner-http: scanned 29128813..29128815 (0 log(s), head=29128821, finalized=29128815)
[2026-06-16T11:41:37.322Z] scanner-http: scanned 29128816..29128830 (0 log(s), head=29128836, finalized=29128830)
[2026-06-16T11:41:38.032Z] scanner-http: scanned 29128831..29128831 (0 log(s), head=29128837, finalized=29128831)
[2026-06-16T11:41:38.560Z] scanner-http: scanned 29128832..29128832 (0 log(s), head=29128838, finalized=29128832)
[2026-06-16T11:41:39.026Z] scanner-http: scanned 29128833..29128835 (0 log(s), head=29128841, finalized=29128835)
[2026-06-16T11:41:40.760Z] [debug] daemon: condition-filtered router=client_test_01_router_default reason="condition failed: field="${enrichment.fullIntent.Symbol}" operator="in" value=["SPYM","CRCL","TSLA","NVDA","IAU","PPLT","MSTR","AMZN","SIVR","COIN"] actual="ARS/USDT""
[2026-06-16T11:41:40.767Z] scanner-ws: delivered 1 log(s) (blocks 29128843..29128843)
[2026-06-16T11:41:41.181Z] scanner-ws: delivered 1 log(s) (blocks 29128845..29128845)
[2026-06-16T11:41:41.496Z] [debug] Confirmed by Blockfrost: oracle update (CRCL, intentHash=0x7051a6e9692cd65cd7231ac2da93e5dd936211c26c07e84ad091c650b5f70262) 8bf45972b2e0cfc3adf8b570efaafd4ffe47c5659ed5ddf51ffaaf0ddb395ce9.
[2026-06-16T11:41:50.131Z] scanner-http: scanned 29128836..29128855 (2 log(s), head=29128861, finalized=29128855)
[2026-06-16T11:41:50.220Z] [debug] confirmed: txHash=8bf45972b2e0cfc3adf8b570efaafd4ffe47c5659ed5ddf51ffaaf0ddb395ce9 receiverUnit=6ec4b5aa572382beb11bb8db28a87884d147afe4e2b3d8f5a7331a254449415f52454345495645525f434c49454e545f41
[2026-06-16T11:41:54.153Z] [debug] [clients/client-test-01.json] confirmed: txHash=8bf45972b2e0cfc3adf8b570efaafd4ffe47c5659ed5ddf51ffaaf0ddb395ce9 intentHash=0x7051a6e9692cd65cd7231ac2da93e5dd936211c26c07e84ad091c650b5f70262 receiverUnit=6ec4b5aa572382beb11bb8db28a87884d147afe4e2b3d8f5a7331a254449415f52454345495645525f434c49454e545f41
[2026-06-16T11:41:54.169Z] [debug] [clients/client-test-01.json] submitBatch: intents=2 symbols=MSTR,CRCL
[2026-06-16T11:41:54.169Z] [debug] submitOracleUpdateBatch: intents=2 symbols=MSTR, CRCL
[2026-06-16T11:41:58.684Z] [debug] daemon: condition-filtered router=client_test_01_router_default reason="condition failed: field="${enrichment.fullIntent.Symbol}" operator="in" value=["SPYM","CRCL","TSLA","NVDA","IAU","PPLT","MSTR","AMZN","SIVR","COIN"] actual="fairValue:spSEI""
[2026-06-16T11:41:58.691Z] scanner-ws: delivered 1 log(s) (blocks 29128869..29128869)
[2026-06-16T11:41:58.908Z] [debug] daemon: condition-filtered router=client_test_01_router_default reason="condition failed: field="${enrichment.fullIntent.Symbol}" operator="in" value=["SPYM","CRCL","TSLA","NVDA","IAU","PPLT","MSTR","AMZN","SIVR","COIN"] actual="usdValue:spSEI""
[2026-06-16T11:41:58.915Z] scanner-ws: delivered 1 log(s) (blocks 29128869..29128869)
[2026-06-16T11:41:58.935Z] [debug] daemon: condition-filtered router=client_test_01_router_default reason="condition failed: field="${enrichment.fullIntent.Symbol}" operator="in" value=["SPYM","CRCL","TSLA","NVDA","IAU","PPLT","MSTR","AMZN","SIVR","COIN"] actual="numerator:spSEI""
[2026-06-16T11:41:58.953Z] scanner-ws: delivered 1 log(s) (blocks 29128869..29128869)
[2026-06-16T11:41:58.960Z] [debug] daemon: condition-filtered router=client_test_01_router_default reason="condition failed: field="${enrichment.fullIntent.Symbol}" operator="in" value=["SPYM","CRCL","TSLA","NVDA","IAU","PPLT","MSTR","AMZN","SIVR","COIN"] actual="fairValue:hemiBTC""
[2026-06-16T11:41:58.966Z] scanner-ws: delivered 1 log(s) (blocks 29128869..29128869)
[2026-06-16T11:41:58.973Z] [debug] daemon: condition-filtered router=client_test_01_router_default reason="condition failed: field="${enrichment.fullIntent.Symbol}" operator="in" value=["SPYM","CRCL","TSLA","NVDA","IAU","PPLT","MSTR","AMZN","SIVR","COIN"] actual="denominator:hemiBTC""
[2026-06-16T11:41:58.979Z] scanner-ws: delivered 1 log(s) (blocks 29128869..29128869)
[2026-06-16T11:41:58.982Z] [debug] daemon: condition-filtered router=client_test_01_router_default reason="condition failed: field="${enrichment.fullIntent.Symbol}" operator="in" value=["SPYM","CRCL","TSLA","NVDA","IAU","PPLT","MSTR","AMZN","SIVR","COIN"] actual="denominator:spSEI""
[2026-06-16T11:41:58.988Z] scanner-ws: delivered 1 log(s) (blocks 29128869..29128869)
[2026-06-16T11:41:58.993Z] [debug] daemon: condition-filtered router=client_test_01_router_default reason="condition failed: field="${enrichment.fullIntent.Symbol}" operator="in" value=["SPYM","CRCL","TSLA","NVDA","IAU","PPLT","MSTR","AMZN","SIVR","COIN"] actual="usdValue:hemiBTC""
[2026-06-16T11:41:58.999Z] scanner-ws: delivered 1 log(s) (blocks 29128869..29128869)
[2026-06-16T11:41:59.004Z] [debug] daemon: condition-filtered router=client_test_01_router_default reason="condition failed: field="${enrichment.fullIntent.Symbol}" operator="in" value=["SPYM","CRCL","TSLA","NVDA","IAU","PPLT","MSTR","AMZN","SIVR","COIN"] actual="numerator:hemiBTC""
[2026-06-16T11:41:59.011Z] scanner-ws: delivered 1 log(s) (blocks 29128869..29128869)
[2026-06-16T11:42:01.260Z] scanner-http: scanned 29128856..29128870 (8 log(s), head=29128876, finalized=29128870)
[2026-06-16T11:42:01.701Z] scanner-http: scanned 29128871..29128871 (0 log(s), head=29128877, finalized=29128871)
[2026-06-16T11:42:12.593Z] scanner-http: scanned 29128872..29128893 (0 log(s), head=29128899, finalized=29128893)
[2026-06-16T11:42:13.063Z] scanner-http: scanned 29128894..29128896 (0 log(s), head=29128902, finalized=29128896)
[2026-06-16T11:42:13.526Z] scanner-http: scanned 29128897..29128897 (0 log(s), head=29128903, finalized=29128897)
[2026-06-16T11:42:19.970Z] [debug] daemon: condition-filtered router=client_test_01_router_default reason="condition failed: field="${enrichment.fullIntent.Symbol}" operator="in" value=["SPYM","CRCL","TSLA","NVDA","IAU","PPLT","MSTR","AMZN","SIVR","COIN"] actual="fairValue:spSEI""
[2026-06-16T11:42:19.977Z] scanner-ws: delivered 1 log(s) (blocks 29128914..29128914)
[2026-06-16T11:42:20.291Z] [debug] daemon: condition-filtered router=client_test_01_router_default reason="condition failed: field="${enrichment.fullIntent.Symbol}" operator="in" value=["SPYM","CRCL","TSLA","NVDA","IAU","PPLT","MSTR","AMZN","SIVR","COIN"] actual="usdValue:spSEI""
[2026-06-16T11:42:20.297Z] scanner-ws: delivered 1 log(s) (blocks 29128914..29128914)
[2026-06-16T11:42:20.331Z] [debug] daemon: condition-filtered router=client_test_01_router_default reason="condition failed: field="${enrichment.fullIntent.Symbol}" operator="in" value=["SPYM","CRCL","TSLA","NVDA","IAU","PPLT","MSTR","AMZN","SIVR","COIN"] actual="numerator:spSEI""
[2026-06-16T11:42:20.337Z] scanner-ws: delivered 1 log(s) (blocks 29128914..29128914)
[2026-06-16T11:42:20.420Z] [debug] daemon: condition-filtered router=client_test_01_router_default reason="condition failed: field="${enrichment.fullIntent.Symbol}" operator="in" value=["SPYM","CRCL","TSLA","NVDA","IAU","PPLT","MSTR","AMZN","SIVR","COIN"] actual="usdValue:hemiBTC""
[2026-06-16T11:42:20.426Z] scanner-ws: delivered 1 log(s) (blocks 29128914..29128914)
[2026-06-16T11:42:20.480Z] [debug] daemon: condition-filtered router=client_test_01_router_default reason="condition failed: field="${enrichment.fullIntent.Symbol}" operator="in" value=["SPYM","CRCL","TSLA","NVDA","IAU","PPLT","MSTR","AMZN","SIVR","COIN"] actual="denominator:hemiBTC""
[2026-06-16T11:42:20.486Z] scanner-ws: delivered 1 log(s) (blocks 29128914..29128914)
[2026-06-16T11:42:20.565Z] [debug] daemon: condition-filtered router=client_test_01_router_default reason="condition failed: field="${enrichment.fullIntent.Symbol}" operator="in" value=["SPYM","CRCL","TSLA","NVDA","IAU","PPLT","MSTR","AMZN","SIVR","COIN"] actual="numerator:hemiBTC""
[2026-06-16T11:42:20.571Z] scanner-ws: delivered 1 log(s) (blocks 29128914..29128914)
[2026-06-16T11:42:20.600Z] [debug] daemon: condition-filtered router=client_test_01_router_default reason="condition failed: field="${enrichment.fullIntent.Symbol}" operator="in" value=["SPYM","CRCL","TSLA","NVDA","IAU","PPLT","MSTR","AMZN","SIVR","COIN"] actual="denominator:spSEI""
[2026-06-16T11:42:20.606Z] scanner-ws: delivered 1 log(s) (blocks 29128914..29128914)
[2026-06-16T11:42:20.686Z] [debug] daemon: condition-filtered router=client_test_01_router_default reason="condition failed: field="${enrichment.fullIntent.Symbol}" operator="in" value=["SPYM","CRCL","TSLA","NVDA","IAU","PPLT","MSTR","AMZN","SIVR","COIN"] actual="fairValue:hemiBTC""
[2026-06-16T11:42:20.692Z] scanner-ws: delivered 1 log(s) (blocks 29128914..29128914)
[2026-06-16T11:42:24.633Z] scanner-http: scanned 29128898..29128915 (8 log(s), head=29128921, finalized=29128915)
[2026-06-16T11:42:25.086Z] scanner-http: scanned 29128916..29128917 (0 log(s), head=29128923, finalized=29128917)
[2026-06-16T11:42:25.141Z] [debug] Confirmed by Blockfrost: oracle update batch (MSTR, CRCL) e2b922cd008ccf5726146ed650858ec1ddd8fc89b49ad3bbf173888da4c703cf.
[2026-06-16T11:42:25.532Z] scanner-http: scanned 29128918..29128918 (0 log(s), head=29128924, finalized=29128918)
[2026-06-16T11:42:33.335Z] [debug] [clients/client-test-01.json] batch confirmed: txHash=e2b922cd008ccf5726146ed650858ec1ddd8fc89b49ad3bbf173888da4c703cf built=2 skipped=0 receiverUnit=6ec4b5aa572382beb11bb8db28a87884d147afe4e2b3d8f5a7331a254449415f52454345495645525f434c49454e545f41 members=MSTR:mint,CRCL:update
[2026-06-16T11:42:36.403Z] scanner-http: scanned 29128919..29128932 (0 log(s), head=29128938, finalized=29128932)
[2026-06-16T11:42:40.891Z] [debug] daemon: condition-filtered router=client_test_01_router_default reason="condition failed: field="${enrichment.fullIntent.Symbol}" operator="in" value=["SPYM","CRCL","TSLA","NVDA","IAU","PPLT","MSTR","AMZN","SIVR","COIN"] actual="ARS/USDT""
[2026-06-16T11:42:40.897Z] scanner-ws: delivered 1 log(s) (blocks 29128946..29128946)
[2026-06-16T11:42:47.466Z] scanner-http: scanned 29128933..29128952 (1 log(s), head=29128958, finalized=29128952)
[2026-06-16T11:42:47.581Z] [debug] daemon: policy-filtered router=client_test_01_router_default dest=0
[2026-06-16T11:42:47.587Z] scanner-ws: delivered 1 log(s) (blocks 29128958..29128958)
[2026-06-16T11:42:47.908Z] scanner-http: scanned 29128953..29128954 (0 log(s), head=29128960, finalized=29128954)
[2026-06-16T11:42:48.353Z] scanner-http: scanned 29128955..29128955 (0 log(s), head=29128961, finalized=29128955)
[2026-06-16T11:42:48.795Z] scanner-http: scanned 29128956..29128956 (0 log(s), head=29128962, finalized=29128956)
[2026-06-16T11:42:49.235Z] scanner-http: scanned 29128957..29128957 (0 log(s), head=29128963, finalized=29128957)
[2026-06-16T11:42:58.437Z] [debug] daemon: condition-filtered router=client_test_01_router_default reason="condition failed: field="${enrichment.fullIntent.Symbol}" operator="in" value=["SPYM","CRCL","TSLA","NVDA","IAU","PPLT","MSTR","AMZN","SIVR","COIN"] actual="fairValue:spSEI""
[2026-06-16T11:42:58.443Z] scanner-ws: delivered 1 log(s) (blocks 29128975..29128975)
[2026-06-16T11:42:58.528Z] [debug] daemon: condition-filtered router=client_test_01_router_default reason="condition failed: field="${enrichment.fullIntent.Symbol}" operator="in" value=["SPYM","CRCL","TSLA","NVDA","IAU","PPLT","MSTR","AMZN","SIVR","COIN"] actual="numerator:hemiBTC""
[2026-06-16T11:42:58.535Z] scanner-ws: delivered 1 log(s) (blocks 29128975..29128975)
[2026-06-16T11:42:58.543Z] [debug] daemon: condition-filtered router=client_test_01_router_default reason="condition failed: field="${enrichment.fullIntent.Symbol}" operator="in" value=["SPYM","CRCL","TSLA","NVDA","IAU","PPLT","MSTR","AMZN","SIVR","COIN"] actual="usdValue:hemiBTC""
[2026-06-16T11:42:58.549Z] scanner-ws: delivered 1 log(s) (blocks 29128975..29128975)
[2026-06-16T11:42:58.552Z] [debug] daemon: condition-filtered router=client_test_01_router_default reason="condition failed: field="${enrichment.fullIntent.Symbol}" operator="in" value=["SPYM","CRCL","TSLA","NVDA","IAU","PPLT","MSTR","AMZN","SIVR","COIN"] actual="numerator:spSEI""
[2026-06-16T11:42:58.558Z] scanner-ws: delivered 1 log(s) (blocks 29128975..29128975)
[2026-06-16T11:42:58.561Z] [debug] daemon: condition-filtered router=client_test_01_router_default reason="condition failed: field="${enrichment.fullIntent.Symbol}" operator="in" value=["SPYM","CRCL","TSLA","NVDA","IAU","PPLT","MSTR","AMZN","SIVR","COIN"] actual="fairValue:hemiBTC""
[2026-06-16T11:42:58.567Z] scanner-ws: delivered 1 log(s) (blocks 29128975..29128975)
[2026-06-16T11:42:58.613Z] [debug] daemon: condition-filtered router=client_test_01_router_default reason="condition failed: field="${enrichment.fullIntent.Symbol}" operator="in" value=["SPYM","CRCL","TSLA","NVDA","IAU","PPLT","MSTR","AMZN","SIVR","COIN"] actual="usdValue:spSEI""
[2026-06-16T11:42:58.619Z] scanner-ws: delivered 1 log(s) (blocks 29128975..29128975)
[2026-06-16T11:42:58.864Z] [debug] daemon: condition-filtered router=client_test_01_router_default reason="condition failed: field="${enrichment.fullIntent.Symbol}" operator="in" value=["SPYM","CRCL","TSLA","NVDA","IAU","PPLT","MSTR","AMZN","SIVR","COIN"] actual="denominator:spSEI""
[2026-06-16T11:42:58.870Z] scanner-ws: delivered 1 log(s) (blocks 29128975..29128975)
[2026-06-16T11:42:58.875Z] [debug] daemon: condition-filtered router=client_test_01_router_default reason="condition failed: field="${enrichment.fullIntent.Symbol}" operator="in" value=["SPYM","CRCL","TSLA","NVDA","IAU","PPLT","MSTR","AMZN","SIVR","COIN"] actual="denominator:hemiBTC""
[2026-06-16T11:42:58.881Z] scanner-ws: delivered 1 log(s) (blocks 29128975..29128975)
[2026-06-16T11:43:00.309Z] scanner-http: scanned 29128958..29128975 (9 log(s), head=29128981, finalized=29128975)
[2026-06-16T11:43:00.767Z] scanner-http: scanned 29128976..29128976 (0 log(s), head=29128982, finalized=29128976)
[2026-06-16T11:43:11.937Z] scanner-http: scanned 29128977..29128993 (0 log(s), head=29128999, finalized=29128993)
[2026-06-16T11:43:12.420Z] scanner-http: scanned 29128994..29128994 (0 log(s), head=29129000, finalized=29128994)
[2026-06-16T11:43:19.738Z] [debug] daemon: condition-filtered router=client_test_01_router_default reason="condition failed: field="${enrichment.fullIntent.Symbol}" operator="in" value=["SPYM","CRCL","TSLA","NVDA","IAU","PPLT","MSTR","AMZN","SIVR","COIN"] actual="fairValue:spSEI""
[2026-06-16T11:43:19.746Z] scanner-ws: delivered 1 log(s) (blocks 29129013..29129013)
[2026-06-16T11:43:19.828Z] [debug] daemon: condition-filtered router=client_test_01_router_default reason="condition failed: field="${enrichment.fullIntent.Symbol}" operator="in" value=["SPYM","CRCL","TSLA","NVDA","IAU","PPLT","MSTR","AMZN","SIVR","COIN"] actual="usdValue:spSEI""
[2026-06-16T11:43:19.835Z] scanner-ws: delivered 1 log(s) (blocks 29129013..29129013)
[2026-06-16T11:43:19.842Z] [debug] daemon: condition-filtered router=client_test_01_router_default reason="condition failed: field="${enrichment.fullIntent.Symbol}" operator="in" value=["SPYM","CRCL","TSLA","NVDA","IAU","PPLT","MSTR","AMZN","SIVR","COIN"] actual="numerator:spSEI""
[2026-06-16T11:43:19.848Z] scanner-ws: delivered 1 log(s) (blocks 29129013..29129013)
[2026-06-16T11:43:19.852Z] [debug] daemon: condition-filtered router=client_test_01_router_default reason="condition failed: field="${enrichment.fullIntent.Symbol}" operator="in" value=["SPYM","CRCL","TSLA","NVDA","IAU","PPLT","MSTR","AMZN","SIVR","COIN"] actual="fairValue:hemiBTC""
[2026-06-16T11:43:19.859Z] scanner-ws: delivered 1 log(s) (blocks 29129013..29129013)
[2026-06-16T11:43:19.862Z] [debug] daemon: condition-filtered router=client_test_01_router_default reason="condition failed: field="${enrichment.fullIntent.Symbol}" operator="in" value=["SPYM","CRCL","TSLA","NVDA","IAU","PPLT","MSTR","AMZN","SIVR","COIN"] actual="denominator:spSEI""
[2026-06-16T11:43:19.868Z] scanner-ws: delivered 1 log(s) (blocks 29129013..29129013)
[2026-06-16T11:43:19.875Z] [debug] daemon: condition-filtered router=client_test_01_router_default reason="condition failed: field="${enrichment.fullIntent.Symbol}" operator="in" value=["SPYM","CRCL","TSLA","NVDA","IAU","PPLT","MSTR","AMZN","SIVR","COIN"] actual="numerator:hemiBTC""
[2026-06-16T11:43:19.884Z] [debug] daemon: condition-filtered router=client_test_01_router_default reason="condition failed: field="${enrichment.fullIntent.Symbol}" operator="in" value=["SPYM","CRCL","TSLA","NVDA","IAU","PPLT","MSTR","AMZN","SIVR","COIN"] actual="denominator:hemiBTC""
[2026-06-16T11:43:19.881Z] scanner-ws: delivered 1 log(s) (blocks 29129013..29129013)
[2026-06-16T11:43:19.889Z] scanner-ws: delivered 1 log(s) (blocks 29129013..29129013)
[2026-06-16T11:43:20.152Z] [debug] daemon: condition-filtered router=client_test_01_router_default reason="condition failed: field="${enrichment.fullIntent.Symbol}" operator="in" value=["SPYM","CRCL","TSLA","NVDA","IAU","PPLT","MSTR","AMZN","SIVR","COIN"] actual="usdValue:hemiBTC""
[2026-06-16T11:43:20.160Z] scanner-ws: delivered 1 log(s) (blocks 29129013..29129013)
[2026-06-16T11:43:23.468Z] scanner-http: scanned 29128995..29129014 (8 log(s), head=29129020, finalized=29129014)
[2026-06-16T11:43:23.950Z] scanner-http: scanned 29129015..29129015 (0 log(s), head=29129021, finalized=29129015)
[2026-06-16T11:43:24.379Z] scanner-http: scanned 29129016..29129017 (0 log(s), head=29129023, finalized=29129017)
[2026-06-16T11:43:35.216Z] scanner-http: scanned 29129018..29129041 (0 log(s), head=29129047, finalized=29129041)
[2026-06-16T11:43:35.673Z] scanner-http: scanned 29129042..29129042 (0 log(s), head=29129048, finalized=29129042)
[2026-06-16T11:43:40.947Z] [debug] daemon: condition-filtered router=client_test_01_router_default reason="condition failed: field="${enrichment.fullIntent.Symbol}" operator="in" value=["SPYM","CRCL","TSLA","NVDA","IAU","PPLT","MSTR","AMZN","SIVR","COIN"] actual="ARS/USDT""
[2026-06-16T11:43:40.954Z] scanner-ws: delivered 1 log(s) (blocks 29129058..29129058)
[2026-06-16T11:43:47.028Z] scanner-http: scanned 29129043..29129061 (1 log(s), head=29129067, finalized=29129061)
[2026-06-16T11:43:47.610Z] scanner-http: scanned 29129062..29129062 (0 log(s), head=29129068, finalized=29129062)
[2026-06-16T11:43:48.151Z] scanner-http: scanned 29129063..29129063 (0 log(s), head=29129069, finalized=29129063)
[2026-06-16T11:43:58.498Z] [debug] daemon: condition-filtered router=client_test_01_router_default reason="condition failed: field="${enrichment.fullIntent.Symbol}" operator="in" value=["SPYM","CRCL","TSLA","NVDA","IAU","PPLT","MSTR","AMZN","SIVR","COIN"] actual="fairValue:spSEI""
[2026-06-16T11:43:58.505Z] scanner-ws: delivered 1 log(s) (blocks 29129084..29129084)
[2026-06-16T11:43:58.566Z] [debug] daemon: condition-filtered router=client_test_01_router_default reason="condition failed: field="${enrichment.fullIntent.Symbol}" operator="in" value=["SPYM","CRCL","TSLA","NVDA","IAU","PPLT","MSTR","AMZN","SIVR","COIN"] actual="numerator:spSEI""
[2026-06-16T11:43:58.585Z] scanner-ws: delivered 1 log(s) (blocks 29129084..29129084)
[2026-06-16T11:43:58.597Z] [debug] daemon: condition-filtered router=client_test_01_router_default reason="condition failed: field="${enrichment.fullIntent.Symbol}" operator="in" value=["SPYM","CRCL","TSLA","NVDA","IAU","PPLT","MSTR","AMZN","SIVR","COIN"] actual="usdValue:spSEI""
[2026-06-16T11:43:58.610Z] scanner-ws: delivered 1 log(s) (blocks 29129084..29129084)
[2026-06-16T11:43:58.614Z] [debug] daemon: condition-filtered router=client_test_01_router_default reason="condition failed: field="${enrichment.fullIntent.Symbol}" operator="in" value=["SPYM","CRCL","TSLA","NVDA","IAU","PPLT","MSTR","AMZN","SIVR","COIN"] actual="numerator:hemiBTC""
[2026-06-16T11:43:58.642Z] [debug] daemon: condition-filtered router=client_test_01_router_default reason="condition failed: field="${enrichment.fullIntent.Symbol}" operator="in" value=["SPYM","CRCL","TSLA","NVDA","IAU","PPLT","MSTR","AMZN","SIVR","COIN"] actual="usdValue:hemiBTC""
[2026-06-16T11:43:58.660Z] scanner-ws: delivered 1 log(s) (blocks 29129084..29129084)
[2026-06-16T11:43:58.665Z] [debug] daemon: condition-filtered router=client_test_01_router_default reason="condition failed: field="${enrichment.fullIntent.Symbol}" operator="in" value=["SPYM","CRCL","TSLA","NVDA","IAU","PPLT","MSTR","AMZN","SIVR","COIN"] actual="denominator:hemiBTC""
[2026-06-16T11:43:58.672Z] scanner-ws: delivered 1 log(s) (blocks 29129084..29129084)
[2026-06-16T11:43:58.676Z] [debug] daemon: condition-filtered router=client_test_01_router_default reason="condition failed: field="${enrichment.fullIntent.Symbol}" operator="in" value=["SPYM","CRCL","TSLA","NVDA","IAU","PPLT","MSTR","AMZN","SIVR","COIN"] actual="fairValue:hemiBTC""
[2026-06-16T11:43:58.682Z] scanner-ws: delivered 1 log(s) (blocks 29129084..29129084)
[2026-06-16T11:43:58.631Z] scanner-ws: delivered 1 log(s) (blocks 29129084..29129084)
[2026-06-16T11:43:58.915Z] [debug] daemon: condition-filtered router=client_test_01_router_default reason="condition failed: field="${enrichment.fullIntent.Symbol}" operator="in" value=["SPYM","CRCL","TSLA","NVDA","IAU","PPLT","MSTR","AMZN","SIVR","COIN"] actual="denominator:spSEI""
[2026-06-16T11:43:58.922Z] scanner-ws: delivered 1 log(s) (blocks 29129084..29129084)
[2026-06-16T11:43:59.026Z] scanner-http: scanned 29129064..29129080 (0 log(s), head=29129086, finalized=29129080)
[2026-06-16T11:43:59.488Z] scanner-http: scanned 29129081..29129082 (0 log(s), head=29129088, finalized=29129082)
[2026-06-16T11:44:00.016Z] scanner-http: scanned 29129083..29129083 (0 log(s), head=29129089, finalized=29129083)
[2026-06-16T11:44:11.149Z] scanner-http: scanned 29129084..29129098 (8 log(s), head=29129104, finalized=29129098)
[2026-06-16T11:44:11.618Z] scanner-http: scanned 29129099..29129099 (0 log(s), head=29129105, finalized=29129099)
[2026-06-16T11:44:12.090Z] scanner-http: scanned 29129100..29129101 (0 log(s), head=29129107, finalized=29129101)
[2026-06-16T11:44:19.928Z] [debug] daemon: condition-filtered router=client_test_01_router_default reason="condition failed: field="${enrichment.fullIntent.Symbol}" operator="in" value=["SPYM","CRCL","TSLA","NVDA","IAU","PPLT","MSTR","AMZN","SIVR","COIN"] actual="fairValue:spSEI""
[2026-06-16T11:44:19.936Z] scanner-ws: delivered 1 log(s) (blocks 29129120..29129120)
[2026-06-16T11:44:20.019Z] [debug] daemon: condition-filtered router=client_test_01_router_default reason="condition failed: field="${enrichment.fullIntent.Symbol}" operator="in" value=["SPYM","CRCL","TSLA","NVDA","IAU","PPLT","MSTR","AMZN","SIVR","COIN"] actual="numerator:spSEI""
[2026-06-16T11:44:20.026Z] scanner-ws: delivered 1 log(s) (blocks 29129120..29129120)
[2026-06-16T11:44:20.035Z] [debug] daemon: condition-filtered router=client_test_01_router_default reason="condition failed: field="${enrichment.fullIntent.Symbol}" operator="in" value=["SPYM","CRCL","TSLA","NVDA","IAU","PPLT","MSTR","AMZN","SIVR","COIN"] actual="denominator:hemiBTC""
[2026-06-16T11:44:20.041Z] scanner-ws: delivered 1 log(s) (blocks 29129120..29129120)
[2026-06-16T11:44:20.045Z] [debug] daemon: condition-filtered router=client_test_01_router_default reason="condition failed: field="${enrichment.fullIntent.Symbol}" operator="in" value=["SPYM","CRCL","TSLA","NVDA","IAU","PPLT","MSTR","AMZN","SIVR","COIN"] actual="denominator:spSEI""
[2026-06-16T11:44:20.052Z] scanner-ws: delivered 1 log(s) (blocks 29129120..29129120)
[2026-06-16T11:44:20.056Z] [debug] daemon: condition-filtered router=client_test_01_router_default reason="condition failed: field="${enrichment.fullIntent.Symbol}" operator="in" value=["SPYM","CRCL","TSLA","NVDA","IAU","PPLT","MSTR","AMZN","SIVR","COIN"] actual="usdValue:spSEI""
[2026-06-16T11:44:20.063Z] scanner-ws: delivered 1 log(s) (blocks 29129120..29129120)
[2026-06-16T11:44:20.074Z] scanner-ws: delivered 1 log(s) (blocks 29129120..29129120)
[2026-06-16T11:44:20.067Z] [debug] daemon: condition-filtered router=client_test_01_router_default reason="condition failed: field="${enrichment.fullIntent.Symbol}" operator="in" value=["SPYM","CRCL","TSLA","NVDA","IAU","PPLT","MSTR","AMZN","SIVR","COIN"] actual="numerator:hemiBTC""
[2026-06-16T11:44:20.077Z] [debug] daemon: condition-filtered router=client_test_01_router_default reason="condition failed: field="${enrichment.fullIntent.Symbol}" operator="in" value=["SPYM","CRCL","TSLA","NVDA","IAU","PPLT","MSTR","AMZN","SIVR","COIN"] actual="usdValue:hemiBTC""
[2026-06-16T11:44:20.088Z] scanner-ws: delivered 1 log(s) (blocks 29129120..29129120)
[2026-06-16T11:44:20.095Z] [debug] daemon: condition-filtered router=client_test_01_router_default reason="condition failed: field="${enrichment.fullIntent.Symbol}" operator="in" value=["SPYM","CRCL","TSLA","NVDA","IAU","PPLT","MSTR","AMZN","SIVR","COIN"] actual="fairValue:hemiBTC""
[2026-06-16T11:44:20.102Z] scanner-ws: delivered 1 log(s) (blocks 29129120..29129120)
[2026-06-16T11:44:22.782Z] scanner-http: scanned 29129102..29129119 (0 log(s), head=29129125, finalized=29129119)
[2026-06-16T11:44:23.432Z] scanner-http: scanned 29129120..29129120 (8 log(s), head=29129126, finalized=29129120)
[2026-06-16T11:44:34.303Z] scanner-http: scanned 29129121..29129136 (0 log(s), head=29129142, finalized=29129136)
[2026-06-16T11:44:34.769Z] scanner-http: scanned 29129137..29129137 (0 log(s), head=29129143, finalized=29129137)
[2026-06-16T11:44:35.222Z] scanner-http: scanned 29129138..29129138 (0 log(s), head=29129144, finalized=29129138)
[2026-06-16T11:44:35.687Z] scanner-http: scanned 29129139..29129139 (0 log(s), head=29129145, finalized=29129139)
[2026-06-16T11:44:41.009Z] [debug] daemon: condition-filtered router=client_test_01_router_default reason="condition failed: field="${enrichment.fullIntent.Symbol}" operator="in" value=["SPYM","CRCL","TSLA","NVDA","IAU","PPLT","MSTR","AMZN","SIVR","COIN"] actual="ARS/USDT""
[2026-06-16T11:44:41.015Z] scanner-ws: delivered 1 log(s) (blocks 29129156..29129156)
[2026-06-16T11:44:41.436Z] [debug] daemon: policy-filtered router=client_test_01_router_default dest=0
[2026-06-16T11:44:41.442Z] scanner-ws: delivered 1 log(s) (blocks 29129157..29129157)
[2026-06-16T11:44:47.133Z] scanner-http: scanned 29129140..29129163 (2 log(s), head=29129169, finalized=29129163)
[2026-06-16T11:44:47.606Z] scanner-http: scanned 29129164..29129164 (0 log(s), head=29129170, finalized=29129164)
[2026-06-16T11:44:48.100Z] scanner-http: scanned 29129165..29129165 (0 log(s), head=29129171, finalized=29129165)
[2026-06-16T11:44:48.600Z] scanner-http: scanned 29129166..29129166 (0 log(s), head=29129172, finalized=29129166)
[2026-06-16T11:44:49.081Z] scanner-http: scanned 29129167..29129168 (0 log(s), head=29129174, finalized=29129168)
[2026-06-16T11:44:58.443Z] [debug] daemon: condition-filtered router=client_test_01_router_default reason="condition failed: field="${enrichment.fullIntent.Symbol}" operator="in" value=["SPYM","CRCL","TSLA","NVDA","IAU","PPLT","MSTR","AMZN","SIVR","COIN"] actual="fairValue:spSEI""
[2026-06-16T11:44:58.450Z] scanner-ws: delivered 1 log(s) (blocks 29129193..29129193)
[2026-06-16T11:44:58.538Z] [debug] daemon: condition-filtered router=client_test_01_router_default reason="condition failed: field="${enrichment.fullIntent.Symbol}" operator="in" value=["SPYM","CRCL","TSLA","NVDA","IAU","PPLT","MSTR","AMZN","SIVR","COIN"] actual="numerator:spSEI""
[2026-06-16T11:44:58.545Z] scanner-ws: delivered 1 log(s) (blocks 29129193..29129193)
[2026-06-16T11:44:58.552Z] [debug] daemon: condition-filtered router=client_test_01_router_default reason="condition failed: field="${enrichment.fullIntent.Symbol}" operator="in" value=["SPYM","CRCL","TSLA","NVDA","IAU","PPLT","MSTR","AMZN","SIVR","COIN"] actual="numerator:hemiBTC""
[2026-06-16T11:44:58.558Z] scanner-ws: delivered 1 log(s) (blocks 29129193..29129193)
[2026-06-16T11:44:58.561Z] [debug] daemon: condition-filtered router=client_test_01_router_default reason="condition failed: field="${enrichment.fullIntent.Symbol}" operator="in" value=["SPYM","CRCL","TSLA","NVDA","IAU","PPLT","MSTR","AMZN","SIVR","COIN"] actual="usdValue:spSEI""
[2026-06-16T11:44:58.567Z] scanner-ws: delivered 1 log(s) (blocks 29129193..29129193)
[2026-06-16T11:44:58.570Z] [debug] daemon: condition-filtered router=client_test_01_router_default reason="condition failed: field="${enrichment.fullIntent.Symbol}" operator="in" value=["SPYM","CRCL","TSLA","NVDA","IAU","PPLT","MSTR","AMZN","SIVR","COIN"] actual="denominator:spSEI""
[2026-06-16T11:44:58.575Z] scanner-ws: delivered 1 log(s) (blocks 29129193..29129193)
[2026-06-16T11:44:58.579Z] [debug] daemon: condition-filtered router=client_test_01_router_default reason="condition failed: field="${enrichment.fullIntent.Symbol}" operator="in" value=["SPYM","CRCL","TSLA","NVDA","IAU","PPLT","MSTR","AMZN","SIVR","COIN"] actual="usdValue:hemiBTC""
[2026-06-16T11:44:58.584Z] scanner-ws: delivered 1 log(s) (blocks 29129193..29129193)
[2026-06-16T11:44:58.587Z] [debug] daemon: condition-filtered router=client_test_01_router_default reason="condition failed: field="${enrichment.fullIntent.Symbol}" operator="in" value=["SPYM","CRCL","TSLA","NVDA","IAU","PPLT","MSTR","AMZN","SIVR","COIN"] actual="denominator:hemiBTC""
[2026-06-16T11:44:58.593Z] scanner-ws: delivered 1 log(s) (blocks 29129193..29129193)
[2026-06-16T11:44:58.896Z] [debug] daemon: condition-filtered router=client_test_01_router_default reason="condition failed: field="${enrichment.fullIntent.Symbol}" operator="in" value=["SPYM","CRCL","TSLA","NVDA","IAU","PPLT","MSTR","AMZN","SIVR","COIN"] actual="fairValue:hemiBTC""
[2026-06-16T11:44:58.908Z] scanner-ws: delivered 1 log(s) (blocks 29129193..29129193)
[2026-06-16T11:44:59.738Z] scanner-http: scanned 29129169..29129191 (0 log(s), head=29129197, finalized=29129191)
[2026-06-16T11:45:00.190Z] scanner-http: scanned 29129192..29129192 (0 log(s), head=29129198, finalized=29129192)
[2026-06-16T11:45:00.856Z] scanner-http: scanned 29129193..29129193 (8 log(s), head=29129199, finalized=29129193)
[2026-06-16T11:45:11.720Z] scanner-http: scanned 29129194..29129207 (0 log(s), head=29129213, finalized=29129207)
[2026-06-16T11:45:20.003Z] [debug] daemon: condition-filtered router=client_test_01_router_default reason="condition failed: field="${enrichment.fullIntent.Symbol}" operator="in" value=["SPYM","CRCL","TSLA","NVDA","IAU","PPLT","MSTR","AMZN","SIVR","COIN"] actual="fairValue:spSEI""
[2026-06-16T11:45:20.009Z] scanner-ws: delivered 1 log(s) (blocks 29129227..29129227)
[2026-06-16T11:45:20.100Z] [debug] daemon: condition-filtered router=client_test_01_router_default reason="condition failed: field="${enrichment.fullIntent.Symbol}" operator="in" value=["SPYM","CRCL","TSLA","NVDA","IAU","PPLT","MSTR","AMZN","SIVR","COIN"] actual="usdValue:spSEI""
[2026-06-16T11:45:20.107Z] scanner-ws: delivered 1 log(s) (blocks 29129227..29129227)
[2026-06-16T11:45:20.117Z] scanner-ws: delivered 1 log(s) (blocks 29129227..29129227)
[2026-06-16T11:45:20.111Z] [debug] daemon: condition-filtered router=client_test_01_router_default reason="condition failed: field="${enrichment.fullIntent.Symbol}" operator="in" value=["SPYM","CRCL","TSLA","NVDA","IAU","PPLT","MSTR","AMZN","SIVR","COIN"] actual="numerator:spSEI""
[2026-06-16T11:45:20.124Z] [debug] daemon: condition-filtered router=client_test_01_router_default reason="condition failed: field="${enrichment.fullIntent.Symbol}" operator="in" value=["SPYM","CRCL","TSLA","NVDA","IAU","PPLT","MSTR","AMZN","SIVR","COIN"] actual="numerator:hemiBTC""
[2026-06-16T11:45:20.130Z] scanner-ws: delivered 1 log(s) (blocks 29129227..29129227)
[2026-06-16T11:45:20.134Z] [debug] daemon: condition-filtered router=client_test_01_router_default reason="condition failed: field="${enrichment.fullIntent.Symbol}" operator="in" value=["SPYM","CRCL","TSLA","NVDA","IAU","PPLT","MSTR","AMZN","SIVR","COIN"] actual="denominator:spSEI""
[2026-06-16T11:45:20.138Z] scanner-ws: delivered 1 log(s) (blocks 29129227..29129227)
[2026-06-16T11:45:20.141Z] [debug] daemon: condition-filtered router=client_test_01_router_default reason="condition failed: field="${enrichment.fullIntent.Symbol}" operator="in" value=["SPYM","CRCL","TSLA","NVDA","IAU","PPLT","MSTR","AMZN","SIVR","COIN"] actual="denominator:hemiBTC""
[2026-06-16T11:45:20.145Z] scanner-ws: delivered 1 log(s) (blocks 29129227..29129227)
[2026-06-16T11:45:20.424Z] [debug] daemon: condition-filtered router=client_test_01_router_default reason="condition failed: field="${enrichment.fullIntent.Symbol}" operator="in" value=["SPYM","CRCL","TSLA","NVDA","IAU","PPLT","MSTR","AMZN","SIVR","COIN"] actual="fairValue:hemiBTC""
[2026-06-16T11:45:20.432Z] scanner-ws: delivered 1 log(s) (blocks 29129227..29129227)
[2026-06-16T11:45:20.484Z] [debug] daemon: condition-filtered router=client_test_01_router_default reason="condition failed: field="${enrichment.fullIntent.Symbol}" operator="in" value=["SPYM","CRCL","TSLA","NVDA","IAU","PPLT","MSTR","AMZN","SIVR","COIN"] actual="usdValue:hemiBTC""
[2026-06-16T11:45:20.491Z] scanner-ws: delivered 1 log(s) (blocks 29129227..29129227)
[2026-06-16T11:45:22.431Z] scanner-http: scanned 29129208..29129226 (0 log(s), head=29129232, finalized=29129226)
[2026-06-16T11:45:23.268Z] scanner-http: scanned 29129227..29129227 (8 log(s), head=29129233, finalized=29129227)
[2026-06-16T11:45:23.738Z] scanner-http: scanned 29129228..29129228 (0 log(s), head=29129234, finalized=29129228)
[2026-06-16T11:45:24.232Z] scanner-http: scanned 29129229..29129229 (0 log(s), head=29129235, finalized=29129229)
[2026-06-16T11:45:24.702Z] scanner-http: scanned 29129230..29129231 (0 log(s), head=29129237, finalized=29129231)
[2026-06-16T11:45:35.593Z] scanner-http: scanned 29129232..29129246 (0 log(s), head=29129252, finalized=29129246)
[2026-06-16T11:45:36.030Z] scanner-http: scanned 29129247..29129247 (0 log(s), head=29129253, finalized=29129247)
[2026-06-16T11:45:41.099Z] [debug] daemon: condition-filtered router=client_test_01_router_default reason="condition failed: field="${enrichment.fullIntent.Symbol}" operator="in" value=["SPYM","CRCL","TSLA","NVDA","IAU","PPLT","MSTR","AMZN","SIVR","COIN"] actual="ARS/USDT""
[2026-06-16T11:45:41.104Z] scanner-ws: delivered 1 log(s) (blocks 29129261..29129261)
[2026-06-16T11:45:47.133Z] scanner-http: scanned 29129248..29129265 (1 log(s), head=29129271, finalized=29129265)
[2026-06-16T11:45:47.607Z] scanner-http: scanned 29129266..29129266 (0 log(s), head=29129272, finalized=29129266)
[2026-06-16T11:45:48.068Z] scanner-http: scanned 29129267..29129267 (0 log(s), head=29129273, finalized=29129267)
[2026-06-16T11:45:48.534Z] scanner-http: scanned 29129268..29129269 (0 log(s), head=29129275, finalized=29129269)
[2026-06-16T11:45:58.944Z] [debug] daemon: condition-filtered router=client_test_01_router_default reason="condition failed: field="${enrichment.fullIntent.Symbol}" operator="in" value=["SPYM","CRCL","TSLA","NVDA","IAU","PPLT","MSTR","AMZN","SIVR","COIN"] actual="fairValue:spSEI""
[2026-06-16T11:45:58.950Z] scanner-ws: delivered 1 log(s) (blocks 29129289..29129289)
[2026-06-16T11:45:59.106Z] [debug] daemon: condition-filtered router=client_test_01_router_default reason="condition failed: field="${enrichment.fullIntent.Symbol}" operator="in" value=["SPYM","CRCL","TSLA","NVDA","IAU","PPLT","MSTR","AMZN","SIVR","COIN"] actual="usdValue:spSEI""
[2026-06-16T11:45:59.111Z] scanner-ws: delivered 1 log(s) (blocks 29129289..29129289)
[2026-06-16T11:45:59.128Z] [debug] daemon: condition-filtered router=client_test_01_router_default reason="condition failed: field="${enrichment.fullIntent.Symbol}" operator="in" value=["SPYM","CRCL","TSLA","NVDA","IAU","PPLT","MSTR","AMZN","SIVR","COIN"] actual="denominator:hemiBTC""
[2026-06-16T11:45:59.133Z] scanner-ws: delivered 1 log(s) (blocks 29129289..29129289)
[2026-06-16T11:45:59.137Z] [debug] daemon: condition-filtered router=client_test_01_router_default reason="condition failed: field="${enrichment.fullIntent.Symbol}" operator="in" value=["SPYM","CRCL","TSLA","NVDA","IAU","PPLT","MSTR","AMZN","SIVR","COIN"] actual="denominator:spSEI""
[2026-06-16T11:45:59.141Z] scanner-ws: delivered 1 log(s) (blocks 29129289..29129289)
[2026-06-16T11:45:59.143Z] [debug] daemon: condition-filtered router=client_test_01_router_default reason="condition failed: field="${enrichment.fullIntent.Symbol}" operator="in" value=["SPYM","CRCL","TSLA","NVDA","IAU","PPLT","MSTR","AMZN","SIVR","COIN"] actual="fairValue:hemiBTC""
[2026-06-16T11:45:59.149Z] scanner-ws: delivered 1 log(s) (blocks 29129289..29129289)
[2026-06-16T11:45:59.150Z] [debug] daemon: condition-filtered router=client_test_01_router_default reason="condition failed: field="${enrichment.fullIntent.Symbol}" operator="in" value=["SPYM","CRCL","TSLA","NVDA","IAU","PPLT","MSTR","AMZN","SIVR","COIN"] actual="usdValue:hemiBTC""
[2026-06-16T11:45:59.155Z] scanner-ws: delivered 1 log(s) (blocks 29129289..29129289)
[2026-06-16T11:45:59.162Z] [debug] daemon: condition-filtered router=client_test_01_router_default reason="condition failed: field="${enrichment.fullIntent.Symbol}" operator="in" value=["SPYM","CRCL","TSLA","NVDA","IAU","PPLT","MSTR","AMZN","SIVR","COIN"] actual="numerator:hemiBTC""
[2026-06-16T11:45:59.166Z] scanner-ws: delivered 1 log(s) (blocks 29129289..29129289)
[2026-06-16T11:45:59.171Z] [debug] daemon: condition-filtered router=client_test_01_router_default reason="condition failed: field="${enrichment.fullIntent.Symbol}" operator="in" value=["SPYM","CRCL","TSLA","NVDA","IAU","PPLT","MSTR","AMZN","SIVR","COIN"] actual="numerator:spSEI""
[2026-06-16T11:45:59.177Z] scanner-ws: delivered 1 log(s) (blocks 29129289..29129289)
[2026-06-16T11:45:59.429Z] scanner-http: scanned 29129270..29129288 (0 log(s), head=29129294, finalized=29129288)
[2026-06-16T11:46:10.560Z] scanner-http: scanned 29129289..29129306 (8 log(s), head=29129312, finalized=29129306)
[2026-06-16T11:46:11.021Z] scanner-http: scanned 29129307..29129307 (0 log(s), head=29129313, finalized=29129307)
[2026-06-16T11:46:11.491Z] scanner-http: scanned 29129308..29129310 (0 log(s), head=29129316, finalized=29129310)
[2026-06-16T11:46:20.287Z] [debug] daemon: condition-filtered router=client_test_01_router_default reason="condition failed: field="${enrichment.fullIntent.Symbol}" operator="in" value=["SPYM","CRCL","TSLA","NVDA","IAU","PPLT","MSTR","AMZN","SIVR","COIN"] actual="fairValue:spSEI""
[2026-06-16T11:46:20.296Z] scanner-ws: delivered 1 log(s) (blocks 29129334..29129334)
[2026-06-16T11:46:20.427Z] [debug] daemon: condition-filtered router=client_test_01_router_default reason="condition failed: field="${enrichment.fullIntent.Symbol}" operator="in" value=["SPYM","CRCL","TSLA","NVDA","IAU","PPLT","MSTR","AMZN","SIVR","COIN"] actual="usdValue:spSEI""
[2026-06-16T11:46:20.434Z] scanner-ws: delivered 1 log(s) (blocks 29129334..29129334)
[2026-06-16T11:46:20.438Z] [debug] daemon: condition-filtered router=client_test_01_router_default reason="condition failed: field="${enrichment.fullIntent.Symbol}" operator="in" value=["SPYM","CRCL","TSLA","NVDA","IAU","PPLT","MSTR","AMZN","SIVR","COIN"] actual="numerator:spSEI""
[2026-06-16T11:46:20.442Z] scanner-ws: delivered 1 log(s) (blocks 29129334..29129334)
[2026-06-16T11:46:20.450Z] [debug] daemon: condition-filtered router=client_test_01_router_default reason="condition failed: field="${enrichment.fullIntent.Symbol}" operator="in" value=["SPYM","CRCL","TSLA","NVDA","IAU","PPLT","MSTR","AMZN","SIVR","COIN"] actual="denominator:spSEI""
[2026-06-16T11:46:20.458Z] scanner-ws: delivered 1 log(s) (blocks 29129334..29129334)
[2026-06-16T11:46:20.464Z] [debug] daemon: condition-filtered router=client_test_01_router_default reason="condition failed: field="${enrichment.fullIntent.Symbol}" operator="in" value=["SPYM","CRCL","TSLA","NVDA","IAU","PPLT","MSTR","AMZN","SIVR","COIN"] actual="denominator:hemiBTC""
[2026-06-16T11:46:20.469Z] scanner-ws: delivered 1 log(s) (blocks 29129334..29129334)
[2026-06-16T11:46:20.480Z] [debug] daemon: condition-filtered router=client_test_01_router_default reason="condition failed: field="${enrichment.fullIntent.Symbol}" operator="in" value=["SPYM","CRCL","TSLA","NVDA","IAU","PPLT","MSTR","AMZN","SIVR","COIN"] actual="usdValue:hemiBTC""
[2026-06-16T11:46:20.486Z] scanner-ws: delivered 1 log(s) (blocks 29129334..29129334)
[2026-06-16T11:46:20.490Z] [debug] daemon: condition-filtered router=client_test_01_router_default reason="condition failed: field="${enrichment.fullIntent.Symbol}" operator="in" value=["SPYM","CRCL","TSLA","NVDA","IAU","PPLT","MSTR","AMZN","SIVR","COIN"] actual="numerator:hemiBTC""
[2026-06-16T11:46:20.494Z] scanner-ws: delivered 1 log(s) (blocks 29129334..29129334)
[2026-06-16T11:46:20.510Z] [debug] daemon: condition-filtered router=client_test_01_router_default reason="condition failed: field="${enrichment.fullIntent.Symbol}" operator="in" value=["SPYM","CRCL","TSLA","NVDA","IAU","PPLT","MSTR","AMZN","SIVR","COIN"] actual="fairValue:hemiBTC""
[2026-06-16T11:46:20.514Z] scanner-ws: delivered 1 log(s) (blocks 29129334..29129334)
[2026-06-16T11:46:22.157Z] scanner-http: scanned 29129311..29129332 (0 log(s), head=29129338, finalized=29129332)
[2026-06-16T11:46:22.607Z] scanner-http: scanned 29129333..29129333 (0 log(s), head=29129339, finalized=29129333)
[2026-06-16T11:46:23.236Z] scanner-http: scanned 29129334..29129334 (8 log(s), head=29129340, finalized=29129334)
[2026-06-16T11:46:34.147Z] scanner-http: scanned 29129335..29129350 (0 log(s), head=29129356, finalized=29129350)
[2026-06-16T11:46:41.152Z] [debug] daemon: condition-filtered router=client_test_01_router_default reason="condition failed: field="${enrichment.fullIntent.Symbol}" operator="in" value=["SPYM","CRCL","TSLA","NVDA","IAU","PPLT","MSTR","AMZN","SIVR","COIN"] actual="ARS/USDT""
[2026-06-16T11:46:41.157Z] scanner-ws: delivered 1 log(s) (blocks 29129368..29129368)
[2026-06-16T11:46:45.199Z] scanner-http: scanned 29129351..29129369 (1 log(s), head=29129375, finalized=29129369)
[2026-06-16T11:46:45.659Z] scanner-http: scanned 29129370..29129372 (0 log(s), head=29129378, finalized=29129372)
[2026-06-16T11:46:46.119Z] scanner-http: scanned 29129373..29129373 (0 log(s), head=29129379, finalized=29129373)
[2026-06-16T11:46:57.463Z] scanner-http: scanned 29129374..29129388 (0 log(s), head=29129394, finalized=29129388)
[2026-06-16T11:46:57.961Z] scanner-http: scanned 29129389..29129389 (0 log(s), head=29129395, finalized=29129389)
[2026-06-16T11:46:58.480Z] [debug] daemon: condition-filtered router=client_test_01_router_default reason="condition failed: field="${enrichment.fullIntent.Symbol}" operator="in" value=["SPYM","CRCL","TSLA","NVDA","IAU","PPLT","MSTR","AMZN","SIVR","COIN"] actual="usdValue:spSEI""
[2026-06-16T11:46:58.484Z] scanner-ws: delivered 1 log(s) (blocks 29129396..29129396)
[2026-06-16T11:46:58.488Z] [debug] daemon: condition-filtered router=client_test_01_router_default reason="condition failed: field="${enrichment.fullIntent.Symbol}" operator="in" value=["SPYM","CRCL","TSLA","NVDA","IAU","PPLT","MSTR","AMZN","SIVR","COIN"] actual="fairValue:spSEI""
[2026-06-16T11:46:58.496Z] scanner-ws: delivered 1 log(s) (blocks 29129396..29129396)
[2026-06-16T11:46:58.555Z] scanner-http: scanned 29129390..29129391 (0 log(s), head=29129397, finalized=29129391)
[2026-06-16T11:46:58.812Z] [debug] daemon: condition-filtered router=client_test_01_router_default reason="condition failed: field="${enrichment.fullIntent.Symbol}" operator="in" value=["SPYM","CRCL","TSLA","NVDA","IAU","PPLT","MSTR","AMZN","SIVR","COIN"] actual="denominator:spSEI""
[2026-06-16T11:46:58.819Z] scanner-ws: delivered 1 log(s) (blocks 29129396..29129396)
[2026-06-16T11:46:58.879Z] [debug] daemon: condition-filtered router=client_test_01_router_default reason="condition failed: field="${enrichment.fullIntent.Symbol}" operator="in" value=["SPYM","CRCL","TSLA","NVDA","IAU","PPLT","MSTR","AMZN","SIVR","COIN"] actual="numerator:spSEI""
[2026-06-16T11:46:58.884Z] scanner-ws: delivered 1 log(s) (blocks 29129396..29129396)
[2026-06-16T11:46:58.968Z] [debug] daemon: condition-filtered router=client_test_01_router_default reason="condition failed: field="${enrichment.fullIntent.Symbol}" operator="in" value=["SPYM","CRCL","TSLA","NVDA","IAU","PPLT","MSTR","AMZN","SIVR","COIN"] actual="denominator:hemiBTC""
[2026-06-16T11:46:58.975Z] scanner-ws: delivered 1 log(s) (blocks 29129396..29129396)
[2026-06-16T11:46:59.010Z] [debug] daemon: condition-filtered router=client_test_01_router_default reason="condition failed: field="${enrichment.fullIntent.Symbol}" operator="in" value=["SPYM","CRCL","TSLA","NVDA","IAU","PPLT","MSTR","AMZN","SIVR","COIN"] actual="numerator:hemiBTC""
[2026-06-16T11:46:59.017Z] scanner-ws: delivered 1 log(s) (blocks 29129396..29129396)
[2026-06-16T11:46:59.025Z] scanner-http: scanned 29129392..29129392 (0 log(s), head=29129398, finalized=29129392)
[2026-06-16T11:46:59.070Z] [debug] daemon: condition-filtered router=client_test_01_router_default reason="condition failed: field="${enrichment.fullIntent.Symbol}" operator="in" value=["SPYM","CRCL","TSLA","NVDA","IAU","PPLT","MSTR","AMZN","SIVR","COIN"] actual="usdValue:hemiBTC""
[2026-06-16T11:46:59.080Z] scanner-ws: delivered 1 log(s) (blocks 29129396..29129396)
[2026-06-16T11:46:59.509Z] scanner-http: scanned 29129393..29129395 (0 log(s), head=29129401, finalized=29129395)
[2026-06-16T11:47:00.139Z] [debug] daemon: condition-filtered router=client_test_01_router_default reason="condition failed: field="${enrichment.fullIntent.Symbol}" operator="in" value=["SPYM","CRCL","TSLA","NVDA","IAU","PPLT","MSTR","AMZN","SIVR","COIN"] actual="fairValue:hemiBTC""
[2026-06-16T11:47:00.144Z] scanner-ws: delivered 1 log(s) (blocks 29129396..29129396)
[2026-06-16T11:47:10.618Z] scanner-http: scanned 29129396..29129409 (8 log(s), head=29129415, finalized=29129409)
[2026-06-16T11:47:20.724Z] [debug] daemon: condition-filtered router=client_test_01_router_default reason="condition failed: field="${enrichment.fullIntent.Symbol}" operator="in" value=["SPYM","CRCL","TSLA","NVDA","IAU","PPLT","MSTR","AMZN","SIVR","COIN"] actual="fairValue:spSEI""
[2026-06-16T11:47:20.731Z] scanner-ws: delivered 1 log(s) (blocks 29129432..29129432)
[2026-06-16T11:47:20.821Z] [debug] daemon: condition-filtered router=client_test_01_router_default reason="condition failed: field="${enrichment.fullIntent.Symbol}" operator="in" value=["SPYM","CRCL","TSLA","NVDA","IAU","PPLT","MSTR","AMZN","SIVR","COIN"] actual="numerator:spSEI""
[2026-06-16T11:47:20.827Z] scanner-ws: delivered 1 log(s) (blocks 29129432..29129432)
[2026-06-16T11:47:20.836Z] scanner-ws: delivered 1 log(s) (blocks 29129432..29129432)
[2026-06-16T11:47:20.831Z] [debug] daemon: condition-filtered router=client_test_01_router_default reason="condition failed: field="${enrichment.fullIntent.Symbol}" operator="in" value=["SPYM","CRCL","TSLA","NVDA","IAU","PPLT","MSTR","AMZN","SIVR","COIN"] actual="usdValue:spSEI""
[2026-06-16T11:47:20.844Z] [debug] daemon: condition-filtered router=client_test_01_router_default reason="condition failed: field="${enrichment.fullIntent.Symbol}" operator="in" value=["SPYM","CRCL","TSLA","NVDA","IAU","PPLT","MSTR","AMZN","SIVR","COIN"] actual="denominator:hemiBTC""
[2026-06-16T11:47:20.848Z] scanner-ws: delivered 1 log(s) (blocks 29129432..29129432)
[2026-06-16T11:47:20.851Z] [debug] daemon: condition-filtered router=client_test_01_router_default reason="condition failed: field="${enrichment.fullIntent.Symbol}" operator="in" value=["SPYM","CRCL","TSLA","NVDA","IAU","PPLT","MSTR","AMZN","SIVR","COIN"] actual="denominator:spSEI""
[2026-06-16T11:47:20.855Z] scanner-ws: delivered 1 log(s) (blocks 29129432..29129432)
[2026-06-16T11:47:20.858Z] [debug] daemon: condition-filtered router=client_test_01_router_default reason="condition failed: field="${enrichment.fullIntent.Symbol}" operator="in" value=["SPYM","CRCL","TSLA","NVDA","IAU","PPLT","MSTR","AMZN","SIVR","COIN"] actual="numerator:hemiBTC""
[2026-06-16T11:47:20.862Z] scanner-ws: delivered 1 log(s) (blocks 29129432..29129432)
[2026-06-16T11:47:21.281Z] scanner-http: scanned 29129410..29129429 (0 log(s), head=29129435, finalized=29129429)
[2026-06-16T11:47:21.344Z] [debug] daemon: condition-filtered router=client_test_01_router_default reason="condition failed: field="${enrichment.fullIntent.Symbol}" operator="in" value=["SPYM","CRCL","TSLA","NVDA","IAU","PPLT","MSTR","AMZN","SIVR","COIN"] actual="usdValue:hemiBTC""
[2026-06-16T11:47:21.348Z] scanner-ws: delivered 1 log(s) (blocks 29129432..29129432)
[2026-06-16T11:47:21.501Z] [debug] daemon: condition-filtered router=client_test_01_router_default reason="condition failed: field="${enrichment.fullIntent.Symbol}" operator="in" value=["SPYM","CRCL","TSLA","NVDA","IAU","PPLT","MSTR","AMZN","SIVR","COIN"] actual="fairValue:hemiBTC""
[2026-06-16T11:47:21.507Z] scanner-ws: delivered 1 log(s) (blocks 29129432..29129432)
[2026-06-16T11:47:32.667Z] scanner-http: scanned 29129430..29129451 (8 log(s), head=29129457, finalized=29129451)
[2026-06-16T11:47:33.121Z] scanner-http: scanned 29129452..29129454 (0 log(s), head=29129460, finalized=29129454)
[2026-06-16T11:47:41.011Z] [debug] daemon: condition-filtered router=client_test_01_router_default reason="condition failed: field="${enrichment.fullIntent.Symbol}" operator="in" value=["SPYM","CRCL","TSLA","NVDA","IAU","PPLT","MSTR","AMZN","SIVR","COIN"] actual="ARS/USDT""
[2026-06-16T11:47:41.017Z] scanner-ws: delivered 1 log(s) (blocks 29129473..29129473)
[2026-06-16T11:47:41.485Z] [debug] daemon: policy-filtered router=client_test_01_router_default dest=0
[2026-06-16T11:47:41.493Z] scanner-ws: delivered 1 log(s) (blocks 29129475..29129475)
[2026-06-16T11:47:44.043Z] scanner-http: scanned 29129455..29129474 (1 log(s), head=29129480, finalized=29129474)
[2026-06-16T11:47:44.748Z] scanner-http: scanned 29129475..29129475 (1 log(s), head=29129481, finalized=29129475)
[2026-06-16T11:47:45.198Z] scanner-http: scanned 29129476..29129477 (0 log(s), head=29129483, finalized=29129477)
[2026-06-16T11:47:56.033Z] scanner-http: scanned 29129478..29129491 (0 log(s), head=29129497, finalized=29129491)
[2026-06-16T11:47:58.357Z] [debug] daemon: condition-filtered router=client_test_01_router_default reason="condition failed: field="${enrichment.fullIntent.Symbol}" operator="in" value=["SPYM","CRCL","TSLA","NVDA","IAU","PPLT","MSTR","AMZN","SIVR","COIN"] actual="usdValue:spSEI""
[2026-06-16T11:47:58.363Z] scanner-ws: delivered 1 log(s) (blocks 29129499..29129499)
[2026-06-16T11:47:58.367Z] [debug] daemon: condition-filtered router=client_test_01_router_default reason="condition failed: field="${enrichment.fullIntent.Symbol}" operator="in" value=["SPYM","CRCL","TSLA","NVDA","IAU","PPLT","MSTR","AMZN","SIVR","COIN"] actual="fairValue:spSEI""
[2026-06-16T11:47:58.373Z] scanner-ws: delivered 1 log(s) (blocks 29129499..29129499)
[2026-06-16T11:47:58.440Z] [debug] daemon: condition-filtered router=client_test_01_router_default reason="condition failed: field="${enrichment.fullIntent.Symbol}" operator="in" value=["SPYM","CRCL","TSLA","NVDA","IAU","PPLT","MSTR","AMZN","SIVR","COIN"] actual="numerator:hemiBTC""
[2026-06-16T11:47:58.447Z] scanner-ws: delivered 1 log(s) (blocks 29129499..29129499)
[2026-06-16T11:47:58.454Z] [debug] daemon: condition-filtered router=client_test_01_router_default reason="condition failed: field="${enrichment.fullIntent.Symbol}" operator="in" value=["SPYM","CRCL","TSLA","NVDA","IAU","PPLT","MSTR","AMZN","SIVR","COIN"] actual="usdValue:hemiBTC""
[2026-06-16T11:47:58.459Z] scanner-ws: delivered 1 log(s) (blocks 29129499..29129499)
[2026-06-16T11:47:58.463Z] [debug] daemon: condition-filtered router=client_test_01_router_default reason="condition failed: field="${enrichment.fullIntent.Symbol}" operator="in" value=["SPYM","CRCL","TSLA","NVDA","IAU","PPLT","MSTR","AMZN","SIVR","COIN"] actual="denominator:hemiBTC""
[2026-06-16T11:47:58.471Z] scanner-ws: delivered 1 log(s) (blocks 29129499..29129499)
[2026-06-16T11:47:58.474Z] [debug] daemon: condition-filtered router=client_test_01_router_default reason="condition failed: field="${enrichment.fullIntent.Symbol}" operator="in" value=["SPYM","CRCL","TSLA","NVDA","IAU","PPLT","MSTR","AMZN","SIVR","COIN"] actual="numerator:spSEI""
[2026-06-16T11:47:58.481Z] scanner-ws: delivered 1 log(s) (blocks 29129499..29129499)
[2026-06-16T11:47:58.485Z] [debug] daemon: condition-filtered router=client_test_01_router_default reason="condition failed: field="${enrichment.fullIntent.Symbol}" operator="in" value=["SPYM","CRCL","TSLA","NVDA","IAU","PPLT","MSTR","AMZN","SIVR","COIN"] actual="fairValue:hemiBTC""
[2026-06-16T11:47:58.490Z] scanner-ws: delivered 1 log(s) (blocks 29129499..29129499)
[2026-06-16T11:47:58.802Z] [debug] daemon: condition-filtered router=client_test_01_router_default reason="condition failed: field="${enrichment.fullIntent.Symbol}" operator="in" value=["SPYM","CRCL","TSLA","NVDA","IAU","PPLT","MSTR","AMZN","SIVR","COIN"] actual="denominator:spSEI""
[2026-06-16T11:47:58.810Z] scanner-ws: delivered 1 log(s) (blocks 29129499..29129499)
[2026-06-16T11:48:07.122Z] scanner-http: scanned 29129492..29129508 (8 log(s), head=29129514, finalized=29129508)
[2026-06-16T11:48:17.995Z] scanner-http: scanned 29129509..29129523 (0 log(s), head=29129529, finalized=29129523)
[2026-06-16T11:48:20.052Z] [debug] daemon: condition-filtered router=client_test_01_router_default reason="condition failed: field="${enrichment.fullIntent.Symbol}" operator="in" value=["SPYM","CRCL","TSLA","NVDA","IAU","PPLT","MSTR","AMZN","SIVR","COIN"] actual="fairValue:spSEI""
[2026-06-16T11:48:20.058Z] scanner-ws: delivered 1 log(s) (blocks 29129533..29129533)
[2026-06-16T11:48:20.062Z] [debug] daemon: condition-filtered router=client_test_01_router_default reason="condition failed: field="${enrichment.fullIntent.Symbol}" operator="in" value=["SPYM","CRCL","TSLA","NVDA","IAU","PPLT","MSTR","AMZN","SIVR","COIN"] actual="usdValue:spSEI""
[2026-06-16T11:48:20.066Z] scanner-ws: delivered 1 log(s) (blocks 29129533..29129533)
[2026-06-16T11:48:20.144Z] [debug] daemon: condition-filtered router=client_test_01_router_default reason="condition failed: field="${enrichment.fullIntent.Symbol}" operator="in" value=["SPYM","CRCL","TSLA","NVDA","IAU","PPLT","MSTR","AMZN","SIVR","COIN"] actual="numerator:spSEI""
[2026-06-16T11:48:20.152Z] scanner-ws: delivered 1 log(s) (blocks 29129533..29129533)
[2026-06-16T11:48:20.162Z] [debug] daemon: condition-filtered router=client_test_01_router_default reason="condition failed: field="${enrichment.fullIntent.Symbol}" operator="in" value=["SPYM","CRCL","TSLA","NVDA","IAU","PPLT","MSTR","AMZN","SIVR","COIN"] actual="denominator:hemiBTC""
[2026-06-16T11:48:20.170Z] scanner-ws: delivered 1 log(s) (blocks 29129533..29129533)
[2026-06-16T11:48:20.174Z] [debug] daemon: condition-filtered router=client_test_01_router_default reason="condition failed: field="${enrichment.fullIntent.Symbol}" operator="in" value=["SPYM","CRCL","TSLA","NVDA","IAU","PPLT","MSTR","AMZN","SIVR","COIN"] actual="fairValue:hemiBTC""
[2026-06-16T11:48:20.182Z] scanner-ws: delivered 1 log(s) (blocks 29129533..29129533)
[2026-06-16T11:48:20.186Z] [debug] daemon: condition-filtered router=client_test_01_router_default reason="condition failed: field="${enrichment.fullIntent.Symbol}" operator="in" value=["SPYM","CRCL","TSLA","NVDA","IAU","PPLT","MSTR","AMZN","SIVR","COIN"] actual="denominator:spSEI""
[2026-06-16T11:48:20.194Z] scanner-ws: delivered 1 log(s) (blocks 29129533..29129533)
[2026-06-16T11:48:20.203Z] [debug] daemon: condition-filtered router=client_test_01_router_default reason="condition failed: field="${enrichment.fullIntent.Symbol}" operator="in" value=["SPYM","CRCL","TSLA","NVDA","IAU","PPLT","MSTR","AMZN","SIVR","COIN"] actual="numerator:hemiBTC""
[2026-06-16T11:48:20.209Z] scanner-ws: delivered 1 log(s) (blocks 29129533..29129533)
[2026-06-16T11:48:20.442Z] [debug] daemon: condition-filtered router=client_test_01_router_default reason="condition failed: field="${enrichment.fullIntent.Symbol}" operator="in" value=["SPYM","CRCL","TSLA","NVDA","IAU","PPLT","MSTR","AMZN","SIVR","COIN"] actual="usdValue:hemiBTC""
[2026-06-16T11:48:20.452Z] scanner-ws: delivered 1 log(s) (blocks 29129533..29129533)
[2026-06-16T11:48:29.200Z] scanner-http: scanned 29129524..29129541 (8 log(s), head=29129547, finalized=29129541)
[2026-06-16T11:48:29.653Z] scanner-http: scanned 29129542..29129543 (0 log(s), head=29129549, finalized=29129543)
[2026-06-16T11:48:40.528Z] scanner-http: scanned 29129544..29129564 (0 log(s), head=29129570, finalized=29129564)
[2026-06-16T11:48:40.906Z] [debug] daemon: condition-filtered router=client_test_01_router_default reason="condition failed: field="${enrichment.fullIntent.Symbol}" operator="in" value=["SPYM","CRCL","TSLA","NVDA","IAU","PPLT","MSTR","AMZN","SIVR","COIN"] actual="ARS/USDT""
[2026-06-16T11:48:40.911Z] scanner-ws: delivered 1 log(s) (blocks 29129571..29129571)
[2026-06-16T11:48:41.092Z] scanner-http: scanned 29129565..29129565 (0 log(s), head=29129571, finalized=29129565)
[2026-06-16T11:48:41.656Z] scanner-http: scanned 29129566..29129566 (0 log(s), head=29129572, finalized=29129566)
[2026-06-16T11:48:43.039Z] scanner-ws: delivered 1 log(s) (blocks 29129574..29129574)
[2026-06-16T11:48:52.799Z] scanner-http: scanned 29129567..29129590 (2 log(s), head=29129596, finalized=29129590)
[2026-06-16T11:48:53.230Z] scanner-http: scanned 29129591..29129593 (0 log(s), head=29129599, finalized=29129593)
[2026-06-16T11:48:58.588Z] [debug] daemon: condition-filtered router=client_test_01_router_default reason="condition failed: field="${enrichment.fullIntent.Symbol}" operator="in" value=["SPYM","CRCL","TSLA","NVDA","IAU","PPLT","MSTR","AMZN","SIVR","COIN"] actual="fairValue:spSEI""
[2026-06-16T11:48:58.594Z] scanner-ws: delivered 1 log(s) (blocks 29129607..29129607)
[2026-06-16T11:48:58.614Z] [debug] daemon: condition-filtered router=client_test_01_router_default reason="condition failed: field="${enrichment.fullIntent.Symbol}" operator="in" value=["SPYM","CRCL","TSLA","NVDA","IAU","PPLT","MSTR","AMZN","SIVR","COIN"] actual="numerator:spSEI""
[2026-06-16T11:48:58.619Z] scanner-ws: delivered 1 log(s) (blocks 29129607..29129607)
[2026-06-16T11:48:58.623Z] [debug] daemon: condition-filtered router=client_test_01_router_default reason="condition failed: field="${enrichment.fullIntent.Symbol}" operator="in" value=["SPYM","CRCL","TSLA","NVDA","IAU","PPLT","MSTR","AMZN","SIVR","COIN"] actual="denominator:spSEI""
[2026-06-16T11:48:58.633Z] scanner-ws: delivered 1 log(s) (blocks 29129607..29129607)
[2026-06-16T11:48:58.642Z] [debug] daemon: condition-filtered router=client_test_01_router_default reason="condition failed: field="${enrichment.fullIntent.Symbol}" operator="in" value=["SPYM","CRCL","TSLA","NVDA","IAU","PPLT","MSTR","AMZN","SIVR","COIN"] actual="denominator:hemiBTC""
[2026-06-16T11:48:58.654Z] scanner-ws: delivered 1 log(s) (blocks 29129607..29129607)
[2026-06-16T11:48:58.664Z] [debug] daemon: condition-filtered router=client_test_01_router_default reason="condition failed: field="${enrichment.fullIntent.Symbol}" operator="in" value=["SPYM","CRCL","TSLA","NVDA","IAU","PPLT","MSTR","AMZN","SIVR","COIN"] actual="usdValue:spSEI""
[2026-06-16T11:48:58.673Z] scanner-ws: delivered 1 log(s) (blocks 29129607..29129607)
[2026-06-16T11:48:58.680Z] [debug] daemon: condition-filtered router=client_test_01_router_default reason="condition failed: field="${enrichment.fullIntent.Symbol}" operator="in" value=["SPYM","CRCL","TSLA","NVDA","IAU","PPLT","MSTR","AMZN","SIVR","COIN"] actual="numerator:hemiBTC""
[2026-06-16T11:48:58.685Z] scanner-ws: delivered 1 log(s) (blocks 29129607..29129607)
[2026-06-16T11:48:58.690Z] [debug] daemon: condition-filtered router=client_test_01_router_default reason="condition failed: field="${enrichment.fullIntent.Symbol}" operator="in" value=["SPYM","CRCL","TSLA","NVDA","IAU","PPLT","MSTR","AMZN","SIVR","COIN"] actual="fairValue:hemiBTC""
[2026-06-16T11:48:58.694Z] scanner-ws: delivered 1 log(s) (blocks 29129607..29129607)
[2026-06-16T11:48:58.937Z] [debug] daemon: condition-filtered router=client_test_01_router_default reason="condition failed: field="${enrichment.fullIntent.Symbol}" operator="in" value=["SPYM","CRCL","TSLA","NVDA","IAU","PPLT","MSTR","AMZN","SIVR","COIN"] actual="usdValue:hemiBTC""
[2026-06-16T11:48:58.945Z] scanner-ws: delivered 1 log(s) (blocks 29129607..29129607)
[2026-06-16T11:49:04.390Z] scanner-http: scanned 29129594..29129612 (8 log(s), head=29129618, finalized=29129612)
[2026-06-16T11:49:04.891Z] scanner-http: scanned 29129613..29129613 (0 log(s), head=29129619, finalized=29129613)
[2026-06-16T11:49:05.409Z] scanner-http: scanned 29129614..29129615 (0 log(s), head=29129621, finalized=29129615)
[2026-06-16T11:49:12.981Z] [debug] [clients/client-test-01.json] submit: intentHash=0xc6e81da3d18a31e6db02157b39aeb7db2e76a4863d2c596241ae089fed3c8be6 symbol=NVDA
[2026-06-16T11:49:12.981Z] [debug] submitOracleUpdate: intentHash=0xc6e81da3d18a31e6db02157b39aeb7db2e76a4863d2c596241ae089fed3c8be6 symbol=NVDA
[2026-06-16T11:49:12.981Z] [debug] loading state: client=../state/mainnet_run_20260616-074413/clients/client-test-01.json protocol=../state/mainnet_run_20260616-074413/config-bootstrap.json
[2026-06-16T11:49:12.991Z] [debug] connecting to Cardano…
[2026-06-16T11:49:16.304Z] scanner-http: scanned 29129616..29129630 (0 log(s), head=29129636, finalized=29129630)
[2026-06-16T11:49:16.754Z] scanner-http: scanned 29129631..29129631 (0 log(s), head=29129637, finalized=29129631)
[2026-06-16T11:49:17.851Z] [debug] building oracle update tx for symbol=NVDA
[2026-06-16T11:49:20.098Z] [debug] daemon: condition-filtered router=client_test_01_router_default reason="condition failed: field="${enrichment.fullIntent.Symbol}" operator="in" value=["SPYM","CRCL","TSLA","NVDA","IAU","PPLT","MSTR","AMZN","SIVR","COIN"] actual="usdValue:spSEI""
[2026-06-16T11:49:20.104Z] scanner-ws: delivered 1 log(s) (blocks 29129644..29129644)
[2026-06-16T11:49:20.109Z] [debug] daemon: condition-filtered router=client_test_01_router_default reason="condition failed: field="${enrichment.fullIntent.Symbol}" operator="in" value=["SPYM","CRCL","TSLA","NVDA","IAU","PPLT","MSTR","AMZN","SIVR","COIN"] actual="fairValue:spSEI""
[2026-06-16T11:49:20.113Z] scanner-ws: delivered 1 log(s) (blocks 29129644..29129644)
[2026-06-16T11:49:20.176Z] [debug] daemon: condition-filtered router=client_test_01_router_default reason="condition failed: field="${enrichment.fullIntent.Symbol}" operator="in" value=["SPYM","CRCL","TSLA","NVDA","IAU","PPLT","MSTR","AMZN","SIVR","COIN"] actual="numerator:spSEI""
[2026-06-16T11:49:20.183Z] scanner-ws: delivered 1 log(s) (blocks 29129644..29129644)
[2026-06-16T11:49:20.189Z] [debug] daemon: condition-filtered router=client_test_01_router_default reason="condition failed: field="${enrichment.fullIntent.Symbol}" operator="in" value=["SPYM","CRCL","TSLA","NVDA","IAU","PPLT","MSTR","AMZN","SIVR","COIN"] actual="usdValue:hemiBTC""
[2026-06-16T11:49:20.193Z] scanner-ws: delivered 1 log(s) (blocks 29129644..29129644)
[2026-06-16T11:49:20.199Z] [debug] daemon: condition-filtered router=client_test_01_router_default reason="condition failed: field="${enrichment.fullIntent.Symbol}" operator="in" value=["SPYM","CRCL","TSLA","NVDA","IAU","PPLT","MSTR","AMZN","SIVR","COIN"] actual="fairValue:hemiBTC""
[2026-06-16T11:49:20.205Z] scanner-ws: delivered 1 log(s) (blocks 29129644..29129644)
[2026-06-16T11:49:20.210Z] [debug] daemon: condition-filtered router=client_test_01_router_default reason="condition failed: field="${enrichment.fullIntent.Symbol}" operator="in" value=["SPYM","CRCL","TSLA","NVDA","IAU","PPLT","MSTR","AMZN","SIVR","COIN"] actual="denominator:spSEI""
[2026-06-16T11:49:20.214Z] scanner-ws: delivered 1 log(s) (blocks 29129644..29129644)
[2026-06-16T11:49:20.535Z] [debug] daemon: condition-filtered router=client_test_01_router_default reason="condition failed: field="${enrichment.fullIntent.Symbol}" operator="in" value=["SPYM","CRCL","TSLA","NVDA","IAU","PPLT","MSTR","AMZN","SIVR","COIN"] actual="numerator:hemiBTC""
[2026-06-16T11:49:20.541Z] scanner-ws: delivered 1 log(s) (blocks 29129644..29129644)
[2026-06-16T11:49:20.564Z] [debug] daemon: condition-filtered router=client_test_01_router_default reason="condition failed: field="${enrichment.fullIntent.Symbol}" operator="in" value=["SPYM","CRCL","TSLA","NVDA","IAU","PPLT","MSTR","AMZN","SIVR","COIN"] actual="denominator:hemiBTC""
[2026-06-16T11:49:20.569Z] scanner-ws: delivered 1 log(s) (blocks 29129644..29129644)
[2026-06-16T11:49:23.693Z] [debug] submitted: txHash=37433d00cb0c4bfe12870dbbe689a4a36ea4df0689d926ad60e7787e69f24e3a intentHash=0xc6e81da3d18a31e6db02157b39aeb7db2e76a4863d2c596241ae089fed3c8be6
[2026-06-16T11:49:28.103Z] scanner-http: scanned 29129632..29129650 (8 log(s), head=29129656, finalized=29129650)
[2026-06-16T11:49:28.549Z] scanner-http: scanned 29129651..29129652 (0 log(s), head=29129658, finalized=29129652)
[2026-06-16T11:49:39.399Z] scanner-http: scanned 29129653..29129669 (0 log(s), head=29129675, finalized=29129669)
[2026-06-16T11:49:39.838Z] scanner-http: scanned 29129670..29129670 (0 log(s), head=29129676, finalized=29129670)
[2026-06-16T11:49:40.366Z] [debug] Confirmed by Blockfrost: oracle update (NVDA, intentHash=0xc6e81da3d18a31e6db02157b39aeb7db2e76a4863d2c596241ae089fed3c8be6) 37433d00cb0c4bfe12870dbbe689a4a36ea4df0689d926ad60e7787e69f24e3a.
[2026-06-16T11:49:40.918Z] [debug] daemon: condition-filtered router=client_test_01_router_default reason="condition failed: field="${enrichment.fullIntent.Symbol}" operator="in" value=["SPYM","CRCL","TSLA","NVDA","IAU","PPLT","MSTR","AMZN","SIVR","COIN"] actual="ARS/USDT""
[2026-06-16T11:49:40.924Z] scanner-ws: delivered 1 log(s) (blocks 29129678..29129678)
[2026-06-16T11:49:49.116Z] [debug] confirmed: txHash=37433d00cb0c4bfe12870dbbe689a4a36ea4df0689d926ad60e7787e69f24e3a receiverUnit=6ec4b5aa572382beb11bb8db28a87884d147afe4e2b3d8f5a7331a254449415f52454345495645525f434c49454e545f41
[2026-06-16T11:49:50.891Z] scanner-http: scanned 29129671..29129689 (1 log(s), head=29129695, finalized=29129689)
[2026-06-16T11:49:51.351Z] scanner-http: scanned 29129690..29129690 (0 log(s), head=29129696, finalized=29129690)
[2026-06-16T11:49:51.826Z] scanner-http: scanned 29129691..29129691 (0 log(s), head=29129697, finalized=29129691)
[2026-06-16T11:49:52.280Z] scanner-http: scanned 29129692..29129692 (0 log(s), head=29129698, finalized=29129692)
[2026-06-16T11:49:52.642Z] scanner-http: scanned 29129693..29129693 (0 log(s), head=29129699, finalized=29129693)
[2026-06-16T11:49:52.778Z] [debug] [clients/client-test-01.json] confirmed: txHash=37433d00cb0c4bfe12870dbbe689a4a36ea4df0689d926ad60e7787e69f24e3a intentHash=0xc6e81da3d18a31e6db02157b39aeb7db2e76a4863d2c596241ae089fed3c8be6 receiverUnit=6ec4b5aa572382beb11bb8db28a87884d147afe4e2b3d8f5a7331a254449415f52454345495645525f434c49454e545f41
[2026-06-16T11:49:53.091Z] scanner-http: scanned 29129694..29129694 (0 log(s), head=29129700, finalized=29129694)
[2026-06-16T11:49:55.641Z] auto-consolidate: enqueueing wallet consolidate largestUtxo=6408513 threshold=7000000 collateral=10000000
[2026-06-16T11:49:55.642Z] [debug] consolidateWallet: collateral=10000000 maxInputs=60
[2026-06-16T11:49:58.556Z] [debug] daemon: condition-filtered router=client_test_01_router_default reason="condition failed: field="${enrichment.fullIntent.Symbol}" operator="in" value=["SPYM","CRCL","TSLA","NVDA","IAU","PPLT","MSTR","AMZN","SIVR","COIN"] actual="fairValue:spSEI""
[2026-06-16T11:49:58.562Z] scanner-ws: delivered 1 log(s) (blocks 29129707..29129707)
[2026-06-16T11:49:58.648Z] [debug] daemon: condition-filtered router=client_test_01_router_default reason="condition failed: field="${enrichment.fullIntent.Symbol}" operator="in" value=["SPYM","CRCL","TSLA","NVDA","IAU","PPLT","MSTR","AMZN","SIVR","COIN"] actual="usdValue:spSEI""
[2026-06-16T11:49:58.653Z] scanner-ws: delivered 1 log(s) (blocks 29129707..29129707)
[2026-06-16T11:49:58.657Z] [debug] daemon: condition-filtered router=client_test_01_router_default reason="condition failed: field="${enrichment.fullIntent.Symbol}" operator="in" value=["SPYM","CRCL","TSLA","NVDA","IAU","PPLT","MSTR","AMZN","SIVR","COIN"] actual="numerator:spSEI""
[2026-06-16T11:49:58.661Z] scanner-ws: delivered 1 log(s) (blocks 29129707..29129707)
[2026-06-16T11:49:58.663Z] [debug] daemon: condition-filtered router=client_test_01_router_default reason="condition failed: field="${enrichment.fullIntent.Symbol}" operator="in" value=["SPYM","CRCL","TSLA","NVDA","IAU","PPLT","MSTR","AMZN","SIVR","COIN"] actual="denominator:spSEI""
[2026-06-16T11:49:58.669Z] scanner-ws: delivered 1 log(s) (blocks 29129707..29129707)
[2026-06-16T11:49:58.674Z] [debug] daemon: condition-filtered router=client_test_01_router_default reason="condition failed: field="${enrichment.fullIntent.Symbol}" operator="in" value=["SPYM","CRCL","TSLA","NVDA","IAU","PPLT","MSTR","AMZN","SIVR","COIN"] actual="numerator:hemiBTC""
[2026-06-16T11:49:58.678Z] scanner-ws: delivered 1 log(s) (blocks 29129707..29129707)
[2026-06-16T11:49:58.682Z] [debug] daemon: condition-filtered router=client_test_01_router_default reason="condition failed: field="${enrichment.fullIntent.Symbol}" operator="in" value=["SPYM","CRCL","TSLA","NVDA","IAU","PPLT","MSTR","AMZN","SIVR","COIN"] actual="usdValue:hemiBTC""
[2026-06-16T11:49:58.686Z] scanner-ws: delivered 1 log(s) (blocks 29129707..29129707)
[2026-06-16T11:49:58.689Z] [debug] daemon: condition-filtered router=client_test_01_router_default reason="condition failed: field="${enrichment.fullIntent.Symbol}" operator="in" value=["SPYM","CRCL","TSLA","NVDA","IAU","PPLT","MSTR","AMZN","SIVR","COIN"] actual="denominator:hemiBTC""
[2026-06-16T11:49:58.693Z] scanner-ws: delivered 1 log(s) (blocks 29129707..29129707)
[2026-06-16T11:49:58.698Z] [debug] daemon: condition-filtered router=client_test_01_router_default reason="condition failed: field="${enrichment.fullIntent.Symbol}" operator="in" value=["SPYM","CRCL","TSLA","NVDA","IAU","PPLT","MSTR","AMZN","SIVR","COIN"] actual="fairValue:hemiBTC""
[2026-06-16T11:49:58.702Z] scanner-ws: delivered 1 log(s) (blocks 29129707..29129707)
[2026-06-16T11:50:04.147Z] scanner-http: scanned 29129695..29129712 (8 log(s), head=29129718, finalized=29129712)
[2026-06-16T11:50:04.593Z] scanner-http: scanned 29129713..29129715 (0 log(s), head=29129721, finalized=29129715)
[2026-06-16T11:50:11.766Z] scanner-ws: delivered 1 log(s) (blocks 29129733..29129733)
[2026-06-16T11:50:15.593Z] scanner-http: scanned 29129716..29129737 (1 log(s), head=29129743, finalized=29129737)
[2026-06-16T11:50:16.045Z] scanner-http: scanned 29129738..29129738 (0 log(s), head=29129744, finalized=29129738)
[2026-06-16T11:50:19.802Z] [debug] consolidateWallet: confirmed=true txHash=1a2d1616214150be7509e8b19b80a3fffa5f1028e701902ddeddcf6275ed2980 merged=23
[2026-06-16T11:50:19.802Z] auto-consolidate: done confirmed=true txHash=1a2d1616214150be7509e8b19b80a3fffa5f1028e701902ddeddcf6275ed2980
[2026-06-16T11:50:20.182Z] [debug] daemon: condition-filtered router=client_test_01_router_default reason="condition failed: field="${enrichment.fullIntent.Symbol}" operator="in" value=["SPYM","CRCL","TSLA","NVDA","IAU","PPLT","MSTR","AMZN","SIVR","COIN"] actual="fairValue:spSEI""
[2026-06-16T11:50:20.187Z] scanner-ws: delivered 1 log(s) (blocks 29129753..29129753)
[2026-06-16T11:50:20.192Z] [debug] daemon: condition-filtered router=client_test_01_router_default reason="condition failed: field="${enrichment.fullIntent.Symbol}" operator="in" value=["SPYM","CRCL","TSLA","NVDA","IAU","PPLT","MSTR","AMZN","SIVR","COIN"] actual="usdValue:spSEI""
[2026-06-16T11:50:20.199Z] scanner-ws: delivered 1 log(s) (blocks 29129753..29129753)
[2026-06-16T11:50:20.362Z] [debug] daemon: condition-filtered router=client_test_01_router_default reason="condition failed: field="${enrichment.fullIntent.Symbol}" operator="in" value=["SPYM","CRCL","TSLA","NVDA","IAU","PPLT","MSTR","AMZN","SIVR","COIN"] actual="numerator:spSEI""
[2026-06-16T11:50:20.367Z] scanner-ws: delivered 1 log(s) (blocks 29129753..29129753)
[2026-06-16T11:50:20.374Z] [debug] daemon: condition-filtered router=client_test_01_router_default reason="condition failed: field="${enrichment.fullIntent.Symbol}" operator="in" value=["SPYM","CRCL","TSLA","NVDA","IAU","PPLT","MSTR","AMZN","SIVR","COIN"] actual="denominator:spSEI""
[2026-06-16T11:50:20.378Z] scanner-ws: delivered 1 log(s) (blocks 29129753..29129753)
[2026-06-16T11:50:20.383Z] [debug] daemon: condition-filtered router=client_test_01_router_default reason="condition failed: field="${enrichment.fullIntent.Symbol}" operator="in" value=["SPYM","CRCL","TSLA","NVDA","IAU","PPLT","MSTR","AMZN","SIVR","COIN"] actual="denominator:hemiBTC""
[2026-06-16T11:50:20.389Z] scanner-ws: delivered 1 log(s) (blocks 29129753..29129753)
[2026-06-16T11:50:20.391Z] [debug] daemon: condition-filtered router=client_test_01_router_default reason="condition failed: field="${enrichment.fullIntent.Symbol}" operator="in" value=["SPYM","CRCL","TSLA","NVDA","IAU","PPLT","MSTR","AMZN","SIVR","COIN"] actual="numerator:hemiBTC""
[2026-06-16T11:50:20.397Z] scanner-ws: delivered 1 log(s) (blocks 29129753..29129753)
[2026-06-16T11:50:20.402Z] [debug] daemon: condition-filtered router=client_test_01_router_default reason="condition failed: field="${enrichment.fullIntent.Symbol}" operator="in" value=["SPYM","CRCL","TSLA","NVDA","IAU","PPLT","MSTR","AMZN","SIVR","COIN"] actual="fairValue:hemiBTC""
[2026-06-16T11:50:20.406Z] scanner-ws: delivered 1 log(s) (blocks 29129753..29129753)
[2026-06-16T11:50:20.433Z] [debug] daemon: condition-filtered router=client_test_01_router_default reason="condition failed: field="${enrichment.fullIntent.Symbol}" operator="in" value=["SPYM","CRCL","TSLA","NVDA","IAU","PPLT","MSTR","AMZN","SIVR","COIN"] actual="usdValue:hemiBTC""
[2026-06-16T11:50:20.438Z] scanner-ws: delivered 1 log(s) (blocks 29129753..29129753)
[2026-06-16T11:50:21.978Z] cron-service: resubmitting CRCL (router=client_test_01_router_default, confirmedAge=469s, ceiling=600s, intentHash=0x96eee8804d52010c6224532a9959f143f1781bf6c7aeb8294bf49d61623c7274).
[2026-06-16T11:50:27.068Z] scanner-http: scanned 29129739..29129758 (8 log(s), head=29129764, finalized=29129758)
[2026-06-16T11:50:27.548Z] scanner-http: scanned 29129759..29129759 (0 log(s), head=29129765, finalized=29129759)
[2026-06-16T11:50:27.997Z] scanner-http: scanned 29129760..29129760 (0 log(s), head=29129766, finalized=29129760)
[2026-06-16T11:50:28.456Z] scanner-http: scanned 29129761..29129761 (0 log(s), head=29129767, finalized=29129761)
[2026-06-16T11:50:39.412Z] scanner-http: scanned 29129762..29129779 (0 log(s), head=29129785, finalized=29129779)
[2026-06-16T11:50:40.916Z] [debug] daemon: condition-filtered router=client_test_01_router_default reason="condition failed: field="${enrichment.fullIntent.Symbol}" operator="in" value=["SPYM","CRCL","TSLA","NVDA","IAU","PPLT","MSTR","AMZN","SIVR","COIN"] actual="ARS/USDT""
[2026-06-16T11:50:40.922Z] scanner-ws: delivered 1 log(s) (blocks 29129787..29129787)
[2026-06-16T11:50:41.427Z] [debug] daemon: policy-filtered router=client_test_01_router_default dest=0
[2026-06-16T11:50:41.434Z] scanner-ws: delivered 1 log(s) (blocks 29129788..29129788)
[2026-06-16T11:50:41.700Z] [debug] [clients/client-test-01.json] submitBatch: intents=2 symbols=SPYM,CRCL
[2026-06-16T11:50:41.700Z] [debug] submitOracleUpdateBatch: intents=2 symbols=SPYM, CRCL
[2026-06-16T11:50:43.395Z] [debug] [clients/client-test-01.json] batch submit failed: intents=2 code=BuilderError error=Bridge: recovered DIA signer public key is not authorized in the provided config state.
[2026-06-16T11:50:48.395Z] [debug] [clients/client-test-01.json] submitBatch: intents=2 symbols=SPYM,CRCL
[2026-06-16T11:50:48.395Z] [debug] submitOracleUpdateBatch: intents=2 symbols=SPYM, CRCL
[2026-06-16T11:50:50.079Z] [debug] [clients/client-test-01.json] batch submit failed: intents=2 code=BuilderError error=Bridge: recovered DIA signer public key is not authorized in the provided config state.
[2026-06-16T11:50:50.491Z] scanner-http: scanned 29129780..29129798 (2 log(s), head=29129804, finalized=29129798)
[2026-06-16T11:50:50.929Z] scanner-http: scanned 29129799..29129800 (0 log(s), head=29129806, finalized=29129800)
[2026-06-16T11:50:51.948Z] cron-service: resubmitting CRCL (router=client_test_01_router_default, confirmedAge=499s, ceiling=600s, intentHash=0xa49c6ad50c62ebba72c7dc94d1177eed988b838bec263cd2224466d7e62a5550).
[2026-06-16T11:50:55.014Z] [debug] [clients/client-test-01.json] submitBatch: intents=2 symbols=SPYM,CRCL
[2026-06-16T11:50:55.014Z] [debug] submitOracleUpdateBatch: intents=2 symbols=SPYM, CRCL
[2026-06-16T11:50:56.582Z] [debug] [clients/client-test-01.json] batch submit failed: intents=2 code=BuilderError error=Bridge: recovered DIA signer public key is not authorized in the provided config state.
[2026-06-16T11:50:58.551Z] [debug] daemon: condition-filtered router=client_test_01_router_default reason="condition failed: field="${enrichment.fullIntent.Symbol}" operator="in" value=["SPYM","CRCL","TSLA","NVDA","IAU","PPLT","MSTR","AMZN","SIVR","COIN"] actual="fairValue:spSEI""
[2026-06-16T11:50:58.556Z] scanner-ws: delivered 1 log(s) (blocks 29129816..29129816)
[2026-06-16T11:50:58.663Z] [debug] daemon: condition-filtered router=client_test_01_router_default reason="condition failed: field="${enrichment.fullIntent.Symbol}" operator="in" value=["SPYM","CRCL","TSLA","NVDA","IAU","PPLT","MSTR","AMZN","SIVR","COIN"] actual="denominator:spSEI""
[2026-06-16T11:50:58.668Z] scanner-ws: delivered 1 log(s) (blocks 29129816..29129816)
[2026-06-16T11:50:58.675Z] [debug] daemon: condition-filtered router=client_test_01_router_default reason="condition failed: field="${enrichment.fullIntent.Symbol}" operator="in" value=["SPYM","CRCL","TSLA","NVDA","IAU","PPLT","MSTR","AMZN","SIVR","COIN"] actual="fairValue:hemiBTC""
[2026-06-16T11:50:58.679Z] scanner-ws: delivered 1 log(s) (blocks 29129816..29129816)
[2026-06-16T11:50:58.682Z] [debug] daemon: condition-filtered router=client_test_01_router_default reason="condition failed: field="${enrichment.fullIntent.Symbol}" operator="in" value=["SPYM","CRCL","TSLA","NVDA","IAU","PPLT","MSTR","AMZN","SIVR","COIN"] actual="denominator:hemiBTC""
[2026-06-16T11:50:58.686Z] scanner-ws: delivered 1 log(s) (blocks 29129816..29129816)
[2026-06-16T11:50:58.687Z] [debug] daemon: condition-filtered router=client_test_01_router_default reason="condition failed: field="${enrichment.fullIntent.Symbol}" operator="in" value=["SPYM","CRCL","TSLA","NVDA","IAU","PPLT","MSTR","AMZN","SIVR","COIN"] actual="usdValue:spSEI""
[2026-06-16T11:50:58.692Z] scanner-ws: delivered 1 log(s) (blocks 29129816..29129816)
[2026-06-16T11:50:58.695Z] [debug] daemon: condition-filtered router=client_test_01_router_default reason="condition failed: field="${enrichment.fullIntent.Symbol}" operator="in" value=["SPYM","CRCL","TSLA","NVDA","IAU","PPLT","MSTR","AMZN","SIVR","COIN"] actual="numerator:hemiBTC""
[2026-06-16T11:50:58.702Z] [debug] daemon: condition-filtered router=client_test_01_router_default reason="condition failed: field="${enrichment.fullIntent.Symbol}" operator="in" value=["SPYM","CRCL","TSLA","NVDA","IAU","PPLT","MSTR","AMZN","SIVR","COIN"] actual="numerator:spSEI""
[2026-06-16T11:50:58.699Z] scanner-ws: delivered 1 log(s) (blocks 29129816..29129816)
[2026-06-16T11:50:58.706Z] scanner-ws: delivered 1 log(s) (blocks 29129816..29129816)
[2026-06-16T11:50:58.711Z] [debug] daemon: condition-filtered router=client_test_01_router_default reason="condition failed: field="${enrichment.fullIntent.Symbol}" operator="in" value=["SPYM","CRCL","TSLA","NVDA","IAU","PPLT","MSTR","AMZN","SIVR","COIN"] actual="usdValue:hemiBTC""
[2026-06-16T11:50:58.715Z] scanner-ws: delivered 1 log(s) (blocks 29129816..29129816)
[2026-06-16T11:51:01.581Z] [debug] [clients/client-test-01.json] submitBatch: intents=2 symbols=SPYM,CRCL
[2026-06-16T11:51:01.582Z] [debug] submitOracleUpdateBatch: intents=2 symbols=SPYM, CRCL
[2026-06-16T11:51:01.764Z] scanner-http: scanned 29129801..29129816 (8 log(s), head=29129822, finalized=29129816)
[2026-06-16T11:51:02.215Z] scanner-http: scanned 29129817..29129817 (0 log(s), head=29129823, finalized=29129817)
[2026-06-16T11:51:02.687Z] scanner-http: scanned 29129818..29129818 (0 log(s), head=29129824, finalized=29129818)
[2026-06-16T11:51:03.083Z] [debug] [clients/client-test-01.json] batch submit failed: intents=2 code=BuilderError error=Bridge: recovered DIA signer public key is not authorized in the provided config state.
[2026-06-16T11:51:03.092Z] [error] daemon: TRANSACTION FAILED — code=BuilderError intentHash=0x921311a14de4be1f06164e147ea8b047262844fce6ec093ef193a050e892e5af symbol=SPYM batchSize=2 error="Bridge: recovered DIA signer public key is not authorized in the provided config state."
[2026-06-16T11:51:03.092Z] [warn] daemon: REMEDIATION — A Cardano tx builder or signing error occurred. Check the feeder logs for the full stack trace.
[2026-06-16T11:51:03.099Z] [error] daemon: TRANSACTION FAILED — code=BuilderError intentHash=0x96eee8804d52010c6224532a9959f143f1781bf6c7aeb8294bf49d61623c7274 symbol=CRCL batchSize=2 error="Bridge: recovered DIA signer public key is not authorized in the provided config state."
[2026-06-16T11:51:03.100Z] [warn] daemon: REMEDIATION — A Cardano tx builder or signing error occurred. Check the feeder logs for the full stack trace.
[2026-06-16T11:51:03.103Z] [debug] [clients/client-test-01.json] submit: intentHash=0xa49c6ad50c62ebba72c7dc94d1177eed988b838bec263cd2224466d7e62a5550 symbol=CRCL
[2026-06-16T11:51:03.103Z] [debug] submitOracleUpdate: intentHash=0xa49c6ad50c62ebba72c7dc94d1177eed988b838bec263cd2224466d7e62a5550 symbol=CRCL
[2026-06-16T11:51:03.103Z] [debug] loading state: client=../state/mainnet_run_20260616-074413/clients/client-test-01.json protocol=../state/mainnet_run_20260616-074413/config-bootstrap.json
[2026-06-16T11:51:03.110Z] [debug] connecting to Cardano…
[2026-06-16T11:51:03.132Z] scanner-http: scanned 29129819..29129819 (0 log(s), head=29129825, finalized=29129819)
[2026-06-16T11:51:07.425Z] [debug] building oracle update tx for symbol=CRCL
[2026-06-16T11:51:11.362Z] [debug] submitted: txHash=b035ffe096f7c85dc1e4f1d92abc6e8ed358d8705111a5a7cd2534a183c6f676 intentHash=0xa49c6ad50c62ebba72c7dc94d1177eed988b838bec263cd2224466d7e62a5550
[2026-06-16T11:51:14.509Z] scanner-http: scanned 29129820..29129836 (0 log(s), head=29129842, finalized=29129836)
[2026-06-16T11:51:15.020Z] scanner-http: scanned 29129837..29129837 (0 log(s), head=29129843, finalized=29129837)
[2026-06-16T11:51:15.520Z] scanner-http: scanned 29129838..29129840 (0 log(s), head=29129846, finalized=29129840)
[2026-06-16T11:51:19.906Z] [debug] daemon: condition-filtered router=client_test_01_router_default reason="condition failed: field="${enrichment.fullIntent.Symbol}" operator="in" value=["SPYM","CRCL","TSLA","NVDA","IAU","PPLT","MSTR","AMZN","SIVR","COIN"] actual="fairValue:spSEI""
[2026-06-16T11:51:19.914Z] scanner-ws: delivered 1 log(s) (blocks 29129854..29129854)
[2026-06-16T11:51:20.003Z] [debug] daemon: condition-filtered router=client_test_01_router_default reason="condition failed: field="${enrichment.fullIntent.Symbol}" operator="in" value=["SPYM","CRCL","TSLA","NVDA","IAU","PPLT","MSTR","AMZN","SIVR","COIN"] actual="usdValue:spSEI""
[2026-06-16T11:51:20.008Z] scanner-ws: delivered 1 log(s) (blocks 29129854..29129854)
[2026-06-16T11:51:20.017Z] [debug] daemon: condition-filtered router=client_test_01_router_default reason="condition failed: field="${enrichment.fullIntent.Symbol}" operator="in" value=["SPYM","CRCL","TSLA","NVDA","IAU","PPLT","MSTR","AMZN","SIVR","COIN"] actual="numerator:spSEI""
[2026-06-16T11:51:20.023Z] scanner-ws: delivered 1 log(s) (blocks 29129854..29129854)
[2026-06-16T11:51:20.028Z] [debug] daemon: condition-filtered router=client_test_01_router_default reason="condition failed: field="${enrichment.fullIntent.Symbol}" operator="in" value=["SPYM","CRCL","TSLA","NVDA","IAU","PPLT","MSTR","AMZN","SIVR","COIN"] actual="usdValue:hemiBTC""
[2026-06-16T11:51:20.034Z] scanner-ws: delivered 1 log(s) (blocks 29129854..29129854)
[2026-06-16T11:51:20.036Z] [debug] daemon: condition-filtered router=client_test_01_router_default reason="condition failed: field="${enrichment.fullIntent.Symbol}" operator="in" value=["SPYM","CRCL","TSLA","NVDA","IAU","PPLT","MSTR","AMZN","SIVR","COIN"] actual="numerator:hemiBTC""
[2026-06-16T11:51:20.043Z] scanner-ws: delivered 1 log(s) (blocks 29129854..29129854)
[2026-06-16T11:51:20.049Z] [debug] daemon: condition-filtered router=client_test_01_router_default reason="condition failed: field="${enrichment.fullIntent.Symbol}" operator="in" value=["SPYM","CRCL","TSLA","NVDA","IAU","PPLT","MSTR","AMZN","SIVR","COIN"] actual="denominator:spSEI""
[2026-06-16T11:51:20.059Z] [debug] daemon: condition-filtered router=client_test_01_router_default reason="condition failed: field="${enrichment.fullIntent.Symbol}" operator="in" value=["SPYM","CRCL","TSLA","NVDA","IAU","PPLT","MSTR","AMZN","SIVR","COIN"] actual="fairValue:hemiBTC""
[2026-06-16T11:51:20.055Z] scanner-ws: delivered 1 log(s) (blocks 29129854..29129854)
[2026-06-16T11:51:20.063Z] scanner-ws: delivered 1 log(s) (blocks 29129854..29129854)
[2026-06-16T11:51:20.329Z] [debug] daemon: condition-filtered router=client_test_01_router_default reason="condition failed: field="${enrichment.fullIntent.Symbol}" operator="in" value=["SPYM","CRCL","TSLA","NVDA","IAU","PPLT","MSTR","AMZN","SIVR","COIN"] actual="denominator:hemiBTC""
[2026-06-16T11:51:20.335Z] scanner-ws: delivered 1 log(s) (blocks 29129854..29129854)
[2026-06-16T11:51:21.919Z] cron-service: resubmitting CRCL (router=client_test_01_router_default, confirmedAge=529s, ceiling=600s, intentHash=0xa49c6ad50c62ebba72c7dc94d1177eed988b838bec263cd2224466d7e62a5550).
[2026-06-16T11:51:26.439Z] [debug] daemon: policy-filtered router=client_test_01_router_default dest=0
[2026-06-16T11:51:26.443Z] scanner-ws: delivered 1 log(s) (blocks 29129866..29129866)
[2026-06-16T11:51:26.561Z] scanner-http: scanned 29129841..29129861 (8 log(s), head=29129867, finalized=29129861)
[2026-06-16T11:51:33.523Z] [debug] Confirmed by Blockfrost: oracle update (CRCL, intentHash=0xa49c6ad50c62ebba72c7dc94d1177eed988b838bec263cd2224466d7e62a5550) b035ffe096f7c85dc1e4f1d92abc6e8ed358d8705111a5a7cd2534a183c6f676.
[2026-06-16T11:51:37.691Z] scanner-http: scanned 29129862..29129882 (1 log(s), head=29129888, finalized=29129882)
[2026-06-16T11:51:38.151Z] scanner-http: scanned 29129883..29129883 (0 log(s), head=29129889, finalized=29129883)
[2026-06-16T11:51:38.607Z] scanner-http: scanned 29129884..29129885 (0 log(s), head=29129891, finalized=29129885)
[2026-06-16T11:51:39.065Z] scanner-http: scanned 29129886..29129887 (0 log(s), head=29129893, finalized=29129887)
[2026-06-16T11:51:39.529Z] scanner-http: scanned 29129888..29129888 (0 log(s), head=29129894, finalized=29129888)
[2026-06-16T11:51:40.411Z] [debug] confirmed: txHash=b035ffe096f7c85dc1e4f1d92abc6e8ed358d8705111a5a7cd2534a183c6f676 receiverUnit=6ec4b5aa572382beb11bb8db28a87884d147afe4e2b3d8f5a7331a254449415f52454345495645525f434c49454e545f41
[2026-06-16T11:51:40.941Z] [debug] daemon: condition-filtered router=client_test_01_router_default reason="condition failed: field="${enrichment.fullIntent.Symbol}" operator="in" value=["SPYM","CRCL","TSLA","NVDA","IAU","PPLT","MSTR","AMZN","SIVR","COIN"] actual="ARS/USDT""
[2026-06-16T11:51:40.951Z] scanner-ws: delivered 1 log(s) (blocks 29129896..29129896)
[2026-06-16T11:51:43.623Z] [debug] [clients/client-test-01.json] confirmed: txHash=b035ffe096f7c85dc1e4f1d92abc6e8ed358d8705111a5a7cd2534a183c6f676 intentHash=0xa49c6ad50c62ebba72c7dc94d1177eed988b838bec263cd2224466d7e62a5550 receiverUnit=6ec4b5aa572382beb11bb8db28a87884d147afe4e2b3d8f5a7331a254449415f52454345495645525f434c49454e545f41
[2026-06-16T11:51:43.637Z] [debug] [clients/client-test-01.json] submit: intentHash=0xa49c6ad50c62ebba72c7dc94d1177eed988b838bec263cd2224466d7e62a5550 symbol=CRCL
[2026-06-16T11:51:43.637Z] [debug] submitOracleUpdate: intentHash=0xa49c6ad50c62ebba72c7dc94d1177eed988b838bec263cd2224466d7e62a5550 symbol=CRCL
[2026-06-16T11:51:43.637Z] [debug] loading state: client=../state/mainnet_run_20260616-074413/clients/client-test-01.json protocol=../state/mainnet_run_20260616-074413/config-bootstrap.json
[2026-06-16T11:51:43.644Z] [debug] connecting to Cardano…
[2026-06-16T11:51:48.990Z] [debug] building oracle update tx for symbol=CRCL
[2026-06-16T11:51:48.992Z] [debug] [clients/client-test-01.json] submit failed: intentHash=0xa49c6ad50c62ebba72c7dc94d1177eed988b838bec263cd2224466d7e62a5550 code=NonMonotonicNonce error=Oracle intent timestamp must be greater than the current on-chain timestamp; intent superseded, not submitted.
[2026-06-16T11:51:49.000Z] [info] daemon: intent superseded (no tx) — code=NonMonotonicNonce intentHash=0xa49c6ad50c62ebba72c7dc94d1177eed988b838bec263cd2224466d7e62a5550 symbol=CRCL batchSize=1
[2026-06-16T11:51:50.630Z] scanner-http: scanned 29129889..29129904 (1 log(s), head=29129910, finalized=29129904)
[2026-06-16T11:51:51.091Z] scanner-http: scanned 29129905..29129905 (0 log(s), head=29129911, finalized=29129905)
[2026-06-16T11:51:51.559Z] scanner-http: scanned 29129906..29129906 (0 log(s), head=29129912, finalized=29129906)
[2026-06-16T11:51:52.063Z] scanner-http: scanned 29129907..29129907 (0 log(s), head=29129913, finalized=29129907)
[2026-06-16T11:51:52.546Z] scanner-http: scanned 29129908..29129908 (0 log(s), head=29129914, finalized=29129908)
[2026-06-16T11:51:53.118Z] scanner-http: scanned 29129909..29129909 (0 log(s), head=29129915, finalized=29129909)
[2026-06-16T11:51:59.033Z] [debug] daemon: condition-filtered router=client_test_01_router_default reason="condition failed: field="${enrichment.fullIntent.Symbol}" operator="in" value=["SPYM","CRCL","TSLA","NVDA","IAU","PPLT","MSTR","AMZN","SIVR","COIN"] actual="fairValue:spSEI""
[2026-06-16T11:51:59.040Z] scanner-ws: delivered 1 log(s) (blocks 29129921..29129921)
[2026-06-16T11:51:59.140Z] [debug] daemon: condition-filtered router=client_test_01_router_default reason="condition failed: field="${enrichment.fullIntent.Symbol}" operator="in" value=["SPYM","CRCL","TSLA","NVDA","IAU","PPLT","MSTR","AMZN","SIVR","COIN"] actual="denominator:hemiBTC""
[2026-06-16T11:51:59.148Z] scanner-ws: delivered 1 log(s) (blocks 29129921..29129921)
[2026-06-16T11:51:59.154Z] [debug] daemon: condition-filtered router=client_test_01_router_default reason="condition failed: field="${enrichment.fullIntent.Symbol}" operator="in" value=["SPYM","CRCL","TSLA","NVDA","IAU","PPLT","MSTR","AMZN","SIVR","COIN"] actual="usdValue:spSEI""
[2026-06-16T11:51:59.167Z] scanner-ws: delivered 1 log(s) (blocks 29129921..29129921)
[2026-06-16T11:51:59.182Z] scanner-ws: delivered 1 log(s) (blocks 29129921..29129921)
[2026-06-16T11:51:59.186Z] [debug] daemon: condition-filtered router=client_test_01_router_default reason="condition failed: field="${enrichment.fullIntent.Symbol}" operator="in" value=["SPYM","CRCL","TSLA","NVDA","IAU","PPLT","MSTR","AMZN","SIVR","COIN"] actual="numerator:spSEI""
[2026-06-16T11:51:59.190Z] scanner-ws: delivered 1 log(s) (blocks 29129921..29129921)
[2026-06-16T11:51:59.172Z] [debug] daemon: condition-filtered router=client_test_01_router_default reason="condition failed: field="${enrichment.fullIntent.Symbol}" operator="in" value=["SPYM","CRCL","TSLA","NVDA","IAU","PPLT","MSTR","AMZN","SIVR","COIN"] actual="denominator:spSEI""
[2026-06-16T11:51:59.197Z] [debug] daemon: condition-filtered router=client_test_01_router_default reason="condition failed: field="${enrichment.fullIntent.Symbol}" operator="in" value=["SPYM","CRCL","TSLA","NVDA","IAU","PPLT","MSTR","AMZN","SIVR","COIN"] actual="fairValue:hemiBTC""
[2026-06-16T11:51:59.204Z] scanner-ws: delivered 1 log(s) (blocks 29129921..29129921)
[2026-06-16T11:51:59.208Z] [debug] daemon: condition-filtered router=client_test_01_router_default reason="condition failed: field="${enrichment.fullIntent.Symbol}" operator="in" value=["SPYM","CRCL","TSLA","NVDA","IAU","PPLT","MSTR","AMZN","SIVR","COIN"] actual="usdValue:hemiBTC""
[2026-06-16T11:51:59.215Z] scanner-ws: delivered 1 log(s) (blocks 29129921..29129921)
[2026-06-16T11:51:59.219Z] [debug] daemon: condition-filtered router=client_test_01_router_default reason="condition failed: field="${enrichment.fullIntent.Symbol}" operator="in" value=["SPYM","CRCL","TSLA","NVDA","IAU","PPLT","MSTR","AMZN","SIVR","COIN"] actual="numerator:hemiBTC""
[2026-06-16T11:51:59.224Z] scanner-ws: delivered 1 log(s) (blocks 29129921..29129921)
[2026-06-16T11:52:04.231Z] scanner-http: scanned 29129910..29129925 (8 log(s), head=29129931, finalized=29129925)
[2026-06-16T11:52:04.691Z] scanner-http: scanned 29129926..29129927 (0 log(s), head=29129933, finalized=29129927)
[2026-06-16T11:52:05.141Z] scanner-http: scanned 29129928..29129928 (0 log(s), head=29129934, finalized=29129928)
[2026-06-16T11:52:05.593Z] scanner-http: scanned 29129929..29129930 (0 log(s), head=29129936, finalized=29129930)
[2026-06-16T11:52:06.054Z] scanner-http: scanned 29129931..29129931 (0 log(s), head=29129937, finalized=29129931)
[2026-06-16T11:52:16.938Z] scanner-http: scanned 29129932..29129949 (0 log(s), head=29129955, finalized=29129949)
[2026-06-16T11:52:19.963Z] [debug] daemon: condition-filtered router=client_test_01_router_default reason="condition failed: field="${enrichment.fullIntent.Symbol}" operator="in" value=["SPYM","CRCL","TSLA","NVDA","IAU","PPLT","MSTR","AMZN","SIVR","COIN"] actual="usdValue:spSEI""
[2026-06-16T11:52:19.967Z] scanner-ws: delivered 1 log(s) (blocks 29129961..29129961)
[2026-06-16T11:52:19.973Z] [debug] daemon: condition-filtered router=client_test_01_router_default reason="condition failed: field="${enrichment.fullIntent.Symbol}" operator="in" value=["SPYM","CRCL","TSLA","NVDA","IAU","PPLT","MSTR","AMZN","SIVR","COIN"] actual="fairValue:spSEI""
[2026-06-16T11:52:19.979Z] scanner-ws: delivered 1 log(s) (blocks 29129961..29129961)
[2026-06-16T11:52:20.079Z] [debug] daemon: condition-filtered router=client_test_01_router_default reason="condition failed: field="${enrichment.fullIntent.Symbol}" operator="in" value=["SPYM","CRCL","TSLA","NVDA","IAU","PPLT","MSTR","AMZN","SIVR","COIN"] actual="numerator:spSEI""
[2026-06-16T11:52:20.086Z] scanner-ws: delivered 1 log(s) (blocks 29129961..29129961)
[2026-06-16T11:52:20.093Z] [debug] daemon: condition-filtered router=client_test_01_router_default reason="condition failed: field="${enrichment.fullIntent.Symbol}" operator="in" value=["SPYM","CRCL","TSLA","NVDA","IAU","PPLT","MSTR","AMZN","SIVR","COIN"] actual="numerator:hemiBTC""
[2026-06-16T11:52:20.099Z] scanner-ws: delivered 1 log(s) (blocks 29129961..29129961)
[2026-06-16T11:52:20.104Z] [debug] daemon: condition-filtered router=client_test_01_router_default reason="condition failed: field="${enrichment.fullIntent.Symbol}" operator="in" value=["SPYM","CRCL","TSLA","NVDA","IAU","PPLT","MSTR","AMZN","SIVR","COIN"] actual="usdValue:hemiBTC""
[2026-06-16T11:52:20.110Z] scanner-ws: delivered 1 log(s) (blocks 29129961..29129961)
[2026-06-16T11:52:20.115Z] [debug] daemon: condition-filtered router=client_test_01_router_default reason="condition failed: field="${enrichment.fullIntent.Symbol}" operator="in" value=["SPYM","CRCL","TSLA","NVDA","IAU","PPLT","MSTR","AMZN","SIVR","COIN"] actual="fairValue:hemiBTC""
[2026-06-16T11:52:20.121Z] scanner-ws: delivered 1 log(s) (blocks 29129961..29129961)
[2026-06-16T11:52:20.418Z] [debug] daemon: condition-filtered router=client_test_01_router_default reason="condition failed: field="${enrichment.fullIntent.Symbol}" operator="in" value=["SPYM","CRCL","TSLA","NVDA","IAU","PPLT","MSTR","AMZN","SIVR","COIN"] actual="denominator:hemiBTC""
[2026-06-16T11:52:20.423Z] scanner-ws: delivered 1 log(s) (blocks 29129961..29129961)
[2026-06-16T11:52:21.094Z] [debug] daemon: condition-filtered router=client_test_01_router_default reason="condition failed: field="${enrichment.fullIntent.Symbol}" operator="in" value=["SPYM","CRCL","TSLA","NVDA","IAU","PPLT","MSTR","AMZN","SIVR","COIN"] actual="denominator:spSEI""
[2026-06-16T11:52:21.099Z] scanner-ws: delivered 1 log(s) (blocks 29129961..29129961)
[2026-06-16T11:52:27.988Z] scanner-http: scanned 29129950..29129967 (8 log(s), head=29129973, finalized=29129967)
[2026-06-16T11:52:28.438Z] scanner-http: scanned 29129968..29129969 (0 log(s), head=29129975, finalized=29129969)
[2026-06-16T11:52:39.309Z] scanner-http: scanned 29129970..29129986 (0 log(s), head=29129992, finalized=29129986)
[2026-06-16T11:52:39.764Z] scanner-http: scanned 29129987..29129987 (0 log(s), head=29129993, finalized=29129987)
[2026-06-16T11:52:40.944Z] [debug] daemon: condition-filtered router=client_test_01_router_default reason="condition failed: field="${enrichment.fullIntent.Symbol}" operator="in" value=["SPYM","CRCL","TSLA","NVDA","IAU","PPLT","MSTR","AMZN","SIVR","COIN"] actual="ARS/USDT""
[2026-06-16T11:52:40.948Z] scanner-ws: delivered 1 log(s) (blocks 29129996..29129996)
[2026-06-16T11:52:51.553Z] scanner-http: scanned 29129988..29130010 (1 log(s), head=29130016, finalized=29130010)
[2026-06-16T11:52:52.040Z] scanner-http: scanned 29130011..29130013 (0 log(s), head=29130019, finalized=29130013)
[2026-06-16T11:52:52.542Z] scanner-http: scanned 29130014..29130014 (0 log(s), head=29130020, finalized=29130014)
[2026-06-16T11:52:52.999Z] scanner-http: scanned 29130015..29130017 (0 log(s), head=29130023, finalized=29130017)
[2026-06-16T11:52:58.844Z] [debug] daemon: condition-filtered router=client_test_01_router_default reason="condition failed: field="${enrichment.fullIntent.Symbol}" operator="in" value=["SPYM","CRCL","TSLA","NVDA","IAU","PPLT","MSTR","AMZN","SIVR","COIN"] actual="fairValue:spSEI""
[2026-06-16T11:52:58.851Z] scanner-ws: delivered 1 log(s) (blocks 29130030..29130030)
[2026-06-16T11:52:58.956Z] [debug] daemon: condition-filtered router=client_test_01_router_default reason="condition failed: field="${enrichment.fullIntent.Symbol}" operator="in" value=["SPYM","CRCL","TSLA","NVDA","IAU","PPLT","MSTR","AMZN","SIVR","COIN"] actual="usdValue:hemiBTC""
[2026-06-16T11:52:58.962Z] scanner-ws: delivered 1 log(s) (blocks 29130030..29130030)
[2026-06-16T11:52:58.971Z] [debug] daemon: condition-filtered router=client_test_01_router_default reason="condition failed: field="${enrichment.fullIntent.Symbol}" operator="in" value=["SPYM","CRCL","TSLA","NVDA","IAU","PPLT","MSTR","AMZN","SIVR","COIN"] actual="fairValue:hemiBTC""
[2026-06-16T11:52:58.983Z] scanner-ws: delivered 1 log(s) (blocks 29130030..29130030)
[2026-06-16T11:52:58.987Z] [debug] daemon: condition-filtered router=client_test_01_router_default reason="condition failed: field="${enrichment.fullIntent.Symbol}" operator="in" value=["SPYM","CRCL","TSLA","NVDA","IAU","PPLT","MSTR","AMZN","SIVR","COIN"] actual="numerator:spSEI""
[2026-06-16T11:52:58.995Z] scanner-ws: delivered 1 log(s) (blocks 29130030..29130030)
[2026-06-16T11:52:59.000Z] [debug] daemon: condition-filtered router=client_test_01_router_default reason="condition failed: field="${enrichment.fullIntent.Symbol}" operator="in" value=["SPYM","CRCL","TSLA","NVDA","IAU","PPLT","MSTR","AMZN","SIVR","COIN"] actual="denominator:hemiBTC""
[2026-06-16T11:52:59.012Z] scanner-ws: delivered 1 log(s) (blocks 29130030..29130030)
[2026-06-16T11:52:59.016Z] [debug] daemon: condition-filtered router=client_test_01_router_default reason="condition failed: field="${enrichment.fullIntent.Symbol}" operator="in" value=["SPYM","CRCL","TSLA","NVDA","IAU","PPLT","MSTR","AMZN","SIVR","COIN"] actual="usdValue:spSEI""
[2026-06-16T11:52:59.022Z] scanner-ws: delivered 1 log(s) (blocks 29130030..29130030)
[2026-06-16T11:52:59.251Z] [debug] daemon: condition-filtered router=client_test_01_router_default reason="condition failed: field="${enrichment.fullIntent.Symbol}" operator="in" value=["SPYM","CRCL","TSLA","NVDA","IAU","PPLT","MSTR","AMZN","SIVR","COIN"] actual="numerator:hemiBTC""
[2026-06-16T11:52:59.258Z] scanner-ws: delivered 1 log(s) (blocks 29130030..29130030)
[2026-06-16T11:52:59.943Z] [debug] daemon: condition-filtered router=client_test_01_router_default reason="condition failed: field="${enrichment.fullIntent.Symbol}" operator="in" value=["SPYM","CRCL","TSLA","NVDA","IAU","PPLT","MSTR","AMZN","SIVR","COIN"] actual="denominator:spSEI""
[2026-06-16T11:52:59.950Z] scanner-ws: delivered 1 log(s) (blocks 29130030..29130030)
[2026-06-16T11:53:04.090Z] scanner-http: scanned 29130018..29130034 (8 log(s), head=29130040, finalized=29130034)
[2026-06-16T11:53:04.546Z] scanner-http: scanned 29130035..29130035 (0 log(s), head=29130041, finalized=29130035)
[2026-06-16T11:53:04.995Z] scanner-http: scanned 29130036..29130036 (0 log(s), head=29130042, finalized=29130036)
[2026-06-16T11:53:15.850Z] scanner-http: scanned 29130037..29130054 (0 log(s), head=29130060, finalized=29130054)
[2026-06-16T11:53:16.294Z] scanner-http: scanned 29130055..29130055 (0 log(s), head=29130061, finalized=29130055)
[2026-06-16T11:53:20.290Z] [debug] daemon: condition-filtered router=client_test_01_router_default reason="condition failed: field="${enrichment.fullIntent.Symbol}" operator="in" value=["SPYM","CRCL","TSLA","NVDA","IAU","PPLT","MSTR","AMZN","SIVR","COIN"] actual="fairValue:spSEI""
[2026-06-16T11:53:20.294Z] scanner-ws: delivered 1 log(s) (blocks 29130066..29130066)
[2026-06-16T11:53:20.299Z] [debug] daemon: condition-filtered router=client_test_01_router_default reason="condition failed: field="${enrichment.fullIntent.Symbol}" operator="in" value=["SPYM","CRCL","TSLA","NVDA","IAU","PPLT","MSTR","AMZN","SIVR","COIN"] actual="usdValue:spSEI""
[2026-06-16T11:53:20.303Z] scanner-ws: delivered 1 log(s) (blocks 29130066..29130066)
[2026-06-16T11:53:20.377Z] [debug] daemon: condition-filtered router=client_test_01_router_default reason="condition failed: field="${enrichment.fullIntent.Symbol}" operator="in" value=["SPYM","CRCL","TSLA","NVDA","IAU","PPLT","MSTR","AMZN","SIVR","COIN"] actual="denominator:spSEI""
[2026-06-16T11:53:20.383Z] scanner-ws: delivered 1 log(s) (blocks 29130066..29130066)
[2026-06-16T11:53:20.388Z] [debug] daemon: condition-filtered router=client_test_01_router_default reason="condition failed: field="${enrichment.fullIntent.Symbol}" operator="in" value=["SPYM","CRCL","TSLA","NVDA","IAU","PPLT","MSTR","AMZN","SIVR","COIN"] actual="numerator:hemiBTC""
[2026-06-16T11:53:20.398Z] [debug] daemon: condition-filtered router=client_test_01_router_default reason="condition failed: field="${enrichment.fullIntent.Symbol}" operator="in" value=["SPYM","CRCL","TSLA","NVDA","IAU","PPLT","MSTR","AMZN","SIVR","COIN"] actual="numerator:spSEI""
[2026-06-16T11:53:20.394Z] scanner-ws: delivered 1 log(s) (blocks 29130066..29130066)
[2026-06-16T11:53:20.403Z] scanner-ws: delivered 1 log(s) (blocks 29130066..29130066)
[2026-06-16T11:53:20.408Z] [debug] daemon: condition-filtered router=client_test_01_router_default reason="condition failed: field="${enrichment.fullIntent.Symbol}" operator="in" value=["SPYM","CRCL","TSLA","NVDA","IAU","PPLT","MSTR","AMZN","SIVR","COIN"] actual="usdValue:hemiBTC""
[2026-06-16T11:53:20.414Z] scanner-ws: delivered 1 log(s) (blocks 29130066..29130066)
[2026-06-16T11:53:20.417Z] [debug] daemon: condition-filtered router=client_test_01_router_default reason="condition failed: field="${enrichment.fullIntent.Symbol}" operator="in" value=["SPYM","CRCL","TSLA","NVDA","IAU","PPLT","MSTR","AMZN","SIVR","COIN"] actual="fairValue:hemiBTC""
[2026-06-16T11:53:20.422Z] scanner-ws: delivered 1 log(s) (blocks 29130066..29130066)
[2026-06-16T11:53:20.428Z] [debug] daemon: condition-filtered router=client_test_01_router_default reason="condition failed: field="${enrichment.fullIntent.Symbol}" operator="in" value=["SPYM","CRCL","TSLA","NVDA","IAU","PPLT","MSTR","AMZN","SIVR","COIN"] actual="denominator:hemiBTC""
[2026-06-16T11:53:20.433Z] scanner-ws: delivered 1 log(s) (blocks 29130066..29130066)
[2026-06-16T11:53:28.265Z] scanner-http: scanned 29130056..29130072 (8 log(s), head=29130078, finalized=29130072)
[2026-06-16T11:53:28.790Z] scanner-http: scanned 29130073..29130075 (0 log(s), head=29130081, finalized=29130075)
[2026-06-16T11:53:39.755Z] scanner-http: scanned 29130076..29130093 (0 log(s), head=29130099, finalized=29130093)
[2026-06-16T11:53:40.942Z] [debug] daemon: condition-filtered router=client_test_01_router_default reason="condition failed: field="${enrichment.fullIntent.Symbol}" operator="in" value=["SPYM","CRCL","TSLA","NVDA","IAU","PPLT","MSTR","AMZN","SIVR","COIN"] actual="ARS/USDT""
[2026-06-16T11:53:40.950Z] scanner-ws: delivered 1 log(s) (blocks 29130101..29130101)
[2026-06-16T11:53:50.849Z] scanner-http: scanned 29130094..29130113 (1 log(s), head=29130119, finalized=29130113)
[2026-06-16T11:53:51.323Z] scanner-http: scanned 29130114..29130114 (0 log(s), head=29130120, finalized=29130114)
[2026-06-16T11:53:51.785Z] scanner-http: scanned 29130115..29130115 (0 log(s), head=29130121, finalized=29130115)
[2026-06-16T11:53:52.168Z] scanner-http: scanned 29130116..29130116 (0 log(s), head=29130122, finalized=29130116)
[2026-06-16T11:53:52.628Z] scanner-http: scanned 29130117..29130117 (0 log(s), head=29130123, finalized=29130117)
[2026-06-16T11:53:58.489Z] [debug] daemon: condition-filtered router=client_test_01_router_default reason="condition failed: field="${enrichment.fullIntent.Symbol}" operator="in" value=["SPYM","CRCL","TSLA","NVDA","IAU","PPLT","MSTR","AMZN","SIVR","COIN"] actual="fairValue:spSEI""
[2026-06-16T11:53:58.493Z] scanner-ws: delivered 1 log(s) (blocks 29130132..29130132)
[2026-06-16T11:53:58.577Z] [debug] daemon: condition-filtered router=client_test_01_router_default reason="condition failed: field="${enrichment.fullIntent.Symbol}" operator="in" value=["SPYM","CRCL","TSLA","NVDA","IAU","PPLT","MSTR","AMZN","SIVR","COIN"] actual="numerator:spSEI""
[2026-06-16T11:53:58.581Z] scanner-ws: delivered 1 log(s) (blocks 29130132..29130132)
[2026-06-16T11:53:58.590Z] [debug] daemon: condition-filtered router=client_test_01_router_default reason="condition failed: field="${enrichment.fullIntent.Symbol}" operator="in" value=["SPYM","CRCL","TSLA","NVDA","IAU","PPLT","MSTR","AMZN","SIVR","COIN"] actual="fairValue:hemiBTC""
[2026-06-16T11:53:58.597Z] scanner-ws: delivered 1 log(s) (blocks 29130132..29130132)
[2026-06-16T11:53:58.600Z] [debug] daemon: condition-filtered router=client_test_01_router_default reason="condition failed: field="${enrichment.fullIntent.Symbol}" operator="in" value=["SPYM","CRCL","TSLA","NVDA","IAU","PPLT","MSTR","AMZN","SIVR","COIN"] actual="usdValue:spSEI""
[2026-06-16T11:53:58.605Z] scanner-ws: delivered 1 log(s) (blocks 29130132..29130132)
[2026-06-16T11:53:58.608Z] [debug] daemon: condition-filtered router=client_test_01_router_default reason="condition failed: field="${enrichment.fullIntent.Symbol}" operator="in" value=["SPYM","CRCL","TSLA","NVDA","IAU","PPLT","MSTR","AMZN","SIVR","COIN"] actual="denominator:spSEI""
[2026-06-16T11:53:58.612Z] scanner-ws: delivered 1 log(s) (blocks 29130132..29130132)
[2026-06-16T11:53:58.615Z] [debug] daemon: condition-filtered router=client_test_01_router_default reason="condition failed: field="${enrichment.fullIntent.Symbol}" operator="in" value=["SPYM","CRCL","TSLA","NVDA","IAU","PPLT","MSTR","AMZN","SIVR","COIN"] actual="numerator:hemiBTC""
[2026-06-16T11:53:58.619Z] scanner-ws: delivered 1 log(s) (blocks 29130132..29130132)
[2026-06-16T11:53:58.621Z] [debug] daemon: condition-filtered router=client_test_01_router_default reason="condition failed: field="${enrichment.fullIntent.Symbol}" operator="in" value=["SPYM","CRCL","TSLA","NVDA","IAU","PPLT","MSTR","AMZN","SIVR","COIN"] actual="usdValue:hemiBTC""
[2026-06-16T11:53:58.627Z] scanner-ws: delivered 1 log(s) (blocks 29130132..29130132)
[2026-06-16T11:53:58.637Z] [debug] daemon: condition-filtered router=client_test_01_router_default reason="condition failed: field="${enrichment.fullIntent.Symbol}" operator="in" value=["SPYM","CRCL","TSLA","NVDA","IAU","PPLT","MSTR","AMZN","SIVR","COIN"] actual="denominator:hemiBTC""
[2026-06-16T11:53:58.644Z] scanner-ws: delivered 1 log(s) (blocks 29130132..29130132)
[2026-06-16T11:54:03.924Z] scanner-http: scanned 29130118..29130136 (8 log(s), head=29130142, finalized=29130136)
[2026-06-16T11:54:04.507Z] scanner-http: scanned 29130137..29130139 (0 log(s), head=29130145, finalized=29130139)
[2026-06-16T11:54:15.422Z] scanner-http: scanned 29130140..29130162 (0 log(s), head=29130168, finalized=29130162)
[2026-06-16T11:54:15.868Z] scanner-http: scanned 29130163..29130163 (0 log(s), head=29130169, finalized=29130163)
[2026-06-16T11:54:20.042Z] [debug] daemon: condition-filtered router=client_test_01_router_default reason="condition failed: field="${enrichment.fullIntent.Symbol}" operator="in" value=["SPYM","CRCL","TSLA","NVDA","IAU","PPLT","MSTR","AMZN","SIVR","COIN"] actual="usdValue:spSEI""
[2026-06-16T11:54:20.048Z] scanner-ws: delivered 1 log(s) (blocks 29130178..29130178)
[2026-06-16T11:54:20.053Z] [debug] daemon: condition-filtered router=client_test_01_router_default reason="condition failed: field="${enrichment.fullIntent.Symbol}" operator="in" value=["SPYM","CRCL","TSLA","NVDA","IAU","PPLT","MSTR","AMZN","SIVR","COIN"] actual="fairValue:spSEI""
[2026-06-16T11:54:20.057Z] scanner-ws: delivered 1 log(s) (blocks 29130178..29130178)
[2026-06-16T11:54:20.133Z] [debug] daemon: condition-filtered router=client_test_01_router_default reason="condition failed: field="${enrichment.fullIntent.Symbol}" operator="in" value=["SPYM","CRCL","TSLA","NVDA","IAU","PPLT","MSTR","AMZN","SIVR","COIN"] actual="numerator:spSEI""
[2026-06-16T11:54:20.140Z] scanner-ws: delivered 1 log(s) (blocks 29130178..29130178)
[2026-06-16T11:54:20.147Z] [debug] daemon: condition-filtered router=client_test_01_router_default reason="condition failed: field="${enrichment.fullIntent.Symbol}" operator="in" value=["SPYM","CRCL","TSLA","NVDA","IAU","PPLT","MSTR","AMZN","SIVR","COIN"] actual="denominator:spSEI""
[2026-06-16T11:54:20.154Z] scanner-ws: delivered 1 log(s) (blocks 29130178..29130178)
[2026-06-16T11:54:20.157Z] [debug] daemon: condition-filtered router=client_test_01_router_default reason="condition failed: field="${enrichment.fullIntent.Symbol}" operator="in" value=["SPYM","CRCL","TSLA","NVDA","IAU","PPLT","MSTR","AMZN","SIVR","COIN"] actual="numerator:hemiBTC""
[2026-06-16T11:54:20.161Z] scanner-ws: delivered 1 log(s) (blocks 29130178..29130178)
[2026-06-16T11:54:20.167Z] [debug] daemon: condition-filtered router=client_test_01_router_default reason="condition failed: field="${enrichment.fullIntent.Symbol}" operator="in" value=["SPYM","CRCL","TSLA","NVDA","IAU","PPLT","MSTR","AMZN","SIVR","COIN"] actual="fairValue:hemiBTC""
[2026-06-16T11:54:20.171Z] scanner-ws: delivered 1 log(s) (blocks 29130178..29130178)
[2026-06-16T11:54:20.173Z] [debug] daemon: condition-filtered router=client_test_01_router_default reason="condition failed: field="${enrichment.fullIntent.Symbol}" operator="in" value=["SPYM","CRCL","TSLA","NVDA","IAU","PPLT","MSTR","AMZN","SIVR","COIN"] actual="usdValue:hemiBTC""
[2026-06-16T11:54:20.180Z] scanner-ws: delivered 1 log(s) (blocks 29130178..29130178)
[2026-06-16T11:54:22.242Z] [debug] daemon: condition-filtered router=client_test_01_router_default reason="condition failed: field="${enrichment.fullIntent.Symbol}" operator="in" value=["SPYM","CRCL","TSLA","NVDA","IAU","PPLT","MSTR","AMZN","SIVR","COIN"] actual="denominator:hemiBTC""
[2026-06-16T11:54:22.252Z] scanner-ws: delivered 1 log(s) (blocks 29130178..29130178)
[2026-06-16T11:54:26.522Z] [debug] daemon: policy-filtered router=client_test_01_router_default dest=0
[2026-06-16T11:54:26.528Z] scanner-ws: delivered 1 log(s) (blocks 29130189..29130189)
[2026-06-16T11:54:26.886Z] scanner-http: scanned 29130164..29130183 (8 log(s), head=29130189, finalized=29130183)
[2026-06-16T11:54:27.337Z] scanner-http: scanned 29130184..29130184 (0 log(s), head=29130190, finalized=29130184)
[2026-06-16T11:54:38.404Z] scanner-http: scanned 29130185..29130198 (1 log(s), head=29130204, finalized=29130198)
[2026-06-16T11:54:38.869Z] scanner-http: scanned 29130199..29130200 (0 log(s), head=29130206, finalized=29130200)
[2026-06-16T11:54:39.321Z] scanner-http: scanned 29130201..29130202 (0 log(s), head=29130208, finalized=29130202)
[2026-06-16T11:54:39.767Z] scanner-http: scanned 29130203..29130203 (0 log(s), head=29130209, finalized=29130203)
[2026-06-16T11:54:41.029Z] [debug] daemon: condition-filtered router=client_test_01_router_default reason="condition failed: field="${enrichment.fullIntent.Symbol}" operator="in" value=["SPYM","CRCL","TSLA","NVDA","IAU","PPLT","MSTR","AMZN","SIVR","COIN"] actual="ARS/USDT""
[2026-06-16T11:54:41.036Z] scanner-ws: delivered 1 log(s) (blocks 29130211..29130211)
[2026-06-16T11:54:50.878Z] scanner-http: scanned 29130204..29130222 (1 log(s), head=29130228, finalized=29130222)
[2026-06-16T11:54:51.331Z] scanner-http: scanned 29130223..29130224 (0 log(s), head=29130230, finalized=29130224)
[2026-06-16T11:54:58.538Z] [debug] daemon: condition-filtered router=client_test_01_router_default reason="condition failed: field="${enrichment.fullIntent.Symbol}" operator="in" value=["SPYM","CRCL","TSLA","NVDA","IAU","PPLT","MSTR","AMZN","SIVR","COIN"] actual="fairValue:spSEI""
[2026-06-16T11:54:58.543Z] scanner-ws: delivered 1 log(s) (blocks 29130238..29130238)
[2026-06-16T11:54:58.624Z] [debug] daemon: condition-filtered router=client_test_01_router_default reason="condition failed: field="${enrichment.fullIntent.Symbol}" operator="in" value=["SPYM","CRCL","TSLA","NVDA","IAU","PPLT","MSTR","AMZN","SIVR","COIN"] actual="usdValue:spSEI""
[2026-06-16T11:54:58.628Z] scanner-ws: delivered 1 log(s) (blocks 29130238..29130238)
[2026-06-16T11:54:58.635Z] [debug] daemon: condition-filtered router=client_test_01_router_default reason="condition failed: field="${enrichment.fullIntent.Symbol}" operator="in" value=["SPYM","CRCL","TSLA","NVDA","IAU","PPLT","MSTR","AMZN","SIVR","COIN"] actual="usdValue:hemiBTC""
[2026-06-16T11:54:58.639Z] scanner-ws: delivered 1 log(s) (blocks 29130238..29130238)
[2026-06-16T11:54:58.641Z] [debug] daemon: condition-filtered router=client_test_01_router_default reason="condition failed: field="${enrichment.fullIntent.Symbol}" operator="in" value=["SPYM","CRCL","TSLA","NVDA","IAU","PPLT","MSTR","AMZN","SIVR","COIN"] actual="numerator:spSEI""
[2026-06-16T11:54:58.648Z] scanner-ws: delivered 1 log(s) (blocks 29130238..29130238)
[2026-06-16T11:54:58.651Z] [debug] daemon: condition-filtered router=client_test_01_router_default reason="condition failed: field="${enrichment.fullIntent.Symbol}" operator="in" value=["SPYM","CRCL","TSLA","NVDA","IAU","PPLT","MSTR","AMZN","SIVR","COIN"] actual="denominator:spSEI""
[2026-06-16T11:54:58.656Z] scanner-ws: delivered 1 log(s) (blocks 29130238..29130238)
[2026-06-16T11:54:58.661Z] [debug] daemon: condition-filtered router=client_test_01_router_default reason="condition failed: field="${enrichment.fullIntent.Symbol}" operator="in" value=["SPYM","CRCL","TSLA","NVDA","IAU","PPLT","MSTR","AMZN","SIVR","COIN"] actual="fairValue:hemiBTC""
[2026-06-16T11:54:58.667Z] scanner-ws: delivered 1 log(s) (blocks 29130238..29130238)
[2026-06-16T11:54:58.669Z] [debug] daemon: condition-filtered router=client_test_01_router_default reason="condition failed: field="${enrichment.fullIntent.Symbol}" operator="in" value=["SPYM","CRCL","TSLA","NVDA","IAU","PPLT","MSTR","AMZN","SIVR","COIN"] actual="denominator:hemiBTC""
[2026-06-16T11:54:58.684Z] scanner-ws: delivered 1 log(s) (blocks 29130238..29130238)
[2026-06-16T11:54:58.690Z] [debug] daemon: condition-filtered router=client_test_01_router_default reason="condition failed: field="${enrichment.fullIntent.Symbol}" operator="in" value=["SPYM","CRCL","TSLA","NVDA","IAU","PPLT","MSTR","AMZN","SIVR","COIN"] actual="numerator:hemiBTC""
[2026-06-16T11:54:58.696Z] scanner-ws: delivered 1 log(s) (blocks 29130238..29130238)
[2026-06-16T11:55:02.213Z] scanner-http: scanned 29130225..29130239 (8 log(s), head=29130245, finalized=29130239)
[2026-06-16T11:55:02.652Z] scanner-http: scanned 29130240..29130240 (0 log(s), head=29130246, finalized=29130240)
[2026-06-16T11:55:03.095Z] scanner-http: scanned 29130241..29130241 (0 log(s), head=29130247, finalized=29130241)
[2026-06-16T11:55:13.942Z] scanner-http: scanned 29130242..29130257 (0 log(s), head=29130263, finalized=29130257)
[2026-06-16T11:55:20.240Z] [debug] daemon: condition-filtered router=client_test_01_router_default reason="condition failed: field="${enrichment.fullIntent.Symbol}" operator="in" value=["SPYM","CRCL","TSLA","NVDA","IAU","PPLT","MSTR","AMZN","SIVR","COIN"] actual="fairValue:spSEI""
[2026-06-16T11:55:20.245Z] scanner-ws: delivered 1 log(s) (blocks 29130274..29130274)
[2026-06-16T11:55:20.827Z] [debug] daemon: condition-filtered router=client_test_01_router_default reason="condition failed: field="${enrichment.fullIntent.Symbol}" operator="in" value=["SPYM","CRCL","TSLA","NVDA","IAU","PPLT","MSTR","AMZN","SIVR","COIN"] actual="usdValue:spSEI""
[2026-06-16T11:55:20.834Z] scanner-ws: delivered 1 log(s) (blocks 29130274..29130274)
[2026-06-16T11:55:20.838Z] [debug] daemon: condition-filtered router=client_test_01_router_default reason="condition failed: field="${enrichment.fullIntent.Symbol}" operator="in" value=["SPYM","CRCL","TSLA","NVDA","IAU","PPLT","MSTR","AMZN","SIVR","COIN"] actual="numerator:spSEI""
[2026-06-16T11:55:20.874Z] scanner-ws: delivered 1 log(s) (blocks 29130274..29130274)
[2026-06-16T11:55:20.910Z] [debug] daemon: condition-filtered router=client_test_01_router_default reason="condition failed: field="${enrichment.fullIntent.Symbol}" operator="in" value=["SPYM","CRCL","TSLA","NVDA","IAU","PPLT","MSTR","AMZN","SIVR","COIN"] actual="fairValue:hemiBTC""
[2026-06-16T11:55:20.917Z] scanner-ws: delivered 1 log(s) (blocks 29130274..29130274)
[2026-06-16T11:55:20.945Z] [debug] daemon: condition-filtered router=client_test_01_router_default reason="condition failed: field="${enrichment.fullIntent.Symbol}" operator="in" value=["SPYM","CRCL","TSLA","NVDA","IAU","PPLT","MSTR","AMZN","SIVR","COIN"] actual="usdValue:hemiBTC""
[2026-06-16T11:55:20.949Z] scanner-ws: delivered 1 log(s) (blocks 29130274..29130274)
[2026-06-16T11:55:20.958Z] [debug] daemon: condition-filtered router=client_test_01_router_default reason="condition failed: field="${enrichment.fullIntent.Symbol}" operator="in" value=["SPYM","CRCL","TSLA","NVDA","IAU","PPLT","MSTR","AMZN","SIVR","COIN"] actual="numerator:hemiBTC""
[2026-06-16T11:55:20.964Z] scanner-ws: delivered 1 log(s) (blocks 29130274..29130274)
[2026-06-16T11:55:20.967Z] [debug] daemon: condition-filtered router=client_test_01_router_default reason="condition failed: field="${enrichment.fullIntent.Symbol}" operator="in" value=["SPYM","CRCL","TSLA","NVDA","IAU","PPLT","MSTR","AMZN","SIVR","COIN"] actual="denominator:spSEI""
[2026-06-16T11:55:20.980Z] scanner-ws: delivered 1 log(s) (blocks 29130274..29130274)
[2026-06-16T11:55:20.972Z] scanner-ws: delivered 1 log(s) (blocks 29130274..29130274)
[2026-06-16T11:55:20.975Z] [debug] daemon: condition-filtered router=client_test_01_router_default reason="condition failed: field="${enrichment.fullIntent.Symbol}" operator="in" value=["SPYM","CRCL","TSLA","NVDA","IAU","PPLT","MSTR","AMZN","SIVR","COIN"] actual="denominator:hemiBTC""
[2026-06-16T11:55:24.756Z] scanner-http: scanned 29130258..29130279 (8 log(s), head=29130285, finalized=29130279)
[2026-06-16T11:55:25.198Z] scanner-http: scanned 29130280..29130281 (0 log(s), head=29130287, finalized=29130281)
[2026-06-16T11:55:25.648Z] scanner-http: scanned 29130282..29130282 (0 log(s), head=29130288, finalized=29130282)
[2026-06-16T11:55:26.097Z] scanner-http: scanned 29130283..29130283 (0 log(s), head=29130289, finalized=29130283)
[2026-06-16T11:55:32.454Z] [debug] daemon: policy-filtered router=client_test_01_router_default dest=0
[2026-06-16T11:55:32.460Z] scanner-ws: delivered 1 log(s) (blocks 29130301..29130301)
[2026-06-16T11:55:37.091Z] scanner-http: scanned 29130284..29130303 (1 log(s), head=29130309, finalized=29130303)
[2026-06-16T11:55:37.557Z] scanner-http: scanned 29130304..29130304 (0 log(s), head=29130310, finalized=29130304)
[2026-06-16T11:55:38.133Z] scanner-http: scanned 29130305..29130305 (0 log(s), head=29130311, finalized=29130305)
[2026-06-16T11:55:38.674Z] scanner-http: scanned 29130306..29130306 (0 log(s), head=29130312, finalized=29130306)
[2026-06-16T11:55:39.307Z] scanner-http: scanned 29130307..29130308 (0 log(s), head=29130314, finalized=29130308)
[2026-06-16T11:55:39.868Z] scanner-http: scanned 29130309..29130311 (0 log(s), head=29130317, finalized=29130311)
[2026-06-16T11:55:41.206Z] [debug] daemon: condition-filtered router=client_test_01_router_default reason="condition failed: field="${enrichment.fullIntent.Symbol}" operator="in" value=["SPYM","CRCL","TSLA","NVDA","IAU","PPLT","MSTR","AMZN","SIVR","COIN"] actual="ARS/USDT""
[2026-06-16T11:55:41.227Z] scanner-ws: delivered 1 log(s) (blocks 29130319..29130319)
[2026-06-16T11:55:51.029Z] scanner-http: scanned 29130312..29130328 (1 log(s), head=29130334, finalized=29130328)
[2026-06-16T11:55:51.470Z] scanner-http: scanned 29130329..29130330 (0 log(s), head=29130336, finalized=29130330)
[2026-06-16T11:55:58.474Z] [debug] daemon: condition-filtered router=client_test_01_router_default reason="condition failed: field="${enrichment.fullIntent.Symbol}" operator="in" value=["SPYM","CRCL","TSLA","NVDA","IAU","PPLT","MSTR","AMZN","SIVR","COIN"] actual="fairValue:spSEI""
[2026-06-16T11:55:58.481Z] scanner-ws: delivered 1 log(s) (blocks 29130344..29130344)
[2026-06-16T11:55:58.588Z] [debug] daemon: condition-filtered router=client_test_01_router_default reason="condition failed: field="${enrichment.fullIntent.Symbol}" operator="in" value=["SPYM","CRCL","TSLA","NVDA","IAU","PPLT","MSTR","AMZN","SIVR","COIN"] actual="numerator:spSEI""
[2026-06-16T11:55:58.596Z] scanner-ws: delivered 1 log(s) (blocks 29130344..29130344)
[2026-06-16T11:55:58.603Z] [debug] daemon: condition-filtered router=client_test_01_router_default reason="condition failed: field="${enrichment.fullIntent.Symbol}" operator="in" value=["SPYM","CRCL","TSLA","NVDA","IAU","PPLT","MSTR","AMZN","SIVR","COIN"] actual="usdValue:spSEI""
[2026-06-16T11:55:58.611Z] scanner-ws: delivered 1 log(s) (blocks 29130344..29130344)
[2026-06-16T11:55:58.621Z] [debug] daemon: condition-filtered router=client_test_01_router_default reason="condition failed: field="${enrichment.fullIntent.Symbol}" operator="in" value=["SPYM","CRCL","TSLA","NVDA","IAU","PPLT","MSTR","AMZN","SIVR","COIN"] actual="denominator:hemiBTC""
[2026-06-16T11:55:58.626Z] scanner-ws: delivered 1 log(s) (blocks 29130344..29130344)
[2026-06-16T11:55:58.632Z] [debug] daemon: condition-filtered router=client_test_01_router_default reason="condition failed: field="${enrichment.fullIntent.Symbol}" operator="in" value=["SPYM","CRCL","TSLA","NVDA","IAU","PPLT","MSTR","AMZN","SIVR","COIN"] actual="numerator:hemiBTC""
[2026-06-16T11:55:58.638Z] scanner-ws: delivered 1 log(s) (blocks 29130344..29130344)
[2026-06-16T11:55:58.642Z] [debug] daemon: condition-filtered router=client_test_01_router_default reason="condition failed: field="${enrichment.fullIntent.Symbol}" operator="in" value=["SPYM","CRCL","TSLA","NVDA","IAU","PPLT","MSTR","AMZN","SIVR","COIN"] actual="denominator:spSEI""
[2026-06-16T11:55:58.649Z] scanner-ws: delivered 1 log(s) (blocks 29130344..29130344)
[2026-06-16T11:55:58.653Z] [debug] daemon: condition-filtered router=client_test_01_router_default reason="condition failed: field="${enrichment.fullIntent.Symbol}" operator="in" value=["SPYM","CRCL","TSLA","NVDA","IAU","PPLT","MSTR","AMZN","SIVR","COIN"] actual="fairValue:hemiBTC""
[2026-06-16T11:55:58.658Z] scanner-ws: delivered 1 log(s) (blocks 29130344..29130344)
[2026-06-16T11:55:58.663Z] [debug] daemon: condition-filtered router=client_test_01_router_default reason="condition failed: field="${enrichment.fullIntent.Symbol}" operator="in" value=["SPYM","CRCL","TSLA","NVDA","IAU","PPLT","MSTR","AMZN","SIVR","COIN"] actual="usdValue:hemiBTC""
[2026-06-16T11:55:58.670Z] scanner-ws: delivered 1 log(s) (blocks 29130344..29130344)
[2026-06-16T11:56:02.466Z] scanner-http: scanned 29130331..29130345 (8 log(s), head=29130351, finalized=29130345)
[2026-06-16T11:56:03.009Z] scanner-http: scanned 29130346..29130347 (0 log(s), head=29130353, finalized=29130347)
[2026-06-16T11:56:13.974Z] scanner-http: scanned 29130348..29130361 (0 log(s), head=29130367, finalized=29130361)
[2026-06-16T11:56:14.426Z] scanner-http: scanned 29130362..29130362 (0 log(s), head=29130368, finalized=29130362)
[2026-06-16T11:56:18.990Z] scanner-ws: delivered 1 log(s) (blocks 29130375..29130375)
[2026-06-16T11:56:20.048Z] [debug] daemon: condition-filtered router=client_test_01_router_default reason="condition failed: field="${enrichment.fullIntent.Symbol}" operator="in" value=["SPYM","CRCL","TSLA","NVDA","IAU","PPLT","MSTR","AMZN","SIVR","COIN"] actual="fairValue:spSEI""
[2026-06-16T11:56:20.053Z] scanner-ws: delivered 1 log(s) (blocks 29130378..29130378)
[2026-06-16T11:56:20.213Z] [debug] daemon: condition-filtered router=client_test_01_router_default reason="condition failed: field="${enrichment.fullIntent.Symbol}" operator="in" value=["SPYM","CRCL","TSLA","NVDA","IAU","PPLT","MSTR","AMZN","SIVR","COIN"] actual="denominator:hemiBTC""
[2026-06-16T11:56:20.226Z] scanner-ws: delivered 1 log(s) (blocks 29130378..29130378)
[2026-06-16T11:56:20.230Z] [debug] daemon: condition-filtered router=client_test_01_router_default reason="condition failed: field="${enrichment.fullIntent.Symbol}" operator="in" value=["SPYM","CRCL","TSLA","NVDA","IAU","PPLT","MSTR","AMZN","SIVR","COIN"] actual="numerator:hemiBTC""
[2026-06-16T11:56:20.236Z] scanner-ws: delivered 1 log(s) (blocks 29130378..29130378)
[2026-06-16T11:56:20.238Z] [debug] daemon: condition-filtered router=client_test_01_router_default reason="condition failed: field="${enrichment.fullIntent.Symbol}" operator="in" value=["SPYM","CRCL","TSLA","NVDA","IAU","PPLT","MSTR","AMZN","SIVR","COIN"] actual="fairValue:hemiBTC""
[2026-06-16T11:56:20.260Z] scanner-ws: delivered 1 log(s) (blocks 29130378..29130378)
[2026-06-16T11:56:20.264Z] [debug] daemon: condition-filtered router=client_test_01_router_default reason="condition failed: field="${enrichment.fullIntent.Symbol}" operator="in" value=["SPYM","CRCL","TSLA","NVDA","IAU","PPLT","MSTR","AMZN","SIVR","COIN"] actual="numerator:spSEI""
[2026-06-16T11:56:20.268Z] scanner-ws: delivered 1 log(s) (blocks 29130378..29130378)
[2026-06-16T11:56:20.279Z] [debug] daemon: condition-filtered router=client_test_01_router_default reason="condition failed: field="${enrichment.fullIntent.Symbol}" operator="in" value=["SPYM","CRCL","TSLA","NVDA","IAU","PPLT","MSTR","AMZN","SIVR","COIN"] actual="usdValue:hemiBTC""
[2026-06-16T11:56:20.285Z] scanner-ws: delivered 1 log(s) (blocks 29130378..29130378)
[2026-06-16T11:56:20.500Z] [debug] daemon: condition-filtered router=client_test_01_router_default reason="condition failed: field="${enrichment.fullIntent.Symbol}" operator="in" value=["SPYM","CRCL","TSLA","NVDA","IAU","PPLT","MSTR","AMZN","SIVR","COIN"] actual="denominator:spSEI""
[2026-06-16T11:56:20.507Z] scanner-ws: delivered 1 log(s) (blocks 29130378..29130378)
[2026-06-16T11:56:20.523Z] scanner-ws: delivered 1 log(s) (blocks 29130380..29130380)
[2026-06-16T11:56:20.528Z] [debug] daemon: condition-filtered router=client_test_01_router_default reason="condition failed: field="${enrichment.fullIntent.Symbol}" operator="in" value=["SPYM","CRCL","TSLA","NVDA","IAU","PPLT","MSTR","AMZN","SIVR","COIN"] actual="usdValue:spSEI""
[2026-06-16T11:56:20.534Z] scanner-ws: delivered 1 log(s) (blocks 29130378..29130378)
[2026-06-16T11:56:21.783Z] scanner-ws: delivered 1 log(s) (blocks 29130382..29130382)
[2026-06-16T11:56:22.858Z] scanner-ws: delivered 1 log(s) (blocks 29130384..29130384)
[2026-06-16T11:56:23.774Z] scanner-ws: delivered 1 log(s) (blocks 29130387..29130387)
[2026-06-16T11:56:24.815Z] scanner-ws: delivered 1 log(s) (blocks 29130390..29130390)
[2026-06-16T11:56:25.473Z] scanner-http: scanned 29130363..29130385 (12 log(s), head=29130391, finalized=29130385)
[2026-06-16T11:56:26.158Z] scanner-http: scanned 29130386..29130387 (1 log(s), head=29130393, finalized=29130387)
[2026-06-16T11:56:26.603Z] scanner-http: scanned 29130388..29130388 (0 log(s), head=29130394, finalized=29130388)
[2026-06-16T11:56:27.970Z] [debug] daemon: condition-filtered router=client_test_01_router_default reason="condition failed: field="${enrichment.fullIntent.Symbol}" operator="in" value=["SPYM","CRCL","TSLA","NVDA","IAU","PPLT","MSTR","AMZN","SIVR","COIN"] actual="BMNR""
[2026-06-16T11:56:27.977Z] scanner-ws: delivered 1 log(s) (blocks 29130396..29130396)
[2026-06-16T11:56:29.019Z] [debug] daemon: condition-filtered router=client_test_01_router_default reason="condition failed: field="${enrichment.fullIntent.Symbol}" operator="in" value=["SPYM","CRCL","TSLA","NVDA","IAU","PPLT","MSTR","AMZN","SIVR","COIN"] actual="IBHG""
[2026-06-16T11:56:29.028Z] scanner-ws: delivered 1 log(s) (blocks 29130399..29130399)
[2026-06-16T11:56:37.794Z] scanner-http: scanned 29130389..29130405 (3 log(s), head=29130411, finalized=29130405)
[2026-06-16T11:56:38.244Z] scanner-http: scanned 29130406..29130406 (0 log(s), head=29130412, finalized=29130406)
[2026-06-16T11:56:38.862Z] scanner-http: scanned 29130407..29130408 (0 log(s), head=29130414, finalized=29130408)
[2026-06-16T11:56:39.422Z] scanner-http: scanned 29130409..29130410 (0 log(s), head=29130416, finalized=29130410)
[2026-06-16T11:56:39.958Z] scanner-http: scanned 29130411..29130412 (0 log(s), head=29130418, finalized=29130412)
[2026-06-16T11:56:40.509Z] scanner-http: scanned 29130413..29130413 (0 log(s), head=29130419, finalized=29130413)
[2026-06-16T11:56:41.130Z] scanner-http: scanned 29130414..29130415 (0 log(s), head=29130421, finalized=29130415)
[2026-06-16T11:56:41.137Z] [debug] daemon: condition-filtered router=client_test_01_router_default reason="condition failed: field="${enrichment.fullIntent.Symbol}" operator="in" value=["SPYM","CRCL","TSLA","NVDA","IAU","PPLT","MSTR","AMZN","SIVR","COIN"] actual="ARS/USDT""
[2026-06-16T11:56:41.147Z] scanner-ws: delivered 1 log(s) (blocks 29130421..29130421)
[2026-06-16T11:56:41.468Z] [debug] daemon: policy-filtered router=client_test_01_router_default dest=0
[2026-06-16T11:56:41.474Z] scanner-ws: delivered 1 log(s) (blocks 29130422..29130422)
[2026-06-16T11:56:41.968Z] scanner-http: scanned 29130416..29130417 (0 log(s), head=29130423, finalized=29130417)
[2026-06-16T11:56:48.941Z] [debug] [clients/client-test-01.json] submitBatch: intents=6 symbols=AMZN,COIN,IAU,SPYM,SIVR,PPLT
[2026-06-16T11:56:48.942Z] [debug] submitOracleUpdateBatch: intents=6 symbols=AMZN, COIN, IAU, SPYM, SIVR, PPLT
[2026-06-16T11:56:53.003Z] scanner-http: scanned 29130418..29130438 (2 log(s), head=29130444, finalized=29130438)
[2026-06-16T11:56:53.455Z] scanner-http: scanned 29130439..29130441 (0 log(s), head=29130447, finalized=29130441)
[2026-06-16T11:56:53.890Z] scanner-http: scanned 29130442..29130442 (0 log(s), head=29130448, finalized=29130442)
[2026-06-16T11:56:58.411Z] [debug] daemon: condition-filtered router=client_test_01_router_default reason="condition failed: field="${enrichment.fullIntent.Symbol}" operator="in" value=["SPYM","CRCL","TSLA","NVDA","IAU","PPLT","MSTR","AMZN","SIVR","COIN"] actual="fairValue:spSEI""
[2026-06-16T11:56:58.420Z] scanner-ws: delivered 1 log(s) (blocks 29130454..29130454)
[2026-06-16T11:56:58.510Z] [debug] daemon: condition-filtered router=client_test_01_router_default reason="condition failed: field="${enrichment.fullIntent.Symbol}" operator="in" value=["SPYM","CRCL","TSLA","NVDA","IAU","PPLT","MSTR","AMZN","SIVR","COIN"] actual="usdValue:hemiBTC""
[2026-06-16T11:56:58.519Z] scanner-ws: delivered 1 log(s) (blocks 29130454..29130454)
[2026-06-16T11:56:58.526Z] [debug] daemon: condition-filtered router=client_test_01_router_default reason="condition failed: field="${enrichment.fullIntent.Symbol}" operator="in" value=["SPYM","CRCL","TSLA","NVDA","IAU","PPLT","MSTR","AMZN","SIVR","COIN"] actual="usdValue:spSEI""
[2026-06-16T11:56:58.531Z] scanner-ws: delivered 1 log(s) (blocks 29130454..29130454)
[2026-06-16T11:56:58.544Z] scanner-ws: delivered 1 log(s) (blocks 29130454..29130454)
[2026-06-16T11:56:58.537Z] [debug] daemon: condition-filtered router=client_test_01_router_default reason="condition failed: field="${enrichment.fullIntent.Symbol}" operator="in" value=["SPYM","CRCL","TSLA","NVDA","IAU","PPLT","MSTR","AMZN","SIVR","COIN"] actual="denominator:spSEI""
[2026-06-16T11:56:58.554Z] scanner-ws: delivered 1 log(s) (blocks 29130454..29130454)
[2026-06-16T11:56:58.547Z] [debug] daemon: condition-filtered router=client_test_01_router_default reason="condition failed: field="${enrichment.fullIntent.Symbol}" operator="in" value=["SPYM","CRCL","TSLA","NVDA","IAU","PPLT","MSTR","AMZN","SIVR","COIN"] actual="numerator:hemiBTC""
[2026-06-16T11:56:58.558Z] [debug] daemon: condition-filtered router=client_test_01_router_default reason="condition failed: field="${enrichment.fullIntent.Symbol}" operator="in" value=["SPYM","CRCL","TSLA","NVDA","IAU","PPLT","MSTR","AMZN","SIVR","COIN"] actual="numerator:spSEI""
[2026-06-16T11:56:58.563Z] scanner-ws: delivered 1 log(s) (blocks 29130454..29130454)
[2026-06-16T11:56:58.569Z] [debug] daemon: condition-filtered router=client_test_01_router_default reason="condition failed: field="${enrichment.fullIntent.Symbol}" operator="in" value=["SPYM","CRCL","TSLA","NVDA","IAU","PPLT","MSTR","AMZN","SIVR","COIN"] actual="denominator:hemiBTC""
[2026-06-16T11:56:58.575Z] scanner-ws: delivered 1 log(s) (blocks 29130454..29130454)
[2026-06-16T11:56:58.578Z] [debug] daemon: condition-filtered router=client_test_01_router_default reason="condition failed: field="${enrichment.fullIntent.Symbol}" operator="in" value=["SPYM","CRCL","TSLA","NVDA","IAU","PPLT","MSTR","AMZN","SIVR","COIN"] actual="fairValue:hemiBTC""
[2026-06-16T11:56:58.583Z] scanner-ws: delivered 1 log(s) (blocks 29130454..29130454)
[2026-06-16T11:57:05.059Z] scanner-http: scanned 29130443..29130459 (8 log(s), head=29130465, finalized=29130459)
[2026-06-16T11:57:05.505Z] scanner-http: scanned 29130460..29130461 (0 log(s), head=29130467, finalized=29130461)
[2026-06-16T11:57:16.429Z] scanner-http: scanned 29130462..29130478 (0 log(s), head=29130484, finalized=29130478)
[2026-06-16T11:57:20.372Z] [debug] daemon: condition-filtered router=client_test_01_router_default reason="condition failed: field="${enrichment.fullIntent.Symbol}" operator="in" value=["SPYM","CRCL","TSLA","NVDA","IAU","PPLT","MSTR","AMZN","SIVR","COIN"] actual="fairValue:spSEI""
[2026-06-16T11:57:20.378Z] scanner-ws: delivered 1 log(s) (blocks 29130491..29130491)
[2026-06-16T11:57:20.383Z] [debug] daemon: condition-filtered router=client_test_01_router_default reason="condition failed: field="${enrichment.fullIntent.Symbol}" operator="in" value=["SPYM","CRCL","TSLA","NVDA","IAU","PPLT","MSTR","AMZN","SIVR","COIN"] actual="usdValue:spSEI""
[2026-06-16T11:57:20.392Z] scanner-ws: delivered 1 log(s) (blocks 29130491..29130491)
[2026-06-16T11:57:20.446Z] [debug] daemon: condition-filtered router=client_test_01_router_default reason="condition failed: field="${enrichment.fullIntent.Symbol}" operator="in" value=["SPYM","CRCL","TSLA","NVDA","IAU","PPLT","MSTR","AMZN","SIVR","COIN"] actual="denominator:hemiBTC""
[2026-06-16T11:57:20.451Z] scanner-ws: delivered 1 log(s) (blocks 29130491..29130491)
[2026-06-16T11:57:20.458Z] [debug] daemon: condition-filtered router=client_test_01_router_default reason="condition failed: field="${enrichment.fullIntent.Symbol}" operator="in" value=["SPYM","CRCL","TSLA","NVDA","IAU","PPLT","MSTR","AMZN","SIVR","COIN"] actual="numerator:spSEI""
[2026-06-16T11:57:20.467Z] [debug] daemon: condition-filtered router=client_test_01_router_default reason="condition failed: field="${enrichment.fullIntent.Symbol}" operator="in" value=["SPYM","CRCL","TSLA","NVDA","IAU","PPLT","MSTR","AMZN","SIVR","COIN"] actual="denominator:spSEI""
[2026-06-16T11:57:20.463Z] scanner-ws: delivered 1 log(s) (blocks 29130491..29130491)
[2026-06-16T11:57:20.475Z] scanner-ws: delivered 1 log(s) (blocks 29130491..29130491)
[2026-06-16T11:57:20.477Z] [debug] daemon: condition-filtered router=client_test_01_router_default reason="condition failed: field="${enrichment.fullIntent.Symbol}" operator="in" value=["SPYM","CRCL","TSLA","NVDA","IAU","PPLT","MSTR","AMZN","SIVR","COIN"] actual="numerator:hemiBTC""
[2026-06-16T11:57:20.482Z] scanner-ws: delivered 1 log(s) (blocks 29130491..29130491)
[2026-06-16T11:57:20.488Z] [debug] daemon: condition-filtered router=client_test_01_router_default reason="condition failed: field="${enrichment.fullIntent.Symbol}" operator="in" value=["SPYM","CRCL","TSLA","NVDA","IAU","PPLT","MSTR","AMZN","SIVR","COIN"] actual="usdValue:hemiBTC""
[2026-06-16T11:57:20.494Z] scanner-ws: delivered 1 log(s) (blocks 29130491..29130491)
[2026-06-16T11:57:20.500Z] [debug] daemon: condition-filtered router=client_test_01_router_default reason="condition failed: field="${enrichment.fullIntent.Symbol}" operator="in" value=["SPYM","CRCL","TSLA","NVDA","IAU","PPLT","MSTR","AMZN","SIVR","COIN"] actual="fairValue:hemiBTC""
[2026-06-16T11:57:20.507Z] scanner-ws: delivered 1 log(s) (blocks 29130491..29130491)
[2026-06-16T11:57:27.471Z] scanner-http: scanned 29130479..29130494 (8 log(s), head=29130500, finalized=29130494)
[2026-06-16T11:57:27.912Z] scanner-http: scanned 29130495..29130495 (0 log(s), head=29130501, finalized=29130495)
[2026-06-16T11:57:28.355Z] scanner-http: scanned 29130496..29130496 (0 log(s), head=29130502, finalized=29130496)
[2026-06-16T11:57:28.804Z] scanner-http: scanned 29130497..29130497 (0 log(s), head=29130503, finalized=29130497)
[2026-06-16T11:57:39.698Z] scanner-http: scanned 29130498..29130513 (0 log(s), head=29130519, finalized=29130513)
[2026-06-16T11:57:40.157Z] scanner-http: scanned 29130514..29130514 (0 log(s), head=29130520, finalized=29130514)
[2026-06-16T11:57:40.959Z] [debug] Confirmed by Blockfrost: oracle update batch (AMZN, COIN, IAU, SPYM, SIVR, PPLT) 7e104ffcfaea8cdb2396aab9768e217c129f6dc0ac7e1cd08ead2c144743f5f4.
[2026-06-16T11:57:40.998Z] [debug] daemon: condition-filtered router=client_test_01_router_default reason="condition failed: field="${enrichment.fullIntent.Symbol}" operator="in" value=["SPYM","CRCL","TSLA","NVDA","IAU","PPLT","MSTR","AMZN","SIVR","COIN"] actual="ARS/USDT""
[2026-06-16T11:57:41.005Z] scanner-ws: delivered 1 log(s) (blocks 29130521..29130521)
[2026-06-16T11:57:41.870Z] [debug] daemon: policy-filtered router=client_test_01_router_default dest=0
[2026-06-16T11:57:41.876Z] scanner-ws: delivered 1 log(s) (blocks 29130523..29130523)
[2026-06-16T11:57:50.577Z] [debug] [clients/client-test-01.json] batch confirmed: txHash=7e104ffcfaea8cdb2396aab9768e217c129f6dc0ac7e1cd08ead2c144743f5f4 built=6 skipped=0 receiverUnit=6ec4b5aa572382beb11bb8db28a87884d147afe4e2b3d8f5a7331a254449415f52454345495645525f434c49454e545f41 members=AMZN:mint,COIN:mint,IAU:mint,SPYM:mint,SIVR:mint,PPLT:mint
[2026-06-16T11:57:51.346Z] scanner-http: scanned 29130515..29130533 (2 log(s), head=29130539, finalized=29130533)
[2026-06-16T11:57:51.743Z] scanner-http: scanned 29130534..29130535 (0 log(s), head=29130541, finalized=29130535)
[2026-06-16T11:57:58.464Z] [debug] daemon: condition-filtered router=client_test_01_router_default reason="condition failed: field="${enrichment.fullIntent.Symbol}" operator="in" value=["SPYM","CRCL","TSLA","NVDA","IAU","PPLT","MSTR","AMZN","SIVR","COIN"] actual="fairValue:spSEI""
[2026-06-16T11:57:58.474Z] scanner-ws: delivered 1 log(s) (blocks 29130551..29130551)
[2026-06-16T11:57:58.538Z] [debug] daemon: condition-filtered router=client_test_01_router_default reason="condition failed: field="${enrichment.fullIntent.Symbol}" operator="in" value=["SPYM","CRCL","TSLA","NVDA","IAU","PPLT","MSTR","AMZN","SIVR","COIN"] actual="denominator:hemiBTC""
[2026-06-16T11:57:58.548Z] scanner-ws: delivered 1 log(s) (blocks 29130551..29130551)
[2026-06-16T11:57:58.556Z] [debug] daemon: condition-filtered router=client_test_01_router_default reason="condition failed: field="${enrichment.fullIntent.Symbol}" operator="in" value=["SPYM","CRCL","TSLA","NVDA","IAU","PPLT","MSTR","AMZN","SIVR","COIN"] actual="denominator:spSEI""
[2026-06-16T11:57:58.567Z] scanner-ws: delivered 1 log(s) (blocks 29130551..29130551)
[2026-06-16T11:57:58.572Z] [debug] daemon: condition-filtered router=client_test_01_router_default reason="condition failed: field="${enrichment.fullIntent.Symbol}" operator="in" value=["SPYM","CRCL","TSLA","NVDA","IAU","PPLT","MSTR","AMZN","SIVR","COIN"] actual="numerator:spSEI""
[2026-06-16T11:57:58.582Z] scanner-ws: delivered 1 log(s) (blocks 29130551..29130551)
[2026-06-16T11:57:58.585Z] [debug] daemon: condition-filtered router=client_test_01_router_default reason="condition failed: field="${enrichment.fullIntent.Symbol}" operator="in" value=["SPYM","CRCL","TSLA","NVDA","IAU","PPLT","MSTR","AMZN","SIVR","COIN"] actual="usdValue:spSEI""
[2026-06-16T11:57:58.591Z] scanner-ws: delivered 1 log(s) (blocks 29130551..29130551)
[2026-06-16T11:57:58.598Z] [debug] daemon: condition-filtered router=client_test_01_router_default reason="condition failed: field="${enrichment.fullIntent.Symbol}" operator="in" value=["SPYM","CRCL","TSLA","NVDA","IAU","PPLT","MSTR","AMZN","SIVR","COIN"] actual="numerator:hemiBTC""
[2026-06-16T11:57:58.605Z] scanner-ws: delivered 1 log(s) (blocks 29130551..29130551)
[2026-06-16T11:57:58.611Z] [debug] daemon: condition-filtered router=client_test_01_router_default reason="condition failed: field="${enrichment.fullIntent.Symbol}" operator="in" value=["SPYM","CRCL","TSLA","NVDA","IAU","PPLT","MSTR","AMZN","SIVR","COIN"] actual="usdValue:hemiBTC""
[2026-06-16T11:57:58.619Z] scanner-ws: delivered 1 log(s) (blocks 29130551..29130551)
[2026-06-16T11:57:58.631Z] scanner-ws: delivered 1 log(s) (blocks 29130551..29130551)
[2026-06-16T11:57:58.623Z] [debug] daemon: condition-filtered router=client_test_01_router_default reason="condition failed: field="${enrichment.fullIntent.Symbol}" operator="in" value=["SPYM","CRCL","TSLA","NVDA","IAU","PPLT","MSTR","AMZN","SIVR","COIN"] actual="fairValue:hemiBTC""
[2026-06-16T11:58:02.707Z] scanner-http: scanned 29130536..29130553 (8 log(s), head=29130559, finalized=29130553)
[2026-06-16T11:58:03.168Z] scanner-http: scanned 29130554..29130554 (0 log(s), head=29130560, finalized=29130554)
[2026-06-16T11:58:03.624Z] scanner-http: scanned 29130555..29130555 (0 log(s), head=29130561, finalized=29130555)
[2026-06-16T11:58:04.078Z] scanner-http: scanned 29130556..29130556 (0 log(s), head=29130562, finalized=29130556)
[2026-06-16T11:58:04.531Z] scanner-http: scanned 29130557..29130558 (0 log(s), head=29130564, finalized=29130558)
[2026-06-16T11:58:04.994Z] scanner-http: scanned 29130559..29130560 (0 log(s), head=29130566, finalized=29130560)
[2026-06-16T11:58:15.898Z] scanner-http: scanned 29130561..29130581 (0 log(s), head=29130587, finalized=29130581)
[2026-06-16T11:58:19.952Z] [debug] daemon: condition-filtered router=client_test_01_router_default reason="condition failed: field="${enrichment.fullIntent.Symbol}" operator="in" value=["SPYM","CRCL","TSLA","NVDA","IAU","PPLT","MSTR","AMZN","SIVR","COIN"] actual="usdValue:spSEI""
[2026-06-16T11:58:19.958Z] scanner-ws: delivered 1 log(s) (blocks 29130594..29130594)
[2026-06-16T11:58:19.964Z] [debug] daemon: condition-filtered router=client_test_01_router_default reason="condition failed: field="${enrichment.fullIntent.Symbol}" operator="in" value=["SPYM","CRCL","TSLA","NVDA","IAU","PPLT","MSTR","AMZN","SIVR","COIN"] actual="fairValue:spSEI""
[2026-06-16T11:58:19.971Z] scanner-ws: delivered 1 log(s) (blocks 29130594..29130594)
[2026-06-16T11:58:20.411Z] [debug] daemon: condition-filtered router=client_test_01_router_default reason="condition failed: field="${enrichment.fullIntent.Symbol}" operator="in" value=["SPYM","CRCL","TSLA","NVDA","IAU","PPLT","MSTR","AMZN","SIVR","COIN"] actual="numerator:spSEI""
[2026-06-16T11:58:20.420Z] scanner-ws: delivered 1 log(s) (blocks 29130594..29130594)
[2026-06-16T11:58:20.476Z] [debug] daemon: condition-filtered router=client_test_01_router_default reason="condition failed: field="${enrichment.fullIntent.Symbol}" operator="in" value=["SPYM","CRCL","TSLA","NVDA","IAU","PPLT","MSTR","AMZN","SIVR","COIN"] actual="denominator:spSEI""
[2026-06-16T11:58:20.485Z] scanner-ws: delivered 1 log(s) (blocks 29130594..29130594)
[2026-06-16T11:58:20.490Z] [debug] daemon: condition-filtered router=client_test_01_router_default reason="condition failed: field="${enrichment.fullIntent.Symbol}" operator="in" value=["SPYM","CRCL","TSLA","NVDA","IAU","PPLT","MSTR","AMZN","SIVR","COIN"] actual="denominator:hemiBTC""
[2026-06-16T11:58:20.496Z] scanner-ws: delivered 1 log(s) (blocks 29130594..29130594)
[2026-06-16T11:58:20.516Z] [debug] daemon: condition-filtered router=client_test_01_router_default reason="condition failed: field="${enrichment.fullIntent.Symbol}" operator="in" value=["SPYM","CRCL","TSLA","NVDA","IAU","PPLT","MSTR","AMZN","SIVR","COIN"] actual="numerator:hemiBTC""
[2026-06-16T11:58:20.524Z] scanner-ws: delivered 1 log(s) (blocks 29130594..29130594)
[2026-06-16T11:58:20.529Z] [debug] daemon: condition-filtered router=client_test_01_router_default reason="condition failed: field="${enrichment.fullIntent.Symbol}" operator="in" value=["SPYM","CRCL","TSLA","NVDA","IAU","PPLT","MSTR","AMZN","SIVR","COIN"] actual="usdValue:hemiBTC""
[2026-06-16T11:58:20.541Z] [debug] daemon: condition-filtered router=client_test_01_router_default reason="condition failed: field="${enrichment.fullIntent.Symbol}" operator="in" value=["SPYM","CRCL","TSLA","NVDA","IAU","PPLT","MSTR","AMZN","SIVR","COIN"] actual="fairValue:hemiBTC""
[2026-06-16T11:58:20.537Z] scanner-ws: delivered 1 log(s) (blocks 29130594..29130594)
[2026-06-16T11:58:20.550Z] scanner-ws: delivered 1 log(s) (blocks 29130594..29130594)
[2026-06-16T11:58:26.968Z] scanner-http: scanned 29130582..29130598 (8 log(s), head=29130604, finalized=29130598)
[2026-06-16T11:58:27.665Z] scanner-http: scanned 29130599..29130599 (0 log(s), head=29130605, finalized=29130599)
[2026-06-16T11:58:39.262Z] scanner-http: scanned 29130600..29130616 (0 log(s), head=29130622, finalized=29130616)
[2026-06-16T11:58:39.752Z] scanner-http: scanned 29130617..29130619 (0 log(s), head=29130625, finalized=29130619)
[2026-06-16T11:58:40.265Z] scanner-http: scanned 29130620..29130620 (0 log(s), head=29130626, finalized=29130620)
[2026-06-16T11:58:40.943Z] [debug] daemon: condition-filtered router=client_test_01_router_default reason="condition failed: field="${enrichment.fullIntent.Symbol}" operator="in" value=["SPYM","CRCL","TSLA","NVDA","IAU","PPLT","MSTR","AMZN","SIVR","COIN"] actual="ARS/USDT""
[2026-06-16T11:58:40.949Z] scanner-ws: delivered 1 log(s) (blocks 29130627..29130627)
[2026-06-16T11:58:51.346Z] scanner-http: scanned 29130621..29130641 (1 log(s), head=29130647, finalized=29130641)
[2026-06-16T11:58:51.717Z] scanner-http: scanned 29130642..29130642 (0 log(s), head=29130648, finalized=29130642)
[2026-06-16T11:58:52.158Z] scanner-http: scanned 29130643..29130643 (0 log(s), head=29130649, finalized=29130643)
[2026-06-16T11:58:59.047Z] [debug] daemon: condition-filtered router=client_test_01_router_default reason="condition failed: field="${enrichment.fullIntent.Symbol}" operator="in" value=["SPYM","CRCL","TSLA","NVDA","IAU","PPLT","MSTR","AMZN","SIVR","COIN"] actual="fairValue:spSEI""
[2026-06-16T11:58:59.051Z] scanner-ws: delivered 1 log(s) (blocks 29130658..29130658)
[2026-06-16T11:58:59.150Z] [debug] daemon: condition-filtered router=client_test_01_router_default reason="condition failed: field="${enrichment.fullIntent.Symbol}" operator="in" value=["SPYM","CRCL","TSLA","NVDA","IAU","PPLT","MSTR","AMZN","SIVR","COIN"] actual="denominator:spSEI""
[2026-06-16T11:58:59.155Z] scanner-ws: delivered 1 log(s) (blocks 29130658..29130658)
[2026-06-16T11:58:59.161Z] [debug] daemon: condition-filtered router=client_test_01_router_default reason="condition failed: field="${enrichment.fullIntent.Symbol}" operator="in" value=["SPYM","CRCL","TSLA","NVDA","IAU","PPLT","MSTR","AMZN","SIVR","COIN"] actual="numerator:spSEI""
[2026-06-16T11:58:59.171Z] [debug] daemon: condition-filtered router=client_test_01_router_default reason="condition failed: field="${enrichment.fullIntent.Symbol}" operator="in" value=["SPYM","CRCL","TSLA","NVDA","IAU","PPLT","MSTR","AMZN","SIVR","COIN"] actual="denominator:hemiBTC""
[2026-06-16T11:58:59.167Z] scanner-ws: delivered 1 log(s) (blocks 29130658..29130658)
[2026-06-16T11:58:59.176Z] scanner-ws: delivered 1 log(s) (blocks 29130658..29130658)
[2026-06-16T11:58:59.190Z] scanner-ws: delivered 1 log(s) (blocks 29130658..29130658)
[2026-06-16T11:58:59.184Z] [debug] daemon: condition-filtered router=client_test_01_router_default reason="condition failed: field="${enrichment.fullIntent.Symbol}" operator="in" value=["SPYM","CRCL","TSLA","NVDA","IAU","PPLT","MSTR","AMZN","SIVR","COIN"] actual="usdValue:spSEI""
[2026-06-16T11:58:59.197Z] [debug] daemon: condition-filtered router=client_test_01_router_default reason="condition failed: field="${enrichment.fullIntent.Symbol}" operator="in" value=["SPYM","CRCL","TSLA","NVDA","IAU","PPLT","MSTR","AMZN","SIVR","COIN"] actual="fairValue:hemiBTC""
[2026-06-16T11:58:59.205Z] [debug] daemon: condition-filtered router=client_test_01_router_default reason="condition failed: field="${enrichment.fullIntent.Symbol}" operator="in" value=["SPYM","CRCL","TSLA","NVDA","IAU","PPLT","MSTR","AMZN","SIVR","COIN"] actual="numerator:hemiBTC""
[2026-06-16T11:58:59.202Z] scanner-ws: delivered 1 log(s) (blocks 29130658..29130658)
[2026-06-16T11:58:59.209Z] scanner-ws: delivered 1 log(s) (blocks 29130658..29130658)
[2026-06-16T11:58:59.214Z] [debug] daemon: condition-filtered router=client_test_01_router_default reason="condition failed: field="${enrichment.fullIntent.Symbol}" operator="in" value=["SPYM","CRCL","TSLA","NVDA","IAU","PPLT","MSTR","AMZN","SIVR","COIN"] actual="usdValue:hemiBTC""
[2026-06-16T11:58:59.218Z] scanner-ws: delivered 1 log(s) (blocks 29130658..29130658)
[2026-06-16T11:59:03.043Z] scanner-http: scanned 29130644..29130660 (8 log(s), head=29130666, finalized=29130660)
[2026-06-16T11:59:03.496Z] scanner-http: scanned 29130661..29130661 (0 log(s), head=29130667, finalized=29130661)
[2026-06-16T11:59:14.375Z] scanner-http: scanned 29130662..29130679 (0 log(s), head=29130685, finalized=29130679)
[2026-06-16T11:59:19.997Z] [debug] daemon: condition-filtered router=client_test_01_router_default reason="condition failed: field="${enrichment.fullIntent.Symbol}" operator="in" value=["SPYM","CRCL","TSLA","NVDA","IAU","PPLT","MSTR","AMZN","SIVR","COIN"] actual="fairValue:spSEI""
[2026-06-16T11:59:20.004Z] scanner-ws: delivered 1 log(s) (blocks 29130695..29130695)
[2026-06-16T11:59:20.080Z] [debug] daemon: condition-filtered router=client_test_01_router_default reason="condition failed: field="${enrichment.fullIntent.Symbol}" operator="in" value=["SPYM","CRCL","TSLA","NVDA","IAU","PPLT","MSTR","AMZN","SIVR","COIN"] actual="denominator:hemiBTC""
[2026-06-16T11:59:20.087Z] scanner-ws: delivered 1 log(s) (blocks 29130695..29130695)
[2026-06-16T11:59:20.093Z] [debug] daemon: condition-filtered router=client_test_01_router_default reason="condition failed: field="${enrichment.fullIntent.Symbol}" operator="in" value=["SPYM","CRCL","TSLA","NVDA","IAU","PPLT","MSTR","AMZN","SIVR","COIN"] actual="usdValue:spSEI""
[2026-06-16T11:59:20.099Z] scanner-ws: delivered 1 log(s) (blocks 29130695..29130695)
[2026-06-16T11:59:20.103Z] [debug] daemon: condition-filtered router=client_test_01_router_default reason="condition failed: field="${enrichment.fullIntent.Symbol}" operator="in" value=["SPYM","CRCL","TSLA","NVDA","IAU","PPLT","MSTR","AMZN","SIVR","COIN"] actual="numerator:spSEI""
[2026-06-16T11:59:20.109Z] scanner-ws: delivered 1 log(s) (blocks 29130695..29130695)
[2026-06-16T11:59:20.121Z] scanner-ws: delivered 1 log(s) (blocks 29130695..29130695)
[2026-06-16T11:59:20.116Z] [debug] daemon: condition-filtered router=client_test_01_router_default reason="condition failed: field="${enrichment.fullIntent.Symbol}" operator="in" value=["SPYM","CRCL","TSLA","NVDA","IAU","PPLT","MSTR","AMZN","SIVR","COIN"] actual="numerator:hemiBTC""
[2026-06-16T11:59:20.123Z] [debug] daemon: condition-filtered router=client_test_01_router_default reason="condition failed: field="${enrichment.fullIntent.Symbol}" operator="in" value=["SPYM","CRCL","TSLA","NVDA","IAU","PPLT","MSTR","AMZN","SIVR","COIN"] actual="fairValue:hemiBTC""
[2026-06-16T11:59:20.129Z] scanner-ws: delivered 1 log(s) (blocks 29130695..29130695)
[2026-06-16T11:59:20.135Z] scanner-ws: delivered 1 log(s) (blocks 29130695..29130695)
[2026-06-16T11:59:20.131Z] [debug] daemon: condition-filtered router=client_test_01_router_default reason="condition failed: field="${enrichment.fullIntent.Symbol}" operator="in" value=["SPYM","CRCL","TSLA","NVDA","IAU","PPLT","MSTR","AMZN","SIVR","COIN"] actual="usdValue:hemiBTC""
[2026-06-16T11:59:20.361Z] [debug] daemon: condition-filtered router=client_test_01_router_default reason="condition failed: field="${enrichment.fullIntent.Symbol}" operator="in" value=["SPYM","CRCL","TSLA","NVDA","IAU","PPLT","MSTR","AMZN","SIVR","COIN"] actual="denominator:spSEI""
[2026-06-16T11:59:20.367Z] scanner-ws: delivered 1 log(s) (blocks 29130695..29130695)
[2026-06-16T11:59:25.349Z] scanner-http: scanned 29130680..29130701 (8 log(s), head=29130707, finalized=29130701)
[2026-06-16T11:59:36.857Z] scanner-http: scanned 29130702..29130721 (0 log(s), head=29130727, finalized=29130721)
[2026-06-16T11:59:37.309Z] scanner-http: scanned 29130722..29130723 (0 log(s), head=29130729, finalized=29130723)
[2026-06-16T11:59:41.004Z] [debug] daemon: condition-filtered router=client_test_01_router_default reason="condition failed: field="${enrichment.fullIntent.Symbol}" operator="in" value=["SPYM","CRCL","TSLA","NVDA","IAU","PPLT","MSTR","AMZN","SIVR","COIN"] actual="ARS/USDT""
[2026-06-16T11:59:41.011Z] scanner-ws: delivered 1 log(s) (blocks 29130735..29130735)
[2026-06-16T11:59:48.439Z] scanner-http: scanned 29130724..29130741 (1 log(s), head=29130747, finalized=29130741)
[2026-06-16T11:59:48.882Z] scanner-http: scanned 29130742..29130742 (0 log(s), head=29130748, finalized=29130742)
[2026-06-16T11:59:49.350Z] scanner-http: scanned 29130743..29130745 (0 log(s), head=29130751, finalized=29130745)
[2026-06-16T11:59:58.536Z] [debug] daemon: condition-filtered router=client_test_01_router_default reason="condition failed: field="${enrichment.fullIntent.Symbol}" operator="in" value=["SPYM","CRCL","TSLA","NVDA","IAU","PPLT","MSTR","AMZN","SIVR","COIN"] actual="fairValue:spSEI""
[2026-06-16T11:59:58.542Z] scanner-ws: delivered 1 log(s) (blocks 29130763..29130763)
[2026-06-16T11:59:58.622Z] [debug] daemon: condition-filtered router=client_test_01_router_default reason="condition failed: field="${enrichment.fullIntent.Symbol}" operator="in" value=["SPYM","CRCL","TSLA","NVDA","IAU","PPLT","MSTR","AMZN","SIVR","COIN"] actual="usdValue:spSEI""
[2026-06-16T11:59:58.630Z] scanner-ws: delivered 1 log(s) (blocks 29130763..29130763)
[2026-06-16T11:59:58.638Z] [debug] daemon: condition-filtered router=client_test_01_router_default reason="condition failed: field="${enrichment.fullIntent.Symbol}" operator="in" value=["SPYM","CRCL","TSLA","NVDA","IAU","PPLT","MSTR","AMZN","SIVR","COIN"] actual="usdValue:hemiBTC""
[2026-06-16T11:59:58.645Z] scanner-ws: delivered 1 log(s) (blocks 29130763..29130763)
[2026-06-16T11:59:58.650Z] [debug] daemon: condition-filtered router=client_test_01_router_default reason="condition failed: field="${enrichment.fullIntent.Symbol}" operator="in" value=["SPYM","CRCL","TSLA","NVDA","IAU","PPLT","MSTR","AMZN","SIVR","COIN"] actual="numerator:spSEI""
[2026-06-16T11:59:58.655Z] scanner-ws: delivered 1 log(s) (blocks 29130763..29130763)
[2026-06-16T11:59:58.659Z] [debug] daemon: condition-filtered router=client_test_01_router_default reason="condition failed: field="${enrichment.fullIntent.Symbol}" operator="in" value=["SPYM","CRCL","TSLA","NVDA","IAU","PPLT","MSTR","AMZN","SIVR","COIN"] actual="denominator:hemiBTC""
[2026-06-16T11:59:58.675Z] scanner-ws: delivered 1 log(s) (blocks 29130763..29130763)
[2026-06-16T11:59:58.683Z] [debug] daemon: condition-filtered router=client_test_01_router_default reason="condition failed: field="${enrichment.fullIntent.Symbol}" operator="in" value=["SPYM","CRCL","TSLA","NVDA","IAU","PPLT","MSTR","AMZN","SIVR","COIN"] actual="numerator:hemiBTC""
[2026-06-16T11:59:58.690Z] scanner-ws: delivered 1 log(s) (blocks 29130763..29130763)
[2026-06-16T11:59:58.694Z] [debug] daemon: condition-filtered router=client_test_01_router_default reason="condition failed: field="${enrichment.fullIntent.Symbol}" operator="in" value=["SPYM","CRCL","TSLA","NVDA","IAU","PPLT","MSTR","AMZN","SIVR","COIN"] actual="fairValue:hemiBTC""
[2026-06-16T11:59:58.698Z] scanner-ws: delivered 1 log(s) (blocks 29130763..29130763)
[2026-06-16T11:59:59.218Z] [debug] daemon: condition-filtered router=client_test_01_router_default reason="condition failed: field="${enrichment.fullIntent.Symbol}" operator="in" value=["SPYM","CRCL","TSLA","NVDA","IAU","PPLT","MSTR","AMZN","SIVR","COIN"] actual="denominator:spSEI""
[2026-06-16T11:59:59.225Z] scanner-ws: delivered 1 log(s) (blocks 29130763..29130763)
[2026-06-16T11:59:59.948Z] scanner-http: scanned 29130746..29130762 (0 log(s), head=29130768, finalized=29130762)
[2026-06-16T12:00:08.613Z] [debug] daemon: condition-filtered router=client_test_01_router_default reason="condition failed: field="${enrichment.fullIntent.Symbol}" operator="in" value=["SPYM","CRCL","TSLA","NVDA","IAU","PPLT","MSTR","AMZN","SIVR","COIN"] actual="BMNR""
[2026-06-16T12:00:08.623Z] scanner-ws: delivered 1 log(s) (blocks 29130783..29130783)
[2026-06-16T12:00:10.943Z] scanner-http: scanned 29130763..29130780 (8 log(s), head=29130786, finalized=29130780)
[2026-06-16T12:00:11.386Z] scanner-http: scanned 29130781..29130781 (0 log(s), head=29130787, finalized=29130781)
[2026-06-16T12:00:12.064Z] scanner-http: scanned 29130782..29130783 (1 log(s), head=29130789, finalized=29130783)
[2026-06-16T12:00:20.042Z] [debug] daemon: condition-filtered router=client_test_01_router_default reason="condition failed: field="${enrichment.fullIntent.Symbol}" operator="in" value=["SPYM","CRCL","TSLA","NVDA","IAU","PPLT","MSTR","AMZN","SIVR","COIN"] actual="fairValue:spSEI""
[2026-06-16T12:00:20.048Z] scanner-ws: delivered 1 log(s) (blocks 29130802..29130802)
[2026-06-16T12:00:20.140Z] [debug] daemon: condition-filtered router=client_test_01_router_default reason="condition failed: field="${enrichment.fullIntent.Symbol}" operator="in" value=["SPYM","CRCL","TSLA","NVDA","IAU","PPLT","MSTR","AMZN","SIVR","COIN"] actual="usdValue:hemiBTC""
[2026-06-16T12:00:20.149Z] scanner-ws: delivered 1 log(s) (blocks 29130802..29130802)
[2026-06-16T12:00:20.159Z] [debug] daemon: condition-filtered router=client_test_01_router_default reason="condition failed: field="${enrichment.fullIntent.Symbol}" operator="in" value=["SPYM","CRCL","TSLA","NVDA","IAU","PPLT","MSTR","AMZN","SIVR","COIN"] actual="usdValue:spSEI""
[2026-06-16T12:00:20.171Z] scanner-ws: delivered 1 log(s) (blocks 29130802..29130802)
[2026-06-16T12:00:20.174Z] [debug] daemon: condition-filtered router=client_test_01_router_default reason="condition failed: field="${enrichment.fullIntent.Symbol}" operator="in" value=["SPYM","CRCL","TSLA","NVDA","IAU","PPLT","MSTR","AMZN","SIVR","COIN"] actual="numerator:spSEI""
[2026-06-16T12:00:20.177Z] scanner-ws: delivered 1 log(s) (blocks 29130802..29130802)
[2026-06-16T12:00:20.179Z] [debug] daemon: condition-filtered router=client_test_01_router_default reason="condition failed: field="${enrichment.fullIntent.Symbol}" operator="in" value=["SPYM","CRCL","TSLA","NVDA","IAU","PPLT","MSTR","AMZN","SIVR","COIN"] actual="denominator:hemiBTC""
[2026-06-16T12:00:20.183Z] scanner-ws: delivered 1 log(s) (blocks 29130802..29130802)
[2026-06-16T12:00:20.187Z] [debug] daemon: condition-filtered router=client_test_01_router_default reason="condition failed: field="${enrichment.fullIntent.Symbol}" operator="in" value=["SPYM","CRCL","TSLA","NVDA","IAU","PPLT","MSTR","AMZN","SIVR","COIN"] actual="numerator:hemiBTC""
[2026-06-16T12:00:20.192Z] scanner-ws: delivered 1 log(s) (blocks 29130802..29130802)
[2026-06-16T12:00:20.196Z] [debug] daemon: condition-filtered router=client_test_01_router_default reason="condition failed: field="${enrichment.fullIntent.Symbol}" operator="in" value=["SPYM","CRCL","TSLA","NVDA","IAU","PPLT","MSTR","AMZN","SIVR","COIN"] actual="denominator:spSEI""
[2026-06-16T12:00:20.202Z] scanner-ws: delivered 1 log(s) (blocks 29130802..29130802)
[2026-06-16T12:00:20.206Z] [debug] daemon: condition-filtered router=client_test_01_router_default reason="condition failed: field="${enrichment.fullIntent.Symbol}" operator="in" value=["SPYM","CRCL","TSLA","NVDA","IAU","PPLT","MSTR","AMZN","SIVR","COIN"] actual="fairValue:hemiBTC""
[2026-06-16T12:00:20.211Z] scanner-ws: delivered 1 log(s) (blocks 29130802..29130802)
[2026-06-16T12:00:21.183Z] cron-service: resubmitting CRCL (router=client_test_01_router_default, confirmedAge=518s, ceiling=600s, intentHash=0x18d483e096f34bfd70682778d33d0ff023ebfc4007825788bef7415bd9c37099).
[2026-06-16T12:00:22.897Z] scanner-http: scanned 29130784..29130803 (8 log(s), head=29130809, finalized=29130803)
[2026-06-16T12:00:23.341Z] scanner-http: scanned 29130804..29130804 (0 log(s), head=29130810, finalized=29130804)
[2026-06-16T12:00:34.656Z] scanner-http: scanned 29130805..29130819 (0 log(s), head=29130825, finalized=29130819)
[2026-06-16T12:00:35.156Z] scanner-http: scanned 29130820..29130821 (0 log(s), head=29130827, finalized=29130821)
[2026-06-16T12:00:35.678Z] scanner-http: scanned 29130822..29130822 (0 log(s), head=29130828, finalized=29130822)
[2026-06-16T12:00:36.192Z] scanner-http: scanned 29130823..29130823 (0 log(s), head=29130829, finalized=29130823)
[2026-06-16T12:00:41.070Z] [debug] daemon: condition-filtered router=client_test_01_router_default reason="condition failed: field="${enrichment.fullIntent.Symbol}" operator="in" value=["SPYM","CRCL","TSLA","NVDA","IAU","PPLT","MSTR","AMZN","SIVR","COIN"] actual="ARS/USDT""
[2026-06-16T12:00:41.077Z] scanner-ws: delivered 1 log(s) (blocks 29130839..29130839)
[2026-06-16T12:00:47.309Z] scanner-http: scanned 29130824..29130845 (1 log(s), head=29130851, finalized=29130845)
[2026-06-16T12:00:47.755Z] scanner-http: scanned 29130846..29130846 (0 log(s), head=29130852, finalized=29130846)
[2026-06-16T12:00:51.111Z] [debug] [clients/client-test-01.json] submit: intentHash=0x18d483e096f34bfd70682778d33d0ff023ebfc4007825788bef7415bd9c37099 symbol=CRCL
[2026-06-16T12:00:51.112Z] [debug] submitOracleUpdate: intentHash=0x18d483e096f34bfd70682778d33d0ff023ebfc4007825788bef7415bd9c37099 symbol=CRCL
[2026-06-16T12:00:51.112Z] [debug] loading state: client=../state/mainnet_run_20260616-074413/clients/client-test-01.json protocol=../state/mainnet_run_20260616-074413/config-bootstrap.json
[2026-06-16T12:00:51.120Z] [debug] connecting to Cardano…
[2026-06-16T12:00:51.154Z] cron-service: resubmitting CRCL (router=client_test_01_router_default, confirmedAge=548s, ceiling=600s, intentHash=0x18d483e096f34bfd70682778d33d0ff023ebfc4007825788bef7415bd9c37099).
[2026-06-16T12:00:55.663Z] [debug] building oracle update tx for symbol=CRCL
[2026-06-16T12:00:58.633Z] scanner-http: scanned 29130847..29130868 (0 log(s), head=29130874, finalized=29130868)
[2026-06-16T12:00:58.941Z] [debug] daemon: condition-filtered router=client_test_01_router_default reason="condition failed: field="${enrichment.fullIntent.Symbol}" operator="in" value=["SPYM","CRCL","TSLA","NVDA","IAU","PPLT","MSTR","AMZN","SIVR","COIN"] actual="usdValue:spSEI""
[2026-06-16T12:00:58.945Z] scanner-ws: delivered 1 log(s) (blocks 29130873..29130873)
[2026-06-16T12:00:58.950Z] [debug] daemon: condition-filtered router=client_test_01_router_default reason="condition failed: field="${enrichment.fullIntent.Symbol}" operator="in" value=["SPYM","CRCL","TSLA","NVDA","IAU","PPLT","MSTR","AMZN","SIVR","COIN"] actual="fairValue:spSEI""
[2026-06-16T12:00:58.955Z] scanner-ws: delivered 1 log(s) (blocks 29130873..29130873)
[2026-06-16T12:00:59.041Z] [debug] daemon: condition-filtered router=client_test_01_router_default reason="condition failed: field="${enrichment.fullIntent.Symbol}" operator="in" value=["SPYM","CRCL","TSLA","NVDA","IAU","PPLT","MSTR","AMZN","SIVR","COIN"] actual="numerator:hemiBTC""
[2026-06-16T12:00:59.050Z] scanner-ws: delivered 1 log(s) (blocks 29130873..29130873)
[2026-06-16T12:00:59.056Z] [debug] daemon: condition-filtered router=client_test_01_router_default reason="condition failed: field="${enrichment.fullIntent.Symbol}" operator="in" value=["SPYM","CRCL","TSLA","NVDA","IAU","PPLT","MSTR","AMZN","SIVR","COIN"] actual="numerator:spSEI""
[2026-06-16T12:00:59.064Z] [debug] daemon: condition-filtered router=client_test_01_router_default reason="condition failed: field="${enrichment.fullIntent.Symbol}" operator="in" value=["SPYM","CRCL","TSLA","NVDA","IAU","PPLT","MSTR","AMZN","SIVR","COIN"] actual="fairValue:hemiBTC""
[2026-06-16T12:00:59.060Z] scanner-ws: delivered 1 log(s) (blocks 29130873..29130873)
[2026-06-16T12:00:59.069Z] scanner-ws: delivered 1 log(s) (blocks 29130873..29130873)
[2026-06-16T12:00:59.076Z] [debug] daemon: condition-filtered router=client_test_01_router_default reason="condition failed: field="${enrichment.fullIntent.Symbol}" operator="in" value=["SPYM","CRCL","TSLA","NVDA","IAU","PPLT","MSTR","AMZN","SIVR","COIN"] actual="denominator:hemiBTC""
[2026-06-16T12:00:59.081Z] scanner-ws: delivered 1 log(s) (blocks 29130873..29130873)
[2026-06-16T12:00:59.084Z] [debug] daemon: condition-filtered router=client_test_01_router_default reason="condition failed: field="${enrichment.fullIntent.Symbol}" operator="in" value=["SPYM","CRCL","TSLA","NVDA","IAU","PPLT","MSTR","AMZN","SIVR","COIN"] actual="usdValue:hemiBTC""
[2026-06-16T12:00:59.094Z] scanner-ws: delivered 1 log(s) (blocks 29130873..29130873)
[2026-06-16T12:00:59.097Z] [debug] daemon: condition-filtered router=client_test_01_router_default reason="condition failed: field="${enrichment.fullIntent.Symbol}" operator="in" value=["SPYM","CRCL","TSLA","NVDA","IAU","PPLT","MSTR","AMZN","SIVR","COIN"] actual="denominator:spSEI""
[2026-06-16T12:00:59.107Z] scanner-ws: delivered 1 log(s) (blocks 29130873..29130873)
[2026-06-16T12:00:59.217Z] [debug] submitted: txHash=df7c6059bfe9c9bc35a829d263f5babb8b9f2162658bab9552d70a67d405d284 intentHash=0x18d483e096f34bfd70682778d33d0ff023ebfc4007825788bef7415bd9c37099
[2026-06-16T12:01:09.744Z] scanner-http: scanned 29130869..29130882 (8 log(s), head=29130888, finalized=29130882)
[2026-06-16T12:01:10.223Z] scanner-http: scanned 29130883..29130883 (0 log(s), head=29130889, finalized=29130883)
[2026-06-16T12:01:10.623Z] scanner-ws: delivered 1 log(s) (blocks 29130890..29130890)
[2026-06-16T12:01:10.900Z] scanner-http: scanned 29130884..29130884 (0 log(s), head=29130890, finalized=29130884)
[2026-06-16T12:01:11.423Z] scanner-http: scanned 29130885..29130886 (0 log(s), head=29130892, finalized=29130886)
[2026-06-16T12:01:15.427Z] [debug] Confirmed by Blockfrost: oracle update (CRCL, intentHash=0x18d483e096f34bfd70682778d33d0ff023ebfc4007825788bef7415bd9c37099) df7c6059bfe9c9bc35a829d263f5babb8b9f2162658bab9552d70a67d405d284.
[2026-06-16T12:01:20.176Z] [debug] daemon: condition-filtered router=client_test_01_router_default reason="condition failed: field="${enrichment.fullIntent.Symbol}" operator="in" value=["SPYM","CRCL","TSLA","NVDA","IAU","PPLT","MSTR","AMZN","SIVR","COIN"] actual="fairValue:spSEI""
[2026-06-16T12:01:20.181Z] scanner-ws: delivered 1 log(s) (blocks 29130905..29130905)
[2026-06-16T12:01:20.299Z] [debug] daemon: condition-filtered router=client_test_01_router_default reason="condition failed: field="${enrichment.fullIntent.Symbol}" operator="in" value=["SPYM","CRCL","TSLA","NVDA","IAU","PPLT","MSTR","AMZN","SIVR","COIN"] actual="usdValue:spSEI""
[2026-06-16T12:01:20.305Z] scanner-ws: delivered 1 log(s) (blocks 29130905..29130905)
[2026-06-16T12:01:20.309Z] [debug] daemon: condition-filtered router=client_test_01_router_default reason="condition failed: field="${enrichment.fullIntent.Symbol}" operator="in" value=["SPYM","CRCL","TSLA","NVDA","IAU","PPLT","MSTR","AMZN","SIVR","COIN"] actual="denominator:hemiBTC""
[2026-06-16T12:01:20.313Z] scanner-ws: delivered 1 log(s) (blocks 29130905..29130905)
[2026-06-16T12:01:20.320Z] [debug] daemon: condition-filtered router=client_test_01_router_default reason="condition failed: field="${enrichment.fullIntent.Symbol}" operator="in" value=["SPYM","CRCL","TSLA","NVDA","IAU","PPLT","MSTR","AMZN","SIVR","COIN"] actual="numerator:hemiBTC""
[2026-06-16T12:01:20.324Z] scanner-ws: delivered 1 log(s) (blocks 29130905..29130905)
[2026-06-16T12:01:20.332Z] scanner-ws: delivered 1 log(s) (blocks 29130905..29130905)
[2026-06-16T12:01:20.340Z] scanner-ws: delivered 1 log(s) (blocks 29130905..29130905)
[2026-06-16T12:01:20.343Z] [debug] daemon: condition-filtered router=client_test_01_router_default reason="condition failed: field="${enrichment.fullIntent.Symbol}" operator="in" value=["SPYM","CRCL","TSLA","NVDA","IAU","PPLT","MSTR","AMZN","SIVR","COIN"] actual="denominator:spSEI""
[2026-06-16T12:01:20.348Z] scanner-ws: delivered 1 log(s) (blocks 29130905..29130905)
[2026-06-16T12:01:20.351Z] [debug] daemon: condition-filtered router=client_test_01_router_default reason="condition failed: field="${enrichment.fullIntent.Symbol}" operator="in" value=["SPYM","CRCL","TSLA","NVDA","IAU","PPLT","MSTR","AMZN","SIVR","COIN"] actual="usdValue:hemiBTC""
[2026-06-16T12:01:20.355Z] scanner-ws: delivered 1 log(s) (blocks 29130905..29130905)
[2026-06-16T12:01:20.335Z] [debug] daemon: condition-filtered router=client_test_01_router_default reason="condition failed: field="${enrichment.fullIntent.Symbol}" operator="in" value=["SPYM","CRCL","TSLA","NVDA","IAU","PPLT","MSTR","AMZN","SIVR","COIN"] actual="fairValue:hemiBTC""
[2026-06-16T12:01:20.328Z] [debug] daemon: condition-filtered router=client_test_01_router_default reason="condition failed: field="${enrichment.fullIntent.Symbol}" operator="in" value=["SPYM","CRCL","TSLA","NVDA","IAU","PPLT","MSTR","AMZN","SIVR","COIN"] actual="numerator:spSEI""
[2026-06-16T12:01:21.069Z] cron-service: resubmitting CRCL (router=client_test_01_router_default, confirmedAge=577s, ceiling=600s, intentHash=0x18d483e096f34bfd70682778d33d0ff023ebfc4007825788bef7415bd9c37099).
[2026-06-16T12:01:22.252Z] scanner-http: scanned 29130887..29130901 (1 log(s), head=29130907, finalized=29130901)
[2026-06-16T12:01:22.468Z] [debug] confirmed: txHash=df7c6059bfe9c9bc35a829d263f5babb8b9f2162658bab9552d70a67d405d284 receiverUnit=6ec4b5aa572382beb11bb8db28a87884d147afe4e2b3d8f5a7331a254449415f52454345495645525f434c49454e545f41
[2026-06-16T12:01:22.695Z] scanner-http: scanned 29130902..29130903 (0 log(s), head=29130909, finalized=29130903)
[2026-06-16T12:01:25.184Z] [debug] [clients/client-test-01.json] confirmed: txHash=df7c6059bfe9c9bc35a829d263f5babb8b9f2162658bab9552d70a67d405d284 intentHash=0x18d483e096f34bfd70682778d33d0ff023ebfc4007825788bef7415bd9c37099 receiverUnit=6ec4b5aa572382beb11bb8db28a87884d147afe4e2b3d8f5a7331a254449415f52454345495645525f434c49454e545f41
[2026-06-16T12:01:25.200Z] [debug] [clients/client-test-01.json] submitBatch: intents=2 symbols=CRCL,TSLA
[2026-06-16T12:01:25.200Z] [debug] submitOracleUpdateBatch: intents=2 symbols=CRCL, TSLA
[2026-06-16T12:01:27.636Z] [debug] submitOracleUpdateBatch: skipping CRCL — intent (ts=1781611059, nonce=1781609473717109767) does not beat on-chain (ts=1781611059, nonce=1781609473717109767); superseded.
[2026-06-16T12:01:33.779Z] scanner-http: scanned 29130904..29130919 (8 log(s), head=29130925, finalized=29130919)
[2026-06-16T12:01:34.222Z] scanner-http: scanned 29130920..29130920 (0 log(s), head=29130926, finalized=29130920)
[2026-06-16T12:01:41.119Z] [debug] daemon: condition-filtered router=client_test_01_router_default reason="condition failed: field="${enrichment.fullIntent.Symbol}" operator="in" value=["SPYM","CRCL","TSLA","NVDA","IAU","PPLT","MSTR","AMZN","SIVR","COIN"] actual="ARS/USDT""
[2026-06-16T12:01:41.123Z] scanner-ws: delivered 1 log(s) (blocks 29130938..29130938)
[2026-06-16T12:01:45.394Z] scanner-http: scanned 29130921..29130938 (1 log(s), head=29130944, finalized=29130938)
[2026-06-16T12:01:45.875Z] scanner-http: scanned 29130939..29130942 (0 log(s), head=29130948, finalized=29130942)
[2026-06-16T12:01:46.347Z] scanner-http: scanned 29130943..29130943 (0 log(s), head=29130949, finalized=29130943)
[2026-06-16T12:01:57.188Z] scanner-http: scanned 29130944..29130959 (0 log(s), head=29130965, finalized=29130959)
[2026-06-16T12:01:57.655Z] scanner-http: scanned 29130960..29130960 (0 log(s), head=29130966, finalized=29130960)
[2026-06-16T12:01:58.503Z] [debug] daemon: condition-filtered router=client_test_01_router_default reason="condition failed: field="${enrichment.fullIntent.Symbol}" operator="in" value=["SPYM","CRCL","TSLA","NVDA","IAU","PPLT","MSTR","AMZN","SIVR","COIN"] actual="fairValue:spSEI""
[2026-06-16T12:01:58.509Z] scanner-ws: delivered 1 log(s) (blocks 29130967..29130967)
[2026-06-16T12:01:58.513Z] [debug] daemon: condition-filtered router=client_test_01_router_default reason="condition failed: field="${enrichment.fullIntent.Symbol}" operator="in" value=["SPYM","CRCL","TSLA","NVDA","IAU","PPLT","MSTR","AMZN","SIVR","COIN"] actual="usdValue:spSEI""
[2026-06-16T12:01:58.517Z] scanner-ws: delivered 1 log(s) (blocks 29130967..29130967)
[2026-06-16T12:01:58.596Z] [debug] daemon: condition-filtered router=client_test_01_router_default reason="condition failed: field="${enrichment.fullIntent.Symbol}" operator="in" value=["SPYM","CRCL","TSLA","NVDA","IAU","PPLT","MSTR","AMZN","SIVR","COIN"] actual="denominator:spSEI""
[2026-06-16T12:01:58.602Z] scanner-ws: delivered 1 log(s) (blocks 29130967..29130967)
[2026-06-16T12:01:58.610Z] [debug] daemon: condition-filtered router=client_test_01_router_default reason="condition failed: field="${enrichment.fullIntent.Symbol}" operator="in" value=["SPYM","CRCL","TSLA","NVDA","IAU","PPLT","MSTR","AMZN","SIVR","COIN"] actual="numerator:hemiBTC""
[2026-06-16T12:01:58.614Z] scanner-ws: delivered 1 log(s) (blocks 29130967..29130967)
[2026-06-16T12:01:58.617Z] [debug] daemon: condition-filtered router=client_test_01_router_default reason="condition failed: field="${enrichment.fullIntent.Symbol}" operator="in" value=["SPYM","CRCL","TSLA","NVDA","IAU","PPLT","MSTR","AMZN","SIVR","COIN"] actual="fairValue:hemiBTC""
[2026-06-16T12:01:58.621Z] scanner-ws: delivered 1 log(s) (blocks 29130967..29130967)
[2026-06-16T12:01:58.625Z] [debug] daemon: condition-filtered router=client_test_01_router_default reason="condition failed: field="${enrichment.fullIntent.Symbol}" operator="in" value=["SPYM","CRCL","TSLA","NVDA","IAU","PPLT","MSTR","AMZN","SIVR","COIN"] actual="denominator:hemiBTC""
[2026-06-16T12:01:58.629Z] scanner-ws: delivered 1 log(s) (blocks 29130967..29130967)
[2026-06-16T12:01:58.636Z] [debug] daemon: condition-filtered router=client_test_01_router_default reason="condition failed: field="${enrichment.fullIntent.Symbol}" operator="in" value=["SPYM","CRCL","TSLA","NVDA","IAU","PPLT","MSTR","AMZN","SIVR","COIN"] actual="usdValue:hemiBTC""
[2026-06-16T12:01:58.641Z] scanner-ws: delivered 1 log(s) (blocks 29130967..29130967)
[2026-06-16T12:01:58.647Z] [debug] daemon: condition-filtered router=client_test_01_router_default reason="condition failed: field="${enrichment.fullIntent.Symbol}" operator="in" value=["SPYM","CRCL","TSLA","NVDA","IAU","PPLT","MSTR","AMZN","SIVR","COIN"] actual="numerator:spSEI""
[2026-06-16T12:01:58.651Z] scanner-ws: delivered 1 log(s) (blocks 29130967..29130967)
[2026-06-16T12:02:09.318Z] scanner-http: scanned 29130961..29130982 (8 log(s), head=29130988, finalized=29130982)
[2026-06-16T12:02:09.834Z] scanner-http: scanned 29130983..29130983 (0 log(s), head=29130989, finalized=29130983)
[2026-06-16T12:02:10.296Z] scanner-http: scanned 29130984..29130985 (0 log(s), head=29130991, finalized=29130985)
[2026-06-16T12:02:10.990Z] [debug] Confirmed by Blockfrost: oracle update batch (CRCL, TSLA) 0086793cf873ec38fd9e8f74685a40bbeef91044e1d3e4adf14158eadd30a887.
[2026-06-16T12:02:20.047Z] [debug] daemon: condition-filtered router=client_test_01_router_default reason="condition failed: field="${enrichment.fullIntent.Symbol}" operator="in" value=["SPYM","CRCL","TSLA","NVDA","IAU","PPLT","MSTR","AMZN","SIVR","COIN"] actual="fairValue:spSEI""
[2026-06-16T12:02:20.053Z] scanner-ws: delivered 1 log(s) (blocks 29131012..29131012)
[2026-06-16T12:02:20.163Z] [debug] daemon: condition-filtered router=client_test_01_router_default reason="condition failed: field="${enrichment.fullIntent.Symbol}" operator="in" value=["SPYM","CRCL","TSLA","NVDA","IAU","PPLT","MSTR","AMZN","SIVR","COIN"] actual="numerator:spSEI""
[2026-06-16T12:02:20.169Z] scanner-ws: delivered 1 log(s) (blocks 29131012..29131012)
[2026-06-16T12:02:20.177Z] [debug] daemon: condition-filtered router=client_test_01_router_default reason="condition failed: field="${enrichment.fullIntent.Symbol}" operator="in" value=["SPYM","CRCL","TSLA","NVDA","IAU","PPLT","MSTR","AMZN","SIVR","COIN"] actual="usdValue:spSEI""
[2026-06-16T12:02:20.190Z] scanner-ws: delivered 1 log(s) (blocks 29131012..29131012)
[2026-06-16T12:02:20.199Z] [debug] daemon: condition-filtered router=client_test_01_router_default reason="condition failed: field="${enrichment.fullIntent.Symbol}" operator="in" value=["SPYM","CRCL","TSLA","NVDA","IAU","PPLT","MSTR","AMZN","SIVR","COIN"] actual="denominator:hemiBTC""
[2026-06-16T12:02:20.217Z] scanner-ws: delivered 1 log(s) (blocks 29131012..29131012)
[2026-06-16T12:02:20.226Z] scanner-ws: delivered 1 log(s) (blocks 29131012..29131012)
[2026-06-16T12:02:20.221Z] [debug] daemon: condition-filtered router=client_test_01_router_default reason="condition failed: field="${enrichment.fullIntent.Symbol}" operator="in" value=["SPYM","CRCL","TSLA","NVDA","IAU","PPLT","MSTR","AMZN","SIVR","COIN"] actual="denominator:spSEI""
[2026-06-16T12:02:20.232Z] [debug] daemon: condition-filtered router=client_test_01_router_default reason="condition failed: field="${enrichment.fullIntent.Symbol}" operator="in" value=["SPYM","CRCL","TSLA","NVDA","IAU","PPLT","MSTR","AMZN","SIVR","COIN"] actual="usdValue:hemiBTC""
[2026-06-16T12:02:20.238Z] scanner-ws: delivered 1 log(s) (blocks 29131012..29131012)
[2026-06-16T12:02:20.241Z] [debug] daemon: condition-filtered router=client_test_01_router_default reason="condition failed: field="${enrichment.fullIntent.Symbol}" operator="in" value=["SPYM","CRCL","TSLA","NVDA","IAU","PPLT","MSTR","AMZN","SIVR","COIN"] actual="numerator:hemiBTC""
[2026-06-16T12:02:20.246Z] scanner-ws: delivered 1 log(s) (blocks 29131012..29131012)
[2026-06-16T12:02:20.289Z] [debug] daemon: condition-filtered router=client_test_01_router_default reason="condition failed: field="${enrichment.fullIntent.Symbol}" operator="in" value=["SPYM","CRCL","TSLA","NVDA","IAU","PPLT","MSTR","AMZN","SIVR","COIN"] actual="fairValue:hemiBTC""
[2026-06-16T12:02:20.293Z] scanner-ws: delivered 1 log(s) (blocks 29131012..29131012)
[2026-06-16T12:02:20.494Z] [debug] [clients/client-test-01.json] batch confirmed: txHash=0086793cf873ec38fd9e8f74685a40bbeef91044e1d3e4adf14158eadd30a887 built=1 skipped=1 receiverUnit=6ec4b5aa572382beb11bb8db28a87884d147afe4e2b3d8f5a7331a254449415f52454345495645525f434c49454e545f41 members=TSLA:mint
[2026-06-16T12:02:20.499Z] [info] daemon: intent superseded (no tx) — code=NonMonotonicNonce intentHash=0x18d483e096f34bfd70682778d33d0ff023ebfc4007825788bef7415bd9c37099 symbol=CRCL batchSize=1
[2026-06-16T12:02:20.916Z] scanner-http: scanned 29130986..29131009 (0 log(s), head=29131015, finalized=29131009)
[2026-06-16T12:02:32.079Z] scanner-http: scanned 29131010..29131024 (8 log(s), head=29131030, finalized=29131024)
[2026-06-16T12:02:32.533Z] scanner-http: scanned 29131025..29131025 (0 log(s), head=29131031, finalized=29131025)
[2026-06-16T12:02:32.979Z] scanner-http: scanned 29131026..29131027 (0 log(s), head=29131033, finalized=29131027)
[2026-06-16T12:02:41.120Z] [debug] daemon: condition-filtered router=client_test_01_router_default reason="condition failed: field="${enrichment.fullIntent.Symbol}" operator="in" value=["SPYM","CRCL","TSLA","NVDA","IAU","PPLT","MSTR","AMZN","SIVR","COIN"] actual="ARS/USDT""
[2026-06-16T12:02:41.126Z] scanner-ws: delivered 1 log(s) (blocks 29131046..29131046)
[2026-06-16T12:02:41.543Z] [debug] daemon: policy-filtered router=client_test_01_router_default dest=0
[2026-06-16T12:02:41.549Z] scanner-ws: delivered 1 log(s) (blocks 29131047..29131047)
[2026-06-16T12:02:43.668Z] scanner-http: scanned 29131028..29131045 (0 log(s), head=29131051, finalized=29131045)
[2026-06-16T12:02:44.351Z] scanner-http: scanned 29131046..29131046 (1 log(s), head=29131052, finalized=29131046)
[2026-06-16T12:02:45.035Z] scanner-http: scanned 29131047..29131047 (1 log(s), head=29131053, finalized=29131047)
[2026-06-16T12:02:45.498Z] scanner-http: scanned 29131048..29131050 (0 log(s), head=29131056, finalized=29131050)
[2026-06-16T12:02:56.289Z] scanner-http: scanned 29131051..29131064 (0 log(s), head=29131070, finalized=29131064)
[2026-06-16T12:02:56.731Z] scanner-http: scanned 29131065..29131065 (0 log(s), head=29131071, finalized=29131065)
[2026-06-16T12:02:58.484Z] [debug] daemon: condition-filtered router=client_test_01_router_default reason="condition failed: field="${enrichment.fullIntent.Symbol}" operator="in" value=["SPYM","CRCL","TSLA","NVDA","IAU","PPLT","MSTR","AMZN","SIVR","COIN"] actual="usdValue:spSEI""
[2026-06-16T12:02:58.495Z] scanner-ws: delivered 1 log(s) (blocks 29131073..29131073)
[2026-06-16T12:02:58.502Z] [debug] daemon: condition-filtered router=client_test_01_router_default reason="condition failed: field="${enrichment.fullIntent.Symbol}" operator="in" value=["SPYM","CRCL","TSLA","NVDA","IAU","PPLT","MSTR","AMZN","SIVR","COIN"] actual="fairValue:spSEI""
[2026-06-16T12:02:58.513Z] scanner-ws: delivered 1 log(s) (blocks 29131073..29131073)
[2026-06-16T12:02:58.591Z] [debug] daemon: condition-filtered router=client_test_01_router_default reason="condition failed: field="${enrichment.fullIntent.Symbol}" operator="in" value=["SPYM","CRCL","TSLA","NVDA","IAU","PPLT","MSTR","AMZN","SIVR","COIN"] actual="numerator:spSEI""
[2026-06-16T12:02:58.603Z] scanner-ws: delivered 1 log(s) (blocks 29131073..29131073)
[2026-06-16T12:02:58.614Z] [debug] daemon: condition-filtered router=client_test_01_router_default reason="condition failed: field="${enrichment.fullIntent.Symbol}" operator="in" value=["SPYM","CRCL","TSLA","NVDA","IAU","PPLT","MSTR","AMZN","SIVR","COIN"] actual="denominator:hemiBTC""
[2026-06-16T12:02:58.627Z] scanner-ws: delivered 1 log(s) (blocks 29131073..29131073)
[2026-06-16T12:02:58.631Z] [debug] daemon: condition-filtered router=client_test_01_router_default reason="condition failed: field="${enrichment.fullIntent.Symbol}" operator="in" value=["SPYM","CRCL","TSLA","NVDA","IAU","PPLT","MSTR","AMZN","SIVR","COIN"] actual="denominator:spSEI""
[2026-06-16T12:02:58.642Z] scanner-ws: delivered 1 log(s) (blocks 29131073..29131073)
[2026-06-16T12:02:58.646Z] [debug] daemon: condition-filtered router=client_test_01_router_default reason="condition failed: field="${enrichment.fullIntent.Symbol}" operator="in" value=["SPYM","CRCL","TSLA","NVDA","IAU","PPLT","MSTR","AMZN","SIVR","COIN"] actual="numerator:hemiBTC""
[2026-06-16T12:02:58.659Z] scanner-ws: delivered 1 log(s) (blocks 29131073..29131073)
[2026-06-16T12:02:58.665Z] [debug] daemon: condition-filtered router=client_test_01_router_default reason="condition failed: field="${enrichment.fullIntent.Symbol}" operator="in" value=["SPYM","CRCL","TSLA","NVDA","IAU","PPLT","MSTR","AMZN","SIVR","COIN"] actual="fairValue:hemiBTC""
[2026-06-16T12:02:58.677Z] scanner-ws: delivered 1 log(s) (blocks 29131073..29131073)
[2026-06-16T12:02:58.681Z] [debug] daemon: condition-filtered router=client_test_01_router_default reason="condition failed: field="${enrichment.fullIntent.Symbol}" operator="in" value=["SPYM","CRCL","TSLA","NVDA","IAU","PPLT","MSTR","AMZN","SIVR","COIN"] actual="usdValue:hemiBTC""
[2026-06-16T12:02:58.692Z] scanner-ws: delivered 1 log(s) (blocks 29131073..29131073)
[2026-06-16T12:03:08.020Z] scanner-http: scanned 29131066..29131084 (8 log(s), head=29131090, finalized=29131084)
[2026-06-16T12:03:18.943Z] scanner-http: scanned 29131085..29131102 (0 log(s), head=29131108, finalized=29131102)
[2026-06-16T12:03:19.410Z] scanner-http: scanned 29131103..29131104 (0 log(s), head=29131110, finalized=29131104)
[2026-06-16T12:03:19.875Z] scanner-http: scanned 29131105..29131107 (0 log(s), head=29131113, finalized=29131107)
[2026-06-16T12:03:20.363Z] scanner-ws: delivered 1 log(s) (blocks 29131111..29131111)
[2026-06-16T12:03:20.357Z] [debug] daemon: condition-filtered router=client_test_01_router_default reason="condition failed: field="${enrichment.fullIntent.Symbol}" operator="in" value=["SPYM","CRCL","TSLA","NVDA","IAU","PPLT","MSTR","AMZN","SIVR","COIN"] actual="usdValue:spSEI""
[2026-06-16T12:03:20.365Z] [debug] daemon: condition-filtered router=client_test_01_router_default reason="condition failed: field="${enrichment.fullIntent.Symbol}" operator="in" value=["SPYM","CRCL","TSLA","NVDA","IAU","PPLT","MSTR","AMZN","SIVR","COIN"] actual="fairValue:spSEI""
[2026-06-16T12:03:20.370Z] scanner-ws: delivered 1 log(s) (blocks 29131111..29131111)
[2026-06-16T12:03:20.440Z] [debug] daemon: condition-filtered router=client_test_01_router_default reason="condition failed: field="${enrichment.fullIntent.Symbol}" operator="in" value=["SPYM","CRCL","TSLA","NVDA","IAU","PPLT","MSTR","AMZN","SIVR","COIN"] actual="denominator:spSEI""
[2026-06-16T12:03:20.448Z] scanner-ws: delivered 1 log(s) (blocks 29131111..29131111)
[2026-06-16T12:03:20.456Z] [debug] daemon: condition-filtered router=client_test_01_router_default reason="condition failed: field="${enrichment.fullIntent.Symbol}" operator="in" value=["SPYM","CRCL","TSLA","NVDA","IAU","PPLT","MSTR","AMZN","SIVR","COIN"] actual="numerator:spSEI""
[2026-06-16T12:03:20.461Z] scanner-ws: delivered 1 log(s) (blocks 29131111..29131111)
[2026-06-16T12:03:20.465Z] [debug] daemon: condition-filtered router=client_test_01_router_default reason="condition failed: field="${enrichment.fullIntent.Symbol}" operator="in" value=["SPYM","CRCL","TSLA","NVDA","IAU","PPLT","MSTR","AMZN","SIVR","COIN"] actual="fairValue:hemiBTC""
[2026-06-16T12:03:20.472Z] scanner-ws: delivered 1 log(s) (blocks 29131111..29131111)
[2026-06-16T12:03:20.475Z] [debug] daemon: condition-filtered router=client_test_01_router_default reason="condition failed: field="${enrichment.fullIntent.Symbol}" operator="in" value=["SPYM","CRCL","TSLA","NVDA","IAU","PPLT","MSTR","AMZN","SIVR","COIN"] actual="usdValue:hemiBTC""
[2026-06-16T12:03:20.480Z] scanner-ws: delivered 1 log(s) (blocks 29131111..29131111)
[2026-06-16T12:03:20.484Z] [debug] daemon: condition-filtered router=client_test_01_router_default reason="condition failed: field="${enrichment.fullIntent.Symbol}" operator="in" value=["SPYM","CRCL","TSLA","NVDA","IAU","PPLT","MSTR","AMZN","SIVR","COIN"] actual="numerator:hemiBTC""
[2026-06-16T12:03:20.488Z] scanner-ws: delivered 1 log(s) (blocks 29131111..29131111)
[2026-06-16T12:03:20.862Z] [debug] daemon: condition-filtered router=client_test_01_router_default reason="condition failed: field="${enrichment.fullIntent.Symbol}" operator="in" value=["SPYM","CRCL","TSLA","NVDA","IAU","PPLT","MSTR","AMZN","SIVR","COIN"] actual="denominator:hemiBTC""
[2026-06-16T12:03:20.868Z] scanner-ws: delivered 1 log(s) (blocks 29131111..29131111)
[2026-06-16T12:03:30.897Z] scanner-http: scanned 29131108..29131126 (8 log(s), head=29131132, finalized=29131126)
[2026-06-16T12:03:31.347Z] scanner-http: scanned 29131127..29131129 (0 log(s), head=29131135, finalized=29131129)
[2026-06-16T12:03:31.785Z] scanner-http: scanned 29131130..29131130 (0 log(s), head=29131136, finalized=29131130)
[2026-06-16T12:03:37.126Z] scanner-ws: delivered 1 log(s) (blocks 29131146..29131146)
[2026-06-16T12:03:40.961Z] [debug] daemon: condition-filtered router=client_test_01_router_default reason="condition failed: field="${enrichment.fullIntent.Symbol}" operator="in" value=["SPYM","CRCL","TSLA","NVDA","IAU","PPLT","MSTR","AMZN","SIVR","COIN"] actual="ARS/USDT""
[2026-06-16T12:03:40.967Z] scanner-ws: delivered 1 log(s) (blocks 29131155..29131155)
[2026-06-16T12:03:42.779Z] scanner-http: scanned 29131131..29131152 (1 log(s), head=29131158, finalized=29131152)
[2026-06-16T12:03:43.283Z] scanner-http: scanned 29131153..29131154 (0 log(s), head=29131160, finalized=29131154)
[2026-06-16T12:03:50.862Z] cron-service: resubmitting NVDA (router=client_test_01_router_default, confirmedAge=838s, ceiling=600s, intentHash=0x81b21c399a443d9d4b56cc379407fcf1acd4ebd3f2b0ec818f2fa21fc9e5a3c0).
[2026-06-16T12:03:54.288Z] scanner-http: scanned 29131155..29131171 (1 log(s), head=29131177, finalized=29131171)
[2026-06-16T12:03:54.724Z] scanner-http: scanned 29131172..29131172 (0 log(s), head=29131178, finalized=29131172)
[2026-06-16T12:03:55.154Z] scanner-http: scanned 29131173..29131173 (0 log(s), head=29131179, finalized=29131173)
[2026-06-16T12:03:55.593Z] scanner-http: scanned 29131174..29131174 (0 log(s), head=29131180, finalized=29131174)
[2026-06-16T12:03:58.551Z] [debug] daemon: condition-filtered router=client_test_01_router_default reason="condition failed: field="${enrichment.fullIntent.Symbol}" operator="in" value=["SPYM","CRCL","TSLA","NVDA","IAU","PPLT","MSTR","AMZN","SIVR","COIN"] actual="fairValue:spSEI""
[2026-06-16T12:03:58.557Z] scanner-ws: delivered 1 log(s) (blocks 29131184..29131184)
[2026-06-16T12:03:58.561Z] [debug] daemon: condition-filtered router=client_test_01_router_default reason="condition failed: field="${enrichment.fullIntent.Symbol}" operator="in" value=["SPYM","CRCL","TSLA","NVDA","IAU","PPLT","MSTR","AMZN","SIVR","COIN"] actual="usdValue:spSEI""
[2026-06-16T12:03:58.566Z] scanner-ws: delivered 1 log(s) (blocks 29131184..29131184)
[2026-06-16T12:03:58.643Z] [debug] daemon: condition-filtered router=client_test_01_router_default reason="condition failed: field="${enrichment.fullIntent.Symbol}" operator="in" value=["SPYM","CRCL","TSLA","NVDA","IAU","PPLT","MSTR","AMZN","SIVR","COIN"] actual="denominator:spSEI""
[2026-06-16T12:03:58.649Z] scanner-ws: delivered 1 log(s) (blocks 29131184..29131184)
[2026-06-16T12:03:58.654Z] [debug] daemon: condition-filtered router=client_test_01_router_default reason="condition failed: field="${enrichment.fullIntent.Symbol}" operator="in" value=["SPYM","CRCL","TSLA","NVDA","IAU","PPLT","MSTR","AMZN","SIVR","COIN"] actual="numerator:spSEI""
[2026-06-16T12:03:58.660Z] scanner-ws: delivered 1 log(s) (blocks 29131184..29131184)
[2026-06-16T12:03:58.666Z] [debug] daemon: condition-filtered router=client_test_01_router_default reason="condition failed: field="${enrichment.fullIntent.Symbol}" operator="in" value=["SPYM","CRCL","TSLA","NVDA","IAU","PPLT","MSTR","AMZN","SIVR","COIN"] actual="numerator:hemiBTC""
[2026-06-16T12:03:58.671Z] scanner-ws: delivered 1 log(s) (blocks 29131184..29131184)
[2026-06-16T12:03:58.674Z] [debug] daemon: condition-filtered router=client_test_01_router_default reason="condition failed: field="${enrichment.fullIntent.Symbol}" operator="in" value=["SPYM","CRCL","TSLA","NVDA","IAU","PPLT","MSTR","AMZN","SIVR","COIN"] actual="denominator:hemiBTC""
[2026-06-16T12:03:58.681Z] scanner-ws: delivered 1 log(s) (blocks 29131184..29131184)
[2026-06-16T12:03:58.691Z] [debug] daemon: condition-filtered router=client_test_01_router_default reason="condition failed: field="${enrichment.fullIntent.Symbol}" operator="in" value=["SPYM","CRCL","TSLA","NVDA","IAU","PPLT","MSTR","AMZN","SIVR","COIN"] actual="usdValue:hemiBTC""
[2026-06-16T12:03:58.697Z] scanner-ws: delivered 1 log(s) (blocks 29131184..29131184)
[2026-06-16T12:03:58.702Z] [debug] daemon: condition-filtered router=client_test_01_router_default reason="condition failed: field="${enrichment.fullIntent.Symbol}" operator="in" value=["SPYM","CRCL","TSLA","NVDA","IAU","PPLT","MSTR","AMZN","SIVR","COIN"] actual="fairValue:hemiBTC""
[2026-06-16T12:03:58.709Z] scanner-ws: delivered 1 log(s) (blocks 29131184..29131184)
[2026-06-16T12:04:06.692Z] scanner-http: scanned 29131175..29131190 (8 log(s), head=29131196, finalized=29131190)
[2026-06-16T12:04:07.057Z] [debug] [clients/client-test-01.json] submit: intentHash=0x81b21c399a443d9d4b56cc379407fcf1acd4ebd3f2b0ec818f2fa21fc9e5a3c0 symbol=NVDA
[2026-06-16T12:04:07.057Z] [debug] loading state: client=../state/mainnet_run_20260616-074413/clients/client-test-01.json protocol=../state/mainnet_run_20260616-074413/config-bootstrap.json
[2026-06-16T12:04:07.057Z] [debug] submitOracleUpdate: intentHash=0x81b21c399a443d9d4b56cc379407fcf1acd4ebd3f2b0ec818f2fa21fc9e5a3c0 symbol=NVDA
[2026-06-16T12:04:07.065Z] [debug] connecting to Cardano…
[2026-06-16T12:04:11.728Z] [debug] building oracle update tx for symbol=NVDA
[2026-06-16T12:04:15.675Z] [debug] submitted: txHash=af4cf9a08d20ab05dab70e3471fdf7bf8da380d92d428a8fc16665a9db4becfe intentHash=0x81b21c399a443d9d4b56cc379407fcf1acd4ebd3f2b0ec818f2fa21fc9e5a3c0
[2026-06-16T12:04:17.556Z] scanner-http: scanned 29131191..29131207 (0 log(s), head=29131213, finalized=29131207)
[2026-06-16T12:04:20.200Z] [debug] daemon: condition-filtered router=client_test_01_router_default reason="condition failed: field="${enrichment.fullIntent.Symbol}" operator="in" value=["SPYM","CRCL","TSLA","NVDA","IAU","PPLT","MSTR","AMZN","SIVR","COIN"] actual="fairValue:spSEI""
[2026-06-16T12:04:20.206Z] scanner-ws: delivered 1 log(s) (blocks 29131219..29131219)
[2026-06-16T12:04:20.210Z] [debug] daemon: condition-filtered router=client_test_01_router_default reason="condition failed: field="${enrichment.fullIntent.Symbol}" operator="in" value=["SPYM","CRCL","TSLA","NVDA","IAU","PPLT","MSTR","AMZN","SIVR","COIN"] actual="usdValue:spSEI""
[2026-06-16T12:04:20.214Z] scanner-ws: delivered 1 log(s) (blocks 29131219..29131219)
[2026-06-16T12:04:20.296Z] [debug] daemon: condition-filtered router=client_test_01_router_default reason="condition failed: field="${enrichment.fullIntent.Symbol}" operator="in" value=["SPYM","CRCL","TSLA","NVDA","IAU","PPLT","MSTR","AMZN","SIVR","COIN"] actual="usdValue:hemiBTC""
[2026-06-16T12:04:20.302Z] scanner-ws: delivered 1 log(s) (blocks 29131219..29131219)
[2026-06-16T12:04:20.305Z] [debug] daemon: condition-filtered router=client_test_01_router_default reason="condition failed: field="${enrichment.fullIntent.Symbol}" operator="in" value=["SPYM","CRCL","TSLA","NVDA","IAU","PPLT","MSTR","AMZN","SIVR","COIN"] actual="denominator:spSEI""
[2026-06-16T12:04:20.309Z] scanner-ws: delivered 1 log(s) (blocks 29131219..29131219)
[2026-06-16T12:04:20.318Z] [debug] daemon: condition-filtered router=client_test_01_router_default reason="condition failed: field="${enrichment.fullIntent.Symbol}" operator="in" value=["SPYM","CRCL","TSLA","NVDA","IAU","PPLT","MSTR","AMZN","SIVR","COIN"] actual="numerator:spSEI""
[2026-06-16T12:04:20.324Z] scanner-ws: delivered 1 log(s) (blocks 29131219..29131219)
[2026-06-16T12:04:20.326Z] [debug] daemon: condition-filtered router=client_test_01_router_default reason="condition failed: field="${enrichment.fullIntent.Symbol}" operator="in" value=["SPYM","CRCL","TSLA","NVDA","IAU","PPLT","MSTR","AMZN","SIVR","COIN"] actual="denominator:hemiBTC""
[2026-06-16T12:04:20.333Z] scanner-ws: delivered 1 log(s) (blocks 29131219..29131219)
[2026-06-16T12:04:20.336Z] [debug] daemon: condition-filtered router=client_test_01_router_default reason="condition failed: field="${enrichment.fullIntent.Symbol}" operator="in" value=["SPYM","CRCL","TSLA","NVDA","IAU","PPLT","MSTR","AMZN","SIVR","COIN"] actual="fairValue:hemiBTC""
[2026-06-16T12:04:20.342Z] scanner-ws: delivered 1 log(s) (blocks 29131219..29131219)
[2026-06-16T12:04:20.814Z] cron-service: resubmitting NVDA (router=client_test_01_router_default, confirmedAge=868s, ceiling=600s, intentHash=0x81b21c399a443d9d4b56cc379407fcf1acd4ebd3f2b0ec818f2fa21fc9e5a3c0).
[2026-06-16T12:04:20.836Z] [debug] daemon: condition-filtered router=client_test_01_router_default reason="condition failed: field="${enrichment.fullIntent.Symbol}" operator="in" value=["SPYM","CRCL","TSLA","NVDA","IAU","PPLT","MSTR","AMZN","SIVR","COIN"] actual="numerator:hemiBTC""
[2026-06-16T12:04:20.842Z] scanner-ws: delivered 1 log(s) (blocks 29131219..29131219)
[2026-06-16T12:04:28.563Z] scanner-http: scanned 29131208..29131226 (8 log(s), head=29131232, finalized=29131226)
[2026-06-16T12:04:29.006Z] scanner-http: scanned 29131227..29131227 (0 log(s), head=29131233, finalized=29131227)
[2026-06-16T12:04:40.386Z] scanner-http: scanned 29131228..29131245 (0 log(s), head=29131251, finalized=29131245)
[2026-06-16T12:04:41.074Z] [debug] daemon: condition-filtered router=client_test_01_router_default reason="condition failed: field="${enrichment.fullIntent.Symbol}" operator="in" value=["SPYM","CRCL","TSLA","NVDA","IAU","PPLT","MSTR","AMZN","SIVR","COIN"] actual="ARS/USDT""
[2026-06-16T12:04:41.082Z] scanner-ws: delivered 1 log(s) (blocks 29131253..29131253)
[2026-06-16T12:04:41.331Z] scanner-http: scanned 29131246..29131248 (0 log(s), head=29131254, finalized=29131248)
[2026-06-16T12:04:50.767Z] cron-service: resubmitting NVDA (router=client_test_01_router_default, confirmedAge=898s, ceiling=600s, intentHash=0x81b21c399a443d9d4b56cc379407fcf1acd4ebd3f2b0ec818f2fa21fc9e5a3c0).
[2026-06-16T12:04:52.420Z] scanner-http: scanned 29131249..29131272 (1 log(s), head=29131278, finalized=29131272)
[2026-06-16T12:04:52.857Z] scanner-http: scanned 29131273..29131274 (0 log(s), head=29131280, finalized=29131274)
[2026-06-16T12:04:53.311Z] scanner-http: scanned 29131275..29131275 (0 log(s), head=29131281, finalized=29131275)
[2026-06-16T12:04:56.578Z] [debug] daemon: policy-filtered router=client_test_01_router_default dest=0
[2026-06-16T12:04:56.582Z] scanner-ws: delivered 1 log(s) (blocks 29131286..29131286)
[2026-06-16T12:04:58.504Z] [debug] daemon: condition-filtered router=client_test_01_router_default reason="condition failed: field="${enrichment.fullIntent.Symbol}" operator="in" value=["SPYM","CRCL","TSLA","NVDA","IAU","PPLT","MSTR","AMZN","SIVR","COIN"] actual="fairValue:spSEI""
[2026-06-16T12:04:58.510Z] scanner-ws: delivered 1 log(s) (blocks 29131289..29131289)
[2026-06-16T12:04:58.750Z] [debug] daemon: condition-filtered router=client_test_01_router_default reason="condition failed: field="${enrichment.fullIntent.Symbol}" operator="in" value=["SPYM","CRCL","TSLA","NVDA","IAU","PPLT","MSTR","AMZN","SIVR","COIN"] actual="numerator:spSEI""
[2026-06-16T12:04:58.754Z] scanner-ws: delivered 1 log(s) (blocks 29131289..29131289)
[2026-06-16T12:04:58.833Z] [debug] daemon: condition-filtered router=client_test_01_router_default reason="condition failed: field="${enrichment.fullIntent.Symbol}" operator="in" value=["SPYM","CRCL","TSLA","NVDA","IAU","PPLT","MSTR","AMZN","SIVR","COIN"] actual="usdValue:spSEI""
[2026-06-16T12:04:58.838Z] scanner-ws: delivered 1 log(s) (blocks 29131289..29131289)
[2026-06-16T12:04:58.896Z] [debug] daemon: condition-filtered router=client_test_01_router_default reason="condition failed: field="${enrichment.fullIntent.Symbol}" operator="in" value=["SPYM","CRCL","TSLA","NVDA","IAU","PPLT","MSTR","AMZN","SIVR","COIN"] actual="denominator:spSEI""
[2026-06-16T12:04:58.903Z] scanner-ws: delivered 1 log(s) (blocks 29131289..29131289)
[2026-06-16T12:04:58.944Z] [debug] daemon: condition-filtered router=client_test_01_router_default reason="condition failed: field="${enrichment.fullIntent.Symbol}" operator="in" value=["SPYM","CRCL","TSLA","NVDA","IAU","PPLT","MSTR","AMZN","SIVR","COIN"] actual="denominator:hemiBTC""
[2026-06-16T12:04:58.950Z] scanner-ws: delivered 1 log(s) (blocks 29131289..29131289)
[2026-06-16T12:04:58.995Z] [debug] daemon: condition-filtered router=client_test_01_router_default reason="condition failed: field="${enrichment.fullIntent.Symbol}" operator="in" value=["SPYM","CRCL","TSLA","NVDA","IAU","PPLT","MSTR","AMZN","SIVR","COIN"] actual="usdValue:hemiBTC""
[2026-06-16T12:04:59.001Z] scanner-ws: delivered 1 log(s) (blocks 29131289..29131289)
[2026-06-16T12:04:59.040Z] [debug] daemon: condition-filtered router=client_test_01_router_default reason="condition failed: field="${enrichment.fullIntent.Symbol}" operator="in" value=["SPYM","CRCL","TSLA","NVDA","IAU","PPLT","MSTR","AMZN","SIVR","COIN"] actual="numerator:hemiBTC""
[2026-06-16T12:04:59.046Z] scanner-ws: delivered 1 log(s) (blocks 29131289..29131289)
[2026-06-16T12:04:59.108Z] [debug] daemon: condition-filtered router=client_test_01_router_default reason="condition failed: field="${enrichment.fullIntent.Symbol}" operator="in" value=["SPYM","CRCL","TSLA","NVDA","IAU","PPLT","MSTR","AMZN","SIVR","COIN"] actual="fairValue:hemiBTC""
[2026-06-16T12:04:59.113Z] scanner-ws: delivered 1 log(s) (blocks 29131289..29131289)
[2026-06-16T12:05:04.397Z] scanner-http: scanned 29131276..29131292 (9 log(s), head=29131298, finalized=29131292)
[2026-06-16T12:05:04.840Z] scanner-http: scanned 29131293..29131294 (0 log(s), head=29131300, finalized=29131294)
[2026-06-16T12:05:05.285Z] scanner-http: scanned 29131295..29131295 (0 log(s), head=29131301, finalized=29131295)
[2026-06-16T12:05:05.734Z] scanner-http: scanned 29131296..29131296 (0 log(s), head=29131302, finalized=29131296)
[2026-06-16T12:05:10.749Z] [debug] Confirmed by Blockfrost: oracle update (NVDA, intentHash=0x81b21c399a443d9d4b56cc379407fcf1acd4ebd3f2b0ec818f2fa21fc9e5a3c0) af4cf9a08d20ab05dab70e3471fdf7bf8da380d92d428a8fc16665a9db4becfe.
[2026-06-16T12:05:16.915Z] scanner-http: scanned 29131297..29131312 (0 log(s), head=29131318, finalized=29131312)
[2026-06-16T12:05:17.601Z] [debug] confirmed: txHash=af4cf9a08d20ab05dab70e3471fdf7bf8da380d92d428a8fc16665a9db4becfe receiverUnit=6ec4b5aa572382beb11bb8db28a87884d147afe4e2b3d8f5a7331a254449415f52454345495645525f434c49454e545f41
[2026-06-16T12:05:19.962Z] [debug] daemon: condition-filtered router=client_test_01_router_default reason="condition failed: field="${enrichment.fullIntent.Symbol}" operator="in" value=["SPYM","CRCL","TSLA","NVDA","IAU","PPLT","MSTR","AMZN","SIVR","COIN"] actual="usdValue:spSEI""
[2026-06-16T12:05:19.967Z] scanner-ws: delivered 1 log(s) (blocks 29131323..29131323)
[2026-06-16T12:05:19.971Z] [debug] daemon: condition-filtered router=client_test_01_router_default reason="condition failed: field="${enrichment.fullIntent.Symbol}" operator="in" value=["SPYM","CRCL","TSLA","NVDA","IAU","PPLT","MSTR","AMZN","SIVR","COIN"] actual="fairValue:spSEI""
[2026-06-16T12:05:19.980Z] scanner-ws: delivered 1 log(s) (blocks 29131323..29131323)
[2026-06-16T12:05:20.065Z] [debug] daemon: condition-filtered router=client_test_01_router_default reason="condition failed: field="${enrichment.fullIntent.Symbol}" operator="in" value=["SPYM","CRCL","TSLA","NVDA","IAU","PPLT","MSTR","AMZN","SIVR","COIN"] actual="numerator:hemiBTC""
[2026-06-16T12:05:20.073Z] scanner-ws: delivered 1 log(s) (blocks 29131323..29131323)
[2026-06-16T12:05:20.078Z] [debug] daemon: condition-filtered router=client_test_01_router_default reason="condition failed: field="${enrichment.fullIntent.Symbol}" operator="in" value=["SPYM","CRCL","TSLA","NVDA","IAU","PPLT","MSTR","AMZN","SIVR","COIN"] actual="numerator:spSEI""
[2026-06-16T12:05:20.082Z] scanner-ws: delivered 1 log(s) (blocks 29131323..29131323)
[2026-06-16T12:05:20.086Z] [debug] daemon: condition-filtered router=client_test_01_router_default reason="condition failed: field="${enrichment.fullIntent.Symbol}" operator="in" value=["SPYM","CRCL","TSLA","NVDA","IAU","PPLT","MSTR","AMZN","SIVR","COIN"] actual="denominator:hemiBTC""
[2026-06-16T12:05:20.094Z] scanner-ws: delivered 1 log(s) (blocks 29131323..29131323)
[2026-06-16T12:05:20.098Z] [debug] daemon: condition-filtered router=client_test_01_router_default reason="condition failed: field="${enrichment.fullIntent.Symbol}" operator="in" value=["SPYM","CRCL","TSLA","NVDA","IAU","PPLT","MSTR","AMZN","SIVR","COIN"] actual="fairValue:hemiBTC""
[2026-06-16T12:05:20.103Z] scanner-ws: delivered 1 log(s) (blocks 29131323..29131323)
[2026-06-16T12:05:20.110Z] [debug] daemon: condition-filtered router=client_test_01_router_default reason="condition failed: field="${enrichment.fullIntent.Symbol}" operator="in" value=["SPYM","CRCL","TSLA","NVDA","IAU","PPLT","MSTR","AMZN","SIVR","COIN"] actual="denominator:spSEI""
[2026-06-16T12:05:20.116Z] scanner-ws: delivered 1 log(s) (blocks 29131323..29131323)
[2026-06-16T12:05:20.119Z] [debug] daemon: condition-filtered router=client_test_01_router_default reason="condition failed: field="${enrichment.fullIntent.Symbol}" operator="in" value=["SPYM","CRCL","TSLA","NVDA","IAU","PPLT","MSTR","AMZN","SIVR","COIN"] actual="usdValue:hemiBTC""
[2026-06-16T12:05:20.127Z] scanner-ws: delivered 1 log(s) (blocks 29131323..29131323)
[2026-06-16T12:05:20.544Z] [debug] [clients/client-test-01.json] confirmed: txHash=af4cf9a08d20ab05dab70e3471fdf7bf8da380d92d428a8fc16665a9db4becfe intentHash=0x81b21c399a443d9d4b56cc379407fcf1acd4ebd3f2b0ec818f2fa21fc9e5a3c0 receiverUnit=6ec4b5aa572382beb11bb8db28a87884d147afe4e2b3d8f5a7331a254449415f52454345495645525f434c49454e545f41
[2026-06-16T12:05:20.559Z] [debug] [clients/client-test-01.json] submit: intentHash=0x81b21c399a443d9d4b56cc379407fcf1acd4ebd3f2b0ec818f2fa21fc9e5a3c0 symbol=NVDA
[2026-06-16T12:05:20.559Z] [debug] submitOracleUpdate: intentHash=0x81b21c399a443d9d4b56cc379407fcf1acd4ebd3f2b0ec818f2fa21fc9e5a3c0 symbol=NVDA
[2026-06-16T12:05:20.559Z] [debug] loading state: client=../state/mainnet_run_20260616-074413/clients/client-test-01.json protocol=../state/mainnet_run_20260616-074413/config-bootstrap.json
[2026-06-16T12:05:20.567Z] [debug] connecting to Cardano…
[2026-06-16T12:05:25.021Z] [debug] building oracle update tx for symbol=NVDA
[2026-06-16T12:05:25.022Z] [debug] [clients/client-test-01.json] submit failed: intentHash=0x81b21c399a443d9d4b56cc379407fcf1acd4ebd3f2b0ec818f2fa21fc9e5a3c0 code=NonMonotonicNonce error=Oracle intent timestamp must be greater than the current on-chain timestamp; intent superseded, not submitted.
[2026-06-16T12:05:25.027Z] [info] daemon: intent superseded (no tx) — code=NonMonotonicNonce intentHash=0x81b21c399a443d9d4b56cc379407fcf1acd4ebd3f2b0ec818f2fa21fc9e5a3c0 symbol=NVDA batchSize=1
[2026-06-16T12:05:27.966Z] scanner-http: scanned 29131313..29131331 (8 log(s), head=29131337, finalized=29131331)
[2026-06-16T12:05:28.416Z] scanner-http: scanned 29131332..29131333 (0 log(s), head=29131339, finalized=29131333)
[2026-06-16T12:05:39.295Z] scanner-http: scanned 29131334..29131349 (0 log(s), head=29131355, finalized=29131349)
[2026-06-16T12:05:39.761Z] scanner-http: scanned 29131350..29131351 (0 log(s), head=29131357, finalized=29131351)
[2026-06-16T12:05:40.212Z] scanner-http: scanned 29131352..29131352 (0 log(s), head=29131358, finalized=29131352)
[2026-06-16T12:05:40.938Z] [debug] daemon: condition-filtered router=client_test_01_router_default reason="condition failed: field="${enrichment.fullIntent.Symbol}" operator="in" value=["SPYM","CRCL","TSLA","NVDA","IAU","PPLT","MSTR","AMZN","SIVR","COIN"] actual="ARS/USDT""
[2026-06-16T12:05:40.946Z] scanner-ws: delivered 1 log(s) (blocks 29131359..29131359)
[2026-06-16T12:05:51.290Z] scanner-http: scanned 29131353..29131371 (1 log(s), head=29131377, finalized=29131371)
[2026-06-16T12:05:58.727Z] [debug] daemon: condition-filtered router=client_test_01_router_default reason="condition failed: field="${enrichment.fullIntent.Symbol}" operator="in" value=["SPYM","CRCL","TSLA","NVDA","IAU","PPLT","MSTR","AMZN","SIVR","COIN"] actual="fairValue:spSEI""
[2026-06-16T12:05:58.733Z] scanner-ws: delivered 1 log(s) (blocks 29131388..29131388)
[2026-06-16T12:05:58.811Z] [debug] daemon: condition-filtered router=client_test_01_router_default reason="condition failed: field="${enrichment.fullIntent.Symbol}" operator="in" value=["SPYM","CRCL","TSLA","NVDA","IAU","PPLT","MSTR","AMZN","SIVR","COIN"] actual="denominator:hemiBTC""
[2026-06-16T12:05:58.820Z] scanner-ws: delivered 1 log(s) (blocks 29131388..29131388)
[2026-06-16T12:05:58.828Z] [debug] daemon: condition-filtered router=client_test_01_router_default reason="condition failed: field="${enrichment.fullIntent.Symbol}" operator="in" value=["SPYM","CRCL","TSLA","NVDA","IAU","PPLT","MSTR","AMZN","SIVR","COIN"] actual="usdValue:spSEI""
[2026-06-16T12:05:58.833Z] scanner-ws: delivered 1 log(s) (blocks 29131388..29131388)
[2026-06-16T12:05:58.836Z] [debug] daemon: condition-filtered router=client_test_01_router_default reason="condition failed: field="${enrichment.fullIntent.Symbol}" operator="in" value=["SPYM","CRCL","TSLA","NVDA","IAU","PPLT","MSTR","AMZN","SIVR","COIN"] actual="usdValue:hemiBTC""
[2026-06-16T12:05:58.841Z] scanner-ws: delivered 1 log(s) (blocks 29131388..29131388)
[2026-06-16T12:05:58.844Z] [debug] daemon: condition-filtered router=client_test_01_router_default reason="condition failed: field="${enrichment.fullIntent.Symbol}" operator="in" value=["SPYM","CRCL","TSLA","NVDA","IAU","PPLT","MSTR","AMZN","SIVR","COIN"] actual="denominator:spSEI""
[2026-06-16T12:05:58.848Z] scanner-ws: delivered 1 log(s) (blocks 29131388..29131388)
[2026-06-16T12:05:58.854Z] [debug] daemon: condition-filtered router=client_test_01_router_default reason="condition failed: field="${enrichment.fullIntent.Symbol}" operator="in" value=["SPYM","CRCL","TSLA","NVDA","IAU","PPLT","MSTR","AMZN","SIVR","COIN"] actual="numerator:spSEI""
[2026-06-16T12:05:58.860Z] scanner-ws: delivered 1 log(s) (blocks 29131388..29131388)
[2026-06-16T12:05:58.866Z] [debug] daemon: condition-filtered router=client_test_01_router_default reason="condition failed: field="${enrichment.fullIntent.Symbol}" operator="in" value=["SPYM","CRCL","TSLA","NVDA","IAU","PPLT","MSTR","AMZN","SIVR","COIN"] actual="fairValue:hemiBTC""
[2026-06-16T12:05:58.872Z] scanner-ws: delivered 1 log(s) (blocks 29131388..29131388)
[2026-06-16T12:05:58.876Z] [debug] daemon: condition-filtered router=client_test_01_router_default reason="condition failed: field="${enrichment.fullIntent.Symbol}" operator="in" value=["SPYM","CRCL","TSLA","NVDA","IAU","PPLT","MSTR","AMZN","SIVR","COIN"] actual="numerator:hemiBTC""
[2026-06-16T12:05:58.880Z] scanner-ws: delivered 1 log(s) (blocks 29131388..29131388)
[2026-06-16T12:06:02.171Z] scanner-http: scanned 29131372..29131389 (8 log(s), head=29131395, finalized=29131389)
[2026-06-16T12:06:13.561Z] scanner-http: scanned 29131390..29131412 (0 log(s), head=29131418, finalized=29131412)
[2026-06-16T12:06:14.079Z] scanner-http: scanned 29131413..29131413 (0 log(s), head=29131419, finalized=29131413)
[2026-06-16T12:06:14.593Z] scanner-http: scanned 29131414..29131414 (0 log(s), head=29131420, finalized=29131414)
[2026-06-16T12:06:15.117Z] scanner-http: scanned 29131415..29131415 (0 log(s), head=29131421, finalized=29131415)
[2026-06-16T12:06:15.620Z] scanner-http: scanned 29131416..29131416 (0 log(s), head=29131422, finalized=29131416)
[2026-06-16T12:06:16.075Z] scanner-http: scanned 29131417..29131417 (0 log(s), head=29131423, finalized=29131417)
[2026-06-16T12:06:16.526Z] scanner-http: scanned 29131418..29131418 (0 log(s), head=29131424, finalized=29131418)
[2026-06-16T12:06:19.493Z] scanner-ws: delivered 1 log(s) (blocks 29131430..29131430)
[2026-06-16T12:06:20.105Z] [debug] daemon: condition-filtered router=client_test_01_router_default reason="condition failed: field="${enrichment.fullIntent.Symbol}" operator="in" value=["SPYM","CRCL","TSLA","NVDA","IAU","PPLT","MSTR","AMZN","SIVR","COIN"] actual="usdValue:spSEI""
[2026-06-16T12:06:20.110Z] scanner-ws: delivered 1 log(s) (blocks 29131431..29131431)
[2026-06-16T12:06:20.114Z] [debug] daemon: condition-filtered router=client_test_01_router_default reason="condition failed: field="${enrichment.fullIntent.Symbol}" operator="in" value=["SPYM","CRCL","TSLA","NVDA","IAU","PPLT","MSTR","AMZN","SIVR","COIN"] actual="fairValue:spSEI""
[2026-06-16T12:06:20.121Z] scanner-ws: delivered 1 log(s) (blocks 29131431..29131431)
[2026-06-16T12:06:20.218Z] [debug] daemon: condition-filtered router=client_test_01_router_default reason="condition failed: field="${enrichment.fullIntent.Symbol}" operator="in" value=["SPYM","CRCL","TSLA","NVDA","IAU","PPLT","MSTR","AMZN","SIVR","COIN"] actual="denominator:spSEI""
[2026-06-16T12:06:20.227Z] scanner-ws: delivered 1 log(s) (blocks 29131431..29131431)
[2026-06-16T12:06:20.235Z] [debug] daemon: condition-filtered router=client_test_01_router_default reason="condition failed: field="${enrichment.fullIntent.Symbol}" operator="in" value=["SPYM","CRCL","TSLA","NVDA","IAU","PPLT","MSTR","AMZN","SIVR","COIN"] actual="numerator:spSEI""
[2026-06-16T12:06:20.241Z] scanner-ws: delivered 1 log(s) (blocks 29131431..29131431)
[2026-06-16T12:06:20.246Z] [debug] daemon: condition-filtered router=client_test_01_router_default reason="condition failed: field="${enrichment.fullIntent.Symbol}" operator="in" value=["SPYM","CRCL","TSLA","NVDA","IAU","PPLT","MSTR","AMZN","SIVR","COIN"] actual="denominator:hemiBTC""
[2026-06-16T12:06:20.256Z] scanner-ws: delivered 1 log(s) (blocks 29131431..29131431)
[2026-06-16T12:06:20.260Z] [debug] daemon: condition-filtered router=client_test_01_router_default reason="condition failed: field="${enrichment.fullIntent.Symbol}" operator="in" value=["SPYM","CRCL","TSLA","NVDA","IAU","PPLT","MSTR","AMZN","SIVR","COIN"] actual="numerator:hemiBTC""
[2026-06-16T12:06:20.264Z] scanner-ws: delivered 1 log(s) (blocks 29131431..29131431)
[2026-06-16T12:06:20.270Z] [debug] daemon: condition-filtered router=client_test_01_router_default reason="condition failed: field="${enrichment.fullIntent.Symbol}" operator="in" value=["SPYM","CRCL","TSLA","NVDA","IAU","PPLT","MSTR","AMZN","SIVR","COIN"] actual="fairValue:hemiBTC""
[2026-06-16T12:06:20.277Z] scanner-ws: delivered 1 log(s) (blocks 29131431..29131431)
[2026-06-16T12:06:20.282Z] [debug] daemon: condition-filtered router=client_test_01_router_default reason="condition failed: field="${enrichment.fullIntent.Symbol}" operator="in" value=["SPYM","CRCL","TSLA","NVDA","IAU","PPLT","MSTR","AMZN","SIVR","COIN"] actual="usdValue:hemiBTC""
[2026-06-16T12:06:20.288Z] scanner-ws: delivered 1 log(s) (blocks 29131431..29131431)
[2026-06-16T12:06:20.635Z] cron-service: resubmitting MSTR (router=client_test_01_router_default, confirmedAge=1427s, ceiling=600s, intentHash=0x3c7726ad885bfbefbdadbf36caa5f301128f2565caa1c9affdaf6fb2dfca2da8).
[2026-06-16T12:06:27.582Z] scanner-http: scanned 29131419..29131437 (9 log(s), head=29131443, finalized=29131437)
[2026-06-16T12:06:28.027Z] scanner-http: scanned 29131438..29131438 (0 log(s), head=29131444, finalized=29131438)
[2026-06-16T12:06:28.496Z] scanner-http: scanned 29131439..29131439 (0 log(s), head=29131445, finalized=29131439)
[2026-06-16T12:06:28.958Z] scanner-http: scanned 29131440..29131440 (0 log(s), head=29131446, finalized=29131440)
[2026-06-16T12:06:39.844Z] scanner-http: scanned 29131441..29131456 (0 log(s), head=29131462, finalized=29131456)
[2026-06-16T12:06:40.309Z] scanner-http: scanned 29131457..29131457 (0 log(s), head=29131463, finalized=29131457)
[2026-06-16T12:06:41.038Z] [debug] daemon: condition-filtered router=client_test_01_router_default reason="condition failed: field="${enrichment.fullIntent.Symbol}" operator="in" value=["SPYM","CRCL","TSLA","NVDA","IAU","PPLT","MSTR","AMZN","SIVR","COIN"] actual="ARS/USDT""
[2026-06-16T12:06:41.048Z] scanner-ws: delivered 1 log(s) (blocks 29131464..29131464)
[2026-06-16T12:06:49.409Z] [debug] [clients/client-test-01.json] submit: intentHash=0x3c7726ad885bfbefbdadbf36caa5f301128f2565caa1c9affdaf6fb2dfca2da8 symbol=MSTR
[2026-06-16T12:06:49.409Z] [debug] submitOracleUpdate: intentHash=0x3c7726ad885bfbefbdadbf36caa5f301128f2565caa1c9affdaf6fb2dfca2da8 symbol=MSTR
[2026-06-16T12:06:49.409Z] [debug] loading state: client=../state/mainnet_run_20260616-074413/clients/client-test-01.json protocol=../state/mainnet_run_20260616-074413/config-bootstrap.json
[2026-06-16T12:06:49.416Z] [debug] connecting to Cardano…
[2026-06-16T12:06:50.569Z] cron-service: resubmitting MSTR (router=client_test_01_router_default, confirmedAge=1457s, ceiling=600s, intentHash=0x3c7726ad885bfbefbdadbf36caa5f301128f2565caa1c9affdaf6fb2dfca2da8).
[2026-06-16T12:06:51.329Z] scanner-http: scanned 29131458..29131475 (1 log(s), head=29131481, finalized=29131475)
[2026-06-16T12:06:51.792Z] scanner-http: scanned 29131476..29131476 (0 log(s), head=29131482, finalized=29131476)
[2026-06-16T12:06:52.239Z] scanner-http: scanned 29131477..29131478 (0 log(s), head=29131484, finalized=29131478)
[2026-06-16T12:06:53.762Z] [debug] building oracle update tx for symbol=MSTR
[2026-06-16T12:06:58.143Z] [debug] submitted: txHash=cbde9b5437a9d96e5af8590b18295672ab6db3401b109874cbabe6543676ae41 intentHash=0x3c7726ad885bfbefbdadbf36caa5f301128f2565caa1c9affdaf6fb2dfca2da8
[2026-06-16T12:06:58.664Z] [debug] daemon: condition-filtered router=client_test_01_router_default reason="condition failed: field="${enrichment.fullIntent.Symbol}" operator="in" value=["SPYM","CRCL","TSLA","NVDA","IAU","PPLT","MSTR","AMZN","SIVR","COIN"] actual="fairValue:spSEI""
[2026-06-16T12:06:58.670Z] scanner-ws: delivered 1 log(s) (blocks 29131492..29131492)
[2026-06-16T12:06:58.785Z] [debug] daemon: condition-filtered router=client_test_01_router_default reason="condition failed: field="${enrichment.fullIntent.Symbol}" operator="in" value=["SPYM","CRCL","TSLA","NVDA","IAU","PPLT","MSTR","AMZN","SIVR","COIN"] actual="usdValue:spSEI""
[2026-06-16T12:06:58.792Z] scanner-ws: delivered 1 log(s) (blocks 29131492..29131492)
[2026-06-16T12:06:58.813Z] [debug] daemon: condition-filtered router=client_test_01_router_default reason="condition failed: field="${enrichment.fullIntent.Symbol}" operator="in" value=["SPYM","CRCL","TSLA","NVDA","IAU","PPLT","MSTR","AMZN","SIVR","COIN"] actual="numerator:spSEI""
[2026-06-16T12:06:58.820Z] scanner-ws: delivered 1 log(s) (blocks 29131492..29131492)
[2026-06-16T12:06:58.824Z] [debug] daemon: condition-filtered router=client_test_01_router_default reason="condition failed: field="${enrichment.fullIntent.Symbol}" operator="in" value=["SPYM","CRCL","TSLA","NVDA","IAU","PPLT","MSTR","AMZN","SIVR","COIN"] actual="denominator:hemiBTC""
[2026-06-16T12:06:58.829Z] scanner-ws: delivered 1 log(s) (blocks 29131492..29131492)
[2026-06-16T12:06:58.852Z] [debug] daemon: condition-filtered router=client_test_01_router_default reason="condition failed: field="${enrichment.fullIntent.Symbol}" operator="in" value=["SPYM","CRCL","TSLA","NVDA","IAU","PPLT","MSTR","AMZN","SIVR","COIN"] actual="numerator:hemiBTC""
[2026-06-16T12:06:58.856Z] scanner-ws: delivered 1 log(s) (blocks 29131492..29131492)
[2026-06-16T12:06:58.865Z] [debug] daemon: condition-filtered router=client_test_01_router_default reason="condition failed: field="${enrichment.fullIntent.Symbol}" operator="in" value=["SPYM","CRCL","TSLA","NVDA","IAU","PPLT","MSTR","AMZN","SIVR","COIN"] actual="denominator:spSEI""
[2026-06-16T12:06:58.871Z] scanner-ws: delivered 1 log(s) (blocks 29131492..29131492)
[2026-06-16T12:06:58.876Z] [debug] daemon: condition-filtered router=client_test_01_router_default reason="condition failed: field="${enrichment.fullIntent.Symbol}" operator="in" value=["SPYM","CRCL","TSLA","NVDA","IAU","PPLT","MSTR","AMZN","SIVR","COIN"] actual="usdValue:hemiBTC""
[2026-06-16T12:06:58.880Z] scanner-ws: delivered 1 log(s) (blocks 29131492..29131492)
[2026-06-16T12:06:58.900Z] [debug] daemon: condition-filtered router=client_test_01_router_default reason="condition failed: field="${enrichment.fullIntent.Symbol}" operator="in" value=["SPYM","CRCL","TSLA","NVDA","IAU","PPLT","MSTR","AMZN","SIVR","COIN"] actual="fairValue:hemiBTC""
[2026-06-16T12:06:58.905Z] scanner-ws: delivered 1 log(s) (blocks 29131492..29131492)
[2026-06-16T12:07:03.166Z] scanner-http: scanned 29131479..29131495 (8 log(s), head=29131501, finalized=29131495)
[2026-06-16T12:07:03.636Z] scanner-http: scanned 29131496..29131496 (0 log(s), head=29131502, finalized=29131496)
[2026-06-16T12:07:08.361Z] [debug] Confirmed by Blockfrost: oracle update (MSTR, intentHash=0x3c7726ad885bfbefbdadbf36caa5f301128f2565caa1c9affdaf6fb2dfca2da8) cbde9b5437a9d96e5af8590b18295672ab6db3401b109874cbabe6543676ae41.
[2026-06-16T12:07:14.931Z] scanner-http: scanned 29131497..29131515 (0 log(s), head=29131521, finalized=29131515)
[2026-06-16T12:07:15.310Z] [debug] confirmed: txHash=cbde9b5437a9d96e5af8590b18295672ab6db3401b109874cbabe6543676ae41 receiverUnit=6ec4b5aa572382beb11bb8db28a87884d147afe4e2b3d8f5a7331a254449415f52454345495645525f434c49454e545f41
[2026-06-16T12:07:15.387Z] scanner-http: scanned 29131516..29131518 (0 log(s), head=29131524, finalized=29131518)
[2026-06-16T12:07:15.831Z] scanner-http: scanned 29131519..29131519 (0 log(s), head=29131525, finalized=29131519)
[2026-06-16T12:07:17.995Z] [debug] daemon: condition-filtered router=client_test_01_router_default reason="condition failed: field="${enrichment.fullIntent.Symbol}" operator="in" value=["SPYM","CRCL","TSLA","NVDA","IAU","PPLT","MSTR","AMZN","SIVR","COIN"] actual="BMNR""
[2026-06-16T12:07:18.000Z] scanner-ws: delivered 1 log(s) (blocks 29131527..29131527)
[2026-06-16T12:07:18.376Z] [debug] [clients/client-test-01.json] confirmed: txHash=cbde9b5437a9d96e5af8590b18295672ab6db3401b109874cbabe6543676ae41 intentHash=0x3c7726ad885bfbefbdadbf36caa5f301128f2565caa1c9affdaf6fb2dfca2da8 receiverUnit=6ec4b5aa572382beb11bb8db28a87884d147afe4e2b3d8f5a7331a254449415f52454345495645525f434c49454e545f41
[2026-06-16T12:07:18.393Z] [debug] [clients/client-test-01.json] submit: intentHash=0x3c7726ad885bfbefbdadbf36caa5f301128f2565caa1c9affdaf6fb2dfca2da8 symbol=MSTR
[2026-06-16T12:07:18.393Z] [debug] submitOracleUpdate: intentHash=0x3c7726ad885bfbefbdadbf36caa5f301128f2565caa1c9affdaf6fb2dfca2da8 symbol=MSTR
[2026-06-16T12:07:18.393Z] [debug] loading state: client=../state/mainnet_run_20260616-074413/clients/client-test-01.json protocol=../state/mainnet_run_20260616-074413/config-bootstrap.json
[2026-06-16T12:07:18.400Z] [debug] connecting to Cardano…
[2026-06-16T12:07:20.279Z] [debug] daemon: condition-filtered router=client_test_01_router_default reason="condition failed: field="${enrichment.fullIntent.Symbol}" operator="in" value=["SPYM","CRCL","TSLA","NVDA","IAU","PPLT","MSTR","AMZN","SIVR","COIN"] actual="fairValue:spSEI""
[2026-06-16T12:07:20.283Z] scanner-ws: delivered 1 log(s) (blocks 29131532..29131532)
[2026-06-16T12:07:20.371Z] [debug] daemon: condition-filtered router=client_test_01_router_default reason="condition failed: field="${enrichment.fullIntent.Symbol}" operator="in" value=["SPYM","CRCL","TSLA","NVDA","IAU","PPLT","MSTR","AMZN","SIVR","COIN"] actual="numerator:spSEI""
[2026-06-16T12:07:20.376Z] scanner-ws: delivered 1 log(s) (blocks 29131532..29131532)
[2026-06-16T12:07:20.384Z] [debug] daemon: condition-filtered router=client_test_01_router_default reason="condition failed: field="${enrichment.fullIntent.Symbol}" operator="in" value=["SPYM","CRCL","TSLA","NVDA","IAU","PPLT","MSTR","AMZN","SIVR","COIN"] actual="denominator:spSEI""
[2026-06-16T12:07:20.391Z] scanner-ws: delivered 1 log(s) (blocks 29131532..29131532)
[2026-06-16T12:07:20.396Z] [debug] daemon: condition-filtered router=client_test_01_router_default reason="condition failed: field="${enrichment.fullIntent.Symbol}" operator="in" value=["SPYM","CRCL","TSLA","NVDA","IAU","PPLT","MSTR","AMZN","SIVR","COIN"] actual="numerator:hemiBTC""
[2026-06-16T12:07:20.402Z] scanner-ws: delivered 1 log(s) (blocks 29131532..29131532)
[2026-06-16T12:07:20.404Z] [debug] daemon: condition-filtered router=client_test_01_router_default reason="condition failed: field="${enrichment.fullIntent.Symbol}" operator="in" value=["SPYM","CRCL","TSLA","NVDA","IAU","PPLT","MSTR","AMZN","SIVR","COIN"] actual="fairValue:hemiBTC""
[2026-06-16T12:07:20.410Z] scanner-ws: delivered 1 log(s) (blocks 29131532..29131532)
[2026-06-16T12:07:20.414Z] [debug] daemon: condition-filtered router=client_test_01_router_default reason="condition failed: field="${enrichment.fullIntent.Symbol}" operator="in" value=["SPYM","CRCL","TSLA","NVDA","IAU","PPLT","MSTR","AMZN","SIVR","COIN"] actual="usdValue:hemiBTC""
[2026-06-16T12:07:20.419Z] scanner-ws: delivered 1 log(s) (blocks 29131532..29131532)
[2026-06-16T12:07:20.423Z] [debug] daemon: condition-filtered router=client_test_01_router_default reason="condition failed: field="${enrichment.fullIntent.Symbol}" operator="in" value=["SPYM","CRCL","TSLA","NVDA","IAU","PPLT","MSTR","AMZN","SIVR","COIN"] actual="denominator:hemiBTC""
[2026-06-16T12:07:20.428Z] scanner-ws: delivered 1 log(s) (blocks 29131532..29131532)
[2026-06-16T12:07:20.431Z] [debug] daemon: condition-filtered router=client_test_01_router_default reason="condition failed: field="${enrichment.fullIntent.Symbol}" operator="in" value=["SPYM","CRCL","TSLA","NVDA","IAU","PPLT","MSTR","AMZN","SIVR","COIN"] actual="usdValue:spSEI""
[2026-06-16T12:07:20.436Z] scanner-ws: delivered 1 log(s) (blocks 29131532..29131532)
[2026-06-16T12:07:22.799Z] [debug] building oracle update tx for symbol=MSTR
[2026-06-16T12:07:22.801Z] [debug] [clients/client-test-01.json] submit failed: intentHash=0x3c7726ad885bfbefbdadbf36caa5f301128f2565caa1c9affdaf6fb2dfca2da8 code=NonMonotonicNonce error=Oracle intent timestamp must be greater than the current on-chain timestamp; intent superseded, not submitted.
[2026-06-16T12:07:22.809Z] [info] daemon: intent superseded (no tx) — code=NonMonotonicNonce intentHash=0x3c7726ad885bfbefbdadbf36caa5f301128f2565caa1c9affdaf6fb2dfca2da8 symbol=MSTR batchSize=1
[2026-06-16T12:07:23.614Z] [debug] daemon: condition-filtered router=client_test_01_router_default reason="condition failed: field="${enrichment.fullIntent.Symbol}" operator="in" value=["SPYM","CRCL","TSLA","NVDA","IAU","PPLT","MSTR","AMZN","SIVR","COIN"] actual="BMNR""
[2026-06-16T12:07:23.620Z] scanner-ws: delivered 1 log(s) (blocks 29131541..29131541)
[2026-06-16T12:07:27.176Z] scanner-http: scanned 29131520..29131542 (10 log(s), head=29131548, finalized=29131542)
[2026-06-16T12:07:27.622Z] scanner-http: scanned 29131543..29131543 (0 log(s), head=29131549, finalized=29131543)
[2026-06-16T12:07:28.072Z] scanner-http: scanned 29131544..29131544 (0 log(s), head=29131550, finalized=29131544)
[2026-06-16T12:07:38.987Z] scanner-http: scanned 29131545..29131565 (0 log(s), head=29131571, finalized=29131565)
[2026-06-16T12:07:39.421Z] scanner-http: scanned 29131566..29131567 (0 log(s), head=29131573, finalized=29131567)
[2026-06-16T12:07:39.864Z] scanner-http: scanned 29131568..29131569 (0 log(s), head=29131575, finalized=29131569)
[2026-06-16T12:07:40.301Z] scanner-http: scanned 29131570..29131571 (0 log(s), head=29131577, finalized=29131571)
[2026-06-16T12:07:40.853Z] scanner-http: scanned 29131572..29131573 (0 log(s), head=29131579, finalized=29131573)
[2026-06-16T12:07:40.959Z] [debug] daemon: condition-filtered router=client_test_01_router_default reason="condition failed: field="${enrichment.fullIntent.Symbol}" operator="in" value=["SPYM","CRCL","TSLA","NVDA","IAU","PPLT","MSTR","AMZN","SIVR","COIN"] actual="ARS/USDT""
[2026-06-16T12:07:40.964Z] scanner-ws: delivered 1 log(s) (blocks 29131579..29131579)
[2026-06-16T12:07:52.170Z] scanner-http: scanned 29131574..29131589 (1 log(s), head=29131595, finalized=29131589)
[2026-06-16T12:07:52.610Z] scanner-http: scanned 29131590..29131592 (0 log(s), head=29131598, finalized=29131592)
[2026-06-16T12:07:53.040Z] scanner-http: scanned 29131593..29131593 (0 log(s), head=29131599, finalized=29131593)
[2026-06-16T12:07:58.547Z] [debug] daemon: condition-filtered router=client_test_01_router_default reason="condition failed: field="${enrichment.fullIntent.Symbol}" operator="in" value=["SPYM","CRCL","TSLA","NVDA","IAU","PPLT","MSTR","AMZN","SIVR","COIN"] actual="fairValue:spSEI""
[2026-06-16T12:07:58.554Z] scanner-ws: delivered 1 log(s) (blocks 29131605..29131605)
[2026-06-16T12:07:58.622Z] [debug] daemon: condition-filtered router=client_test_01_router_default reason="condition failed: field="${enrichment.fullIntent.Symbol}" operator="in" value=["SPYM","CRCL","TSLA","NVDA","IAU","PPLT","MSTR","AMZN","SIVR","COIN"] actual="numerator:spSEI""
[2026-06-16T12:07:58.631Z] scanner-ws: delivered 1 log(s) (blocks 29131605..29131605)
[2026-06-16T12:07:58.644Z] [debug] daemon: condition-filtered router=client_test_01_router_default reason="condition failed: field="${enrichment.fullIntent.Symbol}" operator="in" value=["SPYM","CRCL","TSLA","NVDA","IAU","PPLT","MSTR","AMZN","SIVR","COIN"] actual="usdValue:spSEI""
[2026-06-16T12:07:58.652Z] scanner-ws: delivered 1 log(s) (blocks 29131605..29131605)
[2026-06-16T12:07:58.656Z] [debug] daemon: condition-filtered router=client_test_01_router_default reason="condition failed: field="${enrichment.fullIntent.Symbol}" operator="in" value=["SPYM","CRCL","TSLA","NVDA","IAU","PPLT","MSTR","AMZN","SIVR","COIN"] actual="numerator:hemiBTC""
[2026-06-16T12:07:58.663Z] scanner-ws: delivered 1 log(s) (blocks 29131605..29131605)
[2026-06-16T12:07:58.667Z] [debug] daemon: condition-filtered router=client_test_01_router_default reason="condition failed: field="${enrichment.fullIntent.Symbol}" operator="in" value=["SPYM","CRCL","TSLA","NVDA","IAU","PPLT","MSTR","AMZN","SIVR","COIN"] actual="usdValue:hemiBTC""
[2026-06-16T12:07:58.673Z] scanner-ws: delivered 1 log(s) (blocks 29131605..29131605)
[2026-06-16T12:07:58.677Z] [debug] daemon: condition-filtered router=client_test_01_router_default reason="condition failed: field="${enrichment.fullIntent.Symbol}" operator="in" value=["SPYM","CRCL","TSLA","NVDA","IAU","PPLT","MSTR","AMZN","SIVR","COIN"] actual="denominator:hemiBTC""
[2026-06-16T12:07:58.681Z] scanner-ws: delivered 1 log(s) (blocks 29131605..29131605)
[2026-06-16T12:07:58.691Z] [debug] daemon: condition-filtered router=client_test_01_router_default reason="condition failed: field="${enrichment.fullIntent.Symbol}" operator="in" value=["SPYM","CRCL","TSLA","NVDA","IAU","PPLT","MSTR","AMZN","SIVR","COIN"] actual="fairValue:hemiBTC""
[2026-06-16T12:07:58.707Z] scanner-ws: delivered 1 log(s) (blocks 29131605..29131605)
[2026-06-16T12:07:58.714Z] [debug] daemon: condition-filtered router=client_test_01_router_default reason="condition failed: field="${enrichment.fullIntent.Symbol}" operator="in" value=["SPYM","CRCL","TSLA","NVDA","IAU","PPLT","MSTR","AMZN","SIVR","COIN"] actual="denominator:spSEI""
[2026-06-16T12:07:58.720Z] scanner-ws: delivered 1 log(s) (blocks 29131605..29131605)
[2026-06-16T12:08:04.123Z] scanner-http: scanned 29131594..29131610 (8 log(s), head=29131616, finalized=29131610)
[2026-06-16T12:08:04.568Z] scanner-http: scanned 29131611..29131612 (0 log(s), head=29131618, finalized=29131612)
[2026-06-16T12:08:05.017Z] scanner-http: scanned 29131613..29131613 (0 log(s), head=29131619, finalized=29131613)
[2026-06-16T12:08:05.472Z] scanner-http: scanned 29131614..29131614 (0 log(s), head=29131620, finalized=29131614)
[2026-06-16T12:08:16.391Z] scanner-http: scanned 29131615..29131631 (0 log(s), head=29131637, finalized=29131631)
[2026-06-16T12:08:16.840Z] scanner-http: scanned 29131632..29131632 (0 log(s), head=29131638, finalized=29131632)
[2026-06-16T12:08:19.994Z] [debug] daemon: condition-filtered router=client_test_01_router_default reason="condition failed: field="${enrichment.fullIntent.Symbol}" operator="in" value=["SPYM","CRCL","TSLA","NVDA","IAU","PPLT","MSTR","AMZN","SIVR","COIN"] actual="fairValue:spSEI""
[2026-06-16T12:08:20.001Z] scanner-ws: delivered 1 log(s) (blocks 29131644..29131644)
[2026-06-16T12:08:20.109Z] [debug] daemon: condition-filtered router=client_test_01_router_default reason="condition failed: field="${enrichment.fullIntent.Symbol}" operator="in" value=["SPYM","CRCL","TSLA","NVDA","IAU","PPLT","MSTR","AMZN","SIVR","COIN"] actual="numerator:spSEI""
[2026-06-16T12:08:20.121Z] scanner-ws: delivered 1 log(s) (blocks 29131644..29131644)
[2026-06-16T12:08:20.049Z] [debug] daemon: condition-filtered router=client_test_01_router_default reason="condition failed: field="${enrichment.fullIntent.Symbol}" operator="in" value=["SPYM","CRCL","TSLA","NVDA","IAU","PPLT","MSTR","AMZN","SIVR","COIN"] actual="denominator:spSEI""
[2026-06-16T12:08:20.054Z] scanner-ws: delivered 1 log(s) (blocks 29131644..29131644)
[2026-06-16T12:08:20.067Z] [debug] daemon: condition-filtered router=client_test_01_router_default reason="condition failed: field="${enrichment.fullIntent.Symbol}" operator="in" value=["SPYM","CRCL","TSLA","NVDA","IAU","PPLT","MSTR","AMZN","SIVR","COIN"] actual="numerator:hemiBTC""
[2026-06-16T12:08:20.075Z] scanner-ws: delivered 1 log(s) (blocks 29131644..29131644)
[2026-06-16T12:08:20.079Z] [debug] daemon: condition-filtered router=client_test_01_router_default reason="condition failed: field="${enrichment.fullIntent.Symbol}" operator="in" value=["SPYM","CRCL","TSLA","NVDA","IAU","PPLT","MSTR","AMZN","SIVR","COIN"] actual="fairValue:hemiBTC""
[2026-06-16T12:08:20.087Z] scanner-ws: delivered 1 log(s) (blocks 29131644..29131644)
[2026-06-16T12:08:20.092Z] [debug] daemon: condition-filtered router=client_test_01_router_default reason="condition failed: field="${enrichment.fullIntent.Symbol}" operator="in" value=["SPYM","CRCL","TSLA","NVDA","IAU","PPLT","MSTR","AMZN","SIVR","COIN"] actual="denominator:hemiBTC""
[2026-06-16T12:08:20.101Z] scanner-ws: delivered 1 log(s) (blocks 29131644..29131644)
[2026-06-16T12:08:20.106Z] [debug] daemon: condition-filtered router=client_test_01_router_default reason="condition failed: field="${enrichment.fullIntent.Symbol}" operator="in" value=["SPYM","CRCL","TSLA","NVDA","IAU","PPLT","MSTR","AMZN","SIVR","COIN"] actual="usdValue:hemiBTC""
[2026-06-16T12:08:20.113Z] scanner-ws: delivered 1 log(s) (blocks 29131644..29131644)
[2026-06-16T12:08:20.242Z] [debug] daemon: condition-filtered router=client_test_01_router_default reason="condition failed: field="${enrichment.fullIntent.Symbol}" operator="in" value=["SPYM","CRCL","TSLA","NVDA","IAU","PPLT","MSTR","AMZN","SIVR","COIN"] actual="usdValue:spSEI""
[2026-06-16T12:08:20.251Z] scanner-ws: delivered 1 log(s) (blocks 29131644..29131644)
[2026-06-16T12:08:28.721Z] scanner-http: scanned 29131633..29131651 (8 log(s), head=29131657, finalized=29131651)
[2026-06-16T12:08:29.388Z] scanner-http: scanned 29131652..29131652 (0 log(s), head=29131658, finalized=29131652)
[2026-06-16T12:08:30.062Z] scanner-http: scanned 29131653..29131654 (0 log(s), head=29131660, finalized=29131654)
[2026-06-16T12:08:41.038Z] scanner-http: scanned 29131655..29131674 (0 log(s), head=29131680, finalized=29131674)
[2026-06-16T12:08:41.069Z] [debug] daemon: condition-filtered router=client_test_01_router_default reason="condition failed: field="${enrichment.fullIntent.Symbol}" operator="in" value=["SPYM","CRCL","TSLA","NVDA","IAU","PPLT","MSTR","AMZN","SIVR","COIN"] actual="ARS/USDT""
[2026-06-16T12:08:41.082Z] scanner-ws: delivered 1 log(s) (blocks 29131679..29131679)
[2026-06-16T12:08:41.492Z] scanner-http: scanned 29131675..29131676 (0 log(s), head=29131682, finalized=29131676)
[2026-06-16T12:08:41.499Z] [debug] daemon: policy-filtered router=client_test_01_router_default dest=0
[2026-06-16T12:08:41.507Z] scanner-ws: delivered 1 log(s) (blocks 29131682..29131682)
[2026-06-16T12:08:41.953Z] scanner-http: scanned 29131677..29131677 (0 log(s), head=29131683, finalized=29131677)
[2026-06-16T12:08:52.994Z] scanner-http: scanned 29131678..29131699 (2 log(s), head=29131705, finalized=29131699)
[2026-06-16T12:08:53.460Z] scanner-http: scanned 29131700..29131703 (0 log(s), head=29131709, finalized=29131703)
[2026-06-16T12:08:58.518Z] [debug] daemon: condition-filtered router=client_test_01_router_default reason="condition failed: field="${enrichment.fullIntent.Symbol}" operator="in" value=["SPYM","CRCL","TSLA","NVDA","IAU","PPLT","MSTR","AMZN","SIVR","COIN"] actual="fairValue:spSEI""
[2026-06-16T12:08:58.528Z] scanner-ws: delivered 1 log(s) (blocks 29131718..29131718)
[2026-06-16T12:08:58.613Z] [debug] daemon: condition-filtered router=client_test_01_router_default reason="condition failed: field="${enrichment.fullIntent.Symbol}" operator="in" value=["SPYM","CRCL","TSLA","NVDA","IAU","PPLT","MSTR","AMZN","SIVR","COIN"] actual="denominator:hemiBTC""
[2026-06-16T12:08:58.620Z] scanner-ws: delivered 1 log(s) (blocks 29131718..29131718)
[2026-06-16T12:08:58.630Z] [debug] daemon: condition-filtered router=client_test_01_router_default reason="condition failed: field="${enrichment.fullIntent.Symbol}" operator="in" value=["SPYM","CRCL","TSLA","NVDA","IAU","PPLT","MSTR","AMZN","SIVR","COIN"] actual="numerator:hemiBTC""
[2026-06-16T12:08:58.638Z] scanner-ws: delivered 1 log(s) (blocks 29131718..29131718)
[2026-06-16T12:08:58.642Z] [debug] daemon: condition-filtered router=client_test_01_router_default reason="condition failed: field="${enrichment.fullIntent.Symbol}" operator="in" value=["SPYM","CRCL","TSLA","NVDA","IAU","PPLT","MSTR","AMZN","SIVR","COIN"] actual="numerator:spSEI""
[2026-06-16T12:08:58.649Z] scanner-ws: delivered 1 log(s) (blocks 29131718..29131718)
[2026-06-16T12:08:58.653Z] [debug] daemon: condition-filtered router=client_test_01_router_default reason="condition failed: field="${enrichment.fullIntent.Symbol}" operator="in" value=["SPYM","CRCL","TSLA","NVDA","IAU","PPLT","MSTR","AMZN","SIVR","COIN"] actual="usdValue:hemiBTC""
[2026-06-16T12:08:58.660Z] scanner-ws: delivered 1 log(s) (blocks 29131718..29131718)
[2026-06-16T12:08:58.665Z] [debug] daemon: condition-filtered router=client_test_01_router_default reason="condition failed: field="${enrichment.fullIntent.Symbol}" operator="in" value=["SPYM","CRCL","TSLA","NVDA","IAU","PPLT","MSTR","AMZN","SIVR","COIN"] actual="denominator:spSEI""
[2026-06-16T12:08:58.672Z] scanner-ws: delivered 1 log(s) (blocks 29131718..29131718)
[2026-06-16T12:08:58.677Z] [debug] daemon: condition-filtered router=client_test_01_router_default reason="condition failed: field="${enrichment.fullIntent.Symbol}" operator="in" value=["SPYM","CRCL","TSLA","NVDA","IAU","PPLT","MSTR","AMZN","SIVR","COIN"] actual="usdValue:spSEI""
[2026-06-16T12:08:58.684Z] scanner-ws: delivered 1 log(s) (blocks 29131718..29131718)
[2026-06-16T12:08:58.690Z] [debug] daemon: condition-filtered router=client_test_01_router_default reason="condition failed: field="${enrichment.fullIntent.Symbol}" operator="in" value=["SPYM","CRCL","TSLA","NVDA","IAU","PPLT","MSTR","AMZN","SIVR","COIN"] actual="fairValue:hemiBTC""
[2026-06-16T12:08:58.696Z] scanner-ws: delivered 1 log(s) (blocks 29131718..29131718)
[2026-06-16T12:09:04.825Z] scanner-http: scanned 29131704..29131722 (8 log(s), head=29131728, finalized=29131722)
[2026-06-16T12:09:05.304Z] scanner-http: scanned 29131723..29131724 (0 log(s), head=29131730, finalized=29131724)
[2026-06-16T12:09:05.776Z] scanner-http: scanned 29131725..29131725 (0 log(s), head=29131731, finalized=29131725)
[2026-06-16T12:09:06.227Z] scanner-http: scanned 29131726..29131726 (0 log(s), head=29131732, finalized=29131726)
[2026-06-16T12:09:17.107Z] scanner-http: scanned 29131727..29131743 (0 log(s), head=29131749, finalized=29131743)
[2026-06-16T12:09:19.962Z] scanner-ws: delivered 1 log(s) (blocks 29131753..29131753)
[2026-06-16T12:09:19.966Z] [debug] daemon: condition-filtered router=client_test_01_router_default reason="condition failed: field="${enrichment.fullIntent.Symbol}" operator="in" value=["SPYM","CRCL","TSLA","NVDA","IAU","PPLT","MSTR","AMZN","SIVR","COIN"] actual="usdValue:spSEI""
[2026-06-16T12:09:19.956Z] [debug] daemon: condition-filtered router=client_test_01_router_default reason="condition failed: field="${enrichment.fullIntent.Symbol}" operator="in" value=["SPYM","CRCL","TSLA","NVDA","IAU","PPLT","MSTR","AMZN","SIVR","COIN"] actual="fairValue:spSEI""
[2026-06-16T12:09:19.973Z] scanner-ws: delivered 1 log(s) (blocks 29131753..29131753)
[2026-06-16T12:09:20.053Z] scanner-ws: delivered 1 log(s) (blocks 29131753..29131753)
[2026-06-16T12:09:20.046Z] [debug] daemon: condition-filtered router=client_test_01_router_default reason="condition failed: field="${enrichment.fullIntent.Symbol}" operator="in" value=["SPYM","CRCL","TSLA","NVDA","IAU","PPLT","MSTR","AMZN","SIVR","COIN"] actual="numerator:spSEI""
[2026-06-16T12:09:20.062Z] [debug] daemon: condition-filtered router=client_test_01_router_default reason="condition failed: field="${enrichment.fullIntent.Symbol}" operator="in" value=["SPYM","CRCL","TSLA","NVDA","IAU","PPLT","MSTR","AMZN","SIVR","COIN"] actual="numerator:hemiBTC""
[2026-06-16T12:09:20.069Z] scanner-ws: delivered 1 log(s) (blocks 29131753..29131753)
[2026-06-16T12:09:20.073Z] [debug] daemon: condition-filtered router=client_test_01_router_default reason="condition failed: field="${enrichment.fullIntent.Symbol}" operator="in" value=["SPYM","CRCL","TSLA","NVDA","IAU","PPLT","MSTR","AMZN","SIVR","COIN"] actual="denominator:spSEI""
[2026-06-16T12:09:20.076Z] scanner-ws: delivered 1 log(s) (blocks 29131753..29131753)
[2026-06-16T12:09:20.080Z] [debug] daemon: condition-filtered router=client_test_01_router_default reason="condition failed: field="${enrichment.fullIntent.Symbol}" operator="in" value=["SPYM","CRCL","TSLA","NVDA","IAU","PPLT","MSTR","AMZN","SIVR","COIN"] actual="usdValue:hemiBTC""
[2026-06-16T12:09:20.085Z] scanner-ws: delivered 1 log(s) (blocks 29131753..29131753)
[2026-06-16T12:09:20.090Z] [debug] daemon: condition-filtered router=client_test_01_router_default reason="condition failed: field="${enrichment.fullIntent.Symbol}" operator="in" value=["SPYM","CRCL","TSLA","NVDA","IAU","PPLT","MSTR","AMZN","SIVR","COIN"] actual="fairValue:hemiBTC""
[2026-06-16T12:09:20.096Z] scanner-ws: delivered 1 log(s) (blocks 29131753..29131753)
[2026-06-16T12:09:20.397Z] [debug] daemon: condition-filtered router=client_test_01_router_default reason="condition failed: field="${enrichment.fullIntent.Symbol}" operator="in" value=["SPYM","CRCL","TSLA","NVDA","IAU","PPLT","MSTR","AMZN","SIVR","COIN"] actual="denominator:hemiBTC""
[2026-06-16T12:09:20.402Z] scanner-ws: delivered 1 log(s) (blocks 29131753..29131753)
[2026-06-16T12:09:28.662Z] scanner-http: scanned 29131744..29131761 (8 log(s), head=29131767, finalized=29131761)
[2026-06-16T12:09:29.218Z] scanner-http: scanned 29131762..29131762 (0 log(s), head=29131768, finalized=29131762)
[2026-06-16T12:09:29.781Z] scanner-http: scanned 29131763..29131763 (0 log(s), head=29131769, finalized=29131763)
[2026-06-16T12:09:30.287Z] scanner-http: scanned 29131764..29131764 (0 log(s), head=29131770, finalized=29131764)
[2026-06-16T12:09:41.158Z] [debug] daemon: condition-filtered router=client_test_01_router_default reason="condition failed: field="${enrichment.fullIntent.Symbol}" operator="in" value=["SPYM","CRCL","TSLA","NVDA","IAU","PPLT","MSTR","AMZN","SIVR","COIN"] actual="ARS/USDT""
[2026-06-16T12:09:41.164Z] scanner-ws: delivered 1 log(s) (blocks 29131787..29131787)
[2026-06-16T12:09:41.337Z] scanner-http: scanned 29131765..29131781 (0 log(s), head=29131787, finalized=29131781)
[2026-06-16T12:09:41.515Z] [debug] daemon: policy-filtered router=client_test_01_router_default dest=0
[2026-06-16T12:09:41.521Z] scanner-ws: delivered 1 log(s) (blocks 29131788..29131788)
[2026-06-16T12:09:41.797Z] scanner-http: scanned 29131782..29131783 (0 log(s), head=29131789, finalized=29131783)
[2026-06-16T12:09:52.802Z] scanner-http: scanned 29131784..29131802 (2 log(s), head=29131808, finalized=29131802)
[2026-06-16T12:09:53.240Z] scanner-http: scanned 29131803..29131804 (0 log(s), head=29131810, finalized=29131804)
[2026-06-16T12:09:58.546Z] [debug] daemon: condition-filtered router=client_test_01_router_default reason="condition failed: field="${enrichment.fullIntent.Symbol}" operator="in" value=["SPYM","CRCL","TSLA","NVDA","IAU","PPLT","MSTR","AMZN","SIVR","COIN"] actual="fairValue:spSEI""
[2026-06-16T12:09:58.551Z] scanner-ws: delivered 1 log(s) (blocks 29131817..29131817)
[2026-06-16T12:09:58.622Z] [debug] daemon: condition-filtered router=client_test_01_router_default reason="condition failed: field="${enrichment.fullIntent.Symbol}" operator="in" value=["SPYM","CRCL","TSLA","NVDA","IAU","PPLT","MSTR","AMZN","SIVR","COIN"] actual="numerator:spSEI""
[2026-06-16T12:09:58.633Z] scanner-ws: delivered 1 log(s) (blocks 29131817..29131817)
[2026-06-16T12:09:58.642Z] [debug] daemon: condition-filtered router=client_test_01_router_default reason="condition failed: field="${enrichment.fullIntent.Symbol}" operator="in" value=["SPYM","CRCL","TSLA","NVDA","IAU","PPLT","MSTR","AMZN","SIVR","COIN"] actual="usdValue:spSEI""
[2026-06-16T12:09:58.655Z] [debug] daemon: condition-filtered router=client_test_01_router_default reason="condition failed: field="${enrichment.fullIntent.Symbol}" operator="in" value=["SPYM","CRCL","TSLA","NVDA","IAU","PPLT","MSTR","AMZN","SIVR","COIN"] actual="numerator:hemiBTC""
[2026-06-16T12:09:58.649Z] scanner-ws: delivered 1 log(s) (blocks 29131817..29131817)
[2026-06-16T12:09:58.665Z] [debug] daemon: condition-filtered router=client_test_01_router_default reason="condition failed: field="${enrichment.fullIntent.Symbol}" operator="in" value=["SPYM","CRCL","TSLA","NVDA","IAU","PPLT","MSTR","AMZN","SIVR","COIN"] actual="denominator:hemiBTC""
[2026-06-16T12:09:58.661Z] scanner-ws: delivered 1 log(s) (blocks 29131817..29131817)
[2026-06-16T12:09:58.675Z] [debug] daemon: condition-filtered router=client_test_01_router_default reason="condition failed: field="${enrichment.fullIntent.Symbol}" operator="in" value=["SPYM","CRCL","TSLA","NVDA","IAU","PPLT","MSTR","AMZN","SIVR","COIN"] actual="denominator:spSEI""
[2026-06-16T12:09:58.672Z] scanner-ws: delivered 1 log(s) (blocks 29131817..29131817)
[2026-06-16T12:09:58.681Z] scanner-ws: delivered 1 log(s) (blocks 29131817..29131817)
[2026-06-16T12:09:58.683Z] [debug] daemon: condition-filtered router=client_test_01_router_default reason="condition failed: field="${enrichment.fullIntent.Symbol}" operator="in" value=["SPYM","CRCL","TSLA","NVDA","IAU","PPLT","MSTR","AMZN","SIVR","COIN"] actual="usdValue:hemiBTC""
[2026-06-16T12:09:58.689Z] scanner-ws: delivered 1 log(s) (blocks 29131817..29131817)
[2026-06-16T12:09:58.693Z] [debug] daemon: condition-filtered router=client_test_01_router_default reason="condition failed: field="${enrichment.fullIntent.Symbol}" operator="in" value=["SPYM","CRCL","TSLA","NVDA","IAU","PPLT","MSTR","AMZN","SIVR","COIN"] actual="fairValue:hemiBTC""
[2026-06-16T12:09:58.698Z] scanner-ws: delivered 1 log(s) (blocks 29131817..29131817)
[2026-06-16T12:10:04.368Z] scanner-http: scanned 29131805..29131822 (8 log(s), head=29131828, finalized=29131822)
[2026-06-16T12:10:04.840Z] scanner-http: scanned 29131823..29131824 (0 log(s), head=29131830, finalized=29131824)
[2026-06-16T12:10:05.322Z] scanner-http: scanned 29131825..29131826 (0 log(s), head=29131832, finalized=29131826)
[2026-06-16T12:10:16.239Z] scanner-http: scanned 29131827..29131847 (0 log(s), head=29131853, finalized=29131847)
[2026-06-16T12:10:16.685Z] scanner-http: scanned 29131848..29131848 (0 log(s), head=29131854, finalized=29131848)
[2026-06-16T12:10:20.234Z] cron-service: resubmitting CRCL (router=client_test_01_router_default, confirmedAge=535s, ceiling=600s, intentHash=0x6fea86203077616ff59f69a687afe0ecb368ac30b1aaf9e48937b1ecbbc6a238).
[2026-06-16T12:10:20.384Z] [debug] daemon: condition-filtered router=client_test_01_router_default reason="condition failed: field="${enrichment.fullIntent.Symbol}" operator="in" value=["SPYM","CRCL","TSLA","NVDA","IAU","PPLT","MSTR","AMZN","SIVR","COIN"] actual="fairValue:spSEI""
[2026-06-16T12:10:20.394Z] scanner-ws: delivered 1 log(s) (blocks 29131859..29131859)
[2026-06-16T12:10:20.480Z] scanner-ws: delivered 1 log(s) (blocks 29131859..29131859)
[2026-06-16T12:10:20.474Z] [debug] daemon: condition-filtered router=client_test_01_router_default reason="condition failed: field="${enrichment.fullIntent.Symbol}" operator="in" value=["SPYM","CRCL","TSLA","NVDA","IAU","PPLT","MSTR","AMZN","SIVR","COIN"] actual="denominator:spSEI""
[2026-06-16T12:10:20.483Z] [debug] daemon: condition-filtered router=client_test_01_router_default reason="condition failed: field="${enrichment.fullIntent.Symbol}" operator="in" value=["SPYM","CRCL","TSLA","NVDA","IAU","PPLT","MSTR","AMZN","SIVR","COIN"] actual="numerator:hemiBTC""
[2026-06-16T12:10:20.489Z] scanner-ws: delivered 1 log(s) (blocks 29131859..29131859)
[2026-06-16T12:10:20.495Z] [debug] daemon: condition-filtered router=client_test_01_router_default reason="condition failed: field="${enrichment.fullIntent.Symbol}" operator="in" value=["SPYM","CRCL","TSLA","NVDA","IAU","PPLT","MSTR","AMZN","SIVR","COIN"] actual="numerator:spSEI""
[2026-06-16T12:10:20.499Z] scanner-ws: delivered 1 log(s) (blocks 29131859..29131859)
[2026-06-16T12:10:20.510Z] scanner-ws: delivered 1 log(s) (blocks 29131859..29131859)
[2026-06-16T12:10:20.501Z] [debug] daemon: condition-filtered router=client_test_01_router_default reason="condition failed: field="${enrichment.fullIntent.Symbol}" operator="in" value=["SPYM","CRCL","TSLA","NVDA","IAU","PPLT","MSTR","AMZN","SIVR","COIN"] actual="usdValue:hemiBTC""
[2026-06-16T12:10:20.514Z] [debug] daemon: condition-filtered router=client_test_01_router_default reason="condition failed: field="${enrichment.fullIntent.Symbol}" operator="in" value=["SPYM","CRCL","TSLA","NVDA","IAU","PPLT","MSTR","AMZN","SIVR","COIN"] actual="denominator:hemiBTC""
[2026-06-16T12:10:20.526Z] scanner-ws: delivered 1 log(s) (blocks 29131859..29131859)
[2026-06-16T12:10:20.535Z] [debug] daemon: condition-filtered router=client_test_01_router_default reason="condition failed: field="${enrichment.fullIntent.Symbol}" operator="in" value=["SPYM","CRCL","TSLA","NVDA","IAU","PPLT","MSTR","AMZN","SIVR","COIN"] actual="fairValue:hemiBTC""
[2026-06-16T12:10:20.544Z] scanner-ws: delivered 1 log(s) (blocks 29131859..29131859)
[2026-06-16T12:10:24.569Z] [debug] daemon: condition-filtered router=client_test_01_router_default reason="condition failed: field="${enrichment.fullIntent.Symbol}" operator="in" value=["SPYM","CRCL","TSLA","NVDA","IAU","PPLT","MSTR","AMZN","SIVR","COIN"] actual="usdValue:spSEI""
[2026-06-16T12:10:24.576Z] scanner-ws: delivered 1 log(s) (blocks 29131859..29131859)
[2026-06-16T12:10:28.241Z] scanner-http: scanned 29131849..29131865 (8 log(s), head=29131871, finalized=29131865)
[2026-06-16T12:10:28.843Z] scanner-http: scanned 29131866..29131867 (0 log(s), head=29131873, finalized=29131867)
[2026-06-16T12:10:29.470Z] scanner-http: scanned 29131868..29131868 (0 log(s), head=29131874, finalized=29131868)
[2026-06-16T12:10:40.391Z] scanner-http: scanned 29131869..29131885 (0 log(s), head=29131891, finalized=29131885)
[2026-06-16T12:10:40.945Z] scanner-http: scanned 29131886..29131887 (0 log(s), head=29131893, finalized=29131887)
[2026-06-16T12:10:40.990Z] [debug] daemon: condition-filtered router=client_test_01_router_default reason="condition failed: field="${enrichment.fullIntent.Symbol}" operator="in" value=["SPYM","CRCL","TSLA","NVDA","IAU","PPLT","MSTR","AMZN","SIVR","COIN"] actual="ARS/USDT""
[2026-06-16T12:10:40.996Z] scanner-ws: delivered 1 log(s) (blocks 29131893..29131893)
[2026-06-16T12:10:41.398Z] scanner-http: scanned 29131888..29131888 (0 log(s), head=29131894, finalized=29131888)
[2026-06-16T12:10:50.152Z] [debug] [clients/client-test-01.json] submit: intentHash=0x6fea86203077616ff59f69a687afe0ecb368ac30b1aaf9e48937b1ecbbc6a238 symbol=CRCL
[2026-06-16T12:10:50.152Z] [debug] submitOracleUpdate: intentHash=0x6fea86203077616ff59f69a687afe0ecb368ac30b1aaf9e48937b1ecbbc6a238 symbol=CRCL
[2026-06-16T12:10:50.152Z] [debug] loading state: client=../state/mainnet_run_20260616-074413/clients/client-test-01.json protocol=../state/mainnet_run_20260616-074413/config-bootstrap.json
[2026-06-16T12:10:50.160Z] [debug] connecting to Cardano…
[2026-06-16T12:10:50.179Z] cron-service: resubmitting CRCL (router=client_test_01_router_default, confirmedAge=565s, ceiling=600s, intentHash=0x6fea86203077616ff59f69a687afe0ecb368ac30b1aaf9e48937b1ecbbc6a238).
[2026-06-16T12:10:52.621Z] scanner-http: scanned 29131889..29131907 (1 log(s), head=29131913, finalized=29131907)
[2026-06-16T12:10:53.057Z] scanner-http: scanned 29131908..29131908 (0 log(s), head=29131914, finalized=29131908)
[2026-06-16T12:10:53.502Z] scanner-http: scanned 29131909..29131909 (0 log(s), head=29131915, finalized=29131909)
[2026-06-16T12:10:54.828Z] [debug] building oracle update tx for symbol=CRCL
[2026-06-16T12:10:58.751Z] [debug] submitted: txHash=3351f29765780f11b039121f82269fb51001e0d1ce8725622cc122cdc0658b6e intentHash=0x6fea86203077616ff59f69a687afe0ecb368ac30b1aaf9e48937b1ecbbc6a238
[2026-06-16T12:10:58.885Z] [debug] daemon: condition-filtered router=client_test_01_router_default reason="condition failed: field="${enrichment.fullIntent.Symbol}" operator="in" value=["SPYM","CRCL","TSLA","NVDA","IAU","PPLT","MSTR","AMZN","SIVR","COIN"] actual="denominator:hemiBTC""
[2026-06-16T12:10:58.891Z] scanner-ws: delivered 1 log(s) (blocks 29131921..29131921)
[2026-06-16T12:10:58.899Z] [debug] daemon: condition-filtered router=client_test_01_router_default reason="condition failed: field="${enrichment.fullIntent.Symbol}" operator="in" value=["SPYM","CRCL","TSLA","NVDA","IAU","PPLT","MSTR","AMZN","SIVR","COIN"] actual="usdValue:spSEI""
[2026-06-16T12:10:58.903Z] scanner-ws: delivered 1 log(s) (blocks 29131921..29131921)
[2026-06-16T12:10:58.907Z] [debug] daemon: condition-filtered router=client_test_01_router_default reason="condition failed: field="${enrichment.fullIntent.Symbol}" operator="in" value=["SPYM","CRCL","TSLA","NVDA","IAU","PPLT","MSTR","AMZN","SIVR","COIN"] actual="usdValue:hemiBTC""
[2026-06-16T12:10:58.912Z] scanner-ws: delivered 1 log(s) (blocks 29131921..29131921)
[2026-06-16T12:10:58.915Z] [debug] daemon: condition-filtered router=client_test_01_router_default reason="condition failed: field="${enrichment.fullIntent.Symbol}" operator="in" value=["SPYM","CRCL","TSLA","NVDA","IAU","PPLT","MSTR","AMZN","SIVR","COIN"] actual="denominator:spSEI""
[2026-06-16T12:10:58.921Z] scanner-ws: delivered 1 log(s) (blocks 29131921..29131921)
[2026-06-16T12:10:58.928Z] [debug] daemon: condition-filtered router=client_test_01_router_default reason="condition failed: field="${enrichment.fullIntent.Symbol}" operator="in" value=["SPYM","CRCL","TSLA","NVDA","IAU","PPLT","MSTR","AMZN","SIVR","COIN"] actual="numerator:hemiBTC""
[2026-06-16T12:10:58.935Z] scanner-ws: delivered 1 log(s) (blocks 29131921..29131921)
[2026-06-16T12:10:58.938Z] [debug] daemon: condition-filtered router=client_test_01_router_default reason="condition failed: field="${enrichment.fullIntent.Symbol}" operator="in" value=["SPYM","CRCL","TSLA","NVDA","IAU","PPLT","MSTR","AMZN","SIVR","COIN"] actual="fairValue:hemiBTC""
[2026-06-16T12:10:58.943Z] scanner-ws: delivered 1 log(s) (blocks 29131921..29131921)
[2026-06-16T12:10:58.948Z] [debug] daemon: condition-filtered router=client_test_01_router_default reason="condition failed: field="${enrichment.fullIntent.Symbol}" operator="in" value=["SPYM","CRCL","TSLA","NVDA","IAU","PPLT","MSTR","AMZN","SIVR","COIN"] actual="numerator:spSEI""
[2026-06-16T12:10:58.954Z] scanner-ws: delivered 1 log(s) (blocks 29131921..29131921)
[2026-06-16T12:10:59.101Z] [debug] daemon: condition-filtered router=client_test_01_router_default reason="condition failed: field="${enrichment.fullIntent.Symbol}" operator="in" value=["SPYM","CRCL","TSLA","NVDA","IAU","PPLT","MSTR","AMZN","SIVR","COIN"] actual="fairValue:spSEI""
[2026-06-16T12:10:59.112Z] scanner-ws: delivered 1 log(s) (blocks 29131921..29131921)
[2026-06-16T12:11:04.932Z] scanner-http: scanned 29131910..29131926 (8 log(s), head=29131932, finalized=29131926)
[2026-06-16T12:11:05.419Z] scanner-http: scanned 29131927..29131927 (0 log(s), head=29131933, finalized=29131927)
[2026-06-16T12:11:05.968Z] scanner-http: scanned 29131928..29131928 (0 log(s), head=29131934, finalized=29131928)
[2026-06-16T12:11:06.530Z] scanner-http: scanned 29131929..29131929 (0 log(s), head=29131935, finalized=29131929)
[2026-06-16T12:11:17.731Z] scanner-http: scanned 29131930..29131947 (0 log(s), head=29131953, finalized=29131947)
[2026-06-16T12:11:19.589Z] [debug] daemon: policy-filtered router=client_test_01_router_default dest=0
[2026-06-16T12:11:19.596Z] scanner-ws: delivered 1 log(s) (blocks 29131957..29131957)
[2026-06-16T12:11:20.140Z] cron-service: resubmitting CRCL (router=client_test_01_router_default, confirmedAge=595s, ceiling=600s, intentHash=0x6fea86203077616ff59f69a687afe0ecb368ac30b1aaf9e48937b1ecbbc6a238).
[2026-06-16T12:11:20.144Z] cron-service: resubmitting TSLA (router=client_test_01_router_default, confirmedAge=540s, ceiling=600s, intentHash=0x005647a448c57cfeeb6ed58f8dc64072b6142642b0073b89a7ee89b4013961a5).
[2026-06-16T12:11:20.281Z] [debug] daemon: condition-filtered router=client_test_01_router_default reason="condition failed: field="${enrichment.fullIntent.Symbol}" operator="in" value=["SPYM","CRCL","TSLA","NVDA","IAU","PPLT","MSTR","AMZN","SIVR","COIN"] actual="fairValue:spSEI""
[2026-06-16T12:11:20.289Z] scanner-ws: delivered 1 log(s) (blocks 29131959..29131959)
[2026-06-16T12:11:20.294Z] [debug] daemon: condition-filtered router=client_test_01_router_default reason="condition failed: field="${enrichment.fullIntent.Symbol}" operator="in" value=["SPYM","CRCL","TSLA","NVDA","IAU","PPLT","MSTR","AMZN","SIVR","COIN"] actual="usdValue:spSEI""
[2026-06-16T12:11:20.302Z] scanner-ws: delivered 1 log(s) (blocks 29131959..29131959)
[2026-06-16T12:11:20.391Z] [debug] daemon: condition-filtered router=client_test_01_router_default reason="condition failed: field="${enrichment.fullIntent.Symbol}" operator="in" value=["SPYM","CRCL","TSLA","NVDA","IAU","PPLT","MSTR","AMZN","SIVR","COIN"] actual="numerator:hemiBTC""
[2026-06-16T12:11:20.399Z] scanner-ws: delivered 1 log(s) (blocks 29131959..29131959)
[2026-06-16T12:11:20.409Z] [debug] daemon: condition-filtered router=client_test_01_router_default reason="condition failed: field="${enrichment.fullIntent.Symbol}" operator="in" value=["SPYM","CRCL","TSLA","NVDA","IAU","PPLT","MSTR","AMZN","SIVR","COIN"] actual="numerator:spSEI""
[2026-06-16T12:11:20.417Z] scanner-ws: delivered 1 log(s) (blocks 29131959..29131959)
[2026-06-16T12:11:20.421Z] [debug] daemon: condition-filtered router=client_test_01_router_default reason="condition failed: field="${enrichment.fullIntent.Symbol}" operator="in" value=["SPYM","CRCL","TSLA","NVDA","IAU","PPLT","MSTR","AMZN","SIVR","COIN"] actual="denominator:hemiBTC""
[2026-06-16T12:11:20.427Z] scanner-ws: delivered 1 log(s) (blocks 29131959..29131959)
[2026-06-16T12:11:20.430Z] [debug] daemon: condition-filtered router=client_test_01_router_default reason="condition failed: field="${enrichment.fullIntent.Symbol}" operator="in" value=["SPYM","CRCL","TSLA","NVDA","IAU","PPLT","MSTR","AMZN","SIVR","COIN"] actual="fairValue:hemiBTC""
[2026-06-16T12:11:20.438Z] scanner-ws: delivered 1 log(s) (blocks 29131959..29131959)
[2026-06-16T12:11:20.443Z] [debug] daemon: condition-filtered router=client_test_01_router_default reason="condition failed: field="${enrichment.fullIntent.Symbol}" operator="in" value=["SPYM","CRCL","TSLA","NVDA","IAU","PPLT","MSTR","AMZN","SIVR","COIN"] actual="denominator:spSEI""
[2026-06-16T12:11:20.451Z] scanner-ws: delivered 1 log(s) (blocks 29131959..29131959)
[2026-06-16T12:11:20.457Z] [debug] daemon: condition-filtered router=client_test_01_router_default reason="condition failed: field="${enrichment.fullIntent.Symbol}" operator="in" value=["SPYM","CRCL","TSLA","NVDA","IAU","PPLT","MSTR","AMZN","SIVR","COIN"] actual="usdValue:hemiBTC""
[2026-06-16T12:11:20.465Z] scanner-ws: delivered 1 log(s) (blocks 29131959..29131959)
[2026-06-16T12:11:26.605Z] [debug] daemon: condition-filtered router=client_test_01_router_default reason="condition failed: field="${enrichment.fullIntent.Symbol}" operator="in" value=["SPYM","CRCL","TSLA","NVDA","IAU","PPLT","MSTR","AMZN","SIVR","COIN"] actual="BMNR""
[2026-06-16T12:11:26.613Z] scanner-ws: delivered 1 log(s) (blocks 29131973..29131973)
[2026-06-16T12:11:28.968Z] scanner-http: scanned 29131948..29131970 (9 log(s), head=29131976, finalized=29131970)
[2026-06-16T12:11:29.434Z] scanner-http: scanned 29131971..29131971 (0 log(s), head=29131977, finalized=29131971)
[2026-06-16T12:11:29.895Z] scanner-http: scanned 29131972..29131972 (0 log(s), head=29131978, finalized=29131972)
[2026-06-16T12:11:30.584Z] scanner-http: scanned 29131973..29131973 (1 log(s), head=29131979, finalized=29131973)
[2026-06-16T12:11:31.051Z] scanner-http: scanned 29131974..29131975 (0 log(s), head=29131981, finalized=29131975)
[2026-06-16T12:11:31.506Z] scanner-http: scanned 29131976..29131977 (0 log(s), head=29131983, finalized=29131977)
[2026-06-16T12:11:42.464Z] scanner-http: scanned 29131978..29131997 (0 log(s), head=29132003, finalized=29131997)
[2026-06-16T12:11:42.991Z] scanner-http: scanned 29131998..29131998 (0 log(s), head=29132004, finalized=29131998)
[2026-06-16T12:11:43.390Z] [debug] daemon: condition-filtered router=client_test_01_router_default reason="condition failed: field="${enrichment.fullIntent.Symbol}" operator="in" value=["SPYM","CRCL","TSLA","NVDA","IAU","PPLT","MSTR","AMZN","SIVR","COIN"] actual="ARS/USDT""
[2026-06-16T12:11:43.409Z] scanner-ws: delivered 1 log(s) (blocks 29132002..29132002)
[2026-06-16T12:11:43.548Z] scanner-http: scanned 29131999..29131999 (0 log(s), head=29132005, finalized=29131999)
[2026-06-16T12:11:44.105Z] scanner-http: scanned 29132000..29132000 (0 log(s), head=29132006, finalized=29132000)
[2026-06-16T12:11:50.106Z] cron-service: resubmitting CRCL (router=client_test_01_router_default, confirmedAge=625s, ceiling=600s, intentHash=0x6fea86203077616ff59f69a687afe0ecb368ac30b1aaf9e48937b1ecbbc6a238).
[2026-06-16T12:11:50.110Z] cron-service: resubmitting TSLA (router=client_test_01_router_default, confirmedAge=570s, ceiling=600s, intentHash=0x005647a448c57cfeeb6ed58f8dc64072b6142642b0073b89a7ee89b4013961a5).
[2026-06-16T12:11:56.271Z] scanner-http: scanned 29132001..29132017 (1 log(s), head=29132023, finalized=29132017)
[2026-06-16T12:11:56.721Z] scanner-http: scanned 29132018..29132020 (0 log(s), head=29132026, finalized=29132020)
[2026-06-16T12:11:56.819Z] [debug] Confirmed by Blockfrost: oracle update (CRCL, intentHash=0x6fea86203077616ff59f69a687afe0ecb368ac30b1aaf9e48937b1ecbbc6a238) 3351f29765780f11b039121f82269fb51001e0d1ce8725622cc122cdc0658b6e.
[2026-06-16T12:11:58.423Z] [debug] daemon: condition-filtered router=client_test_01_router_default reason="condition failed: field="${enrichment.fullIntent.Symbol}" operator="in" value=["SPYM","CRCL","TSLA","NVDA","IAU","PPLT","MSTR","AMZN","SIVR","COIN"] actual="usdValue:spSEI""
[2026-06-16T12:11:58.430Z] scanner-ws: delivered 1 log(s) (blocks 29132028..29132028)
[2026-06-16T12:11:58.434Z] [debug] daemon: condition-filtered router=client_test_01_router_default reason="condition failed: field="${enrichment.fullIntent.Symbol}" operator="in" value=["SPYM","CRCL","TSLA","NVDA","IAU","PPLT","MSTR","AMZN","SIVR","COIN"] actual="fairValue:spSEI""
[2026-06-16T12:11:58.439Z] scanner-ws: delivered 1 log(s) (blocks 29132028..29132028)
[2026-06-16T12:11:58.532Z] [debug] daemon: condition-filtered router=client_test_01_router_default reason="condition failed: field="${enrichment.fullIntent.Symbol}" operator="in" value=["SPYM","CRCL","TSLA","NVDA","IAU","PPLT","MSTR","AMZN","SIVR","COIN"] actual="numerator:hemiBTC""
[2026-06-16T12:11:58.539Z] scanner-ws: delivered 1 log(s) (blocks 29132028..29132028)
[2026-06-16T12:11:58.550Z] [debug] daemon: condition-filtered router=client_test_01_router_default reason="condition failed: field="${enrichment.fullIntent.Symbol}" operator="in" value=["SPYM","CRCL","TSLA","NVDA","IAU","PPLT","MSTR","AMZN","SIVR","COIN"] actual="fairValue:hemiBTC""
[2026-06-16T12:11:58.555Z] scanner-ws: delivered 1 log(s) (blocks 29132028..29132028)
[2026-06-16T12:11:58.560Z] [debug] daemon: condition-filtered router=client_test_01_router_default reason="condition failed: field="${enrichment.fullIntent.Symbol}" operator="in" value=["SPYM","CRCL","TSLA","NVDA","IAU","PPLT","MSTR","AMZN","SIVR","COIN"] actual="numerator:spSEI""
[2026-06-16T12:11:58.567Z] scanner-ws: delivered 1 log(s) (blocks 29132028..29132028)
[2026-06-16T12:11:58.571Z] [debug] daemon: condition-filtered router=client_test_01_router_default reason="condition failed: field="${enrichment.fullIntent.Symbol}" operator="in" value=["SPYM","CRCL","TSLA","NVDA","IAU","PPLT","MSTR","AMZN","SIVR","COIN"] actual="usdValue:hemiBTC""
[2026-06-16T12:11:58.578Z] scanner-ws: delivered 1 log(s) (blocks 29132028..29132028)
[2026-06-16T12:11:58.582Z] [debug] daemon: condition-filtered router=client_test_01_router_default reason="condition failed: field="${enrichment.fullIntent.Symbol}" operator="in" value=["SPYM","CRCL","TSLA","NVDA","IAU","PPLT","MSTR","AMZN","SIVR","COIN"] actual="denominator:spSEI""
[2026-06-16T12:11:58.587Z] scanner-ws: delivered 1 log(s) (blocks 29132028..29132028)
[2026-06-16T12:11:58.591Z] [debug] daemon: condition-filtered router=client_test_01_router_default reason="condition failed: field="${enrichment.fullIntent.Symbol}" operator="in" value=["SPYM","CRCL","TSLA","NVDA","IAU","PPLT","MSTR","AMZN","SIVR","COIN"] actual="denominator:hemiBTC""
[2026-06-16T12:11:58.598Z] scanner-ws: delivered 1 log(s) (blocks 29132028..29132028)
[2026-06-16T12:11:58.831Z] [debug] confirmed: txHash=3351f29765780f11b039121f82269fb51001e0d1ce8725622cc122cdc0658b6e receiverUnit=6ec4b5aa572382beb11bb8db28a87884d147afe4e2b3d8f5a7331a254449415f52454345495645525f434c49454e545f41
[2026-06-16T12:12:01.633Z] [debug] [clients/client-test-01.json] confirmed: txHash=3351f29765780f11b039121f82269fb51001e0d1ce8725622cc122cdc0658b6e intentHash=0x6fea86203077616ff59f69a687afe0ecb368ac30b1aaf9e48937b1ecbbc6a238 receiverUnit=6ec4b5aa572382beb11bb8db28a87884d147afe4e2b3d8f5a7331a254449415f52454345495645525f434c49454e545f41
[2026-06-16T12:12:01.646Z] [debug] [clients/client-test-01.json] submitBatch: intents=2 symbols=CRCL,TSLA
[2026-06-16T12:12:01.647Z] [debug] submitOracleUpdateBatch: intents=2 symbols=CRCL, TSLA
[2026-06-16T12:12:04.322Z] [debug] submitOracleUpdateBatch: skipping CRCL — intent (ts=1781611779, nonce=1781609473717109776) does not beat on-chain (ts=1781611779, nonce=1781609473717109776); superseded.
[2026-06-16T12:12:07.836Z] scanner-http: scanned 29132021..29132039 (8 log(s), head=29132045, finalized=29132039)
[2026-06-16T12:12:08.290Z] scanner-http: scanned 29132040..29132041 (0 log(s), head=29132047, finalized=29132041)
[2026-06-16T12:12:08.740Z] scanner-http: scanned 29132042..29132043 (0 log(s), head=29132049, finalized=29132043)
[2026-06-16T12:12:14.847Z] [debug] daemon: condition-filtered router=client_test_01_router_default reason="condition failed: field="${enrichment.fullIntent.Symbol}" operator="in" value=["SPYM","CRCL","TSLA","NVDA","IAU","PPLT","MSTR","AMZN","SIVR","COIN"] actual="BMNR""
[2026-06-16T12:12:14.856Z] scanner-ws: delivered 1 log(s) (blocks 29132057..29132057)
[2026-06-16T12:12:19.770Z] scanner-http: scanned 29132044..29132060 (1 log(s), head=29132066, finalized=29132060)
[2026-06-16T12:12:19.840Z] [debug] daemon: condition-filtered router=client_test_01_router_default reason="condition failed: field="${enrichment.fullIntent.Symbol}" operator="in" value=["SPYM","CRCL","TSLA","NVDA","IAU","PPLT","MSTR","AMZN","SIVR","COIN"] actual="fairValue:spSEI""
[2026-06-16T12:12:19.848Z] scanner-ws: delivered 1 log(s) (blocks 29132067..29132067)
[2026-06-16T12:12:19.935Z] [debug] daemon: condition-filtered router=client_test_01_router_default reason="condition failed: field="${enrichment.fullIntent.Symbol}" operator="in" value=["SPYM","CRCL","TSLA","NVDA","IAU","PPLT","MSTR","AMZN","SIVR","COIN"] actual="denominator:spSEI""
[2026-06-16T12:12:19.941Z] scanner-ws: delivered 1 log(s) (blocks 29132067..29132067)
[2026-06-16T12:12:19.948Z] [debug] daemon: condition-filtered router=client_test_01_router_default reason="condition failed: field="${enrichment.fullIntent.Symbol}" operator="in" value=["SPYM","CRCL","TSLA","NVDA","IAU","PPLT","MSTR","AMZN","SIVR","COIN"] actual="numerator:hemiBTC""
[2026-06-16T12:12:19.955Z] scanner-ws: delivered 1 log(s) (blocks 29132067..29132067)
[2026-06-16T12:12:19.958Z] [debug] daemon: condition-filtered router=client_test_01_router_default reason="condition failed: field="${enrichment.fullIntent.Symbol}" operator="in" value=["SPYM","CRCL","TSLA","NVDA","IAU","PPLT","MSTR","AMZN","SIVR","COIN"] actual="numerator:spSEI""
[2026-06-16T12:12:19.964Z] scanner-ws: delivered 1 log(s) (blocks 29132067..29132067)
[2026-06-16T12:12:19.970Z] [debug] daemon: condition-filtered router=client_test_01_router_default reason="condition failed: field="${enrichment.fullIntent.Symbol}" operator="in" value=["SPYM","CRCL","TSLA","NVDA","IAU","PPLT","MSTR","AMZN","SIVR","COIN"] actual="usdValue:hemiBTC""
[2026-06-16T12:12:19.976Z] scanner-ws: delivered 1 log(s) (blocks 29132067..29132067)
[2026-06-16T12:12:19.978Z] [debug] daemon: condition-filtered router=client_test_01_router_default reason="condition failed: field="${enrichment.fullIntent.Symbol}" operator="in" value=["SPYM","CRCL","TSLA","NVDA","IAU","PPLT","MSTR","AMZN","SIVR","COIN"] actual="denominator:hemiBTC""
[2026-06-16T12:12:19.984Z] scanner-ws: delivered 1 log(s) (blocks 29132067..29132067)
[2026-06-16T12:12:19.990Z] [debug] daemon: condition-filtered router=client_test_01_router_default reason="condition failed: field="${enrichment.fullIntent.Symbol}" operator="in" value=["SPYM","CRCL","TSLA","NVDA","IAU","PPLT","MSTR","AMZN","SIVR","COIN"] actual="usdValue:spSEI""
[2026-06-16T12:12:19.997Z] scanner-ws: delivered 1 log(s) (blocks 29132067..29132067)
[2026-06-16T12:12:20.006Z] [debug] daemon: condition-filtered router=client_test_01_router_default reason="condition failed: field="${enrichment.fullIntent.Symbol}" operator="in" value=["SPYM","CRCL","TSLA","NVDA","IAU","PPLT","MSTR","AMZN","SIVR","COIN"] actual="fairValue:hemiBTC""
[2026-06-16T12:12:20.013Z] scanner-ws: delivered 1 log(s) (blocks 29132067..29132067)
[2026-06-16T12:12:20.052Z] cron-service: resubmitting TSLA (router=client_test_01_router_default, confirmedAge=600s, ceiling=600s, intentHash=0x005647a448c57cfeeb6ed58f8dc64072b6142642b0073b89a7ee89b4013961a5).
[2026-06-16T12:12:20.222Z] scanner-http: scanned 29132061..29132063 (0 log(s), head=29132069, finalized=29132063)
[2026-06-16T12:12:31.334Z] scanner-http: scanned 29132064..29132080 (8 log(s), head=29132086, finalized=29132080)
[2026-06-16T12:12:31.786Z] scanner-http: scanned 29132081..29132081 (0 log(s), head=29132087, finalized=29132081)
[2026-06-16T12:12:32.258Z] scanner-http: scanned 29132082..29132082 (0 log(s), head=29132088, finalized=29132082)
[2026-06-16T12:12:39.135Z] [debug] Confirmed by Blockfrost: oracle update batch (CRCL, TSLA) e9d91fd95d2bd5bba4ca8dee218368f9222cb0e6511734d25b992efc67143ffc.
[2026-06-16T12:16:35.612Z] daemon: file logger ready at ../state/mainnet_run_20260616-074413/logs
[2026-06-16T12:16:35.669Z] daemon: API server listening on 0.0.0.0:8080
[2026-06-16T12:16:35.671Z] daemon: router registry loaded (1 router(s))
[2026-06-16T12:16:35.672Z] daemon: router "client_test_01_router_default" signer resolved from CARDANO_WALLET_SEED_MAINNET (kind=seed)
[2026-06-16T12:16:35.673Z] reconcile: reconciling 1 Cardano destination(s)…
[2026-06-16T12:16:37.699Z] reconcile: ../state/mainnet_run_20260616-074413/clients/client-test-01.json → found=20 created=0 updated=1 unchanged=19 errors=0
[2026-06-16T12:16:37.699Z] reconcile: updated TSLA → /app/offchain/state/mainnet_run_20260616-074413/clients/client-test-01/pairs/tsla.json
[2026-06-16T12:16:37.708Z] price-cache: hydrated 10 confirmed pair state entries from disk
[2026-06-16T12:16:37.708Z] cron-service: starting (tick=30000ms, routers=1).
[2026-06-16T12:16:37.739Z] daemon: starting scan pipeline transport=http+ws chain_id=1050 registry=0x5612599CF48032d7428399d5Fcb99eDcc75c06A7 dry_run=false blockRange=500 scanIntervalMs=10000 dedupCapacity=4096 reconnectMs=5000 maxReconnects=60
[2026-06-16T12:16:37.741Z] scanner-ws: connecting (attempt 1)
[2026-06-16T12:16:37.744Z] scanner-http: starting at block 29132083 (transport=http)
[2026-06-16T12:16:39.392Z] [debug] daemon: condition-filtered router=client_test_01_router_default reason="condition failed: field="${enrichment.fullIntent.Symbol}" operator="in" value=["SPYM","CRCL","TSLA","NVDA","IAU","PPLT","MSTR","AMZN","SIVR","COIN"] actual="ARS/USDT""
[2026-06-16T12:16:39.630Z] [debug] daemon: condition-filtered router=client_test_01_router_default reason="condition failed: field="${enrichment.fullIntent.Symbol}" operator="in" value=["SPYM","CRCL","TSLA","NVDA","IAU","PPLT","MSTR","AMZN","SIVR","COIN"] actual="fairValue:spSEI""
[2026-06-16T12:16:39.862Z] [debug] daemon: condition-filtered router=client_test_01_router_default reason="condition failed: field="${enrichment.fullIntent.Symbol}" operator="in" value=["SPYM","CRCL","TSLA","NVDA","IAU","PPLT","MSTR","AMZN","SIVR","COIN"] actual="usdValue:spSEI""
[2026-06-16T12:16:40.096Z] [debug] daemon: condition-filtered router=client_test_01_router_default reason="condition failed: field="${enrichment.fullIntent.Symbol}" operator="in" value=["SPYM","CRCL","TSLA","NVDA","IAU","PPLT","MSTR","AMZN","SIVR","COIN"] actual="numerator:spSEI""
[2026-06-16T12:16:40.330Z] [debug] daemon: condition-filtered router=client_test_01_router_default reason="condition failed: field="${enrichment.fullIntent.Symbol}" operator="in" value=["SPYM","CRCL","TSLA","NVDA","IAU","PPLT","MSTR","AMZN","SIVR","COIN"] actual="denominator:spSEI""
[2026-06-16T12:16:40.564Z] [debug] daemon: condition-filtered router=client_test_01_router_default reason="condition failed: field="${enrichment.fullIntent.Symbol}" operator="in" value=["SPYM","CRCL","TSLA","NVDA","IAU","PPLT","MSTR","AMZN","SIVR","COIN"] actual="denominator:hemiBTC""
[2026-06-16T12:16:40.795Z] [debug] daemon: condition-filtered router=client_test_01_router_default reason="condition failed: field="${enrichment.fullIntent.Symbol}" operator="in" value=["SPYM","CRCL","TSLA","NVDA","IAU","PPLT","MSTR","AMZN","SIVR","COIN"] actual="numerator:hemiBTC""
[2026-06-16T12:16:40.983Z] [debug] daemon: condition-filtered router=client_test_01_router_default reason="condition failed: field="${enrichment.fullIntent.Symbol}" operator="in" value=["SPYM","CRCL","TSLA","NVDA","IAU","PPLT","MSTR","AMZN","SIVR","COIN"] actual="ARS/USDT""
[2026-06-16T12:16:40.990Z] scanner-ws: delivered 1 log(s) (blocks 29132531..29132531)
[2026-06-16T12:16:41.026Z] [debug] daemon: condition-filtered router=client_test_01_router_default reason="condition failed: field="${enrichment.fullIntent.Symbol}" operator="in" value=["SPYM","CRCL","TSLA","NVDA","IAU","PPLT","MSTR","AMZN","SIVR","COIN"] actual="usdValue:hemiBTC""
[2026-06-16T12:16:41.209Z] deposit-address: client=client-test-01 addr=addr1wy7ylvlta43g2u5xesp4gtjs6c5r2n0upn9pg7la5vnk56swykjdm
[2026-06-16T12:16:41.264Z] [debug] daemon: condition-filtered router=client_test_01_router_default reason="condition failed: field="${enrichment.fullIntent.Symbol}" operator="in" value=["SPYM","CRCL","TSLA","NVDA","IAU","PPLT","MSTR","AMZN","SIVR","COIN"] actual="fairValue:hemiBTC""
[2026-06-16T12:16:41.504Z] [debug] daemon: condition-filtered router=client_test_01_router_default reason="condition failed: field="${enrichment.fullIntent.Symbol}" operator="in" value=["SPYM","CRCL","TSLA","NVDA","IAU","PPLT","MSTR","AMZN","SIVR","COIN"] actual="fairValue:spSEI""
[2026-06-16T12:16:41.744Z] [debug] daemon: condition-filtered router=client_test_01_router_default reason="condition failed: field="${enrichment.fullIntent.Symbol}" operator="in" value=["SPYM","CRCL","TSLA","NVDA","IAU","PPLT","MSTR","AMZN","SIVR","COIN"] actual="usdValue:spSEI""
[2026-06-16T12:16:41.983Z] [debug] daemon: condition-filtered router=client_test_01_router_default reason="condition failed: field="${enrichment.fullIntent.Symbol}" operator="in" value=["SPYM","CRCL","TSLA","NVDA","IAU","PPLT","MSTR","AMZN","SIVR","COIN"] actual="numerator:spSEI""
[2026-06-16T12:16:42.214Z] [debug] daemon: condition-filtered router=client_test_01_router_default reason="condition failed: field="${enrichment.fullIntent.Symbol}" operator="in" value=["SPYM","CRCL","TSLA","NVDA","IAU","PPLT","MSTR","AMZN","SIVR","COIN"] actual="denominator:spSEI""
[2026-06-16T12:16:42.448Z] [debug] daemon: condition-filtered router=client_test_01_router_default reason="condition failed: field="${enrichment.fullIntent.Symbol}" operator="in" value=["SPYM","CRCL","TSLA","NVDA","IAU","PPLT","MSTR","AMZN","SIVR","COIN"] actual="denominator:hemiBTC""
[2026-06-16T12:16:42.680Z] [debug] daemon: condition-filtered router=client_test_01_router_default reason="condition failed: field="${enrichment.fullIntent.Symbol}" operator="in" value=["SPYM","CRCL","TSLA","NVDA","IAU","PPLT","MSTR","AMZN","SIVR","COIN"] actual="numerator:hemiBTC""
[2026-06-16T12:16:42.919Z] [debug] daemon: condition-filtered router=client_test_01_router_default reason="condition failed: field="${enrichment.fullIntent.Symbol}" operator="in" value=["SPYM","CRCL","TSLA","NVDA","IAU","PPLT","MSTR","AMZN","SIVR","COIN"] actual="usdValue:hemiBTC""
[2026-06-16T12:16:43.150Z] [debug] daemon: condition-filtered router=client_test_01_router_default reason="condition failed: field="${enrichment.fullIntent.Symbol}" operator="in" value=["SPYM","CRCL","TSLA","NVDA","IAU","PPLT","MSTR","AMZN","SIVR","COIN"] actual="fairValue:hemiBTC""
[2026-06-16T12:16:43.383Z] [debug] daemon: condition-filtered router=client_test_01_router_default reason="condition failed: field="${enrichment.fullIntent.Symbol}" operator="in" value=["SPYM","CRCL","TSLA","NVDA","IAU","PPLT","MSTR","AMZN","SIVR","COIN"] actual="ARS/USDT""
[2026-06-16T12:16:43.617Z] [debug] daemon: condition-filtered router=client_test_01_router_default reason="condition failed: field="${enrichment.fullIntent.Symbol}" operator="in" value=["SPYM","CRCL","TSLA","NVDA","IAU","PPLT","MSTR","AMZN","SIVR","COIN"] actual="fairValue:spSEI""
[2026-06-16T12:16:43.852Z] [debug] daemon: condition-filtered router=client_test_01_router_default reason="condition failed: field="${enrichment.fullIntent.Symbol}" operator="in" value=["SPYM","CRCL","TSLA","NVDA","IAU","PPLT","MSTR","AMZN","SIVR","COIN"] actual="usdValue:spSEI""
[2026-06-16T12:16:44.086Z] [debug] daemon: condition-filtered router=client_test_01_router_default reason="condition failed: field="${enrichment.fullIntent.Symbol}" operator="in" value=["SPYM","CRCL","TSLA","NVDA","IAU","PPLT","MSTR","AMZN","SIVR","COIN"] actual="numerator:spSEI""
[2026-06-16T12:16:44.331Z] [debug] daemon: condition-filtered router=client_test_01_router_default reason="condition failed: field="${enrichment.fullIntent.Symbol}" operator="in" value=["SPYM","CRCL","TSLA","NVDA","IAU","PPLT","MSTR","AMZN","SIVR","COIN"] actual="denominator:spSEI""
[2026-06-16T12:16:44.561Z] [debug] daemon: condition-filtered router=client_test_01_router_default reason="condition failed: field="${enrichment.fullIntent.Symbol}" operator="in" value=["SPYM","CRCL","TSLA","NVDA","IAU","PPLT","MSTR","AMZN","SIVR","COIN"] actual="denominator:hemiBTC""
[2026-06-16T12:16:44.803Z] [debug] daemon: condition-filtered router=client_test_01_router_default reason="condition failed: field="${enrichment.fullIntent.Symbol}" operator="in" value=["SPYM","CRCL","TSLA","NVDA","IAU","PPLT","MSTR","AMZN","SIVR","COIN"] actual="numerator:hemiBTC""
[2026-06-16T12:16:45.037Z] [debug] daemon: condition-filtered router=client_test_01_router_default reason="condition failed: field="${enrichment.fullIntent.Symbol}" operator="in" value=["SPYM","CRCL","TSLA","NVDA","IAU","PPLT","MSTR","AMZN","SIVR","COIN"] actual="usdValue:hemiBTC""
[2026-06-16T12:16:45.272Z] [debug] daemon: condition-filtered router=client_test_01_router_default reason="condition failed: field="${enrichment.fullIntent.Symbol}" operator="in" value=["SPYM","CRCL","TSLA","NVDA","IAU","PPLT","MSTR","AMZN","SIVR","COIN"] actual="fairValue:hemiBTC""
[2026-06-16T12:16:45.787Z] [debug] daemon: condition-filtered router=client_test_01_router_default reason="condition failed: field="${enrichment.fullIntent.Symbol}" operator="in" value=["SPYM","CRCL","TSLA","NVDA","IAU","PPLT","MSTR","AMZN","SIVR","COIN"] actual="fairValue:spSEI""
[2026-06-16T12:16:46.052Z] [debug] daemon: condition-filtered router=client_test_01_router_default reason="condition failed: field="${enrichment.fullIntent.Symbol}" operator="in" value=["SPYM","CRCL","TSLA","NVDA","IAU","PPLT","MSTR","AMZN","SIVR","COIN"] actual="usdValue:spSEI""
[2026-06-16T12:16:46.390Z] [debug] daemon: condition-filtered router=client_test_01_router_default reason="condition failed: field="${enrichment.fullIntent.Symbol}" operator="in" value=["SPYM","CRCL","TSLA","NVDA","IAU","PPLT","MSTR","AMZN","SIVR","COIN"] actual="numerator:spSEI""
[2026-06-16T12:16:46.659Z] [debug] daemon: condition-filtered router=client_test_01_router_default reason="condition failed: field="${enrichment.fullIntent.Symbol}" operator="in" value=["SPYM","CRCL","TSLA","NVDA","IAU","PPLT","MSTR","AMZN","SIVR","COIN"] actual="denominator:spSEI""
[2026-06-16T12:16:46.922Z] [debug] daemon: condition-filtered router=client_test_01_router_default reason="condition failed: field="${enrichment.fullIntent.Symbol}" operator="in" value=["SPYM","CRCL","TSLA","NVDA","IAU","PPLT","MSTR","AMZN","SIVR","COIN"] actual="denominator:hemiBTC""
[2026-06-16T12:16:47.217Z] [debug] daemon: condition-filtered router=client_test_01_router_default reason="condition failed: field="${enrichment.fullIntent.Symbol}" operator="in" value=["SPYM","CRCL","TSLA","NVDA","IAU","PPLT","MSTR","AMZN","SIVR","COIN"] actual="numerator:hemiBTC""
[2026-06-16T12:16:47.467Z] [debug] daemon: condition-filtered router=client_test_01_router_default reason="condition failed: field="${enrichment.fullIntent.Symbol}" operator="in" value=["SPYM","CRCL","TSLA","NVDA","IAU","PPLT","MSTR","AMZN","SIVR","COIN"] actual="usdValue:hemiBTC""
[2026-06-16T12:16:47.718Z] [debug] daemon: condition-filtered router=client_test_01_router_default reason="condition failed: field="${enrichment.fullIntent.Symbol}" operator="in" value=["SPYM","CRCL","TSLA","NVDA","IAU","PPLT","MSTR","AMZN","SIVR","COIN"] actual="fairValue:hemiBTC""
[2026-06-16T12:16:48.107Z] [debug] daemon: condition-filtered router=client_test_01_router_default reason="condition failed: field="${enrichment.fullIntent.Symbol}" operator="in" value=["SPYM","CRCL","TSLA","NVDA","IAU","PPLT","MSTR","AMZN","SIVR","COIN"] actual="ARS/USDT""
[2026-06-16T12:16:48.406Z] [debug] daemon: policy-filtered router=client_test_01_router_default dest=0
[2026-06-16T12:16:48.673Z] [debug] daemon: condition-filtered router=client_test_01_router_default reason="condition failed: field="${enrichment.fullIntent.Symbol}" operator="in" value=["SPYM","CRCL","TSLA","NVDA","IAU","PPLT","MSTR","AMZN","SIVR","COIN"] actual="fairValue:spSEI""
[2026-06-16T12:16:48.911Z] [debug] daemon: condition-filtered router=client_test_01_router_default reason="condition failed: field="${enrichment.fullIntent.Symbol}" operator="in" value=["SPYM","CRCL","TSLA","NVDA","IAU","PPLT","MSTR","AMZN","SIVR","COIN"] actual="usdValue:spSEI""
[2026-06-16T12:16:49.072Z] [debug] daemon: condition-filtered router=client_test_01_router_default reason="condition failed: field="${enrichment.fullIntent.Symbol}" operator="in" value=["SPYM","CRCL","TSLA","NVDA","IAU","PPLT","MSTR","AMZN","SIVR","COIN"] actual="numerator:spSEI""
[2026-06-16T12:16:49.308Z] [debug] daemon: condition-filtered router=client_test_01_router_default reason="condition failed: field="${enrichment.fullIntent.Symbol}" operator="in" value=["SPYM","CRCL","TSLA","NVDA","IAU","PPLT","MSTR","AMZN","SIVR","COIN"] actual="denominator:spSEI""
[2026-06-16T12:16:49.542Z] [debug] daemon: condition-filtered router=client_test_01_router_default reason="condition failed: field="${enrichment.fullIntent.Symbol}" operator="in" value=["SPYM","CRCL","TSLA","NVDA","IAU","PPLT","MSTR","AMZN","SIVR","COIN"] actual="denominator:hemiBTC""
[2026-06-16T12:16:49.772Z] [debug] daemon: condition-filtered router=client_test_01_router_default reason="condition failed: field="${enrichment.fullIntent.Symbol}" operator="in" value=["SPYM","CRCL","TSLA","NVDA","IAU","PPLT","MSTR","AMZN","SIVR","COIN"] actual="numerator:hemiBTC""
[2026-06-16T12:16:50.005Z] [debug] daemon: condition-filtered router=client_test_01_router_default reason="condition failed: field="${enrichment.fullIntent.Symbol}" operator="in" value=["SPYM","CRCL","TSLA","NVDA","IAU","PPLT","MSTR","AMZN","SIVR","COIN"] actual="usdValue:hemiBTC""
[2026-06-16T12:16:50.231Z] [debug] daemon: condition-filtered router=client_test_01_router_default reason="condition failed: field="${enrichment.fullIntent.Symbol}" operator="in" value=["SPYM","CRCL","TSLA","NVDA","IAU","PPLT","MSTR","AMZN","SIVR","COIN"] actual="fairValue:hemiBTC""
[2026-06-16T12:16:50.461Z] [debug] daemon: condition-filtered router=client_test_01_router_default reason="condition failed: field="${enrichment.fullIntent.Symbol}" operator="in" value=["SPYM","CRCL","TSLA","NVDA","IAU","PPLT","MSTR","AMZN","SIVR","COIN"] actual="fairValue:spSEI""
[2026-06-16T12:16:50.685Z] [debug] daemon: condition-filtered router=client_test_01_router_default reason="condition failed: field="${enrichment.fullIntent.Symbol}" operator="in" value=["SPYM","CRCL","TSLA","NVDA","IAU","PPLT","MSTR","AMZN","SIVR","COIN"] actual="usdValue:spSEI""
[2026-06-16T12:16:50.912Z] [debug] daemon: condition-filtered router=client_test_01_router_default reason="condition failed: field="${enrichment.fullIntent.Symbol}" operator="in" value=["SPYM","CRCL","TSLA","NVDA","IAU","PPLT","MSTR","AMZN","SIVR","COIN"] actual="numerator:spSEI""
[2026-06-16T12:16:51.144Z] [debug] daemon: condition-filtered router=client_test_01_router_default reason="condition failed: field="${enrichment.fullIntent.Symbol}" operator="in" value=["SPYM","CRCL","TSLA","NVDA","IAU","PPLT","MSTR","AMZN","SIVR","COIN"] actual="denominator:spSEI""
[2026-06-16T12:16:51.376Z] [debug] daemon: condition-filtered router=client_test_01_router_default reason="condition failed: field="${enrichment.fullIntent.Symbol}" operator="in" value=["SPYM","CRCL","TSLA","NVDA","IAU","PPLT","MSTR","AMZN","SIVR","COIN"] actual="denominator:hemiBTC""
[2026-06-16T12:16:51.606Z] [debug] daemon: condition-filtered router=client_test_01_router_default reason="condition failed: field="${enrichment.fullIntent.Symbol}" operator="in" value=["SPYM","CRCL","TSLA","NVDA","IAU","PPLT","MSTR","AMZN","SIVR","COIN"] actual="numerator:hemiBTC""
[2026-06-16T12:16:51.835Z] [debug] daemon: condition-filtered router=client_test_01_router_default reason="condition failed: field="${enrichment.fullIntent.Symbol}" operator="in" value=["SPYM","CRCL","TSLA","NVDA","IAU","PPLT","MSTR","AMZN","SIVR","COIN"] actual="usdValue:hemiBTC""
[2026-06-16T12:16:52.061Z] [debug] daemon: condition-filtered router=client_test_01_router_default reason="condition failed: field="${enrichment.fullIntent.Symbol}" operator="in" value=["SPYM","CRCL","TSLA","NVDA","IAU","PPLT","MSTR","AMZN","SIVR","COIN"] actual="fairValue:hemiBTC""
[2026-06-16T12:16:52.291Z] [debug] daemon: condition-filtered router=client_test_01_router_default reason="condition failed: field="${enrichment.fullIntent.Symbol}" operator="in" value=["SPYM","CRCL","TSLA","NVDA","IAU","PPLT","MSTR","AMZN","SIVR","COIN"] actual="ARS/USDT""
[2026-06-16T12:16:52.525Z] [debug] daemon: condition-filtered router=client_test_01_router_default reason="condition failed: field="${enrichment.fullIntent.Symbol}" operator="in" value=["SPYM","CRCL","TSLA","NVDA","IAU","PPLT","MSTR","AMZN","SIVR","COIN"] actual="fairValue:spSEI""
[2026-06-16T12:16:52.758Z] [debug] daemon: condition-filtered router=client_test_01_router_default reason="condition failed: field="${enrichment.fullIntent.Symbol}" operator="in" value=["SPYM","CRCL","TSLA","NVDA","IAU","PPLT","MSTR","AMZN","SIVR","COIN"] actual="usdValue:spSEI""
[2026-06-16T12:16:52.987Z] [debug] daemon: condition-filtered router=client_test_01_router_default reason="condition failed: field="${enrichment.fullIntent.Symbol}" operator="in" value=["SPYM","CRCL","TSLA","NVDA","IAU","PPLT","MSTR","AMZN","SIVR","COIN"] actual="numerator:spSEI""
[2026-06-16T12:16:53.217Z] [debug] daemon: condition-filtered router=client_test_01_router_default reason="condition failed: field="${enrichment.fullIntent.Symbol}" operator="in" value=["SPYM","CRCL","TSLA","NVDA","IAU","PPLT","MSTR","AMZN","SIVR","COIN"] actual="denominator:spSEI""
[2026-06-16T12:16:53.442Z] [debug] daemon: condition-filtered router=client_test_01_router_default reason="condition failed: field="${enrichment.fullIntent.Symbol}" operator="in" value=["SPYM","CRCL","TSLA","NVDA","IAU","PPLT","MSTR","AMZN","SIVR","COIN"] actual="denominator:hemiBTC""
[2026-06-16T12:16:53.675Z] [debug] daemon: condition-filtered router=client_test_01_router_default reason="condition failed: field="${enrichment.fullIntent.Symbol}" operator="in" value=["SPYM","CRCL","TSLA","NVDA","IAU","PPLT","MSTR","AMZN","SIVR","COIN"] actual="numerator:hemiBTC""
[2026-06-16T12:16:53.691Z] [debug] daemon: condition-filtered router=client_test_01_router_default reason="condition failed: field="${enrichment.fullIntent.Symbol}" operator="in" value=["SPYM","CRCL","TSLA","NVDA","IAU","PPLT","MSTR","AMZN","SIVR","COIN"] actual="BMNR""
[2026-06-16T12:16:53.697Z] scanner-ws: delivered 1 log(s) (blocks 29132559..29132559)
[2026-06-16T12:16:53.896Z] [debug] daemon: condition-filtered router=client_test_01_router_default reason="condition failed: field="${enrichment.fullIntent.Symbol}" operator="in" value=["SPYM","CRCL","TSLA","NVDA","IAU","PPLT","MSTR","AMZN","SIVR","COIN"] actual="usdValue:hemiBTC""
[2026-06-16T12:16:54.127Z] [debug] daemon: condition-filtered router=client_test_01_router_default reason="condition failed: field="${enrichment.fullIntent.Symbol}" operator="in" value=["SPYM","CRCL","TSLA","NVDA","IAU","PPLT","MSTR","AMZN","SIVR","COIN"] actual="fairValue:hemiBTC""
[2026-06-16T12:16:54.355Z] [debug] daemon: condition-filtered router=client_test_01_router_default reason="condition failed: field="${enrichment.fullIntent.Symbol}" operator="in" value=["SPYM","CRCL","TSLA","NVDA","IAU","PPLT","MSTR","AMZN","SIVR","COIN"] actual="fairValue:spSEI""
[2026-06-16T12:16:54.583Z] [debug] daemon: condition-filtered router=client_test_01_router_default reason="condition failed: field="${enrichment.fullIntent.Symbol}" operator="in" value=["SPYM","CRCL","TSLA","NVDA","IAU","PPLT","MSTR","AMZN","SIVR","COIN"] actual="usdValue:spSEI""
[2026-06-16T12:16:54.810Z] [debug] daemon: condition-filtered router=client_test_01_router_default reason="condition failed: field="${enrichment.fullIntent.Symbol}" operator="in" value=["SPYM","CRCL","TSLA","NVDA","IAU","PPLT","MSTR","AMZN","SIVR","COIN"] actual="numerator:spSEI""
[2026-06-16T12:16:55.042Z] [debug] daemon: condition-filtered router=client_test_01_router_default reason="condition failed: field="${enrichment.fullIntent.Symbol}" operator="in" value=["SPYM","CRCL","TSLA","NVDA","IAU","PPLT","MSTR","AMZN","SIVR","COIN"] actual="denominator:spSEI""
[2026-06-16T12:16:55.269Z] [debug] daemon: condition-filtered router=client_test_01_router_default reason="condition failed: field="${enrichment.fullIntent.Symbol}" operator="in" value=["SPYM","CRCL","TSLA","NVDA","IAU","PPLT","MSTR","AMZN","SIVR","COIN"] actual="denominator:hemiBTC""
[2026-06-16T12:16:55.510Z] [debug] daemon: condition-filtered router=client_test_01_router_default reason="condition failed: field="${enrichment.fullIntent.Symbol}" operator="in" value=["SPYM","CRCL","TSLA","NVDA","IAU","PPLT","MSTR","AMZN","SIVR","COIN"] actual="numerator:hemiBTC""
[2026-06-16T12:16:55.742Z] [debug] daemon: condition-filtered router=client_test_01_router_default reason="condition failed: field="${enrichment.fullIntent.Symbol}" operator="in" value=["SPYM","CRCL","TSLA","NVDA","IAU","PPLT","MSTR","AMZN","SIVR","COIN"] actual="usdValue:hemiBTC""
[2026-06-16T12:16:55.976Z] [debug] daemon: condition-filtered router=client_test_01_router_default reason="condition failed: field="${enrichment.fullIntent.Symbol}" operator="in" value=["SPYM","CRCL","TSLA","NVDA","IAU","PPLT","MSTR","AMZN","SIVR","COIN"] actual="fairValue:hemiBTC""
[2026-06-16T12:16:55.986Z] scanner-http: scanned 29132083..29132517 (70 log(s), head=29132523, finalized=29132517)
[2026-06-16T12:16:56.690Z] scanner-http: scanned 29132518..29132557 (1 log(s), head=29132563, finalized=29132557)
[2026-06-16T12:16:57.429Z] scanner-http: scanned 29132558..29132559 (1 log(s), head=29132565, finalized=29132559)
[2026-06-16T12:16:58.445Z] [debug] daemon: condition-filtered router=client_test_01_router_default reason="condition failed: field="${enrichment.fullIntent.Symbol}" operator="in" value=["SPYM","CRCL","TSLA","NVDA","IAU","PPLT","MSTR","AMZN","SIVR","COIN"] actual="fairValue:spSEI""
[2026-06-16T12:16:58.452Z] scanner-ws: delivered 1 log(s) (blocks 29132566..29132566)
[2026-06-16T12:16:58.456Z] [debug] daemon: condition-filtered router=client_test_01_router_default reason="condition failed: field="${enrichment.fullIntent.Symbol}" operator="in" value=["SPYM","CRCL","TSLA","NVDA","IAU","PPLT","MSTR","AMZN","SIVR","COIN"] actual="usdValue:spSEI""
[2026-06-16T12:16:58.462Z] scanner-ws: delivered 1 log(s) (blocks 29132566..29132566)
[2026-06-16T12:16:58.572Z] [debug] daemon: condition-filtered router=client_test_01_router_default reason="condition failed: field="${enrichment.fullIntent.Symbol}" operator="in" value=["SPYM","CRCL","TSLA","NVDA","IAU","PPLT","MSTR","AMZN","SIVR","COIN"] actual="fairValue:hemiBTC""
[2026-06-16T12:16:58.585Z] [debug] daemon: condition-filtered router=client_test_01_router_default reason="condition failed: field="${enrichment.fullIntent.Symbol}" operator="in" value=["SPYM","CRCL","TSLA","NVDA","IAU","PPLT","MSTR","AMZN","SIVR","COIN"] actual="numerator:hemiBTC""
[2026-06-16T12:16:58.579Z] scanner-ws: delivered 1 log(s) (blocks 29132566..29132566)
[2026-06-16T12:16:58.591Z] scanner-ws: delivered 1 log(s) (blocks 29132566..29132566)
[2026-06-16T12:16:58.595Z] [debug] daemon: condition-filtered router=client_test_01_router_default reason="condition failed: field="${enrichment.fullIntent.Symbol}" operator="in" value=["SPYM","CRCL","TSLA","NVDA","IAU","PPLT","MSTR","AMZN","SIVR","COIN"] actual="denominator:spSEI""
[2026-06-16T12:16:58.603Z] scanner-ws: delivered 1 log(s) (blocks 29132566..29132566)
[2026-06-16T12:16:58.607Z] [debug] daemon: condition-filtered router=client_test_01_router_default reason="condition failed: field="${enrichment.fullIntent.Symbol}" operator="in" value=["SPYM","CRCL","TSLA","NVDA","IAU","PPLT","MSTR","AMZN","SIVR","COIN"] actual="numerator:spSEI""
[2026-06-16T12:16:58.614Z] scanner-ws: delivered 1 log(s) (blocks 29132566..29132566)
[2026-06-16T12:16:58.624Z] [debug] daemon: condition-filtered router=client_test_01_router_default reason="condition failed: field="${enrichment.fullIntent.Symbol}" operator="in" value=["SPYM","CRCL","TSLA","NVDA","IAU","PPLT","MSTR","AMZN","SIVR","COIN"] actual="usdValue:hemiBTC""
[2026-06-16T12:16:58.631Z] scanner-ws: delivered 1 log(s) (blocks 29132566..29132566)
[2026-06-16T12:16:58.635Z] [debug] daemon: condition-filtered router=client_test_01_router_default reason="condition failed: field="${enrichment.fullIntent.Symbol}" operator="in" value=["SPYM","CRCL","TSLA","NVDA","IAU","PPLT","MSTR","AMZN","SIVR","COIN"] actual="denominator:hemiBTC""
[2026-06-16T12:16:58.642Z] scanner-ws: delivered 1 log(s) (blocks 29132566..29132566)
[2026-06-16T12:17:08.844Z] scanner-http: scanned 29132560..29132578 (8 log(s), head=29132584, finalized=29132578)
[2026-06-16T12:17:09.298Z] scanner-http: scanned 29132579..29132579 (0 log(s), head=29132585, finalized=29132579)
[2026-06-16T12:17:09.761Z] scanner-http: scanned 29132580..29132580 (0 log(s), head=29132586, finalized=29132580)
[2026-06-16T12:17:15.432Z] [debug] [clients/client-test-01.json] submit: intentHash=0x49484eabc215f1301df70b3dcd47ff8c48125d26c5ff35187a0d3a4c0b0105b6 symbol=SPYM
[2026-06-16T12:17:15.433Z] [debug] submitOracleUpdate: intentHash=0x49484eabc215f1301df70b3dcd47ff8c48125d26c5ff35187a0d3a4c0b0105b6 symbol=SPYM
[2026-06-16T12:17:15.433Z] [debug] loading state: client=../state/mainnet_run_20260616-074413/clients/client-test-01.json protocol=../state/mainnet_run_20260616-074413/config-bootstrap.json
[2026-06-16T12:17:15.481Z] [debug] connecting to Cardano…
[2026-06-16T12:17:19.992Z] [debug] daemon: condition-filtered router=client_test_01_router_default reason="condition failed: field="${enrichment.fullIntent.Symbol}" operator="in" value=["SPYM","CRCL","TSLA","NVDA","IAU","PPLT","MSTR","AMZN","SIVR","COIN"] actual="fairValue:spSEI""
[2026-06-16T12:17:19.998Z] scanner-ws: delivered 1 log(s) (blocks 29132602..29132602)
[2026-06-16T12:17:20.009Z] [debug] building oracle update tx for symbol=SPYM
[2026-06-16T12:17:20.017Z] [info] daemon: intent superseded (no tx) — code=NonMonotonicNonce intentHash=0x49484eabc215f1301df70b3dcd47ff8c48125d26c5ff35187a0d3a4c0b0105b6 symbol=SPYM batchSize=1
[2026-06-16T12:17:20.013Z] [debug] [clients/client-test-01.json] submit failed: intentHash=0x49484eabc215f1301df70b3dcd47ff8c48125d26c5ff35187a0d3a4c0b0105b6 code=NonMonotonicNonce error=Oracle intent nonce must be greater than the current on-chain nonce; intent superseded, not submitted.
[2026-06-16T12:17:20.090Z] [debug] daemon: condition-filtered router=client_test_01_router_default reason="condition failed: field="${enrichment.fullIntent.Symbol}" operator="in" value=["SPYM","CRCL","TSLA","NVDA","IAU","PPLT","MSTR","AMZN","SIVR","COIN"] actual="usdValue:spSEI""
[2026-06-16T12:17:20.097Z] scanner-ws: delivered 1 log(s) (blocks 29132602..29132602)
[2026-06-16T12:17:20.107Z] [debug] daemon: condition-filtered router=client_test_01_router_default reason="condition failed: field="${enrichment.fullIntent.Symbol}" operator="in" value=["SPYM","CRCL","TSLA","NVDA","IAU","PPLT","MSTR","AMZN","SIVR","COIN"] actual="numerator:spSEI""
[2026-06-16T12:17:20.113Z] scanner-ws: delivered 1 log(s) (blocks 29132602..29132602)
[2026-06-16T12:17:20.125Z] [debug] daemon: condition-filtered router=client_test_01_router_default reason="condition failed: field="${enrichment.fullIntent.Symbol}" operator="in" value=["SPYM","CRCL","TSLA","NVDA","IAU","PPLT","MSTR","AMZN","SIVR","COIN"] actual="denominator:spSEI""
[2026-06-16T12:17:20.132Z] scanner-ws: delivered 1 log(s) (blocks 29132602..29132602)
[2026-06-16T12:17:20.138Z] [debug] daemon: condition-filtered router=client_test_01_router_default reason="condition failed: field="${enrichment.fullIntent.Symbol}" operator="in" value=["SPYM","CRCL","TSLA","NVDA","IAU","PPLT","MSTR","AMZN","SIVR","COIN"] actual="fairValue:hemiBTC""
[2026-06-16T12:17:20.151Z] [debug] daemon: condition-filtered router=client_test_01_router_default reason="condition failed: field="${enrichment.fullIntent.Symbol}" operator="in" value=["SPYM","CRCL","TSLA","NVDA","IAU","PPLT","MSTR","AMZN","SIVR","COIN"] actual="usdValue:hemiBTC""
[2026-06-16T12:17:20.147Z] scanner-ws: delivered 1 log(s) (blocks 29132602..29132602)
[2026-06-16T12:17:20.158Z] scanner-ws: delivered 1 log(s) (blocks 29132602..29132602)
[2026-06-16T12:17:20.165Z] [debug] daemon: condition-filtered router=client_test_01_router_default reason="condition failed: field="${enrichment.fullIntent.Symbol}" operator="in" value=["SPYM","CRCL","TSLA","NVDA","IAU","PPLT","MSTR","AMZN","SIVR","COIN"] actual="numerator:hemiBTC""
[2026-06-16T12:17:20.171Z] scanner-ws: delivered 1 log(s) (blocks 29132602..29132602)
[2026-06-16T12:17:20.175Z] [debug] daemon: condition-filtered router=client_test_01_router_default reason="condition failed: field="${enrichment.fullIntent.Symbol}" operator="in" value=["SPYM","CRCL","TSLA","NVDA","IAU","PPLT","MSTR","AMZN","SIVR","COIN"] actual="denominator:hemiBTC""
[2026-06-16T12:17:20.182Z] scanner-ws: delivered 1 log(s) (blocks 29132602..29132602)
[2026-06-16T12:17:22.654Z] scanner-http: scanned 29132581..29132602 (8 log(s), head=29132608, finalized=29132602)
[2026-06-16T12:17:23.097Z] scanner-http: scanned 29132603..29132603 (0 log(s), head=29132609, finalized=29132603)
[2026-06-16T12:17:23.593Z] scanner-http: scanned 29132604..29132604 (0 log(s), head=29132610, finalized=29132604)
[2026-06-16T12:17:34.469Z] scanner-http: scanned 29132605..29132620 (0 log(s), head=29132626, finalized=29132620)
[2026-06-16T12:17:34.930Z] scanner-http: scanned 29132621..29132621 (0 log(s), head=29132627, finalized=29132621)
[2026-06-16T12:17:35.409Z] scanner-http: scanned 29132622..29132623 (0 log(s), head=29132629, finalized=29132623)
[2026-06-16T12:17:41.070Z] [debug] daemon: condition-filtered router=client_test_01_router_default reason="condition failed: field="${enrichment.fullIntent.Symbol}" operator="in" value=["SPYM","CRCL","TSLA","NVDA","IAU","PPLT","MSTR","AMZN","SIVR","COIN"] actual="ARS/USDT""
[2026-06-16T12:17:41.077Z] scanner-ws: delivered 1 log(s) (blocks 29132639..29132639)
[2026-06-16T12:17:46.498Z] scanner-http: scanned 29132624..29132643 (1 log(s), head=29132649, finalized=29132643)
[2026-06-16T12:17:46.953Z] scanner-http: scanned 29132644..29132644 (0 log(s), head=29132650, finalized=29132644)
[2026-06-16T12:17:57.731Z] scanner-http: scanned 29132645..29132661 (0 log(s), head=29132667, finalized=29132661)
[2026-06-16T12:17:58.170Z] scanner-http: scanned 29132662..29132662 (0 log(s), head=29132668, finalized=29132662)
[2026-06-16T12:17:58.514Z] [debug] daemon: condition-filtered router=client_test_01_router_default reason="condition failed: field="${enrichment.fullIntent.Symbol}" operator="in" value=["SPYM","CRCL","TSLA","NVDA","IAU","PPLT","MSTR","AMZN","SIVR","COIN"] actual="usdValue:spSEI""
[2026-06-16T12:17:58.521Z] scanner-ws: delivered 1 log(s) (blocks 29132668..29132668)
[2026-06-16T12:17:58.605Z] [debug] daemon: condition-filtered router=client_test_01_router_default reason="condition failed: field="${enrichment.fullIntent.Symbol}" operator="in" value=["SPYM","CRCL","TSLA","NVDA","IAU","PPLT","MSTR","AMZN","SIVR","COIN"] actual="numerator:hemiBTC""
[2026-06-16T12:17:58.612Z] scanner-ws: delivered 1 log(s) (blocks 29132668..29132668)
[2026-06-16T12:17:58.621Z] [debug] daemon: condition-filtered router=client_test_01_router_default reason="condition failed: field="${enrichment.fullIntent.Symbol}" operator="in" value=["SPYM","CRCL","TSLA","NVDA","IAU","PPLT","MSTR","AMZN","SIVR","COIN"] actual="denominator:hemiBTC""
[2026-06-16T12:17:58.627Z] scanner-ws: delivered 1 log(s) (blocks 29132668..29132668)
[2026-06-16T12:17:58.632Z] [debug] daemon: condition-filtered router=client_test_01_router_default reason="condition failed: field="${enrichment.fullIntent.Symbol}" operator="in" value=["SPYM","CRCL","TSLA","NVDA","IAU","PPLT","MSTR","AMZN","SIVR","COIN"] actual="numerator:spSEI""
[2026-06-16T12:17:58.639Z] scanner-ws: delivered 1 log(s) (blocks 29132668..29132668)
[2026-06-16T12:17:58.642Z] [debug] daemon: condition-filtered router=client_test_01_router_default reason="condition failed: field="${enrichment.fullIntent.Symbol}" operator="in" value=["SPYM","CRCL","TSLA","NVDA","IAU","PPLT","MSTR","AMZN","SIVR","COIN"] actual="denominator:spSEI""
[2026-06-16T12:17:58.649Z] scanner-ws: delivered 1 log(s) (blocks 29132668..29132668)
[2026-06-16T12:17:58.653Z] [debug] daemon: condition-filtered router=client_test_01_router_default reason="condition failed: field="${enrichment.fullIntent.Symbol}" operator="in" value=["SPYM","CRCL","TSLA","NVDA","IAU","PPLT","MSTR","AMZN","SIVR","COIN"] actual="fairValue:hemiBTC""
[2026-06-16T12:17:58.661Z] scanner-ws: delivered 1 log(s) (blocks 29132668..29132668)
[2026-06-16T12:17:58.666Z] [debug] daemon: condition-filtered router=client_test_01_router_default reason="condition failed: field="${enrichment.fullIntent.Symbol}" operator="in" value=["SPYM","CRCL","TSLA","NVDA","IAU","PPLT","MSTR","AMZN","SIVR","COIN"] actual="usdValue:hemiBTC""
[2026-06-16T12:17:58.672Z] scanner-ws: delivered 1 log(s) (blocks 29132668..29132668)
[2026-06-16T12:17:58.824Z] [debug] daemon: condition-filtered router=client_test_01_router_default reason="condition failed: field="${enrichment.fullIntent.Symbol}" operator="in" value=["SPYM","CRCL","TSLA","NVDA","IAU","PPLT","MSTR","AMZN","SIVR","COIN"] actual="fairValue:spSEI""
[2026-06-16T12:17:58.833Z] scanner-ws: delivered 1 log(s) (blocks 29132668..29132668)
[2026-06-16T12:17:58.841Z] scanner-http: scanned 29132663..29132664 (0 log(s), head=29132670, finalized=29132664)
[2026-06-16T12:17:59.282Z] scanner-http: scanned 29132665..29132666 (0 log(s), head=29132672, finalized=29132666)
[2026-06-16T12:17:59.714Z] scanner-http: scanned 29132667..29132667 (0 log(s), head=29132673, finalized=29132667)
[2026-06-16T12:18:10.832Z] scanner-http: scanned 29132668..29132687 (8 log(s), head=29132693, finalized=29132687)
[2026-06-16T12:18:11.308Z] scanner-http: scanned 29132688..29132688 (0 log(s), head=29132694, finalized=29132688)
[2026-06-16T12:18:11.805Z] scanner-http: scanned 29132689..29132690 (0 log(s), head=29132696, finalized=29132690)
[2026-06-16T12:18:12.294Z] scanner-http: scanned 29132691..29132691 (0 log(s), head=29132697, finalized=29132691)
[2026-06-16T12:18:12.776Z] scanner-http: scanned 29132692..29132692 (0 log(s), head=29132698, finalized=29132692)
[2026-06-16T12:18:13.294Z] scanner-http: scanned 29132693..29132695 (0 log(s), head=29132701, finalized=29132695)
[2026-06-16T12:18:13.781Z] scanner-http: scanned 29132696..29132696 (0 log(s), head=29132702, finalized=29132696)
[2026-06-16T12:18:20.110Z] [debug] daemon: condition-filtered router=client_test_01_router_default reason="condition failed: field="${enrichment.fullIntent.Symbol}" operator="in" value=["SPYM","CRCL","TSLA","NVDA","IAU","PPLT","MSTR","AMZN","SIVR","COIN"] actual="fairValue:spSEI""
[2026-06-16T12:18:20.117Z] scanner-ws: delivered 1 log(s) (blocks 29132714..29132714)
[2026-06-16T12:18:20.205Z] [debug] daemon: condition-filtered router=client_test_01_router_default reason="condition failed: field="${enrichment.fullIntent.Symbol}" operator="in" value=["SPYM","CRCL","TSLA","NVDA","IAU","PPLT","MSTR","AMZN","SIVR","COIN"] actual="usdValue:spSEI""
[2026-06-16T12:18:20.212Z] scanner-ws: delivered 1 log(s) (blocks 29132714..29132714)
[2026-06-16T12:18:20.217Z] [debug] daemon: condition-filtered router=client_test_01_router_default reason="condition failed: field="${enrichment.fullIntent.Symbol}" operator="in" value=["SPYM","CRCL","TSLA","NVDA","IAU","PPLT","MSTR","AMZN","SIVR","COIN"] actual="denominator:spSEI""
[2026-06-16T12:18:20.223Z] scanner-ws: delivered 1 log(s) (blocks 29132714..29132714)
[2026-06-16T12:18:20.238Z] [debug] daemon: condition-filtered router=client_test_01_router_default reason="condition failed: field="${enrichment.fullIntent.Symbol}" operator="in" value=["SPYM","CRCL","TSLA","NVDA","IAU","PPLT","MSTR","AMZN","SIVR","COIN"] actual="denominator:hemiBTC""
[2026-06-16T12:18:20.245Z] scanner-ws: delivered 1 log(s) (blocks 29132714..29132714)
[2026-06-16T12:18:20.248Z] [debug] daemon: condition-filtered router=client_test_01_router_default reason="condition failed: field="${enrichment.fullIntent.Symbol}" operator="in" value=["SPYM","CRCL","TSLA","NVDA","IAU","PPLT","MSTR","AMZN","SIVR","COIN"] actual="usdValue:hemiBTC""
[2026-06-16T12:18:20.254Z] scanner-ws: delivered 1 log(s) (blocks 29132714..29132714)
[2026-06-16T12:18:20.260Z] [debug] daemon: condition-filtered router=client_test_01_router_default reason="condition failed: field="${enrichment.fullIntent.Symbol}" operator="in" value=["SPYM","CRCL","TSLA","NVDA","IAU","PPLT","MSTR","AMZN","SIVR","COIN"] actual="fairValue:hemiBTC""
[2026-06-16T12:18:20.267Z] scanner-ws: delivered 1 log(s) (blocks 29132714..29132714)
[2026-06-16T12:18:20.271Z] [debug] daemon: condition-filtered router=client_test_01_router_default reason="condition failed: field="${enrichment.fullIntent.Symbol}" operator="in" value=["SPYM","CRCL","TSLA","NVDA","IAU","PPLT","MSTR","AMZN","SIVR","COIN"] actual="numerator:hemiBTC""
[2026-06-16T12:18:20.277Z] scanner-ws: delivered 1 log(s) (blocks 29132714..29132714)
[2026-06-16T12:18:21.247Z] [debug] daemon: condition-filtered router=client_test_01_router_default reason="condition failed: field="${enrichment.fullIntent.Symbol}" operator="in" value=["SPYM","CRCL","TSLA","NVDA","IAU","PPLT","MSTR","AMZN","SIVR","COIN"] actual="numerator:spSEI""
[2026-06-16T12:18:21.253Z] scanner-ws: delivered 1 log(s) (blocks 29132714..29132714)
[2026-06-16T12:18:24.617Z] scanner-http: scanned 29132697..29132714 (8 log(s), head=29132720, finalized=29132714)
[2026-06-16T12:18:25.071Z] scanner-http: scanned 29132715..29132716 (0 log(s), head=29132722, finalized=29132716)
[2026-06-16T12:18:35.991Z] scanner-http: scanned 29132717..29132733 (0 log(s), head=29132739, finalized=29132733)
[2026-06-16T12:18:41.100Z] [debug] daemon: condition-filtered router=client_test_01_router_default reason="condition failed: field="${enrichment.fullIntent.Symbol}" operator="in" value=["SPYM","CRCL","TSLA","NVDA","IAU","PPLT","MSTR","AMZN","SIVR","COIN"] actual="ARS/USDT""
[2026-06-16T12:18:41.106Z] scanner-ws: delivered 1 log(s) (blocks 29132748..29132748)
[2026-06-16T12:18:41.499Z] [debug] daemon: policy-filtered router=client_test_01_router_default dest=0
[2026-06-16T12:18:41.505Z] scanner-ws: delivered 1 log(s) (blocks 29132750..29132750)
[2026-06-16T12:18:47.130Z] scanner-http: scanned 29132734..29132755 (2 log(s), head=29132761, finalized=29132755)
[2026-06-16T12:18:57.938Z] scanner-http: scanned 29132756..29132773 (0 log(s), head=29132779, finalized=29132773)
[2026-06-16T12:18:58.505Z] scanner-http: scanned 29132774..29132774 (0 log(s), head=29132780, finalized=29132774)
[2026-06-16T12:18:58.513Z] [debug] daemon: condition-filtered router=client_test_01_router_default reason="condition failed: field="${enrichment.fullIntent.Symbol}" operator="in" value=["SPYM","CRCL","TSLA","NVDA","IAU","PPLT","MSTR","AMZN","SIVR","COIN"] actual="usdValue:spSEI""
[2026-06-16T12:18:58.519Z] scanner-ws: delivered 1 log(s) (blocks 29132780..29132780)
[2026-06-16T12:18:58.529Z] [debug] daemon: condition-filtered router=client_test_01_router_default reason="condition failed: field="${enrichment.fullIntent.Symbol}" operator="in" value=["SPYM","CRCL","TSLA","NVDA","IAU","PPLT","MSTR","AMZN","SIVR","COIN"] actual="fairValue:spSEI""
[2026-06-16T12:18:58.534Z] scanner-ws: delivered 1 log(s) (blocks 29132780..29132780)
[2026-06-16T12:18:58.607Z] [debug] daemon: condition-filtered router=client_test_01_router_default reason="condition failed: field="${enrichment.fullIntent.Symbol}" operator="in" value=["SPYM","CRCL","TSLA","NVDA","IAU","PPLT","MSTR","AMZN","SIVR","COIN"] actual="denominator:spSEI""
[2026-06-16T12:18:58.614Z] scanner-ws: delivered 1 log(s) (blocks 29132780..29132780)
[2026-06-16T12:18:58.622Z] [debug] daemon: condition-filtered router=client_test_01_router_default reason="condition failed: field="${enrichment.fullIntent.Symbol}" operator="in" value=["SPYM","CRCL","TSLA","NVDA","IAU","PPLT","MSTR","AMZN","SIVR","COIN"] actual="fairValue:hemiBTC""
[2026-06-16T12:18:58.628Z] scanner-ws: delivered 1 log(s) (blocks 29132780..29132780)
[2026-06-16T12:18:58.632Z] [debug] daemon: condition-filtered router=client_test_01_router_default reason="condition failed: field="${enrichment.fullIntent.Symbol}" operator="in" value=["SPYM","CRCL","TSLA","NVDA","IAU","PPLT","MSTR","AMZN","SIVR","COIN"] actual="numerator:spSEI""
[2026-06-16T12:18:58.637Z] scanner-ws: delivered 1 log(s) (blocks 29132780..29132780)
[2026-06-16T12:18:58.641Z] [debug] daemon: condition-filtered router=client_test_01_router_default reason="condition failed: field="${enrichment.fullIntent.Symbol}" operator="in" value=["SPYM","CRCL","TSLA","NVDA","IAU","PPLT","MSTR","AMZN","SIVR","COIN"] actual="numerator:hemiBTC""
[2026-06-16T12:18:58.646Z] scanner-ws: delivered 1 log(s) (blocks 29132780..29132780)
[2026-06-16T12:18:58.650Z] [debug] daemon: condition-filtered router=client_test_01_router_default reason="condition failed: field="${enrichment.fullIntent.Symbol}" operator="in" value=["SPYM","CRCL","TSLA","NVDA","IAU","PPLT","MSTR","AMZN","SIVR","COIN"] actual="denominator:hemiBTC""
[2026-06-16T12:18:58.656Z] scanner-ws: delivered 1 log(s) (blocks 29132780..29132780)
[2026-06-16T12:18:58.659Z] [debug] daemon: condition-filtered router=client_test_01_router_default reason="condition failed: field="${enrichment.fullIntent.Symbol}" operator="in" value=["SPYM","CRCL","TSLA","NVDA","IAU","PPLT","MSTR","AMZN","SIVR","COIN"] actual="usdValue:hemiBTC""
[2026-06-16T12:18:58.665Z] scanner-ws: delivered 1 log(s) (blocks 29132780..29132780)
[2026-06-16T12:18:59.100Z] scanner-http: scanned 29132775..29132777 (0 log(s), head=29132783, finalized=29132777)
[2026-06-16T12:18:59.565Z] scanner-http: scanned 29132778..29132778 (0 log(s), head=29132784, finalized=29132778)
[2026-06-16T12:19:00.132Z] scanner-http: scanned 29132779..29132779 (0 log(s), head=29132785, finalized=29132779)
[2026-06-16T12:19:00.871Z] scanner-http: scanned 29132780..29132780 (8 log(s), head=29132786, finalized=29132780)
[2026-06-16T12:19:11.770Z] scanner-http: scanned 29132781..29132799 (0 log(s), head=29132805, finalized=29132799)
[2026-06-16T12:19:19.994Z] [debug] daemon: condition-filtered router=client_test_01_router_default reason="condition failed: field="${enrichment.fullIntent.Symbol}" operator="in" value=["SPYM","CRCL","TSLA","NVDA","IAU","PPLT","MSTR","AMZN","SIVR","COIN"] actual="fairValue:spSEI""
[2026-06-16T12:19:20.002Z] scanner-ws: delivered 1 log(s) (blocks 29132819..29132819)
[2026-06-16T12:19:20.094Z] [debug] daemon: condition-filtered router=client_test_01_router_default reason="condition failed: field="${enrichment.fullIntent.Symbol}" operator="in" value=["SPYM","CRCL","TSLA","NVDA","IAU","PPLT","MSTR","AMZN","SIVR","COIN"] actual="denominator:spSEI""
[2026-06-16T12:19:20.100Z] scanner-ws: delivered 1 log(s) (blocks 29132819..29132819)
[2026-06-16T12:19:20.107Z] [debug] daemon: condition-filtered router=client_test_01_router_default reason="condition failed: field="${enrichment.fullIntent.Symbol}" operator="in" value=["SPYM","CRCL","TSLA","NVDA","IAU","PPLT","MSTR","AMZN","SIVR","COIN"] actual="numerator:spSEI""
[2026-06-16T12:19:20.113Z] scanner-ws: delivered 1 log(s) (blocks 29132819..29132819)
[2026-06-16T12:19:20.117Z] [debug] daemon: condition-filtered router=client_test_01_router_default reason="condition failed: field="${enrichment.fullIntent.Symbol}" operator="in" value=["SPYM","CRCL","TSLA","NVDA","IAU","PPLT","MSTR","AMZN","SIVR","COIN"] actual="numerator:hemiBTC""
[2026-06-16T12:19:20.123Z] scanner-ws: delivered 1 log(s) (blocks 29132819..29132819)
[2026-06-16T12:19:20.126Z] [debug] daemon: condition-filtered router=client_test_01_router_default reason="condition failed: field="${enrichment.fullIntent.Symbol}" operator="in" value=["SPYM","CRCL","TSLA","NVDA","IAU","PPLT","MSTR","AMZN","SIVR","COIN"] actual="usdValue:spSEI""
[2026-06-16T12:19:20.132Z] scanner-ws: delivered 1 log(s) (blocks 29132819..29132819)
[2026-06-16T12:19:20.137Z] [debug] daemon: condition-filtered router=client_test_01_router_default reason="condition failed: field="${enrichment.fullIntent.Symbol}" operator="in" value=["SPYM","CRCL","TSLA","NVDA","IAU","PPLT","MSTR","AMZN","SIVR","COIN"] actual="usdValue:hemiBTC""
[2026-06-16T12:19:20.143Z] scanner-ws: delivered 1 log(s) (blocks 29132819..29132819)
[2026-06-16T12:19:20.150Z] [debug] daemon: condition-filtered router=client_test_01_router_default reason="condition failed: field="${enrichment.fullIntent.Symbol}" operator="in" value=["SPYM","CRCL","TSLA","NVDA","IAU","PPLT","MSTR","AMZN","SIVR","COIN"] actual="denominator:hemiBTC""
[2026-06-16T12:19:20.159Z] [debug] daemon: condition-filtered router=client_test_01_router_default reason="condition failed: field="${enrichment.fullIntent.Symbol}" operator="in" value=["SPYM","CRCL","TSLA","NVDA","IAU","PPLT","MSTR","AMZN","SIVR","COIN"] actual="fairValue:hemiBTC""
[2026-06-16T12:19:20.155Z] scanner-ws: delivered 1 log(s) (blocks 29132819..29132819)
[2026-06-16T12:19:20.165Z] scanner-ws: delivered 1 log(s) (blocks 29132819..29132819)
[2026-06-16T12:19:22.347Z] scanner-http: scanned 29132800..29132818 (0 log(s), head=29132824, finalized=29132818)
[2026-06-16T12:19:32.585Z] [debug] daemon: condition-filtered router=client_test_01_router_default reason="condition failed: field="${enrichment.fullIntent.Symbol}" operator="in" value=["SPYM","CRCL","TSLA","NVDA","IAU","PPLT","MSTR","AMZN","SIVR","COIN"] actual="BMNR""
[2026-06-16T12:19:32.590Z] scanner-ws: delivered 1 log(s) (blocks 29132845..29132845)
[2026-06-16T12:19:33.414Z] scanner-http: scanned 29132819..29132842 (8 log(s), head=29132848, finalized=29132842)
[2026-06-16T12:19:33.866Z] scanner-http: scanned 29132843..29132843 (0 log(s), head=29132849, finalized=29132843)
[2026-06-16T12:19:34.372Z] scanner-http: scanned 29132844..29132844 (0 log(s), head=29132850, finalized=29132844)
[2026-06-16T12:19:41.178Z] [debug] daemon: condition-filtered router=client_test_01_router_default reason="condition failed: field="${enrichment.fullIntent.Symbol}" operator="in" value=["SPYM","CRCL","TSLA","NVDA","IAU","PPLT","MSTR","AMZN","SIVR","COIN"] actual="ARS/USDT""
[2026-06-16T12:19:41.186Z] scanner-ws: delivered 1 log(s) (blocks 29132862..29132862)
[2026-06-16T12:19:46.482Z] scanner-http: scanned 29132845..29132863 (2 log(s), head=29132869, finalized=29132863)
[2026-06-16T12:19:46.965Z] scanner-http: scanned 29132864..29132867 (0 log(s), head=29132873, finalized=29132867)
[2026-06-16T12:19:58.656Z] [debug] daemon: condition-filtered router=client_test_01_router_default reason="condition failed: field="${enrichment.fullIntent.Symbol}" operator="in" value=["SPYM","CRCL","TSLA","NVDA","IAU","PPLT","MSTR","AMZN","SIVR","COIN"] actual="fairValue:spSEI""
[2026-06-16T12:19:58.663Z] scanner-ws: delivered 1 log(s) (blocks 29132889..29132889)
[2026-06-16T12:19:58.748Z] [debug] daemon: condition-filtered router=client_test_01_router_default reason="condition failed: field="${enrichment.fullIntent.Symbol}" operator="in" value=["SPYM","CRCL","TSLA","NVDA","IAU","PPLT","MSTR","AMZN","SIVR","COIN"] actual="denominator:hemiBTC""
[2026-06-16T12:19:58.756Z] scanner-ws: delivered 1 log(s) (blocks 29132889..29132889)
[2026-06-16T12:19:58.761Z] [debug] daemon: condition-filtered router=client_test_01_router_default reason="condition failed: field="${enrichment.fullIntent.Symbol}" operator="in" value=["SPYM","CRCL","TSLA","NVDA","IAU","PPLT","MSTR","AMZN","SIVR","COIN"] actual="numerator:spSEI""
[2026-06-16T12:19:58.769Z] scanner-ws: delivered 1 log(s) (blocks 29132889..29132889)
[2026-06-16T12:19:58.781Z] [debug] daemon: condition-filtered router=client_test_01_router_default reason="condition failed: field="${enrichment.fullIntent.Symbol}" operator="in" value=["SPYM","CRCL","TSLA","NVDA","IAU","PPLT","MSTR","AMZN","SIVR","COIN"] actual="denominator:spSEI""
[2026-06-16T12:19:58.790Z] scanner-ws: delivered 1 log(s) (blocks 29132889..29132889)
[2026-06-16T12:19:58.794Z] [debug] daemon: condition-filtered router=client_test_01_router_default reason="condition failed: field="${enrichment.fullIntent.Symbol}" operator="in" value=["SPYM","CRCL","TSLA","NVDA","IAU","PPLT","MSTR","AMZN","SIVR","COIN"] actual="numerator:hemiBTC""
[2026-06-16T12:19:58.802Z] scanner-ws: delivered 1 log(s) (blocks 29132889..29132889)
[2026-06-16T12:19:58.807Z] [debug] daemon: condition-filtered router=client_test_01_router_default reason="condition failed: field="${enrichment.fullIntent.Symbol}" operator="in" value=["SPYM","CRCL","TSLA","NVDA","IAU","PPLT","MSTR","AMZN","SIVR","COIN"] actual="usdValue:spSEI""
[2026-06-16T12:19:58.814Z] scanner-ws: delivered 1 log(s) (blocks 29132889..29132889)
[2026-06-16T12:19:58.819Z] [debug] daemon: condition-filtered router=client_test_01_router_default reason="condition failed: field="${enrichment.fullIntent.Symbol}" operator="in" value=["SPYM","CRCL","TSLA","NVDA","IAU","PPLT","MSTR","AMZN","SIVR","COIN"] actual="fairValue:hemiBTC""
[2026-06-16T12:19:58.826Z] scanner-ws: delivered 1 log(s) (blocks 29132889..29132889)
[2026-06-16T12:19:58.830Z] [debug] daemon: condition-filtered router=client_test_01_router_default reason="condition failed: field="${enrichment.fullIntent.Symbol}" operator="in" value=["SPYM","CRCL","TSLA","NVDA","IAU","PPLT","MSTR","AMZN","SIVR","COIN"] actual="usdValue:hemiBTC""
[2026-06-16T12:19:58.838Z] scanner-ws: delivered 1 log(s) (blocks 29132889..29132889)
[2026-06-16T12:19:58.933Z] scanner-http: scanned 29132868..29132885 (0 log(s), head=29132891, finalized=29132885)
[2026-06-16T12:19:59.381Z] scanner-http: scanned 29132886..29132888 (0 log(s), head=29132894, finalized=29132888)
[2026-06-16T12:20:07.341Z] cron-service: resubmitting CRCL (router=client_test_01_router_default, confirmedAge=489s, ceiling=600s, intentHash=0x7661ab16adf6549568da6d899ab74c0db5f6c20c287776103f6e07a4edd4ecfc).
[2026-06-16T12:20:10.607Z] scanner-http: scanned 29132889..29132903 (8 log(s), head=29132909, finalized=29132903)
[2026-06-16T12:20:11.067Z] scanner-http: scanned 29132904..29132904 (0 log(s), head=29132910, finalized=29132904)
[2026-06-16T12:20:11.521Z] scanner-http: scanned 29132905..29132905 (0 log(s), head=29132911, finalized=29132905)
[2026-06-16T12:20:20.065Z] [debug] daemon: condition-filtered router=client_test_01_router_default reason="condition failed: field="${enrichment.fullIntent.Symbol}" operator="in" value=["SPYM","CRCL","TSLA","NVDA","IAU","PPLT","MSTR","AMZN","SIVR","COIN"] actual="fairValue:spSEI""
[2026-06-16T12:20:20.072Z] scanner-ws: delivered 1 log(s) (blocks 29132925..29132925)
[2026-06-16T12:20:20.134Z] [debug] daemon: condition-filtered router=client_test_01_router_default reason="condition failed: field="${enrichment.fullIntent.Symbol}" operator="in" value=["SPYM","CRCL","TSLA","NVDA","IAU","PPLT","MSTR","AMZN","SIVR","COIN"] actual="usdValue:spSEI""
[2026-06-16T12:20:20.142Z] scanner-ws: delivered 1 log(s) (blocks 29132925..29132925)
[2026-06-16T12:20:20.157Z] [debug] daemon: condition-filtered router=client_test_01_router_default reason="condition failed: field="${enrichment.fullIntent.Symbol}" operator="in" value=["SPYM","CRCL","TSLA","NVDA","IAU","PPLT","MSTR","AMZN","SIVR","COIN"] actual="numerator:hemiBTC""
[2026-06-16T12:20:20.164Z] scanner-ws: delivered 1 log(s) (blocks 29132925..29132925)
[2026-06-16T12:20:20.168Z] [debug] daemon: condition-filtered router=client_test_01_router_default reason="condition failed: field="${enrichment.fullIntent.Symbol}" operator="in" value=["SPYM","CRCL","TSLA","NVDA","IAU","PPLT","MSTR","AMZN","SIVR","COIN"] actual="denominator:spSEI""
[2026-06-16T12:20:20.174Z] scanner-ws: delivered 1 log(s) (blocks 29132925..29132925)
[2026-06-16T12:20:20.178Z] [debug] daemon: condition-filtered router=client_test_01_router_default reason="condition failed: field="${enrichment.fullIntent.Symbol}" operator="in" value=["SPYM","CRCL","TSLA","NVDA","IAU","PPLT","MSTR","AMZN","SIVR","COIN"] actual="denominator:hemiBTC""
[2026-06-16T12:20:20.185Z] scanner-ws: delivered 1 log(s) (blocks 29132925..29132925)
[2026-06-16T12:20:20.189Z] [debug] daemon: condition-filtered router=client_test_01_router_default reason="condition failed: field="${enrichment.fullIntent.Symbol}" operator="in" value=["SPYM","CRCL","TSLA","NVDA","IAU","PPLT","MSTR","AMZN","SIVR","COIN"] actual="fairValue:hemiBTC""
[2026-06-16T12:20:20.197Z] scanner-ws: delivered 1 log(s) (blocks 29132925..29132925)
[2026-06-16T12:20:20.201Z] [debug] daemon: condition-filtered router=client_test_01_router_default reason="condition failed: field="${enrichment.fullIntent.Symbol}" operator="in" value=["SPYM","CRCL","TSLA","NVDA","IAU","PPLT","MSTR","AMZN","SIVR","COIN"] actual="usdValue:hemiBTC""
[2026-06-16T12:20:20.208Z] scanner-ws: delivered 1 log(s) (blocks 29132925..29132925)
[2026-06-16T12:20:20.213Z] [debug] daemon: condition-filtered router=client_test_01_router_default reason="condition failed: field="${enrichment.fullIntent.Symbol}" operator="in" value=["SPYM","CRCL","TSLA","NVDA","IAU","PPLT","MSTR","AMZN","SIVR","COIN"] actual="numerator:spSEI""
[2026-06-16T12:20:20.220Z] scanner-ws: delivered 1 log(s) (blocks 29132925..29132925)
[2026-06-16T12:20:22.337Z] scanner-http: scanned 29132906..29132925 (8 log(s), head=29132931, finalized=29132925)
[2026-06-16T12:20:22.796Z] scanner-http: scanned 29132926..29132927 (0 log(s), head=29132933, finalized=29132927)
[2026-06-16T12:20:23.245Z] scanner-http: scanned 29132928..29132928 (0 log(s), head=29132934, finalized=29132928)
[2026-06-16T12:20:34.321Z] scanner-http: scanned 29132929..29132945 (0 log(s), head=29132951, finalized=29132945)
[2026-06-16T12:20:37.253Z] [debug] submitOracleUpdate: intentHash=0x7661ab16adf6549568da6d899ab74c0db5f6c20c287776103f6e07a4edd4ecfc symbol=CRCL
[2026-06-16T12:20:37.253Z] [debug] [clients/client-test-01.json] submit: intentHash=0x7661ab16adf6549568da6d899ab74c0db5f6c20c287776103f6e07a4edd4ecfc symbol=CRCL
[2026-06-16T12:20:37.253Z] [debug] loading state: client=../state/mainnet_run_20260616-074413/clients/client-test-01.json protocol=../state/mainnet_run_20260616-074413/config-bootstrap.json
[2026-06-16T12:20:37.261Z] [debug] connecting to Cardano…
[2026-06-16T12:20:37.287Z] cron-service: resubmitting CRCL (router=client_test_01_router_default, confirmedAge=518s, ceiling=600s, intentHash=0x7661ab16adf6549568da6d899ab74c0db5f6c20c287776103f6e07a4edd4ecfc).
[2026-06-16T12:20:41.103Z] [debug] daemon: condition-filtered router=client_test_01_router_default reason="condition failed: field="${enrichment.fullIntent.Symbol}" operator="in" value=["SPYM","CRCL","TSLA","NVDA","IAU","PPLT","MSTR","AMZN","SIVR","COIN"] actual="ARS/USDT""
[2026-06-16T12:20:41.115Z] scanner-ws: delivered 1 log(s) (blocks 29132965..29132965)
[2026-06-16T12:20:41.879Z] [debug] building oracle update tx for symbol=CRCL
[2026-06-16T12:20:45.584Z] scanner-http: scanned 29132946..29132966 (1 log(s), head=29132972, finalized=29132966)
[2026-06-16T12:20:45.768Z] [debug] submitted: txHash=2c0700e6233b13af68e12dfbabb9600d047ff13b0cd6b62364c6688c96037507 intentHash=0x7661ab16adf6549568da6d899ab74c0db5f6c20c287776103f6e07a4edd4ecfc
[2026-06-16T12:20:46.031Z] scanner-http: scanned 29132967..29132970 (0 log(s), head=29132976, finalized=29132970)
[2026-06-16T12:20:46.512Z] scanner-http: scanned 29132971..29132971 (0 log(s), head=29132977, finalized=29132971)
[2026-06-16T12:20:57.343Z] scanner-http: scanned 29132972..29132992 (0 log(s), head=29132998, finalized=29132992)
[2026-06-16T12:20:57.794Z] scanner-http: scanned 29132993..29132993 (0 log(s), head=29132999, finalized=29132993)
[2026-06-16T12:20:58.244Z] scanner-http: scanned 29132994..29132994 (0 log(s), head=29133000, finalized=29132994)
[2026-06-16T12:20:58.706Z] [debug] daemon: condition-filtered router=client_test_01_router_default reason="condition failed: field="${enrichment.fullIntent.Symbol}" operator="in" value=["SPYM","CRCL","TSLA","NVDA","IAU","PPLT","MSTR","AMZN","SIVR","COIN"] actual="usdValue:spSEI""
[2026-06-16T12:20:58.712Z] scanner-ws: delivered 1 log(s) (blocks 29133001..29133001)
[2026-06-16T12:20:58.715Z] [debug] daemon: condition-filtered router=client_test_01_router_default reason="condition failed: field="${enrichment.fullIntent.Symbol}" operator="in" value=["SPYM","CRCL","TSLA","NVDA","IAU","PPLT","MSTR","AMZN","SIVR","COIN"] actual="fairValue:spSEI""
[2026-06-16T12:20:58.721Z] scanner-ws: delivered 1 log(s) (blocks 29133001..29133001)
[2026-06-16T12:20:58.789Z] [debug] daemon: condition-filtered router=client_test_01_router_default reason="condition failed: field="${enrichment.fullIntent.Symbol}" operator="in" value=["SPYM","CRCL","TSLA","NVDA","IAU","PPLT","MSTR","AMZN","SIVR","COIN"] actual="denominator:hemiBTC""
[2026-06-16T12:20:58.795Z] scanner-ws: delivered 1 log(s) (blocks 29133001..29133001)
[2026-06-16T12:20:58.801Z] scanner-http: scanned 29132995..29132995 (0 log(s), head=29133001, finalized=29132995)
[2026-06-16T12:20:58.810Z] [debug] daemon: condition-filtered router=client_test_01_router_default reason="condition failed: field="${enrichment.fullIntent.Symbol}" operator="in" value=["SPYM","CRCL","TSLA","NVDA","IAU","PPLT","MSTR","AMZN","SIVR","COIN"] actual="numerator:spSEI""
[2026-06-16T12:20:58.816Z] scanner-ws: delivered 1 log(s) (blocks 29133001..29133001)
[2026-06-16T12:20:58.820Z] [debug] daemon: condition-filtered router=client_test_01_router_default reason="condition failed: field="${enrichment.fullIntent.Symbol}" operator="in" value=["SPYM","CRCL","TSLA","NVDA","IAU","PPLT","MSTR","AMZN","SIVR","COIN"] actual="usdValue:hemiBTC""
[2026-06-16T12:20:58.825Z] scanner-ws: delivered 1 log(s) (blocks 29133001..29133001)
[2026-06-16T12:20:58.828Z] [debug] daemon: condition-filtered router=client_test_01_router_default reason="condition failed: field="${enrichment.fullIntent.Symbol}" operator="in" value=["SPYM","CRCL","TSLA","NVDA","IAU","PPLT","MSTR","AMZN","SIVR","COIN"] actual="denominator:spSEI""
[2026-06-16T12:20:58.833Z] scanner-ws: delivered 1 log(s) (blocks 29133001..29133001)
[2026-06-16T12:20:58.838Z] [debug] daemon: condition-filtered router=client_test_01_router_default reason="condition failed: field="${enrichment.fullIntent.Symbol}" operator="in" value=["SPYM","CRCL","TSLA","NVDA","IAU","PPLT","MSTR","AMZN","SIVR","COIN"] actual="numerator:hemiBTC""
[2026-06-16T12:20:58.844Z] scanner-ws: delivered 1 log(s) (blocks 29133001..29133001)
[2026-06-16T12:20:58.851Z] [debug] daemon: condition-filtered router=client_test_01_router_default reason="condition failed: field="${enrichment.fullIntent.Symbol}" operator="in" value=["SPYM","CRCL","TSLA","NVDA","IAU","PPLT","MSTR","AMZN","SIVR","COIN"] actual="fairValue:hemiBTC""
[2026-06-16T12:20:58.858Z] scanner-ws: delivered 1 log(s) (blocks 29133001..29133001)
[2026-06-16T12:20:59.253Z] scanner-http: scanned 29132996..29132997 (0 log(s), head=29133003, finalized=29132997)
[2026-06-16T12:20:59.706Z] scanner-http: scanned 29132998..29132998 (0 log(s), head=29133004, finalized=29132998)
[2026-06-16T12:21:00.157Z] scanner-http: scanned 29132999..29132999 (0 log(s), head=29133005, finalized=29132999)
[2026-06-16T12:21:00.600Z] scanner-http: scanned 29133000..29133000 (0 log(s), head=29133006, finalized=29133000)
[2026-06-16T12:21:07.260Z] cron-service: resubmitting CRCL (router=client_test_01_router_default, confirmedAge=548s, ceiling=600s, intentHash=0x7661ab16adf6549568da6d899ab74c0db5f6c20c287776103f6e07a4edd4ecfc).
[2026-06-16T12:21:11.292Z] scanner-ws: delivered 1 log(s) (blocks 29133019..29133019)
[2026-06-16T12:21:11.829Z] scanner-http: scanned 29133001..29133015 (8 log(s), head=29133021, finalized=29133015)
[2026-06-16T12:21:12.274Z] scanner-http: scanned 29133016..29133017 (0 log(s), head=29133023, finalized=29133017)
[2026-06-16T12:21:20.054Z] [debug] daemon: condition-filtered router=client_test_01_router_default reason="condition failed: field="${enrichment.fullIntent.Symbol}" operator="in" value=["SPYM","CRCL","TSLA","NVDA","IAU","PPLT","MSTR","AMZN","SIVR","COIN"] actual="fairValue:spSEI""
[2026-06-16T12:21:20.059Z] scanner-ws: delivered 1 log(s) (blocks 29133035..29133035)
[2026-06-16T12:21:20.145Z] [debug] daemon: condition-filtered router=client_test_01_router_default reason="condition failed: field="${enrichment.fullIntent.Symbol}" operator="in" value=["SPYM","CRCL","TSLA","NVDA","IAU","PPLT","MSTR","AMZN","SIVR","COIN"] actual="numerator:spSEI""
[2026-06-16T12:21:20.151Z] scanner-ws: delivered 1 log(s) (blocks 29133035..29133035)
[2026-06-16T12:21:20.157Z] [debug] daemon: condition-filtered router=client_test_01_router_default reason="condition failed: field="${enrichment.fullIntent.Symbol}" operator="in" value=["SPYM","CRCL","TSLA","NVDA","IAU","PPLT","MSTR","AMZN","SIVR","COIN"] actual="denominator:hemiBTC""
[2026-06-16T12:21:20.163Z] scanner-ws: delivered 1 log(s) (blocks 29133035..29133035)
[2026-06-16T12:21:20.170Z] [debug] daemon: condition-filtered router=client_test_01_router_default reason="condition failed: field="${enrichment.fullIntent.Symbol}" operator="in" value=["SPYM","CRCL","TSLA","NVDA","IAU","PPLT","MSTR","AMZN","SIVR","COIN"] actual="denominator:spSEI""
[2026-06-16T12:21:20.177Z] scanner-ws: delivered 1 log(s) (blocks 29133035..29133035)
[2026-06-16T12:21:20.182Z] [debug] daemon: condition-filtered router=client_test_01_router_default reason="condition failed: field="${enrichment.fullIntent.Symbol}" operator="in" value=["SPYM","CRCL","TSLA","NVDA","IAU","PPLT","MSTR","AMZN","SIVR","COIN"] actual="usdValue:spSEI""
[2026-06-16T12:21:20.188Z] scanner-ws: delivered 1 log(s) (blocks 29133035..29133035)
[2026-06-16T12:21:20.192Z] [debug] daemon: condition-filtered router=client_test_01_router_default reason="condition failed: field="${enrichment.fullIntent.Symbol}" operator="in" value=["SPYM","CRCL","TSLA","NVDA","IAU","PPLT","MSTR","AMZN","SIVR","COIN"] actual="numerator:hemiBTC""
[2026-06-16T12:21:20.196Z] scanner-ws: delivered 1 log(s) (blocks 29133035..29133035)
[2026-06-16T12:21:20.200Z] [debug] daemon: condition-filtered router=client_test_01_router_default reason="condition failed: field="${enrichment.fullIntent.Symbol}" operator="in" value=["SPYM","CRCL","TSLA","NVDA","IAU","PPLT","MSTR","AMZN","SIVR","COIN"] actual="usdValue:hemiBTC""
[2026-06-16T12:21:20.204Z] scanner-ws: delivered 1 log(s) (blocks 29133035..29133035)
[2026-06-16T12:21:20.210Z] [debug] daemon: condition-filtered router=client_test_01_router_default reason="condition failed: field="${enrichment.fullIntent.Symbol}" operator="in" value=["SPYM","CRCL","TSLA","NVDA","IAU","PPLT","MSTR","AMZN","SIVR","COIN"] actual="fairValue:hemiBTC""
[2026-06-16T12:21:20.215Z] scanner-ws: delivered 1 log(s) (blocks 29133035..29133035)
[2026-06-16T12:21:21.941Z] scanner-ws: delivered 1 log(s) (blocks 29133041..29133041)
[2026-06-16T12:21:22.943Z] [debug] Confirmed by Blockfrost: oracle update (CRCL, intentHash=0x7661ab16adf6549568da6d899ab74c0db5f6c20c287776103f6e07a4edd4ecfc) 2c0700e6233b13af68e12dfbabb9600d047ff13b0cd6b62364c6688c96037507.
[2026-06-16T12:21:23.145Z] scanner-ws: delivered 1 log(s) (blocks 29133043..29133043)
[2026-06-16T12:21:23.191Z] scanner-http: scanned 29133018..29133038 (9 log(s), head=29133044, finalized=29133038)
[2026-06-16T12:21:23.635Z] scanner-http: scanned 29133039..29133039 (0 log(s), head=29133045, finalized=29133039)
[2026-06-16T12:21:24.534Z] scanner-ws: delivered 1 log(s) (blocks 29133046..29133046)
[2026-06-16T12:21:25.552Z] scanner-ws: delivered 1 log(s) (blocks 29133049..29133049)
[2026-06-16T12:21:26.653Z] scanner-ws: delivered 1 log(s) (blocks 29133054..29133054)
[2026-06-16T12:21:27.704Z] scanner-ws: delivered 1 log(s) (blocks 29133056..29133056)
[2026-06-16T12:21:29.254Z] [debug] daemon: condition-filtered router=client_test_01_router_default reason="condition failed: field="${enrichment.fullIntent.Symbol}" operator="in" value=["SPYM","CRCL","TSLA","NVDA","IAU","PPLT","MSTR","AMZN","SIVR","COIN"] actual="BMNR""
[2026-06-16T12:21:29.260Z] scanner-ws: delivered 1 log(s) (blocks 29133059..29133059)
[2026-06-16T12:21:29.861Z] [debug] confirmed: txHash=2c0700e6233b13af68e12dfbabb9600d047ff13b0cd6b62364c6688c96037507 receiverUnit=6ec4b5aa572382beb11bb8db28a87884d147afe4e2b3d8f5a7331a254449415f52454345495645525f434c49454e545f41
[2026-06-16T12:21:30.272Z] [debug] daemon: condition-filtered router=client_test_01_router_default reason="condition failed: field="${enrichment.fullIntent.Symbol}" operator="in" value=["SPYM","CRCL","TSLA","NVDA","IAU","PPLT","MSTR","AMZN","SIVR","COIN"] actual="IBHG""
[2026-06-16T12:21:30.277Z] scanner-ws: delivered 1 log(s) (blocks 29133061..29133061)
[2026-06-16T12:21:32.633Z] [debug] [clients/client-test-01.json] confirmed: txHash=2c0700e6233b13af68e12dfbabb9600d047ff13b0cd6b62364c6688c96037507 intentHash=0x7661ab16adf6549568da6d899ab74c0db5f6c20c287776103f6e07a4edd4ecfc receiverUnit=6ec4b5aa572382beb11bb8db28a87884d147afe4e2b3d8f5a7331a254449415f52454345495645525f434c49454e545f41
[2026-06-16T12:21:32.650Z] [debug] [clients/client-test-01.json] submitBatch: intents=8 symbols=CRCL,NVDA,AMZN,COIN,IAU,SPYM,SIVR,PPLT
[2026-06-16T12:21:32.651Z] [debug] submitOracleUpdateBatch: intents=8 symbols=CRCL, NVDA, AMZN, COIN, IAU, SPYM, SIVR, PPLT
[2026-06-16T12:21:35.037Z] scanner-http: scanned 29133040..29133062 (8 log(s), head=29133068, finalized=29133062)
[2026-06-16T12:21:35.094Z] [debug] submitOracleUpdateBatch: skipping CRCL — intent (ts=1781612319, nonce=1781609473717109782) does not beat on-chain (ts=1781612319, nonce=1781609473717109782); superseded.
[2026-06-16T12:21:35.457Z] scanner-http: scanned 29133063..29133064 (0 log(s), head=29133070, finalized=29133064)
[2026-06-16T12:21:37.314Z] cron-service: resubmitting SPYM (router=client_test_01_router_default, confirmedAge=1429s, ceiling=600s, intentHash=0xa105451dbf754e502270a3d961444436e7f87adcb308baa743ae58debb527fb8).
[2026-06-16T12:21:37.324Z] cron-service: resubmitting NVDA (router=client_test_01_router_default, confirmedAge=980s, ceiling=600s, intentHash=0x9cbe3695c5eb0d3f748cf342d35d6e012485b8470c018b300e3da6aacc992b03).
[2026-06-16T12:21:37.328Z] cron-service: resubmitting IAU (router=client_test_01_router_default, confirmedAge=1429s, ceiling=600s, intentHash=0x114a96a56f0ded33f871510f4f0bbcf7e582c7fb52b2902ca5ea91b3c7ad2fbf).
[2026-06-16T12:21:37.329Z] cron-service: resubmitting PPLT (router=client_test_01_router_default, confirmedAge=1429s, ceiling=600s, intentHash=0x628091354792562f7967698535b17aff1278caf9f88537a29f340d708363c688).
[2026-06-16T12:21:37.335Z] cron-service: resubmitting AMZN (router=client_test_01_router_default, confirmedAge=1429s, ceiling=600s, intentHash=0x6263b14619c70fb5afc9f4e08cc771437cfeb9529fd7538b161be97f0d0fe526).
[2026-06-16T12:21:37.337Z] cron-service: resubmitting SIVR (router=client_test_01_router_default, confirmedAge=1429s, ceiling=600s, intentHash=0xff7347aa3d0360f077af4b5c64bd45ad6668a50e9a4bccc35706905aa231e171).
[2026-06-16T12:21:37.340Z] cron-service: resubmitting COIN (router=client_test_01_router_default, confirmedAge=1429s, ceiling=600s, intentHash=0x7ad4936eb96c78788defddccd3cb46d7151244647b8d27a61153464ba0053211).
[2026-06-16T12:21:41.060Z] [debug] daemon: condition-filtered router=client_test_01_router_default reason="condition failed: field="${enrichment.fullIntent.Symbol}" operator="in" value=["SPYM","CRCL","TSLA","NVDA","IAU","PPLT","MSTR","AMZN","SIVR","COIN"] actual="ARS/USDT""
[2026-06-16T12:21:41.068Z] scanner-ws: delivered 1 log(s) (blocks 29133080..29133080)
[2026-06-16T12:21:44.730Z] [debug] daemon: condition-filtered router=client_test_01_router_default reason="condition failed: field="${enrichment.fullIntent.Symbol}" operator="in" value=["SPYM","CRCL","TSLA","NVDA","IAU","PPLT","MSTR","AMZN","SIVR","COIN"] actual="BMNR""
[2026-06-16T12:21:44.741Z] scanner-ws: delivered 1 log(s) (blocks 29133088..29133088)
[2026-06-16T12:21:46.795Z] scanner-http: scanned 29133065..29133086 (1 log(s), head=29133092, finalized=29133086)
[2026-06-16T12:21:47.281Z] scanner-http: scanned 29133087..29133087 (0 log(s), head=29133093, finalized=29133087)
[2026-06-16T12:21:52.310Z] [debug] Confirmed by Blockfrost: oracle update batch (CRCL, NVDA, AMZN, COIN, IAU, SPYM, SIVR, PPLT) 4770ed4d746b120b627e97d03bc8eade681281a4e2ffe95300e9ce20827f57fb.
[2026-06-16T12:21:58.556Z] [debug] daemon: condition-filtered router=client_test_01_router_default reason="condition failed: field="${enrichment.fullIntent.Symbol}" operator="in" value=["SPYM","CRCL","TSLA","NVDA","IAU","PPLT","MSTR","AMZN","SIVR","COIN"] actual="fairValue:spSEI""
[2026-06-16T12:21:58.562Z] scanner-ws: delivered 1 log(s) (blocks 29133110..29133110)
[2026-06-16T12:21:58.638Z] [debug] daemon: condition-filtered router=client_test_01_router_default reason="condition failed: field="${enrichment.fullIntent.Symbol}" operator="in" value=["SPYM","CRCL","TSLA","NVDA","IAU","PPLT","MSTR","AMZN","SIVR","COIN"] actual="usdValue:spSEI""
[2026-06-16T12:21:58.643Z] scanner-ws: delivered 1 log(s) (blocks 29133110..29133110)
[2026-06-16T12:21:58.649Z] [debug] daemon: condition-filtered router=client_test_01_router_default reason="condition failed: field="${enrichment.fullIntent.Symbol}" operator="in" value=["SPYM","CRCL","TSLA","NVDA","IAU","PPLT","MSTR","AMZN","SIVR","COIN"] actual="denominator:hemiBTC""
[2026-06-16T12:21:58.655Z] scanner-ws: delivered 1 log(s) (blocks 29133110..29133110)
[2026-06-16T12:21:58.662Z] [debug] daemon: condition-filtered router=client_test_01_router_default reason="condition failed: field="${enrichment.fullIntent.Symbol}" operator="in" value=["SPYM","CRCL","TSLA","NVDA","IAU","PPLT","MSTR","AMZN","SIVR","COIN"] actual="numerator:hemiBTC""
[2026-06-16T12:21:58.667Z] scanner-ws: delivered 1 log(s) (blocks 29133110..29133110)
[2026-06-16T12:21:58.671Z] [debug] daemon: condition-filtered router=client_test_01_router_default reason="condition failed: field="${enrichment.fullIntent.Symbol}" operator="in" value=["SPYM","CRCL","TSLA","NVDA","IAU","PPLT","MSTR","AMZN","SIVR","COIN"] actual="numerator:spSEI""
[2026-06-16T12:21:58.677Z] scanner-ws: delivered 1 log(s) (blocks 29133110..29133110)
[2026-06-16T12:21:58.679Z] [debug] daemon: condition-filtered router=client_test_01_router_default reason="condition failed: field="${enrichment.fullIntent.Symbol}" operator="in" value=["SPYM","CRCL","TSLA","NVDA","IAU","PPLT","MSTR","AMZN","SIVR","COIN"] actual="fairValue:hemiBTC""
[2026-06-16T12:21:58.690Z] [debug] daemon: condition-filtered router=client_test_01_router_default reason="condition failed: field="${enrichment.fullIntent.Symbol}" operator="in" value=["SPYM","CRCL","TSLA","NVDA","IAU","PPLT","MSTR","AMZN","SIVR","COIN"] actual="usdValue:hemiBTC""
[2026-06-16T12:21:58.694Z] scanner-ws: delivered 1 log(s) (blocks 29133110..29133110)
[2026-06-16T12:21:58.686Z] scanner-ws: delivered 1 log(s) (blocks 29133110..29133110)
[2026-06-16T12:21:58.701Z] [debug] daemon: condition-filtered router=client_test_01_router_default reason="condition failed: field="${enrichment.fullIntent.Symbol}" operator="in" value=["SPYM","CRCL","TSLA","NVDA","IAU","PPLT","MSTR","AMZN","SIVR","COIN"] actual="denominator:spSEI""
[2026-06-16T12:21:58.706Z] scanner-ws: delivered 1 log(s) (blocks 29133110..29133110)
[2026-06-16T12:21:59.149Z] scanner-http: scanned 29133088..29133106 (1 log(s), head=29133112, finalized=29133106)
[2026-06-16T12:21:59.601Z] scanner-http: scanned 29133107..29133109 (0 log(s), head=29133115, finalized=29133109)
[2026-06-16T12:22:00.269Z] scanner-http: scanned 29133110..29133110 (8 log(s), head=29133116, finalized=29133110)
[2026-06-16T12:22:00.726Z] scanner-http: scanned 29133111..29133111 (0 log(s), head=29133117, finalized=29133111)
[2026-06-16T12:22:01.241Z] scanner-http: scanned 29133112..29133112 (0 log(s), head=29133118, finalized=29133112)
[2026-06-16T12:22:02.181Z] [debug] [clients/client-test-01.json] batch confirmed: txHash=4770ed4d746b120b627e97d03bc8eade681281a4e2ffe95300e9ce20827f57fb built=7 skipped=1 receiverUnit=6ec4b5aa572382beb11bb8db28a87884d147afe4e2b3d8f5a7331a254449415f52454345495645525f434c49454e545f41 members=NVDA:update,AMZN:update,COIN:update,IAU:update,SPYM:update,SIVR:update,PPLT:update
[2026-06-16T12:22:02.188Z] [info] daemon: intent superseded (no tx) — code=NonMonotonicNonce intentHash=0x7661ab16adf6549568da6d899ab74c0db5f6c20c287776103f6e07a4edd4ecfc symbol=CRCL batchSize=7
[2026-06-16T12:22:02.267Z] [debug] [clients/client-test-01.json] submitBatch: intents=7 symbols=SPYM,NVDA,IAU,PPLT,AMZN,SIVR,COIN
[2026-06-16T12:22:02.268Z] [debug] submitOracleUpdateBatch: intents=7 symbols=SPYM, NVDA, IAU, PPLT, AMZN, SIVR, COIN
[2026-06-16T12:22:04.795Z] [debug] submitOracleUpdateBatch: skipping SPYM — intent (ts=1781612483, nonce=1781609473717109788) does not beat on-chain (ts=1781612483, nonce=1781609473717109788); superseded.
[2026-06-16T12:22:05.760Z] [debug] submitOracleUpdateBatch: skipping NVDA — intent (ts=1781612468, nonce=1781609473717109784) does not beat on-chain (ts=1781612468, nonce=1781609473717109784); superseded.
[2026-06-16T12:22:06.679Z] [debug] submitOracleUpdateBatch: skipping IAU — intent (ts=1781612482, nonce=1781609473717109787) does not beat on-chain (ts=1781612482, nonce=1781609473717109787); superseded.
[2026-06-16T12:22:07.603Z] [debug] submitOracleUpdateBatch: skipping PPLT — intent (ts=1781612485, nonce=1781609473717109790) does not beat on-chain (ts=1781612485, nonce=1781609473717109790); superseded.
[2026-06-16T12:22:08.521Z] [debug] submitOracleUpdateBatch: skipping AMZN — intent (ts=1781612480, nonce=1781609473717109785) does not beat on-chain (ts=1781612480, nonce=1781609473717109785); superseded.
[2026-06-16T12:22:09.440Z] [debug] submitOracleUpdateBatch: skipping SIVR — intent (ts=1781612484, nonce=1781609473717109789) does not beat on-chain (ts=1781612484, nonce=1781609473717109789); superseded.
[2026-06-16T12:22:10.349Z] [debug] submitOracleUpdateBatch: skipping COIN — intent (ts=1781612481, nonce=1781609473717109786) does not beat on-chain (ts=1781612481, nonce=1781609473717109786); superseded.
[2026-06-16T12:22:10.349Z] [debug] submitOracleUpdateBatch: all 7 candidate(s) superseded on chain; no tx submitted.
[2026-06-16T12:22:10.349Z] [debug] [clients/client-test-01.json] batch: all 7 intent(s) superseded on chain; no tx submitted.
[2026-06-16T12:22:10.360Z] [info] daemon: intent superseded (no tx) — code=NonMonotonicNonce intentHash=0xa105451dbf754e502270a3d961444436e7f87adcb308baa743ae58debb527fb8 symbol=SPYM batchSize=1
[2026-06-16T12:22:10.367Z] [info] daemon: intent superseded (no tx) — code=NonMonotonicNonce intentHash=0x9cbe3695c5eb0d3f748cf342d35d6e012485b8470c018b300e3da6aacc992b03 symbol=NVDA batchSize=1
[2026-06-16T12:22:10.374Z] [info] daemon: intent superseded (no tx) — code=NonMonotonicNonce intentHash=0x114a96a56f0ded33f871510f4f0bbcf7e582c7fb52b2902ca5ea91b3c7ad2fbf symbol=IAU batchSize=1
[2026-06-16T12:22:10.379Z] [info] daemon: intent superseded (no tx) — code=NonMonotonicNonce intentHash=0x628091354792562f7967698535b17aff1278caf9f88537a29f340d708363c688 symbol=PPLT batchSize=1
[2026-06-16T12:22:10.385Z] [info] daemon: intent superseded (no tx) — code=NonMonotonicNonce intentHash=0x6263b14619c70fb5afc9f4e08cc771437cfeb9529fd7538b161be97f0d0fe526 symbol=AMZN batchSize=1
[2026-06-16T12:22:10.390Z] [info] daemon: intent superseded (no tx) — code=NonMonotonicNonce intentHash=0xff7347aa3d0360f077af4b5c64bd45ad6668a50e9a4bccc35706905aa231e171 symbol=SIVR batchSize=1
[2026-06-16T12:22:10.395Z] [info] daemon: intent superseded (no tx) — code=NonMonotonicNonce intentHash=0x7ad4936eb96c78788defddccd3cb46d7151244647b8d27a61153464ba0053211 symbol=COIN batchSize=1
[2026-06-16T12:22:12.103Z] scanner-http: scanned 29133113..29133131 (0 log(s), head=29133137, finalized=29133131)
[2026-06-16T12:22:12.559Z] scanner-http: scanned 29133132..29133133 (0 log(s), head=29133139, finalized=29133133)
[2026-06-16T12:22:13.012Z] scanner-http: scanned 29133134..29133135 (0 log(s), head=29133141, finalized=29133135)
[2026-06-16T12:22:13.465Z] scanner-http: scanned 29133136..29133137 (0 log(s), head=29133143, finalized=29133137)
[2026-06-16T12:22:20.736Z] [debug] daemon: condition-filtered router=client_test_01_router_default reason="condition failed: field="${enrichment.fullIntent.Symbol}" operator="in" value=["SPYM","CRCL","TSLA","NVDA","IAU","PPLT","MSTR","AMZN","SIVR","COIN"] actual="fairValue:spSEI""
[2026-06-16T12:22:20.744Z] scanner-ws: delivered 1 log(s) (blocks 29133154..29133154)
[2026-06-16T12:22:20.906Z] [debug] daemon: condition-filtered router=client_test_01_router_default reason="condition failed: field="${enrichment.fullIntent.Symbol}" operator="in" value=["SPYM","CRCL","TSLA","NVDA","IAU","PPLT","MSTR","AMZN","SIVR","COIN"] actual="numerator:spSEI""
[2026-06-16T12:22:20.911Z] scanner-ws: delivered 1 log(s) (blocks 29133154..29133154)
[2026-06-16T12:22:20.937Z] [debug] daemon: condition-filtered router=client_test_01_router_default reason="condition failed: field="${enrichment.fullIntent.Symbol}" operator="in" value=["SPYM","CRCL","TSLA","NVDA","IAU","PPLT","MSTR","AMZN","SIVR","COIN"] actual="usdValue:spSEI""
[2026-06-16T12:22:20.941Z] scanner-ws: delivered 1 log(s) (blocks 29133154..29133154)
[2026-06-16T12:22:21.001Z] [debug] daemon: condition-filtered router=client_test_01_router_default reason="condition failed: field="${enrichment.fullIntent.Symbol}" operator="in" value=["SPYM","CRCL","TSLA","NVDA","IAU","PPLT","MSTR","AMZN","SIVR","COIN"] actual="denominator:spSEI""
[2026-06-16T12:22:21.005Z] scanner-ws: delivered 1 log(s) (blocks 29133154..29133154)
[2026-06-16T12:22:21.010Z] [debug] daemon: condition-filtered router=client_test_01_router_default reason="condition failed: field="${enrichment.fullIntent.Symbol}" operator="in" value=["SPYM","CRCL","TSLA","NVDA","IAU","PPLT","MSTR","AMZN","SIVR","COIN"] actual="denominator:hemiBTC""
[2026-06-16T12:22:21.014Z] scanner-ws: delivered 1 log(s) (blocks 29133154..29133154)
[2026-06-16T12:22:21.052Z] [debug] daemon: condition-filtered router=client_test_01_router_default reason="condition failed: field="${enrichment.fullIntent.Symbol}" operator="in" value=["SPYM","CRCL","TSLA","NVDA","IAU","PPLT","MSTR","AMZN","SIVR","COIN"] actual="numerator:hemiBTC""
[2026-06-16T12:22:21.059Z] scanner-ws: delivered 1 log(s) (blocks 29133154..29133154)
[2026-06-16T12:22:21.084Z] [debug] daemon: condition-filtered router=client_test_01_router_default reason="condition failed: field="${enrichment.fullIntent.Symbol}" operator="in" value=["SPYM","CRCL","TSLA","NVDA","IAU","PPLT","MSTR","AMZN","SIVR","COIN"] actual="usdValue:hemiBTC""
[2026-06-16T12:22:21.099Z] scanner-ws: delivered 1 log(s) (blocks 29133154..29133154)
[2026-06-16T12:22:21.146Z] [debug] daemon: condition-filtered router=client_test_01_router_default reason="condition failed: field="${enrichment.fullIntent.Symbol}" operator="in" value=["SPYM","CRCL","TSLA","NVDA","IAU","PPLT","MSTR","AMZN","SIVR","COIN"] actual="fairValue:hemiBTC""
[2026-06-16T12:22:21.161Z] scanner-ws: delivered 1 log(s) (blocks 29133154..29133154)
[2026-06-16T12:22:24.260Z] scanner-http: scanned 29133138..29133155 (8 log(s), head=29133161, finalized=29133155)
[2026-06-16T12:22:35.121Z] scanner-http: scanned 29133156..29133172 (0 log(s), head=29133178, finalized=29133172)
[2026-06-16T12:22:35.560Z] scanner-http: scanned 29133173..29133173 (0 log(s), head=29133179, finalized=29133173)
[2026-06-16T12:22:38.573Z] [debug] daemon: condition-filtered router=client_test_01_router_default reason="condition failed: field="${enrichment.fullIntent.Symbol}" operator="in" value=["SPYM","CRCL","TSLA","NVDA","IAU","PPLT","MSTR","AMZN","SIVR","COIN"] actual="BMNR""
[2026-06-16T12:22:38.579Z] scanner-ws: delivered 1 log(s) (blocks 29133183..29133183)
[2026-06-16T12:22:41.003Z] [debug] daemon: condition-filtered router=client_test_01_router_default reason="condition failed: field="${enrichment.fullIntent.Symbol}" operator="in" value=["SPYM","CRCL","TSLA","NVDA","IAU","PPLT","MSTR","AMZN","SIVR","COIN"] actual="ARS/USDT""
[2026-06-16T12:22:41.009Z] scanner-ws: delivered 1 log(s) (blocks 29133190..29133190)
[2026-06-16T12:22:41.480Z] [debug] daemon: policy-filtered router=client_test_01_router_default dest=0
[2026-06-16T12:22:41.486Z] scanner-ws: delivered 1 log(s) (blocks 29133191..29133191)
[2026-06-16T12:22:43.812Z] [debug] daemon: policy-filtered router=client_test_01_router_default dest=0
[2026-06-16T12:22:43.818Z] scanner-ws: delivered 1 log(s) (blocks 29133197..29133197)
[2026-06-16T12:22:46.770Z] scanner-http: scanned 29133174..29133196 (3 log(s), head=29133202, finalized=29133196)
[2026-06-16T12:22:47.430Z] scanner-http: scanned 29133197..29133197 (1 log(s), head=29133203, finalized=29133197)
[2026-06-16T12:22:47.881Z] scanner-http: scanned 29133198..29133198 (0 log(s), head=29133204, finalized=29133198)
[2026-06-16T12:22:48.244Z] scanner-http: scanned 29133199..29133199 (0 log(s), head=29133205, finalized=29133199)
[2026-06-16T12:22:58.525Z] [debug] daemon: condition-filtered router=client_test_01_router_default reason="condition failed: field="${enrichment.fullIntent.Symbol}" operator="in" value=["SPYM","CRCL","TSLA","NVDA","IAU","PPLT","MSTR","AMZN","SIVR","COIN"] actual="fairValue:spSEI""
[2026-06-16T12:22:58.530Z] scanner-ws: delivered 1 log(s) (blocks 29133220..29133220)
[2026-06-16T12:22:58.606Z] [debug] daemon: condition-filtered router=client_test_01_router_default reason="condition failed: field="${enrichment.fullIntent.Symbol}" operator="in" value=["SPYM","CRCL","TSLA","NVDA","IAU","PPLT","MSTR","AMZN","SIVR","COIN"] actual="usdValue:spSEI""
[2026-06-16T12:22:58.611Z] scanner-ws: delivered 1 log(s) (blocks 29133220..29133220)
[2026-06-16T12:22:58.618Z] [debug] daemon: condition-filtered router=client_test_01_router_default reason="condition failed: field="${enrichment.fullIntent.Symbol}" operator="in" value=["SPYM","CRCL","TSLA","NVDA","IAU","PPLT","MSTR","AMZN","SIVR","COIN"] actual="fairValue:hemiBTC""
[2026-06-16T12:22:58.622Z] scanner-ws: delivered 1 log(s) (blocks 29133220..29133220)
[2026-06-16T12:22:58.626Z] [debug] daemon: condition-filtered router=client_test_01_router_default reason="condition failed: field="${enrichment.fullIntent.Symbol}" operator="in" value=["SPYM","CRCL","TSLA","NVDA","IAU","PPLT","MSTR","AMZN","SIVR","COIN"] actual="denominator:hemiBTC""
[2026-06-16T12:22:58.630Z] scanner-ws: delivered 1 log(s) (blocks 29133220..29133220)
[2026-06-16T12:22:58.634Z] [debug] daemon: condition-filtered router=client_test_01_router_default reason="condition failed: field="${enrichment.fullIntent.Symbol}" operator="in" value=["SPYM","CRCL","TSLA","NVDA","IAU","PPLT","MSTR","AMZN","SIVR","COIN"] actual="usdValue:hemiBTC""
[2026-06-16T12:22:58.638Z] scanner-ws: delivered 1 log(s) (blocks 29133220..29133220)
[2026-06-16T12:22:58.644Z] [debug] daemon: condition-filtered router=client_test_01_router_default reason="condition failed: field="${enrichment.fullIntent.Symbol}" operator="in" value=["SPYM","CRCL","TSLA","NVDA","IAU","PPLT","MSTR","AMZN","SIVR","COIN"] actual="numerator:spSEI""
[2026-06-16T12:22:58.653Z] [debug] daemon: condition-filtered router=client_test_01_router_default reason="condition failed: field="${enrichment.fullIntent.Symbol}" operator="in" value=["SPYM","CRCL","TSLA","NVDA","IAU","PPLT","MSTR","AMZN","SIVR","COIN"] actual="numerator:hemiBTC""
[2026-06-16T12:22:58.650Z] scanner-ws: delivered 1 log(s) (blocks 29133220..29133220)
[2026-06-16T12:22:58.657Z] scanner-ws: delivered 1 log(s) (blocks 29133220..29133220)
[2026-06-16T12:22:59.033Z] scanner-http: scanned 29133200..29133218 (0 log(s), head=29133224, finalized=29133218)
[2026-06-16T12:22:59.638Z] [debug] daemon: condition-filtered router=client_test_01_router_default reason="condition failed: field="${enrichment.fullIntent.Symbol}" operator="in" value=["SPYM","CRCL","TSLA","NVDA","IAU","PPLT","MSTR","AMZN","SIVR","COIN"] actual="denominator:spSEI""
[2026-06-16T12:22:59.643Z] scanner-ws: delivered 1 log(s) (blocks 29133220..29133220)
[2026-06-16T12:22:59.706Z] scanner-http: scanned 29133219..29133220 (8 log(s), head=29133226, finalized=29133220)
[2026-06-16T12:23:00.151Z] scanner-http: scanned 29133221..29133221 (0 log(s), head=29133227, finalized=29133221)
[2026-06-16T12:23:11.031Z] scanner-http: scanned 29133222..29133237 (0 log(s), head=29133243, finalized=29133237)
[2026-06-16T12:23:11.570Z] scanner-http: scanned 29133238..29133239 (0 log(s), head=29133245, finalized=29133239)
[2026-06-16T12:23:11.577Z] [debug] daemon: condition-filtered router=client_test_01_router_default reason="condition failed: field="${enrichment.fullIntent.Symbol}" operator="in" value=["SPYM","CRCL","TSLA","NVDA","IAU","PPLT","MSTR","AMZN","SIVR","COIN"] actual="BMNR""
[2026-06-16T12:23:11.582Z] scanner-ws: delivered 1 log(s) (blocks 29133244..29133244)
[2026-06-16T12:23:12.082Z] scanner-http: scanned 29133240..29133240 (0 log(s), head=29133246, finalized=29133240)
[2026-06-16T12:23:12.556Z] scanner-http: scanned 29133241..29133241 (0 log(s), head=29133247, finalized=29133241)
[2026-06-16T12:23:13.050Z] scanner-http: scanned 29133242..29133242 (0 log(s), head=29133248, finalized=29133242)
[2026-06-16T12:23:13.513Z] scanner-http: scanned 29133243..29133243 (0 log(s), head=29133249, finalized=29133243)
[2026-06-16T12:23:14.206Z] scanner-http: scanned 29133244..29133244 (1 log(s), head=29133250, finalized=29133244)
[2026-06-16T12:23:14.676Z] scanner-http: scanned 29133245..29133245 (0 log(s), head=29133251, finalized=29133245)
[2026-06-16T12:23:15.139Z] scanner-http: scanned 29133246..29133246 (0 log(s), head=29133252, finalized=29133246)
[2026-06-16T12:23:15.598Z] scanner-http: scanned 29133247..29133248 (0 log(s), head=29133254, finalized=29133248)
[2026-06-16T12:23:16.035Z] scanner-http: scanned 29133249..29133249 (0 log(s), head=29133255, finalized=29133249)
[2026-06-16T12:23:20.023Z] [debug] daemon: condition-filtered router=client_test_01_router_default reason="condition failed: field="${enrichment.fullIntent.Symbol}" operator="in" value=["SPYM","CRCL","TSLA","NVDA","IAU","PPLT","MSTR","AMZN","SIVR","COIN"] actual="fairValue:spSEI""
[2026-06-16T12:23:20.029Z] scanner-ws: delivered 1 log(s) (blocks 29133262..29133262)
[2026-06-16T12:23:20.033Z] [debug] daemon: condition-filtered router=client_test_01_router_default reason="condition failed: field="${enrichment.fullIntent.Symbol}" operator="in" value=["SPYM","CRCL","TSLA","NVDA","IAU","PPLT","MSTR","AMZN","SIVR","COIN"] actual="usdValue:spSEI""
[2026-06-16T12:23:20.037Z] scanner-ws: delivered 1 log(s) (blocks 29133262..29133262)
[2026-06-16T12:23:20.147Z] [debug] daemon: condition-filtered router=client_test_01_router_default reason="condition failed: field="${enrichment.fullIntent.Symbol}" operator="in" value=["SPYM","CRCL","TSLA","NVDA","IAU","PPLT","MSTR","AMZN","SIVR","COIN"] actual="denominator:spSEI""
[2026-06-16T12:23:20.155Z] scanner-ws: delivered 1 log(s) (blocks 29133262..29133262)
[2026-06-16T12:23:20.160Z] [debug] daemon: condition-filtered router=client_test_01_router_default reason="condition failed: field="${enrichment.fullIntent.Symbol}" operator="in" value=["SPYM","CRCL","TSLA","NVDA","IAU","PPLT","MSTR","AMZN","SIVR","COIN"] actual="denominator:hemiBTC""
[2026-06-16T12:23:20.167Z] scanner-ws: delivered 1 log(s) (blocks 29133262..29133262)
[2026-06-16T12:23:20.174Z] [debug] daemon: condition-filtered router=client_test_01_router_default reason="condition failed: field="${enrichment.fullIntent.Symbol}" operator="in" value=["SPYM","CRCL","TSLA","NVDA","IAU","PPLT","MSTR","AMZN","SIVR","COIN"] actual="numerator:spSEI""
[2026-06-16T12:23:20.178Z] scanner-ws: delivered 1 log(s) (blocks 29133262..29133262)
[2026-06-16T12:23:20.182Z] [debug] daemon: condition-filtered router=client_test_01_router_default reason="condition failed: field="${enrichment.fullIntent.Symbol}" operator="in" value=["SPYM","CRCL","TSLA","NVDA","IAU","PPLT","MSTR","AMZN","SIVR","COIN"] actual="numerator:hemiBTC""
[2026-06-16T12:23:20.187Z] scanner-ws: delivered 1 log(s) (blocks 29133262..29133262)
[2026-06-16T12:23:20.191Z] [debug] daemon: condition-filtered router=client_test_01_router_default reason="condition failed: field="${enrichment.fullIntent.Symbol}" operator="in" value=["SPYM","CRCL","TSLA","NVDA","IAU","PPLT","MSTR","AMZN","SIVR","COIN"] actual="usdValue:hemiBTC""
[2026-06-16T12:23:20.199Z] scanner-ws: delivered 1 log(s) (blocks 29133262..29133262)
[2026-06-16T12:23:20.205Z] [debug] daemon: condition-filtered router=client_test_01_router_default reason="condition failed: field="${enrichment.fullIntent.Symbol}" operator="in" value=["SPYM","CRCL","TSLA","NVDA","IAU","PPLT","MSTR","AMZN","SIVR","COIN"] actual="fairValue:hemiBTC""
[2026-06-16T12:23:20.210Z] scanner-ws: delivered 1 log(s) (blocks 29133262..29133262)
[2026-06-16T12:23:27.029Z] scanner-http: scanned 29133250..29133270 (8 log(s), head=29133276, finalized=29133270)
[2026-06-16T12:23:37.901Z] scanner-http: scanned 29133271..29133293 (0 log(s), head=29133299, finalized=29133293)
[2026-06-16T12:23:38.450Z] scanner-http: scanned 29133294..29133294 (0 log(s), head=29133300, finalized=29133294)
[2026-06-16T12:23:38.545Z] [debug] daemon: condition-filtered router=client_test_01_router_default reason="condition failed: field="${enrichment.fullIntent.Symbol}" operator="in" value=["SPYM","CRCL","TSLA","NVDA","IAU","PPLT","MSTR","AMZN","SIVR","COIN"] actual="BMNR""
[2026-06-16T12:23:38.550Z] scanner-ws: delivered 1 log(s) (blocks 29133300..29133300)
[2026-06-16T12:23:38.899Z] scanner-http: scanned 29133295..29133297 (0 log(s), head=29133303, finalized=29133297)
[2026-06-16T12:23:39.360Z] scanner-http: scanned 29133298..29133298 (0 log(s), head=29133304, finalized=29133298)
[2026-06-16T12:23:39.809Z] scanner-http: scanned 29133299..29133299 (0 log(s), head=29133305, finalized=29133299)
[2026-06-16T12:23:41.034Z] [debug] daemon: condition-filtered router=client_test_01_router_default reason="condition failed: field="${enrichment.fullIntent.Symbol}" operator="in" value=["SPYM","CRCL","TSLA","NVDA","IAU","PPLT","MSTR","AMZN","SIVR","COIN"] actual="ARS/USDT""
[2026-06-16T12:23:41.039Z] scanner-ws: delivered 1 log(s) (blocks 29133307..29133307)
[2026-06-16T12:23:50.915Z] scanner-http: scanned 29133300..29133318 (2 log(s), head=29133324, finalized=29133318)
[2026-06-16T12:23:51.358Z] scanner-http: scanned 29133319..29133320 (0 log(s), head=29133326, finalized=29133320)
[2026-06-16T12:23:51.814Z] scanner-http: scanned 29133321..29133321 (0 log(s), head=29133327, finalized=29133321)
[2026-06-16T12:23:52.275Z] scanner-http: scanned 29133322..29133322 (0 log(s), head=29133328, finalized=29133322)
[2026-06-16T12:23:58.595Z] [debug] daemon: condition-filtered router=client_test_01_router_default reason="condition failed: field="${enrichment.fullIntent.Symbol}" operator="in" value=["SPYM","CRCL","TSLA","NVDA","IAU","PPLT","MSTR","AMZN","SIVR","COIN"] actual="fairValue:spSEI""
[2026-06-16T12:23:58.599Z] scanner-ws: delivered 1 log(s) (blocks 29133336..29133336)
[2026-06-16T12:23:58.691Z] scanner-ws: delivered 1 log(s) (blocks 29133336..29133336)
[2026-06-16T12:23:58.695Z] [debug] daemon: condition-filtered router=client_test_01_router_default reason="condition failed: field="${enrichment.fullIntent.Symbol}" operator="in" value=["SPYM","CRCL","TSLA","NVDA","IAU","PPLT","MSTR","AMZN","SIVR","COIN"] actual="usdValue:hemiBTC""
[2026-06-16T12:23:58.683Z] [debug] daemon: condition-filtered router=client_test_01_router_default reason="condition failed: field="${enrichment.fullIntent.Symbol}" operator="in" value=["SPYM","CRCL","TSLA","NVDA","IAU","PPLT","MSTR","AMZN","SIVR","COIN"] actual="numerator:spSEI""
[2026-06-16T12:23:58.704Z] scanner-ws: delivered 1 log(s) (blocks 29133336..29133336)
[2026-06-16T12:23:58.711Z] [debug] daemon: condition-filtered router=client_test_01_router_default reason="condition failed: field="${enrichment.fullIntent.Symbol}" operator="in" value=["SPYM","CRCL","TSLA","NVDA","IAU","PPLT","MSTR","AMZN","SIVR","COIN"] actual="denominator:hemiBTC""
[2026-06-16T12:23:58.715Z] scanner-ws: delivered 1 log(s) (blocks 29133336..29133336)
[2026-06-16T12:23:58.723Z] [debug] daemon: condition-filtered router=client_test_01_router_default reason="condition failed: field="${enrichment.fullIntent.Symbol}" operator="in" value=["SPYM","CRCL","TSLA","NVDA","IAU","PPLT","MSTR","AMZN","SIVR","COIN"] actual="denominator:spSEI""
[2026-06-16T12:23:58.727Z] scanner-ws: delivered 1 log(s) (blocks 29133336..29133336)
[2026-06-16T12:23:58.730Z] [debug] daemon: condition-filtered router=client_test_01_router_default reason="condition failed: field="${enrichment.fullIntent.Symbol}" operator="in" value=["SPYM","CRCL","TSLA","NVDA","IAU","PPLT","MSTR","AMZN","SIVR","COIN"] actual="usdValue:spSEI""
[2026-06-16T12:23:58.735Z] scanner-ws: delivered 1 log(s) (blocks 29133336..29133336)
[2026-06-16T12:23:58.738Z] [debug] daemon: condition-filtered router=client_test_01_router_default reason="condition failed: field="${enrichment.fullIntent.Symbol}" operator="in" value=["SPYM","CRCL","TSLA","NVDA","IAU","PPLT","MSTR","AMZN","SIVR","COIN"] actual="fairValue:hemiBTC""
[2026-06-16T12:23:58.742Z] scanner-ws: delivered 1 log(s) (blocks 29133336..29133336)
[2026-06-16T12:23:58.744Z] [debug] daemon: condition-filtered router=client_test_01_router_default reason="condition failed: field="${enrichment.fullIntent.Symbol}" operator="in" value=["SPYM","CRCL","TSLA","NVDA","IAU","PPLT","MSTR","AMZN","SIVR","COIN"] actual="numerator:hemiBTC""
[2026-06-16T12:23:58.749Z] scanner-ws: delivered 1 log(s) (blocks 29133336..29133336)
[2026-06-16T12:24:03.639Z] scanner-http: scanned 29133323..29133339 (8 log(s), head=29133345, finalized=29133339)
[2026-06-16T12:24:04.086Z] scanner-http: scanned 29133340..29133341 (0 log(s), head=29133347, finalized=29133341)
[2026-06-16T12:24:04.535Z] scanner-http: scanned 29133342..29133342 (0 log(s), head=29133348, finalized=29133342)
[2026-06-16T12:24:15.411Z] scanner-http: scanned 29133343..29133361 (0 log(s), head=29133367, finalized=29133361)
[2026-06-16T12:24:19.912Z] [debug] daemon: condition-filtered router=client_test_01_router_default reason="condition failed: field="${enrichment.fullIntent.Symbol}" operator="in" value=["SPYM","CRCL","TSLA","NVDA","IAU","PPLT","MSTR","AMZN","SIVR","COIN"] actual="fairValue:spSEI""
[2026-06-16T12:24:19.916Z] scanner-ws: delivered 1 log(s) (blocks 29133375..29133375)
[2026-06-16T12:24:20.036Z] [debug] daemon: condition-filtered router=client_test_01_router_default reason="condition failed: field="${enrichment.fullIntent.Symbol}" operator="in" value=["SPYM","CRCL","TSLA","NVDA","IAU","PPLT","MSTR","AMZN","SIVR","COIN"] actual="numerator:spSEI""
[2026-06-16T12:24:20.040Z] scanner-ws: delivered 1 log(s) (blocks 29133375..29133375)
[2026-06-16T12:24:20.047Z] [debug] daemon: condition-filtered router=client_test_01_router_default reason="condition failed: field="${enrichment.fullIntent.Symbol}" operator="in" value=["SPYM","CRCL","TSLA","NVDA","IAU","PPLT","MSTR","AMZN","SIVR","COIN"] actual="denominator:spSEI""
[2026-06-16T12:24:20.051Z] scanner-ws: delivered 1 log(s) (blocks 29133375..29133375)
[2026-06-16T12:24:20.054Z] [debug] daemon: condition-filtered router=client_test_01_router_default reason="condition failed: field="${enrichment.fullIntent.Symbol}" operator="in" value=["SPYM","CRCL","TSLA","NVDA","IAU","PPLT","MSTR","AMZN","SIVR","COIN"] actual="usdValue:spSEI""
[2026-06-16T12:24:20.057Z] scanner-ws: delivered 1 log(s) (blocks 29133375..29133375)
[2026-06-16T12:24:20.060Z] [debug] daemon: condition-filtered router=client_test_01_router_default reason="condition failed: field="${enrichment.fullIntent.Symbol}" operator="in" value=["SPYM","CRCL","TSLA","NVDA","IAU","PPLT","MSTR","AMZN","SIVR","COIN"] actual="fairValue:hemiBTC""
[2026-06-16T12:24:20.072Z] scanner-ws: delivered 1 log(s) (blocks 29133375..29133375)
[2026-06-16T12:24:20.081Z] [debug] daemon: condition-filtered router=client_test_01_router_default reason="condition failed: field="${enrichment.fullIntent.Symbol}" operator="in" value=["SPYM","CRCL","TSLA","NVDA","IAU","PPLT","MSTR","AMZN","SIVR","COIN"] actual="denominator:hemiBTC""
[2026-06-16T12:24:20.094Z] scanner-ws: delivered 1 log(s) (blocks 29133375..29133375)
[2026-06-16T12:24:20.116Z] scanner-ws: delivered 1 log(s) (blocks 29133375..29133375)
[2026-06-16T12:24:20.107Z] [debug] daemon: condition-filtered router=client_test_01_router_default reason="condition failed: field="${enrichment.fullIntent.Symbol}" operator="in" value=["SPYM","CRCL","TSLA","NVDA","IAU","PPLT","MSTR","AMZN","SIVR","COIN"] actual="usdValue:hemiBTC""
[2026-06-16T12:24:20.119Z] [debug] daemon: condition-filtered router=client_test_01_router_default reason="condition failed: field="${enrichment.fullIntent.Symbol}" operator="in" value=["SPYM","CRCL","TSLA","NVDA","IAU","PPLT","MSTR","AMZN","SIVR","COIN"] actual="numerator:hemiBTC""
[2026-06-16T12:24:20.123Z] scanner-ws: delivered 1 log(s) (blocks 29133375..29133375)
[2026-06-16T12:24:26.441Z] scanner-http: scanned 29133362..29133381 (8 log(s), head=29133387, finalized=29133381)
[2026-06-16T12:24:28.024Z] [debug] daemon: policy-filtered router=client_test_01_router_default dest=0
[2026-06-16T12:24:28.029Z] scanner-ws: delivered 1 log(s) (blocks 29133390..29133390)
[2026-06-16T12:24:37.534Z] scanner-http: scanned 29133382..29133398 (1 log(s), head=29133404, finalized=29133398)
[2026-06-16T12:24:37.984Z] scanner-http: scanned 29133399..29133399 (0 log(s), head=29133405, finalized=29133399)
[2026-06-16T12:24:41.082Z] [debug] daemon: condition-filtered router=client_test_01_router_default reason="condition failed: field="${enrichment.fullIntent.Symbol}" operator="in" value=["SPYM","CRCL","TSLA","NVDA","IAU","PPLT","MSTR","AMZN","SIVR","COIN"] actual="ARS/USDT""
[2026-06-16T12:24:41.089Z] scanner-ws: delivered 1 log(s) (blocks 29133414..29133414)
[2026-06-16T12:24:48.988Z] scanner-http: scanned 29133400..29133425 (1 log(s), head=29133431, finalized=29133425)
[2026-06-16T12:24:49.421Z] scanner-http: scanned 29133426..29133426 (0 log(s), head=29133432, finalized=29133426)
[2026-06-16T12:24:58.665Z] [debug] daemon: condition-filtered router=client_test_01_router_default reason="condition failed: field="${enrichment.fullIntent.Symbol}" operator="in" value=["SPYM","CRCL","TSLA","NVDA","IAU","PPLT","MSTR","AMZN","SIVR","COIN"] actual="fairValue:spSEI""
[2026-06-16T12:24:58.671Z] scanner-ws: delivered 1 log(s) (blocks 29133450..29133450)
[2026-06-16T12:24:58.772Z] [debug] daemon: condition-filtered router=client_test_01_router_default reason="condition failed: field="${enrichment.fullIntent.Symbol}" operator="in" value=["SPYM","CRCL","TSLA","NVDA","IAU","PPLT","MSTR","AMZN","SIVR","COIN"] actual="numerator:spSEI""
[2026-06-16T12:24:58.778Z] scanner-ws: delivered 1 log(s) (blocks 29133450..29133450)
[2026-06-16T12:24:58.785Z] [debug] daemon: condition-filtered router=client_test_01_router_default reason="condition failed: field="${enrichment.fullIntent.Symbol}" operator="in" value=["SPYM","CRCL","TSLA","NVDA","IAU","PPLT","MSTR","AMZN","SIVR","COIN"] actual="denominator:hemiBTC""
[2026-06-16T12:24:58.790Z] scanner-ws: delivered 1 log(s) (blocks 29133450..29133450)
[2026-06-16T12:24:58.793Z] [debug] daemon: condition-filtered router=client_test_01_router_default reason="condition failed: field="${enrichment.fullIntent.Symbol}" operator="in" value=["SPYM","CRCL","TSLA","NVDA","IAU","PPLT","MSTR","AMZN","SIVR","COIN"] actual="numerator:hemiBTC""
[2026-06-16T12:24:58.798Z] scanner-ws: delivered 1 log(s) (blocks 29133450..29133450)
[2026-06-16T12:24:58.800Z] [debug] daemon: condition-filtered router=client_test_01_router_default reason="condition failed: field="${enrichment.fullIntent.Symbol}" operator="in" value=["SPYM","CRCL","TSLA","NVDA","IAU","PPLT","MSTR","AMZN","SIVR","COIN"] actual="usdValue:hemiBTC""
[2026-06-16T12:24:58.805Z] scanner-ws: delivered 1 log(s) (blocks 29133450..29133450)
[2026-06-16T12:24:58.807Z] [debug] daemon: condition-filtered router=client_test_01_router_default reason="condition failed: field="${enrichment.fullIntent.Symbol}" operator="in" value=["SPYM","CRCL","TSLA","NVDA","IAU","PPLT","MSTR","AMZN","SIVR","COIN"] actual="denominator:spSEI""
[2026-06-16T12:24:58.811Z] scanner-ws: delivered 1 log(s) (blocks 29133450..29133450)
[2026-06-16T12:24:58.818Z] [debug] daemon: condition-filtered router=client_test_01_router_default reason="condition failed: field="${enrichment.fullIntent.Symbol}" operator="in" value=["SPYM","CRCL","TSLA","NVDA","IAU","PPLT","MSTR","AMZN","SIVR","COIN"] actual="fairValue:hemiBTC""
[2026-06-16T12:24:58.826Z] [debug] daemon: condition-filtered router=client_test_01_router_default reason="condition failed: field="${enrichment.fullIntent.Symbol}" operator="in" value=["SPYM","CRCL","TSLA","NVDA","IAU","PPLT","MSTR","AMZN","SIVR","COIN"] actual="usdValue:spSEI""
[2026-06-16T12:24:58.822Z] scanner-ws: delivered 1 log(s) (blocks 29133450..29133450)
[2026-06-16T12:24:58.831Z] scanner-ws: delivered 1 log(s) (blocks 29133450..29133450)
[2026-06-16T12:25:00.420Z] scanner-http: scanned 29133427..29133450 (8 log(s), head=29133456, finalized=29133450)
[2026-06-16T12:25:11.280Z] scanner-http: scanned 29133451..29133464 (0 log(s), head=29133470, finalized=29133464)
[2026-06-16T12:25:11.725Z] scanner-http: scanned 29133465..29133466 (0 log(s), head=29133472, finalized=29133466)
[2026-06-16T12:25:20.347Z] [debug] daemon: condition-filtered router=client_test_01_router_default reason="condition failed: field="${enrichment.fullIntent.Symbol}" operator="in" value=["SPYM","CRCL","TSLA","NVDA","IAU","PPLT","MSTR","AMZN","SIVR","COIN"] actual="usdValue:spSEI""
[2026-06-16T12:25:20.355Z] scanner-ws: delivered 1 log(s) (blocks 29133486..29133486)
[2026-06-16T12:25:20.359Z] [debug] daemon: condition-filtered router=client_test_01_router_default reason="condition failed: field="${enrichment.fullIntent.Symbol}" operator="in" value=["SPYM","CRCL","TSLA","NVDA","IAU","PPLT","MSTR","AMZN","SIVR","COIN"] actual="numerator:spSEI""
[2026-06-16T12:25:20.368Z] scanner-ws: delivered 1 log(s) (blocks 29133486..29133486)
[2026-06-16T12:25:20.376Z] [debug] daemon: condition-filtered router=client_test_01_router_default reason="condition failed: field="${enrichment.fullIntent.Symbol}" operator="in" value=["SPYM","CRCL","TSLA","NVDA","IAU","PPLT","MSTR","AMZN","SIVR","COIN"] actual="denominator:hemiBTC""
[2026-06-16T12:25:20.385Z] [debug] daemon: condition-filtered router=client_test_01_router_default reason="condition failed: field="${enrichment.fullIntent.Symbol}" operator="in" value=["SPYM","CRCL","TSLA","NVDA","IAU","PPLT","MSTR","AMZN","SIVR","COIN"] actual="usdValue:hemiBTC""
[2026-06-16T12:25:20.382Z] scanner-ws: delivered 1 log(s) (blocks 29133486..29133486)
[2026-06-16T12:25:20.389Z] scanner-ws: delivered 1 log(s) (blocks 29133486..29133486)
[2026-06-16T12:25:20.393Z] [debug] daemon: condition-filtered router=client_test_01_router_default reason="condition failed: field="${enrichment.fullIntent.Symbol}" operator="in" value=["SPYM","CRCL","TSLA","NVDA","IAU","PPLT","MSTR","AMZN","SIVR","COIN"] actual="numerator:hemiBTC""
[2026-06-16T12:25:20.397Z] scanner-ws: delivered 1 log(s) (blocks 29133486..29133486)
[2026-06-16T12:25:20.401Z] [debug] daemon: condition-filtered router=client_test_01_router_default reason="condition failed: field="${enrichment.fullIntent.Symbol}" operator="in" value=["SPYM","CRCL","TSLA","NVDA","IAU","PPLT","MSTR","AMZN","SIVR","COIN"] actual="fairValue:hemiBTC""
[2026-06-16T12:25:20.409Z] scanner-ws: delivered 1 log(s) (blocks 29133486..29133486)
[2026-06-16T12:25:20.415Z] [debug] daemon: condition-filtered router=client_test_01_router_default reason="condition failed: field="${enrichment.fullIntent.Symbol}" operator="in" value=["SPYM","CRCL","TSLA","NVDA","IAU","PPLT","MSTR","AMZN","SIVR","COIN"] actual="denominator:spSEI""
[2026-06-16T12:25:20.419Z] scanner-ws: delivered 1 log(s) (blocks 29133486..29133486)
[2026-06-16T12:25:20.592Z] [debug] daemon: condition-filtered router=client_test_01_router_default reason="condition failed: field="${enrichment.fullIntent.Symbol}" operator="in" value=["SPYM","CRCL","TSLA","NVDA","IAU","PPLT","MSTR","AMZN","SIVR","COIN"] actual="fairValue:spSEI""
[2026-06-16T12:25:20.597Z] scanner-ws: delivered 1 log(s) (blocks 29133486..29133486)
[2026-06-16T12:25:22.306Z] scanner-http: scanned 29133467..29133484 (0 log(s), head=29133490, finalized=29133484)
[2026-06-16T12:25:22.972Z] scanner-http: scanned 29133485..29133486 (8 log(s), head=29133492, finalized=29133486)
[2026-06-16T12:25:32.617Z] [debug] daemon: policy-filtered router=client_test_01_router_default dest=0
[2026-06-16T12:25:32.623Z] scanner-ws: delivered 1 log(s) (blocks 29133507..29133507)
[2026-06-16T12:25:33.862Z] scanner-http: scanned 29133487..29133502 (0 log(s), head=29133508, finalized=29133502)
[2026-06-16T12:25:34.351Z] scanner-http: scanned 29133503..29133503 (0 log(s), head=29133509, finalized=29133503)
[2026-06-16T12:25:34.812Z] scanner-http: scanned 29133504..29133504 (0 log(s), head=29133510, finalized=29133504)
[2026-06-16T12:25:35.282Z] scanner-http: scanned 29133505..29133505 (0 log(s), head=29133511, finalized=29133505)
[2026-06-16T12:25:35.729Z] scanner-http: scanned 29133506..29133506 (0 log(s), head=29133512, finalized=29133506)
[2026-06-16T12:25:41.160Z] [debug] daemon: condition-filtered router=client_test_01_router_default reason="condition failed: field="${enrichment.fullIntent.Symbol}" operator="in" value=["SPYM","CRCL","TSLA","NVDA","IAU","PPLT","MSTR","AMZN","SIVR","COIN"] actual="ARS/USDT""
[2026-06-16T12:25:41.166Z] scanner-ws: delivered 1 log(s) (blocks 29133519..29133519)
[2026-06-16T12:25:46.820Z] scanner-http: scanned 29133507..29133524 (2 log(s), head=29133530, finalized=29133524)
[2026-06-16T12:25:47.268Z] scanner-http: scanned 29133525..29133525 (0 log(s), head=29133531, finalized=29133525)
[2026-06-16T12:25:58.061Z] scanner-http: scanned 29133526..29133542 (0 log(s), head=29133548, finalized=29133542)
[2026-06-16T12:25:58.609Z] scanner-http: scanned 29133543..29133543 (0 log(s), head=29133549, finalized=29133543)
[2026-06-16T12:25:58.692Z] [debug] daemon: condition-filtered router=client_test_01_router_default reason="condition failed: field="${enrichment.fullIntent.Symbol}" operator="in" value=["SPYM","CRCL","TSLA","NVDA","IAU","PPLT","MSTR","AMZN","SIVR","COIN"] actual="usdValue:spSEI""
[2026-06-16T12:25:58.698Z] scanner-ws: delivered 1 log(s) (blocks 29133549..29133549)
[2026-06-16T12:25:58.705Z] [debug] daemon: condition-filtered router=client_test_01_router_default reason="condition failed: field="${enrichment.fullIntent.Symbol}" operator="in" value=["SPYM","CRCL","TSLA","NVDA","IAU","PPLT","MSTR","AMZN","SIVR","COIN"] actual="fairValue:spSEI""
[2026-06-16T12:25:58.710Z] scanner-ws: delivered 1 log(s) (blocks 29133549..29133549)
[2026-06-16T12:25:58.782Z] [debug] daemon: condition-filtered router=client_test_01_router_default reason="condition failed: field="${enrichment.fullIntent.Symbol}" operator="in" value=["SPYM","CRCL","TSLA","NVDA","IAU","PPLT","MSTR","AMZN","SIVR","COIN"] actual="fairValue:hemiBTC""
[2026-06-16T12:25:58.788Z] scanner-ws: delivered 1 log(s) (blocks 29133549..29133549)
[2026-06-16T12:25:58.795Z] [debug] daemon: condition-filtered router=client_test_01_router_default reason="condition failed: field="${enrichment.fullIntent.Symbol}" operator="in" value=["SPYM","CRCL","TSLA","NVDA","IAU","PPLT","MSTR","AMZN","SIVR","COIN"] actual="numerator:spSEI""
[2026-06-16T12:25:58.799Z] scanner-ws: delivered 1 log(s) (blocks 29133549..29133549)
[2026-06-16T12:25:58.803Z] [debug] daemon: condition-filtered router=client_test_01_router_default reason="condition failed: field="${enrichment.fullIntent.Symbol}" operator="in" value=["SPYM","CRCL","TSLA","NVDA","IAU","PPLT","MSTR","AMZN","SIVR","COIN"] actual="numerator:hemiBTC""
[2026-06-16T12:25:58.807Z] scanner-ws: delivered 1 log(s) (blocks 29133549..29133549)
[2026-06-16T12:25:58.811Z] [debug] daemon: condition-filtered router=client_test_01_router_default reason="condition failed: field="${enrichment.fullIntent.Symbol}" operator="in" value=["SPYM","CRCL","TSLA","NVDA","IAU","PPLT","MSTR","AMZN","SIVR","COIN"] actual="denominator:spSEI""
[2026-06-16T12:25:58.815Z] scanner-ws: delivered 1 log(s) (blocks 29133549..29133549)
[2026-06-16T12:25:58.818Z] [debug] daemon: condition-filtered router=client_test_01_router_default reason="condition failed: field="${enrichment.fullIntent.Symbol}" operator="in" value=["SPYM","CRCL","TSLA","NVDA","IAU","PPLT","MSTR","AMZN","SIVR","COIN"] actual="usdValue:hemiBTC""
[2026-06-16T12:25:58.823Z] scanner-ws: delivered 1 log(s) (blocks 29133549..29133549)
[2026-06-16T12:25:58.845Z] [debug] daemon: condition-filtered router=client_test_01_router_default reason="condition failed: field="${enrichment.fullIntent.Symbol}" operator="in" value=["SPYM","CRCL","TSLA","NVDA","IAU","PPLT","MSTR","AMZN","SIVR","COIN"] actual="denominator:hemiBTC""
[2026-06-16T12:25:58.855Z] scanner-ws: delivered 1 log(s) (blocks 29133549..29133549)
[2026-06-16T12:25:59.336Z] scanner-http: scanned 29133544..29133547 (0 log(s), head=29133553, finalized=29133547)
[2026-06-16T12:25:59.792Z] scanner-http: scanned 29133548..29133548 (0 log(s), head=29133554, finalized=29133548)
[2026-06-16T12:26:10.990Z] scanner-http: scanned 29133549..29133567 (8 log(s), head=29133573, finalized=29133567)
[2026-06-16T12:26:11.455Z] scanner-http: scanned 29133568..29133570 (0 log(s), head=29133576, finalized=29133570)
[2026-06-16T12:26:11.904Z] scanner-http: scanned 29133571..29133571 (0 log(s), head=29133577, finalized=29133571)
[2026-06-16T12:26:19.965Z] [debug] daemon: condition-filtered router=client_test_01_router_default reason="condition failed: field="${enrichment.fullIntent.Symbol}" operator="in" value=["SPYM","CRCL","TSLA","NVDA","IAU","PPLT","MSTR","AMZN","SIVR","COIN"] actual="fairValue:spSEI""
[2026-06-16T12:26:19.972Z] scanner-ws: delivered 1 log(s) (blocks 29133595..29133595)
[2026-06-16T12:26:20.048Z] [debug] daemon: condition-filtered router=client_test_01_router_default reason="condition failed: field="${enrichment.fullIntent.Symbol}" operator="in" value=["SPYM","CRCL","TSLA","NVDA","IAU","PPLT","MSTR","AMZN","SIVR","COIN"] actual="numerator:spSEI""
[2026-06-16T12:26:20.054Z] scanner-ws: delivered 1 log(s) (blocks 29133595..29133595)
[2026-06-16T12:26:20.062Z] [debug] daemon: condition-filtered router=client_test_01_router_default reason="condition failed: field="${enrichment.fullIntent.Symbol}" operator="in" value=["SPYM","CRCL","TSLA","NVDA","IAU","PPLT","MSTR","AMZN","SIVR","COIN"] actual="denominator:spSEI""
[2026-06-16T12:26:20.067Z] scanner-ws: delivered 1 log(s) (blocks 29133595..29133595)
[2026-06-16T12:26:20.070Z] [debug] daemon: condition-filtered router=client_test_01_router_default reason="condition failed: field="${enrichment.fullIntent.Symbol}" operator="in" value=["SPYM","CRCL","TSLA","NVDA","IAU","PPLT","MSTR","AMZN","SIVR","COIN"] actual="usdValue:spSEI""
[2026-06-16T12:26:20.074Z] scanner-ws: delivered 1 log(s) (blocks 29133595..29133595)
[2026-06-16T12:26:20.078Z] [debug] daemon: condition-filtered router=client_test_01_router_default reason="condition failed: field="${enrichment.fullIntent.Symbol}" operator="in" value=["SPYM","CRCL","TSLA","NVDA","IAU","PPLT","MSTR","AMZN","SIVR","COIN"] actual="usdValue:hemiBTC""
[2026-06-16T12:26:20.082Z] scanner-ws: delivered 1 log(s) (blocks 29133595..29133595)
[2026-06-16T12:26:20.086Z] [debug] daemon: condition-filtered router=client_test_01_router_default reason="condition failed: field="${enrichment.fullIntent.Symbol}" operator="in" value=["SPYM","CRCL","TSLA","NVDA","IAU","PPLT","MSTR","AMZN","SIVR","COIN"] actual="numerator:hemiBTC""
[2026-06-16T12:26:20.090Z] scanner-ws: delivered 1 log(s) (blocks 29133595..29133595)
[2026-06-16T12:26:20.092Z] [debug] daemon: condition-filtered router=client_test_01_router_default reason="condition failed: field="${enrichment.fullIntent.Symbol}" operator="in" value=["SPYM","CRCL","TSLA","NVDA","IAU","PPLT","MSTR","AMZN","SIVR","COIN"] actual="denominator:hemiBTC""
[2026-06-16T12:26:20.096Z] scanner-ws: delivered 1 log(s) (blocks 29133595..29133595)
[2026-06-16T12:26:20.100Z] [debug] daemon: condition-filtered router=client_test_01_router_default reason="condition failed: field="${enrichment.fullIntent.Symbol}" operator="in" value=["SPYM","CRCL","TSLA","NVDA","IAU","PPLT","MSTR","AMZN","SIVR","COIN"] actual="fairValue:hemiBTC""
[2026-06-16T12:26:20.106Z] scanner-ws: delivered 1 log(s) (blocks 29133595..29133595)
[2026-06-16T12:26:22.720Z] scanner-http: scanned 29133572..29133595 (8 log(s), head=29133601, finalized=29133595)
[2026-06-16T12:26:23.168Z] scanner-http: scanned 29133596..29133596 (0 log(s), head=29133602, finalized=29133596)
[2026-06-16T12:26:34.109Z] scanner-http: scanned 29133597..29133611 (0 log(s), head=29133617, finalized=29133611)
[2026-06-16T12:26:34.564Z] scanner-http: scanned 29133612..29133613 (0 log(s), head=29133619, finalized=29133613)
[2026-06-16T12:26:35.013Z] scanner-http: scanned 29133614..29133614 (0 log(s), head=29133620, finalized=29133614)
[2026-06-16T12:26:41.157Z] [debug] daemon: condition-filtered router=client_test_01_router_default reason="condition failed: field="${enrichment.fullIntent.Symbol}" operator="in" value=["SPYM","CRCL","TSLA","NVDA","IAU","PPLT","MSTR","AMZN","SIVR","COIN"] actual="ARS/USDT""
[2026-06-16T12:26:41.164Z] scanner-ws: delivered 1 log(s) (blocks 29133631..29133631)
[2026-06-16T12:26:46.319Z] scanner-http: scanned 29133615..29133635 (1 log(s), head=29133641, finalized=29133635)
[2026-06-16T12:26:46.802Z] scanner-http: scanned 29133636..29133636 (0 log(s), head=29133642, finalized=29133636)
[2026-06-16T12:26:57.591Z] scanner-http: scanned 29133637..29133652 (0 log(s), head=29133658, finalized=29133652)
[2026-06-16T12:26:58.046Z] scanner-http: scanned 29133653..29133653 (0 log(s), head=29133659, finalized=29133653)
[2026-06-16T12:26:58.496Z] scanner-http: scanned 29133654..29133654 (0 log(s), head=29133660, finalized=29133654)
[2026-06-16T12:26:58.814Z] scanner-ws: delivered 1 log(s) (blocks 29133660..29133660)
[2026-06-16T12:26:58.808Z] [debug] daemon: condition-filtered router=client_test_01_router_default reason="condition failed: field="${enrichment.fullIntent.Symbol}" operator="in" value=["SPYM","CRCL","TSLA","NVDA","IAU","PPLT","MSTR","AMZN","SIVR","COIN"] actual="fairValue:spSEI""
[2026-06-16T12:26:58.823Z] [debug] daemon: condition-filtered router=client_test_01_router_default reason="condition failed: field="${enrichment.fullIntent.Symbol}" operator="in" value=["SPYM","CRCL","TSLA","NVDA","IAU","PPLT","MSTR","AMZN","SIVR","COIN"] actual="usdValue:spSEI""
[2026-06-16T12:26:58.829Z] scanner-ws: delivered 1 log(s) (blocks 29133660..29133660)
[2026-06-16T12:26:58.917Z] [debug] daemon: condition-filtered router=client_test_01_router_default reason="condition failed: field="${enrichment.fullIntent.Symbol}" operator="in" value=["SPYM","CRCL","TSLA","NVDA","IAU","PPLT","MSTR","AMZN","SIVR","COIN"] actual="denominator:spSEI""
[2026-06-16T12:26:58.923Z] scanner-ws: delivered 1 log(s) (blocks 29133660..29133660)
[2026-06-16T12:26:58.929Z] [debug] daemon: condition-filtered router=client_test_01_router_default reason="condition failed: field="${enrichment.fullIntent.Symbol}" operator="in" value=["SPYM","CRCL","TSLA","NVDA","IAU","PPLT","MSTR","AMZN","SIVR","COIN"] actual="numerator:spSEI""
[2026-06-16T12:26:58.935Z] scanner-ws: delivered 1 log(s) (blocks 29133660..29133660)
[2026-06-16T12:26:58.942Z] [debug] daemon: condition-filtered router=client_test_01_router_default reason="condition failed: field="${enrichment.fullIntent.Symbol}" operator="in" value=["SPYM","CRCL","TSLA","NVDA","IAU","PPLT","MSTR","AMZN","SIVR","COIN"] actual="denominator:hemiBTC""
[2026-06-16T12:26:58.946Z] scanner-ws: delivered 1 log(s) (blocks 29133660..29133660)
[2026-06-16T12:26:58.950Z] [debug] daemon: condition-filtered router=client_test_01_router_default reason="condition failed: field="${enrichment.fullIntent.Symbol}" operator="in" value=["SPYM","CRCL","TSLA","NVDA","IAU","PPLT","MSTR","AMZN","SIVR","COIN"] actual="fairValue:hemiBTC""
[2026-06-16T12:26:58.954Z] scanner-ws: delivered 1 log(s) (blocks 29133660..29133660)
[2026-06-16T12:26:58.960Z] [debug] daemon: condition-filtered router=client_test_01_router_default reason="condition failed: field="${enrichment.fullIntent.Symbol}" operator="in" value=["SPYM","CRCL","TSLA","NVDA","IAU","PPLT","MSTR","AMZN","SIVR","COIN"] actual="usdValue:hemiBTC""
[2026-06-16T12:26:58.967Z] scanner-ws: delivered 1 log(s) (blocks 29133660..29133660)
[2026-06-16T12:26:59.264Z] [debug] daemon: condition-filtered router=client_test_01_router_default reason="condition failed: field="${enrichment.fullIntent.Symbol}" operator="in" value=["SPYM","CRCL","TSLA","NVDA","IAU","PPLT","MSTR","AMZN","SIVR","COIN"] actual="numerator:hemiBTC""
[2026-06-16T12:26:59.271Z] scanner-ws: delivered 1 log(s) (blocks 29133660..29133660)
[2026-06-16T12:26:59.375Z] scanner-http: scanned 29133655..29133657 (0 log(s), head=29133663, finalized=29133657)
[2026-06-16T12:27:10.485Z] scanner-http: scanned 29133658..29133674 (8 log(s), head=29133680, finalized=29133674)
[2026-06-16T12:27:10.931Z] scanner-http: scanned 29133675..29133675 (0 log(s), head=29133681, finalized=29133675)
[2026-06-16T12:27:20.093Z] [debug] daemon: condition-filtered router=client_test_01_router_default reason="condition failed: field="${enrichment.fullIntent.Symbol}" operator="in" value=["SPYM","CRCL","TSLA","NVDA","IAU","PPLT","MSTR","AMZN","SIVR","COIN"] actual="fairValue:spSEI""
[2026-06-16T12:27:20.098Z] scanner-ws: delivered 1 log(s) (blocks 29133698..29133698)
[2026-06-16T12:27:20.182Z] [debug] daemon: condition-filtered router=client_test_01_router_default reason="condition failed: field="${enrichment.fullIntent.Symbol}" operator="in" value=["SPYM","CRCL","TSLA","NVDA","IAU","PPLT","MSTR","AMZN","SIVR","COIN"] actual="numerator:spSEI""
[2026-06-16T12:27:20.191Z] scanner-ws: delivered 1 log(s) (blocks 29133698..29133698)
[2026-06-16T12:27:20.201Z] [debug] daemon: condition-filtered router=client_test_01_router_default reason="condition failed: field="${enrichment.fullIntent.Symbol}" operator="in" value=["SPYM","CRCL","TSLA","NVDA","IAU","PPLT","MSTR","AMZN","SIVR","COIN"] actual="numerator:hemiBTC""
[2026-06-16T12:27:20.208Z] scanner-ws: delivered 1 log(s) (blocks 29133698..29133698)
[2026-06-16T12:27:20.213Z] [debug] daemon: condition-filtered router=client_test_01_router_default reason="condition failed: field="${enrichment.fullIntent.Symbol}" operator="in" value=["SPYM","CRCL","TSLA","NVDA","IAU","PPLT","MSTR","AMZN","SIVR","COIN"] actual="usdValue:spSEI""
[2026-06-16T12:27:20.219Z] scanner-ws: delivered 1 log(s) (blocks 29133698..29133698)
[2026-06-16T12:27:20.224Z] [debug] daemon: condition-filtered router=client_test_01_router_default reason="condition failed: field="${enrichment.fullIntent.Symbol}" operator="in" value=["SPYM","CRCL","TSLA","NVDA","IAU","PPLT","MSTR","AMZN","SIVR","COIN"] actual="denominator:spSEI""
[2026-06-16T12:27:20.229Z] scanner-ws: delivered 1 log(s) (blocks 29133698..29133698)
[2026-06-16T12:27:20.233Z] [debug] daemon: condition-filtered router=client_test_01_router_default reason="condition failed: field="${enrichment.fullIntent.Symbol}" operator="in" value=["SPYM","CRCL","TSLA","NVDA","IAU","PPLT","MSTR","AMZN","SIVR","COIN"] actual="usdValue:hemiBTC""
[2026-06-16T12:27:20.240Z] scanner-ws: delivered 1 log(s) (blocks 29133698..29133698)
[2026-06-16T12:27:20.244Z] [debug] daemon: condition-filtered router=client_test_01_router_default reason="condition failed: field="${enrichment.fullIntent.Symbol}" operator="in" value=["SPYM","CRCL","TSLA","NVDA","IAU","PPLT","MSTR","AMZN","SIVR","COIN"] actual="fairValue:hemiBTC""
[2026-06-16T12:27:20.248Z] scanner-ws: delivered 1 log(s) (blocks 29133698..29133698)
[2026-06-16T12:27:21.266Z] [debug] daemon: condition-filtered router=client_test_01_router_default reason="condition failed: field="${enrichment.fullIntent.Symbol}" operator="in" value=["SPYM","CRCL","TSLA","NVDA","IAU","PPLT","MSTR","AMZN","SIVR","COIN"] actual="denominator:hemiBTC""
[2026-06-16T12:27:21.272Z] scanner-ws: delivered 1 log(s) (blocks 29133698..29133698)
[2026-06-16T12:27:21.560Z] scanner-http: scanned 29133676..29133695 (0 log(s), head=29133701, finalized=29133695)
[2026-06-16T12:27:22.015Z] scanner-http: scanned 29133696..29133696 (0 log(s), head=29133702, finalized=29133696)
[2026-06-16T12:27:33.406Z] scanner-http: scanned 29133697..29133719 (8 log(s), head=29133725, finalized=29133719)
[2026-06-16T12:27:33.863Z] scanner-http: scanned 29133720..29133720 (0 log(s), head=29133726, finalized=29133720)
[2026-06-16T12:27:41.217Z] [debug] daemon: condition-filtered router=client_test_01_router_default reason="condition failed: field="${enrichment.fullIntent.Symbol}" operator="in" value=["SPYM","CRCL","TSLA","NVDA","IAU","PPLT","MSTR","AMZN","SIVR","COIN"] actual="ARS/USDT""
[2026-06-16T12:27:41.221Z] scanner-ws: delivered 1 log(s) (blocks 29133739..29133739)
[2026-06-16T12:27:42.090Z] [debug] daemon: policy-filtered router=client_test_01_router_default dest=0
[2026-06-16T12:27:42.095Z] scanner-ws: delivered 1 log(s) (blocks 29133740..29133740)
[2026-06-16T12:27:44.767Z] scanner-http: scanned 29133721..29133739 (1 log(s), head=29133745, finalized=29133739)
[2026-06-16T12:27:45.484Z] scanner-http: scanned 29133740..29133740 (1 log(s), head=29133746, finalized=29133740)
[2026-06-16T12:27:45.966Z] scanner-http: scanned 29133741..29133742 (0 log(s), head=29133748, finalized=29133742)
[2026-06-16T12:27:46.440Z] scanner-http: scanned 29133743..29133743 (0 log(s), head=29133749, finalized=29133743)
[2026-06-16T12:27:57.231Z] scanner-http: scanned 29133744..29133751 (0 log(s), head=29133757, finalized=29133751)
[2026-06-16T12:27:59.546Z] [debug] daemon: condition-filtered router=client_test_01_router_default reason="condition failed: field="${enrichment.fullIntent.Symbol}" operator="in" value=["SPYM","CRCL","TSLA","NVDA","IAU","PPLT","MSTR","AMZN","SIVR","COIN"] actual="fairValue:spSEI""
[2026-06-16T12:27:59.552Z] scanner-ws: delivered 1 log(s) (blocks 29133759..29133759)
[2026-06-16T12:27:59.565Z] [debug] daemon: condition-filtered router=client_test_01_router_default reason="condition failed: field="${enrichment.fullIntent.Symbol}" operator="in" value=["SPYM","CRCL","TSLA","NVDA","IAU","PPLT","MSTR","AMZN","SIVR","COIN"] actual="usdValue:spSEI""
[2026-06-16T12:27:59.571Z] scanner-ws: delivered 1 log(s) (blocks 29133759..29133759)
[2026-06-16T12:27:59.648Z] [debug] daemon: condition-filtered router=client_test_01_router_default reason="condition failed: field="${enrichment.fullIntent.Symbol}" operator="in" value=["SPYM","CRCL","TSLA","NVDA","IAU","PPLT","MSTR","AMZN","SIVR","COIN"] actual="numerator:spSEI""
[2026-06-16T12:27:59.653Z] scanner-ws: delivered 1 log(s) (blocks 29133759..29133759)
[2026-06-16T12:27:59.660Z] [debug] daemon: condition-filtered router=client_test_01_router_default reason="condition failed: field="${enrichment.fullIntent.Symbol}" operator="in" value=["SPYM","CRCL","TSLA","NVDA","IAU","PPLT","MSTR","AMZN","SIVR","COIN"] actual="denominator:spSEI""
[2026-06-16T12:27:59.665Z] scanner-ws: delivered 1 log(s) (blocks 29133759..29133759)
[2026-06-16T12:27:59.670Z] [debug] daemon: condition-filtered router=client_test_01_router_default reason="condition failed: field="${enrichment.fullIntent.Symbol}" operator="in" value=["SPYM","CRCL","TSLA","NVDA","IAU","PPLT","MSTR","AMZN","SIVR","COIN"] actual="usdValue:hemiBTC""
[2026-06-16T12:27:59.676Z] scanner-ws: delivered 1 log(s) (blocks 29133759..29133759)
[2026-06-16T12:27:59.683Z] [debug] daemon: condition-filtered router=client_test_01_router_default reason="condition failed: field="${enrichment.fullIntent.Symbol}" operator="in" value=["SPYM","CRCL","TSLA","NVDA","IAU","PPLT","MSTR","AMZN","SIVR","COIN"] actual="numerator:hemiBTC""
[2026-06-16T12:27:59.688Z] scanner-ws: delivered 1 log(s) (blocks 29133759..29133759)
[2026-06-16T12:27:59.691Z] [debug] daemon: condition-filtered router=client_test_01_router_default reason="condition failed: field="${enrichment.fullIntent.Symbol}" operator="in" value=["SPYM","CRCL","TSLA","NVDA","IAU","PPLT","MSTR","AMZN","SIVR","COIN"] actual="denominator:hemiBTC""
[2026-06-16T12:27:59.696Z] scanner-ws: delivered 1 log(s) (blocks 29133759..29133759)
[2026-06-16T12:27:59.699Z] [debug] daemon: condition-filtered router=client_test_01_router_default reason="condition failed: field="${enrichment.fullIntent.Symbol}" operator="in" value=["SPYM","CRCL","TSLA","NVDA","IAU","PPLT","MSTR","AMZN","SIVR","COIN"] actual="fairValue:hemiBTC""
[2026-06-16T12:27:59.704Z] scanner-ws: delivered 1 log(s) (blocks 29133759..29133759)
[2026-06-16T12:28:08.601Z] scanner-http: scanned 29133752..29133763 (8 log(s), head=29133769, finalized=29133763)
[2026-06-16T12:28:09.091Z] scanner-http: scanned 29133764..29133765 (0 log(s), head=29133771, finalized=29133765)
[2026-06-16T12:28:19.860Z] scanner-http: scanned 29133766..29133785 (0 log(s), head=29133791, finalized=29133785)
[2026-06-16T12:28:20.045Z] [debug] daemon: condition-filtered router=client_test_01_router_default reason="condition failed: field="${enrichment.fullIntent.Symbol}" operator="in" value=["SPYM","CRCL","TSLA","NVDA","IAU","PPLT","MSTR","AMZN","SIVR","COIN"] actual="usdValue:spSEI""
[2026-06-16T12:28:20.057Z] scanner-ws: delivered 1 log(s) (blocks 29133789..29133789)
[2026-06-16T12:28:20.065Z] [debug] daemon: condition-filtered router=client_test_01_router_default reason="condition failed: field="${enrichment.fullIntent.Symbol}" operator="in" value=["SPYM","CRCL","TSLA","NVDA","IAU","PPLT","MSTR","AMZN","SIVR","COIN"] actual="fairValue:spSEI""
[2026-06-16T12:28:20.073Z] scanner-ws: delivered 1 log(s) (blocks 29133789..29133789)
[2026-06-16T12:28:20.132Z] [debug] daemon: condition-filtered router=client_test_01_router_default reason="condition failed: field="${enrichment.fullIntent.Symbol}" operator="in" value=["SPYM","CRCL","TSLA","NVDA","IAU","PPLT","MSTR","AMZN","SIVR","COIN"] actual="numerator:spSEI""
[2026-06-16T12:28:20.140Z] scanner-ws: delivered 1 log(s) (blocks 29133789..29133789)
[2026-06-16T12:28:20.149Z] [debug] daemon: condition-filtered router=client_test_01_router_default reason="condition failed: field="${enrichment.fullIntent.Symbol}" operator="in" value=["SPYM","CRCL","TSLA","NVDA","IAU","PPLT","MSTR","AMZN","SIVR","COIN"] actual="denominator:spSEI""
[2026-06-16T12:28:20.156Z] scanner-ws: delivered 1 log(s) (blocks 29133789..29133789)
[2026-06-16T12:28:20.160Z] [debug] daemon: condition-filtered router=client_test_01_router_default reason="condition failed: field="${enrichment.fullIntent.Symbol}" operator="in" value=["SPYM","CRCL","TSLA","NVDA","IAU","PPLT","MSTR","AMZN","SIVR","COIN"] actual="numerator:hemiBTC""
[2026-06-16T12:28:20.164Z] scanner-ws: delivered 1 log(s) (blocks 29133789..29133789)
[2026-06-16T12:28:20.168Z] [debug] daemon: condition-filtered router=client_test_01_router_default reason="condition failed: field="${enrichment.fullIntent.Symbol}" operator="in" value=["SPYM","CRCL","TSLA","NVDA","IAU","PPLT","MSTR","AMZN","SIVR","COIN"] actual="usdValue:hemiBTC""
[2026-06-16T12:28:20.172Z] scanner-ws: delivered 1 log(s) (blocks 29133789..29133789)
[2026-06-16T12:28:20.176Z] [debug] daemon: condition-filtered router=client_test_01_router_default reason="condition failed: field="${enrichment.fullIntent.Symbol}" operator="in" value=["SPYM","CRCL","TSLA","NVDA","IAU","PPLT","MSTR","AMZN","SIVR","COIN"] actual="denominator:hemiBTC""
[2026-06-16T12:28:20.180Z] scanner-ws: delivered 1 log(s) (blocks 29133789..29133789)
[2026-06-16T12:28:20.185Z] [debug] daemon: condition-filtered router=client_test_01_router_default reason="condition failed: field="${enrichment.fullIntent.Symbol}" operator="in" value=["SPYM","CRCL","TSLA","NVDA","IAU","PPLT","MSTR","AMZN","SIVR","COIN"] actual="fairValue:hemiBTC""
[2026-06-16T12:28:20.192Z] scanner-ws: delivered 1 log(s) (blocks 29133789..29133789)
[2026-06-16T12:28:31.060Z] scanner-http: scanned 29133786..29133801 (8 log(s), head=29133807, finalized=29133801)
[2026-06-16T12:28:31.502Z] scanner-http: scanned 29133802..29133802 (0 log(s), head=29133808, finalized=29133802)
[2026-06-16T12:28:31.946Z] scanner-http: scanned 29133803..29133803 (0 log(s), head=29133809, finalized=29133803)
[2026-06-16T12:28:41.222Z] [debug] daemon: condition-filtered router=client_test_01_router_default reason="condition failed: field="${enrichment.fullIntent.Symbol}" operator="in" value=["SPYM","CRCL","TSLA","NVDA","IAU","PPLT","MSTR","AMZN","SIVR","COIN"] actual="ARS/USDT""
[2026-06-16T12:28:41.228Z] scanner-ws: delivered 1 log(s) (blocks 29133827..29133827)
[2026-06-16T12:28:41.598Z] [debug] daemon: policy-filtered router=client_test_01_router_default dest=0
[2026-06-16T12:28:41.604Z] scanner-ws: delivered 1 log(s) (blocks 29133829..29133829)
[2026-06-16T12:28:42.615Z] scanner-http: scanned 29133804..29133824 (0 log(s), head=29133830, finalized=29133824)
[2026-06-16T12:28:53.590Z] scanner-http: scanned 29133825..29133851 (2 log(s), head=29133857, finalized=29133851)
[2026-06-16T12:28:58.643Z] [debug] daemon: condition-filtered router=client_test_01_router_default reason="condition failed: field="${enrichment.fullIntent.Symbol}" operator="in" value=["SPYM","CRCL","TSLA","NVDA","IAU","PPLT","MSTR","AMZN","SIVR","COIN"] actual="fairValue:spSEI""
[2026-06-16T12:28:58.648Z] scanner-ws: delivered 1 log(s) (blocks 29133865..29133865)
[2026-06-16T12:28:58.731Z] [debug] daemon: condition-filtered router=client_test_01_router_default reason="condition failed: field="${enrichment.fullIntent.Symbol}" operator="in" value=["SPYM","CRCL","TSLA","NVDA","IAU","PPLT","MSTR","AMZN","SIVR","COIN"] actual="usdValue:spSEI""
[2026-06-16T12:28:58.735Z] scanner-ws: delivered 1 log(s) (blocks 29133865..29133865)
[2026-06-16T12:28:58.742Z] [debug] daemon: condition-filtered router=client_test_01_router_default reason="condition failed: field="${enrichment.fullIntent.Symbol}" operator="in" value=["SPYM","CRCL","TSLA","NVDA","IAU","PPLT","MSTR","AMZN","SIVR","COIN"] actual="numerator:spSEI""
[2026-06-16T12:28:58.747Z] scanner-ws: delivered 1 log(s) (blocks 29133865..29133865)
[2026-06-16T12:28:58.751Z] [debug] daemon: condition-filtered router=client_test_01_router_default reason="condition failed: field="${enrichment.fullIntent.Symbol}" operator="in" value=["SPYM","CRCL","TSLA","NVDA","IAU","PPLT","MSTR","AMZN","SIVR","COIN"] actual="denominator:hemiBTC""
[2026-06-16T12:28:58.759Z] [debug] daemon: condition-filtered router=client_test_01_router_default reason="condition failed: field="${enrichment.fullIntent.Symbol}" operator="in" value=["SPYM","CRCL","TSLA","NVDA","IAU","PPLT","MSTR","AMZN","SIVR","COIN"] actual="numerator:hemiBTC""
[2026-06-16T12:28:58.755Z] scanner-ws: delivered 1 log(s) (blocks 29133865..29133865)
[2026-06-16T12:28:58.763Z] scanner-ws: delivered 1 log(s) (blocks 29133865..29133865)
[2026-06-16T12:28:58.767Z] [debug] daemon: condition-filtered router=client_test_01_router_default reason="condition failed: field="${enrichment.fullIntent.Symbol}" operator="in" value=["SPYM","CRCL","TSLA","NVDA","IAU","PPLT","MSTR","AMZN","SIVR","COIN"] actual="usdValue:hemiBTC""
[2026-06-16T12:28:58.771Z] scanner-ws: delivered 1 log(s) (blocks 29133865..29133865)
[2026-06-16T12:28:58.778Z] [debug] daemon: condition-filtered router=client_test_01_router_default reason="condition failed: field="${enrichment.fullIntent.Symbol}" operator="in" value=["SPYM","CRCL","TSLA","NVDA","IAU","PPLT","MSTR","AMZN","SIVR","COIN"] actual="denominator:spSEI""
[2026-06-16T12:28:58.783Z] scanner-ws: delivered 1 log(s) (blocks 29133865..29133865)
[2026-06-16T12:28:58.786Z] [debug] daemon: condition-filtered router=client_test_01_router_default reason="condition failed: field="${enrichment.fullIntent.Symbol}" operator="in" value=["SPYM","CRCL","TSLA","NVDA","IAU","PPLT","MSTR","AMZN","SIVR","COIN"] actual="fairValue:hemiBTC""
[2026-06-16T12:28:58.790Z] scanner-ws: delivered 1 log(s) (blocks 29133865..29133865)
[2026-06-16T12:29:05.282Z] scanner-http: scanned 29133852..29133868 (8 log(s), head=29133874, finalized=29133868)
[2026-06-16T12:29:05.757Z] scanner-http: scanned 29133869..29133871 (0 log(s), head=29133877, finalized=29133871)
[2026-06-16T12:29:16.624Z] scanner-http: scanned 29133872..29133887 (0 log(s), head=29133893, finalized=29133887)
[2026-06-16T12:29:17.099Z] scanner-http: scanned 29133888..29133888 (0 log(s), head=29133894, finalized=29133888)
[2026-06-16T12:29:19.857Z] [debug] daemon: condition-filtered router=client_test_01_router_default reason="condition failed: field="${enrichment.fullIntent.Symbol}" operator="in" value=["SPYM","CRCL","TSLA","NVDA","IAU","PPLT","MSTR","AMZN","SIVR","COIN"] actual="fairValue:spSEI""
[2026-06-16T12:29:19.862Z] scanner-ws: delivered 1 log(s) (blocks 29133899..29133899)
[2026-06-16T12:29:19.867Z] [debug] daemon: condition-filtered router=client_test_01_router_default reason="condition failed: field="${enrichment.fullIntent.Symbol}" operator="in" value=["SPYM","CRCL","TSLA","NVDA","IAU","PPLT","MSTR","AMZN","SIVR","COIN"] actual="usdValue:spSEI""
[2026-06-16T12:29:19.873Z] scanner-ws: delivered 1 log(s) (blocks 29133899..29133899)
[2026-06-16T12:29:19.944Z] [debug] daemon: condition-filtered router=client_test_01_router_default reason="condition failed: field="${enrichment.fullIntent.Symbol}" operator="in" value=["SPYM","CRCL","TSLA","NVDA","IAU","PPLT","MSTR","AMZN","SIVR","COIN"] actual="numerator:spSEI""
[2026-06-16T12:29:19.951Z] scanner-ws: delivered 1 log(s) (blocks 29133899..29133899)
[2026-06-16T12:29:19.958Z] [debug] daemon: condition-filtered router=client_test_01_router_default reason="condition failed: field="${enrichment.fullIntent.Symbol}" operator="in" value=["SPYM","CRCL","TSLA","NVDA","IAU","PPLT","MSTR","AMZN","SIVR","COIN"] actual="numerator:hemiBTC""
[2026-06-16T12:29:19.962Z] scanner-ws: delivered 1 log(s) (blocks 29133899..29133899)
[2026-06-16T12:29:19.966Z] [debug] daemon: condition-filtered router=client_test_01_router_default reason="condition failed: field="${enrichment.fullIntent.Symbol}" operator="in" value=["SPYM","CRCL","TSLA","NVDA","IAU","PPLT","MSTR","AMZN","SIVR","COIN"] actual="denominator:spSEI""
[2026-06-16T12:29:19.970Z] scanner-ws: delivered 1 log(s) (blocks 29133899..29133899)
[2026-06-16T12:29:19.973Z] [debug] daemon: condition-filtered router=client_test_01_router_default reason="condition failed: field="${enrichment.fullIntent.Symbol}" operator="in" value=["SPYM","CRCL","TSLA","NVDA","IAU","PPLT","MSTR","AMZN","SIVR","COIN"] actual="usdValue:hemiBTC""
[2026-06-16T12:29:19.977Z] scanner-ws: delivered 1 log(s) (blocks 29133899..29133899)
[2026-06-16T12:29:19.981Z] [debug] daemon: condition-filtered router=client_test_01_router_default reason="condition failed: field="${enrichment.fullIntent.Symbol}" operator="in" value=["SPYM","CRCL","TSLA","NVDA","IAU","PPLT","MSTR","AMZN","SIVR","COIN"] actual="denominator:hemiBTC""
[2026-06-16T12:29:19.985Z] scanner-ws: delivered 1 log(s) (blocks 29133899..29133899)
[2026-06-16T12:29:19.991Z] [debug] daemon: condition-filtered router=client_test_01_router_default reason="condition failed: field="${enrichment.fullIntent.Symbol}" operator="in" value=["SPYM","CRCL","TSLA","NVDA","IAU","PPLT","MSTR","AMZN","SIVR","COIN"] actual="fairValue:hemiBTC""
[2026-06-16T12:29:19.997Z] scanner-ws: delivered 1 log(s) (blocks 29133899..29133899)
[2026-06-16T12:29:23.544Z] [debug] daemon: condition-filtered router=client_test_01_router_default reason="condition failed: field="${enrichment.fullIntent.Symbol}" operator="in" value=["SPYM","CRCL","TSLA","NVDA","IAU","PPLT","MSTR","AMZN","SIVR","COIN"] actual="BMNR""
[2026-06-16T12:29:23.550Z] scanner-ws: delivered 1 log(s) (blocks 29133906..29133906)
[2026-06-16T12:29:28.062Z] scanner-http: scanned 29133889..29133906 (9 log(s), head=29133912, finalized=29133906)
[2026-06-16T12:29:28.509Z] scanner-http: scanned 29133907..29133908 (0 log(s), head=29133914, finalized=29133908)
[2026-06-16T12:29:33.206Z] [debug] daemon: policy-filtered router=client_test_01_router_default dest=0
[2026-06-16T12:29:33.210Z] scanner-ws: delivered 1 log(s) (blocks 29133921..29133921)
[2026-06-16T12:29:39.585Z] scanner-http: scanned 29133909..29133923 (1 log(s), head=29133929, finalized=29133923)
[2026-06-16T12:29:40.038Z] scanner-http: scanned 29133924..29133925 (0 log(s), head=29133931, finalized=29133925)
[2026-06-16T12:29:40.485Z] scanner-http: scanned 29133926..29133926 (0 log(s), head=29133932, finalized=29133926)
[2026-06-16T12:29:41.040Z] [debug] daemon: condition-filtered router=client_test_01_router_default reason="condition failed: field="${enrichment.fullIntent.Symbol}" operator="in" value=["SPYM","CRCL","TSLA","NVDA","IAU","PPLT","MSTR","AMZN","SIVR","COIN"] actual="ARS/USDT""
[2026-06-16T12:29:41.046Z] scanner-ws: delivered 1 log(s) (blocks 29133933..29133933)
[2026-06-16T12:29:41.053Z] scanner-http: scanned 29133927..29133927 (0 log(s), head=29133933, finalized=29133927)
[2026-06-16T12:29:41.502Z] scanner-http: scanned 29133928..29133928 (0 log(s), head=29133934, finalized=29133928)
[2026-06-16T12:29:52.507Z] scanner-http: scanned 29133929..29133947 (1 log(s), head=29133953, finalized=29133947)
[2026-06-16T12:29:58.598Z] [debug] daemon: condition-filtered router=client_test_01_router_default reason="condition failed: field="${enrichment.fullIntent.Symbol}" operator="in" value=["SPYM","CRCL","TSLA","NVDA","IAU","PPLT","MSTR","AMZN","SIVR","COIN"] actual="fairValue:spSEI""
[2026-06-16T12:29:58.603Z] scanner-ws: delivered 1 log(s) (blocks 29133961..29133961)
[2026-06-16T12:29:58.706Z] [debug] daemon: condition-filtered router=client_test_01_router_default reason="condition failed: field="${enrichment.fullIntent.Symbol}" operator="in" value=["SPYM","CRCL","TSLA","NVDA","IAU","PPLT","MSTR","AMZN","SIVR","COIN"] actual="usdValue:spSEI""
[2026-06-16T12:29:58.712Z] scanner-ws: delivered 1 log(s) (blocks 29133961..29133961)
[2026-06-16T12:29:58.719Z] [debug] daemon: condition-filtered router=client_test_01_router_default reason="condition failed: field="${enrichment.fullIntent.Symbol}" operator="in" value=["SPYM","CRCL","TSLA","NVDA","IAU","PPLT","MSTR","AMZN","SIVR","COIN"] actual="numerator:hemiBTC""
[2026-06-16T12:29:58.724Z] scanner-ws: delivered 1 log(s) (blocks 29133961..29133961)
[2026-06-16T12:29:58.728Z] [debug] daemon: condition-filtered router=client_test_01_router_default reason="condition failed: field="${enrichment.fullIntent.Symbol}" operator="in" value=["SPYM","CRCL","TSLA","NVDA","IAU","PPLT","MSTR","AMZN","SIVR","COIN"] actual="numerator:spSEI""
[2026-06-16T12:29:58.733Z] [debug] daemon: condition-filtered router=client_test_01_router_default reason="condition failed: field="${enrichment.fullIntent.Symbol}" operator="in" value=["SPYM","CRCL","TSLA","NVDA","IAU","PPLT","MSTR","AMZN","SIVR","COIN"] actual="fairValue:hemiBTC""
[2026-06-16T12:29:58.732Z] scanner-ws: delivered 1 log(s) (blocks 29133961..29133961)
[2026-06-16T12:29:58.739Z] scanner-ws: delivered 1 log(s) (blocks 29133961..29133961)
[2026-06-16T12:29:58.741Z] [debug] daemon: condition-filtered router=client_test_01_router_default reason="condition failed: field="${enrichment.fullIntent.Symbol}" operator="in" value=["SPYM","CRCL","TSLA","NVDA","IAU","PPLT","MSTR","AMZN","SIVR","COIN"] actual="denominator:spSEI""
[2026-06-16T12:29:58.746Z] scanner-ws: delivered 1 log(s) (blocks 29133961..29133961)
[2026-06-16T12:29:58.749Z] [debug] daemon: condition-filtered router=client_test_01_router_default reason="condition failed: field="${enrichment.fullIntent.Symbol}" operator="in" value=["SPYM","CRCL","TSLA","NVDA","IAU","PPLT","MSTR","AMZN","SIVR","COIN"] actual="denominator:hemiBTC""
[2026-06-16T12:29:58.753Z] scanner-ws: delivered 1 log(s) (blocks 29133961..29133961)
[2026-06-16T12:29:59.032Z] [debug] daemon: condition-filtered router=client_test_01_router_default reason="condition failed: field="${enrichment.fullIntent.Symbol}" operator="in" value=["SPYM","CRCL","TSLA","NVDA","IAU","PPLT","MSTR","AMZN","SIVR","COIN"] actual="usdValue:hemiBTC""
[2026-06-16T12:29:59.038Z] scanner-ws: delivered 1 log(s) (blocks 29133961..29133961)
[2026-06-16T12:30:03.885Z] scanner-http: scanned 29133948..29133966 (8 log(s), head=29133972, finalized=29133966)
[2026-06-16T12:30:04.350Z] scanner-http: scanned 29133967..29133968 (0 log(s), head=29133974, finalized=29133968)
[2026-06-16T12:30:04.822Z] scanner-http: scanned 29133969..29133969 (0 log(s), head=29133975, finalized=29133969)
[2026-06-16T12:30:05.281Z] scanner-http: scanned 29133970..29133970 (0 log(s), head=29133976, finalized=29133970)
[2026-06-16T12:30:05.738Z] scanner-http: scanned 29133971..29133971 (0 log(s), head=29133977, finalized=29133971)
[2026-06-16T12:30:06.190Z] cron-service: resubmitting CRCL (router=client_test_01_router_default, confirmedAge=514s, ceiling=600s, intentHash=0x5675449d2536decd94358f5a09e128d4395681017ef60197d50ccf2c41c80b99).
[2026-06-16T12:30:06.196Z] cron-service: resubmitting NVDA (router=client_test_01_router_default, confirmedAge=484s, ceiling=600s, intentHash=0xb62fc83937a9aef8c15e76f50cb4839acfa5934175418af44e6242c707ddf78d).
[2026-06-16T12:30:06.199Z] cron-service: resubmitting IAU (router=client_test_01_router_default, confirmedAge=484s, ceiling=600s, intentHash=0x4f64ea4f34546247b25ed9551c23bb9850212e6c43c0ec489af8e7b5a6058f08).
[2026-06-16T12:30:06.216Z] scanner-http: scanned 29133972..29133972 (0 log(s), head=29133978, finalized=29133972)
[2026-06-16T12:30:17.040Z] scanner-http: scanned 29133973..29133994 (0 log(s), head=29134000, finalized=29133994)
[2026-06-16T12:30:17.491Z] scanner-http: scanned 29133995..29133996 (0 log(s), head=29134002, finalized=29133996)
[2026-06-16T12:30:20.294Z] [debug] daemon: condition-filtered router=client_test_01_router_default reason="condition failed: field="${enrichment.fullIntent.Symbol}" operator="in" value=["SPYM","CRCL","TSLA","NVDA","IAU","PPLT","MSTR","AMZN","SIVR","COIN"] actual="usdValue:spSEI""
[2026-06-16T12:30:20.299Z] scanner-ws: delivered 1 log(s) (blocks 29134004..29134004)
[2026-06-16T12:30:20.302Z] [debug] daemon: condition-filtered router=client_test_01_router_default reason="condition failed: field="${enrichment.fullIntent.Symbol}" operator="in" value=["SPYM","CRCL","TSLA","NVDA","IAU","PPLT","MSTR","AMZN","SIVR","COIN"] actual="fairValue:spSEI""
[2026-06-16T12:30:20.306Z] scanner-ws: delivered 1 log(s) (blocks 29134004..29134004)
[2026-06-16T12:30:20.466Z] [debug] daemon: condition-filtered router=client_test_01_router_default reason="condition failed: field="${enrichment.fullIntent.Symbol}" operator="in" value=["SPYM","CRCL","TSLA","NVDA","IAU","PPLT","MSTR","AMZN","SIVR","COIN"] actual="denominator:spSEI""
[2026-06-16T12:30:20.471Z] scanner-ws: delivered 1 log(s) (blocks 29134004..29134004)
[2026-06-16T12:30:20.509Z] [debug] daemon: condition-filtered router=client_test_01_router_default reason="condition failed: field="${enrichment.fullIntent.Symbol}" operator="in" value=["SPYM","CRCL","TSLA","NVDA","IAU","PPLT","MSTR","AMZN","SIVR","COIN"] actual="numerator:spSEI""
[2026-06-16T12:30:20.513Z] scanner-ws: delivered 1 log(s) (blocks 29134004..29134004)
[2026-06-16T12:30:20.592Z] [debug] daemon: condition-filtered router=client_test_01_router_default reason="condition failed: field="${enrichment.fullIntent.Symbol}" operator="in" value=["SPYM","CRCL","TSLA","NVDA","IAU","PPLT","MSTR","AMZN","SIVR","COIN"] actual="denominator:hemiBTC""
[2026-06-16T12:30:20.598Z] scanner-ws: delivered 1 log(s) (blocks 29134004..29134004)
[2026-06-16T12:30:20.616Z] [debug] daemon: condition-filtered router=client_test_01_router_default reason="condition failed: field="${enrichment.fullIntent.Symbol}" operator="in" value=["SPYM","CRCL","TSLA","NVDA","IAU","PPLT","MSTR","AMZN","SIVR","COIN"] actual="numerator:hemiBTC""
[2026-06-16T12:30:20.621Z] scanner-ws: delivered 1 log(s) (blocks 29134004..29134004)
[2026-06-16T12:30:20.643Z] [debug] daemon: condition-filtered router=client_test_01_router_default reason="condition failed: field="${enrichment.fullIntent.Symbol}" operator="in" value=["SPYM","CRCL","TSLA","NVDA","IAU","PPLT","MSTR","AMZN","SIVR","COIN"] actual="fairValue:hemiBTC""
[2026-06-16T12:30:20.649Z] scanner-ws: delivered 1 log(s) (blocks 29134004..29134004)
[2026-06-16T12:30:20.691Z] [debug] daemon: condition-filtered router=client_test_01_router_default reason="condition failed: field="${enrichment.fullIntent.Symbol}" operator="in" value=["SPYM","CRCL","TSLA","NVDA","IAU","PPLT","MSTR","AMZN","SIVR","COIN"] actual="usdValue:hemiBTC""
[2026-06-16T12:30:20.695Z] scanner-ws: delivered 1 log(s) (blocks 29134004..29134004)
[2026-06-16T12:30:28.590Z] scanner-http: scanned 29133997..29134011 (8 log(s), head=29134017, finalized=29134011)
[2026-06-16T12:30:29.034Z] scanner-http: scanned 29134012..29134013 (0 log(s), head=29134019, finalized=29134013)
[2026-06-16T12:30:29.483Z] scanner-http: scanned 29134014..29134014 (0 log(s), head=29134020, finalized=29134014)
[2026-06-16T12:30:35.092Z] scanner-ws: delivered 1 log(s) (blocks 29134027..29134027)
[2026-06-16T12:30:36.112Z] [debug] [clients/client-test-01.json] submitBatch: intents=4 symbols=CRCL,NVDA,IAU,TSLA
[2026-06-16T12:30:36.113Z] [debug] submitOracleUpdateBatch: intents=4 symbols=CRCL, NVDA, IAU, TSLA
[2026-06-16T12:30:36.137Z] cron-service: resubmitting CRCL (router=client_test_01_router_default, confirmedAge=543s, ceiling=600s, intentHash=0x5675449d2536decd94358f5a09e128d4395681017ef60197d50ccf2c41c80b99).
[2026-06-16T12:30:36.141Z] cron-service: resubmitting TSLA (router=client_test_01_router_default, confirmedAge=838s, ceiling=600s, intentHash=0x7b61243d591586722164036c70c9cb40e5d9be08583721db1b9a863033015105).
[2026-06-16T12:30:36.144Z] cron-service: resubmitting NVDA (router=client_test_01_router_default, confirmedAge=514s, ceiling=600s, intentHash=0xb62fc83937a9aef8c15e76f50cb4839acfa5934175418af44e6242c707ddf78d).
[2026-06-16T12:30:36.148Z] cron-service: resubmitting IAU (router=client_test_01_router_default, confirmedAge=514s, ceiling=600s, intentHash=0x4f64ea4f34546247b25ed9551c23bb9850212e6c43c0ec489af8e7b5a6058f08).
[2026-06-16T12:30:40.897Z] scanner-http: scanned 29134015..29134032 (1 log(s), head=29134038, finalized=29134032)
[2026-06-16T12:30:41.081Z] [debug] daemon: condition-filtered router=client_test_01_router_default reason="condition failed: field="${enrichment.fullIntent.Symbol}" operator="in" value=["SPYM","CRCL","TSLA","NVDA","IAU","PPLT","MSTR","AMZN","SIVR","COIN"] actual="ARS/USDT""
[2026-06-16T12:30:41.087Z] scanner-ws: delivered 1 log(s) (blocks 29134039..29134039)
[2026-06-16T12:30:41.376Z] scanner-http: scanned 29134033..29134034 (0 log(s), head=29134040, finalized=29134034)
[2026-06-16T12:30:46.326Z] scanner-ws: connection lost (The socket has been closed.

URL: wss://rpc.diadata.org/PS5UQ3yThuGTrweHEQUGk5eMHNbPiEtNv

Version: viem@2.50.4)
[2026-06-16T12:30:46.327Z] scanner-ws: reconnecting in 5000ms (attempt 0)
[2026-06-16T12:30:51.241Z] scanner-ws: connecting (attempt 1)
[2026-06-16T12:30:52.364Z] scanner-http: scanned 29134035..29134051 (1 log(s), head=29134057, finalized=29134051)
[2026-06-16T12:30:52.811Z] scanner-http: scanned 29134052..29134053 (0 log(s), head=29134059, finalized=29134053)
[2026-06-16T12:30:53.245Z] scanner-http: scanned 29134054..29134054 (0 log(s), head=29134060, finalized=29134054)
[2026-06-16T12:30:58.474Z] [debug] daemon: condition-filtered router=client_test_01_router_default reason="condition failed: field="${enrichment.fullIntent.Symbol}" operator="in" value=["SPYM","CRCL","TSLA","NVDA","IAU","PPLT","MSTR","AMZN","SIVR","COIN"] actual="fairValue:spSEI""
[2026-06-16T12:30:58.480Z] scanner-ws: delivered 1 log(s) (blocks 29134066..29134066)
[2026-06-16T12:30:58.694Z] [debug] daemon: condition-filtered router=client_test_01_router_default reason="condition failed: field="${enrichment.fullIntent.Symbol}" operator="in" value=["SPYM","CRCL","TSLA","NVDA","IAU","PPLT","MSTR","AMZN","SIVR","COIN"] actual="usdValue:spSEI""
[2026-06-16T12:30:58.700Z] scanner-ws: delivered 1 log(s) (blocks 29134066..29134066)
[2026-06-16T12:30:58.739Z] [debug] daemon: condition-filtered router=client_test_01_router_default reason="condition failed: field="${enrichment.fullIntent.Symbol}" operator="in" value=["SPYM","CRCL","TSLA","NVDA","IAU","PPLT","MSTR","AMZN","SIVR","COIN"] actual="usdValue:hemiBTC""
[2026-06-16T12:30:58.743Z] scanner-ws: delivered 1 log(s) (blocks 29134066..29134066)
[2026-06-16T12:30:58.747Z] [debug] daemon: condition-filtered router=client_test_01_router_default reason="condition failed: field="${enrichment.fullIntent.Symbol}" operator="in" value=["SPYM","CRCL","TSLA","NVDA","IAU","PPLT","MSTR","AMZN","SIVR","COIN"] actual="numerator:spSEI""
[2026-06-16T12:30:58.751Z] scanner-ws: delivered 1 log(s) (blocks 29134066..29134066)
[2026-06-16T12:30:58.756Z] [debug] daemon: condition-filtered router=client_test_01_router_default reason="condition failed: field="${enrichment.fullIntent.Symbol}" operator="in" value=["SPYM","CRCL","TSLA","NVDA","IAU","PPLT","MSTR","AMZN","SIVR","COIN"] actual="numerator:hemiBTC""
[2026-06-16T12:30:58.761Z] scanner-ws: delivered 1 log(s) (blocks 29134066..29134066)
[2026-06-16T12:30:58.766Z] [debug] daemon: condition-filtered router=client_test_01_router_default reason="condition failed: field="${enrichment.fullIntent.Symbol}" operator="in" value=["SPYM","CRCL","TSLA","NVDA","IAU","PPLT","MSTR","AMZN","SIVR","COIN"] actual="denominator:spSEI""
[2026-06-16T12:30:58.772Z] scanner-ws: delivered 1 log(s) (blocks 29134066..29134066)
[2026-06-16T12:30:58.775Z] [debug] daemon: condition-filtered router=client_test_01_router_default reason="condition failed: field="${enrichment.fullIntent.Symbol}" operator="in" value=["SPYM","CRCL","TSLA","NVDA","IAU","PPLT","MSTR","AMZN","SIVR","COIN"] actual="denominator:hemiBTC""
[2026-06-16T12:30:58.779Z] scanner-ws: delivered 1 log(s) (blocks 29134066..29134066)
[2026-06-16T12:30:58.786Z] [debug] daemon: condition-filtered router=client_test_01_router_default reason="condition failed: field="${enrichment.fullIntent.Symbol}" operator="in" value=["SPYM","CRCL","TSLA","NVDA","IAU","PPLT","MSTR","AMZN","SIVR","COIN"] actual="fairValue:hemiBTC""
[2026-06-16T12:30:58.791Z] scanner-ws: delivered 1 log(s) (blocks 29134066..29134066)
[2026-06-16T12:31:04.331Z] scanner-http: scanned 29134055..29134070 (8 log(s), head=29134076, finalized=29134070)
[2026-06-16T12:31:04.797Z] scanner-http: scanned 29134071..29134072 (0 log(s), head=29134078, finalized=29134072)
[2026-06-16T12:31:05.250Z] scanner-http: scanned 29134073..29134074 (0 log(s), head=29134080, finalized=29134074)
[2026-06-16T12:31:06.084Z] cron-service: resubmitting CRCL (router=client_test_01_router_default, confirmedAge=573s, ceiling=600s, intentHash=0x5675449d2536decd94358f5a09e128d4395681017ef60197d50ccf2c41c80b99).
[2026-06-16T12:31:06.087Z] cron-service: resubmitting TSLA (router=client_test_01_router_default, confirmedAge=868s, ceiling=600s, intentHash=0x7b61243d591586722164036c70c9cb40e5d9be08583721db1b9a863033015105).
[2026-06-16T12:31:06.092Z] cron-service: resubmitting IAU (router=client_test_01_router_default, confirmedAge=544s, ceiling=600s, intentHash=0x4f64ea4f34546247b25ed9551c23bb9850212e6c43c0ec489af8e7b5a6058f08).
[2026-06-16T12:31:06.089Z] cron-service: resubmitting NVDA (router=client_test_01_router_default, confirmedAge=544s, ceiling=600s, intentHash=0xb62fc83937a9aef8c15e76f50cb4839acfa5934175418af44e6242c707ddf78d).
[2026-06-16T12:31:16.116Z] scanner-http: scanned 29134075..29134090 (0 log(s), head=29134096, finalized=29134090)
[2026-06-16T12:31:16.563Z] scanner-http: scanned 29134091..29134091 (0 log(s), head=29134097, finalized=29134091)
[2026-06-16T12:31:19.837Z] [debug] daemon: condition-filtered router=client_test_01_router_default reason="condition failed: field="${enrichment.fullIntent.Symbol}" operator="in" value=["SPYM","CRCL","TSLA","NVDA","IAU","PPLT","MSTR","AMZN","SIVR","COIN"] actual="fairValue:spSEI""
[2026-06-16T12:31:19.841Z] scanner-ws: delivered 1 log(s) (blocks 29134102..29134102)
[2026-06-16T12:31:19.846Z] [debug] daemon: condition-filtered router=client_test_01_router_default reason="condition failed: field="${enrichment.fullIntent.Symbol}" operator="in" value=["SPYM","CRCL","TSLA","NVDA","IAU","PPLT","MSTR","AMZN","SIVR","COIN"] actual="usdValue:spSEI""
[2026-06-16T12:31:19.851Z] scanner-ws: delivered 1 log(s) (blocks 29134102..29134102)
[2026-06-16T12:31:20.021Z] [debug] daemon: condition-filtered router=client_test_01_router_default reason="condition failed: field="${enrichment.fullIntent.Symbol}" operator="in" value=["SPYM","CRCL","TSLA","NVDA","IAU","PPLT","MSTR","AMZN","SIVR","COIN"] actual="numerator:spSEI""
[2026-06-16T12:31:20.025Z] scanner-ws: delivered 1 log(s) (blocks 29134102..29134102)
[2026-06-16T12:31:20.098Z] [debug] daemon: condition-filtered router=client_test_01_router_default reason="condition failed: field="${enrichment.fullIntent.Symbol}" operator="in" value=["SPYM","CRCL","TSLA","NVDA","IAU","PPLT","MSTR","AMZN","SIVR","COIN"] actual="denominator:spSEI""
[2026-06-16T12:31:20.104Z] scanner-ws: delivered 1 log(s) (blocks 29134102..29134102)
[2026-06-16T12:31:20.108Z] [debug] daemon: condition-filtered router=client_test_01_router_default reason="condition failed: field="${enrichment.fullIntent.Symbol}" operator="in" value=["SPYM","CRCL","TSLA","NVDA","IAU","PPLT","MSTR","AMZN","SIVR","COIN"] actual="denominator:hemiBTC""
[2026-06-16T12:31:20.112Z] scanner-ws: delivered 1 log(s) (blocks 29134102..29134102)
[2026-06-16T12:31:20.147Z] [debug] daemon: condition-filtered router=client_test_01_router_default reason="condition failed: field="${enrichment.fullIntent.Symbol}" operator="in" value=["SPYM","CRCL","TSLA","NVDA","IAU","PPLT","MSTR","AMZN","SIVR","COIN"] actual="numerator:hemiBTC""
[2026-06-16T12:31:20.153Z] scanner-ws: delivered 1 log(s) (blocks 29134102..29134102)
[2026-06-16T12:31:20.184Z] [debug] daemon: condition-filtered router=client_test_01_router_default reason="condition failed: field="${enrichment.fullIntent.Symbol}" operator="in" value=["SPYM","CRCL","TSLA","NVDA","IAU","PPLT","MSTR","AMZN","SIVR","COIN"] actual="usdValue:hemiBTC""
[2026-06-16T12:31:20.192Z] scanner-ws: delivered 1 log(s) (blocks 29134102..29134102)
[2026-06-16T12:31:20.200Z] [debug] daemon: condition-filtered router=client_test_01_router_default reason="condition failed: field="${enrichment.fullIntent.Symbol}" operator="in" value=["SPYM","CRCL","TSLA","NVDA","IAU","PPLT","MSTR","AMZN","SIVR","COIN"] actual="fairValue:hemiBTC""
[2026-06-16T12:31:20.205Z] scanner-ws: delivered 1 log(s) (blocks 29134102..29134102)
[2026-06-16T12:31:20.569Z] [debug] daemon: condition-filtered router=client_test_01_router_default reason="condition failed: field="${enrichment.fullIntent.Symbol}" operator="in" value=["SPYM","CRCL","TSLA","NVDA","IAU","PPLT","MSTR","AMZN","SIVR","COIN"] actual="BMNR""
[2026-06-16T12:31:20.575Z] scanner-ws: delivered 1 log(s) (blocks 29134106..29134106)
[2026-06-16T12:31:22.328Z] scanner-ws: delivered 1 log(s) (blocks 29134109..29134109)
[2026-06-16T12:31:27.665Z] scanner-http: scanned 29134092..29134113 (10 log(s), head=29134119, finalized=29134113)
[2026-06-16T12:31:28.137Z] scanner-http: scanned 29134114..29134114 (0 log(s), head=29134120, finalized=29134114)
[2026-06-16T12:31:36.016Z] cron-service: resubmitting CRCL (router=client_test_01_router_default, confirmedAge=603s, ceiling=600s, intentHash=0x5675449d2536decd94358f5a09e128d4395681017ef60197d50ccf2c41c80b99).
[2026-06-16T12:31:36.020Z] cron-service: resubmitting TSLA (router=client_test_01_router_default, confirmedAge=898s, ceiling=600s, intentHash=0x7b61243d591586722164036c70c9cb40e5d9be08583721db1b9a863033015105).
[2026-06-16T12:31:36.023Z] cron-service: resubmitting NVDA (router=client_test_01_router_default, confirmedAge=574s, ceiling=600s, intentHash=0xb62fc83937a9aef8c15e76f50cb4839acfa5934175418af44e6242c707ddf78d).
[2026-06-16T12:31:36.027Z] cron-service: resubmitting IAU (router=client_test_01_router_default, confirmedAge=574s, ceiling=600s, intentHash=0x4f64ea4f34546247b25ed9551c23bb9850212e6c43c0ec489af8e7b5a6058f08).
[2026-06-16T12:31:36.035Z] cron-service: resubmitting MSTR (router=client_test_01_router_default, confirmedAge=1461s, ceiling=600s, intentHash=0xe9b52ea9766bf53d47eb594573492e2f8093224610b48dc9b3a628d96834f0a0).
[2026-06-16T12:31:39.293Z] scanner-http: scanned 29134115..29134135 (0 log(s), head=29134141, finalized=29134135)
[2026-06-16T12:31:39.757Z] scanner-http: scanned 29134136..29134137 (0 log(s), head=29134143, finalized=29134137)
[2026-06-16T12:31:40.215Z] scanner-http: scanned 29134138..29134138 (0 log(s), head=29134144, finalized=29134138)
[2026-06-16T12:31:40.651Z] scanner-http: scanned 29134139..29134139 (0 log(s), head=29134145, finalized=29134139)
[2026-06-16T12:31:41.002Z] [debug] daemon: condition-filtered router=client_test_01_router_default reason="condition failed: field="${enrichment.fullIntent.Symbol}" operator="in" value=["SPYM","CRCL","TSLA","NVDA","IAU","PPLT","MSTR","AMZN","SIVR","COIN"] actual="ARS/USDT""
[2026-06-16T12:31:41.008Z] scanner-ws: delivered 1 log(s) (blocks 29134146..29134146)
[2026-06-16T12:31:41.179Z] scanner-http: scanned 29134140..29134141 (0 log(s), head=29134147, finalized=29134141)
[2026-06-16T12:31:52.177Z] scanner-http: scanned 29134142..29134157 (1 log(s), head=29134163, finalized=29134157)
[2026-06-16T12:31:52.622Z] scanner-http: scanned 29134158..29134159 (0 log(s), head=29134165, finalized=29134159)
[2026-06-16T12:31:53.067Z] scanner-http: scanned 29134160..29134160 (0 log(s), head=29134166, finalized=29134160)
[2026-06-16T12:31:53.508Z] scanner-http: scanned 29134161..29134161 (0 log(s), head=29134167, finalized=29134161)
[2026-06-16T12:31:58.635Z] [debug] daemon: condition-filtered router=client_test_01_router_default reason="condition failed: field="${enrichment.fullIntent.Symbol}" operator="in" value=["SPYM","CRCL","TSLA","NVDA","IAU","PPLT","MSTR","AMZN","SIVR","COIN"] actual="fairValue:spSEI""
[2026-06-16T12:31:58.640Z] scanner-ws: delivered 1 log(s) (blocks 29134173..29134173)
[2026-06-16T12:31:58.835Z] [debug] daemon: condition-filtered router=client_test_01_router_default reason="condition failed: field="${enrichment.fullIntent.Symbol}" operator="in" value=["SPYM","CRCL","TSLA","NVDA","IAU","PPLT","MSTR","AMZN","SIVR","COIN"] actual="usdValue:spSEI""
[2026-06-16T12:31:58.840Z] scanner-ws: delivered 1 log(s) (blocks 29134173..29134173)
[2026-06-16T12:31:58.880Z] [debug] daemon: condition-filtered router=client_test_01_router_default reason="condition failed: field="${enrichment.fullIntent.Symbol}" operator="in" value=["SPYM","CRCL","TSLA","NVDA","IAU","PPLT","MSTR","AMZN","SIVR","COIN"] actual="numerator:spSEI""
[2026-06-16T12:31:58.884Z] scanner-ws: delivered 1 log(s) (blocks 29134173..29134173)
[2026-06-16T12:31:58.898Z] [debug] daemon: condition-filtered router=client_test_01_router_default reason="condition failed: field="${enrichment.fullIntent.Symbol}" operator="in" value=["SPYM","CRCL","TSLA","NVDA","IAU","PPLT","MSTR","AMZN","SIVR","COIN"] actual="denominator:spSEI""
[2026-06-16T12:31:58.903Z] scanner-ws: delivered 1 log(s) (blocks 29134173..29134173)
[2026-06-16T12:31:58.946Z] [debug] daemon: condition-filtered router=client_test_01_router_default reason="condition failed: field="${enrichment.fullIntent.Symbol}" operator="in" value=["SPYM","CRCL","TSLA","NVDA","IAU","PPLT","MSTR","AMZN","SIVR","COIN"] actual="usdValue:hemiBTC""
[2026-06-16T12:31:58.952Z] scanner-ws: delivered 1 log(s) (blocks 29134173..29134173)
[2026-06-16T12:31:58.957Z] [debug] daemon: condition-filtered router=client_test_01_router_default reason="condition failed: field="${enrichment.fullIntent.Symbol}" operator="in" value=["SPYM","CRCL","TSLA","NVDA","IAU","PPLT","MSTR","AMZN","SIVR","COIN"] actual="denominator:hemiBTC""
[2026-06-16T12:31:58.962Z] scanner-ws: delivered 1 log(s) (blocks 29134173..29134173)
[2026-06-16T12:31:58.993Z] [debug] daemon: condition-filtered router=client_test_01_router_default reason="condition failed: field="${enrichment.fullIntent.Symbol}" operator="in" value=["SPYM","CRCL","TSLA","NVDA","IAU","PPLT","MSTR","AMZN","SIVR","COIN"] actual="numerator:hemiBTC""
[2026-06-16T12:31:58.998Z] scanner-ws: delivered 1 log(s) (blocks 29134173..29134173)
[2026-06-16T12:31:59.031Z] [debug] daemon: condition-filtered router=client_test_01_router_default reason="condition failed: field="${enrichment.fullIntent.Symbol}" operator="in" value=["SPYM","CRCL","TSLA","NVDA","IAU","PPLT","MSTR","AMZN","SIVR","COIN"] actual="fairValue:hemiBTC""
[2026-06-16T12:31:59.035Z] scanner-ws: delivered 1 log(s) (blocks 29134173..29134173)
[2026-06-16T12:32:04.637Z] scanner-http: scanned 29134162..29134177 (8 log(s), head=29134183, finalized=29134177)
[2026-06-16T12:32:05.095Z] scanner-http: scanned 29134178..29134179 (0 log(s), head=29134185, finalized=29134179)
[2026-06-16T12:32:05.557Z] scanner-http: scanned 29134180..29134182 (0 log(s), head=29134188, finalized=29134182)
[2026-06-16T12:32:05.970Z] cron-service: resubmitting CRCL (router=client_test_01_router_default, confirmedAge=633s, ceiling=600s, intentHash=0x5675449d2536decd94358f5a09e128d4395681017ef60197d50ccf2c41c80b99).
[2026-06-16T12:32:05.974Z] cron-service: resubmitting TSLA (router=client_test_01_router_default, confirmedAge=928s, ceiling=600s, intentHash=0x7b61243d591586722164036c70c9cb40e5d9be08583721db1b9a863033015105).
[2026-06-16T12:32:05.977Z] cron-service: resubmitting NVDA (router=client_test_01_router_default, confirmedAge=604s, ceiling=600s, intentHash=0xb62fc83937a9aef8c15e76f50cb4839acfa5934175418af44e6242c707ddf78d).
[2026-06-16T12:32:05.980Z] cron-service: resubmitting IAU (router=client_test_01_router_default, confirmedAge=604s, ceiling=600s, intentHash=0x4f64ea4f34546247b25ed9551c23bb9850212e6c43c0ec489af8e7b5a6058f08).
[2026-06-16T12:32:05.985Z] cron-service: resubmitting MSTR (router=client_test_01_router_default, confirmedAge=1491s, ceiling=600s, intentHash=0xe9b52ea9766bf53d47eb594573492e2f8093224610b48dc9b3a628d96834f0a0).
[2026-06-16T12:32:15.363Z] [debug] Confirmed by Blockfrost: oracle update batch (CRCL, NVDA, IAU, TSLA) 7f5c25b17a6adf3372fb220edc5c0dd43aa36096cc50227bed98829630d8181a.
[2026-06-16T12:32:16.527Z] scanner-http: scanned 29134183..29134200 (0 log(s), head=29134206, finalized=29134200)
[2026-06-16T12:32:17.006Z] scanner-http: scanned 29134201..29134201 (0 log(s), head=29134207, finalized=29134201)
[2026-06-16T12:32:19.661Z] [debug] daemon: condition-filtered router=client_test_01_router_default reason="condition failed: field="${enrichment.fullIntent.Symbol}" operator="in" value=["SPYM","CRCL","TSLA","NVDA","IAU","PPLT","MSTR","AMZN","SIVR","COIN"] actual="usdValue:spSEI""
[2026-06-16T12:32:19.667Z] scanner-ws: delivered 1 log(s) (blocks 29134210..29134210)
[2026-06-16T12:32:19.671Z] [debug] daemon: condition-filtered router=client_test_01_router_default reason="condition failed: field="${enrichment.fullIntent.Symbol}" operator="in" value=["SPYM","CRCL","TSLA","NVDA","IAU","PPLT","MSTR","AMZN","SIVR","COIN"] actual="fairValue:spSEI""
[2026-06-16T12:32:19.675Z] scanner-ws: delivered 1 log(s) (blocks 29134210..29134210)
[2026-06-16T12:32:19.796Z] [debug] daemon: condition-filtered router=client_test_01_router_default reason="condition failed: field="${enrichment.fullIntent.Symbol}" operator="in" value=["SPYM","CRCL","TSLA","NVDA","IAU","PPLT","MSTR","AMZN","SIVR","COIN"] actual="denominator:hemiBTC""
[2026-06-16T12:32:19.802Z] scanner-ws: delivered 1 log(s) (blocks 29134210..29134210)
[2026-06-16T12:32:19.810Z] [debug] daemon: condition-filtered router=client_test_01_router_default reason="condition failed: field="${enrichment.fullIntent.Symbol}" operator="in" value=["SPYM","CRCL","TSLA","NVDA","IAU","PPLT","MSTR","AMZN","SIVR","COIN"] actual="numerator:hemiBTC""
[2026-06-16T12:32:19.814Z] scanner-ws: delivered 1 log(s) (blocks 29134210..29134210)
[2026-06-16T12:32:19.823Z] [debug] daemon: condition-filtered router=client_test_01_router_default reason="condition failed: field="${enrichment.fullIntent.Symbol}" operator="in" value=["SPYM","CRCL","TSLA","NVDA","IAU","PPLT","MSTR","AMZN","SIVR","COIN"] actual="denominator:spSEI""
[2026-06-16T12:32:19.838Z] scanner-ws: delivered 1 log(s) (blocks 29134210..29134210)
[2026-06-16T12:32:19.845Z] [debug] daemon: condition-filtered router=client_test_01_router_default reason="condition failed: field="${enrichment.fullIntent.Symbol}" operator="in" value=["SPYM","CRCL","TSLA","NVDA","IAU","PPLT","MSTR","AMZN","SIVR","COIN"] actual="fairValue:hemiBTC""
[2026-06-16T12:32:19.856Z] scanner-ws: delivered 1 log(s) (blocks 29134210..29134210)
[2026-06-16T12:32:19.862Z] [debug] daemon: condition-filtered router=client_test_01_router_default reason="condition failed: field="${enrichment.fullIntent.Symbol}" operator="in" value=["SPYM","CRCL","TSLA","NVDA","IAU","PPLT","MSTR","AMZN","SIVR","COIN"] actual="usdValue:hemiBTC""
[2026-06-16T12:32:19.866Z] scanner-ws: delivered 1 log(s) (blocks 29134210..29134210)
[2026-06-16T12:32:19.869Z] [debug] daemon: condition-filtered router=client_test_01_router_default reason="condition failed: field="${enrichment.fullIntent.Symbol}" operator="in" value=["SPYM","CRCL","TSLA","NVDA","IAU","PPLT","MSTR","AMZN","SIVR","COIN"] actual="numerator:spSEI""
[2026-06-16T12:32:19.873Z] scanner-ws: delivered 1 log(s) (blocks 29134210..29134210)
[2026-06-16T12:32:21.880Z] scanner-ws: delivered 1 log(s) (blocks 29134217..29134217)
[2026-06-16T12:32:22.581Z] [debug] [clients/client-test-01.json] batch confirmed: txHash=7f5c25b17a6adf3372fb220edc5c0dd43aa36096cc50227bed98829630d8181a built=4 skipped=0 receiverUnit=6ec4b5aa572382beb11bb8db28a87884d147afe4e2b3d8f5a7331a254449415f52454345495645525f434c49454e545f41 members=CRCL:update,NVDA:update,IAU:update,TSLA:update
[2026-06-16T12:32:22.619Z] [debug] [clients/client-test-01.json] submitBatch: intents=6 symbols=CRCL,TSLA,NVDA,IAU,MSTR,AMZN
[2026-06-16T12:32:22.619Z] [debug] submitOracleUpdateBatch: intents=6 symbols=CRCL, TSLA, NVDA, IAU, MSTR, AMZN
[2026-06-16T12:32:25.037Z] [debug] submitOracleUpdateBatch: skipping CRCL — intent (ts=1781612970, nonce=1781609473717109804) does not beat on-chain (ts=1781612970, nonce=1781609473717109804); superseded.
[2026-06-16T12:32:25.946Z] [debug] submitOracleUpdateBatch: skipping TSLA — intent (ts=1781613032, nonce=1781609473717109805) does not beat on-chain (ts=1781613032, nonce=1781609473717109805); superseded.
[2026-06-16T12:32:26.859Z] [debug] submitOracleUpdateBatch: skipping NVDA — intent (ts=1781612666, nonce=1781609473717109799) does not beat on-chain (ts=1781612666, nonce=1781609473717109799); superseded.
[2026-06-16T12:32:27.787Z] [debug] submitOracleUpdateBatch: skipping IAU — intent (ts=1781612562, nonce=1781609473717109796) does not beat on-chain (ts=1781612562, nonce=1781609473717109796); superseded.
[2026-06-16T12:32:28.093Z] scanner-http: scanned 29134202..29134221 (9 log(s), head=29134227, finalized=29134221)
[2026-06-16T12:32:35.921Z] cron-service: resubmitting MSTR (router=client_test_01_router_default, confirmedAge=1521s, ceiling=600s, intentHash=0xe9b52ea9766bf53d47eb594573492e2f8093224610b48dc9b3a628d96834f0a0).
[2026-06-16T12:32:35.925Z] cron-service: resubmitting AMZN (router=client_test_01_router_default, confirmedAge=634s, ceiling=600s, intentHash=0x3dc172f1db75e8336b346bc2032ff5aae79a1583bcd271525ddbfa90132f477d).
[2026-06-16T12:32:39.187Z] scanner-http: scanned 29134222..29134239 (0 log(s), head=29134245, finalized=29134239)
[2026-06-16T12:32:39.633Z] scanner-http: scanned 29134240..29134240 (0 log(s), head=29134246, finalized=29134240)
[2026-06-16T12:32:40.085Z] scanner-http: scanned 29134241..29134241 (0 log(s), head=29134247, finalized=29134241)
[2026-06-16T12:32:40.533Z] scanner-http: scanned 29134242..29134244 (0 log(s), head=29134250, finalized=29134244)
[2026-06-16T12:32:41.095Z] scanner-http: scanned 29134245..29134245 (0 log(s), head=29134251, finalized=29134245)
[2026-06-16T12:32:41.135Z] [debug] daemon: condition-filtered router=client_test_01_router_default reason="condition failed: field="${enrichment.fullIntent.Symbol}" operator="in" value=["SPYM","CRCL","TSLA","NVDA","IAU","PPLT","MSTR","AMZN","SIVR","COIN"] actual="ARS/USDT""
[2026-06-16T12:32:41.141Z] scanner-ws: delivered 1 log(s) (blocks 29134251..29134251)
[2026-06-16T12:32:41.543Z] scanner-http: scanned 29134246..29134246 (0 log(s), head=29134252, finalized=29134246)
[2026-06-16T12:32:47.505Z] [debug] daemon: policy-filtered router=client_test_01_router_default dest=0
[2026-06-16T12:32:47.510Z] scanner-ws: delivered 1 log(s) (blocks 29134265..29134265)
[2026-06-16T12:32:51.459Z] [debug] Confirmed by Blockfrost: oracle update batch (CRCL, TSLA, NVDA, IAU, MSTR, AMZN) 9c0f46245f3de10a16feb4ffabb9ac2b4fb62a422afbac36cb244688826e4d36.
[2026-06-16T12:32:52.580Z] scanner-http: scanned 29134247..29134269 (2 log(s), head=29134275, finalized=29134269)
[2026-06-16T12:32:53.026Z] scanner-http: scanned 29134270..29134272 (0 log(s), head=29134278, finalized=29134272)
[2026-06-16T12:32:53.508Z] [debug] daemon: condition-filtered router=client_test_01_router_default reason="condition failed: field="${enrichment.fullIntent.Symbol}" operator="in" value=["SPYM","CRCL","TSLA","NVDA","IAU","PPLT","MSTR","AMZN","SIVR","COIN"] actual="BMNR""
[2026-06-16T12:32:53.514Z] scanner-ws: delivered 1 log(s) (blocks 29134280..29134280)
[2026-06-16T12:32:53.628Z] scanner-http: scanned 29134273..29134275 (0 log(s), head=29134281, finalized=29134275)
[2026-06-16T12:32:54.089Z] scanner-http: scanned 29134276..29134276 (0 log(s), head=29134282, finalized=29134276)
[2026-06-16T12:32:54.541Z] scanner-http: scanned 29134277..29134277 (0 log(s), head=29134283, finalized=29134277)
[2026-06-16T12:32:58.426Z] [debug] daemon: condition-filtered router=client_test_01_router_default reason="condition failed: field="${enrichment.fullIntent.Symbol}" operator="in" value=["SPYM","CRCL","TSLA","NVDA","IAU","PPLT","MSTR","AMZN","SIVR","COIN"] actual="fairValue:spSEI""
[2026-06-16T12:32:58.432Z] scanner-ws: delivered 1 log(s) (blocks 29134289..29134289)
[2026-06-16T12:32:58.439Z] [debug] daemon: condition-filtered router=client_test_01_router_default reason="condition failed: field="${enrichment.fullIntent.Symbol}" operator="in" value=["SPYM","CRCL","TSLA","NVDA","IAU","PPLT","MSTR","AMZN","SIVR","COIN"] actual="usdValue:spSEI""
[2026-06-16T12:32:58.444Z] scanner-ws: delivered 1 log(s) (blocks 29134289..29134289)
[2026-06-16T12:32:58.599Z] [debug] daemon: condition-filtered router=client_test_01_router_default reason="condition failed: field="${enrichment.fullIntent.Symbol}" operator="in" value=["SPYM","CRCL","TSLA","NVDA","IAU","PPLT","MSTR","AMZN","SIVR","COIN"] actual="numerator:spSEI""
[2026-06-16T12:32:58.605Z] scanner-ws: delivered 1 log(s) (blocks 29134289..29134289)
[2026-06-16T12:32:58.613Z] [debug] daemon: condition-filtered router=client_test_01_router_default reason="condition failed: field="${enrichment.fullIntent.Symbol}" operator="in" value=["SPYM","CRCL","TSLA","NVDA","IAU","PPLT","MSTR","AMZN","SIVR","COIN"] actual="denominator:spSEI""
[2026-06-16T12:32:58.617Z] scanner-ws: delivered 1 log(s) (blocks 29134289..29134289)
[2026-06-16T12:32:58.657Z] [debug] daemon: condition-filtered router=client_test_01_router_default reason="condition failed: field="${enrichment.fullIntent.Symbol}" operator="in" value=["SPYM","CRCL","TSLA","NVDA","IAU","PPLT","MSTR","AMZN","SIVR","COIN"] actual="numerator:hemiBTC""
[2026-06-16T12:32:58.661Z] scanner-ws: delivered 1 log(s) (blocks 29134289..29134289)
[2026-06-16T12:32:58.687Z] [debug] daemon: condition-filtered router=client_test_01_router_default reason="condition failed: field="${enrichment.fullIntent.Symbol}" operator="in" value=["SPYM","CRCL","TSLA","NVDA","IAU","PPLT","MSTR","AMZN","SIVR","COIN"] actual="denominator:hemiBTC""
[2026-06-16T12:32:58.693Z] scanner-ws: delivered 1 log(s) (blocks 29134289..29134289)
[2026-06-16T12:32:58.704Z] [debug] daemon: condition-filtered router=client_test_01_router_default reason="condition failed: field="${enrichment.fullIntent.Symbol}" operator="in" value=["SPYM","CRCL","TSLA","NVDA","IAU","PPLT","MSTR","AMZN","SIVR","COIN"] actual="usdValue:hemiBTC""
[2026-06-16T12:32:58.709Z] scanner-ws: delivered 1 log(s) (blocks 29134289..29134289)
[2026-06-16T12:32:58.754Z] [debug] daemon: condition-filtered router=client_test_01_router_default reason="condition failed: field="${enrichment.fullIntent.Symbol}" operator="in" value=["SPYM","CRCL","TSLA","NVDA","IAU","PPLT","MSTR","AMZN","SIVR","COIN"] actual="fairValue:hemiBTC""
[2026-06-16T12:32:58.760Z] scanner-ws: delivered 1 log(s) (blocks 29134289..29134289)
[2026-06-16T12:33:01.080Z] [debug] [clients/client-test-01.json] batch confirmed: txHash=9c0f46245f3de10a16feb4ffabb9ac2b4fb62a422afbac36cb244688826e4d36 built=2 skipped=4 receiverUnit=6ec4b5aa572382beb11bb8db28a87884d147afe4e2b3d8f5a7331a254449415f52454345495645525f434c49454e545f41 members=MSTR:update,AMZN:update
[2026-06-16T12:33:01.088Z] [info] daemon: intent superseded (no tx) — code=NonMonotonicNonce intentHash=0x5675449d2536decd94358f5a09e128d4395681017ef60197d50ccf2c41c80b99 symbol=CRCL batchSize=2
[2026-06-16T12:33:01.095Z] [info] daemon: intent superseded (no tx) — code=NonMonotonicNonce intentHash=0x7b61243d591586722164036c70c9cb40e5d9be08583721db1b9a863033015105 symbol=TSLA batchSize=2
[2026-06-16T12:33:01.103Z] [info] daemon: intent superseded (no tx) — code=NonMonotonicNonce intentHash=0xb62fc83937a9aef8c15e76f50cb4839acfa5934175418af44e6242c707ddf78d symbol=NVDA batchSize=2
[2026-06-16T12:33:01.110Z] [info] daemon: intent superseded (no tx) — code=NonMonotonicNonce intentHash=0x4f64ea4f34546247b25ed9551c23bb9850212e6c43c0ec489af8e7b5a6058f08 symbol=IAU batchSize=2
[2026-06-16T12:33:01.131Z] [debug] [clients/client-test-01.json] submitBatch: intents=2 symbols=MSTR,AMZN
[2026-06-16T12:33:01.131Z] [debug] submitOracleUpdateBatch: intents=2 symbols=MSTR, AMZN
[2026-06-16T12:33:03.715Z] [debug] submitOracleUpdateBatch: skipping MSTR — intent (ts=1781613080, nonce=1781609473717109807) does not beat on-chain (ts=1781613080, nonce=1781609473717109807); superseded.
[2026-06-16T12:33:04.638Z] [debug] submitOracleUpdateBatch: skipping AMZN — intent (ts=1781613140, nonce=1781609473717109808) does not beat on-chain (ts=1781613140, nonce=1781609473717109808); superseded.
[2026-06-16T12:33:04.638Z] [debug] submitOracleUpdateBatch: all 2 candidate(s) superseded on chain; no tx submitted.
[2026-06-16T12:33:04.638Z] [debug] [clients/client-test-01.json] batch: all 2 intent(s) superseded on chain; no tx submitted.
[2026-06-16T12:33:04.645Z] [info] daemon: intent superseded (no tx) — code=NonMonotonicNonce intentHash=0xe9b52ea9766bf53d47eb594573492e2f8093224610b48dc9b3a628d96834f0a0 symbol=MSTR batchSize=1
[2026-06-16T12:33:04.652Z] [info] daemon: intent superseded (no tx) — code=NonMonotonicNonce intentHash=0x3dc172f1db75e8336b346bc2032ff5aae79a1583bcd271525ddbfa90132f477d symbol=AMZN batchSize=1
[2026-06-16T12:33:05.593Z] [debug] daemon: condition-filtered router=client_test_01_router_default reason="condition failed: field="${enrichment.fullIntent.Symbol}" operator="in" value=["SPYM","CRCL","TSLA","NVDA","IAU","PPLT","MSTR","AMZN","SIVR","COIN"] actual="BMNR""
[2026-06-16T12:33:05.597Z] scanner-ws: delivered 1 log(s) (blocks 29134303..29134303)
[2026-06-16T12:33:05.862Z] scanner-http: scanned 29134278..29134296 (9 log(s), head=29134302, finalized=29134296)
[2026-06-16T12:33:06.322Z] scanner-http: scanned 29134297..29134301 (0 log(s), head=29134307, finalized=29134301)
[2026-06-16T12:33:06.788Z] scanner-http: scanned 29134302..29134302 (0 log(s), head=29134308, finalized=29134302)
[2026-06-16T12:33:10.193Z] [debug] daemon: policy-filtered router=client_test_01_router_default dest=0
[2026-06-16T12:33:10.200Z] scanner-ws: delivered 1 log(s) (blocks 29134313..29134313)
[2026-06-16T12:33:17.858Z] scanner-http: scanned 29134303..29134321 (2 log(s), head=29134327, finalized=29134321)
[2026-06-16T12:33:18.304Z] scanner-http: scanned 29134322..29134322 (0 log(s), head=29134328, finalized=29134322)
[2026-06-16T12:33:19.817Z] [debug] daemon: condition-filtered router=client_test_01_router_default reason="condition failed: field="${enrichment.fullIntent.Symbol}" operator="in" value=["SPYM","CRCL","TSLA","NVDA","IAU","PPLT","MSTR","AMZN","SIVR","COIN"] actual="usdValue:spSEI""
[2026-06-16T12:33:19.823Z] scanner-ws: delivered 1 log(s) (blocks 29134332..29134332)
[2026-06-16T12:33:19.828Z] [debug] daemon: condition-filtered router=client_test_01_router_default reason="condition failed: field="${enrichment.fullIntent.Symbol}" operator="in" value=["SPYM","CRCL","TSLA","NVDA","IAU","PPLT","MSTR","AMZN","SIVR","COIN"] actual="fairValue:spSEI""
[2026-06-16T12:33:19.833Z] scanner-ws: delivered 1 log(s) (blocks 29134332..29134332)
[2026-06-16T12:33:19.903Z] [debug] daemon: condition-filtered router=client_test_01_router_default reason="condition failed: field="${enrichment.fullIntent.Symbol}" operator="in" value=["SPYM","CRCL","TSLA","NVDA","IAU","PPLT","MSTR","AMZN","SIVR","COIN"] actual="denominator:spSEI""
[2026-06-16T12:33:19.909Z] scanner-ws: delivered 1 log(s) (blocks 29134332..29134332)
[2026-06-16T12:33:19.916Z] [debug] daemon: condition-filtered router=client_test_01_router_default reason="condition failed: field="${enrichment.fullIntent.Symbol}" operator="in" value=["SPYM","CRCL","TSLA","NVDA","IAU","PPLT","MSTR","AMZN","SIVR","COIN"] actual="fairValue:hemiBTC""
[2026-06-16T12:33:19.921Z] scanner-ws: delivered 1 log(s) (blocks 29134332..29134332)
[2026-06-16T12:33:19.929Z] scanner-ws: delivered 1 log(s) (blocks 29134332..29134332)
[2026-06-16T12:33:19.925Z] [debug] daemon: condition-filtered router=client_test_01_router_default reason="condition failed: field="${enrichment.fullIntent.Symbol}" operator="in" value=["SPYM","CRCL","TSLA","NVDA","IAU","PPLT","MSTR","AMZN","SIVR","COIN"] actual="usdValue:hemiBTC""
[2026-06-16T12:33:19.934Z] [debug] daemon: condition-filtered router=client_test_01_router_default reason="condition failed: field="${enrichment.fullIntent.Symbol}" operator="in" value=["SPYM","CRCL","TSLA","NVDA","IAU","PPLT","MSTR","AMZN","SIVR","COIN"] actual="numerator:hemiBTC""
[2026-06-16T12:33:19.941Z] scanner-ws: delivered 1 log(s) (blocks 29134332..29134332)
[2026-06-16T12:33:19.946Z] [debug] daemon: condition-filtered router=client_test_01_router_default reason="condition failed: field="${enrichment.fullIntent.Symbol}" operator="in" value=["SPYM","CRCL","TSLA","NVDA","IAU","PPLT","MSTR","AMZN","SIVR","COIN"] actual="numerator:spSEI""
[2026-06-16T12:33:19.951Z] scanner-ws: delivered 1 log(s) (blocks 29134332..29134332)
[2026-06-16T12:33:19.955Z] [debug] daemon: condition-filtered router=client_test_01_router_default reason="condition failed: field="${enrichment.fullIntent.Symbol}" operator="in" value=["SPYM","CRCL","TSLA","NVDA","IAU","PPLT","MSTR","AMZN","SIVR","COIN"] actual="denominator:hemiBTC""
[2026-06-16T12:33:19.960Z] scanner-ws: delivered 1 log(s) (blocks 29134332..29134332)
[2026-06-16T12:33:29.448Z] scanner-http: scanned 29134323..29134341 (8 log(s), head=29134347, finalized=29134341)
[2026-06-16T12:33:29.901Z] scanner-http: scanned 29134342..29134342 (0 log(s), head=29134348, finalized=29134342)
[2026-06-16T12:33:30.367Z] scanner-http: scanned 29134343..29134343 (0 log(s), head=29134349, finalized=29134343)
[2026-06-16T12:33:41.138Z] [debug] daemon: condition-filtered router=client_test_01_router_default reason="condition failed: field="${enrichment.fullIntent.Symbol}" operator="in" value=["SPYM","CRCL","TSLA","NVDA","IAU","PPLT","MSTR","AMZN","SIVR","COIN"] actual="ARS/USDT""
[2026-06-16T12:33:41.143Z] scanner-ws: delivered 1 log(s) (blocks 29134368..29134368)
[2026-06-16T12:33:41.270Z] scanner-http: scanned 29134344..29134363 (0 log(s), head=29134369, finalized=29134363)
[2026-06-16T12:33:41.725Z] scanner-http: scanned 29134364..29134364 (0 log(s), head=29134370, finalized=29134364)
[2026-06-16T12:33:42.180Z] scanner-http: scanned 29134365..29134365 (0 log(s), head=29134371, finalized=29134365)
[2026-06-16T12:33:42.654Z] scanner-http: scanned 29134366..29134366 (0 log(s), head=29134372, finalized=29134366)
[2026-06-16T12:33:50.792Z] [debug] daemon: condition-filtered router=client_test_01_router_default reason="condition failed: field="${enrichment.fullIntent.Symbol}" operator="in" value=["SPYM","CRCL","TSLA","NVDA","IAU","PPLT","MSTR","AMZN","SIVR","COIN"] actual="BMNR""
[2026-06-16T12:33:50.797Z] scanner-ws: delivered 1 log(s) (blocks 29134387..29134387)
[2026-06-16T12:33:53.584Z] scanner-http: scanned 29134367..29134386 (1 log(s), head=29134392, finalized=29134386)
[2026-06-16T12:33:54.265Z] scanner-http: scanned 29134387..29134387 (1 log(s), head=29134393, finalized=29134387)
[2026-06-16T12:33:58.346Z] [debug] daemon: condition-filtered router=client_test_01_router_default reason="condition failed: field="${enrichment.fullIntent.Symbol}" operator="in" value=["SPYM","CRCL","TSLA","NVDA","IAU","PPLT","MSTR","AMZN","SIVR","COIN"] actual="fairValue:spSEI""
[2026-06-16T12:33:58.353Z] scanner-ws: delivered 1 log(s) (blocks 29134401..29134401)
[2026-06-16T12:33:58.451Z] [debug] daemon: condition-filtered router=client_test_01_router_default reason="condition failed: field="${enrichment.fullIntent.Symbol}" operator="in" value=["SPYM","CRCL","TSLA","NVDA","IAU","PPLT","MSTR","AMZN","SIVR","COIN"] actual="numerator:spSEI""
[2026-06-16T12:33:58.457Z] scanner-ws: delivered 1 log(s) (blocks 29134401..29134401)
[2026-06-16T12:33:58.464Z] [debug] daemon: condition-filtered router=client_test_01_router_default reason="condition failed: field="${enrichment.fullIntent.Symbol}" operator="in" value=["SPYM","CRCL","TSLA","NVDA","IAU","PPLT","MSTR","AMZN","SIVR","COIN"] actual="denominator:hemiBTC""
[2026-06-16T12:33:58.470Z] scanner-ws: delivered 1 log(s) (blocks 29134401..29134401)
[2026-06-16T12:33:58.473Z] [debug] daemon: condition-filtered router=client_test_01_router_default reason="condition failed: field="${enrichment.fullIntent.Symbol}" operator="in" value=["SPYM","CRCL","TSLA","NVDA","IAU","PPLT","MSTR","AMZN","SIVR","COIN"] actual="numerator:hemiBTC""
[2026-06-16T12:33:58.477Z] scanner-ws: delivered 1 log(s) (blocks 29134401..29134401)
[2026-06-16T12:33:58.483Z] [debug] daemon: condition-filtered router=client_test_01_router_default reason="condition failed: field="${enrichment.fullIntent.Symbol}" operator="in" value=["SPYM","CRCL","TSLA","NVDA","IAU","PPLT","MSTR","AMZN","SIVR","COIN"] actual="denominator:spSEI""
[2026-06-16T12:33:58.489Z] scanner-ws: delivered 1 log(s) (blocks 29134401..29134401)
[2026-06-16T12:33:58.494Z] [debug] daemon: condition-filtered router=client_test_01_router_default reason="condition failed: field="${enrichment.fullIntent.Symbol}" operator="in" value=["SPYM","CRCL","TSLA","NVDA","IAU","PPLT","MSTR","AMZN","SIVR","COIN"] actual="fairValue:hemiBTC""
[2026-06-16T12:33:58.500Z] scanner-ws: delivered 1 log(s) (blocks 29134401..29134401)
[2026-06-16T12:33:58.502Z] [debug] daemon: condition-filtered router=client_test_01_router_default reason="condition failed: field="${enrichment.fullIntent.Symbol}" operator="in" value=["SPYM","CRCL","TSLA","NVDA","IAU","PPLT","MSTR","AMZN","SIVR","COIN"] actual="usdValue:hemiBTC""
[2026-06-16T12:33:58.507Z] scanner-ws: delivered 1 log(s) (blocks 29134401..29134401)
[2026-06-16T12:33:58.512Z] [debug] daemon: condition-filtered router=client_test_01_router_default reason="condition failed: field="${enrichment.fullIntent.Symbol}" operator="in" value=["SPYM","CRCL","TSLA","NVDA","IAU","PPLT","MSTR","AMZN","SIVR","COIN"] actual="usdValue:spSEI""
[2026-06-16T12:33:58.516Z] scanner-ws: delivered 1 log(s) (blocks 29134401..29134401)
[2026-06-16T12:34:05.376Z] scanner-http: scanned 29134388..29134409 (8 log(s), head=29134415, finalized=29134409)
[2026-06-16T12:34:05.825Z] scanner-http: scanned 29134410..29134410 (0 log(s), head=29134416, finalized=29134410)
[2026-06-16T12:34:16.612Z] scanner-http: scanned 29134411..29134432 (0 log(s), head=29134438, finalized=29134432)
[2026-06-16T12:34:17.055Z] scanner-http: scanned 29134433..29134433 (0 log(s), head=29134439, finalized=29134433)
[2026-06-16T12:34:17.491Z] scanner-http: scanned 29134434..29134434 (0 log(s), head=29134440, finalized=29134434)
[2026-06-16T12:34:17.966Z] scanner-http: scanned 29134435..29134435 (0 log(s), head=29134441, finalized=29134435)
[2026-06-16T12:34:19.701Z] [debug] daemon: condition-filtered router=client_test_01_router_default reason="condition failed: field="${enrichment.fullIntent.Symbol}" operator="in" value=["SPYM","CRCL","TSLA","NVDA","IAU","PPLT","MSTR","AMZN","SIVR","COIN"] actual="usdValue:spSEI""
[2026-06-16T12:34:19.707Z] scanner-ws: delivered 1 log(s) (blocks 29134444..29134444)
[2026-06-16T12:34:19.713Z] [debug] daemon: condition-filtered router=client_test_01_router_default reason="condition failed: field="${enrichment.fullIntent.Symbol}" operator="in" value=["SPYM","CRCL","TSLA","NVDA","IAU","PPLT","MSTR","AMZN","SIVR","COIN"] actual="fairValue:spSEI""
[2026-06-16T12:34:19.719Z] scanner-ws: delivered 1 log(s) (blocks 29134444..29134444)
[2026-06-16T12:34:19.806Z] [debug] daemon: condition-filtered router=client_test_01_router_default reason="condition failed: field="${enrichment.fullIntent.Symbol}" operator="in" value=["SPYM","CRCL","TSLA","NVDA","IAU","PPLT","MSTR","AMZN","SIVR","COIN"] actual="denominator:hemiBTC""
[2026-06-16T12:34:19.812Z] scanner-ws: delivered 1 log(s) (blocks 29134444..29134444)
[2026-06-16T12:34:19.820Z] scanner-ws: delivered 1 log(s) (blocks 29134444..29134444)
[2026-06-16T12:34:19.816Z] [debug] daemon: condition-filtered router=client_test_01_router_default reason="condition failed: field="${enrichment.fullIntent.Symbol}" operator="in" value=["SPYM","CRCL","TSLA","NVDA","IAU","PPLT","MSTR","AMZN","SIVR","COIN"] actual="usdValue:hemiBTC""
[2026-06-16T12:34:19.826Z] [debug] daemon: condition-filtered router=client_test_01_router_default reason="condition failed: field="${enrichment.fullIntent.Symbol}" operator="in" value=["SPYM","CRCL","TSLA","NVDA","IAU","PPLT","MSTR","AMZN","SIVR","COIN"] actual="denominator:spSEI""
[2026-06-16T12:34:19.834Z] [debug] daemon: condition-filtered router=client_test_01_router_default reason="condition failed: field="${enrichment.fullIntent.Symbol}" operator="in" value=["SPYM","CRCL","TSLA","NVDA","IAU","PPLT","MSTR","AMZN","SIVR","COIN"] actual="numerator:hemiBTC""
[2026-06-16T12:34:19.830Z] scanner-ws: delivered 1 log(s) (blocks 29134444..29134444)
[2026-06-16T12:34:19.838Z] scanner-ws: delivered 1 log(s) (blocks 29134444..29134444)
[2026-06-16T12:34:19.842Z] [debug] daemon: condition-filtered router=client_test_01_router_default reason="condition failed: field="${enrichment.fullIntent.Symbol}" operator="in" value=["SPYM","CRCL","TSLA","NVDA","IAU","PPLT","MSTR","AMZN","SIVR","COIN"] actual="fairValue:hemiBTC""
[2026-06-16T12:34:19.846Z] scanner-ws: delivered 1 log(s) (blocks 29134444..29134444)
[2026-06-16T12:34:20.137Z] [debug] daemon: condition-filtered router=client_test_01_router_default reason="condition failed: field="${enrichment.fullIntent.Symbol}" operator="in" value=["SPYM","CRCL","TSLA","NVDA","IAU","PPLT","MSTR","AMZN","SIVR","COIN"] actual="numerator:spSEI""
[2026-06-16T12:34:20.142Z] scanner-ws: delivered 1 log(s) (blocks 29134444..29134444)
[2026-06-16T12:34:26.390Z] [debug] daemon: policy-filtered router=client_test_01_router_default dest=0
[2026-06-16T12:34:26.396Z] scanner-ws: delivered 1 log(s) (blocks 29134457..29134457)
[2026-06-16T12:34:29.268Z] scanner-http: scanned 29134436..29134455 (8 log(s), head=29134461, finalized=29134455)
[2026-06-16T12:34:29.760Z] scanner-http: scanned 29134456..29134456 (0 log(s), head=29134462, finalized=29134456)
[2026-06-16T12:34:30.811Z] scanner-http: scanned 29134457..29134457 (1 log(s), head=29134463, finalized=29134457)
[2026-06-16T12:34:31.285Z] scanner-http: scanned 29134458..29134458 (0 log(s), head=29134464, finalized=29134458)
[2026-06-16T12:34:31.752Z] scanner-http: scanned 29134459..29134459 (0 log(s), head=29134465, finalized=29134459)
[2026-06-16T12:34:41.272Z] [debug] daemon: condition-filtered router=client_test_01_router_default reason="condition failed: field="${enrichment.fullIntent.Symbol}" operator="in" value=["SPYM","CRCL","TSLA","NVDA","IAU","PPLT","MSTR","AMZN","SIVR","COIN"] actual="ARS/USDT""
[2026-06-16T12:34:41.278Z] scanner-ws: delivered 1 log(s) (blocks 29134481..29134481)
[2026-06-16T12:34:42.529Z] scanner-http: scanned 29134460..29134477 (0 log(s), head=29134483, finalized=29134477)
[2026-06-16T12:34:42.996Z] scanner-http: scanned 29134478..29134478 (0 log(s), head=29134484, finalized=29134478)
[2026-06-16T12:34:43.469Z] scanner-http: scanned 29134479..29134480 (0 log(s), head=29134486, finalized=29134480)
[2026-06-16T12:34:54.478Z] scanner-http: scanned 29134481..29134499 (1 log(s), head=29134505, finalized=29134499)
[2026-06-16T12:34:58.322Z] [debug] daemon: condition-filtered router=client_test_01_router_default reason="condition failed: field="${enrichment.fullIntent.Symbol}" operator="in" value=["SPYM","CRCL","TSLA","NVDA","IAU","PPLT","MSTR","AMZN","SIVR","COIN"] actual="usdValue:spSEI""
[2026-06-16T12:34:58.328Z] scanner-ws: delivered 1 log(s) (blocks 29134510..29134510)
[2026-06-16T12:34:58.338Z] scanner-ws: delivered 1 log(s) (blocks 29134510..29134510)
[2026-06-16T12:34:58.333Z] [debug] daemon: condition-filtered router=client_test_01_router_default reason="condition failed: field="${enrichment.fullIntent.Symbol}" operator="in" value=["SPYM","CRCL","TSLA","NVDA","IAU","PPLT","MSTR","AMZN","SIVR","COIN"] actual="fairValue:spSEI""
[2026-06-16T12:34:58.422Z] [debug] daemon: condition-filtered router=client_test_01_router_default reason="condition failed: field="${enrichment.fullIntent.Symbol}" operator="in" value=["SPYM","CRCL","TSLA","NVDA","IAU","PPLT","MSTR","AMZN","SIVR","COIN"] actual="numerator:spSEI""
[2026-06-16T12:34:58.426Z] scanner-ws: delivered 1 log(s) (blocks 29134510..29134510)
[2026-06-16T12:34:58.433Z] [debug] daemon: condition-filtered router=client_test_01_router_default reason="condition failed: field="${enrichment.fullIntent.Symbol}" operator="in" value=["SPYM","CRCL","TSLA","NVDA","IAU","PPLT","MSTR","AMZN","SIVR","COIN"] actual="denominator:spSEI""
[2026-06-16T12:34:58.437Z] scanner-ws: delivered 1 log(s) (blocks 29134510..29134510)
[2026-06-16T12:34:58.444Z] [debug] daemon: condition-filtered router=client_test_01_router_default reason="condition failed: field="${enrichment.fullIntent.Symbol}" operator="in" value=["SPYM","CRCL","TSLA","NVDA","IAU","PPLT","MSTR","AMZN","SIVR","COIN"] actual="usdValue:hemiBTC""
[2026-06-16T12:34:58.449Z] scanner-ws: delivered 1 log(s) (blocks 29134510..29134510)
[2026-06-16T12:34:58.453Z] [debug] daemon: condition-filtered router=client_test_01_router_default reason="condition failed: field="${enrichment.fullIntent.Symbol}" operator="in" value=["SPYM","CRCL","TSLA","NVDA","IAU","PPLT","MSTR","AMZN","SIVR","COIN"] actual="numerator:hemiBTC""
[2026-06-16T12:34:58.457Z] scanner-ws: delivered 1 log(s) (blocks 29134510..29134510)
[2026-06-16T12:34:58.462Z] [debug] daemon: condition-filtered router=client_test_01_router_default reason="condition failed: field="${enrichment.fullIntent.Symbol}" operator="in" value=["SPYM","CRCL","TSLA","NVDA","IAU","PPLT","MSTR","AMZN","SIVR","COIN"] actual="fairValue:hemiBTC""
[2026-06-16T12:34:58.469Z] scanner-ws: delivered 1 log(s) (blocks 29134510..29134510)
[2026-06-16T12:34:58.473Z] [debug] daemon: condition-filtered router=client_test_01_router_default reason="condition failed: field="${enrichment.fullIntent.Symbol}" operator="in" value=["SPYM","CRCL","TSLA","NVDA","IAU","PPLT","MSTR","AMZN","SIVR","COIN"] actual="denominator:hemiBTC""
[2026-06-16T12:34:58.478Z] scanner-ws: delivered 1 log(s) (blocks 29134510..29134510)
[2026-06-16T12:35:05.573Z] scanner-http: scanned 29134500..29134517 (8 log(s), head=29134523, finalized=29134517)
[2026-06-16T12:35:16.334Z] scanner-http: scanned 29134518..29134536 (0 log(s), head=29134542, finalized=29134536)
[2026-06-16T12:35:19.747Z] [debug] daemon: condition-filtered router=client_test_01_router_default reason="condition failed: field="${enrichment.fullIntent.Symbol}" operator="in" value=["SPYM","CRCL","TSLA","NVDA","IAU","PPLT","MSTR","AMZN","SIVR","COIN"] actual="usdValue:spSEI""
[2026-06-16T12:35:19.763Z] scanner-ws: delivered 1 log(s) (blocks 29134547..29134547)
[2026-06-16T12:35:19.771Z] [debug] daemon: condition-filtered router=client_test_01_router_default reason="condition failed: field="${enrichment.fullIntent.Symbol}" operator="in" value=["SPYM","CRCL","TSLA","NVDA","IAU","PPLT","MSTR","AMZN","SIVR","COIN"] actual="fairValue:spSEI""
[2026-06-16T12:35:19.787Z] scanner-ws: delivered 1 log(s) (blocks 29134547..29134547)
[2026-06-16T12:35:19.856Z] [debug] daemon: condition-filtered router=client_test_01_router_default reason="condition failed: field="${enrichment.fullIntent.Symbol}" operator="in" value=["SPYM","CRCL","TSLA","NVDA","IAU","PPLT","MSTR","AMZN","SIVR","COIN"] actual="numerator:spSEI""
[2026-06-16T12:35:19.862Z] scanner-ws: delivered 1 log(s) (blocks 29134547..29134547)
[2026-06-16T12:35:19.865Z] [debug] daemon: condition-filtered router=client_test_01_router_default reason="condition failed: field="${enrichment.fullIntent.Symbol}" operator="in" value=["SPYM","CRCL","TSLA","NVDA","IAU","PPLT","MSTR","AMZN","SIVR","COIN"] actual="denominator:spSEI""
[2026-06-16T12:35:19.870Z] scanner-ws: delivered 1 log(s) (blocks 29134547..29134547)
[2026-06-16T12:35:19.873Z] [debug] daemon: condition-filtered router=client_test_01_router_default reason="condition failed: field="${enrichment.fullIntent.Symbol}" operator="in" value=["SPYM","CRCL","TSLA","NVDA","IAU","PPLT","MSTR","AMZN","SIVR","COIN"] actual="denominator:hemiBTC""
[2026-06-16T12:35:19.877Z] scanner-ws: delivered 1 log(s) (blocks 29134547..29134547)
[2026-06-16T12:35:19.885Z] [debug] daemon: condition-filtered router=client_test_01_router_default reason="condition failed: field="${enrichment.fullIntent.Symbol}" operator="in" value=["SPYM","CRCL","TSLA","NVDA","IAU","PPLT","MSTR","AMZN","SIVR","COIN"] actual="fairValue:hemiBTC""
[2026-06-16T12:35:19.891Z] scanner-ws: delivered 1 log(s) (blocks 29134547..29134547)
[2026-06-16T12:35:19.895Z] [debug] daemon: condition-filtered router=client_test_01_router_default reason="condition failed: field="${enrichment.fullIntent.Symbol}" operator="in" value=["SPYM","CRCL","TSLA","NVDA","IAU","PPLT","MSTR","AMZN","SIVR","COIN"] actual="usdValue:hemiBTC""
[2026-06-16T12:35:19.901Z] scanner-ws: delivered 1 log(s) (blocks 29134547..29134547)
[2026-06-16T12:35:19.903Z] [debug] daemon: condition-filtered router=client_test_01_router_default reason="condition failed: field="${enrichment.fullIntent.Symbol}" operator="in" value=["SPYM","CRCL","TSLA","NVDA","IAU","PPLT","MSTR","AMZN","SIVR","COIN"] actual="numerator:hemiBTC""
[2026-06-16T12:35:19.907Z] scanner-ws: delivered 1 log(s) (blocks 29134547..29134547)
[2026-06-16T12:35:27.652Z] scanner-http: scanned 29134537..29134556 (8 log(s), head=29134562, finalized=29134556)
[2026-06-16T12:35:28.114Z] scanner-http: scanned 29134557..29134558 (0 log(s), head=29134564, finalized=29134558)
[2026-06-16T12:35:28.588Z] scanner-http: scanned 29134559..29134559 (0 log(s), head=29134565, finalized=29134559)
[2026-06-16T12:35:39.458Z] scanner-http: scanned 29134560..29134580 (0 log(s), head=29134586, finalized=29134580)
[2026-06-16T12:35:39.903Z] scanner-http: scanned 29134581..29134582 (0 log(s), head=29134588, finalized=29134582)
[2026-06-16T12:35:40.992Z] [debug] daemon: condition-filtered router=client_test_01_router_default reason="condition failed: field="${enrichment.fullIntent.Symbol}" operator="in" value=["SPYM","CRCL","TSLA","NVDA","IAU","PPLT","MSTR","AMZN","SIVR","COIN"] actual="ARS/USDT""
[2026-06-16T12:35:40.998Z] scanner-ws: delivered 1 log(s) (blocks 29134590..29134590)
[2026-06-16T12:35:41.473Z] scanner-ws: delivered 1 log(s) (blocks 29134591..29134591)
[2026-06-16T12:35:50.885Z] scanner-http: scanned 29134583..29134601 (2 log(s), head=29134607, finalized=29134601)
[2026-06-16T12:35:51.324Z] scanner-http: scanned 29134602..29134602 (0 log(s), head=29134608, finalized=29134602)
[2026-06-16T12:35:51.767Z] scanner-http: scanned 29134603..29134603 (0 log(s), head=29134609, finalized=29134603)
[2026-06-16T12:35:52.210Z] scanner-http: scanned 29134604..29134604 (0 log(s), head=29134610, finalized=29134604)
[2026-06-16T12:35:52.654Z] scanner-http: scanned 29134605..29134605 (0 log(s), head=29134611, finalized=29134605)
[2026-06-16T12:35:58.502Z] [debug] daemon: condition-filtered router=client_test_01_router_default reason="condition failed: field="${enrichment.fullIntent.Symbol}" operator="in" value=["SPYM","CRCL","TSLA","NVDA","IAU","PPLT","MSTR","AMZN","SIVR","COIN"] actual="fairValue:spSEI""
[2026-06-16T12:35:58.508Z] scanner-ws: delivered 1 log(s) (blocks 29134618..29134618)
[2026-06-16T12:35:58.598Z] [debug] daemon: condition-filtered router=client_test_01_router_default reason="condition failed: field="${enrichment.fullIntent.Symbol}" operator="in" value=["SPYM","CRCL","TSLA","NVDA","IAU","PPLT","MSTR","AMZN","SIVR","COIN"] actual="numerator:spSEI""
[2026-06-16T12:35:58.604Z] scanner-ws: delivered 1 log(s) (blocks 29134618..29134618)
[2026-06-16T12:35:58.614Z] [debug] daemon: condition-filtered router=client_test_01_router_default reason="condition failed: field="${enrichment.fullIntent.Symbol}" operator="in" value=["SPYM","CRCL","TSLA","NVDA","IAU","PPLT","MSTR","AMZN","SIVR","COIN"] actual="denominator:spSEI""
[2026-06-16T12:35:58.620Z] scanner-ws: delivered 1 log(s) (blocks 29134618..29134618)
[2026-06-16T12:35:58.624Z] [debug] daemon: condition-filtered router=client_test_01_router_default reason="condition failed: field="${enrichment.fullIntent.Symbol}" operator="in" value=["SPYM","CRCL","TSLA","NVDA","IAU","PPLT","MSTR","AMZN","SIVR","COIN"] actual="denominator:hemiBTC""
[2026-06-16T12:35:58.632Z] [debug] daemon: condition-filtered router=client_test_01_router_default reason="condition failed: field="${enrichment.fullIntent.Symbol}" operator="in" value=["SPYM","CRCL","TSLA","NVDA","IAU","PPLT","MSTR","AMZN","SIVR","COIN"] actual="numerator:hemiBTC""
[2026-06-16T12:35:58.630Z] scanner-ws: delivered 1 log(s) (blocks 29134618..29134618)
[2026-06-16T12:35:58.638Z] scanner-ws: delivered 1 log(s) (blocks 29134618..29134618)
[2026-06-16T12:35:58.642Z] [debug] daemon: condition-filtered router=client_test_01_router_default reason="condition failed: field="${enrichment.fullIntent.Symbol}" operator="in" value=["SPYM","CRCL","TSLA","NVDA","IAU","PPLT","MSTR","AMZN","SIVR","COIN"] actual="usdValue:hemiBTC""
[2026-06-16T12:35:58.647Z] scanner-ws: delivered 1 log(s) (blocks 29134618..29134618)
[2026-06-16T12:35:58.651Z] [debug] daemon: condition-filtered router=client_test_01_router_default reason="condition failed: field="${enrichment.fullIntent.Symbol}" operator="in" value=["SPYM","CRCL","TSLA","NVDA","IAU","PPLT","MSTR","AMZN","SIVR","COIN"] actual="fairValue:hemiBTC""
[2026-06-16T12:35:58.655Z] scanner-ws: delivered 1 log(s) (blocks 29134618..29134618)
[2026-06-16T12:35:58.659Z] [debug] daemon: condition-filtered router=client_test_01_router_default reason="condition failed: field="${enrichment.fullIntent.Symbol}" operator="in" value=["SPYM","CRCL","TSLA","NVDA","IAU","PPLT","MSTR","AMZN","SIVR","COIN"] actual="usdValue:spSEI""
[2026-06-16T12:35:58.663Z] scanner-ws: delivered 1 log(s) (blocks 29134618..29134618)
[2026-06-16T12:36:03.966Z] scanner-http: scanned 29134606..29134621 (8 log(s), head=29134627, finalized=29134621)
[2026-06-16T12:36:04.434Z] scanner-http: scanned 29134622..29134623 (0 log(s), head=29134629, finalized=29134623)
[2026-06-16T12:36:04.904Z] scanner-http: scanned 29134624..29134624 (0 log(s), head=29134630, finalized=29134624)
[2026-06-16T12:36:05.380Z] scanner-http: scanned 29134625..29134625 (0 log(s), head=29134631, finalized=29134625)
[2026-06-16T12:36:05.842Z] scanner-http: scanned 29134626..29134626 (0 log(s), head=29134632, finalized=29134626)
[2026-06-16T12:36:11.381Z] [debug] [clients/client-test-01.json] submit: intentHash=0x942c4fcdf83bb2ca0f567a87f187e371285069290bfc035d434d30e1d72e43f5 symbol=CRCL
[2026-06-16T12:36:11.381Z] [debug] submitOracleUpdate: intentHash=0x942c4fcdf83bb2ca0f567a87f187e371285069290bfc035d434d30e1d72e43f5 symbol=CRCL
[2026-06-16T12:36:11.381Z] [debug] loading state: client=../state/mainnet_run_20260616-074413/clients/client-test-01.json protocol=../state/mainnet_run_20260616-074413/config-bootstrap.json
[2026-06-16T12:36:11.388Z] [debug] connecting to Cardano…
[2026-06-16T12:36:15.868Z] [debug] building oracle update tx for symbol=CRCL
[2026-06-16T12:36:16.647Z] scanner-http: scanned 29134627..29134642 (0 log(s), head=29134648, finalized=29134642)
[2026-06-16T12:36:17.099Z] scanner-http: scanned 29134643..29134643 (0 log(s), head=29134649, finalized=29134643)
[2026-06-16T12:36:17.615Z] [debug] daemon: condition-filtered router=client_test_01_router_default reason="condition failed: field="${enrichment.fullIntent.Symbol}" operator="in" value=["SPYM","CRCL","TSLA","NVDA","IAU","PPLT","MSTR","AMZN","SIVR","COIN"] actual="BMNR""
[2026-06-16T12:36:17.619Z] scanner-ws: delivered 1 log(s) (blocks 29134650..29134650)
[2026-06-16T12:36:17.630Z] scanner-http: scanned 29134644..29134645 (0 log(s), head=29134651, finalized=29134645)
[2026-06-16T12:36:19.666Z] [debug] daemon: condition-filtered router=client_test_01_router_default reason="condition failed: field="${enrichment.fullIntent.Symbol}" operator="in" value=["SPYM","CRCL","TSLA","NVDA","IAU","PPLT","MSTR","AMZN","SIVR","COIN"] actual="numerator:spSEI""
[2026-06-16T12:36:19.671Z] scanner-ws: delivered 1 log(s) (blocks 29134655..29134655)
[2026-06-16T12:36:19.676Z] [debug] daemon: condition-filtered router=client_test_01_router_default reason="condition failed: field="${enrichment.fullIntent.Symbol}" operator="in" value=["SPYM","CRCL","TSLA","NVDA","IAU","PPLT","MSTR","AMZN","SIVR","COIN"] actual="fairValue:spSEI""
[2026-06-16T12:36:19.681Z] scanner-ws: delivered 1 log(s) (blocks 29134655..29134655)
[2026-06-16T12:36:19.683Z] [debug] daemon: condition-filtered router=client_test_01_router_default reason="condition failed: field="${enrichment.fullIntent.Symbol}" operator="in" value=["SPYM","CRCL","TSLA","NVDA","IAU","PPLT","MSTR","AMZN","SIVR","COIN"] actual="usdValue:spSEI""
[2026-06-16T12:36:19.687Z] scanner-ws: delivered 1 log(s) (blocks 29134655..29134655)
[2026-06-16T12:36:19.758Z] [debug] daemon: condition-filtered router=client_test_01_router_default reason="condition failed: field="${enrichment.fullIntent.Symbol}" operator="in" value=["SPYM","CRCL","TSLA","NVDA","IAU","PPLT","MSTR","AMZN","SIVR","COIN"] actual="denominator:hemiBTC""
[2026-06-16T12:36:19.764Z] scanner-ws: delivered 1 log(s) (blocks 29134655..29134655)
[2026-06-16T12:36:19.771Z] [debug] submitted: txHash=9d5b6aad7d3a8df5bec30304c919cd333d091f2306d2ed0e40620258e0078f03 intentHash=0x942c4fcdf83bb2ca0f567a87f187e371285069290bfc035d434d30e1d72e43f5
[2026-06-16T12:36:19.775Z] [debug] daemon: condition-filtered router=client_test_01_router_default reason="condition failed: field="${enrichment.fullIntent.Symbol}" operator="in" value=["SPYM","CRCL","TSLA","NVDA","IAU","PPLT","MSTR","AMZN","SIVR","COIN"] actual="numerator:hemiBTC""
[2026-06-16T12:36:19.779Z] scanner-ws: delivered 1 log(s) (blocks 29134655..29134655)
[2026-06-16T12:36:19.782Z] [debug] daemon: condition-filtered router=client_test_01_router_default reason="condition failed: field="${enrichment.fullIntent.Symbol}" operator="in" value=["SPYM","CRCL","TSLA","NVDA","IAU","PPLT","MSTR","AMZN","SIVR","COIN"] actual="denominator:spSEI""
[2026-06-16T12:36:19.786Z] scanner-ws: delivered 1 log(s) (blocks 29134655..29134655)
[2026-06-16T12:36:19.792Z] [debug] daemon: condition-filtered router=client_test_01_router_default reason="condition failed: field="${enrichment.fullIntent.Symbol}" operator="in" value=["SPYM","CRCL","TSLA","NVDA","IAU","PPLT","MSTR","AMZN","SIVR","COIN"] actual="fairValue:hemiBTC""
[2026-06-16T12:36:19.798Z] scanner-ws: delivered 1 log(s) (blocks 29134655..29134655)
[2026-06-16T12:36:19.799Z] [debug] daemon: condition-filtered router=client_test_01_router_default reason="condition failed: field="${enrichment.fullIntent.Symbol}" operator="in" value=["SPYM","CRCL","TSLA","NVDA","IAU","PPLT","MSTR","AMZN","SIVR","COIN"] actual="usdValue:hemiBTC""
[2026-06-16T12:36:19.805Z] scanner-ws: delivered 1 log(s) (blocks 29134655..29134655)
[2026-06-16T12:36:28.724Z] scanner-http: scanned 29134646..29134663 (9 log(s), head=29134669, finalized=29134663)
[2026-06-16T12:36:29.181Z] scanner-http: scanned 29134664..29134665 (0 log(s), head=29134671, finalized=29134665)
[2026-06-16T12:36:29.636Z] scanner-http: scanned 29134666..29134666 (0 log(s), head=29134672, finalized=29134666)
[2026-06-16T12:36:30.181Z] scanner-http: scanned 29134667..29134667 (0 log(s), head=29134673, finalized=29134667)
[2026-06-16T12:36:36.097Z] [debug] Confirmed by Blockfrost: oracle update (CRCL, intentHash=0x942c4fcdf83bb2ca0f567a87f187e371285069290bfc035d434d30e1d72e43f5) 9d5b6aad7d3a8df5bec30304c919cd333d091f2306d2ed0e40620258e0078f03.
[2026-06-16T12:36:41.064Z] scanner-http: scanned 29134668..29134685 (0 log(s), head=29134691, finalized=29134685)
[2026-06-16T12:36:41.508Z] scanner-http: scanned 29134686..29134686 (0 log(s), head=29134692, finalized=29134686)
[2026-06-16T12:36:41.671Z] [debug] daemon: condition-filtered router=client_test_01_router_default reason="condition failed: field="${enrichment.fullIntent.Symbol}" operator="in" value=["SPYM","CRCL","TSLA","NVDA","IAU","PPLT","MSTR","AMZN","SIVR","COIN"] actual="ARS/USDT""
[2026-06-16T12:36:41.683Z] scanner-ws: delivered 1 log(s) (blocks 29134691..29134691)
[2026-06-16T12:36:43.963Z] [debug] confirmed: txHash=9d5b6aad7d3a8df5bec30304c919cd333d091f2306d2ed0e40620258e0078f03 receiverUnit=6ec4b5aa572382beb11bb8db28a87884d147afe4e2b3d8f5a7331a254449415f52454345495645525f434c49454e545f41
[2026-06-16T12:36:46.636Z] [debug] [clients/client-test-01.json] confirmed: txHash=9d5b6aad7d3a8df5bec30304c919cd333d091f2306d2ed0e40620258e0078f03 intentHash=0x942c4fcdf83bb2ca0f567a87f187e371285069290bfc035d434d30e1d72e43f5 receiverUnit=6ec4b5aa572382beb11bb8db28a87884d147afe4e2b3d8f5a7331a254449415f52454345495645525f434c49454e545f41
[2026-06-16T12:36:52.636Z] scanner-http: scanned 29134687..29134710 (1 log(s), head=29134716, finalized=29134710)
[2026-06-16T12:36:53.090Z] scanner-http: scanned 29134711..29134712 (0 log(s), head=29134718, finalized=29134712)
[2026-06-16T12:36:53.543Z] scanner-http: scanned 29134713..29134713 (0 log(s), head=29134719, finalized=29134713)
[2026-06-16T12:36:54.019Z] scanner-http: scanned 29134714..29134714 (0 log(s), head=29134720, finalized=29134714)
[2026-06-16T12:36:58.302Z] [debug] daemon: condition-filtered router=client_test_01_router_default reason="condition failed: field="${enrichment.fullIntent.Symbol}" operator="in" value=["SPYM","CRCL","TSLA","NVDA","IAU","PPLT","MSTR","AMZN","SIVR","COIN"] actual="fairValue:spSEI""
[2026-06-16T12:36:58.306Z] scanner-ws: delivered 1 log(s) (blocks 29134727..29134727)
[2026-06-16T12:36:58.401Z] [debug] daemon: condition-filtered router=client_test_01_router_default reason="condition failed: field="${enrichment.fullIntent.Symbol}" operator="in" value=["SPYM","CRCL","TSLA","NVDA","IAU","PPLT","MSTR","AMZN","SIVR","COIN"] actual="usdValue:spSEI""
[2026-06-16T12:36:58.408Z] scanner-ws: delivered 1 log(s) (blocks 29134727..29134727)
[2026-06-16T12:36:58.416Z] [debug] daemon: condition-filtered router=client_test_01_router_default reason="condition failed: field="${enrichment.fullIntent.Symbol}" operator="in" value=["SPYM","CRCL","TSLA","NVDA","IAU","PPLT","MSTR","AMZN","SIVR","COIN"] actual="numerator:spSEI""
[2026-06-16T12:36:58.421Z] scanner-ws: delivered 1 log(s) (blocks 29134727..29134727)
[2026-06-16T12:36:58.429Z] [debug] daemon: condition-filtered router=client_test_01_router_default reason="condition failed: field="${enrichment.fullIntent.Symbol}" operator="in" value=["SPYM","CRCL","TSLA","NVDA","IAU","PPLT","MSTR","AMZN","SIVR","COIN"] actual="fairValue:hemiBTC""
[2026-06-16T12:36:58.437Z] scanner-ws: delivered 1 log(s) (blocks 29134727..29134727)
[2026-06-16T12:36:58.439Z] [debug] daemon: condition-filtered router=client_test_01_router_default reason="condition failed: field="${enrichment.fullIntent.Symbol}" operator="in" value=["SPYM","CRCL","TSLA","NVDA","IAU","PPLT","MSTR","AMZN","SIVR","COIN"] actual="usdValue:hemiBTC""
[2026-06-16T12:36:58.442Z] scanner-ws: delivered 1 log(s) (blocks 29134727..29134727)
[2026-06-16T12:36:58.448Z] [debug] daemon: condition-filtered router=client_test_01_router_default reason="condition failed: field="${enrichment.fullIntent.Symbol}" operator="in" value=["SPYM","CRCL","TSLA","NVDA","IAU","PPLT","MSTR","AMZN","SIVR","COIN"] actual="denominator:hemiBTC""
[2026-06-16T12:36:58.453Z] scanner-ws: delivered 1 log(s) (blocks 29134727..29134727)
[2026-06-16T12:36:58.457Z] [debug] daemon: condition-filtered router=client_test_01_router_default reason="condition failed: field="${enrichment.fullIntent.Symbol}" operator="in" value=["SPYM","CRCL","TSLA","NVDA","IAU","PPLT","MSTR","AMZN","SIVR","COIN"] actual="denominator:spSEI""
[2026-06-16T12:36:58.461Z] scanner-ws: delivered 1 log(s) (blocks 29134727..29134727)
[2026-06-16T12:36:58.734Z] [debug] daemon: condition-filtered router=client_test_01_router_default reason="condition failed: field="${enrichment.fullIntent.Symbol}" operator="in" value=["SPYM","CRCL","TSLA","NVDA","IAU","PPLT","MSTR","AMZN","SIVR","COIN"] actual="numerator:hemiBTC""
[2026-06-16T12:36:58.738Z] scanner-ws: delivered 1 log(s) (blocks 29134727..29134727)
[2026-06-16T12:37:05.130Z] scanner-http: scanned 29134715..29134732 (8 log(s), head=29134738, finalized=29134732)
[2026-06-16T12:37:05.529Z] [debug] daemon: condition-filtered router=client_test_01_router_default reason="condition failed: field="${enrichment.fullIntent.Symbol}" operator="in" value=["SPYM","CRCL","TSLA","NVDA","IAU","PPLT","MSTR","AMZN","SIVR","COIN"] actual="BMNR""
[2026-06-16T12:37:05.535Z] scanner-ws: delivered 1 log(s) (blocks 29134739..29134739)
[2026-06-16T12:37:05.681Z] scanner-http: scanned 29134733..29134735 (0 log(s), head=29134741, finalized=29134735)
[2026-06-16T12:37:06.134Z] scanner-http: scanned 29134736..29134736 (0 log(s), head=29134742, finalized=29134736)
[2026-06-16T12:37:17.127Z] scanner-http: scanned 29134737..29134753 (1 log(s), head=29134759, finalized=29134753)
[2026-06-16T12:37:17.571Z] scanner-http: scanned 29134754..29134754 (0 log(s), head=29134760, finalized=29134754)
[2026-06-16T12:37:19.697Z] [debug] daemon: condition-filtered router=client_test_01_router_default reason="condition failed: field="${enrichment.fullIntent.Symbol}" operator="in" value=["SPYM","CRCL","TSLA","NVDA","IAU","PPLT","MSTR","AMZN","SIVR","COIN"] actual="usdValue:spSEI""
[2026-06-16T12:37:19.702Z] scanner-ws: delivered 1 log(s) (blocks 29134764..29134764)
[2026-06-16T12:37:19.704Z] [debug] daemon: condition-filtered router=client_test_01_router_default reason="condition failed: field="${enrichment.fullIntent.Symbol}" operator="in" value=["SPYM","CRCL","TSLA","NVDA","IAU","PPLT","MSTR","AMZN","SIVR","COIN"] actual="fairValue:spSEI""
[2026-06-16T12:37:19.707Z] scanner-ws: delivered 1 log(s) (blocks 29134764..29134764)
[2026-06-16T12:37:19.777Z] [debug] daemon: condition-filtered router=client_test_01_router_default reason="condition failed: field="${enrichment.fullIntent.Symbol}" operator="in" value=["SPYM","CRCL","TSLA","NVDA","IAU","PPLT","MSTR","AMZN","SIVR","COIN"] actual="fairValue:hemiBTC""
[2026-06-16T12:37:19.783Z] scanner-ws: delivered 1 log(s) (blocks 29134764..29134764)
[2026-06-16T12:37:19.791Z] [debug] daemon: condition-filtered router=client_test_01_router_default reason="condition failed: field="${enrichment.fullIntent.Symbol}" operator="in" value=["SPYM","CRCL","TSLA","NVDA","IAU","PPLT","MSTR","AMZN","SIVR","COIN"] actual="usdValue:hemiBTC""
[2026-06-16T12:37:19.796Z] scanner-ws: delivered 1 log(s) (blocks 29134764..29134764)
[2026-06-16T12:37:19.799Z] [debug] daemon: condition-filtered router=client_test_01_router_default reason="condition failed: field="${enrichment.fullIntent.Symbol}" operator="in" value=["SPYM","CRCL","TSLA","NVDA","IAU","PPLT","MSTR","AMZN","SIVR","COIN"] actual="denominator:spSEI""
[2026-06-16T12:37:19.803Z] scanner-ws: delivered 1 log(s) (blocks 29134764..29134764)
[2026-06-16T12:37:19.806Z] [debug] daemon: condition-filtered router=client_test_01_router_default reason="condition failed: field="${enrichment.fullIntent.Symbol}" operator="in" value=["SPYM","CRCL","TSLA","NVDA","IAU","PPLT","MSTR","AMZN","SIVR","COIN"] actual="numerator:hemiBTC""
[2026-06-16T12:37:19.810Z] scanner-ws: delivered 1 log(s) (blocks 29134764..29134764)
[2026-06-16T12:37:19.814Z] [debug] daemon: condition-filtered router=client_test_01_router_default reason="condition failed: field="${enrichment.fullIntent.Symbol}" operator="in" value=["SPYM","CRCL","TSLA","NVDA","IAU","PPLT","MSTR","AMZN","SIVR","COIN"] actual="denominator:hemiBTC""
[2026-06-16T12:37:19.818Z] scanner-ws: delivered 1 log(s) (blocks 29134764..29134764)
[2026-06-16T12:37:19.823Z] [debug] daemon: condition-filtered router=client_test_01_router_default reason="condition failed: field="${enrichment.fullIntent.Symbol}" operator="in" value=["SPYM","CRCL","TSLA","NVDA","IAU","PPLT","MSTR","AMZN","SIVR","COIN"] actual="numerator:spSEI""
[2026-06-16T12:37:19.827Z] scanner-ws: delivered 1 log(s) (blocks 29134764..29134764)
[2026-06-16T12:37:29.102Z] scanner-http: scanned 29134755..29134772 (8 log(s), head=29134778, finalized=29134772)
[2026-06-16T12:37:29.545Z] scanner-http: scanned 29134773..29134773 (0 log(s), head=29134779, finalized=29134773)
[2026-06-16T12:37:29.980Z] scanner-http: scanned 29134774..29134774 (0 log(s), head=29134780, finalized=29134774)
[2026-06-16T12:37:40.855Z] scanner-http: scanned 29134775..29134790 (0 log(s), head=29134796, finalized=29134790)
[2026-06-16T12:37:41.002Z] [debug] daemon: condition-filtered router=client_test_01_router_default reason="condition failed: field="${enrichment.fullIntent.Symbol}" operator="in" value=["SPYM","CRCL","TSLA","NVDA","IAU","PPLT","MSTR","AMZN","SIVR","COIN"] actual="ARS/USDT""
[2026-06-16T12:37:41.008Z] scanner-ws: delivered 1 log(s) (blocks 29134797..29134797)
[2026-06-16T12:37:41.393Z] [debug] daemon: policy-filtered router=client_test_01_router_default dest=0
[2026-06-16T12:37:41.398Z] scanner-ws: delivered 1 log(s) (blocks 29134799..29134799)
[2026-06-16T12:37:41.404Z] scanner-http: scanned 29134791..29134794 (0 log(s), head=29134800, finalized=29134794)
[2026-06-16T12:37:52.477Z] scanner-http: scanned 29134795..29134813 (2 log(s), head=29134819, finalized=29134813)
[2026-06-16T12:37:52.923Z] scanner-http: scanned 29134814..29134814 (0 log(s), head=29134820, finalized=29134814)
[2026-06-16T12:37:58.639Z] [debug] daemon: condition-filtered router=client_test_01_router_default reason="condition failed: field="${enrichment.fullIntent.Symbol}" operator="in" value=["SPYM","CRCL","TSLA","NVDA","IAU","PPLT","MSTR","AMZN","SIVR","COIN"] actual="fairValue:spSEI""
[2026-06-16T12:37:58.645Z] scanner-ws: delivered 1 log(s) (blocks 29134827..29134827)
[2026-06-16T12:37:58.822Z] [debug] daemon: condition-filtered router=client_test_01_router_default reason="condition failed: field="${enrichment.fullIntent.Symbol}" operator="in" value=["SPYM","CRCL","TSLA","NVDA","IAU","PPLT","MSTR","AMZN","SIVR","COIN"] actual="usdValue:spSEI""
[2026-06-16T12:37:58.827Z] scanner-ws: delivered 1 log(s) (blocks 29134827..29134827)
[2026-06-16T12:37:58.875Z] [debug] daemon: condition-filtered router=client_test_01_router_default reason="condition failed: field="${enrichment.fullIntent.Symbol}" operator="in" value=["SPYM","CRCL","TSLA","NVDA","IAU","PPLT","MSTR","AMZN","SIVR","COIN"] actual="numerator:spSEI""
[2026-06-16T12:37:58.881Z] scanner-ws: delivered 1 log(s) (blocks 29134827..29134827)
[2026-06-16T12:37:58.918Z] [debug] daemon: condition-filtered router=client_test_01_router_default reason="condition failed: field="${enrichment.fullIntent.Symbol}" operator="in" value=["SPYM","CRCL","TSLA","NVDA","IAU","PPLT","MSTR","AMZN","SIVR","COIN"] actual="denominator:hemiBTC""
[2026-06-16T12:37:58.927Z] scanner-ws: delivered 1 log(s) (blocks 29134827..29134827)
[2026-06-16T12:37:58.962Z] [debug] daemon: condition-filtered router=client_test_01_router_default reason="condition failed: field="${enrichment.fullIntent.Symbol}" operator="in" value=["SPYM","CRCL","TSLA","NVDA","IAU","PPLT","MSTR","AMZN","SIVR","COIN"] actual="denominator:spSEI""
[2026-06-16T12:37:58.966Z] scanner-ws: delivered 1 log(s) (blocks 29134827..29134827)
[2026-06-16T12:37:58.998Z] [debug] daemon: condition-filtered router=client_test_01_router_default reason="condition failed: field="${enrichment.fullIntent.Symbol}" operator="in" value=["SPYM","CRCL","TSLA","NVDA","IAU","PPLT","MSTR","AMZN","SIVR","COIN"] actual="usdValue:hemiBTC""
[2026-06-16T12:37:59.002Z] scanner-ws: delivered 1 log(s) (blocks 29134827..29134827)
[2026-06-16T12:37:59.091Z] [debug] daemon: condition-filtered router=client_test_01_router_default reason="condition failed: field="${enrichment.fullIntent.Symbol}" operator="in" value=["SPYM","CRCL","TSLA","NVDA","IAU","PPLT","MSTR","AMZN","SIVR","COIN"] actual="numerator:hemiBTC""
[2026-06-16T12:37:59.095Z] scanner-ws: delivered 1 log(s) (blocks 29134827..29134827)
[2026-06-16T12:37:59.175Z] [debug] daemon: condition-filtered router=client_test_01_router_default reason="condition failed: field="${enrichment.fullIntent.Symbol}" operator="in" value=["SPYM","CRCL","TSLA","NVDA","IAU","PPLT","MSTR","AMZN","SIVR","COIN"] actual="fairValue:hemiBTC""
[2026-06-16T12:37:59.181Z] scanner-ws: delivered 1 log(s) (blocks 29134827..29134827)
[2026-06-16T12:38:04.044Z] scanner-http: scanned 29134815..29134834 (8 log(s), head=29134840, finalized=29134834)
[2026-06-16T12:38:04.490Z] scanner-http: scanned 29134835..29134837 (0 log(s), head=29134843, finalized=29134837)
[2026-06-16T12:38:15.588Z] scanner-http: scanned 29134838..29134860 (0 log(s), head=29134866, finalized=29134860)
[2026-06-16T12:38:16.069Z] scanner-http: scanned 29134861..29134861 (0 log(s), head=29134867, finalized=29134861)
[2026-06-16T12:38:19.990Z] [debug] daemon: condition-filtered router=client_test_01_router_default reason="condition failed: field="${enrichment.fullIntent.Symbol}" operator="in" value=["SPYM","CRCL","TSLA","NVDA","IAU","PPLT","MSTR","AMZN","SIVR","COIN"] actual="fairValue:spSEI""
[2026-06-16T12:38:19.996Z] scanner-ws: delivered 1 log(s) (blocks 29134876..29134876)
[2026-06-16T12:38:20.000Z] [debug] daemon: condition-filtered router=client_test_01_router_default reason="condition failed: field="${enrichment.fullIntent.Symbol}" operator="in" value=["SPYM","CRCL","TSLA","NVDA","IAU","PPLT","MSTR","AMZN","SIVR","COIN"] actual="usdValue:spSEI""
[2026-06-16T12:38:20.005Z] scanner-ws: delivered 1 log(s) (blocks 29134876..29134876)
[2026-06-16T12:38:20.079Z] [debug] daemon: condition-filtered router=client_test_01_router_default reason="condition failed: field="${enrichment.fullIntent.Symbol}" operator="in" value=["SPYM","CRCL","TSLA","NVDA","IAU","PPLT","MSTR","AMZN","SIVR","COIN"] actual="denominator:spSEI""
[2026-06-16T12:38:20.085Z] scanner-ws: delivered 1 log(s) (blocks 29134876..29134876)
[2026-06-16T12:38:20.092Z] [debug] daemon: condition-filtered router=client_test_01_router_default reason="condition failed: field="${enrichment.fullIntent.Symbol}" operator="in" value=["SPYM","CRCL","TSLA","NVDA","IAU","PPLT","MSTR","AMZN","SIVR","COIN"] actual="numerator:spSEI""
[2026-06-16T12:38:20.096Z] scanner-ws: delivered 1 log(s) (blocks 29134876..29134876)
[2026-06-16T12:38:20.099Z] [debug] daemon: condition-filtered router=client_test_01_router_default reason="condition failed: field="${enrichment.fullIntent.Symbol}" operator="in" value=["SPYM","CRCL","TSLA","NVDA","IAU","PPLT","MSTR","AMZN","SIVR","COIN"] actual="denominator:hemiBTC""
[2026-06-16T12:38:20.107Z] scanner-ws: delivered 1 log(s) (blocks 29134876..29134876)
[2026-06-16T12:38:20.110Z] [debug] daemon: condition-filtered router=client_test_01_router_default reason="condition failed: field="${enrichment.fullIntent.Symbol}" operator="in" value=["SPYM","CRCL","TSLA","NVDA","IAU","PPLT","MSTR","AMZN","SIVR","COIN"] actual="numerator:hemiBTC""
[2026-06-16T12:38:20.115Z] scanner-ws: delivered 1 log(s) (blocks 29134876..29134876)
[2026-06-16T12:38:20.117Z] [debug] daemon: condition-filtered router=client_test_01_router_default reason="condition failed: field="${enrichment.fullIntent.Symbol}" operator="in" value=["SPYM","CRCL","TSLA","NVDA","IAU","PPLT","MSTR","AMZN","SIVR","COIN"] actual="usdValue:hemiBTC""
[2026-06-16T12:38:20.121Z] scanner-ws: delivered 1 log(s) (blocks 29134876..29134876)
[2026-06-16T12:38:20.124Z] [debug] daemon: condition-filtered router=client_test_01_router_default reason="condition failed: field="${enrichment.fullIntent.Symbol}" operator="in" value=["SPYM","CRCL","TSLA","NVDA","IAU","PPLT","MSTR","AMZN","SIVR","COIN"] actual="fairValue:hemiBTC""
[2026-06-16T12:38:20.127Z] scanner-ws: delivered 1 log(s) (blocks 29134876..29134876)
[2026-06-16T12:38:27.184Z] scanner-http: scanned 29134862..29134880 (8 log(s), head=29134886, finalized=29134880)
[2026-06-16T12:38:27.635Z] scanner-http: scanned 29134881..29134881 (0 log(s), head=29134887, finalized=29134881)
[2026-06-16T12:38:28.170Z] scanner-http: scanned 29134882..29134883 (0 log(s), head=29134889, finalized=29134883)
[2026-06-16T12:38:39.031Z] scanner-http: scanned 29134884..29134900 (0 log(s), head=29134906, finalized=29134900)
[2026-06-16T12:38:39.480Z] scanner-http: scanned 29134901..29134902 (0 log(s), head=29134908, finalized=29134902)
[2026-06-16T12:38:39.930Z] scanner-http: scanned 29134903..29134903 (0 log(s), head=29134909, finalized=29134903)
[2026-06-16T12:38:40.377Z] scanner-http: scanned 29134904..29134904 (0 log(s), head=29134910, finalized=29134904)
[2026-06-16T12:38:40.921Z] scanner-http: scanned 29134905..29134905 (0 log(s), head=29134911, finalized=29134905)
[2026-06-16T12:38:41.021Z] [debug] daemon: condition-filtered router=client_test_01_router_default reason="condition failed: field="${enrichment.fullIntent.Symbol}" operator="in" value=["SPYM","CRCL","TSLA","NVDA","IAU","PPLT","MSTR","AMZN","SIVR","COIN"] actual="ARS/USDT""
[2026-06-16T12:38:41.025Z] scanner-ws: delivered 1 log(s) (blocks 29134911..29134911)
[2026-06-16T12:38:41.373Z] scanner-http: scanned 29134906..29134908 (0 log(s), head=29134914, finalized=29134908)
[2026-06-16T12:38:41.392Z] [debug] daemon: policy-filtered router=client_test_01_router_default dest=0
[2026-06-16T12:38:41.396Z] scanner-ws: delivered 1 log(s) (blocks 29134913..29134913)
[2026-06-16T12:38:52.582Z] scanner-http: scanned 29134909..29134926 (2 log(s), head=29134932, finalized=29134926)
[2026-06-16T12:38:53.265Z] scanner-http: scanned 29134927..29134927 (0 log(s), head=29134933, finalized=29134927)
[2026-06-16T12:38:53.948Z] scanner-http: scanned 29134928..29134928 (0 log(s), head=29134934, finalized=29134928)
[2026-06-16T12:38:58.354Z] [debug] daemon: condition-filtered router=client_test_01_router_default reason="condition failed: field="${enrichment.fullIntent.Symbol}" operator="in" value=["SPYM","CRCL","TSLA","NVDA","IAU","PPLT","MSTR","AMZN","SIVR","COIN"] actual="fairValue:spSEI""
[2026-06-16T12:38:58.360Z] scanner-ws: delivered 1 log(s) (blocks 29134942..29134942)
[2026-06-16T12:38:58.435Z] [debug] daemon: condition-filtered router=client_test_01_router_default reason="condition failed: field="${enrichment.fullIntent.Symbol}" operator="in" value=["SPYM","CRCL","TSLA","NVDA","IAU","PPLT","MSTR","AMZN","SIVR","COIN"] actual="usdValue:spSEI""
[2026-06-16T12:38:58.441Z] scanner-ws: delivered 1 log(s) (blocks 29134942..29134942)
[2026-06-16T12:38:58.448Z] [debug] daemon: condition-filtered router=client_test_01_router_default reason="condition failed: field="${enrichment.fullIntent.Symbol}" operator="in" value=["SPYM","CRCL","TSLA","NVDA","IAU","PPLT","MSTR","AMZN","SIVR","COIN"] actual="denominator:spSEI""
[2026-06-16T12:38:58.457Z] [debug] daemon: condition-filtered router=client_test_01_router_default reason="condition failed: field="${enrichment.fullIntent.Symbol}" operator="in" value=["SPYM","CRCL","TSLA","NVDA","IAU","PPLT","MSTR","AMZN","SIVR","COIN"] actual="denominator:hemiBTC""
[2026-06-16T12:38:58.452Z] scanner-ws: delivered 1 log(s) (blocks 29134942..29134942)
[2026-06-16T12:38:58.461Z] scanner-ws: delivered 1 log(s) (blocks 29134942..29134942)
[2026-06-16T12:38:58.465Z] [debug] daemon: condition-filtered router=client_test_01_router_default reason="condition failed: field="${enrichment.fullIntent.Symbol}" operator="in" value=["SPYM","CRCL","TSLA","NVDA","IAU","PPLT","MSTR","AMZN","SIVR","COIN"] actual="numerator:hemiBTC""
[2026-06-16T12:38:58.471Z] scanner-ws: delivered 1 log(s) (blocks 29134942..29134942)
[2026-06-16T12:38:58.473Z] [debug] daemon: condition-filtered router=client_test_01_router_default reason="condition failed: field="${enrichment.fullIntent.Symbol}" operator="in" value=["SPYM","CRCL","TSLA","NVDA","IAU","PPLT","MSTR","AMZN","SIVR","COIN"] actual="usdValue:hemiBTC""
[2026-06-16T12:38:58.477Z] scanner-ws: delivered 1 log(s) (blocks 29134942..29134942)
[2026-06-16T12:38:58.480Z] [debug] daemon: condition-filtered router=client_test_01_router_default reason="condition failed: field="${enrichment.fullIntent.Symbol}" operator="in" value=["SPYM","CRCL","TSLA","NVDA","IAU","PPLT","MSTR","AMZN","SIVR","COIN"] actual="fairValue:hemiBTC""
[2026-06-16T12:38:58.484Z] scanner-ws: delivered 1 log(s) (blocks 29134942..29134942)
[2026-06-16T12:38:58.771Z] [debug] daemon: condition-filtered router=client_test_01_router_default reason="condition failed: field="${enrichment.fullIntent.Symbol}" operator="in" value=["SPYM","CRCL","TSLA","NVDA","IAU","PPLT","MSTR","AMZN","SIVR","COIN"] actual="numerator:spSEI""
[2026-06-16T12:38:58.777Z] scanner-ws: delivered 1 log(s) (blocks 29134942..29134942)
[2026-06-16T12:39:05.421Z] scanner-http: scanned 29134929..29134948 (8 log(s), head=29134954, finalized=29134948)
[2026-06-16T12:39:05.900Z] scanner-http: scanned 29134949..29134950 (0 log(s), head=29134956, finalized=29134950)
[2026-06-16T12:39:16.652Z] scanner-http: scanned 29134951..29134968 (0 log(s), head=29134974, finalized=29134968)
[2026-06-16T12:39:17.089Z] scanner-http: scanned 29134969..29134969 (0 log(s), head=29134975, finalized=29134969)
[2026-06-16T12:39:20.098Z] [debug] daemon: condition-filtered router=client_test_01_router_default reason="condition failed: field="${enrichment.fullIntent.Symbol}" operator="in" value=["SPYM","CRCL","TSLA","NVDA","IAU","PPLT","MSTR","AMZN","SIVR","COIN"] actual="usdValue:spSEI""
[2026-06-16T12:39:20.104Z] scanner-ws: delivered 1 log(s) (blocks 29134979..29134979)
[2026-06-16T12:39:20.106Z] [debug] daemon: condition-filtered router=client_test_01_router_default reason="condition failed: field="${enrichment.fullIntent.Symbol}" operator="in" value=["SPYM","CRCL","TSLA","NVDA","IAU","PPLT","MSTR","AMZN","SIVR","COIN"] actual="fairValue:spSEI""
[2026-06-16T12:39:20.113Z] scanner-ws: delivered 1 log(s) (blocks 29134979..29134979)
[2026-06-16T12:39:20.325Z] [debug] daemon: condition-filtered router=client_test_01_router_default reason="condition failed: field="${enrichment.fullIntent.Symbol}" operator="in" value=["SPYM","CRCL","TSLA","NVDA","IAU","PPLT","MSTR","AMZN","SIVR","COIN"] actual="numerator:spSEI""
[2026-06-16T12:39:20.329Z] scanner-ws: delivered 1 log(s) (blocks 29134979..29134979)
[2026-06-16T12:39:20.359Z] [debug] daemon: condition-filtered router=client_test_01_router_default reason="condition failed: field="${enrichment.fullIntent.Symbol}" operator="in" value=["SPYM","CRCL","TSLA","NVDA","IAU","PPLT","MSTR","AMZN","SIVR","COIN"] actual="denominator:spSEI""
[2026-06-16T12:39:20.364Z] scanner-ws: delivered 1 log(s) (blocks 29134979..29134979)
[2026-06-16T12:39:20.369Z] [debug] daemon: condition-filtered router=client_test_01_router_default reason="condition failed: field="${enrichment.fullIntent.Symbol}" operator="in" value=["SPYM","CRCL","TSLA","NVDA","IAU","PPLT","MSTR","AMZN","SIVR","COIN"] actual="fairValue:hemiBTC""
[2026-06-16T12:39:20.375Z] scanner-ws: delivered 1 log(s) (blocks 29134979..29134979)
[2026-06-16T12:39:20.405Z] [debug] daemon: condition-filtered router=client_test_01_router_default reason="condition failed: field="${enrichment.fullIntent.Symbol}" operator="in" value=["SPYM","CRCL","TSLA","NVDA","IAU","PPLT","MSTR","AMZN","SIVR","COIN"] actual="denominator:hemiBTC""
[2026-06-16T12:39:20.409Z] scanner-ws: delivered 1 log(s) (blocks 29134979..29134979)
[2026-06-16T12:39:20.414Z] [debug] daemon: condition-filtered router=client_test_01_router_default reason="condition failed: field="${enrichment.fullIntent.Symbol}" operator="in" value=["SPYM","CRCL","TSLA","NVDA","IAU","PPLT","MSTR","AMZN","SIVR","COIN"] actual="numerator:hemiBTC""
[2026-06-16T12:39:20.421Z] [debug] daemon: condition-filtered router=client_test_01_router_default reason="condition failed: field="${enrichment.fullIntent.Symbol}" operator="in" value=["SPYM","CRCL","TSLA","NVDA","IAU","PPLT","MSTR","AMZN","SIVR","COIN"] actual="usdValue:hemiBTC""
[2026-06-16T12:39:20.419Z] scanner-ws: delivered 1 log(s) (blocks 29134979..29134979)
[2026-06-16T12:39:20.426Z] scanner-ws: delivered 1 log(s) (blocks 29134979..29134979)
[2026-06-16T12:39:21.071Z] scanner-ws: delivered 1 log(s) (blocks 29134982..29134982)
[2026-06-16T12:39:28.172Z] scanner-http: scanned 29134970..29134989 (9 log(s), head=29134995, finalized=29134989)
[2026-06-16T12:39:28.616Z] scanner-http: scanned 29134990..29134990 (0 log(s), head=29134996, finalized=29134990)
[2026-06-16T12:39:29.058Z] scanner-http: scanned 29134991..29134991 (0 log(s), head=29134997, finalized=29134991)
[2026-06-16T12:39:40.160Z] scanner-http: scanned 29134992..29135011 (0 log(s), head=29135017, finalized=29135011)
[2026-06-16T12:39:40.856Z] scanner-http: scanned 29135012..29135012 (0 log(s), head=29135018, finalized=29135012)
[2026-06-16T12:39:41.041Z] [debug] daemon: condition-filtered router=client_test_01_router_default reason="condition failed: field="${enrichment.fullIntent.Symbol}" operator="in" value=["SPYM","CRCL","TSLA","NVDA","IAU","PPLT","MSTR","AMZN","SIVR","COIN"] actual="ARS/USDT""
[2026-06-16T12:39:41.045Z] scanner-ws: delivered 1 log(s) (blocks 29135019..29135019)
[2026-06-16T12:39:41.395Z] scanner-http: scanned 29135013..29135015 (0 log(s), head=29135021, finalized=29135015)
[2026-06-16T12:39:41.400Z] [debug] daemon: policy-filtered router=client_test_01_router_default dest=0
[2026-06-16T12:39:41.405Z] scanner-ws: delivered 1 log(s) (blocks 29135020..29135020)
[2026-06-16T12:39:50.970Z] [debug] [clients/client-test-01.json] submit: intentHash=0x49811da567e45e0e83c661e94a9476acc906c81a5b4ee0a81176fd1c7c446bd9 symbol=SPYM
[2026-06-16T12:39:50.970Z] [debug] submitOracleUpdate: intentHash=0x49811da567e45e0e83c661e94a9476acc906c81a5b4ee0a81176fd1c7c446bd9 symbol=SPYM
[2026-06-16T12:39:50.970Z] [debug] loading state: client=../state/mainnet_run_20260616-074413/clients/client-test-01.json protocol=../state/mainnet_run_20260616-074413/config-bootstrap.json
[2026-06-16T12:39:50.975Z] [debug] connecting to Cardano…
[2026-06-16T12:39:54.105Z] scanner-http: scanned 29135016..29135033 (2 log(s), head=29135039, finalized=29135033)
[2026-06-16T12:39:54.554Z] scanner-http: scanned 29135034..29135036 (0 log(s), head=29135042, finalized=29135036)
[2026-06-16T12:39:55.263Z] scanner-http: scanned 29135037..29135037 (0 log(s), head=29135043, finalized=29135037)
[2026-06-16T12:39:55.716Z] scanner-http: scanned 29135038..29135038 (0 log(s), head=29135044, finalized=29135038)
[2026-06-16T12:39:55.838Z] [debug] building oracle update tx for symbol=SPYM
[2026-06-16T12:39:55.840Z] [debug] [clients/client-test-01.json] submit failed: intentHash=0x49811da567e45e0e83c661e94a9476acc906c81a5b4ee0a81176fd1c7c446bd9 code=NonMonotonicNonce error=Oracle intent nonce must be greater than the current on-chain nonce; intent superseded, not submitted.
[2026-06-16T12:39:55.847Z] [info] daemon: intent superseded (no tx) — code=NonMonotonicNonce intentHash=0x49811da567e45e0e83c661e94a9476acc906c81a5b4ee0a81176fd1c7c446bd9 symbol=SPYM batchSize=1
[2026-06-16T12:39:56.229Z] scanner-http: scanned 29135039..29135039 (0 log(s), head=29135045, finalized=29135039)
[2026-06-16T12:39:58.359Z] [debug] daemon: condition-filtered router=client_test_01_router_default reason="condition failed: field="${enrichment.fullIntent.Symbol}" operator="in" value=["SPYM","CRCL","TSLA","NVDA","IAU","PPLT","MSTR","AMZN","SIVR","COIN"] actual="usdValue:spSEI""
[2026-06-16T12:39:58.364Z] scanner-ws: delivered 1 log(s) (blocks 29135047..29135047)
[2026-06-16T12:39:58.368Z] [debug] daemon: condition-filtered router=client_test_01_router_default reason="condition failed: field="${enrichment.fullIntent.Symbol}" operator="in" value=["SPYM","CRCL","TSLA","NVDA","IAU","PPLT","MSTR","AMZN","SIVR","COIN"] actual="fairValue:spSEI""
[2026-06-16T12:39:58.374Z] scanner-ws: delivered 1 log(s) (blocks 29135047..29135047)
[2026-06-16T12:39:58.451Z] [debug] daemon: condition-filtered router=client_test_01_router_default reason="condition failed: field="${enrichment.fullIntent.Symbol}" operator="in" value=["SPYM","CRCL","TSLA","NVDA","IAU","PPLT","MSTR","AMZN","SIVR","COIN"] actual="denominator:spSEI""
[2026-06-16T12:39:58.458Z] scanner-ws: delivered 1 log(s) (blocks 29135047..29135047)
[2026-06-16T12:39:58.467Z] [debug] daemon: condition-filtered router=client_test_01_router_default reason="condition failed: field="${enrichment.fullIntent.Symbol}" operator="in" value=["SPYM","CRCL","TSLA","NVDA","IAU","PPLT","MSTR","AMZN","SIVR","COIN"] actual="numerator:hemiBTC""
[2026-06-16T12:39:58.477Z] scanner-ws: delivered 1 log(s) (blocks 29135047..29135047)
[2026-06-16T12:39:58.480Z] [debug] daemon: condition-filtered router=client_test_01_router_default reason="condition failed: field="${enrichment.fullIntent.Symbol}" operator="in" value=["SPYM","CRCL","TSLA","NVDA","IAU","PPLT","MSTR","AMZN","SIVR","COIN"] actual="numerator:spSEI""
[2026-06-16T12:39:58.487Z] scanner-ws: delivered 1 log(s) (blocks 29135047..29135047)
[2026-06-16T12:39:58.491Z] [debug] daemon: condition-filtered router=client_test_01_router_default reason="condition failed: field="${enrichment.fullIntent.Symbol}" operator="in" value=["SPYM","CRCL","TSLA","NVDA","IAU","PPLT","MSTR","AMZN","SIVR","COIN"] actual="usdValue:hemiBTC""
[2026-06-16T12:39:58.500Z] scanner-ws: delivered 1 log(s) (blocks 29135047..29135047)
[2026-06-16T12:39:58.505Z] [debug] daemon: condition-filtered router=client_test_01_router_default reason="condition failed: field="${enrichment.fullIntent.Symbol}" operator="in" value=["SPYM","CRCL","TSLA","NVDA","IAU","PPLT","MSTR","AMZN","SIVR","COIN"] actual="denominator:hemiBTC""
[2026-06-16T12:39:58.513Z] scanner-ws: delivered 1 log(s) (blocks 29135047..29135047)
[2026-06-16T12:39:58.790Z] [debug] daemon: condition-filtered router=client_test_01_router_default reason="condition failed: field="${enrichment.fullIntent.Symbol}" operator="in" value=["SPYM","CRCL","TSLA","NVDA","IAU","PPLT","MSTR","AMZN","SIVR","COIN"] actual="fairValue:hemiBTC""
[2026-06-16T12:39:58.796Z] scanner-ws: delivered 1 log(s) (blocks 29135047..29135047)
[2026-06-16T12:40:04.788Z] cron-service: resubmitting CRCL (router=client_test_01_router_default, confirmedAge=198s, ceiling=600s, intentHash=0x636e789c5c9665458404650d2ece8999b54f09e5f453b7c9143b7d40f9f9917f).
[2026-06-16T12:40:04.794Z] cron-service: resubmitting NVDA (router=client_test_01_router_default, confirmedAge=462s, ceiling=600s, intentHash=0xca5739fe0fe2d618427ae649ea9a32ee411cd3ffe4b5975d7d57c243a08d96f2).
[2026-06-16T12:40:08.675Z] scanner-http: scanned 29135040..29135057 (8 log(s), head=29135063, finalized=29135057)
[2026-06-16T12:40:09.183Z] scanner-http: scanned 29135058..29135059 (0 log(s), head=29135065, finalized=29135059)
[2026-06-16T12:40:09.659Z] scanner-http: scanned 29135060..29135060 (0 log(s), head=29135066, finalized=29135060)
[2026-06-16T12:40:19.851Z] [debug] daemon: condition-filtered router=client_test_01_router_default reason="condition failed: field="${enrichment.fullIntent.Symbol}" operator="in" value=["SPYM","CRCL","TSLA","NVDA","IAU","PPLT","MSTR","AMZN","SIVR","COIN"] actual="fairValue:spSEI""
[2026-06-16T12:40:19.856Z] scanner-ws: delivered 1 log(s) (blocks 29135083..29135083)
[2026-06-16T12:40:19.941Z] [debug] daemon: condition-filtered router=client_test_01_router_default reason="condition failed: field="${enrichment.fullIntent.Symbol}" operator="in" value=["SPYM","CRCL","TSLA","NVDA","IAU","PPLT","MSTR","AMZN","SIVR","COIN"] actual="denominator:hemiBTC""
[2026-06-16T12:40:19.946Z] scanner-ws: delivered 1 log(s) (blocks 29135083..29135083)
[2026-06-16T12:40:19.950Z] [debug] daemon: condition-filtered router=client_test_01_router_default reason="condition failed: field="${enrichment.fullIntent.Symbol}" operator="in" value=["SPYM","CRCL","TSLA","NVDA","IAU","PPLT","MSTR","AMZN","SIVR","COIN"] actual="numerator:spSEI""
[2026-06-16T12:40:19.954Z] scanner-ws: delivered 1 log(s) (blocks 29135083..29135083)
[2026-06-16T12:40:19.960Z] [debug] daemon: condition-filtered router=client_test_01_router_default reason="condition failed: field="${enrichment.fullIntent.Symbol}" operator="in" value=["SPYM","CRCL","TSLA","NVDA","IAU","PPLT","MSTR","AMZN","SIVR","COIN"] actual="numerator:hemiBTC""
[2026-06-16T12:40:19.966Z] scanner-ws: delivered 1 log(s) (blocks 29135083..29135083)
[2026-06-16T12:40:19.970Z] [debug] daemon: condition-filtered router=client_test_01_router_default reason="condition failed: field="${enrichment.fullIntent.Symbol}" operator="in" value=["SPYM","CRCL","TSLA","NVDA","IAU","PPLT","MSTR","AMZN","SIVR","COIN"] actual="denominator:spSEI""
[2026-06-16T12:40:19.974Z] scanner-ws: delivered 1 log(s) (blocks 29135083..29135083)
[2026-06-16T12:40:19.977Z] [debug] daemon: condition-filtered router=client_test_01_router_default reason="condition failed: field="${enrichment.fullIntent.Symbol}" operator="in" value=["SPYM","CRCL","TSLA","NVDA","IAU","PPLT","MSTR","AMZN","SIVR","COIN"] actual="usdValue:spSEI""
[2026-06-16T12:40:19.981Z] scanner-ws: delivered 1 log(s) (blocks 29135083..29135083)
[2026-06-16T12:40:19.987Z] [debug] daemon: condition-filtered router=client_test_01_router_default reason="condition failed: field="${enrichment.fullIntent.Symbol}" operator="in" value=["SPYM","CRCL","TSLA","NVDA","IAU","PPLT","MSTR","AMZN","SIVR","COIN"] actual="usdValue:hemiBTC""
[2026-06-16T12:40:19.993Z] scanner-ws: delivered 1 log(s) (blocks 29135083..29135083)
[2026-06-16T12:40:19.998Z] [debug] daemon: condition-filtered router=client_test_01_router_default reason="condition failed: field="${enrichment.fullIntent.Symbol}" operator="in" value=["SPYM","CRCL","TSLA","NVDA","IAU","PPLT","MSTR","AMZN","SIVR","COIN"] actual="fairValue:hemiBTC""
[2026-06-16T12:40:20.002Z] scanner-ws: delivered 1 log(s) (blocks 29135083..29135083)
[2026-06-16T12:40:20.345Z] scanner-http: scanned 29135061..29135080 (0 log(s), head=29135086, finalized=29135080)
[2026-06-16T12:40:31.436Z] scanner-http: scanned 29135081..29135097 (8 log(s), head=29135103, finalized=29135097)
[2026-06-16T12:40:31.887Z] scanner-http: scanned 29135098..29135098 (0 log(s), head=29135104, finalized=29135098)
[2026-06-16T12:40:32.334Z] scanner-http: scanned 29135099..29135100 (0 log(s), head=29135106, finalized=29135100)
[2026-06-16T12:40:34.702Z] [debug] [clients/client-test-01.json] submitBatch: intents=2 symbols=CRCL,NVDA
[2026-06-16T12:40:34.702Z] [debug] submitOracleUpdateBatch: intents=2 symbols=CRCL, NVDA
[2026-06-16T12:40:34.729Z] cron-service: resubmitting CRCL (router=client_test_01_router_default, confirmedAge=228s, ceiling=600s, intentHash=0x636e789c5c9665458404650d2ece8999b54f09e5f453b7c9143b7d40f9f9917f).
[2026-06-16T12:40:34.736Z] cron-service: resubmitting NVDA (router=client_test_01_router_default, confirmedAge=492s, ceiling=600s, intentHash=0xca5739fe0fe2d618427ae649ea9a32ee411cd3ffe4b5975d7d57c243a08d96f2).
[2026-06-16T12:40:41.115Z] [debug] daemon: condition-filtered router=client_test_01_router_default reason="condition failed: field="${enrichment.fullIntent.Symbol}" operator="in" value=["SPYM","CRCL","TSLA","NVDA","IAU","PPLT","MSTR","AMZN","SIVR","COIN"] actual="ARS/USDT""
[2026-06-16T12:40:41.121Z] scanner-ws: delivered 1 log(s) (blocks 29135121..29135121)
[2026-06-16T12:40:41.647Z] [debug] daemon: condition-filtered router=client_test_01_router_default reason="condition failed: field="${enrichment.fullIntent.Symbol}" operator="in" value=["SPYM","CRCL","TSLA","NVDA","IAU","PPLT","MSTR","AMZN","SIVR","COIN"] actual="BMNR""
[2026-06-16T12:40:41.653Z] scanner-ws: delivered 1 log(s) (blocks 29135123..29135123)
[2026-06-16T12:40:43.051Z] scanner-http: scanned 29135101..29135118 (0 log(s), head=29135124, finalized=29135118)
[2026-06-16T12:40:43.785Z] scanner-http: scanned 29135119..29135121 (1 log(s), head=29135127, finalized=29135121)
[2026-06-16T12:40:44.298Z] scanner-http: scanned 29135122..29135122 (0 log(s), head=29135128, finalized=29135122)
[2026-06-16T12:40:45.039Z] scanner-http: scanned 29135123..29135124 (1 log(s), head=29135130, finalized=29135124)
[2026-06-16T12:40:45.391Z] scanner-http: scanned 29135125..29135125 (0 log(s), head=29135131, finalized=29135125)
[2026-06-16T12:40:45.850Z] scanner-http: scanned 29135126..29135127 (0 log(s), head=29135133, finalized=29135127)
[2026-06-16T12:40:46.302Z] scanner-http: scanned 29135128..29135128 (0 log(s), head=29135134, finalized=29135128)
[2026-06-16T12:40:56.554Z] [debug] daemon: condition-filtered router=client_test_01_router_default reason="condition failed: field="${enrichment.fullIntent.Symbol}" operator="in" value=["SPYM","CRCL","TSLA","NVDA","IAU","PPLT","MSTR","AMZN","SIVR","COIN"] actual="BMNR""
[2026-06-16T12:40:56.560Z] scanner-ws: delivered 1 log(s) (blocks 29135154..29135154)
[2026-06-16T12:40:57.073Z] scanner-http: scanned 29135129..29135149 (0 log(s), head=29135155, finalized=29135149)
[2026-06-16T12:40:57.076Z] [debug] Confirmed by Blockfrost: oracle update batch (CRCL, NVDA) c6e923192e2a387d39f48f011739cb5aef210e50e810a424877f406e8f116bc4.
[2026-06-16T12:40:57.519Z] scanner-http: scanned 29135150..29135150 (0 log(s), head=29135156, finalized=29135150)
[2026-06-16T12:40:58.298Z] [debug] daemon: condition-filtered router=client_test_01_router_default reason="condition failed: field="${enrichment.fullIntent.Symbol}" operator="in" value=["SPYM","CRCL","TSLA","NVDA","IAU","PPLT","MSTR","AMZN","SIVR","COIN"] actual="usdValue:spSEI""
[2026-06-16T12:40:58.303Z] scanner-ws: delivered 1 log(s) (blocks 29135157..29135157)
[2026-06-16T12:40:58.308Z] [debug] daemon: condition-filtered router=client_test_01_router_default reason="condition failed: field="${enrichment.fullIntent.Symbol}" operator="in" value=["SPYM","CRCL","TSLA","NVDA","IAU","PPLT","MSTR","AMZN","SIVR","COIN"] actual="fairValue:spSEI""
[2026-06-16T12:40:58.312Z] scanner-ws: delivered 1 log(s) (blocks 29135157..29135157)
[2026-06-16T12:40:58.390Z] [debug] daemon: condition-filtered router=client_test_01_router_default reason="condition failed: field="${enrichment.fullIntent.Symbol}" operator="in" value=["SPYM","CRCL","TSLA","NVDA","IAU","PPLT","MSTR","AMZN","SIVR","COIN"] actual="fairValue:hemiBTC""
[2026-06-16T12:40:58.396Z] scanner-ws: delivered 1 log(s) (blocks 29135157..29135157)
[2026-06-16T12:40:58.403Z] [debug] daemon: condition-filtered router=client_test_01_router_default reason="condition failed: field="${enrichment.fullIntent.Symbol}" operator="in" value=["SPYM","CRCL","TSLA","NVDA","IAU","PPLT","MSTR","AMZN","SIVR","COIN"] actual="denominator:hemiBTC""
[2026-06-16T12:40:58.407Z] scanner-ws: delivered 1 log(s) (blocks 29135157..29135157)
[2026-06-16T12:40:58.413Z] [debug] daemon: condition-filtered router=client_test_01_router_default reason="condition failed: field="${enrichment.fullIntent.Symbol}" operator="in" value=["SPYM","CRCL","TSLA","NVDA","IAU","PPLT","MSTR","AMZN","SIVR","COIN"] actual="numerator:hemiBTC""
[2026-06-16T12:40:58.418Z] scanner-ws: delivered 1 log(s) (blocks 29135157..29135157)
[2026-06-16T12:40:58.420Z] [debug] daemon: condition-filtered router=client_test_01_router_default reason="condition failed: field="${enrichment.fullIntent.Symbol}" operator="in" value=["SPYM","CRCL","TSLA","NVDA","IAU","PPLT","MSTR","AMZN","SIVR","COIN"] actual="numerator:spSEI""
[2026-06-16T12:40:58.424Z] scanner-ws: delivered 1 log(s) (blocks 29135157..29135157)
[2026-06-16T12:40:58.428Z] [debug] daemon: condition-filtered router=client_test_01_router_default reason="condition failed: field="${enrichment.fullIntent.Symbol}" operator="in" value=["SPYM","CRCL","TSLA","NVDA","IAU","PPLT","MSTR","AMZN","SIVR","COIN"] actual="denominator:spSEI""
[2026-06-16T12:40:58.432Z] scanner-ws: delivered 1 log(s) (blocks 29135157..29135157)
[2026-06-16T12:40:58.435Z] [debug] daemon: condition-filtered router=client_test_01_router_default reason="condition failed: field="${enrichment.fullIntent.Symbol}" operator="in" value=["SPYM","CRCL","TSLA","NVDA","IAU","PPLT","MSTR","AMZN","SIVR","COIN"] actual="usdValue:hemiBTC""
[2026-06-16T12:40:58.438Z] scanner-ws: delivered 1 log(s) (blocks 29135157..29135157)
[2026-06-16T12:41:04.663Z] cron-service: resubmitting CRCL (router=client_test_01_router_default, confirmedAge=258s, ceiling=600s, intentHash=0x636e789c5c9665458404650d2ece8999b54f09e5f453b7c9143b7d40f9f9917f).
[2026-06-16T12:41:04.671Z] cron-service: resubmitting NVDA (router=client_test_01_router_default, confirmedAge=522s, ceiling=600s, intentHash=0xca5739fe0fe2d618427ae649ea9a32ee411cd3ffe4b5975d7d57c243a08d96f2).
[2026-06-16T12:41:06.783Z] [debug] [clients/client-test-01.json] batch confirmed: txHash=c6e923192e2a387d39f48f011739cb5aef210e50e810a424877f406e8f116bc4 built=2 skipped=0 receiverUnit=6ec4b5aa572382beb11bb8db28a87884d147afe4e2b3d8f5a7331a254449415f52454345495645525f434c49454e545f41 members=CRCL:update,NVDA:update
[2026-06-16T12:41:06.805Z] [debug] [clients/client-test-01.json] submitBatch: intents=2 symbols=CRCL,NVDA
[2026-06-16T12:41:06.805Z] [debug] submitOracleUpdateBatch: intents=2 symbols=CRCL, NVDA
[2026-06-16T12:41:08.609Z] scanner-http: scanned 29135151..29135167 (9 log(s), head=29135173, finalized=29135167)
[2026-06-16T12:41:09.061Z] scanner-http: scanned 29135168..29135168 (0 log(s), head=29135174, finalized=29135168)
[2026-06-16T12:41:09.289Z] [debug] submitOracleUpdateBatch: skipping CRCL — intent (ts=1781613579, nonce=1781609473717109820) does not beat on-chain (ts=1781613579, nonce=1781609473717109820); superseded.
[2026-06-16T12:41:09.514Z] scanner-http: scanned 29135169..29135169 (0 log(s), head=29135175, finalized=29135169)
[2026-06-16T12:41:10.244Z] [debug] submitOracleUpdateBatch: skipping NVDA — intent (ts=1781613188, nonce=1781609473717109812) does not beat on-chain (ts=1781613188, nonce=1781609473717109812); superseded.
[2026-06-16T12:41:10.244Z] [debug] submitOracleUpdateBatch: all 2 candidate(s) superseded on chain; no tx submitted.
[2026-06-16T12:41:10.252Z] [info] daemon: intent superseded (no tx) — code=NonMonotonicNonce intentHash=0x636e789c5c9665458404650d2ece8999b54f09e5f453b7c9143b7d40f9f9917f symbol=CRCL batchSize=1
[2026-06-16T12:41:10.244Z] [debug] [clients/client-test-01.json] batch: all 2 intent(s) superseded on chain; no tx submitted.
[2026-06-16T12:41:10.259Z] [info] daemon: intent superseded (no tx) — code=NonMonotonicNonce intentHash=0xca5739fe0fe2d618427ae649ea9a32ee411cd3ffe4b5975d7d57c243a08d96f2 symbol=NVDA batchSize=1
[2026-06-16T12:41:19.984Z] [debug] daemon: condition-filtered router=client_test_01_router_default reason="condition failed: field="${enrichment.fullIntent.Symbol}" operator="in" value=["SPYM","CRCL","TSLA","NVDA","IAU","PPLT","MSTR","AMZN","SIVR","COIN"] actual="fairValue:spSEI""
[2026-06-16T12:41:19.990Z] scanner-ws: delivered 1 log(s) (blocks 29135193..29135193)
[2026-06-16T12:41:20.072Z] [debug] daemon: condition-filtered router=client_test_01_router_default reason="condition failed: field="${enrichment.fullIntent.Symbol}" operator="in" value=["SPYM","CRCL","TSLA","NVDA","IAU","PPLT","MSTR","AMZN","SIVR","COIN"] actual="numerator:spSEI""
[2026-06-16T12:41:20.080Z] scanner-ws: delivered 1 log(s) (blocks 29135193..29135193)
[2026-06-16T12:41:20.087Z] [debug] daemon: condition-filtered router=client_test_01_router_default reason="condition failed: field="${enrichment.fullIntent.Symbol}" operator="in" value=["SPYM","CRCL","TSLA","NVDA","IAU","PPLT","MSTR","AMZN","SIVR","COIN"] actual="denominator:hemiBTC""
[2026-06-16T12:41:20.091Z] scanner-ws: delivered 1 log(s) (blocks 29135193..29135193)
[2026-06-16T12:41:20.095Z] [debug] daemon: condition-filtered router=client_test_01_router_default reason="condition failed: field="${enrichment.fullIntent.Symbol}" operator="in" value=["SPYM","CRCL","TSLA","NVDA","IAU","PPLT","MSTR","AMZN","SIVR","COIN"] actual="usdValue:spSEI""
[2026-06-16T12:41:20.099Z] scanner-ws: delivered 1 log(s) (blocks 29135193..29135193)
[2026-06-16T12:41:20.103Z] [debug] daemon: condition-filtered router=client_test_01_router_default reason="condition failed: field="${enrichment.fullIntent.Symbol}" operator="in" value=["SPYM","CRCL","TSLA","NVDA","IAU","PPLT","MSTR","AMZN","SIVR","COIN"] actual="fairValue:hemiBTC""
[2026-06-16T12:41:20.107Z] scanner-ws: delivered 1 log(s) (blocks 29135193..29135193)
[2026-06-16T12:41:20.110Z] [debug] daemon: condition-filtered router=client_test_01_router_default reason="condition failed: field="${enrichment.fullIntent.Symbol}" operator="in" value=["SPYM","CRCL","TSLA","NVDA","IAU","PPLT","MSTR","AMZN","SIVR","COIN"] actual="numerator:hemiBTC""
[2026-06-16T12:41:20.115Z] scanner-ws: delivered 1 log(s) (blocks 29135193..29135193)
[2026-06-16T12:41:20.120Z] [debug] daemon: condition-filtered router=client_test_01_router_default reason="condition failed: field="${enrichment.fullIntent.Symbol}" operator="in" value=["SPYM","CRCL","TSLA","NVDA","IAU","PPLT","MSTR","AMZN","SIVR","COIN"] actual="usdValue:hemiBTC""
[2026-06-16T12:41:20.125Z] scanner-ws: delivered 1 log(s) (blocks 29135193..29135193)
[2026-06-16T12:41:20.269Z] scanner-http: scanned 29135170..29135189 (0 log(s), head=29135195, finalized=29135189)
[2026-06-16T12:41:20.404Z] [debug] daemon: condition-filtered router=client_test_01_router_default reason="condition failed: field="${enrichment.fullIntent.Symbol}" operator="in" value=["SPYM","CRCL","TSLA","NVDA","IAU","PPLT","MSTR","AMZN","SIVR","COIN"] actual="denominator:spSEI""
[2026-06-16T12:41:20.410Z] scanner-ws: delivered 1 log(s) (blocks 29135193..29135193)
[2026-06-16T12:41:20.726Z] scanner-http: scanned 29135190..29135190 (0 log(s), head=29135196, finalized=29135190)
[2026-06-16T12:41:31.813Z] scanner-http: scanned 29135191..29135204 (8 log(s), head=29135210, finalized=29135204)
[2026-06-16T12:41:32.257Z] scanner-http: scanned 29135205..29135206 (0 log(s), head=29135212, finalized=29135206)
[2026-06-16T12:41:41.140Z] [debug] daemon: condition-filtered router=client_test_01_router_default reason="condition failed: field="${enrichment.fullIntent.Symbol}" operator="in" value=["SPYM","CRCL","TSLA","NVDA","IAU","PPLT","MSTR","AMZN","SIVR","COIN"] actual="ARS/USDT""
[2026-06-16T12:41:41.146Z] scanner-ws: delivered 1 log(s) (blocks 29135226..29135226)
[2026-06-16T12:41:41.541Z] [debug] daemon: policy-filtered router=client_test_01_router_default dest=0
[2026-06-16T12:41:41.547Z] scanner-ws: delivered 1 log(s) (blocks 29135228..29135228)
[2026-06-16T12:41:42.949Z] scanner-http: scanned 29135207..29135225 (0 log(s), head=29135231, finalized=29135225)
[2026-06-16T12:41:43.630Z] scanner-http: scanned 29135226..29135226 (1 log(s), head=29135232, finalized=29135226)
[2026-06-16T12:41:44.080Z] scanner-http: scanned 29135227..29135227 (0 log(s), head=29135233, finalized=29135227)
[2026-06-16T12:41:55.079Z] scanner-http: scanned 29135228..29135244 (1 log(s), head=29135250, finalized=29135244)
[2026-06-16T12:41:55.530Z] scanner-http: scanned 29135245..29135247 (0 log(s), head=29135253, finalized=29135247)
[2026-06-16T12:41:55.980Z] scanner-http: scanned 29135248..29135248 (0 log(s), head=29135254, finalized=29135248)
[2026-06-16T12:41:58.325Z] [debug] daemon: condition-filtered router=client_test_01_router_default reason="condition failed: field="${enrichment.fullIntent.Symbol}" operator="in" value=["SPYM","CRCL","TSLA","NVDA","IAU","PPLT","MSTR","AMZN","SIVR","COIN"] actual="fairValue:spSEI""
[2026-06-16T12:41:58.330Z] scanner-ws: delivered 1 log(s) (blocks 29135256..29135256)
[2026-06-16T12:41:58.336Z] [debug] daemon: condition-filtered router=client_test_01_router_default reason="condition failed: field="${enrichment.fullIntent.Symbol}" operator="in" value=["SPYM","CRCL","TSLA","NVDA","IAU","PPLT","MSTR","AMZN","SIVR","COIN"] actual="usdValue:spSEI""
[2026-06-16T12:41:58.340Z] scanner-ws: delivered 1 log(s) (blocks 29135256..29135256)
[2026-06-16T12:41:58.409Z] [debug] daemon: condition-filtered router=client_test_01_router_default reason="condition failed: field="${enrichment.fullIntent.Symbol}" operator="in" value=["SPYM","CRCL","TSLA","NVDA","IAU","PPLT","MSTR","AMZN","SIVR","COIN"] actual="denominator:hemiBTC""
[2026-06-16T12:41:58.415Z] scanner-ws: delivered 1 log(s) (blocks 29135256..29135256)
[2026-06-16T12:41:58.428Z] scanner-ws: delivered 1 log(s) (blocks 29135256..29135256)
[2026-06-16T12:41:58.423Z] [debug] daemon: condition-filtered router=client_test_01_router_default reason="condition failed: field="${enrichment.fullIntent.Symbol}" operator="in" value=["SPYM","CRCL","TSLA","NVDA","IAU","PPLT","MSTR","AMZN","SIVR","COIN"] actual="fairValue:hemiBTC""
[2026-06-16T12:41:58.431Z] [debug] daemon: condition-filtered router=client_test_01_router_default reason="condition failed: field="${enrichment.fullIntent.Symbol}" operator="in" value=["SPYM","CRCL","TSLA","NVDA","IAU","PPLT","MSTR","AMZN","SIVR","COIN"] actual="numerator:hemiBTC""
[2026-06-16T12:41:58.435Z] scanner-ws: delivered 1 log(s) (blocks 29135256..29135256)
[2026-06-16T12:41:58.439Z] [debug] daemon: condition-filtered router=client_test_01_router_default reason="condition failed: field="${enrichment.fullIntent.Symbol}" operator="in" value=["SPYM","CRCL","TSLA","NVDA","IAU","PPLT","MSTR","AMZN","SIVR","COIN"] actual="numerator:spSEI""
[2026-06-16T12:41:58.443Z] scanner-ws: delivered 1 log(s) (blocks 29135256..29135256)
[2026-06-16T12:41:58.444Z] [debug] daemon: condition-filtered router=client_test_01_router_default reason="condition failed: field="${enrichment.fullIntent.Symbol}" operator="in" value=["SPYM","CRCL","TSLA","NVDA","IAU","PPLT","MSTR","AMZN","SIVR","COIN"] actual="denominator:spSEI""
[2026-06-16T12:41:58.449Z] scanner-ws: delivered 1 log(s) (blocks 29135256..29135256)
[2026-06-16T12:41:58.453Z] [debug] daemon: condition-filtered router=client_test_01_router_default reason="condition failed: field="${enrichment.fullIntent.Symbol}" operator="in" value=["SPYM","CRCL","TSLA","NVDA","IAU","PPLT","MSTR","AMZN","SIVR","COIN"] actual="usdValue:hemiBTC""
[2026-06-16T12:41:58.457Z] scanner-ws: delivered 1 log(s) (blocks 29135256..29135256)
[2026-06-16T12:42:07.372Z] scanner-http: scanned 29135249..29135269 (8 log(s), head=29135275, finalized=29135269)
[2026-06-16T12:42:07.852Z] scanner-http: scanned 29135270..29135270 (0 log(s), head=29135276, finalized=29135270)
[2026-06-16T12:42:08.367Z] scanner-http: scanned 29135271..29135272 (0 log(s), head=29135278, finalized=29135272)
[2026-06-16T12:42:19.277Z] scanner-http: scanned 29135273..29135296 (0 log(s), head=29135302, finalized=29135296)
[2026-06-16T12:42:19.741Z] [debug] daemon: condition-filtered router=client_test_01_router_default reason="condition failed: field="${enrichment.fullIntent.Symbol}" operator="in" value=["SPYM","CRCL","TSLA","NVDA","IAU","PPLT","MSTR","AMZN","SIVR","COIN"] actual="usdValue:spSEI""
[2026-06-16T12:42:19.746Z] scanner-ws: delivered 1 log(s) (blocks 29135303..29135303)
[2026-06-16T12:42:19.750Z] [debug] daemon: condition-filtered router=client_test_01_router_default reason="condition failed: field="${enrichment.fullIntent.Symbol}" operator="in" value=["SPYM","CRCL","TSLA","NVDA","IAU","PPLT","MSTR","AMZN","SIVR","COIN"] actual="fairValue:spSEI""
[2026-06-16T12:42:19.754Z] scanner-ws: delivered 1 log(s) (blocks 29135303..29135303)
[2026-06-16T12:42:19.814Z] scanner-http: scanned 29135297..29135298 (0 log(s), head=29135304, finalized=29135298)
[2026-06-16T12:42:19.834Z] [debug] daemon: condition-filtered router=client_test_01_router_default reason="condition failed: field="${enrichment.fullIntent.Symbol}" operator="in" value=["SPYM","CRCL","TSLA","NVDA","IAU","PPLT","MSTR","AMZN","SIVR","COIN"] actual="denominator:spSEI""
[2026-06-16T12:42:19.846Z] scanner-ws: delivered 1 log(s) (blocks 29135303..29135303)
[2026-06-16T12:42:19.850Z] [debug] daemon: condition-filtered router=client_test_01_router_default reason="condition failed: field="${enrichment.fullIntent.Symbol}" operator="in" value=["SPYM","CRCL","TSLA","NVDA","IAU","PPLT","MSTR","AMZN","SIVR","COIN"] actual="numerator:spSEI""
[2026-06-16T12:42:19.854Z] scanner-ws: delivered 1 log(s) (blocks 29135303..29135303)
[2026-06-16T12:42:19.860Z] [debug] daemon: condition-filtered router=client_test_01_router_default reason="condition failed: field="${enrichment.fullIntent.Symbol}" operator="in" value=["SPYM","CRCL","TSLA","NVDA","IAU","PPLT","MSTR","AMZN","SIVR","COIN"] actual="fairValue:hemiBTC""
[2026-06-16T12:42:19.866Z] scanner-ws: delivered 1 log(s) (blocks 29135303..29135303)
[2026-06-16T12:42:19.869Z] [debug] daemon: condition-filtered router=client_test_01_router_default reason="condition failed: field="${enrichment.fullIntent.Symbol}" operator="in" value=["SPYM","CRCL","TSLA","NVDA","IAU","PPLT","MSTR","AMZN","SIVR","COIN"] actual="denominator:hemiBTC""
[2026-06-16T12:42:19.873Z] scanner-ws: delivered 1 log(s) (blocks 29135303..29135303)
[2026-06-16T12:42:19.877Z] [debug] daemon: condition-filtered router=client_test_01_router_default reason="condition failed: field="${enrichment.fullIntent.Symbol}" operator="in" value=["SPYM","CRCL","TSLA","NVDA","IAU","PPLT","MSTR","AMZN","SIVR","COIN"] actual="usdValue:hemiBTC""
[2026-06-16T12:42:19.880Z] scanner-ws: delivered 1 log(s) (blocks 29135303..29135303)
[2026-06-16T12:42:20.159Z] [debug] daemon: condition-filtered router=client_test_01_router_default reason="condition failed: field="${enrichment.fullIntent.Symbol}" operator="in" value=["SPYM","CRCL","TSLA","NVDA","IAU","PPLT","MSTR","AMZN","SIVR","COIN"] actual="numerator:hemiBTC""
[2026-06-16T12:42:20.165Z] scanner-ws: delivered 1 log(s) (blocks 29135303..29135303)
[2026-06-16T12:42:20.264Z] scanner-http: scanned 29135299..29135299 (0 log(s), head=29135305, finalized=29135299)
[2026-06-16T12:42:31.350Z] scanner-http: scanned 29135300..29135315 (8 log(s), head=29135321, finalized=29135315)
[2026-06-16T12:42:41.146Z] [debug] daemon: condition-filtered router=client_test_01_router_default reason="condition failed: field="${enrichment.fullIntent.Symbol}" operator="in" value=["SPYM","CRCL","TSLA","NVDA","IAU","PPLT","MSTR","AMZN","SIVR","COIN"] actual="ARS/USDT""
[2026-06-16T12:42:41.152Z] scanner-ws: delivered 1 log(s) (blocks 29135336..29135336)
[2026-06-16T12:42:41.563Z] [debug] daemon: policy-filtered router=client_test_01_router_default dest=0
[2026-06-16T12:42:41.569Z] scanner-ws: delivered 1 log(s) (blocks 29135337..29135337)
[2026-06-16T12:42:42.019Z] scanner-http: scanned 29135316..29135332 (0 log(s), head=29135338, finalized=29135332)
[2026-06-16T12:42:42.484Z] scanner-http: scanned 29135333..29135333 (0 log(s), head=29135339, finalized=29135333)
[2026-06-16T12:42:42.946Z] scanner-http: scanned 29135334..29135334 (0 log(s), head=29135340, finalized=29135334)
[2026-06-16T12:42:43.394Z] scanner-http: scanned 29135335..29135335 (0 log(s), head=29135341, finalized=29135335)
[2026-06-16T12:42:44.067Z] scanner-http: scanned 29135336..29135336 (1 log(s), head=29135342, finalized=29135336)
[2026-06-16T12:42:44.735Z] scanner-http: scanned 29135337..29135337 (1 log(s), head=29135343, finalized=29135337)
[2026-06-16T12:42:55.525Z] scanner-http: scanned 29135338..29135355 (0 log(s), head=29135361, finalized=29135355)
[2026-06-16T12:42:58.353Z] [debug] daemon: condition-filtered router=client_test_01_router_default reason="condition failed: field="${enrichment.fullIntent.Symbol}" operator="in" value=["SPYM","CRCL","TSLA","NVDA","IAU","PPLT","MSTR","AMZN","SIVR","COIN"] actual="fairValue:spSEI""
[2026-06-16T12:42:58.359Z] scanner-ws: delivered 1 log(s) (blocks 29135364..29135364)
[2026-06-16T12:42:58.363Z] [debug] daemon: condition-filtered router=client_test_01_router_default reason="condition failed: field="${enrichment.fullIntent.Symbol}" operator="in" value=["SPYM","CRCL","TSLA","NVDA","IAU","PPLT","MSTR","AMZN","SIVR","COIN"] actual="usdValue:spSEI""
[2026-06-16T12:42:58.367Z] scanner-ws: delivered 1 log(s) (blocks 29135364..29135364)
[2026-06-16T12:42:58.478Z] [debug] daemon: condition-filtered router=client_test_01_router_default reason="condition failed: field="${enrichment.fullIntent.Symbol}" operator="in" value=["SPYM","CRCL","TSLA","NVDA","IAU","PPLT","MSTR","AMZN","SIVR","COIN"] actual="numerator:spSEI""
[2026-06-16T12:42:58.483Z] scanner-ws: delivered 1 log(s) (blocks 29135364..29135364)
[2026-06-16T12:42:58.487Z] [debug] daemon: condition-filtered router=client_test_01_router_default reason="condition failed: field="${enrichment.fullIntent.Symbol}" operator="in" value=["SPYM","CRCL","TSLA","NVDA","IAU","PPLT","MSTR","AMZN","SIVR","COIN"] actual="numerator:hemiBTC""
[2026-06-16T12:42:58.491Z] scanner-ws: delivered 1 log(s) (blocks 29135364..29135364)
[2026-06-16T12:42:58.499Z] [debug] daemon: condition-filtered router=client_test_01_router_default reason="condition failed: field="${enrichment.fullIntent.Symbol}" operator="in" value=["SPYM","CRCL","TSLA","NVDA","IAU","PPLT","MSTR","AMZN","SIVR","COIN"] actual="denominator:spSEI""
[2026-06-16T12:42:58.503Z] scanner-ws: delivered 1 log(s) (blocks 29135364..29135364)
[2026-06-16T12:42:58.508Z] [debug] daemon: condition-filtered router=client_test_01_router_default reason="condition failed: field="${enrichment.fullIntent.Symbol}" operator="in" value=["SPYM","CRCL","TSLA","NVDA","IAU","PPLT","MSTR","AMZN","SIVR","COIN"] actual="fairValue:hemiBTC""
[2026-06-16T12:42:58.512Z] scanner-ws: delivered 1 log(s) (blocks 29135364..29135364)
[2026-06-16T12:42:58.516Z] [debug] daemon: condition-filtered router=client_test_01_router_default reason="condition failed: field="${enrichment.fullIntent.Symbol}" operator="in" value=["SPYM","CRCL","TSLA","NVDA","IAU","PPLT","MSTR","AMZN","SIVR","COIN"] actual="denominator:hemiBTC""
[2026-06-16T12:42:58.520Z] scanner-ws: delivered 1 log(s) (blocks 29135364..29135364)
[2026-06-16T12:42:58.523Z] [debug] daemon: condition-filtered router=client_test_01_router_default reason="condition failed: field="${enrichment.fullIntent.Symbol}" operator="in" value=["SPYM","CRCL","TSLA","NVDA","IAU","PPLT","MSTR","AMZN","SIVR","COIN"] actual="usdValue:hemiBTC""
[2026-06-16T12:42:58.527Z] scanner-ws: delivered 1 log(s) (blocks 29135364..29135364)
[2026-06-16T12:42:58.752Z] scanner-ws: delivered 1 log(s) (blocks 29135366..29135366)
[2026-06-16T12:43:04.401Z] cron-service: resubmitting TSLA (router=client_test_01_router_default, confirmedAge=642s, ceiling=600s, intentHash=0x0139179d505db63832868bc86d441adfc8b4b76446dc519b968f17c5f13c4dd0).
[2026-06-16T12:43:06.984Z] scanner-http: scanned 29135356..29135374 (9 log(s), head=29135380, finalized=29135374)
[2026-06-16T12:43:07.441Z] scanner-http: scanned 29135375..29135376 (0 log(s), head=29135382, finalized=29135376)
[2026-06-16T12:43:18.213Z] scanner-http: scanned 29135377..29135394 (0 log(s), head=29135400, finalized=29135394)
[2026-06-16T12:43:19.663Z] [debug] daemon: condition-filtered router=client_test_01_router_default reason="condition failed: field="${enrichment.fullIntent.Symbol}" operator="in" value=["SPYM","CRCL","TSLA","NVDA","IAU","PPLT","MSTR","AMZN","SIVR","COIN"] actual="fairValue:spSEI""
[2026-06-16T12:43:19.668Z] scanner-ws: delivered 1 log(s) (blocks 29135403..29135403)
[2026-06-16T12:43:19.672Z] [debug] daemon: condition-filtered router=client_test_01_router_default reason="condition failed: field="${enrichment.fullIntent.Symbol}" operator="in" value=["SPYM","CRCL","TSLA","NVDA","IAU","PPLT","MSTR","AMZN","SIVR","COIN"] actual="usdValue:spSEI""
[2026-06-16T12:43:19.676Z] scanner-ws: delivered 1 log(s) (blocks 29135403..29135403)
[2026-06-16T12:43:19.748Z] [debug] daemon: condition-filtered router=client_test_01_router_default reason="condition failed: field="${enrichment.fullIntent.Symbol}" operator="in" value=["SPYM","CRCL","TSLA","NVDA","IAU","PPLT","MSTR","AMZN","SIVR","COIN"] actual="denominator:spSEI""
[2026-06-16T12:43:19.754Z] scanner-ws: delivered 1 log(s) (blocks 29135403..29135403)
[2026-06-16T12:43:19.759Z] [debug] daemon: condition-filtered router=client_test_01_router_default reason="condition failed: field="${enrichment.fullIntent.Symbol}" operator="in" value=["SPYM","CRCL","TSLA","NVDA","IAU","PPLT","MSTR","AMZN","SIVR","COIN"] actual="numerator:spSEI""
[2026-06-16T12:43:19.763Z] scanner-ws: delivered 1 log(s) (blocks 29135403..29135403)
[2026-06-16T12:43:19.767Z] [debug] daemon: condition-filtered router=client_test_01_router_default reason="condition failed: field="${enrichment.fullIntent.Symbol}" operator="in" value=["SPYM","CRCL","TSLA","NVDA","IAU","PPLT","MSTR","AMZN","SIVR","COIN"] actual="fairValue:hemiBTC""
[2026-06-16T12:43:19.771Z] scanner-ws: delivered 1 log(s) (blocks 29135403..29135403)
[2026-06-16T12:43:19.775Z] [debug] daemon: condition-filtered router=client_test_01_router_default reason="condition failed: field="${enrichment.fullIntent.Symbol}" operator="in" value=["SPYM","CRCL","TSLA","NVDA","IAU","PPLT","MSTR","AMZN","SIVR","COIN"] actual="usdValue:hemiBTC""
[2026-06-16T12:43:19.779Z] scanner-ws: delivered 1 log(s) (blocks 29135403..29135403)
[2026-06-16T12:43:19.785Z] [debug] daemon: condition-filtered router=client_test_01_router_default reason="condition failed: field="${enrichment.fullIntent.Symbol}" operator="in" value=["SPYM","CRCL","TSLA","NVDA","IAU","PPLT","MSTR","AMZN","SIVR","COIN"] actual="denominator:hemiBTC""
[2026-06-16T12:43:19.791Z] scanner-ws: delivered 1 log(s) (blocks 29135403..29135403)
[2026-06-16T12:43:19.795Z] [debug] daemon: condition-filtered router=client_test_01_router_default reason="condition failed: field="${enrichment.fullIntent.Symbol}" operator="in" value=["SPYM","CRCL","TSLA","NVDA","IAU","PPLT","MSTR","AMZN","SIVR","COIN"] actual="numerator:hemiBTC""
[2026-06-16T12:43:19.799Z] scanner-ws: delivered 1 log(s) (blocks 29135403..29135403)
[2026-06-16T12:43:28.657Z] [debug] [clients/client-test-01.json] submit: intentHash=0x0139179d505db63832868bc86d441adfc8b4b76446dc519b968f17c5f13c4dd0 symbol=TSLA
[2026-06-16T12:43:28.658Z] [debug] submitOracleUpdate: intentHash=0x0139179d505db63832868bc86d441adfc8b4b76446dc519b968f17c5f13c4dd0 symbol=TSLA
[2026-06-16T12:43:28.658Z] [debug] loading state: client=../state/mainnet_run_20260616-074413/clients/client-test-01.json protocol=../state/mainnet_run_20260616-074413/config-bootstrap.json
[2026-06-16T12:43:28.665Z] [debug] connecting to Cardano…
[2026-06-16T12:43:29.330Z] scanner-http: scanned 29135395..29135412 (8 log(s), head=29135418, finalized=29135412)
[2026-06-16T12:43:29.777Z] scanner-http: scanned 29135413..29135414 (0 log(s), head=29135420, finalized=29135414)
[2026-06-16T12:43:33.217Z] [debug] building oracle update tx for symbol=TSLA
[2026-06-16T12:43:34.336Z] cron-service: resubmitting TSLA (router=client_test_01_router_default, confirmedAge=672s, ceiling=600s, intentHash=0x0139179d505db63832868bc86d441adfc8b4b76446dc519b968f17c5f13c4dd0).
[2026-06-16T12:43:37.026Z] [debug] submitted: txHash=36ab01aca89cce175074d502f2c0b4c3151b41e157f9e75fe8a47e60731ffb4d intentHash=0x0139179d505db63832868bc86d441adfc8b4b76446dc519b968f17c5f13c4dd0
[2026-06-16T12:43:40.684Z] scanner-http: scanned 29135415..29135437 (0 log(s), head=29135443, finalized=29135437)
[2026-06-16T12:43:41.056Z] [debug] daemon: condition-filtered router=client_test_01_router_default reason="condition failed: field="${enrichment.fullIntent.Symbol}" operator="in" value=["SPYM","CRCL","TSLA","NVDA","IAU","PPLT","MSTR","AMZN","SIVR","COIN"] actual="ARS/USDT""
[2026-06-16T12:43:41.062Z] scanner-ws: delivered 1 log(s) (blocks 29135445..29135445)
[2026-06-16T12:43:41.254Z] scanner-http: scanned 29135438..29135440 (0 log(s), head=29135446, finalized=29135440)
[2026-06-16T12:43:41.717Z] scanner-http: scanned 29135441..29135441 (0 log(s), head=29135447, finalized=29135441)
[2026-06-16T12:43:52.776Z] scanner-http: scanned 29135442..29135460 (1 log(s), head=29135466, finalized=29135460)
[2026-06-16T12:43:53.227Z] scanner-http: scanned 29135461..29135461 (0 log(s), head=29135467, finalized=29135461)
[2026-06-16T12:43:56.132Z] [debug] Confirmed by Blockfrost: oracle update (TSLA, intentHash=0x0139179d505db63832868bc86d441adfc8b4b76446dc519b968f17c5f13c4dd0) 36ab01aca89cce175074d502f2c0b4c3151b41e157f9e75fe8a47e60731ffb4d.
[2026-06-16T12:43:58.413Z] [debug] daemon: condition-filtered router=client_test_01_router_default reason="condition failed: field="${enrichment.fullIntent.Symbol}" operator="in" value=["SPYM","CRCL","TSLA","NVDA","IAU","PPLT","MSTR","AMZN","SIVR","COIN"] actual="fairValue:spSEI""
[2026-06-16T12:43:58.419Z] scanner-ws: delivered 1 log(s) (blocks 29135474..29135474)
[2026-06-16T12:43:58.523Z] [debug] daemon: condition-filtered router=client_test_01_router_default reason="condition failed: field="${enrichment.fullIntent.Symbol}" operator="in" value=["SPYM","CRCL","TSLA","NVDA","IAU","PPLT","MSTR","AMZN","SIVR","COIN"] actual="usdValue:spSEI""
[2026-06-16T12:43:58.529Z] scanner-ws: delivered 1 log(s) (blocks 29135474..29135474)
[2026-06-16T12:43:58.535Z] [debug] daemon: condition-filtered router=client_test_01_router_default reason="condition failed: field="${enrichment.fullIntent.Symbol}" operator="in" value=["SPYM","CRCL","TSLA","NVDA","IAU","PPLT","MSTR","AMZN","SIVR","COIN"] actual="denominator:spSEI""
[2026-06-16T12:43:58.539Z] scanner-ws: delivered 1 log(s) (blocks 29135474..29135474)
[2026-06-16T12:43:58.542Z] [debug] daemon: condition-filtered router=client_test_01_router_default reason="condition failed: field="${enrichment.fullIntent.Symbol}" operator="in" value=["SPYM","CRCL","TSLA","NVDA","IAU","PPLT","MSTR","AMZN","SIVR","COIN"] actual="numerator:spSEI""
[2026-06-16T12:43:58.547Z] scanner-ws: delivered 1 log(s) (blocks 29135474..29135474)
[2026-06-16T12:43:58.550Z] [debug] daemon: condition-filtered router=client_test_01_router_default reason="condition failed: field="${enrichment.fullIntent.Symbol}" operator="in" value=["SPYM","CRCL","TSLA","NVDA","IAU","PPLT","MSTR","AMZN","SIVR","COIN"] actual="fairValue:hemiBTC""
[2026-06-16T12:43:58.554Z] scanner-ws: delivered 1 log(s) (blocks 29135474..29135474)
[2026-06-16T12:43:58.562Z] [debug] daemon: condition-filtered router=client_test_01_router_default reason="condition failed: field="${enrichment.fullIntent.Symbol}" operator="in" value=["SPYM","CRCL","TSLA","NVDA","IAU","PPLT","MSTR","AMZN","SIVR","COIN"] actual="numerator:hemiBTC""
[2026-06-16T12:43:58.568Z] scanner-ws: delivered 1 log(s) (blocks 29135474..29135474)
[2026-06-16T12:43:58.577Z] scanner-ws: delivered 1 log(s) (blocks 29135474..29135474)
[2026-06-16T12:43:58.581Z] [debug] daemon: condition-filtered router=client_test_01_router_default reason="condition failed: field="${enrichment.fullIntent.Symbol}" operator="in" value=["SPYM","CRCL","TSLA","NVDA","IAU","PPLT","MSTR","AMZN","SIVR","COIN"] actual="denominator:hemiBTC""
[2026-06-16T12:43:58.571Z] [debug] daemon: condition-filtered router=client_test_01_router_default reason="condition failed: field="${enrichment.fullIntent.Symbol}" operator="in" value=["SPYM","CRCL","TSLA","NVDA","IAU","PPLT","MSTR","AMZN","SIVR","COIN"] actual="usdValue:hemiBTC""
[2026-06-16T12:43:58.585Z] scanner-ws: delivered 1 log(s) (blocks 29135474..29135474)
[2026-06-16T12:44:02.897Z] [debug] confirmed: txHash=36ab01aca89cce175074d502f2c0b4c3151b41e157f9e75fe8a47e60731ffb4d receiverUnit=6ec4b5aa572382beb11bb8db28a87884d147afe4e2b3d8f5a7331a254449415f52454345495645525f434c49454e545f41
[2026-06-16T12:44:04.264Z] cron-service: resubmitting TSLA (router=client_test_01_router_default, confirmedAge=702s, ceiling=600s, intentHash=0x0139179d505db63832868bc86d441adfc8b4b76446dc519b968f17c5f13c4dd0).
[2026-06-16T12:44:04.347Z] scanner-http: scanned 29135462..29135480 (8 log(s), head=29135486, finalized=29135480)
[2026-06-16T12:44:04.792Z] scanner-http: scanned 29135481..29135482 (0 log(s), head=29135488, finalized=29135482)
[2026-06-16T12:44:05.631Z] [debug] [clients/client-test-01.json] confirmed: txHash=36ab01aca89cce175074d502f2c0b4c3151b41e157f9e75fe8a47e60731ffb4d intentHash=0x0139179d505db63832868bc86d441adfc8b4b76446dc519b968f17c5f13c4dd0 receiverUnit=6ec4b5aa572382beb11bb8db28a87884d147afe4e2b3d8f5a7331a254449415f52454345495645525f434c49454e545f41
[2026-06-16T12:44:05.646Z] [debug] [clients/client-test-01.json] submit: intentHash=0x0139179d505db63832868bc86d441adfc8b4b76446dc519b968f17c5f13c4dd0 symbol=TSLA
[2026-06-16T12:44:05.646Z] [debug] submitOracleUpdate: intentHash=0x0139179d505db63832868bc86d441adfc8b4b76446dc519b968f17c5f13c4dd0 symbol=TSLA
[2026-06-16T12:44:05.646Z] [debug] loading state: client=../state/mainnet_run_20260616-074413/clients/client-test-01.json protocol=../state/mainnet_run_20260616-074413/config-bootstrap.json
[2026-06-16T12:44:05.653Z] [debug] connecting to Cardano…
[2026-06-16T12:44:10.106Z] [debug] building oracle update tx for symbol=TSLA
[2026-06-16T12:44:10.108Z] [debug] [clients/client-test-01.json] submit failed: intentHash=0x0139179d505db63832868bc86d441adfc8b4b76446dc519b968f17c5f13c4dd0 code=NonMonotonicNonce error=Oracle intent timestamp must be greater than the current on-chain timestamp; intent superseded, not submitted.
[2026-06-16T12:44:10.115Z] [info] daemon: intent superseded (no tx) — code=NonMonotonicNonce intentHash=0x0139179d505db63832868bc86d441adfc8b4b76446dc519b968f17c5f13c4dd0 symbol=TSLA batchSize=1
[2026-06-16T12:44:15.565Z] scanner-http: scanned 29135483..29135500 (0 log(s), head=29135506, finalized=29135500)
[2026-06-16T12:44:19.706Z] [debug] daemon: condition-filtered router=client_test_01_router_default reason="condition failed: field="${enrichment.fullIntent.Symbol}" operator="in" value=["SPYM","CRCL","TSLA","NVDA","IAU","PPLT","MSTR","AMZN","SIVR","COIN"] actual="usdValue:spSEI""
[2026-06-16T12:44:19.714Z] scanner-ws: delivered 1 log(s) (blocks 29135513..29135513)
[2026-06-16T12:44:19.719Z] [debug] daemon: condition-filtered router=client_test_01_router_default reason="condition failed: field="${enrichment.fullIntent.Symbol}" operator="in" value=["SPYM","CRCL","TSLA","NVDA","IAU","PPLT","MSTR","AMZN","SIVR","COIN"] actual="fairValue:spSEI""
[2026-06-16T12:44:19.731Z] scanner-ws: delivered 1 log(s) (blocks 29135513..29135513)
[2026-06-16T12:44:19.788Z] [debug] daemon: condition-filtered router=client_test_01_router_default reason="condition failed: field="${enrichment.fullIntent.Symbol}" operator="in" value=["SPYM","CRCL","TSLA","NVDA","IAU","PPLT","MSTR","AMZN","SIVR","COIN"] actual="denominator:spSEI""
[2026-06-16T12:44:19.796Z] scanner-ws: delivered 1 log(s) (blocks 29135513..29135513)
[2026-06-16T12:44:19.801Z] [debug] daemon: condition-filtered router=client_test_01_router_default reason="condition failed: field="${enrichment.fullIntent.Symbol}" operator="in" value=["SPYM","CRCL","TSLA","NVDA","IAU","PPLT","MSTR","AMZN","SIVR","COIN"] actual="numerator:spSEI""
[2026-06-16T12:44:19.806Z] scanner-ws: delivered 1 log(s) (blocks 29135513..29135513)
[2026-06-16T12:44:19.815Z] [debug] daemon: condition-filtered router=client_test_01_router_default reason="condition failed: field="${enrichment.fullIntent.Symbol}" operator="in" value=["SPYM","CRCL","TSLA","NVDA","IAU","PPLT","MSTR","AMZN","SIVR","COIN"] actual="usdValue:hemiBTC""
[2026-06-16T12:44:19.823Z] scanner-ws: delivered 1 log(s) (blocks 29135513..29135513)
[2026-06-16T12:44:19.827Z] [debug] daemon: condition-filtered router=client_test_01_router_default reason="condition failed: field="${enrichment.fullIntent.Symbol}" operator="in" value=["SPYM","CRCL","TSLA","NVDA","IAU","PPLT","MSTR","AMZN","SIVR","COIN"] actual="denominator:hemiBTC""
[2026-06-16T12:44:19.835Z] scanner-ws: delivered 1 log(s) (blocks 29135513..29135513)
[2026-06-16T12:44:19.840Z] [debug] daemon: condition-filtered router=client_test_01_router_default reason="condition failed: field="${enrichment.fullIntent.Symbol}" operator="in" value=["SPYM","CRCL","TSLA","NVDA","IAU","PPLT","MSTR","AMZN","SIVR","COIN"] actual="numerator:hemiBTC""
[2026-06-16T12:44:19.851Z] scanner-ws: delivered 1 log(s) (blocks 29135513..29135513)
[2026-06-16T12:44:19.856Z] [debug] daemon: condition-filtered router=client_test_01_router_default reason="condition failed: field="${enrichment.fullIntent.Symbol}" operator="in" value=["SPYM","CRCL","TSLA","NVDA","IAU","PPLT","MSTR","AMZN","SIVR","COIN"] actual="fairValue:hemiBTC""
[2026-06-16T12:44:19.866Z] scanner-ws: delivered 1 log(s) (blocks 29135513..29135513)
[2026-06-16T12:44:26.661Z] scanner-http: scanned 29135501..29135519 (8 log(s), head=29135525, finalized=29135519)
[2026-06-16T12:44:27.114Z] scanner-http: scanned 29135520..29135520 (0 log(s), head=29135526, finalized=29135520)
[2026-06-16T12:44:37.992Z] scanner-http: scanned 29135521..29135536 (0 log(s), head=29135542, finalized=29135536)
[2026-06-16T12:44:41.041Z] [debug] daemon: condition-filtered router=client_test_01_router_default reason="condition failed: field="${enrichment.fullIntent.Symbol}" operator="in" value=["SPYM","CRCL","TSLA","NVDA","IAU","PPLT","MSTR","AMZN","SIVR","COIN"] actual="ARS/USDT""
[2026-06-16T12:44:41.048Z] scanner-ws: delivered 1 log(s) (blocks 29135548..29135548)
[2026-06-16T12:44:41.482Z] [debug] daemon: policy-filtered router=client_test_01_router_default dest=0
[2026-06-16T12:44:41.488Z] scanner-ws: delivered 1 log(s) (blocks 29135550..29135550)
[2026-06-16T12:44:48.965Z] scanner-http: scanned 29135537..29135558 (2 log(s), head=29135564, finalized=29135558)
[2026-06-16T12:44:49.407Z] scanner-http: scanned 29135559..29135561 (0 log(s), head=29135567, finalized=29135561)
[2026-06-16T12:44:49.850Z] scanner-http: scanned 29135562..29135562 (0 log(s), head=29135568, finalized=29135562)
[2026-06-16T12:44:50.286Z] scanner-http: scanned 29135563..29135563 (0 log(s), head=29135569, finalized=29135563)
[2026-06-16T12:44:58.406Z] [debug] daemon: condition-filtered router=client_test_01_router_default reason="condition failed: field="${enrichment.fullIntent.Symbol}" operator="in" value=["SPYM","CRCL","TSLA","NVDA","IAU","PPLT","MSTR","AMZN","SIVR","COIN"] actual="fairValue:spSEI""
[2026-06-16T12:44:58.412Z] scanner-ws: delivered 1 log(s) (blocks 29135585..29135585)
[2026-06-16T12:44:58.503Z] [debug] daemon: condition-filtered router=client_test_01_router_default reason="condition failed: field="${enrichment.fullIntent.Symbol}" operator="in" value=["SPYM","CRCL","TSLA","NVDA","IAU","PPLT","MSTR","AMZN","SIVR","COIN"] actual="numerator:hemiBTC""
[2026-06-16T12:44:58.511Z] scanner-ws: delivered 1 log(s) (blocks 29135585..29135585)
[2026-06-16T12:44:58.527Z] [debug] daemon: condition-filtered router=client_test_01_router_default reason="condition failed: field="${enrichment.fullIntent.Symbol}" operator="in" value=["SPYM","CRCL","TSLA","NVDA","IAU","PPLT","MSTR","AMZN","SIVR","COIN"] actual="usdValue:hemiBTC""
[2026-06-16T12:44:58.536Z] scanner-ws: delivered 1 log(s) (blocks 29135585..29135585)
[2026-06-16T12:44:58.541Z] [debug] daemon: condition-filtered router=client_test_01_router_default reason="condition failed: field="${enrichment.fullIntent.Symbol}" operator="in" value=["SPYM","CRCL","TSLA","NVDA","IAU","PPLT","MSTR","AMZN","SIVR","COIN"] actual="usdValue:spSEI""
[2026-06-16T12:44:58.547Z] scanner-ws: delivered 1 log(s) (blocks 29135585..29135585)
[2026-06-16T12:44:58.551Z] [debug] daemon: condition-filtered router=client_test_01_router_default reason="condition failed: field="${enrichment.fullIntent.Symbol}" operator="in" value=["SPYM","CRCL","TSLA","NVDA","IAU","PPLT","MSTR","AMZN","SIVR","COIN"] actual="denominator:spSEI""
[2026-06-16T12:44:58.556Z] scanner-ws: delivered 1 log(s) (blocks 29135585..29135585)
[2026-06-16T12:44:58.560Z] [debug] daemon: condition-filtered router=client_test_01_router_default reason="condition failed: field="${enrichment.fullIntent.Symbol}" operator="in" value=["SPYM","CRCL","TSLA","NVDA","IAU","PPLT","MSTR","AMZN","SIVR","COIN"] actual="fairValue:hemiBTC""
[2026-06-16T12:44:58.567Z] scanner-ws: delivered 1 log(s) (blocks 29135585..29135585)
[2026-06-16T12:44:58.573Z] [debug] daemon: condition-filtered router=client_test_01_router_default reason="condition failed: field="${enrichment.fullIntent.Symbol}" operator="in" value=["SPYM","CRCL","TSLA","NVDA","IAU","PPLT","MSTR","AMZN","SIVR","COIN"] actual="denominator:hemiBTC""
[2026-06-16T12:44:58.583Z] [debug] daemon: condition-filtered router=client_test_01_router_default reason="condition failed: field="${enrichment.fullIntent.Symbol}" operator="in" value=["SPYM","CRCL","TSLA","NVDA","IAU","PPLT","MSTR","AMZN","SIVR","COIN"] actual="numerator:spSEI""
[2026-06-16T12:44:58.590Z] scanner-ws: delivered 1 log(s) (blocks 29135585..29135585)
[2026-06-16T12:44:58.579Z] scanner-ws: delivered 1 log(s) (blocks 29135585..29135585)
[2026-06-16T12:45:01.292Z] scanner-http: scanned 29135564..29135585 (8 log(s), head=29135591, finalized=29135585)
[2026-06-16T12:45:01.814Z] scanner-http: scanned 29135586..29135586 (0 log(s), head=29135592, finalized=29135586)
[2026-06-16T12:45:02.260Z] scanner-http: scanned 29135587..29135587 (0 log(s), head=29135593, finalized=29135587)
[2026-06-16T12:45:13.163Z] scanner-http: scanned 29135588..29135603 (0 log(s), head=29135609, finalized=29135603)
[2026-06-16T12:45:13.614Z] scanner-http: scanned 29135604..29135605 (0 log(s), head=29135611, finalized=29135605)
[2026-06-16T12:45:14.653Z] [debug] daemon: condition-filtered router=client_test_01_router_default reason="condition failed: field="${enrichment.fullIntent.Symbol}" operator="in" value=["SPYM","CRCL","TSLA","NVDA","IAU","PPLT","MSTR","AMZN","SIVR","COIN"] actual="BMNR""
[2026-06-16T12:45:14.659Z] scanner-ws: delivered 1 log(s) (blocks 29135613..29135613)
[2026-06-16T12:45:20.234Z] [debug] daemon: condition-filtered router=client_test_01_router_default reason="condition failed: field="${enrichment.fullIntent.Symbol}" operator="in" value=["SPYM","CRCL","TSLA","NVDA","IAU","PPLT","MSTR","AMZN","SIVR","COIN"] actual="fairValue:spSEI""
[2026-06-16T12:45:20.239Z] scanner-ws: delivered 1 log(s) (blocks 29135626..29135626)
[2026-06-16T12:45:20.314Z] [debug] daemon: condition-filtered router=client_test_01_router_default reason="condition failed: field="${enrichment.fullIntent.Symbol}" operator="in" value=["SPYM","CRCL","TSLA","NVDA","IAU","PPLT","MSTR","AMZN","SIVR","COIN"] actual="denominator:hemiBTC""
[2026-06-16T12:45:20.319Z] scanner-ws: delivered 1 log(s) (blocks 29135626..29135626)
[2026-06-16T12:45:20.326Z] [debug] daemon: condition-filtered router=client_test_01_router_default reason="condition failed: field="${enrichment.fullIntent.Symbol}" operator="in" value=["SPYM","CRCL","TSLA","NVDA","IAU","PPLT","MSTR","AMZN","SIVR","COIN"] actual="numerator:hemiBTC""
[2026-06-16T12:45:20.331Z] scanner-ws: delivered 1 log(s) (blocks 29135626..29135626)
[2026-06-16T12:45:20.337Z] [debug] daemon: condition-filtered router=client_test_01_router_default reason="condition failed: field="${enrichment.fullIntent.Symbol}" operator="in" value=["SPYM","CRCL","TSLA","NVDA","IAU","PPLT","MSTR","AMZN","SIVR","COIN"] actual="numerator:spSEI""
[2026-06-16T12:45:20.343Z] scanner-ws: delivered 1 log(s) (blocks 29135626..29135626)
[2026-06-16T12:45:20.346Z] [debug] daemon: condition-filtered router=client_test_01_router_default reason="condition failed: field="${enrichment.fullIntent.Symbol}" operator="in" value=["SPYM","CRCL","TSLA","NVDA","IAU","PPLT","MSTR","AMZN","SIVR","COIN"] actual="usdValue:spSEI""
[2026-06-16T12:45:20.350Z] scanner-ws: delivered 1 log(s) (blocks 29135626..29135626)
[2026-06-16T12:45:20.354Z] [debug] daemon: condition-filtered router=client_test_01_router_default reason="condition failed: field="${enrichment.fullIntent.Symbol}" operator="in" value=["SPYM","CRCL","TSLA","NVDA","IAU","PPLT","MSTR","AMZN","SIVR","COIN"] actual="denominator:spSEI""
[2026-06-16T12:45:20.358Z] scanner-ws: delivered 1 log(s) (blocks 29135626..29135626)
[2026-06-16T12:45:20.366Z] [debug] daemon: condition-filtered router=client_test_01_router_default reason="condition failed: field="${enrichment.fullIntent.Symbol}" operator="in" value=["SPYM","CRCL","TSLA","NVDA","IAU","PPLT","MSTR","AMZN","SIVR","COIN"] actual="usdValue:hemiBTC""
[2026-06-16T12:45:20.379Z] scanner-ws: delivered 1 log(s) (blocks 29135626..29135626)
[2026-06-16T12:45:20.406Z] scanner-ws: delivered 1 log(s) (blocks 29135626..29135626)
[2026-06-16T12:45:20.393Z] [debug] daemon: condition-filtered router=client_test_01_router_default reason="condition failed: field="${enrichment.fullIntent.Symbol}" operator="in" value=["SPYM","CRCL","TSLA","NVDA","IAU","PPLT","MSTR","AMZN","SIVR","COIN"] actual="fairValue:hemiBTC""
[2026-06-16T12:45:24.406Z] scanner-http: scanned 29135606..29135626 (9 log(s), head=29135632, finalized=29135626)
[2026-06-16T12:45:24.842Z] scanner-http: scanned 29135627..29135628 (0 log(s), head=29135634, finalized=29135628)
[2026-06-16T12:45:25.278Z] scanner-http: scanned 29135629..29135629 (0 log(s), head=29135635, finalized=29135629)
[2026-06-16T12:45:25.713Z] scanner-http: scanned 29135630..29135630 (0 log(s), head=29135636, finalized=29135630)
[2026-06-16T12:45:36.604Z] scanner-http: scanned 29135631..29135643 (0 log(s), head=29135649, finalized=29135643)
[2026-06-16T12:45:40.143Z] [debug] daemon: policy-filtered router=client_test_01_router_default dest=0
[2026-06-16T12:45:40.150Z] scanner-ws: delivered 1 log(s) (blocks 29135656..29135656)
[2026-06-16T12:45:41.040Z] [debug] daemon: condition-filtered router=client_test_01_router_default reason="condition failed: field="${enrichment.fullIntent.Symbol}" operator="in" value=["SPYM","CRCL","TSLA","NVDA","IAU","PPLT","MSTR","AMZN","SIVR","COIN"] actual="ARS/USDT""
[2026-06-16T12:45:41.048Z] scanner-ws: delivered 1 log(s) (blocks 29135658..29135658)
[2026-06-16T12:45:42.315Z] [debug] daemon: policy-filtered router=client_test_01_router_default dest=0
[2026-06-16T12:45:42.323Z] scanner-ws: delivered 1 log(s) (blocks 29135660..29135660)
[2026-06-16T12:45:47.700Z] scanner-http: scanned 29135644..29135664 (3 log(s), head=29135670, finalized=29135664)
[2026-06-16T12:45:48.149Z] scanner-http: scanned 29135665..29135666 (0 log(s), head=29135672, finalized=29135666)
[2026-06-16T12:45:48.595Z] scanner-http: scanned 29135667..29135667 (0 log(s), head=29135673, finalized=29135667)
[2026-06-16T12:45:49.040Z] scanner-http: scanned 29135668..29135668 (0 log(s), head=29135674, finalized=29135668)
[2026-06-16T12:45:52.507Z] [debug] daemon: policy-filtered router=client_test_01_router_default dest=0
[2026-06-16T12:45:52.515Z] scanner-ws: delivered 1 log(s) (blocks 29135679..29135679)
[2026-06-16T12:45:58.990Z] [debug] daemon: condition-filtered router=client_test_01_router_default reason="condition failed: field="${enrichment.fullIntent.Symbol}" operator="in" value=["SPYM","CRCL","TSLA","NVDA","IAU","PPLT","MSTR","AMZN","SIVR","COIN"] actual="fairValue:spSEI""
[2026-06-16T12:45:58.998Z] scanner-ws: delivered 1 log(s) (blocks 29135688..29135688)
[2026-06-16T12:45:59.096Z] [debug] daemon: condition-filtered router=client_test_01_router_default reason="condition failed: field="${enrichment.fullIntent.Symbol}" operator="in" value=["SPYM","CRCL","TSLA","NVDA","IAU","PPLT","MSTR","AMZN","SIVR","COIN"] actual="numerator:spSEI""
[2026-06-16T12:45:59.104Z] scanner-ws: delivered 1 log(s) (blocks 29135688..29135688)
[2026-06-16T12:45:59.113Z] [debug] daemon: condition-filtered router=client_test_01_router_default reason="condition failed: field="${enrichment.fullIntent.Symbol}" operator="in" value=["SPYM","CRCL","TSLA","NVDA","IAU","PPLT","MSTR","AMZN","SIVR","COIN"] actual="denominator:hemiBTC""
[2026-06-16T12:45:59.121Z] scanner-ws: delivered 1 log(s) (blocks 29135688..29135688)
[2026-06-16T12:45:59.125Z] [debug] daemon: condition-filtered router=client_test_01_router_default reason="condition failed: field="${enrichment.fullIntent.Symbol}" operator="in" value=["SPYM","CRCL","TSLA","NVDA","IAU","PPLT","MSTR","AMZN","SIVR","COIN"] actual="usdValue:spSEI""
[2026-06-16T12:45:59.132Z] scanner-ws: delivered 1 log(s) (blocks 29135688..29135688)
[2026-06-16T12:45:59.136Z] [debug] daemon: condition-filtered router=client_test_01_router_default reason="condition failed: field="${enrichment.fullIntent.Symbol}" operator="in" value=["SPYM","CRCL","TSLA","NVDA","IAU","PPLT","MSTR","AMZN","SIVR","COIN"] actual="fairValue:hemiBTC""
[2026-06-16T12:45:59.143Z] scanner-ws: delivered 1 log(s) (blocks 29135688..29135688)
[2026-06-16T12:45:59.151Z] [debug] daemon: condition-filtered router=client_test_01_router_default reason="condition failed: field="${enrichment.fullIntent.Symbol}" operator="in" value=["SPYM","CRCL","TSLA","NVDA","IAU","PPLT","MSTR","AMZN","SIVR","COIN"] actual="numerator:hemiBTC""
[2026-06-16T12:45:59.160Z] scanner-ws: delivered 1 log(s) (blocks 29135688..29135688)
[2026-06-16T12:45:59.169Z] [debug] daemon: condition-filtered router=client_test_01_router_default reason="condition failed: field="${enrichment.fullIntent.Symbol}" operator="in" value=["SPYM","CRCL","TSLA","NVDA","IAU","PPLT","MSTR","AMZN","SIVR","COIN"] actual="denominator:spSEI""
[2026-06-16T12:45:59.181Z] [debug] daemon: condition-filtered router=client_test_01_router_default reason="condition failed: field="${enrichment.fullIntent.Symbol}" operator="in" value=["SPYM","CRCL","TSLA","NVDA","IAU","PPLT","MSTR","AMZN","SIVR","COIN"] actual="usdValue:hemiBTC""
[2026-06-16T12:45:59.176Z] scanner-ws: delivered 1 log(s) (blocks 29135688..29135688)
[2026-06-16T12:45:59.189Z] scanner-ws: delivered 1 log(s) (blocks 29135688..29135688)
[2026-06-16T12:45:59.942Z] scanner-http: scanned 29135669..29135686 (1 log(s), head=29135692, finalized=29135686)
[2026-06-16T12:46:00.673Z] scanner-http: scanned 29135687..29135688 (8 log(s), head=29135694, finalized=29135688)
[2026-06-16T12:46:01.151Z] scanner-http: scanned 29135689..29135689 (0 log(s), head=29135695, finalized=29135689)
[2026-06-16T12:46:12.051Z] scanner-http: scanned 29135690..29135708 (0 log(s), head=29135714, finalized=29135708)
[2026-06-16T12:46:20.005Z] [debug] daemon: condition-filtered router=client_test_01_router_default reason="condition failed: field="${enrichment.fullIntent.Symbol}" operator="in" value=["SPYM","CRCL","TSLA","NVDA","IAU","PPLT","MSTR","AMZN","SIVR","COIN"] actual="fairValue:spSEI""
[2026-06-16T12:46:20.011Z] scanner-ws: delivered 1 log(s) (blocks 29135729..29135729)
[2026-06-16T12:46:20.111Z] [debug] daemon: condition-filtered router=client_test_01_router_default reason="condition failed: field="${enrichment.fullIntent.Symbol}" operator="in" value=["SPYM","CRCL","TSLA","NVDA","IAU","PPLT","MSTR","AMZN","SIVR","COIN"] actual="denominator:spSEI""
[2026-06-16T12:46:20.117Z] scanner-ws: delivered 1 log(s) (blocks 29135729..29135729)
[2026-06-16T12:46:20.120Z] [debug] daemon: condition-filtered router=client_test_01_router_default reason="condition failed: field="${enrichment.fullIntent.Symbol}" operator="in" value=["SPYM","CRCL","TSLA","NVDA","IAU","PPLT","MSTR","AMZN","SIVR","COIN"] actual="usdValue:spSEI""
[2026-06-16T12:46:20.126Z] scanner-ws: delivered 1 log(s) (blocks 29135729..29135729)
[2026-06-16T12:46:20.132Z] [debug] daemon: condition-filtered router=client_test_01_router_default reason="condition failed: field="${enrichment.fullIntent.Symbol}" operator="in" value=["SPYM","CRCL","TSLA","NVDA","IAU","PPLT","MSTR","AMZN","SIVR","COIN"] actual="numerator:spSEI""
[2026-06-16T12:46:20.136Z] scanner-ws: delivered 1 log(s) (blocks 29135729..29135729)
[2026-06-16T12:46:20.162Z] [debug] daemon: condition-filtered router=client_test_01_router_default reason="condition failed: field="${enrichment.fullIntent.Symbol}" operator="in" value=["SPYM","CRCL","TSLA","NVDA","IAU","PPLT","MSTR","AMZN","SIVR","COIN"] actual="numerator:hemiBTC""
[2026-06-16T12:46:20.168Z] scanner-ws: delivered 1 log(s) (blocks 29135729..29135729)
[2026-06-16T12:46:20.211Z] [debug] daemon: condition-filtered router=client_test_01_router_default reason="condition failed: field="${enrichment.fullIntent.Symbol}" operator="in" value=["SPYM","CRCL","TSLA","NVDA","IAU","PPLT","MSTR","AMZN","SIVR","COIN"] actual="usdValue:hemiBTC""
[2026-06-16T12:46:20.215Z] scanner-ws: delivered 1 log(s) (blocks 29135729..29135729)
[2026-06-16T12:46:20.248Z] [debug] daemon: condition-filtered router=client_test_01_router_default reason="condition failed: field="${enrichment.fullIntent.Symbol}" operator="in" value=["SPYM","CRCL","TSLA","NVDA","IAU","PPLT","MSTR","AMZN","SIVR","COIN"] actual="denominator:hemiBTC""
[2026-06-16T12:46:20.252Z] scanner-ws: delivered 1 log(s) (blocks 29135729..29135729)
[2026-06-16T12:46:20.376Z] [debug] daemon: condition-filtered router=client_test_01_router_default reason="condition failed: field="${enrichment.fullIntent.Symbol}" operator="in" value=["SPYM","CRCL","TSLA","NVDA","IAU","PPLT","MSTR","AMZN","SIVR","COIN"] actual="fairValue:hemiBTC""
[2026-06-16T12:46:20.380Z] scanner-ws: delivered 1 log(s) (blocks 29135729..29135729)
[2026-06-16T12:46:22.631Z] scanner-http: scanned 29135709..29135728 (0 log(s), head=29135734, finalized=29135728)
[2026-06-16T12:46:25.180Z] scanner-ws: delivered 1 log(s) (blocks 29135738..29135738)
[2026-06-16T12:46:26.756Z] scanner-ws: delivered 1 log(s) (blocks 29135741..29135741)
[2026-06-16T12:46:27.762Z] scanner-ws: delivered 1 log(s) (blocks 29135743..29135743)
[2026-06-16T12:46:28.798Z] scanner-ws: delivered 1 log(s) (blocks 29135746..29135746)
[2026-06-16T12:46:32.133Z] [debug] daemon: condition-filtered router=client_test_01_router_default reason="condition failed: field="${enrichment.fullIntent.Symbol}" operator="in" value=["SPYM","CRCL","TSLA","NVDA","IAU","PPLT","MSTR","AMZN","SIVR","COIN"] actual="IBHG""
[2026-06-16T12:46:32.139Z] scanner-ws: delivered 1 log(s) (blocks 29135751..29135751)
[2026-06-16T12:46:33.912Z] cron-service: resubmitting SPYM (router=client_test_01_router_default, confirmedAge=1472s, ceiling=600s, intentHash=0x1206861ce1ed2f0d1ff776057b86f18042296e5ae5289968ec2117d6b333c078).
[2026-06-16T12:46:33.920Z] cron-service: resubmitting PPLT (router=client_test_01_router_default, confirmedAge=1472s, ceiling=600s, intentHash=0x70ce4891daff502bef5bac27af78c12004f9a4629aa173c13fac3b6bd9dc97f6).
[2026-06-16T12:46:33.928Z] cron-service: resubmitting SIVR (router=client_test_01_router_default, confirmedAge=1472s, ceiling=600s, intentHash=0x8d84da4fc73dfdc1bc41b2690212d1a28be23f6f37fb45012d8fa8b25129b73d).
[2026-06-16T12:46:33.932Z] cron-service: resubmitting COIN (router=client_test_01_router_default, confirmedAge=1472s, ceiling=600s, intentHash=0x10729e5a5e7dd7e29f39afe8760e098f607a7f30a6e01e7433779bc45aa2ce26).
[2026-06-16T12:46:34.060Z] scanner-http: scanned 29135729..29135747 (12 log(s), head=29135753, finalized=29135747)
[2026-06-16T12:46:34.550Z] scanner-http: scanned 29135748..29135748 (0 log(s), head=29135754, finalized=29135748)
[2026-06-16T12:46:35.020Z] scanner-http: scanned 29135749..29135750 (0 log(s), head=29135756, finalized=29135750)
[2026-06-16T12:46:35.717Z] scanner-http: scanned 29135751..29135751 (1 log(s), head=29135757, finalized=29135751)
[2026-06-16T12:46:36.196Z] scanner-http: scanned 29135752..29135752 (0 log(s), head=29135758, finalized=29135752)
[2026-06-16T12:46:38.811Z] [debug] daemon: condition-filtered router=client_test_01_router_default reason="condition failed: field="${enrichment.fullIntent.Symbol}" operator="in" value=["SPYM","CRCL","TSLA","NVDA","IAU","PPLT","MSTR","AMZN","SIVR","COIN"] actual="BMNR""
[2026-06-16T12:46:38.816Z] scanner-ws: delivered 1 log(s) (blocks 29135761..29135761)
[2026-06-16T12:46:41.048Z] [debug] daemon: condition-filtered router=client_test_01_router_default reason="condition failed: field="${enrichment.fullIntent.Symbol}" operator="in" value=["SPYM","CRCL","TSLA","NVDA","IAU","PPLT","MSTR","AMZN","SIVR","COIN"] actual="ARS/USDT""
[2026-06-16T12:46:41.052Z] scanner-ws: delivered 1 log(s) (blocks 29135767..29135767)
[2026-06-16T12:46:47.470Z] scanner-http: scanned 29135753..29135773 (2 log(s), head=29135779, finalized=29135773)
[2026-06-16T12:46:47.972Z] scanner-http: scanned 29135774..29135774 (0 log(s), head=29135780, finalized=29135774)
[2026-06-16T12:46:55.083Z] [debug] [clients/client-test-01.json] submitBatch: intents=4 symbols=COIN,SPYM,SIVR,PPLT
[2026-06-16T12:46:55.083Z] [debug] submitOracleUpdateBatch: intents=4 symbols=COIN, SPYM, SIVR, PPLT
[2026-06-16T12:46:58.438Z] [debug] daemon: condition-filtered router=client_test_01_router_default reason="condition failed: field="${enrichment.fullIntent.Symbol}" operator="in" value=["SPYM","CRCL","TSLA","NVDA","IAU","PPLT","MSTR","AMZN","SIVR","COIN"] actual="fairValue:spSEI""
[2026-06-16T12:46:58.445Z] scanner-ws: delivered 1 log(s) (blocks 29135795..29135795)
[2026-06-16T12:46:58.543Z] [debug] daemon: condition-filtered router=client_test_01_router_default reason="condition failed: field="${enrichment.fullIntent.Symbol}" operator="in" value=["SPYM","CRCL","TSLA","NVDA","IAU","PPLT","MSTR","AMZN","SIVR","COIN"] actual="usdValue:spSEI""
[2026-06-16T12:46:58.551Z] scanner-ws: delivered 1 log(s) (blocks 29135795..29135795)
[2026-06-16T12:46:58.555Z] [debug] daemon: condition-filtered router=client_test_01_router_default reason="condition failed: field="${enrichment.fullIntent.Symbol}" operator="in" value=["SPYM","CRCL","TSLA","NVDA","IAU","PPLT","MSTR","AMZN","SIVR","COIN"] actual="usdValue:hemiBTC""
[2026-06-16T12:46:58.560Z] scanner-ws: delivered 1 log(s) (blocks 29135795..29135795)
[2026-06-16T12:46:58.564Z] [debug] daemon: condition-filtered router=client_test_01_router_default reason="condition failed: field="${enrichment.fullIntent.Symbol}" operator="in" value=["SPYM","CRCL","TSLA","NVDA","IAU","PPLT","MSTR","AMZN","SIVR","COIN"] actual="denominator:hemiBTC""
[2026-06-16T12:46:58.571Z] scanner-ws: delivered 1 log(s) (blocks 29135795..29135795)
[2026-06-16T12:46:58.577Z] [debug] daemon: condition-filtered router=client_test_01_router_default reason="condition failed: field="${enrichment.fullIntent.Symbol}" operator="in" value=["SPYM","CRCL","TSLA","NVDA","IAU","PPLT","MSTR","AMZN","SIVR","COIN"] actual="numerator:hemiBTC""
[2026-06-16T12:46:58.581Z] scanner-ws: delivered 1 log(s) (blocks 29135795..29135795)
[2026-06-16T12:46:58.588Z] [debug] daemon: condition-filtered router=client_test_01_router_default reason="condition failed: field="${enrichment.fullIntent.Symbol}" operator="in" value=["SPYM","CRCL","TSLA","NVDA","IAU","PPLT","MSTR","AMZN","SIVR","COIN"] actual="fairValue:hemiBTC""
[2026-06-16T12:46:58.592Z] scanner-ws: delivered 1 log(s) (blocks 29135795..29135795)
[2026-06-16T12:46:58.597Z] [debug] daemon: condition-filtered router=client_test_01_router_default reason="condition failed: field="${enrichment.fullIntent.Symbol}" operator="in" value=["SPYM","CRCL","TSLA","NVDA","IAU","PPLT","MSTR","AMZN","SIVR","COIN"] actual="numerator:spSEI""
[2026-06-16T12:46:58.603Z] scanner-ws: delivered 1 log(s) (blocks 29135795..29135795)
[2026-06-16T12:46:58.609Z] scanner-ws: delivered 1 log(s) (blocks 29135795..29135795)
[2026-06-16T12:46:58.605Z] [debug] daemon: condition-filtered router=client_test_01_router_default reason="condition failed: field="${enrichment.fullIntent.Symbol}" operator="in" value=["SPYM","CRCL","TSLA","NVDA","IAU","PPLT","MSTR","AMZN","SIVR","COIN"] actual="denominator:spSEI""
[2026-06-16T12:46:58.807Z] scanner-http: scanned 29135775..29135790 (0 log(s), head=29135796, finalized=29135790)
[2026-06-16T12:46:59.287Z] scanner-http: scanned 29135791..29135792 (0 log(s), head=29135798, finalized=29135792)
[2026-06-16T12:46:59.760Z] scanner-http: scanned 29135793..29135793 (0 log(s), head=29135799, finalized=29135793)
[2026-06-16T12:47:00.235Z] scanner-http: scanned 29135794..29135794 (0 log(s), head=29135800, finalized=29135794)
[2026-06-16T12:47:03.844Z] cron-service: resubmitting SPYM (router=client_test_01_router_default, confirmedAge=1502s, ceiling=600s, intentHash=0x1206861ce1ed2f0d1ff776057b86f18042296e5ae5289968ec2117d6b333c078).
[2026-06-16T12:47:03.856Z] cron-service: resubmitting PPLT (router=client_test_01_router_default, confirmedAge=1502s, ceiling=600s, intentHash=0x70ce4891daff502bef5bac27af78c12004f9a4629aa173c13fac3b6bd9dc97f6).
[2026-06-16T12:47:03.865Z] cron-service: resubmitting SIVR (router=client_test_01_router_default, confirmedAge=1502s, ceiling=600s, intentHash=0x8d84da4fc73dfdc1bc41b2690212d1a28be23f6f37fb45012d8fa8b25129b73d).
[2026-06-16T12:47:03.868Z] cron-service: resubmitting COIN (router=client_test_01_router_default, confirmedAge=1502s, ceiling=600s, intentHash=0x10729e5a5e7dd7e29f39afe8760e098f607a7f30a6e01e7433779bc45aa2ce26).
[2026-06-16T12:47:11.391Z] scanner-http: scanned 29135795..29135810 (8 log(s), head=29135816, finalized=29135810)
[2026-06-16T12:47:11.848Z] scanner-http: scanned 29135811..29135812 (0 log(s), head=29135818, finalized=29135812)
[2026-06-16T12:47:12.334Z] scanner-http: scanned 29135813..29135813 (0 log(s), head=29135819, finalized=29135813)
[2026-06-16T12:47:12.821Z] scanner-http: scanned 29135814..29135814 (0 log(s), head=29135820, finalized=29135814)
[2026-06-16T12:47:19.993Z] [debug] daemon: condition-filtered router=client_test_01_router_default reason="condition failed: field="${enrichment.fullIntent.Symbol}" operator="in" value=["SPYM","CRCL","TSLA","NVDA","IAU","PPLT","MSTR","AMZN","SIVR","COIN"] actual="fairValue:spSEI""
[2026-06-16T12:47:19.999Z] scanner-ws: delivered 1 log(s) (blocks 29135834..29135834)
[2026-06-16T12:47:20.075Z] [debug] daemon: condition-filtered router=client_test_01_router_default reason="condition failed: field="${enrichment.fullIntent.Symbol}" operator="in" value=["SPYM","CRCL","TSLA","NVDA","IAU","PPLT","MSTR","AMZN","SIVR","COIN"] actual="numerator:spSEI""
[2026-06-16T12:47:20.082Z] scanner-ws: delivered 1 log(s) (blocks 29135834..29135834)
[2026-06-16T12:47:20.094Z] scanner-ws: delivered 1 log(s) (blocks 29135834..29135834)
[2026-06-16T12:47:20.088Z] [debug] daemon: condition-filtered router=client_test_01_router_default reason="condition failed: field="${enrichment.fullIntent.Symbol}" operator="in" value=["SPYM","CRCL","TSLA","NVDA","IAU","PPLT","MSTR","AMZN","SIVR","COIN"] actual="numerator:hemiBTC""
[2026-06-16T12:47:20.097Z] [debug] daemon: condition-filtered router=client_test_01_router_default reason="condition failed: field="${enrichment.fullIntent.Symbol}" operator="in" value=["SPYM","CRCL","TSLA","NVDA","IAU","PPLT","MSTR","AMZN","SIVR","COIN"] actual="usdValue:spSEI""
[2026-06-16T12:47:20.105Z] [debug] daemon: condition-filtered router=client_test_01_router_default reason="condition failed: field="${enrichment.fullIntent.Symbol}" operator="in" value=["SPYM","CRCL","TSLA","NVDA","IAU","PPLT","MSTR","AMZN","SIVR","COIN"] actual="denominator:spSEI""
[2026-06-16T12:47:20.110Z] scanner-ws: delivered 1 log(s) (blocks 29135834..29135834)
[2026-06-16T12:47:20.102Z] scanner-ws: delivered 1 log(s) (blocks 29135834..29135834)
[2026-06-16T12:47:20.118Z] [debug] daemon: condition-filtered router=client_test_01_router_default reason="condition failed: field="${enrichment.fullIntent.Symbol}" operator="in" value=["SPYM","CRCL","TSLA","NVDA","IAU","PPLT","MSTR","AMZN","SIVR","COIN"] actual="usdValue:hemiBTC""
[2026-06-16T12:47:20.125Z] scanner-ws: delivered 1 log(s) (blocks 29135834..29135834)
[2026-06-16T12:47:20.132Z] [debug] daemon: condition-filtered router=client_test_01_router_default reason="condition failed: field="${enrichment.fullIntent.Symbol}" operator="in" value=["SPYM","CRCL","TSLA","NVDA","IAU","PPLT","MSTR","AMZN","SIVR","COIN"] actual="fairValue:hemiBTC""
[2026-06-16T12:47:20.138Z] scanner-ws: delivered 1 log(s) (blocks 29135834..29135834)
[2026-06-16T12:47:20.141Z] [debug] daemon: condition-filtered router=client_test_01_router_default reason="condition failed: field="${enrichment.fullIntent.Symbol}" operator="in" value=["SPYM","CRCL","TSLA","NVDA","IAU","PPLT","MSTR","AMZN","SIVR","COIN"] actual="denominator:hemiBTC""
[2026-06-16T12:47:20.149Z] scanner-ws: delivered 1 log(s) (blocks 29135834..29135834)
[2026-06-16T12:47:23.661Z] scanner-http: scanned 29135815..29135834 (8 log(s), head=29135840, finalized=29135834)
[2026-06-16T12:47:24.111Z] scanner-http: scanned 29135835..29135835 (0 log(s), head=29135841, finalized=29135835)
[2026-06-16T12:47:24.565Z] scanner-http: scanned 29135836..29135836 (0 log(s), head=29135842, finalized=29135836)
[2026-06-16T12:47:25.038Z] scanner-http: scanned 29135837..29135838 (0 log(s), head=29135844, finalized=29135838)
[2026-06-16T12:47:29.514Z] [debug] daemon: condition-filtered router=client_test_01_router_default reason="condition failed: field="${enrichment.fullIntent.Symbol}" operator="in" value=["SPYM","CRCL","TSLA","NVDA","IAU","PPLT","MSTR","AMZN","SIVR","COIN"] actual="BMNR""
[2026-06-16T12:47:29.522Z] scanner-ws: delivered 1 log(s) (blocks 29135851..29135851)
[2026-06-16T12:47:31.713Z] [debug] Confirmed by Blockfrost: oracle update batch (COIN, SPYM, SIVR, PPLT) 4a5108bbde9a42c5d3329d209ec9839b153685532d3c4a357a6844bf9d0de1d1.
[2026-06-16T12:47:33.786Z] cron-service: resubmitting SPYM (router=client_test_01_router_default, confirmedAge=1532s, ceiling=600s, intentHash=0x1206861ce1ed2f0d1ff776057b86f18042296e5ae5289968ec2117d6b333c078).
[2026-06-16T12:47:33.830Z] cron-service: resubmitting PPLT (router=client_test_01_router_default, confirmedAge=1532s, ceiling=600s, intentHash=0x70ce4891daff502bef5bac27af78c12004f9a4629aa173c13fac3b6bd9dc97f6).
[2026-06-16T12:47:33.890Z] cron-service: resubmitting SIVR (router=client_test_01_router_default, confirmedAge=1532s, ceiling=600s, intentHash=0x8d84da4fc73dfdc1bc41b2690212d1a28be23f6f37fb45012d8fa8b25129b73d).
[2026-06-16T12:47:33.931Z] cron-service: resubmitting COIN (router=client_test_01_router_default, confirmedAge=1532s, ceiling=600s, intentHash=0x10729e5a5e7dd7e29f39afe8760e098f607a7f30a6e01e7433779bc45aa2ce26).
[2026-06-16T12:47:36.272Z] scanner-http: scanned 29135839..29135858 (1 log(s), head=29135864, finalized=29135858)
[2026-06-16T12:47:36.745Z] scanner-http: scanned 29135859..29135859 (0 log(s), head=29135865, finalized=29135859)
[2026-06-16T12:47:37.237Z] scanner-http: scanned 29135860..29135860 (0 log(s), head=29135866, finalized=29135860)
[2026-06-16T12:47:37.758Z] scanner-http: scanned 29135861..29135861 (0 log(s), head=29135867, finalized=29135861)
[2026-06-16T12:47:38.231Z] scanner-http: scanned 29135862..29135862 (0 log(s), head=29135868, finalized=29135862)
[2026-06-16T12:47:41.090Z] [debug] daemon: condition-filtered router=client_test_01_router_default reason="condition failed: field="${enrichment.fullIntent.Symbol}" operator="in" value=["SPYM","CRCL","TSLA","NVDA","IAU","PPLT","MSTR","AMZN","SIVR","COIN"] actual="ARS/USDT""
[2026-06-16T12:47:41.094Z] scanner-ws: delivered 1 log(s) (blocks 29135873..29135873)
[2026-06-16T12:47:41.519Z] [debug] [clients/client-test-01.json] batch confirmed: txHash=4a5108bbde9a42c5d3329d209ec9839b153685532d3c4a357a6844bf9d0de1d1 built=4 skipped=0 receiverUnit=6ec4b5aa572382beb11bb8db28a87884d147afe4e2b3d8f5a7331a254449415f52454345495645525f434c49454e545f41 members=COIN:update,SPYM:update,SIVR:update,PPLT:update
[2026-06-16T12:47:41.592Z] [debug] [clients/client-test-01.json] submitBatch: intents=4 symbols=SPYM,PPLT,SIVR,COIN
[2026-06-16T12:47:41.592Z] [debug] submitOracleUpdateBatch: intents=4 symbols=SPYM, PPLT, SIVR, COIN
[2026-06-16T12:47:43.929Z] [debug] submitOracleUpdateBatch: skipping SPYM — intent (ts=1781613985, nonce=1781609473717109832) does not beat on-chain (ts=1781613985, nonce=1781609473717109832); superseded.
[2026-06-16T12:47:44.836Z] [debug] submitOracleUpdateBatch: skipping PPLT — intent (ts=1781613987, nonce=1781609473717109834) does not beat on-chain (ts=1781613987, nonce=1781609473717109834); superseded.
[2026-06-16T12:47:45.738Z] [debug] submitOracleUpdateBatch: skipping SIVR — intent (ts=1781613986, nonce=1781609473717109833) does not beat on-chain (ts=1781613986, nonce=1781609473717109833); superseded.
[2026-06-16T12:47:46.639Z] [debug] submitOracleUpdateBatch: skipping COIN — intent (ts=1781613983, nonce=1781609473717109831) does not beat on-chain (ts=1781613983, nonce=1781609473717109831); superseded.
[2026-06-16T12:47:46.639Z] [debug] submitOracleUpdateBatch: all 4 candidate(s) superseded on chain; no tx submitted.
[2026-06-16T12:47:46.639Z] [debug] [clients/client-test-01.json] batch: all 4 intent(s) superseded on chain; no tx submitted.
[2026-06-16T12:47:46.648Z] [info] daemon: intent superseded (no tx) — code=NonMonotonicNonce intentHash=0x1206861ce1ed2f0d1ff776057b86f18042296e5ae5289968ec2117d6b333c078 symbol=SPYM batchSize=1
[2026-06-16T12:47:46.655Z] [info] daemon: intent superseded (no tx) — code=NonMonotonicNonce intentHash=0x70ce4891daff502bef5bac27af78c12004f9a4629aa173c13fac3b6bd9dc97f6 symbol=PPLT batchSize=1
[2026-06-16T12:47:46.663Z] [info] daemon: intent superseded (no tx) — code=NonMonotonicNonce intentHash=0x8d84da4fc73dfdc1bc41b2690212d1a28be23f6f37fb45012d8fa8b25129b73d symbol=SIVR batchSize=1
[2026-06-16T12:47:46.669Z] [info] daemon: intent superseded (no tx) — code=NonMonotonicNonce intentHash=0x10729e5a5e7dd7e29f39afe8760e098f607a7f30a6e01e7433779bc45aa2ce26 symbol=COIN batchSize=1
[2026-06-16T12:47:46.826Z] scanner-ws: delivered 1 log(s) (blocks 29135882..29135882)
[2026-06-16T12:47:48.463Z] [debug] daemon: condition-filtered router=client_test_01_router_default reason="condition failed: field="${enrichment.fullIntent.Symbol}" operator="in" value=["SPYM","CRCL","TSLA","NVDA","IAU","PPLT","MSTR","AMZN","SIVR","COIN"] actual="BMNR""
[2026-06-16T12:47:48.471Z] scanner-ws: delivered 1 log(s) (blocks 29135887..29135887)
[2026-06-16T12:47:49.130Z] scanner-http: scanned 29135863..29135882 (2 log(s), head=29135888, finalized=29135882)
[2026-06-16T12:47:58.434Z] [debug] daemon: condition-filtered router=client_test_01_router_default reason="condition failed: field="${enrichment.fullIntent.Symbol}" operator="in" value=["SPYM","CRCL","TSLA","NVDA","IAU","PPLT","MSTR","AMZN","SIVR","COIN"] actual="fairValue:spSEI""
[2026-06-16T12:47:58.441Z] scanner-ws: delivered 1 log(s) (blocks 29135900..29135900)
[2026-06-16T12:47:58.535Z] [debug] daemon: condition-filtered router=client_test_01_router_default reason="condition failed: field="${enrichment.fullIntent.Symbol}" operator="in" value=["SPYM","CRCL","TSLA","NVDA","IAU","PPLT","MSTR","AMZN","SIVR","COIN"] actual="usdValue:spSEI""
[2026-06-16T12:47:58.542Z] scanner-ws: delivered 1 log(s) (blocks 29135900..29135900)
[2026-06-16T12:47:58.546Z] [debug] daemon: condition-filtered router=client_test_01_router_default reason="condition failed: field="${enrichment.fullIntent.Symbol}" operator="in" value=["SPYM","CRCL","TSLA","NVDA","IAU","PPLT","MSTR","AMZN","SIVR","COIN"] actual="numerator:spSEI""
[2026-06-16T12:47:58.551Z] scanner-ws: delivered 1 log(s) (blocks 29135900..29135900)
[2026-06-16T12:47:58.558Z] [debug] daemon: condition-filtered router=client_test_01_router_default reason="condition failed: field="${enrichment.fullIntent.Symbol}" operator="in" value=["SPYM","CRCL","TSLA","NVDA","IAU","PPLT","MSTR","AMZN","SIVR","COIN"] actual="denominator:hemiBTC""
[2026-06-16T12:47:58.563Z] scanner-ws: delivered 1 log(s) (blocks 29135900..29135900)
[2026-06-16T12:47:58.567Z] [debug] daemon: condition-filtered router=client_test_01_router_default reason="condition failed: field="${enrichment.fullIntent.Symbol}" operator="in" value=["SPYM","CRCL","TSLA","NVDA","IAU","PPLT","MSTR","AMZN","SIVR","COIN"] actual="numerator:hemiBTC""
[2026-06-16T12:47:58.572Z] scanner-ws: delivered 1 log(s) (blocks 29135900..29135900)
[2026-06-16T12:47:58.576Z] [debug] daemon: condition-filtered router=client_test_01_router_default reason="condition failed: field="${enrichment.fullIntent.Symbol}" operator="in" value=["SPYM","CRCL","TSLA","NVDA","IAU","PPLT","MSTR","AMZN","SIVR","COIN"] actual="usdValue:hemiBTC""
[2026-06-16T12:47:58.582Z] scanner-ws: delivered 1 log(s) (blocks 29135900..29135900)
[2026-06-16T12:47:58.586Z] [debug] daemon: condition-filtered router=client_test_01_router_default reason="condition failed: field="${enrichment.fullIntent.Symbol}" operator="in" value=["SPYM","CRCL","TSLA","NVDA","IAU","PPLT","MSTR","AMZN","SIVR","COIN"] actual="denominator:spSEI""
[2026-06-16T12:47:58.591Z] scanner-ws: delivered 1 log(s) (blocks 29135900..29135900)
[2026-06-16T12:47:58.595Z] [debug] daemon: condition-filtered router=client_test_01_router_default reason="condition failed: field="${enrichment.fullIntent.Symbol}" operator="in" value=["SPYM","CRCL","TSLA","NVDA","IAU","PPLT","MSTR","AMZN","SIVR","COIN"] actual="fairValue:hemiBTC""
[2026-06-16T12:47:58.600Z] scanner-ws: delivered 1 log(s) (blocks 29135900..29135900)
[2026-06-16T12:48:00.016Z] scanner-http: scanned 29135883..29135900 (9 log(s), head=29135906, finalized=29135900)
[2026-06-16T12:48:02.496Z] [debug] daemon: condition-filtered router=client_test_01_router_default reason="condition failed: field="${enrichment.fullIntent.Symbol}" operator="in" value=["SPYM","CRCL","TSLA","NVDA","IAU","PPLT","MSTR","AMZN","SIVR","COIN"] actual="BMNR""
[2026-06-16T12:48:02.502Z] scanner-ws: delivered 1 log(s) (blocks 29135909..29135909)
[2026-06-16T12:48:03.849Z] cron-service: resubmitting IAU (router=client_test_01_router_default, confirmedAge=941s, ceiling=600s, intentHash=0x3c3d941524114fc5f9ff987c66f3f232da767b251032330432706f31da3eecae).
[2026-06-16T12:48:11.082Z] scanner-http: scanned 29135901..29135915 (1 log(s), head=29135921, finalized=29135915)
[2026-06-16T12:48:11.541Z] scanner-http: scanned 29135916..29135917 (0 log(s), head=29135923, finalized=29135917)
[2026-06-16T12:48:16.714Z] [debug] [clients/client-test-01.json] submit: intentHash=0x3c3d941524114fc5f9ff987c66f3f232da767b251032330432706f31da3eecae symbol=IAU
[2026-06-16T12:48:16.714Z] [debug] submitOracleUpdate: intentHash=0x3c3d941524114fc5f9ff987c66f3f232da767b251032330432706f31da3eecae symbol=IAU
[2026-06-16T12:48:16.714Z] [debug] loading state: client=../state/mainnet_run_20260616-074413/clients/client-test-01.json protocol=../state/mainnet_run_20260616-074413/config-bootstrap.json
[2026-06-16T12:48:16.720Z] [debug] connecting to Cardano…
[2026-06-16T12:48:19.881Z] [debug] daemon: condition-filtered router=client_test_01_router_default reason="condition failed: field="${enrichment.fullIntent.Symbol}" operator="in" value=["SPYM","CRCL","TSLA","NVDA","IAU","PPLT","MSTR","AMZN","SIVR","COIN"] actual="fairValue:spSEI""
[2026-06-16T12:48:19.889Z] scanner-ws: delivered 1 log(s) (blocks 29135938..29135938)
[2026-06-16T12:48:19.978Z] [debug] daemon: condition-filtered router=client_test_01_router_default reason="condition failed: field="${enrichment.fullIntent.Symbol}" operator="in" value=["SPYM","CRCL","TSLA","NVDA","IAU","PPLT","MSTR","AMZN","SIVR","COIN"] actual="denominator:spSEI""
[2026-06-16T12:48:19.985Z] scanner-ws: delivered 1 log(s) (blocks 29135938..29135938)
[2026-06-16T12:48:19.993Z] [debug] daemon: condition-filtered router=client_test_01_router_default reason="condition failed: field="${enrichment.fullIntent.Symbol}" operator="in" value=["SPYM","CRCL","TSLA","NVDA","IAU","PPLT","MSTR","AMZN","SIVR","COIN"] actual="denominator:hemiBTC""
[2026-06-16T12:48:19.999Z] scanner-ws: delivered 1 log(s) (blocks 29135938..29135938)
[2026-06-16T12:48:20.004Z] [debug] daemon: condition-filtered router=client_test_01_router_default reason="condition failed: field="${enrichment.fullIntent.Symbol}" operator="in" value=["SPYM","CRCL","TSLA","NVDA","IAU","PPLT","MSTR","AMZN","SIVR","COIN"] actual="usdValue:spSEI""
[2026-06-16T12:48:20.008Z] scanner-ws: delivered 1 log(s) (blocks 29135938..29135938)
[2026-06-16T12:48:20.012Z] [debug] daemon: condition-filtered router=client_test_01_router_default reason="condition failed: field="${enrichment.fullIntent.Symbol}" operator="in" value=["SPYM","CRCL","TSLA","NVDA","IAU","PPLT","MSTR","AMZN","SIVR","COIN"] actual="numerator:spSEI""
[2026-06-16T12:48:20.019Z] scanner-ws: delivered 1 log(s) (blocks 29135938..29135938)
[2026-06-16T12:48:20.024Z] [debug] daemon: condition-filtered router=client_test_01_router_default reason="condition failed: field="${enrichment.fullIntent.Symbol}" operator="in" value=["SPYM","CRCL","TSLA","NVDA","IAU","PPLT","MSTR","AMZN","SIVR","COIN"] actual="fairValue:hemiBTC""
[2026-06-16T12:48:20.028Z] scanner-ws: delivered 1 log(s) (blocks 29135938..29135938)
[2026-06-16T12:48:20.034Z] [debug] daemon: condition-filtered router=client_test_01_router_default reason="condition failed: field="${enrichment.fullIntent.Symbol}" operator="in" value=["SPYM","CRCL","TSLA","NVDA","IAU","PPLT","MSTR","AMZN","SIVR","COIN"] actual="usdValue:hemiBTC""
[2026-06-16T12:48:20.040Z] scanner-ws: delivered 1 log(s) (blocks 29135938..29135938)
[2026-06-16T12:48:20.046Z] [debug] daemon: condition-filtered router=client_test_01_router_default reason="condition failed: field="${enrichment.fullIntent.Symbol}" operator="in" value=["SPYM","CRCL","TSLA","NVDA","IAU","PPLT","MSTR","AMZN","SIVR","COIN"] actual="numerator:hemiBTC""
[2026-06-16T12:48:20.056Z] scanner-ws: delivered 1 log(s) (blocks 29135938..29135938)
[2026-06-16T12:48:21.605Z] [debug] building oracle update tx for symbol=IAU
[2026-06-16T12:48:22.100Z] scanner-http: scanned 29135918..29135935 (0 log(s), head=29135941, finalized=29135935)
[2026-06-16T12:48:22.553Z] scanner-http: scanned 29135936..29135936 (0 log(s), head=29135942, finalized=29135936)
[2026-06-16T12:48:23.009Z] scanner-http: scanned 29135937..29135937 (0 log(s), head=29135943, finalized=29135937)
[2026-06-16T12:48:25.247Z] [debug] submitted: txHash=e043d4b30d474971699ae7195b2b55f7d33afe227b3f0ec8637b8701014e0eac intentHash=0x3c3d941524114fc5f9ff987c66f3f232da767b251032330432706f31da3eecae
[2026-06-16T12:48:29.589Z] [debug] daemon: condition-filtered router=client_test_01_router_default reason="condition failed: field="${enrichment.fullIntent.Symbol}" operator="in" value=["SPYM","CRCL","TSLA","NVDA","IAU","PPLT","MSTR","AMZN","SIVR","COIN"] actual="BMNR""
[2026-06-16T12:48:29.597Z] scanner-ws: delivered 1 log(s) (blocks 29135953..29135953)
[2026-06-16T12:48:33.758Z] cron-service: resubmitting IAU (router=client_test_01_router_default, confirmedAge=971s, ceiling=600s, intentHash=0x3c3d941524114fc5f9ff987c66f3f232da767b251032330432706f31da3eecae).
[2026-06-16T12:48:33.985Z] scanner-ws: delivered 1 log(s) (blocks 29135961..29135961)
[2026-06-16T12:48:34.009Z] scanner-http: scanned 29135938..29135955 (9 log(s), head=29135961, finalized=29135955)
[2026-06-16T12:48:34.452Z] scanner-http: scanned 29135956..29135957 (0 log(s), head=29135963, finalized=29135957)
[2026-06-16T12:48:41.140Z] [debug] daemon: condition-filtered router=client_test_01_router_default reason="condition failed: field="${enrichment.fullIntent.Symbol}" operator="in" value=["SPYM","CRCL","TSLA","NVDA","IAU","PPLT","MSTR","AMZN","SIVR","COIN"] actual="ARS/USDT""
[2026-06-16T12:48:41.145Z] scanner-ws: delivered 1 log(s) (blocks 29135976..29135976)
[2026-06-16T12:48:45.458Z] scanner-http: scanned 29135958..29135979 (2 log(s), head=29135985, finalized=29135979)
[2026-06-16T12:48:45.892Z] scanner-http: scanned 29135980..29135981 (0 log(s), head=29135987, finalized=29135981)
[2026-06-16T12:48:56.934Z] scanner-http: scanned 29135982..29136001 (0 log(s), head=29136007, finalized=29136001)
[2026-06-16T12:48:57.396Z] scanner-http: scanned 29136002..29136004 (0 log(s), head=29136010, finalized=29136004)
[2026-06-16T12:48:57.873Z] scanner-http: scanned 29136005..29136005 (0 log(s), head=29136011, finalized=29136005)
[2026-06-16T12:48:58.308Z] [debug] daemon: condition-filtered router=client_test_01_router_default reason="condition failed: field="${enrichment.fullIntent.Symbol}" operator="in" value=["SPYM","CRCL","TSLA","NVDA","IAU","PPLT","MSTR","AMZN","SIVR","COIN"] actual="fairValue:spSEI""
[2026-06-16T12:48:58.314Z] scanner-ws: delivered 1 log(s) (blocks 29136012..29136012)
[2026-06-16T12:48:58.321Z] [debug] daemon: condition-filtered router=client_test_01_router_default reason="condition failed: field="${enrichment.fullIntent.Symbol}" operator="in" value=["SPYM","CRCL","TSLA","NVDA","IAU","PPLT","MSTR","AMZN","SIVR","COIN"] actual="usdValue:spSEI""
[2026-06-16T12:48:58.327Z] scanner-ws: delivered 1 log(s) (blocks 29136012..29136012)
[2026-06-16T12:48:58.401Z] [debug] daemon: condition-filtered router=client_test_01_router_default reason="condition failed: field="${enrichment.fullIntent.Symbol}" operator="in" value=["SPYM","CRCL","TSLA","NVDA","IAU","PPLT","MSTR","AMZN","SIVR","COIN"] actual="numerator:spSEI""
[2026-06-16T12:48:58.407Z] scanner-ws: delivered 1 log(s) (blocks 29136012..29136012)
[2026-06-16T12:48:58.415Z] [debug] daemon: condition-filtered router=client_test_01_router_default reason="condition failed: field="${enrichment.fullIntent.Symbol}" operator="in" value=["SPYM","CRCL","TSLA","NVDA","IAU","PPLT","MSTR","AMZN","SIVR","COIN"] actual="denominator:spSEI""
[2026-06-16T12:48:58.419Z] scanner-ws: delivered 1 log(s) (blocks 29136012..29136012)
[2026-06-16T12:48:58.426Z] scanner-ws: delivered 1 log(s) (blocks 29136012..29136012)
[2026-06-16T12:48:58.430Z] [debug] daemon: condition-filtered router=client_test_01_router_default reason="condition failed: field="${enrichment.fullIntent.Symbol}" operator="in" value=["SPYM","CRCL","TSLA","NVDA","IAU","PPLT","MSTR","AMZN","SIVR","COIN"] actual="usdValue:hemiBTC""
[2026-06-16T12:48:58.422Z] [debug] daemon: condition-filtered router=client_test_01_router_default reason="condition failed: field="${enrichment.fullIntent.Symbol}" operator="in" value=["SPYM","CRCL","TSLA","NVDA","IAU","PPLT","MSTR","AMZN","SIVR","COIN"] actual="numerator:hemiBTC""
[2026-06-16T12:48:58.434Z] scanner-ws: delivered 1 log(s) (blocks 29136012..29136012)
[2026-06-16T12:48:58.439Z] [debug] daemon: condition-filtered router=client_test_01_router_default reason="condition failed: field="${enrichment.fullIntent.Symbol}" operator="in" value=["SPYM","CRCL","TSLA","NVDA","IAU","PPLT","MSTR","AMZN","SIVR","COIN"] actual="fairValue:hemiBTC""
[2026-06-16T12:48:58.444Z] scanner-ws: delivered 1 log(s) (blocks 29136012..29136012)
[2026-06-16T12:48:58.452Z] scanner-ws: delivered 1 log(s) (blocks 29136012..29136012)
[2026-06-16T12:48:58.447Z] [debug] daemon: condition-filtered router=client_test_01_router_default reason="condition failed: field="${enrichment.fullIntent.Symbol}" operator="in" value=["SPYM","CRCL","TSLA","NVDA","IAU","PPLT","MSTR","AMZN","SIVR","COIN"] actual="denominator:hemiBTC""
[2026-06-16T12:48:58.516Z] scanner-http: scanned 29136006..29136007 (0 log(s), head=29136013, finalized=29136007)
[2026-06-16T12:48:58.966Z] scanner-http: scanned 29136008..29136008 (0 log(s), head=29136014, finalized=29136008)
[2026-06-16T12:48:59.421Z] scanner-http: scanned 29136009..29136011 (0 log(s), head=29136017, finalized=29136011)
[2026-06-16T12:49:03.689Z] cron-service: resubmitting IAU (router=client_test_01_router_default, confirmedAge=1001s, ceiling=600s, intentHash=0x3c3d941524114fc5f9ff987c66f3f232da767b251032330432706f31da3eecae).
[2026-06-16T12:49:03.699Z] cron-service: resubmitting AMZN (router=client_test_01_router_default, confirmedAge=963s, ceiling=600s, intentHash=0x77382e2c3c1957cf15b5e7280ad5bc7ef59db88182482bd119da5871fd695dbe).
[2026-06-16T12:49:04.567Z] scanner-ws: delivered 1 log(s) (blocks 29136023..29136023)
[2026-06-16T12:49:10.531Z] scanner-http: scanned 29136012..29136026 (9 log(s), head=29136032, finalized=29136026)
[2026-06-16T12:49:10.986Z] scanner-http: scanned 29136027..29136028 (0 log(s), head=29136034, finalized=29136028)
[2026-06-16T12:49:16.488Z] scanner-ws: delivered 1 log(s) (blocks 29136043..29136043)
[2026-06-16T12:49:19.709Z] [debug] daemon: condition-filtered router=client_test_01_router_default reason="condition failed: field="${enrichment.fullIntent.Symbol}" operator="in" value=["SPYM","CRCL","TSLA","NVDA","IAU","PPLT","MSTR","AMZN","SIVR","COIN"] actual="fairValue:spSEI""
[2026-06-16T12:49:19.716Z] scanner-ws: delivered 1 log(s) (blocks 29136049..29136049)
[2026-06-16T12:49:19.814Z] [debug] daemon: condition-filtered router=client_test_01_router_default reason="condition failed: field="${enrichment.fullIntent.Symbol}" operator="in" value=["SPYM","CRCL","TSLA","NVDA","IAU","PPLT","MSTR","AMZN","SIVR","COIN"] actual="denominator:spSEI""
[2026-06-16T12:49:19.824Z] [debug] daemon: condition-filtered router=client_test_01_router_default reason="condition failed: field="${enrichment.fullIntent.Symbol}" operator="in" value=["SPYM","CRCL","TSLA","NVDA","IAU","PPLT","MSTR","AMZN","SIVR","COIN"] actual="usdValue:hemiBTC""
[2026-06-16T12:49:19.820Z] scanner-ws: delivered 1 log(s) (blocks 29136049..29136049)
[2026-06-16T12:49:19.829Z] scanner-ws: delivered 1 log(s) (blocks 29136049..29136049)
[2026-06-16T12:49:19.833Z] [debug] daemon: condition-filtered router=client_test_01_router_default reason="condition failed: field="${enrichment.fullIntent.Symbol}" operator="in" value=["SPYM","CRCL","TSLA","NVDA","IAU","PPLT","MSTR","AMZN","SIVR","COIN"] actual="denominator:hemiBTC""
[2026-06-16T12:49:19.839Z] scanner-ws: delivered 1 log(s) (blocks 29136049..29136049)
[2026-06-16T12:49:19.843Z] [debug] daemon: condition-filtered router=client_test_01_router_default reason="condition failed: field="${enrichment.fullIntent.Symbol}" operator="in" value=["SPYM","CRCL","TSLA","NVDA","IAU","PPLT","MSTR","AMZN","SIVR","COIN"] actual="usdValue:spSEI""
[2026-06-16T12:49:19.848Z] scanner-ws: delivered 1 log(s) (blocks 29136049..29136049)
[2026-06-16T12:49:19.856Z] [debug] daemon: condition-filtered router=client_test_01_router_default reason="condition failed: field="${enrichment.fullIntent.Symbol}" operator="in" value=["SPYM","CRCL","TSLA","NVDA","IAU","PPLT","MSTR","AMZN","SIVR","COIN"] actual="numerator:spSEI""
[2026-06-16T12:49:19.861Z] scanner-ws: delivered 1 log(s) (blocks 29136049..29136049)
[2026-06-16T12:49:19.870Z] scanner-ws: delivered 1 log(s) (blocks 29136049..29136049)
[2026-06-16T12:49:19.865Z] [debug] daemon: condition-filtered router=client_test_01_router_default reason="condition failed: field="${enrichment.fullIntent.Symbol}" operator="in" value=["SPYM","CRCL","TSLA","NVDA","IAU","PPLT","MSTR","AMZN","SIVR","COIN"] actual="numerator:hemiBTC""
[2026-06-16T12:49:20.118Z] [debug] daemon: condition-filtered router=client_test_01_router_default reason="condition failed: field="${enrichment.fullIntent.Symbol}" operator="in" value=["SPYM","CRCL","TSLA","NVDA","IAU","PPLT","MSTR","AMZN","SIVR","COIN"] actual="fairValue:hemiBTC""
[2026-06-16T12:49:20.124Z] scanner-ws: delivered 1 log(s) (blocks 29136049..29136049)
[2026-06-16T12:49:21.832Z] scanner-http: scanned 29136029..29136046 (1 log(s), head=29136052, finalized=29136046)
[2026-06-16T12:49:32.949Z] scanner-http: scanned 29136047..29136062 (8 log(s), head=29136068, finalized=29136062)
[2026-06-16T12:49:33.419Z] scanner-http: scanned 29136063..29136063 (0 log(s), head=29136069, finalized=29136063)
[2026-06-16T12:49:33.612Z] cron-service: resubmitting IAU (router=client_test_01_router_default, confirmedAge=1031s, ceiling=600s, intentHash=0x3c3d941524114fc5f9ff987c66f3f232da767b251032330432706f31da3eecae).
[2026-06-16T12:49:33.619Z] cron-service: resubmitting MSTR (router=client_test_01_router_default, confirmedAge=992s, ceiling=600s, intentHash=0x58fd77fb86339dfc2713ea007f5ca4e8dd07b32a748b383912d99eb9e2a31aa3).
[2026-06-16T12:49:33.626Z] cron-service: resubmitting AMZN (router=client_test_01_router_default, confirmedAge=992s, ceiling=600s, intentHash=0x77382e2c3c1957cf15b5e7280ad5bc7ef59db88182482bd119da5871fd695dbe).
[2026-06-16T12:49:41.165Z] [debug] daemon: condition-filtered router=client_test_01_router_default reason="condition failed: field="${enrichment.fullIntent.Symbol}" operator="in" value=["SPYM","CRCL","TSLA","NVDA","IAU","PPLT","MSTR","AMZN","SIVR","COIN"] actual="ARS/USDT""
[2026-06-16T12:49:41.171Z] scanner-ws: delivered 1 log(s) (blocks 29136081..29136081)
[2026-06-16T12:49:44.104Z] scanner-http: scanned 29136064..29136080 (0 log(s), head=29136086, finalized=29136080)
[2026-06-16T12:49:44.768Z] scanner-http: scanned 29136081..29136082 (1 log(s), head=29136088, finalized=29136082)
[2026-06-16T12:49:45.205Z] scanner-http: scanned 29136083..29136083 (0 log(s), head=29136089, finalized=29136083)
[2026-06-16T12:49:45.673Z] scanner-http: scanned 29136084..29136085 (0 log(s), head=29136091, finalized=29136085)
[2026-06-16T12:49:46.167Z] scanner-http: scanned 29136086..29136086 (0 log(s), head=29136092, finalized=29136086)
[2026-06-16T12:49:47.496Z] [debug] Confirmed by Blockfrost: oracle update (IAU, intentHash=0x3c3d941524114fc5f9ff987c66f3f232da767b251032330432706f31da3eecae) e043d4b30d474971699ae7195b2b55f7d33afe227b3f0ec8637b8701014e0eac.
[2026-06-16T12:49:54.973Z] [debug] confirmed: txHash=e043d4b30d474971699ae7195b2b55f7d33afe227b3f0ec8637b8701014e0eac receiverUnit=6ec4b5aa572382beb11bb8db28a87884d147afe4e2b3d8f5a7331a254449415f52454345495645525f434c49454e545f41
[2026-06-16T12:49:55.637Z] [debug] daemon: policy-filtered router=client_test_01_router_default dest=0
[2026-06-16T12:49:55.645Z] scanner-ws: delivered 1 log(s) (blocks 29136107..29136107)
[2026-06-16T12:49:56.950Z] scanner-http: scanned 29136087..29136103 (0 log(s), head=29136109, finalized=29136103)
[2026-06-16T12:49:57.409Z] [debug] daemon: condition-filtered router=client_test_01_router_default reason="condition failed: field="${enrichment.fullIntent.Symbol}" operator="in" value=["SPYM","CRCL","TSLA","NVDA","IAU","PPLT","MSTR","AMZN","SIVR","COIN"] actual="BMNR""
[2026-06-16T12:49:57.416Z] scanner-ws: delivered 1 log(s) (blocks 29136111..29136111)
[2026-06-16T12:49:57.523Z] scanner-http: scanned 29136104..29136105 (0 log(s), head=29136111, finalized=29136105)
[2026-06-16T12:49:57.752Z] [debug] [clients/client-test-01.json] confirmed: txHash=e043d4b30d474971699ae7195b2b55f7d33afe227b3f0ec8637b8701014e0eac intentHash=0x3c3d941524114fc5f9ff987c66f3f232da767b251032330432706f31da3eecae receiverUnit=6ec4b5aa572382beb11bb8db28a87884d147afe4e2b3d8f5a7331a254449415f52454345495645525f434c49454e545f41
[2026-06-16T12:49:57.770Z] [debug] [clients/client-test-01.json] submitBatch: intents=3 symbols=IAU,AMZN,MSTR
[2026-06-16T12:49:57.770Z] [debug] submitOracleUpdateBatch: intents=3 symbols=IAU, AMZN, MSTR
[2026-06-16T12:49:58.681Z] [debug] daemon: condition-filtered router=client_test_01_router_default reason="condition failed: field="${enrichment.fullIntent.Symbol}" operator="in" value=["SPYM","CRCL","TSLA","NVDA","IAU","PPLT","MSTR","AMZN","SIVR","COIN"] actual="numerator:spSEI""
[2026-06-16T12:49:58.701Z] scanner-ws: delivered 1 log(s) (blocks 29136112..29136112)
[2026-06-16T12:49:58.725Z] [debug] daemon: condition-filtered router=client_test_01_router_default reason="condition failed: field="${enrichment.fullIntent.Symbol}" operator="in" value=["SPYM","CRCL","TSLA","NVDA","IAU","PPLT","MSTR","AMZN","SIVR","COIN"] actual="usdValue:spSEI""
[2026-06-16T12:49:58.733Z] scanner-ws: delivered 1 log(s) (blocks 29136112..29136112)
[2026-06-16T12:49:58.864Z] [debug] daemon: condition-filtered router=client_test_01_router_default reason="condition failed: field="${enrichment.fullIntent.Symbol}" operator="in" value=["SPYM","CRCL","TSLA","NVDA","IAU","PPLT","MSTR","AMZN","SIVR","COIN"] actual="denominator:spSEI""
[2026-06-16T12:49:58.873Z] scanner-ws: delivered 1 log(s) (blocks 29136112..29136112)
[2026-06-16T12:49:58.878Z] [debug] daemon: condition-filtered router=client_test_01_router_default reason="condition failed: field="${enrichment.fullIntent.Symbol}" operator="in" value=["SPYM","CRCL","TSLA","NVDA","IAU","PPLT","MSTR","AMZN","SIVR","COIN"] actual="denominator:hemiBTC""
[2026-06-16T12:49:58.884Z] scanner-ws: delivered 1 log(s) (blocks 29136112..29136112)
[2026-06-16T12:49:58.932Z] [debug] daemon: condition-filtered router=client_test_01_router_default reason="condition failed: field="${enrichment.fullIntent.Symbol}" operator="in" value=["SPYM","CRCL","TSLA","NVDA","IAU","PPLT","MSTR","AMZN","SIVR","COIN"] actual="numerator:hemiBTC""
[2026-06-16T12:49:58.941Z] scanner-ws: delivered 1 log(s) (blocks 29136112..29136112)
[2026-06-16T12:49:58.974Z] [debug] daemon: condition-filtered router=client_test_01_router_default reason="condition failed: field="${enrichment.fullIntent.Symbol}" operator="in" value=["SPYM","CRCL","TSLA","NVDA","IAU","PPLT","MSTR","AMZN","SIVR","COIN"] actual="fairValue:hemiBTC""
[2026-06-16T12:49:58.982Z] scanner-ws: delivered 1 log(s) (blocks 29136112..29136112)
[2026-06-16T12:49:59.023Z] [debug] daemon: condition-filtered router=client_test_01_router_default reason="condition failed: field="${enrichment.fullIntent.Symbol}" operator="in" value=["SPYM","CRCL","TSLA","NVDA","IAU","PPLT","MSTR","AMZN","SIVR","COIN"] actual="usdValue:hemiBTC""
[2026-06-16T12:49:59.028Z] scanner-ws: delivered 1 log(s) (blocks 29136112..29136112)
[2026-06-16T12:49:59.035Z] [debug] daemon: condition-filtered router=client_test_01_router_default reason="condition failed: field="${enrichment.fullIntent.Symbol}" operator="in" value=["SPYM","CRCL","TSLA","NVDA","IAU","PPLT","MSTR","AMZN","SIVR","COIN"] actual="fairValue:spSEI""
[2026-06-16T12:49:59.042Z] scanner-ws: delivered 1 log(s) (blocks 29136112..29136112)
[2026-06-16T12:50:00.310Z] [debug] submitOracleUpdateBatch: skipping IAU — intent (ts=1781614065, nonce=1781609473717109838) does not beat on-chain (ts=1781614065, nonce=1781609473717109838); superseded.
[2026-06-16T12:50:03.545Z] cron-service: resubmitting CRCL (router=client_test_01_router_default, confirmedAge=537s, ceiling=600s, intentHash=0x74f2f586410ff5509314473700c2d15df262d2489fecf9359fbb09db9ccfb444).
[2026-06-16T12:50:03.549Z] cron-service: resubmitting TSLA (router=client_test_01_router_default, confirmedAge=358s, ceiling=600s, intentHash=0x1b2c38903998fde90bf66f0c0c792ae37a78031e56a5ea230fae8b85d187e6f6).
[2026-06-16T12:50:03.553Z] cron-service: resubmitting NVDA (router=client_test_01_router_default, confirmedAge=537s, ceiling=600s, intentHash=0xb132f791c3b96d0f99c009003a7b691098a4f3b4a8450cb5753721113ec00563).
[2026-06-16T12:50:03.560Z] cron-service: resubmitting MSTR (router=client_test_01_router_default, confirmedAge=1022s, ceiling=600s, intentHash=0x58fd77fb86339dfc2713ea007f5ca4e8dd07b32a748b383912d99eb9e2a31aa3).
[2026-06-16T12:50:03.564Z] cron-service: resubmitting AMZN (router=client_test_01_router_default, confirmedAge=1022s, ceiling=600s, intentHash=0x77382e2c3c1957cf15b5e7280ad5bc7ef59db88182482bd119da5871fd695dbe).
[2026-06-16T12:50:08.732Z] scanner-http: scanned 29136106..29136124 (10 log(s), head=29136130, finalized=29136124)
[2026-06-16T12:50:09.195Z] scanner-http: scanned 29136125..29136126 (0 log(s), head=29136132, finalized=29136126)
[2026-06-16T12:50:09.648Z] scanner-http: scanned 29136127..29136127 (0 log(s), head=29136133, finalized=29136127)
[2026-06-16T12:50:19.875Z] [debug] daemon: condition-filtered router=client_test_01_router_default reason="condition failed: field="${enrichment.fullIntent.Symbol}" operator="in" value=["SPYM","CRCL","TSLA","NVDA","IAU","PPLT","MSTR","AMZN","SIVR","COIN"] actual="fairValue:spSEI""
[2026-06-16T12:50:19.880Z] scanner-ws: delivered 1 log(s) (blocks 29136150..29136150)
[2026-06-16T12:50:19.966Z] [debug] daemon: condition-filtered router=client_test_01_router_default reason="condition failed: field="${enrichment.fullIntent.Symbol}" operator="in" value=["SPYM","CRCL","TSLA","NVDA","IAU","PPLT","MSTR","AMZN","SIVR","COIN"] actual="denominator:hemiBTC""
[2026-06-16T12:50:19.972Z] scanner-ws: delivered 1 log(s) (blocks 29136150..29136150)
[2026-06-16T12:50:19.980Z] scanner-ws: delivered 1 log(s) (blocks 29136150..29136150)
[2026-06-16T12:50:19.976Z] [debug] daemon: condition-filtered router=client_test_01_router_default reason="condition failed: field="${enrichment.fullIntent.Symbol}" operator="in" value=["SPYM","CRCL","TSLA","NVDA","IAU","PPLT","MSTR","AMZN","SIVR","COIN"] actual="denominator:spSEI""
[2026-06-16T12:50:19.988Z] [debug] daemon: condition-filtered router=client_test_01_router_default reason="condition failed: field="${enrichment.fullIntent.Symbol}" operator="in" value=["SPYM","CRCL","TSLA","NVDA","IAU","PPLT","MSTR","AMZN","SIVR","COIN"] actual="fairValue:hemiBTC""
[2026-06-16T12:50:19.995Z] scanner-ws: delivered 1 log(s) (blocks 29136150..29136150)
[2026-06-16T12:50:20.004Z] scanner-ws: delivered 1 log(s) (blocks 29136150..29136150)
[2026-06-16T12:50:20.000Z] [debug] daemon: condition-filtered router=client_test_01_router_default reason="condition failed: field="${enrichment.fullIntent.Symbol}" operator="in" value=["SPYM","CRCL","TSLA","NVDA","IAU","PPLT","MSTR","AMZN","SIVR","COIN"] actual="usdValue:hemiBTC""
[2026-06-16T12:50:20.007Z] [debug] daemon: condition-filtered router=client_test_01_router_default reason="condition failed: field="${enrichment.fullIntent.Symbol}" operator="in" value=["SPYM","CRCL","TSLA","NVDA","IAU","PPLT","MSTR","AMZN","SIVR","COIN"] actual="numerator:spSEI""
[2026-06-16T12:50:20.012Z] scanner-ws: delivered 1 log(s) (blocks 29136150..29136150)
[2026-06-16T12:50:20.016Z] [debug] daemon: condition-filtered router=client_test_01_router_default reason="condition failed: field="${enrichment.fullIntent.Symbol}" operator="in" value=["SPYM","CRCL","TSLA","NVDA","IAU","PPLT","MSTR","AMZN","SIVR","COIN"] actual="usdValue:spSEI""
[2026-06-16T12:50:20.023Z] [debug] daemon: condition-filtered router=client_test_01_router_default reason="condition failed: field="${enrichment.fullIntent.Symbol}" operator="in" value=["SPYM","CRCL","TSLA","NVDA","IAU","PPLT","MSTR","AMZN","SIVR","COIN"] actual="numerator:hemiBTC""
[2026-06-16T12:50:20.027Z] scanner-ws: delivered 1 log(s) (blocks 29136150..29136150)
[2026-06-16T12:50:20.022Z] scanner-ws: delivered 1 log(s) (blocks 29136150..29136150)
[2026-06-16T12:50:20.332Z] scanner-http: scanned 29136128..29136146 (0 log(s), head=29136152, finalized=29136146)
[2026-06-16T12:50:20.791Z] scanner-http: scanned 29136147..29136147 (0 log(s), head=29136153, finalized=29136147)
[2026-06-16T12:50:27.627Z] [debug] Confirmed by Blockfrost: oracle update batch (IAU, AMZN, MSTR) f59b70ce24828ee30d4bf4b72a628fb7261287ece9562c44199b0718cf46b248.
[2026-06-16T12:50:32.908Z] scanner-http: scanned 29136148..29136170 (8 log(s), head=29136176, finalized=29136170)
[2026-06-16T12:50:33.486Z] cron-service: resubmitting TSLA (router=client_test_01_router_default, confirmedAge=388s, ceiling=600s, intentHash=0x1b2c38903998fde90bf66f0c0c792ae37a78031e56a5ea230fae8b85d187e6f6).
[2026-06-16T12:50:33.482Z] cron-service: resubmitting CRCL (router=client_test_01_router_default, confirmedAge=567s, ceiling=600s, intentHash=0x74f2f586410ff5509314473700c2d15df262d2489fecf9359fbb09db9ccfb444).
[2026-06-16T12:50:33.489Z] cron-service: resubmitting NVDA (router=client_test_01_router_default, confirmedAge=567s, ceiling=600s, intentHash=0xb132f791c3b96d0f99c009003a7b691098a4f3b4a8450cb5753721113ec00563).
[2026-06-16T12:50:33.499Z] cron-service: resubmitting MSTR (router=client_test_01_router_default, confirmedAge=1052s, ceiling=600s, intentHash=0x58fd77fb86339dfc2713ea007f5ca4e8dd07b32a748b383912d99eb9e2a31aa3).
[2026-06-16T12:50:33.503Z] cron-service: resubmitting AMZN (router=client_test_01_router_default, confirmedAge=1052s, ceiling=600s, intentHash=0x77382e2c3c1957cf15b5e7280ad5bc7ef59db88182482bd119da5871fd695dbe).
[2026-06-16T12:50:37.558Z] [debug] [clients/client-test-01.json] batch confirmed: txHash=f59b70ce24828ee30d4bf4b72a628fb7261287ece9562c44199b0718cf46b248 built=2 skipped=1 receiverUnit=6ec4b5aa572382beb11bb8db28a87884d147afe4e2b3d8f5a7331a254449415f52454345495645525f434c49454e545f41 members=AMZN:update,MSTR:update
[2026-06-16T12:50:37.568Z] [info] daemon: intent superseded (no tx) — code=NonMonotonicNonce intentHash=0x3c3d941524114fc5f9ff987c66f3f232da767b251032330432706f31da3eecae symbol=IAU batchSize=2
[2026-06-16T12:50:37.588Z] [debug] [clients/client-test-01.json] submitBatch: intents=5 symbols=CRCL,TSLA,NVDA,MSTR,AMZN
[2026-06-16T12:50:37.588Z] [debug] submitOracleUpdateBatch: intents=5 symbols=CRCL, TSLA, NVDA, MSTR, AMZN
[2026-06-16T12:50:41.154Z] [debug] daemon: condition-filtered router=client_test_01_router_default reason="condition failed: field="${enrichment.fullIntent.Symbol}" operator="in" value=["SPYM","CRCL","TSLA","NVDA","IAU","PPLT","MSTR","AMZN","SIVR","COIN"] actual="ARS/USDT""
[2026-06-16T12:50:41.159Z] scanner-ws: delivered 1 log(s) (blocks 29136189..29136189)
[2026-06-16T12:50:42.919Z] [debug] submitOracleUpdateBatch: skipping MSTR — intent (ts=1781614154, nonce=1781609473717109844) does not beat on-chain (ts=1781614154, nonce=1781609473717109844); superseded.
[2026-06-16T12:50:43.586Z] scanner-http: scanned 29136171..29136186 (0 log(s), head=29136192, finalized=29136186)
[2026-06-16T12:50:43.744Z] [debug] submitOracleUpdateBatch: skipping AMZN — intent (ts=1781614112, nonce=1781609473717109842) does not beat on-chain (ts=1781614112, nonce=1781609473717109842); superseded.
[2026-06-16T12:50:44.055Z] scanner-http: scanned 29136187..29136187 (0 log(s), head=29136193, finalized=29136187)
[2026-06-16T12:50:55.125Z] scanner-http: scanned 29136188..29136205 (1 log(s), head=29136211, finalized=29136205)
[2026-06-16T12:50:55.570Z] scanner-http: scanned 29136206..29136207 (0 log(s), head=29136213, finalized=29136207)
[2026-06-16T12:50:56.027Z] scanner-http: scanned 29136208..29136208 (0 log(s), head=29136214, finalized=29136208)
[2026-06-16T12:50:58.321Z] [debug] daemon: condition-filtered router=client_test_01_router_default reason="condition failed: field="${enrichment.fullIntent.Symbol}" operator="in" value=["SPYM","CRCL","TSLA","NVDA","IAU","PPLT","MSTR","AMZN","SIVR","COIN"] actual="fairValue:spSEI""
[2026-06-16T12:50:58.328Z] scanner-ws: delivered 1 log(s) (blocks 29136216..29136216)
[2026-06-16T12:50:58.335Z] [debug] daemon: condition-filtered router=client_test_01_router_default reason="condition failed: field="${enrichment.fullIntent.Symbol}" operator="in" value=["SPYM","CRCL","TSLA","NVDA","IAU","PPLT","MSTR","AMZN","SIVR","COIN"] actual="usdValue:spSEI""
[2026-06-16T12:50:58.340Z] scanner-ws: delivered 1 log(s) (blocks 29136216..29136216)
[2026-06-16T12:50:58.407Z] [debug] daemon: condition-filtered router=client_test_01_router_default reason="condition failed: field="${enrichment.fullIntent.Symbol}" operator="in" value=["SPYM","CRCL","TSLA","NVDA","IAU","PPLT","MSTR","AMZN","SIVR","COIN"] actual="numerator:spSEI""
[2026-06-16T12:50:58.412Z] scanner-ws: delivered 1 log(s) (blocks 29136216..29136216)
[2026-06-16T12:50:58.423Z] [debug] daemon: condition-filtered router=client_test_01_router_default reason="condition failed: field="${enrichment.fullIntent.Symbol}" operator="in" value=["SPYM","CRCL","TSLA","NVDA","IAU","PPLT","MSTR","AMZN","SIVR","COIN"] actual="denominator:spSEI""
[2026-06-16T12:50:58.431Z] scanner-ws: delivered 1 log(s) (blocks 29136216..29136216)
[2026-06-16T12:50:58.437Z] [debug] daemon: condition-filtered router=client_test_01_router_default reason="condition failed: field="${enrichment.fullIntent.Symbol}" operator="in" value=["SPYM","CRCL","TSLA","NVDA","IAU","PPLT","MSTR","AMZN","SIVR","COIN"] actual="numerator:hemiBTC""
[2026-06-16T12:50:58.443Z] scanner-ws: delivered 1 log(s) (blocks 29136216..29136216)
[2026-06-16T12:50:58.447Z] [debug] daemon: condition-filtered router=client_test_01_router_default reason="condition failed: field="${enrichment.fullIntent.Symbol}" operator="in" value=["SPYM","CRCL","TSLA","NVDA","IAU","PPLT","MSTR","AMZN","SIVR","COIN"] actual="usdValue:hemiBTC""
[2026-06-16T12:50:58.452Z] scanner-ws: delivered 1 log(s) (blocks 29136216..29136216)
[2026-06-16T12:50:58.462Z] [debug] daemon: condition-filtered router=client_test_01_router_default reason="condition failed: field="${enrichment.fullIntent.Symbol}" operator="in" value=["SPYM","CRCL","TSLA","NVDA","IAU","PPLT","MSTR","AMZN","SIVR","COIN"] actual="denominator:hemiBTC""
[2026-06-16T12:50:58.473Z] [debug] daemon: condition-filtered router=client_test_01_router_default reason="condition failed: field="${enrichment.fullIntent.Symbol}" operator="in" value=["SPYM","CRCL","TSLA","NVDA","IAU","PPLT","MSTR","AMZN","SIVR","COIN"] actual="fairValue:hemiBTC""
[2026-06-16T12:50:58.470Z] scanner-ws: delivered 1 log(s) (blocks 29136216..29136216)
[2026-06-16T12:50:58.480Z] scanner-ws: delivered 1 log(s) (blocks 29136216..29136216)
[2026-06-16T12:51:03.428Z] cron-service: resubmitting CRCL (router=client_test_01_router_default, confirmedAge=597s, ceiling=600s, intentHash=0x74f2f586410ff5509314473700c2d15df262d2489fecf9359fbb09db9ccfb444).
[2026-06-16T12:51:03.432Z] cron-service: resubmitting TSLA (router=client_test_01_router_default, confirmedAge=418s, ceiling=600s, intentHash=0x1b2c38903998fde90bf66f0c0c792ae37a78031e56a5ea230fae8b85d187e6f6).
[2026-06-16T12:51:03.435Z] cron-service: resubmitting NVDA (router=client_test_01_router_default, confirmedAge=597s, ceiling=600s, intentHash=0xb132f791c3b96d0f99c009003a7b691098a4f3b4a8450cb5753721113ec00563).
[2026-06-16T12:51:07.147Z] scanner-http: scanned 29136209..29136227 (8 log(s), head=29136233, finalized=29136227)
[2026-06-16T12:51:07.597Z] scanner-http: scanned 29136228..29136228 (0 log(s), head=29136234, finalized=29136228)
[2026-06-16T12:51:09.167Z] [debug] Confirmed by Blockfrost: oracle update batch (CRCL, TSLA, NVDA, MSTR, AMZN) a0de984aad7883b8d122c596f7d7c1cf7ba61ba27cf94467a25edbbe382de93a.
[2026-06-16T12:51:16.603Z] [debug] [clients/client-test-01.json] batch confirmed: txHash=a0de984aad7883b8d122c596f7d7c1cf7ba61ba27cf94467a25edbbe382de93a built=3 skipped=2 receiverUnit=6ec4b5aa572382beb11bb8db28a87884d147afe4e2b3d8f5a7331a254449415f52454345495645525f434c49454e545f41 members=CRCL:update,TSLA:update,NVDA:update
[2026-06-16T12:51:16.645Z] [info] daemon: intent superseded (no tx) — code=NonMonotonicNonce intentHash=0x58fd77fb86339dfc2713ea007f5ca4e8dd07b32a748b383912d99eb9e2a31aa3 symbol=MSTR batchSize=3
[2026-06-16T12:51:16.654Z] [info] daemon: intent superseded (no tx) — code=NonMonotonicNonce intentHash=0x77382e2c3c1957cf15b5e7280ad5bc7ef59db88182482bd119da5871fd695dbe symbol=AMZN batchSize=3
[2026-06-16T12:51:16.658Z] [debug] [clients/client-test-01.json] submitBatch: intents=3 symbols=CRCL,TSLA,NVDA
[2026-06-16T12:51:16.658Z] [debug] submitOracleUpdateBatch: intents=3 symbols=CRCL, TSLA, NVDA
[2026-06-16T12:51:18.616Z] scanner-http: scanned 29136229..29136244 (0 log(s), head=29136250, finalized=29136244)
[2026-06-16T12:51:19.099Z] scanner-http: scanned 29136245..29136246 (0 log(s), head=29136252, finalized=29136246)
[2026-06-16T12:51:19.190Z] [debug] submitOracleUpdateBatch: skipping CRCL — intent (ts=1781613940, nonce=1781609473717109829) does not beat on-chain (ts=1781613940, nonce=1781609473717109829); superseded.
[2026-06-16T12:51:19.570Z] scanner-http: scanned 29136247..29136247 (0 log(s), head=29136253, finalized=29136247)
[2026-06-16T12:51:19.903Z] [debug] daemon: condition-filtered router=client_test_01_router_default reason="condition failed: field="${enrichment.fullIntent.Symbol}" operator="in" value=["SPYM","CRCL","TSLA","NVDA","IAU","PPLT","MSTR","AMZN","SIVR","COIN"] actual="fairValue:spSEI""
[2026-06-16T12:51:19.909Z] scanner-ws: delivered 1 log(s) (blocks 29136254..29136254)
[2026-06-16T12:51:19.914Z] [debug] daemon: condition-filtered router=client_test_01_router_default reason="condition failed: field="${enrichment.fullIntent.Symbol}" operator="in" value=["SPYM","CRCL","TSLA","NVDA","IAU","PPLT","MSTR","AMZN","SIVR","COIN"] actual="usdValue:spSEI""
[2026-06-16T12:51:19.920Z] scanner-ws: delivered 1 log(s) (blocks 29136254..29136254)
[2026-06-16T12:51:20.085Z] [debug] daemon: condition-filtered router=client_test_01_router_default reason="condition failed: field="${enrichment.fullIntent.Symbol}" operator="in" value=["SPYM","CRCL","TSLA","NVDA","IAU","PPLT","MSTR","AMZN","SIVR","COIN"] actual="denominator:spSEI""
[2026-06-16T12:51:20.089Z] scanner-ws: delivered 1 log(s) (blocks 29136254..29136254)
[2026-06-16T12:51:20.094Z] [debug] daemon: condition-filtered router=client_test_01_router_default reason="condition failed: field="${enrichment.fullIntent.Symbol}" operator="in" value=["SPYM","CRCL","TSLA","NVDA","IAU","PPLT","MSTR","AMZN","SIVR","COIN"] actual="numerator:spSEI""
[2026-06-16T12:51:20.100Z] scanner-ws: delivered 1 log(s) (blocks 29136254..29136254)
[2026-06-16T12:51:20.131Z] [debug] submitOracleUpdateBatch: skipping TSLA — intent (ts=1781614193, nonce=1781609473717109845) does not beat on-chain (ts=1781614193, nonce=1781609473717109845); superseded.
[2026-06-16T12:51:20.171Z] [debug] daemon: condition-filtered router=client_test_01_router_default reason="condition failed: field="${enrichment.fullIntent.Symbol}" operator="in" value=["SPYM","CRCL","TSLA","NVDA","IAU","PPLT","MSTR","AMZN","SIVR","COIN"] actual="numerator:hemiBTC""
[2026-06-16T12:51:20.177Z] scanner-ws: delivered 1 log(s) (blocks 29136254..29136254)
[2026-06-16T12:51:20.193Z] [debug] daemon: condition-filtered router=client_test_01_router_default reason="condition failed: field="${enrichment.fullIntent.Symbol}" operator="in" value=["SPYM","CRCL","TSLA","NVDA","IAU","PPLT","MSTR","AMZN","SIVR","COIN"] actual="fairValue:hemiBTC""
[2026-06-16T12:51:20.197Z] scanner-ws: delivered 1 log(s) (blocks 29136254..29136254)
[2026-06-16T12:51:20.230Z] [debug] daemon: condition-filtered router=client_test_01_router_default reason="condition failed: field="${enrichment.fullIntent.Symbol}" operator="in" value=["SPYM","CRCL","TSLA","NVDA","IAU","PPLT","MSTR","AMZN","SIVR","COIN"] actual="usdValue:hemiBTC""
[2026-06-16T12:51:20.235Z] scanner-ws: delivered 1 log(s) (blocks 29136254..29136254)
[2026-06-16T12:51:20.253Z] scanner-http: scanned 29136248..29136250 (0 log(s), head=29136256, finalized=29136250)
[2026-06-16T12:51:20.273Z] [debug] daemon: condition-filtered router=client_test_01_router_default reason="condition failed: field="${enrichment.fullIntent.Symbol}" operator="in" value=["SPYM","CRCL","TSLA","NVDA","IAU","PPLT","MSTR","AMZN","SIVR","COIN"] actual="denominator:hemiBTC""
[2026-06-16T12:51:20.277Z] scanner-ws: delivered 1 log(s) (blocks 29136254..29136254)
[2026-06-16T12:51:21.071Z] [debug] submitOracleUpdateBatch: all 3 candidate(s) superseded on chain; no tx submitted.
[2026-06-16T12:51:21.071Z] [debug] submitOracleUpdateBatch: skipping NVDA — intent (ts=1781613938, nonce=1781609473717109828) does not beat on-chain (ts=1781613938, nonce=1781609473717109828); superseded.
[2026-06-16T12:51:21.071Z] [debug] [clients/client-test-01.json] batch: all 3 intent(s) superseded on chain; no tx submitted.
[2026-06-16T12:51:21.078Z] [info] daemon: intent superseded (no tx) — code=NonMonotonicNonce intentHash=0x74f2f586410ff5509314473700c2d15df262d2489fecf9359fbb09db9ccfb444 symbol=CRCL batchSize=1
[2026-06-16T12:51:21.085Z] [info] daemon: intent superseded (no tx) — code=NonMonotonicNonce intentHash=0x1b2c38903998fde90bf66f0c0c792ae37a78031e56a5ea230fae8b85d187e6f6 symbol=TSLA batchSize=1
[2026-06-16T12:51:21.091Z] [info] daemon: intent superseded (no tx) — code=NonMonotonicNonce intentHash=0xb132f791c3b96d0f99c009003a7b691098a4f3b4a8450cb5753721113ec00563 symbol=NVDA batchSize=1
[2026-06-16T12:51:31.592Z] scanner-http: scanned 29136251..29136268 (8 log(s), head=29136274, finalized=29136268)
[2026-06-16T12:51:32.046Z] scanner-http: scanned 29136269..29136269 (0 log(s), head=29136275, finalized=29136269)
[2026-06-16T12:51:32.512Z] scanner-http: scanned 29136270..29136270 (0 log(s), head=29136276, finalized=29136270)
[2026-06-16T12:51:41.333Z] [debug] daemon: condition-filtered router=client_test_01_router_default reason="condition failed: field="${enrichment.fullIntent.Symbol}" operator="in" value=["SPYM","CRCL","TSLA","NVDA","IAU","PPLT","MSTR","AMZN","SIVR","COIN"] actual="ARS/USDT""
[2026-06-16T12:51:41.340Z] scanner-ws: delivered 1 log(s) (blocks 29136292..29136292)
[2026-06-16T12:51:43.190Z] scanner-http: scanned 29136271..29136291 (0 log(s), head=29136297, finalized=29136291)
[2026-06-16T12:51:43.861Z] scanner-http: scanned 29136292..29136294 (1 log(s), head=29136300, finalized=29136294)
[2026-06-16T12:51:44.308Z] scanner-http: scanned 29136295..29136295 (0 log(s), head=29136301, finalized=29136295)
[2026-06-16T12:51:44.739Z] scanner-http: scanned 29136296..29136296 (0 log(s), head=29136302, finalized=29136296)
[2026-06-16T12:51:55.608Z] scanner-http: scanned 29136297..29136315 (0 log(s), head=29136321, finalized=29136315)
[2026-06-16T12:51:58.319Z] [debug] daemon: condition-filtered router=client_test_01_router_default reason="condition failed: field="${enrichment.fullIntent.Symbol}" operator="in" value=["SPYM","CRCL","TSLA","NVDA","IAU","PPLT","MSTR","AMZN","SIVR","COIN"] actual="usdValue:spSEI""
[2026-06-16T12:51:58.324Z] scanner-ws: delivered 1 log(s) (blocks 29136324..29136324)
[2026-06-16T12:51:58.333Z] [debug] daemon: condition-filtered router=client_test_01_router_default reason="condition failed: field="${enrichment.fullIntent.Symbol}" operator="in" value=["SPYM","CRCL","TSLA","NVDA","IAU","PPLT","MSTR","AMZN","SIVR","COIN"] actual="fairValue:spSEI""
[2026-06-16T12:51:58.339Z] scanner-ws: delivered 1 log(s) (blocks 29136324..29136324)
[2026-06-16T12:51:58.410Z] [debug] daemon: condition-filtered router=client_test_01_router_default reason="condition failed: field="${enrichment.fullIntent.Symbol}" operator="in" value=["SPYM","CRCL","TSLA","NVDA","IAU","PPLT","MSTR","AMZN","SIVR","COIN"] actual="numerator:spSEI""
[2026-06-16T12:51:58.417Z] scanner-ws: delivered 1 log(s) (blocks 29136324..29136324)
[2026-06-16T12:51:58.423Z] [debug] daemon: condition-filtered router=client_test_01_router_default reason="condition failed: field="${enrichment.fullIntent.Symbol}" operator="in" value=["SPYM","CRCL","TSLA","NVDA","IAU","PPLT","MSTR","AMZN","SIVR","COIN"] actual="numerator:hemiBTC""
[2026-06-16T12:51:58.429Z] scanner-ws: delivered 1 log(s) (blocks 29136324..29136324)
[2026-06-16T12:51:58.433Z] [debug] daemon: condition-filtered router=client_test_01_router_default reason="condition failed: field="${enrichment.fullIntent.Symbol}" operator="in" value=["SPYM","CRCL","TSLA","NVDA","IAU","PPLT","MSTR","AMZN","SIVR","COIN"] actual="denominator:spSEI""
[2026-06-16T12:51:58.437Z] scanner-ws: delivered 1 log(s) (blocks 29136324..29136324)
[2026-06-16T12:51:58.443Z] [debug] daemon: condition-filtered router=client_test_01_router_default reason="condition failed: field="${enrichment.fullIntent.Symbol}" operator="in" value=["SPYM","CRCL","TSLA","NVDA","IAU","PPLT","MSTR","AMZN","SIVR","COIN"] actual="fairValue:hemiBTC""
[2026-06-16T12:51:58.447Z] scanner-ws: delivered 1 log(s) (blocks 29136324..29136324)
[2026-06-16T12:51:58.452Z] [debug] daemon: condition-filtered router=client_test_01_router_default reason="condition failed: field="${enrichment.fullIntent.Symbol}" operator="in" value=["SPYM","CRCL","TSLA","NVDA","IAU","PPLT","MSTR","AMZN","SIVR","COIN"] actual="usdValue:hemiBTC""
[2026-06-16T12:51:58.456Z] scanner-ws: delivered 1 log(s) (blocks 29136324..29136324)
[2026-06-16T12:51:58.460Z] [debug] daemon: condition-filtered router=client_test_01_router_default reason="condition failed: field="${enrichment.fullIntent.Symbol}" operator="in" value=["SPYM","CRCL","TSLA","NVDA","IAU","PPLT","MSTR","AMZN","SIVR","COIN"] actual="denominator:hemiBTC""
[2026-06-16T12:51:58.464Z] scanner-ws: delivered 1 log(s) (blocks 29136324..29136324)
[2026-06-16T12:52:06.693Z] scanner-http: scanned 29136316..29136333 (8 log(s), head=29136339, finalized=29136333)
[2026-06-16T12:52:07.154Z] scanner-http: scanned 29136334..29136334 (0 log(s), head=29136340, finalized=29136334)
[2026-06-16T12:52:17.982Z] scanner-http: scanned 29136335..29136352 (0 log(s), head=29136358, finalized=29136352)
[2026-06-16T12:52:18.423Z] scanner-http: scanned 29136353..29136353 (0 log(s), head=29136359, finalized=29136353)
[2026-06-16T12:52:18.872Z] scanner-http: scanned 29136354..29136355 (0 log(s), head=29136361, finalized=29136355)
[2026-06-16T12:52:19.684Z] [debug] daemon: condition-filtered router=client_test_01_router_default reason="condition failed: field="${enrichment.fullIntent.Symbol}" operator="in" value=["SPYM","CRCL","TSLA","NVDA","IAU","PPLT","MSTR","AMZN","SIVR","COIN"] actual="fairValue:spSEI""
[2026-06-16T12:52:19.693Z] scanner-ws: delivered 1 log(s) (blocks 29136362..29136362)
[2026-06-16T12:52:19.697Z] [debug] daemon: condition-filtered router=client_test_01_router_default reason="condition failed: field="${enrichment.fullIntent.Symbol}" operator="in" value=["SPYM","CRCL","TSLA","NVDA","IAU","PPLT","MSTR","AMZN","SIVR","COIN"] actual="usdValue:spSEI""
[2026-06-16T12:52:19.703Z] scanner-ws: delivered 1 log(s) (blocks 29136362..29136362)
[2026-06-16T12:52:19.765Z] [debug] daemon: condition-filtered router=client_test_01_router_default reason="condition failed: field="${enrichment.fullIntent.Symbol}" operator="in" value=["SPYM","CRCL","TSLA","NVDA","IAU","PPLT","MSTR","AMZN","SIVR","COIN"] actual="numerator:spSEI""
[2026-06-16T12:52:19.771Z] scanner-ws: delivered 1 log(s) (blocks 29136362..29136362)
[2026-06-16T12:52:19.776Z] [debug] daemon: condition-filtered router=client_test_01_router_default reason="condition failed: field="${enrichment.fullIntent.Symbol}" operator="in" value=["SPYM","CRCL","TSLA","NVDA","IAU","PPLT","MSTR","AMZN","SIVR","COIN"] actual="denominator:spSEI""
[2026-06-16T12:52:19.780Z] scanner-ws: delivered 1 log(s) (blocks 29136362..29136362)
[2026-06-16T12:52:19.789Z] [debug] daemon: condition-filtered router=client_test_01_router_default reason="condition failed: field="${enrichment.fullIntent.Symbol}" operator="in" value=["SPYM","CRCL","TSLA","NVDA","IAU","PPLT","MSTR","AMZN","SIVR","COIN"] actual="denominator:hemiBTC""
[2026-06-16T12:52:19.795Z] scanner-ws: delivered 1 log(s) (blocks 29136362..29136362)
[2026-06-16T12:52:19.801Z] scanner-ws: delivered 1 log(s) (blocks 29136362..29136362)
[2026-06-16T12:52:19.796Z] [debug] daemon: condition-filtered router=client_test_01_router_default reason="condition failed: field="${enrichment.fullIntent.Symbol}" operator="in" value=["SPYM","CRCL","TSLA","NVDA","IAU","PPLT","MSTR","AMZN","SIVR","COIN"] actual="numerator:hemiBTC""
[2026-06-16T12:52:19.804Z] [debug] daemon: condition-filtered router=client_test_01_router_default reason="condition failed: field="${enrichment.fullIntent.Symbol}" operator="in" value=["SPYM","CRCL","TSLA","NVDA","IAU","PPLT","MSTR","AMZN","SIVR","COIN"] actual="usdValue:hemiBTC""
[2026-06-16T12:52:19.808Z] scanner-ws: delivered 1 log(s) (blocks 29136362..29136362)
[2026-06-16T12:52:19.811Z] [debug] daemon: condition-filtered router=client_test_01_router_default reason="condition failed: field="${enrichment.fullIntent.Symbol}" operator="in" value=["SPYM","CRCL","TSLA","NVDA","IAU","PPLT","MSTR","AMZN","SIVR","COIN"] actual="fairValue:hemiBTC""
[2026-06-16T12:52:19.815Z] scanner-ws: delivered 1 log(s) (blocks 29136362..29136362)
[2026-06-16T12:52:29.988Z] scanner-http: scanned 29136356..29136370 (8 log(s), head=29136376, finalized=29136370)
[2026-06-16T12:52:30.422Z] scanner-http: scanned 29136371..29136371 (0 log(s), head=29136377, finalized=29136371)
[2026-06-16T12:52:30.855Z] scanner-http: scanned 29136372..29136373 (0 log(s), head=29136379, finalized=29136373)
[2026-06-16T12:52:41.148Z] scanner-ws: delivered 1 log(s) (blocks 29136395..29136395)
[2026-06-16T12:52:41.140Z] [debug] daemon: condition-filtered router=client_test_01_router_default reason="condition failed: field="${enrichment.fullIntent.Symbol}" operator="in" value=["SPYM","CRCL","TSLA","NVDA","IAU","PPLT","MSTR","AMZN","SIVR","COIN"] actual="ARS/USDT""
[2026-06-16T12:52:41.629Z] scanner-http: scanned 29136374..29136389 (0 log(s), head=29136395, finalized=29136389)
[2026-06-16T12:52:42.078Z] scanner-http: scanned 29136390..29136390 (0 log(s), head=29136396, finalized=29136390)
[2026-06-16T12:52:53.132Z] scanner-http: scanned 29136391..29136411 (1 log(s), head=29136417, finalized=29136411)
[2026-06-16T12:52:53.597Z] scanner-http: scanned 29136412..29136413 (0 log(s), head=29136419, finalized=29136413)
[2026-06-16T12:52:58.557Z] [debug] daemon: condition-filtered router=client_test_01_router_default reason="condition failed: field="${enrichment.fullIntent.Symbol}" operator="in" value=["SPYM","CRCL","TSLA","NVDA","IAU","PPLT","MSTR","AMZN","SIVR","COIN"] actual="fairValue:spSEI""
[2026-06-16T12:52:58.564Z] scanner-ws: delivered 1 log(s) (blocks 29136425..29136425)
[2026-06-16T12:52:58.655Z] [debug] daemon: condition-filtered router=client_test_01_router_default reason="condition failed: field="${enrichment.fullIntent.Symbol}" operator="in" value=["SPYM","CRCL","TSLA","NVDA","IAU","PPLT","MSTR","AMZN","SIVR","COIN"] actual="numerator:hemiBTC""
[2026-06-16T12:52:58.661Z] scanner-ws: delivered 1 log(s) (blocks 29136425..29136425)
[2026-06-16T12:52:58.668Z] [debug] daemon: condition-filtered router=client_test_01_router_default reason="condition failed: field="${enrichment.fullIntent.Symbol}" operator="in" value=["SPYM","CRCL","TSLA","NVDA","IAU","PPLT","MSTR","AMZN","SIVR","COIN"] actual="usdValue:spSEI""
[2026-06-16T12:52:58.676Z] [debug] daemon: condition-filtered router=client_test_01_router_default reason="condition failed: field="${enrichment.fullIntent.Symbol}" operator="in" value=["SPYM","CRCL","TSLA","NVDA","IAU","PPLT","MSTR","AMZN","SIVR","COIN"] actual="usdValue:hemiBTC""
[2026-06-16T12:52:58.682Z] scanner-ws: delivered 1 log(s) (blocks 29136425..29136425)
[2026-06-16T12:52:58.689Z] scanner-ws: delivered 1 log(s) (blocks 29136425..29136425)
[2026-06-16T12:52:58.685Z] [debug] daemon: condition-filtered router=client_test_01_router_default reason="condition failed: field="${enrichment.fullIntent.Symbol}" operator="in" value=["SPYM","CRCL","TSLA","NVDA","IAU","PPLT","MSTR","AMZN","SIVR","COIN"] actual="numerator:spSEI""
[2026-06-16T12:52:58.673Z] scanner-ws: delivered 1 log(s) (blocks 29136425..29136425)
[2026-06-16T12:52:58.696Z] [debug] daemon: condition-filtered router=client_test_01_router_default reason="condition failed: field="${enrichment.fullIntent.Symbol}" operator="in" value=["SPYM","CRCL","TSLA","NVDA","IAU","PPLT","MSTR","AMZN","SIVR","COIN"] actual="fairValue:hemiBTC""
[2026-06-16T12:52:58.701Z] scanner-ws: delivered 1 log(s) (blocks 29136425..29136425)
[2026-06-16T12:52:58.704Z] [debug] daemon: condition-filtered router=client_test_01_router_default reason="condition failed: field="${enrichment.fullIntent.Symbol}" operator="in" value=["SPYM","CRCL","TSLA","NVDA","IAU","PPLT","MSTR","AMZN","SIVR","COIN"] actual="denominator:spSEI""
[2026-06-16T12:52:58.709Z] scanner-ws: delivered 1 log(s) (blocks 29136425..29136425)
[2026-06-16T12:52:58.730Z] [debug] daemon: condition-filtered router=client_test_01_router_default reason="condition failed: field="${enrichment.fullIntent.Symbol}" operator="in" value=["SPYM","CRCL","TSLA","NVDA","IAU","PPLT","MSTR","AMZN","SIVR","COIN"] actual="denominator:hemiBTC""
[2026-06-16T12:52:58.735Z] scanner-ws: delivered 1 log(s) (blocks 29136425..29136425)
[2026-06-16T12:53:04.701Z] scanner-http: scanned 29136414..29136435 (8 log(s), head=29136441, finalized=29136435)
[2026-06-16T12:53:05.152Z] scanner-http: scanned 29136436..29136437 (0 log(s), head=29136443, finalized=29136437)
[2026-06-16T12:53:15.924Z] scanner-http: scanned 29136438..29136456 (0 log(s), head=29136462, finalized=29136456)
[2026-06-16T12:53:19.828Z] [debug] daemon: condition-filtered router=client_test_01_router_default reason="condition failed: field="${enrichment.fullIntent.Symbol}" operator="in" value=["SPYM","CRCL","TSLA","NVDA","IAU","PPLT","MSTR","AMZN","SIVR","COIN"] actual="fairValue:spSEI""
[2026-06-16T12:53:19.835Z] scanner-ws: delivered 1 log(s) (blocks 29136469..29136469)
[2026-06-16T12:53:19.840Z] [debug] daemon: condition-filtered router=client_test_01_router_default reason="condition failed: field="${enrichment.fullIntent.Symbol}" operator="in" value=["SPYM","CRCL","TSLA","NVDA","IAU","PPLT","MSTR","AMZN","SIVR","COIN"] actual="usdValue:spSEI""
[2026-06-16T12:53:19.846Z] scanner-ws: delivered 1 log(s) (blocks 29136469..29136469)
[2026-06-16T12:53:19.935Z] [debug] daemon: condition-filtered router=client_test_01_router_default reason="condition failed: field="${enrichment.fullIntent.Symbol}" operator="in" value=["SPYM","CRCL","TSLA","NVDA","IAU","PPLT","MSTR","AMZN","SIVR","COIN"] actual="denominator:spSEI""
[2026-06-16T12:53:19.944Z] scanner-ws: delivered 1 log(s) (blocks 29136469..29136469)
[2026-06-16T12:53:19.955Z] [debug] daemon: condition-filtered router=client_test_01_router_default reason="condition failed: field="${enrichment.fullIntent.Symbol}" operator="in" value=["SPYM","CRCL","TSLA","NVDA","IAU","PPLT","MSTR","AMZN","SIVR","COIN"] actual="numerator:hemiBTC""
[2026-06-16T12:53:19.964Z] scanner-ws: delivered 1 log(s) (blocks 29136469..29136469)
[2026-06-16T12:53:19.968Z] [debug] daemon: condition-filtered router=client_test_01_router_default reason="condition failed: field="${enrichment.fullIntent.Symbol}" operator="in" value=["SPYM","CRCL","TSLA","NVDA","IAU","PPLT","MSTR","AMZN","SIVR","COIN"] actual="denominator:hemiBTC""
[2026-06-16T12:53:19.976Z] scanner-ws: delivered 1 log(s) (blocks 29136469..29136469)
[2026-06-16T12:53:19.980Z] [debug] daemon: condition-filtered router=client_test_01_router_default reason="condition failed: field="${enrichment.fullIntent.Symbol}" operator="in" value=["SPYM","CRCL","TSLA","NVDA","IAU","PPLT","MSTR","AMZN","SIVR","COIN"] actual="usdValue:hemiBTC""
[2026-06-16T12:53:19.988Z] scanner-ws: delivered 1 log(s) (blocks 29136469..29136469)
[2026-06-16T12:53:19.993Z] [debug] daemon: condition-filtered router=client_test_01_router_default reason="condition failed: field="${enrichment.fullIntent.Symbol}" operator="in" value=["SPYM","CRCL","TSLA","NVDA","IAU","PPLT","MSTR","AMZN","SIVR","COIN"] actual="fairValue:hemiBTC""
[2026-06-16T12:53:20.000Z] scanner-ws: delivered 1 log(s) (blocks 29136469..29136469)
[2026-06-16T12:53:20.011Z] [debug] daemon: condition-filtered router=client_test_01_router_default reason="condition failed: field="${enrichment.fullIntent.Symbol}" operator="in" value=["SPYM","CRCL","TSLA","NVDA","IAU","PPLT","MSTR","AMZN","SIVR","COIN"] actual="numerator:spSEI""
[2026-06-16T12:53:20.019Z] scanner-ws: delivered 1 log(s) (blocks 29136469..29136469)
[2026-06-16T12:53:27.069Z] scanner-http: scanned 29136457..29136473 (8 log(s), head=29136479, finalized=29136473)
[2026-06-16T12:53:27.510Z] scanner-http: scanned 29136474..29136474 (0 log(s), head=29136480, finalized=29136474)
[2026-06-16T12:53:38.375Z] scanner-http: scanned 29136475..29136491 (0 log(s), head=29136497, finalized=29136491)
[2026-06-16T12:53:38.816Z] scanner-http: scanned 29136492..29136492 (0 log(s), head=29136498, finalized=29136492)
[2026-06-16T12:53:39.261Z] scanner-http: scanned 29136493..29136494 (0 log(s), head=29136500, finalized=29136494)
[2026-06-16T12:53:40.305Z] [debug] daemon: policy-filtered router=client_test_01_router_default dest=0
[2026-06-16T12:53:40.312Z] scanner-ws: delivered 1 log(s) (blocks 29136502..29136502)
[2026-06-16T12:53:41.079Z] [debug] daemon: condition-filtered router=client_test_01_router_default reason="condition failed: field="${enrichment.fullIntent.Symbol}" operator="in" value=["SPYM","CRCL","TSLA","NVDA","IAU","PPLT","MSTR","AMZN","SIVR","COIN"] actual="ARS/USDT""
[2026-06-16T12:53:41.085Z] scanner-ws: delivered 1 log(s) (blocks 29136503..29136503)
[2026-06-16T12:53:50.322Z] scanner-http: scanned 29136495..29136513 (2 log(s), head=29136519, finalized=29136513)
[2026-06-16T12:53:51.035Z] scanner-http: scanned 29136514..29136514 (0 log(s), head=29136520, finalized=29136514)
[2026-06-16T12:53:51.499Z] scanner-http: scanned 29136515..29136516 (0 log(s), head=29136522, finalized=29136516)
[2026-06-16T12:53:58.406Z] [debug] daemon: condition-filtered router=client_test_01_router_default reason="condition failed: field="${enrichment.fullIntent.Symbol}" operator="in" value=["SPYM","CRCL","TSLA","NVDA","IAU","PPLT","MSTR","AMZN","SIVR","COIN"] actual="fairValue:spSEI""
[2026-06-16T12:53:58.415Z] scanner-ws: delivered 1 log(s) (blocks 29136532..29136532)
[2026-06-16T12:53:58.515Z] [debug] daemon: condition-filtered router=client_test_01_router_default reason="condition failed: field="${enrichment.fullIntent.Symbol}" operator="in" value=["SPYM","CRCL","TSLA","NVDA","IAU","PPLT","MSTR","AMZN","SIVR","COIN"] actual="usdValue:spSEI""
[2026-06-16T12:53:58.522Z] scanner-ws: delivered 1 log(s) (blocks 29136532..29136532)
[2026-06-16T12:53:58.531Z] [debug] daemon: condition-filtered router=client_test_01_router_default reason="condition failed: field="${enrichment.fullIntent.Symbol}" operator="in" value=["SPYM","CRCL","TSLA","NVDA","IAU","PPLT","MSTR","AMZN","SIVR","COIN"] actual="numerator:spSEI""
[2026-06-16T12:53:58.541Z] scanner-ws: delivered 1 log(s) (blocks 29136532..29136532)
[2026-06-16T12:53:58.547Z] [debug] daemon: condition-filtered router=client_test_01_router_default reason="condition failed: field="${enrichment.fullIntent.Symbol}" operator="in" value=["SPYM","CRCL","TSLA","NVDA","IAU","PPLT","MSTR","AMZN","SIVR","COIN"] actual="fairValue:hemiBTC""
[2026-06-16T12:53:58.554Z] scanner-ws: delivered 1 log(s) (blocks 29136532..29136532)
[2026-06-16T12:53:58.561Z] [debug] daemon: condition-filtered router=client_test_01_router_default reason="condition failed: field="${enrichment.fullIntent.Symbol}" operator="in" value=["SPYM","CRCL","TSLA","NVDA","IAU","PPLT","MSTR","AMZN","SIVR","COIN"] actual="usdValue:hemiBTC""
[2026-06-16T12:53:58.567Z] scanner-ws: delivered 1 log(s) (blocks 29136532..29136532)
[2026-06-16T12:53:58.574Z] [debug] daemon: condition-filtered router=client_test_01_router_default reason="condition failed: field="${enrichment.fullIntent.Symbol}" operator="in" value=["SPYM","CRCL","TSLA","NVDA","IAU","PPLT","MSTR","AMZN","SIVR","COIN"] actual="numerator:hemiBTC""
[2026-06-16T12:53:58.581Z] scanner-ws: delivered 1 log(s) (blocks 29136532..29136532)
[2026-06-16T12:53:58.595Z] [debug] daemon: condition-filtered router=client_test_01_router_default reason="condition failed: field="${enrichment.fullIntent.Symbol}" operator="in" value=["SPYM","CRCL","TSLA","NVDA","IAU","PPLT","MSTR","AMZN","SIVR","COIN"] actual="denominator:hemiBTC""
[2026-06-16T12:53:58.601Z] scanner-ws: delivered 1 log(s) (blocks 29136532..29136532)
[2026-06-16T12:53:59.553Z] [debug] daemon: condition-filtered router=client_test_01_router_default reason="condition failed: field="${enrichment.fullIntent.Symbol}" operator="in" value=["SPYM","CRCL","TSLA","NVDA","IAU","PPLT","MSTR","AMZN","SIVR","COIN"] actual="denominator:spSEI""
[2026-06-16T12:53:59.560Z] scanner-ws: delivered 1 log(s) (blocks 29136532..29136532)
[2026-06-16T12:54:02.422Z] scanner-http: scanned 29136517..29136533 (8 log(s), head=29136539, finalized=29136533)
[2026-06-16T12:54:02.874Z] scanner-http: scanned 29136534..29136534 (0 log(s), head=29136540, finalized=29136534)
[2026-06-16T12:54:03.043Z] cron-service: resubmitting COIN (router=client_test_01_router_default, confirmedAge=381s, ceiling=600s, intentHash=0x57b13e628cd74ca262c0594d23eef543369e9e389bb1071872e1c0bc6749e3d3).
[2026-06-16T12:54:13.677Z] scanner-http: scanned 29136535..29136554 (0 log(s), head=29136560, finalized=29136554)
[2026-06-16T12:54:14.116Z] scanner-http: scanned 29136555..29136555 (0 log(s), head=29136561, finalized=29136555)
[2026-06-16T12:54:14.605Z] scanner-http: scanned 29136556..29136556 (0 log(s), head=29136562, finalized=29136556)
[2026-06-16T12:54:15.039Z] scanner-http: scanned 29136557..29136557 (0 log(s), head=29136563, finalized=29136557)
[2026-06-16T12:54:15.474Z] scanner-http: scanned 29136558..29136559 (0 log(s), head=29136565, finalized=29136559)
[2026-06-16T12:54:19.710Z] [debug] daemon: condition-filtered router=client_test_01_router_default reason="condition failed: field="${enrichment.fullIntent.Symbol}" operator="in" value=["SPYM","CRCL","TSLA","NVDA","IAU","PPLT","MSTR","AMZN","SIVR","COIN"] actual="fairValue:spSEI""
[2026-06-16T12:54:19.717Z] scanner-ws: delivered 1 log(s) (blocks 29136572..29136572)
[2026-06-16T12:54:19.803Z] [debug] daemon: condition-filtered router=client_test_01_router_default reason="condition failed: field="${enrichment.fullIntent.Symbol}" operator="in" value=["SPYM","CRCL","TSLA","NVDA","IAU","PPLT","MSTR","AMZN","SIVR","COIN"] actual="denominator:spSEI""
[2026-06-16T12:54:19.809Z] scanner-ws: delivered 1 log(s) (blocks 29136572..29136572)
[2026-06-16T12:54:19.816Z] [debug] daemon: condition-filtered router=client_test_01_router_default reason="condition failed: field="${enrichment.fullIntent.Symbol}" operator="in" value=["SPYM","CRCL","TSLA","NVDA","IAU","PPLT","MSTR","AMZN","SIVR","COIN"] actual="denominator:hemiBTC""
[2026-06-16T12:54:19.827Z] scanner-ws: delivered 1 log(s) (blocks 29136572..29136572)
[2026-06-16T12:54:19.831Z] [debug] daemon: condition-filtered router=client_test_01_router_default reason="condition failed: field="${enrichment.fullIntent.Symbol}" operator="in" value=["SPYM","CRCL","TSLA","NVDA","IAU","PPLT","MSTR","AMZN","SIVR","COIN"] actual="numerator:hemiBTC""
[2026-06-16T12:54:19.836Z] scanner-ws: delivered 1 log(s) (blocks 29136572..29136572)
[2026-06-16T12:54:19.844Z] scanner-ws: delivered 1 log(s) (blocks 29136572..29136572)
[2026-06-16T12:54:19.839Z] [debug] daemon: condition-filtered router=client_test_01_router_default reason="condition failed: field="${enrichment.fullIntent.Symbol}" operator="in" value=["SPYM","CRCL","TSLA","NVDA","IAU","PPLT","MSTR","AMZN","SIVR","COIN"] actual="numerator:spSEI""
[2026-06-16T12:54:19.852Z] [debug] daemon: condition-filtered router=client_test_01_router_default reason="condition failed: field="${enrichment.fullIntent.Symbol}" operator="in" value=["SPYM","CRCL","TSLA","NVDA","IAU","PPLT","MSTR","AMZN","SIVR","COIN"] actual="usdValue:hemiBTC""
[2026-06-16T12:54:19.858Z] scanner-ws: delivered 1 log(s) (blocks 29136572..29136572)
[2026-06-16T12:54:19.861Z] [debug] daemon: condition-filtered router=client_test_01_router_default reason="condition failed: field="${enrichment.fullIntent.Symbol}" operator="in" value=["SPYM","CRCL","TSLA","NVDA","IAU","PPLT","MSTR","AMZN","SIVR","COIN"] actual="usdValue:spSEI""
[2026-06-16T12:54:19.865Z] scanner-ws: delivered 1 log(s) (blocks 29136572..29136572)
[2026-06-16T12:54:19.869Z] [debug] daemon: condition-filtered router=client_test_01_router_default reason="condition failed: field="${enrichment.fullIntent.Symbol}" operator="in" value=["SPYM","CRCL","TSLA","NVDA","IAU","PPLT","MSTR","AMZN","SIVR","COIN"] actual="fairValue:hemiBTC""
[2026-06-16T12:54:19.873Z] scanner-ws: delivered 1 log(s) (blocks 29136572..29136572)
[2026-06-16T12:54:26.541Z] scanner-http: scanned 29136560..29136581 (8 log(s), head=29136587, finalized=29136581)
[2026-06-16T12:54:27.001Z] scanner-http: scanned 29136582..29136582 (0 log(s), head=29136588, finalized=29136582)
[2026-06-16T12:54:32.952Z] [debug] [clients/client-test-01.json] submit: intentHash=0x57b13e628cd74ca262c0594d23eef543369e9e389bb1071872e1c0bc6749e3d3 symbol=COIN
[2026-06-16T12:54:32.952Z] [debug] submitOracleUpdate: intentHash=0x57b13e628cd74ca262c0594d23eef543369e9e389bb1071872e1c0bc6749e3d3 symbol=COIN
[2026-06-16T12:54:32.952Z] [debug] loading state: client=../state/mainnet_run_20260616-074413/clients/client-test-01.json protocol=../state/mainnet_run_20260616-074413/config-bootstrap.json
[2026-06-16T12:54:32.967Z] cron-service: resubmitting COIN (router=client_test_01_router_default, confirmedAge=411s, ceiling=600s, intentHash=0x57b13e628cd74ca262c0594d23eef543369e9e389bb1071872e1c0bc6749e3d3).
[2026-06-16T12:54:32.982Z] [debug] connecting to Cardano…
[2026-06-16T12:54:37.829Z] [debug] building oracle update tx for symbol=COIN
[2026-06-16T12:54:37.902Z] scanner-http: scanned 29136583..29136597 (0 log(s), head=29136603, finalized=29136597)
[2026-06-16T12:54:38.366Z] scanner-http: scanned 29136598..29136598 (0 log(s), head=29136604, finalized=29136598)
[2026-06-16T12:54:41.043Z] [debug] daemon: condition-filtered router=client_test_01_router_default reason="condition failed: field="${enrichment.fullIntent.Symbol}" operator="in" value=["SPYM","CRCL","TSLA","NVDA","IAU","PPLT","MSTR","AMZN","SIVR","COIN"] actual="ARS/USDT""
[2026-06-16T12:54:41.049Z] scanner-ws: delivered 1 log(s) (blocks 29136610..29136610)
[2026-06-16T12:54:41.456Z] [debug] daemon: policy-filtered router=client_test_01_router_default dest=0
[2026-06-16T12:54:41.463Z] scanner-ws: delivered 1 log(s) (blocks 29136611..29136611)
[2026-06-16T12:54:42.022Z] [debug] submitted: txHash=4c80f188b4165c17781113086315c02764c4c6a06bfa09f9686db2a96ea91a45 intentHash=0x57b13e628cd74ca262c0594d23eef543369e9e389bb1071872e1c0bc6749e3d3
[2026-06-16T12:54:49.365Z] scanner-http: scanned 29136599..29136620 (2 log(s), head=29136626, finalized=29136620)
[2026-06-16T12:54:49.813Z] scanner-http: scanned 29136621..29136621 (0 log(s), head=29136627, finalized=29136621)
[2026-06-16T12:54:58.399Z] scanner-ws: delivered 1 log(s) (blocks 29136639..29136639)
[2026-06-16T12:54:58.393Z] [debug] daemon: condition-filtered router=client_test_01_router_default reason="condition failed: field="${enrichment.fullIntent.Symbol}" operator="in" value=["SPYM","CRCL","TSLA","NVDA","IAU","PPLT","MSTR","AMZN","SIVR","COIN"] actual="fairValue:spSEI""
[2026-06-16T12:54:58.485Z] [debug] daemon: condition-filtered router=client_test_01_router_default reason="condition failed: field="${enrichment.fullIntent.Symbol}" operator="in" value=["SPYM","CRCL","TSLA","NVDA","IAU","PPLT","MSTR","AMZN","SIVR","COIN"] actual="denominator:spSEI""
[2026-06-16T12:54:58.491Z] scanner-ws: delivered 1 log(s) (blocks 29136639..29136639)
[2026-06-16T12:54:58.502Z] [debug] daemon: condition-filtered router=client_test_01_router_default reason="condition failed: field="${enrichment.fullIntent.Symbol}" operator="in" value=["SPYM","CRCL","TSLA","NVDA","IAU","PPLT","MSTR","AMZN","SIVR","COIN"] actual="denominator:hemiBTC""
[2026-06-16T12:54:58.507Z] scanner-ws: delivered 1 log(s) (blocks 29136639..29136639)
[2026-06-16T12:54:58.511Z] [debug] daemon: condition-filtered router=client_test_01_router_default reason="condition failed: field="${enrichment.fullIntent.Symbol}" operator="in" value=["SPYM","CRCL","TSLA","NVDA","IAU","PPLT","MSTR","AMZN","SIVR","COIN"] actual="numerator:hemiBTC""
[2026-06-16T12:54:58.518Z] scanner-ws: delivered 1 log(s) (blocks 29136639..29136639)
[2026-06-16T12:54:58.521Z] [debug] daemon: condition-filtered router=client_test_01_router_default reason="condition failed: field="${enrichment.fullIntent.Symbol}" operator="in" value=["SPYM","CRCL","TSLA","NVDA","IAU","PPLT","MSTR","AMZN","SIVR","COIN"] actual="usdValue:hemiBTC""
[2026-06-16T12:54:58.527Z] scanner-ws: delivered 1 log(s) (blocks 29136639..29136639)
[2026-06-16T12:54:58.530Z] [debug] daemon: condition-filtered router=client_test_01_router_default reason="condition failed: field="${enrichment.fullIntent.Symbol}" operator="in" value=["SPYM","CRCL","TSLA","NVDA","IAU","PPLT","MSTR","AMZN","SIVR","COIN"] actual="fairValue:hemiBTC""
[2026-06-16T12:54:58.535Z] scanner-ws: delivered 1 log(s) (blocks 29136639..29136639)
[2026-06-16T12:54:58.539Z] [debug] daemon: condition-filtered router=client_test_01_router_default reason="condition failed: field="${enrichment.fullIntent.Symbol}" operator="in" value=["SPYM","CRCL","TSLA","NVDA","IAU","PPLT","MSTR","AMZN","SIVR","COIN"] actual="numerator:spSEI""
[2026-06-16T12:54:58.546Z] scanner-ws: delivered 1 log(s) (blocks 29136639..29136639)
[2026-06-16T12:54:58.578Z] [debug] daemon: condition-filtered router=client_test_01_router_default reason="condition failed: field="${enrichment.fullIntent.Symbol}" operator="in" value=["SPYM","CRCL","TSLA","NVDA","IAU","PPLT","MSTR","AMZN","SIVR","COIN"] actual="usdValue:spSEI""
[2026-06-16T12:54:58.582Z] scanner-ws: delivered 1 log(s) (blocks 29136639..29136639)
[2026-06-16T12:55:00.706Z] scanner-http: scanned 29136622..29136639 (8 log(s), head=29136645, finalized=29136639)
[2026-06-16T12:55:01.260Z] scanner-http: scanned 29136640..29136640 (0 log(s), head=29136646, finalized=29136640)
[2026-06-16T12:55:02.891Z] cron-service: resubmitting COIN (router=client_test_01_router_default, confirmedAge=441s, ceiling=600s, intentHash=0x57b13e628cd74ca262c0594d23eef543369e9e389bb1071872e1c0bc6749e3d3).
[2026-06-16T12:55:12.165Z] scanner-http: scanned 29136641..29136654 (0 log(s), head=29136660, finalized=29136654)
[2026-06-16T12:55:12.527Z] scanner-http: scanned 29136655..29136656 (0 log(s), head=29136662, finalized=29136656)
[2026-06-16T12:55:19.784Z] [debug] daemon: condition-filtered router=client_test_01_router_default reason="condition failed: field="${enrichment.fullIntent.Symbol}" operator="in" value=["SPYM","CRCL","TSLA","NVDA","IAU","PPLT","MSTR","AMZN","SIVR","COIN"] actual="fairValue:spSEI""
[2026-06-16T12:55:19.789Z] scanner-ws: delivered 1 log(s) (blocks 29136673..29136673)
[2026-06-16T12:55:19.884Z] [debug] daemon: condition-filtered router=client_test_01_router_default reason="condition failed: field="${enrichment.fullIntent.Symbol}" operator="in" value=["SPYM","CRCL","TSLA","NVDA","IAU","PPLT","MSTR","AMZN","SIVR","COIN"] actual="denominator:spSEI""
[2026-06-16T12:55:19.889Z] scanner-ws: delivered 1 log(s) (blocks 29136673..29136673)
[2026-06-16T12:55:19.895Z] [debug] daemon: condition-filtered router=client_test_01_router_default reason="condition failed: field="${enrichment.fullIntent.Symbol}" operator="in" value=["SPYM","CRCL","TSLA","NVDA","IAU","PPLT","MSTR","AMZN","SIVR","COIN"] actual="usdValue:spSEI""
[2026-06-16T12:55:19.902Z] scanner-ws: delivered 1 log(s) (blocks 29136673..29136673)
[2026-06-16T12:55:19.921Z] [debug] daemon: condition-filtered router=client_test_01_router_default reason="condition failed: field="${enrichment.fullIntent.Symbol}" operator="in" value=["SPYM","CRCL","TSLA","NVDA","IAU","PPLT","MSTR","AMZN","SIVR","COIN"] actual="usdValue:hemiBTC""
[2026-06-16T12:55:19.930Z] scanner-ws: delivered 1 log(s) (blocks 29136673..29136673)
[2026-06-16T12:55:19.942Z] scanner-ws: delivered 1 log(s) (blocks 29136673..29136673)
[2026-06-16T12:55:19.934Z] [debug] daemon: condition-filtered router=client_test_01_router_default reason="condition failed: field="${enrichment.fullIntent.Symbol}" operator="in" value=["SPYM","CRCL","TSLA","NVDA","IAU","PPLT","MSTR","AMZN","SIVR","COIN"] actual="numerator:hemiBTC""
[2026-06-16T12:55:19.946Z] [debug] daemon: condition-filtered router=client_test_01_router_default reason="condition failed: field="${enrichment.fullIntent.Symbol}" operator="in" value=["SPYM","CRCL","TSLA","NVDA","IAU","PPLT","MSTR","AMZN","SIVR","COIN"] actual="numerator:spSEI""
[2026-06-16T12:55:19.952Z] scanner-ws: delivered 1 log(s) (blocks 29136673..29136673)
[2026-06-16T12:55:19.963Z] scanner-ws: delivered 1 log(s) (blocks 29136673..29136673)
[2026-06-16T12:55:19.957Z] [debug] daemon: condition-filtered router=client_test_01_router_default reason="condition failed: field="${enrichment.fullIntent.Symbol}" operator="in" value=["SPYM","CRCL","TSLA","NVDA","IAU","PPLT","MSTR","AMZN","SIVR","COIN"] actual="denominator:hemiBTC""
[2026-06-16T12:55:19.974Z] [debug] daemon: condition-filtered router=client_test_01_router_default reason="condition failed: field="${enrichment.fullIntent.Symbol}" operator="in" value=["SPYM","CRCL","TSLA","NVDA","IAU","PPLT","MSTR","AMZN","SIVR","COIN"] actual="fairValue:hemiBTC""
[2026-06-16T12:55:19.981Z] scanner-ws: delivered 1 log(s) (blocks 29136673..29136673)
[2026-06-16T12:55:23.430Z] scanner-http: scanned 29136657..29136674 (8 log(s), head=29136680, finalized=29136674)
[2026-06-16T12:55:23.879Z] scanner-http: scanned 29136675..29136675 (0 log(s), head=29136681, finalized=29136675)
[2026-06-16T12:55:32.812Z] cron-service: resubmitting COIN (router=client_test_01_router_default, confirmedAge=471s, ceiling=600s, intentHash=0x57b13e628cd74ca262c0594d23eef543369e9e389bb1071872e1c0bc6749e3d3).
[2026-06-16T12:55:34.762Z] scanner-http: scanned 29136676..29136695 (0 log(s), head=29136701, finalized=29136695)
[2026-06-16T12:55:35.211Z] scanner-http: scanned 29136696..29136697 (0 log(s), head=29136703, finalized=29136697)
[2026-06-16T12:55:41.157Z] [debug] daemon: condition-filtered router=client_test_01_router_default reason="condition failed: field="${enrichment.fullIntent.Symbol}" operator="in" value=["SPYM","CRCL","TSLA","NVDA","IAU","PPLT","MSTR","AMZN","SIVR","COIN"] actual="ARS/USDT""
[2026-06-16T12:55:41.163Z] scanner-ws: delivered 1 log(s) (blocks 29136712..29136712)
[2026-06-16T12:55:46.190Z] scanner-http: scanned 29136698..29136720 (1 log(s), head=29136726, finalized=29136720)
[2026-06-16T12:55:57.030Z] scanner-http: scanned 29136721..29136732 (0 log(s), head=29136738, finalized=29136732)
[2026-06-16T12:55:57.481Z] scanner-http: scanned 29136733..29136733 (0 log(s), head=29136739, finalized=29136733)
[2026-06-16T12:55:58.276Z] [debug] daemon: condition-filtered router=client_test_01_router_default reason="condition failed: field="${enrichment.fullIntent.Symbol}" operator="in" value=["SPYM","CRCL","TSLA","NVDA","IAU","PPLT","MSTR","AMZN","SIVR","COIN"] actual="fairValue:spSEI""
[2026-06-16T12:55:58.283Z] scanner-ws: delivered 1 log(s) (blocks 29136740..29136740)
[2026-06-16T12:55:58.288Z] [debug] daemon: condition-filtered router=client_test_01_router_default reason="condition failed: field="${enrichment.fullIntent.Symbol}" operator="in" value=["SPYM","CRCL","TSLA","NVDA","IAU","PPLT","MSTR","AMZN","SIVR","COIN"] actual="usdValue:spSEI""
[2026-06-16T12:55:58.294Z] scanner-ws: delivered 1 log(s) (blocks 29136740..29136740)
[2026-06-16T12:55:58.376Z] scanner-ws: delivered 1 log(s) (blocks 29136740..29136740)
[2026-06-16T12:55:58.369Z] [debug] daemon: condition-filtered router=client_test_01_router_default reason="condition failed: field="${enrichment.fullIntent.Symbol}" operator="in" value=["SPYM","CRCL","TSLA","NVDA","IAU","PPLT","MSTR","AMZN","SIVR","COIN"] actual="fairValue:hemiBTC""
[2026-06-16T12:55:58.381Z] [debug] daemon: condition-filtered router=client_test_01_router_default reason="condition failed: field="${enrichment.fullIntent.Symbol}" operator="in" value=["SPYM","CRCL","TSLA","NVDA","IAU","PPLT","MSTR","AMZN","SIVR","COIN"] actual="numerator:spSEI""
[2026-06-16T12:55:58.387Z] scanner-ws: delivered 1 log(s) (blocks 29136740..29136740)
[2026-06-16T12:55:58.397Z] [debug] daemon: condition-filtered router=client_test_01_router_default reason="condition failed: field="${enrichment.fullIntent.Symbol}" operator="in" value=["SPYM","CRCL","TSLA","NVDA","IAU","PPLT","MSTR","AMZN","SIVR","COIN"] actual="usdValue:hemiBTC""
[2026-06-16T12:55:58.403Z] scanner-ws: delivered 1 log(s) (blocks 29136740..29136740)
[2026-06-16T12:55:58.411Z] scanner-ws: delivered 1 log(s) (blocks 29136740..29136740)
[2026-06-16T12:55:58.406Z] [debug] daemon: condition-filtered router=client_test_01_router_default reason="condition failed: field="${enrichment.fullIntent.Symbol}" operator="in" value=["SPYM","CRCL","TSLA","NVDA","IAU","PPLT","MSTR","AMZN","SIVR","COIN"] actual="denominator:spSEI""
[2026-06-16T12:55:58.415Z] [debug] daemon: condition-filtered router=client_test_01_router_default reason="condition failed: field="${enrichment.fullIntent.Symbol}" operator="in" value=["SPYM","CRCL","TSLA","NVDA","IAU","PPLT","MSTR","AMZN","SIVR","COIN"] actual="denominator:hemiBTC""
[2026-06-16T12:55:58.418Z] scanner-ws: delivered 1 log(s) (blocks 29136740..29136740)
[2026-06-16T12:55:58.422Z] [debug] daemon: condition-filtered router=client_test_01_router_default reason="condition failed: field="${enrichment.fullIntent.Symbol}" operator="in" value=["SPYM","CRCL","TSLA","NVDA","IAU","PPLT","MSTR","AMZN","SIVR","COIN"] actual="numerator:hemiBTC""
[2026-06-16T12:55:58.427Z] scanner-ws: delivered 1 log(s) (blocks 29136740..29136740)
[2026-06-16T12:56:02.733Z] cron-service: resubmitting COIN (router=client_test_01_router_default, confirmedAge=501s, ceiling=600s, intentHash=0x57b13e628cd74ca262c0594d23eef543369e9e389bb1071872e1c0bc6749e3d3).
[2026-06-16T12:56:08.637Z] scanner-http: scanned 29136734..29136749 (8 log(s), head=29136755, finalized=29136749)
[2026-06-16T12:56:09.423Z] scanner-http: scanned 29136750..29136750 (0 log(s), head=29136756, finalized=29136750)
[2026-06-16T12:56:09.879Z] scanner-http: scanned 29136751..29136751 (0 log(s), head=29136757, finalized=29136751)
[2026-06-16T12:56:18.872Z] [debug] Confirmed by Blockfrost: oracle update (COIN, intentHash=0x57b13e628cd74ca262c0594d23eef543369e9e389bb1071872e1c0bc6749e3d3) 4c80f188b4165c17781113086315c02764c4c6a06bfa09f9686db2a96ea91a45.
[2026-06-16T12:56:19.879Z] [debug] daemon: condition-filtered router=client_test_01_router_default reason="condition failed: field="${enrichment.fullIntent.Symbol}" operator="in" value=["SPYM","CRCL","TSLA","NVDA","IAU","PPLT","MSTR","AMZN","SIVR","COIN"] actual="fairValue:spSEI""
[2026-06-16T12:56:19.885Z] scanner-ws: delivered 1 log(s) (blocks 29136774..29136774)
[2026-06-16T12:56:19.964Z] [debug] daemon: condition-filtered router=client_test_01_router_default reason="condition failed: field="${enrichment.fullIntent.Symbol}" operator="in" value=["SPYM","CRCL","TSLA","NVDA","IAU","PPLT","MSTR","AMZN","SIVR","COIN"] actual="numerator:spSEI""
[2026-06-16T12:56:19.970Z] scanner-ws: delivered 1 log(s) (blocks 29136774..29136774)
[2026-06-16T12:56:19.982Z] [debug] daemon: condition-filtered router=client_test_01_router_default reason="condition failed: field="${enrichment.fullIntent.Symbol}" operator="in" value=["SPYM","CRCL","TSLA","NVDA","IAU","PPLT","MSTR","AMZN","SIVR","COIN"] actual="usdValue:hemiBTC""
[2026-06-16T12:56:19.988Z] scanner-ws: delivered 1 log(s) (blocks 29136774..29136774)
[2026-06-16T12:56:19.995Z] [debug] daemon: condition-filtered router=client_test_01_router_default reason="condition failed: field="${enrichment.fullIntent.Symbol}" operator="in" value=["SPYM","CRCL","TSLA","NVDA","IAU","PPLT","MSTR","AMZN","SIVR","COIN"] actual="denominator:hemiBTC""
[2026-06-16T12:56:20.000Z] scanner-ws: delivered 1 log(s) (blocks 29136774..29136774)
[2026-06-16T12:56:20.006Z] [debug] daemon: condition-filtered router=client_test_01_router_default reason="condition failed: field="${enrichment.fullIntent.Symbol}" operator="in" value=["SPYM","CRCL","TSLA","NVDA","IAU","PPLT","MSTR","AMZN","SIVR","COIN"] actual="denominator:spSEI""
[2026-06-16T12:56:20.012Z] scanner-ws: delivered 1 log(s) (blocks 29136774..29136774)
[2026-06-16T12:56:20.014Z] [debug] daemon: condition-filtered router=client_test_01_router_default reason="condition failed: field="${enrichment.fullIntent.Symbol}" operator="in" value=["SPYM","CRCL","TSLA","NVDA","IAU","PPLT","MSTR","AMZN","SIVR","COIN"] actual="fairValue:hemiBTC""
[2026-06-16T12:56:20.018Z] scanner-ws: delivered 1 log(s) (blocks 29136774..29136774)
[2026-06-16T12:56:20.465Z] scanner-http: scanned 29136752..29136769 (0 log(s), head=29136775, finalized=29136769)
[2026-06-16T12:56:20.912Z] scanner-http: scanned 29136770..29136770 (0 log(s), head=29136776, finalized=29136770)
[2026-06-16T12:56:20.989Z] [debug] daemon: condition-filtered router=client_test_01_router_default reason="condition failed: field="${enrichment.fullIntent.Symbol}" operator="in" value=["SPYM","CRCL","TSLA","NVDA","IAU","PPLT","MSTR","AMZN","SIVR","COIN"] actual="usdValue:spSEI""
[2026-06-16T12:56:20.993Z] scanner-ws: delivered 1 log(s) (blocks 29136774..29136774)
[2026-06-16T12:56:20.997Z] [debug] daemon: condition-filtered router=client_test_01_router_default reason="condition failed: field="${enrichment.fullIntent.Symbol}" operator="in" value=["SPYM","CRCL","TSLA","NVDA","IAU","PPLT","MSTR","AMZN","SIVR","COIN"] actual="numerator:hemiBTC""
[2026-06-16T12:56:21.000Z] scanner-ws: delivered 1 log(s) (blocks 29136774..29136774)
[2026-06-16T12:56:26.037Z] [debug] confirmed: txHash=4c80f188b4165c17781113086315c02764c4c6a06bfa09f9686db2a96ea91a45 receiverUnit=6ec4b5aa572382beb11bb8db28a87884d147afe4e2b3d8f5a7331a254449415f52454345495645525f434c49454e545f41
[2026-06-16T12:56:28.843Z] [debug] [clients/client-test-01.json] confirmed: txHash=4c80f188b4165c17781113086315c02764c4c6a06bfa09f9686db2a96ea91a45 intentHash=0x57b13e628cd74ca262c0594d23eef543369e9e389bb1071872e1c0bc6749e3d3 receiverUnit=6ec4b5aa572382beb11bb8db28a87884d147afe4e2b3d8f5a7331a254449415f52454345495645525f434c49454e545f41
[2026-06-16T12:56:28.855Z] [debug] [clients/client-test-01.json] submit: intentHash=0x57b13e628cd74ca262c0594d23eef543369e9e389bb1071872e1c0bc6749e3d3 symbol=COIN
[2026-06-16T12:56:28.855Z] [debug] loading state: client=../state/mainnet_run_20260616-074413/clients/client-test-01.json protocol=../state/mainnet_run_20260616-074413/config-bootstrap.json
[2026-06-16T12:56:28.855Z] [debug] submitOracleUpdate: intentHash=0x57b13e628cd74ca262c0594d23eef543369e9e389bb1071872e1c0bc6749e3d3 symbol=COIN
[2026-06-16T12:56:28.862Z] [debug] connecting to Cardano…
[2026-06-16T12:56:32.024Z] scanner-http: scanned 29136771..29136786 (8 log(s), head=29136792, finalized=29136786)
[2026-06-16T12:56:32.532Z] scanner-http: scanned 29136787..29136788 (0 log(s), head=29136794, finalized=29136788)
[2026-06-16T12:56:33.010Z] scanner-http: scanned 29136789..29136789 (0 log(s), head=29136795, finalized=29136789)
[2026-06-16T12:56:33.545Z] [debug] building oracle update tx for symbol=COIN
[2026-06-16T12:56:33.548Z] [debug] [clients/client-test-01.json] submit failed: intentHash=0x57b13e628cd74ca262c0594d23eef543369e9e389bb1071872e1c0bc6749e3d3 code=NonMonotonicNonce error=Oracle intent timestamp must be greater than the current on-chain timestamp; intent superseded, not submitted.
[2026-06-16T12:56:33.556Z] [info] daemon: intent superseded (no tx) — code=NonMonotonicNonce intentHash=0x57b13e628cd74ca262c0594d23eef543369e9e389bb1071872e1c0bc6749e3d3 symbol=COIN batchSize=1
[2026-06-16T12:56:38.363Z] scanner-ws: delivered 1 log(s) (blocks 29136801..29136801)
[2026-06-16T12:56:41.061Z] [debug] daemon: condition-filtered router=client_test_01_router_default reason="condition failed: field="${enrichment.fullIntent.Symbol}" operator="in" value=["SPYM","CRCL","TSLA","NVDA","IAU","PPLT","MSTR","AMZN","SIVR","COIN"] actual="ARS/USDT""
[2026-06-16T12:56:41.066Z] scanner-ws: delivered 1 log(s) (blocks 29136809..29136809)
[2026-06-16T12:56:44.079Z] scanner-http: scanned 29136790..29136807 (1 log(s), head=29136813, finalized=29136807)
[2026-06-16T12:56:44.808Z] scanner-http: scanned 29136808..29136809 (1 log(s), head=29136815, finalized=29136809)
[2026-06-16T12:56:45.781Z] scanner-http: scanned 29136810..29136812 (0 log(s), head=29136818, finalized=29136812)
[2026-06-16T12:56:46.224Z] scanner-http: scanned 29136813..29136814 (0 log(s), head=29136820, finalized=29136814)
[2026-06-16T12:56:46.727Z] scanner-http: scanned 29136815..29136815 (0 log(s), head=29136821, finalized=29136815)
[2026-06-16T12:56:47.172Z] scanner-http: scanned 29136816..29136816 (0 log(s), head=29136822, finalized=29136816)
[2026-06-16T12:56:58.079Z] scanner-http: scanned 29136817..29136831 (0 log(s), head=29136837, finalized=29136831)
[2026-06-16T12:56:58.343Z] [debug] daemon: condition-filtered router=client_test_01_router_default reason="condition failed: field="${enrichment.fullIntent.Symbol}" operator="in" value=["SPYM","CRCL","TSLA","NVDA","IAU","PPLT","MSTR","AMZN","SIVR","COIN"] actual="usdValue:spSEI""
[2026-06-16T12:56:58.351Z] scanner-ws: delivered 1 log(s) (blocks 29136838..29136838)
[2026-06-16T12:56:58.358Z] [debug] daemon: condition-filtered router=client_test_01_router_default reason="condition failed: field="${enrichment.fullIntent.Symbol}" operator="in" value=["SPYM","CRCL","TSLA","NVDA","IAU","PPLT","MSTR","AMZN","SIVR","COIN"] actual="fairValue:spSEI""
[2026-06-16T12:56:58.366Z] scanner-ws: delivered 1 log(s) (blocks 29136838..29136838)
[2026-06-16T12:56:58.449Z] [debug] daemon: condition-filtered router=client_test_01_router_default reason="condition failed: field="${enrichment.fullIntent.Symbol}" operator="in" value=["SPYM","CRCL","TSLA","NVDA","IAU","PPLT","MSTR","AMZN","SIVR","COIN"] actual="numerator:spSEI""
[2026-06-16T12:56:58.457Z] scanner-ws: delivered 1 log(s) (blocks 29136838..29136838)
[2026-06-16T12:56:58.464Z] [debug] daemon: condition-filtered router=client_test_01_router_default reason="condition failed: field="${enrichment.fullIntent.Symbol}" operator="in" value=["SPYM","CRCL","TSLA","NVDA","IAU","PPLT","MSTR","AMZN","SIVR","COIN"] actual="denominator:spSEI""
[2026-06-16T12:56:58.470Z] scanner-ws: delivered 1 log(s) (blocks 29136838..29136838)
[2026-06-16T12:56:58.474Z] [debug] daemon: condition-filtered router=client_test_01_router_default reason="condition failed: field="${enrichment.fullIntent.Symbol}" operator="in" value=["SPYM","CRCL","TSLA","NVDA","IAU","PPLT","MSTR","AMZN","SIVR","COIN"] actual="fairValue:hemiBTC""
[2026-06-16T12:56:58.478Z] scanner-ws: delivered 1 log(s) (blocks 29136838..29136838)
[2026-06-16T12:56:58.482Z] [debug] daemon: condition-filtered router=client_test_01_router_default reason="condition failed: field="${enrichment.fullIntent.Symbol}" operator="in" value=["SPYM","CRCL","TSLA","NVDA","IAU","PPLT","MSTR","AMZN","SIVR","COIN"] actual="usdValue:hemiBTC""
[2026-06-16T12:56:58.488Z] scanner-ws: delivered 1 log(s) (blocks 29136838..29136838)
[2026-06-16T12:56:58.494Z] [debug] daemon: condition-filtered router=client_test_01_router_default reason="condition failed: field="${enrichment.fullIntent.Symbol}" operator="in" value=["SPYM","CRCL","TSLA","NVDA","IAU","PPLT","MSTR","AMZN","SIVR","COIN"] actual="denominator:hemiBTC""
[2026-06-16T12:56:58.501Z] scanner-ws: delivered 1 log(s) (blocks 29136838..29136838)
[2026-06-16T12:56:58.508Z] [debug] daemon: condition-filtered router=client_test_01_router_default reason="condition failed: field="${enrichment.fullIntent.Symbol}" operator="in" value=["SPYM","CRCL","TSLA","NVDA","IAU","PPLT","MSTR","AMZN","SIVR","COIN"] actual="numerator:hemiBTC""
[2026-06-16T12:56:58.516Z] scanner-ws: delivered 1 log(s) (blocks 29136838..29136838)
[2026-06-16T12:56:58.631Z] scanner-http: scanned 29136832..29136833 (0 log(s), head=29136839, finalized=29136833)
[2026-06-16T12:57:02.575Z] cron-service: resubmitting PPLT (router=client_test_01_router_default, confirmedAge=561s, ceiling=600s, intentHash=0xf203fe52797262bd2b13b121518da9102482a9535fad5be3c55e5d162058959d).
[2026-06-16T12:57:08.253Z] [debug] [clients/client-test-01.json] submit: intentHash=0xf203fe52797262bd2b13b121518da9102482a9535fad5be3c55e5d162058959d symbol=PPLT
[2026-06-16T12:57:08.253Z] [debug] submitOracleUpdate: intentHash=0xf203fe52797262bd2b13b121518da9102482a9535fad5be3c55e5d162058959d symbol=PPLT
[2026-06-16T12:57:08.253Z] [debug] loading state: client=../state/mainnet_run_20260616-074413/clients/client-test-01.json protocol=../state/mainnet_run_20260616-074413/config-bootstrap.json
[2026-06-16T12:57:08.261Z] [debug] connecting to Cardano…
[2026-06-16T12:57:09.737Z] scanner-http: scanned 29136834..29136856 (8 log(s), head=29136862, finalized=29136856)
[2026-06-16T12:57:10.193Z] scanner-http: scanned 29136857..29136857 (0 log(s), head=29136863, finalized=29136857)
[2026-06-16T12:57:10.645Z] scanner-http: scanned 29136858..29136858 (0 log(s), head=29136864, finalized=29136858)
[2026-06-16T12:57:12.820Z] [debug] building oracle update tx for symbol=PPLT
[2026-06-16T12:57:16.780Z] [debug] submitted: txHash=97a013c58b7bffaaf6c887db6b86d46c849ba0408c7de980942b66d9ecafa3f7 intentHash=0xf203fe52797262bd2b13b121518da9102482a9535fad5be3c55e5d162058959d
[2026-06-16T12:57:19.814Z] [debug] daemon: condition-filtered router=client_test_01_router_default reason="condition failed: field="${enrichment.fullIntent.Symbol}" operator="in" value=["SPYM","CRCL","TSLA","NVDA","IAU","PPLT","MSTR","AMZN","SIVR","COIN"] actual="fairValue:spSEI""
[2026-06-16T12:57:19.822Z] scanner-ws: delivered 1 log(s) (blocks 29136880..29136880)
[2026-06-16T12:57:19.901Z] [debug] daemon: condition-filtered router=client_test_01_router_default reason="condition failed: field="${enrichment.fullIntent.Symbol}" operator="in" value=["SPYM","CRCL","TSLA","NVDA","IAU","PPLT","MSTR","AMZN","SIVR","COIN"] actual="numerator:spSEI""
[2026-06-16T12:57:19.916Z] scanner-ws: delivered 1 log(s) (blocks 29136880..29136880)
[2026-06-16T12:57:19.926Z] [debug] daemon: condition-filtered router=client_test_01_router_default reason="condition failed: field="${enrichment.fullIntent.Symbol}" operator="in" value=["SPYM","CRCL","TSLA","NVDA","IAU","PPLT","MSTR","AMZN","SIVR","COIN"] actual="fairValue:hemiBTC""
[2026-06-16T12:57:19.934Z] scanner-ws: delivered 1 log(s) (blocks 29136880..29136880)
[2026-06-16T12:57:19.946Z] scanner-ws: delivered 1 log(s) (blocks 29136880..29136880)
[2026-06-16T12:57:19.949Z] [debug] daemon: condition-filtered router=client_test_01_router_default reason="condition failed: field="${enrichment.fullIntent.Symbol}" operator="in" value=["SPYM","CRCL","TSLA","NVDA","IAU","PPLT","MSTR","AMZN","SIVR","COIN"] actual="usdValue:spSEI""
[2026-06-16T12:57:19.955Z] scanner-ws: delivered 1 log(s) (blocks 29136880..29136880)
[2026-06-16T12:57:19.957Z] [debug] daemon: condition-filtered router=client_test_01_router_default reason="condition failed: field="${enrichment.fullIntent.Symbol}" operator="in" value=["SPYM","CRCL","TSLA","NVDA","IAU","PPLT","MSTR","AMZN","SIVR","COIN"] actual="usdValue:hemiBTC""
[2026-06-16T12:57:19.963Z] scanner-ws: delivered 1 log(s) (blocks 29136880..29136880)
[2026-06-16T12:57:19.967Z] [debug] daemon: condition-filtered router=client_test_01_router_default reason="condition failed: field="${enrichment.fullIntent.Symbol}" operator="in" value=["SPYM","CRCL","TSLA","NVDA","IAU","PPLT","MSTR","AMZN","SIVR","COIN"] actual="denominator:hemiBTC""
[2026-06-16T12:57:19.938Z] [debug] daemon: condition-filtered router=client_test_01_router_default reason="condition failed: field="${enrichment.fullIntent.Symbol}" operator="in" value=["SPYM","CRCL","TSLA","NVDA","IAU","PPLT","MSTR","AMZN","SIVR","COIN"] actual="numerator:hemiBTC""
[2026-06-16T12:57:19.972Z] scanner-ws: delivered 1 log(s) (blocks 29136880..29136880)
[2026-06-16T12:57:19.976Z] [debug] daemon: condition-filtered router=client_test_01_router_default reason="condition failed: field="${enrichment.fullIntent.Symbol}" operator="in" value=["SPYM","CRCL","TSLA","NVDA","IAU","PPLT","MSTR","AMZN","SIVR","COIN"] actual="denominator:spSEI""
[2026-06-16T12:57:19.981Z] scanner-ws: delivered 1 log(s) (blocks 29136880..29136880)
[2026-06-16T12:57:21.235Z] scanner-http: scanned 29136859..29136877 (0 log(s), head=29136883, finalized=29136877)
[2026-06-16T12:57:32.434Z] scanner-http: scanned 29136878..29136892 (8 log(s), head=29136898, finalized=29136892)
[2026-06-16T12:57:32.489Z] cron-service: resubmitting PPLT (router=client_test_01_router_default, confirmedAge=591s, ceiling=600s, intentHash=0xf203fe52797262bd2b13b121518da9102482a9535fad5be3c55e5d162058959d).
[2026-06-16T12:57:32.899Z] scanner-http: scanned 29136893..29136894 (0 log(s), head=29136900, finalized=29136894)
[2026-06-16T12:57:41.164Z] [debug] daemon: condition-filtered router=client_test_01_router_default reason="condition failed: field="${enrichment.fullIntent.Symbol}" operator="in" value=["SPYM","CRCL","TSLA","NVDA","IAU","PPLT","MSTR","AMZN","SIVR","COIN"] actual="ARS/USDT""
[2026-06-16T12:57:41.169Z] scanner-ws: delivered 1 log(s) (blocks 29136914..29136914)
[2026-06-16T12:57:43.631Z] scanner-http: scanned 29136895..29136911 (0 log(s), head=29136917, finalized=29136911)
[2026-06-16T12:57:54.715Z] scanner-http: scanned 29136912..29136929 (1 log(s), head=29136935, finalized=29136929)
[2026-06-16T12:57:55.152Z] scanner-http: scanned 29136930..29136930 (0 log(s), head=29136936, finalized=29136930)
[2026-06-16T12:57:55.598Z] scanner-http: scanned 29136931..29136931 (0 log(s), head=29136937, finalized=29136931)
[2026-06-16T12:57:58.248Z] [debug] daemon: condition-filtered router=client_test_01_router_default reason="condition failed: field="${enrichment.fullIntent.Symbol}" operator="in" value=["SPYM","CRCL","TSLA","NVDA","IAU","PPLT","MSTR","AMZN","SIVR","COIN"] actual="usdValue:spSEI""
[2026-06-16T12:57:58.254Z] scanner-ws: delivered 1 log(s) (blocks 29136940..29136940)
[2026-06-16T12:57:58.260Z] [debug] daemon: condition-filtered router=client_test_01_router_default reason="condition failed: field="${enrichment.fullIntent.Symbol}" operator="in" value=["SPYM","CRCL","TSLA","NVDA","IAU","PPLT","MSTR","AMZN","SIVR","COIN"] actual="fairValue:spSEI""
[2026-06-16T12:57:58.264Z] scanner-ws: delivered 1 log(s) (blocks 29136940..29136940)
[2026-06-16T12:57:58.362Z] [debug] daemon: condition-filtered router=client_test_01_router_default reason="condition failed: field="${enrichment.fullIntent.Symbol}" operator="in" value=["SPYM","CRCL","TSLA","NVDA","IAU","PPLT","MSTR","AMZN","SIVR","COIN"] actual="fairValue:hemiBTC""
[2026-06-16T12:57:58.370Z] scanner-ws: delivered 1 log(s) (blocks 29136940..29136940)
[2026-06-16T12:57:58.382Z] [debug] daemon: condition-filtered router=client_test_01_router_default reason="condition failed: field="${enrichment.fullIntent.Symbol}" operator="in" value=["SPYM","CRCL","TSLA","NVDA","IAU","PPLT","MSTR","AMZN","SIVR","COIN"] actual="denominator:hemiBTC""
[2026-06-16T12:57:58.389Z] scanner-ws: delivered 1 log(s) (blocks 29136940..29136940)
[2026-06-16T12:57:58.393Z] [debug] daemon: condition-filtered router=client_test_01_router_default reason="condition failed: field="${enrichment.fullIntent.Symbol}" operator="in" value=["SPYM","CRCL","TSLA","NVDA","IAU","PPLT","MSTR","AMZN","SIVR","COIN"] actual="usdValue:hemiBTC""
[2026-06-16T12:57:58.399Z] scanner-ws: delivered 1 log(s) (blocks 29136940..29136940)
[2026-06-16T12:57:58.402Z] [debug] daemon: condition-filtered router=client_test_01_router_default reason="condition failed: field="${enrichment.fullIntent.Symbol}" operator="in" value=["SPYM","CRCL","TSLA","NVDA","IAU","PPLT","MSTR","AMZN","SIVR","COIN"] actual="denominator:spSEI""
[2026-06-16T12:57:58.407Z] scanner-ws: delivered 1 log(s) (blocks 29136940..29136940)
[2026-06-16T12:57:58.410Z] [debug] daemon: condition-filtered router=client_test_01_router_default reason="condition failed: field="${enrichment.fullIntent.Symbol}" operator="in" value=["SPYM","CRCL","TSLA","NVDA","IAU","PPLT","MSTR","AMZN","SIVR","COIN"] actual="numerator:hemiBTC""
[2026-06-16T12:57:58.414Z] scanner-ws: delivered 1 log(s) (blocks 29136940..29136940)
[2026-06-16T12:57:58.419Z] [debug] daemon: condition-filtered router=client_test_01_router_default reason="condition failed: field="${enrichment.fullIntent.Symbol}" operator="in" value=["SPYM","CRCL","TSLA","NVDA","IAU","PPLT","MSTR","AMZN","SIVR","COIN"] actual="numerator:spSEI""
[2026-06-16T12:57:58.423Z] scanner-ws: delivered 1 log(s) (blocks 29136940..29136940)
[2026-06-16T12:58:02.400Z] cron-service: resubmitting PPLT (router=client_test_01_router_default, confirmedAge=621s, ceiling=600s, intentHash=0xf203fe52797262bd2b13b121518da9102482a9535fad5be3c55e5d162058959d).
[2026-06-16T12:58:05.887Z] [debug] Confirmed by Blockfrost: oracle update (PPLT, intentHash=0xf203fe52797262bd2b13b121518da9102482a9535fad5be3c55e5d162058959d) 97a013c58b7bffaaf6c887db6b86d46c849ba0408c7de980942b66d9ecafa3f7.
[2026-06-16T12:58:06.735Z] scanner-http: scanned 29136932..29136949 (8 log(s), head=29136955, finalized=29136949)
[2026-06-16T12:58:07.189Z] scanner-http: scanned 29136950..29136950 (0 log(s), head=29136956, finalized=29136950)
[2026-06-16T12:58:07.850Z] [debug] confirmed: txHash=97a013c58b7bffaaf6c887db6b86d46c849ba0408c7de980942b66d9ecafa3f7 receiverUnit=6ec4b5aa572382beb11bb8db28a87884d147afe4e2b3d8f5a7331a254449415f52454345495645525f434c49454e545f41
[2026-06-16T12:58:10.641Z] [debug] [clients/client-test-01.json] confirmed: txHash=97a013c58b7bffaaf6c887db6b86d46c849ba0408c7de980942b66d9ecafa3f7 intentHash=0xf203fe52797262bd2b13b121518da9102482a9535fad5be3c55e5d162058959d receiverUnit=6ec4b5aa572382beb11bb8db28a87884d147afe4e2b3d8f5a7331a254449415f52454345495645525f434c49454e545f41
[2026-06-16T12:58:10.675Z] [debug] [clients/client-test-01.json] submit: intentHash=0xf203fe52797262bd2b13b121518da9102482a9535fad5be3c55e5d162058959d symbol=PPLT
[2026-06-16T12:58:10.675Z] [debug] loading state: client=../state/mainnet_run_20260616-074413/clients/client-test-01.json protocol=../state/mainnet_run_20260616-074413/config-bootstrap.json
[2026-06-16T12:58:10.675Z] [debug] submitOracleUpdate: intentHash=0xf203fe52797262bd2b13b121518da9102482a9535fad5be3c55e5d162058959d symbol=PPLT
[2026-06-16T12:58:10.685Z] [debug] connecting to Cardano…
