id,intent_hash,cardano_tx_hash,router_id,client_id,customer_id,destination_index,destination_chain_name,destination_contract_address,symbol,price,timestamp,status,error_code,error_message,retry_count,max_retries,fee_paid_lovelace,confirmed_at_depth,submitted_at_ms,confirmed_at_ms,failed_at_ms,created_at_ms
1,0xee5a3db0380e76f8e2a077d4da2f793d51975b82bf8eb5c4a875daa79e240757,0e3565210af39af7a8c750a9459c4047bb71ba539d58453bfa99b84369407566,client_test_02_router_default,client-test-02,customer-test-02,0,"","",BTC/USD,"",0,confirmed,,,0,0,,,1784203348797,1784203434201,,1784203348797
2,0x7df03cf4f62ea061de45f26b39f9ddfccac7e5a239c1daa58cfaab416fe558d0,6f56ef81fcc392a37f052c9635b0b3fcf6cb26718cbca03061cdc29fe9602b8b,client_test_01_router_b_alts,client-test-01,customer-test-01,0,"","",LTC/USD,"",0,confirmed,,,0,0,,,1784203359336,1784203434122,,1784203359336
3,0x9242515a768e9f60f960dcfd7f04f16c979974e7030a040f85a96f48b5dd0960,6f56ef81fcc392a37f052c9635b0b3fcf6cb26718cbca03061cdc29fe9602b8b,client_test_01_router_a_majors,client-test-01,customer-test-01,0,"","",ETH/USD,"",0,confirmed,,,0,0,,,1784203359348,1784203434145,,1784203359348
4,0x8f70b46ea1a0e83295c2dc054064c2e527a822ab2894db1b929127454d59ecb2,6f56ef81fcc392a37f052c9635b0b3fcf6cb26718cbca03061cdc29fe9602b8b,client_test_01_router_b_alts,client-test-01,customer-test-01,0,"","",XVG/USD,"",0,confirmed,,,0,0,,,1784203359354,1784203434167,,1784203359354
5,0x0f47eae8bdaf4d30de79142b870042d3db7a7fb424dc427448ec493bab0a202c,6f56ef81fcc392a37f052c9635b0b3fcf6cb26718cbca03061cdc29fe9602b8b,client_test_01_router_a_majors,client-test-01,customer-test-01,0,"","",DOGE/USD,"",0,confirmed,,,0,0,,,1784203359361,1784203434177,,1784203359361
6,0xfac99191fd59c59eeb641f6dd6c42daab88e1364f0ab69126610de36f7f784a9,6f56ef81fcc392a37f052c9635b0b3fcf6cb26718cbca03061cdc29fe9602b8b,client_test_01_router_b_alts,client-test-01,customer-test-01,0,"","",ARB/USD,"",0,confirmed,,,0,0,,,1784203359366,1784203434191,,1784203359366
7,0xff3e8d470139eb3e00f021ef7da5356cb38ba3b5883ec125545af5d8ace59d99,3f0b7edf7ab3e717f52e324ceef1b76e782fd79942cc294810f2a83ff50fe0b2,client_test_02_router_default,client-test-02,customer-test-02,0,"","",BTC/USD,"",0,confirmed,,,0,0,,,1784203442108,1784203489985,,1784203442108
8,0x68706725410a8833e7edafd917dc84780ae495c672acb30d7d503e76706e107c,3f0b7edf7ab3e717f52e324ceef1b76e782fd79942cc294810f2a83ff50fe0b2,client_test_01_router_a_majors,client-test-01,customer-test-01,0,"","",ETH/USD,"",0,confirmed,,,0,0,,,1784203453026,1784203489999,,1784203453026
9,0xcb0d365ece78e7129636e65409d335d3647cb33ae637107b2f9ce52c5378b9f3,3f0b7edf7ab3e717f52e324ceef1b76e782fd79942cc294810f2a83ff50fe0b2,client_test_01_router_b_alts,client-test-01,customer-test-01,0,"","",XVG/USD,"",0,confirmed,,,0,0,,,1784203453036,1784203490006,,1784203453036
10,0xe49012f81d2755d3928f6833b748a92a9806ab5403204202436eef8c1539e57f,3f0b7edf7ab3e717f52e324ceef1b76e782fd79942cc294810f2a83ff50fe0b2,client_test_01_router_a_majors,client-test-01,customer-test-01,0,"","",DOGE/USD,"",0,confirmed,,,0,0,,,1784203453040,1784203490011,,1784203453040
11,0x9e6c8dd54a82d1ffa202ab9265a2440d26cccb984bf82fa86f3ede3f760abb95,3f0b7edf7ab3e717f52e324ceef1b76e782fd79942cc294810f2a83ff50fe0b2,client_test_01_router_b_alts,client-test-01,customer-test-01,0,"","",ARB/USD,"",0,confirmed,,,0,0,,,1784203453045,1784203490019,,1784203453045
12,0x85e3096d2f3f3c30aefe8a4dee9db06ee732d649da30779e34a0751d9a84d3b8,3f0b7edf7ab3e717f52e324ceef1b76e782fd79942cc294810f2a83ff50fe0b2,client_test_01_router_b_alts,client-test-01,customer-test-01,0,"","",LTC/USD,"",0,confirmed,,,0,0,,,1784203453050,1784203490028,,1784203453050
13,0xddfe06315ad7a1cf3af092cd0dc7187c69af2016270fc60cb7bef483ba04154f,c0f7f9c3af851178f5232473e1c91513fd1c776b490e1bd76c3c8e5dcce750f3,client_test_01_router_a_majors,client-test-01,customer-test-01,0,"","",USDC/USD,"",0,confirmed,,,0,0,,,1784203547061,1784203598527,,1784203547061
14,0x08bc8719f06e19afd11c0e8a27c969786802bb6ef4742f7eaffa60364eb669f7,c0f7f9c3af851178f5232473e1c91513fd1c776b490e1bd76c3c8e5dcce750f3,client_test_01_router_a_majors,client-test-01,customer-test-01,0,"","",USDT/USD,"",0,confirmed,,,0,0,,,1784203547077,1784203598544,,1784203547077
15,0x0334fcd74579e795e44903f6d63efe606beb8bf511238af8b3ccc9cb9c0ab7e0,f612cb9cf32523aeff18db5e7b1de3f2e136961457697161c40819cf51950a13,client_test_01_router_a_majors,client-test-01,customer-test-01,0,"","",BTC/USD,"",0,confirmed,,,0,0,,,1784203609846,1784203660561,,1784203609846
16,0x3080c4997d0f252f8fa3da798f09f083f662df16e8027f007b61c856dc256f57,f612cb9cf32523aeff18db5e7b1de3f2e136961457697161c40819cf51950a13,client_test_01_router_a_majors,client-test-01,customer-test-01,0,"","",ETH/USD,"",0,confirmed,,,0,0,,,1784203609852,1784203660572,,1784203609852
17,0x37ac2dc77b4745658be13bc9d0fe3bbae48e5d436d323437e257483498189820,f612cb9cf32523aeff18db5e7b1de3f2e136961457697161c40819cf51950a13,client_test_01_router_a_majors,client-test-01,customer-test-01,0,"","",DOGE/USD,"",0,confirmed,,,0,0,,,1784203609855,1784203660585,,1784203609855
18,0xde26b1b24e931a606cb993550d0fc7dad4bb69a7f6a64736bb6811c19a4fcd24,aceeca9f7c886b0ee73f4db9bffdc1513510f21b55e60ebae79fcdab727aea8f,client_test_01_router_a_majors,client-test-01,customer-test-01,0,"","",BTC/USD,"",0,confirmed,,,0,0,,,1784203853992,1784203883519,,1784203853992
19,0xf3f6bcfb99b16c81104501f24e043a2f36957681b8f7a872bcd831ad73d01667,5e30d067f4de32b0486d51da315976f11ff3828729a44214720876a5a28540eb,client_test_01_router_a_majors,client-test-01,customer-test-01,0,"","",ETH/USD,"",0,confirmed,,,0,0,,,1784203859750,1784203882145,,1784203859750
20,0xac607b91b9b9cef5073434a38f5154fb3a4c7c86569ed069959b9e4b5553ac7e,5e30d067f4de32b0486d51da315976f11ff3828729a44214720876a5a28540eb,client_test_01_router_a_majors,client-test-01,customer-test-01,0,"","",USDC/USD,"",0,confirmed,,,0,0,,,1784203859764,1784203882153,,1784203859764
21,0x5ef88f3b5e35198a5bde0164496e1ae848a8464c7f2f96264fd3efd7381a8e61,5e30d067f4de32b0486d51da315976f11ff3828729a44214720876a5a28540eb,client_test_01_router_a_majors,client-test-01,customer-test-01,0,"","",DOGE/USD,"",0,confirmed,,,0,0,,,1784203859769,1784203882161,,1784203859769
22,0xaa2b6510dc37419ee398d938ca1dd831512afcc7811dcb78e57cb42684522076,fb274570e9179efd6a014f57d7ea7f035a5f80163f237d5e4155c2a339416cd4,client_test_01_router_a_majors,client-test-01,customer-test-01,0,"","",USDT/USD,"",0,confirmed,,,0,0,,,1784203888252,1784203945989,,1784203888252
23,0x61952a040b0b23451975194d9caa5fe8bb346925db02a194f83a4f745bae075f,ccbcf8dc514e6949f5265a6eb2a554eecb6b1e7401dba57e5e70d816c0614944,client_test_01_router_a_majors,client-test-01,customer-test-01,0,"","",USDT/USD,"",0,confirmed,,,0,0,,,1784203953888,1784204048321,,1784203953888
24,0x07405d3ad9cc4eeeae40448784c3e4271baa35da8efc991053b4deaef9b017cb,c549e05aaa76064e9a5fd84a0fe721c624679803207269c5a568a10f98974095,client_test_01_router_a_majors,client-test-01,customer-test-01,0,"","",USDT/USD,"",0,confirmed,,,0,0,,,1784204165003,1784204194292,,1784204165003
25,0x4e88d6c4af14190d137964e0184459e0152ec3b32e89644c04b372b901d58285,4e102b9b33f3ebf9e8e0b816bde4d66394a496ecaf496f8d3e7343ea359a5b89,client_test_01_router_a_majors,client-test-01,customer-test-01,0,"","",BTC/USD,"",0,confirmed,,,0,0,,,1784204207302,1784204280431,,1784204207302
26,0x8d8fe8c03cbbfaa85a0d394f370ed15b5067b6d1fa7b6be6905b6e3a41e20d6e,4e102b9b33f3ebf9e8e0b816bde4d66394a496ecaf496f8d3e7343ea359a5b89,client_test_01_router_a_majors,client-test-01,customer-test-01,0,"","",ETH/USD,"",0,confirmed,,,0,0,,,1784204207311,1784204280439,,1784204207311
27,0x80b36baff6432416355087e3259564fc327aa25a3e822934c53ceb5b82a8bdbb,4e102b9b33f3ebf9e8e0b816bde4d66394a496ecaf496f8d3e7343ea359a5b89,client_test_01_router_a_majors,client-test-01,customer-test-01,0,"","",USDC/USD,"",0,confirmed,,,0,0,,,1784204207316,1784204280454,,1784204207316
28,0x3e4aa0868b32835874540fea4e3ac935396dd517d435b1f7f723d390fb56dbfb,4e102b9b33f3ebf9e8e0b816bde4d66394a496ecaf496f8d3e7343ea359a5b89,client_test_01_router_a_majors,client-test-01,customer-test-01,0,"","",DOGE/USD,"",0,confirmed,,,0,0,,,1784204207320,1784204280461,,1784204207320
29,0x6709b65214563d287ed32929f42de21f41f87e677396e1d82d3e94eca9f5f894,54d7cb25d03729334cec077c744661f42572553162e2c4cb59855a56d1055ba2,client_test_01_router_a_majors,client-test-01,customer-test-01,0,"","",DOGE/USD,"",0,confirmed,,,0,0,,,1784204293485,1784204316940,,1784204293485
30,0xce1da2188a47e1b7db1d8220ba50c65644b612a27933e785fe5d20c9ef527a02,54d7cb25d03729334cec077c744661f42572553162e2c4cb59855a56d1055ba2,client_test_01_router_a_majors,client-test-01,customer-test-01,0,"","",BTC/USD,"",0,confirmed,,,0,0,,,1784204293495,1784204316954,,1784204293495
31,0x327ad89a94cac17ad17d06fb3e096538e521d6d4bb400f4d7e0256005fc7de66,54d7cb25d03729334cec077c744661f42572553162e2c4cb59855a56d1055ba2,client_test_01_router_a_majors,client-test-01,customer-test-01,0,"","",ETH/USD,"",0,confirmed,,,0,0,,,1784204293500,1784204316962,,1784204293500
32,0x91c574f41a5ff5973b16d8b238454e5f1d92fea07eb419340b3e7c549992192b,54d7cb25d03729334cec077c744661f42572553162e2c4cb59855a56d1055ba2,client_test_01_router_a_majors,client-test-01,customer-test-01,0,"","",USDC/USD,"",0,confirmed,,,0,0,,,1784204293507,1784204316971,,1784204293507
33,0x5bbd99d726daab38f5c256af4f412736ca11627110421942f28aad06026192dc,"",client_test_01_router_a_majors,client-test-01,customer-test-01,0,"","",USDC/USD,999856112882026240,1784204359,failed,IntentAgedOut,"Buffered intent exceeded max_intent_age before the lane flushed. intent_time=2026-07-16T12:19:19.000Z now=2026-07-16T12:49:53.739Z intent_age=30m 34s max_intent_age=15m exceeds_by=15m 34s.",0,0,,,,,1784206193745,1784206193745
34,0x8282f011a7aff0c832ac117b44843a5bc4a8d4a1c6f65e35964ec20806754464,"",client_test_01_router_b_alts,client-test-01,customer-test-01,0,"","",XVG/USD,2101234958399199,1784204394,failed,IntentAgedOut,"Buffered intent exceeded max_intent_age before the lane flushed. intent_time=2026-07-16T12:19:54.000Z now=2026-07-16T12:49:53.739Z intent_age=29m 59s max_intent_age=15m exceeds_by=14m 59s.",0,0,,,,,1784206193763,1784206193763
35,0x7d0c839af944c070d3a9168d7a5465e6c5ec92ef2bbe8a6f69f34eb50f271011,"",client_test_01_router_a_majors,client-test-01,customer-test-01,0,"","",USDT/USD,999176479630635968,1784204397,failed,IntentAgedOut,"Buffered intent exceeded max_intent_age before the lane flushed. intent_time=2026-07-16T12:19:57.000Z now=2026-07-16T12:49:53.739Z intent_age=29m 56s max_intent_age=15m exceeds_by=14m 56s.",0,0,,,,,1784206193770,1784206193770
36,0x9483070443cd74d28151a001bf9e2992f7b56f0bc6127a5117f24ed5848536cc,1301d40be58e39a7d372f57889d557007e66084fc2adb52f05eae60647c02083,client_test_01_router_a_majors,client-test-01,customer-test-01,0,"","",DOGE/USD,"",0,confirmed,,,0,0,,,1784206211102,1784206303210,,1784206211102
37,0xc811aa667995ad40d55e0f684671010d691a0c0c19d1b0b6f940aa3206928005,1301d40be58e39a7d372f57889d557007e66084fc2adb52f05eae60647c02083,client_test_01_router_b_alts,client-test-01,customer-test-01,0,"","",SHIB/USD,"",0,confirmed,,,0,0,,,1784206211106,1784206303220,,1784206211106
38,0x5181fddf028778b3d6fc25a1259edcc80ef7e27ed177a6e90dbcb6b0127bd664,1301d40be58e39a7d372f57889d557007e66084fc2adb52f05eae60647c02083,client_test_01_router_b_alts,client-test-01,customer-test-01,0,"","",ARB/USD,"",0,submitted,,,0,0,,,1784206211110,,,1784206211110
39,0x4ef5f9cd71b0cad10b62743dc1f234c72c183804237d9e6178a9a5e3eef92031,1301d40be58e39a7d372f57889d557007e66084fc2adb52f05eae60647c02083,client_test_01_router_b_alts,client-test-01,customer-test-01,0,"","",LTC/USD,"",0,submitted,,,0,0,,,1784206211115,,,1784206211115
40,0x56283f8824b19933b4ea7424f595bae76a230cd8133dceb2005c1f92556d8193,1301d40be58e39a7d372f57889d557007e66084fc2adb52f05eae60647c02083,client_test_01_router_b_alts,client-test-01,customer-test-01,0,"","",NEIRO/USD,"",0,confirmed,,,0,0,,,1784206211118,1784206303247,,1784206211118
41,0x503dea96848e5c8cf992dd1c4909e7bf68927b2130967568d4b64bd96c683fc0,1301d40be58e39a7d372f57889d557007e66084fc2adb52f05eae60647c02083,client_test_02_router_default,client-test-02,customer-test-02,0,"","",BTC/USD,"",0,submitted,,,0,0,,,1784206211122,,,1784206211122
42,0x1b5a92ce35bf16c02ab45ac0054095f7f99606ce3c18fdc00e647625de45bf34,1301d40be58e39a7d372f57889d557007e66084fc2adb52f05eae60647c02083,client_test_01_router_a_majors,client-test-01,customer-test-01,0,"","",ETH/USD,"",0,submitted,,,0,0,,,1784206211126,,,1784206211126
43,0x503dea96848e5c8cf992dd1c4909e7bf68927b2130967568d4b64bd96c683fc0,"",client_test_02_router_default,client-test-02,customer-test-02,0,"","",BTC/USD,64097504102794859118592,1784206183,failed,NonMonotonicNonce,"Oracle intent nonce must be greater than the current on-chain nonce; intent superseded, not submitted.",0,0,,,,,1784206213092,1784206213092
44,0xb0465f1b0e073cc2dd81a6163cdf4216d85afca85c4bc40e573c0db47da86442,596202671dd7ca8ef5325134152f50914b95f88d6ce674a72093c64041d83f22,client_test_02_router_default,client-test-02,customer-test-02,0,"","",BTC/USD,"",0,confirmed,,,0,0,,,1784206254581,1784206304827,,1784206254581
45,0x5181fddf028778b3d6fc25a1259edcc80ef7e27ed177a6e90dbcb6b0127bd664,"",client_test_01_router_b_alts,client-test-01,customer-test-01,0,"","",ARB/USD,86926937893236848,1784206169,failed,NonMonotonicNonce,"Intent for ARB/USD superseded on chain; not submitted.",0,0,,,,,1784206303229,1784206303229
46,0x4ef5f9cd71b0cad10b62743dc1f234c72c183804237d9e6178a9a5e3eef92031,"",client_test_01_router_b_alts,client-test-01,customer-test-01,0,"","",LTC/USD,44431322600000000000,1784206177,failed,NonMonotonicNonce,"Intent for LTC/USD superseded on chain; not submitted.",0,0,,,,,1784206303241,1784206303241
47,0x503dea96848e5c8cf992dd1c4909e7bf68927b2130967568d4b64bd96c683fc0,"",client_test_01_router_a_majors,client-test-01,customer-test-01,0,"","",BTC/USD,64097504102794859118592,1784206183,failed,NonMonotonicNonce,"Intent for BTC/USD superseded on chain; not submitted.",0,0,,,,,1784206303272,1784206303272
48,0x1b5a92ce35bf16c02ab45ac0054095f7f99606ce3c18fdc00e647625de45bf34,"",client_test_01_router_a_majors,client-test-01,customer-test-01,0,"","",ETH/USD,1878894567872131366912,1784206185,failed,NonMonotonicNonce,"Intent for ETH/USD superseded on chain; not submitted.",0,0,,,,,1784206303279,1784206303279
49,0x4966f28acfb575f3d5593053dc6f9b5e0cc7902b00d0d6e3afbe06c83604725f,6aa10f5cc161e2fc72df8c4d632502a38f1a408fe096762176ad5499d72d550c,client_test_02_router_default,client-test-02,customer-test-02,0,"","",BTC/USD,"",0,confirmed,,,0,0,,,1784206311158,1784206360093,,1784206311158
50,0x382eecd2846114e2cadc1794c0ee487090876478eaf090c21783cf888020be98,6aa10f5cc161e2fc72df8c4d632502a38f1a408fe096762176ad5499d72d550c,client_test_01_router_a_majors,client-test-01,customer-test-01,0,"","",USDC/USD,"",0,confirmed,,,0,0,,,1784206329924,1784206360042,,1784206329924
51,0xd9685dc19a9da3982840edfb99558fe8df359924688ad41f6959ea525d5e9376,6aa10f5cc161e2fc72df8c4d632502a38f1a408fe096762176ad5499d72d550c,client_test_01_router_b_alts,client-test-01,customer-test-01,0,"","",XVG/USD,"",0,confirmed,,,0,0,,,1784206329928,1784206360050,,1784206329928
52,0xd76791ae97ef5f71900391596fde5f26f0e94acd324c979528d500b49a6ee3bb,6aa10f5cc161e2fc72df8c4d632502a38f1a408fe096762176ad5499d72d550c,client_test_01_router_a_majors,client-test-01,customer-test-01,0,"","",DOGE/USD,"",0,confirmed,,,0,0,,,1784206329932,1784206360057,,1784206329932
53,0x720b46c534fecd81459abe3e6a08f317951c98e0ba0a969f4f56bd40e3dbc1e4,6aa10f5cc161e2fc72df8c4d632502a38f1a408fe096762176ad5499d72d550c,client_test_01_router_b_alts,client-test-01,customer-test-01,0,"","",SHIB/USD,"",0,confirmed,,,0,0,,,1784206329935,1784206360063,,1784206329935
54,0x08483ec4b1a18f87f21bf5cee3d7d0b63e700f13bbece7bbb7f10705696ce26c,6aa10f5cc161e2fc72df8c4d632502a38f1a408fe096762176ad5499d72d550c,client_test_01_router_a_majors,client-test-01,customer-test-01,0,"","",USDT/USD,"",0,confirmed,,,0,0,,,1784206329939,1784206360069,,1784206329939
55,0xb470802a56a4a35215ccb7e8b8979ed25a283eff7d772d363f8b10e4554f954c,6aa10f5cc161e2fc72df8c4d632502a38f1a408fe096762176ad5499d72d550c,client_test_01_router_b_alts,client-test-01,customer-test-01,0,"","",ARB/USD,"",0,confirmed,,,0,0,,,1784206329943,1784206360075,,1784206329943
56,0xc570d0d7c3e6f6f81f3f14e2d801a92ccef7d408f0c419221bf76e21cf494e22,6aa10f5cc161e2fc72df8c4d632502a38f1a408fe096762176ad5499d72d550c,client_test_01_router_b_alts,client-test-01,customer-test-01,0,"","",LTC/USD,"",0,confirmed,,,0,0,,,1784206329946,1784206360081,,1784206329946
57,0x5a822be45dbb3d37c2872adf93d84c69f61d6deb7d35385c4b1276263c2b52f2,6aa10f5cc161e2fc72df8c4d632502a38f1a408fe096762176ad5499d72d550c,client_test_01_router_b_alts,client-test-01,customer-test-01,0,"","",NEIRO/USD,"",0,confirmed,,,0,0,,,1784206329950,1784206360086,,1784206329950
58,0x8e0a32a1d32e234d5157291ca17fc16e59c2c1b5a89098719957b930839da62f,6aa10f5cc161e2fc72df8c4d632502a38f1a408fe096762176ad5499d72d550c,client_test_01_router_a_majors,client-test-01,customer-test-01,0,"","",ETH/USD,"",0,confirmed,,,0,0,,,1784206329954,1784206360115,,1784206329954
59,0xa7ca604b20d45fefd63b006194bf8b0179564f9f9c7a3f24569396dd8ab32130,"",client_test_01_router_a_majors,client-test-01,customer-test-01,0,"","",BTC/USD,64145617018166519529472,1784204769,failed,IntentAgedOut,"Buffered intent exceeded max_intent_age before the lane flushed. intent_time=2026-07-16T12:26:09.000Z now=2026-07-16T12:52:40.133Z intent_age=26m 31s max_intent_age=15m exceeds_by=11m 31s.",0,0,,,,,1784206360136,1784206360136
60,0x7730fda894e2cb6767ff044afaacfd64078558ecc2dc2e2bb0817612e8c92787,"",client_test_01_router_a_majors,client-test-01,customer-test-01,0,"","",ETH/USD,1881917306180848713728,1784204771,failed,IntentAgedOut,"Buffered intent exceeded max_intent_age before the lane flushed. intent_time=2026-07-16T12:26:11.000Z now=2026-07-16T12:52:40.133Z intent_age=26m 29s max_intent_age=15m exceeds_by=11m 29s.",0,0,,,,,1784206360141,1784206360141
61,0x32220794f8462f16f38857547391e17f1d7105f6ab17aba6822ceb09857fefd3,"",client_test_01_router_a_majors,client-test-01,customer-test-01,0,"","",USDC/USD,999855823167843200,1784204777,failed,IntentAgedOut,"Buffered intent exceeded max_intent_age before the lane flushed. intent_time=2026-07-16T12:26:17.000Z now=2026-07-16T12:52:40.133Z intent_age=26m 23s max_intent_age=15m exceeds_by=11m 23s.",0,0,,,,,1784206360145,1784206360145
62,0x88c0d2fa1efd6fa888e1d3d87fecf4934f98b47592dbe3b0ed154a23b19006ce,a27f7f0617699b8aeab4b1163a8a694fa995d5014f8ad2d653ee52ccdb90686f,client_test_01_router_b_alts,client-test-01,customer-test-01,0,"","",LTC/USD,"",0,confirmed,,,0,0,,,1784206373194,1784206414875,,1784206373194
63,0x8176cec31aff8e9537f9f9af969a29f68d4267d89c8534351f0c5c2c512a26fd,a27f7f0617699b8aeab4b1163a8a694fa995d5014f8ad2d653ee52ccdb90686f,client_test_01_router_a_majors,client-test-01,customer-test-01,0,"","",USDT/USD,"",0,confirmed,,,0,0,,,1784206373200,1784206414895,,1784206373200
64,0x7b2f0d7ea691c0f0f9a72ee34cfac72d8f0056d217c3525223fcc40fa3aefabb,a27f7f0617699b8aeab4b1163a8a694fa995d5014f8ad2d653ee52ccdb90686f,client_test_01_router_b_alts,client-test-01,customer-test-01,0,"","",ARB/USD,"",0,confirmed,,,0,0,,,1784206373204,1784206414915,,1784206373204
65,0x43c0de902e6ef1d9613defc0a8449485b41eb6757ce38e5fbada1d53008ad075,a27f7f0617699b8aeab4b1163a8a694fa995d5014f8ad2d653ee52ccdb90686f,client_test_01_router_b_alts,client-test-01,customer-test-01,0,"","",XVG/USD,"",0,confirmed,,,0,0,,,1784206373208,1784206414940,,1784206373208
66,0x7a36b33312b70d672b86ca1e74983fe3bc690fdbc1b290bc9dfaeed57c7a1073,ca2fd026f6f7c2ce0e678a9c0871d5038b29a38966235c4424458f23ae16839c,client_test_01_router_a_majors,client-test-01,customer-test-01,0,"","",DOGE/USD,"",0,confirmed,,,0,0,,,1784206609977,1784206646053,,1784206609977
67,0x280eecc3f46f90b4ba4a12fb3216b3cac344998aaf44876cf71594355077d6db,48d57009c6daecbd91c378f6a8ec41ad735b7b0de58cd81b0e673e041742e7a4,client_test_01_router_a_majors,client-test-01,customer-test-01,0,"","",BTC/USD,"",0,submitted,,,0,0,,,1784206703653,,,1784206703653
68,0x6551f6f33cbbff3bfba58bcc301897745645636b49fcb57ce64ce51e96e4d874,48d57009c6daecbd91c378f6a8ec41ad735b7b0de58cd81b0e673e041742e7a4,client_test_01_router_a_majors,client-test-01,customer-test-01,0,"","",ETH/USD,"",0,submitted,,,0,0,,,1784206703658,,,1784206703658
69,0x9ce2ffba73a2b1394fa5eab7bbc5f40ea8385a23ea206fd10232580069fce4a1,48d57009c6daecbd91c378f6a8ec41ad735b7b0de58cd81b0e673e041742e7a4,client_test_01_router_a_majors,client-test-01,customer-test-01,0,"","",USDC/USD,"",0,submitted,,,0,0,,,1784206703662,,,1784206703662
70,0xdee9ef51f64dda86a1ce01751c71bf03816d1a89a2f5fe814ce92299a75dbf14,48d57009c6daecbd91c378f6a8ec41ad735b7b0de58cd81b0e673e041742e7a4,client_test_01_router_a_majors,client-test-01,customer-test-01,0,"","",USDT/USD,"",0,confirmed,,,0,0,,,1784206703666,1784206839566,,1784206703666
71,0x280eecc3f46f90b4ba4a12fb3216b3cac344998aaf44876cf71594355077d6db,"",client_test_01_router_a_majors,client-test-01,customer-test-01,0,"","",BTC/USD,64083065056528902914048,1784206662,failed,NonMonotonicNonce,"Intent for BTC/USD superseded on chain; not submitted.",0,0,,,,,1784206839555,1784206839555
72,0x6551f6f33cbbff3bfba58bcc301897745645636b49fcb57ce64ce51e96e4d874,"",client_test_01_router_a_majors,client-test-01,customer-test-01,0,"","",ETH/USD,1877909228703209095168,1784206663,failed,NonMonotonicNonce,"Intent for ETH/USD superseded on chain; not submitted.",0,0,,,,,1784206839559,1784206839559
73,0x9ce2ffba73a2b1394fa5eab7bbc5f40ea8385a23ea206fd10232580069fce4a1,"",client_test_01_router_a_majors,client-test-01,customer-test-01,0,"","",USDC/USD,999824499921371776,1784206669,failed,NonMonotonicNonce,"Intent for USDC/USD superseded on chain; not submitted.",0,0,,,,,1784206839564,1784206839564
74,0x1c1e169930b77095d979579c173b0f4f603e0efa4d6b3b3d80d6a1b191bb5b15,e6b8e58546e30b7a467541941a6a58ae312c4e7cd4a4e0341bf9066fcd2abccb,client_test_01_router_a_majors,client-test-01,customer-test-01,0,"","",BTC/USD,"",0,confirmed,,,0,0,,,1784206857994,1784206887919,,1784206857994
75,0xe7be95bba0c5a35a6652823d880850583bd8f4776fbafb6a792471682aee8773,e6b8e58546e30b7a467541941a6a58ae312c4e7cd4a4e0341bf9066fcd2abccb,client_test_01_router_a_majors,client-test-01,customer-test-01,0,"","",ETH/USD,"",0,confirmed,,,0,0,,,1784206857999,1784206887929,,1784206857999
76,0xf394fba2f8e178c2f11f92726520bb64c4c24b7b408081d6e0ea16f2e90569b7,e6b8e58546e30b7a467541941a6a58ae312c4e7cd4a4e0341bf9066fcd2abccb,client_test_01_router_a_majors,client-test-01,customer-test-01,0,"","",USDC/USD,"",0,confirmed,,,0,0,,,1784206858004,1784206887934,,1784206858004
77,0x6c183afe249c79632da1cb8ead7db489a21ee0d296ba205acd8d343ccf1c4ec4,e6b8e58546e30b7a467541941a6a58ae312c4e7cd4a4e0341bf9066fcd2abccb,client_test_01_router_a_majors,client-test-01,customer-test-01,0,"","",USDT/USD,"",0,confirmed,,,0,0,,,1784206858007,1784206887942,,1784206858007
78,0x3c8398ba060f9649988e2410dfb0c161622bea87bef64759cf9ed13a8f57974e,e6b8e58546e30b7a467541941a6a58ae312c4e7cd4a4e0341bf9066fcd2abccb,client_test_01_router_b_alts,client-test-01,customer-test-01,0,"","",ARB/USD,"",0,confirmed,,,0,0,,,1784206858011,1784206887949,,1784206858011
79,0x151c3f828b6d600d5dae55b8037ed442320b88f47cf5824136e5dfccd9774e7e,befcdfca13ae56feee8907b9721d09e82bafc531b691edb9a5f1536dcf569e99,client_test_01_router_a_majors,client-test-01,customer-test-01,0,"","",USDC/USD,"",0,confirmed,,,0,0,,,1784206901033,1784206930388,,1784206901033
80,0x04960ce302f0b471d875377bf2059741e6e396bd35315dadb7828f3279f86934,befcdfca13ae56feee8907b9721d09e82bafc531b691edb9a5f1536dcf569e99,client_test_01_router_a_majors,client-test-01,customer-test-01,0,"","",DOGE/USD,"",0,confirmed,,,0,0,,,1784206901037,1784206930396,,1784206901037
81,0x873b11417514cdb860aeefca99a557a613741ac8ef610eaf2906950ae504ee97,befcdfca13ae56feee8907b9721d09e82bafc531b691edb9a5f1536dcf569e99,client_test_01_router_b_alts,client-test-01,customer-test-01,0,"","",SHIB/USD,"",0,confirmed,,,0,0,,,1784206901042,1784206930404,,1784206901042
82,0x16afc6f0a4ed298e542fc391fc6b248320bb0e57a177418dce840cec1138d691,befcdfca13ae56feee8907b9721d09e82bafc531b691edb9a5f1536dcf569e99,client_test_01_router_a_majors,client-test-01,customer-test-01,0,"","",BTC/USD,"",0,submitted,,,0,0,,,1784206901046,,,1784206901046
83,0xc6f219165b6aa702ecf33e457e790d016f2839c53999c8799a90cbf0696b1aac,befcdfca13ae56feee8907b9721d09e82bafc531b691edb9a5f1536dcf569e99,client_test_01_router_a_majors,client-test-01,customer-test-01,0,"","",ETH/USD,"",0,submitted,,,0,0,,,1784206901049,,,1784206901049
84,0x16afc6f0a4ed298e542fc391fc6b248320bb0e57a177418dce840cec1138d691,"",client_test_01_router_a_majors,client-test-01,customer-test-01,0,"","",BTC/USD,64070406201827825549312,1784206871,failed,NonMonotonicNonce,"Intent for BTC/USD superseded on chain; not submitted.",0,0,,,,,1784206930415,1784206930415
85,0xc6f219165b6aa702ecf33e457e790d016f2839c53999c8799a90cbf0696b1aac,"",client_test_01_router_a_majors,client-test-01,customer-test-01,0,"","",ETH/USD,1877485556798796595200,1784206872,failed,NonMonotonicNonce,"Intent for ETH/USD superseded on chain; not submitted.",0,0,,,,,1784206930418,1784206930418
86,0x1517bdf54e41600b22e36daac0d7634dfd2df8e4311da5b7add443341bddc9fd,b8fec2520defb0f7c8316091fec03dcb40fcd6c4ce158a91ef46ad1d6cf468e9,client_test_02_router_default,client-test-02,customer-test-02,0,"","",BTC/USD,"",0,confirmed,,,0,0,,,1784206946448,1784207020046,,1784206946448
87,0xe4b561e6a876325dc702d1d97cb0e625d3b5057e43b2e487e16fcdb35382043d,20f98d24238a02e3fb69ab6f7e58d0d36fe8ca15de9808d4ea23cc54192f2183,client_test_02_router_default,client-test-02,customer-test-02,0,"","",BTC/USD,"",0,confirmed,,,0,0,,,1784207028434,1784207110675,,1784207028434
88,0x2df0b4a1417050771dab0fb372f49e06e0ace308d1534d7fa4d9021076d8c2fc,d495a4319816bf809f3e7f84fb2dd422596071c8d7c99ec20cca3325bb9594cd,client_test_01_router_a_majors,client-test-01,customer-test-01,0,"","",ETH/USD,"",0,submitted,,,0,0,,,1784207119198,,,1784207119198
89,0x964001a76ebbdb6e5e65109268afc37e8cac7cf6072960a035000dd2233f1140,d495a4319816bf809f3e7f84fb2dd422596071c8d7c99ec20cca3325bb9594cd,client_test_01_router_b_alts,client-test-01,customer-test-01,0,"","",NEIRO/USD,"",0,confirmed,,,0,0,,,1784207119205,1784207145509,,1784207119205
90,0x787e80287c648c0ca9a49a697ebf58ea383ea217e1553e3643357205cbf94367,d495a4319816bf809f3e7f84fb2dd422596071c8d7c99ec20cca3325bb9594cd,client_test_01_router_b_alts,client-test-01,customer-test-01,0,"","",XVG/USD,"",0,confirmed,,,0,0,,,1784207119211,1784207145522,,1784207119211
91,0x2df0b4a1417050771dab0fb372f49e06e0ace308d1534d7fa4d9021076d8c2fc,"",client_test_01_router_a_majors,client-test-01,customer-test-01,0,"","",ETH/USD,1873420234387211943936,1784207015,failed,NonMonotonicNonce,"Intent for ETH/USD superseded on chain; not submitted.",0,0,,,,,1784207145501,1784207145501
92,0x2e57d83e720ecd040df763d0758ea0af99dd9143840c01316505b5fb205cf399,9910b709581ca7f6d24d4f80870031b03d7328a412f11ddcd84a577ba5252a8a,client_test_01_router_a_majors,client-test-01,customer-test-01,0,"","",ETH/USD,"",0,confirmed,,,0,0,,,1784207164027,1784207286374,,1784207164027
93,0xcb10adfc7f83638f5d13e7dc76f8f3fb7d023aec9a82e73ed4c85b8a15fa1a13,9910b709581ca7f6d24d4f80870031b03d7328a412f11ddcd84a577ba5252a8a,client_test_01_router_b_alts,client-test-01,customer-test-01,0,"","",LTC/USD,"",0,confirmed,,,0,0,,,1784207164036,1784207286386,,1784207164036
94,0xa1542cc159c11e2d5540b84a4e950463e0767c8613d339d6b66d357da5723018,9910b709581ca7f6d24d4f80870031b03d7328a412f11ddcd84a577ba5252a8a,client_test_01_router_a_majors,client-test-01,customer-test-01,0,"","",USDT/USD,"",0,confirmed,,,0,0,,,1784207164040,1784207286392,,1784207164040
95,0x98aed287d4b338bf83e3acf569cd201f4124827f12ec99c38da04e7b4a9ff383,9910b709581ca7f6d24d4f80870031b03d7328a412f11ddcd84a577ba5252a8a,client_test_01_router_a_majors,client-test-01,customer-test-01,0,"","",BTC/USD,"",0,confirmed,,,0,0,,,1784207164043,1784207286399,,1784207164043
96,0xf5d97a1ad3581e756a8d9221c5e9cd2856fe47d407fd1dae2a09723bdb415aa9,9910b709581ca7f6d24d4f80870031b03d7328a412f11ddcd84a577ba5252a8a,client_test_01_router_a_majors,client-test-01,customer-test-01,0,"","",USDC/USD,"",0,confirmed,,,0,0,,,1784207164048,1784207286405,,1784207164048
97,0x6f98a08ec4c575a3e0455d4c224f5d8c0a7b8a2a143d2cd6abfce6f4d8b1f11c,9910b709581ca7f6d24d4f80870031b03d7328a412f11ddcd84a577ba5252a8a,client_test_01_router_a_majors,client-test-01,customer-test-01,0,"","",DOGE/USD,"",0,confirmed,,,0,0,,,1784207164052,1784207286411,,1784207164052
98,0xc11c42d900156d5127a998837e724e19526697987ee408e41235bd1d5313968f,3ad7f34d250b5c283781d602ff03148b1bd867301ab350ce3267ea5c506c6d83,client_test_01_router_a_majors,client-test-01,customer-test-01,0,"","",ETH/USD,"",0,confirmed,,,0,0,,,1784207301105,1784207342315,,1784207301105
99,0x45bfbbdf1a60c8e8f6c2e775c734fa091982a3032662a3759f6518ff5c32fef2,3ad7f34d250b5c283781d602ff03148b1bd867301ab350ce3267ea5c506c6d83,client_test_01_router_a_majors,client-test-01,customer-test-01,0,"","",BTC/USD,"",0,confirmed,,,0,0,,,1784207301116,1784207342328,,1784207301116
100,0xbc9ac68e62135ea1f91e52ebc8947b20fddb85c061d6e410c4ee8665d1b19811,3ad7f34d250b5c283781d602ff03148b1bd867301ab350ce3267ea5c506c6d83,client_test_01_router_a_majors,client-test-01,customer-test-01,0,"","",USDT/USD,"",0,confirmed,,,0,0,,,1784207301123,1784207342336,,1784207301123
101,0xb0a5fa7123a880cb3bf9ec2548961350986329dde84f77b09f1d61c6f1801df9,3ad7f34d250b5c283781d602ff03148b1bd867301ab350ce3267ea5c506c6d83,client_test_01_router_a_majors,client-test-01,customer-test-01,0,"","",USDC/USD,"",0,confirmed,,,0,0,,,1784207301129,1784207342343,,1784207301129
102,0x2aa2ad1ae55e44f394289f1d6b83d4ae3e43f2d393489ca346fb8cba271a3183,3ad7f34d250b5c283781d602ff03148b1bd867301ab350ce3267ea5c506c6d83,client_test_01_router_a_majors,client-test-01,customer-test-01,0,"","",DOGE/USD,"",0,confirmed,,,0,0,,,1784207301135,1784207342350,,1784207301135
103,0x64b2d4c8a2f522d8b2c65166b0681b1e7a76e52956bb37041db007ee3a489e41,8f71b5aae1fa36a98782eb82d2f144607abac276705b33e6d848cdd7544917cd,client_test_01_router_a_majors,client-test-01,customer-test-01,0,"","",BTC/USD,"",0,confirmed,,,0,0,,,1784207452715,1784207489726,,1784207452715
104,0xbbe10fb41afcf5ea0f9238994cfa146ebc36a2f7a58a9e3acb155d8b76edb89f,8f71b5aae1fa36a98782eb82d2f144607abac276705b33e6d848cdd7544917cd,client_test_01_router_a_majors,client-test-01,customer-test-01,0,"","",ETH/USD,"",0,confirmed,,,0,0,,,1784207457306,1784207489743,,1784207457306
105,0x20fddf569a0eb413a2f7481a880edc68278ba972c2e6c21cd1f8d0dd7c3f9659,8f71b5aae1fa36a98782eb82d2f144607abac276705b33e6d848cdd7544917cd,client_test_01_router_a_majors,client-test-01,customer-test-01,0,"","",USDC/USD,"",0,confirmed,,,0,0,,,1784207457315,1784207489751,,1784207457315
106,0xb745a33ca6682abf1352975aae3532c412ed7b50ebf63d270e3959219b45fed7,8f71b5aae1fa36a98782eb82d2f144607abac276705b33e6d848cdd7544917cd,client_test_01_router_a_majors,client-test-01,customer-test-01,0,"","",DOGE/USD,"",0,confirmed,,,0,0,,,1784207457320,1784207489758,,1784207457320
107,0xfa2b5291896efc01295ba06ce0d62a78a4d39b1605b36d00c679f20dd44f393d,e4e167765bc255dd22e0d1b8eaa3bd51cd6bd78bac9ffae74f4dcd4133ae437d,client_test_01_router_a_majors,client-test-01,customer-test-01,0,"","",USDT/USD,"",0,confirmed,,,0,0,,,1784207497747,1784207540094,,1784207497747
108,0x13b7343a7de0156cbbace73e8307e209c22dcf51410790c5ee8458a4317b5390,"",client_test_01_router_a_majors,client-test-01,customer-test-01,0,"","",BTC/USD,63952918998834900631552,1784207537,failed,IntentAgedOut,"Buffered intent exceeded max_intent_age before the lane flushed. intent_time=2026-07-16T13:12:17.000Z now=2026-07-16T14:33:45.755Z intent_age=1h 21m 28s max_intent_age=15m exceeds_by=1h 6m 28s.",0,0,,,,,1784212425765,1784212425765
109,0x13b7343a7de0156cbbace73e8307e209c22dcf51410790c5ee8458a4317b5390,"",client_test_02_router_default,client-test-02,customer-test-02,0,"","",BTC/USD,63952918998834900631552,1784207537,failed,IntentAgedOut,"Buffered intent exceeded max_intent_age before the lane flushed. intent_time=2026-07-16T13:12:17.000Z now=2026-07-16T14:33:45.769Z intent_age=1h 21m 28s max_intent_age=15m exceeds_by=1h 6m 28s.",0,0,,,,,1784212425774,1784212425774
110,0x5f35d6b97f2143ebd4fedc1fdb3e4e08bd6a032634cf24bb833305ec8306abd3,"",client_test_01_router_a_majors,client-test-01,customer-test-01,0,"","",ETH/USD,1872400880000000065536,1784207538,failed,IntentAgedOut,"Buffered intent exceeded max_intent_age before the lane flushed. intent_time=2026-07-16T13:12:18.000Z now=2026-07-16T14:33:45.755Z intent_age=1h 21m 27s max_intent_age=15m exceeds_by=1h 6m 27s.",0,0,,,,,1784212426053,1784212426053
111,0x9780c4a31c8ccb7b0961849fe352e6db57ecfaf9089894a55b5acd496c0124e2,"",client_test_01_router_a_majors,client-test-01,customer-test-01,0,"","",USDT/USD,999192432868238336,1784207512,failed,IntentAgedOut,"Buffered intent exceeded max_intent_age before the lane flushed. intent_time=2026-07-16T13:11:52.000Z now=2026-07-16T14:33:45.755Z intent_age=1h 21m 53s max_intent_age=15m exceeds_by=1h 6m 53s.",0,0,,,,,1784212426253,1784212426253
112,0xbabbb7f0e09f5318bbec3d50d24cbf51c757f11c95ad0c832ccbe0b76b351093,"",client_test_01_router_b_alts,client-test-01,customer-test-01,0,"","",LTC/USD,44463382489545113600,1784207528,failed,IntentAgedOut,"Buffered intent exceeded max_intent_age before the lane flushed. intent_time=2026-07-16T13:12:08.000Z now=2026-07-16T14:33:45.755Z intent_age=1h 21m 37s max_intent_age=15m exceeds_by=1h 6m 37s.",0,0,,,,,1784212426320,1784212426320
113,0x7039f09d6698b58831d11b9231d925fcca7cc2ea936f9ec48bc55a658a1da8f6,"",client_test_01_router_b_alts,client-test-01,customer-test-01,0,"","",ARB/USD,86708078000000008,1784207519,failed,IntentAgedOut,"Buffered intent exceeded max_intent_age before the lane flushed. intent_time=2026-07-16T13:11:59.000Z now=2026-07-16T14:33:45.755Z intent_age=1h 21m 46s max_intent_age=15m exceeds_by=1h 6m 46s.",0,0,,,,,1784212426349,1784212426349
114,0x4c513aa0c479f75ac8822345c6f05df583bb6deb6ee67ba85b5f7677c8e06ee9,"",client_test_01_router_b_alts,client-test-01,customer-test-01,0,"","",XVG/USD,2100260348254212,1784207510,failed,IntentAgedOut,"Buffered intent exceeded max_intent_age before the lane flushed. intent_time=2026-07-16T13:11:50.000Z now=2026-07-16T14:33:45.755Z intent_age=1h 21m 55s max_intent_age=15m exceeds_by=1h 6m 55s.",0,0,,,,,1784212426373,1784212426373
115,0x2eddc5d8618f6e51262dd40f31dd5ad5f4899e1205006c046f1a5916b855901c,80464c4cb6c78969b94dab854db6e304432bf6c34dd799347839e8841cbb8e6f,client_test_01_router_a_majors,client-test-01,customer-test-01,0,"","",USDC/USD,"",0,confirmed,,,0,0,,,1784212518770,1784212550019,,1784212518770
116,0xf007cca5b38d6a55a9f8ebd8a77c5b182d4a3c255dfad644a70a863c9010ab06,80464c4cb6c78969b94dab854db6e304432bf6c34dd799347839e8841cbb8e6f,client_test_01_router_a_majors,client-test-01,customer-test-01,0,"","",DOGE/USD,"",0,confirmed,,,0,0,,,1784212518787,1784212550027,,1784212518787
117,0x3a00f92a23ecd3b5599c985da955225c657404f2d787f505ebec6d938e970895,80464c4cb6c78969b94dab854db6e304432bf6c34dd799347839e8841cbb8e6f,client_test_01_router_b_alts,client-test-01,customer-test-01,0,"","",SHIB/USD,"",0,confirmed,,,0,0,,,1784212518796,1784212550034,,1784212518796
118,0xbc94176d438e8e930576e5dbee895407d87a8e706b6ee0bf6f6ee2a5f366e782,80464c4cb6c78969b94dab854db6e304432bf6c34dd799347839e8841cbb8e6f,client_test_01_router_b_alts,client-test-01,customer-test-01,0,"","",XVG/USD,"",0,submitted,,,0,0,,,1784212518802,,,1784212518802
119,0x4bddf249509a4fc87f6e2af446d69195b6ef73be6e45a943388512a996322b0c,80464c4cb6c78969b94dab854db6e304432bf6c34dd799347839e8841cbb8e6f,client_test_01_router_a_majors,client-test-01,customer-test-01,0,"","",USDT/USD,"",0,submitted,,,0,0,,,1784212518807,,,1784212518807
120,0x0ec07a5ed016db5d15706cb949d722f8aa68e36168d68ef70f8ea96dcaa0df23,80464c4cb6c78969b94dab854db6e304432bf6c34dd799347839e8841cbb8e6f,client_test_01_router_b_alts,client-test-01,customer-test-01,0,"","",NEIRO/USD,"",0,confirmed,,,0,0,,,1784212518811,1784212550058,,1784212518811
121,0x2374dd01e6ecbdbf6fd87c859241c2c81746ebe3ac43095793cc782ba29e5da8,80464c4cb6c78969b94dab854db6e304432bf6c34dd799347839e8841cbb8e6f,client_test_01_router_b_alts,client-test-01,customer-test-01,0,"","",ARB/USD,"",0,submitted,,,0,0,,,1784212518816,,,1784212518816
122,0x3b3f357ee358a8b043563e53d9ed35a22512a24faeab1cf00563f301c6c97c70,80464c4cb6c78969b94dab854db6e304432bf6c34dd799347839e8841cbb8e6f,client_test_01_router_b_alts,client-test-01,customer-test-01,0,"","",LTC/USD,"",0,submitted,,,0,0,,,1784212518820,,,1784212518820
123,0x07364de91811aff00493841135e64c237c832c7dcde2656a72d34b5a6780af9e,"",client_test_02_router_default,client-test-02,customer-test-02,0,"","",BTC/USD,64535880026490379698176,1784212498,failed,NonMonotonicNonce,"Oracle intent nonce must be greater than the current on-chain nonce; intent superseded, not submitted.",0,0,,,,,1784212534705,1784212534705
124,0x47597536911ffb498fdff40ca23912cb4c6c77d586424c0522a23c327dbd3831,863fe330bd92c51142bfe2d391c144fdc0017d357bb1505f03b98f3cc1ead1ca,client_test_02_router_default,client-test-02,customer-test-02,0,"","",BTC/USD,"",0,confirmed,,,0,0,,,1784212542596,1784212589806,,1784212542596
125,0xbc94176d438e8e930576e5dbee895407d87a8e706b6ee0bf6f6ee2a5f366e782,"",client_test_01_router_b_alts,client-test-01,customer-test-01,0,"","",XVG/USD,2123701089401136,1784212474,failed,NonMonotonicNonce,"Intent for XVG/USD superseded on chain; not submitted.",0,0,,,,,1784212550050,1784212550050
126,0x4bddf249509a4fc87f6e2af446d69195b6ef73be6e45a943388512a996322b0c,"",client_test_01_router_a_majors,client-test-01,customer-test-01,0,"","",USDT/USD,999130000000000000,1784212477,failed,NonMonotonicNonce,"Intent for USDT/USD superseded on chain; not submitted.",0,0,,,,,1784212550055,1784212550055
127,0x2374dd01e6ecbdbf6fd87c859241c2c81746ebe3ac43095793cc782ba29e5da8,"",client_test_01_router_b_alts,client-test-01,customer-test-01,0,"","",ARB/USD,88130131683783816,1784212483,failed,NonMonotonicNonce,"Intent for ARB/USD superseded on chain; not submitted.",0,0,,,,,1784212550065,1784212550065
128,0x3b3f357ee358a8b043563e53d9ed35a22512a24faeab1cf00563f301c6c97c70,"",client_test_01_router_b_alts,client-test-01,customer-test-01,0,"","",LTC/USD,44813027550000005120,1784212492,failed,NonMonotonicNonce,"Intent for LTC/USD superseded on chain; not submitted.",0,0,,,,,1784212550070,1784212550070
129,0x4a94b2e01532aca0a48b1f2ce5514e5b3fafb263f5bf4199b84e020cbb00231e,863fe330bd92c51142bfe2d391c144fdc0017d357bb1505f03b98f3cc1ead1ca,client_test_01_router_a_majors,client-test-01,customer-test-01,0,"","",ETH/USD,"",0,confirmed,,,0,0,,,1784212576556,1784212589822,,1784212576556
130,0x00c5a01df79da288675b2c17b0f9f9ca38337b98a81f5efe7557bfebe46c8346,863fe330bd92c51142bfe2d391c144fdc0017d357bb1505f03b98f3cc1ead1ca,client_test_01_router_b_alts,client-test-01,customer-test-01,0,"","",XVG/USD,"",0,confirmed,,,0,0,,,1784212576561,1784212589832,,1784212576561
131,0x4aa85049c420956c1a4cd1190acb73616dc6e50a309ece0ac729080b4214b86c,863fe330bd92c51142bfe2d391c144fdc0017d357bb1505f03b98f3cc1ead1ca,client_test_01_router_a_majors,client-test-01,customer-test-01,0,"","",USDC/USD,"",0,confirmed,,,0,0,,,1784212576565,1784212589839,,1784212576565
132,0x19568c2092ce6c697fc43f6f2746680b3f26296b5313bea07c7b71c8f401b489,863fe330bd92c51142bfe2d391c144fdc0017d357bb1505f03b98f3cc1ead1ca,client_test_01_router_a_majors,client-test-01,customer-test-01,0,"","",USDT/USD,"",0,confirmed,,,0,0,,,1784212576569,1784212589851,,1784212576569
133,0xc206085f9ddf4e40756836a4f484ed27beaac1e917257f8e9b5315ba1f402a38,863fe330bd92c51142bfe2d391c144fdc0017d357bb1505f03b98f3cc1ead1ca,client_test_01_router_a_majors,client-test-01,customer-test-01,0,"","",DOGE/USD,"",0,confirmed,,,0,0,,,1784212576572,1784212589858,,1784212576572
134,0x1d5b90e4c5f7f104083542c8f23839ef54e492bd3b2b948a5eb99e8a85c285ab,863fe330bd92c51142bfe2d391c144fdc0017d357bb1505f03b98f3cc1ead1ca,client_test_01_router_b_alts,client-test-01,customer-test-01,0,"","",SHIB/USD,"",0,confirmed,,,0,0,,,1784212576575,1784212589867,,1784212576575
135,0x91b9af1eb5d784b92f317eb21cecd9f213387f7246dd4249891b619d7244630d,863fe330bd92c51142bfe2d391c144fdc0017d357bb1505f03b98f3cc1ead1ca,client_test_01_router_b_alts,client-test-01,customer-test-01,0,"","",ARB/USD,"",0,confirmed,,,0,0,,,1784212576579,1784212589875,,1784212576579
136,0xc4d708abc8c98df0321033d879e066347468d3b3f39bdc9143c63159747c4ca5,863fe330bd92c51142bfe2d391c144fdc0017d357bb1505f03b98f3cc1ead1ca,client_test_01_router_b_alts,client-test-01,customer-test-01,0,"","",LTC/USD,"",0,confirmed,,,0,0,,,1784212576583,1784212589886,,1784212576583
137,0x9a5f851f5545f46cc65f3aa0eba781b245cadbb9051628b9217716aeb819ee79,863fe330bd92c51142bfe2d391c144fdc0017d357bb1505f03b98f3cc1ead1ca,client_test_01_router_b_alts,client-test-01,customer-test-01,0,"","",NEIRO/USD,"",0,submitted,,,0,0,,,1784212576591,,,1784212576591
138,0x9a5f851f5545f46cc65f3aa0eba781b245cadbb9051628b9217716aeb819ee79,"",client_test_01_router_b_alts,client-test-01,customer-test-01,0,"","",NEIRO/USD,61949966955083,1784212531,failed,NonMonotonicNonce,"Intent for NEIRO/USD superseded on chain; not submitted.",0,0,,,,,1784212589902,1784212589902
139,0x40f508a7dc595ee942c7e4e79b671ade88e722bc24ca0dd9b6ecac1dab95dd03,27e4ecf0c1b529ec782f4b8f63c99bab778142b5acbd01a47faeba2150f1aa54,client_test_01_router_b_alts,client-test-01,customer-test-01,0,"","",ARB/USD,"",0,confirmed,,,0,0,,,1784212604027,1784212642268,,1784212604027
140,0xbb7c9b045207cb0d21423a831930d9c8943017cc886e126250476ea0bba405aa,27e4ecf0c1b529ec782f4b8f63c99bab778142b5acbd01a47faeba2150f1aa54,client_test_01_router_b_alts,client-test-01,customer-test-01,0,"","",LTC/USD,"",0,submitted,,,0,0,,,1784212604034,,,1784212604034
141,0x57c5817bd89e0f7d793174b9e1c6ed143bd94bbb92ab83ff643c9746e4a5be3e,27e4ecf0c1b529ec782f4b8f63c99bab778142b5acbd01a47faeba2150f1aa54,client_test_01_router_a_majors,client-test-01,customer-test-01,0,"","",BTC/USD,"",0,submitted,,,0,0,,,1784212604041,,,1784212604041
142,0x92887d2cb3ffced703e6c18e3f0971e3ec3d70c3f46dc36ef91cfacd592a7832,27e4ecf0c1b529ec782f4b8f63c99bab778142b5acbd01a47faeba2150f1aa54,client_test_01_router_a_majors,client-test-01,customer-test-01,0,"","",ETH/USD,"",0,submitted,,,0,0,,,1784212604045,,,1784212604045
143,0xd72933f0baa24bc993c3acf1433f952cf0226470eef541aeefa66f9dfde8e538,27e4ecf0c1b529ec782f4b8f63c99bab778142b5acbd01a47faeba2150f1aa54,client_test_01_router_b_alts,client-test-01,customer-test-01,0,"","",XVG/USD,"",0,confirmed,,,0,0,,,1784212604053,1784212642289,,1784212604053
144,0x236f21363a31290607123d32685efcd52a9f11f4fd5341185231e440c888cd68,27e4ecf0c1b529ec782f4b8f63c99bab778142b5acbd01a47faeba2150f1aa54,client_test_01_router_a_majors,client-test-01,customer-test-01,0,"","",USDT/USD,"",0,confirmed,,,0,0,,,1784212604057,1784212642295,,1784212604057
145,0xbb7c9b045207cb0d21423a831930d9c8943017cc886e126250476ea0bba405aa,"",client_test_01_router_b_alts,client-test-01,customer-test-01,0,"","",LTC/USD,44850710160675594240,1784212559,failed,NonMonotonicNonce,"Intent for LTC/USD superseded on chain; not submitted.",0,0,,,,,1784212642278,1784212642278
146,0x57c5817bd89e0f7d793174b9e1c6ed143bd94bbb92ab83ff643c9746e4a5be3e,"",client_test_01_router_a_majors,client-test-01,customer-test-01,0,"","",BTC/USD,64543811152024998772736,1784212565,failed,NonMonotonicNonce,"Intent for BTC/USD superseded on chain; not submitted.",0,0,,,,,1784212642283,1784212642283
147,0x92887d2cb3ffced703e6c18e3f0971e3ec3d70c3f46dc36ef91cfacd592a7832,"",client_test_01_router_a_majors,client-test-01,customer-test-01,0,"","",ETH/USD,1884500871012500242432,1784212566,failed,NonMonotonicNonce,"Intent for ETH/USD superseded on chain; not submitted.",0,0,,,,,1784212642286,1784212642286
148,0x238f7b660067d56234bbe296717af61033542cec3897da9b404e8fbf845fd657,d1c21419a8f0062812418c0f6e5bfa5cfaa0b67cdd2f1f784604958ee488ca05,client_test_01_router_a_majors,client-test-01,customer-test-01,0,"","",BTC/USD,"",0,confirmed,,,0,0,,,1784212854190,1784212883572,,1784212854190
149,0xcd15809bd50605433e3c247a1fcd348ca43b52571e93b7ffa586978e43a1d83e,5bd66a044830ff95693920be1ceec03468cffa5f80371271faf5627a98d6f138,client_test_01_router_a_majors,client-test-01,customer-test-01,0,"","",USDT/USD,"",0,confirmed,,,0,0,,,1784212889316,1784212940850,,1784212889316
150,0x27601cfc3ecc3f9759b66f885d035d3232e2e45135921a22fdf08e0a87421a45,d8c5922cbe1e86b9c36c7104cbc4720ce786adf100b0d3667b4a2be8083b6429,client_test_01_router_a_majors,client-test-01,customer-test-01,0,"","",USDC/USD,"",0,confirmed,,,0,0,,,1784212951511,1784213079632,,1784212951511
151,0xa9f223273827e69f5d764bf4c75fc7fc47f1424d64b83ec4d5b95f17a2b21726,d8c5922cbe1e86b9c36c7104cbc4720ce786adf100b0d3667b4a2be8083b6429,client_test_01_router_a_majors,client-test-01,customer-test-01,0,"","",DOGE/USD,"",0,confirmed,,,0,0,,,1784212951518,1784213079646,,1784212951518
152,0x99cf39e2fd110050e9beb271e21c614ba8cf00590e6fe1835d220e8dc489e403,d8c5922cbe1e86b9c36c7104cbc4720ce786adf100b0d3667b4a2be8083b6429,client_test_01_router_a_majors,client-test-01,customer-test-01,0,"","",ETH/USD,"",0,confirmed,,,0,0,,,1784212951524,1784213079655,,1784212951524
153,0x30c4aada03c279b4b5a1937b39168034e09808f2c39d9edc95a14c6becdf4ca4,250008b604b3ddfd6e83b212a6413708f0b7dc633c0024f027a20ed32ca5bfb2,client_test_01_router_a_majors,client-test-01,customer-test-01,0,"","",DOGE/USD,"",0,confirmed,,,0,0,,,1784213090296,1784213106539,,1784213090296
154,0x4b03f18eb33395da5ef2c1ae70615b2952e1d74effe3ef1289c8b0db9368c469,250008b604b3ddfd6e83b212a6413708f0b7dc633c0024f027a20ed32ca5bfb2,client_test_01_router_a_majors,client-test-01,customer-test-01,0,"","",ETH/USD,"",0,confirmed,,,0,0,,,1784213090302,1784213106554,,1784213090302
155,0x31f4b8abe9547efa2e72aca85bd41f814fcc29c94495a1bc01e3a4f7b18b4ab9,250008b604b3ddfd6e83b212a6413708f0b7dc633c0024f027a20ed32ca5bfb2,client_test_01_router_a_majors,client-test-01,customer-test-01,0,"","",USDC/USD,"",0,confirmed,,,0,0,,,1784213090309,1784213106574,,1784213090309
156,0x3883307834599754554183d01b6a086ca65df5310df4f78c529238c3e90f4463,8349eb195b016d9065e6c621ebb692ec325f1bf7e0a0ffcce25f766b26e8ffbd,client_test_01_router_a_majors,client-test-01,customer-test-01,0,"","",USDT/USD,"",0,confirmed,,,0,0,,,1784213189911,1784213239558,,1784213189911
157,0x982c17263c6daf35bd167ddc0ea41f26f29ce7b87752bf45eabb6a0b233db779,306d58b230e9607f34acdae7c8e4dd5f29f8e51d4fa2a3e51b6a22981653ec92,client_test_01_router_a_majors,client-test-01,customer-test-01,0,"","",BTC/USD,"",0,confirmed,,,0,0,,,1784213247730,1784213270737,,1784213247730
158,0x7dc6ac657aa6577f76fb43fb6b78285908e0f11d2364448bbd4d0e58e7be3484,88ef81604a27bd4f97efadf567d81743494acbc67d7211faa924c28c96adaeb6,client_test_01_router_a_majors,client-test-01,customer-test-01,0,"","",BTC/USD,"",0,confirmed,,,0,0,,,1784213346008,1784213375137,,1784213346008
159,0xb179ff34f773c4e4ee0247f14d0fcdafaac6acd949cb205b3e2a5bceca9a8d62,6107e2719fe1665588daca9d14ca5a1e1473602169b4e5fdaaff3540c4631b7c,client_test_01_router_a_majors,client-test-01,customer-test-01,0,"","",ETH/USD,"",0,confirmed,,,0,0,,,1784213477296,1784213503305,,1784213477296
160,0xc7a77b5106623905115df48e72fdecc5fc1571a5290a14a1f5eb9dd1f9aa4832,6107e2719fe1665588daca9d14ca5a1e1473602169b4e5fdaaff3540c4631b7c,client_test_01_router_a_majors,client-test-01,customer-test-01,0,"","",USDC/USD,"",0,submitted,,,0,0,,,1784213477307,,,1784213477307
161,0xff21ef98fa39339d9ea728e5f2f898e3e607daa625ceb3aa4818fdb45617fde7,6107e2719fe1665588daca9d14ca5a1e1473602169b4e5fdaaff3540c4631b7c,client_test_01_router_a_majors,client-test-01,customer-test-01,0,"","",DOGE/USD,"",0,submitted,,,0,0,,,1784213477316,,,1784213477316
162,0xc7a77b5106623905115df48e72fdecc5fc1571a5290a14a1f5eb9dd1f9aa4832,"",client_test_01_router_a_majors,client-test-01,customer-test-01,0,"","",USDC/USD,999845100733332864,1784213442,failed,NonMonotonicNonce,"Intent for USDC/USD superseded on chain; not submitted.",0,0,,,,,1784213503319,1784213503319
163,0xff21ef98fa39339d9ea728e5f2f898e3e607daa625ceb3aa4818fdb45617fde7,"",client_test_01_router_a_majors,client-test-01,customer-test-01,0,"","",DOGE/USD,73716106392201256,1784213447,failed,NonMonotonicNonce,"Intent for DOGE/USD superseded on chain; not submitted.",0,0,,,,,1784213503324,1784213503324
164,0xdb11e7df6e3092dcadd7061396174c763a0f827acd6ec21f44cc517571713880,9e8d801030bdbf0213d4ad15bc20dcca38306bcfcedfa1afc44eb5d32691eb8a,client_test_01_router_a_majors,client-test-01,customer-test-01,0,"","",BTC/USD,"",0,confirmed,,,0,0,,,1784213514843,1784213635366,,1784213514843
165,0xd7d1ced2a88618f2667f871a5f5c4f64c594b90d90890ad59a927080ec2fb6bb,9e8d801030bdbf0213d4ad15bc20dcca38306bcfcedfa1afc44eb5d32691eb8a,client_test_01_router_a_majors,client-test-01,customer-test-01,0,"","",USDC/USD,"",0,confirmed,,,0,0,,,1784213516105,1784213635338,,1784213516105
166,0xc13a951cfce4979b8ddf6048b46e1a3717e2898ac933ed230495a3b44d663823,9e8d801030bdbf0213d4ad15bc20dcca38306bcfcedfa1afc44eb5d32691eb8a,client_test_01_router_a_majors,client-test-01,customer-test-01,0,"","",DOGE/USD,"",0,confirmed,,,0,0,,,1784213516113,1784213635347,,1784213516113
167,0xbfcac899590ae2f45e9dd6fee945f1e4042aad48086be14ebababfad2ee17de4,d4a48f3fb3bdac3011a2784a218df0a4952492c2267ef124294500e998654462,client_test_02_router_default,client-test-02,customer-test-02,0,"","",BTC/USD,"",0,confirmed,,,0,0,,,1784213641520,1784213683594,,1784213641520
168,0x4ea7cb6e6d7cc0902134818219d3309f0acd960a7d6ab94e550243d54a1d75db,e9c386c2f358d18b89138a0293e2ab154abbcdb2d928a17347973e2678596e6b,client_test_01_router_a_majors,client-test-01,customer-test-01,0,"","",USDC/USD,"",0,confirmed,,,0,0,,,1784213647320,1784213690381,,1784213647320
169,0x6a2e0020544cc2d25eb9cf4da1df36240ffe8d9a87c4b7dd48bc5852c4a5cc57,e9c386c2f358d18b89138a0293e2ab154abbcdb2d928a17347973e2678596e6b,client_test_01_router_a_majors,client-test-01,customer-test-01,0,"","",DOGE/USD,"",0,confirmed,,,0,0,,,1784213647327,1784213690391,,1784213647327
170,0x9955135292c27325ac5c5b1eec5421bf5b87c766caa10ef4ce43d51ab5cf30a8,e9c386c2f358d18b89138a0293e2ab154abbcdb2d928a17347973e2678596e6b,client_test_01_router_a_majors,client-test-01,customer-test-01,0,"","",USDT/USD,"",0,confirmed,,,0,0,,,1784213647332,1784213690403,,1784213647332
171,0xa5ccfea19b498e419e4579a46cc102c763e231569cd7be391123133d78485b06,3039ee8c1ddec4d37be0211526db3768c647c977bb0d8af3ac5c058b870d0ba8,client_test_01_router_a_majors,client-test-01,customer-test-01,0,"","",USDT/USD,"",0,confirmed,,,0,0,,,1784213696126,1784213728599,,1784213696126
172,0xd13276a3422cb16d47304cbe760cfed83d770dbe5f03589535c910e7a3ae00ed,94f97c1061084edfda679c7290e83e2939b41e8aaaf5b2e6ef838b037ca5ab0b,client_test_01_router_a_majors,client-test-01,customer-test-01,0,"","",USDC/USD,"",0,confirmed,,,0,0,,,1784213798392,1784213818740,,1784213798392
173,0x32c607643a28e3021029d24f69de952360357d88ed9c7e8b8aaf9482ce5f687f,94f97c1061084edfda679c7290e83e2939b41e8aaaf5b2e6ef838b037ca5ab0b,client_test_01_router_a_majors,client-test-01,customer-test-01,0,"","",DOGE/USD,"",0,confirmed,,,0,0,,,1784213798399,1784213818749,,1784213798399
174,0xa3414b61c1c05322c327001dd840d744f3d3371a1b2c7d2af9bb7a1e880ca44f,9d83bd4b0ab3eec1cc83aca1df2ba0cd64d86e83d36126f747ea88dd97ee09cc,client_test_01_router_a_majors,client-test-01,customer-test-01,0,"","",ETH/USD,"",0,confirmed,,,0,0,,,1784213830609,1784213859948,,1784213830609
175,0xf6bf8295269ee21decf0b1b21aeabafdbd026a0514b4fe97541aa8c8610c0522,9d83bd4b0ab3eec1cc83aca1df2ba0cd64d86e83d36126f747ea88dd97ee09cc,client_test_01_router_a_majors,client-test-01,customer-test-01,0,"","",BTC/USD,"",0,confirmed,,,0,0,,,1784213830616,1784213859956,,1784213830616
176,0x1a89ee72ae2f5f4ee9c7f09d771e8abcd41a2e0a651c86f48a03d5f4855a2d29,9e7623bbfe2b6e3eec0b013b0604614e05ad44e92f91500c051996be67831793,client_test_01_router_a_majors,client-test-01,customer-test-01,0,"","",USDT/USD,"",0,confirmed,,,0,0,,,1784214105299,1784214229574,,1784214105299
177,0xae0938f72623dbfc3c6f3fe401b49f3a38ff54c579cbefc705d102847f317f13,9e7623bbfe2b6e3eec0b013b0604614e05ad44e92f91500c051996be67831793,client_test_01_router_b_alts,client-test-01,customer-test-01,0,"","",NEIRO/USD,"",0,confirmed,,,0,0,,,1784214105306,1784214229637,,1784214105306
178,0xd163b13cea5d42ebaafc93d47e0d48a90bbb4e894b6803f9df15b7f9e17455bf,238d5267faf30bac1ed6f700e7eafb8b94d6cd50a6fd8392d6d9ac03ae1be52c,client_test_01_router_b_alts,client-test-01,customer-test-01,0,"","",ARB/USD,"",0,confirmed,,,0,0,,,1784214256905,1784214317184,,1784214256905
179,0x4f23861f6c87e75349c197304063c5f73e185ccc886cba3232a4f73bafa60bc5,238d5267faf30bac1ed6f700e7eafb8b94d6cd50a6fd8392d6d9ac03ae1be52c,client_test_01_router_a_majors,client-test-01,customer-test-01,0,"","",DOGE/USD,"",0,confirmed,,,0,0,,,1784214256920,1784214317193,,1784214256920
180,0xde820276b1ef11907982b02a448dda86106eed2ebc02ef75c954b96544b476bb,238d5267faf30bac1ed6f700e7eafb8b94d6cd50a6fd8392d6d9ac03ae1be52c,client_test_01_router_b_alts,client-test-01,customer-test-01,0,"","",SHIB/USD,"",0,confirmed,,,0,0,,,1784214256936,1784214317205,,1784214256936
181,0x9b93133c8621f65bb4e190357252d9dab71c7703f9ea79d56e97eed99053bb0b,238d5267faf30bac1ed6f700e7eafb8b94d6cd50a6fd8392d6d9ac03ae1be52c,client_test_01_router_a_majors,client-test-01,customer-test-01,0,"","",USDT/USD,"",0,confirmed,,,0,0,,,1784214256952,1784214317218,,1784214256952
182,0xff80d1e43739fda770a8481d658156d2cf38b359188be422231ccb86576b1775,238d5267faf30bac1ed6f700e7eafb8b94d6cd50a6fd8392d6d9ac03ae1be52c,client_test_01_router_b_alts,client-test-01,customer-test-01,0,"","",XVG/USD,"",0,confirmed,,,0,0,,,1784214256970,1784214317231,,1784214256970
183,0x47b837168a6a403a3bc1616a4fcadcd8acdb919d2bdefe1243df87f0d13e7478,238d5267faf30bac1ed6f700e7eafb8b94d6cd50a6fd8392d6d9ac03ae1be52c,client_test_01_router_a_majors,client-test-01,customer-test-01,0,"","",ETH/USD,"",0,submitted,,,0,0,,,1784214256984,,,1784214256984
184,0x041120da8f1a5155c61c7a83a5c480116b1b8957034aabe85900c4fd9ee1d812,238d5267faf30bac1ed6f700e7eafb8b94d6cd50a6fd8392d6d9ac03ae1be52c,client_test_01_router_a_majors,client-test-01,customer-test-01,0,"","",BTC/USD,"",0,submitted,,,0,0,,,1784214256997,,,1784214256997
185,0x5aa3d918e2eb25bff33ba25c58737d40aab95f9e1cda1e77bfd73c20f0b8d2f2,238d5267faf30bac1ed6f700e7eafb8b94d6cd50a6fd8392d6d9ac03ae1be52c,client_test_01_router_a_majors,client-test-01,customer-test-01,0,"","",USDC/USD,"",0,submitted,,,0,0,,,1784214257015,,,1784214257015
186,0x47b837168a6a403a3bc1616a4fcadcd8acdb919d2bdefe1243df87f0d13e7478,"",client_test_01_router_a_majors,client-test-01,customer-test-01,0,"","",ETH/USD,1885989198113718534144,1784214160,failed,NonMonotonicNonce,"Intent for ETH/USD superseded on chain; not submitted.",0,0,,,,,1784214317251,1784214317251
187,0x041120da8f1a5155c61c7a83a5c480116b1b8957034aabe85900c4fd9ee1d812,"",client_test_01_router_a_majors,client-test-01,customer-test-01,0,"","",BTC/USD,64622969060800000425984,1784214159,failed,NonMonotonicNonce,"Intent for BTC/USD superseded on chain; not submitted.",0,0,,,,,1784214317259,1784214317259
188,0x5aa3d918e2eb25bff33ba25c58737d40aab95f9e1cda1e77bfd73c20f0b8d2f2,"",client_test_01_router_a_majors,client-test-01,customer-test-01,0,"","",USDC/USD,999844537482881984,1784214167,failed,NonMonotonicNonce,"Intent for USDC/USD superseded on chain; not submitted.",0,0,,,,,1784214317266,1784214317266
189,0x77967c0d61de40aab2becb7205b996ea7ff8408cd29135ab7424b8777263f58d,237fcc7e31768107e0000d9767f695f5e1b3f0a8eff30f3eef2573170533a62e,client_test_01_router_a_majors,client-test-01,customer-test-01,0,"","",BTC/USD,"",0,confirmed,,,0,0,,,1784214332279,1784214358321,,1784214332279
190,0x695898baf987cca572f62d0650e48ab5411d95d359c801ab0308fab0775243c1,237fcc7e31768107e0000d9767f695f5e1b3f0a8eff30f3eef2573170533a62e,client_test_01_router_a_majors,client-test-01,customer-test-01,0,"","",USDC/USD,"",0,confirmed,,,0,0,,,1784214332287,1784214358333,,1784214332287
191,0x5ff98df5a729e8ad8ba6f2efe7faaaf38eb9d4e5f0d088e5609e3f1ad841c8cc,237fcc7e31768107e0000d9767f695f5e1b3f0a8eff30f3eef2573170533a62e,client_test_01_router_a_majors,client-test-01,customer-test-01,0,"","",ETH/USD,"",0,confirmed,,,0,0,,,1784214332292,1784214358345,,1784214332292
192,0xba9c27aa32e0b021f9f135e4549224a03175ba9a4e5f1d505fb369f3435c2c99,237fcc7e31768107e0000d9767f695f5e1b3f0a8eff30f3eef2573170533a62e,client_test_01_router_a_majors,client-test-01,customer-test-01,0,"","",DOGE/USD,"",0,confirmed,,,0,0,,,1784214332300,1784214358356,,1784214332300
193,0x56e8c73d60a996bf38043017c9eaef16ea546c8b331b87ba30e07e4407f7fb92,5e77fc73c04e98d66f8da46a49612fa97c24a94ccd0b1d3409afeff3a17a8100,client_test_02_router_default,client-test-02,customer-test-02,0,"","",BTC/USD,"",0,confirmed,,,0,0,,,1784214350899,1784214432037,,1784214350899
194,0x5508878ba1a30fb50735cf162c5cf2fb14f256a74e29d13e2dfc8e9ae7f4f1f2,5e77fc73c04e98d66f8da46a49612fa97c24a94ccd0b1d3409afeff3a17a8100,client_test_01_router_a_majors,client-test-01,customer-test-01,0,"","",USDC/USD,"",0,confirmed,,,0,0,,,1784214369204,1784214432016,,1784214369204
195,0x2256e295888634955bcc48cb72a898089f819bcbc1ae66fe719bf7bd1e28df87,5e77fc73c04e98d66f8da46a49612fa97c24a94ccd0b1d3409afeff3a17a8100,client_test_01_router_a_majors,client-test-01,customer-test-01,0,"","",ETH/USD,"",0,confirmed,,,0,0,,,1784214369212,1784214432051,,1784214369212
196,0x6ddadbd6446512a74b117e1ee8a5e58241d6e950a6db1a234783ff25d3f5f8b4,d7c9ffe820862d18421ad868c9099df4089540214adb182ceb2e9501e89356ea,client_test_01_router_b_alts,client-test-01,customer-test-01,0,"","",LTC/USD,"",0,confirmed,,,0,0,,,1784214469061,1784214509504,,1784214469061
197,0x771c9b3c1623fdd27dfe62a5d9f15b675a405f28315b323e858638f1db5396ef,8581f645ef4ee11dfdeddc51119d43fdb64d9a4dc995a4cfdf80b837f2a75b6d,client_test_01_router_b_alts,client-test-01,customer-test-01,0,"","",LTC/USD,"",0,confirmed,,,0,0,,,1784214516918,1784214576624,,1784214516918
198,0x9025695681ff7d446b50134b1bd09e40128413d3ef1718462935f7c74e61ac26,1570f649f16f59b15124794573d2bded60ece88412afd1b90d24d2eb0c52fb58,client_test_01_router_a_majors,client-test-01,customer-test-01,0,"","",USDT/USD,"",0,confirmed,,,0,0,,,1784214690495,1784214738623,,1784214690495
199,0x699ba75405964b84d4702f2941ec86a18cefd65faccdda1a387f842b640db4ac,d2ab8a26c2a08fe730c719276941277e7beb3b4fddb1fea9d01ba82b236035b3,client_test_01_router_a_majors,client-test-01,customer-test-01,0,"","",DOGE/USD,"",0,confirmed,,,0,0,,,1784214751477,1784214793353,,1784214751477
200,0x255492e85464ad1f911d4b1dacd635803e4ac2cf7df216ad6737b7d97f8f2c2c,d2ab8a26c2a08fe730c719276941277e7beb3b4fddb1fea9d01ba82b236035b3,client_test_01_router_a_majors,client-test-01,customer-test-01,0,"","",USDC/USD,"",0,confirmed,,,0,0,,,1784214751484,1784214793363,,1784214751484
201,0x6ba9ef481b9ad9f8ac128c0d68b527877dcacec7e6d838f0ef1dea2c6a6c6803,d2ab8a26c2a08fe730c719276941277e7beb3b4fddb1fea9d01ba82b236035b3,client_test_01_router_a_majors,client-test-01,customer-test-01,0,"","",USDT/USD,"",0,confirmed,,,0,0,,,1784214751489,1784214793374,,1784214751489
202,0x8728832b8101d72a7603675d05b19d1a13d329d393476d1c942e682358334bfd,121c3d7ea8acc34d4c13dabf99805280f8c72d9f6395d56c1c1e684e9fe7a100,client_test_01_router_a_majors,client-test-01,customer-test-01,0,"","",BTC/USD,"",0,confirmed,,,0,0,,,1784214788411,1784214878673,,1784214788411
203,0x51e4cf8cb7305a4dcd3ec876f8a6a136ba3c5e53972091b8dd31620dd0ab8f73,121c3d7ea8acc34d4c13dabf99805280f8c72d9f6395d56c1c1e684e9fe7a100,client_test_01_router_a_majors,client-test-01,customer-test-01,0,"","",ETH/USD,"",0,confirmed,,,0,0,,,1784214808269,1784214878688,,1784214808269
204,0x0e19d18c7c10ee7e920568ac5ee8d3284311b6957503367507e45806ed6c89fb,121c3d7ea8acc34d4c13dabf99805280f8c72d9f6395d56c1c1e684e9fe7a100,client_test_01_router_a_majors,client-test-01,customer-test-01,0,"","",USDC/USD,"",0,confirmed,,,0,0,,,1784214808274,1784214878726,,1784214808274
205,0x1707df74644daa4475942da357fab2cfe6b080aa1caff480e50993598239c8f7,121c3d7ea8acc34d4c13dabf99805280f8c72d9f6395d56c1c1e684e9fe7a100,client_test_01_router_a_majors,client-test-01,customer-test-01,0,"","",DOGE/USD,"",0,confirmed,,,0,0,,,1784214808278,1784214878736,,1784214808278
206,0x0a73bd1073731f0a3021f410d6940eddda9d005b35d674f3288852eb8311144e,dc03c0b5ad4e80d9f66360650173b5b822de1a28b7a744abf967615a75e1759f,client_test_01_router_a_majors,client-test-01,customer-test-01,0,"","",BTC/USD,"",0,confirmed,,,0,0,,,1784214889343,1784214921373,,1784214889343
207,0x5cceefd5131a509ba0de91cbed8a6e34c106470a5f59fc80d8ad5b966002262a,dc03c0b5ad4e80d9f66360650173b5b822de1a28b7a744abf967615a75e1759f,client_test_01_router_a_majors,client-test-01,customer-test-01,0,"","",ETH/USD,"",0,confirmed,,,0,0,,,1784214889350,1784214921386,,1784214889350
208,0x781b68063d7c36227a2540c3aa98b0f7a8c9b5bfe52e458b2ab3a02362c2f794,e6e8f418a0bbe5e01da193fb6076f8a7ac99d96d5ac80ba5093004374c171c2d,client_test_01_router_a_majors,client-test-01,customer-test-01,0,"","",USDT/USD,"",0,confirmed,,,0,0,,,1784214984104,1784215072517,,1784214984104
209,0xf1fec480393cb8db9619ed6e9939b5fa87aaf32b071a9e49563d2c90ea77a17b,22b23b258b8caea5dba69ce13369e0f866b400fa2340b0325723a5ecf4dee80c,client_test_01_router_a_majors,client-test-01,customer-test-01,0,"","",USDC/USD,"",0,confirmed,,,0,0,,,1784215078288,1784215135147,,1784215078288
210,0x041fa8e086c3749b1ea54e4315b2bd1a231ef553858ce7f8ce86dc6e1d44e3c4,801fefab7bae787f75e6bd0b7c8e625bf7e6b2218f146dbc9cc47ffaaca4b5b6,client_test_01_router_a_majors,client-test-01,customer-test-01,0,"","",DOGE/USD,"",0,confirmed,,,0,0,,,1784215227357,1784215265254,,1784215227357
211,0x66e56e8eb5f2b96eac5ecabb31986d1668961b4a1ac1a3b54ef9786f33824944,801fefab7bae787f75e6bd0b7c8e625bf7e6b2218f146dbc9cc47ffaaca4b5b6,client_test_01_router_a_majors,client-test-01,customer-test-01,0,"","",USDC/USD,"",0,confirmed,,,0,0,,,1784215227364,1784215265266,,1784215227364
212,0x3584a948a6e8febb6a3590667417e9e7abe6db405308044a0d2fb63814705de7,3b15f30a997052a1d5e8cef7791528d8bd531419cee8ce74e93ee5cfccd945ec,client_test_01_router_a_majors,client-test-01,customer-test-01,0,"","",USDT/USD,"",0,confirmed,,,0,0,,,1784215278421,1784215335779,,1784215278421
213,0xd5d5610e7259bc321aeb7bb4f6620d7580f97565474f4ef9ac03ce71dd0e0b5b,f822d11a258e633607e4358907161111af71b6e98818c8a4144bb83f19d46978,client_test_01_router_a_majors,client-test-01,customer-test-01,0,"","",BTC/USD,"",0,confirmed,,,0,0,,,1784215278427,1784215336908,,1784215278427
214,0x8292c3e5d3b2f501e19c0e14f95c54286acbe3355951e7346cd1f8ebdc3c870d,3b15f30a997052a1d5e8cef7791528d8bd531419cee8ce74e93ee5cfccd945ec,client_test_01_router_a_majors,client-test-01,customer-test-01,0,"","",ETH/USD,"",0,confirmed,,,0,0,,,1784215278435,1784215335798,,1784215278435
215,0x587b1eb79b098f97cbce8cf4e98c2d38f264b57596d03d24953b67e77a6f5193,3b15f30a997052a1d5e8cef7791528d8bd531419cee8ce74e93ee5cfccd945ec,client_test_01_router_a_majors,client-test-01,customer-test-01,0,"","",DOGE/USD,"",0,confirmed,,,0,0,,,1784215278442,1784215335809,,1784215278442
216,0xfaa88a168648ad7f4f00e33c2ea97434d3e4ec796f853d38aa8f3a622d9d03be,a6110c33ab7c17bf720c8c44c618f6e173ee850716ba48609dc0fe171864ae75,client_test_01_router_a_majors,client-test-01,customer-test-01,0,"","",BTC/USD,"",0,confirmed,,,0,0,,,1784215346732,1784215462561,,1784215346732
217,0x6be27b08bd32302894805d1e06ed2ecbb16f4ac2532db1e71336057d37c1332c,a6110c33ab7c17bf720c8c44c618f6e173ee850716ba48609dc0fe171864ae75,client_test_01_router_a_majors,client-test-01,customer-test-01,0,"","",ETH/USD,"",0,confirmed,,,0,0,,,1784215346740,1784215462574,,1784215346740
218,0x79344427669e23032b2cd64f61cd3d3c24bf940b7d35ebb167d21ddb3a20984c,e2b977772f5f92dd1af02a3d999d09325e65e311cf8c1951e640b3dc1462ebac,client_test_01_router_a_majors,client-test-01,customer-test-01,0,"","",USDT/USD,"",0,confirmed,,,0,0,,,1784215543878,1784215562647,,1784215543878
219,0x46d3274cb7144ab75774cfeef56f272abe33a6df982fde539a9819bd5282b705,718d635609eea11e6dd710860a0c37e03bbfbd31a676eca9ba07b92e3440ac21,client_test_01_router_a_majors,client-test-01,customer-test-01,0,"","",USDC/USD,"",0,confirmed,,,0,0,,,1784215646165,1784215673545,,1784215646165
220,0xf17552105b451d49bf77deee4e620c3f1dac1c56cc138e6b3b3e11bef021fca2,718d635609eea11e6dd710860a0c37e03bbfbd31a676eca9ba07b92e3440ac21,client_test_01_router_a_majors,client-test-01,customer-test-01,0,"","",DOGE/USD,"",0,confirmed,,,0,0,,,1784215646172,1784215673554,,1784215646172
221,0x25c7975ec3398aa7f6551a0a5a66b3aaa756d253ed8e0624d7afbe7c95ee7833,d517dc29b7794ca22f9e257fc26fa07741e19be031c069cca08a0970d7424077,client_test_01_router_a_majors,client-test-01,customer-test-01,0,"","",BTC/USD,"",0,confirmed,,,0,0,,,1784215714376,1784215743365,,1784215714376
222,0x21653ede0c98d9441a218404b0630d7c35226cb76fc83dde4ff7817fcdfa5ef0,d517dc29b7794ca22f9e257fc26fa07741e19be031c069cca08a0970d7424077,client_test_01_router_a_majors,client-test-01,customer-test-01,0,"","",ETH/USD,"",0,confirmed,,,0,0,,,1784215714382,1784215743377,,1784215714382
223,0x2bc1a91f87547e1e7f9bebaaf1440343b7cbb2f7d25b1ad9bfd7535fc5a27603,"",client_test_01_router_b_alts,client-test-01,customer-test-01,0,"","",ARB/USD,88022585551890576,1784214875,failed,IntentAgedOut,"Buffered intent exceeded max_intent_age before the lane flushed. intent_time=2026-07-16T15:14:35.000Z now=2026-07-16T15:30:42.909Z intent_age=16m 7s max_intent_age=15m exceeds_by=1m 7s.",0,0,,,,,1784215842915,1784215842915
224,0x90ef8212045faa381cf5f74c5995b6c08828d3bf55481a73b42459abaef97fbb,"",client_test_01_router_b_alts,client-test-01,customer-test-01,0,"","",SHIB/USD,4168061890722,1784214904,failed,IntentAgedOut,"Buffered intent exceeded max_intent_age before the lane flushed. intent_time=2026-07-16T15:15:04.000Z now=2026-07-16T15:30:42.909Z intent_age=15m 38s max_intent_age=15m exceeds_by=38s.",0,0,,,,,1784215842980,1784215842980
225,0x86cca4a8d12f1679854626f406885b7342b07cd11bfa96b54607ee1c543f1c5d,"",client_test_01_router_b_alts,client-test-01,customer-test-01,0,"","",NEIRO/USD,61855278671135,1784214853,failed,IntentAgedOut,"Buffered intent exceeded max_intent_age before the lane flushed. intent_time=2026-07-16T15:14:13.000Z now=2026-07-16T15:30:42.909Z intent_age=16m 29s max_intent_age=15m exceeds_by=1m 29s.",0,0,,,,,1784215842985,1784215842985
226,0x915254e0d7f4e0bffc531b0fb7d0893b499df4fba831dfdc8f62628dcb59a213,"",client_test_01_router_b_alts,client-test-01,customer-test-01,0,"","",XVG/USD,2129127466641076,1784214866,failed,IntentAgedOut,"Buffered intent exceeded max_intent_age before the lane flushed. intent_time=2026-07-16T15:14:26.000Z now=2026-07-16T15:30:42.909Z intent_age=16m 16s max_intent_age=15m exceeds_by=1m 16s.",0,0,,,,,1784215842991,1784215842991
227,0xa3609991e72ce080869d24792a77e60bac81a4f8bc7ddf8e8db9fd8d766b1857,2a4ca5a4fa6fb5139eee2140ea4d5738272a705795390987ada8d04dc152588d,client_test_01_router_b_alts,client-test-01,customer-test-01,0,"","",LTC/USD,"",0,confirmed,,,0,0,,,1784215850381,1784215889329,,1784215850381
228,0x3d70b623287a19e093a18e17170ae3c3de93bf22627326ff291761805ca9bf30,55422cee23d9792ff0d5ac0e7ba946f0d6a9d825ecf618de781965c9acf11864,client_test_01_router_a_majors,client-test-01,customer-test-01,0,"","",USDT/USD,"",0,confirmed,,,0,0,,,1784215968365,1784215997344,,1784215968365
229,0x19313374990c4f3abad85d7575866998f1eb6dcf4aef2ba374f0cdafefca1858,cf969fa344b00590ab0ea5e444a5d2292c7c807272e15d84d7eb98ec7f57e317,client_test_02_router_default,client-test-02,customer-test-02,0,"","",BTC/USD,"",0,confirmed,,,0,0,,,1784215968375,1784216014240,,1784215968375
230,0x2ae8c3d6a47633f5d047f1d7ed50ef1baf6c4adaac172c8a29fa76f42574fa36,55422cee23d9792ff0d5ac0e7ba946f0d6a9d825ecf618de781965c9acf11864,client_test_01_router_a_majors,client-test-01,customer-test-01,0,"","",ETH/USD,"",0,confirmed,,,0,0,,,1784215968382,1784215997362,,1784215968382
231,0x5a73a445e7681d7b6b846ba46d33b5fb5f80c3a25ca2fe85ad54e296fbd69ae4,60ec25255280e12f67dc099e938276ead7622abe07b14a14fa22b86762d6f18a,client_test_01_router_a_majors,client-test-01,customer-test-01,0,"","",USDC/USD,"",0,confirmed,,,0,0,,,1784216071134,1784216134151,,1784216071134
232,0x1ac78a62e384449c042198c17cfb3f83192f003b09eb21f2f0c30be62e59f8ed,60ec25255280e12f67dc099e938276ead7622abe07b14a14fa22b86762d6f18a,client_test_01_router_a_majors,client-test-01,customer-test-01,0,"","",DOGE/USD,"",0,confirmed,,,0,0,,,1784216071144,1784216134165,,1784216071144
233,0xaf5570be294db4e9313f9027589d1fc4aa2e8a8700fa5157e58a51704988553f,60ec25255280e12f67dc099e938276ead7622abe07b14a14fa22b86762d6f18a,client_test_01_router_b_alts,client-test-01,customer-test-01,0,"","",NEIRO/USD,"",0,confirmed,,,0,0,,,1784216071149,1784216134170,,1784216071149
234,0xfba944939a97aa51117fd64890a0ac3b213c5ba085ed783998c954c8094ce1ed,57d92c9aed868283f0ed8b76dee511e03bd919dc9c045bde5d42a9e8c607ba73,client_test_01_router_a_majors,client-test-01,customer-test-01,0,"","",USDC/USD,"",0,confirmed,,,0,0,,,1784216144916,1784216173942,,1784216144916
235,0x298ccc964b05cd87c6f463b2fb0e6ce23d2b612ae9f9320b79c10f94bf22786a,57d92c9aed868283f0ed8b76dee511e03bd919dc9c045bde5d42a9e8c607ba73,client_test_01_router_a_majors,client-test-01,customer-test-01,0,"","",DOGE/USD,"",0,confirmed,,,0,0,,,1784216144927,1784216173958,,1784216144927
236,0x822e31e0fe0068c3af1e0d63a00a841740fe1518125971a04268284e339db0df,57d92c9aed868283f0ed8b76dee511e03bd919dc9c045bde5d42a9e8c607ba73,client_test_01_router_b_alts,client-test-01,customer-test-01,0,"","",NEIRO/USD,"",0,confirmed,,,0,0,,,1784216144934,1784216173969,,1784216144934
237,0x4725e2bf5f8b5b7b12144baae29f5be32773038db36cab02872146697dda72a3,bb079f3b768a3fc2e927f6348dbedb7beac0913a7c43738d6143c848b397a177,client_test_01_router_b_alts,client-test-01,customer-test-01,0,"","",XVG/USD,"",0,confirmed,,,0,0,,,1784216184835,1784216282927,,1784216184835
238,0x9e8dde6b199a3afa54dbd07de3cef8b949a838f2cc47a5288d60413380668955,bb079f3b768a3fc2e927f6348dbedb7beac0913a7c43738d6143c848b397a177,client_test_01_router_b_alts,client-test-01,customer-test-01,0,"","",ARB/USD,"",0,confirmed,,,0,0,,,1784216184841,1784216282942,,1784216184841
239,0x4d96ec231cfabd037dc4c4b31d6a22f3a912455fdeb9027d31ded99e7ae2c15f,9755491b825374e8f733c47accc454b31dc9f768b65cf769ae4632cadeaa66b5,client_test_01_router_b_alts,client-test-01,customer-test-01,0,"","",SHIB/USD,"",0,confirmed,,,0,0,,,1784216295723,1784216362415,,1784216295723
240,0xe1f346b93e4a699cafaeffbc270fe689cc05df08efcfeeb0508467d6be9993bc,9755491b825374e8f733c47accc454b31dc9f768b65cf769ae4632cadeaa66b5,client_test_01_router_b_alts,client-test-01,customer-test-01,0,"","",XVG/USD,"",0,confirmed,,,0,0,,,1784216295728,1784216362424,,1784216295728
241,0x657cd17d05d2a661eb01b10204ce184d645c705122db13d6284f4ee83c2eb74d,9755491b825374e8f733c47accc454b31dc9f768b65cf769ae4632cadeaa66b5,client_test_01_router_b_alts,client-test-01,customer-test-01,0,"","",ARB/USD,"",0,confirmed,,,0,0,,,1784216295731,1784216362432,,1784216295731
242,0xcbd1aa261820a3e288cee8f9479cc77ad9af052124a85c4f57916149cdf3f48d,eb182891c3f82ea3500fe20fdf847dc776901b39d43f5f1910e2b0d7a32a7bc5,client_test_01_router_a_majors,client-test-01,customer-test-01,0,"","",BTC/USD,"",0,confirmed,,,0,0,,,1784216377258,1784216415458,,1784216377258
243,0xadffdba3f59bbad0db203e112c4fd00f63b1ffa85618cd0c9d703ea7c04fde66,eb182891c3f82ea3500fe20fdf847dc776901b39d43f5f1910e2b0d7a32a7bc5,client_test_01_router_a_majors,client-test-01,customer-test-01,0,"","",ETH/USD,"",0,confirmed,,,0,0,,,1784216377264,1784216415474,,1784216377264
244,0x3faacbc7d1fcdff73257a9a4517ca500b06769ec0414fefc662d545b62c57011,eb182891c3f82ea3500fe20fdf847dc776901b39d43f5f1910e2b0d7a32a7bc5,client_test_01_router_b_alts,client-test-01,customer-test-01,0,"","",SHIB/USD,"",0,confirmed,,,0,0,,,1784216377271,1784216415483,,1784216377271
245,0x06bc5e3b621c2bc1ec9283c6718cdf269e9885d461dc5dd4a446f064bb7a3f54,eb182891c3f82ea3500fe20fdf847dc776901b39d43f5f1910e2b0d7a32a7bc5,client_test_01_router_a_majors,client-test-01,customer-test-01,0,"","",USDT/USD,"",0,confirmed,,,0,0,,,1784216377275,1784216415492,,1784216377275
246,0xbd377cc972084ebebcb7f8ac680e428f4fb43e521d5689fd8c52c2c7c4804cc4,3b314c674132051654b0534aa0a345d90954dd3c9e19764dc0975bc757a25b1e,client_test_01_router_a_majors,client-test-01,customer-test-01,0,"","",BTC/USD,"",0,confirmed,,,0,0,,,1784216426743,1784216468581,,1784216426743
247,0x5f5c8825a7527542a6d022ddeb89ccdb6a3066a41fd719386d286e84d1699096,3b314c674132051654b0534aa0a345d90954dd3c9e19764dc0975bc757a25b1e,client_test_01_router_a_majors,client-test-01,customer-test-01,0,"","",ETH/USD,"",0,confirmed,,,0,0,,,1784216426753,1784216468598,,1784216426753
248,0xe9174da020f5f3e5bacc5847a22fe8cef7feb662c946f978c3fc7c80a4bdd345,7ad8d48c7927641043d785215562e8e77acf671fc2117dcbc85b1891ac08b890,client_test_01_router_a_majors,client-test-01,customer-test-01,0,"","",USDC/USD,"",0,confirmed,,,0,0,,,1784216568862,1784216609697,,1784216568862
249,0xa7c4ee09bfc3b87b5dacf0321356562c7c9f9bd228e7bfaa06cefaceafbcd606,7ad8d48c7927641043d785215562e8e77acf671fc2117dcbc85b1891ac08b890,client_test_01_router_a_majors,client-test-01,customer-test-01,0,"","",DOGE/USD,"",0,confirmed,,,0,0,,,1784216568874,1784216609710,,1784216568874
250,0x7076edf63f6b76d9d2f39263acdbb85c015b14c9306f803f6a53ab591b0dd0c8,acbafeadc5a87c8dcfc7223cc28e60de169db65d1462faaaef1cce43434a37fc,client_test_01_router_a_majors,client-test-01,customer-test-01,0,"","",USDC/USD,"",0,confirmed,,,0,0,,,1784216616787,1784216645809,,1784216616787
251,0x6516ae840ea640bbe84f3d40e44eea83e139ad55dd1c34a9df2e0e895cedbde6,acbafeadc5a87c8dcfc7223cc28e60de169db65d1462faaaef1cce43434a37fc,client_test_01_router_a_majors,client-test-01,customer-test-01,0,"","",DOGE/USD,"",0,submitted,,,0,0,,,1784216616793,,,1784216616793
252,0xd5ffad871abf9ea44acd37d2c78057f88dc4e283b5e62f19926383b4dd3ebbe3,47fece2912e01b95eb39465cfcff0821929a8a8f51d52e06d742f0832f77b86a,client_test_02_router_default,client-test-02,customer-test-02,0,"","",BTC/USD,"",0,confirmed,,,0,0,,,1784216632483,1784216671122,,1784216632483
253,0x6516ae840ea640bbe84f3d40e44eea83e139ad55dd1c34a9df2e0e895cedbde6,"",client_test_01_router_a_majors,client-test-01,customer-test-01,0,"","",DOGE/USD,73455098766703168,1784216604,failed,NonMonotonicNonce,"Intent for DOGE/USD superseded on chain; not submitted.",0,0,,,,,1784216645824,1784216645824
254,0x478bae126134214c402bd2da6cc7b13abe6958c0cd7f5418e8d8c44ae59baa49,6bf0d4db3108b6b0bc3db1a0fb313cdc1da2c75858b9901d23d259e88fbc21de,client_test_02_router_default,client-test-02,customer-test-02,0,"","",BTC/USD,"",0,confirmed,,,0,0,,,1784216678669,1784216786298,,1784216678669
255,0x5d56b8b53d0baba56a502282b111ddd89d01d22d0c33a4c9543c752c8f11cbb3,6bf0d4db3108b6b0bc3db1a0fb313cdc1da2c75858b9901d23d259e88fbc21de,client_test_01_router_a_majors,client-test-01,customer-test-01,0,"","",ETH/USD,"",0,confirmed,,,0,0,,,1784216751007,1784216786307,,1784216751007
256,0xb5ddd7df1232b91e4555911a26a7c1b7e6954899a7fc5b928f64c692c67999ce,6bf0d4db3108b6b0bc3db1a0fb313cdc1da2c75858b9901d23d259e88fbc21de,client_test_01_router_a_majors,client-test-01,customer-test-01,0,"","",USDC/USD,"",0,confirmed,,,0,0,,,1784216751013,1784216786318,,1784216751013
257,0x871aa457a8398a843e543d253e14043255ad62b5c031ef45abf3347fe33992a1,6bf0d4db3108b6b0bc3db1a0fb313cdc1da2c75858b9901d23d259e88fbc21de,client_test_01_router_a_majors,client-test-01,customer-test-01,0,"","",USDT/USD,"",0,confirmed,,,0,0,,,1784216751018,1784216786325,,1784216751018
258,0x4e8a5dc085d889695dc367b04190a8653c8d785379288936646de9287bad4fe2,6bf0d4db3108b6b0bc3db1a0fb313cdc1da2c75858b9901d23d259e88fbc21de,client_test_01_router_a_majors,client-test-01,customer-test-01,0,"","",DOGE/USD,"",0,confirmed,,,0,0,,,1784216751022,1784216786335,,1784216751022
259,0x1245888e566b53b507ec954ef11791afa34f7974c0be8ce968bc5be366e03742,c1c61a9db8f60605aa6b608b49be7bec5702968074031473592f8962e1f1a840,client_test_01_router_a_majors,client-test-01,customer-test-01,0,"","",BTC/USD,"",0,confirmed,,,0,0,,,1784217051179,1784217084408,,1784217051179
260,0xe1affd02f4c0dd51d0f26c9ee1c154d074c9fcd6470587da4a13f593beec199c,c1c61a9db8f60605aa6b608b49be7bec5702968074031473592f8962e1f1a840,client_test_01_router_a_majors,client-test-01,customer-test-01,0,"","",ETH/USD,"",0,confirmed,,,0,0,,,1784217058369,1784217084421,,1784217058369
261,0x4fb5d28fb731b64e1c76f4fcdb9a4eae5407e3b941f13787a72ba7fdb994e75d,c1c61a9db8f60605aa6b608b49be7bec5702968074031473592f8962e1f1a840,client_test_01_router_a_majors,client-test-01,customer-test-01,0,"","",USDC/USD,"",0,confirmed,,,0,0,,,1784217058382,1784217084433,,1784217058382
262,0x096ec5a63727ae065df0ef66996284840b61f676dd7547d283bc94b92c50ad77,c1c61a9db8f60605aa6b608b49be7bec5702968074031473592f8962e1f1a840,client_test_01_router_a_majors,client-test-01,customer-test-01,0,"","",USDT/USD,"",0,confirmed,,,0,0,,,1784217058389,1784217084441,,1784217058389
263,0x3c04908f2d4d2166cb52a87d01258cc5de4846e58c27a0dcc4ada4ef590f95b3,c1c61a9db8f60605aa6b608b49be7bec5702968074031473592f8962e1f1a840,client_test_01_router_a_majors,client-test-01,customer-test-01,0,"","",DOGE/USD,"",0,confirmed,,,0,0,,,1784217058393,1784217084451,,1784217058393
264,0xc109f710f1c2f93daf38f41509424e94d32b58c9e993ce334c3dac1223f140b9,0a663455b6c2e21b5eb3a4e0b2ca0ed15fc822d7d92162003e3ad4b3bcae0423,client_test_01_router_a_majors,client-test-01,customer-test-01,0,"","",BTC/USD,"",0,confirmed,,,0,0,,,1784217365292,1784217384722,,1784217365292
265,0xa3d3b9e4bbecde174896fb12f540046699376e23e597f280edbdeb8e8e9a0310,0a663455b6c2e21b5eb3a4e0b2ca0ed15fc822d7d92162003e3ad4b3bcae0423,client_test_01_router_a_majors,client-test-01,customer-test-01,0,"","",ETH/USD,"",0,confirmed,,,0,0,,,1784217365298,1784217384739,,1784217365298
266,0x0fb393dec7248746578a4d9c908b5013156b6413c13801a4a7cc7c6b58a113de,0a663455b6c2e21b5eb3a4e0b2ca0ed15fc822d7d92162003e3ad4b3bcae0423,client_test_01_router_a_majors,client-test-01,customer-test-01,0,"","",USDC/USD,"",0,confirmed,,,0,0,,,1784217365305,1784217384748,,1784217365305
267,0x631f4ea8ac617f7c934ac67e3cd60015bd843b575c157a3c332bda8504915b94,0a663455b6c2e21b5eb3a4e0b2ca0ed15fc822d7d92162003e3ad4b3bcae0423,client_test_01_router_a_majors,client-test-01,customer-test-01,0,"","",USDT/USD,"",0,confirmed,,,0,0,,,1784217365310,1784217384757,,1784217365310
268,0x8fc0cba7248b6df4706a64f9f85c2101409e096b5ba26339ae9d008258ec1f18,0a663455b6c2e21b5eb3a4e0b2ca0ed15fc822d7d92162003e3ad4b3bcae0423,client_test_01_router_a_majors,client-test-01,customer-test-01,0,"","",DOGE/USD,"",0,confirmed,,,0,0,,,1784217365317,1784217384766,,1784217365317
269,0x9f80f6c83c72a3bf4c840172f744f5a360231b4b7187ca301f7fcc37dbff5d67,76bb9eaf73d78955f04950afd9b8a58403289a562f24f60163c9038159b18a37,client_test_01_router_a_majors,client-test-01,customer-test-01,0,"","",BTC/USD,"",0,confirmed,,,0,0,,,1784217636776,1784217690466,,1784217636776
270,0x7e468b35dd869b07f596827228ddb9d046b411ade0faaa0567ed9fb551d16780,76bb9eaf73d78955f04950afd9b8a58403289a562f24f60163c9038159b18a37,client_test_01_router_a_majors,client-test-01,customer-test-01,0,"","",ETH/USD,"",0,confirmed,,,0,0,,,1784217649652,1784217690480,,1784217649652
271,0xcab0964c8305c99a2fbaf96d405e4600e165f4955500f996b03ac0b1dc21d00b,76bb9eaf73d78955f04950afd9b8a58403289a562f24f60163c9038159b18a37,client_test_01_router_a_majors,client-test-01,customer-test-01,0,"","",USDC/USD,"",0,confirmed,,,0,0,,,1784217649663,1784217690489,,1784217649663
272,0x6a3a6a462923425b459e2b2bc17188c4e1a16ba4d3490477ff31c7236e408c1f,76bb9eaf73d78955f04950afd9b8a58403289a562f24f60163c9038159b18a37,client_test_01_router_a_majors,client-test-01,customer-test-01,0,"","",DOGE/USD,"",0,confirmed,,,0,0,,,1784217649667,1784217690501,,1784217649667
273,0xcd9d7d29652985f8bf11b883ff75ac5ea2e9d5ab31fe259a7c65100355b52af2,76bb9eaf73d78955f04950afd9b8a58403289a562f24f60163c9038159b18a37,client_test_01_router_b_alts,client-test-01,customer-test-01,0,"","",LTC/USD,"",0,confirmed,,,0,0,,,1784217649673,1784217690514,,1784217649673
274,0x3117e0a088ab1735f4b6cde0a78c34f3d4b13709f2c8c0d39c3f9357e0e65ce5,76bb9eaf73d78955f04950afd9b8a58403289a562f24f60163c9038159b18a37,client_test_01_router_b_alts,client-test-01,customer-test-01,0,"","",SHIB/USD,"",0,confirmed,,,0,0,,,1784217649682,1784217690522,,1784217649682
275,0xf26c874e7011efaf7e778eb340f95c9662827903933dc85fde7364d75b485eb7,76bb9eaf73d78955f04950afd9b8a58403289a562f24f60163c9038159b18a37,client_test_01_router_b_alts,client-test-01,customer-test-01,0,"","",NEIRO/USD,"",0,confirmed,,,0,0,,,1784217649687,1784217690534,,1784217649687
276,0x4b2359f054fa3c51f6efead1c91577cb0d2efca5eb1120bb6c7a7c2e8e6845ff,76bb9eaf73d78955f04950afd9b8a58403289a562f24f60163c9038159b18a37,client_test_01_router_b_alts,client-test-01,customer-test-01,0,"","",XVG/USD,"",0,confirmed,,,0,0,,,1784217649693,1784217690546,,1784217649693
277,0x997a1adc62cfec4e74f36fba892569da5bc1fca659b27a0a9124c4dc79b3d387,514a224663be0feda3eae8cc49de03f9bc771624dfe9af90db92caeb99be1e42,client_test_01_router_a_majors,client-test-01,customer-test-01,0,"","",USDT/USD,"",0,confirmed,,,0,0,,,1784217699967,1784217715923,,1784217699967
278,0x47b24c2b2f22828025f28323825961aa0978feacd20e9b2d54c8c204784f61a0,514a224663be0feda3eae8cc49de03f9bc771624dfe9af90db92caeb99be1e42,client_test_01_router_b_alts,client-test-01,customer-test-01,0,"","",ARB/USD,"",0,confirmed,,,0,0,,,1784217699975,1784217715951,,1784217699975
279,0x6fb20909caeb9bf81b87bc42aaf0e318a53235c09a3431f81eb3ef0ecce66ec0,514a224663be0feda3eae8cc49de03f9bc771624dfe9af90db92caeb99be1e42,client_test_01_router_a_majors,client-test-01,customer-test-01,0,"","",BTC/USD,"",0,submitted,,,0,0,,,1784217699982,,,1784217699982
280,0x6fb20909caeb9bf81b87bc42aaf0e318a53235c09a3431f81eb3ef0ecce66ec0,"",client_test_01_router_a_majors,client-test-01,customer-test-01,0,"","",BTC/USD,64664667973618770116608,1784217686,failed,NonMonotonicNonce,"Intent for BTC/USD superseded on chain; not submitted.",0,0,,,,,1784217715977,1784217715977
281,0x2aaaada7ea2cf2ab0df3eb8f99416290c803fb75cc0d9d99b7ec93f329e4b074,d2834947b48b5a48c47b4eef26834b1f12af7848cdb17cf4d9caf052f00b48d4,client_test_01_router_a_majors,client-test-01,customer-test-01,0,"","",BTC/USD,"",0,confirmed,,,0,0,,,1784217951054,1784217995711,,1784217951054
282,0xac2be88ee535026ec4e5cf28bbff72506445f24270a01529890c9d72220b9836,d2834947b48b5a48c47b4eef26834b1f12af7848cdb17cf4d9caf052f00b48d4,client_test_01_router_a_majors,client-test-01,customer-test-01,0,"","",ETH/USD,"",0,confirmed,,,0,0,,,1784217951061,1784217995726,,1784217951061
283,0x88bbf88ccd1f7a1c65f481dcd0fe3a49c730ec103f25a66fbac736abcb4a8ce5,d2834947b48b5a48c47b4eef26834b1f12af7848cdb17cf4d9caf052f00b48d4,client_test_01_router_a_majors,client-test-01,customer-test-01,0,"","",USDC/USD,"",0,confirmed,,,0,0,,,1784217951066,1784217995736,,1784217951066
284,0xd2934425585b4430b888ee5dfd6c080521ae842e5dffbe7b5788de4669afe228,d2834947b48b5a48c47b4eef26834b1f12af7848cdb17cf4d9caf052f00b48d4,client_test_01_router_a_majors,client-test-01,customer-test-01,0,"","",USDT/USD,"",0,confirmed,,,0,0,,,1784217951070,1784217995745,,1784217951070
285,0xe63b518cb99a0b8e9740755dee3a1061a07b4e6664756ae497310cf465834fe3,d2834947b48b5a48c47b4eef26834b1f12af7848cdb17cf4d9caf052f00b48d4,client_test_01_router_a_majors,client-test-01,customer-test-01,0,"","",DOGE/USD,"",0,confirmed,,,0,0,,,1784217951074,1784217995757,,1784217951074
286,0xf6758632cbe1b415d6b636c7ac22d3a48e667a1f2f022c2863d74e7e001ebcf2,"",client_test_01_router_a_majors,client-test-01,customer-test-01,0,"","",DOGE/USD,73595271638395600,1784217991,failed,NonMonotonicNonce,"Oracle intent nonce must be greater than the current on-chain nonce; intent superseded, not submitted.",0,0,,,,,1784218001697,1784218001697
287,0x10b451ab3d5198cd84db5e88abd5bdb570dbb78a0f9261791de05fc12b300162,c3599da21fdadfec59565e82230b2d07f373031ea5096c6a121b7376257026ac,client_test_01_router_a_majors,client-test-01,customer-test-01,0,"","",USDT/USD,"",0,confirmed,,,0,0,,,1784218250330,1784218304018,,1784218250330
288,0x45f886a821c182b56662d4219052435e3f3bce4e2e32819301793168006c7228,8a097e7385ce85aaf42b0497bf05140307fa4415be542fc5cba40570b9e39c99,client_test_01_router_a_majors,client-test-01,customer-test-01,0,"","",BTC/USD,"",0,confirmed,,,0,0,,,1784218277972,1784218352510,,1784218277972
289,0xaed843a3acc1243744f35f7ec5f11f65125684a93b59190bd81537621979551a,8a097e7385ce85aaf42b0497bf05140307fa4415be542fc5cba40570b9e39c99,client_test_01_router_a_majors,client-test-01,customer-test-01,0,"","",ETH/USD,"",0,confirmed,,,0,0,,,1784218317170,1784218352524,,1784218317170
290,0x79aadbcabf63da1b67e2db5ba35b2d10257a793af133588cceeea7a8af2158eb,8a097e7385ce85aaf42b0497bf05140307fa4415be542fc5cba40570b9e39c99,client_test_01_router_a_majors,client-test-01,customer-test-01,0,"","",USDC/USD,"",0,confirmed,,,0,0,,,1784218317180,1784218352531,,1784218317180
291,0xc61ab6c37a40c8c760e92baa92e49745f4e8325f4ec5bba3dcdc2a41d4634f6e,8a097e7385ce85aaf42b0497bf05140307fa4415be542fc5cba40570b9e39c99,client_test_01_router_a_majors,client-test-01,customer-test-01,0,"","",DOGE/USD,"",0,confirmed,,,0,0,,,1784218317184,1784218352542,,1784218317184
292,0x3d208ef236917f31b65c2fbf8d4b66be966389237398d76ced59aceef0b71564,a45644a5f22f56f0b0a98e94880fb679676f81c1e074b3a6c3fa270b2eb65f8d,client_test_01_router_a_majors,client-test-01,customer-test-01,0,"","",BTC/USD,"",0,confirmed,,,0,0,,,1784218364627,1784218389686,,1784218364627
293,0xd7af7a9c0b4260104bf96af2698ba8b2bdb7251b9e5ab02e3386d07a744e1d54,a45644a5f22f56f0b0a98e94880fb679676f81c1e074b3a6c3fa270b2eb65f8d,client_test_01_router_a_majors,client-test-01,customer-test-01,0,"","",ETH/USD,"",0,confirmed,,,0,0,,,1784218364637,1784218389713,,1784218364637
294,0x4c6d033e5a80925efe5d32d8b016ddde30119fd107aea621e593c49e87d2a353,a45644a5f22f56f0b0a98e94880fb679676f81c1e074b3a6c3fa270b2eb65f8d,client_test_01_router_a_majors,client-test-01,customer-test-01,0,"","",USDC/USD,"",0,confirmed,,,0,0,,,1784218364641,1784218389721,,1784218364641
295,0x57c0a07260399efe95da0bd6edd208820dccb39e38d4a5d31747d7008b22f7e7,a45644a5f22f56f0b0a98e94880fb679676f81c1e074b3a6c3fa270b2eb65f8d,client_test_01_router_a_majors,client-test-01,customer-test-01,0,"","",DOGE/USD,"",0,confirmed,,,0,0,,,1784218364645,1784218389727,,1784218364645
296,0x0e6ce86a235766ef3ba7bc2a66ca76fbfa9f0599f03893e087a31c03a67b2b82,a346822a9d8a56558cd1e5d4e27101c231d43f3fa49f272625ebcae1d139817d,client_test_01_router_a_majors,client-test-01,customer-test-01,0,"","",USDT/USD,"",0,confirmed,,,0,0,,,1784218556729,1784218616000,,1784218556729
297,0x7bd3a5dba57330ac809668b028f59784bf60744e0d7bb90bd01e532f28931c7b,84c4d83cf8ce8db6e171988446f694339f7bb15b97a5132d88aab8ab3d5d372f,client_test_01_router_a_majors,client-test-01,customer-test-01,0,"","",BTC/USD,"",0,confirmed,,,0,0,,,1784218630828,1784218666305,,1784218630828
298,0x76978d4089a4f161f9652de00c94b8d50bf15a8bda951839281296612eaa13e3,84c4d83cf8ce8db6e171988446f694339f7bb15b97a5132d88aab8ab3d5d372f,client_test_01_router_a_majors,client-test-01,customer-test-01,0,"","",ETH/USD,"",0,confirmed,,,0,0,,,1784218630838,1784218666317,,1784218630838
299,0x8992d1d3c3f500ff714e711b86f4943b3e1d353ed1f5d157a18e758c106ca640,84c4d83cf8ce8db6e171988446f694339f7bb15b97a5132d88aab8ab3d5d372f,client_test_01_router_a_majors,client-test-01,customer-test-01,0,"","",USDC/USD,"",0,confirmed,,,0,0,,,1784218630844,1784218666324,,1784218630844
300,0x513801b89ee27b5e280e26b0c7202eef3f8ba8389c105edf3185f15ab482007d,84c4d83cf8ce8db6e171988446f694339f7bb15b97a5132d88aab8ab3d5d372f,client_test_01_router_a_majors,client-test-01,customer-test-01,0,"","",DOGE/USD,"",0,confirmed,,,0,0,,,1784218630849,1784218666333,,1784218630849
301,0x48e8b0d36f9576c98d24ebf6e86d6d9c4ac0623019900373181bb87d2bd45130,c733663ec890293b4fcd94554835457623e72b9df745a3403a781394b28b0bc6,client_test_01_router_a_majors,client-test-01,customer-test-01,0,"","",USDT/USD,"",0,confirmed,,,0,0,,,1784218863068,1784218916551,,1784218863068
302,0x9cfe7ed80df4fc143f6a43f8ba3310cd5a8bf02321c32a72b34462580ff57b19,9fcd9bef30c37bc7b39ac9d0d408539a8f0216ae95d5bef1bdd1e61b98d1d307,client_test_01_router_a_majors,client-test-01,customer-test-01,0,"","",BTC/USD,"",0,confirmed,,,0,0,,,1784218890639,1784218958815,,1784218890639
303,0x3290b6daf913502c6e09f8d8d8b7c4bc3789bc2902a7b7adea0bf169cf40b3f1,0669ceea136844ef48b0a9fec31afb67e7ab5b89aeee586519b023a1f5969025,client_test_02_router_default,client-test-02,customer-test-02,0,"","",BTC/USD,"",0,confirmed,,,0,0,,,1784218922345,1784218944984,,1784218922345
304,0x935c4932f38fb163bf18f463735bbdabe334b63fb8d0e30cdd5b52d8fce2e4e1,9fcd9bef30c37bc7b39ac9d0d408539a8f0216ae95d5bef1bdd1e61b98d1d307,client_test_01_router_a_majors,client-test-01,customer-test-01,0,"","",ETH/USD,"",0,confirmed,,,0,0,,,1784218929459,1784218958833,,1784218929459
305,0x2e2b74a47d5572fbe099cf8000ff15131955817384471326dca88c692f043948,9fcd9bef30c37bc7b39ac9d0d408539a8f0216ae95d5bef1bdd1e61b98d1d307,client_test_01_router_a_majors,client-test-01,customer-test-01,0,"","",USDC/USD,"",0,confirmed,,,0,0,,,1784218929472,1784218958841,,1784218929472
306,0x351edc1250aa388e73614937ffe9b0aea19bcb3688d1c62815afa08def8b82e9,9fcd9bef30c37bc7b39ac9d0d408539a8f0216ae95d5bef1bdd1e61b98d1d307,client_test_01_router_a_majors,client-test-01,customer-test-01,0,"","",DOGE/USD,"",0,confirmed,,,0,0,,,1784218929476,1784218958845,,1784218929476
307,0xb392ba2dee34d57230400b47b87d1b8c335427433616b25d4df52f77d3a8cb87,67fad64a58da5eb000530fb652158752f6821b8f2ea909ec00b2fa1647c19a23,client_test_01_router_a_majors,client-test-01,customer-test-01,0,"","",DOGE/USD,"",0,confirmed,,,0,0,,,1784219141759,1784219208229,,1784219141759
308,0xf9856dfd28e28ee603e12d9f75da6f83612e6424ebbb3bff0a42b0ef00901fd3,dd396e5d8eadd33a623eecc43b95c37c6c2595c160398a3ba92afff61a493046,client_test_01_router_a_majors,client-test-01,customer-test-01,0,"","",BTC/USD,"",0,confirmed,,,0,0,,,1784219224395,1784219350328,,1784219224395
309,0x30a97ed4578717a364766540863d83e9d513b4633a5aba888b5e1b4a035d447d,dd396e5d8eadd33a623eecc43b95c37c6c2595c160398a3ba92afff61a493046,client_test_01_router_a_majors,client-test-01,customer-test-01,0,"","",USDT/USD,"",0,confirmed,,,0,0,,,1784219224401,1784219350344,,1784219224401
310,0xd18c5ad9c9e16041fd32d7b95d2be2f13b49640b6cdde217f58db9ccf598f339,dd396e5d8eadd33a623eecc43b95c37c6c2595c160398a3ba92afff61a493046,client_test_01_router_a_majors,client-test-01,customer-test-01,0,"","",ETH/USD,"",0,confirmed,,,0,0,,,1784219224406,1784219350357,,1784219224406
311,0x24cec4cb922785d17919b22306eab14a0466d964b77247a27fe1adb4b1aa17b4,dd396e5d8eadd33a623eecc43b95c37c6c2595c160398a3ba92afff61a493046,client_test_01_router_a_majors,client-test-01,customer-test-01,0,"","",USDC/USD,"",0,confirmed,,,0,0,,,1784219224411,1784219350364,,1784219224411
312,0x1cbbc0ba5fa0f65ad4c5b37c82beccc84c6e99a7927a99fa52a96b5e836c3428,993994c356992488a889ba211acbda6cec8df2091a586480b61628cb336d41f2,client_test_01_router_a_majors,client-test-01,customer-test-01,0,"","",USDT/USD,"",0,confirmed,,,0,0,,,1784219365179,1784219403995,,1784219365179
313,0x58f65df8e4d7b08627476a18b9fc7d80d42727cf1bff4ec72eac797308305a85,993994c356992488a889ba211acbda6cec8df2091a586480b61628cb336d41f2,client_test_01_router_a_majors,client-test-01,customer-test-01,0,"","",BTC/USD,"",0,confirmed,,,0,0,,,1784219365189,1784219404009,,1784219365189
314,0x94b626e08f0906d3e15a369731cab32b1c3fe80657360876a22d4ef60f5a169c,993994c356992488a889ba211acbda6cec8df2091a586480b61628cb336d41f2,client_test_01_router_a_majors,client-test-01,customer-test-01,0,"","",ETH/USD,"",0,confirmed,,,0,0,,,1784219365193,1784219404018,,1784219365193
315,0x506a0d6aafe5c22c32800539a058f2a11c7bdb79095cf7ee0a31732fd13b8af3,993994c356992488a889ba211acbda6cec8df2091a586480b61628cb336d41f2,client_test_01_router_a_majors,client-test-01,customer-test-01,0,"","",USDC/USD,"",0,confirmed,,,0,0,,,1784219365198,1784219404026,,1784219365198
316,0xa07b0b16be2da90cdddf6005fa086a68e4040d4afb9ff3aad1d4cf6b25cf5d64,cc2740093e4b4f21421db1a0e37c162c6365182d5746033b3e13193d370eb185,client_test_01_router_b_alts,client-test-01,customer-test-01,0,"","",ARB/USD,"",0,confirmed,,,0,0,,,1784219450708,1784219488698,,1784219450708
317,0xeb51bdb09e24eb3887927b4798256c8e1799d5c7c7ef2db0b7caa5b37cd65aa2,cc2740093e4b4f21421db1a0e37c162c6365182d5746033b3e13193d370eb185,client_test_01_router_b_alts,client-test-01,customer-test-01,0,"","",NEIRO/USD,"",0,confirmed,,,0,0,,,1784219450720,1784219488712,,1784219450720
318,0xfb2bead3d74913378ae9006e6d53bb3c6b9c421c395c1766bce4d95af387095d,cc2740093e4b4f21421db1a0e37c162c6365182d5746033b3e13193d370eb185,client_test_01_router_b_alts,client-test-01,customer-test-01,0,"","",XVG/USD,"",0,confirmed,,,0,0,,,1784219450727,1784219488722,,1784219450727
319,0x1ed40a56929c4664319dff1cde85f11e44ce7b947d0713259a43ba0d62a9faf4,48639098de3680ac15ee6cde8bf11ecbda50d84f010546336d4d685bc35e7a13,client_test_02_router_default,client-test-02,customer-test-02,0,"","",BTC/USD,"",0,confirmed,,,0,0,,,1784219476155,1784219535102,,1784219476155
320,0xc67eac679e07f0b417bfa4b5460983bc71304b117456bd7b50254b947c550016,9643f90bb6a5797d6c55da16d8ead295e561498004f63d05fcd829dd1dec0c01,client_test_01_router_b_alts,client-test-01,customer-test-01,0,"","",LTC/USD,"",0,confirmed,,,0,0,,,1784219501506,1784219538162,,1784219501506
321,0xc1add8ecc618f0bd2d4beb7f196c6e3cdf557b1d8d417a036751c0ca05cede08,9643f90bb6a5797d6c55da16d8ead295e561498004f63d05fcd829dd1dec0c01,client_test_01_router_a_majors,client-test-01,customer-test-01,0,"","",DOGE/USD,"",0,confirmed,,,0,0,,,1784219501520,1784219538179,,1784219501520
322,0x53d97d326f247639d0372ee251e23825bef308327b331e5e6b0b39281d27345c,9643f90bb6a5797d6c55da16d8ead295e561498004f63d05fcd829dd1dec0c01,client_test_01_router_b_alts,client-test-01,customer-test-01,0,"","",SHIB/USD,"",0,confirmed,,,0,0,,,1784219501526,1784219538187,,1784219501526
323,0xefaca62d8a426c731b027c7f6b7f9fce13a679a0b2ce3a03d73dd757e49f9658,ba4173613eedfff16fc35efed72f9fac7e18a57433723f7bc685777b178d88c6,client_test_01_router_b_alts,client-test-01,customer-test-01,0,"","",LTC/USD,"",0,confirmed,,,0,0,,,1784219551189,1784219633690,,1784219551189
324,0x4f99d6a0a256d8079db695e4330731d81f1850c40626c5dd076820ee6d6ca8c1,ba4173613eedfff16fc35efed72f9fac7e18a57433723f7bc685777b178d88c6,client_test_01_router_a_majors,client-test-01,customer-test-01,0,"","",DOGE/USD,"",0,confirmed,,,0,0,,,1784219551195,1784219633704,,1784219551195
325,0x1ea73d901e06bce23c62e803214db216d552b888a4378793caa9316e63ccf976,ba4173613eedfff16fc35efed72f9fac7e18a57433723f7bc685777b178d88c6,client_test_01_router_b_alts,client-test-01,customer-test-01,0,"","",SHIB/USD,"",0,confirmed,,,0,0,,,1784219551199,1784219633716,,1784219551199
326,0xd3f10819a9a449117fdc22edf5609fee77044a50453729dcf28fd7cba3ed4dad,845df2b22a916ea6697df9cbd0878fb21cd3720c0a736efe8ab1b4cedc0ed3e4,client_test_01_router_a_majors,client-test-01,customer-test-01,0,"","",USDT/USD,"",0,confirmed,,,0,0,,,1784219759896,1784219776553,,1784219759896
327,0x00d5853bc86af6cb5fddd0aae469fd93299c5f4cf4a946415c09f8c844bb0a1c,845df2b22a916ea6697df9cbd0878fb21cd3720c0a736efe8ab1b4cedc0ed3e4,client_test_01_router_a_majors,client-test-01,customer-test-01,0,"","",BTC/USD,"",0,confirmed,,,0,0,,,1784219759903,1784219776567,,1784219759903
328,0xb5e8d9355afb9ddd7127c5fae8029b79263626dd7ba392635dc8c1cc9a576920,845df2b22a916ea6697df9cbd0878fb21cd3720c0a736efe8ab1b4cedc0ed3e4,client_test_01_router_a_majors,client-test-01,customer-test-01,0,"","",ETH/USD,"",0,confirmed,,,0,0,,,1784219759909,1784219776576,,1784219759909
329,0xe950e3331368486b04151c0fa39bb8d8daa30b8eaa303f3f3030523cf60d525b,845df2b22a916ea6697df9cbd0878fb21cd3720c0a736efe8ab1b4cedc0ed3e4,client_test_01_router_a_majors,client-test-01,customer-test-01,0,"","",USDC/USD,"",0,confirmed,,,0,0,,,1784219759913,1784219776583,,1784219759913
330,0x0689817ac86dc31e3154934ba3bbef1e994a1eea095861861cd0a3c8a777981a,d922ec0750aed4c8047ceb0ba17db4154e0abe9e8fc1ebe9cb0f2be2c27a4f6c,client_test_01_router_a_majors,client-test-01,customer-test-01,0,"","",DOGE/USD,"",0,confirmed,,,0,0,,,1784219788332,1784219814215,,1784219788332
331,0x50a606a64106ca84ce02d50aae2b2b64bef0d5143eefa2ac4dc2a82088212372,d922ec0750aed4c8047ceb0ba17db4154e0abe9e8fc1ebe9cb0f2be2c27a4f6c,client_test_01_router_a_majors,client-test-01,customer-test-01,0,"","",BTC/USD,"",0,submitted,,,0,0,,,1784219788343,,,1784219788343
332,0x5cbdfa79ee5b1562cf846ea6fb371b759d57d45329c28150bfccde667fed73a6,d922ec0750aed4c8047ceb0ba17db4154e0abe9e8fc1ebe9cb0f2be2c27a4f6c,client_test_01_router_a_majors,client-test-01,customer-test-01,0,"","",ETH/USD,"",0,submitted,,,0,0,,,1784219788346,,,1784219788346
333,0x44ed8f057c96895d46050455cad5acbe193aa8d158d4f1c4e49d2ce1016fe4a8,d922ec0750aed4c8047ceb0ba17db4154e0abe9e8fc1ebe9cb0f2be2c27a4f6c,client_test_01_router_a_majors,client-test-01,customer-test-01,0,"","",USDT/USD,"",0,confirmed,,,0,0,,,1784219788352,1784219814236,,1784219788352
334,0x5fb0912b47dd85da91ff8f032b839a714384361d3542199b8fe7866a3a95f9a8,d922ec0750aed4c8047ceb0ba17db4154e0abe9e8fc1ebe9cb0f2be2c27a4f6c,client_test_01_router_a_majors,client-test-01,customer-test-01,0,"","",USDC/USD,"",0,submitted,,,0,0,,,1784219788356,,,1784219788356
335,0x50a606a64106ca84ce02d50aae2b2b64bef0d5143eefa2ac4dc2a82088212372,"",client_test_01_router_a_majors,client-test-01,customer-test-01,0,"","",BTC/USD,64529041592520330444800,1784219761,failed,NonMonotonicNonce,"Intent for BTC/USD superseded on chain; not submitted.",0,0,,,,,1784219814226,1784219814226
336,0x5cbdfa79ee5b1562cf846ea6fb371b759d57d45329c28150bfccde667fed73a6,"",client_test_01_router_a_majors,client-test-01,customer-test-01,0,"","",ETH/USD,1878307852301874888704,1784219762,failed,NonMonotonicNonce,"Intent for ETH/USD superseded on chain; not submitted.",0,0,,,,,1784219814233,1784219814233
337,0x5fb0912b47dd85da91ff8f032b839a714384361d3542199b8fe7866a3a95f9a8,"",client_test_01_router_a_majors,client-test-01,customer-test-01,0,"","",USDC/USD,999736196456763200,1784219771,failed,NonMonotonicNonce,"Intent for USDC/USD superseded on chain; not submitted.",0,0,,,,,1784219814246,1784219814246
338,0x57a458c57781a9576aa3035d9298d84b73248689cf6f1f0199e232e7346f258f,e55dd6846c03ca78dca99e1539f75a6b9d6d002b3c14da2c163785d02be64435,client_test_01_router_a_majors,client-test-01,customer-test-01,0,"","",BTC/USD,"",0,confirmed,,,0,0,,,1784220060742,1784220091373,,1784220060742
339,0x5cc30f7f10d69a736fe5b5b8fc91a2c43457aaed4bf8c2c37d8f77eacfd43a88,e55dd6846c03ca78dca99e1539f75a6b9d6d002b3c14da2c163785d02be64435,client_test_01_router_a_majors,client-test-01,customer-test-01,0,"","",ETH/USD,"",0,confirmed,,,0,0,,,1784220063344,1784220091387,,1784220063344
340,0x809482186bb875b069d2ae376cd9c5f8b7c84e7d05ffaf1ee5e640f0fda3d48c,e55dd6846c03ca78dca99e1539f75a6b9d6d002b3c14da2c163785d02be64435,client_test_01_router_a_majors,client-test-01,customer-test-01,0,"","",USDT/USD,"",0,confirmed,,,0,0,,,1784220063355,1784220091393,,1784220063355
341,0x33503978752c873762c700c0ffd9090f9aa5987019a3fcc1cb95ca00f775cc1e,dc3870cbc4d7dcfa2dfbe78c24d91d97b3a19d0ad07a370f897d9eea0d45008e,client_test_01_router_a_majors,client-test-01,customer-test-01,0,"","",USDC/USD,"",0,confirmed,,,0,0,,,1784220104312,1784220176803,,1784220104312
342,0x655661390fb029b61a2a75043a8d8cd5cb62aafe4c43afa29d5e3be7c77f225b,dc3870cbc4d7dcfa2dfbe78c24d91d97b3a19d0ad07a370f897d9eea0d45008e,client_test_01_router_a_majors,client-test-01,customer-test-01,0,"","",DOGE/USD,"",0,confirmed,,,0,0,,,1784220104319,1784220176817,,1784220104319
343,0xa7b2f88a1d1312abb00b491517e7585211662972d3274d86c68983401cd2ffae,dc3870cbc4d7dcfa2dfbe78c24d91d97b3a19d0ad07a370f897d9eea0d45008e,client_test_01_router_a_majors,client-test-01,customer-test-01,0,"","",BTC/USD,"",0,confirmed,,,0,0,,,1784220104326,1784220176823,,1784220104326
344,0x4f705a3e1c16c3ef6d0a60abe34045a6fa988f3dc9ec56d67fa745294c1910d2,dc3870cbc4d7dcfa2dfbe78c24d91d97b3a19d0ad07a370f897d9eea0d45008e,client_test_01_router_a_majors,client-test-01,customer-test-01,0,"","",ETH/USD,"",0,confirmed,,,0,0,,,1784220104331,1784220176830,,1784220104331
345,0xdecc380f2d8f2d5e844412a80dd0cd3cda991d00350f15d4145238001e67863f,3cb498caab26a16aebf48877d0d1e20ce709b4ca77a4f5a8e7c7f61415a39bde,client_test_01_router_a_majors,client-test-01,customer-test-01,0,"","",USDC/USD,"",0,confirmed,,,0,0,,,1784220187235,1784220210077,,1784220187235
346,0x362b9d58820e3aa280ea7ba852dd6840d4246dba5b694fc39c9176ee42a71f96,3cb498caab26a16aebf48877d0d1e20ce709b4ca77a4f5a8e7c7f61415a39bde,client_test_01_router_a_majors,client-test-01,customer-test-01,0,"","",DOGE/USD,"",0,confirmed,,,0,0,,,1784220187240,1784220210090,,1784220187240
347,0x9ef46a4877c930ddbe0ea93826f9828f15fac441b6329d0f82598c3133162df9,3d7fa470084ed929a690a1bf668598ceea72e4768618bde009e06e15a6909731,client_test_01_router_a_majors,client-test-01,customer-test-01,0,"","",USDT/USD,"",0,confirmed,,,0,0,,,1784220339612,1784220400067,,1784220339612
348,0x34373251f90d248f41b0690bd835f10b40194768a68fbd1469a881673ea21209,d46870d7226304e959981e39851677ae1212721122ba715bb6f223ae8bd29332,client_test_01_router_a_majors,client-test-01,customer-test-01,0,"","",BTC/USD,"",0,confirmed,,,0,0,,,1784220414725,1784220453453,,1784220414725
349,0x2b8cd8184ccd510030c251b189c1f12f22e535160dd840222055e38b22cc7fc7,d46870d7226304e959981e39851677ae1212721122ba715bb6f223ae8bd29332,client_test_01_router_a_majors,client-test-01,customer-test-01,0,"","",ETH/USD,"",0,confirmed,,,0,0,,,1784220414734,1784220453469,,1784220414734
350,0xd4a2cc74affec3312d7379e3b1f6b1471cd69a3cbd308dd432fedfa0989d4c8c,d46870d7226304e959981e39851677ae1212721122ba715bb6f223ae8bd29332,client_test_01_router_a_majors,client-test-01,customer-test-01,0,"","",USDC/USD,"",0,confirmed,,,0,0,,,1784220414740,1784220453491,,1784220414740
351,0xc7c112f54c3ec06291bf035cb20419a09b2221c91cd4713109b51759f1a35086,d46870d7226304e959981e39851677ae1212721122ba715bb6f223ae8bd29332,client_test_01_router_a_majors,client-test-01,customer-test-01,0,"","",DOGE/USD,"",0,confirmed,,,0,0,,,1784220414755,1784220453511,,1784220414755
352,0xc6943b5a5121e0b9bb0552725758adc538190fdefaf892a6206b34e2a757a21e,12ab56f02a7abf5f6a47be314a0892f6dcf02dd271a5e07093c587f6b1cc7f64,client_test_01_router_a_majors,client-test-01,customer-test-01,0,"","",BTC/USD,"",0,confirmed,,,0,0,,,1784220645875,1784220787043,,1784220645875
353,0x91b381acd5992db8697badaa62f425bf75cc04599bc80d0a755cf4f477940681,12ab56f02a7abf5f6a47be314a0892f6dcf02dd271a5e07093c587f6b1cc7f64,client_test_01_router_a_majors,client-test-01,customer-test-01,0,"","",ETH/USD,"",0,confirmed,,,0,0,,,1784220650381,1784220787050,,1784220650381
354,0xc7f59653067ae0d4055daf6161df858ff38f6440076c6ac39869d03817b18b8b,12ab56f02a7abf5f6a47be314a0892f6dcf02dd271a5e07093c587f6b1cc7f64,client_test_01_router_a_majors,client-test-01,customer-test-01,0,"","",USDC/USD,"",0,confirmed,,,0,0,,,1784220650387,1784220787056,,1784220650387
355,0x9c068c9b9181ed54bb3f64c0adcb78cfcf5c0c9ce48e1eb168fbe2c21830e5d4,12ab56f02a7abf5f6a47be314a0892f6dcf02dd271a5e07093c587f6b1cc7f64,client_test_01_router_a_majors,client-test-01,customer-test-01,0,"","",USDT/USD,"",0,confirmed,,,0,0,,,1784220650392,1784220787064,,1784220650392
356,0xc25bc1609422908547aa936db960fc188d4f76a8b430cecf1a07a2442ad99db8,175c5fe01151c9d8639bbedce220317fbf2e024946915bd19362eb8e261b34ee,client_test_02_router_default,client-test-02,customer-test-02,0,"","",BTC/USD,"",0,confirmed,,,0,0,,,1784220792063,1784220926397,,1784220792063
357,0x7a16a30009d670a97b9cef32bef631647d27d2c72baf2da7c315846b77fb4dd4,9e7501f2f2127532327a67145e7202d60c84edc0cceba905a64a27383e9668d3,client_test_01_router_a_majors,client-test-01,customer-test-01,0,"","",DOGE/USD,"",0,confirmed,,,0,0,,,1784220798520,1784220927352,,1784220798520
358,0xefb97219ecc9de5f61ca68838f202824638e9d53f26cd87d2e18ab14f689affb,9e7501f2f2127532327a67145e7202d60c84edc0cceba905a64a27383e9668d3,client_test_01_router_a_majors,client-test-01,customer-test-01,0,"","",USDT/USD,"",0,confirmed,,,0,0,,,1784220798531,1784220927362,,1784220798531
359,0x8890325e0cbcc9ce637197d1572ad0c5bf2311fac2357c5d059bf60ade97b502,9e7501f2f2127532327a67145e7202d60c84edc0cceba905a64a27383e9668d3,client_test_01_router_a_majors,client-test-01,customer-test-01,0,"","",USDC/USD,"",0,confirmed,,,0,0,,,1784220798540,1784220927372,,1784220798540
360,0x04f2d763f9981d27dfebec4906b2e88368463b1e6b535ad7a3a50819dd619ef9,9e7501f2f2127532327a67145e7202d60c84edc0cceba905a64a27383e9668d3,client_test_01_router_a_majors,client-test-01,customer-test-01,0,"","",BTC/USD,"",0,submitted,,,0,0,,,1784220798545,,,1784220798545
361,0x04f2d763f9981d27dfebec4906b2e88368463b1e6b535ad7a3a50819dd619ef9,"",client_test_01_router_a_majors,client-test-01,customer-test-01,0,"","",BTC/USD,64452632939403088494592,1784220783,failed,NonMonotonicNonce,"Intent for BTC/USD superseded on chain; not submitted.",0,0,,,,,1784220927383,1784220927383
