intent_hash,event_id,event_name,tx_hash,log_index,block_number,router_id,destination_index,status,filter_reason,processed_at_ms
0x11c8756fee969415d451145fc83501d24c1215db9e8956994996fc5d36130d7b,,,0x27690a1f3bac9e1894059f5a9483a6beb0a90f87df154f7eea40043136c9ca2f,0,11442310,client_a_preview,0,processed,,1780994207423
0x6341491e21fe0baf00f18f5d9537fb2fe1a3a86e13eb52ded42d054292c2dbd0,,,0xa05ebdbaf2e0b4a704aeb5062ca42344248c5b89bb16dd577dc4f58d4b9400f9,0,11442412,client_a_preview,0,processed,,1780994250146
0xf069fc2d94f72a3fbff010f98f6d8667abe890bb43e19ed8f1be7ff6551e126c,,,0xb3c0f341da9e15e091a5c94d5377459a7757789655bda23a09493ccd94170425,0,11443162,client_a_preview,0,processed,,1780994557857
0x93405cefbecb62a8d8a00de1228786cbbd84df68da3d5faa0b5e4aa8e45d4a62,,,0x4725680b9939b4c04af4e08fbdd93ded8e0d82ae4a42a9996b229f3c97c7ccc0,0,11443341,client_a_preview,0,processed,,1780994630843
0x49625203b494b8476d653e47fcec716ca4b34e90c1dde2fcba6e0b6dafb134c4,,,0xc7514cf5350965e9aa5071e40e6ded1d8f68677ae5cb1164964d45b8ee353177,0,11443446,client_a_preview,0,processed,,1780994673134
0x8dd9c11e8dd6f0cfb2e04904fdb699c6c2fdee320f02707a475864429240cf12,,,0x7648f4746f17079e1d7245bc6cce5999d4e59cd66ca801d8fca606bbbd822d1f,0,11443638,client_a_preview,0,processed,,1780994753339
0x907fe34c5050c67f19ecb925e37fec9bcb496b9b9ba4f4f7c49e2f19796746e5,,,0x7cbf35106ff7ff118ea7c02793633d583ba612ef11ca4f6c0620c48fbb644725,0,11443699,client_a_preview,0,processed,,1780994780817
0xca044d8270f7adfef19b6a858ddbfbb3d111cb86d5982e47ebbbf6d5b0d05813,,,0xfde3e75934a5efb609285813ad048520d18a6c0f08f93f264c96eae3cb0faba3,0,11443735,client_a_preview,0,processed,,1780994796323
0xdcc6e87fabe26ad291e6a0240506c1de48ec713254c347a401900a11cc71e205,,,0xbff52368e62a6a72893b76fa54bfc6c7b34300dcd55e877eefdaf1b7a703bf03,0,11443747,client_a_preview,0,processed,,1780994801325
0x0d4f08858f1bb83f689c7cfa12c11bea816b392408540d6d3ea6f28602c380d0,,,0xb93a63e0de88098f27adb380edd5c3d19d30c79961eadb3f3e4145d43e1c8385,0,11443751,client_a_preview,0,processed,,1780994803099
0x16fb28315ca8c19f3338339de8322c0d088bebefe0657c92e56bb4c6fc7cb5be,,,0xeb81ee41647b7c48bc72705117d51694c7fa9051bc801b22a564b890d96a7ff4,0,11443754,client_a_preview,0,processed,,1780994805261
0x65eb2874ccf3df5e3eea92e900aedce07ecd8184654d563fbbf40b7be2680016,,,0x3f16b9b258a1f7b6b97e6a514e3aa39392b6ac9b608aad58529209ab9de40587,0,11443775,client_a_preview,0,processed,,1780994810215
0xdf6d05d07e7bf248f0d5b909a6b1855c3e8848e5736d9f96b1d124ef1aaf2a22,,,0x9be4613110e64a6ef31d630707cfcf87701e3f310d3b539b0db351a4fe7ba4ff,0,11443787,client_a_preview,0,processed,,1780994815596
0x75680c32de3a6a02b87bb5919dd19b87a230f3cd205d129c875cf44abebd541a,,,0x425ddd05de5de044c3d97d8a7e22155db1b4edd76b3c6005056b821784a8d719,0,11443792,client_a_preview,0,processed,,1780994816814
0xb790b17086b30ea07482f236293686f9ae9412a4fe2d6c64a498468525c6529f,,,0xe2582df9fd2c9c8c6f7c80982c855804881f56b7ab866fa9a2cc30fceb30cad8,0,11443849,client_a_preview,0,processed,,1780994841043
0x6ad66ef5e44c24b6ad6fcfb907e3da9acb948ea97ab8c9be63d69cc1c397e0a2,,,0xc2259e72290d12287111d5ec7b822c6717b5c9f7daea3da95ba9fee69e970b48,0,11443852,client_a_preview,0,processed,,1780994842364
0x62e2a316fffe4b82a4e651257974ea36a5a8de06506d1da5a1a6edc712aa3582,,,0x3417bad9b1cf6d79cd3515b16a55935fee9b3a3332bccdd1f056442acf4c9896,0,11443856,client_a_preview,0,processed,,1780994843993
0x1bc5934b0f7685ee5a8e2a47628389351449feebb9adc36c80df4c757ed72d2b,,,0x520c81a0c03d52bc9a1fcffd21dc70c5ad5635e804cbd139c081f24985862783,0,11443868,client_a_preview,0,processed,,1780994848500
0x3bd9c73e64648589865a20f59c6137799938b86b5d9a85b83089a99cbc8129f6,,,0x924c4d2a5ff8248b7b7d34cf038713f686b33bc3a8b4881e2fbb40daa3d8eb4d,0,11443880,client_a_preview,0,processed,,1780994853066
0x07ed99d9d6ac175226e22430f7e063583c8325a12c34d661663f291029689620,,,0x46f7158902331bc3e22d9bfd24c171add332437d478b650d0a1b0b8289075cfd,0,11443894,client_a_preview,0,processed,,1780994860108
0x118514689a9d0fdebca4859df8d4a0e35188ba51c8a68e21b0fbdbc0328e26dd,,,0x2f1dd6aeb9518ff406d9bf18974a98cf996830f2a337a5d15c9d9b9ca8654a8d,0,11443897,client_a_preview,0,processed,,1780994861369
0xc3935932956064db90f0cb0ef2b1f1684da35905d5d2d008c0c761d6d8a09842,,,0xe2e8310aec61eb143baa83ad76b18319597382e19d0f23845e4c4ffff6ef23bd,0,11443977,client_a_preview,0,processed,,1780994893901
0xbff2cdf128300c56b79f0db162c82dc3b0d37216d922544f4118d242e37e141b,,,0x1a03f8c677952feb12bc84754981d4fa46df83674c10e2cfe0827554e6c28887,0,11443978,client_a_preview,0,processed,,1780994893226
0xd836db097bc045d9271cafdcbb39b474e5fea13130f7060b29795204ba9c201d,,,0x4b7888ec201c3d4d984f01fe778407a9e2c80d48cf22a04e15c02d4d24441cca,0,11444054,client_a_preview,0,processed,,1780994922134
0xcbcef4760fdafdb94ade2ca742e88b648a52490041ea85a622dbf01bec955b35,,,0x303d5a0ba7912c3f9289563fe6cb7169fa671729aaeb95c786a9a1a0ea6ab08b,0,11444072,client_a_preview,0,processed,,1780994931046
0xc2a1d35455bf4b8bccee64956701c18d852dce1cbd7e6363b604f86974d4db50,,,0x8339d68a48a8a201c54a4d83997cd00304320ccd1b511c7187a04e00924cf115,0,11444076,client_a_preview,0,processed,,1780994932529
0xf22b5567b96de310b03a217293451d3c9dab9f9790526278dd2021abfc70a0f5,,,0xd36c6781726843c6c88bd8d44002373d3b409f078188893781ceea1d91ed1548,0,11444081,client_a_preview,0,processed,,1780994935017
0xeae93cbc97f70fc23d6e5223860a1e74d4e94cda56106b8c71417bcc12cd6336,,,0x525ebd371f27e4fb7bc9be24ae35feabafba4cd7c35a4834c2262388c5a7ea66,0,11444148,client_a_preview,0,processed,,1780994965176
0x98bdd0f41161b014c4105bbc42eb02388cb1ba4515d64e46884c6fa198d4bf54,,,0xa2ab58854534bc23d5000b762d1d577d518139b92d5bdc94bbbb6d2bdb7dea58,0,11444154,client_a_preview,0,processed,,1780994967081
0xc34c5a2bae6f48a0bb02089a20430005e31cd99be0c71df10fe239947236ee79,,,0xf0757314947194fa8ac72f1d37790aba82c626869699b2bde7742766924e65a3,0,11444165,client_a_preview,0,processed,,1780994970180
0xd10b937aa13eb364e0ddaef30510001eb42add3ccffbd570e06191f08b7d0c8c,,,0x102e7889dfc988219f7c868725f22e47758f90725b6b47b7fe20a1061dcc6f64,0,11444169,client_a_preview,0,processed,,1780994971453
0xddb83d9f6c79172977eb28fabd37ac0a577151606725d482a34fd601417463e0,,,0x0a20c4222790b7253f7612331a2ea112e0e8fbccaa44d1296be30146838522ad,0,11444247,client_a_preview,0,processed,,1780995005189
0x5ffa9bc397d0238e366308cce8a27e50caee25e8425dea5116c48b9cecdb47d6,,,0x190d537e42aa18a391c9776030280fdda43970a30cbe37cb474591ac623f7b7c,0,11444338,client_a_preview,0,processed,,1780995041085
0x6874417a5c235e1990be8ec23a494778a281f3d05d8ce327a7bc3c7e6dc068d4,,,0x8132f236e25831aab16e3ba18cf6f40032b78be7d856712d38605f072390f207,0,11444356,client_a_preview,0,processed,,1780995047980
0x253d1985340ddd8ab58abd9038a7c4bcd0514dd96dfed8c4c510c9815401ff26,,,0xffc30752c397b792ede87eddca4fd154b11827e3f6b473bb94596190da21b52e,0,11444361,client_a_preview,0,processed,,1780995049316
0xdfeeda750ace267091002b19ea1cc06a34d307692064f58557b8fd4f0b9ab677,,,0xbde906d84a6f7df2b549736c18c5ea00f87ee6e8679caeae23cb89f9d4f24cca,0,11444429,client_a_preview,0,processed,,1780995080479
0xc0a0cd3e10848d2796ee4a58fa07900da7f9c9a1877dc2415be67f97e73a6ea5,,,0x702fe6d5be00867e208ee8552490298a0235f0b67539933bc7b6754f1ad41d64,0,11444443,client_a_preview,0,processed,,1780995086978
0x75057b47793cfa86dcb049b88ce3669024e98ed2b7f00a4f1233d1f46160cfa2,,,0xe82e4e059487239bd50d72d51c0643d48ad6420bc53cda35cc4e8682f4305830,0,11444448,client_a_preview,0,processed,,1780995089036
0xcfb35e3fbdf65a0630a4cd079fc2ee3ae6217051de8a0b5e3d8b208404979708,,,0xb67805e4a4710c0533ab50c2cc4fc0a9af9f91f23e09bd6fd3665cc665ec7529,0,11445038,client_a_preview,0,processed,,1780995332199
0xbac6f14b67bda37ba86dc2906b003589763463d29c0b338423e7c32869e74504,,,0xcc821d5f913deed4fee7aad62af5f7ae8721f76b2bdfc9ae24c9f09244858a34,75,11445127,client_a_preview,0,processed,,1780995370837
0x5477bcd5a6c1f9ff3b29675e4e081fc08e163f0366434469bebf8cd17e0cc720,,,0xc626f387aaadd063f16defc5048103c5800c6de63572d820fe58d564460d4826,0,11445325,client_a_preview,0,processed,,1780995450923
0x250195943360f995be165bed824d6293e481963c41b5af01611f93db2e4b771d,,,0xd1ff41b1c2682b89e4c847823dbe0959b26c112302e0f594f195ca3465aa5738,0,11445401,client_a_preview,0,processed,,1780995478465
0xece720a89545dc0d3ba0f8199f0b381abe25d1702f5f6f0a93b66e03fd0cfe86,,,0xb3f5fab7aa709c9fa48c7c9144577652a1a2cdf420e1b649fe4f4a578140c5ba,0,11445438,client_a_preview,0,processed,,1780995496554
0x8858c0b94625946a87e7b8cf3e9f0d9216261efdef5f9f854d849c8a4aae6171,,,0x5d94e336ce0ce07624540816062de25ce11f7ed13f3504a3f0fb5e8247cf78f3,0,11445442,client_a_preview,0,processed,,1780995498418
0xf6ce1204cfaf4c60cac0a548f61c25f399823a301adf260c918f75ba807f9565,,,0xe42edae8b969fa6f034d8c692b92f9703ffa40f5e2947f03a10d419e0c68d1fc,0,11445446,client_a_preview,0,processed,,1780995500253
0xf96fe19c9e30e783fd94e771aeeb7c3948dde434ea4d09a52a989ad66fa14d2d,,,0xe6ea53cb1a0fcee319533cb26de7305be2db2336b20cfc4b9edadc26421b7269,0,11445518,client_a_preview,0,processed,,1780995530712
0xb9e5634f267549f3b0f748b64a2ba21c06fbec2561ceef5f48cb3edc50a2b601,,,0xbffd3db19f87fed752143ac8b1c735cf3f6e27c1adac8bf5fa3b6ef779842610,0,11445521,client_a_preview,0,processed,,1780995532478
0x5eb9fd9eda0db53dc46d30c159ddcb0be1a36131ca784dbb497f10008f4f3761,,,0x3c9379ca99c7448aacae43f6171a82f72928a2f471b726091f36f50485913bf7,0,11445525,client_a_preview,0,processed,,1780995534317
0x6f4301c7083156bdd37ecf7f71fa5d8832feec2d0a3eeab43b0ce4790868627d,,,0xfaf2dc706782c7cbe4fe327045652ebb401a40d35ea283cb95c5430aa3c29673,0,11445677,client_a_preview,0,processed,,1780995598074
0xd3728bbaac0f6e054951fc6d1f3c908b4bebd125f255aceccb540a47363aba1c,,,0xccafc3b564c44412f1f7143fca52e7474f9639c532514cc197ed7ba74002eaab,0,11445743,client_a_preview,0,processed,,1780995624755
0x63aa6a0d57fde89cbc02bcf2a4e72474f96dcf664e1d772c12ec5800de92d382,,,0xce8b71fa5ace54947a08fae7ced38aec1ba127cc44d9c5c4fcfd318daff7c948,0,11445841,client_a_preview,0,processed,,1780995666248
0x406a3ad686d9a5bc0cca0f179787ab6cd37d7d149eb26be2f382880b9172d775,,,0xf022a15520a8b815d04759f75d4fea3102da132a33f1e69d2143b5f42db50a31,0,11445920,client_a_preview,0,processed,,1780995699254
0xf19584a596256e5fe90738f1616498a13e97413b0e103d29f600da4d3383b8e3,,,0x961ef637237a2fc6376091e98d18e5bf0fbfc36bbdb8a32cf88a2cf3b38f0f90,0,11446018,client_a_preview,0,processed,,1780995743068
0xc462c4fccee75b416ccaec8d33912c0722b49f54ec1b92d6a17819bd3411e543,,,0x188786a5596623b785c2445d3fcd5fc1ce987d9ebd777d19ef4cdeac2cea234f,0,11446030,client_a_preview,0,processed,,1780995748165
0xe15226b11bf9f2bbab588b7c786184ae3f99c3e0afd761ad408eb0ea1f15b31b,,,0x3411741dc83577c70a7c0057d39f33574523b9e538aecbfe218a24f592c06b1c,0,11446034,client_a_preview,0,processed,,1780995749440
0x3d4b64a67d1d6109499ffea7e149c94677bb6fee976decb0992ae06a1c226570,,,0x30dd02d8ad5aceb9d92c757b89a3071bc580ec04405ddcac47ebc8252a43010f,0,11446101,client_a_preview,0,processed,,1780995775801
0x4e55dae689983cb1e2824c60a43c8d5b833c4400dd28f0ce94e0057d600a2290,,,0x9c812a92f25583da4cb87368cb5a1208d87cfe69187fd6380a04a2ddfcb244b6,0,11446115,client_a_preview,0,processed,,1780995783144
0x003e4656955c60d65dd3a8dbab5b601c05958cba18ec27277214925c32228e85,,,0xe9f2ac99a48d696df150918bfaf0c4d738bd229ad095bcbb5cdb51ec36291b9f,0,11446119,client_a_preview,0,processed,,1780995784445
0x612a61b177c240f44efd207b4af65026a4437c53e8ca24c90cca3aee7bec6fb8,,,0x47caa0a26b3cd4e86c2a20dd499205171d38d585f68d0915c1d5f8b2b825a312,0,11446333,client_a_preview,0,processed,,1780995869614
0x6333bf23a37178ebd96e8b328239de22041311f69e2f7b7ec7048a3bc9737cd3,,,0x7969c7cb042188691699c36e122e1ea42f2a8a7ad2b3a914b8474d992d6cb042,0,11446338,client_a_preview,0,processed,,1780995871365
0x346c85884d3c475f21c4fe693df3af6e1e22b82787a14dfccbc8095f1bd8bfb6,,,0x375b9645140faec4ad33cc67033b303c3d1cfad3bb2e3a4eb7108028bf2c2af0,0,11446398,client_a_preview,0,processed,,1780995896475
0xf261717e2a753143b2aeebb2f747bc02a9f5bca2ab9ee1ad98f07ff84671df4e,,,0x4829c18dd7a3e7c071af7487cd74da4ce2d0e35220cb4b177f7a196f06ec4f02,0,11446402,client_a_preview,0,processed,,1780995896118
0xb8ce435d884977f28d448143e64705ddc063c16cadd7d11603d4e8ce823f6071,,,0x89fd90ee7f42365ade64e92638a83df8752e4400f11568f3a542fde8112dc92c,0,11446731,client_a_preview,0,processed,,1780996032847
0x662c529a286b0ad44c78bf6c561c8c9e058c3d80034cbcfa95efb53a3691c4f2,,,0xd34a955a5816b698e96949fc319deff979c31adc77aae7536d64be50bcfa8953,0,11446779,client_a_preview,0,processed,,1780996049777
0xaef21122403f5225f3e46e57cf4a667e0eff5c57572ce9cdac795807939af36c,,,0xfaf7642dfdfe6c6485196206ae5a962dbe789f85aa4f23164bdc8677bcfe95be,0,11447009,client_a_preview,0,processed,,1780996138902
0x3739e8f9ba9d727f8f015f88685602f875516f906edec4804f0dba7e0e536015,,,0xdf7f3cd871ef12aaeaca8939391b874be067c2c918c224177f7510875bff2b29,0,11447063,client_a_preview,0,processed,,1780996162815
0x1fda8beedec2105a6584b0b66dfc93958ed1634cfc7fecd59d0d43d3a582a838,,,0x4e3147e405d4d8f2b890aa9b417fa8c0e4a3090ca2937183e803522e0769cfea,0,11447137,client_a_preview,0,processed,,1780996192028
0x70073fa761ecaff083a7ef717f21f69a49eb9b02f53ff552472a31d05179ed10,,,0xd14739b395d4c9afc096380b8d893fffa531709b6e95f385ecf1dffed13cb4c1,0,11447140,client_a_preview,0,processed,,1780996193909
0x62c2f6a9cf526c474ac355c7b2e22e56733209de67b523e8372f8b85a5b0c77c,,,0xc84f4178b6c476d7b1e9efa4fe84be9f8b770175c8aaef3b097d5474c8fd4922,0,11447144,client_a_preview,0,processed,,1780996195771
0x2e9d7fd8fb7f9c83b36e733b1eec17f98defed52ed15f49019a3dabf485025ed,,,0x25a07eee72e700a4c8c53c5939a2be608c984adda50cca25c235df8b405cae2d,0,11447194,client_a_preview,0,processed,,1780996217090
0xf412e9c49a71b65b8c25ff96c08f54f0819a07b7b373f54f2093fb0bf5b815e7,,,0xfacb19fde7ba4e204d3a4b7265f3dbd9b1d82a334c9363d899efbf1b8b2956ec,0,11447197,client_a_preview,0,processed,,1780996219083
0x8e7b045868f08e7e3167b07d7e14463e181d16ba4ce331f589de83414bf332c5,,,0x201aba4ad8c0d0364059bb5ca28ac5274063c816a1c095ca58ead33f29590c99,0,11447201,client_a_preview,0,processed,,1780996220764
0x5a653d303796014e895b72e66f54e1103f6f0ab0a7268aaba507881501c184c9,,,0x86e6062787fb030470032a4ff64410ca5447be7321850237c208071302b86db9,0,11447382,client_a_preview,0,processed,,1780996294600
0x436df2a63e439697fc22e742dfba33c309c4b11ff8fea944d3502564146b4c73,,,0xfe882f757e98132d4c79734634a108d1fa2108062eecc278417fecb794cd8688,0,11447429,client_a_preview,0,processed,,1780996313817
0x68ce4b178b2ecc06b163afc93485e869a91c9684db8b700c33ab0ecd50992799,,,0x45666404f2f8429d223db235926a67b527114300be1023805479eefd8b5ff81a,0,11447561,client_a_preview,0,processed,,1780996368998
0x8b90187ca9ee03015025fccc6b61de7235074fd0b0276d89a87f53db628f52d0,,,0x0dcd1a7b489c1cf0d97597094b3cacd412d6c563801ea6ad744a0980defc4f4c,1,11447606,client_a_preview,0,processed,,1780996390549
0x5fe7ccb0ad70ccc3058cba19b8c60d174bc078af1f19625b414892dadef888d1,,,0x80718a15f869275ddce7d08c5a9f27428f5c22e6bc50058a5bdd69d0d8fa0bc0,0,11447742,client_a_preview,0,processed,,1780996444095
0x999807a65d89c99388f8260522f2d10417f17f87171eed8611fb7350412c61f2,,,0x9b343aa181154170f7d82e5949ad395e57e0c8e557346c77541dd3df34d54340,0,11447788,client_a_preview,0,processed,,1780996463077
0x0bcd5e5186c43d6a80ffc5b630ce00862eb30eabbb8689c2f3c833d8f6ec11b4,,,0xdccf999b9dffae36c554e941164548f7036b3cc298a0f6f66b00f6ca8431e274,0,11448049,client_a_preview,0,processed,,1780996564221
0x871848702e99d8fe8f072397db92b2a86e1f2ee26a87cfdaa208a36358e0ec40,,,0x211d255b5c30f7ac81ad92d30e524472e2d9035c1ec7d287cf8d1081b6c47c7b,0,11448052,client_a_preview,0,processed,,1780996565440
0x69e36e70f9b90863cbdac5bf916b2a012b3b1eb183a574e1a41c8f9c746012c6,,,0xe3c1f06b02cfea8af379f84ce7bef55972c4eb11baf1290ba2949ab2f6752b92,0,11448090,client_a_preview,0,processed,,1780996582720
0xc6602c4a84524bcfffd43a98d4e9b4981d2e6e48a2e9a790a621d8eaaae510e3,,,0xec6b38e4c5fd2d0b5a3eac233eb912bb0a4457875d013ce0fbf3983a1418db94,0,11448093,client_a_preview,0,processed,,1780996583611
0x728b987a9aa80156b0ee3ef6bdfe695e800fa710c7e345cf3837cbf7786d9bf4,,,0xea1a9cc236d7edc7efc91aa95266b236d443a09d8bf2bd8c10b441468261ac0f,0,11448157,client_a_preview,0,processed,,1780996608084
0x1565112812d101b1f9c5900c31e17cd047f0865c49e453d2be70d60b853441c2,,,0x99ccb96fa46b8432ce3cfd376504bb39e7b4a0d57146e9ab280b351739d84ea0,0,11448192,client_a_preview,0,processed,,1780996621126
0xb4316e861c7678950da496ddc49a0bbab2c05c0969dea7ff14fbf727885ecae4,,,0x884391a1b6b21fc1ff3baac6b7ce1dacb5e229b7f22bb3a9f008786d4be19462,0,11448439,client_a_preview,0,processed,,1780996723373
0x315bd1ff874b71c59705b6ae927957b3a6619f3df9fd038cb49485d2ddd37640,,,0xabfbdf84449a85c1935c1725c23eb3c2c2e33cdfb99e9c371f6929c6022b0518,0,11448480,client_a_preview,0,processed,,1780996742916
0x29cb21ea25d0439968603e42fbda0e0d1e7ff2aa160ee2af39788766f210f03f,,,0x996663b46298eb831948fd0b8d736e6ef31878c978928903779a013def8a8bc7,0,11448737,client_a_preview,0,processed,,1780996841412
0xcfa311ee743e3d3792597654245ffcd704100f0d9cde6b99b4fa9ea63e1dc2b1,,,0x13037b40fa21c01e8c1a5ed15919acfe2454a6f5afc93611a02bf168deb1ded9,0,11448759,client_a_preview,0,processed,,1780996851445
0x48d00587add4782fa453c1ba5a6682cb7202c8b5ad6c05aa52f0e7ef37be9cb4,,,0x97dea9510cbdeea383dcce53f11feb5f775d8562a152edec97c368caf8c2e53b,0,11448865,client_a_preview,0,processed,,1780996894503
0x35e3e41ffdf09fcc54634079b71cc7517a1fd4adc167bda22d1f95f4623c5d15,,,0x07f20fbc6b1ad03a54c81dac4485f4913a498fb2e6bd8e7305f8f8ff0124aaa3,0,11448868,client_a_preview,0,processed,,1780996895941
0xd0233c3dc3cac951c53b16da59a3b5672685a3188c40fa23795ec1d76525f9ff,,,0x7d616e2c4138a32c5ca40ac9e383cf64b02defe5e48afc625083eb501c6cfc89,0,11448871,client_a_preview,0,processed,,1780996897153
0x5012b81d5d6cc14b0480f49f7d1d12de3df7d7a5e2c8be1fe10773732f55adfa,,,0x4b5424462afe832595877a426828674162a9ced535d5adaecad0f34fe7d02ae0,0,11448884,client_a_preview,0,processed,,1780996900374
0xd6d03920f55bddfbc402a46148a7b0e841c220e142a74607ef45b7fd0ca110d6,,,0x0c6f3c2834a4231abeadd37c6332e14f6670bb56392e4615bf05250e362777cc,0,11448888,client_a_preview,0,processed,,1780996902234
0x8e2b651480a28e57b8b7150074d5764774c8512ca31840a2c0e9c21d64b7da63,,,0x87291f915742e63566b0b067c5a12c1408297ca46fca7a3e3ba484b7a097abcb,0,11448893,client_a_preview,0,processed,,1780996904081
0x3e117365981f281115ebf012404f148fd50238ce5789d7d1c0e6ee43f557990e,,,0x5e4f05c8c63dce9e2199bd516c8c046d67083978f4347153c9402a1360dcc1a2,0,11449091,client_a_preview,0,processed,,1780996983804
0xd33eecc963f6928a6e55360af56ef0ef9c6c1478d7bf7c16be7f699c88e30f80,,,0xb380ead25a9e3f72667b63ea9e9f8b8784fe4ab990506d2d0db9ae649d816aa8,0,11449112,client_a_preview,0,processed,,1780996994563
0xeac262a9a329e13a2981441ca1262864c421688f3a5d73629271a918b9108a7a,,,0x7693edd79c75fb1c879a7ef624a5ea9de2ff0e34f3513e013127fa4deddecea9,0,11449261,client_a_preview,0,processed,,1780997053551
0x549029414b8992a322a1db624ef123b90980dd80aa57ff5f2b3576d4c64a467f,,,0x8f54c0fc7ac02e10ed358eb541effd0007eb9c2f1e9bdb16ef713f1b00b875c5,0,11449279,client_a_preview,0,processed,,1780997060182
0xee6ea639149154f6d42f9b2f0e27c57124cf44bc8289ee3bfa75717b2f12fd5f,,,0x1ca0db2272682d55665bf9024c3ae9023af1ef7d8a996a6a89485ba28bf696f8,0,11449366,client_a_preview,0,processed,,1780997093661
0x424f8fc89772d701d8f9d95e421195e40aff884c803e329c6c317f88acb1471e,,,0xd84f97313530d54b411327dc4fdd59030f575a45666fefe4c6f9099c14c64868,0,11449380,client_a_preview,0,processed,,1780997099139
0x2cb15209ddc57badc240437b650eff3bd3d6cb9e4d4cf4eef8e58a7e5756ef58,,,0x9cd006411a0e9a8204fc2831059a797bfbb22743fe352c04e4ab8cb8fa4afbe2,0,11449642,client_a_preview,0,processed,,1780997207875
0xb51f4e90eb799f543c54c570bba0743ff82d09c9fdd7b5bf81d45b181ca5fc0f,,,0xb81c1cb6c5ff51bc312c551bb0fbc706c02aa725a82d43bc59d1fe3651c08afd,0,11449651,client_a_preview,0,processed,,1780997212271
0x5e545c68a17ec48929ce2a87c50c61e10b2532646b766b73b964e6fa9b583abd,,,0x05a9c51d08b1fecedc9c44a2e6baede6651fda292daf965c6c58c9380bd9a605,0,11449715,client_a_preview,0,processed,,1780997240255
0x245ca1f55ce83f12d96e8f02faf0bbe9cbc54e58000f581b478dc071c99e8fb5,,,0x3e555b6a5c63787c48bed1e0769df871eb2a8fff16fcdd49334d1ce4988dcc8e,0,11449723,client_a_preview,0,processed,,1780997243223
0xdd7eb2b092562a5bcd9970db31390a25b68b23190370698e59261babd5dca467,,,0x005e660bf6aaa7f2c93d77d489e322b43c74207ed92dcd2b6b74d722de12bcc9,0,11449728,client_a_preview,0,processed,,1780997245229
0xa00b44b0d58a7bddd2fc69358f715fec707cbaba1cff3475a157262f8e63fe48,,,0xa0f65f8b95ae523245b69bd9e27ca92cc15a8347f5da58930837fb6911adcc7d,0,11449731,client_a_preview,0,processed,,1780997247090
0xd7abff4d78b3e6bfece325e014254648bf41678bd53477f2ca88136e8b584340,,,0x63b1db3e74c029efb8cd22366312fc2d9c253a604a447e2b9eac8fdbf32a17e4,0,11449738,client_a_preview,0,processed,,1780997249756
0x543face977ae44f70fd6685718a53919d8adc8c660353ea2bdc77fb087d23dd3,,,0x7ca2a8a545127469ce5f3a09662987d7c06b96c9b3449a50971c1dab35c02b42,0,11449741,client_a_preview,0,processed,,1780997251602
0x53e9883b961d4a5edd070f783e2ad4b08f37656625e63203ce78ac5146770fe4,,,0xf0cf5696ce3546aa83ec131e08d070eb92f138a83037102f35fbeb5a42341e18,0,11450004,client_a_preview,0,processed,,1780997359631
0x708d9d0c5379166ae5f6174d548186641b5a6f8c3784ce87b330cdebe82cbcbe,,,0x823aa460ca67ee97702cbcd8f2924204c331255a3ececf1d76ef509e7a5c3de5,0,11450006,client_a_preview,0,processed,,1780997360248
0x9a2d2b76b1478e97b18f00fe2c1e7ec20288eb21cbed74acc5e1f6f3f2ed20e7,,,0xaa05de9e22c4fc688f7e892a22eda06cdd35accdc823d61c646c2ca6baf6cabe,0,11450016,client_a_preview,0,processed,,1780997365009
0x4a860a8bc6cd7cadaff2ab2eafbb7142a447a0efec0bf2edd76461b47b3f359f,,,0x4056a4b33afc7ff9ccaa605323a9c8a0a19d44b698328607da19cb16829e7014,0,11450018,client_a_preview,0,processed,,1780997365779
0x0518bddfced5699072fbc743ed9cf66fbc714cfc58f8b4d2bd8831ba638aa27f,,,0xd29b7540af3396a5f8f6d6dc8a4094e0168de9c91efe256f0b0ef10441972d65,0,11450020,client_a_preview,0,processed,,1780997366839
0x269c3978e79ed1f8f279635fa55a0cb21f983095787c3ee1700baafafa6ed5c7,,,0xecc45160b9069982810b5c9b9088a97684efa2a6384f4dccd1027aa1aa53eb7c,0,11450021,client_a_preview,0,processed,,1780997367542
0x4f158be3dc3ce81e75b9c1889bf323499619245b71d74845963f26eb695dfbdc,,,0x78308ba2687a4634ad90a1e3f3d09a4f1ad23cd5aa9b1b7c5f65f32be86aaaa4,0,11450124,client_a_preview,0,processed,,1780997405994
0x0ab676113f3b649c541652f20813328cebcd800197103d25baeea8fbd300c917,,,0x168d4576caaa5768caa4b2afb181704e12d736385325c6e97fd5545b6e344d6f,0,11450132,client_a_preview,0,processed,,1780997410871
0x61bfa1c3d81a40d9b47b46abd7773118f43e9b283f84b5112c023ccea8e9af86,,,0x85c468ba4ae8fdfac804aee577fce260199b64e8d95ba4074405c1b361f7317c,0,11450302,client_a_preview,0,processed,,1780997480218
0xad7f2bd63f1d91bedaa0ce7a55e0510da2e4e97ae624ecfa715dad455a138da3,,,0x828eb3b9794016ec5db272dd2eaffaa8d93f026ffe96a631df35c52522cb61df,0,11450306,client_a_preview,0,processed,,1780997481991
0x8ef5883cfcda89748c973c9022e7e1786e34a0e2c73d8d516d95d7b93c3407c9,,,0xcdb0bfc4cbc9d3d9d75ef359859da4df6ede9ed78497261b38f80fd77f203920,0,11450308,client_a_preview,0,processed,,1780997482979
0x77141c8aa4da303666bad5988d5ac1bca3a867db8db9e9ea8c16db41ff17b9ad,,,0xebaba48b15a7e4f511e1ffa5fecbce8180ecee2739c9aef6d1333bcd53ebeaef,0,11450311,client_a_preview,0,processed,,1780997484832
0xea254a5c1748749ea415db3fdfe9c3043d6f90e589b3ace609de29a0e01dc6d1,,,0x9661591bf6eebca09c1482d85284659f70ab0c56fd2497d84bb421761720e332,0,11450425,client_a_preview,0,processed,,1780997530838
0x2d0e944e2065e78cb34c97562afe42e732feffc3a32d8e854e6df56e5546d8f1,,,0xd02ebf535186fcd44405648de7ccec074e0955c7346f3c37fa4d966c887d1dbe,0,11450430,client_a_preview,0,processed,,1780997533285
0x27d3ff6d85855bca2580d752c44812b400df6746a9391b67e802e70ab4205248,,,0xdbc4c0cb02b72bf16d2766e74a0767d50a931379cc233176f2be56498eca95b4,0,11450781,client_a_preview,0,processed,,1780997675735
0x1b1c3df553966041dc68b6ee9fb9d230d217a2076737245fa2106c9c898ca3f8,,,0x947b75c958dafeb81e8b77a6ccaa78d6c3f4775669ef85631976e13be5ac5832,0,11450787,client_a_preview,0,processed,,1780997678246
0x522bbbf10cd22fe759d8d774ec94445104d63c6967c684db877d5ed4b02da200,,,0xa1409de044033a7cd2e02e94dc9b3f9edd92cc05cdd54f259af8f5901e620507,0,11450945,client_a_preview,0,processed,,1780997738884
0xa3668d98601c1f585f1c69c8952065eb8b3b2b0eea4aa802125c46711945040b,,,0x18960965d7fe6cfe850da7431cb76f55da93a05d4dfa70d005a27b1a2ff3df0e,0,11450949,client_a_preview,0,processed,,1780997740499
0x09b1ff0120872b6ab9ef41e9f187ba0d6e400a15d0c8eebc5b97b3fad3510996,,,0xe3f3fc2b9b7965cd3bc08a2ca6d5bf1a2085133d346290db3f5d787f85a1899c,0,11451694,client_a_preview,0,processed,,1780998042283
0x3111c96853d2b21ffbe2914a9524143bac441534bd37220279fdf3c42a3cf3d8,,,0xdc6effc66bb97b2b8ec51f0465c6de0440b64a165e695070385a5a753fb1b373,0,11451703,client_a_preview,0,processed,,1780998045485
0xeb5102857268a5738f93c6ed59e6c3ce094e407546ae3e79314f5554a995f5ae,,,0xdbac473d1a7c7aeec7c64287cdd48f06bce8cf4bf9aade3aa8e457af9c75a6f3,0,11452092,client_a_preview,0,processed,,1780998203870
0x65345434acec445854b808f582d0b610c319bc1049ef263b8155f0ae9c3c837f,,,0x8464936a347c26dccf9679607939156238cf0362fd6df7501a04aa2530597ebb,0,11452120,client_a_preview,0,processed,,1780998216898
0x1725fe1d743af1c28462bec667057be9549796560d694b168f984da89733b4c1,,,0xa2dd7bc9592877f077739b660ce0bf930779fa4e3898e8a3c9fc19fb9d07a60b,0,11452275,client_a_preview,0,processed,,1780998281941
0xfc4282e56b97dd3c9640f9c3343c4cf5b63ac920b6099ff3091b3cfdb4a6c11b,,,0x2cf9b0a09269dc71bcd6de59c28fe2ea6091c0e0117be66a1fb14fe122ab6ac9,0,11452277,client_a_preview,0,processed,,1780998282680
0x2af74ffe833b1ec608195cac229b88ca5434a0561afb7e6288a88dd44e47819c,,,0x41eeba22a9eebc7e3b7ba1bc22a50bdfe572c3ac608b3f74af5c14a52317d3b2,0,11452278,client_a_preview,0,processed,,1780998283156
0xb19f3eda3f225266a08d21b3520f697f630b34ae1d49fade555000a7d0bf071a,,,0x8aa20d1dff636614ca890e337532b55a6e795b0d7082eeddeafd8055d3506294,0,11452281,client_a_preview,0,processed,,1780998283997
0x5340968a5134e1c15fb7d307739ee7da183e8448176fa8bfcb6d1b6f2bf2b1eb,,,0x33b46406c2ab430bc8f2be3883ad357f7110c38737dbdc9ce96bf108e661e7f9,0,11452356,client_a_preview,0,processed,,1780998314369
0xd47b418a3435807c78ec649a74b79eadaeacde58fb1af872a2e01c0a79bfc915,,,0xc06e405a39645897c3debec12f40f5348fb3463337c9bd58d19eca1775595730,0,11452364,client_a_preview,0,processed,,1780998317381
0xbfa824f5f463a88c591d9f77d0d60f56afcd7c2c80e86a835e63cb28a37f0ef6,,,0x26f49a23ab6d5025dead7cc6890d7ffb6cc962d4d3eba4048e3604a86209f62a,0,11452395,client_a_preview,0,processed,,1780998328971
0x9c5113227b63807d1b1c83614a24f5056a25d907b307158d65584be51043216b,,,0xd5abb7081d101b9dd8a7dae53166273d41b8fe06b1f2776e6cdec0092d859b01,0,11452405,client_a_preview,0,processed,,1780998334229
0x1726d46df1428011c2de9e11d82c59b6fa51f6831bfd2c4b1a8a482aa47e1274,,,0x10115004610c0ca4f4ea5c05a64730aaf4d0af7c56417eba84dd98822fe6c1e5,0,11452461,client_a_preview,0,processed,,1780998357048
0x996a90426d0e09fc1be4957b9f4bc877d86dfaa59b51e974fa9186ea50a03b5b,,,0xe8e29f28caeaf06781d5452e313097bdd3e9dbbe7f20a22d53b0e887014e91a8,0,11452470,client_a_preview,0,processed,,1780998361881
0x396ee3097725b53705747f9a874f8181d30f42bb9f967ec15eafbf94d055f94b,,,0xc795dbb137a2e393d8908ec8cdbe60274de8678d7bee431e2fe7941693d06b59,0,11452509,client_a_preview,0,processed,,1780998376941
0x9063dd9789a2b8d9292fce84cfd83bd4ebfda72c0914c4f091a040a536c720f4,,,0xcfcfec76d0b74d2f3cf370a5fd5dce14ca7cd9d8afd6c0d113684b408e25391c,0,11452512,client_a_preview,0,processed,,1780998378191
0x18de658455660b1149c6f6e68779e512b575e08b3d42c7f5967053107542c154,,,0x820fe1d9b70d0a60a23c92f6db955919ecd7f634ef56c8d9f81522a2e47264a2,0,11452515,client_a_preview,0,processed,,1780998379368
0x01485e931363c5d86ac33a8f675f17c5b8e37bb3dc6b1ecfa7fcafeb02decf60,,,0x91ce905a7d2ab322d40bb604b52456f7d80881852f08e6e3fe9292ddd5657319,0,11452516,client_a_preview,0,processed,,1780998380017
0xf7ed6371989dd0b0fd9b7dba0507c78f9059b5c6261b89b0977f6cdd85f4cf6e,,,0xe2977f49c238b62ce5d4468eeda2f19f96eef3d6bea3d12f69c820a92a109486,0,11452520,client_a_preview,0,processed,,1780998381311
0x29907d6f77b519199242f710ec33792a96b941b9f191063c4979480fdc52ec60,,,0x26c2f2752817e8febc0c24e7be0568844189e34e45d316f1cb0c6c9d7ed8d563,0,11452524,client_a_preview,0,processed,,1780998382641
0xbd1b4c048f7bff75e26cb3fd47f6cd9ccc7e87ca66bd9694d817d43a43b6ecd2,,,0x76022f50a156975d2c4b157ed00b83d785b5addf9c992d672f5ec163114f3fbb,0,11452631,client_a_preview,0,processed,,1780998426052
0x0b1c004d44f7e64ed61e4ddccd257b4d9231ac0c9a3e957a2df17ff443e8850a,,,0x22795da1d220c1c173972dbbd18d63a2037168d8523543b8c36db374a559129b,0,11452641,client_a_preview,0,processed,,1780998432001
0x77c07bc6e844179f64a28864ebbc87f311dceb29dc2a6a03b5ec02b35733d6a2,,,0x0be840af9366cafe135fbcc33db938620fed79a84d4960277bbd825e3dffc2c9,0,11453110,client_a_preview,0,processed,,1780998624334
0x0573d15dfd61e1567d37c328cb0601836714c0a8a36e6ce1657cdd767107786e,,,0x310b6dd27e47b7fd2816b30bbc73f0a56307fe88ec22890e21304c7e35e392b0,0,11453126,client_a_preview,0,processed,,1780998631536
0xd2c046787c3cc1c563fb1b48f6db8b711d662ea778b5a52f8f10611a6f6c7d5a,,,0xc6b36b5990b654d5a5f423c950aa9ace3de3c05a88449a80da2457d225c4193f,0,11453297,client_a_preview,0,processed,,1780998703595
0x4b3a96735cb0e5fafdca55814535748e200918cbcebcb8892649fac03196e63a,,,0xcdb5632197d59538bbccbb8d2d8825987c8cb82e796f3728fa146acd406debad,0,11453310,client_a_preview,0,processed,,1780998706060
0xbaacc646e34102bc0dd9a240263a5938c6bcfe10963faaf913b4251189a02542,,,0x9b0440961f4563bd99e49ca92ae42ddde09d95bc546d9599a2a5e77090c8d173,0,11453377,client_a_preview,0,processed,,1780998733718
0x7171c9af43db3a8ba110a25620d1621143f122a802355971b5cd9db3f380f052,,,0x3eebf7dee31853e1e5aac1621545681d7c7921f3410fbbedfb5dcdee44986343,0,11453389,client_a_preview,0,processed,,1780998737776
0x3723877e71bd1d6e5a158dc598c35e4126bb2c8d5f4042b5b23cf016ebb5a963,,,0x010bff7406cc51a5dfd3fd6e88616bea1336aa1b1d1787c55e31470cf18b8acf,0,11453394,client_a_preview,0,processed,,1780998739677
0xaa8bba6578b4a28077d91b937fa6665321ba7e250fe3d553a95fd0aa21e94669,,,0xadf44eb531ddb140a9e5ec942b9357a05e44618491fd77f854aad1be2c982acd,0,11453402,client_a_preview,0,processed,,1780998743301
0xfac01cf7dcdc6495267b1656aad32adc7a6d06a2da8234350b2fade269f82f6a,,,0x0e22530056a82f2ca2d46f1bd610aeebc2d3003d9b547f984f51a60ab50ccb6e,0,11453908,client_a_preview,0,processed,,1780998956826
0x7870dfee19bdd13d26625558d7a4275d32f5a02409ab6520e05843f4ef73d19d,,,0x6ce0407ab53e77eaaeb35dc907d4b45632c55bfd65d3ed84beb358132e768747,0,11453912,client_a_preview,0,processed,,1780998958123
0x0df85e5d6334cbc4c9c9f6dfa111512ae220e7f6d7fb1ad051e643db1adcde4f,,,0x7999ea2f48c2614a26430153f98b2d7cb03ee1a82b2a266149d8fc82d65fc53a,0,11453923,client_a_preview,0,processed,,1780998963810
0x7cfe1697653cd0f402a7aab5882c99911c54673960541849ff1991cdf36ac1cd,,,0xe9b6d6043a61e3976e518050c9c91a4c8152a1e7d23157f20ffd5c33c87257c4,0,11453925,client_a_preview,0,processed,,1780998965506
0xe59f601000aa4a20c82573e1447e06e656e8f81c2645c92bb479d5996543d376,,,0x4fa22000c2e313aeaa8d5240e54aacc9dd60185476efdd32950e9bb6c17e0cc3,0,11453954,client_a_preview,0,processed,,1780998978200
0xa94d1fcac4dacfb94a6eff2534f2592e58c81f2280e01422d04d9cd6087b2985,,,0xbc5e114c9c7f6b783a4d18d347fa70e4009c706e00aeaf365a18f8d9bc917d6d,0,11453960,client_a_preview,0,processed,,1780998980136
0x7820de1dd8959f9e91db1fdd28672fb66481f26dae543d569dd8b28f0c595321,,,0xc59769a511388783abafd07484933cd0770e43241a2ae979bcad4222df960cd6,0,11453969,client_a_preview,0,processed,,1780998981662
0x7e156d8670eef21f5e949e57f2fd5cc823c840c9a68c34c9176481967a35641f,,,0x5a3c28c2a082d027b04450ccb7ea04003771ed026e15ecaab4815a8f15e22a8a,0,11453973,client_a_preview,0,processed,,1780998982890
0x0c0e4370b993a7cec8fbbf0b99fee750ae7463e70d1d1f208d7c59a359bb6e49,,,0xcfccbd098bd7eb88d7cadef279dc7ad6676de88b82078caa5a812819e6f3adfc,0,11454063,client_a_preview,0,processed,,1780999021791
0x68b68fdb01f14952cc39dea3df02f87fd429972a94f80208a24791686dc73eed,,,0x9c1fcbc103038bd72fc94388d66bb12acbf833d4d32ed6b860503773d232c191,0,11454076,client_a_preview,0,processed,,1780999027778
0xad667e82e9c900be45c73f2ff1560351e3b7c1a810e7d70db6bb33e18d8e938b,,,0x447552da4659cab766da6d4f2a29f0a5fbfcd7167dff861423e6e45da637ee97,0,11454143,client_a_preview,0,processed,,1780999052268
0xcb8612553d407be63b70781c72f0a100cf2ee770163348ac2af95b6af4502d7d,,,0xeefea2c5e527b15a0f5b326a4b3e51b1a9259d2631abe65dbe6546a5017d63c9,0,11454163,client_a_preview,0,processed,,1780999059942
0x52bac93ea093612471d533322851cc52bd15e7b06580174ed0de272d7a3a456a,,,0x9fdcbb069049f4d4b6e7025c15a572721ac6b12fa2331e18840cbf1f3e506098,0,11454195,client_a_preview,0,processed,,1780999071936
0x0d634374870ab3e1a2dcee45fb81628a2d42bde55afc314de94020fb1e19267e,,,0x6a6bd7796405ee114d29e052b198ee10b854bff27691e2fe1eb372e199223025,0,11454199,client_a_preview,0,processed,,1780999073250
0xc6ef2e34b6fe963d4f59d2c31ebd50c1e0e55cd7dfe581b7e058739586fd4f63,,,0x65b25733035d2dcbcf38a4b4571fb2468218ded914cc0f37183d9dacf2836369,0,11454201,client_a_preview,0,processed,,1780999074457
0x097dd53817597121fb03d35b0a0b4117f5407bd7a598a6a1056c8ddab016d19f,,,0xeeebf7b4b3fc0aa78d197b5ff754ac7992d0cd5b32f5fa509e81bf04ea3cac48,0,11454215,client_a_preview,0,processed,,1780999081716
0xb1ea670894c8dc790e3218f6c9f5357cb0d6dd3b66c6aebc5bbea066ff961b2d,,,0x1b86ba3265871497096fb758f9c9b7e6d5380bc55739b140e120ebc70c68a48e,0,11454233,client_a_preview,0,processed,,1780999091097
0x6e4e6e4488c07be91ea7d5c2e093a01e96dff8c171ee1e30ce32683f0974d236,,,0x0abc8e1e933c79f35f8345581e01f3c934fd0e34c7535aaf355d5efd3184a97f,0,11454234,client_a_preview,0,processed,,1780999091622
0xc3a5c539f637c6dff50ba78d05a6c64e4340cf153ebab2f8408fc2143d79d551,,,0x84a72f7a57abf5313af31c643c25af2eb8f80b158d00a8f4e5ed784e23b6ba01,0,11454247,client_a_preview,0,processed,,1780999094812
0xdf19361b7c87e2214b584986cce5bc26c91eff5ecdf974fd0b9333d96c15fbf7,,,0xc263ce138dd33f1068129a3bf7ba69ada8590ff2072cf26db5ce6335c2413166,0,11454251,client_a_preview,0,processed,,1780999096121
0x881b7589344e4d3e4a3866c11f8a3395692b9b4d671813beca5ffa2e2430ff2f,,,0x89d51afe03ba693c280858b1654829a951e0078b29d1c865120c2935de91c149,0,11454314,client_a_preview,0,processed,,1780999121321
0x64ed37f79cbb89b94b4de6b6dcb7df3382574c0ce392abb8e0cdf54f6458de54,,,0xdd95fe500fd25b0413e24b67ef89eba0d1c53d0dea2280cee3c8e9dac230d832,0,11454333,client_a_preview,0,processed,,1780999129025
0x9b20d76f17caa118ecebd6d61cb54110779ee17e12b66cb98640d7227bb4dfff,,,0xb1d925716508a6561e3a094d60337cd14c529e5b735d6a26bf5e3a8add484548,0,11454347,client_a_preview,0,processed,,1780999134536
0x8579586bd802fd7696bbf638e65af90e4e14103ee157920826d4173cd5479e9c,,,0xb8b8979e0c18bf538c6dada1c32c36acdd47fa8d52ffaf564886b7f5415024b2,0,11454354,client_a_preview,0,processed,,1780999138000
0x620756198891003ecf92c1536e82eeb2a99e93e197dec3181356d56730579c4e,,,0x2ab76cdfc5528ee606e7a1927769d1b1bce028d136ec872744260f0e98506345,0,11454366,client_a_preview,0,processed,,1780999143820
0x979acf8da1ccd745b0a2397c42e53c2a7ad6afe98c2e3b712dabc3367a750159,,,0xfb84eed51aafbd4fcf24acc202065bf59dbecfd0c31a8084921d0dc3dd286c2b,0,11454373,client_a_preview,0,processed,,1780999147206
0xbb5bd6337600e5bfcc6da074b7f6cf105825792db0b6d9d4f92e35cf61a672e4,,,0x53cda57436212dc0639dffd618c0d8834f560713c23bdc65b2a5a9e10de842a5,0,11454421,client_a_preview,0,processed,,1780999167513
0x97c5426405102ab21c4a365290a5a2d1324d80b534d2795d9fa64482cfc5bff0,,,0xc32fdd1e706ed089fa064e42bec04979f21fbe1c8a7b0b1f0445595c61752e74,0,11454443,client_a_preview,0,processed,,1780999176516
0xb041b9b1c9b70db630985a7bfb764e036a5899bd33da4fcf4d24e00a39230c4c,,,0x436e701146b076f63fbb04df968ad23a53c1f9dc626ec5187e97a5b77277a6e7,0,11454470,client_a_preview,0,processed,,1780999188616
0x27dc18b291b08f47d887c57c6ee57e57c8e80bf4cb6b0fc34eabf6f915c4c144,,,0xd7811a3b40b49fb61e2f018ea4d60e6ca808b391a90da9e60f981d64de7e1232,0,11454478,client_a_preview,0,processed,,1780999191714
0x0db0172c08e68e89e5daa236c8d170646b080b2581b155ce67a01098764c1004,,,0x85458676de58cfebd4de73630d2ed2ba8339dea94c863a5445dc53cfda70c113,0,11454490,client_a_preview,0,processed,,1780999196789
0x67ee6cc07807e6e14439b40893111f03754833803ac047131e4b0dedbb1b8447,,,0x8af409b23419b84a2bfaa7dc5f257b703f2b7e5dbdbfe991fe136f4d66ab9f62,0,11454498,client_a_preview,0,processed,,1780999200488
0xdf85b4962f6efc25cc443dfe3b64ba028ea1f92515bacda437022d1e869cb68f,,,0x793f006b6649f924b30217d25d6048f4b631ddefb9fdc6ed2b4628727b8abee4,0,11454507,client_a_preview,0,processed,,1780999203791
0x76af5c2eb383fcfabf8f6b3713ac8fd56b2b5fbd9f47bb477cbcc340102b6f3e,,,0xc8944fbd36815312113960e26e132e9067f23f8c9a5f75c78a5791543cda00a4,0,11454534,client_a_preview,0,processed,,1780999215124
0xacf1bc27051edc842393b0a83de602ad80089165d39e7edeeab0be2867c95854,,,0xa4122200fee85698723c32883ce4765c24e1eddd76b5ad5b16ec7e3e66139adc,0,11454591,client_a_preview,0,processed,,1780999236737
0xfb5893c31af30930279b7a018a331c9643543b1160f36e91fcbfed05c618cbc4,,,0xb298a8a65f37a14cef09c4a271b8980e09b0ce26d24f82fac31610c428044bd2,0,11454618,client_a_preview,0,processed,,1780999249184
0xc0f657e944eadb3435555359f8094495f0345ea9806d4ae6b1834c6ae1e22b0e,,,0x48c7e2b6f85a52fafa75d9df81f0f0e7a1a7a51867716663bf0c19b2136e2464,0,11454703,client_a_preview,0,processed,,1780999285795
0x7e3289820cb49c8cbe1e4e3db35772f76363804f8eca5d9f44276a4cbf0e6329,,,0x206aadb7308b38ef387679dde122bf9786c97b60ba4e77b540cfa32d75c9a425,0,11454727,client_a_preview,0,processed,,1780999293327
0x19e08f7ce844b6ceee4612068c36e687d281b77039093494d0012cd52babdd13,,,0x8a154e2376cf053a9b6eb7d52ea36f37e0b405bdfd191494302287c897650f3a,0,11454759,client_a_preview,0,processed,,1780999305514
0x10d342f6ce951a68f8c62df12a2aaf098ff4fce2e60ef80c2261acb229a233c8,,,0x7d61de4e74fc0244ece55c40057f3d9a2ef37ba1eb57e839221870d00bfd06d0,0,11454766,client_a_preview,0,processed,,1780999309329
0x48012f0fdc87009f7945570a3a5068466fd8dc8957d5618b701e610236ad4dd8,,,0x472f4c1271efbdf9ef794228b1764fde1506fede476cd287496ce5e35669a118,0,11454779,client_a_preview,0,processed,,1780999314275
0x21e24d9466405693052eb2dccc3219ff803ab2ebd920ef5fb808c9a8e0a85f6d,,,0xead2c3f71f4c2f29a820b7bdf96c260bbaa4290b609b2e7ade0653bca9fff8d3,0,11454785,client_a_preview,0,processed,,1780999314669
0x3e45ef85f2a18deb486d0537daa1c76b8da16eadf0eef110f7eb3ac641451903,,,0x9fe7a018b6852fa5d4088d74032ff58c25292b94ce382ccebac61d3ec8604f40,0,11454800,client_a_preview,0,processed,,1780999322779
0x6bea80b3009e2bb883433c4099dfe171c2b7410ae2bec95abb6409725d0cbb7c,,,0x5332b5343db1345372967a2cef3f6bf57428adaf0ae1a2d09ed728f245bb419b,0,11454804,client_a_preview,0,processed,,1780999324604
0x159f4393ac33623c16923f668436afe6e43f8fd34ac826dea0214fed611be790,,,0x5bdf600cde0495f38fe44c36a23ff29b7c723fd31eb027d6f691f35ad1f9c792,0,11454820,client_a_preview,0,processed,,1780999332809
0xfed2a5dc0760d38c94d132c841bd90392691ce9c511c798c1042c16c8370d2b3,,,0x2f9cde8f8e9135110a8565523c3b809a7835e416208425c678fdae3a72cc66d9,0,11454824,client_a_preview,0,processed,,1780999334335
0xf838f373a79bfd96fdc8f4d2509312f60fbbf52a579962e427314a3711261412,,,0x4779cc83ba45b3318b85399d21690c3e276c3b83cf71ecb2dbf5498bc14f5239,0,11455035,client_a_preview,0,processed,,1780999418294
0xeb01b263b6fe3049628e9068749e4d1c4c5ad235e792b21a3845ef893446d52b,,,0xb8a21e9246a47e181f53eb364cff2ae98a79f34f91ba0a4f121df9a122b1d6f4,0,11455041,client_a_preview,0,processed,,1780999420724
0x619dd4434a02ec31f54f6a965e3de75f43b8a21271e25a963b92310c6895c3b1,,,0x27794b374c24a0da341fe20aa06dc92ee08b1ff8a3beefcadc136545cfa9423e,0,11455066,client_a_preview,0,processed,,1780999430353
0xfab60da2ddf2bf85e3b204e4067ff4bd754a1e092ead0bb2c97b2c67fe0b591c,,,0x62c3aad591847a11abb02bdf3f97edeb1e1816e4491dde31bc7968e962cbbec7,0,11455074,client_a_preview,0,processed,,1780999434000
0xec3669d94311bb6500924baf07d23faf53f2b45f0c65b9785ec032e6df820afb,,,0x411bcca38f1970970a0f288627eefa2254d0d9814e2cb6491f73be264d2d66a4,0,11455076,client_a_preview,0,processed,,1780999434867
0x9021754dafcc28d4d67bc22f3bdaa6afa6c8f99c7b004ce720c75de9ca6da212,,,0x4bbe33b892bcc8179293943458a6377492cf9a233d5f96aa5dab257f620efbff,0,11455094,client_a_preview,0,processed,,1780999442503
0x4f7d948044084bd2e62f572af10eee17ca3665b3e1465e730a809f2fc655b410,,,0xf37977a9750aa8139012dbaad1df51286d7e3a222b956fbaf2fe1b35afc3f968,0,11455341,client_a_preview,0,processed,,1780999543254
0x381b15b2f7090673d2723b7a901a3f02c17347ee517e57af85050bd83c41c305,,,0x8254d4d1d78853adfcaef3cf1b8f187bf6c7a59ea3b95760a9d32b1b642790f9,0,11455371,client_a_preview,0,processed,,1780999556195
0xcf628c6401fda311bde10bc126f31bb8b96b31df46ac417030991bf0874ac67d,,,0xe1ea86cdb3ca3dd9d607af3b714b3248e4891be898ec0b1c5b65b5fa1ed54b08,0,11456075,client_a_preview,0,processed,,1780999842241
0x77528117a23380823bfad1fcc6f8a2c7a17106b8945e7c6f734868d47aca0fad,,,0xa2c1e163627318dcdb4bbf056364e2a97a56dce136e968941c1534fe45538a79,0,11456273,client_a_preview,0,processed,,1780999923860
0x1e56ba6dc27a20d8b7b1562c9f0de00763c0761bf3ee73ac48cd17ba7a6a93ae,,,0x00f8fd7143c125cd6d7cf17f5bade9ed67c4e623fd8e916c1cd2911c5008e5b7,0,11456372,client_a_preview,0,processed,,1780999963316
0xb2ebeaa12cfb9939510cad5b5b33ab7844c641e9d49c28e093530dc2a4bae506,,,0xb8f41d78e3d3b164fa7c84692f01578c96d275ff62471d924c62fa6b4c7fd9c6,0,11456523,client_a_preview,0,processed,,1781000026277
0x8b6129378dcf977ea33120e07363810fb963be96220118a1443229c262c7f0bc,,,0xbf74283ac41226de8723d4066a3b030f8b3b65c79437b689f4f2407f520ebf03,0,11456615,client_a_preview,0,processed,,1781000064880
0x822b509377c4837d270439a7e5bad1bd63055114111c3cf9c3760459ca9e0a30,,,0x4b1ace8c904d234f38e18c38e6ec79ce1a4203d101468a89a001acc01843a996,0,11456627,client_a_preview,0,processed,,1781000070128
0x888c14587b4ba75d492fa28e3dfea81bbf62a56fe231e090e3139d40bc7fa1ef,,,0xc103588e250cfa42c57a3aa9c59a50c78d16bba29239415092243e061ef5505b,0,11456678,client_a_preview,0,processed,,1781000092222
0x736f11bee6b9e7f6e630a78c5225e06083292de336fd975a012753ba0cf615a5,,,0x7ebad3da0fd4b5de021a5fc738fddcb8b49d4b0b95aba64632d6b8d62f92b12c,0,11456686,client_a_preview,0,processed,,1781000093224
0x8cfe51165c44de30222c9f9933a1700dc666d2f01638be01d78a1d561ebb0959,,,0x3f1c6aecc51d361de2a7eba8102d32b29fbd6cd50f6d10665742e351c09f6d12,0,11456721,client_a_preview,0,processed,,1781000108218
0x35d428e769481459a92c5afaf5ac3796ccac389a6cb350eb476f5aa37e9e2ea7,,,0xb662d13c3b3752528545e0cee7d80bd2490e4e1c88e2511746f01d2b585c5bed,0,11456766,client_a_preview,0,processed,,1781000128818
0x37a67a9697cc965b19012ec5a6903d76c5767d665abebb18fc361392d5c51662,,,0x08d00c1921a6c2efdf49be8ee912546af5e0190670a0f0ce4f06a6366aff3d32,0,11456774,client_a_preview,0,processed,,1781000131903
0xf8a6412171255016892f655a514c4ae66b50c25d81104eda7ff838f323affbb0,,,0x1c2e92c90779cc0f486079756ac49a520bb911a4a783031a7d87bb742c631179,0,11456804,client_a_preview,0,processed,,1781000145222
0x067cc0f92b438749fa64c56df0825d5765c3f5105f4dee20e79377ca4712ccfa,,,0x2dc9d93c25ae0493b49c213695ca25364bb15d77abd29d3629358690d74b2722,0,11456886,client_a_preview,0,processed,,1781000180083
0x20bdb70349b07c85f594c8eb539a5c1199feafda9f4ea95b8ce9e44bb7ac45f3,,,0x1a099eef207ac0021ebd52389d5a813b2199eb86eb3e94ce5d95e1f1979e04ae,0,11456963,client_a_preview,0,processed,,1781000212096
0x5726711266f87247f536ced33bf21bf320b19be966d6a0be2625c1d86e8356c9,,,0x648f305d9c74109bca190b221e9c6930d13e33ce370d137a969aec6ca0c21713,0,11456971,client_a_preview,0,processed,,1781000215804
0x27c914add33d1e805858ba91aac4a2878a350c026c9b817bf7a91734914208e3,,,0x413f7ae9341079c158a917d5eec608029c4ad387636252529b6347f0a4a5ad31,0,11457068,client_a_preview,0,processed,,1781000255960
0x363cf5eb4adc5059f12126679524ab8cf95fb5b3b890cff74c6e04813185dcde,,,0x676743e2bf9884f6dc33115cee23c5ed734347a68e565119c6f8adcedff4173d,0,11457264,client_a_preview,0,processed,,1781000336364
0x9ef55b254884d1dddad9a52e1bb5895041d8fd5a9186b147223716372eb148db,,,0x1f06ee143d798f30b3ea5f21c573eb75bddc4f5944ac5d9e6e0da6ad22a98296,0,11457322,client_a_preview,0,processed,,1781000360352
0x714d952fc45b404db3bb64b3ef5518d2eae93a589ba0f1b3e923308ded850fcf,,,0xc67592cd4bd5b4b88743c27605453f38a01fd9b8c070ec262f571144882bfa52,0,11457524,client_a_preview,0,processed,,1781000444899
0x44827b14cf559a9a1ec96cd5f140feae6766372ecd323832ce7d197c05ff6a3a,,,0x962e706fce88f8cdedc3c13618f322b710d68dced9bc745bbe3cf13469fec0ca,0,11457588,client_a_preview,0,processed,,1781000473138
0x4342d2f5fc876091ebbdc407646e88809cb624757597529dc385053b2df461bd,,,0x4cf6f42fd51a3f94377d4ff9c7a35be102ad4243ef671020b5f8a80cbdbbd7a5,0,11457748,client_a_preview,0,processed,,1781000537027
0x972a435027f12f76e7903223f60ac76d0496862dd21c99def7f7bfbcd50ad60a,,,0x379935355300195c651b8d653a2c0246ebde8ac81c82c88dd7539dff5cc8367e,0,11457934,client_a_preview,0,processed,,1781000613625
0x2c22d3c95338c4e2a87dec01e81842420183d2300a964b9a51923ad013b501b3,,,0xc6894069976113459f461c42d9c321482b99cee9dffdbafa2b95224b697bea81,0,11457970,client_a_preview,0,processed,,1781000627969
0x4ddaa9fd871684ef5e21a16d3a89238c0f8dd7e5707b5219f69c96a134de1a8e,,,0x2be541de06c9422dcfedfffa65814a7e1faae32fe94fea02821d28eb8d273609,0,11457990,client_a_preview,0,processed,,1781000636421
0x81b9dcbd69300f1ac9571e3603ee9218092881d30dc046897cacb311e1ec0dc7,,,0xbbdedc22368955ffe50ed813a19231cd65233bff453c0ad9fddb10a72122edbd,0,11458029,client_a_preview,0,processed,,1781000650718
0x07a4c6f606c5aa110d0145ba66c8b27028bbbf3e9880fd94638ce9b7db314eb6,,,0x1043a6eda24dafbfc140c37798efb1ebbfd578803db67f783939fa057d4c13ee,0,11458188,client_a_preview,0,processed,,1781000719179
0xca3ba5cce51c00aea1ab17825c716807671712ab9669dd855d2383e8a7318608,,,0xe8c71b8000811eea4f8f73d4bffc8d549053cb73e889d8e5b4790eab3884b9ab,0,11458192,client_a_preview,0,processed,,1781000721019
0x5c5b40dc0f3a8c022858f9e51e9b6d1388950ed9a208524047e652e85b496327,,,0x3cf3a90504f221bab5defd924f443131a622164efa9d95b1f233bcd0863bb963,0,11458255,client_a_preview,0,processed,,1781000744694
0xe662aa7fa16214dbc4e6495461183d488dd9ce89cfd07a77b0acc1d41d8ac701,,,0x4a6c91f0cb77a7921c84ec6422db5c5e3289f534822a24e2f5e7890bc24d956d,0,11458322,client_a_preview,0,processed,,1781000771890
0x3bdcbfa12e53f66e5d4909ccc08d5854a672c43f51027bb1fe06ba87438dab83,,,0xaadd0f39261208a66a507bc25b8daf72e997f5bea0399287191ebcc737d7769a,0,11458381,client_a_preview,0,processed,,1781000798060
0x5a5324e27e7c899448079bf55bcdfcf9d1f9af7c67822d3b7d0ce8f43f8b8de5,,,0xa093ecc6e9b75797904832b916c3edeead1037e0527f4a0e4efba16c6d29ab4e,0,11458414,client_a_preview,0,processed,,1781000811833
0xfee96247c6b5b2a7c4f68c32c4055c1afc804ab6f84791fc1586bcebbbaa4295,,,0xc5e69e66982eca0b3cbd0aea0791ebe39f10536b92e215b21fc3f0e2bae0b5c5,0,11458417,client_a_preview,0,processed,,1781000813357
0xef3af4dc3ac9a57de323ab09cb3041e6a4dc4ce86739898cc93384b61f336705,,,0x1f626a58a5cc2a8be968b0af29be4412a461a84ee588e434e0ad8a4ef1996b6b,0,11458477,client_a_preview,0,processed,,1781000838122
0x54c77963d726ff80fdc69c45c17e55110335aacf67c3f9a7a5a1d76692e43019,,,0x121f7285aa0e154418446fd53548fedea5c65f1aad07184f3c2e344632650935,0,11458480,client_a_preview,0,processed,,1781000839997
0xd7eae251ca1276405b16c7c6c2543cf70435b84e1a3b5fbde22dfac11fc84028,,,0xa34b19dfe1e1406bad848ed024b9cb52cbb97b936fd04aa6e7fdcbf693c2b57c,0,11458668,client_a_preview,0,processed,,1781000918481
0xa9baf752ca64a34ad26be503663742425c0027016dbae8668b561d8f7904521c,,,0xaaf9e86b4373060059574bf61f6bcb00e647c7d6735c7be3557ac31f07d296ca,0,11458676,client_a_preview,0,processed,,1781000921706
0xdff62d9eb5c2de2b4173100d6b943f41f67f8b12a3b21d78f55ca6a12d118ab9,,,0xb6c0e59de02bc1e33beea7abf0c9e5ff0ccaedfe9603bbde6001ce25b4b80537,0,11458697,client_a_preview,0,processed,,1781000926787
0xa960283dd9f0dc6f6006b26288d5d29cd1eb02342c76b782a1f9f4042015e1b4,,,0x7af2e140685b6d31d526fb1f5e5738f04307bf04710e696c85117f072cc6d0e1,0,11458727,client_a_preview,0,processed,,1781000939466
0xbccbf05c8ab892d008147b91552ee96145805625021a9286ca2a60ad2f5e1bbe,,,0x265e0a1460a19f940074a8e86057e93ba1ede91cbdbccaa04380d04c1e2a5331,0,11458734,client_a_preview,0,processed,,1781000944050
0x03f0537285463ebfce421ce0859b2824f8e424d9154a545269935eaa5935239d,,,0x5334a61bc1450f8c553187fe9bf3b0a79e3c96bc7eb5d25fed5970755c13a654,0,11458752,client_a_preview,0,processed,,1781000954281
0x888d948f5d65af9fa92675eb50ca5476b781bc7f915fefceb5df106243db8b83,,,0x462379fb520bec84397aa1951ab6b4d36133b9800e2ac7d19de71f8344c312db,0,11459085,client_a_preview,0,processed,,1781001092376
0xae047ab004176bc8db0d86fa573c3ae0b3062ee829a17e916cb4db8760bc000f,,,0x2a2ec7391a0b2c1bd258b6d7a3e3fbf096631636a6d75518206ee1da97d08ab4,0,11459125,client_a_preview,0,processed,,1781001112464
0x56b25bcb5ada7a076cd78e9b7a336b8ea704f5078dea8a724047baa1e1150774,,,0x8aa0fa4a7fc7b666fd1e3aab62b93c0f34c1af69ce45bfe571aff7c1abfaadb6,0,11459283,client_a_preview,0,processed,,1781001175661
0x4bf89a4b1fffe50fd1e6bec61bdc8fffcc73dcc46c79b79ad185429e7a19f3da,,,0xa0530cdaf0e96b18177acd1ecc1a395eaaa1015325b8875d509468d0dda97234,0,11459356,client_a_preview,0,processed,,1781001206840
0x5dba2b71b5d378854934ed5982ec8e889c4cd90028bfd35a2a6d253e95c0538f,,,0xa77d89ce18e514d247e67ea2dbd3510061cba8d698fd621e3b7567e35dde87fc,0,11459387,client_a_preview,0,processed,,1781001220269
0xe4f1a7cbf02365350be30fea8e22168a772981dbe728abd1d8af490ff54b2f23,,,0xfaa6f70f87f11fa81bd8f3b7e7fafb11931a5c47105620642fb1a0dd7d9dcf5f,0,11459403,client_a_preview,0,processed,,1781001227134
0x9e7fd8a679ab8aae825b882a226c3ca1228eb94f0dfa4ec2ee3a8e41cedab592,,,0x296b2893718b82b3d985cb9aee504205fe2a4f30857b3de2401a02b1e3626e5d,0,11459432,client_a_preview,0,processed,,1781001237798
0xca128d44eb242235a91e5a6827825499ed834cae2434ee5552c6a7272a0000be,,,0x7ec2b829e32591dd73319432fff876823de901a533f8e81448862c56831c1fe6,0,11459667,client_a_preview,0,processed,,1781001333277
0x6bc21993914b7802fd59447d16eca9c28307a8671e6645e873233d91fa70ec1a,,,0x0a52ae2031a63f5f62d96afde2324ad871096c710372d4697c333feaf0b142c9,0,11459712,client_a_preview,0,processed,,1781001349782
0x39b616cc5a25dcc8341ca79101d12d942d8aa931b47f5e46f5d687e7b7eff8c5,,,0xf85b9aacb27051d99881fef2f183d69b9b3688a5dc796a063b4882aacaab4723,0,11460105,client_a_preview,0,processed,,1781001509872
0x0ff0444a134fcddaa7d264de43151f3d020b202352680c1e3c2c26c86c74daeb,,,0xa2ef8addae8d5fd4e2fc72a021a9a715bf2a55dcfc6e8d19038f42b9b3759871,0,11460152,client_a_preview,0,processed,,1781001529195
0xd9c087d257b1f03fffb3c455fa2ee430f82a4c86f0e12e4407140df0cc25af3c,,,0x211b3ec7bdc90f9a0e35adeeca076368984477c21d56442ab338a21c49be1144,0,11460155,client_a_preview,0,processed,,1781001530346
0xc0804822532ba006f76bb04964dc25446bb7d119d3173b91df1e75014b6dad78,,,0x4af82ba3af75dcd9754b84446d335699e186311caffb8df79d38d4c52a1b2fb8,0,11460283,client_a_preview,0,processed,,1781001583920
0x963cf7cb49924a67b56be1312c7f52c96462f7bb68b6c4e9d204bd43ae5a9902,,,0x5ee186684c9d2c5a10789566b79da4c42f7695471e83780b2472735be3f63b5b,0,11460329,client_a_preview,0,processed,,1781001601688
0x800c6fd5fa9965fb57c82bf18bffdf80fe97502d58e8503bb7e5ebd6b7e9d675,,,0xf358a9f7d2e821c68b43a9683e8a6356843d0e32e404ea005dd875a5503724a4,0,11460378,client_a_preview,0,processed,,1781001623620
0x59ef18e18c4065f8646407e4d85535f556f962af465068b00162d6fa26712a6c,,,0x70d6367c11620115019483e27ea8542db726e9ced897f084848c82332d731f16,0,11460382,client_a_preview,0,processed,,1781001624976
0x0b948f816014ee95891da30707de450833d601cbecd97fade98f45847b881e16,,,0xa3b81f03e9ae871abef1795d525cc8a07881c1d3624e6cd4483a085e110fc197,0,11460413,client_a_preview,0,processed,,1781001637996
0xcdf2b915176591b16cecac13d2c0f55dc46f6016aa12c45cde0010df4d6f9528,,,0x7b574f06271d3cf28a58e7a1bf7981c6f508a0c1059a8f338239acd48e5c0682,0,11460417,client_a_preview,0,processed,,1781001639782
0xe12daaea8419155e3483b9e340ae36c436b961ed7a2cb81803311e4291e4b40b,,,0x4926d959ea306ec3e6d8b33498a4af214e6612c96de26bd3f709561ccdb791ea,0,11460628,client_a_preview,0,processed,,1781001728709
0x61207e3e939bd22fd394f1d05aed2759da4b1e4108e184eef555b12a08d3cf0c,,,0x4f021b9701d987a3566d63b5de7372de25f351d88373cbcafdd61c6728bc3e6e,0,11460635,client_a_preview,0,processed,,1781001731083
0xca647d6c0606a6784047cfa47674ca413e702eb1b74fcdf81cb1c4d9fbc0f3ac,,,0xa558b0a3584976b492e25172fcedcd9f96d24e7fd5c220e786110f5e3d9f1779,0,11460653,client_a_preview,0,processed,,1781001738791
0x3d4ba86c6b846e5d2c000fc37dc097705a0d4d1f34409e45fd048fecd26705c9,,,0xb90ef7aff7f7691bed22bef9041713bb81f17948442382306a8390c4378a34bd,0,11460662,client_a_preview,0,processed,,1781001743554
0x26092d56c7d4e1e5f5604bfa69ccc25903b7377ddf10f648502869abd50a36c7,,,0xa0a866d87fba41a8d5abdd5ce6799828e7c0ea83e5ce4a863539d608b9cdf300,0,11460667,client_a_preview,0,processed,,1781001745745
0x0905902842e997a6cfeb539fa6f2106926ea8c0eb1635d1a9c6bc8d02559dd79,,,0x49bdea445c9a5d5672565a886698d5c9031520242626d7b3a4fe4275b1ca38a6,0,11460669,client_a_preview,0,processed,,1781001746358
0x1b45574abeb98a93901b6b6fda1c9906083d4622bb99dd51237ca2579c9bae16,,,0x877ea7f8ae328d96ee989b0bb1525e62622488cc1271af328c9c338d26ab0f49,0,11460670,client_a_preview,0,processed,,1781001746968
0xe4e344a78ee64771bc79037b5eaa7813ecdb3e63df4b77995144f1c3c1020425,,,0x043af70dc597283b39b2f6f8093cb2b37ed3a65995f26edd8fb919cdc4274d70,0,11460688,client_a_preview,0,processed,,1781001754325
0xe0eac6dd119c7c5db222b5b8bb19c2a2e2f23c10c8626950ba79a5a833ee119f,,,0xaf921b2ec323b707f09863492cd11e21e1eed312d06a934b69b4cf990eff522a,0,11460701,client_a_preview,0,processed,,1781001758172
0xaee26c406557dbf2ca1ef618af1ef654b8623e4b8ecee66b5b5255b44db2f672,,,0x241b1aa982d2eb9fa2c5ac1ab2c24616de3ba9823808d69e6187c2c2b82cc655,0,11460705,client_a_preview,0,processed,,1781001760010
0xaa793524314cafbcb47414ef174e765943fa727a86cf3fe9c39c544ffb353aee,,,0xd74037ff2e250265a85fcbfc22bb61f7422591a8a2ee830c72ceac0a899d35ad,1,11460915,client_a_preview,0,processed,,1781001849768
0x51347584bc2d5c45f66459360a01047a4ac579f6c39fb8d8037194cf335feb01,,,0x67dd334459580c8fe0573e8122de60751a43bec4d99c63373748f5bbd3f66804,0,11460950,client_a_preview,0,processed,,1781001864836
0xea8dc8f44db002f66976c2403a5d2bc0b1cf9e8e73ee6c158a8db5859ec361be,,,0xbeef45f30ec82aa3ee36404b080ad918fed926ffe4f20eff41f400cfad65eded,0,11461032,client_a_preview,0,processed,,1781001896575
0xc7e97accb8b742164229344d06d4cc61dfa401d3a5126c108df6c5a3d08f5dd7,,,0x28c27d04dbd47ea86a96c7e44873c3407a40a27e1a6c5bdf7a4a64174eae4c3c,0,11461067,client_a_preview,0,processed,,1781001911268
0x4c829c62f2273cd772b39ced233d4720c385ca48b13518fe513dc67bcdb0c098,,,0x3154de687c636cf0a734bdb1c2c3ee56e4e31ef510542007b6a5aed53ef6d042,0,11461400,client_a_preview,0,processed,,1781002048130
0x642ac99b1fbcea4efbfbe0fe95ec29260dfac76e0f61e0b76f7aca261e3bd069,,,0xaed1a5c3f075977e820e83eb96c1d19490c1bc61d543aad679d842963b80adb6,0,11462016,client_a_preview,0,processed,,1781002298364
0x9288e9a1d30e4ecc2cf4e06a8bbfe126d0e0ab6a78df18c476e6f87db1abb03a,,,0xc2251021a4d1b44035665c58332e92d08c6684fdbf1645f6f18f3c8ed8b75246,0,11462035,client_a_preview,0,processed,,1781002306305
0x855bf3432bd50ef22f2385a2d29dc0217146e193fa96f8e1e45d14e0482290bb,,,0xbf02b387d4933afd10ec9ccb13b414f24ac7b22270e923006909c60e580e7161,0,11462355,client_a_preview,0,processed,,1781002437435
0x1832a22a8a60f80b0a540fc008cc14e1ef39a69028bb31e5edf1c0626cb1fdd3,,,0x9125ed8569094d302eb5b8792e15e3b24e530744f78105997ad92b033fe8d719,1,11462362,client_a_preview,0,processed,,1781002442095
0x74f969dc7547036faa0f799c59c8f98430186b251d6b2c9b5a9c09eee11fa3ac,,,0x2f593f92459a49eb4811027413bc35c4a92d6d628f1efdf93db48f1b24baf725,0,11462363,client_a_preview,0,processed,,1781002442597
0x068f3ae1e5bc59601540d7846171983794aa42cf14b3983ced86ea3bf96c491f,,,0xce349bf208ca77be5b23ada3fe177709d095488ef7b4e2b5f94434d87e3f95a3,0,11462369,client_a_preview,0,processed,,1781002445328
0x69b6708172a3e4e93cdd689eeddba605c7688b08ea39984fbd268d3591b1f87b,,,0x65997cc9ae645abef033f3049b63cb134d602c2f386203f45a70f61925260bc3,0,11462381,client_a_preview,0,processed,,1781002451393
0xcebac9f2dc35cc419405d02432a42e3e8d69ab5445a79d84f132e4f8e8594de7,,,0x0871d956baf3afdcb4d1f1ce9975c182f5cd51d54e5ee2f59b0d93f4718a3c24,0,11462390,client_a_preview,0,processed,,1781002453006
0xaf920500a97733cc4c701e5a32e1f71bf35a6befba86cb597fe8a24bcec19899,,,0x62d6e649eebcf86dc3c60787b6f6a92be2441eb8c83a966c2c24bedebd0a767c,0,11462399,client_a_preview,0,processed,,1781002455547
0x54abab67fb8a34adc6e1c1c07df32f29b558325dfa5e806bcea18674a527381f,,,0xf203455b9e145a6bf5c7c1c9447bdf19ff17d6baca2d6082935433138ed1a6fa,0,11462402,client_a_preview,0,processed,,1781002457389
0x74d520cd7776893c07a814ad278fec39f25b0d4c2dcf218b2efb2afa9c9aaad6,,,0x6d374bc23bd73e538aa6e23f57caa1d9e83e5f4e17a45dffd6384ca62175bb11,0,11462407,client_a_preview,0,processed,,1781002460152
0x2591aad42614652eb2137b4ef63b2c09d6acdf1e4f2aa85ba4e96cddd095660c,,,0xf1fae8c55d8ded771205521b05481f17ab0c1fa7b5febbad5e9486b2837f4258,0,11462411,client_a_preview,0,processed,,1781002461902
0xe2b5b4c9fa13fafcc9448cec91c012b882addcb21db35c83f5b0b975dcba8573,,,0x0d45176ad2822cfdedeacc2c3ce0089793dcce7e2cdd26aad971d472bb4ecf32,0,11462632,client_a_preview,0,processed,,1781002549698
0x157651acf9ec1f853d48798502d84f68985c0fdffaf43df33fe86e51d674af0b,,,0x122250acd6e04f137ccfeff7617e8509514f21f1a3853780cb358d6633395959,0,11462636,client_a_preview,0,processed,,1781002551542
0xcff330a645719f52503c6490b04903564e09e90291356db9589eff36d950d564,,,0x05d7361e459837742ec57bc372b78c270185d733e6b5685a24f5c56951cebb85,0,11462639,client_a_preview,0,processed,,1781002553354
0x1796949797d8293cf7938afb7cad8e99807119206be277ab6214e0b7925217c0,,,0x96d72af75762b8a8619671170d3a49df55ca662aed30bae8b258abe49a28a956,0,11462646,client_a_preview,0,processed,,1781002556172
0xc1799d0c7b86fea6f1981691b5f06aeb3ddb806ab53b1e5f513972e3a26ee7b0,,,0x049f4122d9b787bf4830fe8e795576c8f0b640b66b093e11bd171c46785e93a5,0,11462649,client_a_preview,0,processed,,1781002557573
0x5f4c7659a17f8c5e8ca1e9faa29319a035063c83807d1944c02cd22ee13573b9,,,0xa774c52e6b4f096a11c062376a92b76ab64fe367a98cd3b8507821ef134b9236,0,11462653,client_a_preview,0,processed,,1781002559157
0x59139655928295e941e9eadec21f0be56d0d5264ee0e3818ade017f24c7c558d,,,0x1d9d932eb574c554f67dad93fcef804f87949225e2b80cee12edebf458496e1c,0,11462659,client_a_preview,0,processed,,1781002562295
0x512e864a6489820b387b63d946655fd4c8012f376091b7f58f387eeba31af784,,,0x686c4355e56d85413e49e6b19d2439e2863afb33402f7f6e037a5878c64cadd8,0,11462672,client_a_preview,0,processed,,1781002564984
0xcad7aad0d9fcf80f6ec56a858759209858e1800ed464519e92add4b2d1d33b5f,,,0xb878165b6aff3fbd8a87d01bd558276e18d39ad336b1d2ff993cf00e79efb11a,0,11462674,client_a_preview,0,processed,,1781002565575
0x2ee3285b96d4ca150f3f1f56779ab86880af9e4dc646ecde49dce68d79c7ea0c,,,0xb285d5e8e0c7e6ce6d5bfba3a4826000386dd75ded43f9c3d14cc106db6ac3a3,0,11462679,client_a_preview,0,processed,,1781002567358
0xb350fdca3b360f3dfc20e1cbe009ea8474a9868698d8ab878218d3efd2403616,,,0xfbde67e99c1d99d2f6b9ba64fcf1fac15ae9ef2ebd4e5e33f7b8dbe4f89288ab,0,11462688,client_a_preview,0,processed,,1781002572574
0xdcad2ed5c3a93487c9ca087f5ad906d2615476726bd4da63a2e0e9f2e599c2e8,,,0xc0b5dd4743057f3dc145899d5efc19851e7eccfe37f2924fe7278d793bbd8760,0,11462692,client_a_preview,0,processed,,1781002573485
0x5873fffe155b7867cf9de3c744a8bf872336351f7e4497056585e010e4def5a7,,,0x7b1593bdd57d53554386b78be3943f86d72b51b01fb68e9e127653cc601585f2,0,11462751,client_a_preview,0,processed,,1781002595630
0xa1b164f3a3ac914a83c3d2857535bf501a461c2c955eb2b3138534c23603dd35,,,0x50b1bf9cb90aa541574818b9e564dae62bf77ae6c4780ce7f0a04cdd5a9af698,0,11462764,client_a_preview,0,processed,,1781002599915
0x717a7d6d93b18e63f02452bb6d59a9aa76f179f17d07e1cabc9f8f2a55e4aaba,,,0x79b32556e83ec8c336b6d103565299b43930cc6b2655b447eff5b735462e5bf4,0,11462911,client_a_preview,0,processed,,1781002657718
0xf6f11a316b167639eb6bc01314d646f0c9840f42bb4bb3f59f7b58c84b548afa,,,0x8971e7c2f0d617d98fefec01e67d9099c3896c0d2ca92253d83051ee77014fae,0,11462927,client_a_preview,0,processed,,1781002665201
0x697247094bcc0c9a70f11c4a4de612ec5a26557a06bc0359efc12569fb1194ab,,,0x82743c9a57a7607b46a512d643b22d67ca8f896906bd444692f98299da4651b3,0,11462933,client_a_preview,0,processed,,1781002667961
0x46a609c42ba52748579f4dae92595ec0d64ba6f71260836182c0545df638b982,,,0x81569a073c214c3a940d49c2f85803aeb703f20f3d5d3c767060db2d4170b07e,0,11463057,client_a_preview,0,processed,,1781002715487
0x3d6eb499fb5cf252c56aeb4d3cc5d86377f1aad4435197df524d37f76c7ba757,,,0xb6e8efbce06caad825e5242c94d5837c31b2d12bcfe50d0dcf78523fc6140fc2,0,11463065,client_a_preview,0,processed,,1781002719140
0x9faf4191602c152fee87cb1bb2c3774e3596dc634a27cb302cf7abbe8bcf25de,,,0xd0eff270b35a5f943e0343d68c9ad65c81bd4911433cc4162a4b29f11b8d6c3b,0,11463073,client_a_preview,0,processed,,1781002722763
0x31edce3ffb3c2717efc177ed97687c732e984009fd6c95bf2f271a1621392572,,,0x603f1cd50573b72016ea732336dcb04fbcb85ebe766ec74d42ffb1e7953bdf02,0,11463081,client_a_preview,0,processed,,1781002725683
0x0e677a1c1ab0f8766610880131fd70e81e653b443b38c64a7fa9a58bc855ae2f,,,0x875b7aead8fc698055fa747d3762cc8739642d3445863e7b047b3f7ecf657ebd,0,11463336,client_a_preview,0,processed,,1781002821636
0x7d529a9022fa6b3588c49721daab013d98dc5a6bd7c62231c59d77d1b55f6017,,,0xaf1c30e2a7e8d1a72530dfb4270c3fca0c6514c23b5218258fe544ab4d9e604c,0,11463349,client_a_preview,0,processed,,1781002826378
0xa2fb3c97d85d205b568c5b1026303c0e8fd10e2fb095c0665964ca0e23e25406,,,0x9c7e3e45dbf2bd21ef294309513bbf5ef42fe2e6a1da40a1c998b54f741c4df3,0,11463694,client_a_preview,0,processed,,1781002960972
0x0b066a815c7e1c3b97437627dce167afbf849118b7382bdfd5536aa1f4fca60c,,,0xac956db2b209456314a708bd0daf6f52e0a6de926d1bf1bbdc9d2a4a31413fc8,0,11463699,client_a_preview,0,processed,,1781002962825
0x4e12b65d3eff92de498cbf965e67e812a7d9dc70b66c80bbc97446a6d25c8f4c,,,0xc7295cbac0413b3f8dd5c16669d8f3a75aa82e968be0d1b10cbca1a64aa27b73,0,11464539,client_a_preview,0,processed,,1781003274913
0xa999fc044ff18e9a14e270967729384fad23dd1a2902e00bb67410b393a33c2f,,,0x38e8c02f77acc274681ef3fc43638e106dbf2fc940c644f4c68c193a8b477586,0,11464541,client_a_preview,0,processed,,1781003275592
0xe73f5d1162f55e8b81ac89a421489f67c5b3db2fd67c2ec93d85ab9386d8dbc3,,,0x0a9f8bdb210825fbfa4358e052519cd936a0eab1f6267c856a336acc730f3bee,0,11464544,client_a_preview,0,processed,,1781003277253
0xf2d0049af9d872198684557d1488f6ae12f8ffe733954573716e57fa7e9ac786,,,0x9e7fb8e00a17c9a26e78f915560b281b4f94d33ea94636726c9401e6bc8dcb40,0,11464545,client_a_preview,0,processed,,1781003278164
0xac5fefc0dacdc15cb4edc0a53c842df1b45df394516645159722bad5a00945e0,,,0x88755e02d98e77756f9ea05e2c8425625cd3f6d5f90d718517e74775f45c4a2d,0,11464565,client_a_preview,0,processed,,1781003283736
0x5b26a2d91efff3925eb39bc7bda984243c6a40b34b29528108a64977cfdf25bd,,,0xe5a3c9ed5dd761549c94fc3cd57600ceb41e88e6ce302722517b626888dd38ed,0,11464567,client_a_preview,0,processed,,1781003284571
0x8b7270663064efe666b8af9cec5e6fb02f467cc20299a2a2723c389817a26606,,,0xccdf0a006d0bec4ae2afa4e4402b930fcaab5cf265c5c3a2add60bb16de7511e,0,11464581,client_a_preview,0,processed,,1781003290900
0x2233a17bd9b85cacd207898a7dd5f4d12924ea35f0be1234ed1c1e085988431d,,,0x924699a559d0decc9eca91da9850dc79baef30f103e603d3bae5f7cecb9ee26f,0,11464582,client_a_preview,0,processed,,1781003291589
0xe3fbb30e7efac78af2ea0fb0549e89607b20a5cc5c4bb4e38382929404079a55,,,0x78cbadf7e048da9634a3837ec9dcdac8aa38cce790100b7823f3e2d1264a8e7e,0,11464584,client_a_preview,0,processed,,1781003292193
0x23682a1491286a674e9565be2103c103cc75023096570cf5650bc358c4b2bfac,,,0x4f9757cb621b13aa58e5489f68dc5769970dd978a6084f6ee16c49256ececc26,0,11464586,client_a_preview,0,processed,,1781003293026
0x5d0cbe094e4742ba900efd2781b95fed8d5e089e07e63a3fe4c36533928e0ac4,,,0x6548da482d6e9e527c05f3f91e8d72c11f97af001f0d58e8faab4ee796c2ca57,0,11464659,client_a_preview,0,processed,,1781003321407
0x4999eccc2473ab9d4a27a9d2c3b4e27afaf2214fb7411ad381e330a33609b2d5,,,0xcadade3315883c7b5a77c1deb5265bff623a92926f7eac3788be38b395cd6ae8,0,11464661,client_a_preview,0,processed,,1781003322624
0xd3eb3741bda78e2e30de44bac2f92b33c91dc5ccb2c38b61baf3b83bad1fa9a9,,,0xfff692e797945397f578c33d3025aaa6cb337f5afb26df60c730a34e35c3a482,0,11464819,client_a_preview,0,processed,,1781003384624
0xd29d3ef647f921cf449fe2459b374fb54ab327e5e947155488d3ecacacf73453,,,0x8c45696560ee4cd435d51f4657bb2192e9e0835f2af74575282976f2f694b3be,0,11464821,client_a_preview,0,processed,,1781003385633
0x2e559c4682b79743f16940f251cc29ffc83c00512ce9a67365e4e699eaee70ea,,,0xfb0c8bebc31072456e688bc3012a6fe07c4731c4f7dc36d0ab0e297616d934ca,0,11464824,client_a_preview,0,processed,,1781003386637
0x6ab41051e11e8cf142fd79bfc6653c4de8c6948325ab84d87e1fe9b675a67772,,,0xd00e955df0298fa2d83689174dcc83191e263eac1753f371d5a81fe30af1b5e4,0,11464826,client_a_preview,0,processed,,1781003387374
0x6fd3e58bb87fcdca90d98b66a6aa264254e2322e1d0156f2d2e90b1524d40e2a,,,0xd8c52f573d772a2668f3041b849bd3f571e7b135f9a30691a2a61ff7428db79a,0,11464970,client_a_preview,0,processed,,1781003447767
0xf3088a8f98f8e9893993532bf8fa056b59d68e6579c6371a02501033920a7328,,,0xbdc365098b86c4566df1bb68e7f24d0a22192ea6aed160dd4bbe6f524e50b16c,0,11464980,client_a_preview,0,processed,,1781003450973
0xadb84a2741bafa36584d8bfb1ea0159055186f82cfaab97a23aa83b69cf716f8,,,0x9b60fdc81ebecd705cf9153c30f3d41f22adef00fb98d504349b2dae90566c0e,0,11465254,client_a_preview,0,processed,,1781003557144
0x05e6b8be75cb818ad7c6635a75b741dd510ae374ebf14ee329b012e1f5891a22,,,0xb5dced7bf36933fa60b7bacd5a8d9e6b0003ccb0519ac6603078f3f16ebfbf5a,0,11465261,client_a_preview,0,processed,,1781003560225
0xecb19be95de24434d8ef3bb3d1172d5ff115a478228a94d71902c6c18566db67,,,0xfb7d9efdccc05a4660249d94798321600e06f83038f03f94248f6bf4dd806d42,0,11465267,client_a_preview,0,processed,,1781003562611
0x336330a8ee06ff5c85d2e1028afefdaa3b835d02eeddf5a8a1e27498ea66f9c0,,,0x2644407c24fdaaf2c26ea2f8923b3b695033b177859debbe8f2a494fb8b26fd7,0,11465276,client_a_preview,0,processed,,1781003565246
0x78f26a755b6a61f5e35f69827d9c464f44735cc296a01b6556676447fd883571,,,0xbdb4e5a67f84e620aa9c30bf076b0ca3c33d273eed76558791b7cf2472459fa6,0,11465534,client_a_preview,0,processed,,1781003670298
0x7703c1076bab043eeac413337d4b5438b3eea8d9314e55042e002233eb5e9433,,,0x40af0eb413c8eb44b8794c477a4986c6e9e9f8d57372225b0344ef859928352a,0,11465543,client_a_preview,0,processed,,1781003673389
0x7538b24d59d2787f168958afb4caf43c32101ea61f9a48518312f1218549faa3,,,0x5d563e4d8a816c38205377ed5ee63392b6308e3aebbf43f822402b2c01e4572f,0,11465545,client_a_preview,0,processed,,1781003674167
0x876d1b6501e5a45906a8384a5e9a59b5143d65488b58d75f153feeca7cb7e380,,,0xb835acc4c0f27f3a12bc8ffa8b6947be87c5c79f8353eb984256f46d4da31d87,0,11465552,client_a_preview,0,processed,,1781003677468
0xde903e45f3da7ccaca83fc9d14a522f05b6610b2800e2e2cceb92433dd8b7960,,,0xc5a8bd174477106303e768f6b068f289305bd076120325e5a21727e33554d40f,0,11465616,client_a_preview,0,processed,,1781003701988
0x887e9649a3239e7b0514f09ffcb2625382558cc2ddad70c1f50b8bc523e89470,,,0x53fec3e5c36acbdcb270a54e645b1f7ab435424c7dc9562602b25f61f0939e1d,0,11465623,client_a_preview,0,processed,,1781003704681
0x76187a18f3ef70d53e3c624b998b96ef725dde3b1e251812b6587766431b8217,,,0xe0acad27171cb33830a5f9523a901d91a99ab7634070739bf0508431c7ead598,0,11465785,client_a_preview,0,processed,,1781003766636
0xbf3a61cfe36b46959d6807820d1f25ad21268a6a6c417e16694c3e484d2b05b0,,,0x528c3a86dd07a4b677e493bc38139e3a3d860d858d7e784fc24f7410e4d53723,0,11465795,client_a_preview,0,processed,,1781003770960
0x3e60d224506c9f949e89ae39fc9f25910793c7026492d4bfad0e19481d0dd408,,,0x3a73f5b0d01752f76404969a739e5620a13e044552e0175220ae2a33c2965f2a,0,11465822,client_a_preview,0,processed,,1781003782052
0xb0eab04587dce76594090295290153ff208554aa2b4b50a02ff8c926daedb018,,,0x8a2f1d0fc94b82f44623021d9e7b31fbd884c74b89ded822d5cb7f3859b773b7,0,11465831,client_a_preview,0,processed,,1781003786053
0xa5a4aa81e1be9326ae96ff2f739a86676e09d3189ad05059a827a3a8d58fde8a,,,0x0a11ae79def9b301c1f5f0b3257a8be00d5e4f3a806acba2fc023a0cf14c231f,0,11466061,client_a_preview,0,processed,,1781003873462
0x4754d0b0e32066ebef9421fb489bb9eca017c0bdd4eeb6061a5e435754b7667c,,,0x89e7ebf1513fde5d120d4efb21455c5e882007e8ca474efd348de6c02c005365,0,11466066,client_a_preview,0,processed,,1781003875421
0x72e50500d79308b69924e5a81bb76c6eda9966f73693185877920ca507cb1674,,,0xc2b9c95bc8cf6cc35f351e300ef01a0cf41acf98271c3e4093d4d7df96a44e19,0,11466094,client_a_preview,0,processed,,1781003885656
0x3c1b7b9208f2db5f690455b401712e9cc8d16e6cf4247293aa02f03c51f9b150,,,0x4a654838741b76cedf08aa838dbc486c36776801b5d9c766d4ee6ded4e0d5ba1,0,11466101,client_a_preview,0,processed,,1781003889714
0x2906ca5d8bb7eec47152ac08140b18c9e8050e8e083d11f70d71039919b06f78,,,0x4f4c1f697a91f99c8f51d1b3aa06e74404ff6d79dd9eab2ed7b9740f844f9b89,0,11466208,client_a_preview,0,processed,,1781003929631
0x91f2d0583ce8657ff16ab575e50d6a8bf08e668e287e3df864b0f2e1a33a07d3,,,0x9505685f5c93e01d7cbbe7f1a665992839fc233cbba03ba1469663f8e69a0265,0,11466217,client_a_preview,0,processed,,1781003932745
0xa70e22b177f620e18a41b5979b35fd13af7a40af0f43f1b5c6023cfc289aac26,,,0x84b0b185bc4416d718281554d9518859e639b74fd3f381e20ac97d4d256e80a3,0,11466332,client_a_preview,0,processed,,1781003978272
0xa4036b49a9a57f4416185758fdb02461a51c620ec89b1d159e74dd986c736e7e,,,0xb62f588525d6143f9787366faabcbf1bcb21858f6a951c1d1e6b20035c42ec46,0,11466339,client_a_preview,0,processed,,1781003980942
0x84bdec451078ead05b3008fa6750b729e3c00fa9cedef3a3bcaf9eed1b6f6c7a,,,0xec41043738133f7bdbdf805348c156b019c259bd02830f0d438ec6a3f507c775,0,11466490,client_a_preview,0,processed,,1781004041503
0x0be31f64e0c98fc3275c91dfab6657807a289cdfebd8ec5251f653c9e40fb1cf,,,0x4358c3bbee1c5c5be889fccda9d7012d4cc53887618102c8f74ce8e2db2f3bad,0,11466498,client_a_preview,0,processed,,1781004043996
0x7cd9ba9bc37d06515acbf5a28ab63b7dadb97af8e87ef428012f536b2d8efb73,,,0x7d1d4b50f31159da0fa946e47d4cb3bf5b0f7cbbba95ae782d5f6b443b6a1377,0,11466517,client_a_preview,0,processed,,1781004051335
0xfe894aecd12abc8fdc9da4934a900b57844b3ecbfe10f09def3dbe813bbb19da,,,0x3ad67f452e632137c8c3a8dadc514bb9cf1155b3f8857104721ae6b2a64afd11,0,11466522,client_a_preview,0,processed,,1781004053147
0x0e3a6c790cdd2769db957ef6831c712063fb9122a061626dace746ca9708e5f1,,,0x0aa38d8b4aa26ff154dd28a1424b22558dbf8fb051ebdc1454ed5c98e7949577,0,11466531,client_a_preview,0,processed,,1781004056841
0x1399ea735b8cfb83bfa930d459728f9823d5d39c50254be4d61a9018f26de223,,,0x20b7dc41bf7ffa41996839cc9297bf91fcf84da081ddec7e3347125a83b62112,0,11466534,client_a_preview,0,processed,,1781004058034
0x422ce6f6067a74dfc8ae83fbe291ef7ddef99ac0ce3f26fb08b4012939d2e9d2,,,0xf9fb017f2a4d2d031bb2f4593166d04f4503187efe1ba83b3da86035aeafcd2b,0,11466536,client_a_preview,0,processed,,1781004058673
0xdf049acfcebdec113c896675714b6c710cfb24b3e3863dfc678d73a9b7303347,,,0x7c8627435d706949de51d38451c383c39dc8f943274426e1772108c505c9ff37,0,11466542,client_a_preview,0,processed,,1781004060943
0x3e903629bab92ec4757f6a4fb13d61db5c21c2a71f74257a56fcebfc40986a43,,,0x8f703c0e586fdda6176fea3de8126d38e4f82899ac26872a29a1999ef7d2a3aa,0,11466773,client_a_preview,0,processed,,1781004152592
0xa4f369e3b83f753510fcea430e1dff8b9d0da894c3a87030a5b6bcb0384502e4,,,0x6c24e7c2b10aedabf2ea04ae22e0cb17ace1cfab35ff215bfb4e4c2d76092261,0,11466777,client_a_preview,0,processed,,1781004153881
0xfba079bc41d982103f05cf2a033b8993b83a6111891b5eb0bbbcec2df075f355,,,0x76386768a7e2e9b3b9fa0141e39d722a2fcb0ca54aeb59ced49af3c57ea35b1f,0,11466781,client_a_preview,0,processed,,1781004155094
0x37a155198cdef74379f4629e392b0d6e5602be7d077b89b79abe9fd4260f1986,,,0xd7867e74cfd3fded58c1b9781f9e384c6a67e15514bf2576d96d069882b7b06f,0,11466783,client_a_preview,0,processed,,1781004155574
0xef62bf76de609e57764457489840065755e211f702e6c9af5e0daa88da946a92,,,0x75d5f98e2185b44acead696a5a6734069cc8aa63bb2097397f57a52ab0bcc39a,0,11466788,client_a_preview,0,processed,,1781004157584
0xc1107be043f0ae6dcda6b05c787b6ac51cd4017ac501c90d360084b98595fa67,,,0xf80b654187e580c3ccd7d959d191f22601da8d7271a095caa313b20e34c3da58,0,11466790,client_a_preview,0,processed,,1781004158799
0xd0b657a5d2cdb7e8e66075e2191d8dbac8510da09f0d2a17af4180af431213ac,,,0x17372e37d6abcfec9ba6cbdf855ad9a039e591e9f1ddd94b434494ceac1d03ad,0,11466800,client_a_preview,0,processed,,1781004162351
0xf69b4d464bea64eecdd08579e86138d4fdb5400e129db5c45b183ee8f0a33117,,,0x214286b77626ccbc39e5c52cb292e02bb2b9a87f69b51d3aef214d01be59192a,0,11466810,client_a_preview,0,processed,,1781004165940
0xb34996af2f59b12d1c2f25c2ac73efc4c1224a0cf219597f43fab2f7bceb7b1f,,,0xf87b3a8aea08bdcd3f3f00cf2eb61eb799a304e6cc4d64cbef9ee4a17aa456de,0,11466816,client_a_preview,0,processed,,1781004168209
0x44d280c684ebd8284447b3afda80adce93fcbb65388ad120ed9e8516bdbd3fd3,,,0x4298c3e3cda0af1436e73f2311238044d4c02740a355f094480469bc2d562955,0,11466818,client_a_preview,0,processed,,1781004169706
0x9e93885c3a7c9e9dfe38a085e40a71925feaf772bb4510ed9d0aa84b4ff80377,,,0x4f33d4bade0157a4ef426dfbc59cbf4add2bbf32d3340375569598d35bb3e666,0,11466824,client_a_preview,0,processed,,1781004171625
0xec5bc8250c0800f3d131e4e9115f742ba198600fd16f874fbf3f810d3569c43a,,,0xba3ac7edd633bb2cebf2eda00925ca10c5d66e08f58e8c1c33a49c8d0104968b,0,11466827,client_a_preview,0,processed,,1781004172722
0x1b551580c091453d496580c5b873d030eefb01c4a4a4254e282dc3822ac947bb,,,0x812cd64ae6fcf61851b74ea10033cf1642c2985738eb8b8ef663ebe0884fcf9d,0,11467060,client_a_preview,0,processed,,1781004266181
0x12c37541fc7bd580a0bbecae2c122d7f71ab40b51c6358d2c1448f5ae211007e,,,0xc5eebd39c512c2884402165dcc792a6f712b710ed450ea125892373f86d2916c,0,11467062,client_a_preview,0,processed,,1781004266962
0x0b24dd4a2bce38b49d80fe4d1e164fb0d27391982332c5a6c235eb375fb98f50,,,0xfdce78fb0f8bac7660fc8ce5c51e59a45955e16bd054eb5619f98aa096744e87,0,11467078,client_a_preview,0,processed,,1781004272952
0xeef1437641ace750c825fd49bc6f159ae1fd32cecc58a03a504c41eefaf714ed,,,0x777d36e1d98ee90a2583f7adb4910e36800d9d8d09b84ebc7691b560c67a3fba,0,11467080,client_a_preview,0,processed,,1781004273959
0xca163520ba953066804c1ae83e5c523a6d5c36a74ba05a860f56abd8092cee7a,,,0xcedbb763d626bdcbf7068fb5506a6a253c4307c22103201a430e805c1f72651c,0,11467093,client_a_preview,0,processed,,1781004279399
0x0449b165fb2190be9a657fca5ffb5ee96f05c20c78b9195c8fa40d5e0b2918a0,,,0x9c6dfa1e7a1297cfff89f042823ea54dba3f6ab8f8059c4569498580fc119440,0,11467095,client_a_preview,0,processed,,1781004280151
0x13ff885bedeb18ea525a164703d6479677b864c40d0ad3b07ef3f2a2eaaae30a,,,0x0c9c318cecd1782273ef951dc8ef4d6722a11125f4bd8f78af4f23abedfac71e,0,11467096,client_a_preview,0,processed,,1781004280598
0xcb883e84294db4a0448c15bd9f21f4be46db74d625cc2ad892be210975906216,,,0x1dcd76de5937d3dbdd92972e2ece3e658de36f44378d1d6dba468f5815aa354b,0,11467098,client_a_preview,0,processed,,1781004281293
0xa3a89fb34d73da2a62a3e79af3894d66c83e8eb7f0c75a6f27a2a213f0e5dcee,,,0x810cef2beac2f2df6975f07369304a0f8aadf8cf082847ad05edddb2a1b46271,0,11467206,client_a_preview,0,processed,,1781004323313
0x333404c498d17c97e6af5f0aa26c24152c454e3b975eae27693fbe67e09b5e3e,,,0x2a3d92c3fedae92be78443db853d311c3310d83eba6326e7e0ae5132ffbfb742,0,11467207,client_a_preview,0,processed,,1781004323943
0x37dc8c462aa7111aceacb946a3629f147efc6c7ae9686eb6f928f8a53e552cf7,,,0x389e4f5d491ff9d199a0ba43b38c214c61b1530b18b07ac922c9777c0496b54f,0,11467334,client_a_preview,0,processed,,1781004374073
0x1f5d80936be1fc10f994e1d3f418f3a56054c705ca8fa0fc92cd75b3d2a514f5,,,0x7e7581ff5ff49e6a76d5e1d80d6140f46fe5c03c324a894923fd7e85e6baccf8,0,11467340,client_a_preview,0,processed,,1781004376710
0xe82cdf6dbfed5ac850fe03826121dbf59f2ffa49215a5c8db7ea31fc7ff3ce13,,,0xdd42031eac556ce97bd91e60632efe7c2f67a94b6d8e25095db19f2957fe9ee7,0,11467364,client_a_preview,0,processed,,1781004386108
0xe87d55752ca771b9dc12a205ad9168d5b070e0ceda99772b30fe71eb962750f7,,,0xd367b44e27fe6b07083ea4a84039ac3069e15cadfc8108081625dbecd5631e8e,0,11467368,client_a_preview,0,processed,,1781004387646
0x30ba9b19112c0e2b67192b7c90e8bcb43fe9277df015ef53cd3f865a57517a55,,,0x53245278e94444662429981fd77f4d6ee299a98297edba8eb4abce841d2e2f78,0,11467370,client_a_preview,0,processed,,1781004388521
0x0ac86ae3eeae3a6b2150e2fdb57663bd967098eb2dd3c282a9b568328505db8b,,,0xca69a91e9d69c662f358175443f22e8bc588949fa57914a2bb121025c1e589d4,0,11467374,client_a_preview,0,processed,,1781004390223
0x81974927e68697a133fa7678f1dd002d4c94a127553989f0a9a0c67e23f36097,,,0x495df75ba8b8809595e983b3c51353ecf5abc1fe60b622c9a93027ba2817ac65,0,11467547,client_a_preview,0,processed,,1781004456807
0xc0e35033ab77cf9f3ce35b9688b95cd12cf5959db821f115bb16ddbbae5bbd67,,,0x17c1338ec70e0e8806d85a4b3c444d878bfa79c909e13792a867a16ce5ccf8ad,0,11467554,client_a_preview,0,processed,,1781004460606
0xa673edd01e662b3c0c4abb8bd4e23dc7d1a4e478d7384f61e1e882876681bad5,,,0xcf499af2a6398b4633c94bd97356c428fbc839d27146f8a2b63dd929882c59f6,0,11467598,client_a_preview,0,processed,,1781004477942
0x274fb5fb76764c56b34c2ab2a894076a5a220fef7615fa5a2d434d50e56d1538,,,0x2b890fae3d648403b5f36c3013f3ad4f36326dbfeda0c71610e462be9735b7d2,0,11467613,client_a_preview,0,processed,,1781004484273
0xe8b3b50bd4c284eb5ee5c801815348b3c087dd0d1380879b451124c9fdeb10ec,,,0x35be133eedf0d8ee01005e83ea0bcb321caf2273d3ef8fa43ad8bf41cd395b5e,0,11467626,client_a_preview,0,processed,,1781004490191
0xf1ed27d33aeb89eaf085f6b37be0caf6b62b145270177b1eab8a8b443ee772c0,,,0xd49b973c710169534a7bddf5c407cbf892b9b4b7649e8556e7af24349cb338c4,0,11467630,client_a_preview,0,processed,,1781004491910
0x86de2455b2f2061f42510f2dfc68498bff1c8c9c96180a6633aae593ab554ea5,,,0x9a21aa0fa7fe45e5c826f2d5552d8bc39dde6e998848d891a4501cf562a131eb,0,11468425,client_a_preview,0,processed,,1781004808233
0xbfb148342a326bf397af51e219a11074c77e1ec8fc7549db2f5da1412da75e88,,,0x7962ab1e0794f3ea15f76253f562059cd8c41868ebc41faac964ee84f1f33007,0,11468429,client_a_preview,0,processed,,1781004809226
0xc01d70be8f3523f6c22b60165bc191630bbcbf54b20ba21983c0035eba235b59,,,0xb3a64af0e8628df5f2880058aefcabd60e2c99e62ea048a60ad1081758d885f4,0,11468729,client_a_preview,0,processed,,1781004927854
0x38c88297db867a661df88bfcde400cc5d0fc48e0e04bd6b5ee46b4e6485f6ff7,,,0xbbf4fd1168067783fd347870976f7b62db53db067f3c0813b85aa24587720271,0,11468893,client_a_preview,0,processed,,1781004994096
0x60a49d5980dca9b3387d72cdfda91f940a07077958d679ace6607386fe98a04f,,,0x47625a17717ef1163d17e397a7e41e939057da124abf853adb3646b2a6d9defc,0,11468928,client_a_preview,0,processed,,1781005006932
0xab27c0f45daecb374fbcdb07c3d846f2b0515fdf16a03ed32ae2c355ecd99683,,,0x3d8b1a5a28451db35d9c22e98fd2fc48da635bcba3b2b8dfa2a0288d2189aa57,0,11468964,client_a_preview,0,processed,,1781005020462
0x8c81b527b33804bc4800cee79662f355f2840ebecaa390eafe7a2a98013ee003,,,0xa0b109b79c1711805131b47f92c56dd8e03bb7260d269f45ab9e7f44256a2980,0,11469092,client_a_preview,0,processed,,1781005068564
0xc132487c55524e70569fba75baa4f01ef7a9c9a0689c25c13b7d1304122405e1,,,0x02c5c7ff1ac1a983d21b5f512d9d5e88e4342e75d8cff3a920eb5a88e5774972,0,11469130,client_a_preview,0,processed,,1781005083368
0x2e8f28b6ede27df1d6bc84a73c2e93a3b56328d67ccd02087833edd8e8a72070,,,0xdc746c6dc8afc6724e437d5e1b060f39b822da0bb4ea372dce8a758cecef911e,0,11469172,client_a_preview,0,processed,,1781005099851
0x774b76bee118eb3ea8666c4326c4c03e15814602f0f282936c6efea245ae4f57,,,0xf505bf9dab7a87ffb415cb45acdb38dfc899daec11542b3b92d192f6769ec732,0,11469209,client_a_preview,0,processed,,1781005114184
0x700af32c38a22aba194a5e21618ba84fe064ae368ffdb2312a026717bc29c944,,,0xc8d278318a496b5ddaa16906d8ea3a3249670d4cf2e0e20fd89665f8b0aa23bd,0,11469261,client_a_preview,0,processed,,1781005132418
0xd0cdbc1d1d5339ed378561b551e81821679f1aee1a41e7fd6ae70be5eabd5e01,,,0x783729b2948c469831e600ee462da2384eb8aa2ac8bf27166a11ff0d8bc1e021,0,11469264,client_a_preview,0,processed,,1781005133227
0xb8016e23084ae4130e00c728de3c055d65658db46f01a2637cf0a35bce510986,,,0x79e553ff4540ac32eefdcb2a445d75a0b6910a4284966b8b3a4d95356d154024,0,11469302,client_a_preview,0,processed,,1781005149874
0x59abd95c5072118470217fe73fa2d8df2ae932d5f89c9c4a0680f396bcc3de9d,,,0x9180887ab81238227a312e601a73bfd90bfea424ce77bb1b8b7ceba02ef7ea22,0,11469305,client_a_preview,0,processed,,1781005151200
0x63dab0b4c55875faf91966cb6f8474f2648bce8f7cd12c4dc67d907ecd460bc2,,,0x3999160b20ffc28d21c88bef179a913fcc72dcf66b5954b3211e611657bcf514,0,11469373,client_a_preview,0,processed,,1781005177000
0x77084522bd20a2e9810675019bedc43e0d673bd7bf0c1973fb6cee61225eb75d,,,0x6a9559f559b351f316a437f6da08d136612fee80f820724da49ce97e62b334b8,0,11469419,client_a_preview,0,processed,,1781005195580
0x54f6466426ff233ed5df33f6aafc05320203b6b5c04bf0d8810445510c039c9c,,,0x829a1be32edb271f6b802b5a8c7937d9e70e9ea535832a3260f5c7096db7a116,0,11469452,client_a_preview,0,processed,,1781005209360
0xc69129d68d8e55dbfb0ffcbeb7e9184c17dc19261db50e975ce9bdd8a4698741,,,0x29e07ca0c1978b54527b047d57566a23ae63c23ad73c55e6f161800ffd291063,0,11469497,client_a_preview,0,processed,,1781005227085
0x1705e4da6dc5bafe95bcd8b19db385e8ca0226f44d075281ba25b9d504a6a31e,,,0x1a9d18ab54c0fb639b9367fd9d3e63566a304759c381253c3338ad9a599ae350,0,11469505,client_a_preview,0,processed,,1781005230096
0x158434d114d7dbc62bc8904d69b4c385317cfafb0776ee50da41a01df87ac653,,,0xbbd2c2413fcdb7c07579647227f122a2f5464059f544d14513ae9e656bf19f66,0,11469534,client_a_preview,0,processed,,1781005241558
0xe74576c6586e6b8a2f49e91642b469258e604ae3ef9199dbfb2397b34a6fbfb0,,,0xabfa1fb42b21d82c77a70a68b6d72358d30cd9c60a71f8e552a34fa5241b7880,0,11469539,client_a_preview,0,processed,,1781005243141
0x669686e5fa73fbdc9096abc10002a7e4f541a1785330528404a58ce4fc345144,,,0x342f10a34e6a02f59ad8dda99441e8990e0a133487be7b94252fee6b9c249307,0,11469545,client_a_preview,0,processed,,1781005245672
0xa9a305f5df1d3bd9bb0ddc614404f7de2a58c936680edcae376d65454c9ce8bf,,,0x4dba43c4c2e0e3f4fdf97a72f821a057a7c769ceaea95ba195ef3a8fc1d5473a,0,11469551,client_a_preview,0,processed,,1781005248087
0x1a7dd5a77a4e40cef36ebf175e5b08f4fa65919be1944fba77d9726983b7568e,,,0xb9b5f9a84dda94fe05a8d21415ad0484e8c0051ec6ef26711b6c156ad5ee47d9,0,11469580,client_a_preview,0,processed,,1781005261095
0x094ace0127d195aaa8ac59845ee4e225537068ffa16063bb8df404b26787bb4f,,,0x1668a7b664f9327151cbdf756ef0af49764ffa25eb891dce562877f4e63fd0b0,0,11469583,client_a_preview,0,processed,,1781005262329
0xfd7921add8aa167cef6e4d832ae58f15b1f18e04d9ab71c63bedb61a44e36719,,,0x8e4fc96355139671662a5074d2d3956fc7c03f25bb461847620a0d3060313d68,0,11469651,client_a_preview,0,processed,,1781005288779
0x8ad9601a0d7a6f98ed770f5984e9b929dae1b179c9e411f55f3b7db9be8dcbdc,,,0x6026f7f48bed226ec1b094fd54674c8730f987e35d53268c3282e6caf08652ac,0,11469699,client_a_preview,0,processed,,1781005307205
0xe21ba92583ffa54b162e5d4f29bb8d0dc570b002db58f7bc04085bd9c7d55656,,,0xf51cade38b3806e9b2a9a8e76cd42916ae43c8e0dd89be30042576c63c246069,0,11469775,client_a_preview,0,processed,,1781005337583
0x82a902e7eb1554eec4dfae3d7995bcaf263c60d1a74eafa4db558598e660af27,,,0x55288a621000b46065b7e860b2a432942fd4d9b85328ecf79cccf4651711f6a6,0,11469820,client_a_preview,0,processed,,1781005354565
0x1296fd7f393f7f72a2d3566c6d3f005bba14981b22711bf6f9ffea68d86c38ab,,,0xd256ebabe1ae62c6a1702db0865c2aedc40ba92b52298b8d833c7df127bd32bd,0,11469902,client_a_preview,0,processed,,1781005385338
0xff2cdcfbaf243e938233980020600a9cebd822e1029f1aeb79917221882a1bce,,,0xc1aaa7c40752a248eac7e2717f0a7bcc42347db626bd0c420f7e4c4cd19d2106,0,11469940,client_a_preview,0,processed,,1781005401552
0x4b1ef391235d46a64d16f548e90177602a0eee06da8244a8db5979de668b2671,,,0xb3b0b03e70640b0103cb7674d4c91c1991ade7153d2dba2ae620443b4e82bab3,0,11469949,client_a_preview,0,processed,,1781005405541
0x0dcc962d417bece8aee22f876dba80313f8b24e3943b18f09ab2087e2da2f862,,,0xd48aaeed02c6104e6d5620d77738206c2c0c66686402e4959cf8b0daa3aa6735,0,11469985,client_a_preview,0,processed,,1781005420197
0x80b9d6f3f7efbe539f965dbf72645758e605dac7495b42cc4794ddda7d1c789e,,,0x0f47b5c28f365579da7abdd69643d5b3ace720ef78d4cf9d650bfbc807f3c912,0,11470113,client_a_preview,0,processed,,1781005470630
0xbb2a4213080ee23f9b2c412fe583d812da86c1b5500e4733e3d33b8829017866,,,0x9fb426a29b13b114173ca998e5854a7b0676ba69334c3ada1da3864036e2dd6e,0,11470208,client_a_preview,0,processed,,1781005510786
0xa4a5b6f59a41dfffd7e4199d217fdadd652ed188b888cb6b86b6af52708a15da,,,0x79707ebb4b0962637f351a694064cf800bfc8dc6524a50d40cf487d0bb5a9b69,0,11470266,client_a_preview,0,processed,,1781005532584
0x3e92ad728df780178590784ed15aabcf93f014b8ade09fef1f1a7e754dab63af,,,0x4287b7e566327c8323c3ff5b2d6bcaed77aae63fb796daf6afb7ab432e251941,0,11470334,client_a_preview,0,processed,,1781005558328
0x66b86faa48cf67cee490258bc47b2e81f067bce6f4754f0237eb628ec4f04aca,,,0x56bb02cdff4de71fb108f15d1002af7cdd36f1fd7cc1aa361d707a6d01e1f100,0,11470391,client_a_preview,0,processed,,1781005581319
0x83c9558cbe86b32fa89c319f831feb56e8cbb04876a8529a1e47f39a7b9be66f,,,0xbca9cb28c6b15d07b6acea2edebde6ed1f185202b1be40608be988c318846cce,0,11470639,client_a_preview,0,processed,,1781005676716
0x77d4afe29a0de3c20022aac894b338dc4e8b1f268df2ec45816142eaad1290b3,,,0x6a08aa53b61fe508d75901475867814b7a43d44e95ffdc3cf9ef375d061f81d7,0,11470705,client_a_preview,0,processed,,1781005702317
0x82423c51d239dc8347679482b7f0fe0a7b08ce764f010b0c7959df9064cc7f2d,,,0x00183d97531698644f4e7553a8afbe3683ac87fa71ae6b3750248a0f5bdc7930,0,11471120,client_a_preview,0,processed,,1781005863468
0x04b54948056bcc5bf39da234836b6ce75a854b02784b50b4e9557f0319b54965,,,0xef7aa0d69b5ed144127b1f90f228c71f811510746de083d86328b8e8a113a0d6,0,11471194,client_a_preview,0,processed,,1781005892738
0x360248be11dd1acf7e6c63ad6da18ef146ac1c5171b19e3a6cb16cc5b25a9fe8,,,0xcf4e4a2dd32f3f0ae20ddb07413c9753cd38aa51a049fcc375d08dbe1b5ae05e,0,11471323,client_a_preview,0,processed,,1781005942585
0x47cd54564f2d4dfa2bcb899d8f3ad1081ebe59661bf6e5fb02c846afd782f801,,,0xe808571c5dbbab9ddd104f35a73d25ae5e60570345a524c332bf4b306a74c564,0,11471406,client_a_preview,0,processed,,1781005975091
0x4f2428d13c815df7b048bf96d611da2623627d8992c034157d3d89562a8c77aa,,,0x249b4b6669a5ae6a95bf0dadfe481499a269906c37b8e888c7a622ec1e0356a3,0,11471545,client_a_preview,0,processed,,1781006030070
0x795d89ba3fff2db1fff8c60984abcb57dd79409bef19b47e03296ce5319a90c0,,,0x82df5622f0d0148c041b8d5bc90d05e80294cf5a53df86a111d0e3f8b740b06b,0,11471582,client_a_preview,0,processed,,1781006044318
0x14eeaa207d3d522ba3aeefd6a5b2b60410f454f740f7131c1e674f5ab4ae855c,,,0x332d5bcdee2118dd286b76c9707d79d13d24de3755b53a980725536589694f48,0,11471586,client_a_preview,0,processed,,1781006046146
0xd08d42fce1cec15e7b0828a08c08cefb9b05fa0dad74e9ce22aaeefad6b93ccd,,,0x05d655a8736548ca70f45c5b1f89076eb7ecad4b7ace9405045a496dc19c4156,0,11471721,client_a_preview,0,processed,,1781006097519
0x5b5f2839a60f57f428d25aae63cd7d5180017776c30b11bd41a55ee9a320cfe0,,,0xc3c2ac6a17c204c7f7447159516c5a398378d1e681a144a7a5ae03d59a6fe1fd,0,11471728,client_a_preview,0,processed,,1781006100929
0xcc748c49f9faa4b1375c24067efb12980450c11919d8f4c8b3f3e2c0812a786e,,,0x456e5c1a1dc9d2a05fada2865ab3a82aa5b0fc368e086d6b11604263c6e885c9,0,11471761,client_a_preview,0,processed,,1781006115984
0xfaf62db5891140bf5d13e3b97c7b5669bffcb3fc6ea868412ee5ad499a27fe0b,,,0xde1fbd16eed6e75989c500d768fa3570ea4f0f34a1f30ef378a9a53555013b0b,0,11471764,client_a_preview,0,processed,,1781006117725
0xc8a62fa569b00f84313ef515919c32d600db8184c6820ebb56206f01fdef6b5c,,,0xb139c57cbdd88f5e111030cb440de6741c089f8ffda3ccc02baaefbc47b5a25b,0,11471819,client_a_preview,0,processed,,1781006137998
0xac7182aab2ab01e866e1da44a47041d0216624e2ef035c0e67af6060101f91f5,,,0x532c4b5eb0a56fa5f9efb393227f6013e4b19c3ba1a9c858a4eae79937fee6aa,0,11471839,client_a_preview,0,processed,,1781006144139
0x8487e7fd355ed0435f5a9b89bda6f192085751ed91e21fe4b1ce4c3e501027a0,,,0x5becd2d6b616709e5d6a13d36bfb1a5adbb88e8958c8acfc024ac8402026ce3a,0,11471861,client_a_preview,0,processed,,1781006153045
0x1a6de2af1ca7cad16b4fd362fee926ac78a8163370884dcd3a2827fda365f48f,,,0x5ddca609cfd846b79decd67689f2f9fb2395141f00f8999a6f3b80278f3889b5,0,11471863,client_a_preview,0,processed,,1781006154344
0x6cdb3752f42621aba09f2a88fbff2adaf6b08be004f3cacc0d74e2b487e1e0b8,,,0xea8f2a002d4bc94a2da1b34af6003c27dfa78eb1c92b5ff00e0c1f29854e9ea1,0,11472001,client_a_preview,0,processed,,1781006206890
0x756c7b17cb3c6d3b62affdec137a980219ea235dd37b1b9d208af31210423559,,,0x4e078f0aa58ca6a5f55cd563f36de9b5c9db0ac1a6bc7afcaf269a409e896118,0,11472254,client_a_preview,0,processed,,1781006305440
0x88787bfce52952a9a18f40e71e0344da065564838aa3bb1d39dd66836e4ae14a,,,0x5f6afbffd463ff3bf4cdf3a6f77aefa89d8191a387d0ac2fd296b9c5918509b1,0,11472281,client_a_preview,0,processed,,1781006314643
0x53f17e7a4b8a4a250b78e0350dc4713d5c7291740015c00b5628b6d2cdc0fe38,,,0xe186bc0744267f0866f5dfcbc51f8fbd694add9e9322bcb8b31aa7351ee9530d,0,11472384,client_a_preview,0,processed,,1781006353390
0x241a58fea2d3dff9b8cbc5c561c14aacf5c42cef896681f5665e482bae5496b5,,,0xa7b873f2a853ecdd979b1ccd5787d6a4b81af75f8aff6e9bf4bca46742494cc5,0,11472582,client_a_preview,0,processed,,1781006430371
0x371106c6b36c27df2b018d45a925ebcd90ea43f60d602f37c5e245b67bb56929,,,0xed1a8fe9c0daf904bc1fcf4ded2ee8d4ae057ad00a42f897c8546ae3ebeaccc0,0,11473064,client_a_preview,0,processed,,1781006617035
0x39ab1ed0c8803cf23a731fbe92982c1f782963a7b2cb4bc40640c686dcb544b1,,,0x1901f45fa69386a371b5f184bc793c32c2060353b1a669e4b2821d824e75ae45,0,11473172,client_a_preview,0,processed,,1781006657475
0xfcf8f2ddbcd7826765a6893cd15b66b17170a678de0806156a50d73b4e5d30e8,,,0x9d04178e7e9d16794b1412870da5c6518777a7b7db525f6852342605b063d107,0,11473267,client_a_preview,0,processed,,1781006696700
0xb4d4bcc285ac01b8cbb6a25cccca3020d1ee2e54805cc1f317975ee8e4fdf156,,,0x69a39af249acd3d2f29ea1efb6fd77bd73b0151c5f3567c4505284ce2ac2080d,0,11473347,client_a_preview,0,processed,,1781006729118
0x22b4e2150a7c180056363d91640a05c2b5e0f5f2bd6d0703abecc9c57ae6f9c1,,,0x2f81e85363959679478043efe65605dabee3e6e7687c216781640cc7e0ff7104,0,11473403,client_a_preview,0,processed,,1781006752257
0x2d16e5719e68817b027a34ba7b905b3703ee8c6b98c73152a9c345f34c05fbea,,,0x0826c80db01c813bce0486799e959699093b3e8ba6a19ba5c963bd439162b0b4,0,11473520,client_a_preview,0,processed,,1781006800948
0x66b2b8d6dad6ccd55a024df1f98151c2e72719efa6ca64f6f178f37207dc33c1,,,0x83d64e7430f085664ade241932612fc4d67b693dc1931e211618f3ce3af23c4d,0,11473635,client_a_preview,0,processed,,1781006844130
0x9d3e8fb7b425d81cede6575f55ce7c0defb39d772d78e98b7c521d2c60e827f0,,,0x80cfc8dd7bb830cd20413af45257bdd41e31b61d7e196058896067563a3bb972,0,11473682,client_a_preview,0,processed,,1781006861963
0x7a3a0e9e1169e8a4373e16d57479fb37cf4b85ca9e9bddc26dc4b3374a97ac4e,,,0x56cf0a0e50fedd6c08ee50f364b275dfce2dad1c9756626ee5e5c11468f70e05,0,11473721,client_a_preview,0,processed,,1781006877642
0x934732508698b81c3e69b0c44c3cbcf4e58c897819f333664163221fa441d221,,,0xf8887a1fa7953ffe3ba9e4249c2ab23fe0078b688446b8d2de380786f7bca31b,0,11473725,client_a_preview,0,processed,,1781006879448
0x3a1c9b6f2b8475429488df740fdbce5f13885415417d9e5351828c645a27bf0f,,,0x5f293adc2abb1821881aa0e88f1a48ab1ee405ae4d27799ceeffd363eb075358,0,11473787,client_a_preview,0,processed,,1781006902439
0x00275725f34a311e0982144ca298d275d114acd2c56202bb0f76388f97817888,,,0x69cd699b444a451db8757a7ff4f55ed1697d617a2edd186c21c56f8443e0c770,0,11473802,client_a_preview,0,processed,,1781006908778
0xb089fa1e6bfb80e485a84cff192f140eed5312336a053245d591c335bf3cd635,,,0x5cf76be516418fb218a6393a4082da5a43e922ebeaf3f82e238d158ce6c15673,0,11473825,client_a_preview,0,processed,,1781006916742
0x80020c523c1f7b59b12e85b3717100485c1e1da670bde09f956428c29d7c76f1,,,0x6cebf3717df2096689ea9c8ac381642b23d489d261bcfe830ffbf4653d09ec42,0,11473829,client_a_preview,0,processed,,1781006918283
0xad25ed3dff905166f15fc2b150c34164f84867cd8f81b5164aeae7fce1b355da,,,0x15cba423c85822ebaba4dbb7d928d42dd8da2fc1a868bfab79ce7c230e71d2cb,0,11473959,client_a_preview,0,processed,,1781006966855
0x0dacfb40e09f22e8863c5333d20f68beaf0c793ab64c9c6a424d464771bc004a,,,0xbd4ec2f30d3faf9033c6f46ec27101054f75023cf05bdad5018f2af148b3b5d7,0,11474000,client_a_preview,0,processed,,1781006982686
0xe4ba436b5cef9347476419dd9bfd12469e1768bcc8994a8f94829d3ef8accf44,,,0x6c6e3d6fb011d060a19e8fc51064b8b8543a5b96da559e13535532752ed3e67e,0,11474005,client_a_preview,0,processed,,1781006983925
0x3a1dd3b3c811c4b759f2a7442e610525baa1ff303ffded44abe8afe8d27e7973,,,0x2cd06972f1c83fcd4652be8b5e323c5e05bb010b4e3579b82c08b436c863eb2f,0,11474119,client_a_preview,0,processed,,1781007027425
0xa4d2a4a44fe7faf0927610d0c2e9dc70e28d3bfd9b972aabbffad2464b6b082a,,,0x691b68fe0095da6a5f28c8f143403aeccd94173db634f9309afc1786e9b38201,0,11474238,client_a_preview,0,processed,,1781007073710
0x8a5dac7a26075a1eb14b7ee701576e1b51b096849fc81abe19bfa5b22bdc205d,,,0xdfb3ae38960dc933c84ba1dc3abce55ba7333cf6453caa7916230bc820460587,0,11474262,client_a_preview,0,processed,,1781007082521
0x777dfedc0b7b28e6b4b430a1352ccc7614bbf25c1d7bb45d932d964074c5c29d,,,0xd7a1b8dab612ba984d5f3932005407dc97c6bdd4f82282709029fd6dc841e17f,0,11474352,client_a_preview,0,processed,,1781007115950
0xbd0e61d1b359e1210a9bf353a6194b97a177c019927feac9f9c47ecd62fe4c5f,,,0x648ceb2d1bb8f49332be7d68cf1774baa3a5858553782b3cd667e7754548c384,0,11474375,client_a_preview,0,processed,,1781007125199
0xe5016f28abd4454ce1865b274f40cd0d3e5cfc7457bae32aeb81025685176391,,,0x64dbe3ff4dd2bbd38b1d3a22370a3de34dfbff0dfd626271679ed4b7e42dfe1d,0,11474469,client_a_preview,0,processed,,1781007161686
0xae559e42fd3428b15935bce86a3f83882f16c96e40a27b90e6599decaa52a0fe,,,0x861f2ebdf3cfd48d49527ca85ee52d326addea1b58fc3eba08fc8b544ab2bec5,0,11474530,client_a_preview,0,processed,,1781007186110
0xf456d47a7bb9864797056941bcc22c8d0084c0f73180fc84efaaf2bfba2f734c,,,0x5eb4d5111b7b6540b07be0bc751241b25b6b48bdaef417f55150cd514ab19750,0,11474628,client_a_preview,0,processed,,1781007225602
0x0deb29b1ebaed15905c93019c16f359380148a1936283483819867af93dbe677,,,0x5a8dafbe7b077dac43f6906b0b772db9eef1cbb8574e3bf082569ff3f1c72687,0,11474939,client_a_preview,0,processed,,1781007348562
0x5f88a9b1d1567424c8f9bcfda31c02f5b720b20f2fdc4295b2da7c8507391558,,,0x08b0f7d05dbcf53a6e060c2e9c653a6cecfa26177c9112f270174859164861a6,0,11475021,client_a_preview,0,processed,,1781007381321
0xd159a6c6e00241725c3cbff0a12b3bfbda76569200910a2a7708f534c1fe04bc,,,0x6ba06ccd1ac28def8efe092d907f7cfd0d704ebe4d9db76e4b76ff615c285816,0,11475081,client_a_preview,0,processed,,1781007402846
0xa14f02375a07bb1d54fc96138557ba80a433631e5a1ea3ffc83d97e610ae8ad7,,,0xa8bf6fe9837d7c5e6cd55e93df7571e0b814870358078ad8c4f21805686079d6,0,11475205,client_a_preview,0,processed,,1781007452877
0x7011f129d91c2d02b69eaff9cdff748a0b7da63274f4a75732084f826176d39a,,,0xf1736a639fab36b14a0f391e157aa0c4eb3dc7593f88841722429cb264e2c9a5,0,11475401,client_a_preview,0,processed,,1781007600249
0xf1dd47b1d8b3bedfa7331ecc2fcab4d3c66291f760225bab162abec703492c2b,,,0xbcec9322dbab8611430dacfc8618658b65fa9a95e9a4a7c1b05e28ebf223d327,0,11475447,client_a_preview,0,processed,,1781007619033
0xb597fdc239a461456cc1f22fc25a2d9e3e14eddd10c08971c5f35dcafada3fbd,,,0x8a17cf54aa2697d4e6aa56898a6fdc14fcb22d0d715007b04744c5effc3473fb,0,11475450,client_a_preview,0,processed,,1781007620330
0x277bab17b9a39a4d1fb998193aa1a8b36bbaa841ddef8fbb3eb335010e9df5b1,,,0x4887136e33223bf896c62559666cd78f0f35c9c8deccad66d9387b0ed405efc4,0,11475523,client_a_preview,0,processed,,1781007649174
0xa5a4b4f8a745d4b67940026a317a6a3c2cb57d286fc625a7ceb7526909b7978b,,,0x29fb6715adced54f618a565b579ebebe7eb5354c97d90c54ead968b2d094c2e4,0,11475524,client_a_preview,0,processed,,1781007650122
0x58401042d9a2fe6c77298d244cb4b81fe0ea8890fe1c06d712e60ddf60a6d384,,,0xaca5c825c9363098f50bab67cb4aac83213c35ee25825076b0bb04bf7b3863a4,0,11475560,client_a_preview,0,processed,,1781007664303
0xa20badb2bd39cd134f0f39b8dc89e5380b50d8c0c69aa115c17e9cd6ffe6b54a,,,0xfbfc8694c26b3c68a0a6a854a26c652ad13485c66de0709a11e3eaaf11cfb6b8,0,11475566,client_a_preview,0,processed,,1781007666904
0x36ccb0589f6cb1e3176183f403eda7e332d7eb53ee511c528c9e8c4e82f2f00f,,,0x3c289d6e05272aff793632fe63a06aa726c0fbca23480ef2e13bd44737241b57,0,11475571,client_a_preview,0,processed,,1781007669935
0x15c2121a4bdf6039dd0f672b61454bba7671c6c19aebbceeff07abebcaede974,,,0x4603360d5315138cb82c51a891dd2734044d846905ccf1d97e949e6c14fb89e3,0,11475650,client_a_preview,0,processed,,1781007698572
0x08b1c4325049caac6e2755841d45f151bbc07c4735115686220d7837b2611a54,,,0x7045d68258a7740cbc73c07e5c4fd3dd4872776833d4ad3c2951afadb4085092,0,11475676,client_a_preview,0,processed,,1781007713001
0x31cd5d4d647d5b2e87173b7924c513305de2da22185056553b9fa8425b56b412,,,0x9f0280b619648b00eff6f3fdcca88c2fb4160fa9e6f0d1ab1eccdd6754ff6757,0,11475680,client_a_preview,0,processed,,1781007713125
0x264e2106280933085d2605de7103824b3e0495b4daab338947992a8c3cbd689b,,,0xeedc38dd03f0f47c35029365d5f80a60e85131cdd195672c011fe3170d21f65d,0,11475686,client_a_preview,0,processed,,1781007713395
0xba8fadf30008eb271eb1f132fb6f35d5910d9dc6454ce351fdae822787c71965,,,0x842eecebbb614b89fd54fdd0123f01b128fc556f05874bbe4a5db053d80e1ea2,0,11475792,client_a_preview,0,processed,,1781007762969
0xfc1482cd0ea1ea483df3e4ab14bd83ee3bf25c89f163c60ca3532ff167feaa81,,,0x49afd59b5166d254e9ca4123d83ef2909d0535d5284c9b96ea3e2aed3803637d,0,11475808,client_a_preview,0,processed,,1781007768993
0x0dabe325a62c74fa0d844d2dcd0c4eecf0341342a463050a6b901e9f939bbea5,,,0xf560f229efd6cfd49b2f7fc22d083a6b24603a4efeb6e54e4c65c7a70104d61d,0,11475831,client_a_preview,0,processed,,1781007777851
0x66337f5bcddfe4dd1b05c5b5cf4bd10867f5d2896c90d3140ef83a1245a66bec,,,0x47070f5bca1329cceed1ba216164d1bcfc833401a74c70d513bd8fbd0207b2c8,0,11475952,client_a_preview,0,processed,,1781007828260
0xc9a39fefc0fee39d01b0c5197588f0761c47f64ae374d3e436bf473a879b5454,,,0x752926e82ca8dce6f5e67348376227a695a6b5960127a426545c1f5d607ff775,0,11475974,client_a_preview,0,processed,,1781007837288
0x1b6390a8ad652d3a6d304b5e83856bd3294658c416b8e3508a7b68f2f650d6d7,,,0x255adbec7ee18abbe1c3bd4c7d557edb4e87a4e472832827ebd07d91ad039287,0,11476093,client_a_preview,0,processed,,1781007889790
0x49e7388065aa6a55a4741d4edf632817b4bf3c8b14c0716e0aa983093fd0df2b,,,0xe1e6d5e85c8d7a3cffaba94911b040b9330ddb8b587d5ab1712769ee0c6698b8,0,11476117,client_a_preview,0,processed,,1781007900308
0x10de4f6f75d6714d9368c7c2167db289e456ff008e0f24b7150b32e006a68ed9,,,0xbecb8a2cd00b06ace5a21fa0e5daec1311fc10eb1120c049df8c5b4778631364,0,11476224,client_a_preview,0,processed,,1781007944916
0xbd3f04072c9fdfc1cc907d4b462b4787754c7327e2ad2dc3fb60c8ef44b9bef2,,,0x6024390c83f36acb49506883c0056ab386d8a7a9bba635c85641ed8a5742d8e0,0,11476250,client_a_preview,0,processed,,1781007955677
0x69c3e4160ba4bf6484d3710e62ab1aa38f4a80ce6300559734fb1cd8c64bfb69,,,0x6e57f662a57e5774f87e018fc85e547757ed22c740fada869e0dfb1fea66bff8,0,11476267,client_a_preview,0,processed,,1781007963497
0xefb45d7be1e047b68a11a10d3356cfbb8b8eddedfc917443f728aabe6e8e3f10,,,0xc65e98c2c8de56f7b2a4c9c922aaf6b5bea31ccea2e13c767899b7d1aa4f0bb5,0,11476318,client_a_preview,0,processed,,1781007983667
0x69ddd1c7236594dab533a0399833c66e6627df0ffe2921d5b69548e43ea3514b,,,0x39151909b8d739727bc468f2df9015bb3cf9a5a9d7238d1dfb8977538f6849a2,0,11476371,client_a_preview,0,processed,,1781008009701
0xdc2495f692b6f0fedbeb406830aa1b28cdc186cda0341d16a1971c44837b61da,,,0x2ec73118396985f4c5a49900bb53725194c51265dfcedc3014c3a95cd2db1147,0,11476393,client_a_preview,0,processed,,1781008017941
0x67a4599f12a4b460e3e506bb471f3c566e51e77c3790a6edccd2a4628c1c6eca,,,0x7cedb3691d95c680c343f2fdd8f206a918256ba655ce5fec186eb17fe7ff8d3a,0,11476412,client_a_preview,0,processed,,1781008025869
0x7edd6ea56ba530d75a2ec5515b913ac2018270b64e94a46a4226b7e84f8151e7,,,0xca1d38832aab84ed1f94b53e057fd2d4c080a64193855e503f84416f92d66a14,0,11476517,client_a_preview,0,processed,,1781008067318
0x54499919ca84cc64d9696dd008281a5219bf60f6eaa26dd15a7a0b73065fce6c,,,0x38b36e7f2c94bc7256101b65b04ff01c8f1b09f455a5e31b1797368c697a1664,0,11476525,client_a_preview,0,processed,,1781008070956
0x7717de18f7b8c5771592356715ca06cd9eca87bcf11c4e4ddf567a3ce4feb11f,,,0x821d590b663c548dc59b1e61877040d5845b30cb90386dec2bcf9823824faaee,0,11476541,client_a_preview,0,processed,,1781008077083
0x08d79c3f5c6a390db4c9836079c09a11852ff43c709160f8824092db93621afd,,,0x72c3361f5c7e837ff2d1c177a87d4c52760ad90a8ed8f1c250dcbd7c68edfef6,0,11476545,client_a_preview,0,processed,,1781008078737
0xa982cda5a78cc691d933773c23349a9c44b8a50acba17a9e5f11d0c49342d6cb,,,0x71141c3b5c1c43d32ed0c9678a78aed89a309be70c7386e9f857184c3f6c68b5,0,11476596,client_a_preview,0,processed,,1781008098558
0x66310c1cf84c2ae92fdff74ad131dd0f918c39db918dec12288cd2539a75bcb5,,,0x7b548f0b7b38f953e3cfdcd7a1a3e0ad67ac4153027f7d735bb8a041ec88f822,0,11476642,client_a_preview,0,processed,,1781008117917
0x262e4d531e9491a0f745630ca585d0edd0a7bad093418c44f242ac415f53882a,,,0x15c494c13a92efc5124f48f245275a0e23b6204f0634c1d610e2afb500db2827,0,11476650,client_a_preview,0,processed,,1781008120994
0xf349456abd990ba97f165a1df11bca116a815cb4037310b5af6395ffbbf5f702,,,0x9552180e70a7685695101bcbb100dcb6eababf5f375aba17c7c60df7a8a57dbb,0,11476655,client_a_preview,0,processed,,1781008122751
0x9f78511a625c435ae719cf2e82c9cb94037b03100fdbebeae7f0de7a9b584135,,,0x8e35e63d00cfefe311fdcaf1774ad427fdcf50418bacd11ac5c420e0173fc639,0,11476683,client_a_preview,0,processed,,1781008132969
0x254fd843389e232c3aff0ed8e2976989bcebd438c730696d33fb4826ee2648dd,,,0x99d6244fd7b775d4c9a4ae7079e82e5f41b6f2b87a5c1c0b367ccfbfd169140d,0,11476725,client_a_preview,0,processed,,1781008153779
0xd8bc382da15e8f580c95cd81dd0fc1ce496f230af375dc89bc24fe8bb2f85e03,,,0xa2a5e5094d4d2b1dbe6dbf603de2a6aad23b112039d497be056f71cd1c00dd06,0,11476773,client_a_preview,0,processed,,1781008171788
0x33e86597214187d26a250b4cd547d67c8c2120b664bebaaee1e32d25c201d23d,,,0xd14ca4540db62cb16dd82e1946afae4c864bc437667296c2207f8855ee778bca,0,11476779,client_a_preview,0,processed,,1781008174851
0x25dadf2bfff070f9394a96e6f4d4aa093c5704001e9b7a6f83616d56f8bce665,,,0xa33f07781c04eea61fe9a2321a76e14c0d47ab968f4bc718119220bbe10f34b5,0,11476810,client_a_preview,0,processed,,1781008191382
0xacfa8fc4d5785216746c181e061c29b7573a064f2dcb55542ac9a9166ce3953f,,,0xed773469d096e792bd64dcd903a4204fbc0289022516e5b6b350d1dd6571ca02,0,11476914,client_a_preview,0,processed,,1781008231803
0x673bb217df2807c44bd8bde88a277a5162f104084f63ee66742bfbf6c1ecf87c,,,0x7a5b141cc984d7f495b85089db334867ba6950ee1af8ce3db7d55e10cc0e0a74,0,11477061,client_a_preview,0,processed,,1781008290594
0x1b01eea979c282c294588c7d91f5f05f0b68c4b58ed3078ea04d5d030b2cff60,,,0xd3f405be5e716910f620b8dcb8b91646829bc130fd5a30a54e4d414d1abca60a,0,11477350,client_a_preview,0,processed,,1781008406975
0xdc714492d37e35df4128081a6c36f8b94ef87aa276830bda001597cdb7d73e44,,,0x08ab775263f8b4325e07412412055a0d85cdf9bfaf3a6040dea40739da6656bc,0,11477378,client_a_preview,0,processed,,1781008419173
0x1ba74797f4e8a0018d0a60f904149a6b00461540ec5c952e14a9e56599be259c,,,0xbae989a3454006a11eefa264be4e3cef522e67480b1eaff6718b4f0fd791de52,0,11477459,client_a_preview,0,processed,,1781008453611
0x434d9f4fc8183889d1b2ae9430540a47880e7560a1a566b2431255874c68831e,,,0xa83b9aaa1f5fc9c327c49c5e7503671450b4ebf8814ff1d47e30d023ecdb5f50,0,11477503,client_a_preview,0,processed,,1781008471462
0xfa5e859af88cda03adb33bf3309564838206b97d2e579b2581c75f4f42f9e9a9,,,0xd6d76c6863b77b9c10b15d5e92e3b18a9558562e95ea3afe6dc3e4df3dd321af,0,11477583,client_a_preview,0,processed,,1781008501977
0x1a80d1d940f7181a2f7574ed86493ff8bfb2608542352ef473a37b82992b553f,,,0x1bca3f3ae0cad25284828099adddd97a9b4c00ec32435710ef8d1bdd57ce82d8,0,11477621,client_a_preview,0,processed,,1781008518224
0xaee395ca81bf42c880fa7002d462842090b5aac8839adb7ac39d9fe30c3ae052,,,0xea9ed8fd5818c70ac9edf3139646c77628598434dc281338b784cf2fab03de33,3,11477741,client_a_preview,0,processed,,1781008568869
0x6324f0a84515a3f7855b7502ab1d9f895b4863b8a6b4bb49832cdcd469ae14c4,,,0x0864db242c7e3bbfd7515e4cf8a73d5e6467d186ef6e6c80827a18e3fd114dd0,0,11477743,client_a_preview,0,processed,,1781008569330
0xea8d9c0514ce9ba858ddf751701559258b735fd0e0b3eac1cabfb5512e2860a3,,,0x386ca4c4ad5d197af3a8d087d5edd3a6905222d5e8e753362b3f363e96c54373,0,11477897,client_a_preview,0,processed,,1781008636408
0x7a83af218549d330bce338dd012590fe3ebf53e330ba759a0f620087335a448b,,,0x68de96dfa009e318998967b4fac43405d7f05d89199dc37485a8e87678484557,0,11478058,client_a_preview,0,processed,,1781008704575
0x26dff30f9b0303cc5fcc48637c72e6830cb8d530bb86c5a28f287fd2e9068140,,,0xcc90d7a3fb4256cadb4fe211a6aaf2d66aa17e05009e11651d04dcfc0cd0b9ce,0,11478202,client_a_preview,0,processed,,1781008764777
0x29d1fe3f62cbc4a0ec55afbd59d03e1315ebbcb217205eb79d2f11348458e70f,,,0xb5156213c94d4a624f85c6d5aaff03d2321701142ca410d970803fb66abf648a,0,11478251,client_a_preview,0,processed,,1781008786791
0xb70f027cfbcfc0df6502a122b8a41e8fc4d2e4133667f81cddec6d71e18e62b6,,,0x7bb589a972a8147983f2b208087ed08a464e3b55bd5afac1edf56b5af9502649,0,11478324,client_a_preview,0,processed,,1781008818477
0x05a1251eb684f7dc7c43112400d1271b78b6ef3d8ec24c2870f68f87b2674df3,,,0x85690fef4f9ea532e604ed758743a1e196bd4dc666c1a8002bbea6180b9ed45f,0,11478333,client_a_preview,0,processed,,1781008821747
0x6dd20d1a9f4d858f67529d7977fb19c97e0c88d5f2e8fdea045b54cf453bdb4d,,,0x0b2fa0e8adcb166815a01bfab48f7d9e4d5e6e0e7e725005972507c0758ef44f,0,11478411,client_a_preview,0,processed,,1781008854600
0x8e18229aeba23daa4cf68bd21650df3e10d695b8410a19ba0f75cc9a541d1188,,,0x3411bcb4f2a81f9149c7a2563df995ba51f30a74b9aa77e16972b9f28afe628a,0,11478454,client_a_preview,0,processed,,1781008873402
0xb993eaeb8df944def779ea6c16d2cd17d946a6740bd83371eed551d44a480b13,,,0x0c45b66ec29b215b0abcee56bdefa6cbb2c3734be237673b0c3b28094ef76a8f,0,11478480,client_a_preview,0,processed,,1781008883123
0xa874f81a0d596a26d31336d62dfd86af5f4f6888b7d610dbdf4d1b5382ec6956,,,0x5160a8bc5c39d31708cbd02f09a856d556fb1386fbe086f0772a1719f6d52a76,0,11478531,client_a_preview,0,processed,,1781008902278
0x2ecf9ef51e2591f86d246001b2323b7619e1f895dec1e8d2beebcc59ac48882d,,,0xa82308e224422e641a8e7f07662ca2ecb627e54678cf5252f518b3ee81e3c6d8,0,11478746,client_a_preview,0,processed,,1781008992394
0x58744d795cd1c2e11ce38350b8ce65b9ecc4fa643249b4fe9828e603a96aa11d,,,0xaa59a3b2460c5d8247ce7cf45669646abe1e78ea878b396a50ee33d098c24971,0,11478867,client_a_preview,0,processed,,1781009041585
0x655a64a1d6629956f0e46bf268a0362b2e766f29826ff80875692b04e2e85671,,,0x1f64d4955016785adffd213a2a6be6ff92d1f79606c0732549f11db2d2686d7d,0,11479017,client_a_preview,0,processed,,1781009102667
0x13c43bade9cdefadea95183610a75df9cc6d285edce5d6aa70b2a94088b6f88f,,,0x6f2556311b24f0997881080cfd77b1d7c988ad3b0d744d95b8871a180bf8829d,0,11479060,client_a_preview,0,processed,,1781009121608
0xf637215dec83f75248f732f96a7e55ba5dff33dcaf26e0be04874ba6e31127bf,,,0x065c6423ea400252fb6bc2566be272011d651f379e1566919ae2d1f0d832211b,0,11479172,client_a_preview,0,processed,,1781009166898
0xa9357ca56919997d0252b40a96bc909d0247534672d067839c952bcd4225deae,,,0x03c4b463fa3da8ca7bea9e2c80d8ce240e1dc1f9ecfd25fbfed3632d4476d135,0,11479174,client_a_preview,0,processed,,1781009168811
0x6e96451b63bec44ed22c242104d43c4fc7ea9578698bc176dbd8f9c13805912c,,,0xb8d5bae40f33c3223d398ce246fbc57ab6a3e49ea04a46b91def9cb33e93b45e,0,11479252,client_a_preview,0,processed,,1781009202670
0x31e4de251710cba9512c3f34906119537d4c0253954ce4959c71809f5cadec9e,,,0x5fddc78b38bdd4b0282542e53fac3937c8eb125f68ed0b653ac91c35f8222742,0,11479335,client_a_preview,0,processed,,1781009238603
0xef99f874666c60916de016959f79c9e159de50da78121a5347504c1284a12e77,,,0x4a20ac1095a806fe71f2acee6bdb93a451021bc9b8acd939d2145eb6891de415,0,11479413,client_a_preview,0,processed,,1781009271051
0xe428f0c950df15b69cce8ec306e89638f04603263f446270cd0005423291210d,,,0xe5bed422904c190531a5b0e4eaab3ee3ee473354cb574b8406b2e92e932be632,0,11479415,client_a_preview,0,processed,,1781009271716
0xae9d00f4479faaa6c27b147a094126e81993d898aa369c80f4542ca1ea1f35b0,,,0xa33404cc7e834052b39bd27832394231dd88f1eaa7cdedcede72e737c8521fe8,0,11479532,client_a_preview,0,processed,,1781009319786
0xa925abcf52f0e8df5d8ca74f24f9afc39222f4565cf4d41b9c0654e4024b1603,,,0x966441646116d786e53f055d734930bbca247c8484dd9e9b52de4ed069c8cb4f,0,11479572,client_a_preview,0,processed,,1781009334114
0x57e7e687d0ea3f95d7cdf62fdc66381094365cc79792c2f4efde650a1fc7bb91,,,0xafcd58ca344d712cb6fa6de85b626aa56f7a8cef968d305c98e9a08dae7ac2b8,0,11479692,client_a_preview,0,processed,,1781009383806
0xb4a5da8bb6268da3ced0646ce18f852de4e6f56f5964c6a6b2ccb69b190f9c36,,,0xa29b472b92e2bd11f0ca77e9cac2e675b4c38092bf77717aea58282262dad9b1,1,11479732,client_a_preview,0,processed,,1781009400681
0xab96b3bb33903d0584df6563de50b790f77428b95c6793ccc3e782778d64827c,,,0x1314d35210032b47768cac5405f4503cfb5364149996435067758dd79efaabb5,0,11479889,client_a_preview,0,processed,,1781009467012
0xfca77808644a1ac0e896c9b3f00393e8b7b667afc39dce0892de436f7a3141ef,,,0x423d0741257171bc64ad657e772b24746017c5f0cc789822eab4bc2857ac2d9d,0,11480004,client_a_preview,0,processed,,1781009513370
0x1b22ba95b07bf56fced081eaf29fbca65cfac64c1318bfc369bb051ec689db63,,,0x405c135760a8e8bedefebcda5b14b6e350a704cf5705735026ae63064de8b126,0,11480005,client_a_preview,0,processed,,1781009513609
0xdb6aadecf06b0b40096803d93b45d6ba75801fceefb7153fa301fc50dfc8bfc1,,,0x4ab8b28281366e989b9ca7ae9dc90f192a670010ffeff873765db64c34b31e29,0,11480117,client_a_preview,0,processed,,1781009559970
0x552507d0e09dc4c85150359daf38d046c24e863cd1abba5aef2e886c26f69a41,,,0x1c11b9282ff424a6117f1748badc4f0a228a20df3e83d0d6c08948d11553f184,0,11480127,client_a_preview,0,processed,,1781009563453
0x9fc698c5b4b17cb38192858a9da00b87c0d0aaf76f2c1575e237c1dd31b34572,,,0xa738278679e396817db4f7dfd94c874d88f696d43f4a918c7754e8b977c81592,0,11480155,client_a_preview,0,processed,,1781009575021
0x34e7347935e966cafca29a89f9e5f3bc34153cd35bcb390e4a8333842b991052,,,0x8c87710c8dd0f4efc8c85cd7881e0fc0afa34833fca0604d66b0b45c2d1900fd,0,11480244,client_a_preview,0,processed,,1781009611551
0xc7e379ffa22d2f6bd956b5cbf9ab58a795123acb596b5bf845cbb6d502d1b7ca,,,0x50e21b8737a5e111731ce3d7ed6f42fb6404071b0563393ebbf80491a4cad7a6,0,11480270,client_a_preview,0,processed,,1781009621865
0x0315f766a2a491912b52ce926bea0bd172f958e025abd522cad6cff26014b189,,,0xb403711e681b978899fc7251a6c22719584e813e037945b2532806c18d64e5d7,0,11480274,client_a_preview,0,processed,,1781009623573
0x776f5c97af975c47cb0a8e8d8f5d1d1cb051b0f2cbb822d921bcdfdc12270aaf,,,0xf4b2b834f872e99f4a588d75ddd03f778da6dfabb87ac975f1aad03a9fdd3c21,0,11480349,client_a_preview,0,processed,,1781009655484
0x812bdc72c121b0d0864fa53cac2cdf13f3616f4ab60aaec69ee5e2b6c404066e,,,0xa2c49abc853bc5a4a1a378b5e1ef68dd2b38df1a7578145fcfb511010387d964,2,11480396,client_a_preview,0,processed,,1781009674478
0x73dd6bd11d2e0255d58775091ab0b567288b1e90c2bd1df0bdfea41170cb11d5,,,0x38f6c534250f1e030b8cfcc18b23e9442f2539068fcc7731b4e1d365ed12ce8a,0,11480475,client_a_preview,0,processed,,1781009706319
0xd9bc1862369b245287fc5fd29c8e12088685aa0a1a5300570970c06ed776da6a,,,0xf6dbafd9dd4446d6c6b6f69d260e36f7289e7f9dac146fceca3f8ce38b966c6c,0,11480533,client_a_preview,0,processed,,1781009730119
0x2ee35c3415f00b409ea8756d1c0307c662331ff39d9d289b5b9b66b6291f7039,,,0x7b3ca48a519b9eabe7e778c4780e5d5ccf92d3d3d13103e623d4a79f55b8c93d,0,11480685,client_a_preview,0,processed,,1781009794902
0x9d0100e27b2e20af5bf7140dc00b6fa72feb18e32c9d8d64a8385751d530b3aa,,,0x865d7e7c30781be040c5e1b040b09fe91ee9ea3e8a82ab5bceb6bf897f85acb6,0,11480690,client_a_preview,0,processed,,1781009795949
0xcae20b348b766564f258a10f9a6b1e7a513a98ec8ad746c5a740e5543aca8a93,,,0x6a937d3d131424691d55ab5e5959216994d5994d67bfb6203d1be140d8fb0c9f,0,11480797,client_a_preview,0,processed,,1781009841095
0x2abe95f582269063e56b3432075dd50d223a94801dba997fad9b5d544829a6f1,,,0x6ae46ec8a211fbdb8b18a2b66def0790316a10f213985b23ceca8bc10665f260,0,11480842,client_a_preview,0,processed,,1781009859741
0xac4926708fd1030b0b41237a208662e218c51846111730310d7e5f4d2fbae546,,,0xb92a5658a299227705211752eb76bf93dd993f25a404f0acb44078c11c26b63e,0,11480959,client_a_preview,0,processed,,1781009909728
0x41793c04ddb8c1437d224e0c23d4467fbc7e460def04d9fc2c01176fd8998539,,,0x7bb2e07cd61f8b97023d089d9b522619ba25ccdeaab46c382575394532f8ece6,0,11480994,client_a_preview,0,processed,,1781009925732
0xbb5d400f834be76c2c2066e9f4dae5e2a1648da6bafc72480c31367bd8495d02,,,0x570ab77860aaf27cf2c5a38cfed201f0b5174a2a89107415f0d0552e207f5b47,0,11481114,client_a_preview,0,processed,,1781009976273
0xab7be15c8a32354eb275d772db35a605fdf6fd5a62590e0be83f381a8bffba8b,,,0x7a45cdd1eaadacaf21b11d919ca3393b9a242fedba3167e1eca66b2f4bbe1e5f,0,11481195,client_a_preview,0,processed,,1781010011055
0x9fb196c9a9efca2b9c36ceee55513d4514b9c7486747c1d82c2a0e31e824aadc,,,0x013eac49c3ec8ca6574b164166736e2ba42ebf40bf04c245b920b3ead7ae4ff4,0,11481353,client_a_preview,0,processed,,1781010075728
0x3bd1e3cce3c38240f780787d10f9aaae634c0a70b14559de59cbb60cacca2989,,,0x3fe5ccbd2f9fc0daf46fdffa02551d89e5c133eb4c168abd1eb47f90f2142f57,0,11481676,client_a_preview,0,processed,,1781010207946
0x7526e65265732d3a963985d4f6f4c55071f9e99659b9d595df844efb781dd934,,,0xc896f0b91f7bb96e4a6506e5464d4b3f69b58b50e3ecec311dd0a43bc3467e75,0,11481783,client_a_preview,0,processed,,1781010251628
0xc317458dd861102f799774f03a15cda4087853fed9954073dc9a44ec2345f4a9,,,0x4528d3c6d4586cf7894916d618d1533944c17d6b6426277c5c4432ebf2c22361,0,11481913,client_a_preview,0,processed,,1781010306823
0xcb36df414fca24c259aa457460f9d0bfde71a0ddb778c75181a6bfa07bb22a65,,,0x83f196c8efd4cd28d170a3ed8be36f891f5679ccdd6962039e725cf023ee87a2,0,11481939,client_a_preview,0,processed,,1781010319344
0x3f5a17e2630a0c4b2b9fed2ff28495be75662bf577984523cdc35134a9acdf12,,,0x4906af68c26cddbd3cd01433da085fec6735979a1d0274bb6904dc614843159e,0,11481956,client_a_preview,0,processed,,1781010326704
0xd36100fdde4a69d66fbdd207259fe873fbe9ea6cb86188db6712536ffda28a9c,,,0x47ad799db465204e46aaebf43a3be7880f0ca4c23f732784626a1cd9c424e030,0,11482035,client_a_preview,0,processed,,1781010358722
0xccb45cd1620329e9c040495bbc90f396475a7a32e178a1d2d35826e61d5a721b,,,0x90e2b64d5aace1719efac2f32d9adbb18b3755a4eaec0d0467de33029c7dfd7a,0,11482064,client_a_preview,0,processed,,1781010373957
0xae6721437a29815a239876465791d6890192b0a3ec3b3f37828e3bfa52e45115,,,0x1db370555a683ac2916210d96f99609c112680948c90d51e86e5a92f178dff93,0,11482084,client_a_preview,0,processed,,1781010382542
0x76e7a1e3a895d4a9992279af28249e70bfbee4a16706d9c50ccf86f2c2a60a75,,,0x57bcebefa9d1e9894898e46557e3382b360f09b21b3826d8c5805bbfd09a9a3e,0,11482107,client_a_preview,0,processed,,1781010391206
0x53d05aaef7aaaddf932db15258c5f6d1d7d9ad22054e76a2c01ac256e9229bfa,,,0x7dea2e855778e00c0c694454b824b0ae32fc695c877990bd14614a5324bb7f20,0,11482138,client_a_preview,0,processed,,1781010406004
0x2a184290405ed19129270995e6cc24c7dbb3a90a462415fdd3c56f014c330546,,,0x639141724482919ba270d76471a5796f8eef8479e7dba86a0b2c183ad2032965,0,11482191,client_a_preview,0,processed,,1781010429227
0x73b1495e467c2d690ff8f03d62a7fac0da25fe490d8a00fd7578876971efa44e,,,0x4b3404d54d92153e654ca3c2d995bd34fd5fbe27f8248d23491597bd58ecc579,0,11482196,client_a_preview,0,processed,,1781010431098
0x35db78fd5ce41e72d60e8674a150ff5e814d2bb7b1ea7d628e1edd0593982537,,,0xf42513bd64595d1a12621ed0433922005a89997ade00123a81096b1c1275e908,0,11482214,client_a_preview,0,processed,,1781010438438
0xb922f6b83ea471f05f3a525b720b04a0f35f7f3f654573c8f03ad6fd90c43801,,,0x4cd9e6f22400bb4b60d5569386296b71610e184764d59b9488ecd12bbc778d96,0,11482244,client_a_preview,0,processed,,1781010450957
0xe3e6d3e1068917b0a1e7412ad9b8555c5cfc5c42aa3518da4bb31b0d4ba482c1,,,0xd0229c0381fd610dc388e9af3163665d7d87b333758646fce21d69b238a1d4b0,0,11482322,client_a_preview,0,processed,,1781010482840
0xf2c94c931e6617e8d8fc78acd2c8a7d6261ee740c955888ce1fb266a64bc64c3,,,0xd8649884d769bad57412bcf7bb5ff060f5cc825a78dba12fa2bf08dcdee83be3,0,11482338,client_a_preview,0,processed,,1781010491430
0x829dc597e2cf9f2bc9a76be7f2c60f846fdf26a276674498f359d1bc3e448285,,,0x3c20ddb67c1e19412e90c7120cf803ec46d1264e158be278404ac5684b0f2c84,0,11482345,client_a_preview,0,processed,,1781010494345
0xa9c4a3a9180ce4636e27f1349b7e33dbd6b2ce7a5333a321530cdd93acf8e7b9,,,0x27c85f6bb024e21e155275ebf2b219bae5042c21d9d9bf0c9ad8545509d2e6d8,0,11482376,client_a_preview,0,processed,,1781010506805
0xb9376ffe4bfa36da04fcb1b0b60875dbe27bfaf1c408c79f667044340f5a69b8,,,0x34807180430ffdc5fede9051b55de04c92a27db4cfe99b41ec204b629a080556,0,11482383,client_a_preview,0,processed,,1781010509705
0xaba654c040ad086d84630c750b1bfd0b69525c72138e8e19a8ade27b25731942,,,0xcb77f508be5dfedde4a65ddb9a3d123ad072cdc0ca42cdb23998a3a91f71159e,0,11482402,client_a_preview,0,processed,,1781010519412
0x2c39a49939218fe5b161627ecc96f191c21042a6d34d6951f9aa676fa68e90f4,,,0x4bfc042b2d8544e5665bf4ed5e58a8ff593eb44ddc818ecc3d6034630762104d,0,11482421,client_a_preview,0,processed,,1781010527277
0x41ee231015996f46ac2e47713517db35ef0e1f5c90d478fe8d112eb01c7c4399,,,0x294cbd958302ae0e904bbc12aaeede45943ae4893a69835f30a7b88b0112a771,0,11482478,client_a_preview,0,processed,,1781010553198
0x0b125147377ca512e252709aec61ceae249301822a5cc50c550543f8a4e2eb73,,,0xda2f04314937d0cf04e0272b32ebf4c90d379447eaefd68e4ac3ee89fd738c32,0,11482602,client_a_preview,0,processed,,1781010615429
0x28d212206e3c6e8c9fb7ceea0598845ecae0b457663b61464fc831b1e5508d0d,,,0x806f0783a1d9bbda08259837ae1d773374daa16b85b8ae119523df461e757568,0,11482652,client_a_preview,0,processed,,1781010634473
0x0e8acda33bf04657f7834349ccb4e1ee69d7f1b93c734a2cd598b4de00b4c943,,,0xa5a49df65b3349b4516bf6ff8be19efc906c9bb23ecaf2283603be3ce9b798db,0,11482690,client_a_preview,0,processed,,1781010650186
0x7f8d15b6c972cafffd421b5213619d82b6d3f3a8ccd194d9ac6d3565b4c6b922,,,0x4598eec14f68af2f87ad327ed60ab42f9471aae0c4a43e4cc223ccf3b0de80d7,0,11482743,client_a_preview,0,processed,,1781010672404
0x9ed1e3d86e00be0d883019042fa9d5d65aba11f582d3abdc44501097a9521d92,,,0xf18e1b225db54bf933c7e3055d8025033d311a549c4a12444d1ea487828c08f7,0,11482779,client_a_preview,0,processed,,1781010686732
0xb5886d00bc3ef6e2c6c721439d5d4a69a159129d1974abec0bebdb681df4a6f3,,,0xf78e48409ad1b89cd3f30dd0b7ce85d8ae6ef1a058fe681184067db31490bdcc,0,11482872,client_a_preview,0,processed,,1781010723232
0x5c5383c9e0cb2798c4f1895a3deda2165c081f1270637214ead9635a4b30a6a4,,,0x84d8d199b065f5717daff649a920a9749c53f6c9a9c2aa9f64cdeea6b6e86c0c,0,11482942,client_a_preview,0,processed,,1781010751896
0x6ac43cd74728bb4ce02f6ae7836a79eaff2f40e6008ff89ec5fac6c8dc04df2e,,,0xe36adf115503b318c9174c65e9849cf9d09de59a30651ce2ea54d6a2eb451a78,0,11482976,client_a_preview,0,processed,,1781010764866
0xfe580eec1774434f3ced9d3c29a5cd2a25d5a51555a4b9de843f856204f048b2,,,0xe22826f5a30dbd7967c2951a15eb0a209b4ed0d90698517cf52d67a2a1e75dce,0,11483060,client_a_preview,0,processed,,1781010800601
0x6c3bcbf7e84044833aae7c9c31c8185c08c5c94219735d8180312dbf640f8a05,,,0x78a328e1e30707312e32a060a663327e415737839e31718009c82d2d4af44644,0,11483075,client_a_preview,0,processed,,1781010806574
0x475c87283cfbb83f07f64eef3d83a3c066dff0f8428479d625131eb927545a9b,,,0x55896747fba26b233e60cbbc1456214fe8ece1b5f8f75c1bf9f5c587d250ccae,0,11483255,client_a_preview,0,processed,,1781010879448
0xe7e1d6bd8330765973428e45246c951495a2cb0fa2468a22707c6393fc6979bb,,,0x7ed06523859caefa1821cee2211a64874983d504c221331b9617403b4c0f47df,0,11483260,client_a_preview,0,processed,,1781010881173
0x6a28b275c117ae7c2773557786975bb6fb9f9244767baaa885b91862b72e1f72,,,0x8c69785dd477633a0da05f6e7cdb88ae06c94900d9110c151a469e09bcaef6d4,0,11483366,client_a_preview,0,processed,,1781010925302
0xc312bae603809f9d6be8fff690914a0700a8a6f3ed13af5bd9d154910bad6bd6,,,0xf19049bf64052e2566bccdd93774ea84566d246910ddc100c51c6a1fe3525a6f,0,11483889,client_a_preview,0,processed,,1781011151968
0x0fb45d265315cfceb0afe8786aecf1021293e4fa29bbde596ea614bd2ee2837c,,,0x2114602c377add4af3ad85c4618dd07cc60c9154b5197a68a9c49768fa3d07ac,0,11483897,client_a_preview,0,processed,,1781011155688
0x67c307d5edbc0eb95ce99e0de38c32d4062093498239b3a8650f31b2cdedf9f0,,,0xfdf594aa95c47b28f969219062e021a67aacc833dff0a704988ac326ef108a14,0,11483916,client_a_preview,0,processed,,1781011163793
0x98e5643c50df810de1f2aec6b56713bf90c94752818ced1dc27c3301ff03fdf9,,,0x0772d7837c419ce970e3e4f67a0e60ed2d940828e214f1bea4296a99013732e2,0,11483940,client_a_preview,0,processed,,1781011173844
0xcc1a51072be621d72d24f3dd2564f777f142c32afe499cfda43937a7c6974ed2,,,0x6097cf354bea0fc0eba67e7fc9ae740375d7339759813d023a51224cb9b7b044,0,11483950,client_a_preview,0,processed,,1781011177401
0xf8949d677012a9addb312f6ca1fdb54796580c0c27e7c2fe90dc893b154ab46b,,,0x9e099487d4204539d6c43f308cb080b3b6a65fef28b2bcb608b54056ef9fd1a3,0,11484054,client_a_preview,0,processed,,1781011221692
0xeb71b2248f3aa85c8c615be372ab8f692400c627544bf2f8f6f46ea82ef74ebb,,,0x17084b9f393e074d7035c6abd23fc2fa756121ec57efaa77e95487132b695a1a,0,11484061,client_a_preview,0,processed,,1781011225624
0xae6bc54b3f4fcb6bb082fd2fa74e9485797a4451f38484ac1faac93e670dc666,,,0x3033a54d2a554762f0fe9816ea8ee375982535882923d10f4e7b921c7b3e7d52,0,11484080,client_a_preview,0,processed,,1781011232227
0x4d88553c287891bf14ed9d606af949a5d9bb5f505cbb9d3b8e4ec5190690557d,,,0x639d1c259bf97bdb7e3937e5d7084e7c44bd053f2842709ce99b90d6dc405f0a,0,11484088,client_a_preview,0,processed,,1781011235075
0x2593c83a964e27d6d92f35d1f79cbdf6738488f86576f4eca488bd671275efa5,,,0x7bd574a7dccb8ec01df84bbb7b8216afa173d9b44587879097dcb41290c91f67,0,11484107,client_a_preview,0,processed,,1781011243964
0x41f5a85c0236575e0191999f9c363b863152b0297099d5633899a08c37bdfc60,,,0xba7ced34af12c8e63af111664321c33c4231160d3a4c8980ac2c580cc429b379,0,11484134,client_a_preview,0,processed,,1781011255412
0xf0c48701de2d113d063949abaa8595be071883135328e243fa65137600d60afc,,,0x34bf1bf0baff5b67a45e4f7c6eee855e464db4c6a619950efb00aee3931886a7,0,11484188,client_a_preview,0,processed,,1781011279492
0x2f9b142baf8e441cec9d6ce8a65d6030fb6f8f8355482bf9f4b39c6c85838486,,,0xc9180fcdd46ed22a9b3e3254f7472694bf99550159801b576db631a4e3137421,0,11484205,client_a_preview,0,processed,,1781011286856
0x82ad901685008e139d5847d32e8d2c4c603091fd3a5965f4b81f89d88e669d5d,,,0xbad4f5231b2cd9a042074aa3e5c8ce378139967679690e542808bc97267cd2eb,0,11484318,client_a_preview,0,processed,,1781011333355
0xb73fae944b9514d677b6f354ab8c20192043ec0cc8ca2be0f7dc0e5a37e292e6,,,0x27407c1ed68d751520cb82f0497d564b959e8444d0ea9118137f4411e38b1376,0,11484369,client_a_preview,0,processed,,1781011355472
0xd6225882362de9fef980b4598efec1b3169d3503548ba54180d15a13f84deb3f,,,0xe612ff3eb4b6d23f9a795d688384bf2059ef362d3846917566498ffa0053bef1,0,11484386,client_a_preview,0,processed,,1781011363027
0x4977b1a28c23f9810c1e48e8bcc148f1b2418f18d96def2c3172186901bbe5d4,,,0x6e0a33588c454a1c9378bb899e79d97a1d0b3d315a33d283cb87213ac253f024,0,11484418,client_a_preview,0,processed,,1781011375164
0x28837f83922deab9925d4e59d3ffadbca3549a54b0502d72797236cb1485eec3,,,0xd514e4d09a2097c70ad67d68cee5952f1265f513c401000033aefdac05fb023c,0,11484470,client_a_preview,0,processed,,1781011397281
0x5033ca3bf2396071042e6b1250ab8798cddeab4802f729deaec2405398969eb3,,,0x7786c83ae6cb5c6966a7963ba9571096ddf52e08ba1e9d1eaa2538452993e629,0,11484474,client_a_preview,0,processed,,1781011398801
0x6e6e4840b45f53e80dc056fe335502a08508c7a4fced4e0f0b2808ea282200ca,,,0x26296007d34825e7ae60c5a8c964df04cf145f8b4b548a9d5b7875d12b4f63bc,0,11484491,client_a_preview,0,processed,,1781011406144
0x3a78cdcbc912043df49a37d8586b3faa374c7af8c0de98f982551d2ca52f4a94,,,0xe1c545b173f8fbaaaecad96e77aba35913f572909a7321ba1cb80fdce4d617ad,0,11484592,client_a_preview,0,processed,,1781011449179
0x7597b3392418c64c4f05b82c0ab3079f377ff4ea9f7c6fa2a6c07073609b0970,,,0xbe8e1d644a6e588dd2964e848f68bbd82331adbced7cafc8b8605398c25380da,0,11484641,client_a_preview,0,processed,,1781011468595
0x27804fa8df54329d9f4e298fee9a65841ffa4613838f1ee726cae09dbbef4b7a,,,0x2c6079fd7016aaeb3273fd4cce17db031feb9f3c945f9957b875d797b5a85b39,0,11484677,client_a_preview,0,processed,,1781011483297
0xcc16ba070e1709f4a735b80deb684baab00080e37c011347f4dc8857a44caf79,,,0x646467f02989e6e8ea60db833d75914a1a196ae550914335cfbb0f352893fb07,0,11484698,client_a_preview,0,processed,,1781011492272
0x6048db747f455e8237fcfcd168230b947b05bb3cbb767577b19076bfe16cda7b,,,0x14741139791632a3a3396614570bd09d0c3e882a650f91fe8f25a84f09b72461,0,11484748,client_a_preview,0,processed,,1781011514192
0x9b1848a34f403818a0c5392123039213266c784f51a69532a273fa28effac39e,,,0xcdd6a2f27c4b05294362b5d8b68d459a0537d99c0b29ba1f0cf8a7e5b04e670a,0,11484761,client_a_preview,0,processed,,1781011519695
0x28beecaf48a4975bd47762f3cce7d3ccce0f01e3d50fd99188bf30db8f7f4839,,,0x391584d5fca5affe71cebe2cb3bcfc18dca53dc92d94fbdadb16fc4bf2d1633a,0,11484784,client_a_preview,0,processed,,1781011530266
0x60cf7f254cbfbff8f05dd247be6adb2ccedb2f1af8cc6874bd995c16ed9c1370,,,0xd345124a2d3e85eaf2a2d439b04a7d6eb7703a8e4616e0f16e0db6f204901079,0,11484864,client_a_preview,0,processed,,1781011561968
0xaa1d29cb1c619c272d3d4f4387ecd95e277fb28c88c59624ed312edefaeabedd,,,0x75cf05d735e7913f84654f7a94b5638f422432428481861c70a3d0c2eb7149a2,0,11484865,client_a_preview,0,processed,,1781011562708
0xd72e3a08ac45644e89e22009d824cc995495b5e08bf48b0d453c9a0fef630bad,,,0x3c31ea3fa0484c42d8f7b550a08b18ac03f09bec030bbc346c254eb808e31cb6,0,11484955,client_a_preview,0,processed,,1781011600562
0x6e30d8c3977e105df3cdae57f0939f645ee8fc82bf240922d1d00fe65e796d13,,,0x3f71dff7237aeef2bdc561ab9840e60d5df5546b0a0f45f434a4aa051fccc2d4,0,11484958,client_a_preview,0,processed,,1781011602248
0xcf70db6588cc8d8478095331818d002535ea5fb5ec732d3774564e5844da4450,,,0x46825b88dfe8f3bd5cb60d697c19c127f9203862ebf3bb80fe0d5d792b0d221a,0,11484976,client_a_preview,0,processed,,1781011609669
0xb96fe7d69b95fbdcd5154cf9c2fc3470462bfa958f7ed6d2ad2bb48a11f504cc,,,0xe7bfd066d7278b9f48d2962413be7caedd8f194168b8dc80065702394a04b64a,0,11485064,client_a_preview,0,processed,,1781011645268
0xa7c8c7d53fa9130f078314571cea1105e62ccd27ed2e52e8728629a8334494c2,,,0x4d2e4c275ae85c078ce0c59242580bff497826e337ca1c71bbd46e9c1e19015a,0,11485067,client_a_preview,0,processed,,1781011646418
0x3de9e118d3ae3ed83e1a5aa3b72d9634339c25bf61295770e5852649301514c2,,,0xcfb78f5a7e046a4ccffafcf26267be6757f32270e94252655fc08d0302781b8c,0,11485244,client_a_preview,0,processed,,1781011719322
0xbc8cb76b44c901d281518b789de86c5b09e1149fe9f44e94a44c1dcf169419d1,,,0x2c8d30fa868fcbe7a8d8080cde6274f69f6a565201c8ccb4617398b6195803f8,0,11485248,client_a_preview,0,processed,,1781011720619
0x32dd959bf3aa6a82859caf95c10d50be6b7c02baffb19a8b85e8e367a3aac3bf,,,0xd1a25d54d401f8ea6996d52f22d7dec015d9bbf56db357c27a54237252cef99e,0,11485356,client_a_preview,0,processed,,1781011767346
0xf05d993498ed8e21adbe4c1cf88092605ce1ef4f25fe89fe4fa0c3a344dc3066,,,0xfc3c6427df10cab04248c4258418e3ae0aa0fcde805ee9e2d4f127c2faf69cd3,0,11485465,client_a_preview,0,processed,,1781011814754
0x26b387f6e20e1547228daf943950c431c833fee3fb110529ac38b2a7d13df07e,,,0x3702ae0a2d4bb6ade76c989a9d03055702e2b0d5737bca6aa9eac6e829030155,0,11485595,client_a_preview,0,processed,,1781011870023
0xbb600429a368d5d62ebd7171278a079369f97e4818727b86bf4b4b5d218d54d7,,,0xc6d5feed009668a3ec1d494b3fa63cd37b98d5cc30b1ac756f801c33ead2177c,0,11485648,client_a_preview,0,processed,,1781011891351
0x92d06b120866c3ab214bedbcb5795e671cc6faeb5f8ea92d5282d8c17a8f9065,,,0xf52c9b96461667be5a072cc344e49a00369070ce90186ef0ea9325fbde4fa83f,0,11485765,client_a_preview,0,processed,,1781011937253
0x7c914f1d76a23b3e0413278c39a500bd24696434dbe26f2ad61b73f520962e6a,,,0xac58bf2fe12214a06d56efc790da96fa0afe802061c5ed03187fdb2db1bb65f6,0,11485775,client_a_preview,0,processed,,1781011940295
0x94af8494bc76666621609d504d04b57d88e1ffdf9b383e9570742553b83ac155,,,0x2346445d5dbce84efb77745673b75b6af4c2d20f813c469a29ac8310feda3dd7,0,11485929,client_a_preview,0,processed,,1781012004588
0xdecb81ef5a03407d1ce039f61f7352c98bb3dac64238c99f925749f168889e3c,,,0xb4ba043e9d4652974b4523daa5fdaa5c3eff66a97e421b4cfe9ae75cb57f1be9,0,11938409,client_a_preview,0,processed,,1781173576198
0x693dd2956175dbb11c93288cb191123780318f5ee71882d37adf3f61477347bb,,,0xf471d7a9cde42479adf92ef7884f118bafa779deb4ae9c84e84acc0bcfae61f5,0,11938412,client_a_preview,0,processed,,1781173579874
0x836ec176ed03dbf7639c05512734d7f4c7ef5e7bcf5d54a970ee423937f0750c,,,0xccf9cf67ea1326753ff4dc60d3b1266178787783bdd77e02609f86e922d69c45,0,11938401,client_a_preview,0,processed,,1781173579988
0xc3d4940385029b0c7f7308647af4fefbdb18f9fa27fe323ae83f2e8880ae0e89,,,0x70071e777f0a0e350827ccd4e93c5c0939ac3bbbc77fd48d969e8ec976f5273b,0,11938397,client_a_preview,0,processed,,1781173580000
0xed24146f613205ec71dec16cb73948a6128ca4d8733fa48beaae14f6e7b584ab,,,0x719bb4b75f18f375149c6f489de54e1dc7f96698d1b1c22e78a0498d4982a54d,0,11938395,client_a_preview,0,processed,,1781173580011
0x291336670578373fe174a31775daed33d929bebd1a31f96d591fe9f3a11c3cd0,,,0xc1a7431a5f022993743eb98868aa5363c9fcb8223a4024c7f31fefcdc194ac8b,0,11938476,client_a_preview,0,processed,,1781173588912
0xabc142f4a8401f735da3e391efd2eab488ff64753228e9f935f26204847780af,,,0xfecf45f6b1cedfc9b3b56611b95992f7d5f2e2ddabc10cfb8b2a44e7ba91d378,0,11938489,client_a_preview,0,processed,,1781173592994
0x018018c11208383d8a778db1ce56133fc691206f686f03bdb16811ce9f715318,,,0x433219048e325ded62bf7822783aae93d8ef89be077cddb4f40539270a9f89e3,0,11938504,client_a_preview,0,processed,,1781173597212
0x6109f0401b20037606bfcc802021e1c12d4b4c06e1bc812bac9cc8841eb80ca2,,,0x406798df43ffcc2a832dc6d1633deef4250641574f01bd51b27caafbb2d638fe,0,11938514,client_a_preview,0,processed,,1781173600547
0x4a64c68b6dd7acbfcfe92e2e6b5c3a44f31f6a92ed46b45731f5e5c1f46a5584,,,0x5949838aab8ce78e79697d444d288fe876d77995431cd1d2ff4aca05e350552d,0,11938520,client_a_preview,0,processed,,1781173602548
0xe5b9d8fc5d61d8c7bdd5e32eabde1d46d7cce23c057768c7d3d8940376872f05,,,0x77be790e4658afb64b2763d3943c4e5abd74a4fa626400de0f5d9682b4793f93,0,11938527,client_a_preview,0,processed,,1781173604909
0x9108d3ad557e76b811d7339d15476221c4d69ed6855e479ed5dc2eb5cf0d78fa,,,0x2c87f70e792c8f7e31d5e0c995836e6e64e461a6bf0050b1cff53ae8f0fbd214,0,11938575,client_a_preview,0,processed,,1781173623552
0x7b76ea0dae80e43e4cd6962ef5434a2cf831eade91bd15bd4a1eef88ac4c0214,,,0x6ab9de6fac451c8e8b9735628feb65d94cbeb1468973af5219eadb604fcc5fb9,0,11938587,client_a_preview,0,processed,,1781173626790
0x23a86242d3d8e5c83cbd2f98540a763cf6178cb66edc96d6fb6c709afcd74700,,,0xa35bfda4556d7e56b8ee057691bd99c08cc11f4daca551c4f35a8f35af27d05e,0,11938619,client_a_preview,0,processed,,1781173637631
0xda2cb0fb80207e0471afc026892705b8002823ce28c93901f3788ea34bb58582,,,0xae97fa10c935d3741cf7e03bc4f1867f4ceaa0fabbf3e5cf1591847d8e1dcfac,0,11938622,client_a_preview,0,processed,,1781173638753
0x99f85fb7b893d9f5587c6bc70a526748766882199a41b34c14132561a45005d2,,,0xc601c09d65a51db4078756609c98214e87331d45a06cf6250b3f1eaa6fb06da8,0,11938625,client_a_preview,0,processed,,1781173639943
0x669018614d0124be6ab21f10469759a8f00c974a15ab0c53ee221e3665a6de83,,,0xd64ebd45a642ecc5fc37fb33807f4f50120611210a1d36fa4dba4d2cc0350395,0,11938629,client_a_preview,0,processed,,1781173641630
0x72356e915b250bd86dc4b2f8ca923454448163c82b5b4b8dc5af6b7a8a856db8,,,0x79fbc3f8dc0bccffd360f922f455afb25c7bb8331146cc3ef26e070e513fbe19,0,11938632,client_a_preview,0,processed,,1781173642781
0x97199fa7ef81cbafdf1095d7c60dd94b78d47d9d21a0fabb2478e3e5e860951f,,,0xbf23dedd03f1f6d8cebfcb760fe96bb973cbe904c2f7376f84b5e5b5cce381da,0,11938635,client_a_preview,0,processed,,1781173643944
0xdd1162fef6d86109416e53464fd6931500d0257254f91fc9d94bea40c145b037,,,0x6dd695e0f5aba5052b5535cded305a45d486a44a74dc156aee35a8fa51241784,0,11938640,client_a_preview,0,processed,,1781173645983
0x425b5d5387677134ebea4ec6d744bf85faa869921e692ec2eaf22728e7597716,,,0x3b88b86d42de812ac835a375d4af57e89536f7e66de3d83d5dbb773e446ef691,0,11938654,client_a_preview,0,processed,,1781173650817
0x9bef8a03bcdc30756b2d1175911fe16f1cd14d8853bb89ff3c25ecf671d81a8d,,,0x215b16b60a522a135f62accc78eeac965dd40a898d74315f277108f44de3c628,0,11938660,client_a_preview,0,processed,,1781173651728
0xa4c15fface4277a08dcf0d2b6e0d378cb81dcff1eacf009327748d6600ef6c2f,,,0x740f12e7b919880fdb08b7a47d3b9e834c8f4de206f1a6932819c64d3f306349,0,11938673,client_a_preview,0,processed,,1781173656406
0xd275ec840ad48645ebf536a54769f1bd1d2b97d12230b95d5bbc93824b076026,,,0x1e8ec2ff78b60b2e715f37f758285ee7440b3ea42b6c37d2756fc8b3e91f7176,0,11938729,client_a_preview,0,processed,,1781173676288
0x00088d8a4b41d08eefd48f0809577f8ba9fded89d9aaf5f19e80f76e50d50fff,,,0xd079de98bfbae1c97d5d434a5ce4e0641372a5556393c852f4cbb0fca34573f9,0,11938740,client_a_preview,0,processed,,1781173680164
0x0bd8d2cfce018bbdb271a3fa7909fdfdb1d0672e90949c7d88bd39af9932c955,,,0x10cb0c738112469af1636bf3ba7a23a36f9bd4fd87c2519d539d5187c28322f4,0,11938754,client_a_preview,0,processed,,1781173684612
0x385a5ef6dc56579d55855ab76f0b2ff4afe27856cd119cc924b79c7201d9a689,,,0xb2cad41370bc3e157023c5d637b23f3bdca5b3196b06d307fb7cb3b378a3799b,0,11938762,client_a_preview,0,processed,,1781173687311
0x1b47fe3d158ab175d4b037b94e0fa3e60fa6c2b4bae8d4efb712281c26dac9f9,,,0x0c50b5ddfe5f0c46897b66408f270aa5ccb885502a921fc9fc3e8b46084efc12,0,11938767,client_a_preview,0,processed,,1781173688948
0x7f445685ac88c63c371bbd49425b2ba01e1f6990f8f9adbcd01489d2cfe67e41,,,0xa223c6843e4c0c18c758039db85c3c769818691c0572b07fcabe4e8e4432583b,0,11938777,client_a_preview,0,processed,,1781173692210
0x58f08e4a563ca2a98196e8711a41a3bb9508a2c2b46d0e57cfb5cbd91b6e6c12,,,0xe87ce7f0319a51def0da3b4dab24b314e390d9b46dde67aaa1f8b4042aead677,0,11938829,client_a_preview,0,processed,,1781173710336
0x02cf4626fe896231e41b632de874d8bea7ab00a62f9dbbcb21d56a667828d370,,,0x9ac7be2dabca0380a54e0a644c33322535ce8dfcc9de5a49bfac3ed5ee4017a8,0,11938837,client_a_preview,0,processed,,1781173713523
0x3eef24dff7e2e2136ec692963a5a0c3026f08d8b35e20bc5d2e7d887eaf9830c,,,0x1bbcc6957ee6f4dfd4a3431c9ba375c944cc236e44a7cfd830a64b87a4498911,0,11938871,client_a_preview,0,processed,,1781173725968
0xed2291711fbc0795df62d2f3923ff5cec40c90468e11d7d00ed3fb1ecef5a527,,,0xec938d2ee3cb9c9e7ca1f59151ef92a85c4a4e733e363f596250d33c42e23a6a,0,11938874,client_a_preview,0,processed,,1781173727698
0x0adcb4268e975eba4090f906718497a026926f795e50db6776eb93539ebae685,,,0xf606c8dd9ec92a191b7dce654234437528766677f99481a98b9197ae1066f5ae,0,11938877,client_a_preview,0,processed,,1781173729451
0xceff8af3631f0f4aca79d9f53dbc5a1a4826a2179d01f3248f69eb0ee262265a,,,0x814dc86bda5297f08f41cb237e2851a0e1b59631056573a8b3c75137e60b39f4,0,11938880,client_a_preview,0,processed,,1781173730220
0x4bb7123e937d9e03823c60c68076dc77fce055440a22f34592b2d9f94e3cc17f,,,0x77ed45d5b46fef6b3a87022d59c52641b5726860353940b0e3b1b6d2d8850414,0,11938884,client_a_preview,0,processed,,1781173731907
0x4a697142ad29443b76c41ea59bdab53baded69823f7243ead0d6264abef3e146,,,0xe21e8d73bf3b8784a5ca48c3193a271c2d147fbc0c6e82519b6dc2839e951a6d,0,11938888,client_a_preview,0,processed,,1781173733567
0x1b4f05a5e48a622aa70ff01ff8d243de0ac226bf932685f2d4cef0c507c552b5,,,0xf5aa171b42e0c5aa7208e038a2621e269b1f2dc6bdc349c15c6afda051b73060,0,11938895,client_a_preview,0,processed,,1781173736596
0x7070448f3c913855d8e37add605255a9d5498c1c6a999dae9e26cb9298a644c6,,,0x81e822ac34faa361d9f712649652d63c2e1c3a64f5d0852ca532c576a8117d3a,0,11938902,client_a_preview,0,processed,,1781173737589
0xbbc5f70190177bbfed9c59a50a2d688cb51f63bf9531d755adeb067de3415e25,,,0x321ff7c9236581484aa4153858af46a5c171f68d60d7ddf5564d996838d5338f,0,11938912,client_a_preview,0,processed,,1781173741171
0x72662414fdeae75d58605bf11222e232793b54715e3698159d619627aac352e3,,,0xd358b0d2e387436b9ccc1aaae82e784833e3e88c58d2d99ac03e98f776cb9d5d,0,11938921,client_a_preview,0,processed,,1781173745317
0x2da2a2441fbd720e3983868377e47fd389b225ea359d618431fb9b85ed8e0fa6,,,0xd80156e60c5560b302158b7b9d4d7cb87ac6ea5c579e6f75af1d8cd8bccb3336,0,11938985,client_a_preview,0,processed,,1781173766476
0x632cc3dfa214902f2dd71aeb04a2172f7810bf7b03d5873f2dadf8d51ddee733,,,0xb0b8ada257076756df02a2b322926c23a4180265055125d6e2bd5491b0bbf330,0,11938994,client_a_preview,0,processed,,1781173769329
0xe2c7ed2cdd8b0542414e60a0e9cb7649db776dcabc98bf1be81843ca5e455393,,,0x1777e3c207db73eadade7758bfda19ad92f5de015f9e69b7bb8a335a3982e26c,0,11939011,client_a_preview,0,processed,,1781173775767
0xf901e22c5fd8bf049877292bc410dbf2c252c12f936e22f213b9bf5088c8b426,,,0x560a6d760ddec58ff0a0f2376417c328dbb70c462cf78ed024c8a2fc46b7cb5a,0,11939017,client_a_preview,0,processed,,1781173778435
0x7da0f7ac5cb332731ea1a40ac35aff7b319a2af1ec6213bb029808ce05119a78,,,0xa4ffba68708fee7fadfc2dbd3dabdcd95a98075d0079334db67223ba21c124f4,0,11939020,client_a_preview,0,processed,,1781173779179
0x7949c6308a6e7ee81237f7b7137fceb4338363fe0663040d1bb23b2a0df3a96d,,,0xec85feeebea5af4c789b6c4865de8ca99729edcd2a0c43b16e517e00c7ae74fe,0,11939030,client_a_preview,0,processed,,1781173782488
0xdef9cc2487b3a325dc398093f3424f457f39f350d9a3945080fbbcdd0b947166,,,0xae9f9e4428ac09eb7ed642c85aff9938cb34d9140ec565befd6f937fdbcf187d,0,11939073,client_a_preview,0,processed,,1781173797782
0x4468457d06b33cb218be648f782af80fbeeed5c8b7a60e3a95259fd8dd29ea6a,,,0x7edd569755f6d7a1e65c371698ea7f70dac161227bbe1b424f72d7fa66f733ca,0,11939086,client_a_preview,0,processed,,1781173802249
0x4c5e11a58039bfdb5bae2e26921e257c182f5bc901d89dcdbb4736f7c4d8106a,,,0x8dbfdf19634c217d9b94cc92506f3dc4ad40535fbcecd32e86967c7b11c1bd53,0,11939117,client_a_preview,0,processed,,1781173812898
0x0aef77dc5dc93eb0ef57a2334f9e3a80f2c15e38b5e099e3b6f26b3119183651,,,0x15f7991f65b58d456abe44a46a8eb6198e6b9d871b8cd8d7f0bd4bf7289eced8,0,11939120,client_a_preview,0,processed,,1781173814064
0x1a35f286875881ade7611b9aed506cb210d9b9955b1549b8a87dbb6b349a9431,,,0x8685aff8a121cd1ea13e2ef9a442556f94a9291d8ecf29dc16d129062d5221b2,0,11939128,client_a_preview,0,processed,,1781173816902
0xa2005bb2433960d99a8794bb92a8488603fbefb797e143e4fa60173c38455a3d,,,0x5a1d0ad65445e5827e38568ab62522230e8e96cfde0b2c973de5504123af9b8a,0,11939131,client_a_preview,0,processed,,1781173818080
0xcbbf06c84d5d0cbada2da28a28674f36bd17cba526e7c0e992d6bc5f7213ff6a,,,0x8ca8cc3d972c9fff57cfa4dbbf43f8ce0ede15520d3d4fc9df47f05acc2a8fb0,0,11939139,client_a_preview,0,processed,,1781173821154
0xc56f53a52c6e9c686d71da9baad8e9b643ebd43b35b31a50528352d36dbb9021,,,0xfe462f61a150cd7ebf830cfd886f4e03ad55d19accddc19d01b0d347360ed2d5,0,11939151,client_a_preview,0,processed,,1781173824265
0x5bb517626a0f7de0475b693dea45301cd471349d83ef49195680d6a3a46c6682,,,0x816ffc84e6cf8dd7f79d3724938e6d1a5dd5885bf69f9ebd4d03153674326d11,0,11939157,client_a_preview,0,processed,,1781173826808
0x8247eec96dd10664c84f518ba010def9b332fc5053f415690bb8aa1c1e67a978,,,0x7f5a6f2323ed682508f67e51b3c7777a7a25c1cbda362c0671bd670750e86d6f,0,11939169,client_a_preview,0,processed,,1781173831202
0xbac352c6508aedc37bbdf08dbb30e3f2b455d44df565358b3eaa89913542a8d3,,,0x8a767db9eb121d4b6b2eb64541596100baf4af5676e540b86fea47851f5b378d,0,11939227,client_a_preview,0,processed,,1781173850619
0xcbac28e16e71ad6f9a92da48e396fe899b0cba2716b3082432fb3073c6bbe99b,,,0xc4a711472dffd98470686aa50f80db9c9685f904482acdf88d9eccd33fbd0b34,0,11939237,client_a_preview,0,processed,,1781173854830
0x7464586730d17a32c616b6aa88af0ea77b74974d27e88d3221e3c8f4ad187d6d,,,0x347de29a61d4eb9fddddeaf9ff60f48b4a24804781544020f852463222b01ad6,0,11939329,client_a_preview,0,processed,,1781173887536
0x9449853da18f5b465f85f6fa221cd208de507f660b0f9894f41e8770b1c92256,,,0xc695b0b7e2173a2401899d89a6948dbb2b8483c571c9a75e5f3e7c893d089df8,0,11939336,client_a_preview,0,processed,,1781173889438
0x259d31490e0828f8e69e967ada530737d73de348d1d4ef1cdc456417da5f4d8c,,,0xaf101bf42b2f2d43893d4021a90e134683852d53450fe047ebc4045c9f932b7d,0,11939378,client_a_preview,0,processed,,1781173904700
0xd6abe97a996cb42849fdb54f3d0a215124fac83bf678fa7fe70fe0eed97c27c3,,,0x2d1dc566b993979d7cd7c9c79fe97c1b069e26a685925801062c51daec9954b8,0,11939382,client_a_preview,0,processed,,1781173906179
0x9aa02623052683df0052f04514c760f626b26dcce5015ee647284c192e685dd6,,,0x2bc31aa6bb165174733a7add300a5624daede85381f7a5190fa74bc2695b0c71,0,11939383,client_a_preview,0,processed,,1781173906712
0x49ad038e5a4bf48d1b5db3006127e1729e8ee6422091fe7e3f348226d5882471,,,0xcb4c895a1a1c2049c6e2c4959a2d464f40f9ce5b0abb5dcf9d9f836d49016941,0,11939386,client_a_preview,0,processed,,1781173907266
0xba9305d9d515a32e60ae59834de86c3519f298ad2a961cae87b6b5e4b925f1b3,,,0x25ae488e79f8ea432b7f99eca548bb70b6c95f68f32d70699cf6f6734cdb45f5,0,11939400,client_a_preview,0,processed,,1781173913017
0x1419143da0cca68c5d103db3f822ce376bfd05b34c97fb8aacca375103354ce3,,,0x030c6826897a00d2587cd2ea64d0b66ec0349643004fcc1a4d60e7607a981eaa,0,11939405,client_a_preview,0,processed,,1781173914695
0x2d5336345fde03972ae208d00d11473bbb4323be7d40fb20a3713fe21ec71d35,,,0x6894e60cffd7f062f6c18021bfbe7986bdcfd066f99cf6baef996028d9de1920,0,11939417,client_a_preview,0,processed,,1781173919493
0xfffbbeaa3b2cbfade0f594ef2f3d2e63b220d1ccef82760495e3297ec7bd701d,,,0x02ad023abb0163285eb0852fc64c04eaa833b573055152f7ec1a9dbacf4ea6d6,0,11939424,client_a_preview,0,processed,,1781173920693
0x944e8d86eadc976580294b7119a6e115bad3e4c5e2c679f4e95e01ee3101f497,,,0xf0415f97ebc7aef48ba7573b001f6baa3e54be9d7a6a8a2103dc98e007a2452c,0,11939498,client_a_preview,0,processed,,1781173949083
0x268c61401e7fa89868f92c6c7888ad5024aa4178d7cd92516793707cbb64965a,,,0xfeaf2d265221fbb35992d714f38ea0e05ee6a5eadac595af4f0302429f3165f5,0,11939507,client_a_preview,0,processed,,1781173952650
0xefbb6e1d6639e70fe27f6276ed620ad47b79941aab048d54790acf68f696284a,,,0x2b9e87c75840e335d755aa15ebfee6f8432addce535c183c9c5533ec2668538f,0,11939596,client_a_preview,0,processed,,1781173984730
0x64812f0f69bdd2ad3d6db9416a0a17913f2b4344368fdee08fb9617b35f2008f,,,0x46a346586f84791192f5135457093f8399a281de0f4786d5f7685916bf289084,0,11939604,client_a_preview,0,processed,,1781173987390
0x088ba3c267b08e6ac9720085ee833dbaa11f76d3225faf8b40a96085e03a57e6,,,0xf24efb106d4d21beec3360f5c3e73589091d13d47c242f7c74f381a92733b0f7,0,11939667,client_a_preview,0,processed,,1781174008249
0xbb09ded131f232579ed51b9d0c3833ea7ff1760462a5ced7ebba0203fe6f972f,,,0x9a44b03d097a3509b683ae9256922e052432d9620ddc0fe1e58f240833b3d1dc,0,11939673,client_a_preview,0,processed,,1781174010126
0xca95acdeed97a35586033f9f6e39cfc7aa8f5a16eaf72f6d4c1d29805cf1f257,,,0x74f738b66f8ce713af60ac697d9a8277f9b034a55bcb4ba38841cce225c89efe,0,11939685,client_a_preview,0,processed,,1781174015868
0xee0758a8ace8cdbcf9d2fa074f6a0b9d597b839b1443dbe261370f72aa0953b8,,,0x34f23d1cdb6fd3277ad78f9c5443a570b264f23c3eb5dc93f779d4b5b2011cc6,0,11939687,client_a_preview,0,processed,,1781174016275
0x37783bdab007fc799cc422252d94232738adabc1591ca3823294f0bb38009ef8,,,0x34c8220ff114fc0a63f70b58366d0595158230ccc5d5726d1b051565234a3e4c,0,11939757,client_a_preview,0,processed,,1781174045758
0x190daccbe9e1524af6084abfecc552b7643674fc26bf49803a167f113f4ca643,,,0xa55df1c11cf43f1557119e74d05d176b8606580e2988ed85251e2b0498f0e73d,0,11939758,client_a_preview,0,processed,,1781174046438
0x72f3d23517963ceae9c8bb3d670d13cf5b7bf6b5f41b17c05a27c15553eccfea,,,0x083b1e0c7f675372b0a1f0c35e41db75aa9fd6ec9b4a773e813563c114bd15d2,0,11939856,client_a_preview,0,processed,,1781174079230
0xe8e8406a84ffed33c912bb001803dd556ecf07733486579f13006ffb511ffcc1,,,0xf6b75c9cd9eb0fd2b414be3be08b1bd2615e76abc50031e5b717db15680faddf,0,11939859,client_a_preview,0,processed,,1781174079947
0xc895613cfa172dc881536ba5b206d8bf38b456281075d08c67203310d40ee4e1,,,0xbd32fb210ef72965844b2659b31b6df5a74451b3f58d46fa942942ed440f838e,0,11939923,client_a_preview,0,processed,,1781174105109
0xb5392ad6690b76dfd8473b0789ce9ea9f2a89f70ea614b44d6c47d161ed9de6b,,,0x9f24a3ff973f3e0f1ecdeaf0d3fe93a28167fdcb5416d44e20a78d95249bd944,0,11939924,client_a_preview,0,processed,,1781174104292
0x157a63186753492fc375288da367d108dfd5b875056c140e4c5252d096144335,,,0xa13ff1649616224d625770e1d293cf609ce1a6d63963a0e8602e24ec4bb5d9aa,0,11939942,client_a_preview,0,processed,,1781174110268
0x20e6fe33d7173b94088f2c4c11d92590412c3746ef6a2e5faf19011c1e1fc2cd,,,0xf40726c43c48489112464ca0d2c2e5d585df2c5654cc4dd5b946c53ca7f71bb1,0,11939948,client_a_preview,0,processed,,1781174112016
0x21f53bdeced3a2705b09b0f05cf22d4a5a36442ea7695096f343923f667bcba1,,,0x0d0ff2abfdc5bb2f71aa2ab2dad00965e0884e41bd6943c6c1f02662f893884b,0,11940014,client_a_preview,0,processed,,1781174137542
0xdf781723b565d57b58804cc7c085e2203a53af49700fecc326bf45e4d50ed81f,,,0xa7b6aee5c4f3c29543ba0a8404964fc8221bb917318c8d5965d2035b3611b8f1,0,11940019,client_a_preview,0,processed,,1781174139420
0x3a77429cf23707d463502a6988ebdfdd5e2affa880be29031e76b7d08f8920a5,,,0x032e0b4956ceebb7703e2382b322a37fb35e47032b5ff1ba3f01b0c0760dccd8,0,11940119,client_a_preview,0,processed,,1781174173559
0xdafd60def397054df895fd9244a9f88936519bbdaa9b8676b5257fac928fc32b,,,0x5f2b5f3c14832725258e4d66f04c6c2efb5dbf132b319f02a615a0f23926d1cc,0,11940123,client_a_preview,0,processed,,1781174175078
0x911fa66d448174077c1805e9423421ced120f8f33d236e0549ecae15b4a6d708,,,0xb467f5c63ea839b55eae26e885134098be767f9b819523b902f662537c9634df,0,11940278,client_a_preview,0,processed,,1781174232039
0x3416ce0e58b6289995d180410dab18da13a6c80b84ed314732e7d1b173e9006b,,,0x2b6e885ff5f54ce5d3abb698b05ae7436854e5d395cb312da258c6cef3df3791,0,11940290,client_a_preview,0,processed,,1781174235978
0xbe6c431a0435254b8e947dbff79dcea5e9da78e303ac4c49c0684c53c3170dd0,,,0x1b5be7bdf76ffffe572e1e23525df1be20fd29f81d9890427cd2f2a734939767,0,11940440,client_a_preview,0,processed,,1781174294846
0x962cf40a9e294d3739eb02d2290346be1caaf306e46853860b9e355737e1cc4b,,,0xd31c5cc2b93cbd12b2a44cb907f73d29c06b471ec9ff85a86b63ff43a9cb67ff,0,11940540,client_a_preview,0,processed,,1781174331609
0x0df39750ddf864efb46068f71ebf7b89988047fb0612369801d9258bbaba8e30,,,0xe2c6d039766dc369debf34ddf1e02dd50543cd8870b2cb3601d9f9d54c4c1707,0,11940645,client_a_preview,0,processed,,1781174370908
0x62f3238f803832ce834ebfd16d67978af69044742eb77c97d45242498c6e599f,,,0xa91255870049e644301ba1aecba47e5108f18bf87dbafedf4ca195132bc04fa6,0,11940674,client_a_preview,0,processed,,1781174381659
0x3b0a394538e53fe7e9be98455fd8c8ff34813ed2a83372611b4cae50aa6b02df,,,0xc3fff2c2cdc0697ae3d6ffb32ec358961bce6ab15af782f1eeda8f28fa3f0822,0,11940772,client_a_preview,0,processed,,1781174414877
0xe860246231211ff1e4a731043ec980170c459ef3880b0754182c75d9918c3649,,,0x4bea7d8866b1975adef63922bc754443ecdaa43deb0098a6df1237199f35c525,0,11940800,client_a_preview,0,processed,,1781174425170
0x6b5925832a405275521854eb961707f70f7cc079994478922754c767ef196d02,,,0x03dc33461f15b349cd1141099577632a219fee2a387c16727f5c8c6ff78c32c0,0,11940893,client_a_preview,0,processed,,1781174456667
0x50dcffd7330e44e6b1a765b5cff99af5adb8e19295eb559bcd1c5aa42a05c90b,,,0x36cfa2498ffc6e352bd29c39fdce18f54082fd9664cb4a4462d48ebe7ab0bcf6,0,11940902,client_a_preview,0,processed,,1781174459664
0x899e04d664b988c86f9c6cc832b02e0ff765f33c206d8825870186b6e3e84b10,,,0xab5b1c28464ee458ec10329ed4edbaa6b59c98e9972538bd2e58989cb837c5b7,0,11940909,client_a_preview,0,processed,,1781174462876
0xbfd5915f35384c4837033cdbeed17217e477b9953c3daffe3c01f6d2b2a7d8ab,,,0x5f605b91f7f1ece7b90cffc469b6a4daa53a22142c8748de73db0d448b34c6a8,0,11941019,client_a_preview,0,processed,,1781174501077
0xfd7203da0d539c8b2d105e3c0b8a9e98aa8ff471086ef03b790a4a41f274df64,,,0x743c0b062ac409c13f230820ae2b59915eb546f8dd200b27353501b9e7db76f2,0,11941033,client_a_preview,0,processed,,1781174505226
0xc899a6f1d608947468aeeb61cd9e3e3c4fde8bd68d5e6e6125a85ca2c701fced,,,0xb8c307401166759acf6e738922a022331ccb38bbedd3ebd43f7b1b784e439833,0,11941040,client_a_preview,0,processed,,1781174507764
0x43e7a494d7a0e2383e6c1ca95a91679f2f88eacc1006f2683f223c98b2a6aeda,,,0x7609d86e24169d7d6394aa5172d49620eb7f627fd69a5ad1fc914e8ffd468e12,0,11941160,client_a_preview,0,processed,,1781174549669
0x07c57282c61aea5477958240ae592fd295ee9d04b3f6fd55ec8f74b36153ab53,,,0xae63f2c8b87671ee7f917a01e585a42fcee6b59fbec5bc1a3b2690283f83d8c1,0,11941167,client_a_preview,0,processed,,1781174552736
0x7833480045582ab950db2ff04b05c7ae07a6ec273a8f40001031fb3e94099542,,,0x36121b5830b0a5effff99da83f3e07344851f3c4c062fbf423e76296e6edd136,0,11941256,client_a_preview,0,processed,,1781174585293
0x0a0c04c924d6ed6ff5737547257bedcf55347ed584d0c12638d451465067b199,,,0x249e7e319a6389b362fb81e18588a033c7828bdf24af457f2df22a70c5cf18b8,0,11941268,client_a_preview,0,processed,,1781174590299
0x798551375f7f98e4109ba74bc9d2d5734fdf3f2dadb62214dda115b5180e5803,,,0x9c17f74fa021318d76ad834a40bb8e306300dd8b99969f80e7bc4aafe4c42a79,0,11941273,client_a_preview,0,processed,,1781174591560
0x81afc8a1af6a4d2840b33e02206049cfad8f99ffe717a5251182a0fe9242cbb7,,,0x38456d921556a91f275488b2b5edc078622efc8b26705df2a3a32e46a3811b46,0,11941387,client_a_preview,0,processed,,1781174633374
0xcfbcf95dea1fdd3eae6073e7176c538674e82508cff15054d7f2ea052cb2ad0e,,,0xb83f5d2d3c9453cb639b1e1e44ddb3e0d036cd485ba05c9a447441b4a69b8857,0,11941401,client_a_preview,0,processed,,1781174639128
0x340f864833ba6f88c43977388ea5e4decbbd0a5f5bc6cccd58c56e5e54364cdf,,,0x16b2173a11b3a4d6e54344680d24c6442f7ac8c2837b63bc65bad97f3ca0e4dd,0,11941405,client_a_preview,0,processed,,1781174641103
0x5339d67deb26021b3d136c0256bf20b0d521d7d1ebdbbb1f708a07b0d967f4e6,,,0xf9e8c3b6ca53c97bad7d9521fb97480a8faa94e22fde96668c062a12cc81c471,0,11941523,client_a_preview,0,processed,,1781174682207
0x7791b9e602b2f8a87fb6a4728b1e1530cddc65904c37a8b243743e06a375842b,,,0x5aecf344e3ad986b846049afa82d4d6046a24c291ac15d474efdc1e0d5d71e6d,0,11941526,client_a_preview,0,processed,,1781174683450
0x2450f8a52f1974ad5f275b346fd22dca3c3f11956bd4e62c40bd37c321cf9de2,,,0xd401b6d000da6be5503227a71b2ccb86e4f631a9d4edb913d7cf3a17b205c22e,0,11941647,client_a_preview,0,processed,,1781174737672
0x3335356365d34e222f6ff7db05e0c133810e4930e0fe46d0f2ae99e254c2659a,,,0x157ad299528a95c534e10aaa63ea9971f2bb4290409b1e967dd6a80f136fffa8,0,11941764,client_a_preview,0,processed,,1781174768715
0x2529dfb2804e14b98f0aa5166f0f36574f9e062d07264b6118ddc07c33e16756,,,0x20b18e6cf57680cb7ce1c64684c9835bd19c1a6420ebd1addc66da1ba17648a4,0,11941769,client_a_preview,0,processed,,1781174770234
0x5942a28f7c100a53411d3433a6f5481890b84cfab451f69e587d0280ebd6ead8,,,0x2b8754d40363560b4eaf7ebe35e6a50b3289e8754273d057a96a1bd23e063a83,0,11941891,client_a_preview,0,processed,,1781174811979
0x784f4658c4ed5f9a7724647192df3cc37de90fa8d347d666cbf5ba699d165b13,,,0x04b24e97408e549ea33110de404f002f4622a1de9190dfdf4db4112aa545e38a,0,11941894,client_a_preview,0,processed,,1781174811395
0xafff75daee18a73893371fde4038cbc25e9d2e4c57943fc73829d2769039ca5b,,,0x98f0e719680148f9392527180352e46699c58fab0970970fb6fd46a1ef3ff4e9,0,11941915,client_a_preview,0,processed,,1781174819908
0x3ec17e7090d6f303161f89cc0219464f6635a0764f09192e3f0cb3c8aa041e61,,,0xcd86c16322b2d146cf61946ecd3361a12676e090963bc04fc4a83a4d9729f449,0,11941930,client_a_preview,0,processed,,1781174825744
0xa78b392d4191f18d3bc649bc86dc2bb335237ff68d87b62f06571641530aa5f9,,,0x1c0ed92b506dc1b0ec5a45ee488380f400b0ffa2a4cc2347f465648adeefc392,0,11941970,client_a_preview,0,processed,,1781174840326
0xfae0f636229d440162191342beb8b1d316f73d6bdf69171826fa1e60caa8fed2,,,0xbc05dac1751b059fa4e66fe8be1851944611b3b7fac71177a0fc59d416f50bce,0,11942012,client_a_preview,0,processed,,1781174853549
0x6904462a3ce3b7ec711d578432ba8db085e3dc3f7b0264489cb3c79891cb1624,,,0x2d0742dbd6e223cdda54071598560592e1afa8e8c2cbbaa09fd76ea58d132332,0,11942015,client_a_preview,0,processed,,1781174854738
0x59a3fea232f370b0df8251140e4222211fd3819aea5ff5eef275cff7dc47cfdd,,,0x3a322358b7447ebe83754a0142eea6dd513b11884951a79fb4088e14d6f9b6ad,0,11942034,client_a_preview,0,processed,,1781174861709
0xb1e337eb2f82a4f84cf7b8a63d617fb9493186f86c538fb377cad6582622214a,,,0x88e14511c329de0d460cfdd143f888dff829734aa49980f3138b6b981ddf7d66,0,11942051,client_a_preview,0,processed,,1781174867870
0xe7c9ae2ac9658830a6533787801f2c02e67f3c5c1658c36c7598f4ed12349377,,,0xfabe9c656c52ed2a64be67ea48dba90a57e103ba5d787416aa07666cb8c793a4,0,11942098,client_a_preview,0,processed,,1781174884037
0x08c641dcf4998f3014ab803b2a937342f72bfc9023da61c17cb419c98b13fc3c,,,0xd4c9318365d7ac2c15b9d1720889d13d40fcadd3aa295175234c0f3d41155f18,0,11942162,client_a_preview,0,processed,,1781174905663
0x4b8ac11850cf5dae0371ba411826ecc7f4df6048e071c9418b90f4424d60d8ac,,,0x7559db8686645e113532df5687dd368780ad7a6a5a6cd8ae1e87585f48b374b1,0,11942180,client_a_preview,0,processed,,1781174911876
0x02db17c71430c08c191f16447fb3b0b91fd54a1688857f74d186ddd353378131,,,0x807ae54b2bbad7db4ba0f97d36844d1c4743b7172f3c5f234eeeee624433fc69,0,11942221,client_a_preview,0,processed,,1781174925187
0x19866ac729b133d5c8ef0a415c8596fc61c4851d02226e913040e6d02d4986c2,,,0xc37c721dac4ff09afd98e456c92aa1284e28154be521092e55b1fa60a1a4ff4f,0,11942251,client_a_preview,0,processed,,1781174935900
0xa7726f1a7bc87b5585fa08c3f5b7cd52ada14df586e8ad1643d96219eb3f5a58,,,0xcdda61c9a4dcef21b3a1c4f6c6fd2407c11a29d02baddfa5a83b684e54f85680,0,11942283,client_a_preview,0,processed,,1781174947520
0x671aca0cecae9eab4e4409c63095f24dc825b1c7b01588cbe0c44f652e388f8f,,,0x94fd216dc876a3073072aea6ee68287e3bb82db7358d2c578a7fb2519aeacefd,0,11942303,client_a_preview,0,processed,,1781174953418
0xa9376fc1f535bd5ab95aa6859764918d0a1acc44f8a7f5199c1dd8bcfd43a63c,,,0x8132ff731e0044907353ced65b39a00bf996904f024aefac472e0a4ad6e4ad27,0,11942351,client_a_preview,0,processed,,1781174971516
0xf8483e3ff03fd8715f8eeda7d522d8d297ef3a7fe98f59f998914536a346abad,,,0xc05ad85f7883167801706c5d4c7d95ce9789317bf5ef9237e88053f6c07139a5,0,11942376,client_a_preview,0,processed,,1781174981090
0x3a1d82154c73a1b8e509913e6195fa5e78ffa347479e831b76e161cf3881351a,,,0x75c18c50d3139b43b2b5c9d1b364ae3f7326b30ac2332aedaf9cc2d114ae6ce1,0,11942413,client_a_preview,0,processed,,1781174993516
0x1f120aa23f556133c6717ddcf0d9aadabef67ba914aad8d71ce34ae4a41e6e06,,,0xef441242f0b9e39a4679bf385521e9ed38786b25dea327300d887001f8e4b274,0,11942432,client_a_preview,0,processed,,1781175000849
0x3939e72fce21e8e0fdd01c294c56583ec78fd63b567ff1e97f9dc1366d0c251e,,,0xd1be2e2cde808c2449593e6510cadbf7c8d88105fe8eaeb5e19cb007f1385cfe,0,11942507,client_a_preview,0,processed,,1781175025958
0xe9197d032f47a0e46d7959f79d86a8c29cf958cd6c61f6526e8be424dcc5408d,,,0x896824d5207eb017a00e01b554f2edebbc2b413ac280d1572aa7784ba0e8801d,0,11942537,client_a_preview,0,processed,,1781175038004
0xf42ca7365681b2b3baefe04296d673a600c4c7d8ad7257434cb091c0e5ae9366,,,0xabb31ca6c166473468c35f6ab4ad4045dd1d4de081151b6d3411dca4d3f52daa,0,11942556,client_a_preview,0,processed,,1781175043449
0x85008794ba7ea727d21c2bae28c7676e42d0e4b430af6f8d3c55b5016bc7bd4f,,,0x6bfe69fa677fe88c724e63fd6fa840b31c6ea9e52f879b8eb238a90ff2118e13,0,11942559,client_a_preview,0,processed,,1781175044640
0xe2c84a6fa483cf80639df1d62329219a2bc1449899b28638ed2626fc1302f3aa,,,0xb118e819eeb29bebe9ea78957cb3b9aab5508be44206d138b5639eebb1561741,0,11942624,client_a_preview,0,processed,,1781175068064
0xba3615a02d3ac67279cf214db2016d97def3d1af6f2d826842d47459c3cc419e,,,0x8a722976b759ee0b18c1227bc78676aaf538927eeb3351f394a931e7ee921cbf,0,11942684,client_a_preview,0,processed,,1781175089653
0x14a17c8c63ceb6a7f344a868a2a36de8f27e84b1aa383277c23294be335e68bc,,,0xdd0c34b0653051f37bf5f3b9db58c7f65e547f4a87743f4020ef177170f39f96,0,11942772,client_a_preview,0,processed,,1781175118961
0x278926b1ef0a41095b94af87f36888a80c74fb6a66d9993ceacc13197cd96f2d,,,0x0c8922d4db804019bdb467354988f372dbcb870a2f766517c5a13eaf3ec3afa5,0,11942806,client_a_preview,0,processed,,1781175130547
0x4f6088eac1044f837e8e7102d67e85b8cb129d8c05bd33f4472b634c841d787f,,,0xfb5040ec3050a89656f1deb76c3e12a0ff8b7340f2e2cec69d6e954aecaacad1,0,11942911,client_a_preview,0,processed,,1781175167397
0xda1f6dea3a1a45b16f0c03433072d3c2bf6ec4d01b9364859eb1688f42fe88f2,,,0xe7d9ae33d7e3ee14d4f4c4b459a176212a9b896755b98a5be06ef1b650054b3e,0,11942915,client_a_preview,0,processed,,1781175169084
0x8249894c5646d0be6bdb08ba5f8a7fe13d4c0c169d00da4b82a3c1510838a6ab,,,0x2e702a92e15431974c665effcbcb479ddf6e29f0b6cd7eb5c402b2d3e0bcf487,0,11942918,client_a_preview,0,processed,,1781175170069
0xda1930b6e0d7e4826ea72315635a62d869c666d7b35c92995057ca1bdf61abe2,,,0xaa063b485d82f6e90f8af2ea119a090aebc4995df37b2ddc53928cddf8832046,0,11943025,client_a_preview,0,processed,,1781175208057
0x8cc310ed0008e448f364bf140b081ad0359b5e4fa5df4b0acec3a7321486e6cb,,,0x28b67ef343faffc3a1f375858e516c1ff62c79bc6cf92d88f0c75f85aee8ac47,0,11943050,client_a_preview,0,processed,,1781175215123
0x8e32e07146078482e72be50de62f799c0ea83b2c601295acc33a3b648bbd71b1,,,0xce3737fe339e4e072087fc47ba1c8623fc3ec9c60335f1fed15f4e38dc4f280c,0,11943056,client_a_preview,0,processed,,1781175217494
0xa8e587d543ea4ee7a4190b49ba7f5d49c3d756d249d75abccee8c86651dd6d89,,,0x670d9f9890f44c983e515013799aee93f96efb58a61aa83107f9a2a643dc09f6,0,11943167,client_a_preview,0,processed,,1781175257785
0x6a6348dd51c9536c17e717a0b1686a32e2b646a935a34238c6b1173218ed3098,,,0x6b78ad763566479177773f3a19610f8f13375926ec818d34479ece13fde68105,0,11943174,client_a_preview,0,processed,,1781175260472
0xfb52cd01cd74bbcee00ada3520c0fa906828fb36e3074e3d6eb062ea99400e67,,,0xde910419166bd74e645c49b2fe8777da6fb03c77f33692127ee1e5f9f8b0293c,0,11943780,client_a_preview,0,processed,,1781175469743
0xa4a488bd22e632e2701a20c7b3f417d02b58e177b43653af30c580934f5f3aa2,,,0x2f80ce1905913610de58f75271afe2c7185889966989a57b23f27c4af77d624b,0,11943783,client_a_preview,0,processed,,1781175470911
0xdfe3f55f762cbe64f9787048bdb03961870437e3ea6d48ad6217c0052ab9b9f2,,,0x7291acc4b74b6ce743815e5f84d4dfae2ae1e567efb0435131db64d6790c02e6,0,11943915,client_a_preview,0,processed,,1781175517497
0x20ae088ec2f666f578ad63b1654fa6fb0a459338de9bbb490750d8cdabf1e627,,,0xec79aeceffa37f5a9ebc3a1e609a92adde49e1e5b17f10f111531e3e3428c7e8,0,11943920,client_a_preview,0,processed,,1781175519199
0x2d5ce25d4cd2f970a4df8d03913311b54f8b0cee03ec4bf43ea6019b6f430a94,,,0x71ae6767cfcabcf742b09d501484537665217ac587522e0d05e87bb852eb462f,0,11944031,client_a_preview,0,processed,,1781175560220
0xe555ba689c96dd86c88170bfb6676f51ea462827dcc83a852631e5e73b1d849e,,,0x77dcde52404dd602e029e22cddaaad1bc903533c3db3a91b4a0d9565f1d5e4a0,0,11944034,client_a_preview,0,processed,,1781175561359
0xcd90ed86c9701910ec2f312a5f041e24e5e8f178e86fd4bfda9d175c56d72fdb,,,0x091dbdd43dcbf3e52736e4fe369c745a9d3bb002d344b0dccff68b1ec233f379,0,11944310,client_a_preview,0,processed,,1781175659606
0xaa330a754c15b243f2c7bb6c7c0f95e503a504faba2a8dedb09b9b62f1fc5299,,,0x49fab2eaf24f21ccd7462c48faf7c6af3b3d2354a9e3ddf263a2832cf02c7e0c,0,11944325,client_a_preview,0,processed,,1781175664984
0xd6ba087644dc9287265f9b2c049034b8304825d0ecd9c80411bdaf9acfb79afc,,,0x06b3de2c294908a3b235bc05be5491deab8a5bd94b4ab64653734a9dc8807c69,0,11944383,client_a_preview,0,processed,,1781175686373
0xc3edde8dcfafd0bac11b12738b5601799024ad238074bf463060729b4d503472,,,0x4855225d374c8730bd492bc427624c50455457f0d1fd11acaddcf2b3454d8e25,0,11944453,client_a_preview,0,processed,,1781175710149
0x1f4ca0bc1517109d48dd9f58ecc04a0dc8dd9b9448db2094c280d30b2787c693,,,0xbfc01ab627e4ba696625ce9976802e9ebd6ee24aa6ffc719fe2f703b974bc477,0,11944471,client_a_preview,0,processed,,1781175716523
0x4e359301f8c18a345d5dfe03888e37274d4e93f33834dec698fb01908a93c4f3,,,0x756fda90eba83b53bf93bd9bc0ebee5ede497f5f65529d3c2fac4441c8864da8,0,11944492,client_a_preview,0,processed,,1781175725704
0xf831a92cecd1366cdee01537e0318fa8363d99e047ef46c2ac59d806a0fbf53a,,,0x821ed000ad60f5d129a7b89cb1901d8a0a5ab260d53f4e127c2c2ed6fc74f287,0,11944552,client_a_preview,0,processed,,1781175745909
0x43f2a025899360e61eb2cde832ea29392773f9a4759b704d218b303e137e6186,,,0x8b808e00ad0cb32c6573d982b6212c825bac11c419bce1253d8b561c1c642583,0,11944560,client_a_preview,0,processed,,1781175748919
0xa7b11f45ede2bc0dd73bf16eff0d2bd949a8e156538a391252bdd394193f0b97,,,0xfb822cd206dbd596766050f0a81fe70c4c543f03ed72157be1a874bb1a0045f4,0,11944578,client_a_preview,0,processed,,1781175755892
0x8d0daa2ead593757f78f58d45e89e2beab31c95dde90bfceac4db72484b63807,,,0x148a2a5e54274f180e9e13ae60e0a8cf37b659ffe30e96424d2c2007f7e6cbfa,0,11944646,client_a_preview,0,processed,,1781175779105
0x919d7e200b0feabde870f49729cd54bc490e5e2244965f41a7ebc1a6da67cf26,,,0x4413020ffeb96200fc6b188fadd830503aa412142c3ca4d2635a2a8a28146c91,0,11944713,client_a_preview,0,processed,,1781175801430
0xdb60865b442d0194a0f262bc688e2e12309bac4eb1065c28b70f20683784e35b,,,0xdf95e0e53627861f761588dc3e6a39ce377987f14cf65034663bc1bef892ae15,0,11944726,client_a_preview,0,processed,,1781175805971
0x78385a8934af1e8a1944a9765668c10fe56b2af41dd2c1ae19a790ae213b99a0,,,0xe707b610a1a995084f45231d931edebfc74c1a39af6b315ed2173833c569d56c,0,11944729,client_a_preview,0,processed,,1781175807122
0x2fd20ae654bda1e5e4d4ad956076340b7016d5cbaea4fe919226100f97481ad0,,,0x1f1679be3c4b11a5aa856dfe003cd757a9953c3ef7cabcf542d4d02e34f94d97,0,11944799,client_a_preview,0,processed,,1781175830489
0xf1d87f5eb1a0cdc762d889b2a0d385a57fc413a19103408680f0abc21cfd6534,,,0xa348b8c559835e56260726ed34f1ab111ec8d1337a7ffca23406e27a26a5d2c1,0,11944806,client_a_preview,0,processed,,1781175833183
0x58040651f0aa6490543d1adf147d4e47f48421729701518189755651693da69e,,,0x4aab77e22568d7eae729538a7f902299df2e89c8ac848948648307f037ef9fb5,0,11944818,client_a_preview,0,processed,,1781175838185
0x88a8c89c232dd0e170dc8a6164fc0b6766c7e9886c7bcab4d43affb011aa0fba,,,0xd618de22e786a292cda6df3ee3ba538780c5c1a5ed066d95bd2124e56079b6bc,0,11944821,client_a_preview,0,processed,,1781175839279
0x29f75edac93ae701f4a93603e95a8fa8a00696de7e202ecb2c36d45aa39fe720,,,0x4cb94db1b44968ae6aca5e86143e3aef8dd8ba1357fa402fd4f294df6d7ca8f2,0,11944905,client_a_preview,0,processed,,1781175869041
0xc30452ddf32c85a95c55ba9d2139c23eb328697d22f0d193eb2eede3ba723c6a,,,0xb3cc1928d0426396aea6a105fd9303840b1053db35965cbf7d04f857b4cc5757,0,11944931,client_a_preview,0,processed,,1781175879086
0x4097724adda4623225c4839e2664ef6b5d343f101a557ae85d767d9c3d40899d,,,0xe8476c16e1ca6addd7501aacdbaa34196d6f4ebde1a0858a1b59110236fdad03,0,11944942,client_a_preview,0,processed,,1781175882834
0x958a8c8af859e9e74da6564fbaa17a64cf771f7b61632c3b17fb51b73960c94f,,,0xe65481d54990aa0c45db6068b42a1d864834a55704e85ea16b1781fdd2ae428c,0,11944948,client_a_preview,0,processed,,1781175884534
0x817e1a6d3345988c6d8e56ccdcbbd68f5933de4203c5427d07c4f93e3599f207,,,0x900a04630daaa4112763f8dcad36934817bb87cc7981bf3110ef1d282e26a9d3,0,11944978,client_a_preview,0,processed,,1781175893890
0x8dd2b0dda37fe364cc67ea24be06a3c899a1bf3930ec04faa69f0466003c528f,,,0xdbb3a18499ef17bf1e27ab3499f2c5ba51c308d65148bf4903df678273702027,0,11945049,client_a_preview,0,processed,,1781175918637
0x6827c8e1e9b4cafa9efd9e46eccabe902fa49441a2094aaa3eaee6812e1b2d50,,,0xb6a6d5b75c477a19a5ec46e3d3767f852e1c00a8a5b94f10894b3c3d70673feb,0,11945079,client_a_preview,0,processed,,1781175930649
0xddfb8e6640aca13416751901ed5ef5d25bd4663dabc303902c95dd34d8a7d2e7,,,0x33a6eefff3c4517da660194fc5362dd5a9f3de8f2212c410bae7771f53514e6e,0,11945081,client_a_preview,0,processed,,1781175931295
0x2895e987abc9be8ba2f72dd559327725f31bb6dfcaf076be6e10712d0b22fffd,,,0xdb55ccbcdab8bd29b9608f675d738d801f428df705b4ce1e53ee8e1dc6fb3b15,0,11945086,client_a_preview,0,processed,,1781175933300
0x9e69e2840c69db4608ebf70163ee203d7bb82b8ef305a7a96f28b9784fbd1fff,,,0x5a76941f4b16a6dc66f0db72b8995b3dc84cc74b16d91301d22c11a5fb4c0c48,0,11945183,client_a_preview,0,processed,,1781175964891
0xd425b7e4b4f556c542bb11e8c50a36edd8744bf87059573138d857ad1d942b84,,,0xecc1ba13bbdb99563ae8fd99424844796e1a769e4ac79bb433f8648e4e827a57,0,11945189,client_a_preview,0,processed,,1781175967505
0x0671a6e1726a14814d41986824efd1290b273f1130a16f64890623682a73cc1f,,,0x2946f7cdd6e8ac4e58e0e3d2d16456d76f96fa35b058bd49b7d89a4794ac6f65,0,11945232,client_a_preview,0,processed,,1781175979823
0xa0c1db819425f6d9a758a817293f1c1655ea0004366a78f89aa953abd3c2498e,,,0xf2ab0e155ebf2bfffa2432b90fb04b4a675e06cb50aa2e352f9d2c1063f9cdc5,0,11945331,client_a_preview,0,processed,,1781176014598
0x4ef43bb8bd157b57d61142e82685cba1bc5f828053e5f5a43a3ddbc7324440ec,,,0x17e639abeee76c6c1dece37a1bfbc86014a8625589d9255a655c28dcecce46b4,0,11945798,client_a_preview,0,processed,,1781176178167
0x9594bb12ae467b39d3ac04b17a68a9769fbbe8f2f19030ade6b238beea3001de,,,0x38a5e6e3cf096d15356d2bf51b43d171b78bc27e40137615afb0a6ba1a063cbe,0,11945801,client_a_preview,0,processed,,1781176179302
0x0287701465510ad42d7b7443d57fc43dbdff8d706941f16e7a5bde295216b28a,,,0x919912dc88e2496f225b44ebc3b17d22820e63d57a15b198c7c01b69dcce2a0a,0,11945955,client_a_preview,0,processed,,1781176234415
0x1b380852d8289e022bffb3d58329e6faac0a61ddee86bed274b94e5a25e847a4,,,0x52417daaebbec150ce89eb08d120743fee50099286f9b948792e81929ddb6c57,0,11945959,client_a_preview,0,processed,,1781176235565
0x4e62c1050e2eb5d99c7a7ac2033763137af3565927976d01bcc56767ab29467a,,,0x181b83facad5d170f0857a98f5c915cefbfdd6c781b40213073a51acf89f04b6,0,11946058,client_a_preview,0,processed,,1781176271291
0xb91bfd5cd268b567b542941f4bf571c09fba4799499c6a65b278d27926e62c75,,,0x0b3b8c9fb7aa9a077935bcccca815453eeccbf6c2f05078f64f7ef249e23e6fa,0,11946063,client_a_preview,0,processed,,1781176272491
0x138a818c14f22454ea07c81447168d8e683291cbdfe32e9bb04c2a7c646a9542,,,0xef040c56b5f80d5f7539318f0d48e33d6e7ec51adeaec196544b325704b0510c,0,11946419,client_a_preview,0,processed,,1781176396012
0xb89ff29924a9455b67aceabfa37a0c462ec6ad5a2d03d3f3024d404fdb46bb05,,,0xdb5d09ea1ab51515661a3baeba0251953e6c7f1640dccc29b609ae1bb8e87a7e,0,11946510,client_a_preview,0,processed,,1781176429671
0x5e9948b2471f39fa597bfe218991133674c35c5e10a765bb6d618731a5f6c36f,,,0x42accc38e25a3bbef5fc5407add2d82a71087219974e80766ba8d296729c05d0,0,11946670,client_a_preview,0,processed,,1781176487393
0x575683f7d2496ad0f39bc0cf3061e9f20c6a4a4a2646d83bbd989fa0134297a3,,,0xbb0bd6b698649e551a19b318c10c28277257c432a77182715bdbc16f401d9b3f,0,11946672,client_a_preview,0,processed,,1781176487774
0x555c4de9d0e26a8312d070e7fe4c134cbd80d291a5075c7f474fc2cad8040e44,,,0xb945dfcde24f60429193f6f78f996380f67baf6631504d5d241647c6bc4a009d,0,11946738,client_a_preview,0,processed,,1781176511243
0xb025cb6a829f0662c9bb0b46dd7ee0a6ee7da99322d37ac1195a59346cd002cb,,,0x8f18593bbc87d49ac586000c20f2bc3e83c965d424c29882f6ff91e4a2d1ca3d,0,11946756,client_a_preview,0,processed,,1781176517012
0xbde7dda084a86e327fa282fc2c05de37408c0f17ffdc4b619983f6d96f7fb794,,,0x8883ae3df6128be4fa0c17571cab981830c0925bc4237757232eea50c52d4c31,0,11946766,client_a_preview,0,processed,,1781176520875
0xcc202f8672fc2f1a1c8cbf381d9f31f3191444eeebd79ba527cf33820bec3e79,,,0xc3b03083777450df6fdfc41805e01091a08cdbb1ce70acd4d7a12d4f36b5b231,0,11946827,client_a_preview,0,processed,,1781176541957
0x6eb81ea1db8a68e216b26b08dcf77551ba55345ef47c2be64a80b55b0500f3de,,,0x0c93ea8961245a7a1930f8fa32c4515352890bfbd78d56b2f42f84a58ee0166f,0,11946835,client_a_preview,0,processed,,1781176544828
0x2635695f435deca1d3971626a4ef3a6a4c49d2a635a889b2149d82eef3e65c68,,,0x4e443f1a7243bfa45c34a2b8d206aa357cdfcbb53f113cf0ee3150ae69103306,0,11946850,client_a_preview,0,processed,,1781176551032
0x8b8bf741a0f5f9d682afe5a22950ad3589f7d5ce80c4494ce22a0e66acdeb60d,,,0xda733713499d6f103e01c1c5f2a52f96eac53714deee54b03faf6fcade059064,0,11946930,client_a_preview,0,processed,,1781176580480
0x58024690c3b2e84fe556a0a4c0dc088b328817f9c562c2e16af136ee217b04bd,,,0xff03772c0b6d7cb1d1153477ac5b1eada47ef7f9e737e940b27494e0b4e40ff0,0,11946975,client_a_preview,0,processed,,1781176595781
0x41b23e6f91acde2f0dfc20bf79ebe441251b936e55f7ba6a70f682d8171f5fc2,,,0x22d0b99b3cbc781e03929996d365b3aeaa5db5a3788f19a41a55883da2bd7187,0,11947073,client_a_preview,0,processed,,1781176631565
0x0dfe2700500fee7ab002e261b6f4e60effff70e611b8bd81e8fb9b550f15bf0f,,,0x3083af2973e9babddd3ee17427854e83a2cdca312c9c68d48776e4313de80178,0,11947077,client_a_preview,0,processed,,1781176632794
0xf38c8ad8973ecb29f05ec7b1cd8f01023df87ef53049a01e42ac944a9ccf51dc,,,0x63d762f92fc05e375f337cef88d9b080236296451cf7b0952e716d98a4ce9be6,0,11947085,client_a_preview,0,processed,,1781176635919
0xfcaea8e563e0561a0ba8dc419131a3661a0069ca67cdd7087925df992904e739,,,0xb2bff4234aa7ed889392345348f0481a7a41d24f8606036f3b042ee5ce068f43,0,11947111,client_a_preview,0,processed,,1781176645854
0x8b96dc452df76e2b1bd1e18c994012571720511caace2ff1d450e673d28978f7,,,0x80d3fa7fc3d1aa529eee989256bd436548c1bf2856d395a6c7c121c7edce2f1a,0,11947118,client_a_preview,0,processed,,1781176646659
0xc63a9448ed72d2bc6104655b8aa9f33809c615098e2687876889dfc5a518c749,,,0x177e1928f3ea5d4ef3117df289003cff20b77c1f8a5ef0078daaa31d83080aa3,0,11947179,client_a_preview,0,processed,,1781176668455
0x4041ef0639e8337bd4a8cb8914ec0d0ef15708b62207fadcda644ce3dd469571,,,0xf350e4b03417d4137a87527affa9078ac47496966d15c79b2b0cf145e30d7222,0,11947211,client_a_preview,0,processed,,1781176678461
0x92a4c2d06a491b235472a71ced42460e55dc09008c735732d965040407505cd9,,,0x0d4bd81b85c5d6e7a60e02822fd0f49b38e7ca9166c6cfa8910086e14c30df7f,0,11947220,client_a_preview,0,processed,,1781176681193
0xe102dc4b274041e24627cd7b7120708a4784fe5951324ee03651a25e4e2ee1e5,,,0x901b9d6663205a6831c18939ffeadedbe50c5a71f40dd3305e21d430f19c9310,0,11947227,client_a_preview,0,processed,,1781176684161
0x5faac650dc5278c4d06a78b2de222b20b67ca6e1fe4e3f1a89e62d6ff46ead15,,,0xfef4ff80ee4fcca75822cb92ee03d3dc64f11a8ab1cdfdffd1beb39c245fa77a,0,11947230,client_a_preview,0,processed,,1781176685375
0x3b89f4f2c352d55448e37ea0c0055a3dceba6d1967f6414e5c32b6aa62e2dcbd,,,0xe4ad018a275da7bbf69218e9075142bfea6f7f8c5ce55fcf26c8af6ee75612ec,0,11947265,client_a_preview,0,processed,,1781176697111
0x8d7bf69376d221bdfde317df4aa7f45a9b5990c91f600c25333bcb7f662a27e2,,,0xcacecaba1092493964ebd461a074ad2813cfb45255d00f958295e1cb66b330a6,0,11947322,client_a_preview,0,processed,,1781176719009
0x0cf3cc07fef73b13528105687eebb3db430c1b398729718961fb77c277f56f78,,,0xa4f48690dcb0ed001a875c13486a973aabfbe24109e402c76cc44497235117b4,0,11947341,client_a_preview,0,processed,,1781176726009
0x07928062998ba9c4fda23e49af70c6136ab93a54ce945a9ba84931f8277b3f69,,,0x84848d33fcb49d313a74bf52afcaeb8279c362d7a628a2d052bfefd3a4ccf098,0,11947360,client_a_preview,0,processed,,1781176730459
0x844f833ad0fefaa45bab46d11e9a23888faec4a111e02de98e0a78bb534a8fc3,,,0x1fbd98b20d8a3132224e4f4769b28a12c0fdd22bd66e0adf944246a099266023,0,11947366,client_a_preview,0,processed,,1781176733546
0x71aa3987613203ae31a7bf577ec6bac08620ee37e8a21622a9d8fac14a9d2173,,,0xf8b0f86aefb770f3a0afd412800b8c28a83db367d7cd667c539d1000b1ec884c,0,11947374,client_a_preview,0,processed,,1781176736752
0x842d9a1e534cdae4eb9c2486f36e8ca24732310e61f6edb7f69acdac6847098f,,,0x5db5cccbc5060e1da0308f671742d57e4bee9c2a1bddd937fb7338dd14819f53,0,11947432,client_a_preview,0,processed,,1781176757998
0x3d2d2424eb438e0ca54dd97353ed3a64a9db28431de460f92773f9b130129426,,,0x2ba366a1f8a2827f75149eb5e84d4ebe188ece21840ce7509e86136d6aca0b32,0,11947456,client_a_preview,0,processed,,1781176765335
0x54c49d942c54fe036be7c8cc7d3fe1b9fbaf4ef576b8d7414a4c1b7ef267defb,,,0x1d5884e9f905a8a82ebf48d887237a9b26c8376b2133219762a2427071858975,0,11947462,client_a_preview,0,processed,,1781176767980
0xf1e3666475b9a13fdee7c24edbbfca2c2949dec76aa44704ffd9696a9cd962e5,,,0xfc7a65fa9f2d9f3f5fc2a1aac22c9cfca37c9febee4e970df18605bc820c60ff,0,11947483,client_a_preview,0,processed,,1781176775852
0xce460fe3856dea5b6f7de190bbfe3daeaa19faf2d129a73cdeb79029d6d0bef5,,,0x921698d8a693376b61461775a7980fab3667edca71b5cd32664a94e4c0f4a632,0,11947518,client_a_preview,0,processed,,1781176786809
0x75df46e0906ebafac7640f56bac8dd9088d948f9670bbf9bcc933bfd6a2fe843,,,0xe0106c7f7cf889accbc54de562c5dbda0ebbecf597f86d71779c266d172d24a7,0,11947567,client_a_preview,0,processed,,1781176806434
0x218742a65c4dea002344f998b89204434571b8313e694ad7bfa5f7f15f7616c7,,,0x800c74630cb78ec78d88c681d3f3208c6eb1016c6a17ef20ba180fd758c064c3,0,11947596,client_a_preview,0,processed,,1781176814444
0xcbb0debe419a6cd47cf88def69a96808ceef744f5c1e0b9afbdeceded1deede1,,,0x46624ec724ee0de0a933903992c406f8cd67a44e15beec7b396c348852f5cae6,0,11947609,client_a_preview,0,processed,,1781176818888
0xe20dc9fc97ec195e261b8054233ae160242b0f064b09ce8bebbfe5798cd8c19c,,,0xd246a86e2be1c942ef92c041fc1a93989d073b791688fcf1227e38d443693859,0,11947623,client_a_preview,0,processed,,1781176824344
0x6e84b5c75b6eb57c906f296aec8df7b8e16294963661442a9e974d15b14e1e1e,,,0xca3eddd5ba40de8e1d10a29969684388906a7433f76446de2cf4a2f8a04c631c,0,11947630,client_a_preview,0,processed,,1781176827199
0xac6b6cfd146b92ce1f75997bb63643e803c23dbd3049197ac404b1e94eeb2030,,,0x4cb691e3342dbf1e817e1faa3f7a453baa02e06ccf580ffd3eea860c246e998a,0,11947683,client_a_preview,0,processed,,1781176843814
0x8020cd055c6562a3bdf3e84404bbea47ed2fc7e28bcfcef70c098315a289c071,,,0x14e44182cf3ba39676f4137732e843ad58335d912ca882c3087df2d92711913b,0,11947710,client_a_preview,0,processed,,1781176854127
0x7352b35024f8492acbc28fc851dd61f98bacca139e0058afa9a4eb229db24d26,,,0xc8db26dca57bcdafaa5c14055fec351302fd0776a432ff3f778a66e5e7a7c0c6,0,11947717,client_a_preview,0,processed,,1781176857055
0xe491f21e274684edc362678a7745fb8de6a1a1393e8efcfde7f063b9260fcbf8,,,0x2e37058fc008700d38fb6378378eeb33459d537a4a5bf55e5c3815a872040109,0,11947822,client_a_preview,0,processed,,1781176893242
0xd551aa9881eae8f1050d5c74e46bf07b1b849f7a4241c579ce47141ff52bcaed,,,0xfc73cea48f12efc00b680e4e4d1b871fac001fe74733a863b0120714d97fe0c0,0,11947952,client_a_preview,0,processed,,1781176934005
0xa2b2469d1f28a2877b993576665fb97c099ef625b2397d2c302f4a436e67eb19,,,0x9fd05e899782f95f58c77a4b0ebf000a830094a7e063d262dda61686d752991b,0,11947990,client_a_preview,0,processed,,1781176949250
0xe6bf42d08e66cf3574bfbac015c21be3121db5cfd4d1a3d96c95405698ad94a7,,,0x328911c36b377354c2e5e26904ac17f15aaf406416bf6ea85c4c9eadc859d4ed,0,11948039,client_a_preview,0,processed,,1781176966400
0x805ea0251b8da4be8ef2bc376bef506b5f70a6d76e44632309f5eedf629a4741,,,0xbe298255d98ee7457b72fa889ab7239140921d6d4b18ed3fe0ccb873677fbefa,0,11948078,client_a_preview,0,processed,,1781176981532
0xef5b6f435e13f88895d2411f91987cdee6e145740b6b7ecb412133106bf65a37,,,0x1fe85a0884f578e19800df5e68a1d8d8817ec54f45b70dd2f70cfc69df4f78fb,0,11948251,client_a_preview,0,processed,,1781177040287
0xfe235ecb78129cfa90f976b0a0246b20dcb6cee3de201b9d7ef0398aff89bbe5,,,0x120ab0598285a876ffae577642ada974d57127c8c8ba2ad831bfb93d4a0c8910,0,11948254,client_a_preview,0,processed,,1781177041446
0xfc364323121cd42c48fbed95f7b31d6629df7f77cf8816d4ad8828fe10bd1f0b,,,0x90f323289c6329afe7e5089e888f5dfc1e7e0aed5a60136c56683ae416897d13,0,11948338,client_a_preview,0,processed,,1781177070195
0xea75a895c79c9ad4541d6351b82a018d9de50829a643d25446f17a7a635d4c6a,,,0xac23e370c1ae4e12a8210a6899fe4fef693aa585efe145925930bbf7a3a52f9e,0,11948341,client_a_preview,0,processed,,1781177071384
0x687162a90c8c34241ded58e54c927666f67aeb3aaa11fd7e2c2e90a9edbfbed3,,,0x20839195f4265ff97fba9b6ec131f98f6ea9bc11c0ae614794f7c0b9509572e8,0,11948777,client_a_preview,0,processed,,1781177225808
0x4ba4112f5e4ce6b79ebe1a7fd9d2f7fde90950167066322d2f9f137924c797ef,,,0x47df450a4648f25becc768b52c79069b3a8a7beadcd75f392e31ab2e3fc9be21,0,11948796,client_a_preview,0,processed,,1781177232135
0x87f825476dcf464505b1c4c68755faaecaf1d57f0f96455ddb901979fa43a997,,,0x482e8afb651cde759c20ba7bbc443afa3d24d41c0c31147d9851c71abd318f5f,0,11948865,client_a_preview,0,processed,,1781177258442
0x51a7af212eee4dd84f39bce2eb3e810c0722857f092a46c96d8927ad10bd5f5e,,,0xfa9a1a7dc362f07f8f10a879f4bc2d09def48b38e35fa1054449eb8fa24cc8c0,0,11948867,client_a_preview,0,processed,,1781177258888
0x4096c883d167ebc2d4ae2dee1f44b9611313ea84dc660e04ed436320b1acdb39,,,0x66f50d3d529ad34a50806f69a99b2503b2199e7bef8b769aa0eeccb2f349d4f8,0,11948886,client_a_preview,0,processed,,1781177265053
0x445e072f537043715475347f9acec191530f2358098d29fcdd5f0644e194f98a,,,0x949be2e65aed408cd2c15fc0e8a1cbd6ef2ab4b9e62689fb90a96689c71fe442,0,11948955,client_a_preview,0,processed,,1781177290013
0xadd8c50adf9be40c576540d420ce3dafd48ef882c761d7d9bffa26fa608433f6,,,0x3bd386da44164a038d49285b71d0e468def0fccb7e319b6360fd914f966427d4,0,11949045,client_a_preview,0,processed,,1781177320092
0x2fea06e194344775953222585e5bdb153770e13b8735af4e7c5299cff02c03b3,,,0xc8696c11f35f61216859f62be1655e9051033e62d486701c1a71ee3c19acee90,0,11949117,client_a_preview,0,processed,,1781177343543
0xbf9cea81bc8133457e7c39b3a52871ea9f55ebcf918b751fabe1315fed767d9f,,,0x3c14d43f3e589ee0ec93837cbfdd0f957ae76b6ebcceddfb794e3cfffd26c7cd,0,11949132,client_a_preview,0,processed,,1781177349563
0x017646ae4c0920a1141a26cac1ba3ed7e330d2912b1cfcf89c6b7ec9bff22c10,,,0xf29298d5031a8ca73fcefa0e1fdd21c528adb5609ce78a87147c218afa83e17f,0,11949201,client_a_preview,0,processed,,1781177372378
0x555cb052ed40a76befe05d80e684f6bcf2fa13214e9ad2276d906edc631d5123,,,0x2c4cbb01acd8bd2e095a35096b31a4269b4e87145aa38cc995723c08a805d3b2,0,11949295,client_a_preview,0,processed,,1781177405396
0x4f90f0ff592ca2e525c8dc4706b6cb221bf69bc62d4d4bb1dc6625042e272a5c,,,0xef12438bb605145334b65e67628ec163bd8fa6d618e2fc0e7df174f7dfe6fc33,0,11949374,client_a_preview,0,processed,,1781177433901
0x0f04c7f9065f3ab64209db1844b7e0555028f11df1fe7cf0a0bb11fdc9290a63,,,0x6b03e651f8423625eef5bcb0403b9834dff8986f67860a88c52bbef284b3f283,0,11949377,client_a_preview,0,processed,,1781177435025
0x0b2c912b6277075e43f219abd261d99e7cca2c5a40ff516ac18434c4fb3c8b84,,,0x7efc8bca3cdbbcbcfaa239c260e15fd93a045280d2064e5569e394e88ec55254,0,11949513,client_a_preview,0,processed,,1781177480172
0x59461003339bcf78f004eaf4716543688347a6fa05a1fea0c588b55a7a7430cf,,,0x63b09500c9c08deb4470dd678d3137d0f3a5e1969e7ce3bec5d84ebd51278355,0,11949543,client_a_preview,0,processed,,1781177490925
0x8e29271ba8ec1593f29f1580ad234eb653220c1160261ad7dcdf31aaad329fb4,,,0xc7b2149192019c70f31f9d2aee0191f7995fbfeb02fba37649a42fa7f0aadcac,0,11949598,client_a_preview,0,processed,,1781177507994
0x0222be670ca1899b85f548fde4c077a3e22958b772e14bf3fd30fdfac4d27964,,,0x4777838eebd5eab70c623e10f543f2db2b84e8dcb1fece5cfb86b0810220e661,0,11949628,client_a_preview,0,processed,,1781177519549
0x123c9bb12e6a1b8a202f11f0ce9aa5608c59506862fe0cd92530cb3aa4f514d6,,,0xc3ab269c41d6edf1a6f700de197df95085f8dc9e802d9b7ba1f62d714692d948,0,11949644,client_a_preview,0,processed,,1781177524615
0xd5a39ff8a39b3984e3753e96a41e05b488707ce71c6a0b1e3a2ecae5a379c26d,,,0xe1086ec6a10fc44618b79f364abb7e45e228c92e87632ca5cbeade66e21a333b,0,11949651,client_a_preview,0,processed,,1781177527269
0x2f652520ffd2fa54f177ac9e0ac3183bcb0d740f6f269fac4bf2dfc8a05a816c,,,0x48d9d963595169948f0a5a6f4b43496476723f9d04cfa230976206f6d3eaf916,0,11949722,client_a_preview,0,processed,,1781177550114
0x7475b540b8ad3950cb089dc89a9641f8b9c1bd8a6e75706262c34d7e7bfea656,,,0xa5f692d750523e800b21141716a179458841541cc738a5ea93724652ddc4f718,0,11949736,client_a_preview,0,processed,,1781177555865
0xde808df0b4f9b9496c4dc3c4f13db0e2bed54d804eeea4cf14b326f90f3d609a,,,0xe618d4532f1497035f559fbbb1e008046f1288959a5fbee3cbd6c684e9dfd3c7,0,11949744,client_a_preview,0,processed,,1781177559120
0x8ffdd9f07c1b23a0b7006277381fc8a0341c9f1dc4e2bd7da3a15f93bf663183,,,0x02838bdc681d13f84df5c4f8812564584a77153a83bba8286d41cd447ec223ce,0,11949800,client_a_preview,0,processed,,1781177578201
0xd471b8e1486bfad2066d56b1404f87a99544beacff348cdddbac771ffb74e9f9,,,0x09d40ff46c3af4ad10f34646e4845f41abd3122caf6bd579910cd2f475f9df6a,0,11949807,client_a_preview,0,processed,,1781177580594
0x6e09b517220cc6a92ef55321cae8ba26c5c84a62661856d14886207be85d5cb3,,,0x7ff59a2ca0c115b3f9a4443f5339c855b466d272fc9f42d1795607fc075d4902,0,11949885,client_a_preview,0,processed,,1781177607957
0x8e23e60cf84452aeae1c01ca5178b002f776a7a2554c56379d4a9c1b42eb2adf,,,0x4295adbdb9e1bf081fc1f8fb3ca904723537bf7dae2407d86e0028fa226d1389,0,11949966,client_a_preview,0,processed,,1781177636757
0x4cf5cabd20f214dc8c4d5acdd34a928bda2945f3639ac0e7ba1cdcab52350fed,,,0x9ce437be9143fb242c583f94032c9f665ba97bee305fee07c6dfd5600e13d0d4,0,11950044,client_a_preview,0,processed,,1781177665127
0x4bc6332dda156e056189cf53180fa3ec0cd2215b305be8e7ecfdeb0235c27026,,,0x68561cdd5f6698c2aa5cc05739effb066d17563c286cb2d5d5dbc04b41807664,0,11950064,client_a_preview,0,processed,,1781177673891
0x11f3fdd3858257a661d0dff3f586efd71213590d2c722582f09f87282acdf41e,,,0x925141ef865c366065e8d20951deefd1bb4f576e337d2250ad3ed019bbc0018e,0,11950105,client_a_preview,0,processed,,1781177687695
0x86bfd790af294e71096493e25e50c0857339f856dc9a60833d5692a91f172451,,,0x9c371674f4d470458212bb14823ffded17256d4456ff483c3ca063374bf0aabc,0,11950108,client_a_preview,0,processed,,1781177688829
0x8f78dc6870e41358df33b644dec34401239bb3704466f212c572d3d2b160adca,,,0xb74aca2b91267249f996e9815ebec050e17a6ccc5390b2bc57522a8a81f1c433,0,11950218,client_a_preview,0,processed,,1781177728216
0xb0d032b2494d7227994e37cb25d8b56a2f5ae32626474128fe43427b7f4d328e,,,0x6d263fcd9abadade3fd1f6ad98fbb8473bbab0a464155248047e68deef26ca24,0,11950261,client_a_preview,0,processed,,1781177743420
0xabb208d1bacc9d53702dafa415a695980a515cafbe4dd87f42c52df84990055c,,,0x35a38a52f0167f88ae109c4d890987805562d5b06f6a3502cb4d104834aed28c,0,11950265,client_a_preview,0,processed,,1781177744639
0x2f64cc9d2e86acb2c3178eec78b9fbd1cb431c3e34c7846cc13f8e0440126890,,,0x79665f55376c85e0ce9307cdfff1063ba4a54ba147f83cab3477518d2806e805,0,11950314,client_a_preview,0,processed,,1781177762090
0x41179b6c011addd2f2fae90d48ecea123b4d3afaf03fcb0503465e8193132895,,,0xd4dbd2f9f2985ffa82a42e8a9ae1009ef46f4fc2157dd339f9f6782dd15a2888,0,11950358,client_a_preview,0,processed,,1781177776461
0x617134dd9047b0849891863a1d7c276b905e06d3197b4df95122070e64bae6dc,,,0x5c9d2a07389253457772228373b1c32f089ac34edbb2a26199af4af76c6a3a14,0,11950361,client_a_preview,0,processed,,1781177777669
0xf5e4b3f13ee81bfb24b6744782434466764b87f08fc5a16e6cdcf6fb217e5bb5,,,0x59dee0e1cf0449055bc19c631ad1d19d33111c01f79153df91299967eb0f1817,0,11950468,client_a_preview,0,processed,,1781177813935
0x42c81cc4f0124ba23862a15b3e18732336ebc0f29aa9c0e83702d8fcfc564e96,,,0xcb76a28de56cabad6aa2b84acc9a481d163c9a96c0103e94631d240746f4056d,0,11950508,client_a_preview,0,processed,,1781177828026
0x0aeb3f2c81ef36352842511bbd14cf4268367b19c1f2e403576835f8925bbd3f,,,0x4372231ea239b399db0b606e3a350147a876de1601560dac633d19bb51ef4862,0,11950512,client_a_preview,0,processed,,1781177829198
0x378a7b74c5c8277e9e662bc272868cd0706376833a6c443bde5224af134a3d1f,,,0x8de5d43cf1c1edc52aeb7058aeed0e620989856ad5fcb851e5f22b0e2d882372,0,11950563,client_a_preview,0,processed,,1781177847155
0xed7318a57743cc55cff74324f833efedc5595ab311c44c4101999dab8da0d0f8,,,0x16057f163c393a884c9e8a49f481a02181e0defda4c5da72d9a123e5fb5d067a,0,11950602,client_a_preview,0,processed,,1781177859055
0xaf5c9f708d8ac544ebb41c13bc31fe87fc73312d72ee979b017ce3a8780cfdbd,,,0x52d67fb5ea2c0af4835383690fb77a31d7629aba670ea036ff67c1f31ec8bae5,0,11950606,client_a_preview,0,processed,,1781177860301
0x0dab1b96afc48bd8fa4a15ab4bee5979541f3dcb05174244a9c0b705c69bfc9d,,,0x7e857b1f5467b322329bbf4707170250d1294739ec9066e415ffe0f67bdf6d7e,0,11950715,client_a_preview,0,processed,,1781177899206
0x51dcd85e9db3b9fafb5845d8b708ed523662be385b5d8680a728016bf990fe15,,,0x2c26c6fdf2bb97e8efee120d36e2b2f2df2e611ac6e1f503b5005865bd769cae,0,11950754,client_a_preview,0,processed,,1781177912536
0x6a7e0f5d78d0139733b0478a1221c504fa5976f7339ec5750647a47d2718304d,,,0x23f8c7b8cdb8ffe621625e2435e50f733559db16b43b4d8ff80971de9031bbc9,0,11950757,client_a_preview,0,processed,,1781177913748
0x9a404da313c6ca4a6f7b5b354998fbf7ef3d3c2d799f002272e4e50ec980ea32,,,0xbcdfdfe535e20cae90165b2948b1a8fae4989edb72126e83fc9f6418392dd962,0,11950777,client_a_preview,0,processed,,1781177921468
0x8497049fd7e6d189791b48b05af6f4e183795d6df8ed604b1874c1c4b0b91ecc,,,0x6c4056a69eed3a0674f02255c21e4b03410a75ce0edbc7438d27d12c01c95c49,0,11950808,client_a_preview,0,processed,,1781177932313
0xfa4df5433871b6834b8d4ae1c2408566ca0f4ed3edde813ca5f1df6c13503b43,,,0x4331091de6bad98202b3a4e282aaffa657028f75e03882cdc32cbfd5477d7545,0,11950848,client_a_preview,0,processed,,1781177944814
0x4a9fa51c7aab557e2e27d215727af8c4a935547dbf82788b9a0cd6bedf70634c,,,0x1c3134b75a33401e1ecccfdc457956735acaf3bc61f1c3e0435e3965638fd3ca,0,11950852,client_a_preview,0,processed,,1781177945935
0xe4ccc6424ea79cbb8c703e55a6cb666fee3a278ac6d957c672f8145785faa8d5,,,0xfc193cc032858840b590866a662251539a76ba0ae315916d880dd28c6d394242,0,11950877,client_a_preview,0,processed,,1781177953886
0xd54b5a75796eb5b4463029d0cd81234e9cca1a54b1f4fb1b731042fa2bf17437,,,0xab0816d5deb08affe037e6460a8c0901bbe902a968eb97aae40555dd8e04587b,0,11951027,client_a_preview,0,processed,,1781178008664
0xdc441e5ec20dff2b8a6b79c175a519619884cdb8ed2e04206e90f337b508d71e,,,0x27724df6e7547e9e4a15a395d846fa7d631756a4fadf1796cb6c1544570abb57,0,11951116,client_a_preview,0,processed,,1781178039276
0xb91b949957bccb4b8cfc5844f063adb0e2780236f0d00899e78e88bf6453201d,,,0xdbefa5233b0494cfe1f8270577443a8f8981a5daaa2d0b11feb5c4e3aff8d638,0,11951130,client_a_preview,0,processed,,1781178043594
0xcac5f04dd8b312af0a62fe1c7f1106432b41b9acf56b456072c3f5793875d563,,,0x311b5c5bf49e5b490bfd94365e62786b33ebbe1ed20eabb2ebb42d1d92204331,0,11951224,client_a_preview,0,processed,,1781178076780
0x686ab7e7c847570dfa9f36d9f522f638933cb73f6b418a330487012d5f57bf1e,,,0x0e19778d9e75a4f8b80c5702225c2ec8d01f294c78b55a088240f411bfd1e88a,0,11951299,client_a_preview,0,processed,,1781178102376
0x7ed2d1d6d0dbe09f15ad8395d1831aaaf9f014f6871b59fac3f79b0dd7595ad9,,,0xd85d30eb2facdf93d4bcab1b8687dc51ae3bb039c23d1e75c5478524132362e4,0,11951366,client_a_preview,0,processed,,1781178125571
0x0881082fcf69afc63c17e8eb10d2fc55cece257cc0028b9aebe2c74a3c70d60f,,,0x34a8d78a59384d496655cebc78bbfd473fb782e0b4f4b3b3ae874362381ac80c,0,11951408,client_a_preview,0,processed,,1781178137839
0x197c56a6aa2d18523f5329b7b41270f12b8337f9e8061174ad7482f4363c1971,,,0xaf492cbffcaa2d4ae76b9464fcfce00654498cca0e1fec121c778a66186354ae,0,11951515,client_a_preview,0,processed,,1781178175998
0xa279fcac5dd5d59378d50806705b9485ed290f814ffcb9ff0b5909163a9eb82a,,,0x6440b30e5c15e4d279d3ac1258cccb3ce4c5cbf997036702204411aa166ba878,0,11951553,client_a_preview,0,processed,,1781178190114
0x86c0d12cf260994d3223b1c79b0133812f608abf4d746ac0456e8d68ba51bee3,,,0xad72ceb6378070bb9bce5643b93210fe5de369b506b82910f1b017df8eacf456,0,11951623,client_a_preview,0,processed,,1781178213465
0xab5f9e5804d63fb70a7ec41072facbc152887e97beac104989d5cd9600678c70,,,0xe0152008b0322ade24c3e23a8b16c46b4d0dd6526e41cdea26901102b997bbec,0,11951653,client_a_preview,0,processed,,1781178222575
0x84212e284ec915f0aad001bb5f8c379692e6e727c803c6198967ea9540449f41,,,0x4bb6c2bcb10a8531b67841a01e1410e7f5bda06faa03c882cd91545c14dea045,0,11951657,client_a_preview,0,processed,,1781178224234
0xbb1d61c85dfbfda235cbbeee02d19e0d28133ec08a10d2f327bc6aa965025288,,,0xeb7a2cac8297aedc9cdee8cc7eb35363e22567452eb0f30708fdf3c9cbe69430,0,11951659,client_a_preview,0,processed,,1781178225198
0x037d1990b15cea853ce3e49d3db176b79c2d9a81cc030b4d85ab8f12c80ebcb1,,,0x801a7ef3dfeb4f25d33360f3ad71515052ee2d3f96e473ee6f1f1bbcfaced204,0,11951761,client_a_preview,0,processed,,1781178260846
0x70b407b4b60279c753690fdb3d8538dad143b893d262c74c9aa6f6696f02c800,,,0xa23a31b93346a972fec9367a14f3bad4797dd3a22488c55f610fa5f5c485cb74,0,11951766,client_a_preview,0,processed,,1781178262750
0x495d74604c35ed6f8b98047b09132dabffa9020b53015b9089d1bb5335f33755,,,0x0d835f0d0131de707ce5d2103737fbece17193d95ccd4e94f6814cb488c52fa4,0,11951768,client_a_preview,0,processed,,1781178263762
0xc99ee16018c9631aa14d76680273f5d044e8031b6bf517ba89f4b14fdbf50aa0,,,0x5c44d606b55eacf7cabf7fd7c6e9e1befc4f1310132084ff9fc45ee7978f5a05,0,11951803,client_a_preview,0,processed,,1781178276033
0x665f95bfd6413e4d80c46298dff1e16744ae56e7152f5f59ee2fd48e1521ca0c,,,0xe178184ecc1b9535c63ff4fb15fe7430f227c1d44f558387d0a5a7542afc5e7f,0,11951883,client_a_preview,0,processed,,1781178303417
0x3c7be47dcd3ed17c57c6e6c9382c7369a7d059fecde51886159edc5bc5d687aa,,,0x7ef47c498cd48519a5f607bef75c0a023ee013d7be69d1bb13f96f6ea80b62e2,0,11951906,client_a_preview,0,processed,,1781178310614
0xaf1c18320002de6d3bac0869adb57f6b00409b548091def5c3cf97dd07b711d7,,,0x0f92c1ee2d7d843eb6600e496e702af6bef9b2eea230c2d9967000ec21daa13e,0,11951915,client_a_preview,0,processed,,1781178313267
0xb333a8edc00d981291b20a6dece5cedb8c1eedb50ffe3a3211c89db82ea1ab45,,,0x6db2f3e363547f2ab1c152116e925c9229227abc0a9ec3334da4135bb0a2dd6c,0,11952017,client_a_preview,0,processed,,1781178349847
0xdedded381888f4456ede887f1f02887d90325b6ace210435ef50c38d8b7abf51,,,0x8aff7706689134a1592ec558da9da6bc8f1df08df7cf3e391f2daf738377b8c4,0,11952021,client_a_preview,0,processed,,1781178351419
0x919985a19fbd2022fee973e11577f2904a75de7d83d84ec869a919e1b25b1b10,,,0x26cd59d55e6b61318c1d85acdb81e8dce9d95289562f53f67c91823b54f73468,0,11952023,client_a_preview,0,processed,,1781178352521
0xac56b387b50a8d91cab6f87d5e3d7cdbfb885219eb94fe081a1d5c5b8601f615,,,0x6e265a97d2741ca2c629214448fb5ef1cc8584904eab8e5e8790e309c2848f2d,0,11952053,client_a_preview,0,processed,,1781178363566
0x45fd7743bb96bcf7a297ec7baefcf6c3c841b3758bf5a1b3667cde27712579eb,,,0x62c2c4c019df703c5968fcb17311dcb53cf1f8ef29ed839e82c2fecb5eb3ab0d,0,11952160,client_a_preview,0,processed,,1781178399275
0x8098e774a43104a7d477125684eba93b1eeddca7f9e98884b382846f406e46c0,,,0x4ed51a992fc49d7d9cbdb6e814fd4aadc3c6dc7b97a6b44c2ed4fbd058b667b2,0,11952169,client_a_preview,0,processed,,1781178401834
0x1670ffdba37c9eaf26b1ae335c3a40f10e7d9de3e7628801f3e7363481405628,,,0x6607b48983ca48a67e8ec742c04bbe3e1fd812c22739ad1caa925457004928e5,0,11952172,client_a_preview,0,processed,,1781178402989
0x0c3eb5989c180c97d418fc2d4cbbfdb402769bde5004788cb063d75566a6c250,,,0x82c12fee8b52cca54b8fb1b06259a044b824150004bb5bb5281d555dec5d9c55,0,11952278,client_a_preview,0,processed,,1781178441066
0x1247a228fa77596d3be0edb889f358fdf786da24d2585318efde44bce34ea3c5,,,0x856f90d0403f8bbb83ef7deb50876ae6974013e47a737021244b90b858d5676c,0,11952285,client_a_preview,0,processed,,1781178443721
0x22729ce255a00a2d88cac235ded6a82049df69a21e14cf60191ab08ec499a1fc,,,0x6cf2afaec8cfff8afb3c84eb938111d882152576341d585f4b9b21aac134d009,0,11952427,client_a_preview,0,processed,,1781178494468
