id,intent_hash,cardano_tx_hash,router_id,destination_index,destination_chain_name,destination_contract_address,symbol,price,timestamp,status,error_code,error_message,retry_count,max_retries,fee_paid_lovelace,confirmed_at_depth,submitted_at_ms,confirmed_at_ms,failed_at_ms,created_at_ms
1,0x11c8756fee969415d451145fc83501d24c1215db9e8956994996fc5d36130d7b,e759ff0c023c68f4f637cde39ae0590fe869f07fcb952722d8a76dba01cd200a,client_a_preview,0,"","",ARB/USD,"",0,confirmed,,,0,0,,,1780994243847,1780994277818,,1780994243847
2,0x6341491e21fe0baf00f18f5d9537fb2fe1a3a86e13eb52ded42d054292c2dbd0,"",client_a_preview,0,"","",ARB/USD,81318324600000008,1780994246,failed,NonMonotonicNonce,"Oracle intent nonce must be greater than the current on-chain nonce; intent superseded, not submitted.",0,0,,,,,1780994283869,1780994283869
3,0xf069fc2d94f72a3fbff010f98f6d8667abe890bb43e19ed8f1be7ff6551e126c,"",client_a_preview,0,"","",XVG/USD,2541110719631913,1780994554,failed,NonMonotonicNonce,"Oracle intent nonce must be greater than the current on-chain nonce; intent superseded, not submitted.",0,0,,,,,1780994566046,1780994566046
4,0x93405cefbecb62a8d8a00de1228786cbbd84df68da3d5faa0b5e4aa8e45d4a62,4be641f1e73bffcafe4511145c671d7b99d2385807f7f008084dbfa3d1cc2432,client_a_preview,0,"","",XVG/USD,"",0,confirmed,,,0,0,,,1780994649859,1780994699138,,1780994649859
5,0x49625203b494b8476d653e47fcec716ca4b34e90c1dde2fcba6e0b6dafb134c4,"",client_a_preview,0,"","",XVG/USD,2540109278549789,1780994670,failed,NonMonotonicNonce,"Oracle intent nonce must be greater than the current on-chain nonce; intent superseded, not submitted.",0,0,,,,,1780994706157,1780994706157
6,0x8dd9c11e8dd6f0cfb2e04904fdb699c6c2fdee320f02707a475864429240cf12,8bd013cd0c58234413d7ce2d99da32dce973b113eac7ab5969878d6de5a64850,client_a_preview,0,"","",USDT/USD,"",0,confirmed,,,0,0,,,1780994774818,1780994805912,,1780994774818
7,0xca044d8270f7adfef19b6a858ddbfbb3d111cb86d5982e47ebbbf6d5b0d05813,f36a81a138414914ec27aeb0d9f079eff87ed0cdf78cd2fceda84588f9fa26ac,client_a_preview,0,"","",USDT/USD,"",0,failed,CrashRecovery,"daemon restarted with submitted transaction awaiting confirmation",0,0,,,1780994826151,,1781173552736,1780994826151
8,0x907fe34c5050c67f19ecb925e37fec9bcb496b9b9ba4f4f7c49e2f19796746e5,f36a81a138414914ec27aeb0d9f079eff87ed0cdf78cd2fceda84588f9fa26ac,client_a_preview,0,"","",NEIRO/USD,"",0,failed,CrashRecovery,"daemon restarted with submitted transaction awaiting confirmation",0,0,,,1780994826159,,1781173552733,1780994826159
9,0xdcc6e87fabe26ad291e6a0240506c1de48ec713254c347a401900a11cc71e205,f36a81a138414914ec27aeb0d9f079eff87ed0cdf78cd2fceda84588f9fa26ac,client_a_preview,0,"","",LTC/USD,"",0,confirmed,,,0,0,,,1780994826168,1780994895206,,1780994826168
10,0x0d4f08858f1bb83f689c7cfa12c11bea816b392408540d6d3ea6f28602c380d0,f36a81a138414914ec27aeb0d9f079eff87ed0cdf78cd2fceda84588f9fa26ac,client_a_preview,0,"","",BTC/USD,"",0,confirmed,,,0,0,,,1780994826173,1780994895220,,1780994826173
11,0x16fb28315ca8c19f3338339de8322c0d088bebefe0657c92e56bb4c6fc7cb5be,f36a81a138414914ec27aeb0d9f079eff87ed0cdf78cd2fceda84588f9fa26ac,client_a_preview,0,"","",ETH/USD,"",0,confirmed,,,0,0,,,1780994826181,1780994895234,,1780994826181
12,0xca044d8270f7adfef19b6a858ddbfbb3d111cb86d5982e47ebbbf6d5b0d05813,"",client_a_preview,0,"","",USDT/USD,999440000000000000,1780994793,failed,CrashRecovery,"daemon restarted with submitted transaction awaiting confirmation",0,0,,,,,1781173552736,1780994895192
13,0x907fe34c5050c67f19ecb925e37fec9bcb496b9b9ba4f4f7c49e2f19796746e5,"",client_a_preview,0,"","",NEIRO/USD,70080732800000,1780994776,failed,CrashRecovery,"daemon restarted with submitted transaction awaiting confirmation",0,0,,,,,1781173552733,1780994895202
14,0x3bd9c73e64648589865a20f59c6137799938b86b5d9a85b83089a99cbc8129f6,e700290f2734f7050f14ec65b3bdd32353a7a2e2e2daa7e86ccf0fa7a5278140,client_a_preview,0,"","",USDC/USD,"",0,failed,CrashRecovery,"daemon restarted with submitted transaction awaiting confirmation",0,0,,,1780994920512,,1781173552730,1780994920512
15,0x07ed99d9d6ac175226e22430f7e063583c8325a12c34d661663f291029689620,e700290f2734f7050f14ec65b3bdd32353a7a2e2e2daa7e86ccf0fa7a5278140,client_a_preview,0,"","",DOGE/USD,"",0,failed,CrashRecovery,"daemon restarted with submitted transaction awaiting confirmation",0,0,,,1780994920523,,1781173552726,1780994920523
16,0x6ad66ef5e44c24b6ad6fcfb907e3da9acb948ea97ab8c9be63d69cc1c397e0a2,e700290f2734f7050f14ec65b3bdd32353a7a2e2e2daa7e86ccf0fa7a5278140,client_a_preview,0,"","",BTC/USD,"",0,failed,CrashRecovery,"daemon restarted with submitted transaction awaiting confirmation",0,0,,,1780994920528,,1781173552723,1780994920528
17,0x62e2a316fffe4b82a4e651257974ea36a5a8de06506d1da5a1a6edc712aa3582,e700290f2734f7050f14ec65b3bdd32353a7a2e2e2daa7e86ccf0fa7a5278140,client_a_preview,0,"","",ETH/USD,"",0,failed,CrashRecovery,"daemon restarted with submitted transaction awaiting confirmation",0,0,,,1780994920535,,1781173552720,1780994920535
18,0xb790b17086b30ea07482f236293686f9ae9412a4fe2d6c64a498468525c6529f,e700290f2734f7050f14ec65b3bdd32353a7a2e2e2daa7e86ccf0fa7a5278140,client_a_preview,0,"","",LTC/USD,"",0,failed,CrashRecovery,"daemon restarted with submitted transaction awaiting confirmation",0,0,,,1780994920538,,1781173552717,1780994920538
19,0x118514689a9d0fdebca4859df8d4a0e35188ba51c8a68e21b0fbdbc0328e26dd,e700290f2734f7050f14ec65b3bdd32353a7a2e2e2daa7e86ccf0fa7a5278140,client_a_preview,0,"","",SHIB/USD,"",0,failed,CrashRecovery,"daemon restarted with submitted transaction awaiting confirmation",0,0,,,1780994920543,,1781173552714,1780994920543
20,0xbff2cdf128300c56b79f0db162c82dc3b0d37216d922544f4118d242e37e141b,e700290f2734f7050f14ec65b3bdd32353a7a2e2e2daa7e86ccf0fa7a5278140,client_a_preview,0,"","",NEIRO/USD,"",0,failed,CrashRecovery,"daemon restarted with submitted transaction awaiting confirmation",0,0,,,1780994920548,,1781173552711,1780994920548
21,0xc3935932956064db90f0cb0ef2b1f1684da35905d5d2d008c0c761d6d8a09842,e700290f2734f7050f14ec65b3bdd32353a7a2e2e2daa7e86ccf0fa7a5278140,client_a_preview,0,"","",ARB/USD,"",0,confirmed,,,0,0,,,1780994920555,1780994989366,,1780994920555
22,0x3bd9c73e64648589865a20f59c6137799938b86b5d9a85b83089a99cbc8129f6,"",client_a_preview,0,"","",USDC/USD,999702421625000064,1780994849,failed,CrashRecovery,"daemon restarted with submitted transaction awaiting confirmation",0,0,,,,,1781173552730,1780994989316
23,0x07ed99d9d6ac175226e22430f7e063583c8325a12c34d661663f291029689620,"",client_a_preview,0,"","",DOGE/USD,85958905750000000,1780994856,failed,CrashRecovery,"daemon restarted with submitted transaction awaiting confirmation",0,0,,,,,1781173552726,1780994989322
24,0x6ad66ef5e44c24b6ad6fcfb907e3da9acb948ea97ab8c9be63d69cc1c397e0a2,"",client_a_preview,0,"","",BTC/USD,62903953444900006002688,1780994840,failed,CrashRecovery,"daemon restarted with submitted transaction awaiting confirmation",0,0,,,,,1781173552723,1780994989329
25,0x62e2a316fffe4b82a4e651257974ea36a5a8de06506d1da5a1a6edc712aa3582,"",client_a_preview,0,"","",ETH/USD,1675216353200000204800,1780994841,failed,CrashRecovery,"daemon restarted with submitted transaction awaiting confirmation",0,0,,,,,1781173552720,1780994989337
26,0xb790b17086b30ea07482f236293686f9ae9412a4fe2d6c64a498468525c6529f,"",client_a_preview,0,"","",LTC/USD,42786026400000008192,1780994838,failed,CrashRecovery,"daemon restarted with submitted transaction awaiting confirmation",0,0,,,,,1781173552717,1780994989346
27,0x118514689a9d0fdebca4859df8d4a0e35188ba51c8a68e21b0fbdbc0328e26dd,"",client_a_preview,0,"","",SHIB/USD,4719427839999,1780994858,failed,CrashRecovery,"daemon restarted with submitted transaction awaiting confirmation",0,0,,,,,1781173552714,1780994989354
28,0xbff2cdf128300c56b79f0db162c82dc3b0d37216d922544f4118d242e37e141b,"",client_a_preview,0,"","",NEIRO/USD,70065741200000,1780994891,failed,CrashRecovery,"daemon restarted with submitted transaction awaiting confirmation",0,0,,,,,1781173552711,1780994989362
29,0xf22b5567b96de310b03a217293451d3c9dab9f9790526278dd2021abfc70a0f5,b421a3620f9418d317656e3d8747b067f2f0ee6824aca14e04549e2e74d4e50e,client_a_preview,0,"","",ARB/USD,"",0,failed,CrashRecovery,"daemon restarted with submitted transaction awaiting confirmation",0,0,,,1780995010167,,1781173552708,1780995010167
30,0xeae93cbc97f70fc23d6e5223860a1e74d4e94cda56106b8c71417bcc12cd6336,b421a3620f9418d317656e3d8747b067f2f0ee6824aca14e04549e2e74d4e50e,client_a_preview,0,"","",USDC/USD,"",0,failed,CrashRecovery,"daemon restarted with submitted transaction awaiting confirmation",0,0,,,1780995010213,,1781173552705,1780995010213
31,0xc34c5a2bae6f48a0bb02089a20430005e31cd99be0c71df10fe239947236ee79,b421a3620f9418d317656e3d8747b067f2f0ee6824aca14e04549e2e74d4e50e,client_a_preview,0,"","",DOGE/USD,"",0,failed,CrashRecovery,"daemon restarted with submitted transaction awaiting confirmation",0,0,,,1780995010221,,1781173552701,1780995010221
32,0xd10b937aa13eb364e0ddaef30510001eb42add3ccffbd570e06191f08b7d0c8c,b421a3620f9418d317656e3d8747b067f2f0ee6824aca14e04549e2e74d4e50e,client_a_preview,0,"","",SHIB/USD,"",0,failed,CrashRecovery,"daemon restarted with submitted transaction awaiting confirmation",0,0,,,1780995010226,,1781173552698,1780995010226
33,0x98bdd0f41161b014c4105bbc42eb02388cb1ba4515d64e46884c6fa198d4bf54,b421a3620f9418d317656e3d8747b067f2f0ee6824aca14e04549e2e74d4e50e,client_a_preview,0,"","",NEIRO/USD,"",0,confirmed,,,0,0,,,1780995010304,1780995060153,,1780995010304
34,0xf22b5567b96de310b03a217293451d3c9dab9f9790526278dd2021abfc70a0f5,"",client_a_preview,0,"","",ARB/USD,81269463600000008,1780994931,failed,CrashRecovery,"daemon restarted with submitted transaction awaiting confirmation",0,0,,,,,1781173552708,1780995060124
35,0xeae93cbc97f70fc23d6e5223860a1e74d4e94cda56106b8c71417bcc12cd6336,"",client_a_preview,0,"","",USDC/USD,999700000000000000,1780994962,failed,CrashRecovery,"daemon restarted with submitted transaction awaiting confirmation",0,0,,,,,1781173552705,1780995060132
36,0xc34c5a2bae6f48a0bb02089a20430005e31cd99be0c71df10fe239947236ee79,"",client_a_preview,0,"","",DOGE/USD,85951659860000000,1780994966,failed,CrashRecovery,"daemon restarted with submitted transaction awaiting confirmation",0,0,,,,,1781173552701,1780995060140
37,0xd10b937aa13eb364e0ddaef30510001eb42add3ccffbd570e06191f08b7d0c8c,"",client_a_preview,0,"","",SHIB/USD,4718912704172,1780994968,failed,CrashRecovery,"daemon restarted with submitted transaction awaiting confirmation",0,0,,,,,1781173552698,1780995060148
38,0xddb83d9f6c79172977eb28fabd37ac0a577151606725d482a34fd601417463e0,9224e887ce17581cb8e62d0f7d8cafa5f69ae2fd7487f7cc6fcfde65d811f5c8,client_a_preview,0,"","",NEIRO/USD,"",0,failed,CrashRecovery,"daemon restarted with submitted transaction awaiting confirmation",0,0,,,1780995079963,,1781173552695,1780995079963
39,0x5ffa9bc397d0238e366308cce8a27e50caee25e8425dea5116c48b9cecdb47d6,9224e887ce17581cb8e62d0f7d8cafa5f69ae2fd7487f7cc6fcfde65d811f5c8,client_a_preview,0,"","",USDC/USD,"",0,confirmed,,,0,0,,,1780995079977,1780995114879,,1780995079977
40,0x6874417a5c235e1990be8ec23a494778a281f3d05d8ce327a7bc3c7e6dc068d4,9224e887ce17581cb8e62d0f7d8cafa5f69ae2fd7487f7cc6fcfde65d811f5c8,client_a_preview,0,"","",DOGE/USD,"",0,confirmed,,,0,0,,,1780995079988,1780995114898,,1780995079988
41,0x253d1985340ddd8ab58abd9038a7c4bcd0514dd96dfed8c4c510c9815401ff26,9224e887ce17581cb8e62d0f7d8cafa5f69ae2fd7487f7cc6fcfde65d811f5c8,client_a_preview,0,"","",SHIB/USD,"",0,confirmed,,,0,0,,,1780995079996,1780995114907,,1780995079996
42,0xddb83d9f6c79172977eb28fabd37ac0a577151606725d482a34fd601417463e0,"",client_a_preview,0,"","",NEIRO/USD,70057894899999,1780995000,failed,CrashRecovery,"daemon restarted with submitted transaction awaiting confirmation",0,0,,,,,1781173552695,1780995114872
43,0xdfeeda750ace267091002b19ea1cc06a34d307692064f58557b8fd4f0b9ab677,"",client_a_preview,0,"","",USDC/USD,999702421625000064,1780995076,failed,NonMonotonicNonce,"Intent for USDC/USD superseded on chain; not submitted.",0,0,,,,,1780995120851,1780995120851
44,0xc0a0cd3e10848d2796ee4a58fa07900da7f9c9a1877dc2415be67f97e73a6ea5,"",client_a_preview,0,"","",DOGE/USD,85943884200000008,1780995082,failed,NonMonotonicNonce,"Intent for DOGE/USD superseded on chain; not submitted.",0,0,,,,,1780995120860,1780995120860
45,0x75057b47793cfa86dcb049b88ce3669024e98ed2b7f00a4f1233d1f46160cfa2,"",client_a_preview,0,"","",SHIB/USD,4717755800000,1780995084,failed,NonMonotonicNonce,"Intent for SHIB/USD superseded on chain; not submitted.",0,0,,,,,1780995120884,1780995120884
46,0xcfb35e3fbdf65a0630a4cd079fc2ee3ae6217051de8a0b5e3d8b208404979708,8252036681032252bcdbb366482296f26589a1c486a15b6b94e64cc55bb39129,client_a_preview,0,"","",XVG/USD,"",0,confirmed,,,0,0,,,1780995352199,1780995389879,,1780995352199
47,0xbac6f14b67bda37ba86dc2906b003589763463d29c0b338423e7c32869e74504,"",client_a_preview,0,"","",XVG/USD,2537078440000000,1780995365,failed,NonMonotonicNonce,"Oracle intent nonce must be greater than the current on-chain nonce; intent superseded, not submitted.",0,0,,,,,1780995396042,1780995396042
48,0x5477bcd5a6c1f9ff3b29675e4e081fc08e163f0366434469bebf8cd17e0cc720,426ef51e5719290bee51aca7edd8f387e5b9c9918fa9b4cdd50e50002ccba3f4,client_a_preview,0,"","",USDT/USD,"",0,confirmed,,,0,0,,,1780995470329,1780995526438,,1780995470329
49,0x250195943360f995be165bed824d6293e481963c41b5af01611f93db2e4b771d,a26c57940e3076bfcbe666464e348383372e0ec5719c817d8b2cddfeea8e61d1,client_a_preview,0,"","",USDT/USD,"",0,failed,CrashRecovery,"daemon restarted with submitted transaction awaiting confirmation",0,0,,,1780995546604,,1781173552692,1780995546604
50,0xece720a89545dc0d3ba0f8199f0b381abe25d1702f5f6f0a93b66e03fd0cfe86,a26c57940e3076bfcbe666464e348383372e0ec5719c817d8b2cddfeea8e61d1,client_a_preview,0,"","",LTC/USD,"",0,confirmed,,,0,0,,,1780995546617,1780995578059,,1780995546617
51,0x8858c0b94625946a87e7b8cf3e9f0d9216261efdef5f9f854d849c8a4aae6171,a26c57940e3076bfcbe666464e348383372e0ec5719c817d8b2cddfeea8e61d1,client_a_preview,0,"","",BTC/USD,"",0,confirmed,,,0,0,,,1780995546629,1780995578070,,1780995546629
52,0xf6ce1204cfaf4c60cac0a548f61c25f399823a301adf260c918f75ba807f9565,a26c57940e3076bfcbe666464e348383372e0ec5719c817d8b2cddfeea8e61d1,client_a_preview,0,"","",ETH/USD,"",0,confirmed,,,0,0,,,1780995546640,1780995578079,,1780995546640
53,0x250195943360f995be165bed824d6293e481963c41b5af01611f93db2e4b771d,"",client_a_preview,0,"","",USDT/USD,999440000000000000,1780995476,failed,CrashRecovery,"daemon restarted with submitted transaction awaiting confirmation",0,0,,,,,1781173552692,1780995578054
54,0xf96fe19c9e30e783fd94e771aeeb7c3948dde434ea4d09a52a989ad66fa14d2d,"",client_a_preview,0,"","",LTC/USD,42763539000000008192,1780995526,failed,NonMonotonicNonce,"Intent for LTC/USD superseded on chain; not submitted.",0,0,,,,,1780995586002,1780995586002
55,0xb9e5634f267549f3b0f748b64a2ba21c06fbec2561ceef5f48cb3edc50a2b601,"",client_a_preview,0,"","",BTC/USD,62886921789600004308992,1780995528,failed,NonMonotonicNonce,"Intent for BTC/USD superseded on chain; not submitted.",0,0,,,,,1780995586014,1780995586014
56,0x5eb9fd9eda0db53dc46d30c159ddcb0be1a36131ca784dbb497f10008f4f3761,"",client_a_preview,0,"","",ETH/USD,1674917921047550230528,1780995530,failed,NonMonotonicNonce,"Intent for ETH/USD superseded on chain; not submitted.",0,0,,,,,1780995586022,1780995586022
57,0x6f4301c7083156bdd37ecf7f71fa5d8832feec2d0a3eeab43b0ce4790868627d,8fe47231703bdfb0f3be67a693cd2bb20b7a6910482420c3616b743d75baef75,client_a_preview,0,"","",ARB/USD,"",0,confirmed,,,0,0,,,1780995616538,1780995656339,,1780995616538
58,0xd3728bbaac0f6e054951fc6d1f3c908b4bebd125f255aceccb540a47363aba1c,"",client_a_preview,0,"","",ARB/USD,81234483200000016,1780995622,failed,NonMonotonicNonce,"Oracle intent nonce must be greater than the current on-chain nonce; intent superseded, not submitted.",0,0,,,,,1780995664465,1780995664465
59,0x63aa6a0d57fde89cbc02bcf2a4e72474f96dcf664e1d772c12ec5800de92d382,2a1bf5d19f678b9097aeff03b776d082b6b65d9002be52ceb7ca9035b89dc21d,client_a_preview,0,"","",NEIRO/USD,"",0,confirmed,,,0,0,,,1780995685958,1780995707970,,1780995685958
60,0x406a3ad686d9a5bc0cca0f179787ab6cd37d7d149eb26be2f382880b9172d775,"",client_a_preview,0,"","",NEIRO/USD,70110716000000,1780995695,failed,NonMonotonicNonce,"Oracle intent nonce must be greater than the current on-chain nonce; intent superseded, not submitted.",0,0,,,,,1780995716634,1780995716634
61,0xf19584a596256e5fe90738f1616498a13e97413b0e103d29f600da4d3383b8e3,2a747dae178ea31f8d5ffc2d5869e0109b4e9187507c49127c11171299ed3b1d,client_a_preview,0,"","",USDC/USD,"",0,confirmed,,,0,0,,,1780995761581,1780995808123,,1780995761581
62,0x4e55dae689983cb1e2824c60a43c8d5b833c4400dd28f0ce94e0057d600a2290,"",client_a_preview,0,"","",DOGE/USD,85920698550000000,1780995779,failed,NonMonotonicNonce,"Intent for DOGE/USD superseded on chain; not submitted.",0,0,,,,,1780995813926,1780995813926
63,0x003e4656955c60d65dd3a8dbab5b601c05958cba18ec27277214925c32228e85,"",client_a_preview,0,"","",SHIB/USD,4716476692613,1780995780,failed,NonMonotonicNonce,"Intent for SHIB/USD superseded on chain; not submitted.",0,0,,,,,1780995813941,1780995813941
64,0x3d4b64a67d1d6109499ffea7e149c94677bb6fee976decb0992ae06a1c226570,"",client_a_preview,0,"","",USDC/USD,999709848800000128,1780995772,failed,NonMonotonicNonce,"Intent for USDC/USD superseded on chain; not submitted.",0,0,,,,,1780995813949,1780995813949
65,0x612a61b177c240f44efd207b4af65026a4437c53e8ca24c90cca3aee7bec6fb8,813c6fabe9094ebf28e4bc5e789b6b44592f3274b85157dbedf2dac75d79bf1a,client_a_preview,0,"","",DOGE/USD,"",0,confirmed,,,0,0,,,1780995891740,1780995920468,,1780995891740
66,0x6333bf23a37178ebd96e8b328239de22041311f69e2f7b7ec7048a3bc9737cd3,813c6fabe9094ebf28e4bc5e789b6b44592f3274b85157dbedf2dac75d79bf1a,client_a_preview,0,"","",SHIB/USD,"",0,confirmed,,,0,0,,,1780995891750,1780995920484,,1780995891750
67,0x346c85884d3c475f21c4fe693df3af6e1e22b82787a14dfccbc8095f1bd8bfb6,"",client_a_preview,0,"","",DOGE/USD,85911862400000000,1780995892,failed,NonMonotonicNonce,"Intent for DOGE/USD superseded on chain; not submitted.",0,0,,,,,1780995925326,1780995925326
68,0xf261717e2a753143b2aeebb2f747bc02a9f5bca2ab9ee1ad98f07ff84671df4e,"",client_a_preview,0,"","",SHIB/USD,4716476692613,1780995893,failed,NonMonotonicNonce,"Intent for SHIB/USD superseded on chain; not submitted.",0,0,,,,,1780995925337,1780995925337
69,0xb8ce435d884977f28d448143e64705ddc063c16cadd7d11603d4e8ce823f6071,27ed03784be6f410806790b1f9e4ef868bef1c49bc44e8d7057b1f0544e77611,client_a_preview,0,"","",XVG/USD,"",0,confirmed,,,0,0,,,1780996051598,1780996092649,,1780996051598
70,0x662c529a286b0ad44c78bf6c561c8c9e058c3d80034cbcfa95efb53a3691c4f2,"",client_a_preview,0,"","",XVG/USD,2536566030000000,1780996046,failed,NonMonotonicNonce,"Oracle intent nonce must be greater than the current on-chain nonce; intent superseded, not submitted.",0,0,,,,,1780996101150,1780996101150
71,0xaef21122403f5225f3e46e57cf4a667e0eff5c57572ce9cdac795807939af36c,ec75724f64def9f3c0f1782916fedfb7553b4e0c62faeb1cd6b33e81fb3fc47b,client_a_preview,0,"","",USDT/USD,"",0,confirmed,,,0,0,,,1780996157654,1780996216457,,1780996157654
72,0x3739e8f9ba9d727f8f015f88685602f875516f906edec4804f0dba7e0e536015,4d4acf5de07659d27b9239baf4ccdee420df646b9b6000a0305d645375f6262b,client_a_preview,0,"","",USDT/USD,"",0,failed,CrashRecovery,"daemon restarted with submitted transaction awaiting confirmation",0,0,,,1780996235837,,1781173552688,1780996235837
73,0x1fda8beedec2105a6584b0b66dfc93958ed1634cfc7fecd59d0d43d3a582a838,4d4acf5de07659d27b9239baf4ccdee420df646b9b6000a0305d645375f6262b,client_a_preview,0,"","",LTC/USD,"",0,confirmed,,,0,0,,,1780996235848,1780996270149,,1780996235848
74,0x70073fa761ecaff083a7ef717f21f69a49eb9b02f53ff552472a31d05179ed10,4d4acf5de07659d27b9239baf4ccdee420df646b9b6000a0305d645375f6262b,client_a_preview,0,"","",BTC/USD,"",0,confirmed,,,0,0,,,1780996235856,1780996270161,,1780996235856
75,0x62c2f6a9cf526c474ac355c7b2e22e56733209de67b523e8372f8b85a5b0c77c,4d4acf5de07659d27b9239baf4ccdee420df646b9b6000a0305d645375f6262b,client_a_preview,0,"","",ETH/USD,"",0,confirmed,,,0,0,,,1780996235865,1780996270175,,1780996235865
76,0x3739e8f9ba9d727f8f015f88685602f875516f906edec4804f0dba7e0e536015,"",client_a_preview,0,"","",USDT/USD,999430000000000000,1780996159,failed,CrashRecovery,"daemon restarted with submitted transaction awaiting confirmation",0,0,,,,,1781173552688,1780996270142
77,0x2e9d7fd8fb7f9c83b36e733b1eec17f98defed52ed15f49019a3dabf485025ed,"",client_a_preview,0,"","",LTC/USD,42763539000000008192,1780996213,failed,NonMonotonicNonce,"Intent for LTC/USD superseded on chain; not submitted.",0,0,,,,,1780996278288,1780996278288
78,0xf412e9c49a71b65b8c25ff96c08f54f0819a07b7b373f54f2093fb0bf5b815e7,"",client_a_preview,0,"","",BTC/USD,62872546646000003973120,1780996215,failed,NonMonotonicNonce,"Intent for BTC/USD superseded on chain; not submitted.",0,0,,,,,1780996278298,1780996278298
79,0x8e7b045868f08e7e3167b07d7e14463e181d16ba4ce331f589de83414bf332c5,"",client_a_preview,0,"","",ETH/USD,1675059980493471219712,1780996217,failed,NonMonotonicNonce,"Intent for ETH/USD superseded on chain; not submitted.",0,0,,,,,1780996278313,1780996278313
80,0x5a653d303796014e895b72e66f54e1103f6f0ab0a7268aaba507881501c184c9,10e554d031b77e8037a882e0a47c6a6e06aeabd2894b1695764479e4afa0e2a5,client_a_preview,0,"","",ARB/USD,"",0,confirmed,,,0,0,,,1780996314290,1780996351528,,1780996314290
81,0x436df2a63e439697fc22e742dfba33c309c4b11ff8fea944d3502564146b4c73,"",client_a_preview,0,"","",ARB/USD,81203420450000000,1780996309,failed,NonMonotonicNonce,"Oracle intent nonce must be greater than the current on-chain nonce; intent superseded, not submitted.",0,0,,,,,1780996359804,1780996359804
82,0x68ce4b178b2ecc06b163afc93485e869a91c9684db8b700c33ab0ecd50992799,b31467c755a495dbe4708c131feca81f99e80db9707ce259b78f3a0e5a142ab5,client_a_preview,0,"","",NEIRO/USD,"",0,confirmed,,,0,0,,,1780996389861,1780996436888,,1780996389861
83,0x8b90187ca9ee03015025fccc6b61de7235074fd0b0276d89a87f53db628f52d0,"",client_a_preview,0,"","",NEIRO/USD,70120622700000,1780996386,failed,NonMonotonicNonce,"Oracle intent nonce must be greater than the current on-chain nonce; intent superseded, not submitted.",0,0,,,,,1780996445423,1780996445423
84,0x5fe7ccb0ad70ccc3058cba19b8c60d174bc078af1f19625b414892dadef888d1,8194c4e62e20f9262a7f3d211e3363996a3d0d8e55ce808f6c2002a9c60d6de8,client_a_preview,0,"","",USDC/USD,"",0,confirmed,,,0,0,,,1780996462120,1780996552427,,1780996462120
85,0x999807a65d89c99388f8260522f2d10417f17f87171eed8611fb7350412c61f2,"",client_a_preview,0,"","",USDC/USD,999709848800000128,1780996460,failed,NonMonotonicNonce,"Oracle intent nonce must be greater than the current on-chain nonce; intent superseded, not submitted.",0,0,,,,,1780996560576,1780996560576
86,0x0bcd5e5186c43d6a80ffc5b630ce00862eb30eabbb8689c2f3c833d8f6ec11b4,6ab26de912abc8475860ddfc0b8cbbcb0bcda37d86da233f2fbd6bfaabac37d9,client_a_preview,0,"","",DOGE/USD,"",0,confirmed,,,0,0,,,1780996586362,1780996642610,,1780996586362
87,0x871848702e99d8fe8f072397db92b2a86e1f2ee26a87cfdaa208a36358e0ec40,6ab26de912abc8475860ddfc0b8cbbcb0bcda37d86da233f2fbd6bfaabac37d9,client_a_preview,0,"","",SHIB/USD,"",0,confirmed,,,0,0,,,1780996586369,1780996642625,,1780996586369
88,0x69e36e70f9b90863cbdac5bf916b2a012b3b1eb183a574e1a41c8f9c746012c6,"",client_a_preview,0,"","",DOGE/USD,85901868000000000,1780996579,failed,NonMonotonicNonce,"Intent for DOGE/USD superseded on chain; not submitted.",0,0,,,,,1780996648288,1780996648288
89,0xc6602c4a84524bcfffd43a98d4e9b4981d2e6e48a2e9a790a621d8eaaae510e3,"",client_a_preview,0,"","",SHIB/USD,4715830617871,1780996580,failed,NonMonotonicNonce,"Intent for SHIB/USD superseded on chain; not submitted.",0,0,,,,,1780996648306,1780996648306
90,0x1565112812d101b1f9c5900c31e17cd047f0865c49e453d2be70d60b853441c2,"",client_a_preview,0,"","",XVG/USD,2533574062500000,1780996618,failed,NonMonotonicNonce,"Intent for XVG/USD superseded on chain; not submitted.",0,0,,,,,1780996648324,1780996648324
91,0xb4316e861c7678950da496ddc49a0bbab2c05c0969dea7ff14fbf727885ecae4,666b0f0be4a9741b595e86ed36bb1987a9fa60d054b984d32f4db3b875463a9c,client_a_preview,0,"","",XVG/USD,"",0,confirmed,,,0,0,,,1780996750020,1780996796910,,1780996750020
92,0x315bd1ff874b71c59705b6ae927957b3a6619f3df9fd038cb49485d2ddd37640,"",client_a_preview,0,"","",XVG/USD,2533574062500000,1780996735,failed,NonMonotonicNonce,"Oracle intent nonce must be greater than the current on-chain nonce; intent superseded, not submitted.",0,0,,,,,1780996805029,1780996805029
93,0x29cb21ea25d0439968603e42fbda0e0d1e7ff2aa160ee2af39788766f210f03f,c15d8191d492ee169cef04094b62a13db78f155a3898898c4355f2730664b679,client_a_preview,0,"","",USDT/USD,"",0,confirmed,,,0,0,,,1780996862884,1780996893798,,1780996862884
94,0xcfa311ee743e3d3792597654245ffcd704100f0d9cde6b99b4fa9ea63e1dc2b1,"",client_a_preview,0,"","",USDT/USD,999440000000000000,1780996849,failed,NonMonotonicNonce,"Oracle intent nonce must be greater than the current on-chain nonce; intent superseded, not submitted.",0,0,,,,,1780996899827,1780996899827
95,0x48d00587add4782fa453c1ba5a6682cb7202c8b5ad6c05aa52f0e7ef37be9cb4,4ab9750209c1551b516841f455496e80e53af89a26bc7f2c9c41112cb6e861a4,client_a_preview,0,"","",LTC/USD,"",0,confirmed,,,0,0,,,1780996920787,1780996999321,,1780996920787
96,0x35e3e41ffdf09fcc54634079b71cc7517a1fd4adc167bda22d1f95f4623c5d15,4ab9750209c1551b516841f455496e80e53af89a26bc7f2c9c41112cb6e861a4,client_a_preview,0,"","",BTC/USD,"",0,confirmed,,,0,0,,,1780996920798,1780996999339,,1780996920798
97,0xd0233c3dc3cac951c53b16da59a3b5672685a3188c40fa23795ec1d76525f9ff,4ab9750209c1551b516841f455496e80e53af89a26bc7f2c9c41112cb6e861a4,client_a_preview,0,"","",ETH/USD,"",0,confirmed,,,0,0,,,1780996920804,1780996999350,,1780996920804
98,0x5012b81d5d6cc14b0480f49f7d1d12de3df7d7a5e2c8be1fe10773732f55adfa,"",client_a_preview,0,"","",LTC/USD,42754669445000003584,1780996898,failed,NonMonotonicNonce,"Intent for LTC/USD superseded on chain; not submitted.",0,0,,,,,1780997008408,1780997008408
99,0xd6d03920f55bddfbc402a46148a7b0e841c220e142a74607ef45b7fd0ca110d6,"",client_a_preview,0,"","",BTC/USD,62858882931000002740224,1780996899,failed,NonMonotonicNonce,"Intent for BTC/USD superseded on chain; not submitted.",0,0,,,,,1780997008415,1780997008415
100,0x8e2b651480a28e57b8b7150074d5764774c8512ca31840a2c0e9c21d64b7da63,"",client_a_preview,0,"","",ETH/USD,1675356321191593246720,1780996901,failed,NonMonotonicNonce,"Intent for ETH/USD superseded on chain; not submitted.",0,0,,,,,1780997008426,1780997008426
101,0xd33eecc963f6928a6e55360af56ef0ef9c6c1478d7bf7c16be7f699c88e30f80,"",client_a_preview,0,"","",ARB/USD,81154528000000000,1780996991,failed,NonMonotonicNonce,"Intent for ARB/USD superseded on chain; not submitted.",0,0,,,,,1780997008432,1780997008432
102,0xeac262a9a329e13a2981441ca1262864c421688f3a5d73629271a918b9108a7a,b51a745c4e4e967d3c9a2ba44b7874844d6f2fa125bc187ab5571703874b4c97,client_a_preview,0,"","",NEIRO/USD,"",0,confirmed,,,0,0,,,1780997073294,1780997116840,,1780997073294
103,0x549029414b8992a322a1db624ef123b90980dd80aa57ff5f2b3576d4c64a467f,"",client_a_preview,0,"","",NEIRO/USD,70110716000000,1780997056,failed,NonMonotonicNonce,"Intent for NEIRO/USD superseded on chain; not submitted.",0,0,,,,,1780997121602,1780997121602
104,0x424f8fc89772d701d8f9d95e421195e40aff884c803e329c6c317f88acb1471e,"",client_a_preview,0,"","",ARB/USD,81154528000000000,1780997096,failed,NonMonotonicNonce,"Intent for ARB/USD superseded on chain; not submitted.",0,0,,,,,1780997121611,1780997121611
105,0x2cb15209ddc57badc240437b650eff3bd3d6cb9e4d4cf4eef8e58a7e5756ef58,fa48e1f22a3a1144b33de93463a33cdae49214d13742e03470c3b69400a8864c,client_a_preview,0,"","",ARB/USD,"",0,confirmed,,,0,0,,,1780997229706,1780997251621,,1780997229706
106,0xb51f4e90eb799f543c54c570bba0743ff82d09c9fdd7b5bf81d45b181ca5fc0f,"",client_a_preview,0,"","",ARB/USD,81154528000000000,1780997209,failed,NonMonotonicNonce,"Intent for ARB/USD superseded on chain; not submitted.",0,0,,,,,1780997258407,1780997258407
107,0x245ca1f55ce83f12d96e8f02faf0bbe9cbc54e58000f581b478dc071c99e8fb5,"",client_a_preview,0,"","",USDC/USD,999709848800000128,1780997240,failed,NonMonotonicNonce,"Intent for USDC/USD superseded on chain; not submitted.",0,0,,,,,1780997258415,1780997258415
108,0xd7abff4d78b3e6bfece325e014254648bf41678bd53477f2ca88136e8b584340,"",client_a_preview,0,"","",DOGE/USD,85901653125000000,1780997246,failed,NonMonotonicNonce,"Intent for DOGE/USD superseded on chain; not submitted.",0,0,,,,,1780997258423,1780997258423
109,0x543face977ae44f70fd6685718a53919d8adc8c660353ea2bdc77fb087d23dd3,"",client_a_preview,0,"","",SHIB/USD,4713858760000,1780997247,failed,NonMonotonicNonce,"Intent for SHIB/USD superseded on chain; not submitted.",0,0,,,,,1780997258432,1780997258432
110,0x708d9d0c5379166ae5f6174d548186641b5a6f8c3784ce87b330cdebe82cbcbe,97280b8e229b0696c6aa86de8f7713cc1c856626273d4fe5b4f4b0fa834c7bd4,client_a_preview,0,"","",USDC/USD,"",0,confirmed,,,0,0,,,1780997378152,1780997433827,,1780997378152
111,0x4a860a8bc6cd7cadaff2ab2eafbb7142a447a0efec0bf2edd76461b47b3f359f,e1f0583bdb2c9801543932d936026cc2a40131d2ea3910f0b249916ddb14e5a7,client_a_preview,0,"","",DOGE/USD,"",0,confirmed,,,0,0,,,1780997453226,1780997518025,,1780997453226
112,0x269c3978e79ed1f8f279635fa55a0cb21f983095787c3ee1700baafafa6ed5c7,e1f0583bdb2c9801543932d936026cc2a40131d2ea3910f0b249916ddb14e5a7,client_a_preview,0,"","",SHIB/USD,"",0,confirmed,,,0,0,,,1780997453237,1780997518043,,1780997453237
113,0x0ab676113f3b649c541652f20813328cebcd800197103d25baeea8fbd300c917,e1f0583bdb2c9801543932d936026cc2a40131d2ea3910f0b249916ddb14e5a7,client_a_preview,0,"","",XVG/USD,"",0,confirmed,,,0,0,,,1780997453244,1780997518061,,1780997453244
114,0x708d9d0c5379166ae5f6174d548186641b5a6f8c3784ce87b330cdebe82cbcbe,"",client_a_preview,0,"","",USDC/USD,999709840400000128,1780997357,failed,NonMonotonicNonce,"Intent for USDC/USD superseded on chain; not submitted.",0,0,,,,,1780997518056,1780997518056
115,0x8ef5883cfcda89748c973c9022e7e1786e34a0e2c73d8d516d95d7b93c3407c9,bdf1113ed0c60ec7c144bc3472694373455d99879a7852c3f4a246ed587989c7,client_a_preview,0,"","",DOGE/USD,"",0,confirmed,,,0,0,,,1780997538408,1780997581603,,1780997538408
116,0x77141c8aa4da303666bad5988d5ac1bca3a867db8db9e9ea8c16db41ff17b9ad,bdf1113ed0c60ec7c144bc3472694373455d99879a7852c3f4a246ed587989c7,client_a_preview,0,"","",SHIB/USD,"",0,confirmed,,,0,0,,,1780997538413,1780997581618,,1780997538413
117,0x0ab676113f3b649c541652f20813328cebcd800197103d25baeea8fbd300c917,"",client_a_preview,0,"","",XVG/USD,2533068005000000,1780997407,failed,NonMonotonicNonce,"Intent for XVG/USD superseded on chain; not submitted.",0,0,,,,,1780997581658,1780997581658
118,0x2d0e944e2065e78cb34c97562afe42e732feffc3a32d8e854e6df56e5546d8f1,a0d426153334bc9a56a4e010c8a1905060680ae9fbd809d82b5722a104436aae,client_a_preview,0,"","",USDT/USD,"",0,confirmed,,,0,0,,,1780997598066,1780997638274,,1780997598066
119,0x1b1c3df553966041dc68b6ee9fb9d230d217a2076737245fa2106c9c898ca3f8,8a4797258df988f3098d8f48501d5e5a1889a27fdfa95782ad4f4b05a6acd121,client_a_preview,0,"","",ARB/USD,"",0,confirmed,,,0,0,,,1780997707975,1780997726400,,1780997707975
120,0x6de1660f80a2364977e0d2898f4244c1565d48248d72939e6107ca60dc17fbb6,"",client_a_preview,0,"","",BTC/USD,62825531883324998418432,1780997581,failed,NonMonotonicNonce,"Intent for BTC/USD superseded on chain; not submitted.",0,0,,,,,1780997726370,1780997726370
121,0xeca2144efa2380166077c61927dc6c5d5f0d7ab531883aa1d2efda16449e8ac9,"",client_a_preview,0,"","",ETH/USD,1675162379120482058240,1780997583,failed,NonMonotonicNonce,"Intent for ETH/USD superseded on chain; not submitted.",0,0,,,,,1780997726379,1780997726379
122,0x6c251421122f25becf23d1ea3cf3efb4264ea661c00b584a3cd28beeb36f5349,"",client_a_preview,0,"","",LTC/USD,42724546400000000000,1780997578,failed,NonMonotonicNonce,"Intent for LTC/USD superseded on chain; not submitted.",0,0,,,,,1780997726389,1780997726389
123,0xa3668d98601c1f585f1c69c8952065eb8b3b2b0eea4aa802125c46711945040b,6b2614ec1fe66660765c8f6c4e4b9a822552d149a26244471d43d05b14b8ee35,client_a_preview,0,"","",NEIRO/USD,"",0,confirmed,,,0,0,,,1780997759253,1780997780829,,1780997759253
124,0xa3668d98601c1f585f1c69c8952065eb8b3b2b0eea4aa802125c46711945040b,"",client_a_preview,0,"","",NEIRO/USD,70070738400000,1780997738,failed,NonMonotonicNonce,"Oracle intent timestamp must be greater than the current on-chain timestamp; intent superseded, not submitted.",0,0,,,,,1780997786910,1780997786910
125,0x09b1ff0120872b6ab9ef41e9f187ba0d6e400a15d0c8eebc5b97b3fad3510996,"",client_a_preview,0,"","",USDC/USD,999709840400000128,1780998039,failed,NonMonotonicNonce,"Oracle intent nonce must be greater than the current on-chain nonce; intent superseded, not submitted.",0,0,,,,,1780998052357,1780998052357
126,0x3111c96853d2b21ffbe2914a9524143bac441534bd37220279fdf3c42a3cf3d8,284a95c5d502f282f4f786141c31693686def81c2f384de498b2313b9dd3c953,client_a_preview,0,"","",USDC/USD,"",0,confirmed,,,0,0,,,1780998068563,1780998117898,,1780998068563
127,0x3111c96853d2b21ffbe2914a9524143bac441534bd37220279fdf3c42a3cf3d8,"",client_a_preview,0,"","",USDC/USD,999709840400000128,1780998043,failed,NonMonotonicNonce,"Oracle intent timestamp must be greater than the current on-chain timestamp; intent superseded, not submitted.",0,0,,,,,1780998124377,1780998124377
128,0x65345434acec445854b808f582d0b610c319bc1049ef263b8155f0ae9c3c837f,41d1f9a9b6402350b666b83e4a90e070ec7fe29fda0136b3d3e26c406dcd9cc5,client_a_preview,0,"","",XVG/USD,"",0,confirmed,,,0,0,,,1780998245152,1780998375203,,1780998245152
129,0x9c5113227b63807d1b1c83614a24f5056a25d907b307158d65584be51043216b,a97e55fc4e9f207ace4fca4915c4932e552d4f0158e6a2be58e8c75f8a4ab331,client_a_preview,0,"","",USDT/USD,"",0,confirmed,,,0,0,,,1780998399096,1780998442031,,1780998399096
130,0xfc4282e56b97dd3c9640f9c3343c4cf5b63ac920b6099ff3091b3cfdb4a6c11b,a97e55fc4e9f207ace4fca4915c4932e552d4f0158e6a2be58e8c75f8a4ab331,client_a_preview,0,"","",DOGE/USD,"",0,confirmed,,,0,0,,,1780998399113,1780998442065,,1780998399113
131,0xb19f3eda3f225266a08d21b3520f697f630b34ae1d49fade555000a7d0bf071a,a97e55fc4e9f207ace4fca4915c4932e552d4f0158e6a2be58e8c75f8a4ab331,client_a_preview,0,"","",SHIB/USD,"",0,confirmed,,,0,0,,,1780998399121,1780998442091,,1780998399121
132,0xd47b418a3435807c78ec649a74b79eadaeacde58fb1af872a2e01c0a79bfc915,a97e55fc4e9f207ace4fca4915c4932e552d4f0158e6a2be58e8c75f8a4ab331,client_a_preview,0,"","",NEIRO/USD,"",0,confirmed,,,0,0,,,1780998399129,1780998442127,,1780998399129
133,0x996a90426d0e09fc1be4957b9f4bc877d86dfaa59b51e974fa9186ea50a03b5b,a97e55fc4e9f207ace4fca4915c4932e552d4f0158e6a2be58e8c75f8a4ab331,client_a_preview,0,"","",ARB/USD,"",0,confirmed,,,0,0,,,1780998399135,1780998442139,,1780998399135
134,0x01485e931363c5d86ac33a8f675f17c5b8e37bb3dc6b1ecfa7fcafeb02decf60,f227857fc17877a396a770a1112672dc05c457200a26086939e80317abe9fe87,client_a_preview,0,"","",LTC/USD,"",0,confirmed,,,0,0,,,1780998463920,1780998516609,,1780998463920
135,0xf7ed6371989dd0b0fd9b7dba0507c78f9059b5c6261b89b0977f6cdd85f4cf6e,f227857fc17877a396a770a1112672dc05c457200a26086939e80317abe9fe87,client_a_preview,0,"","",BTC/USD,"",0,confirmed,,,0,0,,,1780998463932,1780998516641,,1780998463932
136,0x29907d6f77b519199242f710ec33792a96b941b9f191063c4979480fdc52ec60,f227857fc17877a396a770a1112672dc05c457200a26086939e80317abe9fe87,client_a_preview,0,"","",ETH/USD,"",0,confirmed,,,0,0,,,1780998463936,1780998516655,,1780998463936
137,0x0b1c004d44f7e64ed61e4ddccd257b4d9231ac0c9a3e957a2df17ff443e8850a,f227857fc17877a396a770a1112672dc05c457200a26086939e80317abe9fe87,client_a_preview,0,"","",NEIRO/USD,"",0,confirmed,,,0,0,,,1780998463943,1780998516719,,1780998463943
138,0x9c5113227b63807d1b1c83614a24f5056a25d907b307158d65584be51043216b,"",client_a_preview,0,"","",USDT/USD,999455000000000000,1780998330,failed,NonMonotonicNonce,"Intent for USDT/USD superseded on chain; not submitted.",0,0,,,,,1780998516684,1780998516684
139,0x996a90426d0e09fc1be4957b9f4bc877d86dfaa59b51e974fa9186ea50a03b5b,"",client_a_preview,0,"","",ARB/USD,80958827150000000,1780998357,failed,NonMonotonicNonce,"Intent for ARB/USD superseded on chain; not submitted.",0,0,,,,,1780998516709,1780998516709
140,0x77c07bc6e844179f64a28864ebbc87f311dceb29dc2a6a03b5ec02b35733d6a2,"",client_a_preview,0,"","",SHIB/USD,4703658790000,1780998622,failed,NonMonotonicNonce,"Oracle intent nonce must be greater than the current on-chain nonce; intent superseded, not submitted.",0,0,,,,,1780998634947,1780998634947
141,0x0573d15dfd61e1567d37c328cb0601836714c0a8a36e6ce1657cdd767107786e,0ae86a6e83c38266b72b693e79c80feb38aa5f555c03c4aa80d2574b5c17aec5,client_a_preview,0,"","",SHIB/USD,"",0,confirmed,,,0,0,,,1780998651560,1780998682252,,1780998651560
142,0xd2c046787c3cc1c563fb1b48f6db8b711d662ea778b5a52f8f10611a6f6c7d5a,"",client_a_preview,0,"","",ARB/USD,80857295725000000,1780998699,failed,NonMonotonicNonce,"Oracle intent nonce must be greater than the current on-chain nonce; intent superseded, not submitted.",0,0,,,,,1780998711712,1780998711712
143,0x4b3a96735cb0e5fafdca55814535748e200918cbcebcb8892649fac03196e63a,3dd807c9b7331c9e4bb1190fd3eec92e3a214e9b63a12a12536b6dfd0f76765b,client_a_preview,0,"","",ARB/USD,"",0,confirmed,,,0,0,,,1780998731397,1780998760224,,1780998731397
144,0x7171c9af43db3a8ba110a25620d1621143f122a802355971b5cd9db3f380f052,9061bcb8697e52f0cdf874cf2ac54cadafa6141112de37b36c5cef0a3b9ddac3,client_a_preview,0,"","",USDC/USD,"",0,confirmed,,,0,0,,,1780998779484,1780998838763,,1780998779484
145,0xaa8bba6578b4a28077d91b937fa6665321ba7e250fe3d553a95fd0aa21e94669,9061bcb8697e52f0cdf874cf2ac54cadafa6141112de37b36c5cef0a3b9ddac3,client_a_preview,0,"","",DOGE/USD,"",0,confirmed,,,0,0,,,1780998779499,1780998838780,,1780998779499
146,0x7171c9af43db3a8ba110a25620d1621143f122a802355971b5cd9db3f380f052,"",client_a_preview,0,"","",USDC/USD,999704855675000064,1780998735,failed,NonMonotonicNonce,"Oracle intent timestamp must be greater than the current on-chain timestamp; intent superseded, not submitted.",0,0,,,,,1780998844918,1780998844918
147,0xfac01cf7dcdc6495267b1656aad32adc7a6d06a2da8234350b2fade269f82f6a,"",client_a_preview,0,"","",LTC/USD,42643633507499999232,1780998954,failed,NonMonotonicNonce,"Intent for LTC/USD superseded on chain; not submitted.",0,0,,,,,1780998965944,1780998965944
148,0x7870dfee19bdd13d26625558d7a4275d32f5a02409ab6520e05843f4ef73d19d,"",client_a_preview,0,"","",BTC/USD,62724911015455331713024,1780998956,failed,NonMonotonicNonce,"Intent for BTC/USD superseded on chain; not submitted.",0,0,,,,,1780998965961,1780998965961
149,0x0df85e5d6334cbc4c9c9f6dfa111512ae220e7f6d7fb1ad051e643db1adcde4f,b89d3e1078d40a35fa26e9eea4709cdfba4061d038e0084241dd42ff8d238fd8,client_a_preview,0,"","",LTC/USD,"",0,confirmed,,,0,0,,,1780998983049,1780999075574,,1780998983049
150,0x7cfe1697653cd0f402a7aab5882c99911c54673960541849ff1991cdf36ac1cd,b89d3e1078d40a35fa26e9eea4709cdfba4061d038e0084241dd42ff8d238fd8,client_a_preview,0,"","",BTC/USD,"",0,confirmed,,,0,0,,,1780998983062,1780999075590,,1780998983062
151,0x7820de1dd8959f9e91db1fdd28672fb66481f26dae543d569dd8b28f0c595321,9ec624a6873477380b68c207ab374742e4ec71e8725ca8517fc349a8283dc0e3,client_a_preview,0,"","",DOGE/USD,"",0,confirmed,,,0,0,,,1780999099989,1780999190117,,1780999099989
152,0x7e156d8670eef21f5e949e57f2fd5cc823c840c9a68c34c9176481967a35641f,9ec624a6873477380b68c207ab374742e4ec71e8725ca8517fc349a8283dc0e3,client_a_preview,0,"","",SHIB/USD,"",0,confirmed,,,0,0,,,1780999100074,1780999190140,,1780999100074
153,0x68b68fdb01f14952cc39dea3df02f87fd429972a94f80208a24791686dc73eed,9ec624a6873477380b68c207ab374742e4ec71e8725ca8517fc349a8283dc0e3,client_a_preview,0,"","",XVG/USD,"",0,confirmed,,,0,0,,,1780999100082,1780999190149,,1780999100082
154,0xcb8612553d407be63b70781c72f0a100cf2ee770163348ac2af95b6af4502d7d,9ec624a6873477380b68c207ab374742e4ec71e8725ca8517fc349a8283dc0e3,client_a_preview,0,"","",ARB/USD,"",0,confirmed,,,0,0,,,1780999100087,1780999190168,,1780999100087
155,0x52bac93ea093612471d533322851cc52bd15e7b06580174ed0de272d7a3a456a,9ec624a6873477380b68c207ab374742e4ec71e8725ca8517fc349a8283dc0e3,client_a_preview,0,"","",LTC/USD,"",0,failed,CrashRecovery,"daemon restarted with submitted transaction awaiting confirmation",0,0,,,1780999100094,,1781173552685,1780999100094
156,0x0d634374870ab3e1a2dcee45fb81628a2d42bde55afc314de94020fb1e19267e,9ec624a6873477380b68c207ab374742e4ec71e8725ca8517fc349a8283dc0e3,client_a_preview,0,"","",BTC/USD,"",0,failed,CrashRecovery,"daemon restarted with submitted transaction awaiting confirmation",0,0,,,1780999100111,,1781173552682,1780999100111
157,0xc6ef2e34b6fe963d4f59d2c31ebd50c1e0e55cd7dfe581b7e058739586fd4f63,9ec624a6873477380b68c207ab374742e4ec71e8725ca8517fc349a8283dc0e3,client_a_preview,0,"","",ETH/USD,"",0,failed,CrashRecovery,"daemon restarted with submitted transaction awaiting confirmation",0,0,,,1780999100116,,1781173552675,1780999100116
158,0x52bac93ea093612471d533322851cc52bd15e7b06580174ed0de272d7a3a456a,"",client_a_preview,0,"","",LTC/USD,42606500187499999232,1780999069,failed,CrashRecovery,"daemon restarted with submitted transaction awaiting confirmation",0,0,,,,,1781173552685,1780999190181
159,0x0d634374870ab3e1a2dcee45fb81628a2d42bde55afc314de94020fb1e19267e,"",client_a_preview,0,"","",BTC/USD,62697432243375005761536,1780999070,failed,CrashRecovery,"daemon restarted with submitted transaction awaiting confirmation",0,0,,,,,1781173552682,1780999190190
160,0xc6ef2e34b6fe963d4f59d2c31ebd50c1e0e55cd7dfe581b7e058739586fd4f63,"",client_a_preview,0,"","",ETH/USD,1672341221849999998976,1780999072,failed,CrashRecovery,"daemon restarted with submitted transaction awaiting confirmation",0,0,,,,,1781173552675,1780999190196
161,0x097dd53817597121fb03d35b0a0b4117f5407bd7a598a6a1056c8ddab016d19f,0d46a85a7cea86cea5ae42c34083c14efedcf49a6f5f1e1fcea074e79d1f1108,client_a_preview,0,"","",ETH/USD,"",0,confirmed,,,0,0,,,1780999214026,1780999338269,,1780999214026
162,0xc3a5c539f637c6dff50ba78d05a6c64e4340cf153ebab2f8408fc2143d79d551,0d46a85a7cea86cea5ae42c34083c14efedcf49a6f5f1e1fcea074e79d1f1108,client_a_preview,0,"","",DOGE/USD,"",0,confirmed,,,0,0,,,1780999214037,1780999338284,,1780999214037
163,0xdf19361b7c87e2214b584986cce5bc26c91eff5ecdf974fd0b9333d96c15fbf7,0d46a85a7cea86cea5ae42c34083c14efedcf49a6f5f1e1fcea074e79d1f1108,client_a_preview,0,"","",SHIB/USD,"",0,confirmed,,,0,0,,,1780999214044,1780999338293,,1780999214044
164,0x979acf8da1ccd745b0a2397c42e53c2a7ad6afe98c2e3b712dabc3367a750159,0d46a85a7cea86cea5ae42c34083c14efedcf49a6f5f1e1fcea074e79d1f1108,client_a_preview,0,"","",USDT/USD,"",0,confirmed,,,0,0,,,1780999214050,1780999338306,,1780999214050
165,0x620756198891003ecf92c1536e82eeb2a99e93e197dec3181356d56730579c4e,0d46a85a7cea86cea5ae42c34083c14efedcf49a6f5f1e1fcea074e79d1f1108,client_a_preview,0,"","",XVG/USD,"",0,confirmed,,,0,0,,,1780999214056,1780999338317,,1780999214056
166,0x64ed37f79cbb89b94b4de6b6dcb7df3382574c0ce392abb8e0cdf54f6458de54,0d46a85a7cea86cea5ae42c34083c14efedcf49a6f5f1e1fcea074e79d1f1108,client_a_preview,0,"","",NEIRO/USD,"",0,confirmed,,,0,0,,,1780999214060,1780999338328,,1780999214060
167,0x97c5426405102ab21c4a365290a5a2d1324d80b534d2795d9fa64482cfc5bff0,0d46a85a7cea86cea5ae42c34083c14efedcf49a6f5f1e1fcea074e79d1f1108,client_a_preview,0,"","",ARB/USD,"",0,confirmed,,,0,0,,,1780999214064,1780999338335,,1780999214064
168,0xb041b9b1c9b70db630985a7bfb764e036a5899bd33da4fcf4d24e00a39230c4c,0d46a85a7cea86cea5ae42c34083c14efedcf49a6f5f1e1fcea074e79d1f1108,client_a_preview,0,"","",LTC/USD,"",0,failed,CrashRecovery,"daemon restarted with submitted transaction awaiting confirmation",0,0,,,1780999214071,,1781173552673,1780999214071
169,0xb041b9b1c9b70db630985a7bfb764e036a5899bd33da4fcf4d24e00a39230c4c,"",client_a_preview,0,"","",LTC/USD,42496614000000008192,1780999185,failed,CrashRecovery,"daemon restarted with submitted transaction awaiting confirmation",0,0,,,,,1781173552673,1780999338346
170,0x21e24d9466405693052eb2dccc3219ff803ab2ebd920ef5fb808c9a8e0a85f6d,6051b16efdbc437c57b1910b266fe2ad12cc14cc5e6128feb2bbe4f782051702,client_a_preview,0,"","",ETH/USD,"",0,confirmed,,,0,0,,,1780999360788,1780999437197,,1780999360788
171,0x48012f0fdc87009f7945570a3a5068466fd8dc8957d5618b701e610236ad4dd8,6051b16efdbc437c57b1910b266fe2ad12cc14cc5e6128feb2bbe4f782051702,client_a_preview,0,"","",LTC/USD,"",0,confirmed,,,0,0,,,1780999360799,1780999437212,,1780999360799
172,0x159f4393ac33623c16923f668436afe6e43f8fd34ac826dea0214fed611be790,6051b16efdbc437c57b1910b266fe2ad12cc14cc5e6128feb2bbe4f782051702,client_a_preview,0,"","",DOGE/USD,"",0,confirmed,,,0,0,,,1780999360807,1780999437223,,1780999360807
173,0xfb5893c31af30930279b7a018a331c9643543b1160f36e91fcbfed05c618cbc4,6051b16efdbc437c57b1910b266fe2ad12cc14cc5e6128feb2bbe4f782051702,client_a_preview,0,"","",NEIRO/USD,"",0,confirmed,,,0,0,,,1780999360814,1780999437236,,1780999360814
174,0x7e3289820cb49c8cbe1e4e3db35772f76363804f8eca5d9f44276a4cbf0e6329,6051b16efdbc437c57b1910b266fe2ad12cc14cc5e6128feb2bbe4f782051702,client_a_preview,0,"","",ARB/USD,"",0,confirmed,,,0,0,,,1780999360819,1780999437247,,1780999360819
175,0xfed2a5dc0760d38c94d132c841bd90392691ce9c511c798c1042c16c8370d2b3,6051b16efdbc437c57b1910b266fe2ad12cc14cc5e6128feb2bbe4f782051702,client_a_preview,0,"","",SHIB/USD,"",0,confirmed,,,0,0,,,1780999360826,1780999437254,,1780999360826
176,0x619dd4434a02ec31f54f6a965e3de75f43b8a21271e25a963b92310c6895c3b1,06e67dbbd02b0b53d548f10b11f70fb28419deb92cc385b82a0756b9c298d8be,client_a_preview,0,"","",LTC/USD,"",0,confirmed,,,0,0,,,1780999456536,1780999490413,,1780999456536
177,0xfab60da2ddf2bf85e3b204e4067ff4bd754a1e092ead0bb2c97b2c67fe0b591c,06e67dbbd02b0b53d548f10b11f70fb28419deb92cc385b82a0756b9c298d8be,client_a_preview,0,"","",ETH/USD,"",0,confirmed,,,0,0,,,1780999456553,1780999490428,,1780999456553
178,0xec3669d94311bb6500924baf07d23faf53f2b45f0c65b9785ec032e6df820afb,06e67dbbd02b0b53d548f10b11f70fb28419deb92cc385b82a0756b9c298d8be,client_a_preview,0,"","",DOGE/USD,"",0,failed,CrashRecovery,"daemon restarted with submitted transaction awaiting confirmation",0,0,,,1780999456574,,1781173552668,1780999456574
179,0xec3669d94311bb6500924baf07d23faf53f2b45f0c65b9785ec032e6df820afb,"",client_a_preview,0,"","",DOGE/USD,85388437900000008,1780999432,failed,CrashRecovery,"daemon restarted with submitted transaction awaiting confirmation",0,0,,,,,1781173552668,1780999490441
180,0x9021754dafcc28d4d67bc22f3bdaa6afa6c8f99c7b004ce720c75de9ca6da212,7134acfe24fc453dfaea0fe35e08b253de3b47302ebedbfa4002e477d8f29a5e,client_a_preview,0,"","",USDC/USD,"",0,confirmed,,,0,0,,,1780999509755,1780999562844,,1780999509755
181,0x381b15b2f7090673d2723b7a901a3f02c17347ee517e57af85050bd83c41c305,ab61dfbf67dc96ae066fc1c507640b5ac816611ce82b3eeeec06d6f234e25c3a,client_a_preview,0,"","",USDC/USD,"",0,confirmed,,,0,0,,,1780999581175,1780999627889,,1780999581175
182,0x702439483dc1e80cc2f7c40a3c1131621a8fbca8dacf4a55efd17b9be266d5b1,"",client_a_preview,0,"","",BTC/USD,62689039628600006934528,1780999654,failed,NonMonotonicNonce,"Oracle intent timestamp must be greater than the current on-chain timestamp; intent superseded, not submitted.",0,0,,,,,1780999736874,1780999736874
183,0xcf628c6401fda311bde10bc126f31bb8b96b31df46ac417030991bf0874ac67d,2decbeab6293287b5fa383e64704f834067fad5f2920e4fd1852ea07ba7d7810,client_a_preview,0,"","",XVG/USD,"",0,confirmed,,,0,0,,,1780999861657,1780999927055,,1780999861657
184,0x77528117a23380823bfad1fcc6f8a2c7a17106b8945e7c6f734868d47aca0fad,"",client_a_preview,0,"","",XVG/USD,2523573375000000,1780999918,failed,NonMonotonicNonce,"Oracle intent nonce must be greater than the current on-chain nonce; intent superseded, not submitted.",0,0,,,,,1780999934034,1780999934034
185,0x1e56ba6dc27a20d8b7b1562c9f0de00763c0761bf3ee73ac48cd17ba7a6a93ae,2956b81873c645fe22921f11b44f149d91f5e74ac6365d78f1879db13ae1a33b,client_a_preview,0,"","",USDT/USD,"",0,confirmed,,,0,0,,,1780999982010,1781000009937,,1780999982010
186,0x1e56ba6dc27a20d8b7b1562c9f0de00763c0761bf3ee73ac48cd17ba7a6a93ae,"",client_a_preview,0,"","",USDT/USD,999460000000000000,1780999960,failed,NonMonotonicNonce,"Oracle intent timestamp must be greater than the current on-chain timestamp; intent superseded, not submitted.",0,0,,,,,1781000018031,1781000018031
187,0xb2ebeaa12cfb9939510cad5b5b33ab7844c641e9d49c28e093530dc2a4bae506,"",client_a_preview,0,"","",NEIRO/USD,69797289100000,1781000022,failed,NonMonotonicNonce,"Oracle intent nonce must be greater than the current on-chain nonce; intent superseded, not submitted.",0,0,,,,,1781000036600,1781000036600
188,0x8b6129378dcf977ea33120e07363810fb963be96220118a1443229c262c7f0bc,7786922c63f3cd2225b72901d47c5802df17b5c2d34d0a62b14831dca9a32eff,client_a_preview,0,"","",NEIRO/USD,"",0,confirmed,,,0,0,,,1781000129827,1781000185383,,1781000129827
189,0x822b509377c4837d270439a7e5bad1bd63055114111c3cf9c3760459ca9e0a30,7786922c63f3cd2225b72901d47c5802df17b5c2d34d0a62b14831dca9a32eff,client_a_preview,0,"","",ARB/USD,"",0,failed,CrashRecovery,"daemon restarted with submitted transaction awaiting confirmation",0,0,,,1781000129839,,1781173552665,1781000129839
190,0x8cfe51165c44de30222c9f9933a1700dc666d2f01638be01d78a1d561ebb0959,7786922c63f3cd2225b72901d47c5802df17b5c2d34d0a62b14831dca9a32eff,client_a_preview,0,"","",DOGE/USD,"",0,failed,CrashRecovery,"daemon restarted with submitted transaction awaiting confirmation",0,0,,,1781000129848,,1781173552662,1781000129848
191,0x888c14587b4ba75d492fa28e3dfea81bbf62a56fe231e090e3139d40bc7fa1ef,7786922c63f3cd2225b72901d47c5802df17b5c2d34d0a62b14831dca9a32eff,client_a_preview,0,"","",LTC/USD,"",0,failed,CrashRecovery,"daemon restarted with submitted transaction awaiting confirmation",0,0,,,1781000129854,,1781173552659,1781000129854
192,0x736f11bee6b9e7f6e630a78c5225e06083292de336fd975a012753ba0cf615a5,7786922c63f3cd2225b72901d47c5802df17b5c2d34d0a62b14831dca9a32eff,client_a_preview,0,"","",ETH/USD,"",0,failed,CrashRecovery,"daemon restarted with submitted transaction awaiting confirmation",0,0,,,1781000129860,,1781173552656,1781000129860
193,0x822b509377c4837d270439a7e5bad1bd63055114111c3cf9c3760459ca9e0a30,"",client_a_preview,0,"","",ARB/USD,80523590725000000,1781000067,failed,CrashRecovery,"daemon restarted with submitted transaction awaiting confirmation",0,0,,,,,1781173552665,1781000185406
194,0x8cfe51165c44de30222c9f9933a1700dc666d2f01638be01d78a1d561ebb0959,"",client_a_preview,0,"","",DOGE/USD,85345944700000000,1781000105,failed,CrashRecovery,"daemon restarted with submitted transaction awaiting confirmation",0,0,,,,,1781173552662,1781000185414
195,0x0fb020598745320704d89679419ea24e12bef1da12498f74670a63761a18c60b,"",client_a_preview,0,"","",SHIB/USD,4685468480000,1781000030,failed,NonMonotonicNonce,"Intent for SHIB/USD superseded on chain; not submitted.",0,0,,,,,1781000185423,1781000185423
196,0x888c14587b4ba75d492fa28e3dfea81bbf62a56fe231e090e3139d40bc7fa1ef,"",client_a_preview,0,"","",LTC/USD,42452898194266750976,1781000088,failed,CrashRecovery,"daemon restarted with submitted transaction awaiting confirmation",0,0,,,,,1781173552659,1781000185432
197,0x736f11bee6b9e7f6e630a78c5225e06083292de336fd975a012753ba0cf615a5,"",client_a_preview,0,"","",ETH/USD,1669632911100000206848,1781000091,failed,CrashRecovery,"daemon restarted with submitted transaction awaiting confirmation",0,0,,,,,1781173552656,1781000185453
198,0x067cc0f92b438749fa64c56df0825d5765c3f5105f4dee20e79377ca4712ccfa,27168c72a57df2e85bb9b01a28bc6851644002563308bd5bccc92aff95a776d9,client_a_preview,0,"","",NEIRO/USD,"",0,confirmed,,,0,0,,,1781000203739,1781000240709,,1781000203739
199,0x35d428e769481459a92c5afaf5ac3796ccac389a6cb350eb476f5aa37e9e2ea7,27168c72a57df2e85bb9b01a28bc6851644002563308bd5bccc92aff95a776d9,client_a_preview,0,"","",LTC/USD,"",0,confirmed,,,0,0,,,1781000203751,1781000240723,,1781000203751
200,0x37a67a9697cc965b19012ec5a6903d76c5767d665abebb18fc361392d5c51662,27168c72a57df2e85bb9b01a28bc6851644002563308bd5bccc92aff95a776d9,client_a_preview,0,"","",ETH/USD,"",0,confirmed,,,0,0,,,1781000203754,1781000240733,,1781000203754
201,0x5726711266f87247f536ced33bf21bf320b19be966d6a0be2625c1d86e8356c9,"",client_a_preview,0,"","",ETH/USD,1669632911100000206848,1781000213,failed,NonMonotonicNonce,"Intent for ETH/USD superseded on chain; not submitted.",0,0,,,,,1781000247453,1781000247453
202,0x20bdb70349b07c85f594c8eb539a5c1199feafda9f4ea95b8ce9e44bb7ac45f3,"",client_a_preview,0,"","",LTC/USD,42447066200000004096,1781000209,failed,NonMonotonicNonce,"Intent for LTC/USD superseded on chain; not submitted.",0,0,,,,,1781000247463,1781000247463
203,0x27c914add33d1e805858ba91aac4a2878a350c026c9b817bf7a91734914208e3,35d984ca9d2250892b37f118105fc5ddf91cce683d7d355c2704936f29c21927,client_a_preview,0,"","",USDC/USD,"",0,confirmed,,,0,0,,,1781000274466,1781000321010,,1781000274466
204,0x27c914add33d1e805858ba91aac4a2878a350c026c9b817bf7a91734914208e3,"",client_a_preview,0,"","",USDC/USD,999711107237499968,1781000251,failed,NonMonotonicNonce,"Oracle intent timestamp must be greater than the current on-chain timestamp; intent superseded, not submitted.",0,0,,,,,1781000330031,1781000330031
205,0x363cf5eb4adc5059f12126679524ab8cf95fb5b3b890cff74c6e04813185dcde,"",client_a_preview,0,"","",BTC/USD,62656508580000002211840,1781000332,failed,NonMonotonicNonce,"Oracle intent nonce must be greater than the current on-chain nonce; intent superseded, not submitted.",0,0,,,,,1781000344572,1781000344572
206,0x9ef55b254884d1dddad9a52e1bb5895041d8fd5a9186b147223716372eb148db,10b941ba5b531d8896dab61b63b320d3fc3fd63bc209037243309efc871f4ac1,client_a_preview,0,"","",BTC/USD,"",0,confirmed,,,0,0,,,1781000379181,1781000530630,,1781000379181
207,0x44827b14cf559a9a1ec96cd5f140feae6766372ecd323832ce7d197c05ff6a3a,c30d16a36d2ebacc9da9e9227125570244bc18c774fda9e001eb7ea0a5da5783,client_a_preview,0,"","",BTC/USD,"",0,confirmed,,,0,0,,,1781000547231,1781000569104,,1781000547231
208,0x4342d2f5fc876091ebbdc407646e88809cb624757597529dc385053b2df461bd,d49bd9df3d3cfcba6c3f402bc32ffe3eae40cf2545e80b53f12aa6d86f4a90ed,client_a_preview,0,"","",XVG/USD,"",0,confirmed,,,0,0,,,1781000588055,1781000619037,,1781000588055
209,0x4342d2f5fc876091ebbdc407646e88809cb624757597529dc385053b2df461bd,"",client_a_preview,0,"","",XVG/USD,2523560750000000,1781000534,failed,NonMonotonicNonce,"Intent for XVG/USD superseded on chain; not submitted.",0,0,,,,,1781000623919,1781000623919
210,0x972a435027f12f76e7903223f60ac76d0496862dd21c99def7f7bfbcd50ad60a,"",client_a_preview,0,"","",NEIRO/USD,69682351200000,1781000609,failed,NonMonotonicNonce,"Intent for NEIRO/USD superseded on chain; not submitted.",0,0,,,,,1781000623927,1781000623927
211,0x2c22d3c95338c4e2a87dec01e81842420183d2300a964b9a51923ad013b501b3,"",client_a_preview,0,"","",USDT/USD,999440000000000000,1781000625,failed,NonMonotonicNonce,"Oracle intent nonce must be greater than the current on-chain nonce; intent superseded, not submitted.",0,0,,,,,1781000638448,1781000638448
212,0x4ddaa9fd871684ef5e21a16d3a89238c0f8dd7e5707b5219f69c96a134de1a8e,a575c33d471642575d8ba276d42b3212dc55d925e9f2dc02dfbf323d51b14ea6,client_a_preview,0,"","",NEIRO/USD,"",0,confirmed,,,0,0,,,1781000655640,1781000689894,,1781000655640
213,0x81b9dcbd69300f1ac9571e3603ee9218092881d30dc046897cacb311e1ec0dc7,17bd2e0db36d6a00654804b0381b52cde97310bf860bf26231d0f9f316b13ed6,client_a_preview,0,"","",USDT/USD,"",0,confirmed,,,0,0,,,1781000706163,1781000746565,,1781000706163
214,0x5c5b40dc0f3a8c022858f9e51e9b6d1388950ed9a208524047e652e85b496327,3a1f4fc9613a9692245ecb238e9c74fba70dfbbeab50bb80263198343d1122e7,client_a_preview,0,"","",USDT/USD,"",0,failed,CrashRecovery,"daemon restarted with submitted transaction awaiting confirmation",0,0,,,1781000766426,,1781173552653,1781000766426
215,0x07a4c6f606c5aa110d0145ba66c8b27028bbbf3e9880fd94638ce9b7db314eb6,3a1f4fc9613a9692245ecb238e9c74fba70dfbbeab50bb80263198343d1122e7,client_a_preview,0,"","",DOGE/USD,"",0,confirmed,,,0,0,,,1781000766437,1781000842844,,1781000766437
216,0xca3ba5cce51c00aea1ab17825c716807671712ab9669dd855d2383e8a7318608,3a1f4fc9613a9692245ecb238e9c74fba70dfbbeab50bb80263198343d1122e7,client_a_preview,0,"","",SHIB/USD,"",0,confirmed,,,0,0,,,1781000766442,1781000842851,,1781000766442
217,0x5c5b40dc0f3a8c022858f9e51e9b6d1388950ed9a208524047e652e85b496327,"",client_a_preview,0,"","",USDT/USD,999440000000000000,1781000742,failed,CrashRecovery,"daemon restarted with submitted transaction awaiting confirmation",0,0,,,,,1781173552653,1781000842833
218,0xef3af4dc3ac9a57de323ab09cb3041e6a4dc4ce86739898cc93384b61f336705,c6b9e89ea654103ddce88ab963620ec15b193e9daac9db5e8102d9023136cdf8,client_a_preview,0,"","",DOGE/USD,"",0,confirmed,,,0,0,,,1781000862794,1781000909426,,1781000862794
219,0x3bdcbfa12e53f66e5d4909ccc08d5854a672c43f51027bb1fe06ba87438dab83,c6b9e89ea654103ddce88ab963620ec15b193e9daac9db5e8102d9023136cdf8,client_a_preview,0,"","",ARB/USD,"",0,confirmed,,,0,0,,,1781000862806,1781000909440,,1781000862806
220,0x54c77963d726ff80fdc69c45c17e55110335aacf67c3f9a7a5a1d76692e43019,c6b9e89ea654103ddce88ab963620ec15b193e9daac9db5e8102d9023136cdf8,client_a_preview,0,"","",SHIB/USD,"",0,confirmed,,,0,0,,,1781000862815,1781000909452,,1781000862815
221,0xa960283dd9f0dc6f6006b26288d5d29cd1eb02342c76b782a1f9f4042015e1b4,a1958e0c569e747c3239a7a62e14420c5b0c53531ba2b8f71f450d04d0a8ce21,client_a_preview,0,"","",LTC/USD,"",0,confirmed,,,0,0,,,1781001005965,1781001036763,,1781001005965
222,0xbccbf05c8ab892d008147b91552ee96145805625021a9286ca2a60ad2f5e1bbe,a1958e0c569e747c3239a7a62e14420c5b0c53531ba2b8f71f450d04d0a8ce21,client_a_preview,0,"","",ETH/USD,"",0,confirmed,,,0,0,,,1781001005976,1781001036778,,1781001005976
223,0x03f0537285463ebfce421ce0859b2824f8e424d9154a545269935eaa5935239d,a1958e0c569e747c3239a7a62e14420c5b0c53531ba2b8f71f450d04d0a8ce21,client_a_preview,0,"","",USDC/USD,"",0,confirmed,,,0,0,,,1781001005983,1781001036788,,1781001005983
224,0x03f0537285463ebfce421ce0859b2824f8e424d9154a545269935eaa5935239d,"",client_a_preview,0,"","",USDC/USD,999729854200000128,1781000950,failed,NonMonotonicNonce,"Oracle intent timestamp must be greater than the current on-chain timestamp; intent superseded, not submitted.",0,0,,,,,1781001042926,1781001042926
225,0x888d948f5d65af9fa92675eb50ca5476b781bc7f915fefceb5df106243db8b83,"",client_a_preview,0,"","",NEIRO/USD,69586706200000,1781001090,failed,NonMonotonicNonce,"Oracle intent nonce must be greater than the current on-chain nonce; intent superseded, not submitted.",0,0,,,,,1781001103154,1781001103154
226,0xae047ab004176bc8db0d86fa573c3ae0b3062ee829a17e916cb4db8760bc000f,19ffcb61f17922cdf525551bffbaedb4422f8dfbfc2344e7ef81a373c876e9e7,client_a_preview,0,"","",NEIRO/USD,"",0,confirmed,,,0,0,,,1781001132005,1781001163657,,1781001132005
227,0x56b25bcb5ada7a076cd78e9b7a336b8ea704f5078dea8a724047baa1e1150774,a145155e1ae6ff6cb108e87cbbc99d6d80ca7daaca65378954354139f3aba48a,client_a_preview,0,"","",BTC/USD,"",0,confirmed,,,0,0,,,1781001196336,1781001223955,,1781001196336
228,0x56b25bcb5ada7a076cd78e9b7a336b8ea704f5078dea8a724047baa1e1150774,"",client_a_preview,0,"","",BTC/USD,62685436850801213440000,1781001173,failed,NonMonotonicNonce,"Intent for BTC/USD superseded on chain; not submitted.",0,0,,,,,1781001231368,1781001231368
229,0x4bf89a4b1fffe50fd1e6bec61bdc8fffcc73dcc46c79b79ad185429e7a19f3da,"",client_a_preview,0,"","",NEIRO/USD,69516223099999,1781001204,failed,NonMonotonicNonce,"Intent for NEIRO/USD superseded on chain; not submitted.",0,0,,,,,1781001231377,1781001231377
230,0x5dba2b71b5d378854934ed5982ec8e889c4cd90028bfd35a2a6d253e95c0538f,"",client_a_preview,0,"","",XVG/USD,2523560750000000,1781001217,failed,NonMonotonicNonce,"Intent for XVG/USD superseded on chain; not submitted.",0,0,,,,,1781001231386,1781001231386
231,0xe4f1a7cbf02365350be30fea8e22168a772981dbe728abd1d8af490ff54b2f23,c078c570722b8c777a2526eccc66e88bad53e4284173cd66ebe49405b9230af2,client_a_preview,0,"","",NEIRO/USD,"",0,confirmed,,,0,0,,,1781001249092,1781001284055,,1781001249092
232,0x9e7fd8a679ab8aae825b882a226c3ca1228eb94f0dfa4ec2ee3a8e41cedab592,ab897d02cb357338f4a308ef143d2d89571c59f3cd78b3228effb3091b2dd086,client_a_preview,0,"","",XVG/USD,"",0,confirmed,,,0,0,,,1781001300491,1781001337281,,1781001300491
233,0xca128d44eb242235a91e5a6827825499ed834cae2434ee5552c6a7272a0000be,"",client_a_preview,0,"","",XVG/USD,2523560750000000,1781001330,failed,NonMonotonicNonce,"Oracle intent nonce must be greater than the current on-chain nonce; intent superseded, not submitted.",0,0,,,,,1781001343257,1781001343257
234,0x6bc21993914b7802fd59447d16eca9c28307a8671e6645e873233d91fa70ec1a,4041ff1e48b123eff4126345595ee467e49b6273e0c2847bf9e2b3f240b619c7,client_a_preview,0,"","",USDT/USD,"",0,confirmed,,,0,0,,,1781001370367,1781001438742,,1781001370367
235,0x6bc21993914b7802fd59447d16eca9c28307a8671e6645e873233d91fa70ec1a,"",client_a_preview,0,"","",USDT/USD,999440000000000000,1781001347,failed,NonMonotonicNonce,"Oracle intent timestamp must be greater than the current on-chain timestamp; intent superseded, not submitted.",0,0,,,,,1781001446891,1781001446891
236,0x39b616cc5a25dcc8341ca79101d12d942d8aa931b47f5e46f5d687e7b7eff8c5,"",client_a_preview,0,"","",SHIB/USD,4683375840000,1781001507,failed,NonMonotonicNonce,"Oracle intent nonce must be greater than the current on-chain nonce; intent superseded, not submitted.",0,0,,,,,1781001520251,1781001520251
237,0x800c6fd5fa9965fb57c82bf18bffdf80fe97502d58e8503bb7e5ebd6b7e9d675,f49e0a9ce9f1ba4e82720746d5671d91d1429d8044a916ddb045c89b1cbf22c1,client_a_preview,0,"","",DOGE/USD,"",0,failed,CrashRecovery,"daemon restarted with submitted transaction awaiting confirmation",0,0,,,1781001647837,,1781173552650,1781001647837
238,0x59ef18e18c4065f8646407e4d85535f556f962af465068b00162d6fa26712a6c,f49e0a9ce9f1ba4e82720746d5671d91d1429d8044a916ddb045c89b1cbf22c1,client_a_preview,0,"","",SHIB/USD,"",0,failed,CrashRecovery,"daemon restarted with submitted transaction awaiting confirmation",0,0,,,1781001647848,,1781173552646,1781001647848
239,0x963cf7cb49924a67b56be1312c7f52c96462f7bb68b6c4e9d204bd43ae5a9902,f49e0a9ce9f1ba4e82720746d5671d91d1429d8044a916ddb045c89b1cbf22c1,client_a_preview,0,"","",ARB/USD,"",0,confirmed,,,0,0,,,1781001647855,1781001694195,,1781001647855
240,0x800c6fd5fa9965fb57c82bf18bffdf80fe97502d58e8503bb7e5ebd6b7e9d675,"",client_a_preview,0,"","",DOGE/USD,85342608550000000,1781001621,failed,CrashRecovery,"daemon restarted with submitted transaction awaiting confirmation",0,0,,,,,1781173552650,1781001694182
241,0x59ef18e18c4065f8646407e4d85535f556f962af465068b00162d6fa26712a6c,"",client_a_preview,0,"","",SHIB/USD,4683093960000,1781001622,failed,CrashRecovery,"daemon restarted with submitted transaction awaiting confirmation",0,0,,,,,1781173552646,1781001694190
242,0x0b948f816014ee95891da30707de450833d601cbecd97fade98f45847b881e16,539605ce9c7e40c6acf8063df1681a2c904fab408d73ab9596d57e2456fb227b,client_a_preview,0,"","",DOGE/USD,"",0,confirmed,,,0,0,,,1781001715114,1781001780495,,1781001715114
243,0xcdf2b915176591b16cecac13d2c0f55dc46f6016aa12c45cde0010df4d6f9528,539605ce9c7e40c6acf8063df1681a2c904fab408d73ab9596d57e2456fb227b,client_a_preview,0,"","",SHIB/USD,"",0,confirmed,,,0,0,,,1781001715125,1781001780511,,1781001715125
244,0x0905902842e997a6cfeb539fa6f2106926ea8c0eb1635d1a9c6bc8d02559dd79,ebe1441d2a7159ca8b25e2a861f0fd9aa4cb5d3919833614672b6978b2c38bb8,client_a_preview,0,"","",ETH/USD,"",0,confirmed,,,0,0,,,1781001801111,1781001835984,,1781001801111
245,0xe4e344a78ee64771bc79037b5eaa7813ecdb3e63df4b77995144f1c3c1020425,ebe1441d2a7159ca8b25e2a861f0fd9aa4cb5d3919833614672b6978b2c38bb8,client_a_preview,0,"","",USDC/USD,"",0,confirmed,,,0,0,,,1781001801123,1781001836000,,1781001801123
246,0xe0eac6dd119c7c5db222b5b8bb19c2a2e2f23c10c8626950ba79a5a833ee119f,ebe1441d2a7159ca8b25e2a861f0fd9aa4cb5d3919833614672b6978b2c38bb8,client_a_preview,0,"","",DOGE/USD,"",0,confirmed,,,0,0,,,1781001801128,1781001836011,,1781001801128
247,0x3d4ba86c6b846e5d2c000fc37dc097705a0d4d1f34409e45fd048fecd26705c9,ebe1441d2a7159ca8b25e2a861f0fd9aa4cb5d3919833614672b6978b2c38bb8,client_a_preview,0,"","",LTC/USD,"",0,confirmed,,,0,0,,,1781001801133,1781001836023,,1781001801133
248,0xaee26c406557dbf2ca1ef618af1ef654b8623e4b8ecee66b5b5255b44db2f672,ebe1441d2a7159ca8b25e2a861f0fd9aa4cb5d3919833614672b6978b2c38bb8,client_a_preview,0,"","",SHIB/USD,"",0,confirmed,,,0,0,,,1781001801139,1781001836034,,1781001801139
249,0xaa793524314cafbcb47414ef174e765943fa727a86cf3fe9c39c544ffb353aee,"",client_a_preview,0,"","",BTC/USD,62686532396615420870656,1781001845,failed,NonMonotonicNonce,"Oracle intent nonce must be greater than the current on-chain nonce; intent superseded, not submitted.",0,0,,,,,1781001859953,1781001859953
250,0x51347584bc2d5c45f66459360a01047a4ac579f6c39fb8d8037194cf335feb01,e08f746afc7dffff6e7e8623cc6fa4ce9475d0416ae81e89346768ac0db3f4c9,client_a_preview,0,"","",BTC/USD,"",0,confirmed,,,0,0,,,1781001883535,1781001911160,,1781001883535
251,0x51347584bc2d5c45f66459360a01047a4ac579f6c39fb8d8037194cf335feb01,"",client_a_preview,0,"","",BTC/USD,62686532396615420870656,1781001861,failed,NonMonotonicNonce,"Intent for BTC/USD superseded on chain; not submitted.",0,0,,,,,1781001918085,1781001918085
252,0xea8dc8f44db002f66976c2403a5d2bc0b1cf9e8e73ee6c158a8db5859ec361be,"",client_a_preview,0,"","",NEIRO/USD,69446435825000,1781001892,failed,NonMonotonicNonce,"Intent for NEIRO/USD superseded on chain; not submitted.",0,0,,,,,1781001918094,1781001918094
253,0xc7e97accb8b742164229344d06d4cc61dfa401d3a5126c108df6c5a3d08f5dd7,2bd0e1f09cdcaafce3151c99209a37af91ea19fa699f54e7a1b9f8384abc8cc6,client_a_preview,0,"","",NEIRO/USD,"",0,confirmed,,,0,0,,,1781001934321,1781001968879,,1781001934321
254,0xc7e97accb8b742164229344d06d4cc61dfa401d3a5126c108df6c5a3d08f5dd7,"",client_a_preview,0,"","",NEIRO/USD,69446435825000,1781001908,failed,NonMonotonicNonce,"Intent for NEIRO/USD superseded on chain; not submitted.",0,0,,,,,1781002022768,1781002022768
255,0x32040ee6690d0e37325e251b8db31e7eb4e70a208e1a5214b6da6bd08d1b83fa,"",client_a_preview,0,"","",XVG/USD,2523560750000000,1781001921,failed,NonMonotonicNonce,"Oracle intent timestamp must be greater than the current on-chain timestamp; intent superseded, not submitted.",0,0,,,,,1781002030991,1781002030991
256,0x4c829c62f2273cd772b39ced233d4720c385ca48b13518fe513dc67bcdb0c098,7bcdebda920e40fc30b2b014a02de109e5d64099be9b413be132239fda0e4b71,client_a_preview,0,"","",USDT/USD,"",0,confirmed,,,0,0,,,1781002067029,1781002103788,,1781002067029
257,0x4c829c62f2273cd772b39ced233d4720c385ca48b13518fe513dc67bcdb0c098,"",client_a_preview,0,"","",USDT/USD,999440000000000000,1781002045,failed,NonMonotonicNonce,"Oracle intent timestamp must be greater than the current on-chain timestamp; intent superseded, not submitted.",0,0,,,,,1781002111882,1781002111882
258,0x642ac99b1fbcea4efbfbe0fe95ec29260dfac76e0f61e0b76f7aca261e3bd069,"",client_a_preview,0,"","",ARB/USD,80500000000000000,1781002294,failed,NonMonotonicNonce,"Oracle intent nonce must be greater than the current on-chain nonce; intent superseded, not submitted.",0,0,,,,,1781002308778,1781002308778
259,0x9288e9a1d30e4ecc2cf4e06a8bbfe126d0e0ab6a78df18c476e6f87db1abb03a,208182f65c7740a030b8f52c5bb0d9f4bcd3385d8dfdfac6e21c8ce86ba8db5a,client_a_preview,0,"","",ARB/USD,"",0,confirmed,,,0,0,,,1781002325733,1781002353627,,1781002325733
260,0x9288e9a1d30e4ecc2cf4e06a8bbfe126d0e0ab6a78df18c476e6f87db1abb03a,"",client_a_preview,0,"","",ARB/USD,80500000000000000,1781002302,failed,NonMonotonicNonce,"Oracle intent timestamp must be greater than the current on-chain timestamp; intent superseded, not submitted.",0,0,,,,,1781002361854,1781002361854
261,0x855bf3432bd50ef22f2385a2d29dc0217146e193fa96f8e1e45d14e0482290bb,"",client_a_preview,0,"","",LTC/USD,42391247600000000000,1781002434,failed,NonMonotonicNonce,"Oracle intent nonce must be greater than the current on-chain nonce; intent superseded, not submitted.",0,0,,,,,1781002447553,1781002447553
262,0x1832a22a8a60f80b0a540fc008cc14e1ef39a69028bb31e5edf1c0626cb1fdd3,08e3edcd9fbccf855087945e5279c369e0f57b770239c370b8fcdae042e80082,client_a_preview,0,"","",LTC/USD,"",0,confirmed,,,0,0,,,1781002464339,1781002606970,,1781002464339
263,0x068f3ae1e5bc59601540d7846171983794aa42cf14b3983ced86ea3bf96c491f,08e3edcd9fbccf855087945e5279c369e0f57b770239c370b8fcdae042e80082,client_a_preview,0,"","",ETH/USD,"",0,confirmed,,,0,0,,,1781002464351,1781002606984,,1781002464351
264,0x512e864a6489820b387b63d946655fd4c8012f376091b7f58f387eeba31af784,b0a1123969f603f443818b8e2d1f3941a451cbc352f0c6e578af887dc318d422,client_a_preview,0,"","",USDC/USD,"",0,confirmed,,,0,0,,,1781002631204,1781002669103,,1781002631204
265,0xb350fdca3b360f3dfc20e1cbe009ea8474a9868698d8ab878218d3efd2403616,b0a1123969f603f443818b8e2d1f3941a451cbc352f0c6e578af887dc318d422,client_a_preview,0,"","",DOGE/USD,"",0,confirmed,,,0,0,,,1781002631217,1781002669115,,1781002631217
266,0xdcad2ed5c3a93487c9ca087f5ad906d2615476726bd4da63a2e0e9f2e599c2e8,b0a1123969f603f443818b8e2d1f3941a451cbc352f0c6e578af887dc318d422,client_a_preview,0,"","",SHIB/USD,"",0,confirmed,,,0,0,,,1781002631224,1781002669125,,1781002631224
267,0x5f4c7659a17f8c5e8ca1e9faa29319a035063c83807d1944c02cd22ee13573b9,b0a1123969f603f443818b8e2d1f3941a451cbc352f0c6e578af887dc318d422,client_a_preview,0,"","",ETH/USD,"",0,confirmed,,,0,0,,,1781002631231,1781002669133,,1781002631231
268,0x1796949797d8293cf7938afb7cad8e99807119206be277ab6214e0b7925217c0,b0a1123969f603f443818b8e2d1f3941a451cbc352f0c6e578af887dc318d422,client_a_preview,0,"","",LTC/USD,"",0,confirmed,,,0,0,,,1781002631235,1781002669143,,1781002631235
269,0xc1799d0c7b86fea6f1981691b5f06aeb3ddb806ab53b1e5f513972e3a26ee7b0,b0a1123969f603f443818b8e2d1f3941a451cbc352f0c6e578af887dc318d422,client_a_preview,0,"","",BTC/USD,"",0,confirmed,,,0,0,,,1781002631244,1781002669153,,1781002631244
270,0xa1b164f3a3ac914a83c3d2857535bf501a461c2c955eb2b3138534c23603dd35,b0a1123969f603f443818b8e2d1f3941a451cbc352f0c6e578af887dc318d422,client_a_preview,0,"","",NEIRO/USD,"",0,confirmed,,,0,0,,,1781002631251,1781002669165,,1781002631251
271,0xf6f11a316b167639eb6bc01314d646f0c9840f42bb4bb3f59f7b58c84b548afa,352b42b89e61b7c3f4a94179ead82faea1fd8dc6482b9c8660506f4b051557e8,client_a_preview,0,"","",BTC/USD,"",0,confirmed,,,0,0,,,1781002689980,1781002736399,,1781002689980
272,0x697247094bcc0c9a70f11c4a4de612ec5a26557a06bc0359efc12569fb1194ab,352b42b89e61b7c3f4a94179ead82faea1fd8dc6482b9c8660506f4b051557e8,client_a_preview,0,"","",USDC/USD,"",0,failed,CrashRecovery,"daemon restarted with submitted transaction awaiting confirmation",0,0,,,1781002689988,,1781173552644,1781002689988
273,0x697247094bcc0c9a70f11c4a4de612ec5a26557a06bc0359efc12569fb1194ab,"",client_a_preview,0,"","",USDC/USD,999739832000000000,1781002664,failed,CrashRecovery,"daemon restarted with submitted transaction awaiting confirmation",0,0,,,,,1781173552644,1781002736422
274,0xb350fdca3b360f3dfc20e1cbe009ea8474a9868698d8ab878218d3efd2403616,"",client_a_preview,0,"","",DOGE/USD,85346569816799744,1781002569,failed,NonMonotonicNonce,"Intent for DOGE/USD superseded on chain; not submitted.",0,0,,,,,1781002736433,1781002736433
275,0xdcad2ed5c3a93487c9ca087f5ad906d2615476726bd4da63a2e0e9f2e599c2e8,"",client_a_preview,0,"","",SHIB/USD,4681376960000,1781002571,failed,NonMonotonicNonce,"Intent for SHIB/USD superseded on chain; not submitted.",0,0,,,,,1781002736447,1781002736447
276,0xa1b164f3a3ac914a83c3d2857535bf501a461c2c955eb2b3138534c23603dd35,"",client_a_preview,0,"","",NEIRO/USD,69423948325000,1781002597,failed,NonMonotonicNonce,"Intent for NEIRO/USD superseded on chain; not submitted.",0,0,,,,,1781002736455,1781002736455
277,0x9faf4191602c152fee87cb1bb2c3774e3596dc634a27cb302cf7abbe8bcf25de,a31fb633a6250d4724b8a2f69addb0d7ced95f2feccf1eaae29e097a7e9a9873,client_a_preview,0,"","",XVG/USD,"",0,confirmed,,,0,0,,,1781002756004,1781002827799,,1781002756004
278,0x31edce3ffb3c2717efc177ed97687c732e984009fd6c95bf2f271a1621392572,a31fb633a6250d4724b8a2f69addb0d7ced95f2feccf1eaae29e097a7e9a9873,client_a_preview,0,"","",USDT/USD,"",0,confirmed,,,0,0,,,1781002756014,1781002827815,,1781002756014
279,0x7d529a9022fa6b3588c49721daab013d98dc5a6bd7c62231c59d77d1b55f6017,c60ebd382b46ae604934ccbba129900c38ee3db50234eee4beb14c1c8d6161b9,client_a_preview,0,"","",USDT/USD,"",0,confirmed,,,0,0,,,1781002844202,1781002875027,,1781002844202
280,0xa2fb3c97d85d205b568c5b1026303c0e8fd10e2fb095c0665964ca0e23e25406,"",client_a_preview,0,"","",ARB/USD,80517385000000016,1781002958,failed,NonMonotonicNonce,"Oracle intent nonce must be greater than the current on-chain nonce; intent superseded, not submitted.",0,0,,,,,1781002969810,1781002969810
281,0x0b066a815c7e1c3b97437627dce167afbf849118b7382bdfd5536aa1f4fca60c,3ba8b14ca92cfef510b78538ea0757f06813ea31e2b3a23b15b0c8be9a8f1a2c,client_a_preview,0,"","",ARB/USD,"",0,confirmed,,,0,0,,,1781002986362,1781003019988,,1781002986362
282,0x0b066a815c7e1c3b97437627dce167afbf849118b7382bdfd5536aa1f4fca60c,"",client_a_preview,0,"","",ARB/USD,80517385000000016,1781002960,failed,NonMonotonicNonce,"Oracle intent timestamp must be greater than the current on-chain timestamp; intent superseded, not submitted.",0,0,,,,,1781003028196,1781003028196
283,0xa999fc044ff18e9a14e270967729384fad23dd1a2902e00bb67410b393a33c2f,d956a8737544d028698892a4ad91c7a7a4934bd884f5c12dc60336881c671c67,client_a_preview,0,"","",LTC/USD,"",0,confirmed,,,0,0,,,1781003293383,1781003327163,,1781003293383
284,0xf2d0049af9d872198684557d1488f6ae12f8ffe733954573716e57fa7e9ac786,62d58569ec0de8d9824e38205e0d98553f15a8ca749b0514cb2fd4e49f382b58,client_a_preview,0,"","",ETH/USD,"",0,confirmed,,,0,0,,,1781003348918,1781003392390,,1781003348918
285,0x5b26a2d91efff3925eb39bc7bda984243c6a40b34b29528108a64977cfdf25bd,62d58569ec0de8d9824e38205e0d98553f15a8ca749b0514cb2fd4e49f382b58,client_a_preview,0,"","",USDC/USD,"",0,confirmed,,,0,0,,,1781003348930,1781003392405,,1781003348930
286,0x2233a17bd9b85cacd207898a7dd5f4d12924ea35f0be1234ed1c1e085988431d,62d58569ec0de8d9824e38205e0d98553f15a8ca749b0514cb2fd4e49f382b58,client_a_preview,0,"","",DOGE/USD,"",0,confirmed,,,0,0,,,1781003348937,1781003392415,,1781003348937
287,0x23682a1491286a674e9565be2103c103cc75023096570cf5650bc358c4b2bfac,62d58569ec0de8d9824e38205e0d98553f15a8ca749b0514cb2fd4e49f382b58,client_a_preview,0,"","",SHIB/USD,"",0,confirmed,,,0,0,,,1781003348946,1781003392424,,1781003348946
288,0x4999eccc2473ab9d4a27a9d2c3b4e27afaf2214fb7411ad381e330a33609b2d5,62d58569ec0de8d9824e38205e0d98553f15a8ca749b0514cb2fd4e49f382b58,client_a_preview,0,"","",NEIRO/USD,"",0,confirmed,,,0,0,,,1781003348953,1781003392441,,1781003348953
289,0xa999fc044ff18e9a14e270967729384fad23dd1a2902e00bb67410b393a33c2f,"",client_a_preview,0,"","",LTC/USD,42396244800000008192,1781003272,failed,NonMonotonicNonce,"Intent for LTC/USD superseded on chain; not submitted.",0,0,,,,,1781003392434,1781003392434
290,0xd29d3ef647f921cf449fe2459b374fb54ab327e5e947155488d3ecacacf73453,fdaf55739b286e3aa01b5aac5e4a7a0789a13afe2c0c1c233b76aba4d6289405,client_a_preview,0,"","",BTC/USD,"",0,confirmed,,,0,0,,,1781003414005,1781003470773,,1781003414005
291,0x6ab41051e11e8cf142fd79bfc6653c4de8c6948325ab84d87e1fe9b675a67772,fdaf55739b286e3aa01b5aac5e4a7a0789a13afe2c0c1c233b76aba4d6289405,client_a_preview,0,"","",ETH/USD,"",0,confirmed,,,0,0,,,1781003414016,1781003470790,,1781003414016
292,0x5b26a2d91efff3925eb39bc7bda984243c6a40b34b29528108a64977cfdf25bd,"",client_a_preview,0,"","",USDC/USD,999729837600000000,1781003282,failed,NonMonotonicNonce,"Intent for USDC/USD superseded on chain; not submitted.",0,0,,,,,1781003470805,1781003470805
293,0x2233a17bd9b85cacd207898a7dd5f4d12924ea35f0be1234ed1c1e085988431d,"",client_a_preview,0,"","",DOGE/USD,85362170400000000,1781003289,failed,NonMonotonicNonce,"Intent for DOGE/USD superseded on chain; not submitted.",0,0,,,,,1781003470813,1781003470813
294,0x23682a1491286a674e9565be2103c103cc75023096570cf5650bc358c4b2bfac,"",client_a_preview,0,"","",SHIB/USD,4681376960000,1781003290,failed,NonMonotonicNonce,"Intent for SHIB/USD superseded on chain; not submitted.",0,0,,,,,1781003470820,1781003470820
295,0x4999eccc2473ab9d4a27a9d2c3b4e27afaf2214fb7411ad381e330a33609b2d5,"",client_a_preview,0,"","",NEIRO/USD,69478570200000,1781003319,failed,NonMonotonicNonce,"Intent for NEIRO/USD superseded on chain; not submitted.",0,0,,,,,1781003470825,1781003470825
296,0xd29d3ef647f921cf449fe2459b374fb54ab327e5e947155488d3ecacacf73453,"",client_a_preview,0,"","",BTC/USD,62675073560274360336384,1781003382,failed,NonMonotonicNonce,"Intent for BTC/USD superseded on chain; not submitted.",0,0,,,,,1781003478521,1781003478521
297,0xf3088a8f98f8e9893993532bf8fa056b59d68e6579c6371a02501033920a7328,"",client_a_preview,0,"","",XVG/USD,2521587120000000,1781003447,failed,NonMonotonicNonce,"Intent for XVG/USD superseded on chain; not submitted.",0,0,,,,,1781003478534,1781003478534
298,0xadb84a2741bafa36584d8bfb1ea0159055186f82cfaab97a23aa83b69cf716f8,217c4378477dbb4c8b324309f0a97943bec932bb0c3786d38319795dea84a38b,client_a_preview,0,"","",XVG/USD,"",0,confirmed,,,0,0,,,1781003587244,1781003688429,,1781003587244
299,0x876d1b6501e5a45906a8384a5e9a59b5143d65488b58d75f153feeca7cb7e380,"",client_a_preview,0,"","",USDT/USD,999460000000000000,1781003675,failed,NonMonotonicNonce,"Intent for USDT/USD superseded on chain; not submitted.",0,0,,,,,1781003695025,1781003695025
300,0x7538b24d59d2787f168958afb4caf43c32101ea61f9a48518312f1218549faa3,"",client_a_preview,0,"","",XVG/USD,2521587120000000,1781003671,failed,NonMonotonicNonce,"Intent for XVG/USD superseded on chain; not submitted.",0,0,,,,,1781003695032,1781003695032
301,0xde903e45f3da7ccaca83fc9d14a522f05b6610b2800e2e2cceb92433dd8b7960,450ae0c1c4179b3d25b52fafd71a111caa7eeaac26a6ccf8d59f31907c356975,client_a_preview,0,"","",ARB/USD,"",0,confirmed,,,0,0,,,1781003721536,1781003786113,,1781003721536
302,0x887e9649a3239e7b0514f09ffcb2625382558cc2ddad70c1f50b8bc523e89470,"",client_a_preview,0,"","",ARB/USD,80517385000000016,1781003701,failed,NonMonotonicNonce,"Intent for ARB/USD superseded on chain; not submitted.",0,0,,,,,1781003793872,1781003793872
303,0xbf3a61cfe36b46959d6807820d1f25ad21268a6a6c417e16694c3e484d2b05b0,"",client_a_preview,0,"","",NEIRO/USD,69581012800000,1781003769,failed,NonMonotonicNonce,"Intent for NEIRO/USD superseded on chain; not submitted.",0,0,,,,,1781003793880,1781003793880
304,0xb0eab04587dce76594090295290153ff208554aa2b4b50a02ff8c926daedb018,"",client_a_preview,0,"","",USDT/USD,999460000000000000,1781003784,failed,NonMonotonicNonce,"Intent for USDT/USD superseded on chain; not submitted.",0,0,,,,,1781003793888,1781003793888
305,0x4754d0b0e32066ebef9421fb489bb9eca017c0bdd4eeb6061a5e435754b7667c,"",client_a_preview,0,"","",NEIRO/USD,69616689700000,1781003873,failed,NonMonotonicNonce,"Oracle intent nonce must be greater than the current on-chain nonce; intent superseded, not submitted.",0,0,,,,,1781003883672,1781003883672
306,0x72e50500d79308b69924e5a81bb76c6eda9966f73693185877920ca507cb1674,81f73dd243d1bcbfea5458733e115e1b50648a46a2a13a0696406aff4259642d,client_a_preview,0,"","",USDT/USD,"",0,confirmed,,,0,0,,,1781003905870,1781003964832,,1781003905870
307,0x3c1b7b9208f2db5f690455b401712e9cc8d16e6cf4247293aa02f03c51f9b150,"",client_a_preview,0,"","",USDT/USD,999460000000000000,1781003887,failed,NonMonotonicNonce,"Intent for USDT/USD superseded on chain; not submitted.",0,0,,,,,1781003971747,1781003971747
308,0x91f2d0583ce8657ff16ab575e50d6a8bf08e668e287e3df864b0f2e1a33a07d3,"",client_a_preview,0,"","",LTC/USD,42396244800000008192,1781003930,failed,NonMonotonicNonce,"Intent for LTC/USD superseded on chain; not submitted.",0,0,,,,,1781003971755,1781003971755
309,0xa70e22b177f620e18a41b5979b35fd13af7a40af0f43f1b5c6023cfc289aac26,d077824026fecacc3d38a43ed1cdeffc120c18592cb62b89ba23654123297549,client_a_preview,0,"","",NEIRO/USD,"",0,confirmed,,,0,0,,,1781003998990,1781004071766,,1781003998990
310,0xa4036b49a9a57f4416185758fdb02461a51c620ec89b1d159e74dd986c736e7e,"",client_a_preview,0,"","",NEIRO/USD,69657364700000,1781003978,failed,NonMonotonicNonce,"Intent for NEIRO/USD superseded on chain; not submitted.",0,0,,,,,1781004081412,1781004081412
311,0x0be31f64e0c98fc3275c91dfab6657807a289cdfebd8ec5251f653c9e40fb1cf,"",client_a_preview,0,"","",LTC/USD,42396244800000008192,1781004041,failed,NonMonotonicNonce,"Intent for LTC/USD superseded on chain; not submitted.",0,0,,,,,1781004081420,1781004081420
312,0xfe894aecd12abc8fdc9da4934a900b57844b3ecbfe10f09def3dbe813bbb19da,"",client_a_preview,0,"","",USDC/USD,999729837600000000,1781004051,failed,NonMonotonicNonce,"Intent for USDC/USD superseded on chain; not submitted.",0,0,,,,,1781004081439,1781004081439
313,0x422ce6f6067a74dfc8ae83fbe291ef7ddef99ac0ce3f26fb08b4012939d2e9d2,"",client_a_preview,0,"","",DOGE/USD,85361670680000008,1781004056,failed,NonMonotonicNonce,"Intent for DOGE/USD superseded on chain; not submitted.",0,0,,,,,1781004081448,1781004081448
314,0xdf049acfcebdec113c896675714b6c710cfb24b3e3863dfc678d73a9b7303347,"",client_a_preview,0,"","",SHIB/USD,4680283280000,1781004057,failed,NonMonotonicNonce,"Intent for SHIB/USD superseded on chain; not submitted.",0,0,,,,,1781004081454,1781004081454
315,0x3e903629bab92ec4757f6a4fb13d61db5c21c2a71f74257a56fcebfc40986a43,ac1d880c79ae073737b0963789d5dc0632fb96bd217523e8e7b7ec10e7baf45b,client_a_preview,0,"","",LTC/USD,"",0,confirmed,,,0,0,,,1781004175039,1781004204499,,1781004175039
316,0xa4f369e3b83f753510fcea430e1dff8b9d0da894c3a87030a5b6bcb0384502e4,ac1d880c79ae073737b0963789d5dc0632fb96bd217523e8e7b7ec10e7baf45b,client_a_preview,0,"","",BTC/USD,"",0,confirmed,,,0,0,,,1781004175050,1781004204509,,1781004175050
317,0xc1107be043f0ae6dcda6b05c787b6ac51cd4017ac501c90d360084b98595fa67,"",client_a_preview,0,"","",ETH/USD,1670459290121296019456,1781004157,failed,NonMonotonicNonce,"Intent for ETH/USD superseded on chain; not submitted.",0,0,,,,,1781004215125,1781004215125
318,0x37a155198cdef74379f4629e392b0d6e5602be7d077b89b79abe9fd4260f1986,"",client_a_preview,0,"","",LTC/USD,42396244800000008192,1781004153,failed,NonMonotonicNonce,"Intent for LTC/USD superseded on chain; not submitted.",0,0,,,,,1781004215132,1781004215132
319,0xef62bf76de609e57764457489840065755e211f702e6c9af5e0daa88da946a92,"",client_a_preview,0,"","",BTC/USD,62642300496000009109504,1781004155,failed,NonMonotonicNonce,"Intent for BTC/USD superseded on chain; not submitted.",0,0,,,,,1781004215139,1781004215139
320,0xf69b4d464bea64eecdd08579e86138d4fdb5400e129db5c45b183ee8f0a33117,"",client_a_preview,0,"","",USDC/USD,999729837600000000,1781004163,failed,NonMonotonicNonce,"Intent for USDC/USD superseded on chain; not submitted.",0,0,,,,,1781004215145,1781004215145
321,0x9e93885c3a7c9e9dfe38a085e40a71925feaf772bb4510ed9d0aa84b4ff80377,"",client_a_preview,0,"","",DOGE/USD,85361670680000008,1781004169,failed,NonMonotonicNonce,"Intent for DOGE/USD superseded on chain; not submitted.",0,0,,,,,1781004215151,1781004215151
322,0xec5bc8250c0800f3d131e4e9115f742ba198600fd16f874fbf3f810d3569c43a,"",client_a_preview,0,"","",SHIB/USD,4680094520000,1781004170,failed,NonMonotonicNonce,"Intent for SHIB/USD superseded on chain; not submitted.",0,0,,,,,1781004215156,1781004215156
323,0x12c37541fc7bd580a0bbecae2c122d7f71ab40b51c6358d2c1448f5ae211007e,"",client_a_preview,0,"","",ETH/USD,1670399362226400133120,1781004264,failed,NonMonotonicNonce,"Oracle intent nonce must be greater than the current on-chain nonce; intent superseded, not submitted.",0,0,,,,,1781004276154,1781004276154
324,0x0b24dd4a2bce38b49d80fe4d1e164fb0d27391982332c5a6c235eb375fb98f50,5b1ad62b201bc11b04d10fd50d2b4233d220f30012215bc96c8d335b8690d409,client_a_preview,0,"","",USDC/USD,"",0,confirmed,,,0,0,,,1781004294689,1781004324472,,1781004294689
325,0x0449b165fb2190be9a657fca5ffb5ee96f05c20c78b9195c8fa40d5e0b2918a0,d116f11395236bee8e54162e48a280a476c19362407525789ee729a10645277a,client_a_preview,0,"","",DOGE/USD,"",0,failed,CrashRecovery,"daemon restarted with submitted transaction awaiting confirmation",0,0,,,1781004344335,,1781173552641,1781004344335
326,0xcb883e84294db4a0448c15bd9f21f4be46db74d625cc2ad892be210975906216,d116f11395236bee8e54162e48a280a476c19362407525789ee729a10645277a,client_a_preview,0,"","",SHIB/USD,"",0,failed,CrashRecovery,"daemon restarted with submitted transaction awaiting confirmation",0,0,,,1781004344343,,1781173552637,1781004344343
327,0x333404c498d17c97e6af5f0aa26c24152c454e3b975eae27693fbe67e09b5e3e,d116f11395236bee8e54162e48a280a476c19362407525789ee729a10645277a,client_a_preview,0,"","",XVG/USD,"",0,confirmed,,,0,0,,,1781004344352,1781004410581,,1781004344352
328,0x0449b165fb2190be9a657fca5ffb5ee96f05c20c78b9195c8fa40d5e0b2918a0,"",client_a_preview,0,"","",DOGE/USD,85361670680000008,1781004278,failed,CrashRecovery,"daemon restarted with submitted transaction awaiting confirmation",0,0,,,,,1781173552641,1781004410572
329,0xcb883e84294db4a0448c15bd9f21f4be46db74d625cc2ad892be210975906216,"",client_a_preview,0,"","",SHIB/USD,4680094520000,1781004279,failed,CrashRecovery,"daemon restarted with submitted transaction awaiting confirmation",0,0,,,,,1781173552637,1781004410579
330,0x1f5d80936be1fc10f994e1d3f418f3a56054c705ca8fa0fc92cd75b3d2a514f5,4bf2d11b0d77e09c990bc68231ecc305809cf388699dc5d185f156a660fcc0ef,client_a_preview,0,"","",ETH/USD,"",0,confirmed,,,0,0,,,1781004432981,1781004493688,,1781004432981
331,0x30ba9b19112c0e2b67192b7c90e8bcb43fe9277df015ef53cd3f865a57517a55,4bf2d11b0d77e09c990bc68231ecc305809cf388699dc5d185f156a660fcc0ef,client_a_preview,0,"","",DOGE/USD,"",0,confirmed,,,0,0,,,1781004432991,1781004493698,,1781004432991
332,0x0ac86ae3eeae3a6b2150e2fdb57663bd967098eb2dd3c282a9b568328505db8b,4bf2d11b0d77e09c990bc68231ecc305809cf388699dc5d185f156a660fcc0ef,client_a_preview,0,"","",SHIB/USD,"",0,confirmed,,,0,0,,,1781004432997,1781004493707,,1781004432997
333,0x333404c498d17c97e6af5f0aa26c24152c454e3b975eae27693fbe67e09b5e3e,"",client_a_preview,0,"","",XVG/USD,2519638660000000,1781004321,failed,NonMonotonicNonce,"Intent for XVG/USD superseded on chain; not submitted.",0,0,,,,,1781004493684,1781004493684
334,0x274fb5fb76764c56b34c2ab2a894076a5a220fef7615fa5a2d434d50e56d1538,cf62f02d76294b4b1b024109b3339cbaab9bde9f01c7c3ec8e740d1339abf79d,client_a_preview,0,"","",ETH/USD,"",0,confirmed,,,0,0,,,1781004514653,1781004551247,,1781004514653
335,0xe8b3b50bd4c284eb5ee5c801815348b3c087dd0d1380879b451124c9fdeb10ec,cf62f02d76294b4b1b024109b3339cbaab9bde9f01c7c3ec8e740d1339abf79d,client_a_preview,0,"","",DOGE/USD,"",0,failed,CrashRecovery,"daemon restarted with submitted transaction awaiting confirmation",0,0,,,1781004514664,,1781173552634,1781004514664
336,0xc0e35033ab77cf9f3ce35b9688b95cd12cf5959db821f115bb16ddbbae5bbd67,cf62f02d76294b4b1b024109b3339cbaab9bde9f01c7c3ec8e740d1339abf79d,client_a_preview,0,"","",ARB/USD,"",0,confirmed,,,0,0,,,1781004514670,1781004551269,,1781004514670
337,0xf1ed27d33aeb89eaf085f6b37be0caf6b62b145270177b1eab8a8b443ee772c0,cf62f02d76294b4b1b024109b3339cbaab9bde9f01c7c3ec8e740d1339abf79d,client_a_preview,0,"","",SHIB/USD,"",0,failed,CrashRecovery,"daemon restarted with submitted transaction awaiting confirmation",0,0,,,1781004514675,,1781173552631,1781004514675
338,0xe8b3b50bd4c284eb5ee5c801815348b3c087dd0d1380879b451124c9fdeb10ec,"",client_a_preview,0,"","",DOGE/USD,85357234740000008,1781004488,failed,CrashRecovery,"daemon restarted with submitted transaction awaiting confirmation",0,0,,,,,1781173552634,1781004551266
339,0xf1ed27d33aeb89eaf085f6b37be0caf6b62b145270177b1eab8a8b443ee772c0,"",client_a_preview,0,"","",SHIB/USD,4679829976796,1781004489,failed,CrashRecovery,"daemon restarted with submitted transaction awaiting confirmation",0,0,,,,,1781173552631,1781004551280
340,0x8afbc68c78fe7956331bf6d060597bd9fa7d5ea13055ac5218b44edb775c7a2c,"",client_a_preview,0,"","",USDT/USD,999460000000000000,1781004541,failed,NonMonotonicNonce,"Oracle intent timestamp must be greater than the current on-chain timestamp; intent superseded, not submitted.",0,0,,,,,1781004649703,1781004649703
341,0x8746c66d04012cdc2b8bf1d5ce1a89ee6ec2d38b9ed2175b72eea60823f76ebd,"",client_a_preview,0,"","",NEIRO/USD,69661925137971,1781004634,failed,NonMonotonicNonce,"Oracle intent timestamp must be greater than the current on-chain timestamp; intent superseded, not submitted.",0,0,,,,,1781004747338,1781004747338
342,0x86de2455b2f2061f42510f2dfc68498bff1c8c9c96180a6633aae593ab554ea5,60fe418d2424f5d9b9930d58cc93603124fa223ac0022ba2d9b6c1b2043927b3,client_a_preview,0,"","",LTC/USD,"",0,confirmed,,,0,0,,,1781004829731,1781004860283,,1781004829731
343,0xbfb148342a326bf397af51e219a11074c77e1ec8fc7549db2f5da1412da75e88,60fe418d2424f5d9b9930d58cc93603124fa223ac0022ba2d9b6c1b2043927b3,client_a_preview,0,"","",BTC/USD,"",0,confirmed,,,0,0,,,1781004829742,1781004860298,,1781004829742
344,0xbfb148342a326bf397af51e219a11074c77e1ec8fc7549db2f5da1412da75e88,"",client_a_preview,0,"","",BTC/USD,62595120802023147044864,1781004807,failed,NonMonotonicNonce,"Intent for BTC/USD superseded on chain; not submitted.",0,0,,,,,1781004867111,1781004867111
345,0x86de2455b2f2061f42510f2dfc68498bff1c8c9c96180a6633aae593ab554ea5,"",client_a_preview,0,"","",LTC/USD,42386514709811560448,1781004806,failed,NonMonotonicNonce,"Intent for LTC/USD superseded on chain; not submitted.",0,0,,,,,1781004867119,1781004867119
346,0xc01d70be8f3523f6c22b60165bc191630bbcbf54b20ba21983c0035eba235b59,dcf581dc59e94ad2e98b7baf301a8554b8271930734fa0c5aa603b077a7f3dbf,client_a_preview,0,"","",USDC/USD,"",0,confirmed,,,0,0,,,1781004948026,1781005031739,,1781004948026
347,0xab27c0f45daecb374fbcdb07c3d846f2b0515fdf16a03ed32ae2c355ecd99683,4d449c13a9c289d23a89a0db5138c9875a6dc7482d100a999af82498b99dec45,client_a_preview,0,"","",USDC/USD,"",0,failed,CrashRecovery,"daemon restarted with submitted transaction awaiting confirmation",0,0,,,1781005051688,,1781173552628,1781005051688
348,0x60a49d5980dca9b3387d72cdfda91f940a07077958d679ace6607386fe98a04f,4d449c13a9c289d23a89a0db5138c9875a6dc7482d100a999af82498b99dec45,client_a_preview,0,"","",ARB/USD,"",0,confirmed,,,0,0,,,1781005051693,1781005216895,,1781005051693
349,0xab27c0f45daecb374fbcdb07c3d846f2b0515fdf16a03ed32ae2c355ecd99683,"",client_a_preview,0,"","",USDC/USD,999729854200000128,1781005018,failed,CrashRecovery,"daemon restarted with submitted transaction awaiting confirmation",0,0,,,,,1781173552628,1781005216891
350,0x77084522bd20a2e9810675019bedc43e0d673bd7bf0c1973fb6cee61225eb75d,fb0d694f3b23161ecaef65cca9839253e7c5d23353499abd894a26c97b5617c8,client_a_preview,0,"","",XVG/USD,"",0,confirmed,,,0,0,,,1781005238933,1781005298765,,1781005238933
351,0x54f6466426ff233ed5df33f6aafc05320203b6b5c04bf0d8810445510c039c9c,fb0d694f3b23161ecaef65cca9839253e7c5d23353499abd894a26c97b5617c8,client_a_preview,0,"","",ARB/USD,"",0,failed,CrashRecovery,"daemon restarted with submitted transaction awaiting confirmation",0,0,,,1781005238944,,1781173552625,1781005238944
352,0xb8016e23084ae4130e00c728de3c055d65658db46f01a2637cf0a35bce510986,fb0d694f3b23161ecaef65cca9839253e7c5d23353499abd894a26c97b5617c8,client_a_preview,0,"","",DOGE/USD,"",0,confirmed,,,0,0,,,1781005238949,1781005298786,,1781005238949
353,0x59abd95c5072118470217fe73fa2d8df2ae932d5f89c9c4a0680f396bcc3de9d,fb0d694f3b23161ecaef65cca9839253e7c5d23353499abd894a26c97b5617c8,client_a_preview,0,"","",SHIB/USD,"",0,confirmed,,,0,0,,,1781005238955,1781005298795,,1781005238955
354,0x54f6466426ff233ed5df33f6aafc05320203b6b5c04bf0d8810445510c039c9c,"",client_a_preview,0,"","",ARB/USD,80357434506721016,1781005206,failed,CrashRecovery,"daemon restarted with submitted transaction awaiting confirmation",0,0,,,,,1781173552625,1781005298783
355,0x669686e5fa73fbdc9096abc10002a7e4f541a1785330528404a58ce4fc345144,9b25aa4fd0ac23b06fca9dbf8d9a8cf75e4a086775c0ee32cda945a2383b3728,client_a_preview,0,"","",LTC/USD,"",0,confirmed,,,0,0,,,1781005320934,1781005419939,,1781005320934
356,0xa9a305f5df1d3bd9bb0ddc614404f7de2a58c936680edcae376d65454c9ce8bf,9b25aa4fd0ac23b06fca9dbf8d9a8cf75e4a086775c0ee32cda945a2383b3728,client_a_preview,0,"","",ETH/USD,"",0,confirmed,,,0,0,,,1781005320944,1781005419951,,1781005320944
357,0x1a7dd5a77a4e40cef36ebf175e5b08f4fa65919be1944fba77d9726983b7568e,9b25aa4fd0ac23b06fca9dbf8d9a8cf75e4a086775c0ee32cda945a2383b3728,client_a_preview,0,"","",DOGE/USD,"",0,confirmed,,,0,0,,,1781005320948,1781005419959,,1781005320948
358,0x094ace0127d195aaa8ac59845ee4e225537068ffa16063bb8df404b26787bb4f,9b25aa4fd0ac23b06fca9dbf8d9a8cf75e4a086775c0ee32cda945a2383b3728,client_a_preview,0,"","",SHIB/USD,"",0,confirmed,,,0,0,,,1781005320953,1781005419969,,1781005320953
359,0xfd7921add8aa167cef6e4d832ae58f15b1f18e04d9ab71c63bedb61a44e36719,9b25aa4fd0ac23b06fca9dbf8d9a8cf75e4a086775c0ee32cda945a2383b3728,client_a_preview,0,"","",USDT/USD,"",0,failed,CrashRecovery,"daemon restarted with submitted transaction awaiting confirmation",0,0,,,1781005320959,,1781173552622,1781005320959
360,0xfd7921add8aa167cef6e4d832ae58f15b1f18e04d9ab71c63bedb61a44e36719,"",client_a_preview,0,"","",USDT/USD,999460000000000000,1781005287,failed,CrashRecovery,"daemon restarted with submitted transaction awaiting confirmation",0,0,,,,,1781173552622,1781005419981
361,0xff2cdcfbaf243e938233980020600a9cebd822e1029f1aeb79917221882a1bce,9b004018d71e0392d75a25caa7569a644bffcc6a3136ef3c4cf44543b95557bf,client_a_preview,0,"","",USDT/USD,"",0,failed,CrashRecovery,"daemon restarted with submitted transaction awaiting confirmation",0,0,,,1781005440009,,1781173552619,1781005440009
362,0x82a902e7eb1554eec4dfae3d7995bcaf263c60d1a74eafa4db558598e660af27,9b004018d71e0392d75a25caa7569a644bffcc6a3136ef3c4cf44543b95557bf,client_a_preview,0,"","",LTC/USD,"",0,confirmed,,,0,0,,,1781005440025,1781005491352,,1781005440025
363,0x4b1ef391235d46a64d16f548e90177602a0eee06da8244a8db5979de668b2671,9b004018d71e0392d75a25caa7569a644bffcc6a3136ef3c4cf44543b95557bf,client_a_preview,0,"","",NEIRO/USD,"",0,confirmed,,,0,0,,,1781005440032,1781005491363,,1781005440032
364,0xff2cdcfbaf243e938233980020600a9cebd822e1029f1aeb79917221882a1bce,"",client_a_preview,0,"","",USDT/USD,999455000000000000,1781005400,failed,CrashRecovery,"daemon restarted with submitted transaction awaiting confirmation",0,0,,,,,1781173552619,1781005491349
365,0x0dcc962d417bece8aee22f876dba80313f8b24e3943b18f09ab2087e2da2f862,badf04113868cfeb2d592e3fa003919c989309c46acfb83f89585851435f51ca,client_a_preview,0,"","",USDT/USD,"",0,confirmed,,,0,0,,,1781005511673,1781005608313,,1781005511673
366,0x80b9d6f3f7efbe539f965dbf72645758e605dac7495b42cc4794ddda7d1c789e,badf04113868cfeb2d592e3fa003919c989309c46acfb83f89585851435f51ca,client_a_preview,0,"","",BTC/USD,"",0,confirmed,,,0,0,,,1781005511685,1781005608332,,1781005511685
367,0x4b1ef391235d46a64d16f548e90177602a0eee06da8244a8db5979de668b2671,"",client_a_preview,0,"","",NEIRO/USD,69722155200000,1781005403,failed,NonMonotonicNonce,"Intent for NEIRO/USD superseded on chain; not submitted.",0,0,,,,,1781005608330,1781005608330
368,0x66b86faa48cf67cee490258bc47b2e81f067bce6f4754f0237eb628ec4f04aca,8e76d24d10d754cb3d0e1d2f42086096355f3ee7efdf271620bb75b03689cf65,client_a_preview,0,"","",BTC/USD,"",0,confirmed,,,0,0,,,1781005627268,1781005696638,,1781005627268
369,0xa4a5b6f59a41dfffd7e4199d217fdadd652ed188b888cb6b86b6af52708a15da,8e76d24d10d754cb3d0e1d2f42086096355f3ee7efdf271620bb75b03689cf65,client_a_preview,0,"","",USDT/USD,"",0,confirmed,,,0,0,,,1781005627279,1781005696662,,1781005627279
370,0x83c9558cbe86b32fa89c319f831feb56e8cbb04876a8529a1e47f39a7b9be66f,"",client_a_preview,0,"","",USDC/USD,999729854200000128,1781005674,failed,NonMonotonicNonce,"Oracle intent nonce must be greater than the current on-chain nonce; intent superseded, not submitted.",0,0,,,,,1781005704772,1781005704772
371,0x77d4afe29a0de3c20022aac894b338dc4e8b1f268df2ec45816142eaad1290b3,2de7eb33c1e4d7b71b6f4d26c38f8fcbf2b81a38c175adb13af6568d83c879b6,client_a_preview,0,"","",USDC/USD,"",0,confirmed,,,0,0,,,1781005723548,1781005783920,,1781005723548
372,0x77d4afe29a0de3c20022aac894b338dc4e8b1f268df2ec45816142eaad1290b3,"",client_a_preview,0,"","",USDC/USD,999729854200000128,1781005700,failed,NonMonotonicNonce,"Oracle intent timestamp must be greater than the current on-chain timestamp; intent superseded, not submitted.",0,0,,,,,1781005791946,1781005791946
373,0x04b54948056bcc5bf39da234836b6ce75a854b02784b50b4e9557f0319b54965,83a9788774f65fdd027aad1ba44178b760d5363e61c0eaae4dc8959c83cfbb73,client_a_preview,0,"","",ARB/USD,"",0,confirmed,,,0,0,,,1781005975053,1781005998721,,1781005975053
374,0x360248be11dd1acf7e6c63ad6da18ef146ac1c5171b19e3a6cb16cc5b25a9fe8,83a9788774f65fdd027aad1ba44178b760d5363e61c0eaae4dc8959c83cfbb73,client_a_preview,0,"","",XVG/USD,"",0,failed,CrashRecovery,"daemon restarted with submitted transaction awaiting confirmation",0,0,,,1781005975064,,1781173552615,1781005975064
375,0x360248be11dd1acf7e6c63ad6da18ef146ac1c5171b19e3a6cb16cc5b25a9fe8,"",client_a_preview,0,"","",XVG/USD,2519638660000000,1781005941,failed,CrashRecovery,"daemon restarted with submitted transaction awaiting confirmation",0,0,,,,,1781173552615,1781005998732
376,0x47cd54564f2d4dfa2bcb899d8f3ad1081ebe59661bf6e5fb02c846afd782f801,7237ec2e9900be83cd56dddc0b2770e9d1dcbf57057c39cb983c3481c339fb8e,client_a_preview,0,"","",XVG/USD,"",0,confirmed,,,0,0,,,1781006017343,1781006041152,,1781006017343
377,0x4f2428d13c815df7b048bf96d611da2623627d8992c034157d3d89562a8c77aa,b49109f0d53be06bcecdf08eac28c8d5df5dde2ac843f86e042c3add55d5e7b1,client_a_preview,0,"","",ETH/USD,"",0,confirmed,,,0,0,,,1781006059896,1781006111130,,1781006059896
378,0x47cd54564f2d4dfa2bcb899d8f3ad1081ebe59661bf6e5fb02c846afd782f801,"",client_a_preview,0,"","",XVG/USD,2519638660000000,1781005973,failed,NonMonotonicNonce,"Intent for XVG/USD superseded on chain; not submitted.",0,0,,,,,1781006111126,1781006111126
379,0x795d89ba3fff2db1fff8c60984abcb57dd79409bef19b47e03296ce5319a90c0,9ef458edf7792fddd52e1d5a442e4e1243afc6ddc054a2199783a31bf32c13be,client_a_preview,0,"","",DOGE/USD,"",0,confirmed,,,0,0,,,1781006133312,1781006172165,,1781006133312
380,0x14eeaa207d3d522ba3aeefd6a5b2b60410f454f740f7131c1e674f5ab4ae855c,9ef458edf7792fddd52e1d5a442e4e1243afc6ddc054a2199783a31bf32c13be,client_a_preview,0,"","",SHIB/USD,"",0,confirmed,,,0,0,,,1781006133322,1781006172181,,1781006133322
381,0x5b5f2839a60f57f428d25aae63cd7d5180017776c30b11bd41a55ee9a320cfe0,9ef458edf7792fddd52e1d5a442e4e1243afc6ddc054a2199783a31bf32c13be,client_a_preview,0,"","",ETH/USD,"",0,failed,CrashRecovery,"daemon restarted with submitted transaction awaiting confirmation",0,0,,,1781006133328,,1781173552612,1781006133328
382,0xd08d42fce1cec15e7b0828a08c08cefb9b05fa0dad74e9ce22aaeefad6b93ccd,9ef458edf7792fddd52e1d5a442e4e1243afc6ddc054a2199783a31bf32c13be,client_a_preview,0,"","",LTC/USD,"",0,failed,CrashRecovery,"daemon restarted with submitted transaction awaiting confirmation",0,0,,,1781006133333,,1781173552609,1781006133333
383,0x5b5f2839a60f57f428d25aae63cd7d5180017776c30b11bd41a55ee9a320cfe0,"",client_a_preview,0,"","",ETH/USD,1668896229650000117760,1781006099,failed,CrashRecovery,"daemon restarted with submitted transaction awaiting confirmation",0,0,,,,,1781173552612,1781006172195
384,0xd08d42fce1cec15e7b0828a08c08cefb9b05fa0dad74e9ce22aaeefad6b93ccd,"",client_a_preview,0,"","",LTC/USD,42337125600000008192,1781006095,failed,CrashRecovery,"daemon restarted with submitted transaction awaiting confirmation",0,0,,,,,1781173552609,1781006172199
385,0x8487e7fd355ed0435f5a9b89bda6f192085751ed91e21fe4b1ce4c3e501027a0,37678840100b6b41a1e4fdc7ff968077fbc732505c5e6bc324b0fbe52b87f427,client_a_preview,0,"","",DOGE/USD,"",0,confirmed,,,0,0,,,1781006195270,1781006234730,,1781006195270
386,0x1a6de2af1ca7cad16b4fd362fee926ac78a8163370884dcd3a2827fda365f48f,37678840100b6b41a1e4fdc7ff968077fbc732505c5e6bc324b0fbe52b87f427,client_a_preview,0,"","",SHIB/USD,"",0,confirmed,,,0,0,,,1781006195281,1781006234744,,1781006195281
387,0xac7182aab2ab01e866e1da44a47041d0216624e2ef035c0e67af6060101f91f5,37678840100b6b41a1e4fdc7ff968077fbc732505c5e6bc324b0fbe52b87f427,client_a_preview,0,"","",NEIRO/USD,"",0,failed,CrashRecovery,"daemon restarted with submitted transaction awaiting confirmation",0,0,,,1781006195287,,1781173552606,1781006195287
388,0xc8a62fa569b00f84313ef515919c32d600db8184c6820ebb56206f01fdef6b5c,37678840100b6b41a1e4fdc7ff968077fbc732505c5e6bc324b0fbe52b87f427,client_a_preview,0,"","",LTC/USD,"",0,confirmed,,,0,0,,,1781006195292,1781006234763,,1781006195292
389,0xac7182aab2ab01e866e1da44a47041d0216624e2ef035c0e67af6060101f91f5,"",client_a_preview,0,"","",NEIRO/USD,69714570830745,1781006142,failed,CrashRecovery,"daemon restarted with submitted transaction awaiting confirmation",0,0,,,,,1781173552606,1781006234759
390,0x6cdb3752f42621aba09f2a88fbff2adaf6b08be004f3cacc0d74e2b487e1e0b8,"",client_a_preview,0,"","",LTC/USD,42337125600000008192,1781006204,failed,NonMonotonicNonce,"Oracle intent nonce must be greater than the current on-chain nonce; intent superseded, not submitted.",0,0,,,,,1781006242922,1781006242922
391,0x756c7b17cb3c6d3b62affdec137a980219ea235dd37b1b9d208af31210423559,ee524d46752f7be5a1b2f8438cf3986c56aeb72b7e7415425b2b6337d8d92498,client_a_preview,0,"","",USDT/USD,"",0,confirmed,,,0,0,,,1781006325676,1781006361211,,1781006325676
392,0x53f17e7a4b8a4a250b78e0350dc4713d5c7291740015c00b5628b6d2cdc0fe38,1a7f5b3b79304e0f6d8442bf02b539d0687beb5122d1dbed6e3c3de71cbff300,client_a_preview,0,"","",BTC/USD,"",0,confirmed,,,0,0,,,1781006380176,1781006413415,,1781006380176
393,0x756c7b17cb3c6d3b62affdec137a980219ea235dd37b1b9d208af31210423559,"",client_a_preview,0,"","",USDT/USD,999450000000000000,1781006303,failed,NonMonotonicNonce,"Intent for USDT/USD superseded on chain; not submitted.",0,0,,,,,1781006413435,1781006413435
394,0x53f17e7a4b8a4a250b78e0350dc4713d5c7291740015c00b5628b6d2cdc0fe38,"",client_a_preview,0,"","",BTC/USD,62575950387487503810560,1781006351,failed,NonMonotonicNonce,"Intent for BTC/USD superseded on chain; not submitted.",0,0,,,,,1781006450623,1781006450623
395,0x241a58fea2d3dff9b8cbc5c561c14aacf5c42cef896681f5665e482bae5496b5,"",client_a_preview,0,"","",USDC/USD,999727351450000064,1781006428,failed,NonMonotonicNonce,"Oracle intent nonce must be greater than the current on-chain nonce; intent superseded, not submitted.",0,0,,,,,1781006458666,1781006458666
396,0x371106c6b36c27df2b018d45a925ebcd90ea43f60d602f37c5e245b67bb56929,"",client_a_preview,0,"","",ARB/USD,80356584000000016,1781006615,failed,NonMonotonicNonce,"Oracle intent nonce must be greater than the current on-chain nonce; intent superseded, not submitted.",0,0,,,,,1781006627128,1781006627128
397,0x39ab1ed0c8803cf23a731fbe92982c1f782963a7b2cb4bc40640c686dcb544b1,8dd27a2177437a206a7fdce70a7af431004d9aa70e49ca86ac4d7cdf7b789571,client_a_preview,0,"","",ARB/USD,"",0,confirmed,,,0,0,,,1781006724521,1781006751365,,1781006724521
398,0xfcf8f2ddbcd7826765a6893cd15b66b17170a678de0806156a50d73b4e5d30e8,8dd27a2177437a206a7fdce70a7af431004d9aa70e49ca86ac4d7cdf7b789571,client_a_preview,0,"","",XVG/USD,"",0,failed,CrashRecovery,"daemon restarted with submitted transaction awaiting confirmation",0,0,,,1781006724531,,1781173552603,1781006724531
399,0xfcf8f2ddbcd7826765a6893cd15b66b17170a678de0806156a50d73b4e5d30e8,"",client_a_preview,0,"","",XVG/USD,2521587120000000,1781006695,failed,CrashRecovery,"daemon restarted with submitted transaction awaiting confirmation",0,0,,,,,1781173552603,1781006751382
400,0xb4d4bcc285ac01b8cbb6a25cccca3020d1ee2e54805cc1f317975ee8e4fdf156,cb282bae633f8c74e7747b894b371cf3f0061854388972b045df39820e95f1b4,client_a_preview,0,"","",ARB/USD,"",0,failed,CrashRecovery,"daemon restarted with submitted transaction awaiting confirmation",0,0,,,1781006770222,,1781173552600,1781006770222
401,0xb4d4bcc285ac01b8cbb6a25cccca3020d1ee2e54805cc1f317975ee8e4fdf156,"",client_a_preview,0,"","",ARB/USD,80362029423144008,1781006727,failed,CrashRecovery,"daemon restarted with submitted transaction awaiting confirmation",0,0,,,,,1781173552600,1781006793935
402,0x22b4e2150a7c180056363d91640a05c2b5e0f5f2bd6d0703abecc9c57ae6f9c1,"",client_a_preview,0,"","",ETH/USD,1669197489093080121344,1781006750,failed,NonMonotonicNonce,"Oracle intent nonce must be greater than the current on-chain nonce; intent superseded, not submitted.",0,0,,,,,1781006801665,1781006801665
403,0x2d16e5719e68817b027a34ba7b905b3703ee8c6b98c73152a9c345f34c05fbea,"",client_a_preview,0,"","",NEIRO/USD,69756612750000,1781006799,failed,NonMonotonicNonce,"Oracle intent nonce must be greater than the current on-chain nonce; intent superseded, not submitted.",0,0,,,,,1781006809596,1781006809596
404,0x66b2b8d6dad6ccd55a024df1f98151c2e72719efa6ca64f6f178f37207dc33c1,93d18346013e2d70134eaa6151df918c74e1ba551ae57c334e7aea6ae1157672,client_a_preview,0,"","",NEIRO/USD,"",0,confirmed,,,0,0,,,1781006864394,1781006931169,,1781006864394
405,0xb089fa1e6bfb80e485a84cff192f140eed5312336a053245d591c335bf3cd635,ac4d65e01e02f64a00e25dd1a645c05385af64f9d1b0d585f0fe460d745a90eb,client_a_preview,0,"","",DOGE/USD,"",0,confirmed,,,0,0,,,1781006955397,1781006986132,,1781006955397
406,0x3a1c9b6f2b8475429488df740fdbce5f13885415417d9e5351828c645a27bf0f,ac4d65e01e02f64a00e25dd1a645c05385af64f9d1b0d585f0fe460d745a90eb,client_a_preview,0,"","",LTC/USD,"",0,confirmed,,,0,0,,,1781006955407,1781006986146,,1781006955407
407,0x80020c523c1f7b59b12e85b3717100485c1e1da670bde09f956428c29d7c76f1,ac4d65e01e02f64a00e25dd1a645c05385af64f9d1b0d585f0fe460d745a90eb,client_a_preview,0,"","",SHIB/USD,"",0,confirmed,,,0,0,,,1781006955413,1781006986155,,1781006955413
408,0x00275725f34a311e0982144ca298d275d114acd2c56202bb0f76388f97817888,ac4d65e01e02f64a00e25dd1a645c05385af64f9d1b0d585f0fe460d745a90eb,client_a_preview,0,"","",NEIRO/USD,"",0,failed,CrashRecovery,"daemon restarted with submitted transaction awaiting confirmation",0,0,,,1781006955418,,1781173552597,1781006955418
409,0x00275725f34a311e0982144ca298d275d114acd2c56202bb0f76388f97817888,"",client_a_preview,0,"","",NEIRO/USD,69784097625000,1781006907,failed,CrashRecovery,"daemon restarted with submitted transaction awaiting confirmation",0,0,,,,,1781173552597,1781006986168
410,0x0dacfb40e09f22e8863c5333d20f68beaf0c793ab64c9c6a424d464771bc004a,15c758788225cb4db2eded8c9d5d43214cf13a33dd4c05015ed7364fdc2d633c,client_a_preview,0,"","",DOGE/USD,"",0,failed,CrashRecovery,"daemon restarted with submitted transaction awaiting confirmation",0,0,,,1781007007007,,1781173552594,1781007007007
411,0xad25ed3dff905166f15fc2b150c34164f84867cd8f81b5164aeae7fce1b355da,15c758788225cb4db2eded8c9d5d43214cf13a33dd4c05015ed7364fdc2d633c,client_a_preview,0,"","",LTC/USD,"",0,failed,CrashRecovery,"daemon restarted with submitted transaction awaiting confirmation",0,0,,,1781007007018,,1781173552591,1781007007018
412,0xe4ba436b5cef9347476419dd9bfd12469e1768bcc8994a8f94829d3ef8accf44,15c758788225cb4db2eded8c9d5d43214cf13a33dd4c05015ed7364fdc2d633c,client_a_preview,0,"","",SHIB/USD,"",0,failed,CrashRecovery,"daemon restarted with submitted transaction awaiting confirmation",0,0,,,1781007007022,,1781173552588,1781007007022
413,0x0dacfb40e09f22e8863c5333d20f68beaf0c793ab64c9c6a424d464771bc004a,"",client_a_preview,0,"","",DOGE/USD,85391504000000000,1781006981,failed,CrashRecovery,"daemon restarted with submitted transaction awaiting confirmation",0,0,,,,,1781173552594,1781007063853
414,0xad25ed3dff905166f15fc2b150c34164f84867cd8f81b5164aeae7fce1b355da,"",client_a_preview,0,"","",LTC/USD,42375010000000000000,1781006964,failed,CrashRecovery,"daemon restarted with submitted transaction awaiting confirmation",0,0,,,,,1781173552591,1781007063859
415,0xe4ba436b5cef9347476419dd9bfd12469e1768bcc8994a8f94829d3ef8accf44,"",client_a_preview,0,"","",SHIB/USD,4681539676804,1781006982,failed,CrashRecovery,"daemon restarted with submitted transaction awaiting confirmation",0,0,,,,,1781173552588,1781007063864
416,0x3a1dd3b3c811c4b759f2a7442e610525baa1ff303ffded44abe8afe8d27e7973,3887a57f55838f32aee98273c1f63abbe3279fa6e887951f66403c1203567612,client_a_preview,0,"","",USDT/USD,"",0,failed,CrashRecovery,"daemon restarted with submitted transaction awaiting confirmation",0,0,,,1781007082287,,1781173552585,1781007082287
417,0x3a1dd3b3c811c4b759f2a7442e610525baa1ff303ffded44abe8afe8d27e7973,"",client_a_preview,0,"","",USDT/USD,999450000000000000,1781007025,failed,CrashRecovery,"daemon restarted with submitted transaction awaiting confirmation",0,0,,,,,1781173552585,1781007105930
418,0xa4d2a4a44fe7faf0927610d0c2e9dc70e28d3bfd9b972aabbffad2464b6b082a,"",client_a_preview,0,"","",BTC/USD,62594122591800009949184,1781007072,failed,NonMonotonicNonce,"Intent for BTC/USD superseded on chain; not submitted.",0,0,,,,,1781007112863,1781007112863
419,0x8a5dac7a26075a1eb14b7ee701576e1b51b096849fc81abe19bfa5b22bdc205d,"",client_a_preview,0,"","",USDC/USD,999729846000000128,1781007080,failed,NonMonotonicNonce,"Intent for USDC/USD superseded on chain; not submitted.",0,0,,,,,1781007112869,1781007112869
420,0x777dfedc0b7b28e6b4b430a1352ccc7614bbf25c1d7bb45d932d964074c5c29d,"",client_a_preview,0,"","",NEIRO/USD,69840782999999,1781007114,failed,NonMonotonicNonce,"Oracle intent nonce must be greater than the current on-chain nonce; intent superseded, not submitted.",0,0,,,,,1781007126176,1781007126176
421,0xbd0e61d1b359e1210a9bf353a6194b97a177c019927feac9f9c47ecd62fe4c5f,edd13faa12fb859125e06d08e696eea40bf392d21905ef151ae842c2a51acd88,client_a_preview,0,"","",USDC/USD,"",0,confirmed,,,0,0,,,1781007144189,1781007200936,,1781007144189
422,0xae559e42fd3428b15935bce86a3f83882f16c96e40a27b90e6599decaa52a0fe,09f768160290382f1d95738ab1a9314ec7599cea0724efc5fdbc6a4cd11563e0,client_a_preview,0,"","",USDC/USD,"",0,failed,CrashRecovery,"daemon restarted with submitted transaction awaiting confirmation",0,0,,,1781007219202,,1781173552582,1781007219202
423,0xe5016f28abd4454ce1865b274f40cd0d3e5cfc7457bae32aeb81025685176391,09f768160290382f1d95738ab1a9314ec7599cea0724efc5fdbc6a4cd11563e0,client_a_preview,0,"","",NEIRO/USD,"",0,confirmed,,,0,0,,,1781007219212,1781007254630,,1781007219212
424,0xae559e42fd3428b15935bce86a3f83882f16c96e40a27b90e6599decaa52a0fe,"",client_a_preview,0,"","",USDC/USD,999729846000000000,1781007184,failed,CrashRecovery,"daemon restarted with submitted transaction awaiting confirmation",0,0,,,,,1781173552582,1781007254626
425,0xf456d47a7bb9864797056941bcc22c8d0084c0f73180fc84efaaf2bfba2f734c,"",client_a_preview,0,"","",NEIRO/USD,69851909950000,1781007224,failed,NonMonotonicNonce,"Oracle intent nonce must be greater than the current on-chain nonce; intent superseded, not submitted.",0,0,,,,,1781007262202,1781007262202
426,0x0deb29b1ebaed15905c93019c16f359380148a1936283483819867af93dbe677,6c9992af237492af20cc49d80d98ff352bce7e7a5f1e6db750897fb4c36c4dc2,client_a_preview,0,"","",XVG/USD,"",0,failed,CrashRecovery,"daemon restarted with submitted transaction awaiting confirmation",0,0,,,1781007390084,,1781173552579,1781007390084
427,0x0deb29b1ebaed15905c93019c16f359380148a1936283483819867af93dbe677,"",client_a_preview,0,"","",XVG/USD,2521637580000000,1781007346,failed,CrashRecovery,"daemon restarted with submitted transaction awaiting confirmation",0,0,,,,,1781173552579,1781007413606
428,0x5f88a9b1d1567424c8f9bcfda31c02f5b720b20f2fdc4295b2da7c8507391558,"",client_a_preview,0,"","",ARB/USD,80431813000000000,1781007379,failed,NonMonotonicNonce,"Intent for ARB/USD superseded on chain; not submitted.",0,0,,,,,1781007420014,1781007420014
429,0xd159a6c6e00241725c3cbff0a12b3bfbda76569200910a2a7708f534c1fe04bc,"",client_a_preview,0,"","",ETH/USD,1670737575385124831232,1781007401,failed,NonMonotonicNonce,"Intent for ETH/USD superseded on chain; not submitted.",0,0,,,,,1781007420021,1781007420021
430,0xa14f02375a07bb1d54fc96138557ba80a433631e5a1ea3ffc83d97e610ae8ad7,9a612ddc2dcd93d9d8679ce34e739ab6f08e55728cf6cf9eb42981a0ecf3ed19,client_a_preview,0,"","",ETH/USD,"",0,confirmed,,,0,0,,,1781007472371,1781007499054,,1781007472371
431,0xa14f02375a07bb1d54fc96138557ba80a433631e5a1ea3ffc83d97e610ae8ad7,"",client_a_preview,0,"","",ETH/USD,1670755578750000037888,1781007450,failed,NonMonotonicNonce,"Oracle intent timestamp must be greater than the current on-chain timestamp; intent superseded, not submitted.",0,0,,,,,1781007506804,1781007506804
432,0x7011f129d91c2d02b69eaff9cdff748a0b7da63274f4a75732084f826176d39a,"",client_a_preview,0,"","",LTC/USD,42406663500000002048,1781007597,failed,NonMonotonicNonce,"Oracle intent nonce must be greater than the current on-chain nonce; intent superseded, not submitted.",0,0,,,,,1781007610187,1781007610187
433,0xa20badb2bd39cd134f0f39b8dc89e5380b50d8c0c69aa115c17e9cd6ffe6b54a,db0f82a1bd1c9a95f50c145ddecb89ce81b186564db6af88d6b80e352167938f,client_a_preview,0,"","",DOGE/USD,"",0,confirmed,,,0,0,,,1781007699548,1781007728884,,1781007699548
434,0x36ccb0589f6cb1e3176183f403eda7e332d7eb53ee511c528c9e8c4e82f2f00f,db0f82a1bd1c9a95f50c145ddecb89ce81b186564db6af88d6b80e352167938f,client_a_preview,0,"","",SHIB/USD,"",0,confirmed,,,0,0,,,1781007699558,1781007728894,,1781007699558
435,0x277bab17b9a39a4d1fb998193aa1a8b36bbaa841ddef8fbb3eb335010e9df5b1,db0f82a1bd1c9a95f50c145ddecb89ce81b186564db6af88d6b80e352167938f,client_a_preview,0,"","",LTC/USD,"",0,confirmed,,,0,0,,,1781007699566,1781007728902,,1781007699566
436,0xa5a4b4f8a745d4b67940026a317a6a3c2cb57d286fc625a7ceb7526909b7978b,db0f82a1bd1c9a95f50c145ddecb89ce81b186564db6af88d6b80e352167938f,client_a_preview,0,"","",NEIRO/USD,"",0,failed,CrashRecovery,"daemon restarted with submitted transaction awaiting confirmation",0,0,,,1781007699572,,1781173552576,1781007699572
437,0x58401042d9a2fe6c77298d244cb4b81fe0ea8890fe1c06d712e60ddf60a6d384,db0f82a1bd1c9a95f50c145ddecb89ce81b186564db6af88d6b80e352167938f,client_a_preview,0,"","",USDT/USD,"",0,failed,CrashRecovery,"daemon restarted with submitted transaction awaiting confirmation",0,0,,,1781007699577,,1781173552573,1781007699577
438,0xa5a4b4f8a745d4b67940026a317a6a3c2cb57d286fc625a7ceb7526909b7978b,"",client_a_preview,0,"","",NEIRO/USD,69911527500000,1781007648,failed,CrashRecovery,"daemon restarted with submitted transaction awaiting confirmation",0,0,,,,,1781173552576,1781007728913
439,0x58401042d9a2fe6c77298d244cb4b81fe0ea8890fe1c06d712e60ddf60a6d384,"",client_a_preview,0,"","",USDT/USD,999450000000000000,1781007661,failed,CrashRecovery,"daemon restarted with submitted transaction awaiting confirmation",0,0,,,,,1781173552573,1781007728919
440,0x08b1c4325049caac6e2755841d45f151bbc07c4735115686220d7837b2611a54,f5be1643f4b12056505452a096703e9889ca25249ae335d0082e7efe21ca4961,client_a_preview,0,"","",LTC/USD,"",0,failed,CrashRecovery,"daemon restarted with submitted transaction awaiting confirmation",0,0,,,1781007749272,,1781173552570,1781007749272
441,0x15c2121a4bdf6039dd0f672b61454bba7671c6c19aebbceeff07abebcaede974,f5be1643f4b12056505452a096703e9889ca25249ae335d0082e7efe21ca4961,client_a_preview,0,"","",NEIRO/USD,"",0,confirmed,,,0,0,,,1781007749288,1781007794755,,1781007749288
442,0x31cd5d4d647d5b2e87173b7924c513305de2da22185056553b9fa8425b56b412,f5be1643f4b12056505452a096703e9889ca25249ae335d0082e7efe21ca4961,client_a_preview,0,"","",BTC/USD,"",0,failed,CrashRecovery,"daemon restarted with submitted transaction awaiting confirmation",0,0,,,1781007749307,,1781173552567,1781007749307
443,0x264e2106280933085d2605de7103824b3e0495b4daab338947992a8c3cbd689b,f5be1643f4b12056505452a096703e9889ca25249ae335d0082e7efe21ca4961,client_a_preview,0,"","",USDT/USD,"",0,confirmed,,,0,0,,,1781007749317,1781007794770,,1781007749317
444,0x08b1c4325049caac6e2755841d45f151bbc07c4735115686220d7837b2611a54,"",client_a_preview,0,"","",LTC/USD,42408162675000004608,1781007707,failed,CrashRecovery,"daemon restarted with submitted transaction awaiting confirmation",0,0,,,,,1781173552570,1781007794751
445,0x31cd5d4d647d5b2e87173b7924c513305de2da22185056553b9fa8425b56b412,"",client_a_preview,0,"","",BTC/USD,62610616729120859488256,1781007708,failed,CrashRecovery,"daemon restarted with submitted transaction awaiting confirmation",0,0,,,,,1781173552567,1781007794767
446,0x0dabe325a62c74fa0d844d2dcd0c4eecf0341342a463050a6b901e9f939bbea5,b888898849f62994ba9887636f39264d2cec8d2b1d9b601fdf58802fd9cf3a8d,client_a_preview,0,"","",USDT/USD,"",0,failed,CrashRecovery,"daemon restarted with submitted transaction awaiting confirmation",0,0,,,1781007814404,,1781173552564,1781007814404
447,0xba8fadf30008eb271eb1f132fb6f35d5910d9dc6454ce351fdae822787c71965,b888898849f62994ba9887636f39264d2cec8d2b1d9b601fdf58802fd9cf3a8d,client_a_preview,0,"","",NEIRO/USD,"",0,failed,CrashRecovery,"daemon restarted with submitted transaction awaiting confirmation",0,0,,,1781007814416,,1781173552561,1781007814416
448,0xfc1482cd0ea1ea483df3e4ab14bd83ee3bf25c89f163c60ca3532ff167feaa81,b888898849f62994ba9887636f39264d2cec8d2b1d9b601fdf58802fd9cf3a8d,client_a_preview,0,"","",BTC/USD,"",0,confirmed,,,0,0,,,1781007814422,1781007857193,,1781007814422
449,0x0dabe325a62c74fa0d844d2dcd0c4eecf0341342a463050a6b901e9f939bbea5,"",client_a_preview,0,"","",USDT/USD,999450000000000000,1781007776,failed,CrashRecovery,"daemon restarted with submitted transaction awaiting confirmation",0,0,,,,,1781173552564,1781007857183
450,0xba8fadf30008eb271eb1f132fb6f35d5910d9dc6454ce351fdae822787c71965,"",client_a_preview,0,"","",NEIRO/USD,69929017875000,1781007761,failed,CrashRecovery,"daemon restarted with submitted transaction awaiting confirmation",0,0,,,,,1781173552561,1781007857190
451,0x66337f5bcddfe4dd1b05c5b5cf4bd10867f5d2896c90d3140ef83a1245a66bec,"",client_a_preview,0,"","",BTC/USD,62620738674557511008256,1781007826,failed,NonMonotonicNonce,"Intent for BTC/USD superseded on chain; not submitted.",0,0,,,,,1781007866516,1781007866516
452,0xc9a39fefc0fee39d01b0c5197588f0761c47f64ae374d3e436bf473a879b5454,"",client_a_preview,0,"","",USDC/USD,999719851500000128,1781007834,failed,NonMonotonicNonce,"Intent for USDC/USD superseded on chain; not submitted.",0,0,,,,,1781007866522,1781007866522
453,0x1b6390a8ad652d3a6d304b5e83856bd3294658c416b8e3508a7b68f2f650d6d7,26a974afa15e5e112135635e1362554f97c7a90c73bf8f163deeac618b0855ca,client_a_preview,0,"","",LTC/USD,"",0,confirmed,,,0,0,,,1781007910669,1781007968546,,1781007910669
454,0xbd3f04072c9fdfc1cc907d4b462b4787754c7327e2ad2dc3fb60c8ef44b9bef2,"",client_a_preview,0,"","",USDC/USD,999719851500000128,1781007953,failed,NonMonotonicNonce,"Intent for USDC/USD superseded on chain; not submitted.",0,0,,,,,1781007976498,1781007976498
455,0x10de4f6f75d6714d9368c7c2167db289e456ff008e0f24b7150b32e006a68ed9,"",client_a_preview,0,"","",LTC/USD,42481622250000003072,1781007943,failed,NonMonotonicNonce,"Intent for LTC/USD superseded on chain; not submitted.",0,0,,,,,1781007976505,1781007976505
456,0x69c3e4160ba4bf6484d3710e62ab1aa38f4a80ce6300559734fb1cd8c64bfb69,"",client_a_preview,0,"","",SHIB/USD,4690668712500,1781007961,failed,NonMonotonicNonce,"Intent for SHIB/USD superseded on chain; not submitted.",0,0,,,,,1781007976510,1781007976510
457,0xefb45d7be1e047b68a11a10d3356cfbb8b8eddedfc917443f728aabe6e8e3f10,d22b2315e47ce154f9c34a62081c05fb7541343f9ff969b616acf71c0023abd4,client_a_preview,0,"","",ARB/USD,"",0,confirmed,,,0,0,,,1781008004102,1781008041341,,1781008004102
458,0x69ddd1c7236594dab533a0399833c66e6627df0ffe2921d5b69548e43ea3514b,a4439b64b8682a4ad8f74c3943ee08d2359098d7642d213fe3feb0bc1e56169d,client_a_preview,0,"","",XVG/USD,"",0,failed,CrashRecovery,"daemon restarted with submitted transaction awaiting confirmation",0,0,,,1781008062397,,1781173552559,1781008062397
459,0xdc2495f692b6f0fedbeb406830aa1b28cdc186cda0341d16a1971c44837b61da,a4439b64b8682a4ad8f74c3943ee08d2359098d7642d213fe3feb0bc1e56169d,client_a_preview,0,"","",USDC/USD,"",0,confirmed,,,0,0,,,1781008062404,1781008098957,,1781008062404
460,0x67a4599f12a4b460e3e506bb471f3c566e51e77c3790a6edccd2a4628c1c6eca,a4439b64b8682a4ad8f74c3943ee08d2359098d7642d213fe3feb0bc1e56169d,client_a_preview,0,"","",SHIB/USD,"",0,confirmed,,,0,0,,,1781008062410,1781008098968,,1781008062410
461,0x69ddd1c7236594dab533a0399833c66e6627df0ffe2921d5b69548e43ea3514b,"",client_a_preview,0,"","",XVG/USD,2522637040000000,1781008007,failed,CrashRecovery,"daemon restarted with submitted transaction awaiting confirmation",0,0,,,,,1781173552559,1781008098953
462,0xefb45d7be1e047b68a11a10d3356cfbb8b8eddedfc917443f728aabe6e8e3f10,"",client_a_preview,0,"","",ARB/USD,80515893425000008,1781007982,failed,NonMonotonicNonce,"Intent for ARB/USD superseded on chain; not submitted.",0,0,,,,,1781008098992,1781008098992
463,0x54499919ca84cc64d9696dd008281a5219bf60f6eaa26dd15a7a0b73065fce6c,a862b23585095d4a20eb3d0de6dadbdccf44cb0aec4da7e0c87e7d7aa3a2cc12,client_a_preview,0,"","",USDC/USD,"",0,failed,CrashRecovery,"daemon restarted with submitted transaction awaiting confirmation",0,0,,,1781008121234,,1781173552556,1781008121234
464,0x7edd6ea56ba530d75a2ec5515b913ac2018270b64e94a46a4226b7e84f8151e7,a862b23585095d4a20eb3d0de6dadbdccf44cb0aec4da7e0c87e7d7aa3a2cc12,client_a_preview,0,"","",XVG/USD,"",0,confirmed,,,0,0,,,1781008121244,1781008160802,,1781008121244
465,0x7717de18f7b8c5771592356715ca06cd9eca87bcf11c4e4ddf567a3ce4feb11f,a862b23585095d4a20eb3d0de6dadbdccf44cb0aec4da7e0c87e7d7aa3a2cc12,client_a_preview,0,"","",DOGE/USD,"",0,failed,CrashRecovery,"daemon restarted with submitted transaction awaiting confirmation",0,0,,,1781008121250,,1781173552553,1781008121250
466,0x08d79c3f5c6a390db4c9836079c09a11852ff43c709160f8824092db93621afd,a862b23585095d4a20eb3d0de6dadbdccf44cb0aec4da7e0c87e7d7aa3a2cc12,client_a_preview,0,"","",SHIB/USD,"",0,failed,CrashRecovery,"daemon restarted with submitted transaction awaiting confirmation",0,0,,,1781008121254,,1781173552550,1781008121254
467,0xa982cda5a78cc691d933773c23349a9c44b8a50acba17a9e5f11d0c49342d6cb,a862b23585095d4a20eb3d0de6dadbdccf44cb0aec4da7e0c87e7d7aa3a2cc12,client_a_preview,0,"","",ARB/USD,"",0,confirmed,,,0,0,,,1781008121259,1781008160826,,1781008121259
468,0x54499919ca84cc64d9696dd008281a5219bf60f6eaa26dd15a7a0b73065fce6c,"",client_a_preview,0,"","",USDC/USD,999714923000000128,1781008068,failed,CrashRecovery,"daemon restarted with submitted transaction awaiting confirmation",0,0,,,,,1781173552556,1781008160799
469,0x7717de18f7b8c5771592356715ca06cd9eca87bcf11c4e4ddf567a3ce4feb11f,"",client_a_preview,0,"","",DOGE/USD,85532931000000000,1781008074,failed,CrashRecovery,"daemon restarted with submitted transaction awaiting confirmation",0,0,,,,,1781173552553,1781008160817
470,0x08d79c3f5c6a390db4c9836079c09a11852ff43c709160f8824092db93621afd,"",client_a_preview,0,"","",SHIB/USD,4691668162500,1781008076,failed,CrashRecovery,"daemon restarted with submitted transaction awaiting confirmation",0,0,,,,,1781173552550,1781008160823
471,0xf349456abd990ba97f165a1df11bca116a815cb4037310b5af6395ffbbf5f702,399aed9be860407dd35ada8b5ad00b5e373e362f244df74f0c485a853cbada44,client_a_preview,0,"","",XVG/USD,"",0,failed,CrashRecovery,"daemon restarted with submitted transaction awaiting confirmation",0,0,,,1781008183133,,1781173552547,1781008183133
472,0x66310c1cf84c2ae92fdff74ad131dd0f918c39db918dec12288cd2539a75bcb5,399aed9be860407dd35ada8b5ad00b5e373e362f244df74f0c485a853cbada44,client_a_preview,0,"","",LTC/USD,"",0,confirmed,,,0,0,,,1781008183144,1781008216376,,1781008183144
473,0x262e4d531e9491a0f745630ca585d0edd0a7bad093418c44f242ac415f53882a,399aed9be860407dd35ada8b5ad00b5e373e362f244df74f0c485a853cbada44,client_a_preview,0,"","",ETH/USD,"",0,confirmed,,,0,0,,,1781008183150,1781008216385,,1781008183150
474,0x9f78511a625c435ae719cf2e82c9cb94037b03100fdbebeae7f0de7a9b584135,399aed9be860407dd35ada8b5ad00b5e373e362f244df74f0c485a853cbada44,client_a_preview,0,"","",DOGE/USD,"",0,confirmed,,,0,0,,,1781008183154,1781008216393,,1781008183154
475,0x254fd843389e232c3aff0ed8e2976989bcebd438c730696d33fb4826ee2648dd,399aed9be860407dd35ada8b5ad00b5e373e362f244df74f0c485a853cbada44,client_a_preview,0,"","",ARB/USD,"",0,failed,CrashRecovery,"daemon restarted with submitted transaction awaiting confirmation",0,0,,,1781008183162,,1781173552544,1781008183162
476,0xf349456abd990ba97f165a1df11bca116a815cb4037310b5af6395ffbbf5f702,"",client_a_preview,0,"","",XVG/USD,2522637040000000,1781008121,failed,CrashRecovery,"daemon restarted with submitted transaction awaiting confirmation",0,0,,,,,1781173552547,1781008216372
477,0x254fd843389e232c3aff0ed8e2976989bcebd438c730696d33fb4826ee2648dd,"",client_a_preview,0,"","",ARB/USD,80598467128765504,1781008152,failed,CrashRecovery,"daemon restarted with submitted transaction awaiting confirmation",0,0,,,,,1781173552544,1781008216404
478,0xd8bc382da15e8f580c95cd81dd0fc1ce496f230af375dc89bc24fe8bb2f85e03,"",client_a_preview,0,"","",LTC/USD,42514452525000003584,1781008170,failed,NonMonotonicNonce,"Intent for LTC/USD superseded on chain; not submitted.",0,0,,,,,1781008224158,1781008224158
479,0x33e86597214187d26a250b4cd547d67c8c2120b664bebaaee1e32d25c201d23d,"",client_a_preview,0,"","",ETH/USD,1673803901250000125952,1781008172,failed,NonMonotonicNonce,"Intent for ETH/USD superseded on chain; not submitted.",0,0,,,,,1781008224166,1781008224166
480,0x25dadf2bfff070f9394a96e6f4d4aa093c5704001e9b7a6f83616d56f8bce665,"",client_a_preview,0,"","",DOGE/USD,85618143500000000,1781008185,failed,NonMonotonicNonce,"Intent for DOGE/USD superseded on chain; not submitted.",0,0,,,,,1781008224172,1781008224172
481,0xacfa8fc4d5785216746c181e061c29b7573a064f2dcb55542ac9a9166ce3953f,8cd69dbba7b773dfaddcb112227dbd3e84fb121918d132cb53e4f974194b82a6,client_a_preview,0,"","",ETH/USD,"",0,confirmed,,,0,0,,,1781008251572,1781008335717,,1781008251572
482,0x673bb217df2807c44bd8bde88a277a5162f104084f63ee66742bfbf6c1ecf87c,"",client_a_preview,0,"","",ETH/USD,1675841810240144932864,1781008288,failed,NonMonotonicNonce,"Oracle intent nonce must be greater than the current on-chain nonce; intent superseded, not submitted.",0,0,,,,,1781008343626,1781008343626
483,0x1b01eea979c282c294588c7d91f5f05f0b68c4b58ed3078ea04d5d030b2cff60,787856886bf36aabfbcf10c2a7ad0cf45fdc769bbc3d357b492d9ebfc1d435ca,client_a_preview,0,"","",USDT/USD,"",0,confirmed,,,0,0,,,1781008427054,1781008459451,,1781008427054
484,0x1b01eea979c282c294588c7d91f5f05f0b68c4b58ed3078ea04d5d030b2cff60,"",client_a_preview,0,"","",USDT/USD,999460000000000000,1781008405,failed,NonMonotonicNonce,"Intent for USDT/USD superseded on chain; not submitted.",0,0,,,,,1781008467130,1781008467130
485,0x1ba74797f4e8a0018d0a60f904149a6b00461540ec5c952e14a9e56599be259c,"",client_a_preview,0,"","",NEIRO/USD,69969345925000,1781008451,failed,NonMonotonicNonce,"Intent for NEIRO/USD superseded on chain; not submitted.",0,0,,,,,1781008467138,1781008467138
486,0xdc714492d37e35df4128081a6c36f8b94ef87aa276830bda001597cdb7d73e44,"",client_a_preview,0,"","",DOGE/USD,85664462643486320,1781008417,failed,NonMonotonicNonce,"Intent for DOGE/USD superseded on chain; not submitted.",0,0,,,,,1781008467145,1781008467145
487,0x434d9f4fc8183889d1b2ae9430540a47880e7560a1a566b2431255874c68831e,b53ff283b6e50410edaddbaa3eb7812f52499ed98276f7b7c8d79c90871cc9ee,client_a_preview,0,"","",DOGE/USD,"",0,confirmed,,,0,0,,,1781008491843,1781008519425,,1781008491843
488,0x1a80d1d940f7181a2f7574ed86493ff8bfb2608542352ef473a37b82992b553f,23be1cf237babe39d2e1c413112b7755a8552849f1679ccf1cdbbc1129be9226,client_a_preview,0,"","",BTC/USD,"",0,failed,CrashRecovery,"daemon restarted with submitted transaction awaiting confirmation",0,0,,,1781008538235,,1781173552541,1781008538235
489,0xfa5e859af88cda03adb33bf3309564838206b97d2e579b2581c75f4f42f9e9a9,23be1cf237babe39d2e1c413112b7755a8552849f1679ccf1cdbbc1129be9226,client_a_preview,0,"","",NEIRO/USD,"",0,confirmed,,,0,0,,,1781008538245,1781008573931,,1781008538245
490,0x1a80d1d940f7181a2f7574ed86493ff8bfb2608542352ef473a37b82992b553f,"",client_a_preview,0,"","",BTC/USD,62677263534750001266688,1781008516,failed,CrashRecovery,"daemon restarted with submitted transaction awaiting confirmation",0,0,,,,,1781173552541,1781008573927
491,0xaee395ca81bf42c880fa7002d462842090b5aac8839adb7ac39d9fe30c3ae052,e6af7f4e0d1c61ed31014a33c8330d14dbee96d6a597f4cebcc48a3e5fe4957a,client_a_preview,0,"","",NEIRO/USD,"",0,failed,CrashRecovery,"daemon restarted with submitted transaction awaiting confirmation",0,0,,,1781008592554,,1781173552538,1781008592554
492,0x6324f0a84515a3f7855b7502ab1d9f895b4863b8a6b4bb49832cdcd469ae14c4,e6af7f4e0d1c61ed31014a33c8330d14dbee96d6a597f4cebcc48a3e5fe4957a,client_a_preview,0,"","",BTC/USD,"",0,confirmed,,,0,0,,,1781008592565,1781008640558,,1781008592565
493,0xaee395ca81bf42c880fa7002d462842090b5aac8839adb7ac39d9fe30c3ae052,"",client_a_preview,0,"","",NEIRO/USD,69969345925000,1781008565,failed,CrashRecovery,"daemon restarted with submitted transaction awaiting confirmation",0,0,,,,,1781173552538,1781008640555
494,0xea8d9c0514ce9ba858ddf751701559258b735fd0e0b3eac1cabfb5512e2860a3,"",client_a_preview,0,"","",BTC/USD,62677263534750001266688,1781008634,failed,NonMonotonicNonce,"Oracle intent nonce must be greater than the current on-chain nonce; intent superseded, not submitted.",0,0,,,,,1781008648443,1781008648443
495,0x7a83af218549d330bce338dd012590fe3ebf53e330ba759a0f620087335a448b,13c040c389fae6b3470b11eeef56ad06363b13cfcbaf85e27cfe149234f871ad,client_a_preview,0,"","",SHIB/USD,"",0,confirmed,,,0,0,,,1781008724585,1781008775211,,1781008724585
496,0x26dff30f9b0303cc5fcc48637c72e6830cb8d530bb86c5a28f287fd2e9068140,"",client_a_preview,0,"","",USDC/USD,999719851500000128,1781008762,failed,NonMonotonicNonce,"Intent for USDC/USD superseded on chain; not submitted.",0,0,,,,,1781008782241,1781008782241
497,0x7a83af218549d330bce338dd012590fe3ebf53e330ba759a0f620087335a448b,"",client_a_preview,0,"","",SHIB/USD,4695768199165,1781008702,failed,NonMonotonicNonce,"Intent for SHIB/USD superseded on chain; not submitted.",0,0,,,,,1781008782249,1781008782249
498,0x29d1fe3f62cbc4a0ec55afbd59d03e1315ebbcb217205eb79d2f11348458e70f,8dcfa24f59cab0f9757793aa4e7a13a40d8239cede1b0b861edb87e3f861f7ce,client_a_preview,0,"","",ARB/USD,"",0,confirmed,,,0,0,,,1781008869196,1781008911251,,1781008869196
499,0x05a1251eb684f7dc7c43112400d1271b78b6ef3d8ec24c2870f68f87b2674df3,8dcfa24f59cab0f9757793aa4e7a13a40d8239cede1b0b861edb87e3f861f7ce,client_a_preview,0,"","",XVG/USD,"",0,failed,CrashRecovery,"daemon restarted with submitted transaction awaiting confirmation",0,0,,,1781008869206,,1781173552535,1781008869206
500,0xb70f027cfbcfc0df6502a122b8a41e8fc4d2e4133667f81cddec6d71e18e62b6,8dcfa24f59cab0f9757793aa4e7a13a40d8239cede1b0b861edb87e3f861f7ce,client_a_preview,0,"","",USDC/USD,"",0,confirmed,,,0,0,,,1781008869213,1781008911272,,1781008869213
501,0x05a1251eb684f7dc7c43112400d1271b78b6ef3d8ec24c2870f68f87b2674df3,"",client_a_preview,0,"","",XVG/USD,2523611250000000,1781008819,failed,CrashRecovery,"daemon restarted with submitted transaction awaiting confirmation",0,0,,,,,1781173552535,1781008911269
502,0xa874f81a0d596a26d31336d62dfd86af5f4f6888b7d610dbdf4d1b5382ec6956,3e4dea9c1d6e1bea7e71c1aea42b65f95a985d01dbaaa18ea497814a1fc9c071,client_a_preview,0,"","",ARB/USD,"",0,confirmed,,,0,0,,,1781008931111,1781009027715,,1781008931111
503,0xb993eaeb8df944def779ea6c16d2cd17d946a6740bd83371eed551d44a480b13,3e4dea9c1d6e1bea7e71c1aea42b65f95a985d01dbaaa18ea497814a1fc9c071,client_a_preview,0,"","",USDC/USD,"",0,failed,CrashRecovery,"daemon restarted with submitted transaction awaiting confirmation",0,0,,,1781008931122,,1781173552532,1781008931122
504,0x8e18229aeba23daa4cf68bd21650df3e10d695b8410a19ba0f75cc9a541d1188,3e4dea9c1d6e1bea7e71c1aea42b65f95a985d01dbaaa18ea497814a1fc9c071,client_a_preview,0,"","",LTC/USD,"",0,failed,CrashRecovery,"daemon restarted with submitted transaction awaiting confirmation",0,0,,,1781008931128,,1781173552529,1781008931128
505,0xb993eaeb8df944def779ea6c16d2cd17d946a6740bd83371eed551d44a480b13,"",client_a_preview,0,"","",USDC/USD,999719851500000128,1781008881,failed,CrashRecovery,"daemon restarted with submitted transaction awaiting confirmation",0,0,,,,,1781173552532,1781009027730
506,0x8e18229aeba23daa4cf68bd21650df3e10d695b8410a19ba0f75cc9a541d1188,"",client_a_preview,0,"","",LTC/USD,42546799350000005120,1781008871,failed,CrashRecovery,"daemon restarted with submitted transaction awaiting confirmation",0,0,,,,,1781173552529,1781009027737
507,0x2ecf9ef51e2591f86d246001b2323b7619e1f895dec1e8d2beebcc59ac48882d,"",client_a_preview,0,"","",ETH/USD,1676316117791570264064,1781008990,failed,NonMonotonicNonce,"Oracle intent nonce must be greater than the current on-chain nonce; intent superseded, not submitted.",0,0,,,,,1781009035760,1781009035760
508,0x58744d795cd1c2e11ce38350b8ce65b9ecc4fa643249b4fe9828e603a96aa11d,1cd4ee6ba11ea7aefa3378681ce20f85543360217fd109170862cc3ab4757f30,client_a_preview,0,"","",ETH/USD,"",0,confirmed,,,0,0,,,1781009062329,1781009095374,,1781009062329
509,0x58744d795cd1c2e11ce38350b8ce65b9ecc4fa643249b4fe9828e603a96aa11d,"",client_a_preview,0,"","",ETH/USD,1676316117791570264064,1781009038,failed,NonMonotonicNonce,"Oracle intent timestamp must be greater than the current on-chain timestamp; intent superseded, not submitted.",0,0,,,,,1781009103381,1781009103381
510,0x655a64a1d6629956f0e46bf268a0362b2e766f29826ff80875692b04e2e85671,feb2e5af63f821a226499e1b1e08a271a429dc1888f821aeb0cbfa5a8b1603a6,client_a_preview,0,"","",USDT/USD,"",0,confirmed,,,0,0,,,1781009121190,1781009202558,,1781009121190
511,0xf637215dec83f75248f732f96a7e55ba5dff33dcaf26e0be04874ba6e31127bf,9230590e8454b2c657a962f90bbd2f4c52dabbbf87d23ced62d4a3dc6b1b7896,client_a_preview,0,"","",USDT/USD,"",0,failed,CrashRecovery,"daemon restarted with submitted transaction awaiting confirmation",0,0,,,1781009221802,,1781173552524,1781009221802
512,0xa9357ca56919997d0252b40a96bc909d0247534672d067839c952bcd4225deae,9230590e8454b2c657a962f90bbd2f4c52dabbbf87d23ced62d4a3dc6b1b7896,client_a_preview,0,"","",DOGE/USD,"",0,confirmed,,,0,0,,,1781009221811,1781009263958,,1781009221811
513,0xf637215dec83f75248f732f96a7e55ba5dff33dcaf26e0be04874ba6e31127bf,"",client_a_preview,0,"","",USDT/USD,999482469878712512,1781009165,failed,CrashRecovery,"daemon restarted with submitted transaction awaiting confirmation",0,0,,,,,1781173552524,1781009263954
514,0x6e96451b63bec44ed22c242104d43c4fc7ea9578698bc176dbd8f9c13805912c,dfd305f366100128efbaa9e4939248538e8e67a9aa24fac1b47b14a21bbf8e34,client_a_preview,0,"","",NEIRO/USD,"",0,confirmed,,,0,0,,,1781009283340,1781009331859,,1781009283340
515,0x31e4de251710cba9512c3f34906119537d4c0253954ce4959c71809f5cadec9e,dfd305f366100128efbaa9e4939248538e8e67a9aa24fac1b47b14a21bbf8e34,client_a_preview,0,"","",DOGE/USD,"",0,failed,CrashRecovery,"daemon restarted with submitted transaction awaiting confirmation",0,0,,,1781009283347,,1781173552521,1781009283347
516,0x31e4de251710cba9512c3f34906119537d4c0253954ce4959c71809f5cadec9e,"",client_a_preview,0,"","",DOGE/USD,85689215157754712,1781009237,failed,CrashRecovery,"daemon restarted with submitted transaction awaiting confirmation",0,0,,,,,1781173552521,1781009331872
517,0xef99f874666c60916de016959f79c9e159de50da78121a5347504c1284a12e77,e604f75a3bfbc83d3c066c457c205a7c8f60e63b365478ead3e5ea59ac818b0f,client_a_preview,0,"","",BTC/USD,"",0,confirmed,,,0,0,,,1781009350737,1781009387441,,1781009350737
518,0xae9d00f4479faaa6c27b147a094126e81993d898aa369c80f4542ca1ea1f35b0,e604f75a3bfbc83d3c066c457c205a7c8f60e63b365478ead3e5ea59ac818b0f,client_a_preview,0,"","",NEIRO/USD,"",0,confirmed,,,0,0,,,1781009350747,1781009387452,,1781009350747
519,0x57e7e687d0ea3f95d7cdf62fdc66381094365cc79792c2f4efde650a1fc7bb91,bf5be8bcc7dfe2e2738b397bd2e03002f932f0571e82f79c01d695282da7c3e7,client_a_preview,0,"","",BTC/USD,"",0,confirmed,,,0,0,,,1781009405904,1781009448099,,1781009405904
520,0xb4a5da8bb6268da3ced0646ce18f852de4e6f56f5964c6a6b2ccb69b190f9c36,f20b35659f3bb727b62e07b46c4705a9add6f2ce9a5114bb2a919c05e4392bef,client_a_preview,0,"","",SHIB/USD,"",0,confirmed,,,0,0,,,1781009466385,1781009526196,,1781009466385
521,0x1b22ba95b07bf56fced081eaf29fbca65cfac64c1318bfc369bb051ec689db63,725289e9e92e8c40474dddddde4077e15dfed54681f173f019aef78254840f25,client_a_preview,0,"","",SHIB/USD,"",0,confirmed,,,0,0,,,1781009545460,1781009572353,,1781009545460
522,0xfca77808644a1ac0e896c9b3f00393e8b7b667afc39dce0892de436f7a3141ef,725289e9e92e8c40474dddddde4077e15dfed54681f173f019aef78254840f25,client_a_preview,0,"","",XVG/USD,"",0,failed,CrashRecovery,"daemon restarted with submitted transaction awaiting confirmation",0,0,,,1781009545468,,1781173552518,1781009545468
523,0xfca77808644a1ac0e896c9b3f00393e8b7b667afc39dce0892de436f7a3141ef,"",client_a_preview,0,"","",XVG/USD,2524635960000000,1781009511,failed,CrashRecovery,"daemon restarted with submitted transaction awaiting confirmation",0,0,,,,,1781173552518,1781009572370
524,0x552507d0e09dc4c85150359daf38d046c24e863cd1abba5aef2e886c26f69a41,219a93a182ed7b2c8334694d9f7f5e6340d8db8ef3b9fc16f3d9c944b0755f7f,client_a_preview,0,"","",LTC/USD,"",0,failed,CrashRecovery,"daemon restarted with submitted transaction awaiting confirmation",0,0,,,1781009592937,,1781173552514,1781009592937
525,0xdb6aadecf06b0b40096803d93b45d6ba75801fceefb7153fa301fc50dfc8bfc1,219a93a182ed7b2c8334694d9f7f5e6340d8db8ef3b9fc16f3d9c944b0755f7f,client_a_preview,0,"","",XVG/USD,"",0,confirmed,,,0,0,,,1781009592944,1781009629610,,1781009592944
526,0x552507d0e09dc4c85150359daf38d046c24e863cd1abba5aef2e886c26f69a41,"",client_a_preview,0,"","",LTC/USD,42556793900000002048,1781009561,failed,CrashRecovery,"daemon restarted with submitted transaction awaiting confirmation",0,0,,,,,1781173552514,1781009629607
527,0xc7e379ffa22d2f6bd956b5cbf9ab58a795123acb596b5bf845cbb6d502d1b7ca,e722b119b23def6e1994e3fa9024019e12dae1282d268b3c57a4556b1a4ae88d,client_a_preview,0,"","",USDC/USD,"",0,confirmed,,,0,0,,,1781009649973,1781009686295,,1781009649973
528,0x0315f766a2a491912b52ce926bea0bd172f958e025abd522cad6cff26014b189,e722b119b23def6e1994e3fa9024019e12dae1282d268b3c57a4556b1a4ae88d,client_a_preview,0,"","",XVG/USD,"",0,failed,CrashRecovery,"daemon restarted with submitted transaction awaiting confirmation",0,0,,,1781009649983,,1781173552511,1781009649983
529,0x34e7347935e966cafca29a89f9e5f3bc34153cd35bcb390e4a8333842b991052,e722b119b23def6e1994e3fa9024019e12dae1282d268b3c57a4556b1a4ae88d,client_a_preview,0,"","",LTC/USD,"",0,confirmed,,,0,0,,,1781009649989,1781009686317,,1781009649989
530,0x0315f766a2a491912b52ce926bea0bd172f958e025abd522cad6cff26014b189,"",client_a_preview,0,"","",XVG/USD,2524635960000000,1781009621,failed,CrashRecovery,"daemon restarted with submitted transaction awaiting confirmation",0,0,,,,,1781173552511,1781009686314
531,0x812bdc72c121b0d0864fa53cac2cdf13f3616f4ab60aaec69ee5e2b6c404066e,"",client_a_preview,0,"","",LTC/USD,42557219207826829312,1781009671,failed,NonMonotonicNonce,"Intent for LTC/USD superseded on chain; not submitted.",0,0,,,,,1781009693138,1781009693138
532,0x776f5c97af975c47cb0a8e8d8f5d1d1cb051b0f2cbb822d921bcdfdc12270aaf,"",client_a_preview,0,"","",ARB/USD,80640623250000000,1781009653,failed,NonMonotonicNonce,"Intent for ARB/USD superseded on chain; not submitted.",0,0,,,,,1781009693145,1781009693145
533,0x73dd6bd11d2e0255d58775091ab0b567288b1e90c2bd1df0bdfea41170cb11d5,fb1df4e1ee05d04336e7be7965f3fc9ee0023a7e2ec41ff59c01f90d5e6ad679,client_a_preview,0,"","",ARB/USD,"",0,confirmed,,,0,0,,,1781009726972,1781009750755,,1781009726972
534,0xd9bc1862369b245287fc5fd29c8e12088685aa0a1a5300570970c06ed776da6a,8f07e1050da75dfcd23fd900bfba04e5ce239207ce4c0ccf6ce174f3032faab4,client_a_preview,0,"","",ETH/USD,"",0,confirmed,,,0,0,,,1781009769931,1781009814774,,1781009769931
535,0x73dd6bd11d2e0255d58775091ab0b567288b1e90c2bd1df0bdfea41170cb11d5,"",client_a_preview,0,"","",ARB/USD,80626034850000016,1781009704,failed,NonMonotonicNonce,"Intent for ARB/USD superseded on chain; not submitted.",0,0,,,,,1781009814790,1781009814790
536,0x9d0100e27b2e20af5bf7140dc00b6fa72feb18e32c9d8d64a8385751d530b3aa,"",client_a_preview,0,"","",ETH/USD,1676105487478828302336,1781009794,failed,NonMonotonicNonce,"Intent for ETH/USD superseded on chain; not submitted.",0,0,,,,,1781009821482,1781009821482
537,0x2ee35c3415f00b409ea8756d1c0307c662331ff39d9d289b5b9b66b6291f7039,"",client_a_preview,0,"","",BTC/USD,62612448493143653875712,1781009790,failed,NonMonotonicNonce,"Intent for BTC/USD superseded on chain; not submitted.",0,0,,,,,1781009821492,1781009821492
538,0xcae20b348b766564f258a10f9a6b1e7a513a98ec8ad746c5a740e5543aca8a93,027670248e648b789b12a9a7c865a03ed90f29221ecd6f395305f1f26ead9660,client_a_preview,0,"","",BTC/USD,"",0,confirmed,,,0,0,,,1781009905612,1781009950932,,1781009905612
539,0x2abe95f582269063e56b3432075dd50d223a94801dba997fad9b5d544829a6f1,027670248e648b789b12a9a7c865a03ed90f29221ecd6f395305f1f26ead9660,client_a_preview,0,"","",USDT/USD,"",0,failed,CrashRecovery,"daemon restarted with submitted transaction awaiting confirmation",0,0,,,1781009905622,,1781173552508,1781009905622
540,0x2abe95f582269063e56b3432075dd50d223a94801dba997fad9b5d544829a6f1,"",client_a_preview,0,"","",USDT/USD,999500000000000000,1781009858,failed,CrashRecovery,"daemon restarted with submitted transaction awaiting confirmation",0,0,,,,,1781173552508,1781009950948
541,0x41793c04ddb8c1437d224e0c23d4467fbc7e460def04d9fc2c01176fd8998539,"",client_a_preview,0,"","",DOGE/USD,85675708436775008,1781009924,failed,NonMonotonicNonce,"Intent for DOGE/USD superseded on chain; not submitted.",0,0,,,,,1781009957709,1781009957709
542,0xac4926708fd1030b0b41237a208662e218c51846111730310d7e5f4d2fbae546,"",client_a_preview,0,"","",BTC/USD,62601036298697939353600,1781009907,failed,NonMonotonicNonce,"Intent for BTC/USD superseded on chain; not submitted.",0,0,,,,,1781009957717,1781009957717
543,0xbb5d400f834be76c2c2066e9f4dae5e2a1648da6bafc72480c31367bd8495d02,effdf7f99fac345f445aa0eb3d325d8761a2e6761d77815bf5f1ecda202ce9b9,client_a_preview,0,"","",DOGE/USD,"",0,confirmed,,,0,0,,,1781009996374,1781010041707,,1781009996374
544,0xab7be15c8a32354eb275d772db35a605fdf6fd5a62590e0be83f381a8bffba8b,b769c08f3d232cb1bebe13623abeb7434744b1710f9ddb794c3fd8e2379c859c,client_a_preview,0,"","",NEIRO/USD,"",0,confirmed,,,0,0,,,1781010060838,1781010109212,,1781010060838
545,0xbb5d400f834be76c2c2066e9f4dae5e2a1648da6bafc72480c31367bd8495d02,"",client_a_preview,0,"","",DOGE/USD,85675708436775008,1781009974,failed,NonMonotonicNonce,"Intent for DOGE/USD superseded on chain; not submitted.",0,0,,,,,1781010109208,1781010109208
546,0x9fb196c9a9efca2b9c36ceee55513d4514b9c7486747c1d82c2a0e31e824aadc,"",client_a_preview,0,"","",NEIRO/USD,69941811475000,1781010074,failed,NonMonotonicNonce,"Oracle intent nonce must be greater than the current on-chain nonce; intent superseded, not submitted.",0,0,,,,,1781010117142,1781010117142
547,0x3bd1e3cce3c38240f780787d10f9aaae634c0a70b14559de59cbb60cacca2989,a7b2af2524fbb63e9067151a7552eb58c9118b6dca2d65f51db7150e0d187ecb,client_a_preview,0,"","",SHIB/USD,"",0,confirmed,,,0,0,,,1781010229118,1781010262151,,1781010229118
548,0x7526e65265732d3a963985d4f6f4c55071f9e99659b9d595df844efb781dd934,892495efd2b6151b842d0fa204f1798820bdf24ffe9714228c98d9bfea5716d5,client_a_preview,0,"","",XVG/USD,"",0,confirmed,,,0,0,,,1781010281596,1781010496119,,1781010281596
549,0x3bd1e3cce3c38240f780787d10f9aaae634c0a70b14559de59cbb60cacca2989,"",client_a_preview,0,"","",SHIB/USD,4696675631686,1781010205,failed,NonMonotonicNonce,"Intent for SHIB/USD superseded on chain; not submitted.",0,0,,,,,1781010496115,1781010496115
550,0xf2c94c931e6617e8d8fc78acd2c8a7d6261ee740c955888ce1fb266a64bc64c3,ac8a4b177310182ff2fdff398189aff5875e717e8d40300e5745d5c28045d112,client_a_preview,0,"","",XVG/USD,"",0,confirmed,,,0,0,,,1781010519450,1781010550123,,1781010519450
551,0x2a184290405ed19129270995e6cc24c7dbb3a90a462415fdd3c56f014c330546,ac8a4b177310182ff2fdff398189aff5875e717e8d40300e5745d5c28045d112,client_a_preview,0,"","",LTC/USD,"",0,confirmed,,,0,0,,,1781010519457,1781010550136,,1781010519457
552,0x35db78fd5ce41e72d60e8674a150ff5e814d2bb7b1ea7d628e1edd0593982537,ac8a4b177310182ff2fdff398189aff5875e717e8d40300e5745d5c28045d112,client_a_preview,0,"","",USDC/USD,"",0,confirmed,,,0,0,,,1781010519462,1781010550145,,1781010519462
553,0xe3e6d3e1068917b0a1e7412ad9b8555c5cfc5c42aa3518da4bb31b0d4ba482c1,ac8a4b177310182ff2fdff398189aff5875e717e8d40300e5745d5c28045d112,client_a_preview,0,"","",ARB/USD,"",0,failed,CrashRecovery,"daemon restarted with submitted transaction awaiting confirmation",0,0,,,1781010519468,,1781173552505,1781010519468
554,0x73b1495e467c2d690ff8f03d62a7fac0da25fe490d8a00fd7578876971efa44e,ac8a4b177310182ff2fdff398189aff5875e717e8d40300e5745d5c28045d112,client_a_preview,0,"","",ETH/USD,"",0,confirmed,,,0,0,,,1781010519472,1781010550160,,1781010519472
555,0x829dc597e2cf9f2bc9a76be7f2c60f846fdf26a276674498f359d1bc3e448285,ac8a4b177310182ff2fdff398189aff5875e717e8d40300e5745d5c28045d112,client_a_preview,0,"","",USDT/USD,"",0,confirmed,,,0,0,,,1781010519477,1781010550169,,1781010519477
556,0xe3e6d3e1068917b0a1e7412ad9b8555c5cfc5c42aa3518da4bb31b0d4ba482c1,"",client_a_preview,0,"","",ARB/USD,80602962861591584,1781010481,failed,CrashRecovery,"daemon restarted with submitted transaction awaiting confirmation",0,0,,,,,1781173552505,1781010550157
557,0xa9c4a3a9180ce4636e27f1349b7e33dbd6b2ce7a5333a321530cdd93acf8e7b9,86cb69bf1ea2c4de6536f5ce9d768b6cb9412c0a34d08ee289fea5af996e5e24,client_a_preview,0,"","",LTC/USD,"",0,failed,CrashRecovery,"daemon restarted with submitted transaction awaiting confirmation",0,0,,,1781010572359,,1781173552502,1781010572359
558,0xb9376ffe4bfa36da04fcb1b0b60875dbe27bfaf1c408c79f667044340f5a69b8,86cb69bf1ea2c4de6536f5ce9d768b6cb9412c0a34d08ee289fea5af996e5e24,client_a_preview,0,"","",ETH/USD,"",0,failed,CrashRecovery,"daemon restarted with submitted transaction awaiting confirmation",0,0,,,1781010572369,,1781173552499,1781010572369
559,0xaba654c040ad086d84630c750b1bfd0b69525c72138e8e19a8ade27b25731942,86cb69bf1ea2c4de6536f5ce9d768b6cb9412c0a34d08ee289fea5af996e5e24,client_a_preview,0,"","",USDC/USD,"",0,failed,CrashRecovery,"daemon restarted with submitted transaction awaiting confirmation",0,0,,,1781010572375,,1781173552495,1781010572375
560,0x2c39a49939218fe5b161627ecc96f191c21042a6d34d6951f9aa676fa68e90f4,86cb69bf1ea2c4de6536f5ce9d768b6cb9412c0a34d08ee289fea5af996e5e24,client_a_preview,0,"","",ARB/USD,"",0,confirmed,,,0,0,,,1781010572381,1781010641797,,1781010572381
561,0xa9c4a3a9180ce4636e27f1349b7e33dbd6b2ce7a5333a321530cdd93acf8e7b9,"",client_a_preview,0,"","",LTC/USD,42558446492913930240,1781010504,failed,CrashRecovery,"daemon restarted with submitted transaction awaiting confirmation",0,0,,,,,1781173552502,1781010641765
562,0xb9376ffe4bfa36da04fcb1b0b60875dbe27bfaf1c408c79f667044340f5a69b8,"",client_a_preview,0,"","",ETH/USD,1675653770800000139264,1781010507,failed,CrashRecovery,"daemon restarted with submitted transaction awaiting confirmation",0,0,,,,,1781173552499,1781010641780
563,0xaba654c040ad086d84630c750b1bfd0b69525c72138e8e19a8ade27b25731942,"",client_a_preview,0,"","",USDC/USD,999719859600000128,1781010517,failed,CrashRecovery,"daemon restarted with submitted transaction awaiting confirmation",0,0,,,,,1781173552495,1781010641788
564,0x829dc597e2cf9f2bc9a76be7f2c60f846fdf26a276674498f359d1bc3e448285,"",client_a_preview,0,"","",USDT/USD,999516235011550144,1781010492,failed,NonMonotonicNonce,"Intent for USDT/USD superseded on chain; not submitted.",0,0,,,,,1781010641793,1781010641793
565,0x28d212206e3c6e8c9fb7ceea0598845ecae0b457663b61464fc831b1e5508d0d,"",client_a_preview,0,"","",BTC/USD,62572925943582417747968,1781010632,failed,NonMonotonicNonce,"Intent for BTC/USD superseded on chain; not submitted.",0,0,,,,,1781010648730,1781010648730
566,0x0b125147377ca512e252709aec61ceae249301822a5cc50c550543f8a4e2eb73,"",client_a_preview,0,"","",ARB/USD,80602962861591584,1781010613,failed,NonMonotonicNonce,"Intent for ARB/USD superseded on chain; not submitted.",0,0,,,,,1781010648737,1781010648737
567,0x0e8acda33bf04657f7834349ccb4e1ee69d7f1b93c734a2cd598b4de00b4c943,"",client_a_preview,0,"","",DOGE/USD,85675708436775008,1781010648,failed,NonMonotonicNonce,"Oracle intent nonce must be greater than the current on-chain nonce; intent superseded, not submitted.",0,0,,,,,1781010660770,1781010660770
568,0x7f8d15b6c972cafffd421b5213619d82b6d3f3a8ccd194d9ac6d3565b4c6b922,61eb295101f09073cafccbdd756d58892b95c1c7d4a802f17c9e78a29c283097,client_a_preview,0,"","",BTC/USD,"",0,confirmed,,,0,0,,,1781010692734,1781010768184,,1781010692734
569,0x6ac43cd74728bb4ce02f6ae7836a79eaff2f40e6008ff89ec5fac6c8dc04df2e,f37df22f884e467263c159bc149fa2aff028f333a406d1424430779a60e49f57,client_a_preview,0,"","",DOGE/USD,"",0,failed,CrashRecovery,"daemon restarted with submitted transaction awaiting confirmation",0,0,,,1781010788037,,1781173552492,1781010788037
570,0x5c5383c9e0cb2798c4f1895a3deda2165c081f1270637214ead9635a4b30a6a4,f37df22f884e467263c159bc149fa2aff028f333a406d1424430779a60e49f57,client_a_preview,0,"","",BTC/USD,"",0,failed,CrashRecovery,"daemon restarted with submitted transaction awaiting confirmation",0,0,,,1781010788047,,1781173552488,1781010788047
571,0xb5886d00bc3ef6e2c6c721439d5d4a69a159129d1974abec0bebdb681df4a6f3,f37df22f884e467263c159bc149fa2aff028f333a406d1424430779a60e49f57,client_a_preview,0,"","",NEIRO/USD,"",0,confirmed,,,0,0,,,1781010788054,1781010823873,,1781010788054
572,0x6ac43cd74728bb4ce02f6ae7836a79eaff2f40e6008ff89ec5fac6c8dc04df2e,"",client_a_preview,0,"","",DOGE/USD,85675708436775008,1781010763,failed,CrashRecovery,"daemon restarted with submitted transaction awaiting confirmation",0,0,,,,,1781173552492,1781010823863
573,0x5c5383c9e0cb2798c4f1895a3deda2165c081f1270637214ead9635a4b30a6a4,"",client_a_preview,0,"","",BTC/USD,62572925943582417747968,1781010750,failed,CrashRecovery,"daemon restarted with submitted transaction awaiting confirmation",0,0,,,,,1781173552488,1781010823869
574,0xfe580eec1774434f3ced9d3c29a5cd2a25d5a51555a4b9de843f856204f048b2,7af30aaba564f12a37c638320c9a845d0c0677736c211667f199d9e6597405d2,client_a_preview,0,"","",NEIRO/USD,"",0,failed,CrashRecovery,"daemon restarted with submitted transaction awaiting confirmation",0,0,,,1781010842913,,1781173552485,1781010842913
575,0x6c3bcbf7e84044833aae7c9c31c8185c08c5c94219735d8180312dbf640f8a05,7af30aaba564f12a37c638320c9a845d0c0677736c211667f199d9e6597405d2,client_a_preview,0,"","",DOGE/USD,"",0,confirmed,,,0,0,,,1781010842923,1781010882067,,1781010842923
576,0xfe580eec1774434f3ced9d3c29a5cd2a25d5a51555a4b9de843f856204f048b2,"",client_a_preview,0,"","",NEIRO/USD,69944310200000,1781010798,failed,CrashRecovery,"daemon restarted with submitted transaction awaiting confirmation",0,0,,,,,1781173552485,1781010882064
577,0x475c87283cfbb83f07f64eef3d83a3c066dff0f8428479d625131eb927545a9b,"",client_a_preview,0,"","",DOGE/USD,85683491475000016,1781010877,failed,NonMonotonicNonce,"Intent for DOGE/USD superseded on chain; not submitted.",0,0,,,,,1781010888760,1781010888760
578,0xe7e1d6bd8330765973428e45246c951495a2cb0fa2468a22707c6393fc6979bb,"",client_a_preview,0,"","",SHIB/USD,4697115500000,1781010879,failed,NonMonotonicNonce,"Intent for SHIB/USD superseded on chain; not submitted.",0,0,,,,,1781010888767,1781010888767
579,0x6a28b275c117ae7c2773557786975bb6fb9f9244767baaa885b91862b72e1f72,524a9a698a0167e32834fd6da335bb4807980850ac29f2a795fb4764d9bd4501,client_a_preview,0,"","",SHIB/USD,"",0,confirmed,,,0,0,,,1781010946809,1781010998007,,1781010946809
580,0x6a28b275c117ae7c2773557786975bb6fb9f9244767baaa885b91862b72e1f72,"",client_a_preview,0,"","",SHIB/USD,4697266250000,1781010923,failed,NonMonotonicNonce,"Oracle intent timestamp must be greater than the current on-chain timestamp; intent superseded, not submitted.",0,0,,,,,1781011005926,1781011005926
581,0xc312bae603809f9d6be8fff690914a0700a8a6f3ed13af5bd9d154910bad6bd6,44633a32faf6bc215231e25f0ad70a3ae1a12c3a1f2313ef6171a59e245113e8,client_a_preview,0,"","",LTC/USD,"",0,confirmed,,,0,0,,,1781011172606,1781011244612,,1781011172606
582,0x4d88553c287891bf14ed9d606af949a5d9bb5f505cbb9d3b8e4ec5190690557d,4872ffc4e43c77112f3fa99651872ac7fd2c9d15ef91df43b578cab400f54730,client_a_preview,0,"","",ETH/USD,"",0,failed,CrashRecovery,"daemon restarted with submitted transaction awaiting confirmation",0,0,,,1781011266773,,1781173552481,1781011266773
583,0x2593c83a964e27d6d92f35d1f79cbdf6738488f86576f4eca488bd671275efa5,4872ffc4e43c77112f3fa99651872ac7fd2c9d15ef91df43b578cab400f54730,client_a_preview,0,"","",USDC/USD,"",0,failed,CrashRecovery,"daemon restarted with submitted transaction awaiting confirmation",0,0,,,1781011266780,,1781173552474,1781011266780
584,0xf8949d677012a9addb312f6ca1fdb54796580c0c27e7c2fe90dc893b154ab46b,4872ffc4e43c77112f3fa99651872ac7fd2c9d15ef91df43b578cab400f54730,client_a_preview,0,"","",XVG/USD,"",0,confirmed,,,0,0,,,1781011266787,1781011290967,,1781011266787
585,0xeb71b2248f3aa85c8c615be372ab8f692400c627544bf2f8f6f46ea82ef74ebb,4872ffc4e43c77112f3fa99651872ac7fd2c9d15ef91df43b578cab400f54730,client_a_preview,0,"","",USDT/USD,"",0,confirmed,,,0,0,,,1781011266794,1781011290977,,1781011266794
586,0xae6bc54b3f4fcb6bb082fd2fa74e9485797a4451f38484ac1faac93e670dc666,4872ffc4e43c77112f3fa99651872ac7fd2c9d15ef91df43b578cab400f54730,client_a_preview,0,"","",LTC/USD,"",0,failed,CrashRecovery,"daemon restarted with submitted transaction awaiting confirmation",0,0,,,1781011266801,,1781173552471,1781011266801
587,0x4d88553c287891bf14ed9d606af949a5d9bb5f505cbb9d3b8e4ec5190690557d,"",client_a_preview,0,"","",ETH/USD,1674984098750728765440,1781011232,failed,CrashRecovery,"daemon restarted with submitted transaction awaiting confirmation",0,0,,,,,1781173552481,1781011290947
588,0x2593c83a964e27d6d92f35d1f79cbdf6738488f86576f4eca488bd671275efa5,"",client_a_preview,0,"","",USDC/USD,999736112650601024,1781011241,failed,CrashRecovery,"daemon restarted with submitted transaction awaiting confirmation",0,0,,,,,1781173552474,1781011290956
589,0xae6bc54b3f4fcb6bb082fd2fa74e9485797a4451f38484ac1faac93e670dc666,"",client_a_preview,0,"","",LTC/USD,42598796550000001024,1781011230,failed,CrashRecovery,"daemon restarted with submitted transaction awaiting confirmation",0,0,,,,,1781173552471,1781011290991
590,0x41f5a85c0236575e0191999f9c363b863152b0297099d5633899a08c37bdfc60,36e31577373ee8c1473d11da3624bbe720d067bcd2ab8997b39125378dfcbbb7,client_a_preview,0,"","",ARB/USD,"",0,confirmed,,,0,0,,,1781011313104,1781011411904,,1781011313104
591,0xf0c48701de2d113d063949abaa8595be071883135328e243fa65137600d60afc,36e31577373ee8c1473d11da3624bbe720d067bcd2ab8997b39125378dfcbbb7,client_a_preview,0,"","",ETH/USD,"",0,confirmed,,,0,0,,,1781011313120,1781011411957,,1781011313120
592,0x2f9b142baf8e441cec9d6ce8a65d6030fb6f8f8355482bf9f4b39c6c85838486,36e31577373ee8c1473d11da3624bbe720d067bcd2ab8997b39125378dfcbbb7,client_a_preview,0,"","",USDC/USD,"",0,confirmed,,,0,0,,,1781011313128,1781011411969,,1781011313128
593,0xeb71b2248f3aa85c8c615be372ab8f692400c627544bf2f8f6f46ea82ef74ebb,"",client_a_preview,0,"","",USDT/USD,999500000000000000,1781011223,failed,NonMonotonicNonce,"Intent for USDT/USD superseded on chain; not submitted.",0,0,,,,,1781011411927,1781011411927
594,0xf8949d677012a9addb312f6ca1fdb54796580c0c27e7c2fe90dc893b154ab46b,"",client_a_preview,0,"","",XVG/USD,2526609600000000,1781011219,failed,NonMonotonicNonce,"Intent for XVG/USD superseded on chain; not submitted.",0,0,,,,,1781011411949,1781011411949
595,0x5033ca3bf2396071042e6b1250ab8798cddeab4802f729deaec2405398969eb3,01ef90e1f0f49c87069ee0312e429a76710fb4ee0ae203bd2a327f437db853fd,client_a_preview,0,"","",ETH/USD,"",0,confirmed,,,0,0,,,1781011433887,1781011515759,,1781011433887
596,0x6e6e4840b45f53e80dc056fe335502a08508c7a4fced4e0f0b2808ea282200ca,01ef90e1f0f49c87069ee0312e429a76710fb4ee0ae203bd2a327f437db853fd,client_a_preview,0,"","",USDC/USD,"",0,confirmed,,,0,0,,,1781011433895,1781011515776,,1781011433895
597,0x4977b1a28c23f9810c1e48e8bcc148f1b2418f18d96def2c3172186901bbe5d4,01ef90e1f0f49c87069ee0312e429a76710fb4ee0ae203bd2a327f437db853fd,client_a_preview,0,"","",ARB/USD,"",0,confirmed,,,0,0,,,1781011433902,1781011515788,,1781011433902
598,0x28837f83922deab9925d4e59d3ffadbca3549a54b0502d72797236cb1485eec3,01ef90e1f0f49c87069ee0312e429a76710fb4ee0ae203bd2a327f437db853fd,client_a_preview,0,"","",BTC/USD,"",0,confirmed,,,0,0,,,1781011433908,1781011515808,,1781011433908
599,0x6048db747f455e8237fcfcd168230b947b05bb3cbb767577b19076bfe16cda7b,048b7d782937aebb1c4241ce9c47b92c648076b5e0710fc04939482838a4c9d9,client_a_preview,0,"","",BTC/USD,"",0,confirmed,,,0,0,,,1781011537176,1781011610059,,1781011537176
600,0x3a78cdcbc912043df49a37d8586b3faa374c7af8c0de98f982551d2ca52f4a94,048b7d782937aebb1c4241ce9c47b92c648076b5e0710fc04939482838a4c9d9,client_a_preview,0,"","",NEIRO/USD,"",0,confirmed,,,0,0,,,1781011537187,1781011610074,,1781011537187
601,0x27804fa8df54329d9f4e298fee9a65841ffa4613838f1ee726cae09dbbef4b7a,048b7d782937aebb1c4241ce9c47b92c648076b5e0710fc04939482838a4c9d9,client_a_preview,0,"","",DOGE/USD,"",0,failed,CrashRecovery,"daemon restarted with submitted transaction awaiting confirmation",0,0,,,1781011537194,,1781173552467,1781011537194
602,0xcc16ba070e1709f4a735b80deb684baab00080e37c011347f4dc8857a44caf79,048b7d782937aebb1c4241ce9c47b92c648076b5e0710fc04939482838a4c9d9,client_a_preview,0,"","",ARB/USD,"",0,confirmed,,,0,0,,,1781011537198,1781011610101,,1781011537198
603,0x27804fa8df54329d9f4e298fee9a65841ffa4613838f1ee726cae09dbbef4b7a,"",client_a_preview,0,"","",DOGE/USD,85677637068387512,1781011481,failed,CrashRecovery,"daemon restarted with submitted transaction awaiting confirmation",0,0,,,,,1781173552467,1781011610089
604,0x60cf7f254cbfbff8f05dd247be6adb2ccedb2f1af8cc6874bd995c16ed9c1370,ba642e397b85d3271a526143557099c9489e27ac88b87a4123320498e96157f7,client_a_preview,0,"","",NEIRO/USD,"",0,confirmed,,,0,0,,,1781011632210,1781011668560,,1781011632210
605,0xd72e3a08ac45644e89e22009d824cc995495b5e08bf48b0d453c9a0fef630bad,ba642e397b85d3271a526143557099c9489e27ac88b87a4123320498e96157f7,client_a_preview,0,"","",DOGE/USD,"",0,failed,CrashRecovery,"daemon restarted with submitted transaction awaiting confirmation",0,0,,,1781011632220,,1781173552464,1781011632220
606,0xcf70db6588cc8d8478095331818d002535ea5fb5ec732d3774564e5844da4450,ba642e397b85d3271a526143557099c9489e27ac88b87a4123320498e96157f7,client_a_preview,0,"","",ARB/USD,"",0,confirmed,,,0,0,,,1781011632225,1781011668582,,1781011632225
607,0x6e30d8c3977e105df3cdae57f0939f645ee8fc82bf240922d1d00fe65e796d13,ba642e397b85d3271a526143557099c9489e27ac88b87a4123320498e96157f7,client_a_preview,0,"","",SHIB/USD,"",0,failed,CrashRecovery,"daemon restarted with submitted transaction awaiting confirmation",0,0,,,1781011632230,,1781173552460,1781011632230
608,0xd72e3a08ac45644e89e22009d824cc995495b5e08bf48b0d453c9a0fef630bad,"",client_a_preview,0,"","",DOGE/USD,85675425600000016,1781011598,failed,CrashRecovery,"daemon restarted with submitted transaction awaiting confirmation",0,0,,,,,1781173552464,1781011668578
609,0x6e30d8c3977e105df3cdae57f0939f645ee8fc82bf240922d1d00fe65e796d13,"",client_a_preview,0,"","",SHIB/USD,4698496608824,1781011600,failed,CrashRecovery,"daemon restarted with submitted transaction awaiting confirmation",0,0,,,,,1781173552460,1781011668594
610,0xb96fe7d69b95fbdcd5154cf9c2fc3470462bfa958f7ed6d2ad2bb48a11f504cc,38b486052151c56473676ecad70af6e98cb45d25177be14737191beef1d5b920,client_a_preview,0,"","",DOGE/USD,"",0,confirmed,,,0,0,,,1781011687955,1781011757218,,1781011687955
611,0xa7c8c7d53fa9130f078314571cea1105e62ccd27ed2e52e8728629a8334494c2,38b486052151c56473676ecad70af6e98cb45d25177be14737191beef1d5b920,client_a_preview,0,"","",SHIB/USD,"",0,confirmed,,,0,0,,,1781011687967,1781011757232,,1781011687967
612,0x3de9e118d3ae3ed83e1a5aa3b72d9634339c25bf61295770e5852649301514c2,"",client_a_preview,0,"","",DOGE/USD,85665900784046120,1781011717,failed,NonMonotonicNonce,"Intent for DOGE/USD superseded on chain; not submitted.",0,0,,,,,1781011764216,1781011764216
613,0xbc8cb76b44c901d281518b789de86c5b09e1149fe9f44e94a44c1dcf169419d1,"",client_a_preview,0,"","",SHIB/USD,4697626358429,1781011718,failed,NonMonotonicNonce,"Intent for SHIB/USD superseded on chain; not submitted.",0,0,,,,,1781011764223,1781011764223
614,0x32dd959bf3aa6a82859caf95c10d50be6b7c02baffb19a8b85e8e367a3aac3bf,"",client_a_preview,0,"","",XVG/USD,2529146170000000,1781011765,failed,NonMonotonicNonce,"Oracle intent nonce must be greater than the current on-chain nonce; intent superseded, not submitted.",0,0,,,,,1781011777763,1781011777763
615,0xf05d993498ed8e21adbe4c1cf88092605ce1ef4f25fe89fe4fa0c3a344dc3066,96ae8531b272649a1ab5d51eddcc0f37a8cea4d42cda85b2527871880ecf9d21,client_a_preview,0,"","",XVG/USD,"",0,confirmed,,,0,0,,,1781011835626,1781011868417,,1781011835626
616,0x26b387f6e20e1547228daf943950c431c833fee3fb110529ac38b2a7d13df07e,5fe379c1bfa87ee61bd9c14aa650a9aac4ef5f6e32a5df7354631054feaa7495,client_a_preview,0,"","",LTC/USD,"",0,confirmed,,,0,0,,,1781011890360,1781011965577,,1781011890360
617,0x92d06b120866c3ab214bedbcb5795e671cc6faeb5f8ea92d5282d8c17a8f9065,99d2114fbe265a277d49a411313b3029ec7ce25a04ea968f686adbfb087b5728,client_a_preview,0,"","",USDT/USD,"",0,confirmed,,,0,0,,,1781011985277,1781012018750,,1781011985277
618,0x7c914f1d76a23b3e0413278c39a500bd24696434dbe26f2ad61b73f520962e6a,99d2114fbe265a277d49a411313b3029ec7ce25a04ea968f686adbfb087b5728,client_a_preview,0,"","",LTC/USD,"",0,failed,CrashRecovery,"daemon restarted with submitted transaction awaiting confirmation",0,0,,,1781011985287,,1781173552456,1781011985287
619,0x7c914f1d76a23b3e0413278c39a500bd24696434dbe26f2ad61b73f520962e6a,"",client_a_preview,0,"","",LTC/USD,42598529533115367424,1781011938,failed,CrashRecovery,"daemon restarted with submitted transaction awaiting confirmation",0,0,,,,,1781173552456,1781012018765
620,0x94af8494bc76666621609d504d04b57d88e1ffdf9b383e9570742553b83ac155,"",client_a_preview,0,"","",USDT/USD,999480000000000000,1781012002,failed,NonMonotonicNonce,"Oracle intent nonce must be greater than the current on-chain nonce; intent superseded, not submitted.",0,0,,,,,1781012026775,1781012026775
621,0xdecb81ef5a03407d1ce039f61f7352c98bb3dac64238c99f925749f168889e3c,"",client_a_preview,0,"","",DOGE/USD,84964625917750016,1781173563,failed,NonMonotonicNonce,"Oracle intent nonce must be greater than the current on-chain nonce; intent superseded, not submitted.",0,0,,,,,1781173588115,1781173588115
622,0x693dd2956175dbb11c93288cb191123780318f5ee71882d37adf3f61477347bb,901d2a5a3ca4afe169b616f4e4185c1fbf58720d178af3dde4258beec6c5ff74,client_a_preview,0,"","",SHIB/USD,"",0,failed,CrashRecovery,"daemon restarted with submitted transaction awaiting confirmation",0,0,,,1781173606516,,1781174744399,1781173606516
623,0xc3d4940385029b0c7f7308647af4fefbdb18f9fa27fe323ae83f2e8880ae0e89,901d2a5a3ca4afe169b616f4e4185c1fbf58720d178af3dde4258beec6c5ff74,client_a_preview,0,"","",DOGE/USD,"",0,confirmed,,,0,0,,,1781173606527,1781173643809,,1781173606527
624,0xed24146f613205ec71dec16cb73948a6128ca4d8733fa48beaae14f6e7b584ab,901d2a5a3ca4afe169b616f4e4185c1fbf58720d178af3dde4258beec6c5ff74,client_a_preview,0,"","",USDC/USD,"",0,failed,CrashRecovery,"daemon restarted with submitted transaction awaiting confirmation",0,0,,,1781173606534,,1781174744396,1781173606534
625,0x693dd2956175dbb11c93288cb191123780318f5ee71882d37adf3f61477347bb,"",client_a_preview,0,"","",SHIB/USD,4724879078659,1781173564,failed,CrashRecovery,"daemon restarted with submitted transaction awaiting confirmation",0,0,,,,,1781174744399,1781173643804
626,0xed24146f613205ec71dec16cb73948a6128ca4d8733fa48beaae14f6e7b584ab,"",client_a_preview,0,"","",USDC/USD,999739491059236864,1781173557,failed,CrashRecovery,"daemon restarted with submitted transaction awaiting confirmation",0,0,,,,,1781174744396,1781173643823
627,0x771b6eb5b14acd345311a660d1617fb0ae50d1becf3ecba9a147b3f7b67263ec,"",client_a_preview,0,"","",USDC/USD,999749212273262528,1781012116,failed,IntentAgedOut,"Buffered intent exceeded max_intent_age before the lane flushed. intent_time=2026-06-09T13:35:16.000Z now=2026-06-11T10:27:23.827Z intent_age=1d 20h 52m 7s max_intent_age=15m exceeds_by=1d 20h 37m 7s.",0,0,,,,,1781173643831,1781173643831
628,0xd00c1f1fac12a381a1b6ed9ad1e851e59c02c0537a1992f3bf59e822d9fa51bb,"",client_a_preview,0,"","",DOGE/USD,85638151600000008,1781012121,failed,IntentAgedOut,"Buffered intent exceeded max_intent_age before the lane flushed. intent_time=2026-06-09T13:35:21.000Z now=2026-06-11T10:27:23.827Z intent_age=1d 20h 52m 2s max_intent_age=15m exceeds_by=1d 20h 37m 2s.",0,0,,,,,1781173643838,1781173643838
629,0x9eddffd6e28b4858af00644305596abba37f3e89289338cd8837db3b3101fe65,"",client_a_preview,0,"","",SHIB/USD,4697057431097,1781012123,failed,IntentAgedOut,"Buffered intent exceeded max_intent_age before the lane flushed. intent_time=2026-06-09T13:35:23.000Z now=2026-06-11T10:27:23.827Z intent_age=1d 20h 52m max_intent_age=15m exceeds_by=1d 20h 37m.",0,0,,,,,1781173643842,1781173643842
630,0xabc142f4a8401f735da3e391efd2eab488ff64753228e9f935f26204847780af,7aac8ab8efbb2098a3d02e2842031e49d69ce9efcbd92f91822a56756d86cf8a,client_a_preview,0,"","",NEIRO/USD,"",0,failed,CrashRecovery,"daemon restarted with submitted transaction awaiting confirmation",0,0,,,1781173666625,,1781174744392,1781173666625
631,0x4a64c68b6dd7acbfcfe92e2e6b5c3a44f31f6a92ed46b45731f5e5c1f46a5584,7aac8ab8efbb2098a3d02e2842031e49d69ce9efcbd92f91822a56756d86cf8a,client_a_preview,0,"","",XVG/USD,"",0,failed,CrashRecovery,"daemon restarted with submitted transaction awaiting confirmation",0,0,,,1781173666639,,1781174744391,1781173666639
632,0xe5b9d8fc5d61d8c7bdd5e32eabde1d46d7cce23c057768c7d3d8940376872f05,7aac8ab8efbb2098a3d02e2842031e49d69ce9efcbd92f91822a56756d86cf8a,client_a_preview,0,"","",USDT/USD,"",0,failed,CrashRecovery,"daemon restarted with submitted transaction awaiting confirmation",0,0,,,1781173666649,,1781174744387,1781173666649
633,0x7b76ea0dae80e43e4cd6962ef5434a2cf831eade91bd15bd4a1eef88ac4c0214,7aac8ab8efbb2098a3d02e2842031e49d69ce9efcbd92f91822a56756d86cf8a,client_a_preview,0,"","",ARB/USD,"",0,failed,CrashRecovery,"daemon restarted with submitted transaction awaiting confirmation",0,0,,,1781173666658,,1781174744384,1781173666658
634,0x669018614d0124be6ab21f10469759a8f00c974a15ab0c53ee221e3665a6de83,7aac8ab8efbb2098a3d02e2842031e49d69ce9efcbd92f91822a56756d86cf8a,client_a_preview,0,"","",LTC/USD,"",0,failed,CrashRecovery,"daemon restarted with submitted transaction awaiting confirmation",0,0,,,1781173666666,,1781174744381,1781173666666
635,0x72356e915b250bd86dc4b2f8ca923454448163c82b5b4b8dc5af6b7a8a856db8,7aac8ab8efbb2098a3d02e2842031e49d69ce9efcbd92f91822a56756d86cf8a,client_a_preview,0,"","",BTC/USD,"",0,failed,CrashRecovery,"daemon restarted with submitted transaction awaiting confirmation",0,0,,,1781173666677,,1781174744379,1781173666677
636,0x99f85fb7b893d9f5587c6bc70a526748766882199a41b34c14132561a45005d2,7aac8ab8efbb2098a3d02e2842031e49d69ce9efcbd92f91822a56756d86cf8a,client_a_preview,0,"","",ETH/USD,"",0,confirmed,,,0,0,,,1781173666686,1781173758762,,1781173666686
637,0xabc142f4a8401f735da3e391efd2eab488ff64753228e9f935f26204847780af,"",client_a_preview,0,"","",NEIRO/USD,68353678371725,1781173590,failed,CrashRecovery,"daemon restarted with submitted transaction awaiting confirmation",0,0,,,,,1781174744392,1781173758729
638,0x4a64c68b6dd7acbfcfe92e2e6b5c3a44f31f6a92ed46b45731f5e5c1f46a5584,"",client_a_preview,0,"","",XVG/USD,2505956340856501,1781173600,failed,CrashRecovery,"daemon restarted with submitted transaction awaiting confirmation",0,0,,,,,1781174744391,1781173758734
639,0xe5b9d8fc5d61d8c7bdd5e32eabde1d46d7cce23c057768c7d3d8940376872f05,"",client_a_preview,0,"","",USDT/USD,998809105840579968,1781173602,failed,CrashRecovery,"daemon restarted with submitted transaction awaiting confirmation",0,0,,,,,1781174744387,1781173758742
640,0x7b76ea0dae80e43e4cd6962ef5434a2cf831eade91bd15bd4a1eef88ac4c0214,"",client_a_preview,0,"","",ARB/USD,80400294268750008,1781173624,failed,CrashRecovery,"daemon restarted with submitted transaction awaiting confirmation",0,0,,,,,1781174744384,1781173758749
641,0x669018614d0124be6ab21f10469759a8f00c974a15ab0c53ee221e3665a6de83,"",client_a_preview,0,"","",LTC/USD,42469151849124392960,1781173639,failed,CrashRecovery,"daemon restarted with submitted transaction awaiting confirmation",0,0,,,,,1781174744381,1781173758753
642,0x72356e915b250bd86dc4b2f8ca923454448163c82b5b4b8dc5af6b7a8a856db8,"",client_a_preview,0,"","",BTC/USD,62843005945730794782720,1781173640,failed,CrashRecovery,"daemon restarted with submitted transaction awaiting confirmation",0,0,,,,,1781174744379,1781173758760
643,0x4a697142ad29443b76c41ea59bdab53baded69823f7243ead0d6264abef3e146,"",client_a_preview,0,"","",ETH/USD,1657080515271997128704,1781173730,failed,NonMonotonicNonce,"Intent for ETH/USD superseded on chain; not submitted.",0,0,,,,,1781173770838,1781173770838
644,0x7070448f3c913855d8e37add605255a9d5498c1c6a999dae9e26cb9298a644c6,"",client_a_preview,0,"","",USDC/USD,999739491059236864,1781173736,failed,NonMonotonicNonce,"Intent for USDC/USD superseded on chain; not submitted.",0,0,,,,,1781173770845,1781173770845
645,0x72662414fdeae75d58605bf11222e232793b54715e3698159d619627aac352e3,"",client_a_preview,0,"","",SHIB/USD,4724148185545,1781173742,failed,NonMonotonicNonce,"Intent for SHIB/USD superseded on chain; not submitted.",0,0,,,,,1781173770853,1781173770853
646,0x7f445685ac88c63c371bbd49425b2ba01e1f6990f8f9adbcd01489d2cfe67e41,"",client_a_preview,0,"","",USDT/USD,998809105840579968,1781173690,failed,NonMonotonicNonce,"Intent for USDT/USD superseded on chain; not submitted.",0,0,,,,,1781173770861,1781173770861
647,0x00088d8a4b41d08eefd48f0809577f8ba9fded89d9aaf5f19e80f76e50d50fff,"",client_a_preview,0,"","",NEIRO/USD,68353678371725,1781173677,failed,NonMonotonicNonce,"Intent for NEIRO/USD superseded on chain; not submitted.",0,0,,,,,1781173770868,1781173770868
648,0x1b47fe3d158ab175d4b037b94e0fa3e60fa6c2b4bae8d4efb712281c26dac9f9,"",client_a_preview,0,"","",XVG/USD,2505956340856501,1781173687,failed,NonMonotonicNonce,"Intent for XVG/USD superseded on chain; not submitted.",0,0,,,,,1781173770877,1781173770877
649,0x4bb7123e937d9e03823c60c68076dc77fce055440a22f34592b2d9f94e3cc17f,"",client_a_preview,0,"","",BTC/USD,62841774418377282945024,1781173728,failed,NonMonotonicNonce,"Intent for BTC/USD superseded on chain; not submitted.",0,0,,,,,1781173770885,1781173770885
650,0xceff8af3631f0f4aca79d9f53dbc5a1a4826a2179d01f3248f69eb0ee262265a,"",client_a_preview,0,"","",LTC/USD,42469151849124392960,1781173726,failed,NonMonotonicNonce,"Intent for LTC/USD superseded on chain; not submitted.",0,0,,,,,1781173770895,1781173770895
651,0x02cf4626fe896231e41b632de874d8bea7ab00a62f9dbbcb21d56a667828d370,"",client_a_preview,0,"","",ARB/USD,80401889778145856,1781173711,failed,NonMonotonicNonce,"Intent for ARB/USD superseded on chain; not submitted.",0,0,,,,,1781173770903,1781173770903
652,0x632cc3dfa214902f2dd71aeb04a2172f7810bf7b03d5873f2dadf8d51ddee733,"",client_a_preview,0,"","",NEIRO/USD,68353678371725,1781173767,failed,NonMonotonicNonce,"Oracle intent nonce must be greater than the current on-chain nonce; intent superseded, not submitted.",0,0,,,,,1781173778948,1781173778948
653,0xe2c7ed2cdd8b0542414e60a0e9cb7649db776dcabc98bf1be81843ca5e455393,9bd25cc9285474f4c70361773cb63700fa40cca10f2a1ee14d73d6eda7e7595c,client_a_preview,0,"","",XVG/USD,"",0,confirmed,,,0,0,,,1781173796526,1781173850261,,1781173796526
654,0xf901e22c5fd8bf049877292bc410dbf2c252c12f936e22f213b9bf5088c8b426,9bd25cc9285474f4c70361773cb63700fa40cca10f2a1ee14d73d6eda7e7595c,client_a_preview,0,"","",USDT/USD,"",0,confirmed,,,0,0,,,1781173796538,1781173850276,,1781173796538
655,0xc98acdbeab2f037838426703e64703047e69797eeb03fe9147ca58370257e485,"",client_a_preview,0,"","",NEIRO/USD,69886839525000,1781012394,failed,IntentAgedOut,"Buffered intent exceeded max_intent_age before the lane flushed. intent_time=2026-06-09T13:39:54.000Z now=2026-06-11T10:30:50.285Z intent_age=1d 20h 50m 56s max_intent_age=15m exceeds_by=1d 20h 35m 56s.",0,0,,,,,1781173850289,1781173850289
656,0x7da0f7ac5cb332731ea1a40ac35aff7b319a2af1ec6213bb029808ce05119a78,"",client_a_preview,0,"","",XVG/USD,2505956340856501,1781173776,failed,NonMonotonicNonce,"Intent for XVG/USD superseded on chain; not submitted.",0,0,,,,,1781173862034,1781173862034
657,0xa2005bb2433960d99a8794bb92a8488603fbefb797e143e4fa60173c38455a3d,"",client_a_preview,0,"","",BTC/USD,62840811543358641012736,1781173815,failed,NonMonotonicNonce,"Intent for BTC/USD superseded on chain; not submitted.",0,0,,,,,1781173862044,1781173862044
658,0xc56f53a52c6e9c686d71da9baad8e9b643ebd43b35b31a50528352d36dbb9021,"",client_a_preview,0,"","",USDC/USD,999739491059236864,1781173822,failed,NonMonotonicNonce,"Intent for USDC/USD superseded on chain; not submitted.",0,0,,,,,1781173862052,1781173862052
659,0x7949c6308a6e7ee81237f7b7137fceb4338363fe0663040d1bb23b2a0df3a96d,"",client_a_preview,0,"","",USDT/USD,998809105840579968,1781173779,failed,NonMonotonicNonce,"Intent for USDT/USD superseded on chain; not submitted.",0,0,,,,,1781173862061,1781173862061
660,0x1a35f286875881ade7611b9aed506cb210d9b9955b1549b8a87dbb6b349a9431,"",client_a_preview,0,"","",LTC/USD,42469316217848782848,1781173814,failed,NonMonotonicNonce,"Intent for LTC/USD superseded on chain; not submitted.",0,0,,,,,1781173862073,1781173862073
661,0x8247eec96dd10664c84f518ba010def9b332fc5053f415690bb8aa1c1e67a978,"",client_a_preview,0,"","",SHIB/USD,4724088209500,1781173829,failed,NonMonotonicNonce,"Intent for SHIB/USD superseded on chain; not submitted.",0,0,,,,,1781173862081,1781173862081
662,0x4468457d06b33cb218be648f782af80fbeeed5c8b7a60e3a95259fd8dd29ea6a,"",client_a_preview,0,"","",ARB/USD,80403410867500000,1781173800,failed,NonMonotonicNonce,"Intent for ARB/USD superseded on chain; not submitted.",0,0,,,,,1781173862088,1781173862088
663,0xcbac28e16e71ad6f9a92da48e396fe899b0cba2716b3082432fb3073c6bbe99b,"",client_a_preview,0,"","",NEIRO/USD,68351440766549,1781173853,failed,NonMonotonicNonce,"Oracle intent nonce must be greater than the current on-chain nonce; intent superseded, not submitted.",0,0,,,,,1781173870195,1781173870195
664,0x9449853da18f5b465f85f6fa221cd208de507f660b0f9894f41e8770b1c92256,"",client_a_preview,0,"","",ARB/USD,80434560924887504,1781173887,failed,NonMonotonicNonce,"Oracle intent nonce must be greater than the current on-chain nonce; intent superseded, not submitted.",0,0,,,,,1781173897949,1781173897949
665,0xf9d31a5cc6e5316407b745cb6f940ba15e50183622f6fbcd77e0528048f3c717,"",client_a_preview,0,"","",BTC/USD,62476516723909560631296,1781012582,failed,IntentAgedOut,"Buffered intent exceeded max_intent_age before the lane flushed. intent_time=2026-06-09T13:43:02.000Z now=2026-06-11T10:31:37.953Z intent_age=1d 20h 48m 35s max_intent_age=15m exceeds_by=1d 20h 33m 35s.",0,0,,,,,1781173897957,1781173897957
666,0x37577a94a5f511a62880a3523716ca1c15970eafe2621481c42702a548f3a11b,"",client_a_preview,0,"","",USDC/USD,999758594935214656,1781012590,failed,IntentAgedOut,"Buffered intent exceeded max_intent_age before the lane flushed. intent_time=2026-06-09T13:43:10.000Z now=2026-06-11T10:31:37.953Z intent_age=1d 20h 48m 27s max_intent_age=15m exceeds_by=1d 20h 33m 27s.",0,0,,,,,1781173897964,1781173897964
667,0x35e756821bb471d2e9b26148aa6fe8bd2587b9c30c74e2ba264bfae0d78aba8f,"",client_a_preview,0,"","",LTC/USD,42583876425417494528,1781012581,failed,IntentAgedOut,"Buffered intent exceeded max_intent_age before the lane flushed. intent_time=2026-06-09T13:43:01.000Z now=2026-06-11T10:31:37.953Z intent_age=1d 20h 48m 36s max_intent_age=15m exceeds_by=1d 20h 33m 36s.",0,0,,,,,1781173897971,1781173897971
668,0xcdb07a149564324e653261b6c4238e8508729ae363c0bb63ca046cb775cd0822,"",client_a_preview,0,"","",SHIB/USD,4696819305480,1781012597,failed,IntentAgedOut,"Buffered intent exceeded max_intent_age before the lane flushed. intent_time=2026-06-09T13:43:17.000Z now=2026-06-11T10:31:37.953Z intent_age=1d 20h 48m 20s max_intent_age=15m exceeds_by=1d 20h 33m 20s.",0,0,,,,,1781173897977,1781173897977
669,0x259d31490e0828f8e69e967ada530737d73de348d1d4ef1cdc456417da5f4d8c,0821cab833a0e4b2528758387672720ce422724031f246219a4bee5f81f210c2,client_a_preview,0,"","",LTC/USD,"",0,confirmed,,,0,0,,,1781173923470,1781173969188,,1781173923470
670,0xd6abe97a996cb42849fdb54f3d0a215124fac83bf678fa7fe70fe0eed97c27c3,0821cab833a0e4b2528758387672720ce422724031f246219a4bee5f81f210c2,client_a_preview,0,"","",BTC/USD,"",0,confirmed,,,0,0,,,1781173923480,1781173969204,,1781173923480
671,0xd27946e925ca11448d45240660a3e789c47797ac942099fd42d3c82a9fd8d323,"",client_a_preview,0,"","",ARB/USD,80865206194681064,1781012679,failed,IntentAgedOut,"Buffered intent exceeded max_intent_age before the lane flushed. intent_time=2026-06-09T13:44:39.000Z now=2026-06-11T10:32:49.214Z intent_age=1d 20h 48m 10s max_intent_age=15m exceeds_by=1d 20h 33m 10s.",0,0,,,,,1781173969218,1781173969218
672,0x9aa02623052683df0052f04514c760f626b26dcce5015ee647284c192e685dd6,"",client_a_preview,0,"","",LTC/USD,42469363180341469184,1781173903,failed,NonMonotonicNonce,"Intent for LTC/USD superseded on chain; not submitted.",0,0,,,,,1781173979026,1781173979026
673,0x49ad038e5a4bf48d1b5db3006127e1729e8ee6422091fe7e3f348226d5882471,"",client_a_preview,0,"","",BTC/USD,62840254639593685516288,1781173904,failed,NonMonotonicNonce,"Intent for BTC/USD superseded on chain; not submitted.",0,0,,,,,1781173979034,1781173979034
674,0x1419143da0cca68c5d103db3f822ce376bfd05b34c97fb8aacca375103354ce3,"",client_a_preview,0,"","",USDC/USD,999738912648500096,1781173911,failed,NonMonotonicNonce,"Intent for USDC/USD superseded on chain; not submitted.",0,0,,,,,1781173979040,1781173979040
675,0xfffbbeaa3b2cbfade0f594ef2f3d2e63b220d1ccef82760495e3297ec7bd701d,"",client_a_preview,0,"","",SHIB/USD,4724022052375,1781173918,failed,NonMonotonicNonce,"Intent for SHIB/USD superseded on chain; not submitted.",0,0,,,,,1781173979047,1781173979047
676,0x268c61401e7fa89868f92c6c7888ad5024aa4178d7cd92516793707cbb64965a,"",client_a_preview,0,"","",NEIRO/USD,68348855695975,1781173949,failed,NonMonotonicNonce,"Intent for NEIRO/USD superseded on chain; not submitted.",0,0,,,,,1781173979054,1781173979054
677,0xfc5a5c8f0b01809c2c78d92e281ab31e7cbcbf98d8ce21c83c1a67e15cd717c4,"",client_a_preview,0,"","",USDC/USD,999758594935214656,1781012709,failed,IntentAgedOut,"Buffered intent exceeded max_intent_age before the lane flushed. intent_time=2026-06-09T13:45:09.000Z now=2026-06-11T10:33:02.571Z intent_age=1d 20h 47m 53s max_intent_age=15m exceeds_by=1d 20h 32m 53s.",0,0,,,,,1781173982578,1781173982578
678,0xcc4ae831afca9c921c80f9771e76340eec622833458dca1898b619765219af76,"",client_a_preview,0,"","",SHIB/USD,4696220310480,1781012716,failed,IntentAgedOut,"Buffered intent exceeded max_intent_age before the lane flushed. intent_time=2026-06-09T13:45:16.000Z now=2026-06-11T10:33:02.571Z intent_age=1d 20h 47m 46s max_intent_age=15m exceeds_by=1d 20h 32m 46s.",0,0,,,,,1781173982587,1781173982587
679,0xefbb6e1d6639e70fe27f6276ed620ad47b79941aab048d54790acf68f696284a,b44890eaf256c62d0fcd848a188aa46faa5eb88d077f82b40c1620cabb6ddb45,client_a_preview,0,"","",ARB/USD,"",0,confirmed,,,0,0,,,1781174003686,1781174041631,,1781174003686
680,0xda212336521e6d30c4a66e2b622f22bb86b47a735ca59911b20fc9484e0855b3,"",client_a_preview,0,"","",NEIRO/USD,69730869594826,1781012747,failed,IntentAgedOut,"Buffered intent exceeded max_intent_age before the lane flushed. intent_time=2026-06-09T13:45:47.000Z now=2026-06-11T10:34:01.646Z intent_age=1d 20h 48m 14s max_intent_age=15m exceeds_by=1d 20h 33m 14s.",0,0,,,,,1781174041649,1781174041649
681,0x64812f0f69bdd2ad3d6db9416a0a17913f2b4344368fdee08fb9617b35f2008f,"",client_a_preview,0,"","",ARB/USD,80519129885725000,1781173984,failed,NonMonotonicNonce,"Intent for ARB/USD superseded on chain; not submitted.",0,0,,,,,1781174047748,1781174047748
682,0xbb09ded131f232579ed51b9d0c3833ea7ff1760462a5ced7ebba0203fe6f972f,"",client_a_preview,0,"","",USDC/USD,999738912648500096,1781174007,failed,NonMonotonicNonce,"Intent for USDC/USD superseded on chain; not submitted.",0,0,,,,,1781174047756,1781174047756
683,0xee0758a8ace8cdbcf9d2fa074f6a0b9d597b839b1443dbe261370f72aa0953b8,"",client_a_preview,0,"","",SHIB/USD,4724022052375,1781174013,failed,NonMonotonicNonce,"Intent for SHIB/USD superseded on chain; not submitted.",0,0,,,,,1781174047768,1781174047768
684,0x190daccbe9e1524af6084abfecc552b7643674fc26bf49803a167f113f4ca643,"",client_a_preview,0,"","",NEIRO/USD,68346537686299,1781174043,failed,NonMonotonicNonce,"Oracle intent nonce must be greater than the current on-chain nonce; intent superseded, not submitted.",0,0,,,,,1781174055796,1781174055796
685,0x2d2e689c2ac9a53c24fb1a33abec5033010e8e4b7c87818d49e57c06d3712737,"",client_a_preview,0,"","",SHIB/USD,4695159501701,1781012835,failed,IntentAgedOut,"Buffered intent exceeded max_intent_age before the lane flushed. intent_time=2026-06-09T13:47:15.000Z now=2026-06-11T10:34:27.563Z intent_age=1d 20h 47m 12s max_intent_age=15m exceeds_by=1d 20h 32m 12s.",0,0,,,,,1781174067567,1781174067567
686,0x93393ec8443ea53d216153c979983067387ca0fa1d5d864616b87ab3f0326551,"",client_a_preview,0,"","",NEIRO/USD,69730869594826,1781012870,failed,IntentAgedOut,"Buffered intent exceeded max_intent_age before the lane flushed. intent_time=2026-06-09T13:47:50.000Z now=2026-06-11T10:34:27.563Z intent_age=1d 20h 46m 37s max_intent_age=15m exceeds_by=1d 20h 31m 37s.",0,0,,,,,1781174067574,1781174067574
687,0xe8e8406a84ffed33c912bb001803dd556ecf07733486579f13006ffb511ffcc1,314d0508ae43aba6992640c1e878d470188abdeb5575b9c1fcecabf4486d9cff,client_a_preview,0,"","",ARB/USD,"",0,confirmed,,,0,0,,,1781174099267,1781174133862,,1781174099267
688,0x165171429626dfc81478796ee89386c7117b04ba5eaa691770f5c9063099e37e,"",client_a_preview,0,"","",NEIRO/USD,69730869594826,1781012992,failed,IntentAgedOut,"Buffered intent exceeded max_intent_age before the lane flushed. intent_time=2026-06-09T13:49:52.000Z now=2026-06-11T10:35:33.877Z intent_age=1d 20h 45m 41s max_intent_age=15m exceeds_by=1d 20h 30m 41s.",0,0,,,,,1781174133880,1781174133880
689,0xb5392ad6690b76dfd8473b0789ce9ea9f2a89f70ea614b44d6c47d161ed9de6b,1b4cfe39903324c874f8a0903eb3cd29c5a6d1a4c40879f6440b33c4406d8481,client_a_preview,0,"","",USDC/USD,"",0,confirmed,,,0,0,,,1781174151508,1781174190941,,1781174151508
690,0x20e6fe33d7173b94088f2c4c11d92590412c3746ef6a2e5faf19011c1e1fc2cd,1b4cfe39903324c874f8a0903eb3cd29c5a6d1a4c40879f6440b33c4406d8481,client_a_preview,0,"","",SHIB/USD,"",0,confirmed,,,0,0,,,1781174151518,1781174190956,,1781174151518
691,0xcc5adfa753d5899df7c553c6c3d198d5d658056d604434dbcdb3dcd54a004728,"",client_a_preview,0,"","",USDC/USD,999754852975000128,1781013072,failed,IntentAgedOut,"Buffered intent exceeded max_intent_age before the lane flushed. intent_time=2026-06-09T13:51:12.000Z now=2026-06-11T10:36:30.968Z intent_age=1d 20h 45m 18s max_intent_age=15m exceeds_by=1d 20h 30m 18s.",0,0,,,,,1781174190971,1781174190971
692,0x471d5fcdb79e096bdd2535ca2c3a9c27b682e8e49ce340dfd3e8a658a8abc284,"",client_a_preview,0,"","",SHIB/USD,4695159501701,1781013078,failed,IntentAgedOut,"Buffered intent exceeded max_intent_age before the lane flushed. intent_time=2026-06-09T13:51:18.000Z now=2026-06-11T10:36:30.968Z intent_age=1d 20h 45m 12s max_intent_age=15m exceeds_by=1d 20h 30m 12s.",0,0,,,,,1781174190979,1781174190979
693,0xdf781723b565d57b58804cc7c085e2203a53af49700fecc326bf45e4d50ed81f,8e05aa799238d8c73bf4daf6d7e0db08b615751dcc8434861c7ca4872c66a073,client_a_preview,0,"","",NEIRO/USD,"",0,confirmed,,,0,0,,,1781174210400,1781174245091,,1781174210400
694,0xdafd60def397054df895fd9244a9f88936519bbdaa9b8676b5257fac928fc32b,8e05aa799238d8c73bf4daf6d7e0db08b615751dcc8434861c7ca4872c66a073,client_a_preview,0,"","",ARB/USD,"",0,confirmed,,,0,0,,,1781174210407,1781174245100,,1781174210407
695,0x3416ce0e58b6289995d180410dab18da13a6c80b84ed314732e7d1b173e9006b,161b5aa0239fd052e01df74ad740c9219e55f584f6c7f835c3a3c522eff724d1,client_a_preview,0,"","",NEIRO/USD,"",0,confirmed,,,0,0,,,1781174262042,1781174299246,,1781174262042
696,0xbe6c431a0435254b8e947dbff79dcea5e9da78e303ac4c49c0684c53c3170dd0,6a5cc7afbba821e4caedca695708b1bd298ee3f22155372a88653f1751c91bb0,client_a_preview,0,"","",DOGE/USD,"",0,confirmed,,,0,0,,,1781174316191,1781174441728,,1781174316191
697,0xe860246231211ff1e4a731043ec980170c459ef3880b0754182c75d9918c3649,"",client_a_preview,0,"","",DOGE/USD,84975198230190896,1781174423,failed,NonMonotonicNonce,"Intent for DOGE/USD superseded on chain; not submitted.",0,0,,,,,1781174446841,1781174446841
698,0x3b0a394538e53fe7e9be98455fd8c8ff34813ed2a83372611b4cae50aa6b02df,"",client_a_preview,0,"","",ETH/USD,1656187891757680164864,1781174411,failed,NonMonotonicNonce,"Intent for ETH/USD superseded on chain; not submitted.",0,0,,,,,1781174446848,1781174446848
699,0x6b5925832a405275521854eb961707f70f7cc079994478922754c767ef196d02,e9c1836778894121400442290a81e4aae531e71085c360517d56aca6a8376f66,client_a_preview,0,"","",ETH/USD,"",0,confirmed,,,0,0,,,1781174475420,1781174503477,,1781174475420
700,0x50dcffd7330e44e6b1a765b5cff99af5adb8e19295eb559bcd1c5aa42a05c90b,"",client_a_preview,0,"","",XVG/USD,2505956340856501,1781174457,failed,NonMonotonicNonce,"Intent for XVG/USD superseded on chain; not submitted.",0,0,,,,,1781174511354,1781174511354
701,0x899e04d664b988c86f9c6cc832b02e0ff765f33c206d8825870186b6e3e84b10,"",client_a_preview,0,"","",USDT/USD,998814788302303232,1781174460,failed,NonMonotonicNonce,"Intent for USDT/USD superseded on chain; not submitted.",0,0,,,,,1781174511362,1781174511362
702,0xbfd5915f35384c4837033cdbeed17217e477b9953c3daffe3c01f6d2b2a7d8ab,"",client_a_preview,0,"","",ETH/USD,1656115522707301859328,1781174498,failed,NonMonotonicNonce,"Intent for ETH/USD superseded on chain; not submitted.",0,0,,,,,1781174511366,1781174511366
703,0xfd7203da0d539c8b2d105e3c0b8a9e98aa8ff471086ef03b790a4a41f274df64,6b254b757384dc6b8cffd6e74d9df041505c8f2c5c2c9e1fd77f39300339cfe7,client_a_preview,0,"","",XVG/USD,"",0,confirmed,,,0,0,,,1781174528674,1781174563599,,1781174528674
704,0xc899a6f1d608947468aeeb61cd9e3e3c4fde8bd68d5e6e6125a85ca2c701fced,6b254b757384dc6b8cffd6e74d9df041505c8f2c5c2c9e1fd77f39300339cfe7,client_a_preview,0,"","",USDT/USD,"",0,confirmed,,,0,0,,,1781174528684,1781174563614,,1781174528684
705,0x07c57282c61aea5477958240ae592fd295ee9d04b3f6fd55ec8f74b36153ab53,"",client_a_preview,0,"","",USDT/USD,998812376196283520,1781174549,failed,NonMonotonicNonce,"Intent for USDT/USD superseded on chain; not submitted.",0,0,,,,,1781174570487,1781174570487
706,0x43e7a494d7a0e2383e6c1ca95a91679f2f88eacc1006f2683f223c98b2a6aeda,"",client_a_preview,0,"","",XVG/USD,2505956340856501,1781174546,failed,NonMonotonicNonce,"Intent for XVG/USD superseded on chain; not submitted.",0,0,,,,,1781174570495,1781174570495
707,0x7833480045582ab950db2ff04b05c7ae07a6ec273a8f40001031fb3e94099542,5c4b1de61f05701eaaed459457a53bb151725a1e189d6ddabdc26c3387ebd258,client_a_preview,0,"","",NEIRO/USD,"",0,confirmed,,,0,0,,,1781174606104,1781174640332,,1781174606104
708,0xcfbcf95dea1fdd3eae6073e7176c538674e82508cff15054d7f2ea052cb2ad0e,60e94a8f19072fb530a37c5c789ff8ec5b6b9bd3faa28eaed97f96599e907476,client_a_preview,0,"","",LTC/USD,"",0,failed,CrashRecovery,"daemon restarted with submitted transaction awaiting confirmation",0,0,,,1781174658707,,1781174744376,1781174658707
709,0x798551375f7f98e4109ba74bc9d2d5734fdf3f2dadb62214dda115b5180e5803,60e94a8f19072fb530a37c5c789ff8ec5b6b9bd3faa28eaed97f96599e907476,client_a_preview,0,"","",BTC/USD,"",0,failed,CrashRecovery,"daemon restarted with submitted transaction awaiting confirmation",0,0,,,1781174658717,,1781174744372,1781174658717
710,0x81afc8a1af6a4d2840b33e02206049cfad8f99ffe717a5251182a0fe9242cbb7,60e94a8f19072fb530a37c5c789ff8ec5b6b9bd3faa28eaed97f96599e907476,client_a_preview,0,"","",NEIRO/USD,"",0,failed,CrashRecovery,"daemon restarted with submitted transaction awaiting confirmation",0,0,,,1781174658723,,1781174744369,1781174658723
711,0x3335356365d34e222f6ff7db05e0c133810e4930e0fe46d0f2ae99e254c2659a,"",client_a_preview,0,"","",LTC/USD,42479139890481192960,1781174765,failed,NonMonotonicNonce,"Intent for LTC/USD superseded on chain; not submitted.",0,0,,,,,1781174778049,1781174778049
712,0x2529dfb2804e14b98f0aa5166f0f36574f9e062d07264b6118ddc07c33e16756,"",client_a_preview,0,"","",BTC/USD,62833466564873759490048,1781174766,failed,NonMonotonicNonce,"Intent for BTC/USD superseded on chain; not submitted.",0,0,,,,,1781174778065,1781174778065
713,0x5942a28f7c100a53411d3433a6f5481890b84cfab451f69e587d0280ebd6ead8,066f8d67491288f3f809b2ff6f9d3960543ad27414db63566dbc55aaaeae1f25,client_a_preview,0,"","",LTC/USD,"",0,confirmed,,,0,0,,,1781174831573,1781174869079,,1781174831573
714,0x784f4658c4ed5f9a7724647192df3cc37de90fa8d347d666cbf5ba699d165b13,066f8d67491288f3f809b2ff6f9d3960543ad27414db63566dbc55aaaeae1f25,client_a_preview,0,"","",BTC/USD,"",0,confirmed,,,0,0,,,1781174831584,1781174869089,,1781174831584
715,0x59a3fea232f370b0df8251140e4222211fd3819aea5ff5eef275cff7dc47cfdd,"",client_a_preview,0,"","",USDC/USD,999713933500000000,1781174858,failed,NonMonotonicNonce,"Intent for USDC/USD superseded on chain; not submitted.",0,0,,,,,1781174877298,1781174877298
716,0xb1e337eb2f82a4f84cf7b8a63d617fb9493186f86c538fb377cad6582622214a,"",client_a_preview,0,"","",SHIB/USD,4722460392109,1781174864,failed,NonMonotonicNonce,"Intent for SHIB/USD superseded on chain; not submitted.",0,0,,,,,1781174877306,1781174877306
717,0x6904462a3ce3b7ec711d578432ba8db085e3dc3f7b0264489cb3c79891cb1624,"",client_a_preview,0,"","",BTC/USD,62833466564873759490048,1781174852,failed,NonMonotonicNonce,"Intent for BTC/USD superseded on chain; not submitted.",0,0,,,,,1781174877315,1781174877315
718,0xfae0f636229d440162191342beb8b1d316f73d6bdf69171826fa1e60caa8fed2,"",client_a_preview,0,"","",LTC/USD,42479139890481192960,1781174851,failed,NonMonotonicNonce,"Intent for LTC/USD superseded on chain; not submitted.",0,0,,,,,1781174877323,1781174877323
719,0xa78b392d4191f18d3bc649bc86dc2bb335237ff68d87b62f06571641530aa5f9,"",client_a_preview,0,"","",ARB/USD,80731279139782456,1781174837,failed,NonMonotonicNonce,"Intent for ARB/USD superseded on chain; not submitted.",0,0,,,,,1781174877332,1781174877332
720,0xe7c9ae2ac9658830a6533787801f2c02e67f3c5c1658c36c7598f4ed12349377,e37b41b9ce9218b19cd82fdc760840da661fe32a448765b167a2a5ee419cf691,client_a_preview,0,"","",ARB/USD,"",0,confirmed,,,0,0,,,1781174902817,1781175013159,,1781174902817
721,0xa9376fc1f535bd5ab95aa6859764918d0a1acc44f8a7f5199c1dd8bcfd43a63c,7175d55df5f1aa40a61c5463a153769c5f2c73e9e0099eccdffa69e24e246cbd,client_a_preview,0,"","",ARB/USD,"",0,confirmed,,,0,0,,,1781175034564,1781175056718,,1781175034564
722,0x3a1d82154c73a1b8e509913e6195fa5e78ffa347479e831b76e161cf3881351a,7175d55df5f1aa40a61c5463a153769c5f2c73e9e0099eccdffa69e24e246cbd,client_a_preview,0,"","",USDC/USD,"",0,confirmed,,,0,0,,,1781175034574,1781175056733,,1781175034574
723,0x1f120aa23f556133c6717ddcf0d9aadabef67ba914aad8d71ce34ae4a41e6e06,7175d55df5f1aa40a61c5463a153769c5f2c73e9e0099eccdffa69e24e246cbd,client_a_preview,0,"","",SHIB/USD,"",0,confirmed,,,0,0,,,1781175034579,1781175056744,,1781175034579
724,0xf8483e3ff03fd8715f8eeda7d522d8d297ef3a7fe98f59f998914536a346abad,7175d55df5f1aa40a61c5463a153769c5f2c73e9e0099eccdffa69e24e246cbd,client_a_preview,0,"","",NEIRO/USD,"",0,failed,CrashRecovery,"daemon restarted with submitted transaction awaiting confirmation",0,0,,,1781175034584,,1781177339427,1781175034584
725,0xf8483e3ff03fd8715f8eeda7d522d8d297ef3a7fe98f59f998914536a346abad,"",client_a_preview,0,"","",NEIRO/USD,68168683777714,1781174977,failed,CrashRecovery,"daemon restarted with submitted transaction awaiting confirmation",0,0,,,,,1781177339427,1781175056754
726,0x3939e72fce21e8e0fdd01c294c56583ec78fd63b567ff1e97f9dc1366d0c251e,64ae708e82025eb2850e651c5d8be21ad66a7b466a862aa029248212353300c5,client_a_preview,0,"","",NEIRO/USD,"",0,confirmed,,,0,0,,,1781175076200,1781175101451,,1781175076200
727,0xe9197d032f47a0e46d7959f79d86a8c29cf958cd6c61f6526e8be424dcc5408d,64ae708e82025eb2850e651c5d8be21ad66a7b466a862aa029248212353300c5,client_a_preview,0,"","",USDC/USD,"",0,failed,CrashRecovery,"daemon restarted with submitted transaction awaiting confirmation",0,0,,,1781175076210,,1781177339424,1781175076210
728,0x85008794ba7ea727d21c2bae28c7676e42d0e4b430af6f8d3c55b5016bc7bd4f,64ae708e82025eb2850e651c5d8be21ad66a7b466a862aa029248212353300c5,client_a_preview,0,"","",SHIB/USD,"",0,failed,CrashRecovery,"daemon restarted with submitted transaction awaiting confirmation",0,0,,,1781175076215,,1781177339421,1781175076215
729,0xf42ca7365681b2b3baefe04296d673a600c4c7d8ad7257434cb091c0e5ae9366,64ae708e82025eb2850e651c5d8be21ad66a7b466a862aa029248212353300c5,client_a_preview,0,"","",DOGE/USD,"",0,failed,CrashRecovery,"daemon restarted with submitted transaction awaiting confirmation",0,0,,,1781175076220,,1781177339418,1781175076220
730,0xe9197d032f47a0e46d7959f79d86a8c29cf958cd6c61f6526e8be424dcc5408d,"",client_a_preview,0,"","",USDC/USD,999710065656013376,1781175034,failed,CrashRecovery,"daemon restarted with submitted transaction awaiting confirmation",0,0,,,,,1781177339424,1781175101468
731,0x85008794ba7ea727d21c2bae28c7676e42d0e4b430af6f8d3c55b5016bc7bd4f,"",client_a_preview,0,"","",SHIB/USD,4722012453561,1781175042,failed,CrashRecovery,"daemon restarted with submitted transaction awaiting confirmation",0,0,,,,,1781177339421,1781175101476
732,0xf42ca7365681b2b3baefe04296d673a600c4c7d8ad7257434cb091c0e5ae9366,"",client_a_preview,0,"","",DOGE/USD,84959203900000000,1781175041,failed,CrashRecovery,"daemon restarted with submitted transaction awaiting confirmation",0,0,,,,,1781177339418,1781175101486
733,0xe2c84a6fa483cf80639df1d62329219a2bc1449899b28638ed2626fc1302f3aa,213d2d13e3856b89818b6a85d923c731dd9ec77dd1bd31f756b59973677b2ef8,client_a_preview,0,"","",NEIRO/USD,"",0,failed,CrashRecovery,"daemon restarted with submitted transaction awaiting confirmation",0,0,,,1781175121137,,1781177339415,1781175121137
734,0xba3615a02d3ac67279cf214db2016d97def3d1af6f2d826842d47459c3cc419e,213d2d13e3856b89818b6a85d923c731dd9ec77dd1bd31f756b59973677b2ef8,client_a_preview,0,"","",DOGE/USD,"",0,confirmed,,,0,0,,,1781175121148,1781175178831,,1781175121148
735,0xe2c84a6fa483cf80639df1d62329219a2bc1449899b28638ed2626fc1302f3aa,"",client_a_preview,0,"","",NEIRO/USD,68158733382561,1781175065,failed,CrashRecovery,"daemon restarted with submitted transaction awaiting confirmation",0,0,,,,,1781177339415,1781175178826
736,0xda1f6dea3a1a45b16f0c03433072d3c2bf6ec4d01b9364859eb1688f42fe88f2,7a20d2b29342718bd8f99b93b4a25460bcf65172669418756f9a81219d170bd2,client_a_preview,0,"","",ETH/USD,"",0,confirmed,,,0,0,,,1781175200074,1781175234217,,1781175200074
737,0x278926b1ef0a41095b94af87f36888a80c74fb6a66d9993ceacc13197cd96f2d,7a20d2b29342718bd8f99b93b4a25460bcf65172669418756f9a81219d170bd2,client_a_preview,0,"","",DOGE/USD,"",0,failed,CrashRecovery,"daemon restarted with submitted transaction awaiting confirmation",0,0,,,1781175200081,,1781177339412,1781175200081
738,0x4f6088eac1044f837e8e7102d67e85b8cb129d8c05bd33f4472b634c841d787f,7a20d2b29342718bd8f99b93b4a25460bcf65172669418756f9a81219d170bd2,client_a_preview,0,"","",XVG/USD,"",0,failed,CrashRecovery,"daemon restarted with submitted transaction awaiting confirmation",0,0,,,1781175200085,,1781177339409,1781175200085
739,0x8249894c5646d0be6bdb08ba5f8a7fe13d4c0c169d00da4b82a3c1510838a6ab,7a20d2b29342718bd8f99b93b4a25460bcf65172669418756f9a81219d170bd2,client_a_preview,0,"","",USDT/USD,"",0,failed,CrashRecovery,"daemon restarted with submitted transaction awaiting confirmation",0,0,,,1781175200095,,1781177339406,1781175200095
740,0x278926b1ef0a41095b94af87f36888a80c74fb6a66d9993ceacc13197cd96f2d,"",client_a_preview,0,"","",DOGE/USD,84959203900000000,1781175128,failed,CrashRecovery,"daemon restarted with submitted transaction awaiting confirmation",0,0,,,,,1781177339412,1781175234234
741,0x4f6088eac1044f837e8e7102d67e85b8cb129d8c05bd33f4472b634c841d787f,"",client_a_preview,0,"","",XVG/USD,2505956340856501,1781175164,failed,CrashRecovery,"daemon restarted with submitted transaction awaiting confirmation",0,0,,,,,1781177339409,1781175234241
742,0x8249894c5646d0be6bdb08ba5f8a7fe13d4c0c169d00da4b82a3c1510838a6ab,"",client_a_preview,0,"","",USDT/USD,998814595479924992,1781175167,failed,CrashRecovery,"daemon restarted with submitted transaction awaiting confirmation",0,0,,,,,1781177339406,1781175234246
743,0xda1930b6e0d7e4826ea72315635a62d869c666d7b35c92995057ca1bdf61abe2,cd92a702b635e0a5687afbc388f71cffd81516c3218202ef442956770bec0546,client_a_preview,0,"","",ETH/USD,"",0,failed,CrashRecovery,"daemon restarted with submitted transaction awaiting confirmation",0,0,,,1781175253454,,1781177339402,1781175253454
744,0x8cc310ed0008e448f364bf140b081ad0359b5e4fa5df4b0acec3a7321486e6cb,cd92a702b635e0a5687afbc388f71cffd81516c3218202ef442956770bec0546,client_a_preview,0,"","",XVG/USD,"",0,confirmed,,,0,0,,,1781175253465,1781175275458,,1781175253465
745,0x8e32e07146078482e72be50de62f799c0ea83b2c601295acc33a3b648bbd71b1,cd92a702b635e0a5687afbc388f71cffd81516c3218202ef442956770bec0546,client_a_preview,0,"","",USDT/USD,"",0,confirmed,,,0,0,,,1781175253470,1781175275470,,1781175253470
746,0xda1930b6e0d7e4826ea72315635a62d869c666d7b35c92995057ca1bdf61abe2,"",client_a_preview,0,"","",ETH/USD,1655854951265103773696,1781175204,failed,CrashRecovery,"daemon restarted with submitted transaction awaiting confirmation",0,0,,,,,1781177339402,1781175275448
747,0x6a6348dd51c9536c17e717a0b1686a32e2b646a935a34238c6b1173218ed3098,"",client_a_preview,0,"","",USDT/USD,998815000000000000,1781175257,failed,NonMonotonicNonce,"Intent for USDT/USD superseded on chain; not submitted.",0,0,,,,,1781175282321,1781175282321
748,0xa8e587d543ea4ee7a4190b49ba7f5d49c3d756d249d75abccee8c86651dd6d89,"",client_a_preview,0,"","",XVG/USD,2505956340856501,1781175255,failed,NonMonotonicNonce,"Intent for XVG/USD superseded on chain; not submitted.",0,0,,,,,1781175282327,1781175282327
749,0xfb52cd01cd74bbcee00ada3520c0fa906828fb36e3074e3d6eb062ea99400e67,"",client_a_preview,0,"","",LTC/USD,42489478483389898752,1781175467,failed,NonMonotonicNonce,"Intent for LTC/USD superseded on chain; not submitted.",0,0,,,,,1781175478724,1781175478724
750,0xa4a488bd22e632e2701a20c7b3f417d02b58e177b43653af30c580934f5f3aa2,"",client_a_preview,0,"","",BTC/USD,62844472447126950903808,1781175468,failed,NonMonotonicNonce,"Intent for BTC/USD superseded on chain; not submitted.",0,0,,,,,1781175478735,1781175478735
751,0xdfe3f55f762cbe64f9787048bdb03961870437e3ea6d48ad6217c0052ab9b9f2,eb26a10a55a26ffb9331f202dec9cd3ce2aaf96a6d5c6f0c1fb7eef2ea498dc8,client_a_preview,0,"","",LTC/USD,"",0,confirmed,,,0,0,,,1781175539139,1781175573563,,1781175539139
752,0x20ae088ec2f666f578ad63b1654fa6fb0a459338de9bbb490750d8cdabf1e627,eb26a10a55a26ffb9331f202dec9cd3ce2aaf96a6d5c6f0c1fb7eef2ea498dc8,client_a_preview,0,"","",BTC/USD,"",0,confirmed,,,0,0,,,1781175539144,1781175573580,,1781175539144
753,0xe555ba689c96dd86c88170bfb6676f51ea462827dcc83a852631e5e73b1d849e,"",client_a_preview,0,"","",BTC/USD,62844472447126950903808,1781175558,failed,NonMonotonicNonce,"Intent for BTC/USD superseded on chain; not submitted.",0,0,,,,,1781175578562,1781175578562
754,0x2d5ce25d4cd2f970a4df8d03913311b54f8b0cee03ec4bf43ea6019b6f430a94,"",client_a_preview,0,"","",LTC/USD,42489795049999998976,1781175557,failed,NonMonotonicNonce,"Intent for LTC/USD superseded on chain; not submitted.",0,0,,,,,1781175578570,1781175578570
755,0xcd90ed86c9701910ec2f312a5f041e24e5e8f178e86fd4bfda9d175c56d72fdb,"",client_a_preview,0,"","",USDC/USD,999706242865601344,1781175657,failed,NonMonotonicNonce,"Oracle intent nonce must be greater than the current on-chain nonce; intent superseded, not submitted.",0,0,,,,,1781175669859,1781175669859
756,0xaa330a754c15b243f2c7bb6c7c0f95e503a504faba2a8dedb09b9b62f1fc5299,"",client_a_preview,0,"","",SHIB/USD,4722390661495,1781175663,failed,NonMonotonicNonce,"Oracle intent nonce must be greater than the current on-chain nonce; intent superseded, not submitted.",0,0,,,,,1781175678059,1781175678059
757,0xd6ba087644dc9287265f9b2c049034b8304825d0ecd9c80411bdaf9acfb79afc,f01061ffa1e1e0d4ef854840d98ffd8e34a3165c5c243d7b6343f8d51c85d699,client_a_preview,0,"","",ARB/USD,"",0,confirmed,,,0,0,,,1781175705181,1781175746945,,1781175705181
758,0x4e359301f8c18a345d5dfe03888e37274d4e93f33834dec698fb01908a93c4f3,b1476057f0a67e4f54388915cb1c5d2d9ecc7459f02a3914fd80dd520dd97ee4,client_a_preview,0,"","",ARB/USD,"",0,failed,CrashRecovery,"daemon restarted with submitted transaction awaiting confirmation",0,0,,,1781175768342,,1781177339399,1781175768342
759,0xc3edde8dcfafd0bac11b12738b5601799024ad238074bf463060729b4d503472,b1476057f0a67e4f54388915cb1c5d2d9ecc7459f02a3914fd80dd520dd97ee4,client_a_preview,0,"","",USDC/USD,"",0,confirmed,,,0,0,,,1781175768349,1781175883964,,1781175768349
760,0x1f4ca0bc1517109d48dd9f58ecc04a0dc8dd9b9448db2094c280d30b2787c693,b1476057f0a67e4f54388915cb1c5d2d9ecc7459f02a3914fd80dd520dd97ee4,client_a_preview,0,"","",SHIB/USD,"",0,confirmed,,,0,0,,,1781175768355,1781175883976,,1781175768355
761,0xf831a92cecd1366cdee01537e0318fa8363d99e047ef46c2ac59d806a0fbf53a,b1476057f0a67e4f54388915cb1c5d2d9ecc7459f02a3914fd80dd520dd97ee4,client_a_preview,0,"","",NEIRO/USD,"",0,confirmed,,,0,0,,,1781175768360,1781175883996,,1781175768360
762,0x4e359301f8c18a345d5dfe03888e37274d4e93f33834dec698fb01908a93c4f3,"",client_a_preview,0,"","",ARB/USD,80803567310065056,1781175723,failed,CrashRecovery,"daemon restarted with submitted transaction awaiting confirmation",0,0,,,,,1781177339399,1781175883960
763,0xf1d87f5eb1a0cdc762d889b2a0d385a57fc413a19103408680f0abc21cfd6534,"",client_a_preview,0,"","",USDC/USD,999700000000000000,1781175831,failed,NonMonotonicNonce,"Intent for USDC/USD superseded on chain; not submitted.",0,0,,,,,1781175892944,1781175892944
764,0x88a8c89c232dd0e170dc8a6164fc0b6766c7e9886c7bcab4d43affb011aa0fba,"",client_a_preview,0,"","",SHIB/USD,4722379049276,1781175837,failed,NonMonotonicNonce,"Intent for SHIB/USD superseded on chain; not submitted.",0,0,,,,,1781175892950,1781175892950
765,0x29f75edac93ae701f4a93603e95a8fa8a00696de7e202ecb2c36d45aa39fe720,"",client_a_preview,0,"","",NEIRO/USD,68093826029393,1781175866,failed,NonMonotonicNonce,"Intent for NEIRO/USD superseded on chain; not submitted.",0,0,,,,,1781175892956,1781175892956
766,0x58040651f0aa6490543d1adf147d4e47f48421729701518189755651693da69e,"",client_a_preview,0,"","",DOGE/USD,84968774177140928,1781175836,failed,NonMonotonicNonce,"Intent for DOGE/USD superseded on chain; not submitted.",0,0,,,,,1781175892960,1781175892960
767,0x4097724adda4623225c4839e2664ef6b5d343f101a557ae85d767d9c3d40899d,"",client_a_preview,0,"","",USDT/USD,998820000000000000,1781175879,failed,NonMonotonicNonce,"Intent for USDT/USD superseded on chain; not submitted.",0,0,,,,,1781175892968,1781175892968
768,0xc30452ddf32c85a95c55ba9d2139c23eb328697d22f0d193eb2eede3ba723c6a,"",client_a_preview,0,"","",XVG/USD,2505956340856501,1781175875,failed,NonMonotonicNonce,"Intent for XVG/USD superseded on chain; not submitted.",0,0,,,,,1781175892974,1781175892974
769,0x958a8c8af859e9e74da6564fbaa17a64cf771f7b61632c3b17fb51b73960c94f,a84f0a61e3bbb32453bb1dc936cae66291baa9ebf9f7bcc6efe029dd2d8b185e,client_a_preview,0,"","",ETH/USD,"",0,confirmed,,,0,0,,,1781175911782,1781175944490,,1781175911782
770,0xddfb8e6640aca13416751901ed5ef5d25bd4663dabc303902c95dd34d8a7d2e7,48d702a4dce4a59082bc45438d73ef2dc9c33880fee933651d77e1794264fc5e,client_a_preview,0,"","",DOGE/USD,"",0,failed,CrashRecovery,"daemon restarted with submitted transaction awaiting confirmation",0,0,,,1781175965928,,1781177339396,1781175965928
771,0x8dd2b0dda37fe364cc67ea24be06a3c899a1bf3930ec04faa69f0466003c528f,48d702a4dce4a59082bc45438d73ef2dc9c33880fee933651d77e1794264fc5e,client_a_preview,0,"","",ETH/USD,"",0,failed,CrashRecovery,"daemon restarted with submitted transaction awaiting confirmation",0,0,,,1781175965939,,1781177339393,1781175965939
772,0x6827c8e1e9b4cafa9efd9e46eccabe902fa49441a2094aaa3eaee6812e1b2d50,48d702a4dce4a59082bc45438d73ef2dc9c33880fee933651d77e1794264fc5e,client_a_preview,0,"","",XVG/USD,"",0,confirmed,,,0,0,,,1781175965944,1781175998751,,1781175965944
773,0x2895e987abc9be8ba2f72dd559327725f31bb6dfcaf076be6e10712d0b22fffd,48d702a4dce4a59082bc45438d73ef2dc9c33880fee933651d77e1794264fc5e,client_a_preview,0,"","",USDT/USD,"",0,confirmed,,,0,0,,,1781175965948,1781175998762,,1781175965948
774,0xddfb8e6640aca13416751901ed5ef5d25bd4663dabc303902c95dd34d8a7d2e7,"",client_a_preview,0,"","",DOGE/USD,84968774177140928,1781175928,failed,CrashRecovery,"daemon restarted with submitted transaction awaiting confirmation",0,0,,,,,1781177339396,1781175998738
775,0x8dd2b0dda37fe364cc67ea24be06a3c899a1bf3930ec04faa69f0466003c528f,"",client_a_preview,0,"","",ETH/USD,1655796804201016328192,1781175916,failed,CrashRecovery,"daemon restarted with submitted transaction awaiting confirmation",0,0,,,,,1781177339393,1781175998745
776,0xd425b7e4b4f556c542bb11e8c50a36edd8744bf87059573138d857ad1d942b84,07dda2a4916c885578edb19c20d8efe63a8a2bf8d789b6a442bc975f630c9ece,client_a_preview,0,"","",USDT/USD,"",0,failed,CrashRecovery,"daemon restarted with submitted transaction awaiting confirmation",0,0,,,1781176019262,,1781177339390,1781176019262
777,0x9e69e2840c69db4608ebf70163ee203d7bb82b8ef305a7a96f28b9784fbd1fff,07dda2a4916c885578edb19c20d8efe63a8a2bf8d789b6a442bc975f630c9ece,client_a_preview,0,"","",XVG/USD,"",0,failed,CrashRecovery,"daemon restarted with submitted transaction awaiting confirmation",0,0,,,1781176019272,,1781177339387,1781176019272
778,0x0671a6e1726a14814d41986824efd1290b273f1130a16f64890623682a73cc1f,07dda2a4916c885578edb19c20d8efe63a8a2bf8d789b6a442bc975f630c9ece,client_a_preview,0,"","",DOGE/USD,"",0,confirmed,,,0,0,,,1781176019279,1781176058697,,1781176019279
779,0xd425b7e4b4f556c542bb11e8c50a36edd8744bf87059573138d857ad1d942b84,"",client_a_preview,0,"","",USDT/USD,998820000000000000,1781175964,failed,CrashRecovery,"daemon restarted with submitted transaction awaiting confirmation",0,0,,,,,1781177339390,1781176058686
780,0x9e69e2840c69db4608ebf70163ee203d7bb82b8ef305a7a96f28b9784fbd1fff,"",client_a_preview,0,"","",XVG/USD,2505956340856501,1781175961,failed,CrashRecovery,"daemon restarted with submitted transaction awaiting confirmation",0,0,,,,,1781177339387,1781176058693
781,0xa0c1db819425f6d9a758a817293f1c1655ea0004366a78f89aa953abd3c2498e,"",client_a_preview,0,"","",DOGE/USD,84968774177140928,1781176011,failed,NonMonotonicNonce,"Oracle intent nonce must be greater than the current on-chain nonce; intent superseded, not submitted.",0,0,,,,,1781176066823,1781176066823
782,0x4ef43bb8bd157b57d61142e82685cba1bc5f828053e5f5a43a3ddbc7324440ec,"",client_a_preview,0,"","",LTC/USD,42519536599087865856,1781176175,failed,NonMonotonicNonce,"Intent for LTC/USD superseded on chain; not submitted.",0,0,,,,,1781176187114,1781176187114
783,0x9594bb12ae467b39d3ac04b17a68a9769fbbe8f2f19030ade6b238beea3001de,"",client_a_preview,0,"","",BTC/USD,62860144999999998001152,1781176177,failed,NonMonotonicNonce,"Intent for BTC/USD superseded on chain; not submitted.",0,0,,,,,1781176187124,1781176187124
784,0x0287701465510ad42d7b7443d57fc43dbdff8d706941f16e7a5bde295216b28a,2cc4e10dfa006263fbfa41e294f4744e9b00b391c872beebc6aa50d10e882771,client_a_preview,0,"","",LTC/USD,"",0,confirmed,,,0,0,,,1781176253803,1781176284663,,1781176253803
785,0x1b380852d8289e022bffb3d58329e6faac0a61ddee86bed274b94e5a25e847a4,2cc4e10dfa006263fbfa41e294f4744e9b00b391c872beebc6aa50d10e882771,client_a_preview,0,"","",BTC/USD,"",0,confirmed,,,0,0,,,1781176253813,1781176284676,,1781176253813
786,0xb91bfd5cd268b567b542941f4bf571c09fba4799499c6a65b278d27926e62c75,"",client_a_preview,0,"","",BTC/USD,62868998102028942049280,1781176269,failed,NonMonotonicNonce,"Intent for BTC/USD superseded on chain; not submitted.",0,0,,,,,1781176291514,1781176291514
787,0x4e62c1050e2eb5d99c7a7ac2033763137af3565927976d01bcc56767ab29467a,"",client_a_preview,0,"","",LTC/USD,42522290387987144704,1781176267,failed,NonMonotonicNonce,"Intent for LTC/USD superseded on chain; not submitted.",0,0,,,,,1781176291522,1781176291522
788,0x138a818c14f22454ea07c81447168d8e683291cbdfe32e9bb04c2a7c646a9542,e68f76b000b44673bd7f95442ed3139ab798af4878de5dc737d1cb3fd8362e21,client_a_preview,0,"","",ARB/USD,"",0,confirmed,,,0,0,,,1781176416834,1781176532488,,1781176416834
789,0xbde7dda084a86e327fa282fc2c05de37408c0f17ffdc4b619983f6d96f7fb794,7a682a8109b5afe6afc5468992776e875b2bdefe84b52b5a0bddbd0a67f3cc03,client_a_preview,0,"","",ARB/USD,"",0,failed,CrashRecovery,"daemon restarted with submitted transaction awaiting confirmation",0,0,,,1781176552055,,1781177339383,1781176552055
790,0x5e9948b2471f39fa597bfe218991133674c35c5e10a765bb6d618731a5f6c36f,7a682a8109b5afe6afc5468992776e875b2bdefe84b52b5a0bddbd0a67f3cc03,client_a_preview,0,"","",NEIRO/USD,"",0,failed,CrashRecovery,"daemon restarted with submitted transaction awaiting confirmation",0,0,,,1781176552065,,1781177339380,1781176552065
791,0x555c4de9d0e26a8312d070e7fe4c134cbd80d291a5075c7f474fc2cad8040e44,7a682a8109b5afe6afc5468992776e875b2bdefe84b52b5a0bddbd0a67f3cc03,client_a_preview,0,"","",USDC/USD,"",0,confirmed,,,0,0,,,1781176552074,1781176589293,,1781176552074
792,0xb025cb6a829f0662c9bb0b46dd7ee0a6ee7da99322d37ac1195a59346cd002cb,7a682a8109b5afe6afc5468992776e875b2bdefe84b52b5a0bddbd0a67f3cc03,client_a_preview,0,"","",SHIB/USD,"",0,confirmed,,,0,0,,,1781176552081,1781176589302,,1781176552081
793,0xbde7dda084a86e327fa282fc2c05de37408c0f17ffdc4b619983f6d96f7fb794,"",client_a_preview,0,"","",ARB/USD,80823987274019408,1781176518,failed,CrashRecovery,"daemon restarted with submitted transaction awaiting confirmation",0,0,,,,,1781177339383,1781176589278
794,0x5e9948b2471f39fa597bfe218991133674c35c5e10a765bb6d618731a5f6c36f,"",client_a_preview,0,"","",NEIRO/USD,68054327254184,1781176484,failed,CrashRecovery,"daemon restarted with submitted transaction awaiting confirmation",0,0,,,,,1781177339380,1781176589289
795,0x8b8bf741a0f5f9d682afe5a22950ad3589f7d5ce80c4494ce22a0e66acdeb60d,"",client_a_preview,0,"","",NEIRO/USD,68054327254184,1781176577,failed,NonMonotonicNonce,"Intent for NEIRO/USD superseded on chain; not submitted.",0,0,,,,,1781176595356,1781176595356
796,0x6eb81ea1db8a68e216b26b08dcf77551ba55345ef47c2be64a80b55b0500f3de,"",client_a_preview,0,"","",USDC/USD,999633998771689728,1781176542,failed,NonMonotonicNonce,"Intent for USDC/USD superseded on chain; not submitted.",0,0,,,,,1781176595364,1781176595364
797,0x2635695f435deca1d3971626a4ef3a6a4c49d2a635a889b2149d82eef3e65c68,"",client_a_preview,0,"","",SHIB/USD,4722431859842,1781176547,failed,NonMonotonicNonce,"Intent for SHIB/USD superseded on chain; not submitted.",0,0,,,,,1781176595371,1781176595371
798,0x58024690c3b2e84fe556a0a4c0dc088b328817f9c562c2e16af136ee217b04bd,a9495534721c3af538ac05af3f772ef130433af123e1b33e16a89d8cb3ddc948,client_a_preview,0,"","",ETH/USD,"",0,confirmed,,,0,0,,,1781176616333,1781176702551,,1781176616333
799,0x5faac650dc5278c4d06a78b2de222b20b67ca6e1fe4e3f1a89e62d6ff46ead15,6d14571ce9428a2f5a12771eb089bf55fc12f476e4fd98f3e3277d4780be94c6,client_a_preview,0,"","",ETH/USD,"",0,confirmed,,,0,0,,,1781176726080,1781176832949,,1781176726080
800,0xe102dc4b274041e24627cd7b7120708a4784fe5951324ee03651a25e4e2ee1e5,6d14571ce9428a2f5a12771eb089bf55fc12f476e4fd98f3e3277d4780be94c6,client_a_preview,0,"","",BTC/USD,"",0,confirmed,,,0,0,,,1781176726087,1781176832974,,1781176726087
801,0xc63a9448ed72d2bc6104655b8aa9f33809c615098e2687876889dfc5a518c749,6d14571ce9428a2f5a12771eb089bf55fc12f476e4fd98f3e3277d4780be94c6,client_a_preview,0,"","",NEIRO/USD,"",0,failed,CrashRecovery,"daemon restarted with submitted transaction awaiting confirmation",0,0,,,1781176726091,,1781177339377,1781176726091
802,0x4041ef0639e8337bd4a8cb8914ec0d0ef15708b62207fadcda644ce3dd469571,6d14571ce9428a2f5a12771eb089bf55fc12f476e4fd98f3e3277d4780be94c6,client_a_preview,0,"","",XVG/USD,"",0,failed,CrashRecovery,"daemon restarted with submitted transaction awaiting confirmation",0,0,,,1781176726096,,1781177339374,1781176726096
803,0x92a4c2d06a491b235472a71ced42460e55dc09008c735732d965040407505cd9,6d14571ce9428a2f5a12771eb089bf55fc12f476e4fd98f3e3277d4780be94c6,client_a_preview,0,"","",USDT/USD,"",0,failed,CrashRecovery,"daemon restarted with submitted transaction awaiting confirmation",0,0,,,1781176726103,,1781177339370,1781176726103
804,0x3b89f4f2c352d55448e37ea0c0055a3dceba6d1967f6414e5c32b6aa62e2dcbd,6d14571ce9428a2f5a12771eb089bf55fc12f476e4fd98f3e3277d4780be94c6,client_a_preview,0,"","",DOGE/USD,"",0,confirmed,,,0,0,,,1781176726107,1781176832999,,1781176726107
805,0xc63a9448ed72d2bc6104655b8aa9f33809c615098e2687876889dfc5a518c749,"",client_a_preview,0,"","",NEIRO/USD,68054327254184,1781176665,failed,CrashRecovery,"daemon restarted with submitted transaction awaiting confirmation",0,0,,,,,1781177339377,1781176832986
806,0x4041ef0639e8337bd4a8cb8914ec0d0ef15708b62207fadcda644ce3dd469571,"",client_a_preview,0,"","",XVG/USD,2505932412337671,1781176676,failed,CrashRecovery,"daemon restarted with submitted transaction awaiting confirmation",0,0,,,,,1781177339374,1781176832993
807,0x92a4c2d06a491b235472a71ced42460e55dc09008c735732d965040407505cd9,"",client_a_preview,0,"","",USDT/USD,998844069306342016,1781176679,failed,CrashRecovery,"daemon restarted with submitted transaction awaiting confirmation",0,0,,,,,1781177339370,1781176832997
808,0x75df46e0906ebafac7640f56bac8dd9088d948f9670bbf9bcc933bfd6a2fe843,92413b61d8063a678ac76b87eccfc19e1aea1b9807fbc35f2da949323dfcb59c,client_a_preview,0,"","",BTC/USD,"",0,failed,CrashRecovery,"daemon restarted with submitted transaction awaiting confirmation",0,0,,,1781176853916,,1781177339367,1781176853916
809,0xcbb0debe419a6cd47cf88def69a96808ceef744f5c1e0b9afbdeceded1deede1,92413b61d8063a678ac76b87eccfc19e1aea1b9807fbc35f2da949323dfcb59c,client_a_preview,0,"","",DOGE/USD,"",0,failed,CrashRecovery,"daemon restarted with submitted transaction awaiting confirmation",0,0,,,1781176853926,,1781177339363,1781176853926
810,0x218742a65c4dea002344f998b89204434571b8313e694ad7bfa5f7f15f7616c7,92413b61d8063a678ac76b87eccfc19e1aea1b9807fbc35f2da949323dfcb59c,client_a_preview,0,"","",NEIRO/USD,"",0,confirmed,,,0,0,,,1781176853932,1781176894013,,1781176853932
811,0xe20dc9fc97ec195e261b8054233ae160242b0f064b09ce8bebbfe5798cd8c19c,92413b61d8063a678ac76b87eccfc19e1aea1b9807fbc35f2da949323dfcb59c,client_a_preview,0,"","",XVG/USD,"",0,confirmed,,,0,0,,,1781176853937,1781176894022,,1781176853937
812,0x6e84b5c75b6eb57c906f296aec8df7b8e16294963661442a9e974d15b14e1e1e,92413b61d8063a678ac76b87eccfc19e1aea1b9807fbc35f2da949323dfcb59c,client_a_preview,0,"","",USDT/USD,"",0,confirmed,,,0,0,,,1781176853941,1781176894031,,1781176853941
813,0x75df46e0906ebafac7640f56bac8dd9088d948f9670bbf9bcc933bfd6a2fe843,"",client_a_preview,0,"","",BTC/USD,62992908880837502566400,1781176803,failed,CrashRecovery,"daemon restarted with submitted transaction awaiting confirmation",0,0,,,,,1781177339367,1781176894002
814,0xcbb0debe419a6cd47cf88def69a96808ceef744f5c1e0b9afbdeceded1deede1,"",client_a_preview,0,"","",DOGE/USD,84989464341642800,1781176817,failed,CrashRecovery,"daemon restarted with submitted transaction awaiting confirmation",0,0,,,,,1781177339363,1781176894009
815,0x7352b35024f8492acbc28fc851dd61f98bacca139e0058afa9a4eb229db24d26,"",client_a_preview,0,"","",USDT/USD,998869999999999872,1781176854,failed,NonMonotonicNonce,"Intent for USDT/USD superseded on chain; not submitted.",0,0,,,,,1781176900921,1781176900921
816,0xac6b6cfd146b92ce1f75997bb63643e803c23dbd3049197ac404b1e94eeb2030,"",client_a_preview,0,"","",NEIRO/USD,68050628550000,1781176842,failed,NonMonotonicNonce,"Intent for NEIRO/USD superseded on chain; not submitted.",0,0,,,,,1781176900926,1781176900926
817,0x8020cd055c6562a3bdf3e84404bbea47ed2fc7e28bcfcef70c098315a289c071,"",client_a_preview,0,"","",XVG/USD,2505932412337671,1781176851,failed,NonMonotonicNonce,"Intent for XVG/USD superseded on chain; not submitted.",0,0,,,,,1781176900932,1781176900932
818,0xe491f21e274684edc362678a7745fb8de6a1a1393e8efcfde7f063b9260fcbf8,"",client_a_preview,0,"","",LTC/USD,42540419844809150464,1781176890,failed,NonMonotonicNonce,"Intent for LTC/USD superseded on chain; not submitted.",0,0,,,,,1781176900937,1781176900937
819,0xd551aa9881eae8f1050d5c74e46bf07b1b849f7a4241c579ce47141ff52bcaed,51a84251b9fda345fff5c366304ab0a431590c9da55e9237b713ced98b292f8e,client_a_preview,0,"","",ARB/USD,"",0,confirmed,,,0,0,,,1781176954614,1781176987428,,1781176954614
820,0x805ea0251b8da4be8ef2bc376bef506b5f70a6d76e44632309f5eedf629a4741,"",client_a_preview,0,"","",LTC/USD,42545484029081927680,1781176977,failed,NonMonotonicNonce,"Intent for LTC/USD superseded on chain; not submitted.",0,0,,,,,1781176994360,1781176994360
821,0xe6bf42d08e66cf3574bfbac015c21be3121db5cfd4d1a3d96c95405698ad94a7,"",client_a_preview,0,"","",ARB/USD,80896693769589952,1781176963,failed,NonMonotonicNonce,"Intent for ARB/USD superseded on chain; not submitted.",0,0,,,,,1781176994365,1781176994365
822,0xef5b6f435e13f88895d2411f91987cdee6e145740b6b7ecb412133106bf65a37,e281a822afc29ae20d9402cfc2242b713df953695ab63ab02f996c4f4198ee44,client_a_preview,0,"","",LTC/USD,"",0,confirmed,,,0,0,,,1781177061561,1781177092837,,1781177061561
823,0xfe235ecb78129cfa90f976b0a0246b20dcb6cee3de201b9d7ef0398aff89bbe5,e281a822afc29ae20d9402cfc2242b713df953695ab63ab02f996c4f4198ee44,client_a_preview,0,"","",BTC/USD,"",0,confirmed,,,0,0,,,1781177061571,1781177092850,,1781177061571
824,0xfc364323121cd42c48fbed95f7b31d6629df7f77cf8816d4ad8828fe10bd1f0b,"",client_a_preview,0,"","",LTC/USD,42549731739341303808,1781177068,failed,NonMonotonicNonce,"Intent for LTC/USD superseded on chain; not submitted.",0,0,,,,,1781177097801,1781177097801
825,0xea75a895c79c9ad4541d6351b82a018d9de50829a643d25446f17a7a635d4c6a,"",client_a_preview,0,"","",BTC/USD,63045269453750002515968,1781177069,failed,NonMonotonicNonce,"Intent for BTC/USD superseded on chain; not submitted.",0,0,,,,,1781177097808,1781177097808
826,0x687162a90c8c34241ded58e54c927666f67aeb3aaa11fd7e2c2e90a9edbfbed3,c4e81ce89066d5a907a99b57fe231aa98f7b612e29350b503815edf3d1ac05ee,client_a_preview,0,"","",USDC/USD,"",0,confirmed,,,0,0,,,1781177244368,1781177295372,,1781177244368
827,0x51a7af212eee4dd84f39bce2eb3e810c0722857f092a46c96d8927ad10bd5f5e,"",client_a_preview,0,"","",USDC/USD,999633998771689728,1781177256,failed,NonMonotonicNonce,"Intent for USDC/USD superseded on chain; not submitted.",0,0,,,,,1781177303207,1781177303207
828,0x4096c883d167ebc2d4ae2dee1f44b9611313ea84dc660e04ed436320b1acdb39,"",client_a_preview,0,"","",SHIB/USD,4722581528493,1781177261,failed,NonMonotonicNonce,"Intent for SHIB/USD superseded on chain; not submitted.",0,0,,,,,1781177303226,1781177303226
829,0x445e072f537043715475347f9acec191530f2358098d29fcdd5f0644e194f98a,"",client_a_preview,0,"","",NEIRO/USD,68121058500000,1781177285,failed,NonMonotonicNonce,"Intent for NEIRO/USD superseded on chain; not submitted.",0,0,,,,,1781177303231,1781177303231
830,0x2fea06e194344775953222585e5bdb153770e13b8735af4e7c5299cff02c03b3,a21c3aa93ad07cb56959ffa2f740892a3095b6ac8645487df13951139ba5df2b,client_a_preview,0,"","",NEIRO/USD,"",0,confirmed,,,0,0,,,1781177361889,1781177418423,,1781177361889
831,0x555cb052ed40a76befe05d80e684f6bcf2fa13214e9ad2276d906edc631d5123,fe491fc23cb2ad217924f85d67f73fe0bd0853a604334461a1b2578c7bd5de11,client_a_preview,0,"","",SHIB/USD,"",0,confirmed,,,0,0,,,1781177435653,1781177484908,,1781177435653
832,0x017646ae4c0920a1141a26cac1ba3ed7e330d2912b1cfcf89c6b7ec9bff22c10,fe491fc23cb2ad217924f85d67f73fe0bd0853a604334461a1b2578c7bd5de11,client_a_preview,0,"","",NEIRO/USD,"",0,submitted,,,0,0,,,1781177435664,,,1781177435664
833,0x017646ae4c0920a1141a26cac1ba3ed7e330d2912b1cfcf89c6b7ec9bff22c10,"",client_a_preview,0,"","",NEIRO/USD,68126564100000,1781177369,failed,NonMonotonicNonce,"Intent for NEIRO/USD superseded on chain; not submitted.",0,0,,,,,1781177484931,1781177484931
834,0x0f04c7f9065f3ab64209db1844b7e0555028f11df1fe7cf0a0bb11fdc9290a63,8d252466d8acf13df1611650e18bafca34b61172d30c2a291e538e355ad84087,client_a_preview,0,"","",SHIB/USD,"",0,submitted,,,0,0,,,1781177503077,,,1781177503077
835,0x4f90f0ff592ca2e525c8dc4706b6cb221bf69bc62d4d4bb1dc6625042e272a5c,8d252466d8acf13df1611650e18bafca34b61172d30c2a291e538e355ad84087,client_a_preview,0,"","",DOGE/USD,"",0,submitted,,,0,0,,,1781177503088,,,1781177503088
836,0x0b2c912b6277075e43f219abd261d99e7cca2c5a40ff516ac18434c4fb3c8b84,8d252466d8acf13df1611650e18bafca34b61172d30c2a291e538e355ad84087,client_a_preview,0,"","",ETH/USD,"",0,confirmed,,,0,0,,,1781177503093,1781177528420,,1781177503093
837,0x0f04c7f9065f3ab64209db1844b7e0555028f11df1fe7cf0a0bb11fdc9290a63,"",client_a_preview,0,"","",SHIB/USD,4722436487955,1781177431,failed,NonMonotonicNonce,"Intent for SHIB/USD superseded on chain; not submitted.",0,0,,,,,1781177528407,1781177528407
838,0x4f90f0ff592ca2e525c8dc4706b6cb221bf69bc62d4d4bb1dc6625042e272a5c,"",client_a_preview,0,"","",DOGE/USD,85009981311001600,1781177430,failed,NonMonotonicNonce,"Intent for DOGE/USD superseded on chain; not submitted.",0,0,,,,,1781177528417,1781177528417
839,0x0222be670ca1899b85f548fde4c077a3e22958b772e14bf3fd30fdfac4d27964,5ba1df81b6aab602779f3076519003e98699692ddfdec7cee7e72a3a466b522c,client_a_preview,0,"","",DOGE/USD,"",0,submitted,,,0,0,,,1781177548246,,,1781177548246
840,0x8e29271ba8ec1593f29f1580ad234eb653220c1160261ad7dcdf31aaad329fb4,5ba1df81b6aab602779f3076519003e98699692ddfdec7cee7e72a3a466b522c,client_a_preview,0,"","",ETH/USD,"",0,submitted,,,0,0,,,1781177548257,,,1781177548257
841,0x123c9bb12e6a1b8a202f11f0ce9aa5608c59506862fe0cd92530cb3aa4f514d6,5ba1df81b6aab602779f3076519003e98699692ddfdec7cee7e72a3a466b522c,client_a_preview,0,"","",XVG/USD,"",0,confirmed,,,0,0,,,1781177548263,1781177583030,,1781177548263
842,0xd5a39ff8a39b3984e3753e96a41e05b488707ce71c6a0b1e3a2ecae5a379c26d,5ba1df81b6aab602779f3076519003e98699692ddfdec7cee7e72a3a466b522c,client_a_preview,0,"","",USDT/USD,"",0,confirmed,,,0,0,,,1781177548268,1781177583040,,1781177548268
843,0x0222be670ca1899b85f548fde4c077a3e22958b772e14bf3fd30fdfac4d27964,"",client_a_preview,0,"","",DOGE/USD,85015302210873888,1781177516,failed,NonMonotonicNonce,"Intent for DOGE/USD superseded on chain; not submitted.",0,0,,,,,1781177583019,1781177583019
844,0x8e29271ba8ec1593f29f1580ad234eb653220c1160261ad7dcdf31aaad329fb4,"",client_a_preview,0,"","",ETH/USD,1658360935112500051968,1781177505,failed,NonMonotonicNonce,"Intent for ETH/USD superseded on chain; not submitted.",0,0,,,,,1781177583026,1781177583026
845,0xde808df0b4f9b9496c4dc3c4f13db0e2bed54d804eeea4cf14b326f90f3d609a,95c66f8301740e05fc8158d2e0ac281ae5e6356eecbb8d5a69c9df75905c2729,client_a_preview,0,"","",USDT/USD,"",0,submitted,,,0,0,,,1781177604091,,,1781177604091
846,0x7475b540b8ad3950cb089dc89a9641f8b9c1bd8a6e75706262c34d7e7bfea656,95c66f8301740e05fc8158d2e0ac281ae5e6356eecbb8d5a69c9df75905c2729,client_a_preview,0,"","",XVG/USD,"",0,submitted,,,0,0,,,1781177604102,,,1781177604102
847,0xd471b8e1486bfad2066d56b1404f87a99544beacff348cdddbac771ffb74e9f9,95c66f8301740e05fc8158d2e0ac281ae5e6356eecbb8d5a69c9df75905c2729,client_a_preview,0,"","",ARB/USD,"",0,submitted,,,0,0,,,1781177604107,,,1781177604107
848,0x8ffdd9f07c1b23a0b7006277381fc8a0341c9f1dc4e2bd7da3a15f93bf663183,95c66f8301740e05fc8158d2e0ac281ae5e6356eecbb8d5a69c9df75905c2729,client_a_preview,0,"","",DOGE/USD,"",0,confirmed,,,0,0,,,1781177604112,1781177685515,,1781177604112
849,0xde808df0b4f9b9496c4dc3c4f13db0e2bed54d804eeea4cf14b326f90f3d609a,"",client_a_preview,0,"","",USDT/USD,998890000000000000,1781177556,failed,NonMonotonicNonce,"Intent for USDT/USD superseded on chain; not submitted.",0,0,,,,,1781177685494,1781177685494
850,0x7475b540b8ad3950cb089dc89a9641f8b9c1bd8a6e75706262c34d7e7bfea656,"",client_a_preview,0,"","",XVG/USD,2502494076485000,1781177553,failed,NonMonotonicNonce,"Intent for XVG/USD superseded on chain; not submitted.",0,0,,,,,1781177685502,1781177685502
851,0xd471b8e1486bfad2066d56b1404f87a99544beacff348cdddbac771ffb74e9f9,"",client_a_preview,0,"","",ARB/USD,81000000000000000,1781177578,failed,NonMonotonicNonce,"Intent for ARB/USD superseded on chain; not submitted.",0,0,,,,,1781177685510,1781177685510
852,0x4cf5cabd20f214dc8c4d5acdd34a928bda2945f3639ac0e7ba1cdcab52350fed,5e47d709ca11951629b1caf94b1953a6a381e996d794d79863db97fbd66b0ca2,client_a_preview,0,"","",DOGE/USD,"",0,confirmed,,,0,0,,,1781177702700,1781177724505,,1781177702700
853,0x4bc6332dda156e056189cf53180fa3ec0cd2215b305be8e7ecfdeb0235c27026,5e47d709ca11951629b1caf94b1953a6a381e996d794d79863db97fbd66b0ca2,client_a_preview,0,"","",ARB/USD,"",0,submitted,,,0,0,,,1781177702710,,,1781177702710
854,0x4bc6332dda156e056189cf53180fa3ec0cd2215b305be8e7ecfdeb0235c27026,"",client_a_preview,0,"","",ARB/USD,81003059163231064,1781177671,failed,NonMonotonicNonce,"Intent for ARB/USD superseded on chain; not submitted.",0,0,,,,,1781177724547,1781177724547
855,0x11f3fdd3858257a661d0dff3f586efd71213590d2c722582f09f87282acdf41e,"",client_a_preview,0,"","",LTC/USD,42556826519292350464,1781177686,failed,NonMonotonicNonce,"Intent for LTC/USD superseded on chain; not submitted.",0,0,,,,,1781177731408,1781177731408
856,0x86bfd790af294e71096493e25e50c0857339f856dc9a60833d5692a91f172451,"",client_a_preview,0,"","",BTC/USD,63071898504702824808448,1781177687,failed,NonMonotonicNonce,"Intent for BTC/USD superseded on chain; not submitted.",0,0,,,,,1781177731416,1781177731416
857,0x8f78dc6870e41358df33b644dec34401239bb3704466f212c572d3d2b160adca,3bbcb348981b940e70d554b98c53f24bf4598e1162c1ea10c0bb32c1975e4677,client_a_preview,0,"","",ARB/USD,"",0,confirmed,,,0,0,,,1781177747849,1781177917760,,1781177747849
858,0x0dab1b96afc48bd8fa4a15ab4bee5979541f3dcb05174244a9c0b705c69bfc9d,b0bce05a457f4acff99a72df7ce4003819531c8e821962ce44c2b0311330a169,client_a_preview,0,"","",ARB/USD,"",0,confirmed,,,0,0,,,1781177938330,1781177960437,,1781177938330
859,0x51dcd85e9db3b9fafb5845d8b708ed523662be385b5d8680a728016bf990fe15,b0bce05a457f4acff99a72df7ce4003819531c8e821962ce44c2b0311330a169,client_a_preview,0,"","",LTC/USD,"",0,confirmed,,,0,0,,,1781177938351,1781177960446,,1781177938351
860,0x6a7e0f5d78d0139733b0478a1221c504fa5976f7339ec5750647a47d2718304d,b0bce05a457f4acff99a72df7ce4003819531c8e821962ce44c2b0311330a169,client_a_preview,0,"","",BTC/USD,"",0,confirmed,,,0,0,,,1781177938367,1781177960458,,1781177938367
861,0xe4ccc6424ea79cbb8c703e55a6cb666fee3a278ac6d957c672f8145785faa8d5,"",client_a_preview,0,"","",USDC/USD,999649387820430272,1781177951,failed,NonMonotonicNonce,"Intent for USDC/USD superseded on chain; not submitted.",0,0,,,,,1781177969452,1781177969452
862,0x8497049fd7e6d189791b48b05af6f4e183795d6df8ed604b1874c1c4b0b91ecc,"",client_a_preview,0,"","",ARB/USD,81100000000000000,1781177929,failed,NonMonotonicNonce,"Intent for ARB/USD superseded on chain; not submitted.",0,0,,,,,1781177969461,1781177969461
863,0x4a9fa51c7aab557e2e27d215727af8c4a935547dbf82788b9a0cd6bedf70634c,"",client_a_preview,0,"","",BTC/USD,63081913298206249189376,1781177944,failed,NonMonotonicNonce,"Intent for BTC/USD superseded on chain; not submitted.",0,0,,,,,1781177969469,1781177969469
864,0xfa4df5433871b6834b8d4ae1c2408566ca0f4ed3edde813ca5f1df6c13503b43,"",client_a_preview,0,"","",LTC/USD,42556826519292350464,1781177943,failed,NonMonotonicNonce,"Intent for LTC/USD superseded on chain; not submitted.",0,0,,,,,1781177969479,1781177969479
865,0xd54b5a75796eb5b4463029d0cd81234e9cca1a54b1f4fb1b731042fa2bf17437,52550ad497de110d212a08167b5e54928c6de9f17f0fede8ebed0b3a3b3aab36,client_a_preview,0,"","",USDC/USD,"",0,confirmed,,,0,0,,,1781178027826,1781178062271,,1781178027826
866,0xb91b949957bccb4b8cfc5844f063adb0e2780236f0d00899e78e88bf6453201d,9fc1d1dfd1261709660ae58031588bf87a32fc79bfca468260f9de2a5249d6ee,client_a_preview,0,"","",USDC/USD,"",0,submitted,,,0,0,,,1781178081858,,,1781178081858
867,0xdc441e5ec20dff2b8a6b79c175a519619884cdb8ed2e04206e90f337b508d71e,9fc1d1dfd1261709660ae58031588bf87a32fc79bfca468260f9de2a5249d6ee,client_a_preview,0,"","",NEIRO/USD,"",0,confirmed,,,0,0,,,1781178081866,1781178163053,,1781178081866
868,0xb91b949957bccb4b8cfc5844f063adb0e2780236f0d00899e78e88bf6453201d,"",client_a_preview,0,"","",USDC/USD,999655550125000064,1781178040,failed,NonMonotonicNonce,"Intent for USDC/USD superseded on chain; not submitted.",0,0,,,,,1781178163049,1781178163049
869,0x7ed2d1d6d0dbe09f15ad8395d1831aaaf9f014f6871b59fac3f79b0dd7595ad9,75204e72d7cf42d526268c3c8a88263801abccdfaa65b931ce5b0e0aa168b87f,client_a_preview,0,"","",NEIRO/USD,"",0,confirmed,,,0,0,,,1781178180192,1781178223343,,1781178180192
870,0x0881082fcf69afc63c17e8eb10d2fc55cece257cc0028b9aebe2c74a3c70d60f,75204e72d7cf42d526268c3c8a88263801abccdfaa65b931ce5b0e0aa168b87f,client_a_preview,0,"","",SHIB/USD,"",0,submitted,,,0,0,,,1781178180199,,,1781178180199
871,0x0881082fcf69afc63c17e8eb10d2fc55cece257cc0028b9aebe2c74a3c70d60f,"",client_a_preview,0,"","",SHIB/USD,4723893611087,1781178136,failed,NonMonotonicNonce,"Intent for SHIB/USD superseded on chain; not submitted.",0,0,,,,,1781178223358,1781178223358
872,0x86c0d12cf260994d3223b1c79b0133812f608abf4d746ac0456e8d68ba51bee3,1123c1199f639288c7488ad7b0ef65995fc4468a2ea9a069d183c1d083ef07a7,client_a_preview,0,"","",ETH/USD,"",0,submitted,,,0,0,,,1781178240845,,,1781178240845
873,0xa279fcac5dd5d59378d50806705b9485ed290f814ffcb9ff0b5909163a9eb82a,1123c1199f639288c7488ad7b0ef65995fc4468a2ea9a069d183c1d083ef07a7,client_a_preview,0,"","",SHIB/USD,"",0,confirmed,,,0,0,,,1781178240854,1781178289176,,1781178240854
874,0x86c0d12cf260994d3223b1c79b0133812f608abf4d746ac0456e8d68ba51bee3,"",client_a_preview,0,"","",ETH/USD,1659503007252867448832,1781178210,failed,NonMonotonicNonce,"Intent for ETH/USD superseded on chain; not submitted.",0,0,,,,,1781178289171,1781178289171
875,0x037d1990b15cea853ce3e49d3db176b79c2d9a81cc030b4d85ab8f12c80ebcb1,0075fe38eba5bfc495bfe1392bfe06fb172232b0cc7611a0c9b03b713f6aa82f,client_a_preview,0,"","",XVG/USD,"",0,submitted,,,0,0,,,1781178309370,,,1781178309370
876,0xc99ee16018c9631aa14d76680273f5d044e8031b6bf517ba89f4b14fdbf50aa0,0075fe38eba5bfc495bfe1392bfe06fb172232b0cc7611a0c9b03b713f6aa82f,client_a_preview,0,"","",SHIB/USD,"",0,confirmed,,,0,0,,,1781178309380,1781178358355,,1781178309380
877,0x495d74604c35ed6f8b98047b09132dabffa9020b53015b9089d1bb5335f33755,0075fe38eba5bfc495bfe1392bfe06fb172232b0cc7611a0c9b03b713f6aa82f,client_a_preview,0,"","",USDT/USD,"",0,submitted,,,0,0,,,1781178309386,,,1781178309386
878,0x70b407b4b60279c753690fdb3d8538dad143b893d262c74c9aa6f6696f02c800,0075fe38eba5bfc495bfe1392bfe06fb172232b0cc7611a0c9b03b713f6aa82f,client_a_preview,0,"","",ETH/USD,"",0,confirmed,,,0,0,,,1781178309389,1781178358372,,1781178309389
879,0x037d1990b15cea853ce3e49d3db176b79c2d9a81cc030b4d85ab8f12c80ebcb1,"",client_a_preview,0,"","",XVG/USD,2499997075810000,1781178258,failed,NonMonotonicNonce,"Intent for XVG/USD superseded on chain; not submitted.",0,0,,,,,1781178358352,1781178358352
880,0x495d74604c35ed6f8b98047b09132dabffa9020b53015b9089d1bb5335f33755,"",client_a_preview,0,"","",USDT/USD,998910000000000000,1781178261,failed,NonMonotonicNonce,"Intent for USDT/USD superseded on chain; not submitted.",0,0,,,,,1781178358368,1781178358368
881,0xdedded381888f4456ede887f1f02887d90325b6ace210435ef50c38d8b7abf51,968f243d271518afe9844def1c147484e7f516142e6df11091b83a0151d1180a,client_a_preview,0,"","",ETH/USD,"",0,confirmed,,,0,0,,,1781178376351,1781178401372,,1781178376351
882,0xb333a8edc00d981291b20a6dece5cedb8c1eedb50ffe3a3211c89db82ea1ab45,968f243d271518afe9844def1c147484e7f516142e6df11091b83a0151d1180a,client_a_preview,0,"","",XVG/USD,"",0,submitted,,,0,0,,,1781178376362,,,1781178376362
883,0x919985a19fbd2022fee973e11577f2904a75de7d83d84ec869a919e1b25b1b10,968f243d271518afe9844def1c147484e7f516142e6df11091b83a0151d1180a,client_a_preview,0,"","",USDT/USD,"",0,submitted,,,0,0,,,1781178376366,,,1781178376366
884,0xb333a8edc00d981291b20a6dece5cedb8c1eedb50ffe3a3211c89db82ea1ab45,"",client_a_preview,0,"","",XVG/USD,2499997075810000,1781178346,failed,NonMonotonicNonce,"Intent for XVG/USD superseded on chain; not submitted.",0,0,,,,,1781178401389,1781178401389
885,0x919985a19fbd2022fee973e11577f2904a75de7d83d84ec869a919e1b25b1b10,"",client_a_preview,0,"","",USDT/USD,998910000000000000,1781178349,failed,NonMonotonicNonce,"Intent for USDT/USD superseded on chain; not submitted.",0,0,,,,,1781178401394,1781178401394
886,0xac56b387b50a8d91cab6f87d5e3d7cdbfb885219eb94fe081a1d5c5b8601f615,5af741e30634f83ada6fe803226965200c093978c88181c9b066bef736a79ee2,client_a_preview,0,"","",DOGE/USD,"",0,confirmed,,,0,0,,,1781178419087,1781178450124,,1781178419087
887,0x45fd7743bb96bcf7a297ec7baefcf6c3c841b3758bf5a1b3667cde27712579eb,5af741e30634f83ada6fe803226965200c093978c88181c9b066bef736a79ee2,client_a_preview,0,"","",XVG/USD,"",0,confirmed,,,0,0,,,1781178419101,1781178450138,,1781178419101
888,0x1247a228fa77596d3be0edb889f358fdf786da24d2585318efde44bce34ea3c5,"",client_a_preview,0,"","",USDT/USD,998910000000000000,1781178440,failed,NonMonotonicNonce,"Intent for USDT/USD superseded on chain; not submitted.",0,0,,,,,1781178458055,1781178458055
889,0x1670ffdba37c9eaf26b1ae335c3a40f10e7d9de3e7628801f3e7363481405628,"",client_a_preview,0,"","",DOGE/USD,85028013975000000,1781178400,failed,NonMonotonicNonce,"Intent for DOGE/USD superseded on chain; not submitted.",0,0,,,,,1781178458063,1781178458063
890,0x0c3eb5989c180c97d418fc2d4cbbfdb402769bde5004788cb063d75566a6c250,"",client_a_preview,0,"","",XVG/USD,2499997075810000,1781178437,failed,NonMonotonicNonce,"Intent for XVG/USD superseded on chain; not submitted.",0,0,,,,,1781178458070,1781178458070
