intent_hash,event_id,event_name,tx_hash,log_index,block_number,router_id,destination_index,status,filter_reason,processed_at_ms
0x6b49ed7e9390f320a3d45acd320ca0465e2579ad4489b850254062961b80a490,,,0xb45524b9d282fc28968b6b9bef9de25be214476efbcc4f17f983b0e2bc56a325,0,13590244,client_test_01_router_a_majors,0,processed,,1781796452425
0x52192a56ab4099a1b32abfccda3d1d722b5b8ba81b2570b95ee7718271fc5193,,,0xa8315e969cef6eb63cfe558dd3149ad507f0ce528b8b0372a96555ec4746ddad,0,13590343,client_test_01_router_a_majors,0,processed,,1781796486663
0x9dce2a56d0b17505d88a38ddc0e43f0d18f0b8257ea4900d0d6b32adf8c9979a,,,0x5ec8dd4ce2ff03ebc043bf185e1d855ebee44a763cbf2073a72ad7094954669e,0,13590830,client_test_01_router_a_majors,0,processed,,1781796657375
0x31476f26eb211b72ae69bca22c902c3006492437987c498129897abeecbc8ce0,,,0x87b06cb7bd0f2fc3599b537e53b5cb9733d18b503aea1323d0065b9e92cdf5c6,0,13590833,client_test_01_router_a_majors,0,processed,,1781796658502
0x4ea7143ad2537baf446437d36ec5777e327cb82d25f6c98c75c29558c70aed59,,,0x95aa4f05513ccf603a76e332f620f9116cc0efbc3368574a2f16ea5b1f1d4ece,0,13590848,client_test_01_router_a_majors,0,processed,,1781796664368
0x7743f8fe5a1f65b59b1133b6593d8955e157d8e68ba1198826d075d09e44ab3d,,,0x0064eddf8cb9176ea7e2d5a35a9b13876c300c3b23b953982bb9e1377ea1a180,0,13590984,client_test_01_router_a_majors,0,processed,,1781796716713
0x5a75fbbde4679c7b1eacd31db1f741fce5ceec633f4cfe98d5c553eecf9c704e,,,0x778f9b606f7767f6c8dfa9f23e972f48aedf3ff68b26660a8331c72f62b1e0de,0,13590987,client_test_01_router_a_majors,0,processed,,1781796717883
0x29c5c19241a0f76f32e4ee2ca8ba6eaf4f019985a15725167c68adcb281d11f6,,,0x8f56833a47cfab7ae68610901684ba1178d8a8429289563d03229b8200d73c40,0,13591005,client_test_01_router_a_majors,0,processed,,1781796725598
0xe438f9c775191f0b698117a81d583d89f716b0da6ce1a0e5e7e1364d55db7a89,,,0xdfcbb2ba4012bcad5a16cbc8895f314510a09800a05d12e7f9ed7edd10738cca,0,13591077,client_test_01_router_a_majors,0,processed,,1781796750874
0x5dc4031cd49fffe21b31bdf4fb816228a899f9d38c6702813529f62399b17a9c,,,0x71ae1edaa349afa6da50bfd03ff19476cc45e92581976bd3d54df1facd0c0eec,0,13591081,client_test_01_router_a_majors,0,processed,,1781796752039
0x652c1931d9d3692cb5792da8aa2d094516899f52599ccc46a2890415deac884c,,,0x99240a25c783d8e51145c401a656c7edf40aaa0b0a924e9140bbe33e571c026e,0,13591102,client_test_01_router_a_majors,0,processed,,1781796758489
0x8b95f5fa995584be20dbd18f1bc563736bb19fae174255688a5f3d53addfbc26,,,0x2423d08486ecd12640d77f5041e2ac680241b7dbc951c0f52097c0b278dc9033,0,13591273,client_test_01_router_a_majors,0,processed,,1781796822640
0xb5eecaac031831564d2ee365aa05ca1f3e0e930f2695ecbbd52806cb179357b3,,,0x70582121cf8f93ceb8de8aea0f2ec04fe14c855dbc536577937548f5d52a2a15,0,13591379,client_test_01_router_a_majors,0,processed,,1781796856372
0xa3352dee8532bf475995ef284a727d190946ac3be72ff2a74f345f57a36bd057,,,0xc0ad5114343bdcb3f475917f8ec2ec47bfed368f4da0bcb5bc6baf4531c85911,0,13591753,client_test_01_router_a_majors,0,processed,,1781796989154
0x86e3f54a03f3d9fd036ce261a32659bcffa01311b275a8a06817be8587ab3147,,,0x55733ca30c98620516b7f107459239c6591cf779567567a93a36a5bfea0a2c2b,0,13591914,client_test_01_router_a_majors,0,processed,,1781797046721
0x649cc0fa56a611da3ffe64cec704448c1520149d67373fc8cc6ab3f2e8dcea7b,,,0x22bf7c2b6d3fc61fee55d14720e2b12bb67e7d6e3772d8223f0fc0149b5556c1,0,13592009,client_test_01_router_a_majors,0,processed,,1781797079599
0xb817215a97f49fcf556e0ce9a49b271af41398fdc170c3355e0c3045bab56335,,,0xab87b540f720b531d45cb01c98e165f7ab5f2bdf9042f94688051da9df354740,0,13592413,client_test_01_router_a_majors,0,processed,,1781797227048
0xfc319f5ec5fdc9589e042855472bf02b952ed12be5aad69d53777a47f7223c85,,,0xf36516efe73fd3efb5e96bea6fc7db2d6a37d998ae43e4382105f045ae257023,0,13592575,client_test_01_router_a_majors,0,processed,,1781797286454
0xa86358e30a5164cfc166ae1053fc64237e04c7d2392295b6a89962cfd7caa30d,,,0xa7b4bccd5e0796690bc244e44fb34754841a2477c6c0c65cda26e54cd5db3977,0,13592642,client_test_01_router_a_majors,0,processed,,1781797310643
0x7b4b692e6b7dc20caad9585abab1b54f963e53f8d1cf19b7ab57a31dda7902a6,,,0xf8680d3d2cdc869aa921fa0b83f49acb51005a985581fd6d2c50e5b3bf606be7,0,13592646,client_test_01_router_a_majors,0,processed,,1781797311832
0x297d3e1833862f8f2546da85ea8f9a871f553cd45fd4f4ca07c70bf177159ade,,,0x8be1874d58046b6964a6d6d105e34db562f3336033d2312457f6b2633eab3bb8,0,13592675,client_test_01_router_a_majors,0,processed,,1781797328425
0x31a6d5364a677c998c19fd4de0f30cafa12d89f722f725a7e20444acad6d9fcb,,,0x6cc636bf5e6947748133da40b209abf14f3f5d217bca60f86549988126ef701b,0,13592802,client_test_01_router_a_majors,0,processed,,1781797369349
0x2b468a3f90bca163e8f41726cb91e49b9ff6517e3ee7cf56b854d17b48a1e4fd,,,0xf024505ea38cfcfebbfced00959814ab793108369599e0fda4140b5d96f7eb6a,0,13592805,client_test_01_router_a_majors,0,processed,,1781797370595
0x344018cb006bf51fafb139514374c3c4c4e70795331d28074807ec0657d3e53f,,,0xaadabab54f4100287719b9d7cee32e994d59a088e765360cc75b3dccf44ac3b9,0,13592834,client_test_01_router_a_majors,0,processed,,1781797380845
0x82f3bf2cd5f3d1017ec798e45f915f94dfcfb6178bf477d167f490ef8954fde3,,,0xba1aa8e60d17bacb5b010e62e29b243a8386313eb5beabb4dc3b432e64b0b189,0,13592899,client_test_01_router_a_majors,0,processed,,1781797405926
0x93779c0881a0fd8cdfb3598fdfee424a77ac65e121670850ff2e1d2f93466dd0,,,0x144ea71701528d04b219c97efed28f7ca1c21e215f22eb12835d404314ba32d4,0,13592901,client_test_01_router_a_majors,0,processed,,1781797406541
0xabb9aacb57836217b75474d1d82c8d52b98f22d01a4602b706e59a0df561a824,,,0xee2a267298be636da72f9b04488a062fc85d8f8f32235aef10c727997f11aad7,0,13592930,client_test_01_router_a_majors,0,processed,,1781797423359
0xf768af9a96cf2018865c0a881b6ea106bd877d522bfb2e90b9d5a8f7ce9c6cb8,,,0xafeb7560a9d6e4585eb7eadbfbb4e11472d0896bf2ab4914a5a1970975defe18,0,13593060,client_test_01_router_a_majors,0,processed,,1781797465876
0x274f19e1129a895dcb3481e705aa4f26c1f1f177bd05941f96d9fdafcc086629,,,0xf5f23269ba476ecacc2b0da72321c24bfd35749027baffc801c7b7ae6b556853,0,13593063,client_test_01_router_a_majors,0,processed,,1781797466930
0x15bb39ec031c3fb4e156dc73d78a83a52f02841c8e8c41c2a0d1fa10e34d4475,,,0xd30a87fcaa7fb181482db605d58d9ae4435aa3472616a9d28cc166e3d2f1d004,0,13593091,client_test_01_router_a_majors,0,processed,,1781797476632
0x8b6b5ddf65a1fe15a849cfef7450531e848a7bc728405accd850f97d2e1a6947,,,0x9d61264c6f2d3987cce6c596ac6c3f45b54311daac0b543d453dec2c2aca36ac,0,13593153,client_test_01_router_a_majors,0,processed,,1781797498782
0x9ff75f9f56847e1d86247a1912a55a614dbe635f72a0c7ded952080fcd86ae31,,,0xd36e0e022f62a4c77eb0892ac62ca2a95456a169ed9922a6d6e3f7037a5f5f2c,0,13593156,client_test_01_router_a_majors,0,processed,,1781797499938
0xa732dfd41e8f9ca33c82097a123b9f595547ec6edc6988c2250d3c0caf5173e9,,,0x2db8354458deaeb9a6e79c9154bad8febe4364a0b3818078f272e820d129599e,0,13593183,client_test_01_router_a_majors,0,processed,,1781797516235
0xa7d7cf126fee66039172bebc441bd4836f5c6c387e191cfe27a360ba409cc01b,,,0xe0fa0a8f62d995099fe7d040b56d22a60f1073c04db16f094cbc3702dc9a5506,0,13593310,client_test_01_router_a_majors,0,processed,,1781797556509
0x4aaa24c312552bb77487c97e54ef438b663a44047077d335f3fb845892c8f4ff,,,0x2766a386458a4b1227af75b2a5899658409a70cc96bc826448ea93a279dacc8b,0,13593314,client_test_01_router_a_majors,0,processed,,1781797557641
0x04d1e07a13cc31b722f7649495b6705687b82c5ee14528cd8daef079d88b613c,,,0xc15a16f57018974bb37d358dc23a5eb62cdec23abeb5f3a31425d6aa67d7ce94,0,13593343,client_test_01_router_a_majors,0,processed,,1781797568975
0x29d787b6bcc4b00983aaed9113a132a58a515d226a2341c84e3119b94938c0ec,,,0x456f8cf125e4b48f9db014b477c18aa202243edf2e054b735e66452de8d95c8c,0,13593404,client_test_01_router_a_majors,0,processed,,1781797591855
0x94fda32f9a1d38e029983a3762fec09dac33d73309ad8e92f3e1aa6733c48374,,,0x13681f730046b16bc29dc03f05dc574563a4f41834aa6b620ead6a833c970b3b,0,13593407,client_test_01_router_a_majors,0,processed,,1781797593032
0xe9a407f7124e6f7a6f850fe1899c02eeb48935948d672cd884130c188d003c0d,,,0x3f48453ec5a4a6b3686ff50a216df48cf40b6003b05a92b2e87697d9ab778a8f,0,13593423,client_test_01_router_a_majors,0,processed,,1781797604950
0xe0956f99abcee8d57e400433b4a0a78ca872f5fb195673b9e705c34b0ae002f1,,,0x91a310857acae92c688e0e3683a58ccbdb77fff82cc23ba6fbd2a953c4a48a51,0,13593433,client_test_01_router_a_majors,0,processed,,1781797607452
0x853fc779d149cfd24485e435206ac5a4bbe72fa1fe6565ddfcf72bde1d30686d,,,0x03bc6b84dc053eb7c5f60e7ebbe6967ea65cd293b1c824b3f71b81cc762db5f5,0,13593563,client_test_01_router_a_majors,0,processed,,1781797651808
0x76dd4574e15292e206c90fe4181b5174c5b3c6b01b254f4ce19ac52ddef7eacb,,,0xdc8ab46da909b0035877b27233f17d62743c081657e4cd3cb4b6a1a8df62a034,0,13593566,client_test_01_router_a_majors,0,processed,,1781797653007
0x563e58eb520bb2a0838dc6cae90de5e88ed1410cc0b6d7ec91bd423802c955ab,,,0xc6b5aa50074c521e987ee2e1b74583d121ab10b38363d5f02e37cabf3b8fd849,0,13593582,client_test_01_router_a_majors,0,processed,,1781797658898
0x2b5bcc4e48f33becbffa475f17c994bbeba0c058ddffbaf07946232d83ac57cd,,,0x6e6ca0618822f4408ce763139de752aa7ea9ca3e8ad70bd04e2277f8af41af62,0,13593592,client_test_01_router_a_majors,0,processed,,1781797662419
0x367db10c8fac02b1b09a23289569d9dd3dede62a13062cb5e40c501815c98665,,,0xa1056a8e9492bc2148fa521a432bcc2ce164598d534051d664f84c9fda183e25,0,13593657,client_test_01_router_a_majors,0,processed,,1781797684805
0x8899d782af64269676b1f1308f7fcb767207114170b029e1f6bbcab36cb95367,,,0x83dd4f64ae15132821fd35e705e46201785ede5add5ff323f19b6e431785bb0c,0,13593660,client_test_01_router_a_majors,0,processed,,1781797686971
0xa4495ae02778a0ae2f7f7ce06388421e40b081e8e344ed59c44f8f7467893eec,,,0x8be95707d9f3f8027c3ccd56bd46aa5e04962a05c4003fb90c9ed6fde0ebeab2,0,13593677,client_test_01_router_a_majors,0,processed,,1781797692430
0xb0d8862c7db056062ae06088399c39c72f5ee192e0f397b31ba76d11b3ffb9fa,,,0x908c27f286aba548bbbb9274c7b588a195bdc81190dae891fcac4b07584a7e32,0,13593689,client_test_01_router_a_majors,0,processed,,1781797696203
0xc6b46de9c2c8fcab9a6dbe4de6ba1be83804fd047910c99eca49588d136f13ae,,,0xc1bfd867b2629515531dc6dc9d230d289ff3cb1da4262bfc83f73e91aa273814,0,13593766,client_test_01_router_b_alts,0,processed,,1781797724692
0x667f70d34a4fdba37251f7cbfeecebdf073c6bb4593704101eb1e070c2fa9a5e,,,0x8da81356baa047572d4a04026d2cc381ee09013b4e88c1df6f6cc0e07f95e1b3,0,13593770,client_test_01_router_b_alts,0,processed,,1781797726174
0x31a41044efd8057020202c5bd47c4ed2e7a5f34039f85b0ee7a68d86d860d0b6,,,0x27afcafc444d4ec4501f194e8b71cb77ed0c2334acbe41f41201e0331a0ac5c7,0,13593867,client_test_01_router_b_alts,0,processed,,1781797761353
0xc699695c4f04cb268c600ec56e758483daf60fa31d508c5864ad36cecd544b07,,,0x4d1fd649f83d49d7bb13cff066637809b2231c604c0b02d3e02e6586e2c9ab18,0,13593924,client_test_01_router_b_alts,0,processed,,1781797781541
0xe193d74516b0892da057d3c36295878d307d917d96f2018b0785b4f9de49ffd1,,,0x419734959761375257d6762d0a1c4fe9f2892d02756b7c5b91dd2e1d065d72fe,0,13594027,client_test_01_router_b_alts,0,processed,,1781797818878
0xf1f31b6785ba99652a961a9775bca8e7775967b5d5704cf659e31534806efab3,,,0x76f744d2300a58b27756709ae5d9dc3f31ea42659853b0e5d34092fd06a4ddd3,0,13594465,client_test_01_router_a_majors,0,processed,,1781797973569
0x7c02f0a2aabb49c37297e2a3d61220cdfbaa691c8c00fa446204b08e59ab24b5,,,0xdde356a48fb57a808fed8af642e7969e79e1dd3580e0a2dca1404037dfdc50ed,0,13594614,client_test_01_router_a_majors,0,processed,,1781798027275
0xf757422dd20ebdaeb509436e6bf89a093722dbdf8887eb35fbdc0430c8bd7fe0,,,0x30aaebc00d5a78ecbb01385d00821b290a0e6fc031dc3334e146f9476908bf25,0,13594625,client_test_01_router_a_majors,0,processed,,1781798031095
0x0bb577d66cdd4a95ac781d6e0f71e31ab60402e17e42821b34eace72f78536df,,,0x9e88c979ad19280b57ce9811107000543fbcd8e19efafeb274d36fb3002f895e,0,13594714,client_test_01_router_a_majors,0,processed,,1781798063441
0x152ed6e4864e52ea31a0609e4951ab1c2d114c53096d18bedd884d34064445c2,,,0x26ffb6e0bb0e218026fc33ca59394d385daf958b2c7a7c322a707b4fd7767dd0,0,13594724,client_test_01_router_a_majors,0,processed,,1781798067603
0x2e34e1af9b815f5ad991f79977cce8d48e701a008ab693550730ab6415e9fab1,,,0x748c1ac18ffcabaef3c91e6815eb120d94f7e3223da8818a6b66e3d87d2b2b40,0,13594864,client_test_01_router_a_majors,0,processed,,1781798119701
0x554abf903f5380b253beddb8b26c99467ab3d74b9eca735b4583d8ec722f0b9b,,,0x37bc8514e2ec38d49485084fd2c57bc31eb4e0cde9bb3e20db7ea43ba6e53fbe,0,13594875,client_test_01_router_a_majors,0,processed,,1781798123566
0xb5815f785e64a7068bd07886cb370c5acdc7f2bc11cbd492e7bf2350c6aa06f9,,,0xb1931ec701fc80184471be382e0984e7a7750b7de41f394f07fb789b69e2ccbc,0,13595081,client_test_01_router_a_majors,0,processed,,1781798199561
0x52495a1c081d4c8ba92661db7d24bba842ed6d7999feb27b1797e450fd4b9b7a,,,0xd7773b0d8954191f17e7b0bd18c00d09335619374f14c75850e0c7d7037dfca8,0,13595620,client_test_01_router_a_majors,0,processed,,1781798398236
0xc8bc352428710355184e214d1e81329e522f433190143b7d3b72e156d4c7831e,,,0xad6af4f0b206b6e2d247f97877b81af2be667f21c2c7e656fae6a0446da1f629,0,13595649,client_test_01_router_a_majors,0,processed,,1781798409539
0xd9c6ccde8ca2a017d48b07ad6a2d37ab74b6af153148a2046c986d4454b186de,,,0x2f651d2ba8bfe0bc03b3b3ef6fabe20e5a98470b2265ab0d59b9344d365d4306,0,13595722,client_test_01_router_a_majors,0,processed,,1781798434972
0xb93fbdbdff21fc8247eb43ff4f8021b58fcea89e3c429922c5af4d390d89d8d0,,,0x68e6e3c09349c2891d49612454ed11bd86702a9574b5c2c9290fe2b3cec5ad3b,0,13595748,client_test_01_router_a_majors,0,processed,,1781798444935
0x9819235543bbb104e599412cbe99b77a72867f4a440a5b745cf78f25f8a97e1a,,,0xe98ec6c355eb8502e83604d5f9c110111bfdbb79829a0719b61ebe9901dda3dd,0,13595853,client_test_01_router_b_alts,0,processed,,1781798482464
0xee0cb9bc75f1b04c38bad45441cfe5544e46d454a063b19e86355bdffb69e1a7,,,0x483b6a8e33ccb09e445fcfbfdaec694501ec568464817ba7a2c4f5df72d608dd,0,13595875,client_test_01_router_a_majors,0,processed,,1781798490998
0x835952b52e1533a2f68ce128e46916a4f56fab6601c6b1c3206935620d9a27b5,,,0x8536be2c060323f67642400374c44285953133144d4b9377d8d61e0304322d41,0,13595880,client_test_01_router_a_majors,0,processed,,1781798492178
0xd292acdb14b5ed27470592412b95af7ec2378c9b76075255308cf7f4fea24c48,,,0x794974484a766f3625df1991bfcd07bb141a995f441cc9b3b591a14d31068abb,0,13595896,client_test_01_router_a_majors,0,processed,,1781798498777
0x08680a057d7f29374d1c27f72c73c801b0f2518e70dcacf883264884f8f72ea9,,,0xd575307b5b5c5aae58f0564d5aa08eda797b69aaddfa1dde4aa81396a9272916,0,13595907,client_test_01_router_a_majors,0,processed,,1781798502455
0x18c8ef001bea6222432e29e91d72c363cd4fd5f186deac3fcdbf3991db992b5d,,,0x3d45cb9e8782ea0b43e875a2c25055843deea38b4dee8101425d662ce3382a8e,0,13595911,client_test_01_router_b_alts,0,processed,,1781798503690
0x399e337ed6687d68aab76687e0cef36b297792d5837b4bf32acbea032749646b,,,0x5eee71a2394f503fa6eff700d30094a072a65dee564f099f7d39f835b83a87e6,0,13595979,client_test_01_router_a_majors,0,processed,,1781798529227
0xabc7c1047d81f8de66b650cb27d4d7d9b063d9defc5939795c2b7ce50522d400,,,0xdd9eeb287dbacdfdf0980bd0d446a94fd3be899c6818ed7b173d75645c3b1c9e,0,13595982,client_test_01_router_a_majors,0,processed,,1781798530352
0x7fb31ce03e43b49c2279fbdfb90bbef42a06efed7498c592867e4cc3efa0bb60,,,0x6b7494a554709b9e1fbd5e9fcc9530787d4a17f8374a9db07fed5114b9692144,0,13595998,client_test_01_router_a_majors,0,processed,,1781798536361
0x5af7c3850d9f8078d193e78241f3bfd54a54809ff48f7ccf1073aa6924f950d8,,,0xf080c59bfc62f7f6eebc39371651b743571779831f3f8a4b3c1d2383d7f6c492,0,13596008,client_test_01_router_a_majors,0,processed,,1781798540215
0x901468097169bdd6f87125c82836b32bc71217647d3008aa62102717e7e42870,,,0x6b69e935a52dfa9225d3ce4ed17b49f62046e7796c8ac78727bb9cf5225ecadd,0,13596012,client_test_01_router_b_alts,0,processed,,1781798541523
0x17968b04b324c628403cbc41c99751c84d013910c9055e05be48ddd787ba91cb,,,0xa802a5ab1b52eb2d2bfb00270fb1c8600c1cb2db36d7b99a76c8aed0fe238fd8,0,13596014,client_test_01_router_b_alts,0,processed,,1781798542201
0x9ec030ab9f4291970406416aab00866371ed15f8b3bdc70b8e8467a483d4f646,,,0x56b23b25bff1aae449dc468333914d72bc022551a3222d5934de9c1cf44a434c,10,13596021,client_test_01_router_a_majors,0,processed,,1781798546045
0x7b1503e0a746a60c6656a43795fbc51463c8f3fa4b0afec44798332fcf020ac7,,,0x52128047169310f4c69c4ca242d385bd9c18e4c6e1e1998cd600a6011b8ee09f,0,13596106,client_test_01_router_b_alts,0,processed,,1781798577094
0xe135f94d39d184414465ecb4224065952e7dc5f00fdde38adf0ef78419df4372,,,0xe072a1360b7847ac51a2848226edf8929ab7c3314039cd9dc730825742192dda,0,13596113,client_test_01_router_a_majors,0,processed,,1781798579783
0x9283b3764f705e1847fb3a5d383a29d3144b3f90e1df6d3f2c76aa68015d06b7,,,0x001de0cad594d28d461ae1e042d5dbe57d75b24c355afb0f1dfdad9729ae1a86,0,13596125,client_test_01_router_b_alts,0,processed,,1781798584015
0xb813e8f1b3fc197aac6b08a14e0b686571a33d197c383f08d6fcab6d6c0bc563,,,0xde7d74401558435990eaeb26b91a62590471708323a13fa979ff4550e9ffa31d,0,13596128,client_test_01_router_a_majors,0,processed,,1781798586188
0x55899d9582af4f03ac76f711d193587eb42f8eef12f911cd0fd2a69861529699,,,0x9cb08df947efc5f22714aafe2e30505e893966507744e1863ffeddfd8a184858,0,13596131,client_test_01_router_a_majors,0,processed,,1781798587265
0x3964f9ea03cde24275995e734bd11c2d3c70ad6e79e6ec4200da2bedb644d365,,,0x542ea3e98dc39a340fd45adb82a0848d3ebdbd259e5aadfeda3f48f7880f87ed,0,13596227,client_test_01_router_a_majors,0,processed,,1781798621369
0x72bfebe03f4a0f426af510b160d234d0e2ff2f5dfc4e0c97ca777fcc4aea91ea,,,0x12a29042b43dd528bb18ccb4ba3c5c2dd9e7ccbf77b8f70abf00bdfdd47249ce,0,13596231,client_test_01_router_a_majors,0,processed,,1781798622634
0x372404921ee34d38898935cd5f594693d91b84808086793d04b48529717f0087,,,0xdf61a0b5270a16adcf3d5317e9ad68e45d7e720220def8568ab3bfe4c4464907,0,13596386,client_test_01_router_a_majors,0,processed,,1781798678942
0x255db34fd0e0e24001b92adf6e0aa76eff4261af985b805a1f0b80b060f8f535,,,0x17fe9678ebce0dedfef225026d8f1852d19e3867b40b365ac1150d233409ccc2,0,13596389,client_test_01_router_a_majors,0,processed,,1781798680114
0xc1091bea3829d65d421989053c49c93a1d2b114433537abc333ab512ec8cede0,,,0xad3f88f0f6de6fd4225912ae0a93348769578b6989c2899a7532aa6a0b620f88,0,13596478,client_test_01_router_a_majors,0,processed,,1781798713776
0x76184aa36798a56ee6d5b2d82cc7087f5bc792fb056434b0da558af3091d603b,,,0x5ec28deca11f43de68862b8864f6b79a67e7900f380753c2f6d2d09aca5acac2,0,13596481,client_test_01_router_a_majors,0,processed,,1781798715009
0xe1dfb5f5f10bca6c04dd6e091da49298de8389b76b04defd0a31af71786172d9,,,0x394375d77309b0db18b8f15a59c6914361b9897790198b799599f03b23ad02cd,0,13596511,client_test_01_router_a_majors,0,processed,,1781798733258
0x0834dfaae1e961b3357f302f47d86388626ec713d0572e3c279c238db2034dda,,,0xff7aeadaf4647597da8e492adf2383f7d99fb37e49d566cef472fec0bfb5c6bd,0,13596593,client_test_01_router_b_alts,0,processed,,1781798753522
0x7a323e47ec18c10bb8a3cdfaa6e1075a8f3d85da072123d672d27eb49686d156,,,0xbf26afced26ddcee936619a69ca2f986a0268195d112a5c174d9e501af57c05c,0,13596646,client_test_01_router_a_majors,0,processed,,1781798773229
0xf48d10622f12d412e5667e0b1036d28487a67c1e99ced43bb1f2b205d822e790,,,0x008d075fb1c7c6a8f328ce6611ecc0232afa9584f4f763e1e57e6bd34f9d5238,0,13596649,client_test_01_router_a_majors,0,processed,,1781798774433
0xf9ba05debcda1370de8bd0ff8c00521c8d39b1274d40b0e3e4da4f7f1d8aa15d,,,0xbf278b65d7483e682f6b984c952bd4e78140cc12cf9950913998eca321f22483,10,13596680,client_test_01_router_a_majors,0,processed,,1781798785816
0xec3f5aea9cc60a18a76ef9bebe1ee609cf04e0b3906d0375f4cd2b909c9f3028,,,0x5ab7bcd67d9ef5caac391af93e0249d5517b6eb512431bacfe233107a0a0fede,8,13596751,client_test_01_router_a_majors,0,processed,,1781798811088
0x8a61c345ff8d5ee13b2ef76921d3481e1638cfc0a84e88d907f758e6661f4e2b,,,0xb7307f5dde9ba3ef4753fdeb2efdf7fbd32b11e8549ac6bd761297ef163c32b8,0,13596754,client_test_01_router_a_majors,0,processed,,1781798812226
0x9c7e6732eb92f41f4c71dbf8e4d5845ec2aaf6dd04d2a1cdade58df34402122b,,,0x0d975dd75dfd7f733b77e26308b3323291261228d6759ffffca7e3e36de8df18,0,13596758,client_test_01_router_b_alts,0,processed,,1781798814114
0xc70313415f8b2d74fabfa358352feacaec38c0f0114f87f48e7e4d75f27b8d74,,,0xd88365833f26ad3737fa32d469e1b6ffa0b4849830a6202653143fa93357f4f4,0,13596780,client_test_01_router_a_majors,0,processed,,1781798822295
0x2a6eda2246e5004c43eac638208ce40b7be48957e60b9b89c426d071f0287180,,,0x93f475ec355b8fe5ade6ee00aab371991cf1c97c86a5e2d61789b470f5b1cac5,0,13596860,client_test_01_router_b_alts,0,processed,,1781798852573
0xeea22458435a999a2e849e74f39562fe9517c35f62f5e446feeebb9eab59b794,,,0xa5470d29f973a9af086afa62937e8e926a0a69d98451e45d845bf2ccbb8847c8,0,13596861,client_test_01_router_b_alts,0,processed,,1781798853091
0x244e4563d8c871ed5d27969bc47e8a2d133f1f07d2b5cb452d42fca7a591c528,,,0x372561c8cf97107ae774d1c946891a3f91b985f961dc0f14aa597cc7a3fcd8f3,0,13596908,client_test_01_router_a_majors,0,processed,,1781798871241
0x573277b4ae7b6cd7839cfdb5a42599ca7ad89c0fd37e21f2a6e59de4d9dd9f1e,,,0xbf9bdc5920cc0eaea57c9755e781e4f0cb59463a004be3646e325e167cf5fa8b,0,13596912,client_test_01_router_a_majors,0,processed,,1781798872084
0xcfb900773bba178c3da0979bcb08a3ab9bcce67136c443d214981df634818e1e,,,0xf109b5cb48998c1b81b27d5e449b14a854555c2f40f970e4da5c29e2dce33ef8,0,13597004,client_test_01_router_a_majors,0,processed,,1781798905975
0xa1f3f21dc899276f0e04cde2c47a540369850ce48925ebb475f664477f70401d,,,0x6496976203f847fbe10b8ac1d4b63eb1c9bbce9627a6629382d34e9a2f2c71c2,0,13597007,client_test_01_router_a_majors,0,processed,,1781798907105
0xbb19a1fb3ada654cb660e742139ae9478c65d8815a1c2ff06f96849e73fb7ebf,,,0x845a54747549d4768c9f005cb44107ddf001763b996d01c3e9b6d7260aa31f5b,0,13597268,client_test_01_router_a_majors,0,processed,,1781798999131
0xb9da156acd0f2775c9a8097d485341a2244bf26c771734ba47fba039216f1e2f,,,0x8cc586ab16367c9d7dc01fb8976b18284bc08808d17a8095041dc7ceb9fd8404,0,13597427,client_test_01_router_a_majors,0,processed,,1781799056393
0xb99a69eb414d0ee481138fe1776264e3e4c3321fdfb7da2c9c5b9f309f3859b9,,,0x3c75e1cc77a5867e9af02d5c9ebbd4e4ff1bb90aeeb54bf7bc1bf852d8006ca7,0,13597528,client_test_01_router_a_majors,0,processed,,1781799092133
0xcb993a26a5c10678b8b76c36a497efd0501c48e0b677b2af20b1920db868f393,,,0x6722585ae2d339ac409baced5ebc33b7a49f845f3c029d6c05623b9cf7268166,0,13597698,client_test_01_router_a_majors,0,processed,,1781799155558
0x517c23ea828ba6e9c8374a0b9fcc0e4a872410ad78076e90accdcdf44f6ba973,,,0x812af6566065f357984b484e2bbe0a70bb079ffe77b84ddf5c5e723ffde1164b,0,13597710,client_test_01_router_a_majors,0,processed,,1781799159129
0x0491a76d43e33fce56ac08b867af7c04eaee6fe1141844905ad89c6778712299,,,0x4c7b0ce2dfe2057c304f3262b4130a36b364ea8962212cacc980a2ca69470190,0,13597799,client_test_01_router_a_majors,0,processed,,1781799192332
0xa656973979ae371fce6fed5c702c0deb1352ce927afae9ec3e7b6e88ed5999a5,,,0x13d2ecab5eaaba3bd42f1981c5d567a82203dbef23a8e215c660906e7733cc27,0,13597809,client_test_01_router_a_majors,0,processed,,1781799196161
0x1d28c271094a312d4ff05d0e6892dfefa92915e2ee764658eb0aa77e060a5de2,,,0xb4e4ee5de8483470f13d095d8ce67478b76715f746842588f2f33aaf7a8214e1,0,13598197,client_test_01_router_a_majors,0,processed,,1781799337882
0x50314988144cb74f66489297b2086e7e9a0c131ebc9295d35c7986a18488be66,,,0xf4d6359673ae52ac44bd6a8612b6164dbcc0d0cecc84f75f36a2a9a0b42df2d2,0,13598294,client_test_01_router_a_majors,0,processed,,1781799373626
0x3c60329a49f3d4cb494e6ef58f3a3c3af9410a36e1d94bdb970467ad046be634,,,0xb8ca45873c2e0ee5023ac7f0da29e614d883855b92c44c045a5756b5dfe63d02,0,13598820,client_test_01_router_a_majors,0,processed,,1781799560840
0xfc3e23d0decd38c21a6a1b9f6ecb14318a48d315d6ea00720744c3367388ed85,,,0xc5921d14954a517c968a8a8ddb0dedbc3267c075da819aa49a743aa6d177fd02,0,13598853,client_test_01_router_b_alts,0,processed,,1781799573556
0xe4e1d659d621bc04d12cf4e97330b7f8de0600093ace4964273b6f0bed6f351e,,,0x40bae4537993b3fe3074384747c1f335a373a5961250919ffc29fdbf0625d2d1,0,13598955,client_test_01_router_b_alts,0,processed,,1781799610912
0xa1359dacd5942835756369336512a0cfc2bb5f881d9dc30c18061df8bcf60e59,,,0xd37ad2fba7113150d34faba37807d305efa96314e55b858c809000aaf7ca1b24,0,13598982,client_test_01_router_a_majors,0,processed,,1781799621393
0x18ca0a4aab45d27669f2872a339385961fd8f0f0ad55f3852ff8a8535f9ee931,,,0xab2140f563c55cad953227cf065c38ec14755c1f6408c1f7b8bf0538af5ceeb6,0,13599083,client_test_01_router_a_majors,0,processed,,1781799655833
0x8ffecf60045cdf8402e5da4948e0f34e296f42d3136f047a5b6e3c6e0c45dadd,,,0x36c5362396bc3ff9d40223c28f9993387f38df614b4bc32260d15dc78d08c1ac,0,13599277,client_test_01_router_a_majors,0,processed,,1781799726308
0x93e75c9a6793b56c47bb67cd9853489a4adc5618afc81d6d84fa380264f2bda9,,,0x5cb4daa21b2a1995b13e5afbde4ee6fcd5908577a3db446a846fc83ff4e0e930,0,13599342,client_test_02_router_default,0,processed,,1781799750310
0x370a2eb99ea0532601d0ca54310122991d697497f4a71e88426250dc1067b881,,,0x80a0e00f580fff44534c25069f4a91f7461b0ddaf4fce2437061ce4ae2aba46f,0,13599374,client_test_01_router_a_majors,0,processed,,1781799761732
0x41ca832045ec0a10531712850da11ce6e99de6d834fcc0fe191ee1b6fc068623,,,0x5041a8343f316304a787ec6263f2303ab5669ee4575bacc59299833576300626,0,13599501,client_test_02_router_default,0,processed,,1781799807956
0x38d7182e4d40960a162497029e0bb16ae89d316e5faaf6699da30600871c803c,,,0x5ef9704b3d4a752451a7212ba508b8695cd67a039b02a9070b008ae74e3badea,0,13599532,client_test_01_router_a_majors,0,processed,,1781799819277
0xfc2ca5930f44f7957afcd75f8c1cca0c56f0f6d9d02d209fd6da531864258eb6,,,0xfec1a22f3d40aa5a1550728bd4d51753a1acd4da0afb170532b377c64b7e081b,0,13599598,client_test_02_router_default,0,processed,,1781799842828
0xe4711ffea81570f3156f4057359f651190ba78f1dd2300cae8b99baaca89344e,,,0xcf1c3efd51066924bf00d56cec29a829384f9e3bc77fa0adc2bba877d2e31afd,0,13599757,client_test_02_router_default,0,processed,,1781799901304
0x6070fb4b103a50bcfffe83741fd91f44b487f40b922cd5238ce62aab6360164b,,,0x6db56818c837ddb18f136b27c98b61fb65cc49f102f0f7d7a6dbc8b302287757,0,13599857,client_test_02_router_default,0,processed,,1781799937948
0x06a107690e9e412d9795c4934a0da3e28b88b77fc59ecf5fbae3d40b1c0beada,,,0xd55c041a98ea7bf5e9ebdb42177b2e9273f1f48dd3af3a4b2df0d0df371d650a,0,13600005,client_test_01_router_a_majors,0,processed,,1781799991200
0x164a7395437c39ab2267df8083ffb3500c98b95dceb154f2546beaf10846db24,,,0xfbc457d9c1dfe6b37ebbf3b8824b3c21e0810d420757964afd5a899ff8fb655f,0,13600023,client_test_01_router_a_majors,0,processed,,1781799997895
0x2506274a0b38ded27427e7eae006bea3adb5c36ded93c55b2f24f5cfb06f3d1d,,,0xac5a0c106d60be72736625f30c23bc9ef3d0141af64ced39c3ff79420b07bbcb,0,13600027,client_test_01_router_a_majors,0,processed,,1781799999219
0x5a56aef9efec61d2402fbe600c0416bbde735f57a4f483fb86cf8272d7b00081,,,0xe11b5f6b3133c2ba10a41cb57e5ace482c42a674b081ba8918dfc8a0be756768,0,13600043,client_test_01_router_a_majors,0,processed,,1781800005844
0xf0de5c9a852c635a56d9501c975102d8a8b562c7bdda0eccffbc1fe580d99046,,,0xb1b02d74d86cb00c63f7eb079f1775e77237f3943706fb2fdda6651986713797,0,13600119,client_test_01_router_a_majors,0,processed,,1781800032197
0x78a513837a834dfc43c12f82eb3fc4a324aa3d32955955953be5829cecebc8da,,,0xcba33ecd1b454d7d97c78976f2d2436b97bb3298d4e494347c16d00bc56510ca,0,13600122,client_test_01_router_a_majors,0,processed,,1781800033874
0x13b16e1f7c12ed6bc064b323fbbb3d4f3d6dd11c61ebdaf442c05c986aadbf52,,,0xab94434862274e614efb9a48377292ca2a96dbd302a6c0bf066fb4040b558106,0,13600141,client_test_01_router_a_majors,0,processed,,1781800044699
0x29531d070d7a9cbabaf3067f4befb46607fcd1eec4cd5c75a0c1197a29af3ffb,,,0x3c1ca3063e94c7480381f4b354694a3d4844b281edc0ffa3c66301942668ba96,0,13600168,client_test_01_router_a_majors,0,processed,,1781800049627
0x7d7442f9394e90814048ede69f55d9c2cf8a70146650f0b0a54a6e0ee26c924b,,,0x975e08d36e631246cbe90979201ecd2a85b69f842f7d13b6e917ad4f08193765,0,13600264,client_test_01_router_a_majors,0,processed,,1781800082581
0x28e76eb19f8a3d264efe335d0adbc9e4f16d37d61c1e1852132c433b0d6066b2,,,0x441b5382b615a49ffa4bbeda2e6449460aed913f261772336335025c59e57785,0,13600284,client_test_01_router_a_majors,0,processed,,1781800090040
0x0b56b76d304c77e1aaabe101a1ed751f583fdf7105dcbf5e1bc0cce5b5da4acd,,,0x9f995e66f341625c2d49fdc257684cb33a729d00dd610e2832a53bb5217e907c,0,13600287,client_test_01_router_a_majors,0,processed,,1781800091224
0x2423afdb7823a48ca26cde0e09cb44e7848619bc43c087a19fdf438f4c1c6051,,,0x9bb3478ac9234ea141947c0f67239b86e0af4c73b3a10e2bebf8e67c4873c7dc,0,13600305,client_test_01_router_a_majors,0,processed,,1781800097380
0x1cea226b64e848335307925136dd592ee74aaed1f0dac051d45389217f4a8540,,,0x0a691dc2c48cfc3b09d703468a98634c1adb7a881949f10afef25487affe7f1b,0,13600383,client_test_01_router_a_majors,0,processed,,1781800125350
0x9c1e5300cd44673d4fe39c9dd11c44919eeb95264c2fc7a2c14ad29e57d186da,,,0x8479b38d0c6cc0a818ed66932f036aa81f2428a5ac3f09af50b4d6dd78caa021,0,13600387,client_test_01_router_a_majors,0,processed,,1781800126634
0x8ca50d30b5ee3431cb440d6bf59ce4b606cb6fa0d61b320a5fcd89ded44e9e7a,,,0x115df8e5187081e95fa0cbce3e2656204a02245799d3faecf15ae5a6578eb628,0,13600405,client_test_01_router_a_majors,0,processed,,1781800138689
0x2b104f6d42b591bbb02c39c19248d372554e7b4fabb50fa1f0e7de7037fe7ac3,,,0x3e1b1f084619ec514a25dae5409dd62a4231b760562704a4b7945606b50a991a,0,13600544,client_test_01_router_a_majors,0,processed,,1781800183870
0x1eba5c3f74cd95ab977622ecdbef85cb37647ea23920fffbb8293adc1caa497a,,,0x59c3fea127e6e783956f4a6179000c5e1c0ec552b2fd5510e1f8529d5578fc22,0,13600547,client_test_01_router_a_majors,0,processed,,1781800185072
0x6b52090841de9dd1dfead638dc2ad86babf12bbdb670f3ffd01c9bbc529752a7,,,0x683696c3ba733a53a6221efac056f9dda77d28b8623d5542f3eb436dc6cdcfda,0,13600565,client_test_01_router_a_majors,0,processed,,1781800191233
0x58ad0ca10aa6d056561d6c24181a34b29d8fd2abe879a6f1895634dfe8d542b6,,,0x169e66f56f7fb8ddbfb5db7ef47f13c9cd6378b47e6ea00ab0fab71be8a6e061,0,13600641,client_test_01_router_a_majors,0,processed,,1781800218057
0xd42c2124f2d580a336fcacecab0c3f3f94d0fbc391e02ce6d52d12462dc8cb71,,,0x6a9c2c03b5d2c4925357cf254d3e91b3723a4155e048db7f0a172c6b5174d664,0,13600644,client_test_01_router_a_majors,0,processed,,1781800219248
0x31d90f77435f5ff540f8911a2f6ab2d1a3bce0f2044e42e69584f78bfaa67160,,,0x6f93de0facc741fb47e48ebff87abf4f2a00e0c9eb75cbb125ebd79ba88e301e,0,13600662,client_test_01_router_a_majors,0,processed,,1781800226356
0xe5ace26c60f9c93fde45d13db9742a637b0a3e0e11ef563d0d75b95d60afcaa4,,,0x76907c9737486919db75e917318e26cc8f10c31a53c1c517a0ed7b340832d3c9,0,13600836,client_test_01_router_a_majors,0,processed,,1781800290155
0x9d76ef702c5342d8cb30c523c835ed5f6480ff6d908a3cd95df8379aacd80136,,,0xe22fdfada4785257ca917c052cce566f192282fe1e01344109b6029df2b25d63,0,13601579,client_test_01_router_a_majors,0,processed,,1781800560912
0x2dfc61c7cfcb2993fc1de7e938eb177da1f50724efeb3f2e7c02f42a49243947,,,0xdf4bb15950774f13d627a17bbc3f56af0fffae1df363ef14d0361d9557831cb0,0,13601583,client_test_01_router_a_majors,0,processed,,1781800562155
0x0bb667572dfb45c025e154260b0af5ad250a9104f16fa19cfaa28efd26280828,,,0xc8a820f12324c6de687b1452af5e9acff7399d6212bdb0689702815e9f0402a0,0,13601600,client_test_01_router_a_majors,0,processed,,1781800569503
0xa3c95c441e49e7e8f8c8ac947d89939cb1deee3a89c4acf3f4f61168e5ff62b7,,,0xfdd3589293c30493e33e3feb0f1d99e7cc47f743990141b14367891a77146d80,0,13601683,client_test_01_router_a_majors,0,processed,,1781800597687
0x81655d079057e863c7e055ba287a0e97e7e5c7acd7bf7053c7f9ebcd0f1f5165,,,0x66a0cbc947297bf48ec9fd904b34a947570b69d0ee7eb1b5d3894aa65e7f49a2,0,13601688,client_test_01_router_a_majors,0,processed,,1781800599411
0x4ec9e21fdcaa7928de46502cb63f631d750cdb60ca404c67469f9fd9d99dab71,,,0xab21a68fa5e843b7d2df0de672654253a8e09404977a84fe01c6279c52a63054,0,13601704,client_test_01_router_a_majors,0,processed,,1781800605716
0x762c3ec37d3f129dda48e050698c3495881978708f490de91f3f6627fa03a5cf,,,0x51400fcf50ab746a65cc22ce171a572cdeb584eb2c20a8e2c58ff8a06892af68,0,13601732,client_test_01_router_a_majors,0,processed,,1781800615229
0xb3511c8c215c7d6a240302777b36027511f089f1f064ef811a15255aeca4f241,,,0xf6cc8e1455f085b3faf16458907e9e3a75c5ef93437a5c185a5609bf87e37c99,0,13602112,client_test_02_router_default,0,processed,,1781800751988
0xed0650776ec2f633c25da93ebcf131aacf2159c11b0fa4590aa3ee53fab99f10,,,0xa09307b64dd1c5d8b3ccae1d41c47ab91ee4dca111c8793da0718b419625988f,0,13602145,client_test_01_router_a_majors,0,processed,,1781800763242
0x8f18b2a186daa5b8f2a8c6680a517dc76f59b470377d1ae4ceeb804e4f6f51e0,,,0x80298277fcf916025aae7c99f364d5cb9dc49b33fd3475282ce32fc43f78854c,0,13602206,client_test_02_router_default,0,processed,,1781800786579
0x5fb1e0ed3f6000d44be73eb7e856f1f008e089802fa9cc8e3f98382ede2a9dd1,,,0x23359a64d894a1847f621baff2b7b18e466d6e548ed2a13d490cfb14843a059c,0,13602237,client_test_01_router_a_majors,0,processed,,1781800797638
0xf318c52f4b6cd61f840b04c126bbb4a30d9c30ddd6a29dd3d2c7de26766961be,,,0x57e78652ec123e42c0cf1af1fb2f7e52096f04ae5448f624b40591ba1da123b3,0,13602401,client_test_01_router_a_majors,0,processed,,1781800858317
0x5cf6afa73fdd43722b9334146b9f40b436c74b19586793ef33b8ffa00fd4a4ff,,,0x97f77fd6f9e69c8f4dd8803285e611b81c74507a099038793ab2f773da54146c,0,13602497,client_test_01_router_a_majors,0,processed,,1781800893941
0xe473b72534efd68e05ac5e7df0f0575f58f3fdbd6118eb8edec74e19757cfe4f,,,0xde21d1a24a0d359b47d1e224354d207de2a642a92968fe96df01f62639cec2f8,0,13602615,client_test_01_router_a_majors,0,processed,,1781800936987
0x049d2c984bde7112b7aa66fdfa3c7b103495b0a6179f7656386c4962d1ffddfe,,,0x466f6188909d7ef41d9fb635c764d3c58f12b706591cf91ba0cfd10e0620d68d,0,13602633,client_test_01_router_a_majors,0,processed,,1781800943916
0x469a122a1883897aed594662e383d952303a40b4c501611ca3f5cdaf76ef45f2,,,0xb4cc020193896bea737082f32824b920e6c1917f3ba7426c3847949405e09f3a,0,13602637,client_test_01_router_a_majors,0,processed,,1781800945960
0xa3a8c799573e017b00295a408056fcf0e39a368f98b577cb47fe876301cbb88c,,,0x19aef4820c6c58cf488ecdd4b20056691d23084aad82e6d1239e58f568a94ab2,0,13602655,client_test_01_router_a_majors,0,processed,,1781800952237
0x2bf3703d86fa8f1c1489e4e42b2da0ce92d4085cfead058fe1caf56f3c4a39c3,,,0x6165fb0ce58c39baf753c704cbf69830366a2f40ec2b4a0b6e4143da2527729a,0,13603454,client_test_01_router_a_majors,0,processed,,1781801242453
0xf65612209ae6dac6ca07ca3b9bf8252faa95dbd9bea9fc4ae0a6f6ed3c907f3c,,,0x42288cbaa6b9ac64b557ce06b9f63138afac7fa1f2ad6ef2c3a1bb730e1f0f96,0,13603548,client_test_01_router_a_majors,0,processed,,1781801276755
0x401644fc60156ffb519adbaf46dc3e9375beafc92533ee715529e33c60f5ddf0,,,0x5520d31292c407008e0aa18ed8a1b4514b4662cb3971f7375b1e9fd2ae073206,0,13603687,client_test_01_router_a_majors,0,processed,,1781801329392
0xd9b27558fd568fb3e08af2596998abca37b8823014681caafa4132a79880938f,,,0xa652a74c68872807a05b78a682850e1bab2af105a9389585b381c95c88aae3f9,0,13603691,client_test_01_router_a_majors,0,processed,,1781801330816
0x82a8a26a22ac9fc64e658f47e34790d32dca90fd3bd3f4892e884f27b62cb85a,,,0x5d4cc8a4c8018363f1c64f858fcb3366e200c9256b8fd08c89c0e48282f4cd0e,0,13603946,client_test_02_router_default,0,processed,,1781801427071
0xc94acfdc5f99307a06e8989ed3329b86a3b20390feca441a471216a9f70257c3,,,0xc8f87cd7f68ef6e8e736ef2316093808fc557c16792a3264ff67259306abe42a,0,13604045,client_test_02_router_default,0,processed,,1781801461527
0x0b5f6d7d0f961e6daf99f9fef69cf19346090769178e2e42a774c80c49dc5c91,,,0xaab1456ef12e2f53b0cfe4ea2a13487d670a68ff50081715fc5eff9022b72b7c,0,13604500,client_test_01_router_a_majors,0,processed,,1781801634327
0xb11562a5a2b54f85ae6941c2b1a87b20f9c43b03e3bc3b30c29a78c283f9f90e,,,0x107a73dcac7465a1b9b7e73e78989692c9339643d8e8548934ba205a9fc54bdc,0,13604872,client_test_01_router_a_majors,0,processed,,1781801773582
0x5fbac69b799d88a27134c1af7e3832ebbba514349fd2f0570a9eabaec42a25b9,,,0x9877f79d7ac0156bd7e45573c9436e3ed7f27020883f78fa1a11358075a8f63d,0,13605760,client_test_02_router_default,0,processed,,1781802098618
0xca6e0abdec5892f0f1f629ca4d9c08a5dabdc1cbed70414ba7b89564db4db4fe,,,0x12b66a7cf19b85152559c3dffd7462a23134f61b8ae072643f1fd2b0f83ee185,0,13605790,client_test_01_router_a_majors,0,processed,,1781802109993
0xa2ef957ed495af18fd923edb11f87af9130327f167be94dbe60a3e7a7b4fa5d3,,,0xec80d820a32e2ba0c4058104f52ae13027daaf058734eb1c1baf1dfb2fd1eb62,0,13605795,client_test_01_router_b_alts,0,processed,,1781802111854
0x9cb6dbf57124fdedb1384836406b5f31848466aa39129d119aaf9a1ca3a1292a,,,0x29d026dc621b679cc07fedf04a931825f7c63ebb22219e89ed08ec33f5d9d39f,0,13605858,client_test_01_router_a_majors,0,processed,,1781802134173
0xe973f732aefe02a0ccf4d8e608c438afec8619fb21da902f16fa56cc6fccb3b6,,,0x6f6da3df60e08f3335aa74b82db0a5c96e883564f373f41a0dff9b0a0a82531e,0,13605862,client_test_01_router_a_majors,0,processed,,1781802135373
0x05a6d8a521627a2406b61d22f6f4037640f0265a953e5a6c7baad2f52cecae8d,,,0x3a0cd40e5cb2839dab305ba86e4e533620205fd5f42b27bc902a872d91a4dd96,0,13605871,client_test_01_router_b_alts,0,processed,,1781802138884
0xbf780bdbd6037fb5ecf0fe0587752f7ce04385085b108f0818eae85ca4f0d263,,,0x38220fc7b83209624f3cadd4350939af8c5c9617049e9b2952e04bfca9a0bd88,0,13605879,client_test_01_router_a_majors,0,processed,,1781802141697
0x5aa9b4cddb7d01e810713dce994d9bd8aaf700532ad8e4d6992fe0bf8d19b68a,,,0x18e19f8cdabbb6a4faab67738a905dd1aff23d9cfe2208e18a30aa5dd40f944f,0,13605891,client_test_01_router_a_majors,0,processed,,1781802146143
0xa208c1cebac6af71a6c58a6e8fb8e5e8fd2199861de00aebc67d498c9d946877,,,0xe6d6a2640a797c7e4411adb67649c74a6b5d9f9e74d9faab7acac8d93b54c79c,0,13605894,client_test_01_router_b_alts,0,processed,,1781802147706
0x0d9239a24692b7009638127950023d1a7e1d3ec5d1c6c46c49a1cf4e202ff69b,,,0x3b633d00e76796826068f5cb4cafe23a0e84f49577f82fd58d86a0e254f957bb,0,13605899,client_test_01_router_b_alts,0,processed,,1781802149153
0x9751379ed0765a7abcb22f8e0c0456613565e2ccf5762a693de6b9ef8ee25dc0,,,0xb9252d35c1e63e7bb186afa293d524e5ca59fdbde48f5adf0d66181e95ecc378,0,13605907,client_test_01_router_a_majors,0,processed,,1781802152139
0xd5c2bb5f20839c0e7be3f188f2fcc70505391a0aebd1d6ade3fc1ee9c3ccf0d7,,,0x0ef26f8bf6c09de882dd141b58c0f4679c6b8a31c330e3c1c07895491ea98af1,0,13605967,client_test_01_router_b_alts,0,processed,,1781802173195
0xfd847135ea8fd36f829b2e2c5da8be1ab76593596db2b75cb9b0f50cefecc013,,,0xe0c8e21f2465f3f49de1fb1493b714a97dc63fcce254a43054e530e7d44cb72f,0,13605995,client_test_01_router_b_alts,0,processed,,1781802182681
0x384ca070399b142e52783dbc65ac4bfe286497e75fa1d16a2dbadeb1ae449fae,,,0x6f6184e150f861e0dd5ed8c3f616e944f5355a9a9f91c682a83463ceaecb0e0d,0,13606002,client_test_01_router_a_majors,0,processed,,1781802186137
0xf72adaaa7f3c454c7045c5f3df4bb8138d8a85082a2e49567688668739233470,,,0xca7cdfdd88045240cc7d2df34ab988e93a8d505401b0d7ae46d98f25e74878b4,0,13606022,client_test_01_router_a_majors,0,processed,,1781802192525
0x28b5dedd1a55475f9f0f20bf93b72e490aec25209c6bf3de6f8e25ccc102e9cc,,,0x59e4b4de6bff9968d36d78b5208167ae2cf6530803d07aebf02776521d7d7e49,0,13606025,client_test_01_router_a_majors,0,processed,,1781802193722
0xe7e6da28e03c16c78baccefb48c1e6344a07d3269e09bf2e5c6c564a21a93228,,,0x4b8bb8bbbc37e78f3d9b433c7e0beeb532861426aa9f9ef0efaeb9eb2e3fd768,0,13606042,client_test_01_router_a_majors,0,processed,,1781802200315
0xb87198fd7f5e99fbbc1815eb78bedf4ebe6944636d298599ac6020d5b2bbcedb,,,0x06d61144765a81e923058aa0b0beed0b0428754d78217370601547766e948f0f,0,13606055,client_test_01_router_a_majors,0,processed,,1781802205611
0xbf0348008ed890cc26dea6cb56a471f4308a5f9808f36f12eadc60d121e099aa,,,0xb85626a9a2d3059e2b8fbb1d4060244c2d38f391a7c9284f316de5a4e6a74759,0,13606058,client_test_01_router_b_alts,0,processed,,1781802206567
0x654429df1fc490399c757fa241bd6e94861875ea9216f83c4874f524863d4bbf,,,0xe6a580937962c06f90d898276ef6eb4ff50680c2c75e4b798f425d0ed491ac59,0,13606119,client_test_01_router_a_majors,0,processed,,1781802227471
0xfc081e725c7b341bbcc21f5d199ae007a72d8e3c6e32e63ba2dccbee708e9719,,,0xe5ab9c21206c336d43ccd8c9904de2b7cceb1445e1d0893fdba0c3a2f11f9dcc,0,13606122,client_test_01_router_a_majors,0,processed,,1781802228647
0x09b04d223e6bbb70ff1033b7d31e460667c76d7ebfdf153cd4aec10ba3c33b0e,,,0xec1e1458294ae9a578ba960815d41bcfc51f447da4a227b2b65acd78a05dad1d,0,13606132,client_test_01_router_b_alts,0,processed,,1781802232019
0x5b6ab80ece3504d36799f90941ce6cc2170fb8b46bdfb36266bd39265fa47b16,,,0xe1d400f782fd2fa471e6de16fc0945a0e94853227377dce50b20c8784799d19c,0,13606140,client_test_01_router_a_majors,0,processed,,1781802235241
0xd6c33624a61bb20bb50877611ec501746753f11638231be2bbe8513960c8cbf0,,,0x7826ca7268fa7f935540e87f2bff2c3054ebe69fcdb3c0c7ff5aacead19116ba,0,13606150,client_test_01_router_a_majors,0,processed,,1781802238958
0xe3174b8b375d022976ed0cd51e239390d912324a876c3605f70e6d1839349838,,,0x27d3544b691534557fd5854963f80b88ecd02c9c5e9723427bbca2622256951a,0,13606155,client_test_01_router_b_alts,0,processed,,1781802240286
0xa0ab9f4f3033829f0ef0705385da312c8d396f676c80e26ee38ccae8cbd3ccfd,,,0x2168f5949a7f331d09334953b5187ba76c464937fe2bc2ca8e04c2a9228ecf1d,0,13606161,client_test_01_router_b_alts,0,processed,,1781802241994
0x0ae817f4864a2580db7d6e42e760892e22e6b2740798807d80b360bbac317ee6,,,0x48e97c5915b297e09351226a245588b82c8c596ac2fd2144d9513c7126673064,0,13606169,client_test_01_router_a_majors,0,processed,,1781802246091
0x52fe9998cfebac7e93466025af70b84827f90498e774c14a9042fd7cb4aeb779,,,0xe1a97eb0bbf1481ce370c27f14afc2d755705cca3e7f49a933f1d88868bb2e26,0,13606228,client_test_01_router_b_alts,0,processed,,1781802267194
0xb78414863398f57d93784ae959a100e7343d0843905429e93b45782c75fdce31,,,0x7ec6d03f99250889c50e927849bc21f8f4c64762fded5c005a01a399bc242fa2,0,13606257,client_test_01_router_b_alts,0,processed,,1781802276840
0xf03354343dc12837ffaa611a95bfa9f7cc706404fc350ab5ce267b349f6ba26e,,,0xd4c0fb2c0184e74973143cabeeb70f1b67311b3c4baf53eeb1ff7196c791ec46,0,13606264,client_test_01_router_a_majors,0,processed,,1781802279502
0xcaedab1afa7e0651a4d95a7807a337f018607fcb5498e543882fdc54686c1b88,,,0x09b8a82f9ec3fdcb10a8c7ff87c77bc58b3588fe603c689f5f3e34618a967302,0,13606315,client_test_01_router_a_majors,0,processed,,1781802297945
0xf0072492938b2a449a9cfac0c216587d8dff4cee63b0819d45693fb386bde744,,,0x8b33f2c127b04f9b29593fef6651293624ea594d3705cb6d022da44743e7f2e8,0,13606318,client_test_01_router_b_alts,0,processed,,1781802299099
0xd41fe83001face3537a1c7a8113e269e506acc2e3679e8bedc7247c5dbd4d18d,,,0x7237d1e4ef45d487cc58ec51418bb02284f90b3abff6bfeed12963a80d16faf8,0,13606414,client_test_01_router_a_majors,0,processed,,1781802333701
0x273b64101af106b89e280f13dc08d7bd51b17e0e1e8fabaf0d70c1fd7e86599f,,,0x7c67147a76d5f3601e1a738140d630474ed17feac16c163de88c7431be17acac,0,13606418,client_test_01_router_b_alts,0,processed,,1781802334842
0x199199ecefbd73e6e72537becec047ffc3862d82740632565af75391f21eec97,,,0x35877dd0513dbda6ccd19320fc6adb664d9254c0014a5b0a07aa1f70572e0e7d,0,13606431,client_test_01_router_a_majors,0,processed,,1781802339796
0x1d11e625839b6eb28f47098ddf9d507ed7f7a18b5ab1e9126482bdf564c47c39,,,0x4ef7385f1f841eb7060195980c396fe22ce024a22ba9dc8231fa54085b847f3a,0,13606523,client_test_01_router_a_majors,0,processed,,1781802374611
0x1bfb7356df67e7ebf5bdc71c6c5ee23fead051bc38b9d3af90b2ec81aa700a40,,,0x47e4be5bde7e647d17e96f4196e85dad206930d3ac36f9b87e1f49de43da0009,0,13607367,client_test_01_router_a_majors,0,processed,,1781802680439
0xf407340e27b5ef9af70e58bbb53845b93a9a1e361ac556e606bdf3a3e61ead7c,,,0x9672f07f7b40db96fe42c2be90059730df6baccbdbc1c055467b809374c30a1a,0,13607431,client_test_01_router_a_majors,0,processed,,1781802703233
0xb77274bda2abad06274629e0a888cb01d98b372a80714c262e245acdd398bc1a,,,0xfa399ad5a2f740c0778a22001f738dcabf3e3b44d4b431dde9a922ce5f27b164,0,13607434,client_test_01_router_a_majors,0,processed,,1781802704415
0x460b9bf65006660f34d15652fa2d848d474132ac9bcb9812b185d58e9b04cbe8,,,0xafecba32ea826f7c34b504a855dadd08340b093b27ca3d1ff92e57bc8cd88bc2,0,13607595,client_test_02_router_default,0,processed,,1781802763739
0xddeefb8d75d2cddb41bf2ad05e96049e07ad3ea8b1eeaa40b7eca00b9ecd999f,,,0xe81dbd3324c98ec8bdcd3f065ae6276727f573b35b6a881727a7b92527ae4508,0,13607688,client_test_02_router_default,0,processed,,1781802798209
0xc366c1fa1eb3a7f4d3ad7917b4f5b2d3a47fb2e713096384164cf72fcc52b1be,,,0xfc719bcd56fcec2b59128f1e28e31644b400c8f94d50f3affe70bfd7292eef90,0,13608241,client_test_01_router_a_majors,0,processed,,1781803000573
0x32727b6572d743a6f394eac582b6a68c58ce7173ddaad411ce9c445f9967a940,,,0xa44a0f6637814607f8b611321c33f6c37a46eec683f785e97a60ea7b3c5a97f8,0,13609204,client_test_01_router_a_majors,0,processed,,1781803354001
0x107e37858ee5859fcd250b9f8913e2488b0f1eb884aa3f76121ed47a48839b5f,,,0xeac2588555da0f58f800760584cd72d054aa835c5a4f2735fb35ef0a2897ad30,0,13609260,client_test_01_router_a_majors,0,processed,,1781803374532
0x19c56dd5f7c954e731504248ed66ad211b0b3b4db99a390ef242fe96ef0a8911,,,0x680602ff69e297a166f39d557520b704682adbc290d77d50369bc191c2e8c0be,0,13609263,client_test_01_router_a_majors,0,processed,,1781803375697
0x79c3c18e8fccafda4fbd3e4da6829b64ca515f8bb01c58337ff82d17c430a148,,,0xaaf93dba5a5821acac6bd3228da91983466b16faba6507538af22d845924d401,0,13609344,client_test_01_router_a_majors,0,processed,,1781803412168
0x5c4758155ed8becd1edceea66477a044ec1e58675898798c18e4e68b9d36d1d8,,,0x68664f38cbedcbf4ed4692c36f471d6607861a53accf6a01362361fe634f8b19,0,13609353,client_test_01_router_a_majors,0,processed,,1781803415749
0x461e9963c915dc51bb33894247acd915517715849000d363fe6a433e3a1fa430,,,0x15c615b998eba74d6f559061630f397ef217f82a62266162284fc36323adb946,0,13609406,client_test_01_router_a_majors,0,processed,,1781803434246
0x1d00138b3e503a34fc3ecebcd92ad15e665dcb99206105793127037c8fcb80b7,,,0x5690337e8c4d9cecfdfb9760f77f0687330064b32a20a4356dfa8034ed8b9fa3,0,13609409,client_test_01_router_a_majors,0,processed,,1781803435440
0x377c2e05bffc39f18264ceea979510e637758c8fd7906f39a5537ae03c89b944,,,0x95bd5150f3ce76171aa25a5a898b5a4dd67a47c732beeedf0164896d1c48cfde,0,13609427,client_test_01_router_a_majors,0,processed,,1781803441756
0xe013ac5fe9afbb498ca77afd4c31ad9089dc12d3146f922988a37ba6cee8e31f,,,0x2ee0822c1cb19d4d273320df3f749a20fd20409a49f11c52144ad10c79b3ce14,0,13609437,client_test_01_router_a_majors,0,processed,,1781803446854
0x92b4b11124c4ebe3f6f068dc0ae958afd3eab3649028110df4fbc9183a672cba,,,0xa569c84f1d9244b57fbd2e3152037e432f3b1580b18fa99aa055a05c5818f8ae,0,13609581,client_test_01_router_a_majors,0,processed,,1781803498265
0x4539143c80e20bfe24222f9de73ecbf49650a25b20fadcd0d82873cfb7407490,,,0xea1880255c65df6695fae19c6648913d08fd5fffe7894ed8eb8ffb82e518ac8c,0,13609584,client_test_01_router_a_majors,0,processed,,1781803499390
0xdcb51191ae17f43223e08f0ff3431a3f03cfc1c12587a7f5fbb6c39c1be95cdf,,,0x4845ade8242af9c4126c05b8581989a4ecec49aa53252a66732b05a10ad00f9f,0,13609601,client_test_01_router_a_majors,0,processed,,1781803506783
0xb68f4e420f5d2f2686307ab72c58b483f38b771736a318faf24eaf98164f7179,,,0x5b31d767f654056bc56967ea3dc4b6d428d0caf7b9899c59d07561d1593b9ce3,0,13609611,client_test_01_router_a_majors,0,processed,,1781803510340
0x9c801f2f5e857581f2d7d518e515e6a3595068ca19a3a2a872f87deebfe7ee05,,,0xc564ea9055bb74c3fed8261d0e389574bac87f8ec98ee29993d38eb06549165a,0,13609695,client_test_01_router_a_majors,0,processed,,1781803540225
0x4559e6cd6aaea29a27e808e81a5d9829d58b152b298dfac899b7ab4e9be17662,,,0x200211097eddbacc577b907a48acd1b0e4f6ae11d8779135cf830addf0a6c29f,0,13609869,client_test_01_router_a_majors,0,processed,,1781803602388
0xa4b130f4e19fb12c7a61cdc1ce83ede59d8d4c4d16da7b979623b9bba3f015ac,,,0xa54cdcb6885113d1a8c06d2c5c63563363c8c366a9ffd542e3092adc5547f067,0,13609964,client_test_01_router_a_majors,0,processed,,1781803635370
0xf269b8d8a0a22b62e33677e7231b7a9c318cc04d26d2d3afeed00bc6c3242ee9,,,0x24b180de7c33498e6dabc26fe7d085cf0461361468388e5a9124f968196568e4,0,13610137,client_test_01_router_a_majors,0,processed,,1781803700853
0x45aa54830f1ab29da4f398d595e3cc13640eb64bcaac21dab44a123b1372f52a,,,0x0dc6b3fae5dd7797d62df119bfb7234095dc2b7ba235be99e9ef91b69a8c3efa,0,13610452,client_test_01_router_a_majors,0,processed,,1781803816306
0x95ebc51a8d538a9641c722cf7e8e676e8edad883e67ca453f07d03161c89d7ff,,,0x3f215353433d63f3ee2ce9ed0c4459bdf8dfb49c6361062042729ab798b49bf6,0,13610471,client_test_01_router_a_majors,0,processed,,1781803822530
0x78a948898f4fe4356dce6dd96ec120295052d26cf57d95464382030d61399eaa,,,0xbfd793dee3c4dd9a8b879936433011475d3c166e4d3101d9a65808fce2921995,0,13610628,client_test_01_router_a_majors,0,processed,,1781803876327
0x02b6af7082812beb5df7dc8e0a9874a9db48628106db2dd9f8b740f841dd57c3,,,0xa95f53860556f1fd3d69277b725b3afa214b1f7950df3d67fea3c3f59b3452f0,0,13610633,client_test_01_router_a_majors,0,processed,,1781803877375
0xb2dc452a4d9c7e4709fa0365886b6fc72b03d2cbc5a0cd9d4ab0f79fd0ef750a,,,0xe080edd2f1f93b7d4f4a0acf66815d8f8780605895387676bc5e947b46b01160,0,13610651,client_test_01_router_a_majors,0,processed,,1781803883602
0x501ade978fa9ff29641bf8ca0a5728b7a3ee0f236940fbe18858da7c725f2292,,,0x52da45f856b28c6efb58114ab6ba3ca02cdf45d92f32fbedd2486e3f6979ab20,0,13610730,client_test_01_router_a_majors,0,processed,,1781803914777
0x3440bb8cbc10f9b4fc49c738c824d2d933b18020b15a741be47095094cc0bc6f,,,0xd2253c1d05552a188c656d7f0b2f4d786094b75f393826bb12bcd36012305474,0,13610734,client_test_01_router_a_majors,0,processed,,1781803916726
0x945c7e6240091df213089e107adefc54b7d4fe3b098925c8de7f68ed67b0dc61,,,0x7a82214048e18a76de3d77fad77ab81442351eca9d0e977b9ca4cca9d5d82d10,0,13610759,client_test_01_router_a_majors,0,processed,,1781803931901
0x34f704371ae583658af8d546a7b5b2c558ece9ef75355125cb5b0ea937f06e2c,,,0x3507a77c7366536c0b23c22792932e1ce932b2e20c9e04f3df0f96127ace5497,0,13610874,client_test_01_router_b_alts,0,processed,,1781803974950
0xa5e28b1b0a7fe0db08384ca57bf42add041f9c96dd2e0776952dfc1dfdda0a13,,,0xccf65d4c6dab339ab219f47bc8444d8d9c150c888f0ba0811b123675fc205aa8,0,13610912,client_test_01_router_a_majors,0,processed,,1781803991891
0x24032c28575bb50b144fb0855214f5bafd7959de26d597abd6a0de0f34c50399,,,0xcd876b186f9a036d09d650c288ff1ee84d51651f0d11e44d358b64e0e769e6fa,0,13610926,client_test_01_router_b_alts,0,processed,,1781803997251
0xc510dee79c106cfa16c2d510e3d675769e5a82b9895b35f66d252d760ccc6bc7,,,0x43a34058fa93aa0d4696cd1673c0862e06bfc94317132f96782c4f8c9a849709,0,13610928,client_test_01_router_a_majors,0,processed,,1781803998400
0x2c2c0ce71b61264bf221a94c8080fc269fdb9aa1dc87e984c95d8775091fbfe6,,,0xd919d73a5be150c66793a7552cbc4161ebea1d8c7a3b7d67f861be37c73b181f,0,13610931,client_test_01_router_a_majors,0,processed,,1781803999552
0xba12503083a73389e0c5721cced42de7f0c5c0db35963b1c7c432352a6901c4c,,,0x1057771150310dbed32345b50b0ad7c93be5d6e2a284dd7d42e32135d0278077,0,13610950,client_test_01_router_a_majors,0,processed,,1781804006839
0x403a61be7dcd1ecb097c84c921261d3c78ab3c19d0f7f4627b1df9aa6f998537,,,0x04215e7f6d6b22d83db58f4f6b75262426b310b00997e9892af1c50340d16c14,0,13610977,client_test_01_router_b_alts,0,processed,,1781804015559
0xeaf33a68fedeef246bee50f777f69deac180ed7e4239e2bafe4e82d93c60eef1,,,0xf03c45a496faa9120f897210a5eea4c7352c2f6738145d9a217d91b08c001f8a,77,13611018,client_test_01_router_b_alts,0,processed,,1781804030826
0x31270b298be45016ed68f54f7c62a6ee4fffc8a43be57986383a28454bbb19b4,,,0x331d3a41cff5b63c28942b79088465aee898c6e02661b6fe7ee5c0f6dbefbcdb,0,13611021,client_test_01_router_a_majors,0,processed,,1781804031982
0xd620a32cc6e6198e51cb5aaac60bc53c96973db1028733cf44f6e54031553b9f,,,0x5cabce607904eff3270a324acb66f8cbfe2e3e5bf60bf172516b6ad87b176fa2,0,13611024,client_test_01_router_a_majors,0,processed,,1781804033448
0xd31bde8fd4bb3b897fd05a2b2465bb1b866827b802acf07d7d29d74eb647a0af,,,0x80d630c6f157af122cb1c91815ae8346000f0858e613774069bd8b3d89e2c9de,0,13611042,client_test_01_router_a_majors,0,processed,,1781804039846
0xf9ee810122482cce45dbd831ed34ba428dd64d1a2baa4038c3e344f733bfa3bc,,,0xd1a46b1fdbe15004727bea2371750a73144d0f2bb94b2e6029a5dbc41b335a38,0,13611055,client_test_01_router_a_majors,0,processed,,1781804044022
0x3ca27ee4403c76fe93facbc64bc3ea2d51b9ba98fe6169bedc2d6404ead967cb,,,0xbe0e20e2ce041882a6969e411ee1123e994325d17b9d48a1a71bc122f7db729e,0,13611072,client_test_01_router_a_majors,0,processed,,1781804051314
0x720b7f7fc886dba410766defbc07928f0c7a541cf8e2ee4a2344d09881260c78,,,0xf32fbc49600179448331c97a70405df4f0494308c1634b645e6ebb5f4ff02024,0,13611140,client_test_01_router_b_alts,0,processed,,1781804075250
0x482739797d1d7d4cecad96bd6e8ae1ddd2c01c7f266acbe2174f540d9d90f435,,,0x90981a77534762deb2ae754372c472d26d04891495fc9acecb24677098d4e601,0,13611165,client_test_01_router_a_majors,0,processed,,1781804084668
0x14424b15bcb75366a398f4a48e0a9d15a3a1abd37bcc81e79b057052acc8bf7f,,,0xe55d409e0b2e61ab5b976882fedc8122fe3ca7b02dcb1ce65341959ccd743445,0,13611186,client_test_01_router_b_alts,0,processed,,1781804091386
0x68fbf392e26d533681ce2af012ef26727d0d436068a53263cc1b60c3005dcf94,,,0x631d1950b1fb8341004925a49260eea9fbb943dee3deca9ff1d471cb514d05f7,0,13611189,client_test_01_router_a_majors,0,processed,,1781804092504
0x9482fd7300f056f078543182b45c04dcc11cacb7cefb3c57830ba2fbd3680b31,,,0x93bb4e6ec349df65c966d6f39b95bbb44aa257bce7e8904c193d1071fc3dc3c9,0,13611193,client_test_01_router_a_majors,0,processed,,1781804093678
0x408788fad5f6a10f986b9aaa9e9573f98903215eb34ff44339010a0ca5607f69,,,0xf0e4a7fc515b213b49c7e072efcdcbf3ee4a4d22a7e113c4aab8059f049cd5e5,0,13611337,client_test_01_router_a_majors,0,processed,,1781804146028
0x7da06dff9622f4048c6252125298ff1873f9727d8f418644632a243614e99f3b,,,0xd0d27c2ff05bafd2c1d676b55dfb7942bd97805a9b0c8e013aadcf96039a96cf,0,13612049,client_test_01_router_a_majors,0,processed,,1781804406680
0xfd94000c85281151ad059b49aba1c5f996671f64a0997071fbe2e45ea885516a,,,0xb35a9bd700521fb8a5e54bcd60e024344959fb28ad71d35a11beac36cf1d2efb,0,13612053,client_test_01_router_a_majors,0,processed,,1781804408018
0x7a2ba3fced7631d5d379d301b87383c969b20c3d90bc9780762cc24e4751fd43,,,0x58b42cd3966d8439ea70f23a50d10b26763ab4fd225c9ea47588cae99fbf8652,0,13612069,client_test_01_router_a_majors,0,processed,,1781804413941
0x5305bf9fa772b6a6eff8dc104002a4e9feb453e1041cad40ffd224416098a234,,,0xf4d2f0e71a4c495cb9f262ad6525d9f5e8843fe0a64ce4bd1d4f3709dff7ce8c,0,13612080,client_test_01_router_a_majors,0,processed,,1781804417439
0x72fa301c476e9025a47a164878b2a2e437ab6c64971fa66c9dc2a1d678651dcc,,,0x609dad5399008dde43feb5819fd2464d976c140b3df2cc37138a13fe17c5d287,0,13612191,client_test_01_router_a_majors,0,processed,,1781804456200
0xa8d05198cbc6ea6148598198e7c87dcef755961e4adf605d089d0434828eb21a,,,0x21d69398a647873186b5afcccc3b11824784632b665ce77d4dafb79815b1fd0e,0,13612214,client_test_01_router_a_majors,0,processed,,1781804464037
0xebf3dbc8203e82c2423462267d0cccdc03cdb4b7a3076814267e7d45256a369f,,,0x48ebd1f2015b744bfe56af3ca0916e6397a787d27526d38facb89c6d54e90d4e,0,13612218,client_test_01_router_a_majors,0,processed,,1781804466050
0x87d2d02dd549af7f34ad0e20f1cae83d078eea95b307046fad33f78acc7c73db,,,0x521fb7d2cfff90c2ca7a9a48429de7321eb8222bc92bd622d3a2c137e39d9ec0,0,13612235,client_test_01_router_a_majors,0,processed,,1781804472156
0xc3926126f52f2571da67b76343947ea78e726a6de7d9191bb8201626be10aef4,,,0xc0b1579796000085730af9e3e1a05101c25c886000c020f0b3cb85cbea6b63dd,0,13612246,client_test_01_router_a_majors,0,processed,,1781804475744
0x4b182d9195279115de88c65ba4d8414ac0a54be2518d877968d4ecc2396d8f36,,,0x4a572e92517155dea1b8343936a16829eea0c26b784cbefff4db6d9e25255a09,0,13612983,client_test_01_router_a_majors,0,processed,,1781804792155
0x06156b6604c8bb92da5470bcbc02c1c9034088e4a4f0ec9ebc2b56ce8daf2f62,,,0xf05c3450310cfcaffe7528f8547f53290218235f8a20beebf44747655af9260b,0,13612995,client_test_01_router_a_majors,0,processed,,1781804796365
0xb335b9a8021aa3d6a72fad624fa8fab1fd2f65a93567a147a40debd493a436de,,,0x9a13bf7a0ee0e97735d3abe4a08b9d89e62f1c89bdfdcf1a1107962324e0019a,0,13613078,client_test_01_router_a_majors,0,processed,,1781804824106
0xcf41b54bed63ab0bb31e5d0dd8cd581dc0026f0f3c7ea94223408993e49ea461,,,0xcd7e7d741dda44905d273e2b63bbe9b0f4c59b13379336a670a899443857edc0,0,13613081,client_test_01_router_a_majors,0,processed,,1781804825230
0x6bdbda397cc1b6244281fdb0ab2098d3fe6584cca39573d67b7fe065420bdf11,,,0x8a726792d2032ed47f743719df3d6bd7886532788425608237b350a798fe6ff8,0,13613097,client_test_01_router_a_majors,0,processed,,1781804832764
0x5fb482fcabc8e454b68b47153e25ad7261c39d6c08c7eb9a841a8890b3d1b2e3,,,0x19a63b2027080bb41ac4837ca7a12a39e052293ead1bbc3fdac7d0b6088d65aa,0,13613840,client_test_02_router_default,0,processed,,1781805098625
0x9a731bd925f21eea4eca30e82f6fdbe9a2139ef5e445fe0439ff685dc93cfe4a,,,0xc88b535230f52a42b19d77b4149f8f100e5cdf93e6a0c9c50ef45ef0adff13cf,0,13613981,client_test_02_router_default,0,processed,,1781805150529
0xaa5e24d54000381b3934d6eff4a62da24a624df3cc74ae470c35869a6ca47b6c,,,0x2e78b1b1420e0f47278994871388601af9ebef04faeb6b9c7a85e12cc4b156f3,0,13614619,client_test_01_router_a_majors,0,processed,,1781805383677
0x869c8ce93c44982b7dd33132b422724c9d4a67b79398c0f687b66eddece9c2e9,,,0x4204d55a934dce81aca8b470ecc8c91c4f53583c0f9936a3174ce0143bad81cb,0,13614628,client_test_01_router_a_majors,0,processed,,1781805387630
0x186d4b8b1d5e2e15e1345eaabbfd7851eca4dd42efaae2e89037b8a294123d56,,,0x4b72a4648b4f76f347a0e2284693202eb18a23424c6f4639400dc8a7335fd797,0,13614647,client_test_01_router_a_majors,0,processed,,1781805393888
0x087a5652338b76fb18bb30dafd74d202bc66f2b5983c3093845b352507416266,,,0xb5b590eac8c6e4bbd58159a44a7ba49ea4ed83f369b1ac0fab26ff81c7470e2e,0,13614739,client_test_01_router_a_majors,0,processed,,1781805428302
0xdbe534019989ec5aa829911ace1bf53a904285994afe393976e88ac1885378ba,,,0xcb927d064b0f929770636364f770c5480f57a30defc84b1435390a640b23120b,0,13614899,client_test_01_router_a_majors,0,processed,,1781805488636
0x7f3c2f7ceae1a059c6158f4d470631602309f6ee403025918737eb584b8d1bcd,,,0x1bb49d904b9eb05b34c5c9bff2714e59a8c96977633f2c74498ed1cf9d880437,0,13614991,client_test_01_router_a_majors,0,processed,,1781805522898
0x73f1bcfad7550bc9c5b1557b3dec4b2f455d272de96cec0c480786a01cafe184,,,0x72c3c06b3168b80bdbff54ff6ef742d7fdf1b0ab8c921c1b7ac0915cdb4f5aca,0,13615159,client_test_01_router_a_majors,0,processed,,1781805581758
0xf9745a44a110aac7dc494e36d0c06e5b5696009d9af548efbb0a1f032a0232b9,,,0x93256571d367d06a4fb8c584c4a77f36c9b77d2c4ba64cb89e90007d08d650b5,0,13615251,client_test_01_router_a_majors,0,processed,,1781805616596
0x946ed6d044181eb34ccd8530d2f032107c498ed3c76f5586d7f07e47b723d634,,,0x0c97e10eeadae96465ca74e2b9c51d5c68659c7a2a1a129fff25a0ec62733052,0,13615413,client_test_01_router_a_majors,0,processed,,1781805676176
0x2ba247744160073e37011bf5af5b9a464969ff5a8c82a2e4212f71b673ed90b6,,,0x85b78b16ea3895aff0f9530de6b78d7df0a719b995636fa42c4d03205a20f792,0,13615513,client_test_01_router_a_majors,0,processed,,1781805712135
0x4b0eea8a2006eadc1389ede18fec1a163b80fdc50a7bcef461eda29339b49e17,,,0xf96eb761576bf47bd3f0a1ea718d2a03359e285f1091e77f7f65dd95fc60518c,0,13615527,client_test_01_router_a_majors,0,processed,,1781805717399
0x2a6e1e69bc2786d639daf8b7c173bc20146cce523cf2ee3433da931632451a7c,,,0xca69c9c316043eff01665baa7868eac5510ff84b35fba89db762334a72f01e8c,0,13615531,client_test_01_router_a_majors,0,processed,,1781805718583
0xc7213417635a3f12d361d7a692280cf92d5f4f18b906ea76e73a2e8b4dc3dd05,,,0x3cf8be8249720b321ae2b65912a155de45f64963666c18d5e86c88c541f84ca6,0,13615550,client_test_01_router_a_majors,0,processed,,1781805725843
0x9585bd5f09353582529e80511e86eb56b6b9b0f29bfe260a079e5b07c3ac91cd,,,0x0b84cea322acff62e6ae54d8570754c26a33bbead517a39c12c79355fc405e16,0,13615559,client_test_01_router_a_majors,0,processed,,1781805729257
0x1d3f6371274f3d952097ae219d1d9ed59783159201744fc00b527ad942c04b55,,,0xd35f51774d864f2f54885fbe781f4554fb71094255420ef3a5224ad0bb22f244,0,13615623,client_test_01_router_a_majors,0,processed,,1781805755407
0x15b2915bdc4ab8efd11a1a134bfad477cdf32212ce96bf6d3802ad330a356fc2,,,0xedb6959a46e2c0f421ce791ca1ad15bdcb1807f6caf1199082b65b4ba415d00d,0,13615626,client_test_01_router_a_majors,0,processed,,1781805756242
0xecb92c186a51ef497971cacf3c73599dd4c39dee11897a18bfe870cf42338a93,,,0x790c514ed90818faf72bda6f564d2f6ffe2c1a189e9caa5525765404bb7ca036,0,13615642,client_test_01_router_a_majors,0,processed,,1781805762483
0x0807f9324412fe55c3aef24af2fe12e5c8c397cdc1ae50fe747f5d57441e4f2b,,,0xd80c8725053d266655ebac7f666c168970d93a6b8c7c660250797e4463421635,0,13615652,client_test_01_router_a_majors,0,processed,,1781805766733
0xf966f3193e74fcaa12f2234a3a476db168cba947af4eb8bccdd46ca3e4bb30e2,,,0xadb226c439c9a689fd78ffdc000f8c6f2ba14bd3dcd2f645ae54bd3c5b303d4c,0,13615666,client_test_01_router_a_majors,0,processed,,1781805771538
0x5306d753e2639346d503e4a43944e6fc18acf0389c8c21fd1f598cfd4caa8e78,,,0x32ed182a7ef65a627e7f214986143337f99a2f3df64eba5f2257d89fa7f66ac3,0,13615769,client_test_01_router_a_majors,0,processed,,1781805808828
0xf09a3e0d6fb0936fcc6eda36234b1ef527a03ff0436b7b8dcbc2aac4e9d39f13,,,0x65ffbc47663f6f36df35b10ed44c7670d4753ead137d484971832d21370f4b2f,0,13615787,client_test_01_router_a_majors,0,processed,,1781805814741
0xb0c4426786ba785131d5d5dcbedd2d2dd5d1da4b530795af1a3a60c7eaadc4ca,,,0xee1770e12b786a61fcc69dcc41d65cc94bc7aa73748376179bb92f563d62aa61,0,13615790,client_test_01_router_a_majors,0,processed,,1781805815952
0xd0756db0c094eb84f900c4b8d44782937ab4b67316c3f9d99b27a8310f4595e2,,,0x0a9aebc22c818712bc30a6a927952ff644f69dd8098b605e8e3e70ef04df095e,0,13615808,client_test_01_router_a_majors,0,processed,,1781805822101
0x4db100b1edce387d9bd98de6a5702a2f414f9253ad0e46ffc4b24524c36e71f4,,,0xae03972c13e44b1286acb9552e33ffec9fbe9a99fb54c3589522922be5145680,0,13615818,client_test_01_router_a_majors,0,processed,,1781805825826
0xc6787d27abd28a47470ee8dd78a6cd03873267c81d383fb73dac3e3b0376a6c2,,,0xf3f8fb29ceae1b5e8e1c725af63fd613ae817df13175b2c3a554ac124d098e88,0,13615887,client_test_01_router_a_majors,0,processed,,1781805850243
0x03a0482d32bd90d6533982fb59aa3f7160f6521245a85a70c001abecb142e489,,,0xf4981cfd62e94da9da4ef635c004761fff651f4e29ccc6afbbe147a9a668252f,0,13615890,client_test_01_router_a_majors,0,processed,,1781805851421
0x48629b0103c58cfe00358950ba93617eeb8d4685b031789e863b4f5571aa0cc1,,,0xdbccd00ae22ce1f86ff0c8043c425b2a4f3a06e124714eb7d2f2f2edc3457474,0,13615908,client_test_01_router_a_majors,0,processed,,1781805857791
0x7af465181daa3cc5bab8b8b0d044a6ad8b7c0debf5e65470e05b0ef43c8cab14,,,0x2b141b9faab07bcfd7bd956cb0c244e514eeb76ad6e97cc5ceb1cc161eb4911f,0,13615918,client_test_01_router_a_majors,0,processed,,1781805861481
0xaab5ea9fcb9fb94e4c7e2a2f243e863ec2dfda63f971989e4c22e2c8661c1417,,,0xe7411d537147a86b6c563deea4efdc96b8405acdb16850968b84a7c3f7ce134b,0,13615931,client_test_01_router_a_majors,0,processed,,1781805867098
0x832d61d930b3d8764a08954bdf9ecf472077e99163746dd88d4e653319a66aa0,,,0x5ab7416b7cce5b34cfd93814693c3c7db6b7512d74c43c70f4e3debf0b8afcf2,0,13616034,client_test_01_router_a_majors,0,processed,,1781805903064
0xb061ed71c460bc953298e4403990e5bf5cc8998e89b3864a9c410dafc07cdd20,,,0x66380ebdb6a4a0a0ecb312602e9b8649c83345a80081794e02c496beb271da32,0,13616047,client_test_01_router_b_alts,0,processed,,1781805908317
0x092a65f48edfb7c39b27ab3189828e614add9251bbcbfc113ce5f715f7f0cd1f,,,0x75c08102a2e0659d310e2ccec79842205dcea630dede13f46875b3e7b3f6d29c,0,13616050,client_test_01_router_a_majors,0,processed,,1781805909560
0x417dffe3728b6feb94ceaa7a90ec959f391c82d39ec13ea2d26d3e26a1536630,,,0x99d2c376c78f46fa3881440de06fd006e3fb4f854f80e4dd519456585fcfeb4e,0,13616053,client_test_01_router_a_majors,0,processed,,1781805910762
0xd3e69fba1ab912c1d240581460ba0ce1fe8ff6c5d261c538149a1c8552352632,,,0xc25629bd2f0db79c23136e6b3072186934033dd257c4f54b9fcb39de52e11c3c,0,13616072,client_test_01_router_a_majors,0,processed,,1781805917404
0xf66995ba1f3e4f22257370fef9ebc9695594835f815dc24456c59db1c2771343,,,0xe0b4dd6ef4cadcbd3661687fb3103e36f3d8e8ae6a867a5a1a89c6d3ed757c04,0,13616082,client_test_01_router_a_majors,0,processed,,1781805921444
0x845c03c7348ffd1e799ae93bf66157be293413fcd3ddb8241e62c8c506180946,,,0x7a7603a2ab6910954fcd769fa0b68a284229ad0c3c225788c4ed2efea43e6a8f,0,13616086,client_test_01_router_b_alts,0,processed,,1781805922669
0x3ef201e96a5e37657a8f4bd799af98a944cfca4136caf8de4d07a3063562b1b5,,,0x516ce21fa1dd319058b696f24528aae7498d4b15ee6fe03b58e9624403d0aa56,0,13616100,client_test_01_router_b_alts,0,processed,,1781805928308
0xb1b84443feb9daf9f19d004b0632a6fadec1e5da81e5d83f3ac272912e5641e4,,,0xee4e9d828e8cc3b31db6079cedf360b9692523a37d5b58ca15ba25ed5b22d06c,0,13616145,client_test_01_router_b_alts,0,processed,,1781805945551
0x99fc8a7ef01f1bf05e5de12ef6c4f3dd2ee590c379d49c511eec999fd5762c44,,,0x794ae60c913ecec5a3a269bb8f42a12ebe31368228b995ec99b1b1e918c900fd,0,13616150,client_test_01_router_a_majors,0,processed,,1781805946817
0x1423dd6c585edea3c3b4ee2dc5e45ceeedecc9d1a83b5629a828b94d0f4c6edd,,,0x60992b2f80e81202fb10656b2c88babc22bb492c2b0c7388804f71c043bef5ac,0,13616153,client_test_01_router_a_majors,0,processed,,1781805948025
0x93c6b637be48121741b3982f631db5805f25fd9660a3f263ad37609c16d2e907,,,0xe9c50928dec8d5ec8e00ac077a63539674dfd86b876cb64482f5f5e9f830b34b,0,13616157,client_test_01_router_b_alts,0,processed,,1781805949702
0x926f1f64f75abc2564b0079cf27e5c7a0f67d261567fe2d06d716e218de13878,,,0xfb49eb085452ba385363dd5ea94ddd46142e4be7c764ce1186fec0a435af3f16,0,13616171,client_test_01_router_a_majors,0,processed,,1781805954247
0x00de533bd39a6f16a6497231d4db15b19188f101fafe6c551bde5c61e693e047,,,0x174df4576529498a6ffa97d52715c8311838a23771b12e5e07039bfa3d34b2c9,0,13616182,client_test_01_router_a_majors,0,processed,,1781805957814
0x602419d5aab6402a404fc2568127ea023ddf8a0d5954f9f99e46858c92cb0db0,,,0x57e17583a94de1bcd88a79899f56998d7206f5ef1e5066d73466335ecc17dca4,0,13616185,client_test_01_router_b_alts,0,processed,,1781805959008
0xa3454338958deccda1ecda8e499219ed84089667fafb71d0e9eaeec3cdac434d,,,0x5af0097e8079220e321c6e4e25696fd9bc5f960ea1d47fca7d02cbc2740ec86a,0,13616187,client_test_01_router_b_alts,0,processed,,1781805959566
0xb9435175d9109ef9cc8098e5b09b4a46ea4c1ba6fe83de048ea39aa1e6a43384,,,0xabca5f6b4e7d08c2306b170f0030366387b1787abfee176e35be491176ca8900,0,13616196,client_test_01_router_a_majors,0,processed,,1781805962391
0x070df4ef251640f03452e2b46b5d82af1cc06c3d23c70a7e660f7eed2adcc55f,,,0x2b9aeb15d7287a3f4b08427c669dfb806a4114bbf6dd8c053ba4b5dbcd52cbdd,0,13616261,client_test_01_router_b_alts,0,processed,,1781805987310
0x4d1f16de1c987e661455cbe7fdd781b13622b0fc60bee03604abb21bc77fe3ea,,,0xfaf27aa001586cdefdfa83e01fe8d069f15d0d43a5d1ee42dd776552a8d70340,0,13616263,client_test_01_router_b_alts,0,processed,,1781805987726
0x5d663a30b1d11e5f4106696f3698b714f4e0683b2f4d8f77f0c9ee014487efaf,,,0x031ed5413c6cbf778fd54114a70d8efd7bd8ce9375ab4b3dbbe7678847fb879e,0,13616296,client_test_01_router_b_alts,0,processed,,1781806001882
0xde48eaa3c5ef87a102928f30157cf2c1e80415f084308936e6d35482235647f5,,,0x92b80bc6c480b53e4c7f2c2ba34af7077ddff8b6b3cdce29735f9b013129fcf5,0,13616301,client_test_01_router_b_alts,0,processed,,1781806003950
0xfbe21167d39a093f90a34a104e44b04dc4133215a291104469d8611882b97edb,,,0xa40af0c1672af62069f95bec15816bb9a403ace94b89f0e5c7aefff43716a664,0,13616303,client_test_01_router_a_majors,0,processed,,1781806004662
0x6f01efe060f4f32c8f3ad64b44f6c1fc1f4cd98b566655eade85523837d25574,,,0xcb33d53eb515ee79475f9f97290d1469d734bc3afeb7bf4e6057ac60bf609a80,0,13616304,client_test_01_router_a_majors,0,processed,,1781806005155
0x5345689c9b033fba81926cd564249ff8da4665b9f67cf83324e81aff72248abf,,,0x2d650ad4db5a58bbbe936796bf7b77a757f12e33ec24a42a9abbe74f3a35cf88,0,13616308,client_test_01_router_a_majors,0,processed,,1781806006398
0x50091e7f43dd17c7fac6c8953d772ec1f79aaf4e419583e703d0bdab615a8c7e,,,0x23f10d1b71a628b3c0a3329e37490ba8361f2fa38ac9fdde64ea2e090cdb0bec,0,13616326,client_test_01_router_a_majors,0,processed,,1781806012671
0xb99c79875330848da1227d9e8bae02416739320d80f604f868643bee59134f95,,,0xb3a5b63685f16949ef6de44e2f648c8b2482a60b2acdfaebe45029913ba110bb,0,13616337,client_test_01_router_a_majors,0,processed,,1781806016417
0xfd90917442af4f8ed68c2194bf4cfab394caab95ad88983a623056e18d1bb7a3,,,0x8c92970ddbc5593d41a0058220550498e91ce8e4652a7111c931ae2c30472f11,0,13616340,client_test_01_router_b_alts,0,processed,,1781806022875
0x720573ce6db58319520de1d239e33ffed7f8a6acc27f6b9e94403b50ec720575,,,0xd1cbc01409827b74e96be6fd4d5b00ad7ea4c8453d825b3a4e96a23e69cc5a13,0,13616370,client_test_01_router_b_alts,0,processed,,1781806028599
0xd7a9cd4f3a5840e484a59dd81caab907c9d6563b473893ff5c09f46d10a81f3b,,,0x3055d6b536e36a17d91cf59753458e22f71ad6453fb8f1806cdea3897c92c257,0,13616415,client_test_01_router_b_alts,0,processed,,1781806044456
0x033388e98f15ea2c8b7e309c833ea91ce496b930e48b50aa5b07195752e8eb90,,,0x25737da4458cd84e09f024b97f7e2db69a97e87c6754f883d482a4ec3cffd3f0,0,13616417,client_test_01_router_b_alts,0,processed,,1781806045646
0x3127dc43282e2bc19c8f3693d31e620de3d9db4c88cb507af61c3f25aaceb1bf,,,0x03235f4c99e3eacf51d09b93a5ee380ce52784b4df93f535450ccf506805772c,0,13616421,client_test_01_router_a_majors,0,processed,,1781806046740
0x4b792fa277a672983aeddd466bf242205ff997eff85eac5ff836c09eb1a0c23a,,,0x8fdc60c381192154c74f3cb9cff604721bb249fbad18f6f100896ad734b6592b,8,13616424,client_test_01_router_a_majors,0,processed,,1781806047909
0x53588fcc4a1c120d0cc304ad7f787ea96767e0d21c0d0ec77525e88f645d3a45,,,0x43791e92b579c4a500b25f5c4ffc428c2fad5aa2fe136b8fe4895fd44c605ddb,0,13616442,client_test_01_router_a_majors,0,processed,,1781806057690
0x319fdad60b8462503a65fd893575bb1c05ab914990ea76d8d0256847ff68b0da,,,0x9d3868978b81ed81cb564f1df8671d17ed6d09f4cb965462504ce28f5c8e41c9,0,13616450,client_test_01_router_a_majors,0,processed,,1781806057721
0xdca01a3f4aaeb92da15d074df5a6e9b6fbc0f0bae4875257a6e1d0c23d538549,,,0x4d7d86c07fca50d37a39410f27ac769e742fb1f5899fecf55de48e56c3b175b2,0,13616443,client_test_01_router_b_alts,0,processed,,1781806057919
0x4a13241fd8cf96a77c2a6923f81c3662f42b5b632d6d82ad5834e473322d489e,,,0x0d8dbce7f713fa3ef88937f481d882705d76b2240c07e5254d8a5ea4e7eaee30,0,13616451,client_test_01_router_a_majors,0,processed,,1781806058184
0x54ca4cd95771b8a8fdbafae47bf0f66e4cfe307350ac9dc9f93638ad2b22adb3,,,0xf6c5edb21be3ab0ab9b216a98c7e9e94d3b14e0a622518af894ab334d4223600,0,13616454,client_test_01_router_b_alts,0,processed,,1781806059354
0x181a2b074f1fe20ff776523e00fd159b4ebc3ba69eeac8f4df480f9536a5ec2a,,,0x75a8a2cddebc4fdf745bc2bcc4fad3fe6ad5522c3a0bf54c0c0bbcccdfb095eb,0,13616514,client_test_01_router_b_alts,0,processed,,1781806080115
0x0e53ba1eb91f5f27273b4aa36f537d4e8cc343c2c966d94a2ea31bf1513c8605,,,0x0d7c265b3180a84e8d4d42155f855f4608bd7dd6203b238efe1d008014403476,0,13616527,client_test_01_router_b_alts,0,processed,,1781806085745
0x6f45fe09feca3fdeacabfe48e1341191ffa9d58bc294c87e81c23e2a5d68584f,,,0x5413aa087ad2007049632325d7d0a83df7878c88f5e0757581af90f63fcd32ad,0,13616552,client_test_01_router_b_alts,0,processed,,1781806095307
0x08558ac0037fffedb9d3ba198159ce3bc696bfa9554102bf6e2039d7e0e49f8f,,,0x01d6271c689b4e10ab3cf84dd57c2f6ddbf1b363a61ce10be8bdf7d5c70efa2b,0,13616558,client_test_01_router_b_alts,0,processed,,1781806097535
0xddf7e35f725ed8aec4af675076b0e0696fdec7f397992b1acb4dbcab729b3832,,,0xe4ce7e82760145dd0d642581a24d8f477745d1153d628b0f8b737ebc6981fc8e,0,13616560,client_test_01_router_a_majors,0,processed,,1781806098201
0x64261cf49264ab83e2fe1952b5a2b13b23e78b6efe6d1dace0196044cac42ecf,,,0x808780cbb78cef75b031bd8ef24341d3a2a77eaa7eb2a4154654568040cea471,0,13616562,client_test_01_router_a_majors,0,processed,,1781806103868
0xc974cd9f0986e2a048482e7b3e46bb558c3d6b838d6d4237139654170bce2570,,,0x19d71c99be86126b7841c28c75be92ff7e681518ff9270f5b345b387f6a94bbe,0,13616565,client_test_01_router_a_majors,0,processed,,1781806104336
0x3c4ea56d0696eaa768fd07223617d9f483d78bd7299f4a4f0e9d492b8ee9c028,,,0x15543fc31ddbd9b64b146878de0571a6a03b43253a4df6ae906b992b6cff19f7,0,13616582,client_test_01_router_a_majors,0,processed,,1781806107109
0x45ad03c76926469fa05c1e8d4a62ed26fd7acbc0866e28bfc3e78b5200b37cac,,,0x81d92a5170dac2a4963fa036af72939a686987898b84a8e9653bbe6cb4f6fc82,0,13616595,client_test_01_router_a_majors,0,processed,,1781806111337
0xe62d74f674b0e68c8ba4f29268d8122bec8f61e8d5bf39e6fac79292549b36a5,,,0xf84fd9f4795fc73b51e185248d82bdefeb739042173190f7f5cf8d2bd99db228,0,13616599,client_test_01_router_b_alts,0,processed,,1781806112540
0xf85f4d091a4d19ab88cb9729bfe2dd27e9a39a46fdde49dd0594c6bbf3ca31c6,,,0x523bcb82ee4756868ae9236f8b6cd42a9ab31bfbacb1f757f214eabed46ea4da,0,13616626,client_test_01_router_b_alts,0,processed,,1781806122384
0xcae0d023b7707df45c6038efb8faec1a1734e533d6798e777a9193489a2df4d7,,,0x8cd48a8c3815e89d374d0d9a34d88ceb888b2a3964beff1f2738c2f255e89196,0,13616671,client_test_01_router_b_alts,0,processed,,1781806138189
0x2e29459f2ebc5bb69001b12c14fee768e63aefff5653dc7d4cea9b3d9c8a0b2a,,,0x1f818d4260bd4108c60bf51a6c6c2719551bc2ccd88c0c7c986923fcfa353a8f,0,13616672,client_test_01_router_b_alts,0,processed,,1781806138731
0x0a1c5507786856587b0e58dd37f4ee79ada646362300e329b6910ba9ea28aff1,,,0x34a23226db6f2508191e5011f2b8d5d908fc4e75d88d6453b67b70d642222a79,0,13616675,client_test_01_router_a_majors,0,processed,,1781806139444
0x7305aa4e80c233bff1e6f1ae5e242c26e0fb5ddba00346c1920a4cf57535b8a1,,,0x5f4a752e68dbf1aa35125f657007a6ad6efcaf670c013b26168fd2c4b398a093,0,13616680,client_test_01_router_a_majors,0,processed,,1781806140833
0xf8ddef8520009f099967878def39172a8604ec98d5e657a0fbca11b6f3ff3170,,,0x3c17f0387407a02be5e0d99fcf6c4f2a3de0e60c2742c3d2bc946cc99bb317ec,0,13616696,client_test_01_router_a_majors,0,processed,,1781806147904
0xcb66ae8d26cca730b051af62454af399d3bc3438f68d22b6c40cc15e3d708a95,,,0xe4284816078aadc612c159a48b05ea07368f9a25d39f2512fd12344b55d1e7c2,0,13616701,client_test_01_router_b_alts,0,processed,,1781806150130
0x8d268b278ca0f809beb0706764ae52ad8ba3c3d9242d4652a93896c478f2a0e3,,,0x8cad90d17f26efcada42fe62e826b3170d1ac5f0950716845f2e74a49b82e9e6,0,13616706,client_test_01_router_a_majors,0,processed,,1781806152180
0xb58fa9b8ed96635b8bc3c7da7b322ef52149ad796d8fed633aa95654a78d8cc2,,,0xf0d19ed1ecd23e94c280e7e45fadb02fce1abecaa7b4161431e9d590a46d141d,0,13616707,client_test_01_router_a_majors,0,processed,,1781806152949
0x5a8e824153ede771af79ee29717331ede747d3a310edeb0ad22f587e41e5416b,,,0x04105c5452e09ecb54a3d6cb9d30fa74cab80e237f8cee70e0697001ea219b24,0,13616709,client_test_01_router_b_alts,0,processed,,1781806153371
0xea5835362a5a044851c1899f43c059f66a32424ad6123bd09b8aa2da0ab441a9,,,0xaeba2f8ea3e225b232cfb1b3c193918dea460b9950f10d3516dd2933a8cc9cc7,0,13616774,client_test_01_router_b_alts,0,processed,,1781806176211
0x466e4b2e58a77ed6f372341809f7694b17640387d6bb64b9ce4fdf20a711ba7f,,,0x3850360cc2713da400f695fb130cc81bcf17214934571a66622a88905c1ad5a0,0,13616781,client_test_01_router_b_alts,0,processed,,1781806179250
0xbaf4ce1aed39f24a35d749eb93cb0e2fc60e0505970f8096fb5c419a4130b7ce,,,0x65f2145408217dbec4e27ef17e2fcf88c5b437b522a1445a9518450993073a1a,0,13616810,client_test_01_router_b_alts,0,processed,,1781806188938
0xc595f12cf7c4102c629e630e1dd05bf1c8b986c34f7da89585bb9f43677b8ab2,,,0x08dbe9487534c49423538ab3f1397a5bf1572bcb545ebecf29da918958173dcf,0,13616818,client_test_01_router_a_majors,0,processed,,1781806191637
0xd5fa1bbf25de23390c75ad392dae277b5fd498a61767f7c7a9818d33f361b9b6,,,0xe7ab8e151c6d39490e8b76d8f8e54d91eb78128577d2b94e67e5e60994c4b565,0,13616820,client_test_01_router_b_alts,0,processed,,1781806192071
0xb7efc6478b2e733929ce214110181cd35c643fb4ae2299ca510adf4ec0471d4e,,,0x0a95584bf1c999cd45a092e55d38c777eeb3302aa8ab3dd386a7700ec6d74e82,0,13616823,client_test_01_router_a_majors,0,processed,,1781806193231
0x210e46bf554e5c747ed5e3876419f9f84d4a7f4c51da71951c9570b5b04172bc,,,0x4b239b5efd31f88984070a155b436463396ac425f64de7da1ecfbd1b2c015c48,0,13616826,client_test_01_router_a_majors,0,processed,,1781806194341
0xbe8c2af602dfa36b1b2dcb9a548c29ed2f38a27006538c54a163f8a9e0024b51,,,0x01e3c9da2ee92095f8a78d4974232485d76769f6aac5e4a18b565581d89d7614,0,13616846,client_test_01_router_a_majors,0,processed,,1781806200893
0x1187ca6bd5242e394f17e968592d2cdc2282cb3cd7ada920ccf55a0ffa065ddc,,,0x0eff297a55a50d9cdb688be7bd47aa2de7364a46abbf743df69812fd0ade3a70,0,13616856,client_test_01_router_a_majors,0,processed,,1781806205619
0x35a6ee0e6e99b8a9f297afb202b6fe49edb40c7ca9de0ffa5f7ac5392844b602,,,0x9f01d85b667573da49cc4d9ebf36a9d67dff93930e1f1dfb259ab2854cb49822,0,13616859,client_test_01_router_b_alts,0,processed,,1781806206525
0x8972417ca47488e49f887b7a583d206149e3fb94beb7768dfe39ac63c616bfbd,,,0xeb7c93fa7f556344a8694145718e506c8909d6d6d55b1e4b948b2422b6f846d8,0,13616883,client_test_01_router_b_alts,0,processed,,1781806215609
0x944860f761de6baeace53475cc174b9d5e5df776715d85cfb13b3bd8a571ad88,,,0x2269f23da64434f6f101e030943b1c06562dc64e71a901f89a478fbef027f241,0,13616929,client_test_01_router_b_alts,0,processed,,1781806232156
0x7c3b6e1d72d4974e3479cdaa2c1126355298bf1a301f89a0e8245efd17db3951,,,0xcf4b460f7bebd2a696297749632d3133993edc32c65dd97885b54bf3473f7740,0,13616931,client_test_01_router_b_alts,0,processed,,1781806232883
0x71f67d16dc209abe1b71140ee5a77cb94bb5f5aa4146774d4e6c3c23b6e0a639,,,0x931a54eb899ab3de89780e1cf7c16f4bc4e9432c3c395d3958c716d8049c9500,0,13616932,client_test_01_router_a_majors,0,processed,,1781806233355
0xfc4d4c655d9cd5774ba79b1a2b2dd77b710167e47acffa9fdf274ee9736daa57,,,0x1840d09b4c9490a2843f51825fbb6a228fc4289da818ee4b16e4b0fb67f205a7,0,13616935,client_test_01_router_a_majors,0,processed,,1781806234529
0xaa64e3a3da57b34941f90c8ddfce71f95e9f85576605e35af0eba0d66c4ca3c1,,,0x77b7eb9864b58c39d9127f1842fd1d32edab8f885ceb15d7108f9deabba02a34,0,13616951,client_test_01_router_a_majors,0,processed,,1781806240710
0xe730a09e42484f427dd7cdbab092f1b0bb287d6348d28c0f0fbbd0e97159badc,,,0x227a1ae3a2581b5718173aaa531016f6dbc2e53b3e8d3b2acda1b8b91dbf9e91,0,13616956,client_test_01_router_b_alts,0,processed,,1781806242550
0xa1869080a895ec164a64f9c67883c76d30f5d4c876772cb4408e75bbbd73618b,,,0x52da24aa030b60aba5f36707aed21cd2404a7bddef4afbf302ca13ad3db0d01e,0,13616961,client_test_01_router_a_majors,0,processed,,1781806244450
0xdc987a1f4d43e7424ad61c70d2dbc6cc5e9a884816850f78aaf35bcfd4ec0023,,,0x7a885931fd8e6c93f30ccb3c5c8d635987a5c01682a0637c1d2d0a04cb8d783b,0,13616962,client_test_01_router_a_majors,0,processed,,1781806245360
0x26c13bc0d52849ebba9939190f5a200f9ef1e9221b0a84ac10fce7d39eea21e5,,,0xaf30ca0bb0c9eacc4d57d40a7e404a0ea9f154f7b8c2e71a5bdd4c7d2204e2bb,0,13616965,client_test_01_router_b_alts,0,processed,,1781806246271
0x169737a10e85109f819bf3eafad40890487bcb0cc157170b1fdd9402898e873f,,,0x75dbe38a0209c84224006e43c18955ada056b90678e5058bb65df9711c103fb9,0,13617028,client_test_01_router_b_alts,0,processed,,1781806268816
0x6a5a067ad4afaf7cee2502452ae2fc98b5f81e7f17bfa9783d5967b0f6768812,,,0xe0474bb2fe9a7e2255e90c5ffe3ff52bdd8b40e5c6d7e5f8537ff75265a9f14c,8,13617038,client_test_01_router_b_alts,0,processed,,1781806271947
0x52ed6eb966755e610a122ab2e0adcaf99cba4384c1101a1a638e7aa2060eafa7,,,0x6650f64ac1265dea71daa9f09b64af608b8a13f318c11daa2f021f91b126b352,0,13617068,client_test_01_router_b_alts,0,processed,,1781806281768
0xd1a421b6e76b89fbefc1a3c5494cdfefdc31c833bbb3d20cfbcb9c7fe08748bf,,,0x8aad60360ebdab25c9bfd9043b79b25a421b2dcb3930fdc4dbbebb9c75b7b4d3,0,13617075,client_test_01_router_a_majors,0,processed,,1781806284383
0x5d79d826046124e2d0d4b60323c95a7ef3f06bba73766b5aff565a98c1681b14,,,0xe82ae5b903c0bdeabece7f815aced5c8e95e1047ef84ef5071263ad5b75a728c,0,13617077,client_test_01_router_b_alts,0,processed,,1781806286025
0xb916f65528ad23e250d03bdda69f53cf1f1377c46e0add1be7b17552fce49658,,,0x002ee1bf41903b05fb1ef28f548323a05286a394de7c14663585e746124d7757,0,13617080,client_test_01_router_a_majors,0,processed,,1781806286832
0xb8e3d1207597cbf4eae0102c6b58a0ee5f1c3fae410739d0f76aabb2eea7408c,,,0x47225cd369517a87854d2772e499a747f2d268b64a7530c637c9975883edaaaa,0,13617084,client_test_01_router_a_majors,0,processed,,1781806288019
0x9b840352e4cd8b07d1e79b4b4570d0e47cf009883fecfce2426162cd6621936c,,,0xddc22d01733a00b0b8377d2b6ce7e650d0aa42fcecb6017b0e221755a446c447,0,13617101,client_test_01_router_a_majors,0,processed,,1781806294109
0x7205eb5a72f57d863f738681c0a43886c4a2df8bac077b1620e24cfe02b9914a,,,0xd3912105d0e3b8b3d95c625dd887b209b2e8e6275e8d2ced5130286f754a160e,0,13617111,client_test_01_router_a_majors,0,processed,,1781806297711
0x7585d22b8c7b60cd532e167e82148ba3579cc3e078fea5480ea3d1c2b1f05cbc,,,0x54de0f0ba0f3a83261e8974d450238482cc0cb4ef498efddc430897ab748e8f8,0,13617114,client_test_01_router_b_alts,0,processed,,1781806298911
0xb2a488a4498206f81c544056f31b90a931dd624b7b28e143ead002896d96a028,,,0x202f63ccdad0fdfc241b74afe9b4e09a06853af9ba8df42b6486084648cf2d33,0,13617138,client_test_01_router_b_alts,0,processed,,1781806307580
0xa8c78ebdbf19807874ee871b44f7af912b746ce2908a6407ba81afca754dcd98,,,0x9ca5a2f9e741c0745d715aac0d8507e645d84326a7f69ab6df1db8b939c0b63c,0,13617185,client_test_01_router_b_alts,0,processed,,1781806324048
0x10b4271d4625f0dbfaecf871ed129e696b3a196665ddf33cd73ce566d23bcbd4,,,0x33c32043988912b1dca02c6b64a6256bcf3da92905a8ffe0af567dd873405762,9,13617187,client_test_01_router_b_alts,0,processed,,1781806326088
0x1bb82944603d024da1ed7cabcb406272e4f8e1a4955cf79ead8fa7168019bdc6,,,0x7e6a0f021eb18ab5bc3174ef875d98bbc5a3b735125f35d8f60d5198eaafbd29,0,13617189,client_test_01_router_a_majors,0,processed,,1781806326319
0xd6a177dd6cda59836209d4abce73bbd73b0c6d4e8a572d00ff20afcdc881cc31,,,0xab182b492571d5693121a8522f29c2451470cc3539e841872935dfa22181ef6b,0,13617193,client_test_01_router_a_majors,0,processed,,1781806327346
0x8ce929fe180329c4f46b8ab094753c4e743775266e78c509aca9ab209b1e8a9d,,,0xc79c882ca6d93fa3d84a97a7125d95aa8426691a8de53d2898b0c9e36c8c073f,0,13617210,client_test_01_router_a_majors,0,processed,,1781806333551
0x2430fa6197e78ef7b603b0e49597e4f7aceb49dacf1b2805cba76d0b9d79d261,,,0x0715dd44ba3353f447dfa94099bf07ee5a671c0998bac9fa10a5f78dbddf69d8,0,13617215,client_test_01_router_b_alts,0,processed,,1781806335604
0x13cc0562fc94724b803b31d354d90bda32db1e17c1cb85c9ad3f23f569895236,,,0x7dea1e55d0970e7d78ef0b0bfc444d35992dba8980ffa6c418d53d280c3ea21f,0,13617220,client_test_01_router_a_majors,0,processed,,1781806337209
0x7cbc6bffc18a1c04f010089030c46a43eb760839065a883e8caf723277825c5e,,,0x20cb570bd0db951ad7b22f2d7452fb222562ca7926f517aa16d66ebc97db5ab4,0,13617222,client_test_01_router_a_majors,0,processed,,1781806338426
0x8a4274f3fcd1f32ea176027402296fef3f478988b9fea674a2291d7ceb93ec8c,,,0xf1feaf4f31bffda75b65b66b5af5ff12e5638e061a5f32228aa3582bcca6d422,0,13617224,client_test_01_router_b_alts,0,processed,,1781806339155
0x227e5c65af6a34320fbb4070e97fd0d41dd5a502b67cba04cf2058de0331815b,,,0xad57207158c2f786c8709425e733fa38ef7033878231497c5ed2aa1de1a214b3,0,13617286,client_test_01_router_b_alts,0,processed,,1781806361272
0xe85423021abc6f36d63b42feb0ea4ef6d405957de88bf53b0faae6dedb395063,,,0xd7ee0de15c9a0ab67fff27fcbc8ac5bc41914e19da7b35602d07fc2b79b3f179,0,13617294,client_test_01_router_b_alts,0,processed,,1781806364146
0xae60f01c5e98c9e0cc32279be734b4666494b9aaf2b8e68d6690f71b68da12e8,,,0x8f65c7188d6143a56faa73f1e6e463f8dcecfe2328929e42e8bede5dc809cc0c,0,13617323,client_test_01_router_b_alts,0,processed,,1781806373700
0xd3768359cc75a14a564022a450eae8028b793c58193589d20c50eca5e3352e48,,,0x729d98358f23fdf8a599c1806fa9be19ab4178c51f48ecc3eb7fe50ce4adf809,0,13617330,client_test_01_router_a_majors,0,processed,,1781806376350
0x472c04ae536d4e274ce8143617dda0489035329d1bf0a88718cb25e7dfd1a95e,,,0xde66a943f10fd8dd68c31b156573da59058944b503f9f6b174e520d674d8cf69,0,13617332,client_test_01_router_b_alts,0,processed,,1781806377079
0x9cb033ef995b64549a3200dcf939e042e7f11e62aa60c63338c76d147af2cbfb,,,0xe588e57f9978cd53c7fb583a64b9758e9f0cee036b4dc768a049b50e3ebfc795,0,13617335,client_test_01_router_a_majors,0,processed,,1781806378230
0x3f1f8ec4297084c37862ef22cdebe09c44f9d032c44d30fbe2970a7626f4f339,,,0x7f887f079440c0cb0c8b988a1719daae8d9484829951a9259277f0ff1a426a1b,0,13617339,client_test_01_router_a_majors,0,processed,,1781806379449
0xd4f5797456d1e720c80705030a2d3188af44d6a8a23c4fb57cc9d0cff2804263,,,0xf5d650d6b861f45296d9a835bb4653f2ad6c0166550afcec70e2ba14bad3e931,0,13617356,client_test_01_router_a_majors,0,processed,,1781806386163
0xa6a00b157c523cfb69f76d94a47eaf3676da7b79d57281aeaacd8fc35bb9068d,,,0xa2846394d0e305f1544f633e2c7e1edbbc9cc55fa00c2d616a3f3ca7d11f8bcd,0,13617367,client_test_01_router_a_majors,0,processed,,1781806389860
0x4ee3cc97f5071b9d2c73cb7a1eb7da560bd70bcd778bfab948dbf523eff66c80,,,0xcf17aa0e0a07aa59c3d426dcb402b5bd2a04792a476ce1a3b36d14037e312e1c,0,13617370,client_test_01_router_b_alts,0,processed,,1781806390973
0x1ff2ed3d4b0694fc89cf662f745718a9882ae4091abbfc95da1a832e63916d5c,,,0xaf8d9bc19f6e98468e63345a7f59236cc62fa0c798118edd5d528f39b20a7ecd,0,13617394,client_test_01_router_b_alts,0,processed,,1781806399915
0xb9c88d4b06c558a591d7f28d6fac9be3d95921b40992757e929ecc04f1e91765,,,0x1f3e665d888d4931a659979795f7c249401be1e363a2a4ff98dc21b83c0633e1,0,13617440,client_test_01_router_b_alts,0,processed,,1781806416343
0x16fc40046f4aa2e960c1ca9484cf65b5fe309c9936c39d0df14ae2013b5b299f,,,0xa32bd83251582e3a8910d7e66dc2e8d22428e8f58baf63bffbac6e31c1c2ca3a,0,13617441,client_test_01_router_b_alts,0,processed,,1781806416848
0xc0a76d29ac8edc1687b91484cb8643a94dfdcc460445d0db966748e79b1bd3ac,,,0x716efb9a147ef90a13e24ec9e68cc81e227527be8308c6f609b00af1a786e584,0,13617443,client_test_01_router_a_majors,0,processed,,1781806417529
0xbb5c56bf5a5d722c9f65e4c3f47bb993530f8354a3ac593a513e0b0557e9f70a,,,0x6be88de0b25a65ed3fa1be31bd9726d8498c5f6a3fc99b80ff1922ef386b2c7a,0,13617447,client_test_01_router_a_majors,0,processed,,1781806418736
0x06601f972284f35931e1965a9aeb616f2eed58dab5dba649eee39d631ee86734,,,0xd5776ae82746ca4567afe9e3f60c15866a2c29e984f6f05950ddff36837ede37,0,13617463,client_test_01_router_a_majors,0,processed,,1781806424881
0x1ef21580b7269927d6cca0e8335c08b5af182901c4201ed6bbf9fb6805f5de34,,,0x3a16a79a176b978232ba2d8c4553978db342728c324bcd5e6ba24d2e74ac32aa,0,13617470,client_test_01_router_b_alts,0,processed,,1781806427171
0x8cf05eafe14585d799c9cc48bed1afbe2340d296a77ba2085150a209499e3bea,,,0x7fa7d3e83e0fe305c456fa8912d327a780fcc327935367a073d0c28a3acc880c,0,13617475,client_test_01_router_a_majors,0,processed,,1781806429207
0x80c65c019abb6048135801b6d8685d093cef2123611a99bdc786e7d1cc8d93b7,,,0x42cdd708b6a587c0ab5c286736fe25a59ca35e5c93d8c107fda0e57ebd98831b,0,13617478,client_test_01_router_a_majors,0,processed,,1781806429971
0x5a63adcd55701a6d60c24b66d241da14458390677128b5db79eecb4c7f72ea93,,,0xc4ea8d4e4879d40993646348a7a687c3259a5db8e2958deb7431725934d49b18,0,13617480,client_test_01_router_b_alts,0,processed,,1781806430410
0xd20d99830c6e3fa6c92cab3e510a3e70e6ff8c25856cfd598beed3b0d10355b8,,,0xc16fae4fc8c755eed3d64ef44b3e9869bd3bf3f373cec5fd25f67c0f7c7eb8ef,0,13617545,client_test_01_router_b_alts,0,processed,,1781806453452
0xbbe1e1d55dc62b0edd93aeb90aeb86244568fdecd77f462ef2951a691c33e08e,,,0x379e897492628a28ebbbe959330374556406ab9deeb5f711929ce1b4214093d4,0,13617552,client_test_01_router_b_alts,0,processed,,1781806456311
0x3b15c6375b197ba760d951d354cdeb314ff133438c4cf020646d345e74b47f74,,,0xb87eb53d008cf84277944d47ae500b0d626fd915f8e05d4fae87bf1af1b95e78,0,13617582,client_test_01_router_b_alts,0,processed,,1781806469413
0x5bd4b52f5291f9f240f08223b2069e3366ab41124544a817d82f9069f889e83f,,,0x090333fb9e37c23e29549f0420151206298a42e8bfbbc1421bcc1bb98350aa7e,0,13617591,client_test_01_router_a_majors,0,processed,,1781806470594
0xd86cec310aab920a313eed5dd275dfd72c3245f477cce9e6c4db3bde9dab05d1,,,0x486428cfe50332f5e6c41b92fa56028c4f5bad0204cb187db6b6cd605c3ab112,0,13617594,client_test_01_router_b_alts,0,processed,,1781806471370
0x5a67368f2f5f65e6c26d131b58d475997fc50ef39f9d2d854ad0d9e812efe613,,,0x66fac7d24ef94a46348d090717ef2096cbc30ae4007c3ba8cfefe6ff745b368b,0,13617597,client_test_01_router_a_majors,0,processed,,1781806472585
0xcb60b6b37ccd5a22148ca2c70e07d3d7cc3b830077d6e1e65ca58c8d62d81b0b,,,0x6793620ca65d5867e623812893e37c4a1e9819f5fc7569fcb78ef972fce42c41,0,13617600,client_test_01_router_a_majors,0,processed,,1781806473752
0xd427e26c3cfc3a0be7728618eef2905c640a8e5b6d8f2d729d270e0a022cc8e6,,,0x83295cfe6dd02cad3f5f836e32f8fc01fa91291cf88555a2a33cafc237634290,0,13617616,client_test_01_router_a_majors,0,processed,,1781806479835
0x1520369f7530d9b4ad097753e0a8f7a81179e6d7cbc49755945321b1dee7d373,,,0x7be330dc259ffd1ac260d3dd52adf7b8a293ac8a5a32cdf1a0cea7c7e0e6f6bf,0,13617626,client_test_01_router_a_majors,0,processed,,1781806483562
0x29780d412ba1de92939110d04393a3dcd75eab6d2b8478737b3206abf64a7961,,,0xb471af57a252362e24be243c5b5b4e250c36b099d3f9718e9316ea39c48e76ea,0,13617630,client_test_01_router_b_alts,0,processed,,1781806484754
0x8a34c187b09609c14ee7823196da270e105de542284adee618e08782c61dbb37,,,0x6651c4805d07ac668ec10e800251bf934f3b736b6ee04590bfcdc1b37ba7b35f,0,13617658,client_test_01_router_b_alts,0,processed,,1781806494091
0x650d6e6c725b10fa98a509631ee3e1d1c3ce55dcbed4b608a208877e0e70da8a,,,0x0d881597b11aafc57d4a3c92847de9d2d8c779ce695c71adbe561b26e2d9bb0d,0,13617702,client_test_01_router_b_alts,0,processed,,1781806510659
0xbf72bfa6a09611cb6e88102f6ceebc76e1c0bf5ef88504d5f876d750a400abe9,,,0xa144c6562fe82df03f46ed66990c9e9cc271cdbbcba6bcdd967e26b8b10ac966,0,13617704,client_test_01_router_b_alts,0,processed,,1781806511160
0x30eb0466d62304de705abb0db9777ed0e357e1bc005440ddf35f2561f5087f3b,,,0xab0c5080c1b42cf38a7787278159b64198a5eb8378b78c16f80ca4c799a093b7,0,13617707,client_test_01_router_a_majors,0,processed,,1781806511914
0x2812b5e80e6f90d10f26759149b815a647e78cd1e428e191513e8f6e5b286d79,,,0xfa3b6ce95c774e8bf5ab533f5fb20ed0289416c55fcf002ef80a16b0cf7c7edb,0,13617710,client_test_01_router_a_majors,0,processed,,1781806513247
0xba163dc9a55f18204ff939a6cbe51a8042aecc9b295d8917fa75e4c9f80fb070,,,0x7f3002dd0821566049f00711654b61f16dfc840efb11037b0be0ff11a7ac49fd,0,13617730,client_test_01_router_a_majors,0,processed,,1781806520109
0x45097d7101133c07e39672ecec09570f2940a3a1216f2b8ce0d53ca0ed71a950,,,0x7bd229e20b9b12b8eaf015c8e4fe968b7689896345ea26a0ba787e0efbf318a9,0,13617736,client_test_01_router_b_alts,0,processed,,1781806522117
0x9679be4c9790e38897e91a442e2069f315d2cdcacc5c38c56386a779b8339b74,,,0x6ba761d8a99265ba134b3268c36177d9940e6c4fd65e2cf8b617b321d04a2c43,0,13617741,client_test_01_router_a_majors,0,processed,,1781806523776
0xf40fac20ca36d629f9de2fc38a89494978d5b36fa115034bb6de7b5d5d92fbba,,,0xf64226c76564304c2ec3d84b65d14ec93afe18b3cbbb925dac847e401e558c18,0,13617744,client_test_01_router_a_majors,0,processed,,1781806525741
0xd487138e1c65c2e8aa287a762f143159550a4f865784bb57c8bb46e2a1343b01,,,0xe1d262071b50b93d6725e79a8324307cee6b004908a4fadaffa25d8bba4339b1,0,13617745,client_test_01_router_b_alts,0,processed,,1781806526199
0x572dab26ec1088f67b0ae41d9503262dddddc52dc3f913d7a1d1208f73bab9ad,,,0xcdac23765b95ab966e25c9a7fd4155628e4c6e1c45c4661eb5a216bfabdd9399,0,13617806,client_test_01_router_b_alts,0,processed,,1781806548380
0xe2ed1bb9b2bf24190151562c31ffc445652b3e8fed7b8e0df66777035bf0132d,,,0xab6cac82723b7b243145ea74f741754b1eeefbcae5774e38059835cd8e53d92b,0,13617818,client_test_01_router_b_alts,0,processed,,1781806552038
0x239dd946ca092b8c1fb09da55d47501729535f417d0cf63fd9e26d0e2f6de351,,,0x85d3a4232e9dfb4b54854094dfaf314d56ceeff101b3fcadffe862ef238d1e66,0,13617846,client_test_01_router_b_alts,0,processed,,1781806561480
0xddb74dec3e9634b95c72dd44da9714908e55cf1ffddd8e8e7603ca5a5ad2a5d4,,,0x6bb706cfa4b72b3c721450af9a513d5617a3de5ec640ec9c3a58f17282ecb6d0,0,13617855,client_test_01_router_a_majors,0,processed,,1781806565925
0x6176da645d444f3b5e885eb28addb01f8f9f6fafe4859aff91ef12895666effd,,,0x1b5ff56e317372772583e5bb4a974742fbd505bdb44cd404b18f26a2e634695b,0,13617856,client_test_01_router_b_alts,0,processed,,1781806566329
0x496b8f2dde30b343056beaac40a020ac943520ae7d24147df6942ab09ed97f82,,,0x628ebb71dc1b6c5db72cd865ba76259cfdcfdfe59aecb9aaaf18a55de91607d2,0,13617860,client_test_01_router_a_majors,0,processed,,1781806567511
0x780287654fa132878eb4797ed8b56295f6533b3fbcd24d36d6eaaf34ffb546c9,,,0xacf45fa01a16434f434525ade107b5e9550388d676d8e6867846367adfd72693,0,13617864,client_test_01_router_a_majors,0,processed,,1781806568707
0x93797ba998dc7a55d1e1aacf335c36b30509538ddac04299426e2d8a0a927048,,,0x117de1432649ae3418b32e2c0a189e541f5b9cfcd9c8ec81433775a38c94c88a,0,13617882,client_test_01_router_a_majors,0,processed,,1781806574865
0xd2addc54ac1618ddf6d6907e685ab591911a9b73fe3ac24de60f9c1c556385b8,,,0x7ef6f546b074d88d21a8b862c94b1ca8b49054bb938afd3abfaefa238f10695d,0,13617893,client_test_01_router_a_majors,0,processed,,1781806578529
0x82c9d30c1695d51f6152c24269e37fed42c10fc891c1358bf21a5dcbef9750d8,,,0x72a1c0ff44fd519e4f9353899b5ad4837f49bb91019c934b45ae7b9f100963ea,0,13617898,client_test_01_router_b_alts,0,processed,,1781806580111
0x259fce0b5febadf4ec6009e4527c2df137a781bd37b74c1a1db7c5d415dd1e10,,,0x2dd7d137c6c49b41c3dc1f8f89853e8abc2608324aa25248fa5b6e5d7feb955c,0,13617925,client_test_01_router_b_alts,0,processed,,1781806590630
0x20be0e6fe6b872aa0b3e6c1203a47ffd908cd1a74195f04bd8b4d77b678e4ccf,,,0x215ffc06c3fc3b96845d63edb05648f7ca58506cf3ae2b3cd2f2e0f7f345042f,0,13617973,client_test_01_router_b_alts,0,processed,,1781806607497
0x45406047d6ba60ea4aa5da090c5ab379adf5211c0a867ea1ed404a8b3e1ef6ad,,,0xaa755906efe27521472202984703ce6b22e492faac05f54b6b18f958bdb6cf58,0,13617974,client_test_01_router_b_alts,0,processed,,1781806607887
0x1111bd63d47f8a70664a077e6de61fd268d65d39e41e1e53ea49c17d18985b49,,,0x0b1bbcd00700f1b9e90425260e2aeda248d563dbb3aee1125e4140b36bbf1edd,0,13617976,client_test_01_router_a_majors,0,processed,,1781806608761
0xc2935960deae663da861551f752df2a4db971e11a8477f4586f71de2cea872f5,,,0x6a576b26bed132fb45a4278c94bd377608fcd92384b1d3116bab5c747c032fc9,0,13617981,client_test_01_router_a_majors,0,processed,,1781806610768
0xe5203ee9dfbe71a972639f6905cc2701182e85e9469e1fc15402e7053abc8d74,,,0xb190a1f2a7f6391551345853d41d8b52f9f58c58d5677e48be7a36a5126ea48e,0,13617999,client_test_01_router_a_majors,0,processed,,1781806616820
0x545e53bd7943ad290141f9c5be3a454d646494416556b7870475c82dc35f034e,,,0x7351a3f07838ce96290bfd231a58474d9d386c410880fbcb6a92e22d8ba109d7,0,13618004,client_test_01_router_b_alts,0,processed,,1781806618793
0xb62121ebcd7e1e88ee754f15555d5122a9568c92485bd948befe5d161903ce2a,,,0xffb399ebf2715454c4ee93acd01d5a4be953e487ab0de85cfde0a48581614291,0,13618009,client_test_01_router_a_majors,0,processed,,1781806620534
0x51fd9757a470c4d70d806bc6a8cdbddbf1c55c903b6c273bcb1b96cf7a58637e,,,0xace3e792ea618260ffd80e976ce75505a40a34182e56bb4d8f74c30533870550,0,13618013,client_test_01_router_a_majors,0,processed,,1781806621629
0x959c468af9ae3989e135138f56882547b7b4c7f6bc1e7a3aab6e5c9208ba9a78,,,0x786968f1d2d23c0eecd2f6a34995576001563d8f09fd6c1fe1a4e38f1e095edf,0,13618014,client_test_01_router_b_alts,0,processed,,1781806622390
0x3da4b7cadb8968cf35dca47787bbae23cbf8aa2f63ba4f3711dc3875f8f6efd4,,,0xf037a64defd498f2288406b1778c51816e8e7a6b13642893192199db3ac98860,0,13618077,client_test_01_router_b_alts,0,processed,,1781806646444
0x8c2fabbdba9897df6be2b0476dab4dcfff608065966f4433960bed183c1cb59c,,,0xe2bc2f80d00fbc74ad36497366e6efe0d499b421b42f749c917f9fc464675397,0,13618084,client_test_01_router_b_alts,0,processed,,1781806649280
0x4a408d1622e21e13609cbb842f8510fafa935c554177e6db1012addb3d561e5c,,,0x3106d7654188fe3bf8e0092e47b4f55b8d979363af775f60c63ee08dda776852,0,13618113,client_test_01_router_b_alts,0,processed,,1781806658928
0xebd7a0fb25bd7901af07df08b2cce51fb010f252c488e198c2a78a0e6cb424bd,,,0xb99d706c02f85984341b537e88c0f97fa61429db61cf97dbf10505979e2d184d,0,13618119,client_test_01_router_a_majors,0,processed,,1781806661677
0xa0372a4bdb96844262770ca28f3dd71894b0cb013423e075ebcb1b6767732f50,,,0xac228d40b40cfb9109b00e419a78c5dcb79f2bfe9ac76fde7f731e9bfed13883,0,13618121,client_test_01_router_b_alts,0,processed,,1781806662508
0xc8002b216f9b1c5588f4e8748a53ec5d39a3751c594a78fb4e8703f3a213a0b0,,,0x4fe951f890b8670adec6d4cddc72616c1ad279736b696400521fa0e0d4536f31,0,13618125,client_test_01_router_a_majors,0,processed,,1781806663763
0x6037fdad13c0ef73c286dcc7f66747638f20c8b865fd362d8a63640798665bd4,,,0x894def5d408af8028d3526a644c5919050cd621f034a73be244150e9c7511eb1,0,13618128,client_test_01_router_a_majors,0,processed,,1781806664986
0x5dbff02b1cf0cfd9a7044b3e3bb4603e85910efe6a0ff0923f87db3b87b7ac03,,,0x6888eee898934a0d82c9ccb54fe514a6b4c8fb93acc1d9acccde679472454b5e,0,13618146,client_test_01_router_a_majors,0,processed,,1781806671258
0xf293990c970f70b601952931fdcac94db46351ab8da0297a97911e5188bcdf47,,,0x7f25750e0a41daed12f4253a1b6efe5e2ed9a8e5fdb625ba6ae11987cace1798,0,13618156,client_test_01_router_a_majors,0,processed,,1781806674926
0x3fec8fe07eae38eae429cfa4c02797d6c9d2e4ca10f1225c489b242041d11961,,,0xc7356ca55566a47a537da5ab91716e2eff33fc89d5b172bba1aed54dbf101959,0,13618159,client_test_01_router_b_alts,0,processed,,1781806676078
0xcb6015940296747381dac5beb3d1bc327804e23661fdda17042a7f6ec9d3b04d,,,0xc978c066451137a4bd254786d0c61e757a84602fed20e60f14fa7753d5b507a4,0,13618189,client_test_01_router_b_alts,0,processed,,1781806686584
0xec8c4c7bef458b80f9b0bd10455aadf3a184e31c6f050d81450996f1b442d79b,,,0xef5303b891b41499943d19a6f52d4812b871996996f1260f29dd120f14bf5fec,0,13618230,client_test_01_router_b_alts,0,processed,,1781806701888
0x45286fcdf11e724d6bb20fbc6e1e77864abd8f0986c1bd3bf11a8af8fcb9c117,,,0x073d092ea808f812762700166affa8a32fef7763cf553a08348d86c53dfb8c42,0,13618233,client_test_01_router_b_alts,0,processed,,1781806702599
0x83862f95717cb3845da23da5f4af5da952eef448d7f76bfc9dbe63cffdf668ef,,,0x4aa0950e74c514df2555076131358a227d3b21c38fa76506ecd4506fe6e75f9a,0,13618234,client_test_01_router_a_majors,0,processed,,1781806703081
0xddb5723fa79f2bc6d568df719a0fe46a70daa045bcf32d359801b8fea40d0b23,,,0x8476e7ef78484a8486872ea1f8516562ebb75892cc4e13b575c292b2c40fddb2,0,13618237,client_test_01_router_a_majors,0,processed,,1781806704245
0xadf4e865dda51842d4e7d94ff0c68df1106ee0ccb8fd28c56c725d6b96e5cf14,,,0x0c221ee3bf74b7655dfdaee9c039edc4aac611dbc6bf32e7ff7124487289a3a1,0,13618255,client_test_01_router_a_majors,0,processed,,1781806711198
0xa985a036e88e14ff38839c7feddd476c92a2471af2bb91d07af26be9b9b8f376,,,0xfd3210fbd386e98076be5f9dd756d7992a99e2a9583b88c72cff3bb421a03509,0,13618260,client_test_01_router_b_alts,0,processed,,1781806713306
0xc894da505545ee53c9b90dbe33090e72bc1ab131eae75912638ac802dfd397dd,,,0x92c8fa6e29937a599a91267003405d2a6b2bc38a3f17ede6e55979af2910ada1,0,13618265,client_test_01_router_a_majors,0,processed,,1781806714867
0x55cb747ebd539a4c177bdb503a4508266a2e0d88a4a1662ef399b1a862797071,,,0x31fb4967668ab881292dacb460f4646e071aa0b61572584459754da621ef6794,0,13618267,client_test_01_router_a_majors,0,processed,,1781806716009
0xcdf4e7eb3fc041bc92d1054760e94ca89963969e188b90c3e43f94608cc89634,,,0x547f8b84ce1692914caeeddeafc4c4f429c8a19e434bd6d8096d612db8357afd,0,13618269,client_test_01_router_b_alts,0,processed,,1781806716829
0xe2be9dd115b28d87c44acfce938f7de7c220b2e23bb86cb279edaf7ff60a4a1d,,,0x7d426710aeae07a249b6e6fd8c21a1940f08a3af10a5111e9d0449e3d97cf188,0,13618330,client_test_01_router_b_alts,0,processed,,1781806738481
0xb4db33cbc84d2638104397fd4a5a406936f31c5e251508ed5299b07299ab4c86,,,0x1e874c34a31532b0311577d7e6116c606510eea96a22df26f57c0df3ee401660,0,13618341,client_test_01_router_b_alts,0,processed,,1781806741815
0xcdfda09c24bad3119d2e74650770031b4199b31cfd9dcb36ddf6131de338c657,,,0x97913741a4a625419f5c1a8c52bda812cc0f61789b8d1e0637e47dc4b7c136ff,0,13618371,client_test_01_router_b_alts,0,processed,,1781806752280
0x5e7a5cff19466dcf50c0caf7e14eaddcdbfe003bfa52549ffe31d09327c7d3d8,,,0x0bebbd8bb56b2487afde816264012440ef17dee8cdae6eb7ff15b59ec1d542dc,0,13618377,client_test_01_router_a_majors,0,processed,,1781806755040
0x3b570e1e0ac2d73baf4f48bb54629742fd79ff02795c72976d9d546a1202aca1,,,0xb87c42c33108e78f77fad8823e106600d0ee2b797edcec6096222cf34dbc7ed3,0,13618380,client_test_01_router_b_alts,0,processed,,1781806755765
0x72d3a914bf58259a6db504bf7b9c331b30954e03303f62f2daaf0c256362096a,,,0x37a8e2802e3c4a6b030f19be5aa345eb08b0e53674b9c4469bc3e981692777d7,0,13618385,client_test_01_router_a_majors,0,processed,,1781806756979
0x2037da0f744adce5254090813835ba235747e3374b17a8ce148c68080732c64f,,,0x53054a6d0995a25d001e399fe04c4615d7578b41e7b651516399b129a0758b6c,0,13618388,client_test_01_router_a_majors,0,processed,,1781806758189
0x5554430c7f1ac4dd2e56122affa645ddee6ca873f8daae59dedf2ccabb207b6b,,,0xb98376ebf3a6deeca88e040cabc5368387df38105aae7ab41b5cf53c29a4c96d,0,13618408,client_test_01_router_a_majors,0,processed,,1781806764406
0x551327955cddb6d5454dc86d595af5044413139c76bdcd79609f2312434d7732,,,0xe1d864558e4df385554d23b825c22affdbf364f82d701b138936b2174db3db43,0,13618418,client_test_01_router_a_majors,0,processed,,1781806768206
0x8cc33646b506adc23763bf74be730444808c2bad9598e45b867b86a9a7c484ab,,,0x202c02953f47ac532bd701149e56fb297ccf996ecc42475be371cdf41333f665,0,13618421,client_test_01_router_b_alts,0,processed,,1781806769439
0xf9a1501ebbbcd52af44e9e25c7c3e1a29e124002419022857b03eed3329db892,,,0x96370c62ef3bb74afb8b2582eebd8b32a1f76f23f6eac485aa7b1fad4f684c92,0,13618447,client_test_01_router_b_alts,0,processed,,1781806779262
0x1241237e24c31abbf1a862935a5211c9c50dceccb3d4fea46ac6502b3b6bc8dc,,,0x31de1e07e2f6c74f0cade6922d7dfc59c2e209558f5664fba54253f5918c4bd8,0,13618490,client_test_01_router_b_alts,0,processed,,1781806795118
0xd7ffdbcf465aff20f99cc17a469674c166d29b75f17a6e7ed67f6cc8015c780a,,,0x0d8624a59eef97ac546effde1ba51b613cdb90d7a3b15a3442b98d75faef709e,0,13618492,client_test_01_router_b_alts,0,processed,,1781806795761
0x524d536ea8d39e4ecd45d01301de43f18dd5ac7642aa96f882a6cd8471c48526,,,0xb6226bfc8d9695b2a2a7c2ff5757e92fa97e00774b4d7b5ca5b5dde287f5274c,0,13618493,client_test_01_router_a_majors,0,processed,,1781806796257
0xb7482b41ebbbaa4e1417ccefc3190e3d0797ac710000153d524641d0a9e3f105,,,0xb686673632f6cc9e143bb0d1bd8225dceaf39ee8fe86050127b529e17d3cba72,0,13618497,client_test_01_router_a_majors,0,processed,,1781806797499
0x71d56d98a96f70d4fcfff22c61b0c2762bb346b778fc65542f546e6101ee6b23,,,0x79f9e6886832d3d480af8952d4e140f5f9fff24d0dbe21f9924246baa4ee1a91,0,13618514,client_test_01_router_a_majors,0,processed,,1781806803478
0xdf76fb0e3ca0252694f6421d314c22b62f6e6acdcd11ab6f268e54474b373fe3,,,0xe52ec918fb73b832178d46e0f9cebb96692ed09ba02e1fc44143247aba22fad8,0,13618519,client_test_01_router_b_alts,0,processed,,1781806806275
0x40ead469712e6003a681193adbb90bd6efd45d9c5661438dfb1b6efd91213ba1,,,0x1e87e46047878d89a30a44c1a7201ca1064cb94a0dfc080e57c2317cc6dbed85,0,13618524,client_test_01_router_a_majors,0,processed,,1781806807975
0xbf49b3cba1956c172036a1ea48d34f469484af57e2b8b54ad9c49d709118ef52,,,0x987c09e88db38e5f76960c3c9d87408bb3e08284ae649f56571eb7cd36b2d8e1,0,13618527,client_test_01_router_a_majors,0,processed,,1781806809027
0xd47b008660e936f39161a9096d27496cbbed8d0f298c761ffe29b9e5d3b909c7,,,0x47f90cb707acc33d924d6be84ea8635cbad845e73b08a0b771708abb5bcf45c0,0,13618528,client_test_01_router_b_alts,0,processed,,1781806809715
0x689ec21fbcc5cef2331b650f87b4b6746e8a2ccb616efec1ca852113984f8bb7,,,0xb2bea6b6b53c738a12b130f1bd71324aeb15136f8e006ff06b4e8a6e15c82bd8,0,13618593,client_test_01_router_b_alts,0,processed,,1781806833165
0x39f6e2d67edf42de17b72ea01ea1be51ea2bccd9c92e1d9377c6cdbe8e114108,,,0x818e444cc44eb5b71f0536ea51d1d08dbba7fffb8ac0b32e9050f565ca485ac2,0,13618600,client_test_01_router_b_alts,0,processed,,1781806836095
0x45e8a18afc6384fea084ab1160134099867081af8b805d77f0f7e67f06fa6291,,,0xce5c5e12121878c8308e1ed191a9fb11ef7f20e95bc70417a243230461118c33,0,13618628,client_test_01_router_b_alts,0,processed,,1781806846766
0x4d6e99a734fea3fa9053096a7ec45bd49b6002ff4c7fc263f7232a1359acb992,,,0xd8da25dc6fdc0764131c5e9b7e7b787c4633c55fa18b766c3b985da2f45c062a,0,13618636,client_test_01_router_a_majors,0,processed,,1781806849598
0x2e5573276b16f3e1a27b9eacc7d6fbb94570787e283b32e310c73fba8c15450c,,,0x4fefc6773091af63843a9a0479673d0e8aa76a16306a9bb872eeec58648f001a,0,13618638,client_test_01_router_b_alts,0,processed,,1781806850501
0x7ee90c219d11f01fd92a3cb5afe671e0ba4e0a3632652d6d7e1af83cd8db65c1,,,0x05daa1d6ea2f5b5580a4b7190341f4f9e05cb6783eca2e3d86ed4dbdde4a7fcb,0,13618642,client_test_01_router_a_majors,0,processed,,1781806851677
0xeaf0ce1ad3cb026aa55d88c238f3f285c7f6e571978c6b649ec1197c6e80ca5c,,,0x3bfb83c8a86932f017a0f7ba05a4f885962a62ef6414d34555655828eaae5a1f,0,13618645,client_test_01_router_a_majors,0,processed,,1781806852833
0x26b74fbf3a54af9c6871fe4fe2c9f3fd9a06fddc4e7975721260c156bb09060b,,,0x5c740e9a0cc4218923263ff21e831dbd5725289352a7439302b95f4ea80f1697,0,13618661,client_test_01_router_a_majors,0,processed,,1781806859832
0xa6f366f71c4198ddb8b98fca944717042b46e72513bfedf13a7473e839307eda,,,0xaa2d90731710f778e1f157b8b1bf348b555e99dfdb2c7bf27217d21dae6d4bea,0,13618674,client_test_01_router_a_majors,0,processed,,1781806863720
0x1d0c4cf859491e89a8f558806c530e40648b3715b305b51ff0dff28b8ccc92c9,,,0xfc5d8286857e15ffa4b4929e1a85207d93d0724b9151cf267f297e3831606e56,0,13618678,client_test_01_router_b_alts,0,processed,,1781806865892
0x536da92e1da1435a066557a309a7bdd9fe73250bbbb5ceda27dabd87cc882670,,,0xb965664dfcbaee97ae8177440f1e52be271bab3e2699a9c2caaf1683a4dae81f,0,13618701,client_test_01_router_b_alts,0,processed,,1781806874373
0x7d49bf67db9529239101d2489a06fe83c2bb73fb6f17f891417b66a9079b40f2,,,0xb0ff03dffb7d7c5e8686a9e012eacf5288c456fcd443b50c5a6e004bc7e4cb8c,0,13618745,client_test_01_router_b_alts,0,processed,,1781806891009
0x2916346edd845103a67400cdf5c9cb7856e151da3b7b71af1863e8348a165632,,,0x3e9669406001e34f3c9971dcd1fe3b1f50d17827a5d853ca34ba905eb6d6ec4e,0,13618747,client_test_01_router_b_alts,0,processed,,1781806891461
0x75b97a3a61f048867f5ef5fde09ad616d6af42614b9a83ba2e674896f8c474e8,,,0xb9a25de86f36ebce45d400ccedde5b2128b73284d8992c80315e54e56826cd52,0,13618748,client_test_01_router_a_majors,0,processed,,1781806892195
0xa31d739d0b44eb6c6721b177aa85483181d43976a2060c8aee96ecdce3873098,,,0x6ffb6cb6437f10085a61b1d31d05d385ce094ac59519755380fda4dbc1b9a095,0,13618751,client_test_01_router_a_majors,0,processed,,1781806893366
0x0d2eb8a0abcd0c06b03432105503ca244322f5f6f2017fd00201af8c60005b57,,,0x1f176b7523792ec3aee333e870042b8aa56a48670d72962421e34939ccfb80b0,0,13618769,client_test_01_router_a_majors,0,processed,,1781806899932
0xfa2f231cc0786b4da0027e0c6680286e9cb8477009218751694b9e4d04898a1c,,,0x08bcf270884199075bc41aa39bc15e81cf6b418e63bec4bbf090a5eb568e1797,0,13618773,client_test_01_router_b_alts,0,processed,,1781806901694
0x9d86b71f20d5e50191ec80a01b2ca75b9248487d3eb0e4ce1f06874507aa8c7b,,,0x75a59cb24e9477fee3dc88a370f763edfda5d86847722ae1e5d79f826f499a13,0,13618778,client_test_01_router_a_majors,0,processed,,1781806903581
0x2c214eb083de268fa77d3ba9046ba046c4608cd3a4cf5901b6e2761ba986ed17,,,0x247ea7dfa73d47a2897a119a6bf8a67df114e56c2a8f1183ee021032459df13a,0,13618780,client_test_01_router_a_majors,0,processed,,1781806904479
0x6f00ab25f1e5d93716686124c0b70dc527df771a083717ae0cabcf37a515eb1d,,,0x3d02504033fd1544a7c91c4f5e8ff9257728b5d010c4ee6387df15f4394c9e81,0,13618782,client_test_01_router_b_alts,0,processed,,1781806905304
0x1b9944d095c7ec91deb0fe3bd4ea532cf191f220685ac0600ef69ec32e93021e,,,0xd63b8245a31f1a9e15fff0de92be8b391365ea6f9114180dc36d8dadf37dcc06,0,13618847,client_test_01_router_b_alts,0,processed,,1781806929117
0x72961804c79e6e33cca72f69d2c655d57d5a0a769d68fb03df7b4c415dfa0075,,,0xd1a6f3955ca386d967f5c82b15c7abe671443ebbd532352b1f9d801816986472,0,13618855,client_test_01_router_b_alts,0,processed,,1781806932124
0x02945a78186ddaff3ddee232ca4d6f4ba87592c5a1cdb4bf15c6eab03843f17b,,,0x0953d6f37b9b532f1b0a6d0d495d787b29bf823bc38e2dcaa30e2c0db9613563,0,13618884,client_test_01_router_b_alts,0,processed,,1781806943255
0x50d4a9164fa880760ba137bddcd9a2efddef061b1473c5c42240d480c9c59de9,,,0xee4ca1d53661b3518c7b8e1a608b0bf643b15fc3ea5e3a00fc765d1ce999bb23,0,13618890,client_test_01_router_b_alts,0,processed,,1781806945807
0xa10025b147cd2a3fbf28b9c4045906af1d4085784882512653e2d29d0bdab1b9,,,0x885a7c15aa1745d2d2e923a694c08fb3f380cf5e529536804ac36e50a6a686d6,0,13618892,client_test_01_router_a_majors,0,processed,,1781806946336
0xb4b6b7aafdf72c8417dfbb35402d366464eb959a28546b05e0e96b0eb67356bc,,,0x0b751954470456ea7205b079823aead933944fb74e6a2e305baf58cb90f111e6,0,13618893,client_test_01_router_a_majors,0,processed,,1781806946756
0xfed00823dc3f78433290d15209e7cf1642c07486241c994a45b5f51dcb08dda8,,,0x73fe6c779aa2f04ccac56ae5d4976beaf27d73b70668fc94ac81687af3ceffc8,0,13618896,client_test_01_router_a_majors,0,processed,,1781806947949
0x73c4d516d3f823ce4228a69450d95325e002e07b2789609cd9656fdf99c32066,,,0x4f4f95e586651908b5b2832d156599169663b032e0773cee18c7731f4d29c986,0,13618915,client_test_01_router_a_majors,0,processed,,1781806954254
0x603d2842d5c958117f2921f9870aca3dff4826efe775c9829e927e58cf809244,,,0x7fbc37709787a80a308a70c2fab5c25380495e1b54f9ef5302fe01693b9c1185,0,13618925,client_test_01_router_a_majors,0,processed,,1781806958019
0x92a7bef677b6e1a1bbdbb5c5f36294252803d95809cdfaa0a01fcbe084762480,,,0x4d33dfb65ce2ecacbbe019a01fb57deda91feb252df331eebedf5f1596f05ec7,0,13618928,client_test_01_router_b_alts,0,processed,,1781806959254
0xb6b727aade539604fb1d4fa2e02e7d12907594157cc81273ee83b18e6201c84d,,,0x8ff9c2a5ed46ea887d697e46fd5abe19310867dd47b2c8326087e7b242577fe8,0,13618955,client_test_01_router_b_alts,0,processed,,1781806969538
0x653fd7fbaea10adc74416c14672fa3d4597b98310b756ecadf5691ac1c396a79,,,0x306e54a21971d59fa21a1fdc34158a5ffc88cf722e4303c2f6a850d693540876,0,13618999,client_test_01_router_b_alts,0,processed,,1781806986462
0x3b62e169b24dc7f971f1dc8748414b7adc153c3eecf4335b448b40f5e4810e82,,,0x8eb8d79bb5a4d9c431478a848161942d168fee31d09111fa67639420d524ef3d,0,13619001,client_test_01_router_b_alts,0,processed,,1781806986834
0x22e847c6299244367fe5621cea85490e96ea61115a61445dd8c71c0ed88758a7,,,0xcec64266b20a7f62c0581b605397ffb1391d2f71c113ea61879e36fbf7fd16f8,0,13619004,client_test_01_router_a_majors,0,processed,,1781806988015
0x5a1f8ced7407f905dfceedf51f5a728fdfd6d52ac8517d3af132b86e8a28549f,,,0xd8fe6db50ec2c53570e76130f74306f45aeabc8d1bdd33fc54d6c7fd45625e44,0,13619007,client_test_01_router_a_majors,0,processed,,1781806989204
0x8a96fba18ef373e279e26496f13f1c928fcbc3218c72f0cc1173cc2f986f4583,,,0x962b976f7a936af15b110b77c5dd9d27cdc841065d55232cd85cbe06dcf5d614,0,13619025,client_test_01_router_a_majors,0,processed,,1781806996304
0x09422b4327967db8f64055080e3416a17fc3f6738c7397504363f197e49c0319,,,0x14da83bc6c9f1cf6dd48b8cad4015907c156f7b0bde68a374905b11df8d0d025,0,13619028,client_test_01_router_b_alts,0,processed,,1781806997036
0xe724128c10b7b187b06a9344876b7f71773ba14dae06e78463fbbd33cb2bd93c,,,0x2a34fccb222970567911c92df6579942fd9f142cc0441b4a9efb0fe8fd63c468,0,13619036,client_test_01_router_a_majors,0,processed,,1781807000116
0x30505de31a70d3be2e983778ff39de774419cd2d3f7ec774001e2c724c758a58,,,0x6fd61eafcb1daee05b287fae17a8a43042c391dc247aec0cca233c6b6fcdb9c7,0,13619038,client_test_01_router_a_majors,0,processed,,1781807000827
0x457db5984cbd2f172c889aca837abe67f6f6decf76ed54022936ee7104076f6b,,,0x5289a8f8f4745033086d3bdd959195a6a2df34e7a24cecae1c4c3ab57512a8a2,0,13619043,client_test_01_router_b_alts,0,processed,,1781807002011
0xd3d7662fef2491b15987b0662a04734f4fb846ad95adece9b82fd3814eb80b08,,,0xb98d34383064e4916d5534854530c63b59e2c5a7e9d3bee5309c641f9c53a152,0,13619106,client_test_01_router_b_alts,0,processed,,1781807024106
0x33a58ae4cdf588f36eaa12952f1fce13c810f6d485b2b62793e6c96d9082d14e,,,0x5a86eef78bf0d72e54c7ce56210f7f17df0ab491310e6838d9c2a94adcd06fae,0,13619117,client_test_01_router_b_alts,0,processed,,1781807028293
0xb26ea62e98876c5320331c1155149e3c92d6114b397a003a9992f6a81ce6ffe8,,,0x5c7bbfe5e36c4804923de34ac3aad983f19561ae1cd06375f3477d3d70b90b93,0,13619144,client_test_01_router_b_alts,0,processed,,1781807038025
0x37c977637fcf7bf49a1b75ec3cfb16e2b995dab19d202356da22642277c22d68,,,0x306504d6d1c0f39925df925bfb133b1a78780ee57206c28c2d157d28efc0bebc,0,13619151,client_test_01_router_b_alts,0,processed,,1781807040232
0x2089a614c24fd94c96d27e8628c8cb03110f43f8cae3392cda1be039b7e2ae8d,,,0x2c0ca6b18229ab6cf33ddd48f399ffe13236228cec7b020ea2ae930bc0427506,0,13619153,client_test_01_router_a_majors,0,processed,,1781807040741
0x7f31648b589831aea7b6d4ea18d7c11cfeabc194038d145c30015a9dcac92ed3,,,0x3f3e918449674c47821c27fdaf008ae2443e2d49e20e8c55a66ae7b73a8866cc,0,13619155,client_test_01_router_a_majors,0,processed,,1781807041138
0x9a26221d6bf8bac4d34b37f9d781c04178a21587d516217d5463b8f6e576b97f,,,0x8011eaf3794a4c62a6168341b1c8f5a1fc8e01a0634d2140c63ccdd4c53840df,0,13619158,client_test_01_router_a_majors,0,processed,,1781807042369
0xa47a445daab708a60effb2acdb99e65e0c83c2909e4938b78ea06693e985f83a,,,0xe12454e703bac8afa5e2f60b62f9e7105afea477c5096d742d32c74b02a58d87,0,13619175,client_test_01_router_a_majors,0,processed,,1781807049405
0x0796274c3e407183c9ce88f73ab90d8001766df5299bfa4ba9db5a89ac518ca2,,,0x6371ada7cab551fb70700dd3051e60a26eb164bcf74a6759fd631d0ac8fd9429,0,13619185,client_test_01_router_a_majors,0,processed,,1781807053224
0xbf0b2966714411cbf85e525233162330568419300867bcbf4b26bb1c2ec7a870,,,0x3c5c51ddd0b30d6469276db6b87a9309098e019a1bbc5f58fb860e22e6569642,0,13619188,client_test_01_router_b_alts,0,processed,,1781807054936
0x118ec757280b1d9633d82bb9851860244fb50de7528e57ded4fcdb9f2f7ec6d0,,,0xbed5ee2355fa27d6b9814e3aa8e6b5757efa6883b86ca7ed916a163147d6fc44,0,13619218,client_test_01_router_b_alts,0,processed,,1781807066199
0xd036008b3b301c865ae3b75191bff891248f71e7a473599defeeab96f43d71d0,,,0x45051f03eec8114c2897dfaf0f55e050197d4a2351f38e3bf7f1235943d21b7e,0,13619262,client_test_01_router_b_alts,0,processed,,1781807081724
0xa2c391a159f7ccfba7207a3134460549577c9c5f32c6e986172167e114c84c0a,,,0x3865259974718e51ab028d9b706b2e6ad0595ca74c0e162afc63aecb59b03522,0,13619264,client_test_01_router_b_alts,0,processed,,1781807082295
0xfe34fd8eb905028efd408dbb01661f4966842c19f9a0eb00968e66f3067fe55e,,,0x4ad695113a550eac9b82bf6c4cbd0fe8a816dcc721237a4d9ba7495882e2795c,0,13619267,client_test_01_router_a_majors,0,processed,,1781807083526
0x2054febd1ad40234a59b2bed2075a628373f00a8726c59168f36d5320e9b2c8f,,,0x832e3459854cfc22f6c0df83b4d7bc1a5b22b7ecc89a800503939dc641f008c7,0,13619270,client_test_01_router_a_majors,0,processed,,1781807084710
0xd90dacb073c51a8b9bfb4616e3a2efdf28a3d4df11546fb932b0a52e2192c1c4,,,0xa15639c785a02fa645b48c9ed1029c1d42619cb9bf1cc655a40ef609a03a8cf6,0,13619289,client_test_01_router_a_majors,0,processed,,1781807091365
0x3bfd0f35dee81a35bcd7807c7e60a59078b881da02121da739a2415b8134dec1,,,0xbba304cf1c79d2971c263544bbc1a2eb63379a7e1dd0006a4370a9f80cd99b0c,0,13619294,client_test_01_router_b_alts,0,processed,,1781807093248
0xfc56e022a816af15499115e1f97fdc3223acf23ac75502276148f78ccac83f66,,,0xf59c414350ba781ca48a2938babc5f32b04e1fc2c5e0463e7067f1c5c23d262b,0,13619299,client_test_01_router_a_majors,0,processed,,1781807094981
0x529f2a13aa74461eb852460cd385528592b8f8070877dde3ba4ad0d05b55d16b,,,0xcbda9ba23eaeff3721a92d1167f0ef62e94afef99f07d58aa0d35d39858c59f6,0,13619301,client_test_01_router_a_majors,0,processed,,1781807095928
0x6a72a048dfcdb6ad32fe65c92854fc4faec6eecec7a295aaba37c57d485ec10e,,,0x0996ab8685e9fa37d01649650d46909d6d561bd6549130f715ca7baf9e69c15b,0,13619303,client_test_01_router_b_alts,0,processed,,1781807096723
0x2d65d58b764bb1ac9ac6fe35f9a29dddd8a664da678c7fd985bda1cfd43e2e4e,,,0x28bbea09d103a606484fb489b22a464a6b8fde54e74f0a7edff8163622fd479e,0,13619367,client_test_01_router_b_alts,0,processed,,1781807120943
0xeb06bf929b71a9c00d2df7b3445a2a9341b8552d0c98349e08cd0b41f6c82d12,,,0xc6ce90f47b4decb0d8a983a0b0722708275142584a54371d3dab994417f864ad,0,13619375,client_test_01_router_b_alts,0,processed,,1781807123893
0x198ed62828d51749091361247ce98ae555958759a6c9db80778e6be289d2c730,,,0xea65238c40fdde46254496fd78546e37a06f1fc8d95977bef54bd4df79757328,0,13619401,client_test_01_router_b_alts,0,processed,,1781807134102
0x5005532349ecc1c7676d7cbb7ade0008fa47ebdca6cf7301553dc28ff7b31b1e,,,0xf12243a1801edb2e9cb024c7830cbfa04b149327bee7d753c8d76763910aedd1,0,13619408,client_test_01_router_a_majors,0,processed,,1781807137110
0x2a3d523df0d7c13f24a161885cbbc7d5e31a57881853f38f65ac1fbcf1ddeb8b,,,0x0ee6d1266e6754ee5b7979b0cb024cf272035ff4b8d1c7d4c949f2a1769e8072,0,13619410,client_test_01_router_b_alts,0,processed,,1781807137565
0x106ecbbd377684680af3f2d1915e8cff5d28c5734e42f7eea25a7c4c4fb3c38d,,,0x098c9c4e292d788190fa0519d2029af49038608ed4647868b7d3eee53a9bbcb2,0,13619413,client_test_01_router_a_majors,0,processed,,1781807138758
0x79c267b71124837edace17e5416ee98b916d36ffeaf2d4c2d651583a8e1f308b,,,0x6b21c4897e6e486ee82f6ff40571033f03998d3ebcbbda7cda94f29851263311,0,13619416,client_test_01_router_a_majors,0,processed,,1781807140075
0x21b7942b0d153503dcaa847e531800b309dc82279679d424be48117a9bbea379,,,0xa0aca35514a97888f5f43750adfc03bad26eab808d2e82b7495857a555693d94,0,13619431,client_test_01_router_a_majors,0,processed,,1781807146270
0x9dcbef24bddb964701da7d27df8443f3e9836eb51d90cd33a89f652c1fe8b3a5,,,0xd2f5fe76eb7843b13320a04bb20e5826a631b46d6959570ced237df9be3db51e,0,13619442,client_test_01_router_a_majors,0,processed,,1781807149973
0x5b0e1364a827b7821592ac6dd595d209dc9d1dd56c186419cfc5246cf6472770,,,0xd9ea65018c9cb584304b068fc90adf8e8aab57a5f922e38c8ff3ad69a3bbaac2,0,13619446,client_test_01_router_b_alts,0,processed,,1781807151118
0xc38e710db8a449a78c769a1485c49a098fe24df7b61696a827021d140fa45afb,,,0xc2997e130d31095b099d15b4f148f547d1d51b10875c8e60ab52c3b333751bcb,87,13619474,client_test_01_router_b_alts,0,processed,,1781807160349
0xa11278ac1d42e856da30ae76d4cc26d9aaccbfd5ff13d8aa294813aed6d09afd,,,0x2c151969a862cd20061ebf6878d9a582889a9a5d14e6492471eddaecea919cb4,0,13619520,client_test_01_router_b_alts,0,processed,,1781807177397
0x398006d14f369c3f6ffe52926e4429e5abd9ed81708c1f4e158fd565ca6edbb6,,,0x45a8c0aeb7c256a1378aea90975a228cd7373b74992567dbb3525d85a3ab3b45,0,13619522,client_test_01_router_b_alts,0,processed,,1781807177841
0xcceab03dd5a58214b22fe60c1897c62b4faaa04e31a1763721f9a09d480fa9e7,,,0xae7408a882522086d2ca7b775ec39681e85b8ed34d1d26b626087976fb8d16fa,0,13619523,client_test_01_router_a_majors,0,processed,,1781807178606
0x88986197e2c0fa1f21cb292e97b4c8a20ee4da7a3451121cef260bd324cf8145,,,0x57ba7908473eca8cd6dec58911f2d3fc364077232c062c67e7a40ede909a8ee8,0,13619527,client_test_01_router_a_majors,0,processed,,1781807179842
0xd52cd391eaa50871fd4db9e67344fb98a06cf0798f7525edf0900744270ece66,,,0xf28d45256ca663cdacd88fb67692944f1d4c8e93896c8df429104e1f8daa1cbf,0,13619544,client_test_01_router_a_majors,0,processed,,1781807186487
0x037c85d2b7946b7217863d49320a0c38368e62b358daa0d531076260cec6b600,,,0x91349b03692234ae75f1d084adde96bb904ec78c55e59f862f514cadf8838f0b,0,13619549,client_test_01_router_b_alts,0,processed,,1781807188539
0xd2c066520c217a280e44fd4ec94b46355a2eff641c12a423744f117174f8cb78,,,0xcbe4f83a7063fc00f71f371ba6f9685acb213f411cc96ab0480ae5747e34b354,88,13619555,client_test_01_router_a_majors,0,processed,,1781807190328
0x0f3b2e60a42533726f8c1dbadd1bd38b423580922c08e5fb678f0d59c5e927fa,,,0xf702e76cd81a3045eaf7836f27b6247e91d4cc6a806459b6fee27295706e0821,0,13619558,client_test_01_router_a_majors,0,processed,,1781807191264
0x39d1537d2569be47f783fcc7c40e3480b20b633c943a1fd3c29c6a2261627a5f,,,0x06bde7110d80d422f8a86abe82af454b6384d6ffd12720f87ac9d7c084cde000,0,13619559,client_test_01_router_b_alts,0,processed,,1781807192045
0x21cce5d557ed520da4050ae9e81ed94c6b217ed86c94859cc964a887dd331382,,,0xb04965f60cb0c21e31cceb1652d2251c0baa24262fa14f6823633da9d3369d71,0,13619617,client_test_01_router_b_alts,0,processed,,1781807213807
0x4e11e5e7a5a38601c08f10f6f47bca6f81e9d283f32f00479594246479c6e336,,,0x39bfc4c05d3a6cbd008d81d4df79c04f87b19521a600e2e12d9640a7d0925e84,0,13619624,client_test_01_router_b_alts,0,processed,,1781807216718
0xe250b1ebf7faa568e2561837142b815e5303f89618e274925ffafdb7312cb363,,,0x2aacf36e66435f28902dc5ebc9c66fcde3c9a2435708a148e9bff8806f5ce889,0,13619651,client_test_01_router_b_alts,0,processed,,1781807227566
0x9b3625c470e42d3e272159bb5f115f60b437dce05e88628075da6ad76133778f,,,0x618e33aee4d4118780727d2484de71fc507fd4b0900e29d5ccbcd300a1b85d99,0,13619658,client_test_01_router_a_majors,0,processed,,1781807230359
0x501abddfa1e7744fb4063e6041e7e1c3b15f0841e07519826bb3adcbbffb00d0,,,0x726ecc89a53be261ecc473babad95c03364b94a4669e6408de47e89b6b33928a,0,13619660,client_test_01_router_b_alts,0,processed,,1781807231145
0x8e4ec2ba4835ae735921d2aa91932a73787a834a6366f4b5a8f5b4fcf6b9f908,,,0x39dddcb4d53f2786c6df01e6fb6ae264d7c44bc81cb7659e2a71ce4d16ef949a,0,13619665,client_test_01_router_a_majors,0,processed,,1781807232438
0x84c20862ddf086b2178dc33f0d4b7d725a2b34a7eb2f5d064db183e1838a057b,,,0xb162623a8f6b3de9d7f4d5c7da072ed1a54b11439c3d654ca8c1400f738ae06f,0,13619668,client_test_01_router_a_majors,0,processed,,1781807233745
0x9a61279bd23290f33c2df0e26ed14a6115f0a28e5cbd02b449c7bbececf5351c,,,0xe3016c96e71a4ab42690699c1825f945603a2c82acb31ffcabdaf91ede91e6ee,0,13619686,client_test_01_router_a_majors,0,processed,,1781807240108
0x8e9262ee2ccafc068d72f9b3a0d362078f657975361b00c41296724993259394,,,0x9371923d08f9c9ca0934ce4e7f8e85289713151c63fb8bdfb4d5ad4926e9f63e,0,13619698,client_test_01_router_a_majors,0,processed,,1781807243867
0xc9a17e87e1d7d9426db36a94f52d69871b6de0aadc326fafbb636ff1713d7a96,,,0x038fed5e9bf9755cc6c3e5a79ff03a34fb78cfd7c6fe540513fde08a0a580f58,0,13619702,client_test_01_router_b_alts,0,processed,,1781807245631
0xe57465407a5158d45698c54b8be25af64d0118c4db7e846cd13ab4aab35fb019,,,0xf01512c23ed75dfcc93e8e9189b628841b135624638b7cd18fe7ae6065ef22a5,0,13619728,client_test_01_router_b_alts,0,processed,,1781807255010
0x288698901d375ed98014ec3895bb394df2b3db449b1c276b9b79c466a282d564,,,0x72227c187055c53ff7b1a606e19397842852bc94a4419e3d3574d779ad34dc5d,0,13619770,client_test_01_router_b_alts,0,processed,,1781807271217
0x4cdbce2b2453c7bbfb3a2996ee63a49cf6e22c21e7a862a906fd3acd65b1dd27,,,0x2bd3cb268d821f944fd48a59c3fc63b1d1f76c1689103afc041bbc6d5ccdad97,0,13619772,client_test_01_router_b_alts,0,processed,,1781807271966
0x3e14de043ae1d503700b3ae66ef24a7daee69ef577871285a6388d93f4e20f11,,,0xe2478c3cf3b17643b1b79f7a537ecde56158acbb7b17dfa9f81be9f83c7f6fcf,0,13619773,client_test_01_router_a_majors,0,processed,,1781807272416
0x9198ef49749cd33d44830c139136d52cde80d39b8167f6f3fc68621930d59e8c,,,0xb1b6ed18110e442a3c6e3bad0f2797a105fae238e48552c5986cee5830747e52,0,13619776,client_test_01_router_a_majors,0,processed,,1781807273546
0xf38d529fc04721ad7b40509a08b07d48ffdff397cc489c8f581e42bfcfe808b8,,,0x32c71f7f06f5dfe980080503497305801b61eb6367497406488f05292fee523e,0,13619793,client_test_01_router_a_majors,0,processed,,1781807279839
0x29b1b347db55a85c218dcf0b65c1369eae9da7e1da08bac2f394c506a4d2c2be,,,0x232a893888ab6961983fe26f8984cd5855caba9c0f73dd17abaf45a64399cbab,0,13619800,client_test_01_router_b_alts,0,processed,,1781807281740
0x029affa1a3c461faf6fedc78b66c38091317df9cdc7a5159f43a1cceaabb847a,,,0x0caaec3cf94da221909ecce112747e7ee9a16cd95ccbf1cd48640368d501f635,0,13619804,client_test_01_router_a_majors,0,processed,,1781807283435
0xd34946977292aa3d5f18ffe90b89a059c13d80c0cb69a5f486fd04d745b2764a,,,0xcd2bba613647e3852f7a901256f668a257107b58ff2817ed20175771072df97a,0,13619807,client_test_01_router_a_majors,0,processed,,1781807286009
0x7beb1ba9c03fbb5ecc34d91fb215d7f9b207bc646530541a79942f92ede13dc8,,,0x162e2963adcab31113fe69c5538beab7bfeab383f48858796069096616e8bcf0,0,13619808,client_test_01_router_b_alts,0,processed,,1781807286500
0xd7d440545cdf1db1ecffbe6208b57dac12e224b1635866627abf26418ae1b1db,,,0xfa6de7fa2fc9a8cc8797826cf2890af97f81190802e035e6d1811acc2f1e54f5,0,13619869,client_test_01_router_b_alts,0,processed,,1781807310426
0xec49a7771d68a23865aba44580dec18fe09294f3b7dc133a4920f6e791c7bff3,,,0x2d562db4d81ef1d81ebc619cda5b8ab24a4291790a9406858b2ac685334b088c,0,13619879,client_test_01_router_b_alts,0,processed,,1781807313407
0x01779c8020e4e14a4036f945b7c5a7c9ad80987bf98ca2158c516f0366a382e6,,,0x3043d349e10dc9ffe1f2e23ffce50f521ea6b60d18d6b98ca84beb99b9b8983e,0,13619906,client_test_01_router_b_alts,0,processed,,1781807323041
0x36a68456c6a49886f757f8919466c7d5e92fa877b71eea286e2f9e60363f8671,,,0x45397e09383d704bc4206cfcfe8de8f90992eff7c5ec62ec8156f25e078974c5,0,13619913,client_test_01_router_a_majors,0,processed,,1781807325715
0xe841f1e5dfad1954e0bc42aeaf2b595685d6f3273149a83fbcd0e420099014b6,,,0x22db9dedf9834dcc33e95f59fc43e3cdcc548768bba56b911ee8937eda603ca3,0,13619916,client_test_01_router_b_alts,0,processed,,1781807326460
0x2cb24b0b5e77a8c5affa3c0c6c269832aac0ee095af73a3f33db0d3d5727e502,,,0x501838c3c14c4c6fbadfc5f61cd38d143e231e5f402fcf452ca78f7fef7d51a4,0,13619920,client_test_01_router_a_majors,0,processed,,1781807327666
0x9046d9b080e80f33de1dda742105a71c3a98448c03d2bac91c4c81761b7c91c9,,,0xca1fb175d044ba75f3b365d14090bb1adce7c9201fdd9f5523194c6fc87780f5,0,13619923,client_test_01_router_a_majors,0,processed,,1781807328901
0xc4d76ae384b83e8647ebc5d530eb564dbeb895ce92f67aa5237debd44513b8b8,,,0x5c97b5512cbead15df6be36b902074b0506ae6b3506ac587b5b4bee670b4ae7c,0,13619941,client_test_01_router_a_majors,0,processed,,1781807335158
0xc54d310005fed0ee3eac278b3f8cf4685d0aa9e9511d69b95d4dde018071b989,,,0xe6171bfbfd26f59f751b8ddc67ac90e2c5dbb368aca557354b8373a35b2c286d,0,13619950,client_test_01_router_a_majors,0,processed,,1781807338934
0x991bc05ad54d5b4a91b84664f676a1029bd6c126f6afffaf61ff522f26191778,,,0x293372f5fa5343839deb81e4273dd756b99639749229493178d927f4124139b3,0,13619957,client_test_01_router_b_alts,0,processed,,1781807340710
0xf4f0dad77bb83cd8a1e01b443943363f739aa51a2ec826b458f8cfc5e23850b8,,,0x014627aea98141da40ed4cfa6cdd45ea9176dd12799567e1035bc3e79a895107,0,13619980,client_test_01_router_b_alts,0,processed,,1781807350570
0xeed723041e8c39f328fe4aa613aeab2e418f0955a5583bd8daee73f38810ac7b,,,0xbaff19f35f0381eb95518cf1db3979952f40e0d45b9c4262189afa16b4c6d176,0,13620024,client_test_01_router_b_alts,0,processed,,1781807367248
0x67da45109febfa7ae8d2038ab2e8455e3871e81457b75fac75ef37f1c05a6540,,,0x562e431515f1a4c0dcf32405c435822f2704cde37602cbeaf531c20de491052b,0,13620026,client_test_01_router_b_alts,0,processed,,1781807367664
0x2877fdd6c66f72249cf9495275055c12c9727cc0864f8cd99e1c0856b8e965c9,,,0xa310797364e42b4a14d626594bf68d16f6d98c00008a2dd1977087a067055593,9,13620028,client_test_01_router_a_majors,0,processed,,1781807368468
0x1740988f9143854777a8a4f79a2a280ce09c7607acb62f27eae7e2589900a82f,,,0x0d125f24ddee285cbf1268baf65286e5989ada8e38d9883998734ee88de7f5e8,0,13620032,client_test_01_router_a_majors,0,processed,,1781807369747
0xd8e60e4492bf52affd4674a1200395658f52b81d2575f94a25ce2a0b3b7c8111,,,0x73ad27faf52fc8784dd0eb3390b4c95aedc0117f0c22444ddcc04d0cefee87dd,0,13620049,client_test_01_router_a_majors,0,processed,,1781807375992
0x4a57609aaab95dc110b50126bc360ce851682a20cd7539a415ecc5f8dcebdbd9,,,0x0f7e91f6c0e5583b907bd31316d1abc86d6f6c03dd4af122c8f923ed352de1f3,0,13620054,client_test_01_router_b_alts,0,processed,,1781807378165
0xdc2927617e7304e4a72b271b2ba7e428a61754a35b121057acbce4e3502877d7,,,0x08153d9df48ed3a9d30ae5187bd8855c235c7a099c9485174aeeae6ec7a6c148,0,13620059,client_test_01_router_a_majors,0,processed,,1781807379826
0xeefc0204791dd40065682759202718a91f549fcdcb7f852ccce4d9d5dbdbe324,,,0x2983baf52c57c8576b0f5fc31c9fe36ec52cb7c089435eb01574766b112332ad,0,13620062,client_test_01_router_a_majors,0,processed,,1781807380944
0xa2b735bded29c6eb8c0fc676061ada15a50e2601187ed796c37b9d7fc4879fc4,,,0xb43b9be428e4b2c5d4c5fca9053d0ff4fe67721c036429d9b206333a5d937513,0,13620063,client_test_01_router_b_alts,0,processed,,1781807381572
0x6df8a7d1d0dac1f5186300bd71e4b6b1bb44cfb893466b5449b2b052a9fa0dd9,,,0x700ef79dba5c4170bf95825fb65cd4ec593e6c090e2c04524446e577d0cd3725,0,13620132,client_test_01_router_b_alts,0,processed,,1781807404672
0x651a6b4723acc862b4e7e7f2b61bd65285f876873e6d409812c950b69f09db7a,,,0x9f38410691cc26c9a7201788729350db66441218d0da236656de7e1667d615ab,0,13620140,client_test_01_router_b_alts,0,processed,,1781807408311
0xba3a397807b28b75cbe431d4d4bc7b7ab8bd1ed83fce3d6c47ce18d82a2165ae,,,0x55d9b37a220d40a46335fe338d31485cd3b82dc013e57d7b9cbbd7810defc17f,0,13620167,client_test_01_router_b_alts,0,processed,,1781807418244
0x6c19f33499b6b655f38e7eb9bfd20f37c1c2d8f798f26bc09803b40dbcb154c3,,,0x099eb2d0b0f5abaf6419684fd1c686c4678a6380e0e1987d0415abada49421cc,0,13620174,client_test_01_router_a_majors,0,processed,,1781807421039
0xbc0d4ed59bc051d66f495178913b8324d2fabcf56f1742df3de31d403f5ba45e,,,0x6afa87642d720336c895cfc4e334ee370f4264354d0bb7e2fbf02c81310f50fd,0,13620176,client_test_01_router_b_alts,0,processed,,1781807421474
0x03f266a0f351d05640ea7ce010a433c52c799f72a6872303fc98f4ceac400058,,,0xae1bf409466ac62f5b17483491f2abff4d990f40655d26ac38222660c6f7cb2a,0,13620179,client_test_01_router_a_majors,0,processed,,1781807422690
0x562aa9f9b80ac231c3364e227bb0ca5340845aaad82e177b078d214ec178def7,,,0x0ca36efc4c7d82d76fc153f2eee0178dabb29556be14568c963ce8b447c4c78a,0,13620182,client_test_01_router_a_majors,0,processed,,1781807423917
0xc61790c84be53142b4a4f008ccee7b3f8010f094284d0f639f9b20c806527296,,,0xf72c6c06a89cedeca1d882ef1dc9b35e096ec493d0f71e012fd2d2e5f280edf8,0,13620198,client_test_01_router_a_majors,0,processed,,1781807430347
0xf6a5e6f64b618609df3617af85c44e2a92a05b4c47eabd5c85a54ba682da2e07,,,0xa6883deea9ad735cc67487cf0247dd48ebd36e0b68e1f6268a4f08f8c6b91be1,0,13620209,client_test_01_router_a_majors,0,processed,,1781807434205
0x4896e303bbd42346cecc26163209d1c14798f5192d17e3d64dc41f5476c4578f,,,0x9e3c0c073ccfafa1ed0fdf9bdee650abd2e34f2a7d3de20347de750d43b54c19,0,13620212,client_test_01_router_b_alts,0,processed,,1781807435437
0xc087cd55ad2ea98c7eaf3a47ce4ebc276d12c7e74a21e9288b4180954c1df268,,,0xfe0bc931d2feee2aadfa3098acb0676e6edd41a18cd2a96b5fc27fd1ef377b13,0,13620235,client_test_01_router_b_alts,0,processed,,1781807444688
0x420604a685f2f8c8261ad5e27d58aa9ec691dff13eb717798c060fe47471f6b3,,,0xdef43353757554c033177b662472157119bb5e8e9b70350aa33c1f69a451ecea,0,13620281,client_test_01_router_b_alts,0,processed,,1781807460483
0xf909517bc731e0b08a05f08207a80497ad61acf6e39422d5ae7770021fc08fee,,,0x93433533a45ac6b6730fe8cfa96ad6e3d196e1dd932f7164d521845a61f018d8,0,13620283,client_test_01_router_b_alts,0,processed,,1781807461173
0xe2a1f53ce1110d152b2494ace307d1e98bdfcb21fff299381c5bd103958e480b,,,0x5e794c64138b97f62be3729a2de20f27254412b3eb6a621b41858da3cc85efd4,0,13620284,client_test_01_router_a_majors,0,processed,,1781807461705
0xe4aa6ab19ca2483c883899179cd3ddc70cd87efbaa2a0f0548119f5c282453be,,,0xa1c2e3613dd0792a25ecc6a00448f57ec05c678a6ff679a46276f65510ec51b1,0,13620287,client_test_01_router_a_majors,0,processed,,1781807462944
0xafb6569ecb9f02bd12f01979d8550d5e244a6b2e42fd62681fc0cb7822059026,,,0xf6b172ec12290967a04c999172fe2d21ac349474c8e489b323a476d2815e7961,0,13620305,client_test_01_router_a_majors,0,processed,,1781807470563
0xb3b825ccc421a9b07904552c43296390d6f6e648fb1c8cb4233efcb82cace355,,,0xfd49448d9977ffa565d459a27607a13d182c849573809929c39e34d04cf99efe,0,13620311,client_test_01_router_b_alts,0,processed,,1781807472521
0x5e278304a6893c9434e442d7374a71a55d668e1ce318b042a238d5d278fecba0,,,0x536c125c4b3735d536334947b165e43326458037d2641627617e955ce2c61d86,0,13620316,client_test_01_router_a_majors,0,processed,,1781807474321
0x2ca08415918c7b705fb0df6b3788a206fb7b59d3ad3febac3c3b789aa2184332,,,0xf89668e83b04e9cfad978c0b4dc02f68b5ab0e141e16be94eb8e63ca0d76522f,0,13620318,client_test_01_router_a_majors,0,processed,,1781807475451
0x58f8d562e6b33c8ce97a1bae01e9574d160826479a3f460b2f1973df7edd85bb,,,0x124c1c147f7d2459adbc88a612f2cfe2384d20e4d038c55117dfe2ed72740f87,0,13620321,client_test_01_router_b_alts,0,processed,,1781807476045
0xaa99ba5804be3300e28749116936033c0f38406892a513a1a9eccc1a754b3ca6,,,0xefed1fdbd25a2888355f0655feb3aba29a7c859223c10990d4888024c736806f,0,13620389,client_test_01_router_b_alts,0,processed,,1781807499188
0xc1163be243731f68f5c831ba082cef0e3ac8ce4cb7bec7a216fbc7d7d6ebf991,,,0xad923fa9eed87089ac06451049b0c6aa265c8f3f7bd37b9e7a47d45cb135ce40,0,13620401,client_test_01_router_b_alts,0,processed,,1781807503348
0xa7d0c4fd0e189413bebff2a369743197a8c789455d9fe8d4be17118d9788da57,,,0x334a03bc4012f12f3089489b4018d61600dfdc062dff1a65f01b797cf7ef0271,0,13620427,client_test_01_router_b_alts,0,processed,,1781807512997
0xaf811883108ac5cbc61b6816ef87f6e11299495c1e7f5f9374aaeb85b81c7973,,,0x40816f3e13b4d963cbfe52bc1fd2e57469451de03af29c4f2c6e4b0bdad9b783,0,13620432,client_test_01_router_b_alts,0,processed,,1781807514712
0xcc1df013ab392006618dcbca612f2c8903dcf9b406f1627f285af4e3e607d803,,,0x5dab950d6f2fa15247443723e5e5e15c41569b439cea28da80e07cf2b7f93bfb,0,13620433,client_test_01_router_a_majors,0,processed,,1781807515573
0x8b8888ffcf94ec73d59d3c2988b243bd11fc45572f04a8af92af27af41789c77,,,0x2713fbf40ff486cffa47b3d609af25fab2522577a258a171d92fee922e1b61e1,0,13620435,client_test_01_router_a_majors,0,processed,,1781807515939
0x2a74e89e2a2ad0cffeb5cacca54637a6f0b0889dc2579a3cf356fff5d92a63e2,,,0xbdcb62a2ea9b2b47480874f0d5ceafd32e451a0773ab032fa90549b229ec57aa,0,13620438,client_test_01_router_a_majors,0,processed,,1781807517141
0xb5b37ea0a2c5d5d206ca9191984809418414681928f62b910e6c0827152c8e28,,,0x27e27464d5502979e95ac3a99c66ce09ce22d94b06f479478ef47b6657a0c58d,0,13620456,client_test_01_router_a_majors,0,processed,,1781807523351
0x723508fe5532c535f3ddc19fa085f124af9ecf5d85edfa8ea0d4407a3d404647,,,0xcd4621659c14141bdb07eba3aae3490a993ab4f557de2242594cb28f034f4a48,0,13620466,client_test_01_router_a_majors,0,processed,,1781807527785
0x40529b201c5e035cc10520a224195b1d7662fca77a5a006000dfa0146a7ace32,,,0x8195c4fa36dcf998893d0d006c93e8d163efba87fa31ff95a793d288fb6fe348,0,13620470,client_test_01_router_b_alts,0,processed,,1781807528997
0xd357c477c6c68ca98e370eaa65e7c27895dc23c450b3af65de072b619ca8d675,,,0x9c7a01b0a40107a0feaa96ab0dcc2be432b8e8b7772ead6f0aae1a620d68b8ba,0,13620495,client_test_01_router_b_alts,0,processed,,1781807537928
0x82974274a7cf52434a7cf2b4cb66bbdcf9792210daa0f59fea51d9b2ecd77cbf,,,0xeb2b625207432abf1e724a2ba6cf9f5dbf2f1cc6f2d7c72eb00f6cfa941f4b9e,0,13620545,client_test_01_router_b_alts,0,processed,,1781807554821
0x0dabf24878f3af54dc9ba5f93808aa7814dc45e32b47c694fedae64667d8c515,,,0x1dfef2a04e2491d44307fe2718b2df5521ff965bf11b3376cb4b3fbf7f889ec5,0,13620549,client_test_01_router_b_alts,0,processed,,1781807555802
0x93d4e193618057de9a06c57aa32e405ec9042f67c931bb049167df38d3b68a32,,,0xdab48e703ef7456308fddce711bc314c918442343036e283c81a79bd9e7e4252,20,13620552,client_test_01_router_a_majors,0,processed,,1781807556588
0x846f0743f0c5b898e2a993992ad5743ef3cb8c57b94c840e53910315ef3a4347,,,0xd8d6454185da4dc53293be49d8ddafde3ce88a0c1a4fc63faa870a3f466fccd3,0,13620557,client_test_01_router_a_majors,0,processed,,1781807557808
0xdd8e43a7fc23f494c7e8cb189dad5f440bf3a272f8426e27b64661069529f478,,,0xa2453a4959d811d99aa89c9c3bf63fdb954c1b89f11002036d51c62bec08450a,0,13620579,client_test_01_router_a_majors,0,processed,,1781807564120
0x60921fe4c2838dae2715080ec351438a26863871526b95ea5d10832e97c7b28b,,,0x03daff770f20f9763c7b86f4378ad85daf7aced6bd60888fe50139db325380d0,0,13620583,client_test_01_router_b_alts,0,processed,,1781807565815
0xc5f7e1c4321ad3360489df26e53f76fdef9c27504a207345f50316b0dbd02af0,,,0x71c886bf7941d563ab271719763f4e3063fd23cf55803405ea21c0a74fc16f58,0,13620589,client_test_01_router_a_majors,0,processed,,1781807567817
0x437c40296ee8967affac47b418110f9950aee129e6ffdac5b960ac1188f7692d,,,0x2694f52cc8e7e372ad0ea3762c577deac25ceb29540f94297e9723e42cf530dc,0,13620591,client_test_01_router_a_majors,0,processed,,1781807568584
0x7af19246dbed0733406cc117884090c06f06849e6325f856938e5e2542ca863c,,,0xf88a3006e061d05d61dcfe052cfc301841be49b9510a109b3dd2e7e7cb89cc5a,0,13620592,client_test_01_router_b_alts,0,processed,,1781807569107
0x3d8af02cee4e16c85cb0fd0abb05777c849def3259e731ce40b6c0ce1b05145e,,,0x7fc5c1d25618e32aaf9550aac317ef56013e25a0ee34aae7a79a762a367bd1fe,0,13620655,client_test_01_router_b_alts,0,processed,,1781807591114
0x9426d4f47e9ca347a7c5a271bc7a709e87a8683c2bf0b225bfaff45d9942501e,,,0x144e0e19b3c05e9e6280008ce57499ba3d1d8972ea65417b48a7b60d90c7e635,0,13620666,client_test_01_router_b_alts,0,processed,,1781807595040
0x757dc2d276e3a02eb4ddbab617d46f7978f95500105d388791f9def60de0cce2,,,0x323842eb4bbcc3327486237a76f93cc2c5ace30ecdde73bdf169f99c327b1b86,9,13620693,client_test_01_router_b_alts,0,processed,,1781807605501
0xeac559c468cc59192c3501fce54105065040af510fa358f6d4ac8cb64082500e,,,0x1ad49f1ae999dd321a9a11262087793dc7658def26ae1f56798599aaf0b4fc65,0,13620697,client_test_01_router_b_alts,0,processed,,1781807606714
0xa5489f87dc28a75489db194bb94f7391dd7a6add9cd3319cadffa58c64a5b86f,,,0x697732b6b611615b7e8a705c655789b4fd4efb0614eb5b103550a77dcaf8fd06,0,13620699,client_test_01_router_a_majors,0,processed,,1781807607880
0x6f6c2b08fdd0c9ce74af65a638732b3d77d0d9d598a28aa80e6a9f9e0a0902b9,,,0x95e6fdf411415109f500a8dad52c25a274d385b98f9457fbea07257a7b5977c4,0,13620702,client_test_01_router_a_majors,0,processed,,1781807608644
0xac7117f19a4bf7b326af03f30e517b46f34d46981a5947bd186877f2d76e4d26,,,0x393e0e0522e33194b74119c0a4d3bd99cf66f6510695362d074f467bf76b3165,0,13620707,client_test_01_router_a_majors,0,processed,,1781807610002
0x017a82511adff08b880b60b2f7dcdb021d7250d1d49d14f2a65d447efb5df501,,,0x9b19241c2a3cfdb03fc35406f727ee66cb72d0b7f4606f42feb3b65ce14e325b,0,13620725,client_test_01_router_a_majors,0,processed,,1781807616473
0x2fba6aa9b698dc96d1e125ff62eb0b6e806fa9af3ea8be97f7604556c95e8207,,,0x8d47edb72e5b2d7370d1c08383cd7ec4a992eeec763b5a96bd6060596454d314,0,13620734,client_test_01_router_a_majors,0,processed,,1781807619868
0xec557562aaafc031b468e564eb443e1f18a8f3b603d4d1b54af68c528c64f89f,,,0x7abc7127793738145164582bd1b59d25cf12134e37c8adf63528397d117dad6a,0,13620737,client_test_01_router_b_alts,0,processed,,1781807621063
0x8b200a05a07c83f3781f6de59c5a3a075bf1f14835fb461743f0ebbecf198099,,,0xd22e6ce4b74569ebb363cfb965d3f668c0af3dd7df1569c99ace6559cd787510,0,13620763,client_test_01_router_b_alts,0,processed,,1781807629739
0xf08836c4cb91e3b48b1eb46801f9e7eaccc5884d6677b97f66bac3e2d3024b49,,,0xb64aae7852ea3f28df4f086180546b89211c2caf36f2df35e82c4d2db297844e,0,13620810,client_test_01_router_b_alts,0,processed,,1781807646086
0xd2553e0d98dd7ed28f9bded831ece004460bf5d331bc4237de0bcb8ca9360a29,,,0x6c7030f135492cc46080bacccf2b00f9d957a9819cd9e6318917234e56a53a7c,0,13620812,client_test_01_router_b_alts,0,processed,,1781807646610
0x1b7cf060695c1ebd96eb4e08fbe4311024fd64b06dabebf7d7881153cc1cdd1a,,,0x27a5379391935f7703e26a5ea298abe261f551ef9e4a27dca20164649f9114d8,0,13620814,client_test_01_router_a_majors,0,processed,,1781807647165
0xd2a2474997e0db350a5eef6995e7a27ae2428dd347869053ca7dfc4b09db9033,,,0xc84a4451116f0114a707c43683a89c886450f613b56786bf9bd1bd4fba95e0a5,0,13620817,client_test_01_router_a_majors,0,processed,,1781807648417
0x2ff3c3ef5a49b0580af78d82516a93de70951e9a93c046c2eeaf8d8ecc85ac37,,,0x61631b80115b2ee778a107ca12fc7985009fc41b14d7a6c1a29996a2dd4526ce,0,13620833,client_test_01_router_a_majors,0,processed,,1781807654911
0x6a183a0126fa66a4725104759f2ce843deaa2107aa30b793c068de5baea2824b,,,0xad9b9a3a67daa2fd9db0ec9347401233e7787b1d4985056035232c452732723b,0,13620839,client_test_01_router_b_alts,0,processed,,1781807656418
0x2b1d9e2f7381652e5b012f60b1c3cbbbafb5c99c3d09d5ebc526be2c4ae168b0,,,0xb353d36ec5abec064617fca297ef297fc3967ba257a71da9dae3a34cce047169,0,13620844,client_test_01_router_a_majors,0,processed,,1781807658385
0x03e362059611b6b07e1ce458c42edc7e017a67882f5fc1add783172223b75c20,,,0xfe89eaa2194b9e71c5ca3007749cc4b37a0316a7d2817b9a70d7cedfadf58c8f,0,13620846,client_test_01_router_a_majors,0,processed,,1781807659213
0x939db2f73e66e61b136f31217c169b4af2a2f1b33bf408c7b415b0831968e568,,,0x88178cd031f0e4e6cabed4acf9c855cf580cb18718058d8981216e624b077d61,0,13620847,client_test_01_router_b_alts,0,processed,,1781807659484
0x693dc8771d06c141ddc02d4b5b993c94689fc3a5157a1a23597c0a2319f6a4b5,,,0xaf5e4ac470e126403dfa68936b4568f0128f8c571c7eacdef81088d70b63f845,0,13620907,client_test_01_router_b_alts,0,processed,,1781807681119
0x9ebf3499f578a79615469ee23d60ef66a2da079e8e8e127df4191c0712b2820a,,,0x6cf7ceb80cb06c4342e2a03cbc367365bc12b871091c099491103f1e710cc492,0,13620918,client_test_01_router_b_alts,0,processed,,1781807685398
0x5aa72fde511b65738fcc9b8d91bc8ab1227be379683655aa93110ea37ebda639,,,0xa8126c7abfee3924ff92bde1b87f0d541cc7deb99959622981256220b265c5c1,0,13620950,client_test_01_router_b_alts,0,processed,,1781807696885
0x6a83862dffcef84251e5d8fdd095def675bb17074c1a3371341ddf0224eb8f9a,,,0xe6d9bb2638548d642a2d7ae189a619b106fe0bd865b83560651f9d8751c27a76,0,13620953,client_test_02_router_default,0,processed,,1781807698151
0x944ab6957bd95d19cac5ef5a06788073b6c02dce05886ba5fd794460b1784d8e,,,0x212b1c77e7a494adfa69fa788088ac4f58e9212368a5005b8b0aea87962d8352,0,13620944,client_test_01_router_b_alts,0,processed,,1781807699473
0x7662c44450030cfd60abc3b05dc3eefb95ed99979e549d730cfa63273f58689d,,,0xba867ee1a1e8645fb9adcd0680207d62a28fa0414a3a2550e7f08d2d25c6a00d,0,13620990,client_test_01_router_b_alts,0,processed,,1781807711334
0xeca95529b416de66823363c3dbb4f17111ec299f2a7e4626d475b80121209865,,,0xf5bfea9c36bbb15766d53393932c5e8c4bf22f1edf13e540ab171290f56110d6,0,13621017,client_test_01_router_b_alts,0,processed,,1781807720637
0x8809e49092e68422c8c34a022cbbd00fd9bc87c62c0c7d91b110ecabf6d37fc6,,,0x70f0a31db7ddacfd9c6c6880fd3be8ee31bb172c88a8cd18a8f13be0c3f6decd,0,13621065,client_test_01_router_b_alts,0,processed,,1781807737388
0x2cbd4aba3b54bce8d6aae6152aaa7e0139e4ace2f5da3e1a7f36862678fe3e23,,,0x4f6a611d5c622f91aba24ef0bae8b5f2b27f990751195144f211341233eeb903,0,13621067,client_test_01_router_b_alts,0,processed,,1781807738219
0xf64fd559f3d16beb8565503d7971c8df409b028af5016239908ff2c0be6c0694,,,0xb3a3850c77df8bc6458bd642f9ae54b55517f28ec4e3826ab6705cb66156dacf,0,13621068,client_test_02_router_default,0,processed,,1781807738669
0xa2c8c72fb4af4afb0791c1db713add676436832d09299f82164afc09023b4ba1,,,0x8dae027c026ae3ab8c3116e2a0227036428d7e730c31728cbe2b38e97c4dae26,0,13621091,client_test_01_router_b_alts,0,processed,,1781807748343
0x3ee7c03a311a083357699ba402098a51d03fa7ddd55f15e325bd61b1ff3c34f9,,,0x9bf903d338a1220b3fbe1ac64974bed28ee0beffcfff2c23fdd2a19e73e9e3e3,0,13621099,client_test_01_router_b_alts,0,processed,,1781807751613
0xd9f0cd1529ed175da9cadab8f8bdf7852ee39645401aa4fa0121084077327b19,,,0x9ce3d559014f82b89b421548f85cbea84bc926728f9a61914aa06c5ab6732cde,0,13621161,client_test_01_router_b_alts,0,processed,,1781807775936
0x8560ce281b1a0988edd0c452c508a161dbafbfe24700bef43edbcb28e3c0fe53,,,0xa3cb64fe2f64f0fd0436ca525a64e1c190d99259f9b0b5f2444f1a346af02020,0,13621169,client_test_01_router_b_alts,0,processed,,1781807779202
0x151b2e8a0b19fe39615d3ea236a88563096a4515e157937857f9e5e28f7d2e23,,,0x03e79313e119c84800b186cfe7915ac8c77f9543cf5945d05536a3fbedecbfe9,0,13621198,client_test_01_router_b_alts,0,processed,,1781807790135
0x59937a1f2540bde5c9025c5dfc62699a2e6784f655dcde978a15a7ccdf781de7,,,0x854e92b9776a09ba2bff7c86c096ad72baf73fd891b43aaf61482195b3b94e26,0,13621207,client_test_01_router_b_alts,0,processed,,1781807793583
0xcf705e99e70f04394d18c3531a2f94e0f752cb5ba832a6bb6e017079e379df1f,,,0x9947b4e7945384b8881b2edc9ff0e95a75391b41a361685a5eb509e066d253c1,0,13621212,client_test_02_router_default,0,processed,,1781807794833
0xbcd07f40e6a0662411e950f91dd1710b2e08fccab83d2e4be2c57d3527a419ef,,,0x6afc69a8aad28be0e225445989b71e8e3c86db74376000bf809037006966211c,0,13621244,client_test_01_router_b_alts,0,processed,,1781807807273
0xa4e688c65cfb078d4db34fc7e17aa49143ff91c50e6b1fca12c0ac197f75529b,,,0x0f8b869de2952ee3b241de4a0091ef8ee02b088ea620e6165d7701c6763f5369,0,13621306,client_test_01_router_b_alts,0,processed,,1781807831912
0xd8e4cf2fdc4efb88f8675cbffb82eae287d1c009f4a03379e6f7fcf08f7e15b4,,,0xeea68ad764483a96418f8ea1c60d8dbc0b3abdfb229167de9e1e4051a5db83b8,0,13621309,client_test_02_router_default,0,processed,,1781807833156
0xe6ba63df040cca39f79507498cb86061fb6aacdfb05200157a5af5e80c838662,,,0x495f69ceed8f6a22dc87fbb0a7fe5b3b086a0e682bcfea19c183079614f724df,0,13621312,client_test_01_router_b_alts,0,processed,,1781807834081
0x61ae5bdf27ad40f6758abc9a76904d802471e39085e9963383e61ac0a8f1d451,,,0xeac9e92c38df01fccbd9ab2b786fd9ba37086bf5717544b71d993e0d7f9bd236,0,13621346,client_test_01_router_b_alts,0,processed,,1781807846972
0x00e237643d8fc821083e267d24719d8e9e93e3caa3862e56218c85d3156d0659,,,0x53392f67f006e2bf4f0897f2ec86837dfefc4c44e9bc78a8fe363f3187109f1f,0,13621415,client_test_01_router_b_alts,0,processed,,1781807872368
0xfbb4b6be2ce4e139b216f32b6084ab942de0ade1145bb70e07c54951bb841c07,,,0xc9fe24740027915bdec5542dbee7b11294ae6adfa756e8ef40723861f1c5f323,0,13621452,client_test_01_router_b_alts,0,processed,,1781807886681
0xb785ebc42be5be43cf211e49be231c31d914733bbe88bbf71d0d7f22be4e09e4,,,0x0f2e1a6fdf045b74f3a041afcf559d913bb5469a95437ee53119192908bdadf2,0,13621491,client_test_01_router_b_alts,0,processed,,1781807900559
0x965c9ea048670f7bd9ad4cc2e090291a1ba652d13366a05aa35c6326cc23e27d,,,0x757f91b18f31b3500aab041875a68ed9b82f9ab8e7966ecdf8937712df1a23e0,0,13621556,client_test_01_router_b_alts,0,processed,,1781807924837
0xf4451b9ed67c2e7642cdf05b9b3a7d36441ee7e1c0beab1319dd24f6f691a7bc,,,0xbab50d5d496aaf62c092c7985edf8af9e023c672e0ae30eb40fc66d8d23b515a,0,13621592,client_test_01_router_b_alts,0,processed,,1781807938578
0xd300d3b6a152c45908a9b425107d7e036e4c48c9c3d620fc1fcb405dae69ea0a,,,0x9a8ce6809fc5ab3630e4a520377c72e48754bfa176d7b02e3f93d23c80293504,0,13621702,client_test_01_router_b_alts,0,processed,,1781807979291
0xf1dee107ef0e6278214a559803488876b38a5138e090e77903186379b29ec089,,,0x3431c6a9fd862d865b25ec3b53086e5ae1e3f4a401dc94199e10155cd5389862,0,13621740,client_test_01_router_b_alts,0,processed,,1781807993528
0xf05c952577a390364c7754e900a8d608e91a591de7e4ab961ad9cd9fcb68ebb0,,,0xb30f69a119456d844d4fd8588e8205247538fc3a5c6c43de76962b9058dee5ba,0,13622115,client_test_01_router_a_majors,0,processed,,1781808133830
0x305a1e86b3f7c0c795732057a8764dff7f4ce99633b0c42062de2b6d286bae06,,,0x6a74ca498930778ae1c669a6ea5f095866860cb6cac88c745d9258e6610d121c,0,13623636,client_test_01_router_a_majors,0,processed,,1781808695287
