id,intent_hash,cardano_tx_hash,router_id,client_id,customer_id,destination_index,destination_chain_name,destination_contract_address,symbol,price,timestamp,status,error_code,error_message,retry_count,max_retries,fee_paid_lovelace,confirmed_at_depth,submitted_at_ms,confirmed_at_ms,failed_at_ms,created_at_ms
1,0x6b49ed7e9390f320a3d45acd320ca0465e2579ad4489b850254062961b80a490,5c61419780c84b63e78cb8382fd23f64e4cc987afab7d297c821ce7dd3acaa7b,client_test_01_router_a_majors,client-test-01,customer-test-01,0,"","",DOGE/USD,"",0,confirmed,,,0,0,,,1781796492395,1781796510310,,1781796492395
2,0x52192a56ab4099a1b32abfccda3d1d722b5b8ba81b2570b95ee7718271fc5193,"",client_test_01_router_a_majors,client-test-01,customer-test-01,0,"","",DOGE/USD,83594031250000000,1781796485,failed,NonMonotonicNonce,"Oracle intent nonce must be greater than the current on-chain nonce; intent superseded, not submitted.",0,0,,,,,1781796515201,1781796515201
3,0x6ae08736bc1996b6d0b61581af3e49632250ab6ab6ac54348d31c075873c28dc,99e476119eb5553584149f1d38990db2f8a71fdca99ef50d58cb58086f388fb3,client_test_01_router_a_majors,client-test-01,customer-test-01,0,"","",USDT/USD,"",0,confirmed,,,0,0,,,1781796652093,1781796672208,,1781796652093
4,0x2c3ad965822dbb676896bcc9819c6c4b16a95f98ffc423f2c504a7dbc1971b2f,99e476119eb5553584149f1d38990db2f8a71fdca99ef50d58cb58086f388fb3,client_test_01_router_b_alts,client-test-01,customer-test-01,0,"","",ARB/USD,"",0,confirmed,,,0,0,,,1781796652100,1781796672223,,1781796652100
5,0x9270966f0320364229b3d16d54f11b7d96d969d54a4d3ddffdb95a7a46c4f261,99e476119eb5553584149f1d38990db2f8a71fdca99ef50d58cb58086f388fb3,client_test_01_router_b_alts,client-test-01,customer-test-01,0,"","",XVG/USD,"",0,confirmed,,,0,0,,,1781796652106,1781796672233,,1781796652106
6,0xf1a9bbb658731ac553ccdd3aee2cdf99dac23a8cc4d6de61eb5042a551a2ef24,c5f991baed8450cafb24a188d64bf5e8354830c34066bb333ea0d48f1c025a88,client_test_01_router_a_majors,client-test-01,customer-test-01,0,"","",BTC/USD,"",0,failed,CrashRecovery,"daemon restarted with submitted transaction awaiting confirmation",0,0,,,1781796680448,,1781796689799,1781796680448
7,0x7743f8fe5a1f65b59b1133b6593d8955e157d8e68ba1198826d075d09e44ab3d,79c7d7036f63cf72083931bd88c1015792fc05b463245f6fb836a3469b633e41,client_test_01_router_a_majors,client-test-01,customer-test-01,0,"","",BTC/USD,"",0,failed,CrashRecovery,"daemon restarted with submitted transaction awaiting confirmation",0,0,,,1781796758434,,1781796765126,1781796758434
8,0x5a75fbbde4679c7b1eacd31db1f741fce5ceec633f4cfe98d5c553eecf9c704e,79c7d7036f63cf72083931bd88c1015792fc05b463245f6fb836a3469b633e41,client_test_01_router_a_majors,client-test-01,customer-test-01,0,"","",ETH/USD,"",0,failed,CrashRecovery,"daemon restarted with submitted transaction awaiting confirmation",0,0,,,1781796758444,,1781796765123,1781796758444
9,0x2f8612fa0ab7eb29901102bf68acb352c3a7a022ae5778dce7d3f8b0a4f44054,79c7d7036f63cf72083931bd88c1015792fc05b463245f6fb836a3469b633e41,client_test_01_router_b_alts,client-test-01,customer-test-01,0,"","",LTC/USD,"",0,failed,CrashRecovery,"daemon restarted with submitted transaction awaiting confirmation",0,0,,,1781796758450,,1781796765121,1781796758450
10,0x29c5c19241a0f76f32e4ee2ca8ba6eaf4f019985a15725167c68adcb281d11f6,79c7d7036f63cf72083931bd88c1015792fc05b463245f6fb836a3469b633e41,client_test_01_router_a_majors,client-test-01,customer-test-01,0,"","",USDC/USD,"",0,failed,CrashRecovery,"daemon restarted with submitted transaction awaiting confirmation",0,0,,,1781796758454,,1781796765117,1781796758454
11,0x8b95f5fa995584be20dbd18f1bc563736bb19fae174255688a5f3d53addfbc26,e5c084a84ec0696576e50c8ab56d169aa2ec6d4824c8a3b9ad05d69c833b5d1a,client_test_01_router_a_majors,client-test-01,customer-test-01,0,"","",DOGE/USD,"",0,confirmed,,,0,0,,,1781796863691,1781796914013,,1781796863691
12,0x4a09d588305bc1cce6a3bbb729dd2679e38427ba520b6f590fe91a5fd34b92e8,e5c084a84ec0696576e50c8ab56d169aa2ec6d4824c8a3b9ad05d69c833b5d1a,client_test_01_router_b_alts,client-test-01,customer-test-01,0,"","",SHIB/USD,"",0,confirmed,,,0,0,,,1781796863705,1781796914029,,1781796863705
13,0xb5eecaac031831564d2ee365aa05ca1f3e0e930f2695ecbbd52806cb179357b3,df8bdf52ee4c0854ffe196d21810fa43d8b65b3131fdadfc41dbee686e08c995,client_test_01_router_a_majors,client-test-01,customer-test-01,0,"","",DOGE/USD,"",0,failed,CrashRecovery,"daemon restarted with submitted transaction awaiting confirmation",0,0,,,1781796924324,,1781797320261,1781796924324
14,0x1bc07846530905fd3fd66509db726ecc5773a3d4a492089d3f6f81dea7526be9,df8bdf52ee4c0854ffe196d21810fa43d8b65b3131fdadfc41dbee686e08c995,client_test_01_router_b_alts,client-test-01,customer-test-01,0,"","",NEIRO/USD,"",0,confirmed,,,0,0,,,1781796924334,1781796959738,,1781796924334
15,0xb5eecaac031831564d2ee365aa05ca1f3e0e930f2695ecbbd52806cb179357b3,"",client_test_01_router_a_majors,client-test-01,customer-test-01,0,"","",DOGE/USD,83529285700000008,1781796854,failed,CrashRecovery,"daemon restarted with submitted transaction awaiting confirmation",0,0,,,,,1781797320261,1781796959734
16,0xa53006d2a600edc8cbc458ad433d16eba54f8d95550fc8e441dc546353cfb9f1,735cc6541fa91af75d73c9bcbb890bf1e39ebc7ab1a2c044ea24fae2d7ed264c,client_test_01_router_a_majors,client-test-01,customer-test-01,0,"","",BTC/USD,"",0,confirmed,,,0,0,,,1781796971640,1781797004409,,1781796971640
17,0x0ebc8164bdf33283a344fb1ec7208ec93ea8004ba7fe0461ce6438232c59b4dd,735cc6541fa91af75d73c9bcbb890bf1e39ebc7ab1a2c044ea24fae2d7ed264c,client_test_01_router_a_majors,client-test-01,customer-test-01,0,"","",ETH/USD,"",0,confirmed,,,0,0,,,1781796971647,1781797004425,,1781796971647
18,0xd7dc8e55c0558136d5df920a3114e8fc632ea7e6b3e5dd7a1c6307e7e890f5d8,735cc6541fa91af75d73c9bcbb890bf1e39ebc7ab1a2c044ea24fae2d7ed264c,client_test_01_router_a_majors,client-test-01,customer-test-01,0,"","",USDC/USD,"",0,confirmed,,,0,0,,,1781796971651,1781797004435,,1781796971651
19,0xd8977d31efc331dbeb3a876efb4b9a5e8f00c2c2dbed39783101bc07df6058ed,735cc6541fa91af75d73c9bcbb890bf1e39ebc7ab1a2c044ea24fae2d7ed264c,client_test_01_router_b_alts,client-test-01,customer-test-01,0,"","",NEIRO/USD,"",0,confirmed,,,0,0,,,1781796971656,1781797004443,,1781796971656
20,0xa3352dee8532bf475995ef284a727d190946ac3be72ff2a74f345f57a36bd057,"",client_test_01_router_a_majors,client-test-01,customer-test-01,0,"","",USDT/USD,998810000000000000,1781796987,failed,NonMonotonicNonce,"Oracle intent nonce must be greater than the current on-chain nonce; intent superseded, not submitted.",0,0,,,,,1781797009383,1781797009383
21,0x86e3f54a03f3d9fd036ce261a32659bcffa01311b275a8a06817be8587ab3147,94ee8ee06969bd87a22db34192b25f25dadf94267623f3c9d49a000c66456e65,client_test_01_router_a_majors,client-test-01,customer-test-01,0,"","",USDT/USD,"",0,confirmed,,,0,0,,,1781797085836,1781797108909,,1781797085836
22,0x649cc0fa56a611da3ffe64cec704448c1520149d67373fc8cc6ab3f2e8dcea7b,"",client_test_01_router_a_majors,client-test-01,customer-test-01,0,"","",USDT/USD,998815000000000000,1781797078,failed,NonMonotonicNonce,"Oracle intent nonce must be greater than the current on-chain nonce; intent superseded, not submitted.",0,0,,,,,1781797113893,1781797113893
23,0xea72a5b8bd73f4a2e8fb69eae13801f096301f00d06f58f1e4bfbc4f72deb432,6aaa5e7d40bd49ab81aba8c6e6da00b37c0fc74aff68e1916297bc77cfbfc450,client_test_01_router_a_majors,client-test-01,customer-test-01,0,"","",USDC/USD,"",0,confirmed,,,0,0,,,1781797259101,1781797279129,,1781797259101
24,0xb817215a97f49fcf556e0ce9a49b271af41398fdc170c3355e0c3045bab56335,6aaa5e7d40bd49ab81aba8c6e6da00b37c0fc74aff68e1916297bc77cfbfc450,client_test_01_router_a_majors,client-test-01,customer-test-01,0,"","",DOGE/USD,"",0,failed,CrashRecovery,"daemon restarted with submitted transaction awaiting confirmation",0,0,,,1781797259111,,1781797320258,1781797259111
25,0xb817215a97f49fcf556e0ce9a49b271af41398fdc170c3355e0c3045bab56335,"",client_test_01_router_a_majors,client-test-01,customer-test-01,0,"","",DOGE/USD,83436828220000008,1781797225,failed,CrashRecovery,"daemon restarted with submitted transaction awaiting confirmation",0,0,,,,,1781797320258,1781797279140
26,0x00ad755064e58ea2948db59fd8ab75bf4eb0588c631490723b78e378e092ac0e,feeaae7b0a51d047076353cf2c7f00f6733aa92bcb7bad48834f960cb216bc8c,client_test_01_router_a_majors,client-test-01,customer-test-01,0,"","",USDT/USD,"",0,failed,CrashRecovery,"daemon restarted with submitted transaction awaiting confirmation",0,0,,,1781797288088,,1781797320255,1781797288088
27,0x297d3e1833862f8f2546da85ea8f9a871f553cd45fd4f4ca07c70bf177159ade,fea801d093d2452df2da3dd6947d4d610f288e9897547dce0e078929b0aee816,client_test_01_router_a_majors,client-test-01,customer-test-01,0,"","",DOGE/USD,"",0,failed,CrashRecovery,"daemon restarted with submitted transaction awaiting confirmation",0,0,,,1781797368049,,1781797411192,1781797368049
28,0xd02f10d5b621b14fef3484fb0b967e084b6fbc045b7bfdadb804dca276f37734,fea801d093d2452df2da3dd6947d4d610f288e9897547dce0e078929b0aee816,client_test_01_router_a_majors,client-test-01,customer-test-01,0,"","",USDT/USD,"",0,failed,CrashRecovery,"daemon restarted with submitted transaction awaiting confirmation",0,0,,,1781797368055,,1781797411189,1781797368055
29,0xabb9aacb57836217b75474d1d82c8d52b98f22d01a4602b706e59a0df561a824,"",client_test_01_router_a_majors,client-test-01,customer-test-01,0,"","",DOGE/USD,83390631250000000,1781797414,failed,NonMonotonicNonce,"Oracle intent nonce must be greater than the current on-chain nonce; intent superseded, not submitted.",0,0,,,,,1781797458573,1781797458573
30,0xf768af9a96cf2018865c0a881b6ea106bd877d522bfb2e90b9d5a8f7ce9c6cb8,4e576008b5d099159ff8be4a2856def80f43fb546c1356475bd5f4b722c330ae,client_test_02_router_default,client-test-02,customer-test-02,0,"","",BTC/USD,"",0,failed,CrashRecovery,"daemon restarted with submitted transaction awaiting confirmation",0,0,,,1781797505413,,1781797509255,1781797505413
31,0xa732dfd41e8f9ca33c82097a123b9f595547ec6edc6988c2250d3c0caf5173e9,cbf6642a491c42f848c8425e095e1821dbfa29018d61fa0825613b8a07e40144,client_test_01_router_a_majors,client-test-01,customer-test-01,0,"","",DOGE/USD,"",0,failed,CrashRecovery,"daemon restarted with submitted transaction awaiting confirmation",0,0,,,1781797556637,,1781797597994,1781797556637
32,0xf4dbae5ead73c0bb23da2691e2c7c7e208de01183fa3671dcc3b4ea05dba605c,cbf6642a491c42f848c8425e095e1821dbfa29018d61fa0825613b8a07e40144,client_test_01_router_a_majors,client-test-01,customer-test-01,0,"","",USDT/USD,"",0,failed,CrashRecovery,"daemon restarted with submitted transaction awaiting confirmation",0,0,,,1781797556647,,1781797597991,1781797556647
33,0xe9a407f7124e6f7a6f850fe1899c02eeb48935948d672cd884130c188d003c0d,"",client_test_01_router_a_majors,client-test-01,customer-test-01,0,"","",USDC/USD,999700000000000000,1781797597,failed,NonMonotonicNonce,"Intent for USDC/USD superseded on chain; not submitted.",0,0,,,,,1781797638817,1781797638817
34,0xe0956f99abcee8d57e400433b4a0a78ca872f5fb195673b9e705c34b0ae002f1,"",client_test_01_router_a_majors,client-test-01,customer-test-01,0,"","",DOGE/USD,83198058050539744,1781797601,failed,NonMonotonicNonce,"Intent for DOGE/USD superseded on chain; not submitted.",0,0,,,,,1781797638826,1781797638826
35,0x853fc779d149cfd24485e435206ac5a4bbe72fa1fe6565ddfcf72bde1d30686d,d1a39d0dea354356fe5af74f2e52e76b1ab482b37c438a78fcaa3841e142c464,client_test_01_router_a_majors,client-test-01,customer-test-01,0,"","",BTC/USD,"",0,confirmed,,,0,0,,,1781797694033,1781797717499,,1781797694033
36,0x76dd4574e15292e206c90fe4181b5174c5b3c6b01b254f4ce19ac52ddef7eacb,d1a39d0dea354356fe5af74f2e52e76b1ab482b37c438a78fcaa3841e142c464,client_test_01_router_a_majors,client-test-01,customer-test-01,0,"","",ETH/USD,"",0,confirmed,,,0,0,,,1781797694040,1781797717511,,1781797694040
37,0x563e58eb520bb2a0838dc6cae90de5e88ed1410cc0b6d7ec91bd423802c955ab,d1a39d0dea354356fe5af74f2e52e76b1ab482b37c438a78fcaa3841e142c464,client_test_01_router_a_majors,client-test-01,customer-test-01,0,"","",USDC/USD,"",0,confirmed,,,0,0,,,1781797694046,1781797717521,,1781797694046
38,0x2b5bcc4e48f33becbffa475f17c994bbeba0c058ddffbaf07946232d83ac57cd,d1a39d0dea354356fe5af74f2e52e76b1ab482b37c438a78fcaa3841e142c464,client_test_01_router_a_majors,client-test-01,customer-test-01,0,"","",DOGE/USD,"",0,confirmed,,,0,0,,,1781797694050,1781797717529,,1781797694050
39,0x367db10c8fac02b1b09a23289569d9dd3dede62a13062cb5e40c501815c98665,"",client_test_01_router_a_majors,client-test-01,customer-test-01,0,"","",BTC/USD,63294262227900001419264,1781797683,failed,NonMonotonicNonce,"Intent for BTC/USD superseded on chain; not submitted.",0,0,,,,,1781797723545,1781797723545
40,0x8899d782af64269676b1f1308f7fcb767207114170b029e1f6bbcab36cb95367,"",client_test_01_router_a_majors,client-test-01,customer-test-01,0,"","",ETH/USD,1724481778725000052736,1781797684,failed,NonMonotonicNonce,"Intent for ETH/USD superseded on chain; not submitted.",0,0,,,,,1781797723552,1781797723552
41,0xa4495ae02778a0ae2f7f7ce06388421e40b081e8e344ed59c44f8f7467893eec,"",client_test_01_router_a_majors,client-test-01,customer-test-01,0,"","",USDC/USD,999703924500000000,1781797690,failed,NonMonotonicNonce,"Intent for USDC/USD superseded on chain; not submitted.",0,0,,,,,1781797723557,1781797723557
42,0xb0d8862c7db056062ae06088399c39c72f5ee192e0f397b31ba76d11b3ffb9fa,"",client_test_01_router_a_majors,client-test-01,customer-test-01,0,"","",DOGE/USD,83131294243297728,1781797694,failed,NonMonotonicNonce,"Intent for DOGE/USD superseded on chain; not submitted.",0,0,,,,,1781797723564,1781797723564
43,0xc6b46de9c2c8fcab9a6dbe4de6ba1be83804fd047910c99eca49588d136f13ae,ea171269fdf1cee9e012ee6d49bda4c224aa33416a7144283d7d99b4f961bc42,client_test_01_router_b_alts,client-test-01,customer-test-01,0,"","",NEIRO/USD,"",0,failed,CrashRecovery,"daemon restarted with submitted transaction awaiting confirmation",0,0,,,1781797764301,,1781797910255,1781797764301
44,0x667f70d34a4fdba37251f7cbfeecebdf073c6bb4593704101eb1e070c2fa9a5e,ea171269fdf1cee9e012ee6d49bda4c224aa33416a7144283d7d99b4f961bc42,client_test_01_router_b_alts,client-test-01,customer-test-01,0,"","",ARB/USD,"",0,confirmed,,,0,0,,,1781797764312,1781797811568,,1781797764312
45,0xc6b46de9c2c8fcab9a6dbe4de6ba1be83804fd047910c99eca49588d136f13ae,"",client_test_01_router_b_alts,client-test-01,customer-test-01,0,"","",NEIRO/USD,65620831399999,1781797723,failed,CrashRecovery,"daemon restarted with submitted transaction awaiting confirmation",0,0,,,,,1781797910255,1781797811565
46,0x31a41044efd8057020202c5bd47c4ed2e7a5f34039f85b0ee7a68d86d860d0b6,1863980fb02084ff1b88c300a56e15f506ad38f2ec3580b003f399874d427029,client_test_01_router_b_alts,client-test-01,customer-test-01,0,"","",ARB/USD,"",0,failed,CrashRecovery,"daemon restarted with submitted transaction awaiting confirmation",0,0,,,1781797821419,,1781797910254,1781797821419
47,0xc699695c4f04cb268c600ec56e758483daf60fa31d508c5864ad36cecd544b07,1863980fb02084ff1b88c300a56e15f506ad38f2ec3580b003f399874d427029,client_test_01_router_b_alts,client-test-01,customer-test-01,0,"","",NEIRO/USD,"",0,confirmed,,,0,0,,,1781797821429,1781797862648,,1781797821429
48,0x31a41044efd8057020202c5bd47c4ed2e7a5f34039f85b0ee7a68d86d860d0b6,"",client_test_01_router_b_alts,client-test-01,customer-test-01,0,"","",ARB/USD,83924810796708424,1781797759,failed,CrashRecovery,"daemon restarted with submitted transaction awaiting confirmation",0,0,,,,,1781797910254,1781797862643
49,0x55eb54698a9e6cfa234ad52b6b492eb2cce78af88456d5498e1d791d0d725636,6915b9fe2362459b4b9434144d46f633666eaa2d69265415632c1ab42a85e7e9,client_test_01_router_a_majors,client-test-01,customer-test-01,0,"","",USDT/USD,"",0,confirmed,,,0,0,,,1781797874415,1781797888697,,1781797874415
50,0xe193d74516b0892da057d3c36295878d307d917d96f2018b0785b4f9de49ffd1,6915b9fe2362459b4b9434144d46f633666eaa2d69265415632c1ab42a85e7e9,client_test_01_router_b_alts,client-test-01,customer-test-01,0,"","",NEIRO/USD,"",0,failed,CrashRecovery,"daemon restarted with submitted transaction awaiting confirmation",0,0,,,1781797874426,,1781797910250,1781797874426
51,0x41568ea053142443ab1bee457bbf5c25cbf0385b9d299fd6cb085d21ee467e93,6915b9fe2362459b4b9434144d46f633666eaa2d69265415632c1ab42a85e7e9,client_test_01_router_a_majors,client-test-01,customer-test-01,0,"","",BTC/USD,"",0,confirmed,,,0,0,,,1781797874431,1781797888720,,1781797874431
52,0x78115bfeafc90184a588b11c8fe09623fbce7792439c48f9761b403f99b06066,6915b9fe2362459b4b9434144d46f633666eaa2d69265415632c1ab42a85e7e9,client_test_01_router_a_majors,client-test-01,customer-test-01,0,"","",ETH/USD,"",0,confirmed,,,0,0,,,1781797874436,1781797888729,,1781797874436
53,0xe193d74516b0892da057d3c36295878d307d917d96f2018b0785b4f9de49ffd1,"",client_test_01_router_b_alts,client-test-01,customer-test-01,0,"","",NEIRO/USD,65521640443853,1781797817,failed,CrashRecovery,"daemon restarted with submitted transaction awaiting confirmation",0,0,,,,,1781797910250,1781797888715
54,0x1b87a3eb8752d0e92c5a19ec31fd7a12b71666bd0f6b14b8c38b43ec0efd5712,bc12dec2077b246ad51bf31f33fcacede455a3b66da968ab75edce11f09fba60,client_test_02_router_default,client-test-02,customer-test-02,0,"","",BTC/USD,"",0,failed,CrashRecovery,"daemon restarted with submitted transaction awaiting confirmation",0,0,,,1781797983948,,1781797987121,1781797983948
55,0x7c02f0a2aabb49c37297e2a3d61220cdfbaa691c8c00fa446204b08e59ab24b5,13f33f21af47fd390537bf00422be33bf4b7ba58d381263bfba2a92d96b35a0c,client_test_01_router_a_majors,client-test-01,customer-test-01,0,"","",USDC/USD,"",0,confirmed,,,0,0,,,1781798111897,1781798152471,,1781798111897
56,0xf757422dd20ebdaeb509436e6bf89a093722dbdf8887eb35fbdc0430c8bd7fe0,13f33f21af47fd390537bf00422be33bf4b7ba58d381263bfba2a92d96b35a0c,client_test_01_router_a_majors,client-test-01,customer-test-01,0,"","",DOGE/USD,"",0,confirmed,,,0,0,,,1781798111907,1781798152487,,1781798111907
57,0x2e34e1af9b815f5ad991f79977cce8d48e701a008ab693550730ab6415e9fab1,79307e34ce542d779f9f5951da92f68828755cc377de34548593b19e32270f98,client_test_01_router_a_majors,client-test-01,customer-test-01,0,"","",USDC/USD,"",0,confirmed,,,0,0,,,1781798166028,1781798184845,,1781798166028
58,0x554abf903f5380b253beddb8b26c99467ab3d74b9eca735b4583d8ec722f0b9b,79307e34ce542d779f9f5951da92f68828755cc377de34548593b19e32270f98,client_test_01_router_a_majors,client-test-01,customer-test-01,0,"","",DOGE/USD,"",0,confirmed,,,0,0,,,1781798166034,1781798184860,,1781798166034
59,0x4dd3c75a8f4ce1b909bca3e446f70770cd528f9172e814c7369db459386717ad,79307e34ce542d779f9f5951da92f68828755cc377de34548593b19e32270f98,client_test_01_router_a_majors,client-test-01,customer-test-01,0,"","",BTC/USD,"",0,confirmed,,,0,0,,,1781798166038,1781798184869,,1781798166038
60,0xc5deafdec37154ca44a8ef03476dc2c06370011df8de8fcc91392e049b712ef3,79307e34ce542d779f9f5951da92f68828755cc377de34548593b19e32270f98,client_test_01_router_a_majors,client-test-01,customer-test-01,0,"","",ETH/USD,"",0,confirmed,,,0,0,,,1781798166043,1781798184883,,1781798166043
61,0x95a234d50ee9d9becdc7985ed5e1fdcbd91d32c5e02e0e5c2884f4efe4d4a569,8bcc7b4e17c08ee0a1db4a072d16149adce06ca565cebcc9d8ca76ecdaf3ef42,client_test_01_router_a_majors,client-test-01,customer-test-01,0,"","",USDT/USD,"",0,confirmed,,,0,0,,,1781798195709,1781798242473,,1781798195709
62,0xb5815f785e64a7068bd07886cb370c5acdc7f2bc11cbd492e7bf2350c6aa06f9,"",client_test_01_router_a_majors,client-test-01,customer-test-01,0,"","",USDT/USD,998837064184110080,1781798197,failed,NonMonotonicNonce,"Oracle intent nonce must be greater than the current on-chain nonce; intent superseded, not submitted.",0,0,,,,,1781798248262,1781798248262
63,0x52495a1c081d4c8ba92661db7d24bba842ed6d7999feb27b1797e450fd4b9b7a,28b7fd21fec5f3279517e4dd6a67f30f8d3d87decf0da37080dda4f0daf55d25,client_test_01_router_a_majors,client-test-01,customer-test-01,0,"","",ETH/USD,"",0,failed,CrashRecovery,"daemon restarted with submitted transaction awaiting confirmation",0,0,,,1781798444881,,1781798454059,1781798444881
64,0xc8bc352428710355184e214d1e81329e522f433190143b7d3b72e156d4c7831e,28b7fd21fec5f3279517e4dd6a67f30f8d3d87decf0da37080dda4f0daf55d25,client_test_01_router_a_majors,client-test-01,customer-test-01,0,"","",DOGE/USD,"",0,failed,CrashRecovery,"daemon restarted with submitted transaction awaiting confirmation",0,0,,,1781798444892,,1781798454056,1781798444892
65,0x83363d1df066b35c88bcd1c8b40f3ac0e89155e9d013425df2c5ce914ac73162,28b7fd21fec5f3279517e4dd6a67f30f8d3d87decf0da37080dda4f0daf55d25,client_test_01_router_a_majors,client-test-01,customer-test-01,0,"","",BTC/USD,"",0,failed,CrashRecovery,"daemon restarted with submitted transaction awaiting confirmation",0,0,,,1781798444896,,1781798454053,1781798444896
66,0x2e09f60d38b21fa4a5d817b54dc31d2fd4bbfde348d0d17ead6e30ebc4cb3711,28b7fd21fec5f3279517e4dd6a67f30f8d3d87decf0da37080dda4f0daf55d25,client_test_01_router_a_majors,client-test-01,customer-test-01,0,"","",USDC/USD,"",0,failed,CrashRecovery,"daemon restarted with submitted transaction awaiting confirmation",0,0,,,1781798444901,,1781798454051,1781798444901
67,0x57c63e1014db289614542c7c3dccaad0207936f621f7c112d9057de689d16e1c,28b7fd21fec5f3279517e4dd6a67f30f8d3d87decf0da37080dda4f0daf55d25,client_test_01_router_b_alts,client-test-01,customer-test-01,0,"","",LTC/USD,"",0,failed,CrashRecovery,"daemon restarted with submitted transaction awaiting confirmation",0,0,,,1781798444907,,1781798454048,1781798444907
68,0x9fd7a1e83b626a5035b1afe208cd62321fcfebb6e67949b7893abf8e3a9a6def,28b7fd21fec5f3279517e4dd6a67f30f8d3d87decf0da37080dda4f0daf55d25,client_test_01_router_b_alts,client-test-01,customer-test-01,0,"","",ARB/USD,"",0,failed,CrashRecovery,"daemon restarted with submitted transaction awaiting confirmation",0,0,,,1781798444912,,1781798454045,1781798444912
69,0x320dfa72be4cad693b365cb38e278b40a253b3e483b1806a842a4fa62fa0f7f7,28b7fd21fec5f3279517e4dd6a67f30f8d3d87decf0da37080dda4f0daf55d25,client_test_01_router_b_alts,client-test-01,customer-test-01,0,"","",SHIB/USD,"",0,failed,CrashRecovery,"daemon restarted with submitted transaction awaiting confirmation",0,0,,,1781798444916,,1781798454041,1781798444916
70,0x9819235543bbb104e599412cbe99b77a72867f4a440a5b745cf78f25f8a97e1a,a98f8a53436b6c4030d3255c99cdc6fa67ccec750da1c064e959f71a30c1cd88,client_test_01_router_b_alts,client-test-01,customer-test-01,0,"","",XVG/USD,"",0,failed,CrashRecovery,"daemon restarted with submitted transaction awaiting confirmation",0,0,,,1781798529146,,1781798636493,1781798529146
71,0x37bb63cd0adf9536d861b16249b8d8977030ff91e8ab7c3ad51e7f7d14d5c3c9,a98f8a53436b6c4030d3255c99cdc6fa67ccec750da1c064e959f71a30c1cd88,client_test_01_router_b_alts,client-test-01,customer-test-01,0,"","",ARB/USD,"",0,confirmed,,,0,0,,,1781798529163,1781798551172,,1781798529163
72,0xee0cb9bc75f1b04c38bad45441cfe5544e46d454a063b19e86355bdffb69e1a7,a98f8a53436b6c4030d3255c99cdc6fa67ccec750da1c064e959f71a30c1cd88,client_test_01_router_a_majors,client-test-01,customer-test-01,0,"","",BTC/USD,"",0,confirmed,,,0,0,,,1781798529169,1781798551181,,1781798529169
73,0x835952b52e1533a2f68ce128e46916a4f56fab6601c6b1c3206935620d9a27b5,a98f8a53436b6c4030d3255c99cdc6fa67ccec750da1c064e959f71a30c1cd88,client_test_01_router_a_majors,client-test-01,customer-test-01,0,"","",ETH/USD,"",0,confirmed,,,0,0,,,1781798529174,1781798551190,,1781798529174
74,0xd292acdb14b5ed27470592412b95af7ec2378c9b76075255308cf7f4fea24c48,a98f8a53436b6c4030d3255c99cdc6fa67ccec750da1c064e959f71a30c1cd88,client_test_01_router_a_majors,client-test-01,customer-test-01,0,"","",USDC/USD,"",0,confirmed,,,0,0,,,1781798529180,1781798551201,,1781798529180
75,0x08680a057d7f29374d1c27f72c73c801b0f2518e70dcacf883264884f8f72ea9,a98f8a53436b6c4030d3255c99cdc6fa67ccec750da1c064e959f71a30c1cd88,client_test_01_router_a_majors,client-test-01,customer-test-01,0,"","",DOGE/USD,"",0,confirmed,,,0,0,,,1781798529184,1781798551209,,1781798529184
76,0x18c8ef001bea6222432e29e91d72c363cd4fd5f186deac3fcdbf3991db992b5d,a98f8a53436b6c4030d3255c99cdc6fa67ccec750da1c064e959f71a30c1cd88,client_test_01_router_b_alts,client-test-01,customer-test-01,0,"","",SHIB/USD,"",0,confirmed,,,0,0,,,1781798529189,1781798551218,,1781798529189
77,0x9819235543bbb104e599412cbe99b77a72867f4a440a5b745cf78f25f8a97e1a,"",client_test_01_router_b_alts,client-test-01,customer-test-01,0,"","",XVG/USD,2567402560000000,1781798480,failed,CrashRecovery,"daemon restarted with submitted transaction awaiting confirmation",0,0,,,,,1781798636493,1781798551168
78,0x399e337ed6687d68aab76687e0cef36b297792d5837b4bf32acbea032749646b,c714078f231fe3fa1941a3a05bebaa858145d147302eb7ffb383aed4100bada9,client_test_01_router_a_majors,client-test-01,customer-test-01,0,"","",BTC/USD,"",0,failed,CrashRecovery,"daemon restarted with submitted transaction awaiting confirmation",0,0,,,1781798569775,,1781798636490,1781798569775
79,0xabc7c1047d81f8de66b650cb27d4d7d9b063d9defc5939795c2b7ce50522d400,c714078f231fe3fa1941a3a05bebaa858145d147302eb7ffb383aed4100bada9,client_test_01_router_a_majors,client-test-01,customer-test-01,0,"","",ETH/USD,"",0,failed,CrashRecovery,"daemon restarted with submitted transaction awaiting confirmation",0,0,,,1781798569785,,1781798636488,1781798569785
80,0x7fb31ce03e43b49c2279fbdfb90bbef42a06efed7498c592867e4cc3efa0bb60,c714078f231fe3fa1941a3a05bebaa858145d147302eb7ffb383aed4100bada9,client_test_01_router_a_majors,client-test-01,customer-test-01,0,"","",USDC/USD,"",0,failed,CrashRecovery,"daemon restarted with submitted transaction awaiting confirmation",0,0,,,1781798569789,,1781798636485,1781798569789
81,0x5af7c3850d9f8078d193e78241f3bfd54a54809ff48f7ccf1073aa6924f950d8,c714078f231fe3fa1941a3a05bebaa858145d147302eb7ffb383aed4100bada9,client_test_01_router_a_majors,client-test-01,customer-test-01,0,"","",DOGE/USD,"",0,failed,CrashRecovery,"daemon restarted with submitted transaction awaiting confirmation",0,0,,,1781798569793,,1781798636482,1781798569793
82,0x00f875e6296bb1b2539a4cea94a07ffe7e49b8766804a36ba12ac2bb699244f6,c714078f231fe3fa1941a3a05bebaa858145d147302eb7ffb383aed4100bada9,client_test_01_router_b_alts,client-test-01,customer-test-01,0,"","",LTC/USD,"",0,confirmed,,,0,0,,,1781798569798,1781798620006,,1781798569798
83,0x901468097169bdd6f87125c82836b32bc71217647d3008aa62102717e7e42870,c714078f231fe3fa1941a3a05bebaa858145d147302eb7ffb383aed4100bada9,client_test_01_router_b_alts,client-test-01,customer-test-01,0,"","",SHIB/USD,"",0,failed,CrashRecovery,"daemon restarted with submitted transaction awaiting confirmation",0,0,,,1781798569804,,1781798636478,1781798569804
84,0x17968b04b324c628403cbc41c99751c84d013910c9055e05be48ddd787ba91cb,c714078f231fe3fa1941a3a05bebaa858145d147302eb7ffb383aed4100bada9,client_test_01_router_b_alts,client-test-01,customer-test-01,0,"","",XVG/USD,"",0,confirmed,,,0,0,,,1781798569808,1781798620028,,1781798569808
85,0x9ec030ab9f4291970406416aab00866371ed15f8b3bdc70b8e8467a483d4f646,c714078f231fe3fa1941a3a05bebaa858145d147302eb7ffb383aed4100bada9,client_test_01_router_a_majors,client-test-01,customer-test-01,0,"","",USDT/USD,"",0,confirmed,,,0,0,,,1781798569813,1781798620041,,1781798569813
86,0xf0c0ea5289b44704fac18a339f48cf39ebd08fd2e43c72d0af2beda16bc60a60,c714078f231fe3fa1941a3a05bebaa858145d147302eb7ffb383aed4100bada9,client_test_01_router_b_alts,client-test-01,customer-test-01,0,"","",NEIRO/USD,"",0,confirmed,,,0,0,,,1781798569817,1781798620053,,1781798569817
87,0x399e337ed6687d68aab76687e0cef36b297792d5837b4bf32acbea032749646b,"",client_test_01_router_a_majors,client-test-01,customer-test-01,0,"","",BTC/USD,63007577160793408405504,1781798527,failed,CrashRecovery,"daemon restarted with submitted transaction awaiting confirmation",0,0,,,,,1781798636490,1781798619971
88,0xabc7c1047d81f8de66b650cb27d4d7d9b063d9defc5939795c2b7ce50522d400,"",client_test_01_router_a_majors,client-test-01,customer-test-01,0,"","",ETH/USD,1714077111350000222208,1781798528,failed,CrashRecovery,"daemon restarted with submitted transaction awaiting confirmation",0,0,,,,,1781798636488,1781798619980
89,0x7fb31ce03e43b49c2279fbdfb90bbef42a06efed7498c592867e4cc3efa0bb60,"",client_test_01_router_a_majors,client-test-01,customer-test-01,0,"","",USDC/USD,999724362338087808,1781798534,failed,CrashRecovery,"daemon restarted with submitted transaction awaiting confirmation",0,0,,,,,1781798636485,1781798619989
90,0x5af7c3850d9f8078d193e78241f3bfd54a54809ff48f7ccf1073aa6924f950d8,"",client_test_01_router_a_majors,client-test-01,customer-test-01,0,"","",DOGE/USD,82571829425000000,1781798538,failed,CrashRecovery,"daemon restarted with submitted transaction awaiting confirmation",0,0,,,,,1781798636482,1781798619998
91,0x901468097169bdd6f87125c82836b32bc71217647d3008aa62102717e7e42870,"",client_test_01_router_b_alts,client-test-01,customer-test-01,0,"","",SHIB/USD,4712081401651,1781798539,failed,CrashRecovery,"daemon restarted with submitted transaction awaiting confirmation",0,0,,,,,1781798636478,1781798620024
92,0xb813e8f1b3fc197aac6b08a14e0b686571a33d197c383f08d6fcab6d6c0bc563,d02e30d0d1087c820156ee0cdf2a5eb3715cc3e52cfc998f4502fe39baf57f05,client_test_02_router_default,client-test-02,customer-test-02,0,"","",BTC/USD,"",0,failed,CrashRecovery,"daemon restarted with submitted transaction awaiting confirmation",0,0,,,1781798626871,,1781798636474,1781798626871
93,0x372404921ee34d38898935cd5f594693d91b84808086793d04b48529717f0087,90a063b485057dcfbf7d8e061f5a5c68644e11e71f74a8e49fca2c9898919c71,client_test_02_router_default,client-test-02,customer-test-02,0,"","",BTC/USD,"",0,failed,CrashRecovery,"daemon restarted with submitted transaction awaiting confirmation",0,0,,,1781798719799,,1781798724664,1781798719799
94,0xe1dfb5f5f10bca6c04dd6e091da49298de8389b76b04defd0a31af71786172d9,d6e325b1fc9d84982c3f9b7f13916f6e6f82ad348d908721dc4635d1cf83ac1b,client_test_01_router_a_majors,client-test-01,customer-test-01,0,"","",DOGE/USD,"",0,failed,CrashRecovery,"daemon restarted with submitted transaction awaiting confirmation",0,0,,,1781798776103,,1781799117606,1781798776103
95,0x0834dfaae1e961b3357f302f47d86388626ec713d0572e3c279c238db2034dda,d6e325b1fc9d84982c3f9b7f13916f6e6f82ad348d908721dc4635d1cf83ac1b,client_test_01_router_b_alts,client-test-01,customer-test-01,0,"","",NEIRO/USD,"",0,failed,CrashRecovery,"daemon restarted with submitted transaction awaiting confirmation",0,0,,,1781798776113,,1781799117603,1781798776113
96,0x8d51ca00fb472584341a316d4032dbc8658800709f22994eb777c91792d38506,d6e325b1fc9d84982c3f9b7f13916f6e6f82ad348d908721dc4635d1cf83ac1b,client_test_01_router_a_majors,client-test-01,customer-test-01,0,"","",USDT/USD,"",0,confirmed,,,0,0,,,1781798776117,1781798816088,,1781798776117
97,0xe1dfb5f5f10bca6c04dd6e091da49298de8389b76b04defd0a31af71786172d9,"",client_test_01_router_a_majors,client-test-01,customer-test-01,0,"","",DOGE/USD,82417066500000000,1781798723,failed,CrashRecovery,"daemon restarted with submitted transaction awaiting confirmation",0,0,,,,,1781799117606,1781798816078
98,0x0834dfaae1e961b3357f302f47d86388626ec713d0572e3c279c238db2034dda,"",client_test_01_router_b_alts,client-test-01,customer-test-01,0,"","",NEIRO/USD,64319013900000,1781798751,failed,CrashRecovery,"daemon restarted with submitted transaction awaiting confirmation",0,0,,,,,1781799117603,1781798816085
99,0xec3f5aea9cc60a18a76ef9bebe1ee609cf04e0b3906d0375f4cd2b909c9f3028,81ade8886640be9444595ca92e4e35154cd621a8b6f0a0ae01245b39d4fa6bc4,client_test_01_router_a_majors,client-test-01,customer-test-01,0,"","",BTC/USD,"",0,failed,CrashRecovery,"daemon restarted with submitted transaction awaiting confirmation",0,0,,,1781798830450,,1781799117601,1781798830450
100,0x8a61c345ff8d5ee13b2ef76921d3481e1638cfc0a84e88d907f758e6661f4e2b,81ade8886640be9444595ca92e4e35154cd621a8b6f0a0ae01245b39d4fa6bc4,client_test_01_router_a_majors,client-test-01,customer-test-01,0,"","",ETH/USD,"",0,failed,CrashRecovery,"daemon restarted with submitted transaction awaiting confirmation",0,0,,,1781798830461,,1781799117598,1781798830461
101,0xf9ba05debcda1370de8bd0ff8c00521c8d39b1274d40b0e3e4da4f7f1d8aa15d,81ade8886640be9444595ca92e4e35154cd621a8b6f0a0ae01245b39d4fa6bc4,client_test_01_router_a_majors,client-test-01,customer-test-01,0,"","",DOGE/USD,"",0,confirmed,,,0,0,,,1781798830465,1781798858834,,1781798830465
102,0x7444d22ce8688a1960ebdecde7fc09aabd5b854c01c70fc8eb2f49e891bb5c63,81ade8886640be9444595ca92e4e35154cd621a8b6f0a0ae01245b39d4fa6bc4,client_test_01_router_a_majors,client-test-01,customer-test-01,0,"","",USDC/USD,"",0,confirmed,,,0,0,,,1781798830470,1781798858843,,1781798830470
103,0x9c7e6732eb92f41f4c71dbf8e4d5845ec2aaf6dd04d2a1cdade58df34402122b,81ade8886640be9444595ca92e4e35154cd621a8b6f0a0ae01245b39d4fa6bc4,client_test_01_router_b_alts,client-test-01,customer-test-01,0,"","",NEIRO/USD,"",0,confirmed,,,0,0,,,1781798830476,1781798858851,,1781798830476
104,0xec3f5aea9cc60a18a76ef9bebe1ee609cf04e0b3906d0375f4cd2b909c9f3028,"",client_test_01_router_a_majors,client-test-01,customer-test-01,0,"","",BTC/USD,62742913395750005112832,1781798809,failed,CrashRecovery,"daemon restarted with submitted transaction awaiting confirmation",0,0,,,,,1781799117601,1781798858824
105,0x8a61c345ff8d5ee13b2ef76921d3481e1638cfc0a84e88d907f758e6661f4e2b,"",client_test_01_router_a_majors,client-test-01,customer-test-01,0,"","",ETH/USD,1703559385280053641216,1781798810,failed,CrashRecovery,"daemon restarted with submitted transaction awaiting confirmation",0,0,,,,,1781799117598,1781798858831
106,0xc70313415f8b2d74fabfa358352feacaec38c0f0114f87f48e7e4d75f27b8d74,74ee71cea3dc05c6ab632a7896c3c2694b6047029d0be59a4b0898442de6ec7b,client_test_01_router_a_majors,client-test-01,customer-test-01,0,"","",DOGE/USD,"",0,failed,CrashRecovery,"daemon restarted with submitted transaction awaiting confirmation",0,0,,,1781798871667,,1781799117595,1781798871667
107,0x2a6eda2246e5004c43eac638208ce40b7be48957e60b9b89c426d071f0287180,74ee71cea3dc05c6ab632a7896c3c2694b6047029d0be59a4b0898442de6ec7b,client_test_01_router_b_alts,client-test-01,customer-test-01,0,"","",NEIRO/USD,"",0,failed,CrashRecovery,"daemon restarted with submitted transaction awaiting confirmation",0,0,,,1781798871673,,1781799117593,1781798871673
108,0xeea22458435a999a2e849e74f39562fe9517c35f62f5e446feeebb9eab59b794,74ee71cea3dc05c6ab632a7896c3c2694b6047029d0be59a4b0898442de6ec7b,client_test_01_router_b_alts,client-test-01,customer-test-01,0,"","",ARB/USD,"",0,confirmed,,,0,0,,,1781798871680,1781798887252,,1781798871680
109,0x7444d22ce8688a1960ebdecde7fc09aabd5b854c01c70fc8eb2f49e891bb5c63,"",client_test_01_router_a_majors,client-test-01,customer-test-01,0,"","",USDC/USD,999728947000000000,1781798779,failed,NonMonotonicNonce,"Intent for USDC/USD superseded on chain; not submitted.",0,0,,,,,1781798887236,1781798887236
110,0xc70313415f8b2d74fabfa358352feacaec38c0f0114f87f48e7e4d75f27b8d74,"",client_test_01_router_a_majors,client-test-01,customer-test-01,0,"","",DOGE/USD,82341621533372112,1781798820,failed,CrashRecovery,"daemon restarted with submitted transaction awaiting confirmation",0,0,,,,,1781799117595,1781798887243
111,0x2a6eda2246e5004c43eac638208ce40b7be48957e60b9b89c426d071f0287180,"",client_test_01_router_b_alts,client-test-01,customer-test-01,0,"","",NEIRO/USD,64197558032740,1781798850,failed,CrashRecovery,"daemon restarted with submitted transaction awaiting confirmation",0,0,,,,,1781799117593,1781798887248
112,0x244e4563d8c871ed5d27969bc47e8a2d133f1f07d2b5cb452d42fca7a591c528,7d18bf428418ba47008da965d87cdbb85c9eb474180e1855dcde85c5cb29c5d8,client_test_01_router_a_majors,client-test-01,customer-test-01,0,"","",BTC/USD,"",0,confirmed,,,0,0,,,1781798898541,1781798923041,,1781798898541
113,0x573277b4ae7b6cd7839cfdb5a42599ca7ad89c0fd37e21f2a6e59de4d9dd9f1e,7d18bf428418ba47008da965d87cdbb85c9eb474180e1855dcde85c5cb29c5d8,client_test_01_router_a_majors,client-test-01,customer-test-01,0,"","",ETH/USD,"",0,confirmed,,,0,0,,,1781798898551,1781798923055,,1781798898551
114,0xcfb900773bba178c3da0979bcb08a3ab9bcce67136c443d214981df634818e1e,"",client_test_01_router_a_majors,client-test-01,customer-test-01,0,"","",BTC/USD,62715649799732506656768,1781798903,failed,NonMonotonicNonce,"Intent for BTC/USD superseded on chain; not submitted.",0,0,,,,,1781798927287,1781798927287
115,0xa1f3f21dc899276f0e04cde2c47a540369850ce48925ebb475f664477f70401d,"",client_test_01_router_a_majors,client-test-01,customer-test-01,0,"","",ETH/USD,1700413546674316378112,1781798905,failed,NonMonotonicNonce,"Intent for ETH/USD superseded on chain; not submitted.",0,0,,,,,1781798927294,1781798927294
116,0xbb19a1fb3ada654cb660e742139ae9478c65d8815a1c2ff06f96849e73fb7ebf,569d539d85d9f4690aa4625ee148b4959cd903624f3103002a8f46687c25608f,client_test_01_router_a_majors,client-test-01,customer-test-01,0,"","",ETH/USD,"",0,failed,CrashRecovery,"daemon restarted with submitted transaction awaiting confirmation",0,0,,,1781799040059,,1781799117590,1781799040059
117,0xc1e84784d2eb7136e3a23716a3c5ad441bcf28ffc44d7b9d742562dc49908d17,569d539d85d9f4690aa4625ee148b4959cd903624f3103002a8f46687c25608f,client_test_01_router_a_majors,client-test-01,customer-test-01,0,"","",USDT/USD,"",0,confirmed,,,0,0,,,1781799040067,1781799061781,,1781799040067
118,0xbb19a1fb3ada654cb660e742139ae9478c65d8815a1c2ff06f96849e73fb7ebf,"",client_test_01_router_a_majors,client-test-01,customer-test-01,0,"","",ETH/USD,1697971526550000107520,1781798997,failed,CrashRecovery,"daemon restarted with submitted transaction awaiting confirmation",0,0,,,,,1781799117590,1781799061778
119,0xb9da156acd0f2775c9a8097d485341a2244bf26c771734ba47fba039216f1e2f,26aa9c92fb59e96a3e7566e31d0c39db777206583c38eddf94f2055c92373a40,client_test_01_router_a_majors,client-test-01,customer-test-01,0,"","",ETH/USD,"",0,confirmed,,,0,0,,,1781799073452,1781799101759,,1781799073452
120,0x5d1bf2f084d46c653a5740a9f30a1ff2d67402ccdaee1f71ee883597dfb0f0a0,26aa9c92fb59e96a3e7566e31d0c39db777206583c38eddf94f2055c92373a40,client_test_01_router_a_majors,client-test-01,customer-test-01,0,"","",BTC/USD,"",0,confirmed,,,0,0,,,1781799073462,1781799101774,,1781799073462
121,0xcb993a26a5c10678b8b76c36a497efd0501c48e0b677b2af20b1920db868f393,4a9b9395d2d2a11eb6b19737de2e5dfe66cf6b2408cd4e596f10dcedb9543c3c,client_test_01_router_a_majors,client-test-01,customer-test-01,0,"","",USDC/USD,"",0,confirmed,,,0,0,,,1781799196841,1781799236439,,1781799196841
122,0x517c23ea828ba6e9c8374a0b9fcc0e4a872410ad78076e90accdcdf44f6ba973,4a9b9395d2d2a11eb6b19737de2e5dfe66cf6b2408cd4e596f10dcedb9543c3c,client_test_01_router_a_majors,client-test-01,customer-test-01,0,"","",DOGE/USD,"",0,confirmed,,,0,0,,,1781799196848,1781799236461,,1781799196848
123,0x0491a76d43e33fce56ac08b867af7c04eaee6fe1141844905ad89c6778712299,"",client_test_01_router_a_majors,client-test-01,customer-test-01,0,"","",USDC/USD,999737390603487872,1781799190,failed,NonMonotonicNonce,"Intent for USDC/USD superseded on chain; not submitted.",0,0,,,,,1781799240677,1781799240677
124,0xa656973979ae371fce6fed5c702c0deb1352ce927afae9ec3e7b6e88ed5999a5,"",client_test_01_router_a_majors,client-test-01,customer-test-01,0,"","",DOGE/USD,82334949094762392,1781799194,failed,NonMonotonicNonce,"Intent for DOGE/USD superseded on chain; not submitted.",0,0,,,,,1781799240691,1781799240691
125,0x45dbab8f0cae1a5d74d8c35b07105728bae9b343a9ef68d05f7cd3138f8b891d,fd7baaea9756827978641840073abf3f3f24f01b320c62c49d66f2f24e724eee,client_test_01_router_a_majors,client-test-01,customer-test-01,0,"","",USDT/USD,"",0,confirmed,,,0,0,,,1781799342029,1781799366918,,1781799342029
126,0x1d28c271094a312d4ff05d0e6892dfefa92915e2ee764658eb0aa77e060a5de2,466f96aa8f853810c87e710d400ac355220896bbf3eabb1be0547be82a4a9ff2,client_test_01_router_a_majors,client-test-01,customer-test-01,0,"","",ETH/USD,"",0,confirmed,,,0,0,,,1781799380107,1781799404818,,1781799380107
127,0xa2ccbf61f0208f8d882f9396bdff7f79c164e2970132bcf943aec223b061b9e2,466f96aa8f853810c87e710d400ac355220896bbf3eabb1be0547be82a4a9ff2,client_test_01_router_a_majors,client-test-01,customer-test-01,0,"","",BTC/USD,"",0,confirmed,,,0,0,,,1781799380122,1781799404832,,1781799380122
128,0xff79017ed8f7e9f9d7b27cd126d0d470ef4590588c5522ed4e55b29fe9a82438,466f96aa8f853810c87e710d400ac355220896bbf3eabb1be0547be82a4a9ff2,client_test_01_router_a_majors,client-test-01,customer-test-01,0,"","",USDC/USD,"",0,confirmed,,,0,0,,,1781799380131,1781799404840,,1781799380131
129,0x6dbcd42697031773b90ca6d5c52b792d5acf92f289cf25cdee71af3f3a2d052a,466f96aa8f853810c87e710d400ac355220896bbf3eabb1be0547be82a4a9ff2,client_test_01_router_a_majors,client-test-01,customer-test-01,0,"","",DOGE/USD,"",0,confirmed,,,0,0,,,1781799380135,1781799404848,,1781799380135
130,0x50314988144cb74f66489297b2086e7e9a0c131ebc9295d35c7986a18488be66,"",client_test_01_router_a_majors,client-test-01,customer-test-01,0,"","",ETH/USD,1691834927849300557824,1781799371,failed,NonMonotonicNonce,"Oracle intent nonce must be greater than the current on-chain nonce; intent superseded, not submitted.",0,0,,,,,1781799410380,1781799410380
131,0x3c60329a49f3d4cb494e6ef58f3a3c3af9410a36e1d94bdb970467ad046be634,dce9161eb82278b21d3e69206268efae36b18a0496185499e356183e8bc8724c,client_test_01_router_a_majors,client-test-01,customer-test-01,0,"","",ETH/USD,"",0,failed,CrashRecovery,"daemon restarted with submitted transaction awaiting confirmation",0,0,,,1781799602049,,1781799673634,1781799602049
132,0xfc3e23d0decd38c21a6a1b9f6ecb14318a48d315d6ea00720744c3367388ed85,dce9161eb82278b21d3e69206268efae36b18a0496185499e356183e8bc8724c,client_test_01_router_b_alts,client-test-01,customer-test-01,0,"","",XVG/USD,"",0,confirmed,,,0,0,,,1781799602055,1781799638643,,1781799602055
133,0x3c60329a49f3d4cb494e6ef58f3a3c3af9410a36e1d94bdb970467ad046be634,"",client_test_01_router_a_majors,client-test-01,customer-test-01,0,"","",ETH/USD,1688755662050658091008,1781799559,failed,CrashRecovery,"daemon restarted with submitted transaction awaiting confirmation",0,0,,,,,1781799673634,1781799638640
134,0x7879e4b693cd7bee4566f1c36b712d0ba7c60e0e7c7d2f47827bd60c81917300,c9759f87d5811fbf2cfaace1e92f227a727e3f5c5e58ff930fd554222c67c391,client_test_01_router_a_majors,client-test-01,customer-test-01,0,"","",USDT/USD,"",0,failed,CrashRecovery,"daemon restarted with submitted transaction awaiting confirmation",0,0,,,1781799653049,,1781799673632,1781799653049
135,0xe4e1d659d621bc04d12cf4e97330b7f8de0600093ace4964273b6f0bed6f351e,c9759f87d5811fbf2cfaace1e92f227a727e3f5c5e58ff930fd554222c67c391,client_test_01_router_b_alts,client-test-01,customer-test-01,0,"","",XVG/USD,"",0,failed,CrashRecovery,"daemon restarted with submitted transaction awaiting confirmation",0,0,,,1781799653059,,1781799673629,1781799653059
136,0xa1359dacd5942835756369336512a0cfc2bb5f881d9dc30c18061df8bcf60e59,c9759f87d5811fbf2cfaace1e92f227a727e3f5c5e58ff930fd554222c67c391,client_test_01_router_a_majors,client-test-01,customer-test-01,0,"","",ETH/USD,"",0,failed,CrashRecovery,"daemon restarted with submitted transaction awaiting confirmation",0,0,,,1781799653065,,1781799673628,1781799653065
137,0x8536928f5bc2ec17868e5eaa8234151ea76709bc2ddd5dc06390ad1e1dc0e074,c9759f87d5811fbf2cfaace1e92f227a727e3f5c5e58ff930fd554222c67c391,client_test_01_router_a_majors,client-test-01,customer-test-01,0,"","",BTC/USD,"",0,failed,CrashRecovery,"daemon restarted with submitted transaction awaiting confirmation",0,0,,,1781799653069,,1781799673625,1781799653069
138,0x4daf51d5de771f8bbc47daf817c162d68e474ca1b7b882d288552973cd043f0b,c9759f87d5811fbf2cfaace1e92f227a727e3f5c5e58ff930fd554222c67c391,client_test_01_router_a_majors,client-test-01,customer-test-01,0,"","",USDC/USD,"",0,failed,CrashRecovery,"daemon restarted with submitted transaction awaiting confirmation",0,0,,,1781799653075,,1781799673622,1781799653075
139,0x8ffecf60045cdf8402e5da4948e0f34e296f42d3136f047a5b6e3c6e0c45dadd,88238cf68452f8e7a5b256a46330e230f9e0af786a1f93c630baa274f1d14d65,client_test_01_router_a_majors,client-test-01,customer-test-01,0,"","",DOGE/USD,"",0,confirmed,,,0,0,,,1781799766977,1781799821549,,1781799766977
140,0x93e75c9a6793b56c47bb67cd9853489a4adc5618afc81d6d84fa380264f2bda9,"",client_test_02_router_default,client-test-02,customer-test-02,0,"","",BTC/USD,62602205673371757182976,1781799748,failed,NonMonotonicNonce,"Oracle intent nonce must be greater than the current on-chain nonce; intent superseded, not submitted.",0,0,,,,,1781799773287,1781799773287
141,0x38d7182e4d40960a162497029e0bb16ae89d316e5faaf6699da30600871c803c,211cc1696dd24a00bd8aa73ec28b4d2d4ef798823d69ae44d45c3a2bc7c4fd2e,client_test_01_router_a_majors,client-test-01,customer-test-01,0,"","",DOGE/USD,"",0,failed,CrashRecovery,"daemon restarted with submitted transaction awaiting confirmation",0,0,,,1781799831780,,1781799850217,1781799831780
142,0xe4711ffea81570f3156f4057359f651190ba78f1dd2300cae8b99baaca89344e,f4a4a3eef93e1631c42e4b310870dde236447ebcb22f7337b8f17b43d94dcc0f,client_test_02_router_default,client-test-02,customer-test-02,0,"","",BTC/USD,"",0,failed,CrashRecovery,"daemon restarted with submitted transaction awaiting confirmation",0,0,,,1781799942764,,1781799958203,1781799942764
143,0x13b16e1f7c12ed6bc064b323fbbb3d4f3d6dd11c61ebdaf442c05c986aadbf52,66f5d3fdece5727644690195daeb7c89519893c69b05901241eb165d9a74f7d3,client_test_01_router_a_majors,client-test-01,customer-test-01,0,"","",USDC/USD,"",0,failed,CrashRecovery,"daemon restarted with submitted transaction awaiting confirmation",0,0,,,1781800086305,,1781800132588,1781800086305
144,0x29531d070d7a9cbabaf3067f4befb46607fcd1eec4cd5c75a0c1197a29af3ffb,66f5d3fdece5727644690195daeb7c89519893c69b05901241eb165d9a74f7d3,client_test_01_router_a_majors,client-test-01,customer-test-01,0,"","",USDT/USD,"",0,confirmed,,,0,0,,,1781800086316,1781800113784,,1781800086316
145,0x13b16e1f7c12ed6bc064b323fbbb3d4f3d6dd11c61ebdaf442c05c986aadbf52,"",client_test_01_router_a_majors,client-test-01,customer-test-01,0,"","",USDC/USD,999760086531373632,1781800038,failed,CrashRecovery,"daemon restarted with submitted transaction awaiting confirmation",0,0,,,,,1781800132588,1781800113780
146,0x7d7442f9394e90814048ede69f55d9c2cf8a70146650f0b0a54a6e0ee26c924b,fc92d081933aa2bcea27ec5f44719d369ae3eaac0a1abec1050cee03e3c1ab07,client_test_01_router_a_majors,client-test-01,customer-test-01,0,"","",USDT/USD,"",0,failed,CrashRecovery,"daemon restarted with submitted transaction awaiting confirmation",0,0,,,1781800126648,,1781800132585,1781800126648
147,0x28e76eb19f8a3d264efe335d0adbc9e4f16d37d61c1e1852132c433b0d6066b2,fc92d081933aa2bcea27ec5f44719d369ae3eaac0a1abec1050cee03e3c1ab07,client_test_02_router_default,client-test-02,customer-test-02,0,"","",BTC/USD,"",0,failed,CrashRecovery,"daemon restarted with submitted transaction awaiting confirmation",0,0,,,1781800126655,,1781800132584,1781800126655
148,0x0b56b76d304c77e1aaabe101a1ed751f583fdf7105dcbf5e1bc0cce5b5da4acd,fc92d081933aa2bcea27ec5f44719d369ae3eaac0a1abec1050cee03e3c1ab07,client_test_01_router_a_majors,client-test-01,customer-test-01,0,"","",ETH/USD,"",0,failed,CrashRecovery,"daemon restarted with submitted transaction awaiting confirmation",0,0,,,1781800126661,,1781800132581,1781800126661
149,0x2423afdb7823a48ca26cde0e09cb44e7848619bc43c087a19fdf438f4c1c6051,fc92d081933aa2bcea27ec5f44719d369ae3eaac0a1abec1050cee03e3c1ab07,client_test_01_router_a_majors,client-test-01,customer-test-01,0,"","",USDC/USD,"",0,failed,CrashRecovery,"daemon restarted with submitted transaction awaiting confirmation",0,0,,,1781800126665,,1781800132578,1781800126665
150,0x8ca50d30b5ee3431cb440d6bf59ce4b606cb6fa0d61b320a5fcd89ded44e9e7a,"",client_test_01_router_a_majors,client-test-01,customer-test-01,0,"","",USDC/USD,999760682477733312,1781800131,failed,NonMonotonicNonce,"Oracle intent nonce must be greater than the current on-chain nonce; intent superseded, not submitted.",0,0,,,,,1781800174259,1781800174259
151,0x2b104f6d42b591bbb02c39c19248d372554e7b4fabb50fa1f0e7de7037fe7ac3,8a5b977f38f568f11ec830593e2fa929d0a8c765d4b16129b203293daa2e28c4,client_test_01_router_a_majors,client-test-01,customer-test-01,0,"","",BTC/USD,"",0,confirmed,,,0,0,,,1781800226616,1781800257129,,1781800226616
152,0x1eba5c3f74cd95ab977622ecdbef85cb37647ea23920fffbb8293adc1caa497a,8a5b977f38f568f11ec830593e2fa929d0a8c765d4b16129b203293daa2e28c4,client_test_01_router_a_majors,client-test-01,customer-test-01,0,"","",ETH/USD,"",0,confirmed,,,0,0,,,1781800226626,1781800257144,,1781800226626
153,0x6b52090841de9dd1dfead638dc2ad86babf12bbdb670f3ffd01c9bbc529752a7,8a5b977f38f568f11ec830593e2fa929d0a8c765d4b16129b203293daa2e28c4,client_test_01_router_a_majors,client-test-01,customer-test-01,0,"","",USDC/USD,"",0,confirmed,,,0,0,,,1781800226633,1781800257155,,1781800226633
154,0x58ad0ca10aa6d056561d6c24181a34b29d8fd2abe879a6f1895634dfe8d542b6,48b6f263becc6b444453feef5d4afe5e197911f85d6d16d926381540484dc98e,client_test_01_router_a_majors,client-test-01,customer-test-01,0,"","",BTC/USD,"",0,failed,CrashRecovery,"daemon restarted with submitted transaction awaiting confirmation",0,0,,,1781800274383,,1781800328928,1781800274383
155,0xd42c2124f2d580a336fcacecab0c3f3f94d0fbc391e02ce6d52d12462dc8cb71,48b6f263becc6b444453feef5d4afe5e197911f85d6d16d926381540484dc98e,client_test_01_router_a_majors,client-test-01,customer-test-01,0,"","",ETH/USD,"",0,failed,CrashRecovery,"daemon restarted with submitted transaction awaiting confirmation",0,0,,,1781800274388,,1781800328925,1781800274388
156,0x31d90f77435f5ff540f8911a2f6ab2d1a3bce0f2044e42e69584f78bfaa67160,48b6f263becc6b444453feef5d4afe5e197911f85d6d16d926381540484dc98e,client_test_01_router_a_majors,client-test-01,customer-test-01,0,"","",USDC/USD,"",0,failed,CrashRecovery,"daemon restarted with submitted transaction awaiting confirmation",0,0,,,1781800274392,,1781800328924,1781800274392
157,0xddb3f4edf118984aacd1c4c78ddbdbabda4abefe50610f667b14a3f3295c7651,48b6f263becc6b444453feef5d4afe5e197911f85d6d16d926381540484dc98e,client_test_01_router_a_majors,client-test-01,customer-test-01,0,"","",DOGE/USD,"",0,confirmed,,,0,0,,,1781800274398,1781800299115,,1781800274398
158,0x1677f98e89f5792bc937ed9cb72e79c93d8d3aa2cae324dd8623dd976a38e676,48b6f263becc6b444453feef5d4afe5e197911f85d6d16d926381540484dc98e,client_test_01_router_b_alts,client-test-01,customer-test-01,0,"","",SHIB/USD,"",0,confirmed,,,0,0,,,1781800274403,1781800299127,,1781800274403
159,0x200840001b4f118681fb516c7bc0c7c970ee8dc8599b274406aebfe999e58694,48b6f263becc6b444453feef5d4afe5e197911f85d6d16d926381540484dc98e,client_test_01_router_b_alts,client-test-01,customer-test-01,0,"","",NEIRO/USD,"",0,confirmed,,,0,0,,,1781800274407,1781800299137,,1781800274407
160,0x4d5e17158ed530cfe827fef85b80bdb1126023e59b271477b2be423dfc7fdd5a,48b6f263becc6b444453feef5d4afe5e197911f85d6d16d926381540484dc98e,client_test_01_router_a_majors,client-test-01,customer-test-01,0,"","",USDT/USD,"",0,confirmed,,,0,0,,,1781800274412,1781800299146,,1781800274412
161,0x91cb592a49ae1efde7fdde512623964a9eef24c3662d771a3c7c6142e6218aeb,48b6f263becc6b444453feef5d4afe5e197911f85d6d16d926381540484dc98e,client_test_01_router_b_alts,client-test-01,customer-test-01,0,"","",XVG/USD,"",0,confirmed,,,0,0,,,1781800274416,1781800299156,,1781800274416
162,0x58ad0ca10aa6d056561d6c24181a34b29d8fd2abe879a6f1895634dfe8d542b6,"",client_test_01_router_a_majors,client-test-01,customer-test-01,0,"","",BTC/USD,62588540519146430922752,1781800216,failed,CrashRecovery,"daemon restarted with submitted transaction awaiting confirmation",0,0,,,,,1781800328928,1781800299091
163,0xd42c2124f2d580a336fcacecab0c3f3f94d0fbc391e02ce6d52d12462dc8cb71,"",client_test_01_router_a_majors,client-test-01,customer-test-01,0,"","",ETH/USD,1687041097444881727488,1781800217,failed,CrashRecovery,"daemon restarted with submitted transaction awaiting confirmation",0,0,,,,,1781800328925,1781800299105
164,0x31d90f77435f5ff540f8911a2f6ab2d1a3bce0f2044e42e69584f78bfaa67160,"",client_test_01_router_a_majors,client-test-01,customer-test-01,0,"","",USDC/USD,999769809676123520,1781800223,failed,CrashRecovery,"daemon restarted with submitted transaction awaiting confirmation",0,0,,,,,1781800328924,1781800299112
165,0x1d50ad7422b94dc70fb6d18466dff20f64ceb4ec9c14011e28d0408527ca52d4,b12f005554666fb21c3894cb7422ae846f4624a8bb967c394f90dd33e6622589,client_test_01_router_b_alts,client-test-01,customer-test-01,0,"","",LTC/USD,"",0,failed,CrashRecovery,"daemon restarted with submitted transaction awaiting confirmation",0,0,,,1781800311030,,1781800328921,1781800311030
166,0xcab0d191936ce77022009a85aeb131b679b04fb99fd429edd589ec187dcc8710,b12f005554666fb21c3894cb7422ae846f4624a8bb967c394f90dd33e6622589,client_test_01_router_b_alts,client-test-01,customer-test-01,0,"","",ARB/USD,"",0,failed,CrashRecovery,"daemon restarted with submitted transaction awaiting confirmation",0,0,,,1781800311040,,1781800328919,1781800311040
167,0xe5ace26c60f9c93fde45d13db9742a637b0a3e0e11ef563d0d75b95d60afcaa4,b12f005554666fb21c3894cb7422ae846f4624a8bb967c394f90dd33e6622589,client_test_01_router_a_majors,client-test-01,customer-test-01,0,"","",DOGE/USD,"",0,failed,CrashRecovery,"daemon restarted with submitted transaction awaiting confirmation",0,0,,,1781800311045,,1781800328916,1781800311045
168,0x1617aa87e6ccebbc583ee22168be61fa2bc763625ff14dfe5ab7057ef0265034,1e04533ddce420b434d15077bb6ef6d001f20cd11f4c4d91927dc21d1188be16,client_test_01_router_b_alts,client-test-01,customer-test-01,0,"","",ARB/USD,"",0,failed,CrashRecovery,"daemon restarted with submitted transaction awaiting confirmation",0,0,,,1781800403386,,1781800435563,1781800403386
169,0xeed4e76029619bff3e19e4dfa2ef948ed95f5d9913627ae8b29cd66e042ecf01,4f5358ab83ebf9d2951e447d412196efc6ab61a8592116624583e49165c886bf,client_test_01_router_a_majors,client-test-01,customer-test-01,0,"","",USDT/USD,"",0,failed,CrashRecovery,"daemon restarted with submitted transaction awaiting confirmation",0,0,,,1781800589792,,1781800619018,1781800589792
170,0x9d76ef702c5342d8cb30c523c835ed5f6480ff6d908a3cd95df8379aacd80136,4f5358ab83ebf9d2951e447d412196efc6ab61a8592116624583e49165c886bf,client_test_01_router_a_majors,client-test-01,customer-test-01,0,"","",BTC/USD,"",0,failed,CrashRecovery,"daemon restarted with submitted transaction awaiting confirmation",0,0,,,1781800589797,,1781800619015,1781800589797
171,0x2dfc61c7cfcb2993fc1de7e938eb177da1f50724efeb3f2e7c02f42a49243947,4f5358ab83ebf9d2951e447d412196efc6ab61a8592116624583e49165c886bf,client_test_01_router_a_majors,client-test-01,customer-test-01,0,"","",ETH/USD,"",0,failed,CrashRecovery,"daemon restarted with submitted transaction awaiting confirmation",0,0,,,1781800589803,,1781800619012,1781800589803
172,0x0bb667572dfb45c025e154260b0af5ad250a9104f16fa19cfaa28efd26280828,4f5358ab83ebf9d2951e447d412196efc6ab61a8592116624583e49165c886bf,client_test_01_router_a_majors,client-test-01,customer-test-01,0,"","",USDC/USD,"",0,failed,CrashRecovery,"daemon restarted with submitted transaction awaiting confirmation",0,0,,,1781800589807,,1781800619008,1781800589807
173,0xe881608e3360b5de2eea8a1a20bdc951e8e704af3f07176ad51d80ad3f0ba2cd,b3c9c501fe55bfd406d933208beb058517a17745a387f9a71545c8191a6414ba,client_test_02_router_default,client-test-02,customer-test-02,0,"","",BTC/USD,"",0,failed,CrashRecovery,"daemon restarted with submitted transaction awaiting confirmation",0,0,,,1781800723325,,1781800725597,1781800723325
174,0xb3511c8c215c7d6a240302777b36027511f089f1f064ef811a15255aeca4f241,ec9e562b7a26c99b23e7c71ca09daa1b7a039d69b16be1197960b8ff28d7ac48,client_test_02_router_default,client-test-02,customer-test-02,0,"","",BTC/USD,"",0,confirmed,,,0,0,,,1781800792731,1781800805259,,1781800792731
175,0xed0650776ec2f633c25da93ebcf131aacf2159c11b0fa4590aa3ee53fab99f10,12f6dfee59424857ccab305a3a91d6d4d49d4eba324f346845241da80c96f5d4,client_test_01_router_a_majors,client-test-01,customer-test-01,0,"","",DOGE/USD,"",0,confirmed,,,0,0,,,1781800803273,1781800905626,,1781800803273
176,0x8f18b2a186daa5b8f2a8c6680a517dc76f59b470377d1ae4ceeb804e4f6f51e0,"",client_test_02_router_default,client-test-02,customer-test-02,0,"","",BTC/USD,62549365886969257656320,1781800785,failed,NonMonotonicNonce,"Oracle intent nonce must be greater than the current on-chain nonce; intent superseded, not submitted.",0,0,,,,,1781800810618,1781800810618
177,0x5cf6afa73fdd43722b9334146b9f40b436c74b19586793ef33b8ffa00fd4a4ff,3194e703527ff8f6e3737a69466842cf5938c83da875bff4b93ec16af7fd2435,client_test_01_router_a_majors,client-test-01,customer-test-01,0,"","",DOGE/USD,"",0,failed,CrashRecovery,"daemon restarted with submitted transaction awaiting confirmation",0,0,,,1781800919660,,1781801490535,1781800919660
178,0x25a39149d4aa2e3425cb97d9798996265e2a75d1607bc943a8bacee308da29e6,3194e703527ff8f6e3737a69466842cf5938c83da875bff4b93ec16af7fd2435,client_test_01_router_a_majors,client-test-01,customer-test-01,0,"","",USDT/USD,"",0,confirmed,,,0,0,,,1781800919670,1781800962079,,1781800919670
179,0x93f92710a7e0566d1fdcf1bc6ee93fb8508e1d50c70d41a8d4ad05819f880a65,3194e703527ff8f6e3737a69466842cf5938c83da875bff4b93ec16af7fd2435,client_test_01_router_a_majors,client-test-01,customer-test-01,0,"","",BTC/USD,"",0,confirmed,,,0,0,,,1781800919676,1781800962091,,1781800919676
180,0xae436879612946c921ca1f53575af12ed00aedff74135f6381d428e949d3905a,3194e703527ff8f6e3737a69466842cf5938c83da875bff4b93ec16af7fd2435,client_test_01_router_a_majors,client-test-01,customer-test-01,0,"","",ETH/USD,"",0,confirmed,,,0,0,,,1781800919680,1781800962103,,1781800919680
181,0x3f058991bd8b8081525626e6bd082763a170676efea535980b9ab49164579854,3194e703527ff8f6e3737a69466842cf5938c83da875bff4b93ec16af7fd2435,client_test_01_router_a_majors,client-test-01,customer-test-01,0,"","",USDC/USD,"",0,confirmed,,,0,0,,,1781800919684,1781800962114,,1781800919684
182,0x5cf6afa73fdd43722b9334146b9f40b436c74b19586793ef33b8ffa00fd4a4ff,"",client_test_01_router_a_majors,client-test-01,customer-test-01,0,"","",DOGE/USD,82294318361539360,1781800892,failed,CrashRecovery,"daemon restarted with submitted transaction awaiting confirmation",0,0,,,,,1781801490535,1781800962075
183,0xe473b72534efd68e05ac5e7df0f0575f58f3fdbd6118eb8edec74e19757cfe4f,822b4a95880bbb404e02c2fa477ef95063dbb0180dc8f830208a4dfee18f647e,client_test_01_router_a_majors,client-test-01,customer-test-01,0,"","",USDT/USD,"",0,failed,CrashRecovery,"daemon restarted with submitted transaction awaiting confirmation",0,0,,,1781800974870,,1781801490533,1781800974870
184,0x049d2c984bde7112b7aa66fdfa3c7b103495b0a6179f7656386c4962d1ffddfe,822b4a95880bbb404e02c2fa477ef95063dbb0180dc8f830208a4dfee18f647e,client_test_01_router_a_majors,client-test-01,customer-test-01,0,"","",BTC/USD,"",0,confirmed,,,0,0,,,1781800974880,1781801002764,,1781800974880
185,0x469a122a1883897aed594662e383d952303a40b4c501611ca3f5cdaf76ef45f2,822b4a95880bbb404e02c2fa477ef95063dbb0180dc8f830208a4dfee18f647e,client_test_01_router_a_majors,client-test-01,customer-test-01,0,"","",ETH/USD,"",0,confirmed,,,0,0,,,1781800974889,1781801002773,,1781800974889
186,0xa3a8c799573e017b00295a408056fcf0e39a368f98b577cb47fe876301cbb88c,822b4a95880bbb404e02c2fa477ef95063dbb0180dc8f830208a4dfee18f647e,client_test_01_router_a_majors,client-test-01,customer-test-01,0,"","",USDC/USD,"",0,confirmed,,,0,0,,,1781800974897,1781801002781,,1781800974897
187,0xe473b72534efd68e05ac5e7df0f0575f58f3fdbd6118eb8edec74e19757cfe4f,"",client_test_01_router_a_majors,client-test-01,customer-test-01,0,"","",USDT/USD,998840200732160064,1781800935,failed,CrashRecovery,"daemon restarted with submitted transaction awaiting confirmation",0,0,,,,,1781801490533,1781801002760
188,0x725ee7893c9fa04f3f04bdeed434f6a78b743c6432abe16be8ee3dfc2bc3e088,ebbb5c887410be2ed8fb6110e12acd2c72fd84021cb44c22b6d961399bbf246f,client_test_01_router_a_majors,client-test-01,customer-test-01,0,"","",USDT/USD,"",0,confirmed,,,0,0,,,1781801160443,1781801188036,,1781801160443
189,0x0d2a22b0a4a647dcbd46f47f978da44c70316a0a4129eac80406eebd92740eec,eb002c6ed82969724360b2639dfc88abe1c82553637935e5c6477ca3b7a6934a,client_test_01_router_a_majors,client-test-01,customer-test-01,0,"","",BTC/USD,"",0,confirmed,,,0,0,,,1781801201578,1781801334092,,1781801201578
190,0x18ff5b542788550c1a91b62ed29557318750bbe6506a797be37a809b78cf3e92,eb002c6ed82969724360b2639dfc88abe1c82553637935e5c6477ca3b7a6934a,client_test_01_router_a_majors,client-test-01,customer-test-01,0,"","",ETH/USD,"",0,confirmed,,,0,0,,,1781801201588,1781801334103,,1781801201588
191,0xb4979d28e0801d3c227de105a43a7570f7224ffb53bcfaef174f472cc8d024ee,eb002c6ed82969724360b2639dfc88abe1c82553637935e5c6477ca3b7a6934a,client_test_01_router_a_majors,client-test-01,customer-test-01,0,"","",USDC/USD,"",0,confirmed,,,0,0,,,1781801201594,1781801334111,,1781801201594
192,0x181f6d9599f0bf90046d80dcecfe66ff2844bb400f811bbd652f9ae9537a188a,eb002c6ed82969724360b2639dfc88abe1c82553637935e5c6477ca3b7a6934a,client_test_01_router_a_majors,client-test-01,customer-test-01,0,"","",DOGE/USD,"",0,confirmed,,,0,0,,,1781801201598,1781801334120,,1781801201598
193,0x401644fc60156ffb519adbaf46dc3e9375beafc92533ee715529e33c60f5ddf0,ae98812ed69f3eb7a60944db3a46aaf043621414d67b2bcc72d8cdf32a57d29d,client_test_01_router_a_majors,client-test-01,customer-test-01,0,"","",BTC/USD,"",0,confirmed,,,0,0,,,1781801347398,1781801362946,,1781801347398
194,0xd9b27558fd568fb3e08af2596998abca37b8823014681caafa4132a79880938f,ae98812ed69f3eb7a60944db3a46aaf043621414d67b2bcc72d8cdf32a57d29d,client_test_01_router_a_majors,client-test-01,customer-test-01,0,"","",ETH/USD,"",0,confirmed,,,0,0,,,1781801347408,1781801362956,,1781801347408
195,0xb964bb03f901e10d784b1d41bba53ee818bd91d8dfbf60a898b56174b4164f05,ae98812ed69f3eb7a60944db3a46aaf043621414d67b2bcc72d8cdf32a57d29d,client_test_01_router_a_majors,client-test-01,customer-test-01,0,"","",USDC/USD,"",0,confirmed,,,0,0,,,1781801347412,1781801362965,,1781801347412
196,0xf65612209ae6dac6ca07ca3b9bf8252faa95dbd9bea9fc4ae0a6f6ed3c907f3c,ae98812ed69f3eb7a60944db3a46aaf043621414d67b2bcc72d8cdf32a57d29d,client_test_01_router_a_majors,client-test-01,customer-test-01,0,"","",DOGE/USD,"",0,failed,CrashRecovery,"daemon restarted with submitted transaction awaiting confirmation",0,0,,,1781801347416,,1781801490530,1781801347416
197,0xf65612209ae6dac6ca07ca3b9bf8252faa95dbd9bea9fc4ae0a6f6ed3c907f3c,"",client_test_01_router_a_majors,client-test-01,customer-test-01,0,"","",DOGE/USD,82340778931467168,1781801275,failed,CrashRecovery,"daemon restarted with submitted transaction awaiting confirmation",0,0,,,,,1781801490530,1781801362976
198,0xb615d125fb13d88ac623fc7388f5be9bb0451e02528683056ec67b330e31fae6,aaec714a5a6f097ed6353f676ea902ff8d5f2e772f71e1d437624372d4ae0a5c,client_test_01_router_a_majors,client-test-01,customer-test-01,0,"","",USDT/USD,"",0,confirmed,,,0,0,,,1781801459606,1781801475102,,1781801459606
199,0x82a8a26a22ac9fc64e658f47e34790d32dca90fd3bd3f4892e884f27b62cb85a,aa173e1289e0c27485f972ac33a9751b142fce430e644602f29ef4e20366ad5b,client_test_02_router_default,client-test-02,customer-test-02,0,"","",BTC/USD,"",0,failed,CrashRecovery,"daemon restarted with submitted transaction awaiting confirmation",0,0,,,1781801467297,,1781801490526,1781801467297
200,0xfd6d05fb0dce1ca93b3eda43b1cf21d442087101b9bb1e0772b8deb5ee9de42f,8c4a898392d92a7adb725f88573352030c1ef3d1e5a10d4eed31b66a80ebccb7,client_test_01_router_a_majors,client-test-01,customer-test-01,0,"","",BTC/USD,"",0,confirmed,,,0,0,,,1781801597862,1781801644076,,1781801597862
201,0xccf981a2f652571e3188797371945f1d50b172a629206e5d6ac194384dbdc195,8c4a898392d92a7adb725f88573352030c1ef3d1e5a10d4eed31b66a80ebccb7,client_test_01_router_a_majors,client-test-01,customer-test-01,0,"","",ETH/USD,"",0,confirmed,,,0,0,,,1781801597873,1781801644090,,1781801597873
202,0x22d6c70e858b5fc4f93a07f4eacdc8a975079889e42227a8b36b30815949c46e,8c4a898392d92a7adb725f88573352030c1ef3d1e5a10d4eed31b66a80ebccb7,client_test_01_router_a_majors,client-test-01,customer-test-01,0,"","",USDC/USD,"",0,confirmed,,,0,0,,,1781801597878,1781801644100,,1781801597878
203,0xe2fc56179c86965d943aa7150c7d1ebd821d1f55d7bde289bfc35587e022efcf,8c4a898392d92a7adb725f88573352030c1ef3d1e5a10d4eed31b66a80ebccb7,client_test_01_router_a_majors,client-test-01,customer-test-01,0,"","",DOGE/USD,"",0,confirmed,,,0,0,,,1781801597883,1781801644108,,1781801597883
204,0x0b5f6d7d0f961e6daf99f9fef69cf19346090769178e2e42a774c80c49dc5c91,9e379f2dda0e7fec9518285d248345e032d381c44f9222e6808d8990d0fe5c4c,client_test_01_router_a_majors,client-test-01,customer-test-01,0,"","",DOGE/USD,"",0,confirmed,,,0,0,,,1781801654253,1781801696764,,1781801654253
205,0x54bb2b96fc1f57f01cf29f9bca6734919337e9aed7ed995e6ff3cd3775342465,d246a69621d777e2f8863cd55e661d6f83f6ed97c852272cb51db4acd17d4c83,client_test_01_router_a_majors,client-test-01,customer-test-01,0,"","",USDT/USD,"",0,confirmed,,,0,0,,,1781801745550,1781801776358,,1781801745550
206,0xd1d0b2ccd7553e61da242806a59906d5fe8d2aceb4818ae0dcea000a160016cd,600d69b693d80158c32bce35e421c1f4713c82915c80904c25c4ed5433bec64f,client_test_01_router_a_majors,client-test-01,customer-test-01,0,"","",BTC/USD,"",0,confirmed,,,0,0,,,1781801790273,1781801811883,,1781801790273
207,0xa657cb75d7395b3a07124d54663cdb244a13ce10f78bb158a1524a90ef365277,600d69b693d80158c32bce35e421c1f4713c82915c80904c25c4ed5433bec64f,client_test_01_router_a_majors,client-test-01,customer-test-01,0,"","",ETH/USD,"",0,confirmed,,,0,0,,,1781801790283,1781801811897,,1781801790283
208,0x011dd2a5bdaabe8931d7114e3868acb295a185064cdbf240daa5f824846e1755,600d69b693d80158c32bce35e421c1f4713c82915c80904c25c4ed5433bec64f,client_test_01_router_a_majors,client-test-01,customer-test-01,0,"","",USDC/USD,"",0,confirmed,,,0,0,,,1781801790287,1781801811908,,1781801790287
209,0x093eca85b985b5fabd39ac370c4e959a7504a1b6dbb9436be3dfdaf3b3bf492a,600d69b693d80158c32bce35e421c1f4713c82915c80904c25c4ed5433bec64f,client_test_01_router_a_majors,client-test-01,customer-test-01,0,"","",DOGE/USD,"",0,confirmed,,,0,0,,,1781801790292,1781801811922,,1781801790292
210,0xb11562a5a2b54f85ae6941c2b1a87b20f9c43b03e3bc3b30c29a78c283f9f90e,600d69b693d80158c32bce35e421c1f4713c82915c80904c25c4ed5433bec64f,client_test_01_router_a_majors,client-test-01,customer-test-01,0,"","",USDT/USD,"",0,confirmed,,,0,0,,,1781801790296,1781801811935,,1781801790296
211,0xfbd637589fa5e3c5411ed9b0e5c1a74ca2d4b4ea60915a7ea7e6106dfdd85037,0cdb8221c15815caa56ff92012484a5596934dde5d5c05f085b8239f22e088f9,client_test_01_router_b_alts,client-test-01,customer-test-01,0,"","",LTC/USD,"",0,failed,CrashRecovery,"daemon restarted with submitted transaction awaiting confirmation",0,0,,,1781802045077,,1781802076475,1781802045077
212,0x0b757dd335454ec48460106e40015bf75c0c87ff9c25ba581185d22d38b84fa4,0cdb8221c15815caa56ff92012484a5596934dde5d5c05f085b8239f22e088f9,client_test_01_router_b_alts,client-test-01,customer-test-01,0,"","",ARB/USD,"",0,failed,CrashRecovery,"daemon restarted with submitted transaction awaiting confirmation",0,0,,,1781802045088,,1781802076472,1781802045088
213,0x5fbac69b799d88a27134c1af7e3832ebbba514349fd2f0570a9eabaec42a25b9,d90fc061eb912f1cc9a65de21bc8fe12d50939d7b48a2caaf8104f2333cbdc73,client_test_02_router_default,client-test-02,customer-test-02,0,"","",BTC/USD,"",0,failed,CrashRecovery,"daemon restarted with submitted transaction awaiting confirmation",0,0,,,1781802139063,,1781802158756,1781802139063
214,0xd5c2bb5f20839c0e7be3f188f2fcc70505391a0aebd1d6ade3fc1ee9c3ccf0d7,eea531be73c56839620e6712231565691096246c328b6e9d62b35ee8bb786bbf,client_test_01_router_b_alts,client-test-01,customer-test-01,0,"","",NEIRO/USD,"",0,failed,CrashRecovery,"daemon restarted with submitted transaction awaiting confirmation",0,0,,,1781802218494,,1781802714596,1781802218494
215,0xfd847135ea8fd36f829b2e2c5da8be1ab76593596db2b75cb9b0f50cefecc013,eea531be73c56839620e6712231565691096246c328b6e9d62b35ee8bb786bbf,client_test_01_router_b_alts,client-test-01,customer-test-01,0,"","",XVG/USD,"",0,failed,CrashRecovery,"daemon restarted with submitted transaction awaiting confirmation",0,0,,,1781802218508,,1781802714595,1781802218508
216,0x384ca070399b142e52783dbc65ac4bfe286497e75fa1d16a2dbadeb1ae449fae,eea531be73c56839620e6712231565691096246c328b6e9d62b35ee8bb786bbf,client_test_01_router_a_majors,client-test-01,customer-test-01,0,"","",USDT/USD,"",0,failed,CrashRecovery,"daemon restarted with submitted transaction awaiting confirmation",0,0,,,1781802218512,,1781802714592,1781802218512
217,0xf72adaaa7f3c454c7045c5f3df4bb8138d8a85082a2e49567688668739233470,eea531be73c56839620e6712231565691096246c328b6e9d62b35ee8bb786bbf,client_test_01_router_a_majors,client-test-01,customer-test-01,0,"","",BTC/USD,"",0,confirmed,,,0,0,,,1781802218518,1781802243534,,1781802218518
218,0x28b5dedd1a55475f9f0f20bf93b72e490aec25209c6bf3de6f8e25ccc102e9cc,eea531be73c56839620e6712231565691096246c328b6e9d62b35ee8bb786bbf,client_test_01_router_a_majors,client-test-01,customer-test-01,0,"","",ETH/USD,"",0,confirmed,,,0,0,,,1781802218522,1781802243543,,1781802218522
219,0xe7e6da28e03c16c78baccefb48c1e6344a07d3269e09bf2e5c6c564a21a93228,eea531be73c56839620e6712231565691096246c328b6e9d62b35ee8bb786bbf,client_test_01_router_a_majors,client-test-01,customer-test-01,0,"","",USDC/USD,"",0,confirmed,,,0,0,,,1781802218526,1781802243550,,1781802218526
220,0xd5c2bb5f20839c0e7be3f188f2fcc70505391a0aebd1d6ade3fc1ee9c3ccf0d7,"",client_test_01_router_b_alts,client-test-01,customer-test-01,0,"","",NEIRO/USD,64210515725000,1781802171,failed,CrashRecovery,"daemon restarted with submitted transaction awaiting confirmation",0,0,,,,,1781802714596,1781802243518
221,0xfd847135ea8fd36f829b2e2c5da8be1ab76593596db2b75cb9b0f50cefecc013,"",client_test_01_router_b_alts,client-test-01,customer-test-01,0,"","",XVG/USD,2499062897614528,1781802181,failed,CrashRecovery,"daemon restarted with submitted transaction awaiting confirmation",0,0,,,,,1781802714595,1781802243525
222,0x384ca070399b142e52783dbc65ac4bfe286497e75fa1d16a2dbadeb1ae449fae,"",client_test_01_router_a_majors,client-test-01,customer-test-01,0,"","",USDT/USD,998770000000000000,1781802183,failed,CrashRecovery,"daemon restarted with submitted transaction awaiting confirmation",0,0,,,,,1781802714592,1781802243530
223,0xd6c33624a61bb20bb50877611ec501746753f11638231be2bbe8513960c8cbf0,fc19a3535bd26daf913cdb975d6c9470b3406b6b6a0e6e2de998030cb359dcd7,client_test_01_router_a_majors,client-test-01,customer-test-01,0,"","",DOGE/USD,"",0,failed,CrashRecovery,"daemon restarted with submitted transaction awaiting confirmation",0,0,,,1781802259701,,1781802714591,1781802259701
224,0xe3174b8b375d022976ed0cd51e239390d912324a876c3605f70e6d1839349838,fc19a3535bd26daf913cdb975d6c9470b3406b6b6a0e6e2de998030cb359dcd7,client_test_01_router_b_alts,client-test-01,customer-test-01,0,"","",SHIB/USD,"",0,failed,CrashRecovery,"daemon restarted with submitted transaction awaiting confirmation",0,0,,,1781802259711,,1781802714588,1781802259711
225,0x654429df1fc490399c757fa241bd6e94861875ea9216f83c4874f524863d4bbf,fc19a3535bd26daf913cdb975d6c9470b3406b6b6a0e6e2de998030cb359dcd7,client_test_01_router_a_majors,client-test-01,customer-test-01,0,"","",BTC/USD,"",0,failed,CrashRecovery,"daemon restarted with submitted transaction awaiting confirmation",0,0,,,1781802259717,,1781802714587,1781802259717
226,0xfc081e725c7b341bbcc21f5d199ae007a72d8e3c6e32e63ba2dccbee708e9719,fc19a3535bd26daf913cdb975d6c9470b3406b6b6a0e6e2de998030cb359dcd7,client_test_01_router_a_majors,client-test-01,customer-test-01,0,"","",ETH/USD,"",0,failed,CrashRecovery,"daemon restarted with submitted transaction awaiting confirmation",0,0,,,1781802259721,,1781802714584,1781802259721
227,0x5b6ab80ece3504d36799f90941ce6cc2170fb8b46bdfb36266bd39265fa47b16,fc19a3535bd26daf913cdb975d6c9470b3406b6b6a0e6e2de998030cb359dcd7,client_test_01_router_a_majors,client-test-01,customer-test-01,0,"","",USDC/USD,"",0,failed,CrashRecovery,"daemon restarted with submitted transaction awaiting confirmation",0,0,,,1781802259725,,1781802714581,1781802259725
228,0x09b04d223e6bbb70ff1033b7d31e460667c76d7ebfdf153cd4aec10ba3c33b0e,fc19a3535bd26daf913cdb975d6c9470b3406b6b6a0e6e2de998030cb359dcd7,client_test_01_router_b_alts,client-test-01,customer-test-01,0,"","",NEIRO/USD,"",0,confirmed,,,0,0,,,1781802259729,1781802296855,,1781802259729
229,0xa0ab9f4f3033829f0ef0705385da312c8d396f676c80e26ee38ccae8cbd3ccfd,fc19a3535bd26daf913cdb975d6c9470b3406b6b6a0e6e2de998030cb359dcd7,client_test_01_router_b_alts,client-test-01,customer-test-01,0,"","",XVG/USD,"",0,confirmed,,,0,0,,,1781802259734,1781802296863,,1781802259734
230,0xd6c33624a61bb20bb50877611ec501746753f11638231be2bbe8513960c8cbf0,"",client_test_01_router_a_majors,client-test-01,customer-test-01,0,"","",DOGE/USD,82415794913855984,1781802237,failed,CrashRecovery,"daemon restarted with submitted transaction awaiting confirmation",0,0,,,,,1781802714591,1781802296826
231,0xe3174b8b375d022976ed0cd51e239390d912324a876c3605f70e6d1839349838,"",client_test_01_router_b_alts,client-test-01,customer-test-01,0,"","",SHIB/USD,4674384000000,1781802238,failed,CrashRecovery,"daemon restarted with submitted transaction awaiting confirmation",0,0,,,,,1781802714588,1781802296833
232,0x654429df1fc490399c757fa241bd6e94861875ea9216f83c4874f524863d4bbf,"",client_test_01_router_a_majors,client-test-01,customer-test-01,0,"","",BTC/USD,62603649434357570994176,1781802225,failed,CrashRecovery,"daemon restarted with submitted transaction awaiting confirmation",0,0,,,,,1781802714587,1781802296838
233,0xfc081e725c7b341bbcc21f5d199ae007a72d8e3c6e32e63ba2dccbee708e9719,"",client_test_01_router_a_majors,client-test-01,customer-test-01,0,"","",ETH/USD,1684821995115968987136,1781802227,failed,CrashRecovery,"daemon restarted with submitted transaction awaiting confirmation",0,0,,,,,1781802714584,1781802296847
234,0x5b6ab80ece3504d36799f90941ce6cc2170fb8b46bdfb36266bd39265fa47b16,"",client_test_01_router_a_majors,client-test-01,customer-test-01,0,"","",USDC/USD,999778802100000128,1781802233,failed,CrashRecovery,"daemon restarted with submitted transaction awaiting confirmation",0,0,,,,,1781802714581,1781802296853
235,0xf03354343dc12837ffaa611a95bfa9f7cc706404fc350ab5ce267b349f6ba26e,"",client_test_01_router_a_majors,client-test-01,customer-test-01,0,"","",USDT/USD,998770000000000000,1781802277,failed,NonMonotonicNonce,"Intent for USDT/USD superseded on chain; not submitted.",0,0,,,,,1781802302086,1781802302086
236,0x52fe9998cfebac7e93466025af70b84827f90498e774c14a9042fd7cb4aeb779,"",client_test_01_router_b_alts,client-test-01,customer-test-01,0,"","",NEIRO/USD,64213334175000,1781802265,failed,NonMonotonicNonce,"Intent for NEIRO/USD superseded on chain; not submitted.",0,0,,,,,1781802302092,1781802302092
237,0xb78414863398f57d93784ae959a100e7343d0843905429e93b45782c75fdce31,"",client_test_01_router_b_alts,client-test-01,customer-test-01,0,"","",XVG/USD,2499062897614528,1781802275,failed,NonMonotonicNonce,"Intent for XVG/USD superseded on chain; not submitted.",0,0,,,,,1781802302097,1781802302097
238,0xcaedab1afa7e0651a4d95a7807a337f018607fcb5498e543882fdc54686c1b88,a8b487c9b3c278a875b65c59f3f57085746497eeaac33194be73961949fff08d,client_test_01_router_a_majors,client-test-01,customer-test-01,0,"","",DOGE/USD,"",0,confirmed,,,0,0,,,1781802313021,1781802350135,,1781802313021
239,0xf0072492938b2a449a9cfac0c216587d8dff4cee63b0819d45693fb386bde744,a8b487c9b3c278a875b65c59f3f57085746497eeaac33194be73961949fff08d,client_test_01_router_b_alts,client-test-01,customer-test-01,0,"","",SHIB/USD,"",0,confirmed,,,0,0,,,1781802313034,1781802350146,,1781802313034
240,0x5bb1b4f2a87b733c5b79d9a9bc32aa0ed4a6408e018df49d807978f93271240a,b3bc8e97e97927d6686c292c0f079c922e283fe83b75acd32b77138ea6fb3cc9,client_test_01_router_a_majors,client-test-01,customer-test-01,0,"","",BTC/USD,"",0,confirmed,,,0,0,,,1781802365414,1781802381509,,1781802365414
241,0xc98730dfa9efd854f2ead4c4c81b5b19809bb3f0c5cf1dca11719e529559f7b1,b3bc8e97e97927d6686c292c0f079c922e283fe83b75acd32b77138ea6fb3cc9,client_test_01_router_a_majors,client-test-01,customer-test-01,0,"","",ETH/USD,"",0,confirmed,,,0,0,,,1781802365424,1781802381521,,1781802365424
242,0xe2bb975f4ae87816870faa4816644e2dc10a5bcd4570be9ed51264e07565dd5d,b3bc8e97e97927d6686c292c0f079c922e283fe83b75acd32b77138ea6fb3cc9,client_test_01_router_a_majors,client-test-01,customer-test-01,0,"","",USDC/USD,"",0,confirmed,,,0,0,,,1781802365428,1781802381529,,1781802365428
243,0xd41fe83001face3537a1c7a8113e269e506acc2e3679e8bedc7247c5dbd4d18d,b3bc8e97e97927d6686c292c0f079c922e283fe83b75acd32b77138ea6fb3cc9,client_test_01_router_a_majors,client-test-01,customer-test-01,0,"","",DOGE/USD,"",0,failed,CrashRecovery,"daemon restarted with submitted transaction awaiting confirmation",0,0,,,1781802365434,,1781802714579,1781802365434
244,0x273b64101af106b89e280f13dc08d7bd51b17e0e1e8fabaf0d70c1fd7e86599f,b3bc8e97e97927d6686c292c0f079c922e283fe83b75acd32b77138ea6fb3cc9,client_test_01_router_b_alts,client-test-01,customer-test-01,0,"","",SHIB/USD,"",0,failed,CrashRecovery,"daemon restarted with submitted transaction awaiting confirmation",0,0,,,1781802365439,,1781802714576,1781802365439
245,0x199199ecefbd73e6e72537becec047ffc3862d82740632565af75391f21eec97,b3bc8e97e97927d6686c292c0f079c922e283fe83b75acd32b77138ea6fb3cc9,client_test_01_router_a_majors,client-test-01,customer-test-01,0,"","",USDT/USD,"",0,confirmed,,,0,0,,,1781802365443,1781802381547,,1781802365443
246,0xd41fe83001face3537a1c7a8113e269e506acc2e3679e8bedc7247c5dbd4d18d,"",client_test_01_router_a_majors,client-test-01,customer-test-01,0,"","",DOGE/USD,82416086886146232,1781802332,failed,CrashRecovery,"daemon restarted with submitted transaction awaiting confirmation",0,0,,,,,1781802714579,1781802381539
247,0x273b64101af106b89e280f13dc08d7bd51b17e0e1e8fabaf0d70c1fd7e86599f,"",client_test_01_router_b_alts,client-test-01,customer-test-01,0,"","",SHIB/USD,4673801598854,1781802333,failed,CrashRecovery,"daemon restarted with submitted transaction awaiting confirmation",0,0,,,,,1781802714576,1781802381544
248,0x1d11e625839b6eb28f47098ddf9d507ed7f7a18b5ab1e9126482bdf564c47c39,"",client_test_01_router_a_majors,client-test-01,customer-test-01,0,"","",USDT/USD,998770000000000000,1781802372,failed,NonMonotonicNonce,"Oracle intent nonce must be greater than the current on-chain nonce; intent superseded, not submitted.",0,0,,,,,1781802387061,1781802387061
249,0xe06bce24cbdcb179842c4e546c28963fcbbddd48287bdc139c99da874ddfdc88,ac31f2add9e30f9c4f0d3c3a7990ace7b9a50ff5b3397a71c82e87aba57c0311,client_test_01_router_a_majors,client-test-01,customer-test-01,0,"","",USDC/USD,"",0,confirmed,,,0,0,,,1781802653925,1781802681423,,1781802653925
250,0x45cf04d8d5ca78a19afc5c8c2944b878b3934ba87b59e4ac30528d91617d807e,ac31f2add9e30f9c4f0d3c3a7990ace7b9a50ff5b3397a71c82e87aba57c0311,client_test_01_router_a_majors,client-test-01,customer-test-01,0,"","",DOGE/USD,"",0,confirmed,,,0,0,,,1781802653935,1781802681431,,1781802653935
251,0xcb86b9f0d2680380e054d05fec89eb327ce52c01279811f31a31877d66d24909,441be623040861e5efaee93c9e989daa1b8fc1a5ce2c72da07093dbb5f3a55cc,client_test_01_router_a_majors,client-test-01,customer-test-01,0,"","",USDT/USD,"",0,failed,CrashRecovery,"daemon restarted with submitted transaction awaiting confirmation",0,0,,,1781802695258,,1781802714575,1781802695258
252,0xc414808b8e7761d0ef542475a921fab258d696287b80c120979501533488fe43,441be623040861e5efaee93c9e989daa1b8fc1a5ce2c72da07093dbb5f3a55cc,client_test_01_router_a_majors,client-test-01,customer-test-01,0,"","",BTC/USD,"",0,failed,CrashRecovery,"daemon restarted with submitted transaction awaiting confirmation",0,0,,,1781802695268,,1781802714572,1781802695268
253,0x4dcb05f65f966dda8c7f7bbccd3394a1a3573d2937552c60e37534e337202ba2,441be623040861e5efaee93c9e989daa1b8fc1a5ce2c72da07093dbb5f3a55cc,client_test_01_router_a_majors,client-test-01,customer-test-01,0,"","",ETH/USD,"",0,failed,CrashRecovery,"daemon restarted with submitted transaction awaiting confirmation",0,0,,,1781802695272,,1781802714569,1781802695272
254,0x1bfb7356df67e7ebf5bdc71c6c5ee23fead051bc38b9d3af90b2ec81aa700a40,441be623040861e5efaee93c9e989daa1b8fc1a5ce2c72da07093dbb5f3a55cc,client_test_01_router_a_majors,client-test-01,customer-test-01,0,"","",DOGE/USD,"",0,failed,CrashRecovery,"daemon restarted with submitted transaction awaiting confirmation",0,0,,,1781802695277,,1781802714565,1781802695277
255,0x460b9bf65006660f34d15652fa2d848d474132ac9bcb9812b185d58e9b04cbe8,fddc17069c324ff415b2623475973a0eb21cac278cbc613e2f7976324d95450c,client_test_02_router_default,client-test-02,customer-test-02,0,"","",BTC/USD,"",0,confirmed,,,0,0,,,1781802804272,1781802831828,,1781802804272
256,0xddeefb8d75d2cddb41bf2ad05e96049e07ad3ea8b1eeaa40b7eca00b9ecd999f,"",client_test_02_router_default,client-test-02,customer-test-02,0,"","",BTC/USD,62589206404526891859968,1781802796,failed,NonMonotonicNonce,"Oracle intent nonce must be greater than the current on-chain nonce; intent superseded, not submitted.",0,0,,,,,1781802837712,1781802837712
257,0x7cf673b175703e5586eadaf2ad8fe3dda22f439b01201856031154dd11e91b3e,cbdb627eace13677b5318f36ae56982567c4b677df2a91e4d2a01c0a545e4d9c,client_test_01_router_a_majors,client-test-01,customer-test-01,0,"","",USDT/USD,"",0,confirmed,,,0,0,,,1781802968391,1781802999448,,1781802968391
258,0x37fda60394a25343c844a296f65ae30e2c12b1672d86660e06a9016250c95ad4,b071967142a46bd36c9c37fb77c8257c55977697ce6c21620d64a23b191256ec,client_test_01_router_a_majors,client-test-01,customer-test-01,0,"","",BTC/USD,"",0,confirmed,,,0,0,,,1781803012464,1781803055629,,1781803012464
259,0x6ce28ff7aa0cdc201382823fe4ebe6aa8ee99dd6dafc8ccf443efb40662f0018,b071967142a46bd36c9c37fb77c8257c55977697ce6c21620d64a23b191256ec,client_test_01_router_a_majors,client-test-01,customer-test-01,0,"","",ETH/USD,"",0,confirmed,,,0,0,,,1781803012472,1781803055639,,1781803012472
260,0xd4f0e573552f9f1ced434fbff77347a079afb33d632a648a95d4b10e42237c0c,b071967142a46bd36c9c37fb77c8257c55977697ce6c21620d64a23b191256ec,client_test_01_router_a_majors,client-test-01,customer-test-01,0,"","",USDC/USD,"",0,confirmed,,,0,0,,,1781803012478,1781803055647,,1781803012478
261,0x7b02c8ba5955c8662569b07fa10ae7cda761029077776688b4dbc5c8f1217cbf,b071967142a46bd36c9c37fb77c8257c55977697ce6c21620d64a23b191256ec,client_test_01_router_a_majors,client-test-01,customer-test-01,0,"","",DOGE/USD,"",0,confirmed,,,0,0,,,1781803012482,1781803055655,,1781803012482
262,0xc366c1fa1eb3a7f4d3ad7917b4f5b2d3a47fb2e713096384164cf72fcc52b1be,"",client_test_01_router_a_majors,client-test-01,customer-test-01,0,"","",USDC/USD,999768770000000000,1781802999,failed,NonMonotonicNonce,"Oracle intent nonce must be greater than the current on-chain nonce; intent superseded, not submitted.",0,0,,,,,1781803061144,1781803061144
263,0x7f5c93a1da31e32bbcfb006d7f144e952ce4c05f362fcaa3580d3e024b491593,205b9ba49997ee9f9ab20cc12694cbd18d774cda0ffbb58ae4f38660e5e33b81,client_test_01_router_a_majors,client-test-01,customer-test-01,0,"","",USDT/USD,"",0,confirmed,,,0,0,,,1781803267998,1781803300174,,1781803267998
264,0x6d93affdbf64550ea2a395ff837304e518744e9cef2db21f446cd7bd8288d74d,1fd863a83b5e308b65c6768e8a2f8db2ad8207feebde87168cc69ebf2e8dde41,client_test_01_router_a_majors,client-test-01,customer-test-01,0,"","",BTC/USD,"",0,failed,CrashRecovery,"daemon restarted with submitted transaction awaiting confirmation",0,0,,,1781803297938,,1781803315580,1781803297938
265,0x377c2e05bffc39f18264ceea979510e637758c8fd7906f39a5537ae03c89b944,37ea9e0b3bc0f2a1b1f443741a879d8fbfab03d099a71dc502280a931029492b,client_test_01_router_a_majors,client-test-01,customer-test-01,0,"","",USDC/USD,"",0,confirmed,,,0,0,,,1781803455425,1781803515872,,1781803455425
266,0x5c4758155ed8becd1edceea66477a044ec1e58675898798c18e4e68b9d36d1d8,37ea9e0b3bc0f2a1b1f443741a879d8fbfab03d099a71dc502280a931029492b,client_test_01_router_a_majors,client-test-01,customer-test-01,0,"","",DOGE/USD,"",0,failed,CrashRecovery,"daemon restarted with submitted transaction awaiting confirmation",0,0,,,1781803455435,,1781803866146,1781803455435
267,0x461e9963c915dc51bb33894247acd915517715849000d363fe6a433e3a1fa430,37ea9e0b3bc0f2a1b1f443741a879d8fbfab03d099a71dc502280a931029492b,client_test_01_router_a_majors,client-test-01,customer-test-01,0,"","",BTC/USD,"",0,confirmed,,,0,0,,,1781803455442,1781803515891,,1781803455442
268,0x1d00138b3e503a34fc3ecebcd92ad15e665dcb99206105793127037c8fcb80b7,37ea9e0b3bc0f2a1b1f443741a879d8fbfab03d099a71dc502280a931029492b,client_test_01_router_a_majors,client-test-01,customer-test-01,0,"","",ETH/USD,"",0,confirmed,,,0,0,,,1781803455447,1781803515900,,1781803455447
269,0x5c4758155ed8becd1edceea66477a044ec1e58675898798c18e4e68b9d36d1d8,"",client_test_01_router_a_majors,client-test-01,customer-test-01,0,"","",DOGE/USD,82406543539011168,1781803414,failed,CrashRecovery,"daemon restarted with submitted transaction awaiting confirmation",0,0,,,,,1781803866146,1781803515888
270,0xb68f4e420f5d2f2686307ab72c58b483f38b771736a318faf24eaf98164f7179,"",client_test_01_router_a_majors,client-test-01,customer-test-01,0,"","",DOGE/USD,82406543539011168,1781803508,failed,NonMonotonicNonce,"Intent for DOGE/USD superseded on chain; not submitted.",0,0,,,,,1781803522176,1781803522176
271,0x92b4b11124c4ebe3f6f068dc0ae958afd3eab3649028110df4fbc9183a672cba,"",client_test_01_router_a_majors,client-test-01,customer-test-01,0,"","",BTC/USD,62557083617754831912960,1781803496,failed,NonMonotonicNonce,"Intent for BTC/USD superseded on chain; not submitted.",0,0,,,,,1781803522182,1781803522182
272,0x4539143c80e20bfe24222f9de73ecbf49650a25b20fadcd0d82873cfb7407490,"",client_test_01_router_a_majors,client-test-01,customer-test-01,0,"","",ETH/USD,1683546926550531309568,1781803497,failed,NonMonotonicNonce,"Intent for ETH/USD superseded on chain; not submitted.",0,0,,,,,1781803522187,1781803522187
273,0xdcb51191ae17f43223e08f0ff3431a3f03cfc1c12587a7f5fbb6c39c1be95cdf,"",client_test_01_router_a_majors,client-test-01,customer-test-01,0,"","",USDC/USD,999768770000000000,1781803504,failed,NonMonotonicNonce,"Intent for USDC/USD superseded on chain; not submitted.",0,0,,,,,1781803522192,1781803522192
274,0x9b229a4526a8abd9a326339bd1dd360eb52130bee67a1f96a07ae1f10f60839d,00b61149a391a69809f7b99b972df3a1295a82cdd40427d7d6240e54b51e1c4b,client_test_01_router_a_majors,client-test-01,customer-test-01,0,"","",USDT/USD,"",0,confirmed,,,0,0,,,1781803532266,1781803634617,,1781803532266
275,0x4559e6cd6aaea29a27e808e81a5d9829d58b152b298dfac899b7ab4e9be17662,ae7145301ad02fc00113454dd67adcffce2edbab30603794f3d3f8f0e263c0df,client_test_01_router_a_majors,client-test-01,customer-test-01,0,"","",DOGE/USD,"",0,failed,CrashRecovery,"daemon restarted with submitted transaction awaiting confirmation",0,0,,,1781803645545,,1781803866142,1781803645545
276,0x73fbaf9de96631fdc9ad7ce494505e5396f10384556503c6d4f9dd24e1007dfd,ae7145301ad02fc00113454dd67adcffce2edbab30603794f3d3f8f0e263c0df,client_test_01_router_a_majors,client-test-01,customer-test-01,0,"","",USDT/USD,"",0,confirmed,,,0,0,,,1781803645553,1781803684891,,1781803645553
277,0x4559e6cd6aaea29a27e808e81a5d9829d58b152b298dfac899b7ab4e9be17662,"",client_test_01_router_a_majors,client-test-01,customer-test-01,0,"","",DOGE/USD,82406543539011168,1781803600,failed,CrashRecovery,"daemon restarted with submitted transaction awaiting confirmation",0,0,,,,,1781803866142,1781803684887
278,0xa4b130f4e19fb12c7a61cdc1ce83ede59d8d4c4d16da7b979623b9bba3f015ac,64b27f1bc67b938c1908cb6f7397f41de2e85be57bca3cbd7774973457584d7b,client_test_01_router_a_majors,client-test-01,customer-test-01,0,"","",DOGE/USD,"",0,confirmed,,,0,0,,,1781803694977,1781803719450,,1781803694977
279,0xf269b8d8a0a22b62e33677e7231b7a9c318cc04d26d2d3afeed00bc6c3242ee9,"",client_test_01_router_a_majors,client-test-01,customer-test-01,0,"","",DOGE/USD,82406543539011168,1781803699,failed,NonMonotonicNonce,"Oracle intent nonce must be greater than the current on-chain nonce; intent superseded, not submitted.",0,0,,,,,1781803766012,1781803766012
280,0x3f3dab8242ae2bb0c355e821440834a1e7356d2309cdb258a99dec08db37f101,858091da6422a2f079abd6db1770c8267afd465e555a02e222f170a185318c13,client_test_01_router_a_majors,client-test-01,customer-test-01,0,"","",BTC/USD,"",0,failed,CrashRecovery,"daemon restarted with submitted transaction awaiting confirmation",0,0,,,1781803857993,,1781803866139,1781803857993
281,0x945c7e6240091df213089e107adefc54b7d4fe3b098925c8de7f68ed67b0dc61,5ddf500c7c7da6c64060e202a6bef9f716545fcd76c110292ae34993387ef201,client_test_01_router_a_majors,client-test-01,customer-test-01,0,"","",USDC/USD,"",0,confirmed,,,0,0,,,1781803974093,1781804052861,,1781803974093
282,0x4595f99291e73f8648080f4f73974b221d6e9ef6fd939489b6d6bb4862372d18,5ddf500c7c7da6c64060e202a6bef9f716545fcd76c110292ae34993387ef201,client_test_01_router_a_majors,client-test-01,customer-test-01,0,"","",DOGE/USD,"",0,confirmed,,,0,0,,,1781803974104,1781804052875,,1781803974104
283,0x505bdccf255cfcc267ec1e5e13c1ac9e08dc2afba4c62c82785f3f25bd144eb1,5ddf500c7c7da6c64060e202a6bef9f716545fcd76c110292ae34993387ef201,client_test_01_router_b_alts,client-test-01,customer-test-01,0,"","",SHIB/USD,"",0,confirmed,,,0,0,,,1781803974113,1781804052884,,1781803974113
284,0x403a61be7dcd1ecb097c84c921261d3c78ab3c19d0f7f4627b1df9aa6f998537,0d3a5bec2107e6c09824f9a2656251f02785887de40a8530d506a4f5b733271c,client_test_01_router_b_alts,client-test-01,customer-test-01,0,"","",ARB/USD,"",0,confirmed,,,0,0,,,1781804072501,1781804103380,,1781804072501
285,0xd31bde8fd4bb3b897fd05a2b2465bb1b866827b802acf07d7d29d74eb647a0af,0d3a5bec2107e6c09824f9a2656251f02785887de40a8530d506a4f5b733271c,client_test_01_router_a_majors,client-test-01,customer-test-01,0,"","",USDC/USD,"",0,confirmed,,,0,0,,,1781804072511,1781804103390,,1781804072511
286,0xf9ee810122482cce45dbd831ed34ba428dd64d1a2baa4038c3e344f733bfa3bc,0d3a5bec2107e6c09824f9a2656251f02785887de40a8530d506a4f5b733271c,client_test_01_router_a_majors,client-test-01,customer-test-01,0,"","",DOGE/USD,"",0,confirmed,,,0,0,,,1781804072515,1781804103398,,1781804072515
287,0x00664af3e9915cf779e3924f03d515e665c280cf433bb7541055704783b68ca4,0d3a5bec2107e6c09824f9a2656251f02785887de40a8530d506a4f5b733271c,client_test_01_router_b_alts,client-test-01,customer-test-01,0,"","",SHIB/USD,"",0,confirmed,,,0,0,,,1781804072521,1781804103406,,1781804072521
288,0x393e48ea7ea536eac4cb3d78baf969544ce0ed6974e63e16ea757a303afc1ba9,0d3a5bec2107e6c09824f9a2656251f02785887de40a8530d506a4f5b733271c,client_test_01_router_b_alts,client-test-01,customer-test-01,0,"","",NEIRO/USD,"",0,confirmed,,,0,0,,,1781804072525,1781804103414,,1781804072525
289,0x3ca27ee4403c76fe93facbc64bc3ea2d51b9ba98fe6169bedc2d6404ead967cb,0d3a5bec2107e6c09824f9a2656251f02785887de40a8530d506a4f5b733271c,client_test_01_router_a_majors,client-test-01,customer-test-01,0,"","",USDT/USD,"",0,failed,CrashRecovery,"daemon restarted with submitted transaction awaiting confirmation",0,0,,,1781804072530,,1781805077787,1781804072530
290,0xeaf33a68fedeef246bee50f777f69deac180ed7e4239e2bafe4e82d93c60eef1,0d3a5bec2107e6c09824f9a2656251f02785887de40a8530d506a4f5b733271c,client_test_01_router_b_alts,client-test-01,customer-test-01,0,"","",LTC/USD,"",0,confirmed,,,0,0,,,1781804072534,1781804103430,,1781804072534
291,0x31270b298be45016ed68f54f7c62a6ee4fffc8a43be57986383a28454bbb19b4,0d3a5bec2107e6c09824f9a2656251f02785887de40a8530d506a4f5b733271c,client_test_01_router_a_majors,client-test-01,customer-test-01,0,"","",BTC/USD,"",0,confirmed,,,0,0,,,1781804072538,1781804103438,,1781804072538
292,0xd620a32cc6e6198e51cb5aaac60bc53c96973db1028733cf44f6e54031553b9f,0d3a5bec2107e6c09824f9a2656251f02785887de40a8530d506a4f5b733271c,client_test_01_router_a_majors,client-test-01,customer-test-01,0,"","",ETH/USD,"",0,confirmed,,,0,0,,,1781804072543,1781804103446,,1781804072543
293,0xad67d3c685ba14399aab9c61755f1e585ba269b4503af8f35c741a2628c27daf,0d3a5bec2107e6c09824f9a2656251f02785887de40a8530d506a4f5b733271c,client_test_01_router_b_alts,client-test-01,customer-test-01,0,"","",XVG/USD,"",0,confirmed,,,0,0,,,1781804072549,1781804103454,,1781804072549
294,0x3ca27ee4403c76fe93facbc64bc3ea2d51b9ba98fe6169bedc2d6404ead967cb,"",client_test_01_router_a_majors,client-test-01,customer-test-01,0,"","",USDT/USD,998760000000000000,1781804049,failed,CrashRecovery,"daemon restarted with submitted transaction awaiting confirmation",0,0,,,,,1781805077787,1781804103426
295,0x720b7f7fc886dba410766defbc07928f0c7a541cf8e2ee4a2344d09881260c78,13e4b0ea8456c31295e8481df6a8a6e8f1b4d70a7d72e3f288048898633e5bc3,client_test_01_router_b_alts,client-test-01,customer-test-01,0,"","",ARB/USD,"",0,failed,CrashRecovery,"daemon restarted with submitted transaction awaiting confirmation",0,0,,,1781804118383,,1781805077786,1781804118383
296,0x68fbf392e26d533681ce2af012ef26727d0d436068a53263cc1b60c3005dcf94,13e4b0ea8456c31295e8481df6a8a6e8f1b4d70a7d72e3f288048898633e5bc3,client_test_01_router_a_majors,client-test-01,customer-test-01,0,"","",BTC/USD,"",0,failed,CrashRecovery,"daemon restarted with submitted transaction awaiting confirmation",0,0,,,1781804118390,,1781805077783,1781804118390
297,0x9482fd7300f056f078543182b45c04dcc11cacb7cefb3c57830ba2fbd3680b31,13e4b0ea8456c31295e8481df6a8a6e8f1b4d70a7d72e3f288048898633e5bc3,client_test_01_router_a_majors,client-test-01,customer-test-01,0,"","",ETH/USD,"",0,failed,CrashRecovery,"daemon restarted with submitted transaction awaiting confirmation",0,0,,,1781804118394,,1781805077781,1781804118394
298,0x14424b15bcb75366a398f4a48e0a9d15a3a1abd37bcc81e79b057052acc8bf7f,13e4b0ea8456c31295e8481df6a8a6e8f1b4d70a7d72e3f288048898633e5bc3,client_test_01_router_b_alts,client-test-01,customer-test-01,0,"","",LTC/USD,"",0,failed,CrashRecovery,"daemon restarted with submitted transaction awaiting confirmation",0,0,,,1781804118400,,1781805077778,1781804118400
299,0x4241c594ad77aaab4a6cddde53ed1da8f42283478c2caa44a3477cbce99af99f,13e4b0ea8456c31295e8481df6a8a6e8f1b4d70a7d72e3f288048898633e5bc3,client_test_01_router_b_alts,client-test-01,customer-test-01,0,"","",NEIRO/USD,"",0,confirmed,,,0,0,,,1781804118405,1781804148808,,1781804118405
300,0x482739797d1d7d4cecad96bd6e8ae1ddd2c01c7f266acbe2174f540d9d90f435,13e4b0ea8456c31295e8481df6a8a6e8f1b4d70a7d72e3f288048898633e5bc3,client_test_01_router_a_majors,client-test-01,customer-test-01,0,"","",USDT/USD,"",0,confirmed,,,0,0,,,1781804118410,1781804148816,,1781804118410
301,0x720b7f7fc886dba410766defbc07928f0c7a541cf8e2ee4a2344d09881260c78,"",client_test_01_router_b_alts,client-test-01,customer-test-01,0,"","",ARB/USD,82098894000000000,1781804073,failed,CrashRecovery,"daemon restarted with submitted transaction awaiting confirmation",0,0,,,,,1781805077786,1781804148788
302,0x68fbf392e26d533681ce2af012ef26727d0d436068a53263cc1b60c3005dcf94,"",client_test_01_router_a_majors,client-test-01,customer-test-01,0,"","",BTC/USD,62515356736790005284864,1781804090,failed,CrashRecovery,"daemon restarted with submitted transaction awaiting confirmation",0,0,,,,,1781805077783,1781804148794
303,0x9482fd7300f056f078543182b45c04dcc11cacb7cefb3c57830ba2fbd3680b31,"",client_test_01_router_a_majors,client-test-01,customer-test-01,0,"","",ETH/USD,1682845051475000164352,1781804092,failed,CrashRecovery,"daemon restarted with submitted transaction awaiting confirmation",0,0,,,,,1781805077781,1781804148801
304,0x14424b15bcb75366a398f4a48e0a9d15a3a1abd37bcc81e79b057052acc8bf7f,"",client_test_01_router_b_alts,client-test-01,customer-test-01,0,"","",LTC/USD,43206790200000004096,1781804089,failed,CrashRecovery,"daemon restarted with submitted transaction awaiting confirmation",0,0,,,,,1781805077778,1781804148806
305,0x408788fad5f6a10f986b9aaa9e9573f98903215eb34ff44339010a0ca5607f69,"",client_test_01_router_a_majors,client-test-01,customer-test-01,0,"","",USDT/USD,998760000000000000,1781804144,failed,NonMonotonicNonce,"Oracle intent nonce must be greater than the current on-chain nonce; intent superseded, not submitted.",0,0,,,,,1781804154225,1781804154225
306,0x2144c450c4e7ce0fd5ad280a05aae711b2e8036d16b8e888f8cafbc4b83bc33b,4c7bc1dacbd8068002a4b12d2e99915c33747ab2a79deee7ed74af75f1c7c01f,client_test_01_router_a_majors,client-test-01,customer-test-01,0,"","",USDT/USD,"",0,confirmed,,,0,0,,,1781804450183,1781804486624,,1781804450183
307,0x7da06dff9622f4048c6252125298ff1873f9727d8f418644632a243614e99f3b,13304ddf05e44bcce2739545cd5f1f608bcfdf4e21e5c831ae9feb554e3e8aaf,client_test_01_router_a_majors,client-test-01,customer-test-01,0,"","",BTC/USD,"",0,confirmed,,,0,0,,,1781804450193,1781804501139,,1781804450193
308,0xfd94000c85281151ad059b49aba1c5f996671f64a0997071fbe2e45ea885516a,4c7bc1dacbd8068002a4b12d2e99915c33747ab2a79deee7ed74af75f1c7c01f,client_test_01_router_a_majors,client-test-01,customer-test-01,0,"","",ETH/USD,"",0,confirmed,,,0,0,,,1781804450197,1781804486646,,1781804450197
309,0x7a2ba3fced7631d5d379d301b87383c969b20c3d90bc9780762cc24e4751fd43,4c7bc1dacbd8068002a4b12d2e99915c33747ab2a79deee7ed74af75f1c7c01f,client_test_01_router_a_majors,client-test-01,customer-test-01,0,"","",USDC/USD,"",0,confirmed,,,0,0,,,1781804450201,1781804486654,,1781804450201
310,0x5305bf9fa772b6a6eff8dc104002a4e9feb453e1041cad40ffd224416098a234,4c7bc1dacbd8068002a4b12d2e99915c33747ab2a79deee7ed74af75f1c7c01f,client_test_01_router_a_majors,client-test-01,customer-test-01,0,"","",DOGE/USD,"",0,confirmed,,,0,0,,,1781804450206,1781804486662,,1781804450206
311,0xa8d05198cbc6ea6148598198e7c87dcef755961e4adf605d089d0434828eb21a,bfd5ea9f4e74eef683ecf2fe56320f37ee4f84cff8dafe5ff24ce1824f9de07a,client_test_01_router_a_majors,client-test-01,customer-test-01,0,"","",BTC/USD,"",0,failed,CrashRecovery,"daemon restarted with submitted transaction awaiting confirmation",0,0,,,1781804500380,,1781805077775,1781804500380
312,0xebf3dbc8203e82c2423462267d0cccdc03cdb4b7a3076814267e7d45256a369f,bfd5ea9f4e74eef683ecf2fe56320f37ee4f84cff8dafe5ff24ce1824f9de07a,client_test_01_router_a_majors,client-test-01,customer-test-01,0,"","",ETH/USD,"",0,failed,CrashRecovery,"daemon restarted with submitted transaction awaiting confirmation",0,0,,,1781804500386,,1781805077772,1781804500386
313,0x87d2d02dd549af7f34ad0e20f1cae83d078eea95b307046fad33f78acc7c73db,bfd5ea9f4e74eef683ecf2fe56320f37ee4f84cff8dafe5ff24ce1824f9de07a,client_test_01_router_a_majors,client-test-01,customer-test-01,0,"","",USDC/USD,"",0,failed,CrashRecovery,"daemon restarted with submitted transaction awaiting confirmation",0,0,,,1781804500392,,1781805077769,1781804500392
314,0xc3926126f52f2571da67b76343947ea78e726a6de7d9191bb8201626be10aef4,bfd5ea9f4e74eef683ecf2fe56320f37ee4f84cff8dafe5ff24ce1824f9de07a,client_test_01_router_a_majors,client-test-01,customer-test-01,0,"","",DOGE/USD,"",0,failed,CrashRecovery,"daemon restarted with submitted transaction awaiting confirmation",0,0,,,1781804500396,,1781805077766,1781804500396
315,0x72fa301c476e9025a47a164878b2a2e437ab6c64971fa66c9dc2a1d678651dcc,bfd5ea9f4e74eef683ecf2fe56320f37ee4f84cff8dafe5ff24ce1824f9de07a,client_test_01_router_a_majors,client-test-01,customer-test-01,0,"","",USDT/USD,"",0,confirmed,,,0,0,,,1781804500405,1781804527939,,1781804500405
316,0xa8d05198cbc6ea6148598198e7c87dcef755961e4adf605d089d0434828eb21a,"",client_test_01_router_a_majors,client-test-01,customer-test-01,0,"","",BTC/USD,62504411999053507723264,1781804462,failed,CrashRecovery,"daemon restarted with submitted transaction awaiting confirmation",0,0,,,,,1781805077775,1781804527916
317,0xebf3dbc8203e82c2423462267d0cccdc03cdb4b7a3076814267e7d45256a369f,"",client_test_01_router_a_majors,client-test-01,customer-test-01,0,"","",ETH/USD,1682358835257450299392,1781804463,failed,CrashRecovery,"daemon restarted with submitted transaction awaiting confirmation",0,0,,,,,1781805077772,1781804527924
318,0x87d2d02dd549af7f34ad0e20f1cae83d078eea95b307046fad33f78acc7c73db,"",client_test_01_router_a_majors,client-test-01,customer-test-01,0,"","",USDC/USD,999768770000000000,1781804470,failed,CrashRecovery,"daemon restarted with submitted transaction awaiting confirmation",0,0,,,,,1781805077769,1781804527931
319,0xc3926126f52f2571da67b76343947ea78e726a6de7d9191bb8201626be10aef4,"",client_test_01_router_a_majors,client-test-01,customer-test-01,0,"","",DOGE/USD,82377462647261504,1781804474,failed,CrashRecovery,"daemon restarted with submitted transaction awaiting confirmation",0,0,,,,,1781805077766,1781804527937
320,0xf52bcde1f8f9dd6f2f188e9d0a076c426b2a222dcf34390895b6fe4b65c959d0,bc0949771830667b816b993139450cc35fba2ced8dc7c4d47074859c20fef527,client_test_01_router_a_majors,client-test-01,customer-test-01,0,"","",USDT/USD,"",0,confirmed,,,0,0,,,1781804746231,1781804782675,,1781804746231
321,0xc9da8c3e0b59ab727fb9bd5cd6754fb89a5dba2c7a8fecbba8b0e95d26f3922e,a1b9969dc6ef603fd480bc67fa3833925458027d4fa5af9b1e38e3508b290bbd,client_test_01_router_a_majors,client-test-01,customer-test-01,0,"","",BTC/USD,"",0,confirmed,,,0,0,,,1781804796759,1781804833766,,1781804796759
322,0x84f3fc8b1175e8dd0a890f25a343272c4b93a6d35d2004eb668f0d8216e0e78d,a1b9969dc6ef603fd480bc67fa3833925458027d4fa5af9b1e38e3508b290bbd,client_test_01_router_a_majors,client-test-01,customer-test-01,0,"","",ETH/USD,"",0,confirmed,,,0,0,,,1781804796769,1781804833781,,1781804796769
323,0x7528ca8772b1bfaa4226898d6656b30984a4b41ed30b0feda3410ef8c69155e0,a1b9969dc6ef603fd480bc67fa3833925458027d4fa5af9b1e38e3508b290bbd,client_test_01_router_a_majors,client-test-01,customer-test-01,0,"","",USDC/USD,"",0,confirmed,,,0,0,,,1781804796775,1781804833796,,1781804796775
324,0x8f18b47c7547f9d77634d2edb184dc5d1af3ebbe963a0f010d009cee99427ffa,a1b9969dc6ef603fd480bc67fa3833925458027d4fa5af9b1e38e3508b290bbd,client_test_01_router_a_majors,client-test-01,customer-test-01,0,"","",DOGE/USD,"",0,confirmed,,,0,0,,,1781804796780,1781804833803,,1781804796780
325,0xf52bcde1f8f9dd6f2f188e9d0a076c426b2a222dcf34390895b6fe4b65c959d0,"",client_test_01_router_a_majors,client-test-01,customer-test-01,0,"","",USDT/USD,998760000000000000,1781804685,failed,NonMonotonicNonce,"Intent for USDT/USD superseded on chain; not submitted.",0,0,,,,,1781804833792,1781804833792
326,0x6bdbda397cc1b6244281fdb0ab2098d3fe6584cca39573d67b7fe065420bdf11,8371552866cc2574461b411768194592b9a01d9958fcead6fa87a7194c2836de,client_test_01_router_a_majors,client-test-01,customer-test-01,0,"","",USDC/USD,"",0,confirmed,,,0,0,,,1781804846556,1781804877158,,1781804846556
327,0x06156b6604c8bb92da5470bcbc02c1c9034088e4a4f0ec9ebc2b56ce8daf2f62,8371552866cc2574461b411768194592b9a01d9958fcead6fa87a7194c2836de,client_test_01_router_a_majors,client-test-01,customer-test-01,0,"","",DOGE/USD,"",0,failed,CrashRecovery,"daemon restarted with submitted transaction awaiting confirmation",0,0,,,1781804846566,,1781805077763,1781804846566
328,0xb335b9a8021aa3d6a72fad624fa8fab1fd2f65a93567a147a40debd493a436de,8371552866cc2574461b411768194592b9a01d9958fcead6fa87a7194c2836de,client_test_01_router_a_majors,client-test-01,customer-test-01,0,"","",BTC/USD,"",0,confirmed,,,0,0,,,1781804846571,1781804877174,,1781804846571
329,0xcf41b54bed63ab0bb31e5d0dd8cd581dc0026f0f3c7ea94223408993e49ea461,8371552866cc2574461b411768194592b9a01d9958fcead6fa87a7194c2836de,client_test_01_router_a_majors,client-test-01,customer-test-01,0,"","",ETH/USD,"",0,confirmed,,,0,0,,,1781804846576,1781804877184,,1781804846576
330,0x06156b6604c8bb92da5470bcbc02c1c9034088e4a4f0ec9ebc2b56ce8daf2f62,"",client_test_01_router_a_majors,client-test-01,customer-test-01,0,"","",DOGE/USD,82310220091841128,1781804791,failed,CrashRecovery,"daemon restarted with submitted transaction awaiting confirmation",0,0,,,,,1781805077763,1781804877171
331,0x98f50c8cae4db2b9da0157709cdcf4ad2c7c04a23e0952cb2fa2c7a996bdc7d2,305f379b06eaae302635e1db6d50a13dbc9be119ed8015bcfda74f3a49c17b5e,client_test_01_router_a_majors,client-test-01,customer-test-01,0,"","",USDT/USD,"",0,confirmed,,,0,0,,,1781805045658,1781805061507,,1781805045658
332,0x18b0c38ab86cce99d4235d89eca36523565bb0ec69261dbb9c9a913fa89a987c,526a11769a770b6ab5be2db1b500a29cdc1faea9096fb9a4498ac497a8dc0c7e,client_test_01_router_a_majors,client-test-01,customer-test-01,0,"","",BTC/USD,"",0,failed,CrashRecovery,"daemon restarted with submitted transaction awaiting confirmation",0,0,,,1781805074767,,1781805077761,1781805074767
333,0xba84e5dd784914b6fa14e03aeccbf943f0782af6a09ed881583eb22ef818b22d,526a11769a770b6ab5be2db1b500a29cdc1faea9096fb9a4498ac497a8dc0c7e,client_test_01_router_a_majors,client-test-01,customer-test-01,0,"","",ETH/USD,"",0,failed,CrashRecovery,"daemon restarted with submitted transaction awaiting confirmation",0,0,,,1781805074777,,1781805077759,1781805074777
334,0x17caf808380cda90598aada264e19f8cc826f3a8682e285a7c432b7687a20beb,526a11769a770b6ab5be2db1b500a29cdc1faea9096fb9a4498ac497a8dc0c7e,client_test_01_router_a_majors,client-test-01,customer-test-01,0,"","",USDC/USD,"",0,failed,CrashRecovery,"daemon restarted with submitted transaction awaiting confirmation",0,0,,,1781805074784,,1781805077755,1781805074784
335,0x1392ca3e28b6b81b2d7500090c4118c846d83ed0948b8a3db86f47ec5b55b5aa,526a11769a770b6ab5be2db1b500a29cdc1faea9096fb9a4498ac497a8dc0c7e,client_test_01_router_a_majors,client-test-01,customer-test-01,0,"","",DOGE/USD,"",0,failed,CrashRecovery,"daemon restarted with submitted transaction awaiting confirmation",0,0,,,1781805074791,,1781805077752,1781805074791
336,0x5fb482fcabc8e454b68b47153e25ad7261c39d6c08c7eb9a841a8890b3d1b2e3,b09e64bda1d388336a9d9c82178c877fed54f023ffd38f614fe603562996e7c0,client_test_02_router_default,client-test-02,customer-test-02,0,"","",BTC/USD,"",0,confirmed,,,0,0,,,1781805139023,1781805169530,,1781805139023
337,0x9a731bd925f21eea4eca30e82f6fdbe9a2139ef5e445fe0439ff685dc93cfe4a,"",client_test_02_router_default,client-test-02,customer-test-02,0,"","",BTC/USD,62502771913650002198528,1781805148,failed,NonMonotonicNonce,"Oracle intent nonce must be greater than the current on-chain nonce; intent superseded, not submitted.",0,0,,,,,1781805175025,1781805175025
338,0x7b36e605f0b1ab0f2c08659408feeaf0b59bb1949688736bd3135823f84ab627,1c61eb94b06b7c2e2c864e4145dcc9cb2605fe9111a246076137b0e2bda426b1,client_test_01_router_a_majors,client-test-01,customer-test-01,0,"","",BTC/USD,"",0,confirmed,,,0,0,,,1781805364873,1781805392598,,1781805364873
339,0x323b44330c097281443e66f617a7544412d9e51e7774dd8ae1793200cdd29a26,1c61eb94b06b7c2e2c864e4145dcc9cb2605fe9111a246076137b0e2bda426b1,client_test_01_router_a_majors,client-test-01,customer-test-01,0,"","",ETH/USD,"",0,confirmed,,,0,0,,,1781805364884,1781805392615,,1781805364884
340,0x6bb09bd13f6dcf74c0e0b8081c3e4e61b1b87cf61db703c9780de31b2c1b69ac,1c61eb94b06b7c2e2c864e4145dcc9cb2605fe9111a246076137b0e2bda426b1,client_test_01_router_a_majors,client-test-01,customer-test-01,0,"","",USDC/USD,"",0,confirmed,,,0,0,,,1781805364890,1781805392630,,1781805364890
341,0x81e4814454ec4ca22769999f94db9a416c66582140578a1779445d8d53e45954,1c61eb94b06b7c2e2c864e4145dcc9cb2605fe9111a246076137b0e2bda426b1,client_test_01_router_a_majors,client-test-01,customer-test-01,0,"","",DOGE/USD,"",0,confirmed,,,0,0,,,1781805364894,1781805392642,,1781805364894
342,0x26ebf8a21a844c5362ad67c9632c33f406130a0b9af38c532786c21bf8a18fb2,892e8cd0760527c96d80ab554b9554fa9da39d9f2453add76bf07e6d3324071b,client_test_01_router_a_majors,client-test-01,customer-test-01,0,"","",USDT/USD,"",0,failed,CrashRecovery,"daemon restarted with submitted transaction awaiting confirmation",0,0,,,1781805407082,,1781805653380,1781805407082
343,0x869c8ce93c44982b7dd33132b422724c9d4a67b79398c0f687b66eddece9c2e9,892e8cd0760527c96d80ab554b9554fa9da39d9f2453add76bf07e6d3324071b,client_test_01_router_a_majors,client-test-01,customer-test-01,0,"","",DOGE/USD,"",0,failed,CrashRecovery,"daemon restarted with submitted transaction awaiting confirmation",0,0,,,1781805407092,,1781805653377,1781805407092
344,0xe2c36e025fe16983d8096e171fafa04e3e2babdad9c6ba9887b91e7a057552ec,892e8cd0760527c96d80ab554b9554fa9da39d9f2453add76bf07e6d3324071b,client_test_01_router_a_majors,client-test-01,customer-test-01,0,"","",BTC/USD,"",0,failed,CrashRecovery,"daemon restarted with submitted transaction awaiting confirmation",0,0,,,1781805407099,,1781805653376,1781805407099
345,0xb01f09b74923f4d5538b879fb8cd7fcb6c5df29c91fbe6ad391b5b7301e0c27d,892e8cd0760527c96d80ab554b9554fa9da39d9f2453add76bf07e6d3324071b,client_test_01_router_a_majors,client-test-01,customer-test-01,0,"","",ETH/USD,"",0,failed,CrashRecovery,"daemon restarted with submitted transaction awaiting confirmation",0,0,,,1781805407103,,1781805653373,1781805407103
346,0xaa5e24d54000381b3934d6eff4a62da24a624df3cc74ae470c35869a6ca47b6c,892e8cd0760527c96d80ab554b9554fa9da39d9f2453add76bf07e6d3324071b,client_test_01_router_a_majors,client-test-01,customer-test-01,0,"","",USDC/USD,"",0,failed,CrashRecovery,"daemon restarted with submitted transaction awaiting confirmation",0,0,,,1781805407107,,1781805653370,1781805407107
347,0x08558ac0037fffedb9d3ba198159ce3bc696bfa9554102bf6e2039d7e0e49f8f,"",client_test_01_router_b_alts,client-test-01,customer-test-01,0,"","",LTC/USD,43182490800000000000,1781806095,failed,BuilderError,"Unable to fetch protocol parameters from Blockfrost (402 Payment Required).",0,0,,,,,1781806149339,1781806149339
348,0xddf7e35f725ed8aec4af675076b0e0696fdec7f397992b1acb4dbcab729b3832,"",client_test_01_router_a_majors,client-test-01,customer-test-01,0,"","",USDT/USD,998660000000000000,1781806096,failed,BuilderError,"Unable to fetch protocol parameters from Blockfrost (402 Payment Required).",0,0,,,,,1781806149346,1781806149346
349,0x64261cf49264ab83e2fe1952b5a2b13b23e78b6efe6d1dace0196044cac42ecf,"",client_test_01_router_a_majors,client-test-01,customer-test-01,0,"","",BTC/USD,62531153332050002444288,1781806097,failed,BuilderError,"Unable to fetch protocol parameters from Blockfrost (402 Payment Required).",0,0,,,,,1781806149353,1781806149353
350,0xc974cd9f0986e2a048482e7b3e46bb558c3d6b838d6d4237139654170bce2570,"",client_test_01_router_a_majors,client-test-01,customer-test-01,0,"","",ETH/USD,1679032668220721201152,1781806098,failed,BuilderError,"Unable to fetch protocol parameters from Blockfrost (402 Payment Required).",0,0,,,,,1781806149358,1781806149358
351,0x3c4ea56d0696eaa768fd07223617d9f483d78bd7299f4a4f0e9d492b8ee9c028,"",client_test_01_router_a_majors,client-test-01,customer-test-01,0,"","",USDC/USD,999808628400000128,1781806105,failed,BuilderError,"Unable to fetch protocol parameters from Blockfrost (402 Payment Required).",0,0,,,,,1781806149365,1781806149365
352,0x45ad03c76926469fa05c1e8d4a62ed26fd7acbc0866e28bfc3e78b5200b37cac,"",client_test_01_router_a_majors,client-test-01,customer-test-01,0,"","",DOGE/USD,82277426377056840,1781806109,failed,BuilderError,"Unable to fetch protocol parameters from Blockfrost (402 Payment Required).",0,0,,,,,1781806149372,1781806149372
353,0xe62d74f674b0e68c8ba4f29268d8122bec8f61e8d5bf39e6fac79292549b36a5,"",client_test_01_router_b_alts,client-test-01,customer-test-01,0,"","",SHIB/USD,4650313272500,1781806110,failed,BuilderError,"Unable to fetch protocol parameters from Blockfrost (402 Payment Required).",0,0,,,,,1781806149379,1781806149379
354,0xf85f4d091a4d19ab88cb9729bfe2dd27e9a39a46fdde49dd0594c6bbf3ca31c6,"",client_test_01_router_b_alts,client-test-01,customer-test-01,0,"","",ARB/USD,81998196000000016,1781806120,failed,BuilderError,"Unable to fetch protocol parameters from Blockfrost (402 Payment Required).",0,0,,,,,1781806149386,1781806149386
355,0x64261cf49264ab83e2fe1952b5a2b13b23e78b6efe6d1dace0196044cac42ecf,"",client_test_02_router_default,client-test-02,customer-test-02,0,"","",BTC/USD,62531153332050002444288,1781806097,failed,BuilderError,"Unable to fetch protocol parameters from Blockfrost (402 Payment Required).",0,0,,,,,1781806149927,1781806149927
356,0xcae0d023b7707df45c6038efb8faec1a1734e533d6798e777a9193489a2df4d7,"",client_test_01_router_b_alts,client-test-01,customer-test-01,0,"","",LTC/USD,43182490800000000000,1781806136,failed,BuilderError,"Unable to fetch protocol parameters from Blockfrost (402 Payment Required).",0,0,,,,,1781806165462,1781806165462
357,0x2e29459f2ebc5bb69001b12c14fee768e63aefff5653dc7d4cea9b3d9c8a0b2a,"",client_test_01_router_b_alts,client-test-01,customer-test-01,0,"","",NEIRO/USD,64659722400000,1781806137,failed,BuilderError,"Unable to fetch protocol parameters from Blockfrost (402 Payment Required).",0,0,,,,,1781806165470,1781806165470
358,0x0a1c5507786856587b0e58dd37f4ee79ada646362300e329b6910ba9ea28aff1,"",client_test_01_router_a_majors,client-test-01,customer-test-01,0,"","",BTC/USD,62537028096532674510848,1781806137,failed,BuilderError,"Unable to fetch protocol parameters from Blockfrost (402 Payment Required).",0,0,,,,,1781806165478,1781806165478
359,0x7305aa4e80c233bff1e6f1ae5e242c26e0fb5ddba00346c1920a4cf57535b8a1,"",client_test_01_router_a_majors,client-test-01,customer-test-01,0,"","",ETH/USD,1679009538462575099904,1781806139,failed,BuilderError,"Unable to fetch protocol parameters from Blockfrost (402 Payment Required).",0,0,,,,,1781806165490,1781806165490
360,0xf8ddef8520009f099967878def39172a8604ec98d5e657a0fbca11b6f3ff3170,"",client_test_01_router_a_majors,client-test-01,customer-test-01,0,"","",USDC/USD,999808628400000128,1781806146,failed,BuilderError,"Unable to fetch protocol parameters from Blockfrost (402 Payment Required).",0,0,,,,,1781806165502,1781806165502
361,0x0a1c5507786856587b0e58dd37f4ee79ada646362300e329b6910ba9ea28aff1,"",client_test_02_router_default,client-test-02,customer-test-02,0,"","",BTC/USD,62537028096532674510848,1781806137,failed,BuilderError,"Unable to fetch protocol parameters from Blockfrost (402 Payment Required).",0,0,,,,,1781806165898,1781806165898
362,0xcb66ae8d26cca730b051af62454af399d3bc3438f68d22b6c40cc15e3d708a95,"",client_test_01_router_b_alts,client-test-01,customer-test-01,0,"","",XVG/USD,2506341161250000,1781806148,failed,BuilderError,"Unable to fetch protocol parameters from Blockfrost (402 Payment Required).",0,0,,,,,1781806182059,1781806182059
363,0x8d268b278ca0f809beb0706764ae52ad8ba3c3d9242d4652a93896c478f2a0e3,"",client_test_01_router_a_majors,client-test-01,customer-test-01,0,"","",DOGE/USD,82277426377056840,1781806150,failed,BuilderError,"Unable to fetch protocol parameters from Blockfrost (402 Payment Required).",0,0,,,,,1781806182069,1781806182069
364,0xb58fa9b8ed96635b8bc3c7da7b322ef52149ad796d8fed633aa95654a78d8cc2,"",client_test_01_router_a_majors,client-test-01,customer-test-01,0,"","",USDT/USD,998660000000000000,1781806151,failed,BuilderError,"Unable to fetch protocol parameters from Blockfrost (402 Payment Required).",0,0,,,,,1781806182078,1781806182078
365,0x5a8e824153ede771af79ee29717331ede747d3a310edeb0ad22f587e41e5416b,"",client_test_01_router_b_alts,client-test-01,customer-test-01,0,"","",SHIB/USD,4650313272500,1781806151,failed,BuilderError,"Unable to fetch protocol parameters from Blockfrost (402 Payment Required).",0,0,,,,,1781806182093,1781806182093
366,0x0a1c5507786856587b0e58dd37f4ee79ada646362300e329b6910ba9ea28aff1,"",client_test_01_router_a_majors,client-test-01,customer-test-01,0,"","",BTC/USD,62537028096532674510848,1781806137,failed,BuilderError,"Unable to fetch protocol parameters from Blockfrost (402 Payment Required).",0,0,,,,,1781806182106,1781806182106
367,0x7305aa4e80c233bff1e6f1ae5e242c26e0fb5ddba00346c1920a4cf57535b8a1,"",client_test_01_router_a_majors,client-test-01,customer-test-01,0,"","",ETH/USD,1679009538462575099904,1781806139,failed,BuilderError,"Unable to fetch protocol parameters from Blockfrost (402 Payment Required).",0,0,,,,,1781806182117,1781806182117
368,0xf8ddef8520009f099967878def39172a8604ec98d5e657a0fbca11b6f3ff3170,"",client_test_01_router_a_majors,client-test-01,customer-test-01,0,"","",USDC/USD,999808628400000128,1781806146,failed,BuilderError,"Unable to fetch protocol parameters from Blockfrost (402 Payment Required).",0,0,,,,,1781806182134,1781806182134
369,0xcae0d023b7707df45c6038efb8faec1a1734e533d6798e777a9193489a2df4d7,"",client_test_01_router_b_alts,client-test-01,customer-test-01,0,"","",LTC/USD,43182490800000000000,1781806136,failed,BuilderError,"Unable to fetch protocol parameters from Blockfrost (402 Payment Required).",0,0,,,,,1781806182143,1781806182143
370,0xf85f4d091a4d19ab88cb9729bfe2dd27e9a39a46fdde49dd0594c6bbf3ca31c6,"",client_test_01_router_b_alts,client-test-01,customer-test-01,0,"","",ARB/USD,81998196000000016,1781806120,failed,BuilderError,"Unable to fetch protocol parameters from Blockfrost (402 Payment Required).",0,0,,,,,1781806182153,1781806182153
371,0x0a1c5507786856587b0e58dd37f4ee79ada646362300e329b6910ba9ea28aff1,"",client_test_02_router_default,client-test-02,customer-test-02,0,"","",BTC/USD,62537028096532674510848,1781806137,failed,BuilderError,"Unable to fetch protocol parameters from Blockfrost (402 Payment Required).",0,0,,,,,1781806182366,1781806182366
372,0xea5835362a5a044851c1899f43c059f66a32424ad6123bd09b8aa2da0ab441a9,"",client_test_01_router_b_alts,client-test-01,customer-test-01,0,"","",ARB/USD,81998196000000016,1781806174,failed,BuilderError,"Unable to fetch protocol parameters from Blockfrost (402 Payment Required).",0,0,,,,,1781806198666,1781806198666
373,0x466e4b2e58a77ed6f372341809f7694b17640387d6bb64b9ce4fdf20a711ba7f,"",client_test_01_router_b_alts,client-test-01,customer-test-01,0,"","",NEIRO/USD,64659722400000,1781806177,failed,BuilderError,"Unable to fetch protocol parameters from Blockfrost (402 Payment Required).",0,0,,,,,1781806198675,1781806198675
374,0xbaf4ce1aed39f24a35d749eb93cb0e2fc60e0505970f8096fb5c419a4130b7ce,"",client_test_01_router_b_alts,client-test-01,customer-test-01,0,"","",XVG/USD,2506849950000000,1781806187,failed,BuilderError,"Unable to fetch protocol parameters from Blockfrost (402 Payment Required).",0,0,,,,,1781806215308,1781806215308
375,0xb7efc6478b2e733929ce214110181cd35c643fb4ae2299ca510adf4ec0471d4e,"",client_test_01_router_a_majors,client-test-01,customer-test-01,0,"","",BTC/USD,62540213923545671008256,1781806191,failed,BuilderError,"Unable to fetch protocol parameters from Blockfrost (402 Payment Required).",0,0,,,,,1781806215315,1781806215315
376,0x210e46bf554e5c747ed5e3876419f9f84d4a7f4c51da71951c9570b5b04172bc,"",client_test_01_router_a_majors,client-test-01,customer-test-01,0,"","",ETH/USD,1678874022352549969920,1781806192,failed,BuilderError,"Unable to fetch protocol parameters from Blockfrost (402 Payment Required).",0,0,,,,,1781806215320,1781806215320
377,0xf8ddef8520009f099967878def39172a8604ec98d5e657a0fbca11b6f3ff3170,"",client_test_01_router_a_majors,client-test-01,customer-test-01,0,"","",USDC/USD,999808628400000128,1781806146,failed,BuilderError,"Unable to fetch protocol parameters from Blockfrost (402 Payment Required).",0,0,,,,,1781806215327,1781806215327
378,0x8d268b278ca0f809beb0706764ae52ad8ba3c3d9242d4652a93896c478f2a0e3,"",client_test_01_router_a_majors,client-test-01,customer-test-01,0,"","",DOGE/USD,82277426377056840,1781806150,failed,BuilderError,"Unable to fetch protocol parameters from Blockfrost (402 Payment Required).",0,0,,,,,1781806215332,1781806215332
379,0xd5fa1bbf25de23390c75ad392dae277b5fd498a61767f7c7a9818d33f361b9b6,"",client_test_01_router_b_alts,client-test-01,customer-test-01,0,"","",LTC/USD,43182701601648152576,1781806190,failed,BuilderError,"Unable to fetch protocol parameters from Blockfrost (402 Payment Required).",0,0,,,,,1781806215336,1781806215336
380,0x5a8e824153ede771af79ee29717331ede747d3a310edeb0ad22f587e41e5416b,"",client_test_01_router_b_alts,client-test-01,customer-test-01,0,"","",SHIB/USD,4650313272500,1781806151,failed,BuilderError,"Unable to fetch protocol parameters from Blockfrost (402 Payment Required).",0,0,,,,,1781806215343,1781806215343
381,0x466e4b2e58a77ed6f372341809f7694b17640387d6bb64b9ce4fdf20a711ba7f,"",client_test_01_router_b_alts,client-test-01,customer-test-01,0,"","",NEIRO/USD,64659722400000,1781806177,failed,BuilderError,"Unable to fetch protocol parameters from Blockfrost (402 Payment Required).",0,0,,,,,1781806215346,1781806215346
382,0xc595f12cf7c4102c629e630e1dd05bf1c8b986c34f7da89585bb9f43677b8ab2,"",client_test_01_router_a_majors,client-test-01,customer-test-01,0,"","",USDT/USD,998660000000000000,1781806189,failed,BuilderError,"Unable to fetch protocol parameters from Blockfrost (402 Payment Required).",0,0,,,,,1781806215353,1781806215353
383,0xbe8c2af602dfa36b1b2dcb9a548c29ed2f38a27006538c54a163f8a9e0024b51,"",client_test_01_router_a_majors,client-test-01,customer-test-01,0,"","",USDC/USD,999808628400000128,1781806198,failed,BuilderError,"Unable to fetch protocol parameters from Blockfrost (402 Payment Required).",0,0,,,,,1781806231477,1781806231477
384,0x1187ca6bd5242e394f17e968592d2cdc2282cb3cd7ada920ccf55a0ffa065ddc,"",client_test_01_router_a_majors,client-test-01,customer-test-01,0,"","",DOGE/USD,82277426377056840,1781806202,failed,BuilderError,"Unable to fetch protocol parameters from Blockfrost (402 Payment Required).",0,0,,,,,1781806231485,1781806231485
385,0x35a6ee0e6e99b8a9f297afb202b6fe49edb40c7ca9de0ffa5f7ac5392844b602,"",client_test_01_router_b_alts,client-test-01,customer-test-01,0,"","",SHIB/USD,4650562962500,1781806204,failed,BuilderError,"Unable to fetch protocol parameters from Blockfrost (402 Payment Required).",0,0,,,,,1781806231491,1781806231491
386,0xb7efc6478b2e733929ce214110181cd35c643fb4ae2299ca510adf4ec0471d4e,"",client_test_02_router_default,client-test-02,customer-test-02,0,"","",BTC/USD,62540213923545671008256,1781806191,failed,BuilderError,"Unable to fetch protocol parameters from Blockfrost (402 Payment Required).",0,0,,,,,1781806237425,1781806237425
387,0x8972417ca47488e49f887b7a583d206149e3fb94beb7768dfe39ac63c616bfbd,"",client_test_01_router_b_alts,client-test-01,customer-test-01,0,"","",ARB/USD,81998196000000016,1781806213,failed,BuilderError,"Unable to fetch protocol parameters from Blockfrost (402 Payment Required).",0,0,,,,,1781806247675,1781806247675
388,0xc595f12cf7c4102c629e630e1dd05bf1c8b986c34f7da89585bb9f43677b8ab2,"",client_test_01_router_a_majors,client-test-01,customer-test-01,0,"","",USDT/USD,998660000000000000,1781806189,failed,BuilderError,"Unable to fetch protocol parameters from Blockfrost (402 Payment Required).",0,0,,,,,1781806247682,1781806247682
389,0x466e4b2e58a77ed6f372341809f7694b17640387d6bb64b9ce4fdf20a711ba7f,"",client_test_01_router_b_alts,client-test-01,customer-test-01,0,"","",NEIRO/USD,64659722400000,1781806177,failed,BuilderError,"Unable to fetch protocol parameters from Blockfrost (402 Payment Required).",0,0,,,,,1781806247687,1781806247687
390,0xbaf4ce1aed39f24a35d749eb93cb0e2fc60e0505970f8096fb5c419a4130b7ce,"",client_test_01_router_b_alts,client-test-01,customer-test-01,0,"","",XVG/USD,2506849950000000,1781806187,failed,BuilderError,"Unable to fetch protocol parameters from Blockfrost (402 Payment Required).",0,0,,,,,1781806247695,1781806247695
391,0x71f67d16dc209abe1b71140ee5a77cb94bb5f5aa4146774d4e6c3c23b6e0a639,"",client_test_02_router_default,client-test-02,customer-test-02,0,"","",BTC/USD,62544326016687402909696,1781806231,failed,BuilderError,"Unable to fetch protocol parameters from Blockfrost (402 Payment Required).",0,0,,,,,1781806253740,1781806253740
392,0x944860f761de6baeace53475cc174b9d5e5df776715d85cfb13b3bd8a571ad88,"",client_test_01_router_b_alts,client-test-01,customer-test-01,0,"","",LTC/USD,43183134001648156672,1781806230,failed,BuilderError,"Unable to fetch protocol parameters from Blockfrost (402 Payment Required).",0,0,,,,,1781806263754,1781806263754
393,0x7c3b6e1d72d4974e3479cdaa2c1126355298bf1a301f89a0e8245efd17db3951,"",client_test_01_router_b_alts,client-test-01,customer-test-01,0,"","",NEIRO/USD,64663882500000,1781806231,failed,BuilderError,"Unable to fetch protocol parameters from Blockfrost (402 Payment Required).",0,0,,,,,1781806263761,1781806263761
394,0x71f67d16dc209abe1b71140ee5a77cb94bb5f5aa4146774d4e6c3c23b6e0a639,"",client_test_01_router_a_majors,client-test-01,customer-test-01,0,"","",BTC/USD,62544326016687402909696,1781806231,failed,BuilderError,"Unable to fetch protocol parameters from Blockfrost (402 Payment Required).",0,0,,,,,1781806263769,1781806263769
395,0xfc4d4c655d9cd5774ba79b1a2b2dd77b710167e47acffa9fdf274ee9736daa57,"",client_test_01_router_a_majors,client-test-01,customer-test-01,0,"","",ETH/USD,1678855634400000212992,1781806232,failed,BuilderError,"Unable to fetch protocol parameters from Blockfrost (402 Payment Required).",0,0,,,,,1781806263782,1781806263782
396,0xaa64e3a3da57b34941f90c8ddfce71f95e9f85576605e35af0eba0d66c4ca3c1,"",client_test_01_router_a_majors,client-test-01,customer-test-01,0,"","",USDC/USD,999806166300000128,1781806239,failed,BuilderError,"Unable to fetch protocol parameters from Blockfrost (402 Payment Required).",0,0,,,,,1781806263794,1781806263794
397,0xe730a09e42484f427dd7cdbab092f1b0bb287d6348d28c0f0fbbd0e97159badc,"",client_test_01_router_b_alts,client-test-01,customer-test-01,0,"","",XVG/USD,2506900150000000,1781806240,failed,BuilderError,"Unable to fetch protocol parameters from Blockfrost (402 Payment Required).",0,0,,,,,1781806263802,1781806263802
398,0xa1869080a895ec164a64f9c67883c76d30f5d4c876772cb4408e75bbbd73618b,"",client_test_01_router_a_majors,client-test-01,customer-test-01,0,"","",DOGE/USD,82277426377056840,1781806242,failed,BuilderError,"Unable to fetch protocol parameters from Blockfrost (402 Payment Required).",0,0,,,,,1781806263809,1781806263809
399,0xdc987a1f4d43e7424ad61c70d2dbc6cc5e9a884816850f78aaf35bcfd4ec0023,"",client_test_01_router_a_majors,client-test-01,customer-test-01,0,"","",USDT/USD,998660000000000000,1781806243,failed,BuilderError,"Unable to fetch protocol parameters from Blockfrost (402 Payment Required).",0,0,,,,,1781806263814,1781806263814
400,0x26c13bc0d52849ebba9939190f5a200f9ef1e9221b0a84ac10fce7d39eea21e5,"",client_test_01_router_b_alts,client-test-01,customer-test-01,0,"","",SHIB/USD,4650562962500,1781806244,failed,BuilderError,"Unable to fetch protocol parameters from Blockfrost (402 Payment Required).",0,0,,,,,1781806263821,1781806263821
401,0x71f67d16dc209abe1b71140ee5a77cb94bb5f5aa4146774d4e6c3c23b6e0a639,"",client_test_02_router_default,client-test-02,customer-test-02,0,"","",BTC/USD,62544326016687402909696,1781806231,failed,BuilderError,"Unable to fetch protocol parameters from Blockfrost (402 Payment Required).",0,0,,,,,1781806269682,1781806269682
402,0x71f67d16dc209abe1b71140ee5a77cb94bb5f5aa4146774d4e6c3c23b6e0a639,"",client_test_01_router_a_majors,client-test-01,customer-test-01,0,"","",BTC/USD,62544326016687402909696,1781806231,failed,BuilderError,"Unable to fetch protocol parameters from Blockfrost (402 Payment Required).",0,0,,,,,1781806280071,1781806280071
403,0xfc4d4c655d9cd5774ba79b1a2b2dd77b710167e47acffa9fdf274ee9736daa57,"",client_test_01_router_a_majors,client-test-01,customer-test-01,0,"","",ETH/USD,1678855634400000212992,1781806232,failed,BuilderError,"Unable to fetch protocol parameters from Blockfrost (402 Payment Required).",0,0,,,,,1781806280079,1781806280079
404,0xaa64e3a3da57b34941f90c8ddfce71f95e9f85576605e35af0eba0d66c4ca3c1,"",client_test_01_router_a_majors,client-test-01,customer-test-01,0,"","",USDC/USD,999806166300000128,1781806239,failed,BuilderError,"Unable to fetch protocol parameters from Blockfrost (402 Payment Required).",0,0,,,,,1781806280086,1781806280086
405,0xa1869080a895ec164a64f9c67883c76d30f5d4c876772cb4408e75bbbd73618b,"",client_test_01_router_a_majors,client-test-01,customer-test-01,0,"","",DOGE/USD,82277426377056840,1781806242,failed,BuilderError,"Unable to fetch protocol parameters from Blockfrost (402 Payment Required).",0,0,,,,,1781806280093,1781806280093
406,0x944860f761de6baeace53475cc174b9d5e5df776715d85cfb13b3bd8a571ad88,"",client_test_01_router_b_alts,client-test-01,customer-test-01,0,"","",LTC/USD,43183134001648156672,1781806230,failed,BuilderError,"Unable to fetch protocol parameters from Blockfrost (402 Payment Required).",0,0,,,,,1781806280101,1781806280101
407,0x8972417ca47488e49f887b7a583d206149e3fb94beb7768dfe39ac63c616bfbd,"",client_test_01_router_b_alts,client-test-01,customer-test-01,0,"","",ARB/USD,81998196000000016,1781806213,failed,BuilderError,"Unable to fetch protocol parameters from Blockfrost (402 Payment Required).",0,0,,,,,1781806280107,1781806280107
408,0x26c13bc0d52849ebba9939190f5a200f9ef1e9221b0a84ac10fce7d39eea21e5,"",client_test_01_router_b_alts,client-test-01,customer-test-01,0,"","",SHIB/USD,4650562962500,1781806244,failed,BuilderError,"Unable to fetch protocol parameters from Blockfrost (402 Payment Required).",0,0,,,,,1781806280114,1781806280114
409,0x169737a10e85109f819bf3eafad40890487bcb0cc157170b1fdd9402898e873f,"",client_test_01_router_b_alts,client-test-01,customer-test-01,0,"","",ARB/USD,81998196000000016,1781806267,failed,BuilderError,"Unable to fetch protocol parameters from Blockfrost (402 Payment Required).",0,0,,,,,1781806296188,1781806296188
410,0x6a5a067ad4afaf7cee2502452ae2fc98b5f81e7f17bfa9783d5967b0f6768812,"",client_test_01_router_b_alts,client-test-01,customer-test-01,0,"","",NEIRO/USD,64663882500000,1781806270,failed,BuilderError,"Unable to fetch protocol parameters from Blockfrost (402 Payment Required).",0,0,,,,,1781806296199,1781806296199
411,0xb916f65528ad23e250d03bdda69f53cf1f1377c46e0add1be7b17552fce49658,"",client_test_01_router_a_majors,client-test-01,customer-test-01,0,"","",BTC/USD,62546611702415321202688,1781806285,failed,BuilderError,"Unable to fetch protocol parameters from Blockfrost (402 Payment Required).",0,0,,,,,1781806312305,1781806312305
412,0xb8e3d1207597cbf4eae0102c6b58a0ee5f1c3fae410739d0f76aabb2eea7408c,"",client_test_01_router_a_majors,client-test-01,customer-test-01,0,"","",ETH/USD,1678825671600000204800,1781806286,failed,BuilderError,"Unable to fetch protocol parameters from Blockfrost (402 Payment Required).",0,0,,,,,1781806312313,1781806312313
413,0x9b840352e4cd8b07d1e79b4b4570d0e47cf009883fecfce2426162cd6621936c,"",client_test_01_router_a_majors,client-test-01,customer-test-01,0,"","",USDC/USD,999803669475000128,1781806292,failed,BuilderError,"Unable to fetch protocol parameters from Blockfrost (402 Payment Required).",0,0,,,,,1781806312320,1781806312320
414,0xa1869080a895ec164a64f9c67883c76d30f5d4c876772cb4408e75bbbd73618b,"",client_test_01_router_a_majors,client-test-01,customer-test-01,0,"","",DOGE/USD,82277426377056840,1781806242,failed,BuilderError,"Unable to fetch protocol parameters from Blockfrost (402 Payment Required).",0,0,,,,,1781806312326,1781806312326
415,0x5d79d826046124e2d0d4b60323c95a7ef3f06bba73766b5aff565a98c1681b14,"",client_test_01_router_b_alts,client-test-01,customer-test-01,0,"","",LTC/USD,43183134001648156672,1781806283,failed,BuilderError,"Unable to fetch protocol parameters from Blockfrost (402 Payment Required).",0,0,,,,,1781806312334,1781806312334
416,0x26c13bc0d52849ebba9939190f5a200f9ef1e9221b0a84ac10fce7d39eea21e5,"",client_test_01_router_b_alts,client-test-01,customer-test-01,0,"","",SHIB/USD,4650562962500,1781806244,failed,BuilderError,"Unable to fetch protocol parameters from Blockfrost (402 Payment Required).",0,0,,,,,1781806312341,1781806312341
417,0x6a5a067ad4afaf7cee2502452ae2fc98b5f81e7f17bfa9783d5967b0f6768812,"",client_test_01_router_b_alts,client-test-01,customer-test-01,0,"","",NEIRO/USD,64663882500000,1781806270,failed,BuilderError,"Unable to fetch protocol parameters from Blockfrost (402 Payment Required).",0,0,,,,,1781806312346,1781806312346
418,0x52ed6eb966755e610a122ab2e0adcaf99cba4384c1101a1a638e7aa2060eafa7,"",client_test_01_router_b_alts,client-test-01,customer-test-01,0,"","",XVG/USD,2506900150000000,1781806280,failed,BuilderError,"Unable to fetch protocol parameters from Blockfrost (402 Payment Required).",0,0,,,,,1781806312354,1781806312354
419,0xd1a421b6e76b89fbefc1a3c5494cdfefdc31c833bbb3d20cfbcb9c7fe08748bf,"",client_test_01_router_a_majors,client-test-01,customer-test-01,0,"","",USDT/USD,998660000000000000,1781806282,failed,BuilderError,"Unable to fetch protocol parameters from Blockfrost (402 Payment Required).",0,0,,,,,1781806312366,1781806312366
420,0xb916f65528ad23e250d03bdda69f53cf1f1377c46e0add1be7b17552fce49658,"",client_test_02_router_default,client-test-02,customer-test-02,0,"","",BTC/USD,62546611702415321202688,1781806285,failed,BuilderError,"Unable to fetch protocol parameters from Blockfrost (402 Payment Required).",0,0,,,,,1781806327641,1781806327641
421,0x7205eb5a72f57d863f738681c0a43886c4a2df8bac077b1620e24cfe02b9914a,"",client_test_01_router_a_majors,client-test-01,customer-test-01,0,"","",DOGE/USD,82277426377056840,1781806296,failed,BuilderError,"Unable to fetch protocol parameters from Blockfrost (402 Payment Required).",0,0,,,,,1781806328228,1781806328228
422,0x7585d22b8c7b60cd532e167e82148ba3579cc3e078fea5480ea3d1c2b1f05cbc,"",client_test_01_router_b_alts,client-test-01,customer-test-01,0,"","",SHIB/USD,4650562962500,1781806297,failed,BuilderError,"Unable to fetch protocol parameters from Blockfrost (402 Payment Required).",0,0,,,,,1781806328236,1781806328236
423,0xb2a488a4498206f81c544056f31b90a931dd624b7b28e143ead002896d96a028,"",client_test_01_router_b_alts,client-test-01,customer-test-01,0,"","",ARB/USD,81999057500000000,1781806305,failed,BuilderError,"Unable to fetch protocol parameters from Blockfrost (402 Payment Required).",0,0,,,,,1781806328243,1781806328243
424,0xd1a421b6e76b89fbefc1a3c5494cdfefdc31c833bbb3d20cfbcb9c7fe08748bf,"",client_test_01_router_a_majors,client-test-01,customer-test-01,0,"","",USDT/USD,998660000000000000,1781806282,failed,BuilderError,"Unable to fetch protocol parameters from Blockfrost (402 Payment Required).",0,0,,,,,1781806328250,1781806328250
425,0x6a5a067ad4afaf7cee2502452ae2fc98b5f81e7f17bfa9783d5967b0f6768812,"",client_test_01_router_b_alts,client-test-01,customer-test-01,0,"","",NEIRO/USD,64663882500000,1781806270,failed,BuilderError,"Unable to fetch protocol parameters from Blockfrost (402 Payment Required).",0,0,,,,,1781806328257,1781806328257
426,0x52ed6eb966755e610a122ab2e0adcaf99cba4384c1101a1a638e7aa2060eafa7,"",client_test_01_router_b_alts,client-test-01,customer-test-01,0,"","",XVG/USD,2506900150000000,1781806280,failed,BuilderError,"Unable to fetch protocol parameters from Blockfrost (402 Payment Required).",0,0,,,,,1781806328264,1781806328264
427,0x1bb82944603d024da1ed7cabcb406272e4f8e1a4955cf79ead8fa7168019bdc6,"",client_test_02_router_default,client-test-02,customer-test-02,0,"","",BTC/USD,62548469057325004488704,1781806323,failed,BuilderError,"Unable to fetch protocol parameters from Blockfrost (402 Payment Required).",0,0,,,,,1781806343692,1781806343692
428,0xa8c78ebdbf19807874ee871b44f7af912b746ce2908a6407ba81afca754dcd98,"",client_test_01_router_b_alts,client-test-01,customer-test-01,0,"","",LTC/USD,43184869000000008192,1781806322,failed,BuilderError,"Unable to fetch protocol parameters from Blockfrost (402 Payment Required).",0,0,,,,,1781806344210,1781806344210
429,0x10b4271d4625f0dbfaecf871ed129e696b3a196665ddf33cd73ce566d23bcbd4,"",client_test_01_router_b_alts,client-test-01,customer-test-01,0,"","",NEIRO/USD,64663882500000,1781806322,failed,BuilderError,"Unable to fetch protocol parameters from Blockfrost (402 Payment Required).",0,0,,,,,1781806344218,1781806344218
430,0x1bb82944603d024da1ed7cabcb406272e4f8e1a4955cf79ead8fa7168019bdc6,"",client_test_01_router_a_majors,client-test-01,customer-test-01,0,"","",BTC/USD,62548469057325004488704,1781806323,failed,BuilderError,"Unable to fetch protocol parameters from Blockfrost (402 Payment Required).",0,0,,,,,1781806344227,1781806344227
431,0xd6a177dd6cda59836209d4abce73bbd73b0c6d4e8a572d00ff20afcdc881cc31,"",client_test_01_router_a_majors,client-test-01,customer-test-01,0,"","",ETH/USD,1678733328650652090368,1781806325,failed,BuilderError,"Unable to fetch protocol parameters from Blockfrost (402 Payment Required).",0,0,,,,,1781806344236,1781806344236
432,0x1bb82944603d024da1ed7cabcb406272e4f8e1a4955cf79ead8fa7168019bdc6,"",client_test_02_router_default,client-test-02,customer-test-02,0,"","",BTC/USD,62548469057325004488704,1781806323,failed,BuilderError,"Unable to fetch protocol parameters from Blockfrost (402 Payment Required).",0,0,,,,,1781806359903,1781806359903
433,0x8ce929fe180329c4f46b8ab094753c4e743775266e78c509aca9ab209b1e8a9d,"",client_test_01_router_a_majors,client-test-01,customer-test-01,0,"","",USDC/USD,999803669299999936,1781806331,failed,BuilderError,"Unable to fetch protocol parameters from Blockfrost (402 Payment Required).",0,0,,,,,1781806360163,1781806360163
434,0x2430fa6197e78ef7b603b0e49597e4f7aceb49dacf1b2805cba76d0b9d79d261,"",client_test_01_router_b_alts,client-test-01,customer-test-01,0,"","",XVG/USD,2506900150000000,1781806333,failed,BuilderError,"Unable to fetch protocol parameters from Blockfrost (402 Payment Required).",0,0,,,,,1781806360174,1781806360174
435,0x13cc0562fc94724b803b31d354d90bda32db1e17c1cb85c9ad3f23f569895236,"",client_test_01_router_a_majors,client-test-01,customer-test-01,0,"","",DOGE/USD,82277724779113672,1781806335,failed,BuilderError,"Unable to fetch protocol parameters from Blockfrost (402 Payment Required).",0,0,,,,,1781806360183,1781806360183
436,0x7cbc6bffc18a1c04f010089030c46a43eb760839065a883e8caf723277825c5e,"",client_test_01_router_a_majors,client-test-01,customer-test-01,0,"","",USDT/USD,998660000000000000,1781806336,failed,BuilderError,"Unable to fetch protocol parameters from Blockfrost (402 Payment Required).",0,0,,,,,1781806360193,1781806360193
437,0x8a4274f3fcd1f32ea176027402296fef3f478988b9fea674a2291d7ceb93ec8c,"",client_test_01_router_b_alts,client-test-01,customer-test-01,0,"","",SHIB/USD,4650562962500,1781806336,failed,BuilderError,"Unable to fetch protocol parameters from Blockfrost (402 Payment Required).",0,0,,,,,1781806360201,1781806360201
438,0x1bb82944603d024da1ed7cabcb406272e4f8e1a4955cf79ead8fa7168019bdc6,"",client_test_01_router_a_majors,client-test-01,customer-test-01,0,"","",BTC/USD,62548469057325004488704,1781806323,failed,BuilderError,"Unable to fetch protocol parameters from Blockfrost (402 Payment Required).",0,0,,,,,1781806360209,1781806360209
439,0xd6a177dd6cda59836209d4abce73bbd73b0c6d4e8a572d00ff20afcdc881cc31,"",client_test_01_router_a_majors,client-test-01,customer-test-01,0,"","",ETH/USD,1678733328650652090368,1781806325,failed,BuilderError,"Unable to fetch protocol parameters from Blockfrost (402 Payment Required).",0,0,,,,,1781806360217,1781806360217
440,0xa8c78ebdbf19807874ee871b44f7af912b746ce2908a6407ba81afca754dcd98,"",client_test_01_router_b_alts,client-test-01,customer-test-01,0,"","",LTC/USD,43184869000000008192,1781806322,failed,BuilderError,"Unable to fetch protocol parameters from Blockfrost (402 Payment Required).",0,0,,,,,1781806360225,1781806360225
441,0xb2a488a4498206f81c544056f31b90a931dd624b7b28e143ead002896d96a028,"",client_test_01_router_b_alts,client-test-01,customer-test-01,0,"","",ARB/USD,81999057500000000,1781806305,failed,BuilderError,"Unable to fetch protocol parameters from Blockfrost (402 Payment Required).",0,0,,,,,1781806360232,1781806360232
442,0x227e5c65af6a34320fbb4070e97fd0d41dd5a502b67cba04cf2058de0331815b,"",client_test_01_router_b_alts,client-test-01,customer-test-01,0,"","",ARB/USD,81999549000000000,1781806359,failed,BuilderError,"Unable to fetch protocol parameters from Blockfrost (402 Payment Required).",0,0,,,,,1781806407261,1781806407261
443,0xe85423021abc6f36d63b42feb0ea4ef6d405957de88bf53b0faae6dedb395063,"",client_test_01_router_b_alts,client-test-01,customer-test-01,0,"","",NEIRO/USD,64663882500000,1781806362,failed,BuilderError,"Unable to fetch protocol parameters from Blockfrost (402 Payment Required).",0,0,,,,,1781806407272,1781806407272
444,0x9cb033ef995b64549a3200dcf939e042e7f11e62aa60c63338c76d147af2cbfb,"",client_test_01_router_a_majors,client-test-01,customer-test-01,0,"","",BTC/USD,62551016605000000339968,1781806376,failed,BuilderError,"Unable to fetch protocol parameters from Blockfrost (402 Payment Required).",0,0,,,,,1781806407280,1781806407280
445,0x3f1f8ec4297084c37862ef22cdebe09c44f9d032c44d30fbe2970a7626f4f339,"",client_test_01_router_a_majors,client-test-01,customer-test-01,0,"","",ETH/USD,1678702014739009372160,1781806377,failed,BuilderError,"Unable to fetch protocol parameters from Blockfrost (402 Payment Required).",0,0,,,,,1781806407289,1781806407289
446,0xd4f5797456d1e720c80705030a2d3188af44d6a8a23c4fb57cc9d0cff2804263,"",client_test_01_router_a_majors,client-test-01,customer-test-01,0,"","",USDC/USD,999801178050000000,1781806383,failed,BuilderError,"Unable to fetch protocol parameters from Blockfrost (402 Payment Required).",0,0,,,,,1781806407296,1781806407296
447,0xa6a00b157c523cfb69f76d94a47eaf3676da7b79d57281aeaacd8fc35bb9068d,"",client_test_01_router_a_majors,client-test-01,customer-test-01,0,"","",DOGE/USD,82279124527056840,1781806388,failed,BuilderError,"Unable to fetch protocol parameters from Blockfrost (402 Payment Required).",0,0,,,,,1781806407304,1781806407304
448,0x472c04ae536d4e274ce8143617dda0489035329d1bf0a88718cb25e7dfd1a95e,"",client_test_01_router_b_alts,client-test-01,customer-test-01,0,"","",LTC/USD,43186382400000008192,1781806374,failed,BuilderError,"Unable to fetch protocol parameters from Blockfrost (402 Payment Required).",0,0,,,,,1781806407312,1781806407312
449,0x4ee3cc97f5071b9d2c73cb7a1eb7da560bd70bcd778bfab948dbf523eff66c80,"",client_test_01_router_b_alts,client-test-01,customer-test-01,0,"","",SHIB/USD,4650562962500,1781806389,failed,BuilderError,"Unable to fetch protocol parameters from Blockfrost (402 Payment Required).",0,0,,,,,1781806407321,1781806407321
450,0xae60f01c5e98c9e0cc32279be734b4666494b9aaf2b8e68d6690f71b68da12e8,"",client_test_01_router_b_alts,client-test-01,customer-test-01,0,"","",XVG/USD,2506912700000000,1781806372,failed,BuilderError,"Unable to fetch protocol parameters from Blockfrost (402 Payment Required).",0,0,,,,,1781806407348,1781806407348
451,0xd3768359cc75a14a564022a450eae8028b793c58193589d20c50eca5e3352e48,"",client_test_01_router_a_majors,client-test-01,customer-test-01,0,"","",USDT/USD,998660000000000000,1781806374,failed,BuilderError,"Unable to fetch protocol parameters from Blockfrost (402 Payment Required).",0,0,,,,,1781806407357,1781806407357
452,0x9cb033ef995b64549a3200dcf939e042e7f11e62aa60c63338c76d147af2cbfb,"",client_test_02_router_default,client-test-02,customer-test-02,0,"","",BTC/USD,62551016605000000339968,1781806376,failed,BuilderError,"Unable to fetch protocol parameters from Blockfrost (402 Payment Required).",0,0,,,,,1781806417508,1781806417508
453,0x1ff2ed3d4b0694fc89cf662f745718a9882ae4091abbfc95da1a832e63916d5c,"",client_test_01_router_b_alts,client-test-01,customer-test-01,0,"","",ARB/USD,82000000000000000,1781806398,failed,BuilderError,"Unable to fetch protocol parameters from Blockfrost (402 Payment Required).",0,0,,,,,1781806423375,1781806423375
454,0xd3768359cc75a14a564022a450eae8028b793c58193589d20c50eca5e3352e48,"",client_test_01_router_a_majors,client-test-01,customer-test-01,0,"","",USDT/USD,998660000000000000,1781806374,failed,BuilderError,"Unable to fetch protocol parameters from Blockfrost (402 Payment Required).",0,0,,,,,1781806423387,1781806423387
455,0xe85423021abc6f36d63b42feb0ea4ef6d405957de88bf53b0faae6dedb395063,"",client_test_01_router_b_alts,client-test-01,customer-test-01,0,"","",NEIRO/USD,64663882500000,1781806362,failed,BuilderError,"Unable to fetch protocol parameters from Blockfrost (402 Payment Required).",0,0,,,,,1781806423398,1781806423398
456,0xae60f01c5e98c9e0cc32279be734b4666494b9aaf2b8e68d6690f71b68da12e8,"",client_test_01_router_b_alts,client-test-01,customer-test-01,0,"","",XVG/USD,2506912700000000,1781806372,failed,BuilderError,"Unable to fetch protocol parameters from Blockfrost (402 Payment Required).",0,0,,,,,1781806423406,1781806423406
457,0xb9c88d4b06c558a591d7f28d6fac9be3d95921b40992757e929ecc04f1e91765,"",client_test_01_router_b_alts,client-test-01,customer-test-01,0,"","",LTC/USD,43189174524999999488,1781806414,failed,BuilderError,"Unable to fetch protocol parameters from Blockfrost (402 Payment Required).",0,0,,,,,1781806439777,1781806439777
458,0x16fc40046f4aa2e960c1ca9484cf65b5fe309c9936c39d0df14ae2013b5b299f,"",client_test_01_router_b_alts,client-test-01,customer-test-01,0,"","",NEIRO/USD,64663882500000,1781806415,failed,BuilderError,"Unable to fetch protocol parameters from Blockfrost (402 Payment Required).",0,0,,,,,1781806439787,1781806439787
459,0xc0a76d29ac8edc1687b91484cb8643a94dfdcc460445d0db966748e79b1bd3ac,"",client_test_01_router_a_majors,client-test-01,customer-test-01,0,"","",BTC/USD,62552632064368252551168,1781806415,failed,BuilderError,"Unable to fetch protocol parameters from Blockfrost (402 Payment Required).",0,0,,,,,1781806439794,1781806439794
460,0xbb5c56bf5a5d722c9f65e4c3f47bb993530f8354a3ac593a513e0b0557e9f70a,"",client_test_01_router_a_majors,client-test-01,customer-test-01,0,"","",ETH/USD,1678689467527758217216,1781806417,failed,BuilderError,"Unable to fetch protocol parameters from Blockfrost (402 Payment Required).",0,0,,,,,1781806439804,1781806439804
461,0x06601f972284f35931e1965a9aeb616f2eed58dab5dba649eee39d631ee86734,"",client_test_01_router_a_majors,client-test-01,customer-test-01,0,"","",USDC/USD,999798733100000000,1781806423,failed,BuilderError,"Unable to fetch protocol parameters from Blockfrost (402 Payment Required).",0,0,,,,,1781806456258,1781806456258
462,0x1ef21580b7269927d6cca0e8335c08b5af182901c4201ed6bbf9fb6805f5de34,"",client_test_01_router_b_alts,client-test-01,customer-test-01,0,"","",XVG/USD,2506937800000000,1781806425,failed,BuilderError,"Unable to fetch protocol parameters from Blockfrost (402 Payment Required).",0,0,,,,,1781806456266,1781806456266
463,0x8cf05eafe14585d799c9cc48bed1afbe2340d296a77ba2085150a209499e3bea,"",client_test_01_router_a_majors,client-test-01,customer-test-01,0,"","",DOGE/USD,82281919750000008,1781806427,failed,BuilderError,"Unable to fetch protocol parameters from Blockfrost (402 Payment Required).",0,0,,,,,1781806456274,1781806456274
464,0x80c65c019abb6048135801b6d8685d093cef2123611a99bdc786e7d1cc8d93b7,"",client_test_01_router_a_majors,client-test-01,customer-test-01,0,"","",USDT/USD,998660000000000000,1781806428,failed,BuilderError,"Unable to fetch protocol parameters from Blockfrost (402 Payment Required).",0,0,,,,,1781806456290,1781806456290
465,0x5a63adcd55701a6d60c24b66d241da14458390677128b5db79eecb4c7f72ea93,"",client_test_01_router_b_alts,client-test-01,customer-test-01,0,"","",SHIB/USD,4650766065000,1781806428,failed,BuilderError,"Unable to fetch protocol parameters from Blockfrost (402 Payment Required).",0,0,,,,,1781806456297,1781806456297
466,0xc0a76d29ac8edc1687b91484cb8643a94dfdcc460445d0db966748e79b1bd3ac,"",client_test_01_router_a_majors,client-test-01,customer-test-01,0,"","",BTC/USD,62552632064368252551168,1781806415,failed,BuilderError,"Unable to fetch protocol parameters from Blockfrost (402 Payment Required).",0,0,,,,,1781806456307,1781806456307
467,0xbb5c56bf5a5d722c9f65e4c3f47bb993530f8354a3ac593a513e0b0557e9f70a,"",client_test_01_router_a_majors,client-test-01,customer-test-01,0,"","",ETH/USD,1678689467527758217216,1781806417,failed,BuilderError,"Unable to fetch protocol parameters from Blockfrost (402 Payment Required).",0,0,,,,,1781806456325,1781806456325
468,0xb9c88d4b06c558a591d7f28d6fac9be3d95921b40992757e929ecc04f1e91765,"",client_test_01_router_b_alts,client-test-01,customer-test-01,0,"","",LTC/USD,43189174524999999488,1781806414,failed,BuilderError,"Unable to fetch protocol parameters from Blockfrost (402 Payment Required).",0,0,,,,,1781806456332,1781806456332
469,0x1ff2ed3d4b0694fc89cf662f745718a9882ae4091abbfc95da1a832e63916d5c,"",client_test_01_router_b_alts,client-test-01,customer-test-01,0,"","",ARB/USD,82000000000000000,1781806398,failed,BuilderError,"Unable to fetch protocol parameters from Blockfrost (402 Payment Required).",0,0,,,,,1781806456338,1781806456338
470,0xc0a76d29ac8edc1687b91484cb8643a94dfdcc460445d0db966748e79b1bd3ac,"",client_test_02_router_default,client-test-02,customer-test-02,0,"","",BTC/USD,62552632064368252551168,1781806415,failed,BuilderError,"Unable to fetch protocol parameters from Blockfrost (402 Payment Required).",0,0,,,,,1781806463323,1781806463323
471,0xd20d99830c6e3fa6c92cab3e510a3e70e6ff8c25856cfd598beed3b0d10355b8,"",client_test_01_router_b_alts,client-test-01,customer-test-01,0,"","",ARB/USD,82000000000000000,1781806451,failed,BuilderError,"Unable to fetch protocol parameters from Blockfrost (402 Payment Required).",0,0,,,,,1781806472171,1781806472171
472,0xbbe1e1d55dc62b0edd93aeb90aeb86244568fdecd77f462ef2951a691c33e08e,"",client_test_01_router_b_alts,client-test-01,customer-test-01,0,"","",NEIRO/USD,64663882500000,1781806454,failed,BuilderError,"Unable to fetch protocol parameters from Blockfrost (402 Payment Required).",0,0,,,,,1781806472178,1781806472178
473,0xc0a76d29ac8edc1687b91484cb8643a94dfdcc460445d0db966748e79b1bd3ac,"",client_test_02_router_default,client-test-02,customer-test-02,0,"","",BTC/USD,62552632064368252551168,1781806415,failed,BuilderError,"Unable to fetch protocol parameters from Blockfrost (402 Payment Required).",0,0,,,,,1781806479228,1781806479228
474,0xc0a76d29ac8edc1687b91484cb8643a94dfdcc460445d0db966748e79b1bd3ac,"",client_test_01_router_a_majors,client-test-01,customer-test-01,0,"","",BTC/USD,62552632064368252551168,1781806415,failed,BuilderError,"Unable to fetch protocol parameters from Blockfrost (402 Payment Required).",0,0,,,,,1781806488079,1781806488079
475,0xbb5c56bf5a5d722c9f65e4c3f47bb993530f8354a3ac593a513e0b0557e9f70a,"",client_test_01_router_a_majors,client-test-01,customer-test-01,0,"","",ETH/USD,1678689467527758217216,1781806417,failed,BuilderError,"Unable to fetch protocol parameters from Blockfrost (402 Payment Required).",0,0,,,,,1781806488086,1781806488086
476,0x06601f972284f35931e1965a9aeb616f2eed58dab5dba649eee39d631ee86734,"",client_test_01_router_a_majors,client-test-01,customer-test-01,0,"","",USDC/USD,999798733100000000,1781806423,failed,BuilderError,"Unable to fetch protocol parameters from Blockfrost (402 Payment Required).",0,0,,,,,1781806488093,1781806488093
477,0x8cf05eafe14585d799c9cc48bed1afbe2340d296a77ba2085150a209499e3bea,"",client_test_01_router_a_majors,client-test-01,customer-test-01,0,"","",DOGE/USD,82281919750000008,1781806427,failed,BuilderError,"Unable to fetch protocol parameters from Blockfrost (402 Payment Required).",0,0,,,,,1781806488100,1781806488100
478,0xd86cec310aab920a313eed5dd275dfd72c3245f477cce9e6c4db3bde9dab05d1,"",client_test_01_router_b_alts,client-test-01,customer-test-01,0,"","",LTC/USD,43190688100000002048,1781806469,failed,BuilderError,"Unable to fetch protocol parameters from Blockfrost (402 Payment Required).",0,0,,,,,1781806488105,1781806488105
479,0x5a63adcd55701a6d60c24b66d241da14458390677128b5db79eecb4c7f72ea93,"",client_test_01_router_b_alts,client-test-01,customer-test-01,0,"","",SHIB/USD,4650766065000,1781806428,failed,BuilderError,"Unable to fetch protocol parameters from Blockfrost (402 Payment Required).",0,0,,,,,1781806488111,1781806488111
480,0xbbe1e1d55dc62b0edd93aeb90aeb86244568fdecd77f462ef2951a691c33e08e,"",client_test_01_router_b_alts,client-test-01,customer-test-01,0,"","",NEIRO/USD,64663882500000,1781806454,failed,BuilderError,"Unable to fetch protocol parameters from Blockfrost (402 Payment Required).",0,0,,,,,1781806488116,1781806488116
481,0x3b15c6375b197ba760d951d354cdeb314ff133438c4cf020646d345e74b47f74,"",client_test_01_router_b_alts,client-test-01,customer-test-01,0,"","",XVG/USD,2507273980000000,1781806466,failed,BuilderError,"Unable to fetch protocol parameters from Blockfrost (402 Payment Required).",0,0,,,,,1781806488121,1781806488121
482,0x5bd4b52f5291f9f240f08223b2069e3366ab41124544a817d82f9069f889e83f,"",client_test_01_router_a_majors,client-test-01,customer-test-01,0,"","",USDT/USD,998660000000000000,1781806468,failed,BuilderError,"Unable to fetch protocol parameters from Blockfrost (402 Payment Required).",0,0,,,,,1781806488129,1781806488129
483,0x5a67368f2f5f65e6c26d131b58d475997fc50ef39f9d2d854ad0d9e812efe613,"",client_test_02_router_default,client-test-02,customer-test-02,0,"","",BTC/USD,62556212043162503348224,1781806470,failed,BuilderError,"Unable to fetch protocol parameters from Blockfrost (402 Payment Required).",0,0,,,,,1781806495078,1781806495078
484,0x5a67368f2f5f65e6c26d131b58d475997fc50ef39f9d2d854ad0d9e812efe613,"",client_test_01_router_a_majors,client-test-01,customer-test-01,0,"","",BTC/USD,62556212043162503348224,1781806470,failed,BuilderError,"Unable to fetch protocol parameters from Blockfrost (402 Payment Required).",0,0,,,,,1781806504082,1781806504082
485,0xcb60b6b37ccd5a22148ca2c70e07d3d7cc3b830077d6e1e65ca58c8d62d81b0b,"",client_test_01_router_a_majors,client-test-01,customer-test-01,0,"","",ETH/USD,1678673023889009410048,1781806472,failed,BuilderError,"Unable to fetch protocol parameters from Blockfrost (402 Payment Required).",0,0,,,,,1781806504090,1781806504090
486,0xd427e26c3cfc3a0be7728618eef2905c640a8e5b6d8f2d729d270e0a022cc8e6,"",client_test_01_router_a_majors,client-test-01,customer-test-01,0,"","",USDC/USD,999796224850000000,1781806478,failed,BuilderError,"Unable to fetch protocol parameters from Blockfrost (402 Payment Required).",0,0,,,,,1781806504111,1781806504111
487,0x1520369f7530d9b4ad097753e0a8f7a81179e6d7cbc49755945321b1dee7d373,"",client_test_01_router_a_majors,client-test-01,customer-test-01,0,"","",DOGE/USD,82287836400000016,1781806481,failed,BuilderError,"Unable to fetch protocol parameters from Blockfrost (402 Payment Required).",0,0,,,,,1781806504119,1781806504119
488,0x29780d412ba1de92939110d04393a3dcd75eab6d2b8478737b3206abf64a7961,"",client_test_01_router_b_alts,client-test-01,customer-test-01,0,"","",SHIB/USD,4651087165000,1781806483,failed,BuilderError,"Unable to fetch protocol parameters from Blockfrost (402 Payment Required).",0,0,,,,,1781806504124,1781806504124
489,0x5bd4b52f5291f9f240f08223b2069e3366ab41124544a817d82f9069f889e83f,"",client_test_01_router_a_majors,client-test-01,customer-test-01,0,"","",USDT/USD,998660000000000000,1781806468,failed,BuilderError,"Unable to fetch protocol parameters from Blockfrost (402 Payment Required).",0,0,,,,,1781806520346,1781806520346
490,0xbbe1e1d55dc62b0edd93aeb90aeb86244568fdecd77f462ef2951a691c33e08e,"",client_test_01_router_b_alts,client-test-01,customer-test-01,0,"","",NEIRO/USD,64663882500000,1781806454,failed,BuilderError,"Unable to fetch protocol parameters from Blockfrost (402 Payment Required).",0,0,,,,,1781806520353,1781806520353
491,0x3b15c6375b197ba760d951d354cdeb314ff133438c4cf020646d345e74b47f74,"",client_test_01_router_b_alts,client-test-01,customer-test-01,0,"","",XVG/USD,2507273980000000,1781806466,failed,BuilderError,"Unable to fetch protocol parameters from Blockfrost (402 Payment Required).",0,0,,,,,1781806520360,1781806520360
492,0x8a34c187b09609c14ee7823196da270e105de542284adee618e08782c61dbb37,"",client_test_01_router_b_alts,client-test-01,customer-test-01,0,"","",ARB/USD,82008200737022864,1781806492,failed,BuilderError,"Unable to fetch protocol parameters from Blockfrost (402 Payment Required).",0,0,,,,,1781806520367,1781806520367
493,0x650d6e6c725b10fa98a509631ee3e1d1c3ce55dcbed4b608a208877e0e70da8a,"",client_test_01_router_b_alts,client-test-01,customer-test-01,0,"","",LTC/USD,43191938800195481600,1781806508,failed,BuilderError,"Unable to fetch protocol parameters from Blockfrost (402 Payment Required).",0,0,,,,,1781806536497,1781806536497
494,0xbf72bfa6a09611cb6e88102f6ceebc76e1c0bf5ef88504d5f876d750a400abe9,"",client_test_01_router_b_alts,client-test-01,customer-test-01,0,"","",NEIRO/USD,64663882500000,1781806509,failed,BuilderError,"Unable to fetch protocol parameters from Blockfrost (402 Payment Required).",0,0,,,,,1781806536503,1781806536503
495,0x30eb0466d62304de705abb0db9777ed0e357e1bc005440ddf35f2561f5087f3b,"",client_test_01_router_a_majors,client-test-01,customer-test-01,0,"","",BTC/USD,62558201785050004979712,1781806510,failed,BuilderError,"Unable to fetch protocol parameters from Blockfrost (402 Payment Required).",0,0,,,,,1781806536509,1781806536509
496,0x2812b5e80e6f90d10f26759149b815a647e78cd1e428e191513e8f6e5b286d79,"",client_test_01_router_a_majors,client-test-01,customer-test-01,0,"","",ETH/USD,1678673023889009410048,1781806511,failed,BuilderError,"Unable to fetch protocol parameters from Blockfrost (402 Payment Required).",0,0,,,,,1781806536515,1781806536515
497,0xba163dc9a55f18204ff939a6cbe51a8042aecc9b295d8917fa75e4c9f80fb070,"",client_test_01_router_a_majors,client-test-01,customer-test-01,0,"","",USDC/USD,999791097375000064,1781806518,failed,BuilderError,"Unable to fetch protocol parameters from Blockfrost (402 Payment Required).",0,0,,,,,1781806536523,1781806536523
498,0x30eb0466d62304de705abb0db9777ed0e357e1bc005440ddf35f2561f5087f3b,"",client_test_01_router_a_majors,client-test-01,customer-test-01,0,"","",BTC/USD,62558201785050004979712,1781806510,failed,BuilderError,"Unable to fetch protocol parameters from Blockfrost (402 Payment Required).",0,0,,,,,1781806552549,1781806552549
499,0x2812b5e80e6f90d10f26759149b815a647e78cd1e428e191513e8f6e5b286d79,"",client_test_01_router_a_majors,client-test-01,customer-test-01,0,"","",ETH/USD,1678673023889009410048,1781806511,failed,BuilderError,"Unable to fetch protocol parameters from Blockfrost (402 Payment Required).",0,0,,,,,1781806552556,1781806552556
500,0xba163dc9a55f18204ff939a6cbe51a8042aecc9b295d8917fa75e4c9f80fb070,"",client_test_01_router_a_majors,client-test-01,customer-test-01,0,"","",USDC/USD,999791097375000064,1781806518,failed,BuilderError,"Unable to fetch protocol parameters from Blockfrost (402 Payment Required).",0,0,,,,,1781806552564,1781806552564
501,0xf40fac20ca36d629f9de2fc38a89494978d5b36fa115034bb6de7b5d5d92fbba,"",client_test_01_router_a_majors,client-test-01,customer-test-01,0,"","",USDT/USD,998660000000000000,1781806523,failed,BuilderError,"Unable to fetch protocol parameters from Blockfrost (402 Payment Required).",0,0,,,,,1781806552571,1781806552571
502,0x650d6e6c725b10fa98a509631ee3e1d1c3ce55dcbed4b608a208877e0e70da8a,"",client_test_01_router_b_alts,client-test-01,customer-test-01,0,"","",LTC/USD,43191938800195481600,1781806508,failed,BuilderError,"Unable to fetch protocol parameters from Blockfrost (402 Payment Required).",0,0,,,,,1781806552577,1781806552577
503,0x8a34c187b09609c14ee7823196da270e105de542284adee618e08782c61dbb37,"",client_test_01_router_b_alts,client-test-01,customer-test-01,0,"","",ARB/USD,82008200737022864,1781806492,failed,BuilderError,"Unable to fetch protocol parameters from Blockfrost (402 Payment Required).",0,0,,,,,1781806552583,1781806552583
504,0x45097d7101133c07e39672ecec09570f2940a3a1216f2b8ce0d53ca0ed71a950,"",client_test_01_router_b_alts,client-test-01,customer-test-01,0,"","",XVG/USD,2507299080000000,1781806520,failed,BuilderError,"Unable to fetch protocol parameters from Blockfrost (402 Payment Required).",0,0,,,,,1781806552588,1781806552588
505,0x9679be4c9790e38897e91a442e2069f315d2cdcacc5c38c56386a779b8339b74,"",client_test_01_router_a_majors,client-test-01,customer-test-01,0,"","",DOGE/USD,82287836400000016,1781806522,failed,BuilderError,"Unable to fetch protocol parameters from Blockfrost (402 Payment Required).",0,0,,,,,1781806552595,1781806552595
506,0xd487138e1c65c2e8aa287a762f143159550a4f865784bb57c8bb46e2a1343b01,"",client_test_01_router_b_alts,client-test-01,customer-test-01,0,"","",SHIB/USD,4651475010000,1781806523,failed,BuilderError,"Unable to fetch protocol parameters from Blockfrost (402 Payment Required).",0,0,,,,,1781806552598,1781806552598
507,0x30eb0466d62304de705abb0db9777ed0e357e1bc005440ddf35f2561f5087f3b,"",client_test_02_router_default,client-test-02,customer-test-02,0,"","",BTC/USD,62558201785050004979712,1781806510,failed,BuilderError,"Unable to fetch protocol parameters from Blockfrost (402 Payment Required).",0,0,,,,,1781806558099,1781806558099
508,0x572dab26ec1088f67b0ae41d9503262dddddc52dc3f913d7a1d1208f73bab9ad,"",client_test_01_router_b_alts,client-test-01,customer-test-01,0,"","",ARB/USD,82016448224045736,1781806546,failed,BuilderError,"Unable to fetch protocol parameters from Blockfrost (402 Payment Required).",0,0,,,,,1781806568785,1781806568785
509,0x30eb0466d62304de705abb0db9777ed0e357e1bc005440ddf35f2561f5087f3b,"",client_test_01_router_a_majors,client-test-01,customer-test-01,0,"","",BTC/USD,62558201785050004979712,1781806510,failed,BuilderError,"Unable to fetch protocol parameters from Blockfrost (402 Payment Required).",0,0,,,,,1781806568792,1781806568792
510,0x2812b5e80e6f90d10f26759149b815a647e78cd1e428e191513e8f6e5b286d79,"",client_test_01_router_a_majors,client-test-01,customer-test-01,0,"","",ETH/USD,1678673023889009410048,1781806511,failed,BuilderError,"Unable to fetch protocol parameters from Blockfrost (402 Payment Required).",0,0,,,,,1781806568799,1781806568799
511,0xba163dc9a55f18204ff939a6cbe51a8042aecc9b295d8917fa75e4c9f80fb070,"",client_test_01_router_a_majors,client-test-01,customer-test-01,0,"","",USDC/USD,999791097375000064,1781806518,failed,BuilderError,"Unable to fetch protocol parameters from Blockfrost (402 Payment Required).",0,0,,,,,1781806568806,1781806568806
512,0x9679be4c9790e38897e91a442e2069f315d2cdcacc5c38c56386a779b8339b74,"",client_test_01_router_a_majors,client-test-01,customer-test-01,0,"","",DOGE/USD,82287836400000016,1781806522,failed,BuilderError,"Unable to fetch protocol parameters from Blockfrost (402 Payment Required).",0,0,,,,,1781806568812,1781806568812
513,0x650d6e6c725b10fa98a509631ee3e1d1c3ce55dcbed4b608a208877e0e70da8a,"",client_test_01_router_b_alts,client-test-01,customer-test-01,0,"","",LTC/USD,43191938800195481600,1781806508,failed,BuilderError,"Unable to fetch protocol parameters from Blockfrost (402 Payment Required).",0,0,,,,,1781806568816,1781806568816
514,0xd487138e1c65c2e8aa287a762f143159550a4f865784bb57c8bb46e2a1343b01,"",client_test_01_router_b_alts,client-test-01,customer-test-01,0,"","",SHIB/USD,4651475010000,1781806523,failed,BuilderError,"Unable to fetch protocol parameters from Blockfrost (402 Payment Required).",0,0,,,,,1781806568822,1781806568822
515,0xe2ed1bb9b2bf24190151562c31ffc445652b3e8fed7b8e0df66777035bf0132d,"",client_test_01_router_b_alts,client-test-01,customer-test-01,0,"","",NEIRO/USD,64663882500000,1781806550,failed,BuilderError,"Unable to fetch protocol parameters from Blockfrost (402 Payment Required).",0,0,,,,,1781806568827,1781806568827
516,0x30eb0466d62304de705abb0db9777ed0e357e1bc005440ddf35f2561f5087f3b,"",client_test_02_router_default,client-test-02,customer-test-02,0,"","",BTC/USD,62558201785050004979712,1781806510,failed,BuilderError,"Unable to fetch protocol parameters from Blockfrost (402 Payment Required).",0,0,,,,,1781806574317,1781806574317
517,0x239dd946ca092b8c1fb09da55d47501729535f417d0cf63fd9e26d0e2f6de351,"",client_test_01_router_b_alts,client-test-01,customer-test-01,0,"","",XVG/USD,2507647815000000,1781806559,failed,BuilderError,"Unable to fetch protocol parameters from Blockfrost (402 Payment Required).",0,0,,,,,1781806584878,1781806584878
518,0xddb74dec3e9634b95c72dd44da9714908e55cf1ffddd8e8e7603ca5a5ad2a5d4,"",client_test_01_router_a_majors,client-test-01,customer-test-01,0,"","",USDT/USD,998660000000000000,1781806563,failed,BuilderError,"Unable to fetch protocol parameters from Blockfrost (402 Payment Required).",0,0,,,,,1781806584884,1781806584884
519,0x6176da645d444f3b5e885eb28addb01f8f9f6fafe4859aff91ef12895666effd,"",client_test_01_router_b_alts,client-test-01,customer-test-01,0,"","",LTC/USD,43192261250000003072,1781806563,failed,BuilderError,"Unable to fetch protocol parameters from Blockfrost (402 Payment Required).",0,0,,,,,1781806584890,1781806584890
520,0x496b8f2dde30b343056beaac40a020ac943520ae7d24147df6942ab09ed97f82,"",client_test_01_router_a_majors,client-test-01,customer-test-01,0,"","",BTC/USD,62559607405125004427264,1781806565,failed,BuilderError,"Unable to fetch protocol parameters from Blockfrost (402 Payment Required).",0,0,,,,,1781806584896,1781806584896
521,0x780287654fa132878eb4797ed8b56295f6533b3fbcd24d36d6eaaf34ffb546c9,"",client_test_01_router_a_majors,client-test-01,customer-test-01,0,"","",ETH/USD,1678673023889009410048,1781806567,failed,BuilderError,"Unable to fetch protocol parameters from Blockfrost (402 Payment Required).",0,0,,,,,1781806584902,1781806584902
522,0x496b8f2dde30b343056beaac40a020ac943520ae7d24147df6942ab09ed97f82,"",client_test_02_router_default,client-test-02,customer-test-02,0,"","",BTC/USD,62559607405125004427264,1781806565,failed,BuilderError,"Unable to fetch protocol parameters from Blockfrost (402 Payment Required).",0,0,,,,,1781806590462,1781806590462
523,0x93797ba998dc7a55d1e1aacf335c36b30509538ddac04299426e2d8a0a927048,"",client_test_01_router_a_majors,client-test-01,customer-test-01,0,"","",USDC/USD,999773596500000064,1781806573,failed,BuilderError,"Unable to fetch protocol parameters from Blockfrost (402 Payment Required).",0,0,,,,,1781806601077,1781806601077
524,0xd2addc54ac1618ddf6d6907e685ab591911a9b73fe3ac24de60f9c1c556385b8,"",client_test_01_router_a_majors,client-test-01,customer-test-01,0,"","",DOGE/USD,82287836400000016,1781806576,failed,BuilderError,"Unable to fetch protocol parameters from Blockfrost (402 Payment Required).",0,0,,,,,1781806601085,1781806601085
525,0x82c9d30c1695d51f6152c24269e37fed42c10fc891c1358bf21a5dcbef9750d8,"",client_test_01_router_b_alts,client-test-01,customer-test-01,0,"","",SHIB/USD,4651957203972,1781806578,failed,BuilderError,"Unable to fetch protocol parameters from Blockfrost (402 Payment Required).",0,0,,,,,1781806601092,1781806601092
526,0xddb74dec3e9634b95c72dd44da9714908e55cf1ffddd8e8e7603ca5a5ad2a5d4,"",client_test_01_router_a_majors,client-test-01,customer-test-01,0,"","",USDT/USD,998660000000000000,1781806563,failed,BuilderError,"Unable to fetch protocol parameters from Blockfrost (402 Payment Required).",0,0,,,,,1781806601101,1781806601101
527,0xe2ed1bb9b2bf24190151562c31ffc445652b3e8fed7b8e0df66777035bf0132d,"",client_test_01_router_b_alts,client-test-01,customer-test-01,0,"","",NEIRO/USD,64663882500000,1781806550,failed,BuilderError,"Unable to fetch protocol parameters from Blockfrost (402 Payment Required).",0,0,,,,,1781806601108,1781806601108
528,0x239dd946ca092b8c1fb09da55d47501729535f417d0cf63fd9e26d0e2f6de351,"",client_test_01_router_b_alts,client-test-01,customer-test-01,0,"","",XVG/USD,2507647815000000,1781806559,failed,BuilderError,"Unable to fetch protocol parameters from Blockfrost (402 Payment Required).",0,0,,,,,1781806601115,1781806601115
529,0x259fce0b5febadf4ec6009e4527c2df137a781bd37b74c1a1db7c5d415dd1e10,"",client_test_01_router_b_alts,client-test-01,customer-test-01,0,"","",ARB/USD,82016448224045736,1781806588,failed,BuilderError,"Unable to fetch protocol parameters from Blockfrost (402 Payment Required).",0,0,,,,,1781806617162,1781806617162
530,0x20be0e6fe6b872aa0b3e6c1203a47ffd908cd1a74195f04bd8b4d77b678e4ccf,"",client_test_01_router_b_alts,client-test-01,customer-test-01,0,"","",LTC/USD,43192841255195488256,1781806605,failed,BuilderError,"Unable to fetch protocol parameters from Blockfrost (402 Payment Required).",0,0,,,,,1781806633729,1781806633729
531,0x45406047d6ba60ea4aa5da090c5ab379adf5211c0a867ea1ed404a8b3e1ef6ad,"",client_test_01_router_b_alts,client-test-01,customer-test-01,0,"","",NEIRO/USD,64663882500000,1781806606,failed,BuilderError,"Unable to fetch protocol parameters from Blockfrost (402 Payment Required).",0,0,,,,,1781806633739,1781806633739
532,0x1111bd63d47f8a70664a077e6de61fd268d65d39e41e1e53ea49c17d18985b49,"",client_test_01_router_a_majors,client-test-01,customer-test-01,0,"","",BTC/USD,62563713775402297065472,1781806607,failed,BuilderError,"Unable to fetch protocol parameters from Blockfrost (402 Payment Required).",0,0,,,,,1781806633747,1781806633747
533,0xc2935960deae663da861551f752df2a4db971e11a8477f4586f71de2cea872f5,"",client_test_01_router_a_majors,client-test-01,customer-test-01,0,"","",ETH/USD,1678673023889009410048,1781806608,failed,BuilderError,"Unable to fetch protocol parameters from Blockfrost (402 Payment Required).",0,0,,,,,1781806633758,1781806633758
534,0xddb74dec3e9634b95c72dd44da9714908e55cf1ffddd8e8e7603ca5a5ad2a5d4,"",client_test_01_router_a_majors,client-test-01,customer-test-01,0,"","",USDT/USD,998660000000000000,1781806563,failed,BuilderError,"Unable to fetch protocol parameters from Blockfrost (402 Payment Required).",0,0,,,,,1781806633765,1781806633765
535,0x259fce0b5febadf4ec6009e4527c2df137a781bd37b74c1a1db7c5d415dd1e10,"",client_test_01_router_b_alts,client-test-01,customer-test-01,0,"","",ARB/USD,82016448224045736,1781806588,failed,BuilderError,"Unable to fetch protocol parameters from Blockfrost (402 Payment Required).",0,0,,,,,1781806633772,1781806633772
536,0x239dd946ca092b8c1fb09da55d47501729535f417d0cf63fd9e26d0e2f6de351,"",client_test_01_router_b_alts,client-test-01,customer-test-01,0,"","",XVG/USD,2507647815000000,1781806559,failed,BuilderError,"Unable to fetch protocol parameters from Blockfrost (402 Payment Required).",0,0,,,,,1781806633779,1781806633779
537,0xe5203ee9dfbe71a972639f6905cc2701182e85e9469e1fc15402e7053abc8d74,"",client_test_01_router_a_majors,client-test-01,customer-test-01,0,"","",USDC/USD,999766169325000064,1781806615,failed,BuilderError,"Unable to fetch protocol parameters from Blockfrost (402 Payment Required).",0,0,,,,,1781806633785,1781806633785
538,0x545e53bd7943ad290141f9c5be3a454d646494416556b7870475c82dc35f034e,"",client_test_01_router_b_alts,client-test-01,customer-test-01,0,"","",XVG/USD,2507660370000000,1781806617,failed,BuilderError,"Unable to fetch protocol parameters from Blockfrost (402 Payment Required).",0,0,,,,,1781806649830,1781806649830
539,0xb62121ebcd7e1e88ee754f15555d5122a9568c92485bd948befe5d161903ce2a,"",client_test_01_router_a_majors,client-test-01,customer-test-01,0,"","",DOGE/USD,82287836400000016,1781806618,failed,BuilderError,"Unable to fetch protocol parameters from Blockfrost (402 Payment Required).",0,0,,,,,1781806649839,1781806649839
540,0x51fd9757a470c4d70d806bc6a8cdbddbf1c55c903b6c273bcb1b96cf7a58637e,"",client_test_01_router_a_majors,client-test-01,customer-test-01,0,"","",USDT/USD,998660000000000000,1781806619,failed,BuilderError,"Unable to fetch protocol parameters from Blockfrost (402 Payment Required).",0,0,,,,,1781806649845,1781806649845
541,0x959c468af9ae3989e135138f56882547b7b4c7f6bc1e7a3aab6e5c9208ba9a78,"",client_test_01_router_b_alts,client-test-01,customer-test-01,0,"","",SHIB/USD,4652143523972,1781806620,failed,BuilderError,"Unable to fetch protocol parameters from Blockfrost (402 Payment Required).",0,0,,,,,1781806649851,1781806649851
542,0x1111bd63d47f8a70664a077e6de61fd268d65d39e41e1e53ea49c17d18985b49,"",client_test_02_router_default,client-test-02,customer-test-02,0,"","",BTC/USD,62563713775402297065472,1781806607,failed,BuilderError,"Unable to fetch protocol parameters from Blockfrost (402 Payment Required).",0,0,,,,,1781806655209,1781806655209
543,0x1111bd63d47f8a70664a077e6de61fd268d65d39e41e1e53ea49c17d18985b49,"",client_test_01_router_a_majors,client-test-01,customer-test-01,0,"","",BTC/USD,62563713775402297065472,1781806607,failed,BuilderError,"Unable to fetch protocol parameters from Blockfrost (402 Payment Required).",0,0,,,,,1781806666045,1781806666045
544,0xc2935960deae663da861551f752df2a4db971e11a8477f4586f71de2cea872f5,"",client_test_01_router_a_majors,client-test-01,customer-test-01,0,"","",ETH/USD,1678673023889009410048,1781806608,failed,BuilderError,"Unable to fetch protocol parameters from Blockfrost (402 Payment Required).",0,0,,,,,1781806666053,1781806666053
545,0xe5203ee9dfbe71a972639f6905cc2701182e85e9469e1fc15402e7053abc8d74,"",client_test_01_router_a_majors,client-test-01,customer-test-01,0,"","",USDC/USD,999766169325000064,1781806615,failed,BuilderError,"Unable to fetch protocol parameters from Blockfrost (402 Payment Required).",0,0,,,,,1781806666060,1781806666060
546,0xb62121ebcd7e1e88ee754f15555d5122a9568c92485bd948befe5d161903ce2a,"",client_test_01_router_a_majors,client-test-01,customer-test-01,0,"","",DOGE/USD,82287836400000016,1781806618,failed,BuilderError,"Unable to fetch protocol parameters from Blockfrost (402 Payment Required).",0,0,,,,,1781806666067,1781806666067
547,0x20be0e6fe6b872aa0b3e6c1203a47ffd908cd1a74195f04bd8b4d77b678e4ccf,"",client_test_01_router_b_alts,client-test-01,customer-test-01,0,"","",LTC/USD,43192841255195488256,1781806605,failed,BuilderError,"Unable to fetch protocol parameters from Blockfrost (402 Payment Required).",0,0,,,,,1781806666072,1781806666072
548,0x3da4b7cadb8968cf35dca47787bbae23cbf8aa2f63ba4f3711dc3875f8f6efd4,"",client_test_01_router_b_alts,client-test-01,customer-test-01,0,"","",ARB/USD,82018680950000008,1781806643,failed,BuilderError,"Unable to fetch protocol parameters from Blockfrost (402 Payment Required).",0,0,,,,,1781806666077,1781806666077
549,0x959c468af9ae3989e135138f56882547b7b4c7f6bc1e7a3aab6e5c9208ba9a78,"",client_test_01_router_b_alts,client-test-01,customer-test-01,0,"","",SHIB/USD,4652143523972,1781806620,failed,BuilderError,"Unable to fetch protocol parameters from Blockfrost (402 Payment Required).",0,0,,,,,1781806666083,1781806666083
550,0x8c2fabbdba9897df6be2b0476dab4dcfff608065966f4433960bed183c1cb59c,"",client_test_01_router_b_alts,client-test-01,customer-test-01,0,"","",NEIRO/USD,64663882500000,1781806647,failed,BuilderError,"Unable to fetch protocol parameters from Blockfrost (402 Payment Required).",0,0,,,,,1781806666088,1781806666088
551,0x1111bd63d47f8a70664a077e6de61fd268d65d39e41e1e53ea49c17d18985b49,"",client_test_02_router_default,client-test-02,customer-test-02,0,"","",BTC/USD,62563713775402297065472,1781806607,failed,BuilderError,"Unable to fetch protocol parameters from Blockfrost (402 Payment Required).",0,0,,,,,1781806671338,1781806671338
552,0x4a408d1622e21e13609cbb842f8510fafa935c554177e6db1012addb3d561e5c,"",client_test_01_router_b_alts,client-test-01,customer-test-01,0,"","",XVG/USD,2507660370000000,1781806657,failed,BuilderError,"Unable to fetch protocol parameters from Blockfrost (402 Payment Required).",0,0,,,,,1781806682190,1781806682190
553,0xebd7a0fb25bd7901af07df08b2cce51fb010f252c488e198c2a78a0e6cb424bd,"",client_test_01_router_a_majors,client-test-01,customer-test-01,0,"","",USDT/USD,998660000000000000,1781806660,failed,BuilderError,"Unable to fetch protocol parameters from Blockfrost (402 Payment Required).",0,0,,,,,1781806682195,1781806682195
554,0xa0372a4bdb96844262770ca28f3dd71894b0cb013423e075ebcb1b6767732f50,"",client_test_01_router_b_alts,client-test-01,customer-test-01,0,"","",LTC/USD,43193193080000004096,1781806660,failed,BuilderError,"Unable to fetch protocol parameters from Blockfrost (402 Payment Required).",0,0,,,,,1781806682205,1781806682205
555,0xc8002b216f9b1c5588f4e8748a53ec5d39a3751c594a78fb4e8703f3a213a0b0,"",client_test_01_router_a_majors,client-test-01,customer-test-01,0,"","",BTC/USD,62568585176921434750976,1781806662,failed,BuilderError,"Unable to fetch protocol parameters from Blockfrost (402 Payment Required).",0,0,,,,,1781806682211,1781806682211
556,0x6037fdad13c0ef73c286dcc7f66747638f20c8b865fd362d8a63640798665bd4,"",client_test_01_router_a_majors,client-test-01,customer-test-01,0,"","",ETH/USD,1678673023889009410048,1781806663,failed,BuilderError,"Unable to fetch protocol parameters from Blockfrost (402 Payment Required).",0,0,,,,,1781806682218,1781806682218
557,0xc8002b216f9b1c5588f4e8748a53ec5d39a3751c594a78fb4e8703f3a213a0b0,"",client_test_02_router_default,client-test-02,customer-test-02,0,"","",BTC/USD,62568585176921434750976,1781806662,failed,BuilderError,"Unable to fetch protocol parameters from Blockfrost (402 Payment Required).",0,0,,,,,1781806687471,1781806687471
558,0x5dbff02b1cf0cfd9a7044b3e3bb4603e85910efe6a0ff0923f87db3b87b7ac03,"",client_test_01_router_a_majors,client-test-01,customer-test-01,0,"","",USDC/USD,999758760000000000,1781806669,failed,BuilderError,"Unable to fetch protocol parameters from Blockfrost (402 Payment Required).",0,0,,,,,1781806698384,1781806698384
559,0xebd7a0fb25bd7901af07df08b2cce51fb010f252c488e198c2a78a0e6cb424bd,"",client_test_01_router_a_majors,client-test-01,customer-test-01,0,"","",USDT/USD,998660000000000000,1781806660,failed,BuilderError,"Unable to fetch protocol parameters from Blockfrost (402 Payment Required).",0,0,,,,,1781806698391,1781806698391
560,0xf293990c970f70b601952931fdcac94db46351ab8da0297a97911e5188bcdf47,"",client_test_01_router_a_majors,client-test-01,customer-test-01,0,"","",DOGE/USD,82287836400000016,1781806673,failed,BuilderError,"Unable to fetch protocol parameters from Blockfrost (402 Payment Required).",0,0,,,,,1781806698397,1781806698397
561,0x3fec8fe07eae38eae429cfa4c02797d6c9d2e4ca10f1225c489b242041d11961,"",client_test_01_router_b_alts,client-test-01,customer-test-01,0,"","",SHIB/USD,4652350780000,1781806674,failed,BuilderError,"Unable to fetch protocol parameters from Blockfrost (402 Payment Required).",0,0,,,,,1781806698403,1781806698403
562,0x8c2fabbdba9897df6be2b0476dab4dcfff608065966f4433960bed183c1cb59c,"",client_test_01_router_b_alts,client-test-01,customer-test-01,0,"","",NEIRO/USD,64663882500000,1781806647,failed,BuilderError,"Unable to fetch protocol parameters from Blockfrost (402 Payment Required).",0,0,,,,,1781806698407,1781806698407
563,0x4a408d1622e21e13609cbb842f8510fafa935c554177e6db1012addb3d561e5c,"",client_test_01_router_b_alts,client-test-01,customer-test-01,0,"","",XVG/USD,2507660370000000,1781806657,failed,BuilderError,"Unable to fetch protocol parameters from Blockfrost (402 Payment Required).",0,0,,,,,1781806698414,1781806698414
564,0xcb6015940296747381dac5beb3d1bc327804e23661fdda17042a7f6ec9d3b04d,"",client_test_01_router_b_alts,client-test-01,customer-test-01,0,"","",ARB/USD,82026138300000000,1781806683,failed,BuilderError,"Unable to fetch protocol parameters from Blockfrost (402 Payment Required).",0,0,,,,,1781806714443,1781806714443
565,0xebd7a0fb25bd7901af07df08b2cce51fb010f252c488e198c2a78a0e6cb424bd,"",client_test_01_router_a_majors,client-test-01,customer-test-01,0,"","",USDT/USD,998660000000000000,1781806660,failed,BuilderError,"Unable to fetch protocol parameters from Blockfrost (402 Payment Required).",0,0,,,,,1781806730623,1781806730623
566,0xcb6015940296747381dac5beb3d1bc327804e23661fdda17042a7f6ec9d3b04d,"",client_test_01_router_b_alts,client-test-01,customer-test-01,0,"","",ARB/USD,82026138300000000,1781806683,failed,BuilderError,"Unable to fetch protocol parameters from Blockfrost (402 Payment Required).",0,0,,,,,1781806730631,1781806730631
567,0x45286fcdf11e724d6bb20fbc6e1e77864abd8f0986c1bd3bf11a8af8fcb9c117,"",client_test_01_router_b_alts,client-test-01,customer-test-01,0,"","",NEIRO/USD,64664198166205,1781806700,failed,BuilderError,"Unable to fetch protocol parameters from Blockfrost (402 Payment Required).",0,0,,,,,1781806730638,1781806730638
568,0xa985a036e88e14ff38839c7feddd476c92a2471af2bb91d07af26be9b9b8f376,"",client_test_01_router_b_alts,client-test-01,customer-test-01,0,"","",XVG/USD,2507769905503334,1781806711,failed,BuilderError,"Unable to fetch protocol parameters from Blockfrost (402 Payment Required).",0,0,,,,,1781806730645,1781806730645
569,0xec8c4c7bef458b80f9b0bd10455aadf3a184e31c6f050d81450996f1b442d79b,"",client_test_01_router_b_alts,client-test-01,customer-test-01,0,"","",LTC/USD,43196204820000006144,1781806700,failed,BuilderError,"Unable to fetch protocol parameters from Blockfrost (402 Payment Required).",0,0,,,,,1781806730650,1781806730650
570,0x83862f95717cb3845da23da5f4af5da952eef448d7f76bfc9dbe63cffdf668ef,"",client_test_01_router_a_majors,client-test-01,customer-test-01,0,"","",BTC/USD,62569588807102294392832,1781806701,failed,BuilderError,"Unable to fetch protocol parameters from Blockfrost (402 Payment Required).",0,0,,,,,1781806730657,1781806730657
571,0xddb5723fa79f2bc6d568df719a0fe46a70daa045bcf32d359801b8fea40d0b23,"",client_test_01_router_a_majors,client-test-01,customer-test-01,0,"","",ETH/USD,1678673023889009410048,1781806702,failed,BuilderError,"Unable to fetch protocol parameters from Blockfrost (402 Payment Required).",0,0,,,,,1781806730662,1781806730662
572,0xadf4e865dda51842d4e7d94ff0c68df1106ee0ccb8fd28c56c725d6b96e5cf14,"",client_test_01_router_a_majors,client-test-01,customer-test-01,0,"","",USDC/USD,999758760000000000,1781806709,failed,BuilderError,"Unable to fetch protocol parameters from Blockfrost (402 Payment Required).",0,0,,,,,1781806730669,1781806730669
573,0xc894da505545ee53c9b90dbe33090e72bc1ab131eae75912638ac802dfd397dd,"",client_test_01_router_a_majors,client-test-01,customer-test-01,0,"","",DOGE/USD,82287836400000016,1781806713,failed,BuilderError,"Unable to fetch protocol parameters from Blockfrost (402 Payment Required).",0,0,,,,,1781806746511,1781806746511
574,0x55cb747ebd539a4c177bdb503a4508266a2e0d88a4a1662ef399b1a862797071,"",client_test_01_router_a_majors,client-test-01,customer-test-01,0,"","",USDT/USD,998660000000000000,1781806714,failed,BuilderError,"Unable to fetch protocol parameters from Blockfrost (402 Payment Required).",0,0,,,,,1781806746518,1781806746518
575,0xcdf4e7eb3fc041bc92d1054760e94ca89963969e188b90c3e43f94608cc89634,"",client_test_01_router_b_alts,client-test-01,customer-test-01,0,"","",SHIB/USD,4652875942500,1781806714,failed,BuilderError,"Unable to fetch protocol parameters from Blockfrost (402 Payment Required).",0,0,,,,,1781806746525,1781806746525
576,0x83862f95717cb3845da23da5f4af5da952eef448d7f76bfc9dbe63cffdf668ef,"",client_test_02_router_default,client-test-02,customer-test-02,0,"","",BTC/USD,62569588807102294392832,1781806701,failed,BuilderError,"Unable to fetch protocol parameters from Blockfrost (402 Payment Required).",0,0,,,,,1781806748954,1781806748954
577,0x83862f95717cb3845da23da5f4af5da952eef448d7f76bfc9dbe63cffdf668ef,"",client_test_01_router_a_majors,client-test-01,customer-test-01,0,"","",BTC/USD,62569588807102294392832,1781806701,failed,BuilderError,"Unable to fetch protocol parameters from Blockfrost (402 Payment Required).",0,0,,,,,1781806762473,1781806762473
578,0xddb5723fa79f2bc6d568df719a0fe46a70daa045bcf32d359801b8fea40d0b23,"",client_test_01_router_a_majors,client-test-01,customer-test-01,0,"","",ETH/USD,1678673023889009410048,1781806702,failed,BuilderError,"Unable to fetch protocol parameters from Blockfrost (402 Payment Required).",0,0,,,,,1781806762480,1781806762480
579,0xadf4e865dda51842d4e7d94ff0c68df1106ee0ccb8fd28c56c725d6b96e5cf14,"",client_test_01_router_a_majors,client-test-01,customer-test-01,0,"","",USDC/USD,999758760000000000,1781806709,failed,BuilderError,"Unable to fetch protocol parameters from Blockfrost (402 Payment Required).",0,0,,,,,1781806762487,1781806762487
580,0xc894da505545ee53c9b90dbe33090e72bc1ab131eae75912638ac802dfd397dd,"",client_test_01_router_a_majors,client-test-01,customer-test-01,0,"","",DOGE/USD,82287836400000016,1781806713,failed,BuilderError,"Unable to fetch protocol parameters from Blockfrost (402 Payment Required).",0,0,,,,,1781806762493,1781806762493
581,0xec8c4c7bef458b80f9b0bd10455aadf3a184e31c6f050d81450996f1b442d79b,"",client_test_01_router_b_alts,client-test-01,customer-test-01,0,"","",LTC/USD,43196204820000006144,1781806700,failed,BuilderError,"Unable to fetch protocol parameters from Blockfrost (402 Payment Required).",0,0,,,,,1781806762497,1781806762497
582,0xe2be9dd115b28d87c44acfce938f7de7c220b2e23bb86cb279edaf7ff60a4a1d,"",client_test_01_router_b_alts,client-test-01,customer-test-01,0,"","",ARB/USD,82027440162499992,1781806736,failed,BuilderError,"Unable to fetch protocol parameters from Blockfrost (402 Payment Required).",0,0,,,,,1781806762502,1781806762502
583,0xcdf4e7eb3fc041bc92d1054760e94ca89963969e188b90c3e43f94608cc89634,"",client_test_01_router_b_alts,client-test-01,customer-test-01,0,"","",SHIB/USD,4652875942500,1781806714,failed,BuilderError,"Unable to fetch protocol parameters from Blockfrost (402 Payment Required).",0,0,,,,,1781806762507,1781806762507
584,0xb4db33cbc84d2638104397fd4a5a406936f31c5e251508ed5299b07299ab4c86,"",client_test_01_router_b_alts,client-test-01,customer-test-01,0,"","",NEIRO/USD,64674516800000,1781806740,failed,BuilderError,"Unable to fetch protocol parameters from Blockfrost (402 Payment Required).",0,0,,,,,1781806762511,1781806762511
585,0xcdfda09c24bad3119d2e74650770031b4199b31cfd9dcb36ddf6131de338c657,"",client_test_01_router_b_alts,client-test-01,customer-test-01,0,"","",XVG/USD,2507769905503334,1781806750,failed,BuilderError,"Unable to fetch protocol parameters from Blockfrost (402 Payment Required).",0,0,,,,,1781806779092,1781806779092
586,0x5e7a5cff19466dcf50c0caf7e14eaddcdbfe003bfa52549ffe31d09327c7d3d8,"",client_test_01_router_a_majors,client-test-01,customer-test-01,0,"","",USDT/USD,998660000000000000,1781806753,failed,BuilderError,"Unable to fetch protocol parameters from Blockfrost (402 Payment Required).",0,0,,,,,1781806779100,1781806779100
587,0x3b570e1e0ac2d73baf4f48bb54629742fd79ff02795c72976d9d546a1202aca1,"",client_test_01_router_b_alts,client-test-01,customer-test-01,0,"","",LTC/USD,43197246005000003584,1781806753,failed,BuilderError,"Unable to fetch protocol parameters from Blockfrost (402 Payment Required).",0,0,,,,,1781806779110,1781806779110
588,0x72d3a914bf58259a6db504bf7b9c331b30954e03303f62f2daaf0c256362096a,"",client_test_01_router_a_majors,client-test-01,customer-test-01,0,"","",BTC/USD,62571567744000001572864,1781806755,failed,BuilderError,"Unable to fetch protocol parameters from Blockfrost (402 Payment Required).",0,0,,,,,1781806779115,1781806779115
589,0x2037da0f744adce5254090813835ba235747e3374b17a8ce148c68080732c64f,"",client_test_01_router_a_majors,client-test-01,customer-test-01,0,"","",ETH/USD,1678702014739009372160,1781806756,failed,BuilderError,"Unable to fetch protocol parameters from Blockfrost (402 Payment Required).",0,0,,,,,1781806779122,1781806779122
590,0xadf4e865dda51842d4e7d94ff0c68df1106ee0ccb8fd28c56c725d6b96e5cf14,"",client_test_01_router_a_majors,client-test-01,customer-test-01,0,"","",USDC/USD,999758760000000000,1781806709,failed,BuilderError,"Unable to fetch protocol parameters from Blockfrost (402 Payment Required).",0,0,,,,,1781806779130,1781806779130
591,0xc894da505545ee53c9b90dbe33090e72bc1ab131eae75912638ac802dfd397dd,"",client_test_01_router_a_majors,client-test-01,customer-test-01,0,"","",DOGE/USD,82287836400000016,1781806713,failed,BuilderError,"Unable to fetch protocol parameters from Blockfrost (402 Payment Required).",0,0,,,,,1781806779133,1781806779133
592,0xcdf4e7eb3fc041bc92d1054760e94ca89963969e188b90c3e43f94608cc89634,"",client_test_01_router_b_alts,client-test-01,customer-test-01,0,"","",SHIB/USD,4652875942500,1781806714,failed,BuilderError,"Unable to fetch protocol parameters from Blockfrost (402 Payment Required).",0,0,,,,,1781806779138,1781806779138
593,0xb4db33cbc84d2638104397fd4a5a406936f31c5e251508ed5299b07299ab4c86,"",client_test_01_router_b_alts,client-test-01,customer-test-01,0,"","",NEIRO/USD,64674516800000,1781806740,failed,BuilderError,"Unable to fetch protocol parameters from Blockfrost (402 Payment Required).",0,0,,,,,1781806779143,1781806779143
594,0x5554430c7f1ac4dd2e56122affa645ddee6ca873f8daae59dedf2ccabb207b6b,"",client_test_01_router_a_majors,client-test-01,customer-test-01,0,"","",USDC/USD,999758562150000128,1781806762,failed,BuilderError,"Unable to fetch protocol parameters from Blockfrost (402 Payment Required).",0,0,,,,,1781806795081,1781806795081
595,0x551327955cddb6d5454dc86d595af5044413139c76bdcd79609f2312434d7732,"",client_test_01_router_a_majors,client-test-01,customer-test-01,0,"","",DOGE/USD,82289018200000008,1781806766,failed,BuilderError,"Unable to fetch protocol parameters from Blockfrost (402 Payment Required).",0,0,,,,,1781806795095,1781806795095
596,0x8cc33646b506adc23763bf74be730444808c2bad9598e45b867b86a9a7c484ab,"",client_test_01_router_b_alts,client-test-01,customer-test-01,0,"","",SHIB/USD,4652957475000,1781806767,failed,BuilderError,"Unable to fetch protocol parameters from Blockfrost (402 Payment Required).",0,0,,,,,1781806795100,1781806795100
597,0x72d3a914bf58259a6db504bf7b9c331b30954e03303f62f2daaf0c256362096a,"",client_test_02_router_default,client-test-02,customer-test-02,0,"","",BTC/USD,62571567744000001572864,1781806755,failed,BuilderError,"Unable to fetch protocol parameters from Blockfrost (402 Payment Required).",0,0,,,,,1781806802754,1781806802754
598,0xf9a1501ebbbcd52af44e9e25c7c3e1a29e124002419022857b03eed3329db892,"",client_test_01_router_b_alts,client-test-01,customer-test-01,0,"","",ARB/USD,82037839950000008,1781806777,failed,BuilderError,"Unable to fetch protocol parameters from Blockfrost (402 Payment Required).",0,0,,,,,1781806811015,1781806811015
599,0x5e7a5cff19466dcf50c0caf7e14eaddcdbfe003bfa52549ffe31d09327c7d3d8,"",client_test_01_router_a_majors,client-test-01,customer-test-01,0,"","",USDT/USD,998660000000000000,1781806753,failed,BuilderError,"Unable to fetch protocol parameters from Blockfrost (402 Payment Required).",0,0,,,,,1781806811023,1781806811023
600,0xb4db33cbc84d2638104397fd4a5a406936f31c5e251508ed5299b07299ab4c86,"",client_test_01_router_b_alts,client-test-01,customer-test-01,0,"","",NEIRO/USD,64674516800000,1781806740,failed,BuilderError,"Unable to fetch protocol parameters from Blockfrost (402 Payment Required).",0,0,,,,,1781806811029,1781806811029
601,0xcdfda09c24bad3119d2e74650770031b4199b31cfd9dcb36ddf6131de338c657,"",client_test_01_router_b_alts,client-test-01,customer-test-01,0,"","",XVG/USD,2507769905503334,1781806750,failed,BuilderError,"Unable to fetch protocol parameters from Blockfrost (402 Payment Required).",0,0,,,,,1781806811036,1781806811036
602,0x524d536ea8d39e4ecd45d01301de43f18dd5ac7642aa96f882a6cd8471c48526,"",client_test_02_router_default,client-test-02,customer-test-02,0,"","",BTC/USD,62572961704581573640192,1781806794,failed,BuilderError,"Unable to fetch protocol parameters from Blockfrost (402 Payment Required).",0,0,,,,,1781806818682,1781806818682
603,0x1241237e24c31abbf1a862935a5211c9c50dceccb3d4fea46ac6502b3b6bc8dc,"",client_test_01_router_b_alts,client-test-01,customer-test-01,0,"","",LTC/USD,43198735425000001536,1781806793,failed,BuilderError,"Unable to fetch protocol parameters from Blockfrost (402 Payment Required).",0,0,,,,,1781806826976,1781806826976
604,0xd7ffdbcf465aff20f99cc17a469674c166d29b75f17a6e7ed67f6cc8015c780a,"",client_test_01_router_b_alts,client-test-01,customer-test-01,0,"","",NEIRO/USD,64677188150000,1781806794,failed,BuilderError,"Unable to fetch protocol parameters from Blockfrost (402 Payment Required).",0,0,,,,,1781806826984,1781806826984
605,0x524d536ea8d39e4ecd45d01301de43f18dd5ac7642aa96f882a6cd8471c48526,"",client_test_01_router_a_majors,client-test-01,customer-test-01,0,"","",BTC/USD,62572961704581573640192,1781806794,failed,BuilderError,"Unable to fetch protocol parameters from Blockfrost (402 Payment Required).",0,0,,,,,1781806826990,1781806826990
606,0xb7482b41ebbbaa4e1417ccefc3190e3d0797ac710000153d524641d0a9e3f105,"",client_test_01_router_a_majors,client-test-01,customer-test-01,0,"","",ETH/USD,1678733328650652090368,1781806795,failed,BuilderError,"Unable to fetch protocol parameters from Blockfrost (402 Payment Required).",0,0,,,,,1781806826997,1781806826997
607,0x71d56d98a96f70d4fcfff22c61b0c2762bb346b778fc65542f546e6101ee6b23,"",client_test_01_router_a_majors,client-test-01,customer-test-01,0,"","",USDC/USD,999754803310638464,1781806801,failed,BuilderError,"Unable to fetch protocol parameters from Blockfrost (402 Payment Required).",0,0,,,,,1781806827004,1781806827004
608,0xdf76fb0e3ca0252694f6421d314c22b62f6e6acdcd11ab6f268e54474b373fe3,"",client_test_01_router_b_alts,client-test-01,customer-test-01,0,"","",XVG/USD,2507882900503334,1781806803,failed,BuilderError,"Unable to fetch protocol parameters from Blockfrost (402 Payment Required).",0,0,,,,,1781806827010,1781806827010
609,0x40ead469712e6003a681193adbb90bd6efd45d9c5661438dfb1b6efd91213ba1,"",client_test_01_router_a_majors,client-test-01,customer-test-01,0,"","",DOGE/USD,82296411380000000,1781806806,failed,BuilderError,"Unable to fetch protocol parameters from Blockfrost (402 Payment Required).",0,0,,,,,1781806827017,1781806827017
610,0xbf49b3cba1956c172036a1ea48d34f469484af57e2b8b54ad9c49d709118ef52,"",client_test_01_router_a_majors,client-test-01,customer-test-01,0,"","",USDT/USD,998660000000000000,1781806807,failed,BuilderError,"Unable to fetch protocol parameters from Blockfrost (402 Payment Required).",0,0,,,,,1781806827022,1781806827022
611,0xd47b008660e936f39161a9096d27496cbbed8d0f298c761ffe29b9e5d3b909c7,"",client_test_01_router_b_alts,client-test-01,customer-test-01,0,"","",SHIB/USD,4653465930000,1781806807,failed,BuilderError,"Unable to fetch protocol parameters from Blockfrost (402 Payment Required).",0,0,,,,,1781806827029,1781806827029
612,0x524d536ea8d39e4ecd45d01301de43f18dd5ac7642aa96f882a6cd8471c48526,"",client_test_01_router_a_majors,client-test-01,customer-test-01,0,"","",BTC/USD,62572961704581573640192,1781806794,failed,BuilderError,"Unable to fetch protocol parameters from Blockfrost (402 Payment Required).",0,0,,,,,1781806843236,1781806843236
613,0xb7482b41ebbbaa4e1417ccefc3190e3d0797ac710000153d524641d0a9e3f105,"",client_test_01_router_a_majors,client-test-01,customer-test-01,0,"","",ETH/USD,1678733328650652090368,1781806795,failed,BuilderError,"Unable to fetch protocol parameters from Blockfrost (402 Payment Required).",0,0,,,,,1781806843244,1781806843244
614,0x71d56d98a96f70d4fcfff22c61b0c2762bb346b778fc65542f546e6101ee6b23,"",client_test_01_router_a_majors,client-test-01,customer-test-01,0,"","",USDC/USD,999754803310638464,1781806801,failed,BuilderError,"Unable to fetch protocol parameters from Blockfrost (402 Payment Required).",0,0,,,,,1781806843250,1781806843250
615,0x40ead469712e6003a681193adbb90bd6efd45d9c5661438dfb1b6efd91213ba1,"",client_test_01_router_a_majors,client-test-01,customer-test-01,0,"","",DOGE/USD,82296411380000000,1781806806,failed,BuilderError,"Unable to fetch protocol parameters from Blockfrost (402 Payment Required).",0,0,,,,,1781806843257,1781806843257
616,0x1241237e24c31abbf1a862935a5211c9c50dceccb3d4fea46ac6502b3b6bc8dc,"",client_test_01_router_b_alts,client-test-01,customer-test-01,0,"","",LTC/USD,43198735425000001536,1781806793,failed,BuilderError,"Unable to fetch protocol parameters from Blockfrost (402 Payment Required).",0,0,,,,,1781806843262,1781806843262
617,0xf9a1501ebbbcd52af44e9e25c7c3e1a29e124002419022857b03eed3329db892,"",client_test_01_router_b_alts,client-test-01,customer-test-01,0,"","",ARB/USD,82037839950000008,1781806777,failed,BuilderError,"Unable to fetch protocol parameters from Blockfrost (402 Payment Required).",0,0,,,,,1781806843268,1781806843268
618,0xd47b008660e936f39161a9096d27496cbbed8d0f298c761ffe29b9e5d3b909c7,"",client_test_01_router_b_alts,client-test-01,customer-test-01,0,"","",SHIB/USD,4653465930000,1781806807,failed,BuilderError,"Unable to fetch protocol parameters from Blockfrost (402 Payment Required).",0,0,,,,,1781806843273,1781806843273
619,0x689ec21fbcc5cef2331b650f87b4b6746e8a2ccb616efec1ca852113984f8bb7,"",client_test_01_router_b_alts,client-test-01,customer-test-01,0,"","",ARB/USD,82057442750000016,1781806831,failed,BuilderError,"Unable to fetch protocol parameters from Blockfrost (402 Payment Required).",0,0,,,,,1781806859234,1781806859234
620,0x39f6e2d67edf42de17b72ea01ea1be51ea2bccd9c92e1d9377c6cdbe8e114108,"",client_test_01_router_b_alts,client-test-01,customer-test-01,0,"","",NEIRO/USD,64683532050000,1781806834,failed,BuilderError,"Unable to fetch protocol parameters from Blockfrost (402 Payment Required).",0,0,,,,,1781806859242,1781806859242
621,0x524d536ea8d39e4ecd45d01301de43f18dd5ac7642aa96f882a6cd8471c48526,"",client_test_02_router_default,client-test-02,customer-test-02,0,"","",BTC/USD,62572961704581573640192,1781806794,failed,BuilderError,"Unable to fetch protocol parameters from Blockfrost (402 Payment Required).",0,0,,,,,1781806866847,1781806866847
622,0x45e8a18afc6384fea084ab1160134099867081af8b805d77f0f7e67f06fa6291,"",client_test_01_router_b_alts,client-test-01,customer-test-01,0,"","",XVG/USD,2507882900503334,1781806845,failed,BuilderError,"Unable to fetch protocol parameters from Blockfrost (402 Payment Required).",0,0,,,,,1781806875175,1781806875175
623,0x4d6e99a734fea3fa9053096a7ec45bd49b6002ff4c7fc263f7232a1359acb992,"",client_test_01_router_a_majors,client-test-01,customer-test-01,0,"","",USDT/USD,998660000000000000,1781806847,failed,BuilderError,"Unable to fetch protocol parameters from Blockfrost (402 Payment Required).",0,0,,,,,1781806875182,1781806875182
624,0x2e5573276b16f3e1a27b9eacc7d6fbb94570787e283b32e310c73fba8c15450c,"",client_test_01_router_b_alts,client-test-01,customer-test-01,0,"","",LTC/USD,43200017140000002048,1781806848,failed,BuilderError,"Unable to fetch protocol parameters from Blockfrost (402 Payment Required).",0,0,,,,,1781806875188,1781806875188
625,0x7ee90c219d11f01fd92a3cb5afe671e0ba4e0a3632652d6d7e1af83cd8db65c1,"",client_test_01_router_a_majors,client-test-01,customer-test-01,0,"","",BTC/USD,62575243862834501648384,1781806849,failed,BuilderError,"Unable to fetch protocol parameters from Blockfrost (402 Payment Required).",0,0,,,,,1781806875192,1781806875192
626,0xeaf0ce1ad3cb026aa55d88c238f3f285c7f6e571978c6b649ec1197c6e80ca5c,"",client_test_01_router_a_majors,client-test-01,customer-test-01,0,"","",ETH/USD,1678805696400000024576,1781806851,failed,BuilderError,"Unable to fetch protocol parameters from Blockfrost (402 Payment Required).",0,0,,,,,1781806875197,1781806875197
627,0x71d56d98a96f70d4fcfff22c61b0c2762bb346b778fc65542f546e6101ee6b23,"",client_test_01_router_a_majors,client-test-01,customer-test-01,0,"","",USDC/USD,999754803310638464,1781806801,failed,BuilderError,"Unable to fetch protocol parameters from Blockfrost (402 Payment Required).",0,0,,,,,1781806875204,1781806875204
628,0x40ead469712e6003a681193adbb90bd6efd45d9c5661438dfb1b6efd91213ba1,"",client_test_01_router_a_majors,client-test-01,customer-test-01,0,"","",DOGE/USD,82296411380000000,1781806806,failed,BuilderError,"Unable to fetch protocol parameters from Blockfrost (402 Payment Required).",0,0,,,,,1781806875209,1781806875209
629,0xd47b008660e936f39161a9096d27496cbbed8d0f298c761ffe29b9e5d3b909c7,"",client_test_01_router_b_alts,client-test-01,customer-test-01,0,"","",SHIB/USD,4653465930000,1781806807,failed,BuilderError,"Unable to fetch protocol parameters from Blockfrost (402 Payment Required).",0,0,,,,,1781806875214,1781806875214
630,0x39f6e2d67edf42de17b72ea01ea1be51ea2bccd9c92e1d9377c6cdbe8e114108,"",client_test_01_router_b_alts,client-test-01,customer-test-01,0,"","",NEIRO/USD,64683532050000,1781806834,failed,BuilderError,"Unable to fetch protocol parameters from Blockfrost (402 Payment Required).",0,0,,,,,1781806875220,1781806875220
631,0x7ee90c219d11f01fd92a3cb5afe671e0ba4e0a3632652d6d7e1af83cd8db65c1,"",client_test_02_router_default,client-test-02,customer-test-02,0,"","",BTC/USD,62575243862834501648384,1781806849,failed,BuilderError,"Unable to fetch protocol parameters from Blockfrost (402 Payment Required).",0,0,,,,,1781806882725,1781806882725
632,0x26b74fbf3a54af9c6871fe4fe2c9f3fd9a06fddc4e7975721260c156bb09060b,"",client_test_01_router_a_majors,client-test-01,customer-test-01,0,"","",USDC/USD,999751108125000128,1781806858,failed,BuilderError,"Unable to fetch protocol parameters from Blockfrost (402 Payment Required).",0,0,,,,,1781806891185,1781806891185
633,0xa6f366f71c4198ddb8b98fca944717042b46e72513bfedf13a7473e839307eda,"",client_test_01_router_a_majors,client-test-01,customer-test-01,0,"","",DOGE/USD,82299608730000000,1781806862,failed,BuilderError,"Unable to fetch protocol parameters from Blockfrost (402 Payment Required).",0,0,,,,,1781806891192,1781806891192
634,0x1d0c4cf859491e89a8f558806c530e40648b3715b305b51ff0dff28b8ccc92c9,"",client_test_01_router_b_alts,client-test-01,customer-test-01,0,"","",SHIB/USD,4654011900000,1781806863,failed,BuilderError,"Unable to fetch protocol parameters from Blockfrost (402 Payment Required).",0,0,,,,,1781806891197,1781806891197
635,0x536da92e1da1435a066557a309a7bdd9fe73250bbbb5ceda27dabd87cc882670,"",client_test_01_router_b_alts,client-test-01,customer-test-01,0,"","",ARB/USD,82057442750000016,1781806872,failed,BuilderError,"Unable to fetch protocol parameters from Blockfrost (402 Payment Required).",0,0,,,,,1781806891202,1781806891202
636,0x4d6e99a734fea3fa9053096a7ec45bd49b6002ff4c7fc263f7232a1359acb992,"",client_test_01_router_a_majors,client-test-01,customer-test-01,0,"","",USDT/USD,998660000000000000,1781806847,failed,BuilderError,"Unable to fetch protocol parameters from Blockfrost (402 Payment Required).",0,0,,,,,1781806907731,1781806907731
637,0x536da92e1da1435a066557a309a7bdd9fe73250bbbb5ceda27dabd87cc882670,"",client_test_01_router_b_alts,client-test-01,customer-test-01,0,"","",ARB/USD,82057442750000016,1781806872,failed,BuilderError,"Unable to fetch protocol parameters from Blockfrost (402 Payment Required).",0,0,,,,,1781806907738,1781806907738
638,0x39f6e2d67edf42de17b72ea01ea1be51ea2bccd9c92e1d9377c6cdbe8e114108,"",client_test_01_router_b_alts,client-test-01,customer-test-01,0,"","",NEIRO/USD,64683532050000,1781806834,failed,BuilderError,"Unable to fetch protocol parameters from Blockfrost (402 Payment Required).",0,0,,,,,1781806907743,1781806907743
639,0x45e8a18afc6384fea084ab1160134099867081af8b805d77f0f7e67f06fa6291,"",client_test_01_router_b_alts,client-test-01,customer-test-01,0,"","",XVG/USD,2507882900503334,1781806845,failed,BuilderError,"Unable to fetch protocol parameters from Blockfrost (402 Payment Required).",0,0,,,,,1781806907749,1781806907749
640,0x7d49bf67db9529239101d2489a06fe83c2bb73fb6f17f891417b66a9079b40f2,"",client_test_01_router_b_alts,client-test-01,customer-test-01,0,"","",LTC/USD,43200017140000002048,1781806889,failed,BuilderError,"Unable to fetch protocol parameters from Blockfrost (402 Payment Required).",0,0,,,,,1781806907755,1781806907755
641,0x2916346edd845103a67400cdf5c9cb7856e151da3b7b71af1863e8348a165632,"",client_test_01_router_b_alts,client-test-01,customer-test-01,0,"","",NEIRO/USD,64684273650000,1781806889,failed,BuilderError,"Unable to fetch protocol parameters from Blockfrost (402 Payment Required).",0,0,,,,,1781806923702,1781806923702
642,0x75b97a3a61f048867f5ef5fde09ad616d6af42614b9a83ba2e674896f8c474e8,"",client_test_01_router_a_majors,client-test-01,customer-test-01,0,"","",BTC/USD,62578266700647254458368,1781806890,failed,BuilderError,"Unable to fetch protocol parameters from Blockfrost (402 Payment Required).",0,0,,,,,1781806923710,1781806923710
643,0xa31d739d0b44eb6c6721b177aa85483181d43976a2060c8aee96ecdce3873098,"",client_test_01_router_a_majors,client-test-01,customer-test-01,0,"","",ETH/USD,1678825671600000204800,1781806891,failed,BuilderError,"Unable to fetch protocol parameters from Blockfrost (402 Payment Required).",0,0,,,,,1781806923715,1781806923715
644,0x0d2eb8a0abcd0c06b03432105503ca244322f5f6f2017fd00201af8c60005b57,"",client_test_01_router_a_majors,client-test-01,customer-test-01,0,"","",USDC/USD,999748611400000128,1781806897,failed,BuilderError,"Unable to fetch protocol parameters from Blockfrost (402 Payment Required).",0,0,,,,,1781806923727,1781806923727
645,0xfa2f231cc0786b4da0027e0c6680286e9cb8477009218751694b9e4d04898a1c,"",client_test_01_router_b_alts,client-test-01,customer-test-01,0,"","",XVG/USD,2507882900503334,1781806900,failed,BuilderError,"Unable to fetch protocol parameters from Blockfrost (402 Payment Required).",0,0,,,,,1781806923735,1781806923735
646,0x9d86b71f20d5e50191ec80a01b2ca75b9248487d3eb0e4ce1f06874507aa8c7b,"",client_test_01_router_a_majors,client-test-01,customer-test-01,0,"","",DOGE/USD,82300834224860072,1781806901,failed,BuilderError,"Unable to fetch protocol parameters from Blockfrost (402 Payment Required).",0,0,,,,,1781806923742,1781806923742
647,0x2c214eb083de268fa77d3ba9046ba046c4608cd3a4cf5901b6e2761ba986ed17,"",client_test_01_router_a_majors,client-test-01,customer-test-01,0,"","",USDT/USD,998660000000000000,1781806902,failed,BuilderError,"Unable to fetch protocol parameters from Blockfrost (402 Payment Required).",0,0,,,,,1781806923747,1781806923747
648,0x6f00ab25f1e5d93716686124c0b70dc527df771a083717ae0cabcf37a515eb1d,"",client_test_01_router_b_alts,client-test-01,customer-test-01,0,"","",SHIB/USD,4654221600000,1781806903,failed,BuilderError,"Unable to fetch protocol parameters from Blockfrost (402 Payment Required).",0,0,,,,,1781806923753,1781806923753
649,0x75b97a3a61f048867f5ef5fde09ad616d6af42614b9a83ba2e674896f8c474e8,"",client_test_02_router_default,client-test-02,customer-test-02,0,"","",BTC/USD,62578266700647254458368,1781806890,failed,BuilderError,"Unable to fetch protocol parameters from Blockfrost (402 Payment Required).",0,0,,,,,1781806938111,1781806938111
650,0x75b97a3a61f048867f5ef5fde09ad616d6af42614b9a83ba2e674896f8c474e8,"",client_test_01_router_a_majors,client-test-01,customer-test-01,0,"","",BTC/USD,62578266700647254458368,1781806890,failed,BuilderError,"Unable to fetch protocol parameters from Blockfrost (402 Payment Required).",0,0,,,,,1781806939704,1781806939704
651,0xa31d739d0b44eb6c6721b177aa85483181d43976a2060c8aee96ecdce3873098,"",client_test_01_router_a_majors,client-test-01,customer-test-01,0,"","",ETH/USD,1678825671600000204800,1781806891,failed,BuilderError,"Unable to fetch protocol parameters from Blockfrost (402 Payment Required).",0,0,,,,,1781806939711,1781806939711
652,0x0d2eb8a0abcd0c06b03432105503ca244322f5f6f2017fd00201af8c60005b57,"",client_test_01_router_a_majors,client-test-01,customer-test-01,0,"","",USDC/USD,999748611400000128,1781806897,failed,BuilderError,"Unable to fetch protocol parameters from Blockfrost (402 Payment Required).",0,0,,,,,1781806939718,1781806939718
653,0x9d86b71f20d5e50191ec80a01b2ca75b9248487d3eb0e4ce1f06874507aa8c7b,"",client_test_01_router_a_majors,client-test-01,customer-test-01,0,"","",DOGE/USD,82300834224860072,1781806901,failed,BuilderError,"Unable to fetch protocol parameters from Blockfrost (402 Payment Required).",0,0,,,,,1781806939723,1781806939723
654,0x7d49bf67db9529239101d2489a06fe83c2bb73fb6f17f891417b66a9079b40f2,"",client_test_01_router_b_alts,client-test-01,customer-test-01,0,"","",LTC/USD,43200017140000002048,1781806889,failed,BuilderError,"Unable to fetch protocol parameters from Blockfrost (402 Payment Required).",0,0,,,,,1781806939727,1781806939727
655,0x536da92e1da1435a066557a309a7bdd9fe73250bbbb5ceda27dabd87cc882670,"",client_test_01_router_b_alts,client-test-01,customer-test-01,0,"","",ARB/USD,82057442750000016,1781806872,failed,BuilderError,"Unable to fetch protocol parameters from Blockfrost (402 Payment Required).",0,0,,,,,1781806939733,1781806939733
656,0x6f00ab25f1e5d93716686124c0b70dc527df771a083717ae0cabcf37a515eb1d,"",client_test_01_router_b_alts,client-test-01,customer-test-01,0,"","",SHIB/USD,4654221600000,1781806903,failed,BuilderError,"Unable to fetch protocol parameters from Blockfrost (402 Payment Required).",0,0,,,,,1781806939738,1781806939738
657,0x1b9944d095c7ec91deb0fe3bd4ea532cf191f220685ac0600ef69ec32e93021e,"",client_test_01_router_b_alts,client-test-01,customer-test-01,0,"","",ARB/USD,82057442750000016,1781806927,failed,BuilderError,"Unable to fetch protocol parameters from Blockfrost (402 Payment Required).",0,0,,,,,1781806955877,1781806955877
658,0x72961804c79e6e33cca72f69d2c655d57d5a0a769d68fb03df7b4c415dfa0075,"",client_test_01_router_b_alts,client-test-01,customer-test-01,0,"","",NEIRO/USD,64687188300000,1781806930,failed,BuilderError,"Unable to fetch protocol parameters from Blockfrost (402 Payment Required).",0,0,,,,,1781806955882,1781806955882
659,0xb4b6b7aafdf72c8417dfbb35402d366464eb959a28546b05e0e96b0eb67356bc,"",client_test_01_router_a_majors,client-test-01,customer-test-01,0,"","",BTC/USD,62578266700647254458368,1781806945,failed,BuilderError,"Unable to fetch protocol parameters from Blockfrost (402 Payment Required).",0,0,,,,,1781806971919,1781806971919
660,0xfed00823dc3f78433290d15209e7cf1642c07486241c994a45b5f51dcb08dda8,"",client_test_01_router_a_majors,client-test-01,customer-test-01,0,"","",ETH/USD,1678825671600000204800,1781806946,failed,BuilderError,"Unable to fetch protocol parameters from Blockfrost (402 Payment Required).",0,0,,,,,1781806971926,1781806971926
661,0x73c4d516d3f823ce4228a69450d95325e002e07b2789609cd9656fdf99c32066,"",client_test_01_router_a_majors,client-test-01,customer-test-01,0,"","",USDC/USD,999748575400000128,1781806952,failed,BuilderError,"Unable to fetch protocol parameters from Blockfrost (402 Payment Required).",0,0,,,,,1781806971932,1781806971932
662,0x9d86b71f20d5e50191ec80a01b2ca75b9248487d3eb0e4ce1f06874507aa8c7b,"",client_test_01_router_a_majors,client-test-01,customer-test-01,0,"","",DOGE/USD,82300834224860072,1781806901,failed,BuilderError,"Unable to fetch protocol parameters from Blockfrost (402 Payment Required).",0,0,,,,,1781806971939,1781806971939
663,0x50d4a9164fa880760ba137bddcd9a2efddef061b1473c5c42240d480c9c59de9,"",client_test_01_router_b_alts,client-test-01,customer-test-01,0,"","",LTC/USD,43200017140000002048,1781806943,failed,BuilderError,"Unable to fetch protocol parameters from Blockfrost (402 Payment Required).",0,0,,,,,1781806971946,1781806971946
664,0x6f00ab25f1e5d93716686124c0b70dc527df771a083717ae0cabcf37a515eb1d,"",client_test_01_router_b_alts,client-test-01,customer-test-01,0,"","",SHIB/USD,4654221600000,1781806903,failed,BuilderError,"Unable to fetch protocol parameters from Blockfrost (402 Payment Required).",0,0,,,,,1781806971952,1781806971952
665,0x72961804c79e6e33cca72f69d2c655d57d5a0a769d68fb03df7b4c415dfa0075,"",client_test_01_router_b_alts,client-test-01,customer-test-01,0,"","",NEIRO/USD,64687188300000,1781806930,failed,BuilderError,"Unable to fetch protocol parameters from Blockfrost (402 Payment Required).",0,0,,,,,1781806971965,1781806971965
666,0x02945a78186ddaff3ddee232ca4d6f4ba87592c5a1cdb4bf15c6eab03843f17b,"",client_test_01_router_b_alts,client-test-01,customer-test-01,0,"","",XVG/USD,2507882900503334,1781806941,failed,BuilderError,"Unable to fetch protocol parameters from Blockfrost (402 Payment Required).",0,0,,,,,1781806971982,1781806971982
667,0xa10025b147cd2a3fbf28b9c4045906af1d4085784882512653e2d29d0bdab1b9,"",client_test_01_router_a_majors,client-test-01,customer-test-01,0,"","",USDT/USD,998660000000000000,1781806944,failed,BuilderError,"Unable to fetch protocol parameters from Blockfrost (402 Payment Required).",0,0,,,,,1781806972002,1781806972002
668,0x653fd7fbaea10adc74416c14672fa3d4597b98310b756ecadf5691ac1c396a79,"",client_test_01_router_b_alts,client-test-01,customer-test-01,0,"","",NEIRO/USD,64687188300000,1781806983,failed,BuilderError,"Missing required environment variable: BLOCKFROST_PROJECT_ID_TESTNET. Active CARDANO_NETWORK requires the *_TESTNET variant of every per-network setting.",0,0,,,,,1781807031380,1781807031380
669,0x3b62e169b24dc7f971f1dc8748414b7adc153c3eecf4335b448b40f5e4810e82,"",client_test_01_router_b_alts,client-test-01,customer-test-01,0,"","",LTC/USD,43200017140000002048,1781806985,failed,BuilderError,"Missing required environment variable: BLOCKFROST_PROJECT_ID_TESTNET. Active CARDANO_NETWORK requires the *_TESTNET variant of every per-network setting.",0,0,,,,,1781807031388,1781807031388
670,0x22e847c6299244367fe5621cea85490e96ea61115a61445dd8c71c0ed88758a7,"",client_test_01_router_a_majors,client-test-01,customer-test-01,0,"","",BTC/USD,62578266700647254458368,1781806986,failed,BuilderError,"Missing required environment variable: BLOCKFROST_PROJECT_ID_TESTNET. Active CARDANO_NETWORK requires the *_TESTNET variant of every per-network setting.",0,0,,,,,1781807031396,1781807031396
671,0x5a1f8ced7407f905dfceedf51f5a728fdfd6d52ac8517d3af132b86e8a28549f,"",client_test_01_router_a_majors,client-test-01,customer-test-01,0,"","",ETH/USD,1678825671600000204800,1781806987,failed,BuilderError,"Missing required environment variable: BLOCKFROST_PROJECT_ID_TESTNET. Active CARDANO_NETWORK requires the *_TESTNET variant of every per-network setting.",0,0,,,,,1781807031403,1781807031403
672,0x8a96fba18ef373e279e26496f13f1c928fcbc3218c72f0cc1173cc2f986f4583,"",client_test_01_router_a_majors,client-test-01,customer-test-01,0,"","",USDC/USD,999746054825000128,1781806994,failed,BuilderError,"Missing required environment variable: BLOCKFROST_PROJECT_ID_TESTNET. Active CARDANO_NETWORK requires the *_TESTNET variant of every per-network setting.",0,0,,,,,1781807031411,1781807031411
673,0x09422b4327967db8f64055080e3416a17fc3f6738c7397504363f197e49c0319,"",client_test_01_router_b_alts,client-test-01,customer-test-01,0,"","",XVG/USD,2507882900503334,1781806995,failed,BuilderError,"Missing required environment variable: BLOCKFROST_PROJECT_ID_TESTNET. Active CARDANO_NETWORK requires the *_TESTNET variant of every per-network setting.",0,0,,,,,1781807031416,1781807031416
674,0xe724128c10b7b187b06a9344876b7f71773ba14dae06e78463fbbd33cb2bd93c,"",client_test_01_router_a_majors,client-test-01,customer-test-01,0,"","",USDT/USD,998660000000000000,1781806998,failed,BuilderError,"Missing required environment variable: BLOCKFROST_PROJECT_ID_TESTNET. Active CARDANO_NETWORK requires the *_TESTNET variant of every per-network setting.",0,0,,,,,1781807031423,1781807031423
675,0x30505de31a70d3be2e983778ff39de774419cd2d3f7ec774001e2c724c758a58,"",client_test_01_router_a_majors,client-test-01,customer-test-01,0,"","",DOGE/USD,82300834224860072,1781806998,failed,BuilderError,"Missing required environment variable: BLOCKFROST_PROJECT_ID_TESTNET. Active CARDANO_NETWORK requires the *_TESTNET variant of every per-network setting.",0,0,,,,,1781807031428,1781807031428
676,0x457db5984cbd2f172c889aca837abe67f6f6decf76ed54022936ee7104076f6b,"",client_test_01_router_b_alts,client-test-01,customer-test-01,0,"","",SHIB/USD,4654639412500,1781807000,failed,BuilderError,"Missing required environment variable: BLOCKFROST_PROJECT_ID_TESTNET. Active CARDANO_NETWORK requires the *_TESTNET variant of every per-network setting.",0,0,,,,,1781807031435,1781807031435
677,0x22e847c6299244367fe5621cea85490e96ea61115a61445dd8c71c0ed88758a7,"",client_test_02_router_default,client-test-02,customer-test-02,0,"","",BTC/USD,62578266700647254458368,1781806986,failed,BuilderError,"Missing required environment variable: BLOCKFROST_PROJECT_ID_TESTNET. Active CARDANO_NETWORK requires the *_TESTNET variant of every per-network setting.",0,0,,,,,1781807032978,1781807032978
678,0xd3d7662fef2491b15987b0662a04734f4fb846ad95adece9b82fd3814eb80b08,"",client_test_01_router_b_alts,client-test-01,customer-test-01,0,"","",ARB/USD,82057442750000016,1781807022,failed,BuilderError,"Missing required environment variable: BLOCKFROST_PROJECT_ID_TESTNET. Active CARDANO_NETWORK requires the *_TESTNET variant of every per-network setting.",0,0,,,,,1781807046459,1781807046459
679,0x33a58ae4cdf588f36eaa12952f1fce13c810f6d485b2b62793e6c96d9082d14e,"",client_test_01_router_b_alts,client-test-01,customer-test-01,0,"","",NEIRO/USD,64687188300000,1781807026,failed,BuilderError,"Missing required environment variable: BLOCKFROST_PROJECT_ID_TESTNET. Active CARDANO_NETWORK requires the *_TESTNET variant of every per-network setting.",0,0,,,,,1781807046470,1781807046470
680,0xb26ea62e98876c5320331c1155149e3c92d6114b397a003a9992f6a81ce6ffe8,"",client_test_01_router_b_alts,client-test-01,customer-test-01,0,"","",XVG/USD,2507882900503334,1781807036,failed,BuilderError,"Missing required environment variable: BLOCKFROST_PROJECT_ID_TESTNET. Active CARDANO_NETWORK requires the *_TESTNET variant of every per-network setting.",0,0,,,,,1781807061439,1781807061439
681,0x37c977637fcf7bf49a1b75ec3cfb16e2b995dab19d202356da22642277c22d68,"",client_test_01_router_b_alts,client-test-01,customer-test-01,0,"","",LTC/USD,43200017140000002048,1781807038,failed,BuilderError,"Missing required environment variable: BLOCKFROST_PROJECT_ID_TESTNET. Active CARDANO_NETWORK requires the *_TESTNET variant of every per-network setting.",0,0,,,,,1781807061448,1781807061448
682,0x2089a614c24fd94c96d27e8628c8cb03110f43f8cae3392cda1be039b7e2ae8d,"",client_test_01_router_a_majors,client-test-01,customer-test-01,0,"","",USDT/USD,998660000000000000,1781807039,failed,BuilderError,"Missing required environment variable: BLOCKFROST_PROJECT_ID_TESTNET. Active CARDANO_NETWORK requires the *_TESTNET variant of every per-network setting.",0,0,,,,,1781807061455,1781807061455
683,0x7f31648b589831aea7b6d4ea18d7c11cfeabc194038d145c30015a9dcac92ed3,"",client_test_01_router_a_majors,client-test-01,customer-test-01,0,"","",BTC/USD,62578266700647254458368,1781807039,failed,BuilderError,"Missing required environment variable: BLOCKFROST_PROJECT_ID_TESTNET. Active CARDANO_NETWORK requires the *_TESTNET variant of every per-network setting.",0,0,,,,,1781807061463,1781807061463
684,0x9a26221d6bf8bac4d34b37f9d781c04178a21587d516217d5463b8f6e576b97f,"",client_test_01_router_a_majors,client-test-01,customer-test-01,0,"","",ETH/USD,1678825671600000204800,1781807040,failed,BuilderError,"Missing required environment variable: BLOCKFROST_PROJECT_ID_TESTNET. Active CARDANO_NETWORK requires the *_TESTNET variant of every per-network setting.",0,0,,,,,1781807061471,1781807061471
685,0x8a96fba18ef373e279e26496f13f1c928fcbc3218c72f0cc1173cc2f986f4583,"",client_test_01_router_a_majors,client-test-01,customer-test-01,0,"","",USDC/USD,999746054825000128,1781806994,failed,BuilderError,"Missing required environment variable: BLOCKFROST_PROJECT_ID_TESTNET. Active CARDANO_NETWORK requires the *_TESTNET variant of every per-network setting.",0,0,,,,,1781807061478,1781807061478
686,0x30505de31a70d3be2e983778ff39de774419cd2d3f7ec774001e2c724c758a58,"",client_test_01_router_a_majors,client-test-01,customer-test-01,0,"","",DOGE/USD,82300834224860072,1781806998,failed,BuilderError,"Missing required environment variable: BLOCKFROST_PROJECT_ID_TESTNET. Active CARDANO_NETWORK requires the *_TESTNET variant of every per-network setting.",0,0,,,,,1781807061484,1781807061484
687,0x457db5984cbd2f172c889aca837abe67f6f6decf76ed54022936ee7104076f6b,"",client_test_01_router_b_alts,client-test-01,customer-test-01,0,"","",SHIB/USD,4654639412500,1781807000,failed,BuilderError,"Missing required environment variable: BLOCKFROST_PROJECT_ID_TESTNET. Active CARDANO_NETWORK requires the *_TESTNET variant of every per-network setting.",0,0,,,,,1781807061490,1781807061490
688,0x33a58ae4cdf588f36eaa12952f1fce13c810f6d485b2b62793e6c96d9082d14e,"",client_test_01_router_b_alts,client-test-01,customer-test-01,0,"","",NEIRO/USD,64687188300000,1781807026,failed,BuilderError,"Missing required environment variable: BLOCKFROST_PROJECT_ID_TESTNET. Active CARDANO_NETWORK requires the *_TESTNET variant of every per-network setting.",0,0,,,,,1781807061496,1781807061496
689,0xa47a445daab708a60effb2acdb99e65e0c83c2909e4938b78ea06693e985f83a,"",client_test_01_router_a_majors,client-test-01,customer-test-01,0,"","",USDC/USD,999738564850000064,1781807047,failed,BuilderError,"Missing required environment variable: BLOCKFROST_PROJECT_ID_TESTNET. Active CARDANO_NETWORK requires the *_TESTNET variant of every per-network setting.",0,0,,,,,1781807076524,1781807076524
690,0x0796274c3e407183c9ce88f73ab90d8001766df5299bfa4ba9db5a89ac518ca2,"",client_test_01_router_a_majors,client-test-01,customer-test-01,0,"","",DOGE/USD,82300834224860072,1781807051,failed,BuilderError,"Missing required environment variable: BLOCKFROST_PROJECT_ID_TESTNET. Active CARDANO_NETWORK requires the *_TESTNET variant of every per-network setting.",0,0,,,,,1781807076534,1781807076534
691,0xbf0b2966714411cbf85e525233162330568419300867bcbf4b26bb1c2ec7a870,"",client_test_01_router_b_alts,client-test-01,customer-test-01,0,"","",SHIB/USD,4654639412500,1781807052,failed,BuilderError,"Missing required environment variable: BLOCKFROST_PROJECT_ID_TESTNET. Active CARDANO_NETWORK requires the *_TESTNET variant of every per-network setting.",0,0,,,,,1781807076543,1781807076543
692,0x7f31648b589831aea7b6d4ea18d7c11cfeabc194038d145c30015a9dcac92ed3,"",client_test_02_router_default,client-test-02,customer-test-02,0,"","",BTC/USD,62578266700647254458368,1781807039,failed,BuilderError,"Missing required environment variable: BLOCKFROST_PROJECT_ID_TESTNET. Active CARDANO_NETWORK requires the *_TESTNET variant of every per-network setting.",0,0,,,,,1781807086127,1781807086127
693,0x118ec757280b1d9633d82bb9851860244fb50de7528e57ded4fcdb9f2f7ec6d0,"",client_test_01_router_b_alts,client-test-01,customer-test-01,0,"","",ARB/USD,82057442750000016,1781807063,failed,BuilderError,"Missing required environment variable: BLOCKFROST_PROJECT_ID_TESTNET. Active CARDANO_NETWORK requires the *_TESTNET variant of every per-network setting.",0,0,,,,,1781807091502,1781807091502
694,0x2089a614c24fd94c96d27e8628c8cb03110f43f8cae3392cda1be039b7e2ae8d,"",client_test_01_router_a_majors,client-test-01,customer-test-01,0,"","",USDT/USD,998660000000000000,1781807039,failed,BuilderError,"Missing required environment variable: BLOCKFROST_PROJECT_ID_TESTNET. Active CARDANO_NETWORK requires the *_TESTNET variant of every per-network setting.",0,0,,,,,1781807091511,1781807091511
695,0x33a58ae4cdf588f36eaa12952f1fce13c810f6d485b2b62793e6c96d9082d14e,"",client_test_01_router_b_alts,client-test-01,customer-test-01,0,"","",NEIRO/USD,64687188300000,1781807026,failed,BuilderError,"Missing required environment variable: BLOCKFROST_PROJECT_ID_TESTNET. Active CARDANO_NETWORK requires the *_TESTNET variant of every per-network setting.",0,0,,,,,1781807091516,1781807091516
696,0xb26ea62e98876c5320331c1155149e3c92d6114b397a003a9992f6a81ce6ffe8,"",client_test_01_router_b_alts,client-test-01,customer-test-01,0,"","",XVG/USD,2507882900503334,1781807036,failed,BuilderError,"Missing required environment variable: BLOCKFROST_PROJECT_ID_TESTNET. Active CARDANO_NETWORK requires the *_TESTNET variant of every per-network setting.",0,0,,,,,1781807091522,1781807091522
697,0xfe34fd8eb905028efd408dbb01661f4966842c19f9a0eb00968e66f3067fe55e,"",client_test_02_router_default,client-test-02,customer-test-02,0,"","",BTC/USD,62578266700647254458368,1781807081,failed,BuilderError,"Missing required environment variable: BLOCKFROST_PROJECT_ID_TESTNET. Active CARDANO_NETWORK requires the *_TESTNET variant of every per-network setting.",0,0,,,,,1781807101106,1781807101106
698,0xd036008b3b301c865ae3b75191bff891248f71e7a473599defeeab96f43d71d0,"",client_test_01_router_b_alts,client-test-01,customer-test-01,0,"","",NEIRO/USD,64687188300000,1781807080,failed,BuilderError,"Missing required environment variable: BLOCKFROST_PROJECT_ID_TESTNET. Active CARDANO_NETWORK requires the *_TESTNET variant of every per-network setting.",0,0,,,,,1781807106590,1781807106590
699,0xa2c391a159f7ccfba7207a3134460549577c9c5f32c6e986172167e114c84c0a,"",client_test_01_router_b_alts,client-test-01,customer-test-01,0,"","",LTC/USD,43200017140000002048,1781807080,failed,BuilderError,"Missing required environment variable: BLOCKFROST_PROJECT_ID_TESTNET. Active CARDANO_NETWORK requires the *_TESTNET variant of every per-network setting.",0,0,,,,,1781807106596,1781807106596
700,0xfe34fd8eb905028efd408dbb01661f4966842c19f9a0eb00968e66f3067fe55e,"",client_test_01_router_a_majors,client-test-01,customer-test-01,0,"","",BTC/USD,62578266700647254458368,1781807081,failed,BuilderError,"Missing required environment variable: BLOCKFROST_PROJECT_ID_TESTNET. Active CARDANO_NETWORK requires the *_TESTNET variant of every per-network setting.",0,0,,,,,1781807106602,1781807106602
701,0x2054febd1ad40234a59b2bed2075a628373f00a8726c59168f36d5320e9b2c8f,"",client_test_01_router_a_majors,client-test-01,customer-test-01,0,"","",ETH/USD,1678825671600000204800,1781807083,failed,BuilderError,"Missing required environment variable: BLOCKFROST_PROJECT_ID_TESTNET. Active CARDANO_NETWORK requires the *_TESTNET variant of every per-network setting.",0,0,,,,,1781807106608,1781807106608
702,0xd90dacb073c51a8b9bfb4616e3a2efdf28a3d4df11546fb932b0a52e2192c1c4,"",client_test_01_router_a_majors,client-test-01,customer-test-01,0,"","",USDC/USD,999738552800000128,1781807089,failed,BuilderError,"Missing required environment variable: BLOCKFROST_PROJECT_ID_TESTNET. Active CARDANO_NETWORK requires the *_TESTNET variant of every per-network setting.",0,0,,,,,1781807106615,1781807106615
703,0x3bfd0f35dee81a35bcd7807c7e60a59078b881da02121da739a2415b8134dec1,"",client_test_01_router_b_alts,client-test-01,customer-test-01,0,"","",XVG/USD,2507882900503334,1781807091,failed,BuilderError,"Missing required environment variable: BLOCKFROST_PROJECT_ID_TESTNET. Active CARDANO_NETWORK requires the *_TESTNET variant of every per-network setting.",0,0,,,,,1781807121570,1781807121570
704,0xfc56e022a816af15499115e1f97fdc3223acf23ac75502276148f78ccac83f66,"",client_test_01_router_a_majors,client-test-01,customer-test-01,0,"","",DOGE/USD,82300834224860072,1781807093,failed,BuilderError,"Missing required environment variable: BLOCKFROST_PROJECT_ID_TESTNET. Active CARDANO_NETWORK requires the *_TESTNET variant of every per-network setting.",0,0,,,,,1781807121575,1781807121575
705,0x529f2a13aa74461eb852460cd385528592b8f8070877dde3ba4ad0d05b55d16b,"",client_test_01_router_a_majors,client-test-01,customer-test-01,0,"","",USDT/USD,998660000000000000,1781807094,failed,BuilderError,"Missing required environment variable: BLOCKFROST_PROJECT_ID_TESTNET. Active CARDANO_NETWORK requires the *_TESTNET variant of every per-network setting.",0,0,,,,,1781807121580,1781807121580
706,0x6a72a048dfcdb6ad32fe65c92854fc4faec6eecec7a295aaba37c57d485ec10e,"",client_test_01_router_b_alts,client-test-01,customer-test-01,0,"","",SHIB/USD,4654639412500,1781807094,failed,BuilderError,"Missing required environment variable: BLOCKFROST_PROJECT_ID_TESTNET. Active CARDANO_NETWORK requires the *_TESTNET variant of every per-network setting.",0,0,,,,,1781807121586,1781807121586
707,0xfe34fd8eb905028efd408dbb01661f4966842c19f9a0eb00968e66f3067fe55e,"",client_test_01_router_a_majors,client-test-01,customer-test-01,0,"","",BTC/USD,62578266700647254458368,1781807081,failed,BuilderError,"Missing required environment variable: BLOCKFROST_PROJECT_ID_TESTNET. Active CARDANO_NETWORK requires the *_TESTNET variant of every per-network setting.",0,0,,,,,1781807121591,1781807121591
708,0x2054febd1ad40234a59b2bed2075a628373f00a8726c59168f36d5320e9b2c8f,"",client_test_01_router_a_majors,client-test-01,customer-test-01,0,"","",ETH/USD,1678825671600000204800,1781807083,failed,BuilderError,"Missing required environment variable: BLOCKFROST_PROJECT_ID_TESTNET. Active CARDANO_NETWORK requires the *_TESTNET variant of every per-network setting.",0,0,,,,,1781807121596,1781807121596
709,0xd90dacb073c51a8b9bfb4616e3a2efdf28a3d4df11546fb932b0a52e2192c1c4,"",client_test_01_router_a_majors,client-test-01,customer-test-01,0,"","",USDC/USD,999738552800000128,1781807089,failed,BuilderError,"Missing required environment variable: BLOCKFROST_PROJECT_ID_TESTNET. Active CARDANO_NETWORK requires the *_TESTNET variant of every per-network setting.",0,0,,,,,1781807121602,1781807121602
710,0xa2c391a159f7ccfba7207a3134460549577c9c5f32c6e986172167e114c84c0a,"",client_test_01_router_b_alts,client-test-01,customer-test-01,0,"","",LTC/USD,43200017140000002048,1781807080,failed,BuilderError,"Missing required environment variable: BLOCKFROST_PROJECT_ID_TESTNET. Active CARDANO_NETWORK requires the *_TESTNET variant of every per-network setting.",0,0,,,,,1781807121607,1781807121607
711,0x118ec757280b1d9633d82bb9851860244fb50de7528e57ded4fcdb9f2f7ec6d0,"",client_test_01_router_b_alts,client-test-01,customer-test-01,0,"","",ARB/USD,82057442750000016,1781807063,failed,BuilderError,"Missing required environment variable: BLOCKFROST_PROJECT_ID_TESTNET. Active CARDANO_NETWORK requires the *_TESTNET variant of every per-network setting.",0,0,,,,,1781807121613,1781807121613
712,0x2d65d58b764bb1ac9ac6fe35f9a29dddd8a664da678c7fd985bda1cfd43e2e4e,"",client_test_01_router_b_alts,client-test-01,customer-test-01,0,"","",ARB/USD,82057442750000016,1781807119,failed,BuilderError,"Missing required environment variable: BLOCKFROST_PROJECT_ID_TESTNET. Active CARDANO_NETWORK requires the *_TESTNET variant of every per-network setting.",0,0,,,,,1781807136649,1781807136649
713,0xfe34fd8eb905028efd408dbb01661f4966842c19f9a0eb00968e66f3067fe55e,"",client_test_02_router_default,client-test-02,customer-test-02,0,"","",BTC/USD,62578266700647254458368,1781807081,failed,BuilderError,"Missing required environment variable: BLOCKFROST_PROJECT_ID_TESTNET. Active CARDANO_NETWORK requires the *_TESTNET variant of every per-network setting.",0,0,,,,,1781807149592,1781807149592
714,0xeb06bf929b71a9c00d2df7b3445a2a9341b8552d0c98349e08cd0b41f6c82d12,"",client_test_01_router_b_alts,client-test-01,customer-test-01,0,"","",NEIRO/USD,64687188300000,1781807122,failed,BuilderError,"Missing required environment variable: BLOCKFROST_PROJECT_ID_TESTNET. Active CARDANO_NETWORK requires the *_TESTNET variant of every per-network setting.",0,0,,,,,1781807151614,1781807151614
715,0x198ed62828d51749091361247ce98ae555958759a6c9db80778e6be289d2c730,"",client_test_01_router_b_alts,client-test-01,customer-test-01,0,"","",XVG/USD,2507882900503334,1781807132,failed,BuilderError,"Missing required environment variable: BLOCKFROST_PROJECT_ID_TESTNET. Active CARDANO_NETWORK requires the *_TESTNET variant of every per-network setting.",0,0,,,,,1781807151621,1781807151621
716,0xfe34fd8eb905028efd408dbb01661f4966842c19f9a0eb00968e66f3067fe55e,"",client_test_01_router_a_majors,client-test-01,customer-test-01,0,"","",BTC/USD,62578266700647254458368,1781807081,failed,BuilderError,"Missing required environment variable: BLOCKFROST_PROJECT_ID_TESTNET. Active CARDANO_NETWORK requires the *_TESTNET variant of every per-network setting.",0,0,,,,,1781807151627,1781807151627
717,0x2054febd1ad40234a59b2bed2075a628373f00a8726c59168f36d5320e9b2c8f,"",client_test_01_router_a_majors,client-test-01,customer-test-01,0,"","",ETH/USD,1678825671600000204800,1781807083,failed,BuilderError,"Missing required environment variable: BLOCKFROST_PROJECT_ID_TESTNET. Active CARDANO_NETWORK requires the *_TESTNET variant of every per-network setting.",0,0,,,,,1781807151634,1781807151634
718,0xd90dacb073c51a8b9bfb4616e3a2efdf28a3d4df11546fb932b0a52e2192c1c4,"",client_test_01_router_a_majors,client-test-01,customer-test-01,0,"","",USDC/USD,999738552800000128,1781807089,failed,BuilderError,"Missing required environment variable: BLOCKFROST_PROJECT_ID_TESTNET. Active CARDANO_NETWORK requires the *_TESTNET variant of every per-network setting.",0,0,,,,,1781807151641,1781807151641
719,0xfc56e022a816af15499115e1f97fdc3223acf23ac75502276148f78ccac83f66,"",client_test_01_router_a_majors,client-test-01,customer-test-01,0,"","",DOGE/USD,82300834224860072,1781807093,failed,BuilderError,"Missing required environment variable: BLOCKFROST_PROJECT_ID_TESTNET. Active CARDANO_NETWORK requires the *_TESTNET variant of every per-network setting.",0,0,,,,,1781807151648,1781807151648
720,0xa2c391a159f7ccfba7207a3134460549577c9c5f32c6e986172167e114c84c0a,"",client_test_01_router_b_alts,client-test-01,customer-test-01,0,"","",LTC/USD,43200017140000002048,1781807080,failed,BuilderError,"Missing required environment variable: BLOCKFROST_PROJECT_ID_TESTNET. Active CARDANO_NETWORK requires the *_TESTNET variant of every per-network setting.",0,0,,,,,1781807151653,1781807151653
721,0x6a72a048dfcdb6ad32fe65c92854fc4faec6eecec7a295aaba37c57d485ec10e,"",client_test_01_router_b_alts,client-test-01,customer-test-01,0,"","",SHIB/USD,4654639412500,1781807094,failed,BuilderError,"Missing required environment variable: BLOCKFROST_PROJECT_ID_TESTNET. Active CARDANO_NETWORK requires the *_TESTNET variant of every per-network setting.",0,0,,,,,1781807151659,1781807151659
722,0x106ecbbd377684680af3f2d1915e8cff5d28c5734e42f7eea25a7c4c4fb3c38d,"",client_test_02_router_default,client-test-02,customer-test-02,0,"","",BTC/USD,62578266700647254458368,1781807137,failed,BuilderError,"Missing required environment variable: BLOCKFROST_PROJECT_ID_TESTNET. Active CARDANO_NETWORK requires the *_TESTNET variant of every per-network setting.",0,0,,,,,1781807164565,1781807164565
723,0x5005532349ecc1c7676d7cbb7ade0008fa47ebdca6cf7301553dc28ff7b31b1e,"",client_test_01_router_a_majors,client-test-01,customer-test-01,0,"","",USDT/USD,998660000000000000,1781807135,failed,BuilderError,"Missing required environment variable: BLOCKFROST_PROJECT_ID_TESTNET. Active CARDANO_NETWORK requires the *_TESTNET variant of every per-network setting.",0,0,,,,,1781807166691,1781807166691
724,0x2a3d523df0d7c13f24a161885cbbc7d5e31a57881853f38f65ac1fbcf1ddeb8b,"",client_test_01_router_b_alts,client-test-01,customer-test-01,0,"","",LTC/USD,43200017140000002048,1781807135,failed,BuilderError,"Missing required environment variable: BLOCKFROST_PROJECT_ID_TESTNET. Active CARDANO_NETWORK requires the *_TESTNET variant of every per-network setting.",0,0,,,,,1781807166701,1781807166701
725,0x106ecbbd377684680af3f2d1915e8cff5d28c5734e42f7eea25a7c4c4fb3c38d,"",client_test_01_router_a_majors,client-test-01,customer-test-01,0,"","",BTC/USD,62578266700647254458368,1781807137,failed,BuilderError,"Missing required environment variable: BLOCKFROST_PROJECT_ID_TESTNET. Active CARDANO_NETWORK requires the *_TESTNET variant of every per-network setting.",0,0,,,,,1781807166710,1781807166710
726,0x79c267b71124837edace17e5416ee98b916d36ffeaf2d4c2d651583a8e1f308b,"",client_test_01_router_a_majors,client-test-01,customer-test-01,0,"","",ETH/USD,1678825671600000204800,1781807138,failed,BuilderError,"Missing required environment variable: BLOCKFROST_PROJECT_ID_TESTNET. Active CARDANO_NETWORK requires the *_TESTNET variant of every per-network setting.",0,0,,,,,1781807166720,1781807166720
727,0x21b7942b0d153503dcaa847e531800b309dc82279679d424be48117a9bbea379,"",client_test_01_router_a_majors,client-test-01,customer-test-01,0,"","",USDC/USD,999738552800000128,1781807144,failed,BuilderError,"Missing required environment variable: BLOCKFROST_PROJECT_ID_TESTNET. Active CARDANO_NETWORK requires the *_TESTNET variant of every per-network setting.",0,0,,,,,1781807166729,1781807166729
728,0x9dcbef24bddb964701da7d27df8443f3e9836eb51d90cd33a89f652c1fe8b3a5,"",client_test_01_router_a_majors,client-test-01,customer-test-01,0,"","",DOGE/USD,82300834224860072,1781807148,failed,BuilderError,"Missing required environment variable: BLOCKFROST_PROJECT_ID_TESTNET. Active CARDANO_NETWORK requires the *_TESTNET variant of every per-network setting.",0,0,,,,,1781807166733,1781807166733
729,0x5b0e1364a827b7821592ac6dd595d209dc9d1dd56c186419cfc5246cf6472770,"",client_test_01_router_b_alts,client-test-01,customer-test-01,0,"","",SHIB/USD,4654639412500,1781807149,failed,BuilderError,"Missing required environment variable: BLOCKFROST_PROJECT_ID_TESTNET. Active CARDANO_NETWORK requires the *_TESTNET variant of every per-network setting.",0,0,,,,,1781807166741,1781807166741
730,0xc38e710db8a449a78c769a1485c49a098fe24df7b61696a827021d140fa45afb,"",client_test_01_router_b_alts,client-test-01,customer-test-01,0,"","",ARB/USD,82057442750000016,1781807158,failed,BuilderError,"Missing required environment variable: BLOCKFROST_PROJECT_ID_TESTNET. Active CARDANO_NETWORK requires the *_TESTNET variant of every per-network setting.",0,0,,,,,1781807181702,1781807181702
731,0x5005532349ecc1c7676d7cbb7ade0008fa47ebdca6cf7301553dc28ff7b31b1e,"",client_test_01_router_a_majors,client-test-01,customer-test-01,0,"","",USDT/USD,998660000000000000,1781807135,failed,BuilderError,"Missing required environment variable: BLOCKFROST_PROJECT_ID_TESTNET. Active CARDANO_NETWORK requires the *_TESTNET variant of every per-network setting.",0,0,,,,,1781807181710,1781807181710
732,0xeb06bf929b71a9c00d2df7b3445a2a9341b8552d0c98349e08cd0b41f6c82d12,"",client_test_01_router_b_alts,client-test-01,customer-test-01,0,"","",NEIRO/USD,64687188300000,1781807122,failed,BuilderError,"Missing required environment variable: BLOCKFROST_PROJECT_ID_TESTNET. Active CARDANO_NETWORK requires the *_TESTNET variant of every per-network setting.",0,0,,,,,1781807181715,1781807181715
733,0x198ed62828d51749091361247ce98ae555958759a6c9db80778e6be289d2c730,"",client_test_01_router_b_alts,client-test-01,customer-test-01,0,"","",XVG/USD,2507882900503334,1781807132,failed,BuilderError,"Missing required environment variable: BLOCKFROST_PROJECT_ID_TESTNET. Active CARDANO_NETWORK requires the *_TESTNET variant of every per-network setting.",0,0,,,,,1781807181721,1781807181721
734,0xa11278ac1d42e856da30ae76d4cc26d9aaccbfd5ff13d8aa294813aed6d09afd,"",client_test_01_router_b_alts,client-test-01,customer-test-01,0,"","",LTC/USD,43200017140000002048,1781807175,failed,BuilderError,"Missing required environment variable: BLOCKFROST_PROJECT_ID_TESTNET. Active CARDANO_NETWORK requires the *_TESTNET variant of every per-network setting.",0,0,,,,,1781807196743,1781807196743
735,0x398006d14f369c3f6ffe52926e4429e5abd9ed81708c1f4e158fd565ca6edbb6,"",client_test_01_router_b_alts,client-test-01,customer-test-01,0,"","",NEIRO/USD,64687188300000,1781807176,failed,BuilderError,"Missing required environment variable: BLOCKFROST_PROJECT_ID_TESTNET. Active CARDANO_NETWORK requires the *_TESTNET variant of every per-network setting.",0,0,,,,,1781807196750,1781807196750
736,0xcceab03dd5a58214b22fe60c1897c62b4faaa04e31a1763721f9a09d480fa9e7,"",client_test_01_router_a_majors,client-test-01,customer-test-01,0,"","",BTC/USD,62578266700647254458368,1781807176,failed,BuilderError,"Missing required environment variable: BLOCKFROST_PROJECT_ID_TESTNET. Active CARDANO_NETWORK requires the *_TESTNET variant of every per-network setting.",0,0,,,,,1781807196759,1781807196759
737,0x88986197e2c0fa1f21cb292e97b4c8a20ee4da7a3451121cef260bd324cf8145,"",client_test_01_router_a_majors,client-test-01,customer-test-01,0,"","",ETH/USD,1678825671600000204800,1781807178,failed,BuilderError,"Missing required environment variable: BLOCKFROST_PROJECT_ID_TESTNET. Active CARDANO_NETWORK requires the *_TESTNET variant of every per-network setting.",0,0,,,,,1781807196765,1781807196765
738,0xd52cd391eaa50871fd4db9e67344fb98a06cf0798f7525edf0900744270ece66,"",client_test_01_router_a_majors,client-test-01,customer-test-01,0,"","",USDC/USD,999736056150000192,1781807184,failed,BuilderError,"Missing required environment variable: BLOCKFROST_PROJECT_ID_TESTNET. Active CARDANO_NETWORK requires the *_TESTNET variant of every per-network setting.",0,0,,,,,1781807211738,1781807211738
739,0x037c85d2b7946b7217863d49320a0c38368e62b358daa0d531076260cec6b600,"",client_test_01_router_b_alts,client-test-01,customer-test-01,0,"","",XVG/USD,2507882900503334,1781807186,failed,BuilderError,"Missing required environment variable: BLOCKFROST_PROJECT_ID_TESTNET. Active CARDANO_NETWORK requires the *_TESTNET variant of every per-network setting.",0,0,,,,,1781807211745,1781807211745
740,0xd2c066520c217a280e44fd4ec94b46355a2eff641c12a423744f117174f8cb78,"",client_test_01_router_a_majors,client-test-01,customer-test-01,0,"","",DOGE/USD,82300834224860072,1781807188,failed,BuilderError,"Missing required environment variable: BLOCKFROST_PROJECT_ID_TESTNET. Active CARDANO_NETWORK requires the *_TESTNET variant of every per-network setting.",0,0,,,,,1781807211754,1781807211754
741,0x0f3b2e60a42533726f8c1dbadd1bd38b423580922c08e5fb678f0d59c5e927fa,"",client_test_01_router_a_majors,client-test-01,customer-test-01,0,"","",USDT/USD,998662500000000000,1781807189,failed,BuilderError,"Missing required environment variable: BLOCKFROST_PROJECT_ID_TESTNET. Active CARDANO_NETWORK requires the *_TESTNET variant of every per-network setting.",0,0,,,,,1781807211761,1781807211761
742,0x39d1537d2569be47f783fcc7c40e3480b20b633c943a1fd3c29c6a2261627a5f,"",client_test_01_router_b_alts,client-test-01,customer-test-01,0,"","",SHIB/USD,4654639412500,1781807189,failed,BuilderError,"Missing required environment variable: BLOCKFROST_PROJECT_ID_TESTNET. Active CARDANO_NETWORK requires the *_TESTNET variant of every per-network setting.",0,0,,,,,1781807211771,1781807211771
743,0xcceab03dd5a58214b22fe60c1897c62b4faaa04e31a1763721f9a09d480fa9e7,"",client_test_01_router_a_majors,client-test-01,customer-test-01,0,"","",BTC/USD,62578266700647254458368,1781807176,failed,BuilderError,"Missing required environment variable: BLOCKFROST_PROJECT_ID_TESTNET. Active CARDANO_NETWORK requires the *_TESTNET variant of every per-network setting.",0,0,,,,,1781807211776,1781807211776
744,0x88986197e2c0fa1f21cb292e97b4c8a20ee4da7a3451121cef260bd324cf8145,"",client_test_01_router_a_majors,client-test-01,customer-test-01,0,"","",ETH/USD,1678825671600000204800,1781807178,failed,BuilderError,"Missing required environment variable: BLOCKFROST_PROJECT_ID_TESTNET. Active CARDANO_NETWORK requires the *_TESTNET variant of every per-network setting.",0,0,,,,,1781807211784,1781807211784
745,0xa11278ac1d42e856da30ae76d4cc26d9aaccbfd5ff13d8aa294813aed6d09afd,"",client_test_01_router_b_alts,client-test-01,customer-test-01,0,"","",LTC/USD,43200017140000002048,1781807175,failed,BuilderError,"Missing required environment variable: BLOCKFROST_PROJECT_ID_TESTNET. Active CARDANO_NETWORK requires the *_TESTNET variant of every per-network setting.",0,0,,,,,1781807211789,1781807211789
746,0xc38e710db8a449a78c769a1485c49a098fe24df7b61696a827021d140fa45afb,"",client_test_01_router_b_alts,client-test-01,customer-test-01,0,"","",ARB/USD,82057442750000016,1781807158,failed,BuilderError,"Missing required environment variable: BLOCKFROST_PROJECT_ID_TESTNET. Active CARDANO_NETWORK requires the *_TESTNET variant of every per-network setting.",0,0,,,,,1781807211796,1781807211796
747,0xcceab03dd5a58214b22fe60c1897c62b4faaa04e31a1763721f9a09d480fa9e7,"",client_test_02_router_default,client-test-02,customer-test-02,0,"","",BTC/USD,62578266700647254458368,1781807176,failed,BuilderError,"Missing required environment variable: BLOCKFROST_PROJECT_ID_TESTNET. Active CARDANO_NETWORK requires the *_TESTNET variant of every per-network setting.",0,0,,,,,1781807223509,1781807223509
748,0x21cce5d557ed520da4050ae9e81ed94c6b217ed86c94859cc964a887dd331382,"",client_test_01_router_b_alts,client-test-01,customer-test-01,0,"","",ARB/USD,82057442750000016,1781807212,failed,BuilderError,"Missing required environment variable: BLOCKFROST_PROJECT_ID_TESTNET. Active CARDANO_NETWORK requires the *_TESTNET variant of every per-network setting.",0,0,,,,,1781807258773,1781807258773
749,0x4e11e5e7a5a38601c08f10f6f47bca6f81e9d283f32f00479594246479c6e336,"",client_test_01_router_b_alts,client-test-01,customer-test-01,0,"","",NEIRO/USD,64691763900000,1781807215,failed,BuilderError,"Missing required environment variable: BLOCKFROST_PROJECT_ID_TESTNET. Active CARDANO_NETWORK requires the *_TESTNET variant of every per-network setting.",0,0,,,,,1781807258781,1781807258781
750,0x8e4ec2ba4835ae735921d2aa91932a73787a834a6366f4b5a8f5b4fcf6b9f908,"",client_test_01_router_a_majors,client-test-01,customer-test-01,0,"","",BTC/USD,62581526086933760966656,1781807230,failed,BuilderError,"Missing required environment variable: BLOCKFROST_PROJECT_ID_TESTNET. Active CARDANO_NETWORK requires the *_TESTNET variant of every per-network setting.",0,0,,,,,1781807258788,1781807258788
751,0x84c20862ddf086b2178dc33f0d4b7d725a2b34a7eb2f5d064db183e1838a057b,"",client_test_01_router_a_majors,client-test-01,customer-test-01,0,"","",ETH/USD,1678825671600000204800,1781807231,failed,BuilderError,"Missing required environment variable: BLOCKFROST_PROJECT_ID_TESTNET. Active CARDANO_NETWORK requires the *_TESTNET variant of every per-network setting.",0,0,,,,,1781807258793,1781807258793
752,0x9a61279bd23290f33c2df0e26ed14a6115f0a28e5cbd02b449c7bbececf5351c,"",client_test_01_router_a_majors,client-test-01,customer-test-01,0,"","",USDC/USD,999736056150000192,1781807238,failed,BuilderError,"Missing required environment variable: BLOCKFROST_PROJECT_ID_TESTNET. Active CARDANO_NETWORK requires the *_TESTNET variant of every per-network setting.",0,0,,,,,1781807258800,1781807258800
753,0xd2c066520c217a280e44fd4ec94b46355a2eff641c12a423744f117174f8cb78,"",client_test_01_router_a_majors,client-test-01,customer-test-01,0,"","",DOGE/USD,82300834224860072,1781807188,failed,BuilderError,"Missing required environment variable: BLOCKFROST_PROJECT_ID_TESTNET. Active CARDANO_NETWORK requires the *_TESTNET variant of every per-network setting.",0,0,,,,,1781807258805,1781807258805
754,0x501abddfa1e7744fb4063e6041e7e1c3b15f0841e07519826bb3adcbbffb00d0,"",client_test_01_router_b_alts,client-test-01,customer-test-01,0,"","",LTC/USD,43200017140000002048,1781807228,failed,BuilderError,"Missing required environment variable: BLOCKFROST_PROJECT_ID_TESTNET. Active CARDANO_NETWORK requires the *_TESTNET variant of every per-network setting.",0,0,,,,,1781807258813,1781807258813
755,0x39d1537d2569be47f783fcc7c40e3480b20b633c943a1fd3c29c6a2261627a5f,"",client_test_01_router_b_alts,client-test-01,customer-test-01,0,"","",SHIB/USD,4654639412500,1781807189,failed,BuilderError,"Missing required environment variable: BLOCKFROST_PROJECT_ID_TESTNET. Active CARDANO_NETWORK requires the *_TESTNET variant of every per-network setting.",0,0,,,,,1781807258818,1781807258818
756,0xe250b1ebf7faa568e2561837142b815e5303f89618e274925ffafdb7312cb363,"",client_test_01_router_b_alts,client-test-01,customer-test-01,0,"","",XVG/USD,2507882900503334,1781807225,failed,BuilderError,"Missing required environment variable: BLOCKFROST_PROJECT_ID_TESTNET. Active CARDANO_NETWORK requires the *_TESTNET variant of every per-network setting.",0,0,,,,,1781807258826,1781807258826
757,0x9b3625c470e42d3e272159bb5f115f60b437dce05e88628075da6ad76133778f,"",client_test_01_router_a_majors,client-test-01,customer-test-01,0,"","",USDT/USD,998667500000000000,1781807228,failed,BuilderError,"Missing required environment variable: BLOCKFROST_PROJECT_ID_TESTNET. Active CARDANO_NETWORK requires the *_TESTNET variant of every per-network setting.",0,0,,,,,1781807258832,1781807258832
758,0x8e4ec2ba4835ae735921d2aa91932a73787a834a6366f4b5a8f5b4fcf6b9f908,"",client_test_02_router_default,client-test-02,customer-test-02,0,"","",BTC/USD,62581526086933760966656,1781807230,failed,BuilderError,"Missing required environment variable: BLOCKFROST_PROJECT_ID_TESTNET. Active CARDANO_NETWORK requires the *_TESTNET variant of every per-network setting.",0,0,,,,,1781807269440,1781807269440
759,0x8e9262ee2ccafc068d72f9b3a0d362078f657975361b00c41296724993259394,"",client_test_01_router_a_majors,client-test-01,customer-test-01,0,"","",DOGE/USD,82300834224860072,1781807242,failed,BuilderError,"Missing required environment variable: BLOCKFROST_PROJECT_ID_TESTNET. Active CARDANO_NETWORK requires the *_TESTNET variant of every per-network setting.",0,0,,,,,1781807273793,1781807273793
760,0xc9a17e87e1d7d9426db36a94f52d69871b6de0aadc326fafbb636ff1713d7a96,"",client_test_01_router_b_alts,client-test-01,customer-test-01,0,"","",SHIB/USD,4654639412500,1781807243,failed,BuilderError,"Missing required environment variable: BLOCKFROST_PROJECT_ID_TESTNET. Active CARDANO_NETWORK requires the *_TESTNET variant of every per-network setting.",0,0,,,,,1781807273800,1781807273800
761,0x9b3625c470e42d3e272159bb5f115f60b437dce05e88628075da6ad76133778f,"",client_test_01_router_a_majors,client-test-01,customer-test-01,0,"","",USDT/USD,998667500000000000,1781807228,failed,BuilderError,"Missing required environment variable: BLOCKFROST_PROJECT_ID_TESTNET. Active CARDANO_NETWORK requires the *_TESTNET variant of every per-network setting.",0,0,,,,,1781807273808,1781807273808
762,0x4e11e5e7a5a38601c08f10f6f47bca6f81e9d283f32f00479594246479c6e336,"",client_test_01_router_b_alts,client-test-01,customer-test-01,0,"","",NEIRO/USD,64691763900000,1781807215,failed,BuilderError,"Missing required environment variable: BLOCKFROST_PROJECT_ID_TESTNET. Active CARDANO_NETWORK requires the *_TESTNET variant of every per-network setting.",0,0,,,,,1781807273816,1781807273816
763,0xe250b1ebf7faa568e2561837142b815e5303f89618e274925ffafdb7312cb363,"",client_test_01_router_b_alts,client-test-01,customer-test-01,0,"","",XVG/USD,2507882900503334,1781807225,failed,BuilderError,"Missing required environment variable: BLOCKFROST_PROJECT_ID_TESTNET. Active CARDANO_NETWORK requires the *_TESTNET variant of every per-network setting.",0,0,,,,,1781807273826,1781807273826
764,0xe57465407a5158d45698c54b8be25af64d0118c4db7e846cd13ab4aab35fb019,"",client_test_01_router_b_alts,client-test-01,customer-test-01,0,"","",ARB/USD,82057442750000016,1781807253,failed,BuilderError,"Missing required environment variable: BLOCKFROST_PROJECT_ID_TESTNET. Active CARDANO_NETWORK requires the *_TESTNET variant of every per-network setting.",0,0,,,,,1781807273850,1781807273850
765,0x288698901d375ed98014ec3895bb394df2b3db449b1c276b9b79c466a282d564,"",client_test_01_router_b_alts,client-test-01,customer-test-01,0,"","",LTC/USD,43200017140000002048,1781807269,failed,BuilderError,"Missing required environment variable: BLOCKFROST_PROJECT_ID_TESTNET. Active CARDANO_NETWORK requires the *_TESTNET variant of every per-network setting.",0,0,,,,,1781807288878,1781807288878
766,0x4cdbce2b2453c7bbfb3a2996ee63a49cf6e22c21e7a862a906fd3acd65b1dd27,"",client_test_01_router_b_alts,client-test-01,customer-test-01,0,"","",NEIRO/USD,64691763900000,1781807270,failed,BuilderError,"Missing required environment variable: BLOCKFROST_PROJECT_ID_TESTNET. Active CARDANO_NETWORK requires the *_TESTNET variant of every per-network setting.",0,0,,,,,1781807288884,1781807288884
767,0x3e14de043ae1d503700b3ae66ef24a7daee69ef577871285a6388d93f4e20f11,"",client_test_01_router_a_majors,client-test-01,customer-test-01,0,"","",BTC/USD,62581526086933760966656,1781807270,failed,BuilderError,"Missing required environment variable: BLOCKFROST_PROJECT_ID_TESTNET. Active CARDANO_NETWORK requires the *_TESTNET variant of every per-network setting.",0,0,,,,,1781807288888,1781807288888
768,0x9198ef49749cd33d44830c139136d52cde80d39b8167f6f3fc68621930d59e8c,"",client_test_01_router_a_majors,client-test-01,customer-test-01,0,"","",ETH/USD,1678825671600000204800,1781807271,failed,BuilderError,"Missing required environment variable: BLOCKFROST_PROJECT_ID_TESTNET. Active CARDANO_NETWORK requires the *_TESTNET variant of every per-network setting.",0,0,,,,,1781807288896,1781807288896
769,0xf38d529fc04721ad7b40509a08b07d48ffdff397cc489c8f581e42bfcfe808b8,"",client_test_01_router_a_majors,client-test-01,customer-test-01,0,"","",USDC/USD,999736056150000192,1781807278,failed,BuilderError,"Missing required environment variable: BLOCKFROST_PROJECT_ID_TESTNET. Active CARDANO_NETWORK requires the *_TESTNET variant of every per-network setting.",0,0,,,,,1781807303854,1781807303854
770,0x29b1b347db55a85c218dcf0b65c1369eae9da7e1da08bac2f394c506a4d2c2be,"",client_test_01_router_b_alts,client-test-01,customer-test-01,0,"","",XVG/USD,2507882900503334,1781807280,failed,BuilderError,"Missing required environment variable: BLOCKFROST_PROJECT_ID_TESTNET. Active CARDANO_NETWORK requires the *_TESTNET variant of every per-network setting.",0,0,,,,,1781807303862,1781807303862
771,0x029affa1a3c461faf6fedc78b66c38091317df9cdc7a5159f43a1cceaabb847a,"",client_test_01_router_a_majors,client-test-01,customer-test-01,0,"","",DOGE/USD,82300834224860072,1781807281,failed,BuilderError,"Missing required environment variable: BLOCKFROST_PROJECT_ID_TESTNET. Active CARDANO_NETWORK requires the *_TESTNET variant of every per-network setting.",0,0,,,,,1781807303911,1781807303911
772,0x3e14de043ae1d503700b3ae66ef24a7daee69ef577871285a6388d93f4e20f11,"",client_test_01_router_a_majors,client-test-01,customer-test-01,0,"","",BTC/USD,62581526086933760966656,1781807270,failed,BuilderError,"Missing required environment variable: BLOCKFROST_PROJECT_ID_TESTNET. Active CARDANO_NETWORK requires the *_TESTNET variant of every per-network setting.",0,0,,,,,1781807303918,1781807303918
773,0x9198ef49749cd33d44830c139136d52cde80d39b8167f6f3fc68621930d59e8c,"",client_test_01_router_a_majors,client-test-01,customer-test-01,0,"","",ETH/USD,1678825671600000204800,1781807271,failed,BuilderError,"Missing required environment variable: BLOCKFROST_PROJECT_ID_TESTNET. Active CARDANO_NETWORK requires the *_TESTNET variant of every per-network setting.",0,0,,,,,1781807303930,1781807303930
774,0xd34946977292aa3d5f18ffe90b89a059c13d80c0cb69a5f486fd04d745b2764a,"",client_test_01_router_a_majors,client-test-01,customer-test-01,0,"","",USDT/USD,998670000000000000,1781807282,failed,BuilderError,"Missing required environment variable: BLOCKFROST_PROJECT_ID_TESTNET. Active CARDANO_NETWORK requires the *_TESTNET variant of every per-network setting.",0,0,,,,,1781807303942,1781807303942
775,0x288698901d375ed98014ec3895bb394df2b3db449b1c276b9b79c466a282d564,"",client_test_01_router_b_alts,client-test-01,customer-test-01,0,"","",LTC/USD,43200017140000002048,1781807269,failed,BuilderError,"Missing required environment variable: BLOCKFROST_PROJECT_ID_TESTNET. Active CARDANO_NETWORK requires the *_TESTNET variant of every per-network setting.",0,0,,,,,1781807303955,1781807303955
776,0xe57465407a5158d45698c54b8be25af64d0118c4db7e846cd13ab4aab35fb019,"",client_test_01_router_b_alts,client-test-01,customer-test-01,0,"","",ARB/USD,82057442750000016,1781807253,failed,BuilderError,"Missing required environment variable: BLOCKFROST_PROJECT_ID_TESTNET. Active CARDANO_NETWORK requires the *_TESTNET variant of every per-network setting.",0,0,,,,,1781807303968,1781807303968
777,0x7beb1ba9c03fbb5ecc34d91fb215d7f9b207bc646530541a79942f92ede13dc8,"",client_test_01_router_b_alts,client-test-01,customer-test-01,0,"","",SHIB/USD,4654639412500,1781807282,failed,BuilderError,"Missing required environment variable: BLOCKFROST_PROJECT_ID_TESTNET. Active CARDANO_NETWORK requires the *_TESTNET variant of every per-network setting.",0,0,,,,,1781807303973,1781807303973
778,0x3e14de043ae1d503700b3ae66ef24a7daee69ef577871285a6388d93f4e20f11,"",client_test_02_router_default,client-test-02,customer-test-02,0,"","",BTC/USD,62581526086933760966656,1781807270,failed,BuilderError,"Missing required environment variable: BLOCKFROST_PROJECT_ID_TESTNET. Active CARDANO_NETWORK requires the *_TESTNET variant of every per-network setting.",0,0,,,,,1781807317382,1781807317382
779,0x3e14de043ae1d503700b3ae66ef24a7daee69ef577871285a6388d93f4e20f11,"",client_test_02_router_default,client-test-02,customer-test-02,0,"","",BTC/USD,62581526086933760966656,1781807270,failed,BuilderError,"Missing required environment variable: BLOCKFROST_PROJECT_ID_TESTNET. Active CARDANO_NETWORK requires the *_TESTNET variant of every per-network setting.",0,0,,,,,1781807332370,1781807332370
780,0x2cb24b0b5e77a8c5affa3c0c6c269832aac0ee095af73a3f33db0d3d5727e502,"",client_test_02_router_default,client-test-02,customer-test-02,0,"","",BTC/USD,62584997517383807533056,1781807325,failed,BuilderError,"Missing required environment variable: BLOCKFROST_PROJECT_ID_TESTNET. Active CARDANO_NETWORK requires the *_TESTNET variant of every per-network setting.",0,0,,,,,1781807347410,1781807347410
781,0xd7d440545cdf1db1ecffbe6208b57dac12e224b1635866627abf26418ae1b1db,"",client_test_01_router_b_alts,client-test-01,customer-test-01,0,"","",ARB/USD,82057442750000016,1781807308,failed,BuilderError,"Missing required environment variable: BLOCKFROST_PROJECT_ID_TESTNET. Active CARDANO_NETWORK requires the *_TESTNET variant of every per-network setting.",0,0,,,,,1781807355386,1781807355386
782,0xec49a7771d68a23865aba44580dec18fe09294f3b7dc133a4920f6e791c7bff3,"",client_test_01_router_b_alts,client-test-01,customer-test-01,0,"","",NEIRO/USD,64691763900000,1781807311,failed,BuilderError,"Missing required environment variable: BLOCKFROST_PROJECT_ID_TESTNET. Active CARDANO_NETWORK requires the *_TESTNET variant of every per-network setting.",0,0,,,,,1781807355393,1781807355393
783,0x2cb24b0b5e77a8c5affa3c0c6c269832aac0ee095af73a3f33db0d3d5727e502,"",client_test_01_router_a_majors,client-test-01,customer-test-01,0,"","",BTC/USD,62584997517383807533056,1781807325,failed,BuilderError,"Missing required environment variable: BLOCKFROST_PROJECT_ID_TESTNET. Active CARDANO_NETWORK requires the *_TESTNET variant of every per-network setting.",0,0,,,,,1781807355400,1781807355400
784,0x9046d9b080e80f33de1dda742105a71c3a98448c03d2bac91c4c81761b7c91c9,"",client_test_01_router_a_majors,client-test-01,customer-test-01,0,"","",ETH/USD,1678825671600000204800,1781807327,failed,BuilderError,"Missing required environment variable: BLOCKFROST_PROJECT_ID_TESTNET. Active CARDANO_NETWORK requires the *_TESTNET variant of every per-network setting.",0,0,,,,,1781807355405,1781807355405
785,0xc4d76ae384b83e8647ebc5d530eb564dbeb895ce92f67aa5237debd44513b8b8,"",client_test_01_router_a_majors,client-test-01,customer-test-01,0,"","",USDC/USD,999736056150000192,1781807333,failed,BuilderError,"Missing required environment variable: BLOCKFROST_PROJECT_ID_TESTNET. Active CARDANO_NETWORK requires the *_TESTNET variant of every per-network setting.",0,0,,,,,1781807355411,1781807355411
786,0xc54d310005fed0ee3eac278b3f8cf4685d0aa9e9511d69b95d4dde018071b989,"",client_test_01_router_a_majors,client-test-01,customer-test-01,0,"","",DOGE/USD,82301145787500000,1781807337,failed,BuilderError,"Missing required environment variable: BLOCKFROST_PROJECT_ID_TESTNET. Active CARDANO_NETWORK requires the *_TESTNET variant of every per-network setting.",0,0,,,,,1781807355416,1781807355416
787,0xe841f1e5dfad1954e0bc42aeaf2b595685d6f3273149a83fbcd0e420099014b6,"",client_test_01_router_b_alts,client-test-01,customer-test-01,0,"","",LTC/USD,43200017140000002048,1781807324,failed,BuilderError,"Missing required environment variable: BLOCKFROST_PROJECT_ID_TESTNET. Active CARDANO_NETWORK requires the *_TESTNET variant of every per-network setting.",0,0,,,,,1781807355421,1781807355421
788,0x7beb1ba9c03fbb5ecc34d91fb215d7f9b207bc646530541a79942f92ede13dc8,"",client_test_01_router_b_alts,client-test-01,customer-test-01,0,"","",SHIB/USD,4654639412500,1781807282,failed,BuilderError,"Missing required environment variable: BLOCKFROST_PROJECT_ID_TESTNET. Active CARDANO_NETWORK requires the *_TESTNET variant of every per-network setting.",0,0,,,,,1781807355428,1781807355428
789,0x01779c8020e4e14a4036f945b7c5a7c9ad80987bf98ca2158c516f0366a382e6,"",client_test_01_router_b_alts,client-test-01,customer-test-01,0,"","",XVG/USD,2507882900503334,1781807321,failed,BuilderError,"Missing required environment variable: BLOCKFROST_PROJECT_ID_TESTNET. Active CARDANO_NETWORK requires the *_TESTNET variant of every per-network setting.",0,0,,,,,1781807355437,1781807355437
790,0x36a68456c6a49886f757f8919466c7d5e92fa877b71eea286e2f9e60363f8671,"",client_test_01_router_a_majors,client-test-01,customer-test-01,0,"","",USDT/USD,998670000000000000,1781807324,failed,BuilderError,"Missing required environment variable: BLOCKFROST_PROJECT_ID_TESTNET. Active CARDANO_NETWORK requires the *_TESTNET variant of every per-network setting.",0,0,,,,,1781807355444,1781807355444
791,0x991bc05ad54d5b4a91b84664f676a1029bd6c126f6afffaf61ff522f26191778,"",client_test_01_router_b_alts,client-test-01,customer-test-01,0,"","",SHIB/USD,4655068877500,1781807338,failed,BuilderError,"Missing required environment variable: BLOCKFROST_PROJECT_ID_TESTNET. Active CARDANO_NETWORK requires the *_TESTNET variant of every per-network setting.",0,0,,,,,1781807370395,1781807370395
792,0x36a68456c6a49886f757f8919466c7d5e92fa877b71eea286e2f9e60363f8671,"",client_test_01_router_a_majors,client-test-01,customer-test-01,0,"","",USDT/USD,998670000000000000,1781807324,failed,BuilderError,"Missing required environment variable: BLOCKFROST_PROJECT_ID_TESTNET. Active CARDANO_NETWORK requires the *_TESTNET variant of every per-network setting.",0,0,,,,,1781807370402,1781807370402
793,0xec49a7771d68a23865aba44580dec18fe09294f3b7dc133a4920f6e791c7bff3,"",client_test_01_router_b_alts,client-test-01,customer-test-01,0,"","",NEIRO/USD,64691763900000,1781807311,failed,BuilderError,"Missing required environment variable: BLOCKFROST_PROJECT_ID_TESTNET. Active CARDANO_NETWORK requires the *_TESTNET variant of every per-network setting.",0,0,,,,,1781807370407,1781807370407
794,0x01779c8020e4e14a4036f945b7c5a7c9ad80987bf98ca2158c516f0366a382e6,"",client_test_01_router_b_alts,client-test-01,customer-test-01,0,"","",XVG/USD,2507882900503334,1781807321,failed,BuilderError,"Missing required environment variable: BLOCKFROST_PROJECT_ID_TESTNET. Active CARDANO_NETWORK requires the *_TESTNET variant of every per-network setting.",0,0,,,,,1781807370412,1781807370412
795,0xf4f0dad77bb83cd8a1e01b443943363f739aa51a2ec826b458f8cfc5e23850b8,"",client_test_01_router_b_alts,client-test-01,customer-test-01,0,"","",ARB/USD,82073987300000008,1781807348,failed,BuilderError,"Missing required environment variable: BLOCKFROST_PROJECT_ID_TESTNET. Active CARDANO_NETWORK requires the *_TESTNET variant of every per-network setting.",0,0,,,,,1781807370419,1781807370419
796,0xeed723041e8c39f328fe4aa613aeab2e418f0955a5583bd8daee73f38810ac7b,"",client_test_01_router_b_alts,client-test-01,customer-test-01,0,"","",LTC/USD,43201032940000006144,1781807365,failed,BuilderError,"Missing required environment variable: BLOCKFROST_PROJECT_ID_TESTNET. Active CARDANO_NETWORK requires the *_TESTNET variant of every per-network setting.",0,0,,,,,1781807385438,1781807385438
797,0x67da45109febfa7ae8d2038ab2e8455e3871e81457b75fac75ef37f1c05a6540,"",client_test_01_router_b_alts,client-test-01,customer-test-01,0,"","",NEIRO/USD,64694260800000,1781807366,failed,BuilderError,"Missing required environment variable: BLOCKFROST_PROJECT_ID_TESTNET. Active CARDANO_NETWORK requires the *_TESTNET variant of every per-network setting.",0,0,,,,,1781807385443,1781807385443
798,0x2877fdd6c66f72249cf9495275055c12c9727cc0864f8cd99e1c0856b8e965c9,"",client_test_01_router_a_majors,client-test-01,customer-test-01,0,"","",BTC/USD,62587579362769849286656,1781807366,failed,BuilderError,"Missing required environment variable: BLOCKFROST_PROJECT_ID_TESTNET. Active CARDANO_NETWORK requires the *_TESTNET variant of every per-network setting.",0,0,,,,,1781807385448,1781807385448
799,0x1740988f9143854777a8a4f79a2a280ce09c7607acb62f27eae7e2589900a82f,"",client_test_01_router_a_majors,client-test-01,customer-test-01,0,"","",ETH/USD,1678825671600000204800,1781807368,failed,BuilderError,"Missing required environment variable: BLOCKFROST_PROJECT_ID_TESTNET. Active CARDANO_NETWORK requires the *_TESTNET variant of every per-network setting.",0,0,,,,,1781807385454,1781807385454
800,0x2877fdd6c66f72249cf9495275055c12c9727cc0864f8cd99e1c0856b8e965c9,"",client_test_01_router_a_majors,client-test-01,customer-test-01,0,"","",BTC/USD,62587579362769849286656,1781807366,failed,BuilderError,"Missing required environment variable: BLOCKFROST_PROJECT_ID_TESTNET. Active CARDANO_NETWORK requires the *_TESTNET variant of every per-network setting.",0,0,,,,,1781807400418,1781807400418
801,0x1740988f9143854777a8a4f79a2a280ce09c7607acb62f27eae7e2589900a82f,"",client_test_01_router_a_majors,client-test-01,customer-test-01,0,"","",ETH/USD,1678825671600000204800,1781807368,failed,BuilderError,"Missing required environment variable: BLOCKFROST_PROJECT_ID_TESTNET. Active CARDANO_NETWORK requires the *_TESTNET variant of every per-network setting.",0,0,,,,,1781807400426,1781807400426
802,0xeefc0204791dd40065682759202718a91f549fcdcb7f852ccce4d9d5dbdbe324,"",client_test_01_router_a_majors,client-test-01,customer-test-01,0,"","",USDT/USD,998670000000000000,1781807379,failed,BuilderError,"Missing required environment variable: BLOCKFROST_PROJECT_ID_TESTNET. Active CARDANO_NETWORK requires the *_TESTNET variant of every per-network setting.",0,0,,,,,1781807400437,1781807400437
803,0xeed723041e8c39f328fe4aa613aeab2e418f0955a5583bd8daee73f38810ac7b,"",client_test_01_router_b_alts,client-test-01,customer-test-01,0,"","",LTC/USD,43201032940000006144,1781807365,failed,BuilderError,"Missing required environment variable: BLOCKFROST_PROJECT_ID_TESTNET. Active CARDANO_NETWORK requires the *_TESTNET variant of every per-network setting.",0,0,,,,,1781807400444,1781807400444
804,0xf4f0dad77bb83cd8a1e01b443943363f739aa51a2ec826b458f8cfc5e23850b8,"",client_test_01_router_b_alts,client-test-01,customer-test-01,0,"","",ARB/USD,82073987300000008,1781807348,failed,BuilderError,"Missing required environment variable: BLOCKFROST_PROJECT_ID_TESTNET. Active CARDANO_NETWORK requires the *_TESTNET variant of every per-network setting.",0,0,,,,,1781807400458,1781807400458
805,0x4a57609aaab95dc110b50126bc360ce851682a20cd7539a415ecc5f8dcebdbd9,"",client_test_01_router_b_alts,client-test-01,customer-test-01,0,"","",XVG/USD,2507882900503334,1781807376,failed,BuilderError,"Missing required environment variable: BLOCKFROST_PROJECT_ID_TESTNET. Active CARDANO_NETWORK requires the *_TESTNET variant of every per-network setting.",0,0,,,,,1781807400470,1781807400470
806,0xd8e60e4492bf52affd4674a1200395658f52b81d2575f94a25ce2a0b3b7c8111,"",client_test_01_router_a_majors,client-test-01,customer-test-01,0,"","",USDC/USD,999733559500000256,1781807374,failed,BuilderError,"Missing required environment variable: BLOCKFROST_PROJECT_ID_TESTNET. Active CARDANO_NETWORK requires the *_TESTNET variant of every per-network setting.",0,0,,,,,1781807400477,1781807400477
807,0xdc2927617e7304e4a72b271b2ba7e428a61754a35b121057acbce4e3502877d7,"",client_test_01_router_a_majors,client-test-01,customer-test-01,0,"","",DOGE/USD,82307348827500000,1781807378,failed,BuilderError,"Missing required environment variable: BLOCKFROST_PROJECT_ID_TESTNET. Active CARDANO_NETWORK requires the *_TESTNET variant of every per-network setting.",0,0,,,,,1781807400485,1781807400485
808,0xa2b735bded29c6eb8c0fc676061ada15a50e2601187ed796c37b9d7fc4879fc4,"",client_test_01_router_b_alts,client-test-01,customer-test-01,0,"","",SHIB/USD,4655514908750,1781807379,failed,BuilderError,"Missing required environment variable: BLOCKFROST_PROJECT_ID_TESTNET. Active CARDANO_NETWORK requires the *_TESTNET variant of every per-network setting.",0,0,,,,,1781807400491,1781807400491
809,0x2877fdd6c66f72249cf9495275055c12c9727cc0864f8cd99e1c0856b8e965c9,"",client_test_02_router_default,client-test-02,customer-test-02,0,"","",BTC/USD,62587579362769849286656,1781807366,failed,BuilderError,"Missing required environment variable: BLOCKFROST_PROJECT_ID_TESTNET. Active CARDANO_NETWORK requires the *_TESTNET variant of every per-network setting.",0,0,,,,,1781807413441,1781807413441
810,0x2877fdd6c66f72249cf9495275055c12c9727cc0864f8cd99e1c0856b8e965c9,"",client_test_02_router_default,client-test-02,customer-test-02,0,"","",BTC/USD,62587579362769849286656,1781807366,failed,BuilderError,"Missing required environment variable: BLOCKFROST_PROJECT_ID_TESTNET. Active CARDANO_NETWORK requires the *_TESTNET variant of every per-network setting.",0,0,,,,,1781807428411,1781807428411
811,0x03f266a0f351d05640ea7ce010a433c52c799f72a6872303fc98f4ceac400058,"",client_test_02_router_default,client-test-02,customer-test-02,0,"","",BTC/USD,62592316020678962708480,1781807421,failed,BuilderError,"Missing required environment variable: BLOCKFROST_PROJECT_ID_TESTNET. Active CARDANO_NETWORK requires the *_TESTNET variant of every per-network setting.",0,0,,,,,1781807443447,1781807443447
812,0x03f266a0f351d05640ea7ce010a433c52c799f72a6872303fc98f4ceac400058,"",client_test_01_router_a_majors,client-test-01,customer-test-01,0,"","",BTC/USD,62592316020678962708480,1781807421,failed,BuilderError,"Missing required environment variable: BLOCKFROST_PROJECT_ID_TESTNET. Active CARDANO_NETWORK requires the *_TESTNET variant of every per-network setting.",0,0,,,,,1781807449177,1781807449177
813,0x562aa9f9b80ac231c3364e227bb0ca5340845aaad82e177b078d214ec178def7,"",client_test_01_router_a_majors,client-test-01,customer-test-01,0,"","",ETH/USD,1678825671600000204800,1781807422,failed,BuilderError,"Missing required environment variable: BLOCKFROST_PROJECT_ID_TESTNET. Active CARDANO_NETWORK requires the *_TESTNET variant of every per-network setting.",0,0,,,,,1781807449185,1781807449185
814,0xc61790c84be53142b4a4f008ccee7b3f8010f094284d0f639f9b20c806527296,"",client_test_01_router_a_majors,client-test-01,customer-test-01,0,"","",USDC/USD,999733559500000256,1781807428,failed,BuilderError,"Missing required environment variable: BLOCKFROST_PROJECT_ID_TESTNET. Active CARDANO_NETWORK requires the *_TESTNET variant of every per-network setting.",0,0,,,,,1781807449193,1781807449193
815,0xdc2927617e7304e4a72b271b2ba7e428a61754a35b121057acbce4e3502877d7,"",client_test_01_router_a_majors,client-test-01,customer-test-01,0,"","",DOGE/USD,82307348827500000,1781807378,failed,BuilderError,"Missing required environment variable: BLOCKFROST_PROJECT_ID_TESTNET. Active CARDANO_NETWORK requires the *_TESTNET variant of every per-network setting.",0,0,,,,,1781807449200,1781807449200
816,0xbc0d4ed59bc051d66f495178913b8324d2fabcf56f1742df3de31d403f5ba45e,"",client_test_01_router_b_alts,client-test-01,customer-test-01,0,"","",LTC/USD,43202247900000006144,1781807419,failed,BuilderError,"Missing required environment variable: BLOCKFROST_PROJECT_ID_TESTNET. Active CARDANO_NETWORK requires the *_TESTNET variant of every per-network setting.",0,0,,,,,1781807449223,1781807449223
817,0x6df8a7d1d0dac1f5186300bd71e4b6b1bb44cfb893466b5449b2b052a9fa0dd9,"",client_test_01_router_b_alts,client-test-01,customer-test-01,0,"","",ARB/USD,82089852000000000,1781807403,failed,BuilderError,"Missing required environment variable: BLOCKFROST_PROJECT_ID_TESTNET. Active CARDANO_NETWORK requires the *_TESTNET variant of every per-network setting.",0,0,,,,,1781807449232,1781807449232
818,0xa2b735bded29c6eb8c0fc676061ada15a50e2601187ed796c37b9d7fc4879fc4,"",client_test_01_router_b_alts,client-test-01,customer-test-01,0,"","",SHIB/USD,4655514908750,1781807379,failed,BuilderError,"Missing required environment variable: BLOCKFROST_PROJECT_ID_TESTNET. Active CARDANO_NETWORK requires the *_TESTNET variant of every per-network setting.",0,0,,,,,1781807449246,1781807449246
819,0x651a6b4723acc862b4e7e7f2b61bd65285f876873e6d409812c950b69f09db7a,"",client_test_01_router_b_alts,client-test-01,customer-test-01,0,"","",NEIRO/USD,64706420900000,1781807406,failed,BuilderError,"Missing required environment variable: BLOCKFROST_PROJECT_ID_TESTNET. Active CARDANO_NETWORK requires the *_TESTNET variant of every per-network setting.",0,0,,,,,1781807449255,1781807449255
820,0xba3a397807b28b75cbe431d4d4bc7b7ab8bd1ed83fce3d6c47ce18d82a2165ae,"",client_test_01_router_b_alts,client-test-01,customer-test-01,0,"","",XVG/USD,2507882900503334,1781807416,failed,BuilderError,"Missing required environment variable: BLOCKFROST_PROJECT_ID_TESTNET. Active CARDANO_NETWORK requires the *_TESTNET variant of every per-network setting.",0,0,,,,,1781807449262,1781807449262
821,0x6c19f33499b6b655f38e7eb9bfd20f37c1c2d8f798f26bc09803b40dbcb154c3,"",client_test_01_router_a_majors,client-test-01,customer-test-01,0,"","",USDT/USD,998670000000000000,1781807419,failed,BuilderError,"Missing required environment variable: BLOCKFROST_PROJECT_ID_TESTNET. Active CARDANO_NETWORK requires the *_TESTNET variant of every per-network setting.",0,0,,,,,1781807449269,1781807449269
822,0x6c19f33499b6b655f38e7eb9bfd20f37c1c2d8f798f26bc09803b40dbcb154c3,"",client_test_01_router_a_majors,client-test-01,customer-test-01,0,"","",USDT/USD,998670000000000000,1781807419,failed,BuilderError,"Missing required environment variable: BLOCKFROST_PROJECT_ID_TESTNET. Active CARDANO_NETWORK requires the *_TESTNET variant of every per-network setting.",0,0,,,,,1781807464221,1781807464221
823,0x4896e303bbd42346cecc26163209d1c14798f5192d17e3d64dc41f5476c4578f,"",client_test_01_router_b_alts,client-test-01,customer-test-01,0,"","",SHIB/USD,4655752920000,1781807433,failed,BuilderError,"Missing required environment variable: BLOCKFROST_PROJECT_ID_TESTNET. Active CARDANO_NETWORK requires the *_TESTNET variant of every per-network setting.",0,0,,,,,1781807464226,1781807464226
824,0x651a6b4723acc862b4e7e7f2b61bd65285f876873e6d409812c950b69f09db7a,"",client_test_01_router_b_alts,client-test-01,customer-test-01,0,"","",NEIRO/USD,64706420900000,1781807406,failed,BuilderError,"Missing required environment variable: BLOCKFROST_PROJECT_ID_TESTNET. Active CARDANO_NETWORK requires the *_TESTNET variant of every per-network setting.",0,0,,,,,1781807464233,1781807464233
825,0xba3a397807b28b75cbe431d4d4bc7b7ab8bd1ed83fce3d6c47ce18d82a2165ae,"",client_test_01_router_b_alts,client-test-01,customer-test-01,0,"","",XVG/USD,2507882900503334,1781807416,failed,BuilderError,"Missing required environment variable: BLOCKFROST_PROJECT_ID_TESTNET. Active CARDANO_NETWORK requires the *_TESTNET variant of every per-network setting.",0,0,,,,,1781807464238,1781807464238
826,0xf6a5e6f64b618609df3617af85c44e2a92a05b4c47eabd5c85a54ba682da2e07,"",client_test_01_router_a_majors,client-test-01,customer-test-01,0,"","",DOGE/USD,82315777260000008,1781807432,failed,BuilderError,"Missing required environment variable: BLOCKFROST_PROJECT_ID_TESTNET. Active CARDANO_NETWORK requires the *_TESTNET variant of every per-network setting.",0,0,,,,,1781807464244,1781807464244
827,0xc087cd55ad2ea98c7eaf3a47ce4ebc276d12c7e74a21e9288b4180954c1df268,"",client_test_01_router_b_alts,client-test-01,customer-test-01,0,"","",ARB/USD,82089852000000000,1781807442,failed,BuilderError,"Missing required environment variable: BLOCKFROST_PROJECT_ID_TESTNET. Active CARDANO_NETWORK requires the *_TESTNET variant of every per-network setting.",0,0,,,,,1781807464252,1781807464252
828,0x420604a685f2f8c8261ad5e27d58aa9ec691dff13eb717798c060fe47471f6b3,"",client_test_01_router_b_alts,client-test-01,customer-test-01,0,"","",LTC/USD,43202464200000004096,1781807458,failed,BuilderError,"Missing required environment variable: BLOCKFROST_PROJECT_ID_TESTNET. Active CARDANO_NETWORK requires the *_TESTNET variant of every per-network setting.",0,0,,,,,1781807479283,1781807479283
829,0xf909517bc731e0b08a05f08207a80497ad61acf6e39422d5ae7770021fc08fee,"",client_test_01_router_b_alts,client-test-01,customer-test-01,0,"","",NEIRO/USD,64711252225000,1781807459,failed,BuilderError,"Missing required environment variable: BLOCKFROST_PROJECT_ID_TESTNET. Active CARDANO_NETWORK requires the *_TESTNET variant of every per-network setting.",0,0,,,,,1781807479291,1781807479291
830,0xe2a1f53ce1110d152b2494ace307d1e98bdfcb21fff299381c5bd103958e480b,"",client_test_01_router_a_majors,client-test-01,customer-test-01,0,"","",BTC/USD,62603222975150003585024,1781807460,failed,BuilderError,"Missing required environment variable: BLOCKFROST_PROJECT_ID_TESTNET. Active CARDANO_NETWORK requires the *_TESTNET variant of every per-network setting.",0,0,,,,,1781807479298,1781807479298
831,0xe4aa6ab19ca2483c883899179cd3ddc70cd87efbaa2a0f0548119f5c282453be,"",client_test_01_router_a_majors,client-test-01,customer-test-01,0,"","",ETH/USD,1678855634400000212992,1781807461,failed,BuilderError,"Missing required environment variable: BLOCKFROST_PROJECT_ID_TESTNET. Active CARDANO_NETWORK requires the *_TESTNET variant of every per-network setting.",0,0,,,,,1781807479305,1781807479305
832,0x6c19f33499b6b655f38e7eb9bfd20f37c1c2d8f798f26bc09803b40dbcb154c3,"",client_test_01_router_a_majors,client-test-01,customer-test-01,0,"","",USDT/USD,998670000000000000,1781807419,failed,BuilderError,"Missing required environment variable: BLOCKFROST_PROJECT_ID_TESTNET. Active CARDANO_NETWORK requires the *_TESTNET variant of every per-network setting.",0,0,,,,,1781807479309,1781807479309
833,0xc087cd55ad2ea98c7eaf3a47ce4ebc276d12c7e74a21e9288b4180954c1df268,"",client_test_01_router_b_alts,client-test-01,customer-test-01,0,"","",ARB/USD,82089852000000000,1781807442,failed,BuilderError,"Missing required environment variable: BLOCKFROST_PROJECT_ID_TESTNET. Active CARDANO_NETWORK requires the *_TESTNET variant of every per-network setting.",0,0,,,,,1781807479314,1781807479314
834,0xba3a397807b28b75cbe431d4d4bc7b7ab8bd1ed83fce3d6c47ce18d82a2165ae,"",client_test_01_router_b_alts,client-test-01,customer-test-01,0,"","",XVG/USD,2507882900503334,1781807416,failed,BuilderError,"Missing required environment variable: BLOCKFROST_PROJECT_ID_TESTNET. Active CARDANO_NETWORK requires the *_TESTNET variant of every per-network setting.",0,0,,,,,1781807479321,1781807479321
835,0xafb6569ecb9f02bd12f01979d8550d5e244a6b2e42fd62681fc0cb7822059026,"",client_test_01_router_a_majors,client-test-01,customer-test-01,0,"","",USDC/USD,999733559500000192,1781807468,failed,BuilderError,"Missing required environment variable: BLOCKFROST_PROJECT_ID_TESTNET. Active CARDANO_NETWORK requires the *_TESTNET variant of every per-network setting.",0,0,,,,,1781807494279,1781807494279
836,0xb3b825ccc421a9b07904552c43296390d6f6e648fb1c8cb4233efcb82cace355,"",client_test_01_router_b_alts,client-test-01,customer-test-01,0,"","",XVG/USD,2507882900503334,1781807470,failed,BuilderError,"Missing required environment variable: BLOCKFROST_PROJECT_ID_TESTNET. Active CARDANO_NETWORK requires the *_TESTNET variant of every per-network setting.",0,0,,,,,1781807494286,1781807494286
837,0x5e278304a6893c9434e442d7374a71a55d668e1ce318b042a238d5d278fecba0,"",client_test_01_router_a_majors,client-test-01,customer-test-01,0,"","",DOGE/USD,82324743175000008,1781807472,failed,BuilderError,"Missing required environment variable: BLOCKFROST_PROJECT_ID_TESTNET. Active CARDANO_NETWORK requires the *_TESTNET variant of every per-network setting.",0,0,,,,,1781807494291,1781807494291
838,0x2ca08415918c7b705fb0df6b3788a206fb7b59d3ad3febac3c3b789aa2184332,"",client_test_01_router_a_majors,client-test-01,customer-test-01,0,"","",USDT/USD,998670000000000000,1781807473,failed,BuilderError,"Missing required environment variable: BLOCKFROST_PROJECT_ID_TESTNET. Active CARDANO_NETWORK requires the *_TESTNET variant of every per-network setting.",0,0,,,,,1781807494297,1781807494297
839,0x58f8d562e6b33c8ce97a1bae01e9574d160826479a3f460b2f1973df7edd85bb,"",client_test_01_router_b_alts,client-test-01,customer-test-01,0,"","",SHIB/USD,4655776230000,1781807473,failed,BuilderError,"Missing required environment variable: BLOCKFROST_PROJECT_ID_TESTNET. Active CARDANO_NETWORK requires the *_TESTNET variant of every per-network setting.",0,0,,,,,1781807494302,1781807494302
840,0xe2a1f53ce1110d152b2494ace307d1e98bdfcb21fff299381c5bd103958e480b,"",client_test_02_router_default,client-test-02,customer-test-02,0,"","",BTC/USD,62603222975150003585024,1781807460,failed,BuilderError,"Missing required environment variable: BLOCKFROST_PROJECT_ID_TESTNET. Active CARDANO_NETWORK requires the *_TESTNET variant of every per-network setting.",0,0,,,,,1781807506681,1781807506681
841,0xe2a1f53ce1110d152b2494ace307d1e98bdfcb21fff299381c5bd103958e480b,"",client_test_01_router_a_majors,client-test-01,customer-test-01,0,"","",BTC/USD,62603222975150003585024,1781807460,failed,BuilderError,"Missing required environment variable: BLOCKFROST_PROJECT_ID_TESTNET. Active CARDANO_NETWORK requires the *_TESTNET variant of every per-network setting.",0,0,,,,,1781807509333,1781807509333
842,0xe4aa6ab19ca2483c883899179cd3ddc70cd87efbaa2a0f0548119f5c282453be,"",client_test_01_router_a_majors,client-test-01,customer-test-01,0,"","",ETH/USD,1678855634400000212992,1781807461,failed,BuilderError,"Missing required environment variable: BLOCKFROST_PROJECT_ID_TESTNET. Active CARDANO_NETWORK requires the *_TESTNET variant of every per-network setting.",0,0,,,,,1781807509340,1781807509340
843,0xafb6569ecb9f02bd12f01979d8550d5e244a6b2e42fd62681fc0cb7822059026,"",client_test_01_router_a_majors,client-test-01,customer-test-01,0,"","",USDC/USD,999733559500000192,1781807468,failed,BuilderError,"Missing required environment variable: BLOCKFROST_PROJECT_ID_TESTNET. Active CARDANO_NETWORK requires the *_TESTNET variant of every per-network setting.",0,0,,,,,1781807509348,1781807509348
844,0x5e278304a6893c9434e442d7374a71a55d668e1ce318b042a238d5d278fecba0,"",client_test_01_router_a_majors,client-test-01,customer-test-01,0,"","",DOGE/USD,82324743175000008,1781807472,failed,BuilderError,"Missing required environment variable: BLOCKFROST_PROJECT_ID_TESTNET. Active CARDANO_NETWORK requires the *_TESTNET variant of every per-network setting.",0,0,,,,,1781807509356,1781807509356
845,0x420604a685f2f8c8261ad5e27d58aa9ec691dff13eb717798c060fe47471f6b3,"",client_test_01_router_b_alts,client-test-01,customer-test-01,0,"","",LTC/USD,43202464200000004096,1781807458,failed,BuilderError,"Missing required environment variable: BLOCKFROST_PROJECT_ID_TESTNET. Active CARDANO_NETWORK requires the *_TESTNET variant of every per-network setting.",0,0,,,,,1781807509363,1781807509363
846,0xc087cd55ad2ea98c7eaf3a47ce4ebc276d12c7e74a21e9288b4180954c1df268,"",client_test_01_router_b_alts,client-test-01,customer-test-01,0,"","",ARB/USD,82089852000000000,1781807442,failed,BuilderError,"Missing required environment variable: BLOCKFROST_PROJECT_ID_TESTNET. Active CARDANO_NETWORK requires the *_TESTNET variant of every per-network setting.",0,0,,,,,1781807509371,1781807509371
847,0x58f8d562e6b33c8ce97a1bae01e9574d160826479a3f460b2f1973df7edd85bb,"",client_test_01_router_b_alts,client-test-01,customer-test-01,0,"","",SHIB/USD,4655776230000,1781807473,failed,BuilderError,"Missing required environment variable: BLOCKFROST_PROJECT_ID_TESTNET. Active CARDANO_NETWORK requires the *_TESTNET variant of every per-network setting.",0,0,,,,,1781807509378,1781807509378
848,0xe2a1f53ce1110d152b2494ace307d1e98bdfcb21fff299381c5bd103958e480b,"",client_test_02_router_default,client-test-02,customer-test-02,0,"","",BTC/USD,62603222975150003585024,1781807460,failed,BuilderError,"Missing required environment variable: BLOCKFROST_PROJECT_ID_TESTNET. Active CARDANO_NETWORK requires the *_TESTNET variant of every per-network setting.",0,0,,,,,1781807521652,1781807521652
849,0xaa99ba5804be3300e28749116936033c0f38406892a513a1a9eccc1a754b3ca6,"",client_test_01_router_b_alts,client-test-01,customer-test-01,0,"","",ARB/USD,82089852000000000,1781807497,failed,BuilderError,"Missing required environment variable: BLOCKFROST_PROJECT_ID_TESTNET. Active CARDANO_NETWORK requires the *_TESTNET variant of every per-network setting.",0,0,,,,,1781807524335,1781807524335
850,0xc1163be243731f68f5c831ba082cef0e3ac8ce4cb7bec7a216fbc7d7d6ebf991,"",client_test_01_router_b_alts,client-test-01,customer-test-01,0,"","",NEIRO/USD,64713330000000,1781807501,failed,BuilderError,"Missing required environment variable: BLOCKFROST_PROJECT_ID_TESTNET. Active CARDANO_NETWORK requires the *_TESTNET variant of every per-network setting.",0,0,,,,,1781807524342,1781807524342
851,0x8b8888ffcf94ec73d59d3c2988b243bd11fc45572f04a8af92af27af41789c77,"",client_test_02_router_default,client-test-02,customer-test-02,0,"","",BTC/USD,62607692369656310398976,1781807514,failed,BuilderError,"Missing required environment variable: BLOCKFROST_PROJECT_ID_TESTNET. Active CARDANO_NETWORK requires the *_TESTNET variant of every per-network setting.",0,0,,,,,1781807536697,1781807536697
852,0xa7d0c4fd0e189413bebff2a369743197a8c789455d9fe8d4be17118d9788da57,"",client_test_01_router_b_alts,client-test-01,customer-test-01,0,"","",XVG/USD,2507882900503334,1781807511,failed,BuilderError,"Missing required environment variable: BLOCKFROST_PROJECT_ID_TESTNET. Active CARDANO_NETWORK requires the *_TESTNET variant of every per-network setting.",0,0,,,,,1781807539378,1781807539378
853,0xaf811883108ac5cbc61b6816ef87f6e11299495c1e7f5f9374aaeb85b81c7973,"",client_test_01_router_b_alts,client-test-01,customer-test-01,0,"","",LTC/USD,43202497050000003072,1781807513,failed,BuilderError,"Missing required environment variable: BLOCKFROST_PROJECT_ID_TESTNET. Active CARDANO_NETWORK requires the *_TESTNET variant of every per-network setting.",0,0,,,,,1781807539387,1781807539387
854,0xcc1df013ab392006618dcbca612f2c8903dcf9b406f1627f285af4e3e607d803,"",client_test_01_router_a_majors,client-test-01,customer-test-01,0,"","",USDT/USD,998670000000000000,1781807513,failed,BuilderError,"Missing required environment variable: BLOCKFROST_PROJECT_ID_TESTNET. Active CARDANO_NETWORK requires the *_TESTNET variant of every per-network setting.",0,0,,,,,1781807539393,1781807539393
855,0x8b8888ffcf94ec73d59d3c2988b243bd11fc45572f04a8af92af27af41789c77,"",client_test_01_router_a_majors,client-test-01,customer-test-01,0,"","",BTC/USD,62607692369656310398976,1781807514,failed,BuilderError,"Missing required environment variable: BLOCKFROST_PROJECT_ID_TESTNET. Active CARDANO_NETWORK requires the *_TESTNET variant of every per-network setting.",0,0,,,,,1781807539402,1781807539402
856,0x2a74e89e2a2ad0cffeb5cacca54637a6f0b0889dc2579a3cf356fff5d92a63e2,"",client_test_01_router_a_majors,client-test-01,customer-test-01,0,"","",ETH/USD,1678887572170462199808,1781807515,failed,BuilderError,"Missing required environment variable: BLOCKFROST_PROJECT_ID_TESTNET. Active CARDANO_NETWORK requires the *_TESTNET variant of every per-network setting.",0,0,,,,,1781807539410,1781807539410
857,0xb5b37ea0a2c5d5d206ca9191984809418414681928f62b910e6c0827152c8e28,"",client_test_01_router_a_majors,client-test-01,customer-test-01,0,"","",USDC/USD,999728996500000064,1781807521,failed,BuilderError,"Missing required environment variable: BLOCKFROST_PROJECT_ID_TESTNET. Active CARDANO_NETWORK requires the *_TESTNET variant of every per-network setting.",0,0,,,,,1781807539418,1781807539418
858,0x5e278304a6893c9434e442d7374a71a55d668e1ce318b042a238d5d278fecba0,"",client_test_01_router_a_majors,client-test-01,customer-test-01,0,"","",DOGE/USD,82324743175000008,1781807472,failed,BuilderError,"Missing required environment variable: BLOCKFROST_PROJECT_ID_TESTNET. Active CARDANO_NETWORK requires the *_TESTNET variant of every per-network setting.",0,0,,,,,1781807539425,1781807539425
859,0x58f8d562e6b33c8ce97a1bae01e9574d160826479a3f460b2f1973df7edd85bb,"",client_test_01_router_b_alts,client-test-01,customer-test-01,0,"","",SHIB/USD,4655776230000,1781807473,failed,BuilderError,"Missing required environment variable: BLOCKFROST_PROJECT_ID_TESTNET. Active CARDANO_NETWORK requires the *_TESTNET variant of every per-network setting.",0,0,,,,,1781807539434,1781807539434
860,0xc1163be243731f68f5c831ba082cef0e3ac8ce4cb7bec7a216fbc7d7d6ebf991,"",client_test_01_router_b_alts,client-test-01,customer-test-01,0,"","",NEIRO/USD,64713330000000,1781807501,failed,BuilderError,"Missing required environment variable: BLOCKFROST_PROJECT_ID_TESTNET. Active CARDANO_NETWORK requires the *_TESTNET variant of every per-network setting.",0,0,,,,,1781807539442,1781807539442
861,0x723508fe5532c535f3ddc19fa085f124af9ecf5d85edfa8ea0d4407a3d404647,"",client_test_01_router_a_majors,client-test-01,customer-test-01,0,"","",DOGE/USD,82333413843149048,1781807526,failed,BuilderError,"Missing required environment variable: BLOCKFROST_PROJECT_ID_TESTNET. Active CARDANO_NETWORK requires the *_TESTNET variant of every per-network setting.",0,0,,,,,1781807554395,1781807554395
862,0x40529b201c5e035cc10520a224195b1d7662fca77a5a006000dfa0146a7ace32,"",client_test_01_router_b_alts,client-test-01,customer-test-01,0,"","",SHIB/USD,4656002189114,1781807527,failed,BuilderError,"Missing required environment variable: BLOCKFROST_PROJECT_ID_TESTNET. Active CARDANO_NETWORK requires the *_TESTNET variant of every per-network setting.",0,0,,,,,1781807554402,1781807554402
863,0xd357c477c6c68ca98e370eaa65e7c27895dc23c450b3af65de072b619ca8d675,"",client_test_01_router_b_alts,client-test-01,customer-test-01,0,"","",ARB/USD,82091701500000000,1781807536,failed,BuilderError,"Missing required environment variable: BLOCKFROST_PROJECT_ID_TESTNET. Active CARDANO_NETWORK requires the *_TESTNET variant of every per-network setting.",0,0,,,,,1781807554409,1781807554409
864,0xcc1df013ab392006618dcbca612f2c8903dcf9b406f1627f285af4e3e607d803,"",client_test_01_router_a_majors,client-test-01,customer-test-01,0,"","",USDT/USD,998670000000000000,1781807513,failed,BuilderError,"Missing required environment variable: BLOCKFROST_PROJECT_ID_TESTNET. Active CARDANO_NETWORK requires the *_TESTNET variant of every per-network setting.",0,0,,,,,1781807569438,1781807569438
865,0xd357c477c6c68ca98e370eaa65e7c27895dc23c450b3af65de072b619ca8d675,"",client_test_01_router_b_alts,client-test-01,customer-test-01,0,"","",ARB/USD,82091701500000000,1781807536,failed,BuilderError,"Missing required environment variable: BLOCKFROST_PROJECT_ID_TESTNET. Active CARDANO_NETWORK requires the *_TESTNET variant of every per-network setting.",0,0,,,,,1781807569450,1781807569450
866,0xc1163be243731f68f5c831ba082cef0e3ac8ce4cb7bec7a216fbc7d7d6ebf991,"",client_test_01_router_b_alts,client-test-01,customer-test-01,0,"","",NEIRO/USD,64713330000000,1781807501,failed,BuilderError,"Missing required environment variable: BLOCKFROST_PROJECT_ID_TESTNET. Active CARDANO_NETWORK requires the *_TESTNET variant of every per-network setting.",0,0,,,,,1781807569460,1781807569460
867,0xa7d0c4fd0e189413bebff2a369743197a8c789455d9fe8d4be17118d9788da57,"",client_test_01_router_b_alts,client-test-01,customer-test-01,0,"","",XVG/USD,2507882900503334,1781807511,failed,BuilderError,"Missing required environment variable: BLOCKFROST_PROJECT_ID_TESTNET. Active CARDANO_NETWORK requires the *_TESTNET variant of every per-network setting.",0,0,,,,,1781807569467,1781807569467
868,0x82974274a7cf52434a7cf2b4cb66bbdcf9792210daa0f59fea51d9b2ecd77cbf,"",client_test_01_router_b_alts,client-test-01,customer-test-01,0,"","",LTC/USD,43202929650000003072,1781807553,failed,BuilderError,"Missing required environment variable: BLOCKFROST_PROJECT_ID_TESTNET. Active CARDANO_NETWORK requires the *_TESTNET variant of every per-network setting.",0,0,,,,,1781807584428,1781807584428
869,0x0dabf24878f3af54dc9ba5f93808aa7814dc45e32b47c694fedae64667d8c515,"",client_test_01_router_b_alts,client-test-01,customer-test-01,0,"","",NEIRO/USD,64718161300000,1781807553,failed,BuilderError,"Missing required environment variable: BLOCKFROST_PROJECT_ID_TESTNET. Active CARDANO_NETWORK requires the *_TESTNET variant of every per-network setting.",0,0,,,,,1781807584434,1781807584434
870,0x93d4e193618057de9a06c57aa32e405ec9042f67c931bb049167df38d3b68a32,"",client_test_01_router_a_majors,client-test-01,customer-test-01,0,"","",BTC/USD,62609858401031310802944,1781807554,failed,BuilderError,"Missing required environment variable: BLOCKFROST_PROJECT_ID_TESTNET. Active CARDANO_NETWORK requires the *_TESTNET variant of every per-network setting.",0,0,,,,,1781807584440,1781807584440
871,0x846f0743f0c5b898e2a993992ad5743ef3cb8c57b94c840e53910315ef3a4347,"",client_test_01_router_a_majors,client-test-01,customer-test-01,0,"","",ETH/USD,1678892514050000158720,1781807556,failed,BuilderError,"Missing required environment variable: BLOCKFROST_PROJECT_ID_TESTNET. Active CARDANO_NETWORK requires the *_TESTNET variant of every per-network setting.",0,0,,,,,1781807584446,1781807584446
872,0xdd8e43a7fc23f494c7e8cb189dad5f440bf3a272f8426e27b64661069529f478,"",client_test_01_router_a_majors,client-test-01,customer-test-01,0,"","",USDC/USD,999728996500000064,1781807562,failed,BuilderError,"Missing required environment variable: BLOCKFROST_PROJECT_ID_TESTNET. Active CARDANO_NETWORK requires the *_TESTNET variant of every per-network setting.",0,0,,,,,1781807584451,1781807584451
873,0x60921fe4c2838dae2715080ec351438a26863871526b95ea5d10832e97c7b28b,"",client_test_01_router_b_alts,client-test-01,customer-test-01,0,"","",XVG/USD,2507882900503334,1781807564,failed,BuilderError,"Missing required environment variable: BLOCKFROST_PROJECT_ID_TESTNET. Active CARDANO_NETWORK requires the *_TESTNET variant of every per-network setting.",0,0,,,,,1781807584460,1781807584460
874,0xc5f7e1c4321ad3360489df26e53f76fdef9c27504a207345f50316b0dbd02af0,"",client_test_01_router_a_majors,client-test-01,customer-test-01,0,"","",DOGE/USD,82335760300000008,1781807566,failed,BuilderError,"Missing required environment variable: BLOCKFROST_PROJECT_ID_TESTNET. Active CARDANO_NETWORK requires the *_TESTNET variant of every per-network setting.",0,0,,,,,1781807584466,1781807584466
875,0x437c40296ee8967affac47b418110f9950aee129e6ffdac5b960ac1188f7692d,"",client_test_01_router_a_majors,client-test-01,customer-test-01,0,"","",USDT/USD,998670000000000000,1781807566,failed,BuilderError,"Missing required environment variable: BLOCKFROST_PROJECT_ID_TESTNET. Active CARDANO_NETWORK requires the *_TESTNET variant of every per-network setting.",0,0,,,,,1781807584471,1781807584471
876,0x7af19246dbed0733406cc117884090c06f06849e6325f856938e5e2542ca863c,"",client_test_01_router_b_alts,client-test-01,customer-test-01,0,"","",SHIB/USD,4656338349114,1781807567,failed,BuilderError,"Missing required environment variable: BLOCKFROST_PROJECT_ID_TESTNET. Active CARDANO_NETWORK requires the *_TESTNET variant of every per-network setting.",0,0,,,,,1781807584476,1781807584476
877,0x93d4e193618057de9a06c57aa32e405ec9042f67c931bb049167df38d3b68a32,"",client_test_01_router_a_majors,client-test-01,customer-test-01,0,"","",BTC/USD,62609858401031310802944,1781807554,failed,BuilderError,"Missing required environment variable: BLOCKFROST_PROJECT_ID_TESTNET. Active CARDANO_NETWORK requires the *_TESTNET variant of every per-network setting.",0,0,,,,,1781807599522,1781807599522
878,0x846f0743f0c5b898e2a993992ad5743ef3cb8c57b94c840e53910315ef3a4347,"",client_test_01_router_a_majors,client-test-01,customer-test-01,0,"","",ETH/USD,1678892514050000158720,1781807556,failed,BuilderError,"Missing required environment variable: BLOCKFROST_PROJECT_ID_TESTNET. Active CARDANO_NETWORK requires the *_TESTNET variant of every per-network setting.",0,0,,,,,1781807599529,1781807599529
879,0xdd8e43a7fc23f494c7e8cb189dad5f440bf3a272f8426e27b64661069529f478,"",client_test_01_router_a_majors,client-test-01,customer-test-01,0,"","",USDC/USD,999728996500000064,1781807562,failed,BuilderError,"Missing required environment variable: BLOCKFROST_PROJECT_ID_TESTNET. Active CARDANO_NETWORK requires the *_TESTNET variant of every per-network setting.",0,0,,,,,1781807599537,1781807599537
880,0xc5f7e1c4321ad3360489df26e53f76fdef9c27504a207345f50316b0dbd02af0,"",client_test_01_router_a_majors,client-test-01,customer-test-01,0,"","",DOGE/USD,82335760300000008,1781807566,failed,BuilderError,"Missing required environment variable: BLOCKFROST_PROJECT_ID_TESTNET. Active CARDANO_NETWORK requires the *_TESTNET variant of every per-network setting.",0,0,,,,,1781807599544,1781807599544
881,0x82974274a7cf52434a7cf2b4cb66bbdcf9792210daa0f59fea51d9b2ecd77cbf,"",client_test_01_router_b_alts,client-test-01,customer-test-01,0,"","",LTC/USD,43202929650000003072,1781807553,failed,BuilderError,"Missing required environment variable: BLOCKFROST_PROJECT_ID_TESTNET. Active CARDANO_NETWORK requires the *_TESTNET variant of every per-network setting.",0,0,,,,,1781807599558,1781807599558
882,0xd357c477c6c68ca98e370eaa65e7c27895dc23c450b3af65de072b619ca8d675,"",client_test_01_router_b_alts,client-test-01,customer-test-01,0,"","",ARB/USD,82091701500000000,1781807536,failed,BuilderError,"Missing required environment variable: BLOCKFROST_PROJECT_ID_TESTNET. Active CARDANO_NETWORK requires the *_TESTNET variant of every per-network setting.",0,0,,,,,1781807599573,1781807599573
883,0x7af19246dbed0733406cc117884090c06f06849e6325f856938e5e2542ca863c,"",client_test_01_router_b_alts,client-test-01,customer-test-01,0,"","",SHIB/USD,4656338349114,1781807567,failed,BuilderError,"Missing required environment variable: BLOCKFROST_PROJECT_ID_TESTNET. Active CARDANO_NETWORK requires the *_TESTNET variant of every per-network setting.",0,0,,,,,1781807599522,1781807599522
884,0x93d4e193618057de9a06c57aa32e405ec9042f67c931bb049167df38d3b68a32,"",client_test_02_router_default,client-test-02,customer-test-02,0,"","",BTC/USD,62609858401031310802944,1781807554,failed,BuilderError,"Missing required environment variable: BLOCKFROST_PROJECT_ID_TESTNET. Active CARDANO_NETWORK requires the *_TESTNET variant of every per-network setting.",0,0,,,,,1781807601490,1781807601490
885,0x3d8af02cee4e16c85cb0fd0abb05777c849def3259e731ce40b6c0ce1b05145e,"",client_test_01_router_b_alts,client-test-01,customer-test-01,0,"","",ARB/USD,82096499000000016,1781807589,failed,BuilderError,"Missing required environment variable: BLOCKFROST_PROJECT_ID_TESTNET. Active CARDANO_NETWORK requires the *_TESTNET variant of every per-network setting.",0,0,,,,,1781807614552,1781807614552
886,0x9426d4f47e9ca347a7c5a271bc7a709e87a8683c2bf0b225bfaff45d9942501e,"",client_test_01_router_b_alts,client-test-01,customer-test-01,0,"","",NEIRO/USD,64718485350000,1781807593,failed,BuilderError,"Missing required environment variable: BLOCKFROST_PROJECT_ID_TESTNET. Active CARDANO_NETWORK requires the *_TESTNET variant of every per-network setting.",0,0,,,,,1781807614557,1781807614557
887,0x757dc2d276e3a02eb4ddbab617d46f7978f95500105d388791f9def60de0cce2,"",client_test_01_router_b_alts,client-test-01,customer-test-01,0,"","",XVG/USD,2507886360000000,1781807603,failed,BuilderError,"Missing required environment variable: BLOCKFROST_PROJECT_ID_TESTNET. Active CARDANO_NETWORK requires the *_TESTNET variant of every per-network setting.",0,0,,,,,1781807629526,1781807629526
888,0xeac559c468cc59192c3501fce54105065040af510fa358f6d4ac8cb64082500e,"",client_test_01_router_b_alts,client-test-01,customer-test-01,0,"","",LTC/USD,43204086450000003072,1781807605,failed,BuilderError,"Missing required environment variable: BLOCKFROST_PROJECT_ID_TESTNET. Active CARDANO_NETWORK requires the *_TESTNET variant of every per-network setting.",0,0,,,,,1781807629533,1781807629533
889,0xa5489f87dc28a75489db194bb94f7391dd7a6add9cd3319cadffa58c64a5b86f,"",client_test_01_router_a_majors,client-test-01,customer-test-01,0,"","",USDT/USD,998670000000000000,1781807606,failed,BuilderError,"Missing required environment variable: BLOCKFROST_PROJECT_ID_TESTNET. Active CARDANO_NETWORK requires the *_TESTNET variant of every per-network setting.",0,0,,,,,1781807629540,1781807629540
890,0x6f6c2b08fdd0c9ce74af65a638732b3d77d0d9d598a28aa80e6a9f9e0a0902b9,"",client_test_01_router_a_majors,client-test-01,customer-test-01,0,"","",BTC/USD,62611413130500007526400,1781807606,failed,BuilderError,"Missing required environment variable: BLOCKFROST_PROJECT_ID_TESTNET. Active CARDANO_NETWORK requires the *_TESTNET variant of every per-network setting.",0,0,,,,,1781807629547,1781807629547
891,0xac7117f19a4bf7b326af03f30e517b46f34d46981a5947bd186877f2d76e4d26,"",client_test_01_router_a_majors,client-test-01,customer-test-01,0,"","",ETH/USD,1678922941463492296704,1781807608,failed,BuilderError,"Missing required environment variable: BLOCKFROST_PROJECT_ID_TESTNET. Active CARDANO_NETWORK requires the *_TESTNET variant of every per-network setting.",0,0,,,,,1781807629552,1781807629552
892,0xdd8e43a7fc23f494c7e8cb189dad5f440bf3a272f8426e27b64661069529f478,"",client_test_01_router_a_majors,client-test-01,customer-test-01,0,"","",USDC/USD,999728996500000064,1781807562,failed,BuilderError,"Missing required environment variable: BLOCKFROST_PROJECT_ID_TESTNET. Active CARDANO_NETWORK requires the *_TESTNET variant of every per-network setting.",0,0,,,,,1781807629557,1781807629557
893,0xc5f7e1c4321ad3360489df26e53f76fdef9c27504a207345f50316b0dbd02af0,"",client_test_01_router_a_majors,client-test-01,customer-test-01,0,"","",DOGE/USD,82335760300000008,1781807566,failed,BuilderError,"Missing required environment variable: BLOCKFROST_PROJECT_ID_TESTNET. Active CARDANO_NETWORK requires the *_TESTNET variant of every per-network setting.",0,0,,,,,1781807629565,1781807629565
894,0x7af19246dbed0733406cc117884090c06f06849e6325f856938e5e2542ca863c,"",client_test_01_router_b_alts,client-test-01,customer-test-01,0,"","",SHIB/USD,4656338349114,1781807567,failed,BuilderError,"Missing required environment variable: BLOCKFROST_PROJECT_ID_TESTNET. Active CARDANO_NETWORK requires the *_TESTNET variant of every per-network setting.",0,0,,,,,1781807629572,1781807629572
895,0x9426d4f47e9ca347a7c5a271bc7a709e87a8683c2bf0b225bfaff45d9942501e,"",client_test_01_router_b_alts,client-test-01,customer-test-01,0,"","",NEIRO/USD,64718485350000,1781807593,failed,BuilderError,"Missing required environment variable: BLOCKFROST_PROJECT_ID_TESTNET. Active CARDANO_NETWORK requires the *_TESTNET variant of every per-network setting.",0,0,,,,,1781807629580,1781807629580
896,0x017a82511adff08b880b60b2f7dcdb021d7250d1d49d14f2a65d447efb5df501,"",client_test_01_router_a_majors,client-test-01,customer-test-01,0,"","",USDC/USD,999728590200000128,1781807614,failed,BuilderError,"Missing required environment variable: BLOCKFROST_PROJECT_ID_TESTNET. Active CARDANO_NETWORK requires the *_TESTNET variant of every per-network setting.",0,0,,,,,1781807644605,1781807644605
897,0x2fba6aa9b698dc96d1e125ff62eb0b6e806fa9af3ea8be97f7604556c95e8207,"",client_test_01_router_a_majors,client-test-01,customer-test-01,0,"","",DOGE/USD,82339517000000000,1781807618,failed,BuilderError,"Missing required environment variable: BLOCKFROST_PROJECT_ID_TESTNET. Active CARDANO_NETWORK requires the *_TESTNET variant of every per-network setting.",0,0,,,,,1781807644613,1781807644613
898,0xec557562aaafc031b468e564eb443e1f18a8f3b603d4d1b54af68c528c64f89f,"",client_test_01_router_b_alts,client-test-01,customer-test-01,0,"","",SHIB/USD,4656751580000,1781807619,failed,BuilderError,"Missing required environment variable: BLOCKFROST_PROJECT_ID_TESTNET. Active CARDANO_NETWORK requires the *_TESTNET variant of every per-network setting.",0,0,,,,,1781807644619,1781807644619
899,0x6f6c2b08fdd0c9ce74af65a638732b3d77d0d9d598a28aa80e6a9f9e0a0902b9,"",client_test_02_router_default,client-test-02,customer-test-02,0,"","",BTC/USD,62611413130500007526400,1781807606,failed,BuilderError,"Missing required environment variable: BLOCKFROST_PROJECT_ID_TESTNET. Active CARDANO_NETWORK requires the *_TESTNET variant of every per-network setting.",0,0,,,,,1781807653617,1781807653617
900,0x8b200a05a07c83f3781f6de59c5a3a075bf1f14835fb461743f0ebbecf198099,"",client_test_01_router_b_alts,client-test-01,customer-test-01,0,"","",ARB/USD,82098548750024728,1781807628,failed,BuilderError,"Missing required environment variable: BLOCKFROST_PROJECT_ID_TESTNET. Active CARDANO_NETWORK requires the *_TESTNET variant of every per-network setting.",0,0,,,,,1781807659569,1781807659569
901,0xa5489f87dc28a75489db194bb94f7391dd7a6add9cd3319cadffa58c64a5b86f,"",client_test_01_router_a_majors,client-test-01,customer-test-01,0,"","",USDT/USD,998670000000000000,1781807606,failed,BuilderError,"Missing required environment variable: BLOCKFROST_PROJECT_ID_TESTNET. Active CARDANO_NETWORK requires the *_TESTNET variant of every per-network setting.",0,0,,,,,1781807659576,1781807659576
902,0x9426d4f47e9ca347a7c5a271bc7a709e87a8683c2bf0b225bfaff45d9942501e,"",client_test_01_router_b_alts,client-test-01,customer-test-01,0,"","",NEIRO/USD,64718485350000,1781807593,failed,BuilderError,"Missing required environment variable: BLOCKFROST_PROJECT_ID_TESTNET. Active CARDANO_NETWORK requires the *_TESTNET variant of every per-network setting.",0,0,,,,,1781807659582,1781807659582
903,0x757dc2d276e3a02eb4ddbab617d46f7978f95500105d388791f9def60de0cce2,"",client_test_01_router_b_alts,client-test-01,customer-test-01,0,"","",XVG/USD,2507886360000000,1781807603,failed,BuilderError,"Missing required environment variable: BLOCKFROST_PROJECT_ID_TESTNET. Active CARDANO_NETWORK requires the *_TESTNET variant of every per-network setting.",0,0,,,,,1781807659589,1781807659589
904,0x1b7cf060695c1ebd96eb4e08fbe4311024fd64b06dabebf7d7881153cc1cdd1a,"",client_test_02_router_default,client-test-02,customer-test-02,0,"","",BTC/USD,62614021874900006862848,1781807645,failed,BuilderError,"Missing required environment variable: BLOCKFROST_PROJECT_ID_TESTNET. Active CARDANO_NETWORK requires the *_TESTNET variant of every per-network setting.",0,0,,,,,1781807668593,1781807668593
905,0xf08836c4cb91e3b48b1eb46801f9e7eaccc5884d6677b97f66bac3e2d3024b49,"",client_test_01_router_b_alts,client-test-01,customer-test-01,0,"","",LTC/USD,43209459918750003200,1781807643,failed,BuilderError,"Missing required environment variable: BLOCKFROST_PROJECT_ID_TESTNET. Active CARDANO_NETWORK requires the *_TESTNET variant of every per-network setting.",0,0,,,,,1781807674618,1781807674618
906,0xd2553e0d98dd7ed28f9bded831ece004460bf5d331bc4237de0bcb8ca9360a29,"",client_test_01_router_b_alts,client-test-01,customer-test-01,0,"","",NEIRO/USD,64734297033889,1781807643,failed,BuilderError,"Missing required environment variable: BLOCKFROST_PROJECT_ID_TESTNET. Active CARDANO_NETWORK requires the *_TESTNET variant of every per-network setting.",0,0,,,,,1781807674629,1781807674629
907,0x1b7cf060695c1ebd96eb4e08fbe4311024fd64b06dabebf7d7881153cc1cdd1a,"",client_test_01_router_a_majors,client-test-01,customer-test-01,0,"","",BTC/USD,62614021874900006862848,1781807645,failed,BuilderError,"Missing required environment variable: BLOCKFROST_PROJECT_ID_TESTNET. Active CARDANO_NETWORK requires the *_TESTNET variant of every per-network setting.",0,0,,,,,1781807674639,1781807674639
908,0xd2a2474997e0db350a5eef6995e7a27ae2428dd347869053ca7dfc4b09db9033,"",client_test_01_router_a_majors,client-test-01,customer-test-01,0,"","",ETH/USD,1679072677764296212480,1781807646,failed,BuilderError,"Missing required environment variable: BLOCKFROST_PROJECT_ID_TESTNET. Active CARDANO_NETWORK requires the *_TESTNET variant of every per-network setting.",0,0,,,,,1781807674650,1781807674650
909,0x2ff3c3ef5a49b0580af78d82516a93de70951e9a93c046c2eeaf8d8ecc85ac37,"",client_test_01_router_a_majors,client-test-01,customer-test-01,0,"","",USDC/USD,999728590200000128,1781807652,failed,BuilderError,"Missing required environment variable: BLOCKFROST_PROJECT_ID_TESTNET. Active CARDANO_NETWORK requires the *_TESTNET variant of every per-network setting.",0,0,,,,,1781807674658,1781807674658
910,0x6a183a0126fa66a4725104759f2ce843deaa2107aa30b793c068de5baea2824b,"",client_test_01_router_b_alts,client-test-01,customer-test-01,0,"","",XVG/USD,2507886360000000,1781807654,failed,BuilderError,"Missing required environment variable: BLOCKFROST_PROJECT_ID_TESTNET. Active CARDANO_NETWORK requires the *_TESTNET variant of every per-network setting.",0,0,,,,,1781807674667,1781807674667
911,0x2b1d9e2f7381652e5b012f60b1c3cbbbafb5c99c3d09d5ebc526be2c4ae168b0,"",client_test_01_router_a_majors,client-test-01,customer-test-01,0,"","",DOGE/USD,82339517000000000,1781807656,failed,BuilderError,"Missing required environment variable: BLOCKFROST_PROJECT_ID_TESTNET. Active CARDANO_NETWORK requires the *_TESTNET variant of every per-network setting.",0,0,,,,,1781807674676,1781807674676
912,0x03e362059611b6b07e1ce458c42edc7e017a67882f5fc1add783172223b75c20,"",client_test_01_router_a_majors,client-test-01,customer-test-01,0,"","",USDT/USD,998670000000000000,1781807657,failed,BuilderError,"Missing required environment variable: BLOCKFROST_PROJECT_ID_TESTNET. Active CARDANO_NETWORK requires the *_TESTNET variant of every per-network setting.",0,0,,,,,1781807674683,1781807674683
913,0x939db2f73e66e61b136f31217c169b4af2a2f1b33bf408c7b415b0831968e568,"",client_test_01_router_b_alts,client-test-01,customer-test-01,0,"","",SHIB/USD,4656813685000,1781807657,failed,BuilderError,"Missing required environment variable: BLOCKFROST_PROJECT_ID_TESTNET. Active CARDANO_NETWORK requires the *_TESTNET variant of every per-network setting.",0,0,,,,,1781807674689,1781807674689
914,0x6a83862dffcef84251e5d8fdd095def675bb17074c1a3371341ddf0224eb8f9a,"",client_test_02_router_default,client-test-02,customer-test-02,0,"","",BTC/USD,62614735318914592407552,1781807696,failed,NonMonotonicNonce,"Oracle intent nonce must be greater than the current on-chain nonce; intent superseded, not submitted.",0,0,,,,,1781807733452,1781807733452
915,0x5aa72fde511b65738fcc9b8d91bc8ab1227be379683655aa93110ea37ebda639,7ae8d832c39bb6a6c2686ce040d98edad4287076631a5788d2173407330a96d6,client_test_01_router_b_alts,client-test-01,customer-test-01,0,"","",LTC/USD,"",0,failed,CrashRecovery,"daemon restarted with submitted transaction awaiting confirmation",0,0,,,1781807741063,,1781818310768,1781807741063
916,0x944ab6957bd95d19cac5ef5a06788073b6c02dce05886ba5fd794460b1784d8e,7ae8d832c39bb6a6c2686ce040d98edad4287076631a5788d2173407330a96d6,client_test_01_router_b_alts,client-test-01,customer-test-01,0,"","",XVG/USD,"",0,confirmed,,,0,0,,,1781807741073,1781807808025,,1781807741073
917,0x7662c44450030cfd60abc3b05dc3eefb95ed99979e549d730cfa63273f58689d,7ae8d832c39bb6a6c2686ce040d98edad4287076631a5788d2173407330a96d6,client_test_01_router_b_alts,client-test-01,customer-test-01,0,"","",SHIB/USD,"",0,failed,CrashRecovery,"daemon restarted with submitted transaction awaiting confirmation",0,0,,,1781807741078,,1781818310765,1781807741078
918,0xeca95529b416de66823363c3dbb4f17111ec299f2a7e4626d475b80121209865,7ae8d832c39bb6a6c2686ce040d98edad4287076631a5788d2173407330a96d6,client_test_01_router_b_alts,client-test-01,customer-test-01,0,"","",ARB/USD,"",0,confirmed,,,0,0,,,1781807741084,1781807808041,,1781807741084
919,0x30a187eadb3e16f1962c7651791e9dea1c666f26735a51fab517620499dd7ee1,7ae8d832c39bb6a6c2686ce040d98edad4287076631a5788d2173407330a96d6,client_test_01_router_a_majors,client-test-01,customer-test-01,0,"","",USDT/USD,"",0,confirmed,,,0,0,,,1781807741088,1781807808050,,1781807741088
920,0x5aa72fde511b65738fcc9b8d91bc8ab1227be379683655aa93110ea37ebda639,"",client_test_01_router_b_alts,client-test-01,customer-test-01,0,"","",LTC/USD,43211735215000010752,1781807695,failed,CrashRecovery,"daemon restarted with submitted transaction awaiting confirmation",0,0,,,,,1781818310768,1781807808021
921,0x7662c44450030cfd60abc3b05dc3eefb95ed99979e549d730cfa63273f58689d,"",client_test_01_router_b_alts,client-test-01,customer-test-01,0,"","",SHIB/USD,4657121570318,1781807709,failed,CrashRecovery,"daemon restarted with submitted transaction awaiting confirmation",0,0,,,,,1781818310765,1781807808037
922,0xf64fd559f3d16beb8565503d7971c8df409b028af5016239908ff2c0be6c0694,98c871fbc3220e1bca991628ddcf1ef176b838cf7e6007021d7388a07f650e59,client_test_02_router_default,client-test-02,customer-test-02,0,"","",BTC/USD,"",0,confirmed,,,0,0,,,1781807808406,1781807914308,,1781807808406
923,0x59937a1f2540bde5c9025c5dfc62699a2e6784f655dcde978a15a7ccdf781de7,98c871fbc3220e1bca991628ddcf1ef176b838cf7e6007021d7388a07f650e59,client_test_01_router_b_alts,client-test-01,customer-test-01,0,"","",LTC/USD,"",0,failed,CrashRecovery,"daemon restarted with submitted transaction awaiting confirmation",0,0,,,1781807871150,,1781818310761,1781807871150
924,0x8560ce281b1a0988edd0c452c508a161dbafbfe24700bef43edbcb28e3c0fe53,98c871fbc3220e1bca991628ddcf1ef176b838cf7e6007021d7388a07f650e59,client_test_01_router_b_alts,client-test-01,customer-test-01,0,"","",NEIRO/USD,"",0,confirmed,,,0,0,,,1781807871156,1781807914281,,1781807871156
925,0x151b2e8a0b19fe39615d3ea236a88563096a4515e157937857f9e5e28f7d2e23,98c871fbc3220e1bca991628ddcf1ef176b838cf7e6007021d7388a07f650e59,client_test_01_router_b_alts,client-test-01,customer-test-01,0,"","",XVG/USD,"",0,confirmed,,,0,0,,,1781807871161,1781807914292,,1781807871161
926,0xbcd07f40e6a0662411e950f91dd1710b2e08fccab83d2e4be2c57d3527a419ef,98c871fbc3220e1bca991628ddcf1ef176b838cf7e6007021d7388a07f650e59,client_test_01_router_b_alts,client-test-01,customer-test-01,0,"","",SHIB/USD,"",0,failed,CrashRecovery,"daemon restarted with submitted transaction awaiting confirmation",0,0,,,1781807871166,,1781818310757,1781807871166
927,0x31209c7aed5ec2e949f9cb869fdef20986623aa417ff97c687f547da50d3ad60,98c871fbc3220e1bca991628ddcf1ef176b838cf7e6007021d7388a07f650e59,client_test_01_router_a_majors,client-test-01,customer-test-01,0,"","",ETH/USD,"",0,confirmed,,,0,0,,,1781807871171,1781807914326,,1781807871171
928,0x51a4a04a8148472a1d1268f4d43056376cb46e77a6f53c448dad07ec07bee1f6,98c871fbc3220e1bca991628ddcf1ef176b838cf7e6007021d7388a07f650e59,client_test_01_router_a_majors,client-test-01,customer-test-01,0,"","",USDC/USD,"",0,confirmed,,,0,0,,,1781807871177,1781807914341,,1781807871177
929,0x4ec58a7e78233902f9eb4020ec48261b6c1ccbb6c822e82f3e9705b70b9ad56a,98c871fbc3220e1bca991628ddcf1ef176b838cf7e6007021d7388a07f650e59,client_test_01_router_a_majors,client-test-01,customer-test-01,0,"","",DOGE/USD,"",0,confirmed,,,0,0,,,1781807871182,1781807914357,,1781807871182
930,0xd9f0cd1529ed175da9cadab8f8bdf7852ee39645401aa4fa0121084077327b19,98c871fbc3220e1bca991628ddcf1ef176b838cf7e6007021d7388a07f650e59,client_test_01_router_b_alts,client-test-01,customer-test-01,0,"","",ARB/USD,"",0,failed,CrashRecovery,"daemon restarted with submitted transaction awaiting confirmation",0,0,,,1781807871189,,1781818310754,1781807871189
931,0x59937a1f2540bde5c9025c5dfc62699a2e6784f655dcde978a15a7ccdf781de7,"",client_test_01_router_b_alts,client-test-01,customer-test-01,0,"","",LTC/USD,43216225450000003072,1781807791,failed,CrashRecovery,"daemon restarted with submitted transaction awaiting confirmation",0,0,,,,,1781818310761,1781807914277
932,0xbcd07f40e6a0662411e950f91dd1710b2e08fccab83d2e4be2c57d3527a419ef,"",client_test_01_router_b_alts,client-test-01,customer-test-01,0,"","",SHIB/USD,4657512233749,1781807805,failed,CrashRecovery,"daemon restarted with submitted transaction awaiting confirmation",0,0,,,,,1781818310757,1781807914305
933,0xd9f0cd1529ed175da9cadab8f8bdf7852ee39645401aa4fa0121084077327b19,"",client_test_01_router_b_alts,client-test-01,customer-test-01,0,"","",ARB/USD,82099919300000008,1781807774,failed,CrashRecovery,"daemon restarted with submitted transaction awaiting confirmation",0,0,,,,,1781818310754,1781807914369
934,0xd8e4cf2fdc4efb88f8675cbffb82eae287d1c009f4a03379e6f7fcf08f7e15b4,c5bffd86f5ee75d6816c521919742c906f4f6d14c3537756d421c3a44c7fa1f7,client_test_02_router_default,client-test-02,customer-test-02,0,"","",BTC/USD,"",0,confirmed,,,0,0,,,1781807920397,1781807975981,,1781807920397
935,0x00e237643d8fc821083e267d24719d8e9e93e3caa3862e56218c85d3156d0659,c5bffd86f5ee75d6816c521919742c906f4f6d14c3537756d421c3a44c7fa1f7,client_test_01_router_b_alts,client-test-01,customer-test-01,0,"","",NEIRO/USD,"",0,confirmed,,,0,0,,,1781807951028,1781807975960,,1781807951028
936,0xfbb4b6be2ce4e139b216f32b6084ab942de0ade1145bb70e07c54951bb841c07,c5bffd86f5ee75d6816c521919742c906f4f6d14c3537756d421c3a44c7fa1f7,client_test_01_router_b_alts,client-test-01,customer-test-01,0,"","",LTC/USD,"",0,failed,CrashRecovery,"daemon restarted with submitted transaction awaiting confirmation",0,0,,,1781807951033,,1781818310751,1781807951033
937,0x104ba429d06b4764b703807c7e9251687688c733620a1fd21e6d79c24a8ce3dc,c5bffd86f5ee75d6816c521919742c906f4f6d14c3537756d421c3a44c7fa1f7,client_test_01_router_a_majors,client-test-01,customer-test-01,0,"","",ETH/USD,"",0,confirmed,,,0,0,,,1781807951039,1781807975989,,1781807951039
938,0x889654dbc0155e75be2cfbf82a72d9ce8316f014696dce5b06cc695186bde775,c5bffd86f5ee75d6816c521919742c906f4f6d14c3537756d421c3a44c7fa1f7,client_test_01_router_a_majors,client-test-01,customer-test-01,0,"","",USDC/USD,"",0,confirmed,,,0,0,,,1781807951044,1781807975997,,1781807951044
939,0xb785ebc42be5be43cf211e49be231c31d914733bbe88bbf71d0d7f22be4e09e4,c5bffd86f5ee75d6816c521919742c906f4f6d14c3537756d421c3a44c7fa1f7,client_test_01_router_b_alts,client-test-01,customer-test-01,0,"","",SHIB/USD,"",0,failed,CrashRecovery,"daemon restarted with submitted transaction awaiting confirmation",0,0,,,1781807951048,,1781818310748,1781807951048
940,0x2197d64a4c7f294c855086c9f7ad3710a1fdc853b5df25fce6ebf7ac09bd3145,c5bffd86f5ee75d6816c521919742c906f4f6d14c3537756d421c3a44c7fa1f7,client_test_01_router_a_majors,client-test-01,customer-test-01,0,"","",DOGE/USD,"",0,confirmed,,,0,0,,,1781807951053,1781807976010,,1781807951053
941,0xfbb4b6be2ce4e139b216f32b6084ab942de0ade1145bb70e07c54951bb841c07,"",client_test_01_router_b_alts,client-test-01,customer-test-01,0,"","",LTC/USD,43223519600000008192,1781807883,failed,CrashRecovery,"daemon restarted with submitted transaction awaiting confirmation",0,0,,,,,1781818310751,1781807975977
942,0xb785ebc42be5be43cf211e49be231c31d914733bbe88bbf71d0d7f22be4e09e4,"",client_test_01_router_b_alts,client-test-01,customer-test-01,0,"","",SHIB/USD,4658063015000,1781807898,failed,CrashRecovery,"daemon restarted with submitted transaction awaiting confirmation",0,0,,,,,1781818310748,1781807976008
943,0x965c9ea048670f7bd9ad4cc2e090291a1ba652d13366a05aa35c6326cc23e27d,5d9e5b5d0abb479bee3b9f3a01ef6397fa6540c341223418280311ae94d0bfac,client_test_01_router_b_alts,client-test-01,customer-test-01,0,"","",LTC/USD,"",0,confirmed,,,0,0,,,1781807986784,1781808002193,,1781807986784
944,0xf4451b9ed67c2e7642cdf05b9b3a7d36441ee7e1c0beab1319dd24f6f691a7bc,5d9e5b5d0abb479bee3b9f3a01ef6397fa6540c341223418280311ae94d0bfac,client_test_01_router_b_alts,client-test-01,customer-test-01,0,"","",SHIB/USD,"",0,confirmed,,,0,0,,,1781807986796,1781808002206,,1781807986796
945,0xd300d3b6a152c45908a9b425107d7e036e4c48c9c3d620fc1fcb405dae69ea0a,"",client_test_01_router_b_alts,client-test-01,customer-test-01,0,"","",LTC/USD,43232099625000001536,1781807977,failed,NonMonotonicNonce,"Intent for LTC/USD superseded on chain; not submitted.",0,0,,,,,1781808006384,1781808006384
946,0xf1dee107ef0e6278214a559803488876b38a5138e090e77903186379b29ec089,"",client_test_01_router_b_alts,client-test-01,customer-test-01,0,"","",SHIB/USD,4659161840000,1781807991,failed,NonMonotonicNonce,"Intent for SHIB/USD superseded on chain; not submitted.",0,0,,,,,1781808006391,1781808006391
947,0xe24b39d7eadd11fc6e41aa4f4fe525196f534406c95c11f8d6af970b27c56995,06cb1e7777bb92ec3cafc6314a5b16a55918562844c4941959adaa034915e6a1,client_test_01_router_a_majors,client-test-01,customer-test-01,0,"","",BTC/USD,"",0,confirmed,,,0,0,,,1781808063907,1781808154213,,1781808063907
948,0xe24b39d7eadd11fc6e41aa4f4fe525196f534406c95c11f8d6af970b27c56995,06cb1e7777bb92ec3cafc6314a5b16a55918562844c4941959adaa034915e6a1,client_test_01_router_a_majors,client-test-01,customer-test-01,0,"","",BTC/USD,62631952552000007176192,1781808017,confirmed,UtxoNotFound,"Error: {""contents"":{""contents"":{""contents"":{""era"":""ShelleyBasedEraConway"",""error"":[""ConwayUtxowFailure (UtxoFailure (InsufficientCollateral (DeltaCoin (-300016574)) (Coin 1869185)))"",""ConwayUtxowFailure (UtxoFailure (IncorrectTotalCollateralField (DeltaCoin (-300016574)) (Coin 5000000)))"",""ConwayUtxowFailure (UtxoFailure NoCollateralInputs)"",""ConwayUtxowFailure (UtxoFailure (BadInputsUTxO (NonEmptySet (fromList [TxIn (TxId {unTxId = SafeHash \""c5bffd86f5ee75d6816c521919742c906f4f6d14c3537756d421c3a44c7fa1f7\""}) (TxIx {unTxIx = 6})]))))"",""ConwayUtxowFailure (UtxoFailure (ValueNotConservedUTxO Mismatch (RelEQ) {supplied: MaryValue (Coin 9417900000) (MultiAsset (fromList [(PolicyID {policyID = ScriptHash \""def5c14be6bceefb95769110a0c8c7d5362e58bf8f17b6ee1c1bd902\""},fromList [(\""3d7739c2406edbe3bb594b8f762cf67a2c889a162f2234dc17841f61d33849f4\"",1),(\""5ec9fa6a8337c83985882517e4865a68763912f37490cffe992a26abfd29d315\"",1),(\""8a3859b168b77160150b13c200392328254c3758f082050fd7ec5c340ac2a497\"",1)]),(PolicyID {policyID = ScriptHash \""e6721fde8af7e40aecbd6f146b0470cc20722e05a61c9230a052900d\""},fromList [(\""4449415f52454345495645525f434c49454e545f41\"",1)])])), expected: MaryValue (Coin 9722916574) (MultiAsset (fromList [(PolicyID {policyID = ScriptHash \""def5c14be6bceefb95769110a0c8c7d5362e58bf8f17b6ee1c1bd902\""},fromList [(\""3d7739c2406edbe3bb594b8f762cf67a2c889a162f2234dc17841f61d33849f4\"",1),(\""5ec9fa6a8337c83985882517e4865a68763912f37490cffe992a26abfd29d315\"",1),(\""8a3859b168b77160150b13c200392328254c3758f082050fd7ec5c340ac2a497\"",1)]),(PolicyID {policyID = ScriptHash \""e6721fde8af7e40aecbd6f146b0470cc20722e05a61c9230a052900d\""},fromList [(\""4449415f52454345495645525f434c49454e545f41\"",1)])]))}))"",""ConwayUtxowFailure (UtxoFailure (UtxosFailure (CollectErrors (BadTranslation (BabbageContextError (AlonzoContextError (TranslationLogicMissingInput (TxIn (TxId {unTxId = SafeHash \""c5bffd86f5ee75d6816c521919742c906f4f6d14c3537756d421c3a44c7fa1f7\""}) (TxIx {unTxIx = 6}))))) :| []))))""],""kind"":""ShelleyTxValidationError""},""tag"":""TxValidationErrorInCardanoMode""},""tag"":""TxCmdTxSubmitValidationError""},""tag"":""TxSubmitFail""}",0,0,,,,1781808154213,1781808115854,1781808115854
949,0x9cfb5cda334c0876b8312ed49b26049e492f040984828365c0ae053c5930c416,06cb1e7777bb92ec3cafc6314a5b16a55918562844c4941959adaa034915e6a1,client_test_01_router_a_majors,client-test-01,customer-test-01,0,"","",ETH/USD,1679882722770193481728,1781808019,confirmed,UtxoNotFound,"Error: {""contents"":{""contents"":{""contents"":{""era"":""ShelleyBasedEraConway"",""error"":[""ConwayUtxowFailure (UtxoFailure (InsufficientCollateral (DeltaCoin (-300016574)) (Coin 1869185)))"",""ConwayUtxowFailure (UtxoFailure (IncorrectTotalCollateralField (DeltaCoin (-300016574)) (Coin 5000000)))"",""ConwayUtxowFailure (UtxoFailure NoCollateralInputs)"",""ConwayUtxowFailure (UtxoFailure (BadInputsUTxO (NonEmptySet (fromList [TxIn (TxId {unTxId = SafeHash \""c5bffd86f5ee75d6816c521919742c906f4f6d14c3537756d421c3a44c7fa1f7\""}) (TxIx {unTxIx = 6})]))))"",""ConwayUtxowFailure (UtxoFailure (ValueNotConservedUTxO Mismatch (RelEQ) {supplied: MaryValue (Coin 9417900000) (MultiAsset (fromList [(PolicyID {policyID = ScriptHash \""def5c14be6bceefb95769110a0c8c7d5362e58bf8f17b6ee1c1bd902\""},fromList [(\""3d7739c2406edbe3bb594b8f762cf67a2c889a162f2234dc17841f61d33849f4\"",1),(\""5ec9fa6a8337c83985882517e4865a68763912f37490cffe992a26abfd29d315\"",1),(\""8a3859b168b77160150b13c200392328254c3758f082050fd7ec5c340ac2a497\"",1)]),(PolicyID {policyID = ScriptHash \""e6721fde8af7e40aecbd6f146b0470cc20722e05a61c9230a052900d\""},fromList [(\""4449415f52454345495645525f434c49454e545f41\"",1)])])), expected: MaryValue (Coin 9722916574) (MultiAsset (fromList [(PolicyID {policyID = ScriptHash \""def5c14be6bceefb95769110a0c8c7d5362e58bf8f17b6ee1c1bd902\""},fromList [(\""3d7739c2406edbe3bb594b8f762cf67a2c889a162f2234dc17841f61d33849f4\"",1),(\""5ec9fa6a8337c83985882517e4865a68763912f37490cffe992a26abfd29d315\"",1),(\""8a3859b168b77160150b13c200392328254c3758f082050fd7ec5c340ac2a497\"",1)]),(PolicyID {policyID = ScriptHash \""e6721fde8af7e40aecbd6f146b0470cc20722e05a61c9230a052900d\""},fromList [(\""4449415f52454345495645525f434c49454e545f41\"",1)])]))}))"",""ConwayUtxowFailure (UtxoFailure (UtxosFailure (CollectErrors (BadTranslation (BabbageContextError (AlonzoContextError (TranslationLogicMissingInput (TxIn (TxId {unTxId = SafeHash \""c5bffd86f5ee75d6816c521919742c906f4f6d14c3537756d421c3a44c7fa1f7\""}) (TxIx {unTxIx = 6}))))) :| []))))""],""kind"":""ShelleyTxValidationError""},""tag"":""TxValidationErrorInCardanoMode""},""tag"":""TxCmdTxSubmitValidationError""},""tag"":""TxSubmitFail""}",0,0,,,,1781808154234,1781808115861,1781808115861
950,0x9a9b59180986f32570b34f8fd98f78a6f850000fee687c94d36e417412188900,"",client_test_01_router_a_majors,client-test-01,customer-test-01,0,"","",USDT/USD,998690000000000000,1781807977,failed,UtxoNotFound,"Error: {""contents"":{""contents"":{""contents"":{""era"":""ShelleyBasedEraConway"",""error"":[""ConwayUtxowFailure (UtxoFailure (InsufficientCollateral (DeltaCoin (-300016574)) (Coin 1869185)))"",""ConwayUtxowFailure (UtxoFailure (IncorrectTotalCollateralField (DeltaCoin (-300016574)) (Coin 5000000)))"",""ConwayUtxowFailure (UtxoFailure NoCollateralInputs)"",""ConwayUtxowFailure (UtxoFailure (BadInputsUTxO (NonEmptySet (fromList [TxIn (TxId {unTxId = SafeHash \""c5bffd86f5ee75d6816c521919742c906f4f6d14c3537756d421c3a44c7fa1f7\""}) (TxIx {unTxIx = 6})]))))"",""ConwayUtxowFailure (UtxoFailure (ValueNotConservedUTxO Mismatch (RelEQ) {supplied: MaryValue (Coin 9417900000) (MultiAsset (fromList [(PolicyID {policyID = ScriptHash \""def5c14be6bceefb95769110a0c8c7d5362e58bf8f17b6ee1c1bd902\""},fromList [(\""3d7739c2406edbe3bb594b8f762cf67a2c889a162f2234dc17841f61d33849f4\"",1),(\""5ec9fa6a8337c83985882517e4865a68763912f37490cffe992a26abfd29d315\"",1),(\""8a3859b168b77160150b13c200392328254c3758f082050fd7ec5c340ac2a497\"",1)]),(PolicyID {policyID = ScriptHash \""e6721fde8af7e40aecbd6f146b0470cc20722e05a61c9230a052900d\""},fromList [(\""4449415f52454345495645525f434c49454e545f41\"",1)])])), expected: MaryValue (Coin 9722916574) (MultiAsset (fromList [(PolicyID {policyID = ScriptHash \""def5c14be6bceefb95769110a0c8c7d5362e58bf8f17b6ee1c1bd902\""},fromList [(\""3d7739c2406edbe3bb594b8f762cf67a2c889a162f2234dc17841f61d33849f4\"",1),(\""5ec9fa6a8337c83985882517e4865a68763912f37490cffe992a26abfd29d315\"",1),(\""8a3859b168b77160150b13c200392328254c3758f082050fd7ec5c340ac2a497\"",1)]),(PolicyID {policyID = ScriptHash \""e6721fde8af7e40aecbd6f146b0470cc20722e05a61c9230a052900d\""},fromList [(\""4449415f52454345495645525f434c49454e545f41\"",1)])]))}))"",""ConwayUtxowFailure (UtxoFailure (UtxosFailure (CollectErrors (BadTranslation (BabbageContextError (AlonzoContextError (TranslationLogicMissingInput (TxIn (TxId {unTxId = SafeHash \""c5bffd86f5ee75d6816c521919742c906f4f6d14c3537756d421c3a44c7fa1f7\""}) (TxIx {unTxIx = 6}))))) :| []))))""],""kind"":""ShelleyTxValidationError""},""tag"":""TxValidationErrorInCardanoMode""},""tag"":""TxCmdTxSubmitValidationError""},""tag"":""TxSubmitFail""}",0,0,,,,,1781808115867,1781808115867
951,0xe24b39d7eadd11fc6e41aa4f4fe525196f534406c95c11f8d6af970b27c56995,06cb1e7777bb92ec3cafc6314a5b16a55918562844c4941959adaa034915e6a1,client_test_02_router_default,client-test-02,customer-test-02,0,"","",BTC/USD,62631952552000007176192,1781808017,confirmed,NonMonotonicNonce,"Oracle intent timestamp must be greater than the current on-chain timestamp; intent superseded, not submitted.",0,0,,,,1781808154213,1781808126899,1781808126899
952,0x8f7d38b20d53e18a6a8fd8c16c9921e9449944d1f238276ccd9a4a138f84f9e0,06cb1e7777bb92ec3cafc6314a5b16a55918562844c4941959adaa034915e6a1,client_test_01_router_a_majors,client-test-01,customer-test-01,0,"","",USDC/USD,"",0,confirmed,,,0,0,,,1781808129810,1781808154247,,1781808129810
953,0x4a96a19c150b81262ee6d8699af98d1d2c5e87068aa2ec03c793f80ee0a27c4a,06cb1e7777bb92ec3cafc6314a5b16a55918562844c4941959adaa034915e6a1,client_test_01_router_a_majors,client-test-01,customer-test-01,0,"","",DOGE/USD,"",0,confirmed,,,0,0,,,1781808129821,1781808154262,,1781808129821
954,0x86336c60675e32bd738fc69b57ce9072dd9f7567646de6ed9a09183356d5ebfe,06cb1e7777bb92ec3cafc6314a5b16a55918562844c4941959adaa034915e6a1,client_test_01_router_a_majors,client-test-01,customer-test-01,0,"","",USDT/USD,"",0,confirmed,,,0,0,,,1781808129825,1781808154271,,1781808129825
955,0xf05c952577a390364c7754e900a8d608e91a591de7e4ab961ad9cd9fcb68ebb0,0b7f5e1afe1a7f617f03db7e973590ed1dc4aa7b1aa0f674d1d9e9413689e55c,client_test_01_router_a_majors,client-test-01,customer-test-01,0,"","",USDT/USD,"",0,failed,CrashRecovery,"daemon restarted with submitted transaction awaiting confirmation",0,0,,,1781808168259,,1781818310745,1781808168259
956,0x9ffa2a6a5ec44ab48b3d198c99f288e6d4b7d0a2be196dd300f0fe6eca6cd7f9,0b7f5e1afe1a7f617f03db7e973590ed1dc4aa7b1aa0f674d1d9e9413689e55c,client_test_01_router_a_majors,client-test-01,customer-test-01,0,"","",BTC/USD,"",0,confirmed,,,0,0,,,1781808168266,1781808231967,,1781808168266
957,0x29b1c93982055228c675e5c7e3ed63a4188a1a8e215ee69cc5ba27d8e824e37d,0b7f5e1afe1a7f617f03db7e973590ed1dc4aa7b1aa0f674d1d9e9413689e55c,client_test_01_router_a_majors,client-test-01,customer-test-01,0,"","",ETH/USD,"",0,confirmed,,,0,0,,,1781808168270,1781808231979,,1781808168270
958,0xba5c13d029d7e4ac1bb239d7bb237a65e517b90793a19142a15f1cb42de482da,0b7f5e1afe1a7f617f03db7e973590ed1dc4aa7b1aa0f674d1d9e9413689e55c,client_test_01_router_a_majors,client-test-01,customer-test-01,0,"","",USDC/USD,"",0,confirmed,,,0,0,,,1781808168275,1781808231990,,1781808168275
959,0xae2f258dd43f8d9a2a22cc53f83a09a3b9857e60f34013c9b9de6b0d71b5ee14,0b7f5e1afe1a7f617f03db7e973590ed1dc4aa7b1aa0f674d1d9e9413689e55c,client_test_01_router_a_majors,client-test-01,customer-test-01,0,"","",DOGE/USD,"",0,confirmed,,,0,0,,,1781808168282,1781808232002,,1781808168282
960,0xf05c952577a390364c7754e900a8d608e91a591de7e4ab961ad9cd9fcb68ebb0,"",client_test_01_router_a_majors,client-test-01,customer-test-01,0,"","",USDT/USD,998690000000000000,1781808132,failed,CrashRecovery,"daemon restarted with submitted transaction awaiting confirmation",0,0,,,,,1781818310745,1781808231962
961,0xce3ce09810ea8903ea3fe8cec1da62aaee32c39ba653f95d13842429c0eef35c,b84d3758764462645b804c3fe4a03ac608ff578ed295fb0af5c91361860c0547,client_test_01_router_a_majors,client-test-01,customer-test-01,0,"","",BTC/USD,"",0,confirmed,,,0,0,,,1781808366390,1781808394012,,1781808366390
962,0xa080590bd0f5c684c11d7a28fb615fda1f8249da3e5d08f31143bca637d94ecb,b84d3758764462645b804c3fe4a03ac608ff578ed295fb0af5c91361860c0547,client_test_01_router_a_majors,client-test-01,customer-test-01,0,"","",ETH/USD,"",0,confirmed,,,0,0,,,1781808366402,1781808394027,,1781808366402
963,0x9111e42b52e204843b9d67c7273c7713a13f55af3eb2f8683a0898677db29427,b84d3758764462645b804c3fe4a03ac608ff578ed295fb0af5c91361860c0547,client_test_01_router_a_majors,client-test-01,customer-test-01,0,"","",USDC/USD,"",0,confirmed,,,0,0,,,1781808366407,1781808394036,,1781808366407
964,0x016ceee7353773b738f46a41f533f967a256cb0ddf8819073de6f88554550607,b84d3758764462645b804c3fe4a03ac608ff578ed295fb0af5c91361860c0547,client_test_01_router_a_majors,client-test-01,customer-test-01,0,"","",DOGE/USD,"",0,confirmed,,,0,0,,,1781808366411,1781808394045,,1781808366411
965,0xd68f69958d6505484db25b553808b7d7585a78ee41e4e554195164cd0d3cb41c,4a6e927dee5a87b5b7e5f9d3703b09f49463009362a5c8bef8d59d91c13a4ae9,client_test_01_router_a_majors,client-test-01,customer-test-01,0,"","",USDT/USD,"",0,confirmed,,,0,0,,,1781808408105,1781808478060,,1781808408105
966,0xce3ce09810ea8903ea3fe8cec1da62aaee32c39ba653f95d13842429c0eef35c,"",client_test_01_router_a_majors,client-test-01,customer-test-01,0,"","",BTC/USD,62636735626928929636352,1781808298,failed,NonMonotonicNonce,"Intent for BTC/USD superseded on chain; not submitted.",0,0,,,,,1781808478033,1781808478033
967,0xa080590bd0f5c684c11d7a28fb615fda1f8249da3e5d08f31143bca637d94ecb,"",client_test_01_router_a_majors,client-test-01,customer-test-01,0,"","",ETH/USD,1679943517149480353792,1781808299,failed,NonMonotonicNonce,"Intent for ETH/USD superseded on chain; not submitted.",0,0,,,,,1781808478040,1781808478040
968,0x9111e42b52e204843b9d67c7273c7713a13f55af3eb2f8683a0898677db29427,"",client_test_01_router_a_majors,client-test-01,customer-test-01,0,"","",USDC/USD,999711131025000064,1781808306,failed,NonMonotonicNonce,"Intent for USDC/USD superseded on chain; not submitted.",0,0,,,,,1781808478047,1781808478047
969,0x016ceee7353773b738f46a41f533f967a256cb0ddf8819073de6f88554550607,"",client_test_01_router_a_majors,client-test-01,customer-test-01,0,"","",DOGE/USD,82340050000000000,1781808310,failed,NonMonotonicNonce,"Intent for DOGE/USD superseded on chain; not submitted.",0,0,,,,,1781808478052,1781808478052
970,0xde380cdd37bc9e2e16f333362e9063aa95e81c1bcb8d1db607b7ef9cdfd799a3,e86c4ea788188e111ec0f02278305f5b3d571029210b1d1a8819b5851c5b02a4,client_test_01_router_a_majors,client-test-01,customer-test-01,0,"","",USDT/USD,"",0,confirmed,,,0,0,,,1781808488532,1781808516471,,1781808488532
971,0x5127a4877afe051bd0ce84b7e1264589bb17812ce3edf2bb3049af94ac9c825b,816d407c3831dee6f5f18915c502c89b5ff22b329cb8932675f0f6f915283ff4,client_test_01_router_a_majors,client-test-01,customer-test-01,0,"","",BTC/USD,"",0,confirmed,,,0,0,,,1781808663214,1781808736117,,1781808663214
972,0x18aa55f4e453fb086688a5ae95d2bbbe5f6f9bd64cb328490e72e64a5e8f624b,816d407c3831dee6f5f18915c502c89b5ff22b329cb8932675f0f6f915283ff4,client_test_01_router_a_majors,client-test-01,customer-test-01,0,"","",ETH/USD,"",0,confirmed,,,0,0,,,1781808711418,1781808736131,,1781808711418
973,0x60ed7706803554aca52438cee57ae398420397f05f829c21f45aeaaafc4b5920,816d407c3831dee6f5f18915c502c89b5ff22b329cb8932675f0f6f915283ff4,client_test_01_router_a_majors,client-test-01,customer-test-01,0,"","",USDC/USD,"",0,confirmed,,,0,0,,,1781808711428,1781808736146,,1781808711428
974,0x08553cd47de0558d685a575a177d399085ec751ee84e070d04b801a2d7505e32,816d407c3831dee6f5f18915c502c89b5ff22b329cb8932675f0f6f915283ff4,client_test_01_router_a_majors,client-test-01,customer-test-01,0,"","",DOGE/USD,"",0,confirmed,,,0,0,,,1781808711432,1781808736161,,1781808711432
975,0xf2bdfd9a24efbb0fad881f28fdb6f689508f1e7419eaf61defee909eba0c9621,e4be972096a129c92519960b6d0980e3a4ee89b8e86280edb7cb64c872e56c05,client_test_01_router_a_majors,client-test-01,customer-test-01,0,"","",USDC/USD,"",0,confirmed,,,0,0,,,1781808750091,1781808777593,,1781808750091
976,0xd74c21d232c2d148db647818f1f97532bffb40f619b54554ed4f682acd8a6bce,e4be972096a129c92519960b6d0980e3a4ee89b8e86280edb7cb64c872e56c05,client_test_01_router_a_majors,client-test-01,customer-test-01,0,"","",USDT/USD,"",0,confirmed,,,0,0,,,1781808750100,1781808777608,,1781808750100
977,0x305a1e86b3f7c0c795732057a8764dff7f4ce99633b0c42062de2b6d286bae06,e4be972096a129c92519960b6d0980e3a4ee89b8e86280edb7cb64c872e56c05,client_test_01_router_a_majors,client-test-01,customer-test-01,0,"","",DOGE/USD,"",0,confirmed,,,0,0,,,1781808750108,1781808777617,,1781808750108
978,0x6f6629a2b4c33620a8cad3b1193ec29df0e2aeb632661d5d13b2f7a0ae1b04a4,e4be972096a129c92519960b6d0980e3a4ee89b8e86280edb7cb64c872e56c05,client_test_01_router_a_majors,client-test-01,customer-test-01,0,"","",BTC/USD,"",0,confirmed,,,0,0,,,1781808750115,1781808777628,,1781808750115
979,0xd79a29f5c24420d78f526bd292304ceda0f56aee66392e03ac6e8c9a277622a8,e4be972096a129c92519960b6d0980e3a4ee89b8e86280edb7cb64c872e56c05,client_test_01_router_a_majors,client-test-01,customer-test-01,0,"","",ETH/USD,"",0,confirmed,,,0,0,,,1781808750123,1781808777637,,1781808750123
980,0x8d96e924b13511ddabae9b35c1267e4d1d087f17734375eaa079c42938f61236,f04f8583afab3353b62000cbebf095617ac1224206080b713b15a2d0eb73cac5,client_test_01_router_a_majors,client-test-01,customer-test-01,0,"","",USDT/USD,"",0,confirmed,,,0,0,,,1781808787604,1781808818013,,1781808787604
981,0xd2a53965ed949de6be68238f1566be01768f4393a7ddb690ebec5db6ecb868d0,59e672351858503ccf9fff7ad0b43b9e79787a3d3ce6fefd16da0fe8e4ff2313,client_test_01_router_a_majors,client-test-01,customer-test-01,0,"","",BTC/USD,"",0,confirmed,,,0,0,,,1781808964853,1781808992458,,1781808964853
982,0x9a5bcecaf418993e58289a8581e146af4880738fd8e824aa8fb3eee2892d311a,59e672351858503ccf9fff7ad0b43b9e79787a3d3ce6fefd16da0fe8e4ff2313,client_test_01_router_a_majors,client-test-01,customer-test-01,0,"","",ETH/USD,"",0,confirmed,,,0,0,,,1781808964863,1781808992471,,1781808964863
983,0x5e9af09a5fff0dce8c2249e325ae982e7334347ab9e2739d0480e12479d048b0,59e672351858503ccf9fff7ad0b43b9e79787a3d3ce6fefd16da0fe8e4ff2313,client_test_01_router_a_majors,client-test-01,customer-test-01,0,"","",USDC/USD,"",0,confirmed,,,0,0,,,1781808964869,1781808992480,,1781808964869
984,0x41e8c96a5bcab4574ec1b134c85ca04f03253cc78af99378cf18493f9f479c7b,59e672351858503ccf9fff7ad0b43b9e79787a3d3ce6fefd16da0fe8e4ff2313,client_test_01_router_a_majors,client-test-01,customer-test-01,0,"","",DOGE/USD,"",0,confirmed,,,0,0,,,1781808964874,1781808992492,,1781808964874
985,0xfa15d0a56b304bcc24c9d1d385f0d1970701bb3aee6e5201d0779f2ec4d7a024,05f9e658500d05706a2781b9c7450d3cf441bad2f8c7c0088958aab85f181845,client_test_01_router_a_majors,client-test-01,customer-test-01,0,"","",USDT/USD,"",0,confirmed,,,0,0,,,1781809006668,1781809052748,,1781809006668
986,0xe495e7f8e5412e6f8f6234d64d04067cfef475984a3edc745ed9152622fa3810,05f9e658500d05706a2781b9c7450d3cf441bad2f8c7c0088958aab85f181845,client_test_01_router_a_majors,client-test-01,customer-test-01,0,"","",BTC/USD,"",0,confirmed,,,0,0,,,1781809006673,1781809052761,,1781809006673
987,0x8446fe218fb01ed39cf22b0d8057cff68d63677e7658d7fd885ed3ea18b0e1ff,05f9e658500d05706a2781b9c7450d3cf441bad2f8c7c0088958aab85f181845,client_test_01_router_a_majors,client-test-01,customer-test-01,0,"","",ETH/USD,"",0,confirmed,,,0,0,,,1781809006681,1781809052772,,1781809006681
988,0x4cd84f5329fb8afd43f463cffe2c65ffa38196fc05dc8abdfc7f900b18a21e95,05f9e658500d05706a2781b9c7450d3cf441bad2f8c7c0088958aab85f181845,client_test_01_router_a_majors,client-test-01,customer-test-01,0,"","",USDC/USD,"",0,confirmed,,,0,0,,,1781809006685,1781809052785,,1781809006685
989,0x12509d259cb89d6703b9e026360cc8ddec60c1d5ab3c5950f5cf921142ddb722,05f9e658500d05706a2781b9c7450d3cf441bad2f8c7c0088958aab85f181845,client_test_01_router_a_majors,client-test-01,customer-test-01,0,"","",DOGE/USD,"",0,confirmed,,,0,0,,,1781809006694,1781809052801,,1781809006694
990,0xa249247e7e087a95855949ff2ea90c7cac66f9334e3e2de1baf35598ef1bc989,8c2f624143fcdc4ca979c7a9596dbdd5c77bf32a81a7c35d196fcb0fdc86d75b,client_test_01_router_a_majors,client-test-01,customer-test-01,0,"","",USDT/USD,"",0,confirmed,,,0,0,,,1781809063080,1781809142016,,1781809063080
991,0x3f3cdef938cd876e7e63d924cb696cf7b84f1e08c333bcfef5634d264e3b89d9,b625ea6a5512ab9d92ec0b587a69c2778d5d2ae8286d32b6ad07b6307471dc5b,client_test_01_router_a_majors,client-test-01,customer-test-01,0,"","",USDC/USD,"",0,confirmed,,,0,0,,,1781809266672,1781809309193,,1781809266672
992,0x702261723419e5d2d5a85a927847fd10ae0a23808abb20c3aff493328feb347c,b625ea6a5512ab9d92ec0b587a69c2778d5d2ae8286d32b6ad07b6307471dc5b,client_test_01_router_a_majors,client-test-01,customer-test-01,0,"","",USDT/USD,"",0,confirmed,,,0,0,,,1781809266683,1781809309208,,1781809266683
993,0x69a1ff9028aa56c4a5b2c24aa1a0a3bd2833eb93a20aa3eb8b05cbe4fe5d418e,b625ea6a5512ab9d92ec0b587a69c2778d5d2ae8286d32b6ad07b6307471dc5b,client_test_01_router_a_majors,client-test-01,customer-test-01,0,"","",DOGE/USD,"",0,confirmed,,,0,0,,,1781809266692,1781809309219,,1781809266692
994,0x5ed41e7edeff2b3edc0047f4cd836113704477579202fcc3a9bf59b85813c882,b625ea6a5512ab9d92ec0b587a69c2778d5d2ae8286d32b6ad07b6307471dc5b,client_test_01_router_b_alts,client-test-01,customer-test-01,0,"","",SHIB/USD,"",0,confirmed,,,0,0,,,1781809266700,1781809309231,,1781809266700
995,0x9549da0bea29ffb914d1d7a9f1369bd2821b96d4dea2707fde2112f2030264e7,b625ea6a5512ab9d92ec0b587a69c2778d5d2ae8286d32b6ad07b6307471dc5b,client_test_01_router_b_alts,client-test-01,customer-test-01,0,"","",NEIRO/USD,"",0,confirmed,,,0,0,,,1781809266709,1781809309241,,1781809266709
996,0xe0c12d6d4c229f0546b027a6a5139cf138f8ecbea23a8960097f9b8d2024c084,b625ea6a5512ab9d92ec0b587a69c2778d5d2ae8286d32b6ad07b6307471dc5b,client_test_01_router_b_alts,client-test-01,customer-test-01,0,"","",XVG/USD,"",0,confirmed,,,0,0,,,1781809266717,1781809309253,,1781809266717
997,0x1cfa93920c71f9cb4a678c732ef94bf81e8218f93c3970a68d7851c1b5152af7,7647ec1c03776e9b2fbb5aca0a683d057ddff252f680d31897211f690fbc0808,client_test_01_router_a_majors,client-test-01,customer-test-01,0,"","",BTC/USD,"",0,confirmed,,,0,0,,,1781809320528,1781809402027,,1781809320528
998,0x018ab266270abef36c60d3e1e15e4f463b2c30193a75a22a192761402d99544d,7647ec1c03776e9b2fbb5aca0a683d057ddff252f680d31897211f690fbc0808,client_test_01_router_b_alts,client-test-01,customer-test-01,0,"","",LTC/USD,"",0,confirmed,,,0,0,,,1781809377220,1781809401966,,1781809377220
999,0x84fe2635a892eba0a56c98fc047cdb9a6e4fec82d291f3ebc1adccaee4702bdc,7647ec1c03776e9b2fbb5aca0a683d057ddff252f680d31897211f690fbc0808,client_test_01_router_b_alts,client-test-01,customer-test-01,0,"","",ARB/USD,"",0,confirmed,,,0,0,,,1781809377230,1781809401982,,1781809377230
1000,0xaface0de63921ee59b7a7eb2f3e007cf9411ca08806a7d3cc02dec3a6626f246,7647ec1c03776e9b2fbb5aca0a683d057ddff252f680d31897211f690fbc0808,client_test_01_router_a_majors,client-test-01,customer-test-01,0,"","",ETH/USD,"",0,confirmed,,,0,0,,,1781809377236,1781809402043,,1781809377236
1001,0x0ffbed91a887c78e55f30bcab82663f5f54947cf82dbdc1ed87a5a4f9ed8b8e7,7647ec1c03776e9b2fbb5aca0a683d057ddff252f680d31897211f690fbc0808,client_test_01_router_a_majors,client-test-01,customer-test-01,0,"","",USDC/USD,"",0,confirmed,,,0,0,,,1781809377242,1781809402057,,1781809377242
1002,0xf5b4f8d85bea7ee4d8f8e9b889c19cc5d709b713725f8a8c132615ba8537ed19,7647ec1c03776e9b2fbb5aca0a683d057ddff252f680d31897211f690fbc0808,client_test_01_router_a_majors,client-test-01,customer-test-01,0,"","",DOGE/USD,"",0,confirmed,,,0,0,,,1781809377247,1781809402073,,1781809377247
1003,0x6f0f043242c1f0edcb52e59ae7b85772cae83885f5c5041096f693a4ebd2c1f0,7647ec1c03776e9b2fbb5aca0a683d057ddff252f680d31897211f690fbc0808,client_test_01_router_b_alts,client-test-01,customer-test-01,0,"","",SHIB/USD,"",0,confirmed,,,0,0,,,1781809377252,1781809402088,,1781809377252
1004,0x702261723419e5d2d5a85a927847fd10ae0a23808abb20c3aff493328feb347c,"",client_test_01_router_a_majors,client-test-01,customer-test-01,0,"","",USDT/USD,998708884407000064,1781809209,failed,NonMonotonicNonce,"Intent for USDT/USD superseded on chain; not submitted.",0,0,,,,,1781809401961,1781809401961
1005,0x9549da0bea29ffb914d1d7a9f1369bd2821b96d4dea2707fde2112f2030264e7,"",client_test_01_router_b_alts,client-test-01,customer-test-01,0,"","",NEIRO/USD,65039324176291,1781809195,failed,NonMonotonicNonce,"Intent for NEIRO/USD superseded on chain; not submitted.",0,0,,,,,1781809402009,1781809402009
1006,0xe0c12d6d4c229f0546b027a6a5139cf138f8ecbea23a8960097f9b8d2024c084,"",client_test_01_router_b_alts,client-test-01,customer-test-01,0,"","",XVG/USD,2511667311011681,1781809206,failed,NonMonotonicNonce,"Intent for XVG/USD superseded on chain; not submitted.",0,0,,,,,1781809402022,1781809402022
1007,0xcd1a4761d54287a06442c8d51301ff5620e79bec3ce9f33ed58a0b238ad9a352,62c9058a652a3aa0d479f26b54f2fe76b725e09814c6f85b8015ef8241fe0d37,client_test_02_router_default,client-test-02,customer-test-02,0,"","",BTC/USD,"",0,confirmed,,,0,0,,,1781809408690,1781809470131,,1781809408690
1008,0x366f90b4945c490d5ccf3647731455d63b6ed3818c5fbb039f6cce53254abf3f,62c9058a652a3aa0d479f26b54f2fe76b725e09814c6f85b8015ef8241fe0d37,client_test_01_router_a_majors,client-test-01,customer-test-01,0,"","",ETH/USD,"",0,confirmed,,,0,0,,,1781809433009,1781809470145,,1781809433009
1009,0xc407cd5dbd2a0944fd6f6ac1ff137d0d1072a2a0b5a29cdd58fd25155ea5031c,62c9058a652a3aa0d479f26b54f2fe76b725e09814c6f85b8015ef8241fe0d37,client_test_01_router_b_alts,client-test-01,customer-test-01,0,"","",ARB/USD,"",0,confirmed,,,0,0,,,1781809433017,1781809470156,,1781809433017
1010,0x08f5123963a73e2c8561386edac67bd540b29e0adbe170a3f0044bbf97127f68,62c9058a652a3aa0d479f26b54f2fe76b725e09814c6f85b8015ef8241fe0d37,client_test_01_router_b_alts,client-test-01,customer-test-01,0,"","",LTC/USD,"",0,confirmed,,,0,0,,,1781809433026,1781809470169,,1781809433026
1011,0xce2570135615916722c8e5cbf66cd718f433faa0b6e3d15ff12ddafa92cbdcf1,0ca3e8aa78eab98c3bd8c31404c5e045485ba786c46428913d17e52ff692ebbd,client_test_01_router_a_majors,client-test-01,customer-test-01,0,"","",USDT/USD,"",0,confirmed,,,0,0,,,1781809560653,1781809638957,,1781809560653
1012,0x5a1c6a3aa67336696a7d15d81bd867068bae6fa0830e8459914d70c15cf83229,b92db998d4db4181ae7ae2b86e9c9f9ace5bc28dea754f1875955570101ebfa1,client_test_01_router_a_majors,client-test-01,customer-test-01,0,"","",BTC/USD,"",0,confirmed,,,0,0,,,1781809653391,1781809687029,,1781809653391
1013,0x76435cfb9f68775c237993012bcf07a6d3aed7751c20065862c759799d1921a7,b92db998d4db4181ae7ae2b86e9c9f9ace5bc28dea754f1875955570101ebfa1,client_test_01_router_a_majors,client-test-01,customer-test-01,0,"","",ETH/USD,"",0,confirmed,,,0,0,,,1781809653399,1781809687047,,1781809653399
1014,0xe67d670b7094426375d47008aae62207e59dc75d518a8ac6bd90857e255e7f89,b92db998d4db4181ae7ae2b86e9c9f9ace5bc28dea754f1875955570101ebfa1,client_test_01_router_a_majors,client-test-01,customer-test-01,0,"","",USDT/USD,"",0,confirmed,,,0,0,,,1781809653407,1781809687060,,1781809653407
1015,0x62cd94ad869b37ceaa5a7563545b7bf686fa02430d8365ffacd8856234e9c4be,b92db998d4db4181ae7ae2b86e9c9f9ace5bc28dea754f1875955570101ebfa1,client_test_01_router_a_majors,client-test-01,customer-test-01,0,"","",USDC/USD,"",0,confirmed,,,0,0,,,1781809653414,1781809687072,,1781809653414
1016,0x828c5ceba13d59352dcecc24dcf78816ef76124dcf627a71eceb32cd4624a876,b92db998d4db4181ae7ae2b86e9c9f9ace5bc28dea754f1875955570101ebfa1,client_test_01_router_a_majors,client-test-01,customer-test-01,0,"","",DOGE/USD,"",0,confirmed,,,0,0,,,1781809653419,1781809687088,,1781809653419
1017,0xaacd80c3f2247eff01aa3fdcb4aded790db198b1493363e10a8c55b83be74f75,9c702b072a72ebde1ac14e613679cdb11d3e9ad586921d547df748be9e3f7b13,client_test_01_router_a_majors,client-test-01,customer-test-01,0,"","",BTC/USD,"",0,confirmed,,,0,0,,,1781809700853,1781809725574,,1781809700853
1018,0x43a567b157fffd0dbbbba99bcafccdfd0156fa0a920d43039b6490599bef16ea,9c702b072a72ebde1ac14e613679cdb11d3e9ad586921d547df748be9e3f7b13,client_test_01_router_a_majors,client-test-01,customer-test-01,0,"","",ETH/USD,"",0,confirmed,,,0,0,,,1781809700861,1781809725589,,1781809700861
1019,0xf34032a4fcd3681f2c696252ffd2519bb82533c69691791500e46a313735bc6d,9c702b072a72ebde1ac14e613679cdb11d3e9ad586921d547df748be9e3f7b13,client_test_01_router_a_majors,client-test-01,customer-test-01,0,"","",USDC/USD,"",0,confirmed,,,0,0,,,1781809700866,1781809725599,,1781809700866
1020,0xf3cedc477d0deecf307844214cb4cb7456ea5fabe814e36dff4742efd8d082f8,9c702b072a72ebde1ac14e613679cdb11d3e9ad586921d547df748be9e3f7b13,client_test_01_router_a_majors,client-test-01,customer-test-01,0,"","",DOGE/USD,"",0,confirmed,,,0,0,,,1781809700875,1781809725611,,1781809700875
1021,0xd2cd27d3c37110b6aa4c542c1a2a0d5154e2ce55187881cb1384b9e5405f1f25,1e42aa8e908010412104139ae30bac7a78ceb370fa1cf6f9e17e5e939a3d4178,client_test_01_router_a_majors,client-test-01,customer-test-01,0,"","",USDT/USD,"",0,confirmed,,,0,0,,,1781809860266,1781809945116,,1781809860266
1022,0x0cb2e262060310be5eeedde974825ad8e4f931c494f19c0165ebbe025997bb28,9044dd71fc97a978f83189a46c5652abbf4ff028c3cf94ea866dfc487c14af0d,client_test_02_router_default,client-test-02,customer-test-02,0,"","",BTC/USD,62694222156863098585088,1781809835,confirmed,UtxoNotFound,"Error: {""contents"":{""contents"":{""contents"":{""era"":""ShelleyBasedEraConway"",""error"":[""ConwayUtxowFailure (UtxoFailure (InsufficientCollateral (DeltaCoin (-285803247)) (Coin 1318182)))"",""ConwayUtxowFailure (UtxoFailure (IncorrectTotalCollateralField (DeltaCoin (-285803247)) (Coin 5000000)))"",""ConwayUtxowFailure (UtxoFailure NoCollateralInputs)"",""ConwayUtxowFailure (UtxoFailure (BadInputsUTxO (NonEmptySet (fromList [TxIn (TxId {unTxId = SafeHash \""9c702b072a72ebde1ac14e613679cdb11d3e9ad586921d547df748be9e3f7b13\""}) (TxIx {unTxIx = 5})]))))"",""ConwayUtxowFailure (UtxoFailure (ValueNotConservedUTxO Mismatch (RelEQ) {supplied: MaryValue (Coin 10009400000) (MultiAsset (fromList [(PolicyID {policyID = ScriptHash \""02435906b5bf2ebac57a72d8d5609aa7f642b5e0e4d79666e0b1a293\""},fromList [(\""8a3859b168b77160150b13c200392328254c3758f082050fd7ec5c340ac2a497\"",1)]),(PolicyID {policyID = ScriptHash \""8621de3a416050365e18f7a200b99add3544491eb7d471cfad83913c\""},fromList [(\""4449415f52454345495645525f434c49454e545f544553545f3032\"",1)])])), expected: MaryValue (Coin 10300203247) (MultiAsset (fromList [(PolicyID {policyID = ScriptHash \""02435906b5bf2ebac57a72d8d5609aa7f642b5e0e4d79666e0b1a293\""},fromList [(\""8a3859b168b77160150b13c200392328254c3758f082050fd7ec5c340ac2a497\"",1)]),(PolicyID {policyID = ScriptHash \""8621de3a416050365e18f7a200b99add3544491eb7d471cfad83913c\""},fromList [(\""4449415f52454345495645525f434c49454e545f544553545f3032\"",1)])]))}))"",""ConwayUtxowFailure (UtxoFailure (UtxosFailure (CollectErrors (BadTranslation (BabbageContextError (AlonzoContextError (TranslationLogicMissingInput (TxIn (TxId {unTxId = SafeHash \""9c702b072a72ebde1ac14e613679cdb11d3e9ad586921d547df748be9e3f7b13\""}) (TxIx {unTxIx = 5}))))) :| []))))""],""kind"":""ShelleyTxValidationError""},""tag"":""TxValidationErrorInCardanoMode""},""tag"":""TxCmdTxSubmitValidationError""},""tag"":""TxSubmitFail""}",0,0,,,,1781809967824,1781809936135,1781809936135
1023,0xcad14edf198a8d81dbc9baee4f4ffdea3bb705a901c6bd965a727077d145131a,c1c5f6be71c5018b9df5432d696d5ec2ac30c743cf10ad1a589967d4d0eb2efe,client_test_01_router_a_majors,client-test-01,customer-test-01,0,"","",BTC/USD,"",0,confirmed,,,0,0,,,1781809978161,1781810025449,,1781809978161
1024,0x62fde8249d46a4a196df7c6762f60f282137e8428c30b0b07a2d6e22e179e242,c1c5f6be71c5018b9df5432d696d5ec2ac30c743cf10ad1a589967d4d0eb2efe,client_test_01_router_a_majors,client-test-01,customer-test-01,0,"","",ETH/USD,"",0,confirmed,,,0,0,,,1781809997488,1781810025666,,1781809997488
1025,0x700f47acd65015445dc69a67f490421ac319824b69059066c5a0f70bde381221,c1c5f6be71c5018b9df5432d696d5ec2ac30c743cf10ad1a589967d4d0eb2efe,client_test_01_router_a_majors,client-test-01,customer-test-01,0,"","",USDC/USD,"",0,confirmed,,,0,0,,,1781809997497,1781810025729,,1781809997497
1026,0x5ca17b8d2818e6d63a50f782e53b356e8b1ac7eecf9ec42b9107360fe93e1ef8,c1c5f6be71c5018b9df5432d696d5ec2ac30c743cf10ad1a589967d4d0eb2efe,client_test_01_router_a_majors,client-test-01,customer-test-01,0,"","",DOGE/USD,"",0,confirmed,,,0,0,,,1781809997503,1781810025755,,1781809997503
1027,0xb603abbc432e6f4df44158fb59c8fd4acb27beca916f113137605f219576edb7,c1c5f6be71c5018b9df5432d696d5ec2ac30c743cf10ad1a589967d4d0eb2efe,client_test_01_router_a_majors,client-test-01,customer-test-01,0,"","",USDT/USD,"",0,confirmed,,,0,0,,,1781809997512,1781810025770,,1781809997512
1028,0xb7613ea06e545d7d4da28fde75d77677bccdb5d399c4582673d0a6e0424e14aa,ba782ace116dc8458a70dea57989a77973409937aea9fc9e47f5ee40fe438560,client_test_01_router_a_majors,client-test-01,customer-test-01,0,"","",DOGE/USD,"",0,confirmed,,,0,0,,,1781810039060,1781810057741,,1781810039060
1029,0xcad14edf198a8d81dbc9baee4f4ffdea3bb705a901c6bd965a727077d145131a,"",client_test_01_router_a_majors,client-test-01,customer-test-01,0,"","",BTC/USD,62687389375000007933952,1781809930,failed,NonMonotonicNonce,"Intent for BTC/USD superseded on chain; not submitted.",0,0,,,,,1781810057721,1781810057721
1030,0x62fde8249d46a4a196df7c6762f60f282137e8428c30b0b07a2d6e22e179e242,"",client_test_01_router_a_majors,client-test-01,customer-test-01,0,"","",ETH/USD,1683141648617585508352,1781809931,failed,NonMonotonicNonce,"Intent for ETH/USD superseded on chain; not submitted.",0,0,,,,,1781810057730,1781810057730
1031,0x700f47acd65015445dc69a67f490421ac319824b69059066c5a0f70bde381221,"",client_test_01_router_a_majors,client-test-01,customer-test-01,0,"","",USDC/USD,999713680400000064,1781809937,failed,NonMonotonicNonce,"Intent for USDC/USD superseded on chain; not submitted.",0,0,,,,,1781810057739,1781810057739
1032,0x61e818139af62c879d397b0541953946a4dada18dddb4211c05700ac36fc608e,2c709a4529b988ff4b74cfa23188c8f52e4239d948642e8647602ee65640e6b8,client_test_01_router_a_majors,client-test-01,customer-test-01,0,"","",USDT/USD,"",0,confirmed,,,0,0,,,1781810159660,1781810175438,,1781810159660
1033,0x6d166d1b29ba1fa8683c494b4e56aaa7a9dbbe9babc5540e81d7737297f7bc83,332ee375fa3bf34e7ccefe4ee855d249951d2ed200d120bf05a7ea8f02d5c9d5,client_test_01_router_a_majors,client-test-01,customer-test-01,0,"","",BTC/USD,"",0,confirmed,,,0,0,,,1781810188681,1781810252168,,1781810188681
1034,0x6efb0596e551d365f8c34bb5037f857df0668d6b2ed89fdf9201688547d5c247,332ee375fa3bf34e7ccefe4ee855d249951d2ed200d120bf05a7ea8f02d5c9d5,client_test_01_router_a_majors,client-test-01,customer-test-01,0,"","",ETH/USD,"",0,confirmed,,,0,0,,,1781810188686,1781810252194,,1781810188686
1035,0x2d77a6a71d23480061d1e60c53fd6fba8bb81d4f541c06f6941c325ae6e85a80,332ee375fa3bf34e7ccefe4ee855d249951d2ed200d120bf05a7ea8f02d5c9d5,client_test_01_router_a_majors,client-test-01,customer-test-01,0,"","",USDC/USD,"",0,confirmed,,,0,0,,,1781810188694,1781810252207,,1781810188694
1036,0x9d968766620f5e99491c39b0a1caa3e7f14b78488c7331607b5773072a8f79a0,332ee375fa3bf34e7ccefe4ee855d249951d2ed200d120bf05a7ea8f02d5c9d5,client_test_01_router_a_majors,client-test-01,customer-test-01,0,"","",DOGE/USD,"",0,confirmed,,,0,0,,,1781810188701,1781810252223,,1781810188701
1037,0xc72810495ac7c5f8d99648a5e0e450dd3e339e8c2c896d4777023bf9b405a3ac,6175a52031f9dde086c9f0f8e0a4b81aa4b09a66584ef0106d1d79df69fa0eef,client_test_01_router_a_majors,client-test-01,customer-test-01,0,"","",USDC/USD,"",0,confirmed,,,0,0,,,1781810266127,1781810279211,,1781810266127
1038,0xa1443576060bf9b44887466b418602d5e417a28b4c2f8cbc9b8a457600d100a5,6175a52031f9dde086c9f0f8e0a4b81aa4b09a66584ef0106d1d79df69fa0eef,client_test_01_router_a_majors,client-test-01,customer-test-01,0,"","",DOGE/USD,"",0,confirmed,,,0,0,,,1781810266140,1781810279222,,1781810266140
1039,0x9072eea45f1098c345813976767778bb8e9922e3dd467e14fe4cc9d5e54ab9f4,6175a52031f9dde086c9f0f8e0a4b81aa4b09a66584ef0106d1d79df69fa0eef,client_test_01_router_a_majors,client-test-01,customer-test-01,0,"","",BTC/USD,"",0,confirmed,,,0,0,,,1781810266151,1781810279233,,1781810266151
1040,0xe9ed6da8d69200082594e991cf97858652036e8f1ce00a3f9251cd90fcf3fd4b,6175a52031f9dde086c9f0f8e0a4b81aa4b09a66584ef0106d1d79df69fa0eef,client_test_01_router_a_majors,client-test-01,customer-test-01,0,"","",ETH/USD,"",0,confirmed,,,0,0,,,1781810266158,1781810279248,,1781810266158
1041,0xa78e21a920415b1b20f0a397ac5f17505d8a4be032966b800f898defffe49798,e69014be14a676d63cffbcc2d022cb0408ab627e257a9ae06e9c58460176060d,client_test_01_router_a_majors,client-test-01,customer-test-01,0,"","",BTC/USD,"",0,confirmed,,,0,0,,,1781810459234,1781810552556,,1781810459234
1042,0x971ba23835ab183ca11734916071fb9f239a5b001281377b882ad69fe5c9921e,e69014be14a676d63cffbcc2d022cb0408ab627e257a9ae06e9c58460176060d,client_test_01_router_a_majors,client-test-01,customer-test-01,0,"","",ETH/USD,"",0,confirmed,,,0,0,,,1781810512745,1781810552572,,1781810512745
1043,0x0d0cc1254181b53b5f67ae2d39cc2498b57276ba4a9614b588de9768dc7a3da3,e69014be14a676d63cffbcc2d022cb0408ab627e257a9ae06e9c58460176060d,client_test_01_router_a_majors,client-test-01,customer-test-01,0,"","",USDT/USD,"",0,confirmed,,,0,0,,,1781810512750,1781810552585,,1781810512750
1044,0x5d2130680dfe532302e10765778ca97da5b4734fb798d23079ea1e3052269544,08d8bb61ceeabec9f79896f6f5d0e154e34d827c98a202848f9c00a55e8854d5,client_test_01_router_a_majors,client-test-01,customer-test-01,0,"","",BTC/USD,"",0,confirmed,,,0,0,,,1781810554540,1781810636366,,1781810554540
1045,0x5760fdc930727aacb5e229acd50d04b72aafb893bbbd9e759e99026f47bc91d2,08d8bb61ceeabec9f79896f6f5d0e154e34d827c98a202848f9c00a55e8854d5,client_test_01_router_a_majors,client-test-01,customer-test-01,0,"","",ETH/USD,"",0,confirmed,,,0,0,,,1781810605251,1781810636385,,1781810605251
1046,0x118ebceea663997b08233ec9968e68898e23ff39be06d681161b599bf04c61fc,08d8bb61ceeabec9f79896f6f5d0e154e34d827c98a202848f9c00a55e8854d5,client_test_01_router_a_majors,client-test-01,customer-test-01,0,"","",USDC/USD,"",0,confirmed,,,0,0,,,1781810605261,1781810636408,,1781810605261
1047,0xc2ed871263217b53a0260c9713def3df4b3523b6b10daea2412e3e5564d44d25,08d8bb61ceeabec9f79896f6f5d0e154e34d827c98a202848f9c00a55e8854d5,client_test_01_router_a_majors,client-test-01,customer-test-01,0,"","",DOGE/USD,"",0,confirmed,,,0,0,,,1781810605266,1781810636434,,1781810605266
1048,0x8ea55fec8fe4533a560a81e89d68d61ff280d3005d72082b29b83831268a586f,08d8bb61ceeabec9f79896f6f5d0e154e34d827c98a202848f9c00a55e8854d5,client_test_01_router_a_majors,client-test-01,customer-test-01,0,"","",USDT/USD,"",0,failed,CrashRecovery,"daemon restarted with submitted transaction awaiting confirmation",0,0,,,1781810605271,,1781818310741,1781810605271
1049,0x8ea55fec8fe4533a560a81e89d68d61ff280d3005d72082b29b83831268a586f,"",client_test_01_router_a_majors,client-test-01,customer-test-01,0,"","",USDT/USD,998717221224125056,1781810520,failed,CrashRecovery,"daemon restarted with submitted transaction awaiting confirmation",0,0,,,,,1781818310741,1781810636451
1050,0xe85f6ec1075cd57662327a4e38605d793f2d1211d6c4002766c0a797fe09cf59,6b3d11f8daa33e4a7858d8a551b831546f2385b525fccf190663525900e54d6a,client_test_01_router_a_majors,client-test-01,customer-test-01,0,"","",USDC/USD,"",0,confirmed,,,0,0,,,1781810648191,1781810676672,,1781810648191
1051,0x27932371f8e817c479b205c7455129318b5b4985ea15b81463e7e4658c12c39a,6b3d11f8daa33e4a7858d8a551b831546f2385b525fccf190663525900e54d6a,client_test_01_router_a_majors,client-test-01,customer-test-01,0,"","",DOGE/USD,"",0,confirmed,,,0,0,,,1781810648198,1781810676686,,1781810648198
1052,0x3ddf0f0aebe6f656e603704cf94a17130350a462e9425b5f5d10b61e8159f6b6,4083528d9cfc3f0b614940074f8ae6b6e8cea84926a5304900a9fe21292c0716,client_test_01_router_a_majors,client-test-01,customer-test-01,0,"","",BTC/USD,"",0,confirmed,,,0,0,,,1781810761292,1781810783178,,1781810761292
1053,0x12f6c1a27d21e67788598cdf7dddbba4e4372f96dc39cb8866a501005ebf7110,4083528d9cfc3f0b614940074f8ae6b6e8cea84926a5304900a9fe21292c0716,client_test_01_router_a_majors,client-test-01,customer-test-01,0,"","",ETH/USD,"",0,confirmed,,,0,0,,,1781810761303,1781810783193,,1781810761303
1054,0x2963bc2681bf253dd093f744d42e6a375c8f60bcce3ff02160f469f33bedb7bf,4083528d9cfc3f0b614940074f8ae6b6e8cea84926a5304900a9fe21292c0716,client_test_01_router_a_majors,client-test-01,customer-test-01,0,"","",USDC/USD,"",0,confirmed,,,0,0,,,1781810761310,1781810783208,,1781810761310
1055,0xd3bd8b0d6b2eef50f44e757d209bd5d048d9156558823927aac5b070b03dedf2,4083528d9cfc3f0b614940074f8ae6b6e8cea84926a5304900a9fe21292c0716,client_test_01_router_a_majors,client-test-01,customer-test-01,0,"","",DOGE/USD,"",0,confirmed,,,0,0,,,1781810761321,1781810783220,,1781810761321
1056,0x69665fed98741530d0f2ee3c451448284ae251377a214923af5a6460ec019bc6,41dedf9971b3bb59d8117506738358c9bee5d17381d0a6a2681e6a4693aafab4,client_test_01_router_a_majors,client-test-01,customer-test-01,0,"","",USDT/USD,"",0,confirmed,,,0,0,,,1781810797396,1781810833910,,1781810797396
1057,0x3ddf0f0aebe6f656e603704cf94a17130350a462e9425b5f5d10b61e8159f6b6,"",client_test_01_router_a_majors,client-test-01,customer-test-01,0,"","",BTC/USD,62630501003202790424576,1781810695,failed,NonMonotonicNonce,"Intent for BTC/USD superseded on chain; not submitted.",0,0,,,,,1781810833868,1781810833868
1058,0x12f6c1a27d21e67788598cdf7dddbba4e4372f96dc39cb8866a501005ebf7110,"",client_test_01_router_a_majors,client-test-01,customer-test-01,0,"","",ETH/USD,1683199095072972603392,1781810697,failed,NonMonotonicNonce,"Intent for ETH/USD superseded on chain; not submitted.",0,0,,,,,1781810833881,1781810833881
1059,0x2963bc2681bf253dd093f744d42e6a375c8f60bcce3ff02160f469f33bedb7bf,"",client_test_01_router_a_majors,client-test-01,customer-test-01,0,"","",USDC/USD,999717580380251136,1781810703,failed,NonMonotonicNonce,"Intent for USDC/USD superseded on chain; not submitted.",0,0,,,,,1781810833893,1781810833893
1060,0xd3bd8b0d6b2eef50f44e757d209bd5d048d9156558823927aac5b070b03dedf2,"",client_test_01_router_a_majors,client-test-01,customer-test-01,0,"","",DOGE/USD,82363911467176800,1781810708,failed,NonMonotonicNonce,"Intent for DOGE/USD superseded on chain; not submitted.",0,0,,,,,1781810833899,1781810833899
1061,0xe5c4c9e9634a7559dbef53e633b417ad4f502db5579b4f87ad64443dc55f454d,9b22da7a0ae2869bf9ea54b6b2a6f736829130c0980fa070267a6cd425b4c319,client_test_01_router_a_majors,client-test-01,customer-test-01,0,"","",BTC/USD,"",0,confirmed,,,0,0,,,1781811057068,1781811177625,,1781811057068
1062,0xaef132ed88687cead9f54bae6f9b2abf29990a145655cd019284d201a8a0a60f,9b22da7a0ae2869bf9ea54b6b2a6f736829130c0980fa070267a6cd425b4c319,client_test_01_router_a_majors,client-test-01,customer-test-01,0,"","",ETH/USD,"",0,confirmed,,,0,0,,,1781811128307,1781811177637,,1781811128307
1063,0x794aae1be1b681cbd4c41610cc975f7e40b8369df1d4dacb383ecc51e5206643,9b22da7a0ae2869bf9ea54b6b2a6f736829130c0980fa070267a6cd425b4c319,client_test_01_router_a_majors,client-test-01,customer-test-01,0,"","",USDC/USD,"",0,confirmed,,,0,0,,,1781811128318,1781811177647,,1781811128318
1064,0xc89137064f320cd3081d2461836fcec64b7dc5309e7f9f31fac97d82ee983f0a,9b22da7a0ae2869bf9ea54b6b2a6f736829130c0980fa070267a6cd425b4c319,client_test_01_router_a_majors,client-test-01,customer-test-01,0,"","",DOGE/USD,"",0,confirmed,,,0,0,,,1781811128326,1781811177658,,1781811128326
1065,0xc8608b0a45c938c58ebe8c9a5f07b2d6d136851d18a1f3a7d6227ea6e2798d7b,9b22da7a0ae2869bf9ea54b6b2a6f736829130c0980fa070267a6cd425b4c319,client_test_01_router_b_alts,client-test-01,customer-test-01,0,"","",LTC/USD,"",0,confirmed,,,0,0,,,1781811128331,1781811177666,,1781811128331
1066,0x291c6eb7906b7593969f9660b79d8b4ecf2dbd7e7a885a7733fdb0b1c74e0040,9b22da7a0ae2869bf9ea54b6b2a6f736829130c0980fa070267a6cd425b4c319,client_test_01_router_b_alts,client-test-01,customer-test-01,0,"","",ARB/USD,"",0,confirmed,,,0,0,,,1781811128338,1781811177674,,1781811128338
1067,0x321b4b9a30bda1b1f5535926219af92e46bf81f4723ad0716fd35369d02a76bc,9b22da7a0ae2869bf9ea54b6b2a6f736829130c0980fa070267a6cd425b4c319,client_test_01_router_b_alts,client-test-01,customer-test-01,0,"","",SHIB/USD,"",0,confirmed,,,0,0,,,1781811128343,1781811177681,,1781811128343
1068,0x715bd2bc1a7a3a9057f2f632c6df473c05036bcae7a53cc4af4ef2184705ae2f,927c4dd52db612fac184d71f95a05bc0726cb7df88ae566a4ae911be85405c58,client_test_01_router_a_majors,client-test-01,customer-test-01,0,"","",BTC/USD,"",0,confirmed,,,0,0,,,1781811184614,1781811257489,,1781811184614
1069,0xc55cf6de884674fbe00102246f78b81d13de357a3d92bffad3f224b18e6f7634,92faf0c3faada012d947005985c57cec85c4bb1356f35394f189c0a844cfd071,client_test_01_router_a_majors,client-test-01,customer-test-01,0,"","",USDT/USD,"",0,confirmed,,,0,0,,,1781811271046,1781811296293,,1781811271046
1070,0xb7f7fa33e5a37da3f5bfb8df52e9f77856daff8a51e7b67cc70397975c967e54,92faf0c3faada012d947005985c57cec85c4bb1356f35394f189c0a844cfd071,client_test_01_router_a_majors,client-test-01,customer-test-01,0,"","",DOGE/USD,"",0,failed,CrashRecovery,"daemon restarted with submitted transaction awaiting confirmation",0,0,,,1781811271053,,1781818310738,1781811271053
1071,0x08a95f8a48266bf17bea9af40250d1513339de617d3a159759de65fdc602738c,92faf0c3faada012d947005985c57cec85c4bb1356f35394f189c0a844cfd071,client_test_01_router_b_alts,client-test-01,customer-test-01,0,"","",SHIB/USD,"",0,confirmed,,,0,0,,,1781811271061,1781811296316,,1781811271061
1072,0x373ed24d35325bedcdf5dfdf9223f6b097564958b5e1b18f49a3e1dcf5528f8d,92faf0c3faada012d947005985c57cec85c4bb1356f35394f189c0a844cfd071,client_test_01_router_b_alts,client-test-01,customer-test-01,0,"","",NEIRO/USD,"",0,failed,CrashRecovery,"daemon restarted with submitted transaction awaiting confirmation",0,0,,,1781811271070,,1781818310735,1781811271070
1073,0xbb1421e84fff6f6c6c029dc4e41b3a09f33d8805c82cf2ce7399c6826835893c,92faf0c3faada012d947005985c57cec85c4bb1356f35394f189c0a844cfd071,client_test_01_router_b_alts,client-test-01,customer-test-01,0,"","",XVG/USD,"",0,confirmed,,,0,0,,,1781811271078,1781811296341,,1781811271078
1074,0xf6de775e5ec67db4d98aa6fe8e255c68b244829cfbf14e82f6ab76a81577e823,92faf0c3faada012d947005985c57cec85c4bb1356f35394f189c0a844cfd071,client_test_01_router_a_majors,client-test-01,customer-test-01,0,"","",BTC/USD,"",0,confirmed,,,0,0,,,1781811271087,1781811296357,,1781811271087
1075,0xde5dc680affad7c9739f29a2a0ddd453a50dcd2dbd508229f25011b297e1b2ed,92faf0c3faada012d947005985c57cec85c4bb1356f35394f189c0a844cfd071,client_test_01_router_a_majors,client-test-01,customer-test-01,0,"","",ETH/USD,"",0,confirmed,,,0,0,,,1781811271095,1781811296373,,1781811271095
1076,0x84630f828e5296188268cb57fdaa85fc9cc8e4a8759111657a4f085aa710fda3,92faf0c3faada012d947005985c57cec85c4bb1356f35394f189c0a844cfd071,client_test_01_router_b_alts,client-test-01,customer-test-01,0,"","",LTC/USD,"",0,confirmed,,,0,0,,,1781811271102,1781811296391,,1781811271102
1077,0xa3214230386aea16316c787aff8d08f4c5ab35b405c7576de39deb526ed2e572,92faf0c3faada012d947005985c57cec85c4bb1356f35394f189c0a844cfd071,client_test_01_router_b_alts,client-test-01,customer-test-01,0,"","",ARB/USD,"",0,confirmed,,,0,0,,,1781811271110,1781811296411,,1781811271110
1078,0x4fef79c438bd236558d646ec8ce7289fb5c4b38dfb7a4918ed7f87e4563b476c,92faf0c3faada012d947005985c57cec85c4bb1356f35394f189c0a844cfd071,client_test_01_router_a_majors,client-test-01,customer-test-01,0,"","",USDC/USD,"",0,confirmed,,,0,0,,,1781811271118,1781811296424,,1781811271118
1079,0xb7f7fa33e5a37da3f5bfb8df52e9f77856daff8a51e7b67cc70397975c967e54,"",client_test_01_router_a_majors,client-test-01,customer-test-01,0,"","",DOGE/USD,82384235978726520,1781811140,failed,CrashRecovery,"daemon restarted with submitted transaction awaiting confirmation",0,0,,,,,1781818310738,1781811296311
1080,0x373ed24d35325bedcdf5dfdf9223f6b097564958b5e1b18f49a3e1dcf5528f8d,"",client_test_01_router_b_alts,client-test-01,customer-test-01,0,"","",NEIRO/USD,65108727650000,1781811168,failed,CrashRecovery,"daemon restarted with submitted transaction awaiting confirmation",0,0,,,,,1781818310735,1781811296334
1081,0x34e268eb7a9e149069cae93f2dbf8aaed333e51f110a3554cf2c79b7990998b2,"",client_test_01_router_b_alts,client-test-01,customer-test-01,0,"","",XVG/USD,2524700960000000,1781811272,failed,NonMonotonicNonce,"Intent for XVG/USD superseded on chain; not submitted.",0,0,,,,,1781811301618,1781811301618
1082,0x785a6daf7906599f779e1d02eb3580f92543e680339fa7f335557e1e482f95e6,"",client_test_01_router_a_majors,client-test-01,customer-test-01,0,"","",USDT/USD,998730000000000000,1781811274,failed,NonMonotonicNonce,"Intent for USDT/USD superseded on chain; not submitted.",0,0,,,,,1781811301626,1781811301626
1083,0x2826e195606759a82813a6fdf6c8e563c69fc30ff9d8a5997ed3550699eefdf5,"",client_test_01_router_b_alts,client-test-01,customer-test-01,0,"","",NEIRO/USD,65113721200000,1781811261,failed,NonMonotonicNonce,"Intent for NEIRO/USD superseded on chain; not submitted.",0,0,,,,,1781811301635,1781811301635
1084,0x5c5263bc1e66f490fd930f2133060f896a463eb1330926e00b7ccd11213c559c,5e2522d7035ab36e5faae931837733b463f1306acff9fb580d4ff67cf41a430d,client_test_01_router_b_alts,client-test-01,customer-test-01,0,"","",NEIRO/USD,"",0,confirmed,,,0,0,,,1781811311716,1781811352004,,1781811311716
1085,0xf8b0cbedb1705d0dca36375f53f0c39787f9850e0f29ceebde6dc8e88316d23f,af89eef1fd3595ea7a3fca4d97d2aee61ccbad4497777f1bcce9de8e2b2bf9e1,client_test_01_router_a_majors,client-test-01,customer-test-01,0,"","",BTC/USD,"",0,confirmed,,,0,0,,,1781811367123,1781811421538,,1781811367123
1086,0xfdfe282b8c5e51acfb2cbb106b7afb53b37b3996cef8caa2457d6069984076d8,af89eef1fd3595ea7a3fca4d97d2aee61ccbad4497777f1bcce9de8e2b2bf9e1,client_test_01_router_a_majors,client-test-01,customer-test-01,0,"","",ETH/USD,"",0,confirmed,,,0,0,,,1781811367129,1781811421550,,1781811367129
1087,0x0140d7da5839e1d7c0b2e97c8806a777271ae35c7a7ed6281a81df092136a97e,af89eef1fd3595ea7a3fca4d97d2aee61ccbad4497777f1bcce9de8e2b2bf9e1,client_test_01_router_a_majors,client-test-01,customer-test-01,0,"","",USDC/USD,"",0,confirmed,,,0,0,,,1781811367136,1781811421563,,1781811367136
1088,0x1974fe3f2ea9cf5a0515fdf36237c6b1fe92a9f45075c9f452af946a3d818a67,af89eef1fd3595ea7a3fca4d97d2aee61ccbad4497777f1bcce9de8e2b2bf9e1,client_test_01_router_a_majors,client-test-01,customer-test-01,0,"","",USDT/USD,"",0,confirmed,,,0,0,,,1781811367144,1781811421577,,1781811367144
1089,0x6b663e62fc5f18a424d78ae7d653e4877a4fe121697a6a2bf6b23b49476303ad,af89eef1fd3595ea7a3fca4d97d2aee61ccbad4497777f1bcce9de8e2b2bf9e1,client_test_01_router_a_majors,client-test-01,customer-test-01,0,"","",DOGE/USD,"",0,confirmed,,,0,0,,,1781811367151,1781811421593,,1781811367151
1090,0x5c5263bc1e66f490fd930f2133060f896a463eb1330926e00b7ccd11213c559c,"",client_test_01_router_b_alts,client-test-01,customer-test-01,0,"","",NEIRO/USD,65113721200000,1781811297,failed,NonMonotonicNonce,"Intent for NEIRO/USD superseded on chain; not submitted.",0,0,,,,,1781811421612,1781811421612
1091,0xaed3a69427f5e531412f658b65bc44afc3e2432446cab941ce1a6aeeb3cd2468,1de1b70dd3fb9992d4acd81adfea5887d67444b599ebde3d02ca0ffb34b28dc9,client_test_01_router_a_majors,client-test-01,customer-test-01,0,"","",BTC/USD,"",0,confirmed,,,0,0,,,1781811435098,1781811459684,,1781811435098
1092,0x833358917be06986cdc635b7e98da7b9d030509d7f21536aa67774e2cc3caec7,1de1b70dd3fb9992d4acd81adfea5887d67444b599ebde3d02ca0ffb34b28dc9,client_test_01_router_a_majors,client-test-01,customer-test-01,0,"","",ETH/USD,"",0,confirmed,,,0,0,,,1781811435106,1781811459723,,1781811435106
1093,0x9884a5dd4f137bedc399fa089f6d946c26a31782a39cb1bf98e48e155e1eb605,1de1b70dd3fb9992d4acd81adfea5887d67444b599ebde3d02ca0ffb34b28dc9,client_test_01_router_a_majors,client-test-01,customer-test-01,0,"","",USDC/USD,"",0,confirmed,,,0,0,,,1781811435111,1781811459739,,1781811435111
1094,0x72568df76178592a120e544b055b2c6fc82038342219a11f17f026641af0db49,1de1b70dd3fb9992d4acd81adfea5887d67444b599ebde3d02ca0ffb34b28dc9,client_test_01_router_a_majors,client-test-01,customer-test-01,0,"","",DOGE/USD,"",0,confirmed,,,0,0,,,1781811435116,1781811459849,,1781811435116
1095,0x08808c67c9b44ef66cb04d918f26bfe0760d3fa1b50b1511593432d50cded3d0,a265b5d6955df2d730c7e98225c662141b7a7984bfc3d0736c50fd7d4de43867,client_test_01_router_a_majors,client-test-01,customer-test-01,0,"","",USDT/USD,"",0,confirmed,,,0,0,,,1781811655404,1781811688946,,1781811655404
1096,0xd6e273da6228df3be88561457f0f80f97f63854157168c7bafbc156d63f95818,e7f50a1a47195696bd78e75b7db4f081e02e7215909b08e90cfec63c99e3c170,client_test_01_router_a_majors,client-test-01,customer-test-01,0,"","",BTC/USD,"",0,confirmed,,,0,0,,,1781811685554,1781811859788,,1781811685554
1097,0x8e9eb6fe571283489530264966239b4e480f6e72e4c826bd380d6cddf17d28b5,e7f50a1a47195696bd78e75b7db4f081e02e7215909b08e90cfec63c99e3c170,client_test_01_router_a_majors,client-test-01,customer-test-01,0,"","",ETH/USD,"",0,confirmed,,,0,0,,,1781811721678,1781811859799,,1781811721678
1098,0x2d6b4edf08f015714be0b4247281d401cb8b23d2b99c4d9bd74ef4272d2d9fc4,e7f50a1a47195696bd78e75b7db4f081e02e7215909b08e90cfec63c99e3c170,client_test_01_router_a_majors,client-test-01,customer-test-01,0,"","",USDC/USD,"",0,confirmed,,,0,0,,,1781811721688,1781811859819,,1781811721688
1099,0xb5c8fadbaeb96e3b850f0b65d187eeb1d2c32ad241fbb3b1485a45ddfa2c78f5,e7f50a1a47195696bd78e75b7db4f081e02e7215909b08e90cfec63c99e3c170,client_test_01_router_a_majors,client-test-01,customer-test-01,0,"","",DOGE/USD,"",0,confirmed,,,0,0,,,1781811721694,1781811859830,,1781811721694
1100,0xd6e273da6228df3be88561457f0f80f97f63854157168c7bafbc156d63f95818,e7f50a1a47195696bd78e75b7db4f081e02e7215909b08e90cfec63c99e3c170,client_test_02_router_default,client-test-02,customer-test-02,0,"","",BTC/USD,62634037576240136716288,1781811638,confirmed,NonMonotonicNonce,"Oracle intent timestamp must be greater than the current on-chain timestamp; intent superseded, not submitted.",0,0,,,,1781811859788,1781811727717,1781811727717
1101,0x08808c67c9b44ef66cb04d918f26bfe0760d3fa1b50b1511593432d50cded3d0,"",client_test_01_router_a_majors,client-test-01,customer-test-01,0,"","",USDT/USD,998739430830550464,1781811595,failed,NonMonotonicNonce,"Intent for USDT/USD superseded on chain; not submitted.",0,0,,,,,1781811859814,1781811859814
1102,0x4bd29dc61356604a0f68613db3a66fbc2043485c21fd4002b345c8b25c872bb3,a95673cccd07ca37698988323d6f0fcf8a59f4eb22415687bb0ce06b46f95157,client_test_01_router_a_majors,client-test-01,customer-test-01,0,"","",DOGE/USD,"",0,confirmed,,,0,0,,,1781811873559,1781811889107,,1781811873559
1103,0x59e897bb392b00831e6ffc56c6936a7567940e90e53e63709799f74eeda76c9e,a95673cccd07ca37698988323d6f0fcf8a59f4eb22415687bb0ce06b46f95157,client_test_01_router_a_majors,client-test-01,customer-test-01,0,"","",BTC/USD,"",0,confirmed,,,0,0,,,1781811873569,1781811889124,,1781811873569
1104,0xa57f357361de4d6bfa9b4054e41cffbd320bd2fe4a0ac37644ce85cb7fc383c7,a95673cccd07ca37698988323d6f0fcf8a59f4eb22415687bb0ce06b46f95157,client_test_01_router_a_majors,client-test-01,customer-test-01,0,"","",ETH/USD,"",0,confirmed,,,0,0,,,1781811873574,1781811889135,,1781811873574
1105,0xfcfed262245f91213159e082f6ac7336f4d3d497cd9ff11ae426995a07e0e3c2,a95673cccd07ca37698988323d6f0fcf8a59f4eb22415687bb0ce06b46f95157,client_test_01_router_a_majors,client-test-01,customer-test-01,0,"","",USDC/USD,"",0,confirmed,,,0,0,,,1781811873580,1781811889149,,1781811873580
1106,0x5d0b46d11fc798f865c81bfdc9ba0a0f342df892de4077c3101f13f70b48077e,4566e8e9e9746f3022a0e7c75ce88bca1f9a9c4224f85607a690011712a270e7,client_test_01_router_a_majors,client-test-01,customer-test-01,0,"","",USDT/USD,"",0,confirmed,,,0,0,,,1781811954840,1781811985387,,1781811954840
1107,0x70e525c1fe8bebc3d41816f9edb38ee576dc34cb9b6c14f21f932e56f3ce798c,c06b7ae12570837716aa501257a4a1706cfd3a33d78ba72dfe124e004deb4f9b,client_test_01_router_a_majors,client-test-01,customer-test-01,0,"","",BTC/USD,"",0,confirmed,,,0,0,,,1781811999758,1781812096258,,1781811999758
1108,0x8809afe86d90b8a91ab896b1a6bae54ca72ff32447bdccb28f2e928db8cd0bde,c06b7ae12570837716aa501257a4a1706cfd3a33d78ba72dfe124e004deb4f9b,client_test_01_router_a_majors,client-test-01,customer-test-01,0,"","",ETH/USD,"",0,confirmed,,,0,0,,,1781811999768,1781812096271,,1781811999768
1109,0x05ac0338fce158a993f272690ac5681f9205a5760ed484b6e7e6e95cfe935773,c06b7ae12570837716aa501257a4a1706cfd3a33d78ba72dfe124e004deb4f9b,client_test_01_router_a_majors,client-test-01,customer-test-01,0,"","",USDC/USD,"",0,confirmed,,,0,0,,,1781811999779,1781812096287,,1781811999779
1110,0xec8c64fde92ec439f5898eac2992365f5f7ba2e566efd075b0add4cc99aa0c6c,c06b7ae12570837716aa501257a4a1706cfd3a33d78ba72dfe124e004deb4f9b,client_test_01_router_a_majors,client-test-01,customer-test-01,0,"","",DOGE/USD,"",0,confirmed,,,0,0,,,1781811999791,1781812096300,,1781811999791
1111,0xb8b1032140fe69f551ae73b102b7bb2f45d55de3ced220fe7bebecd786fca6e0,c06b7ae12570837716aa501257a4a1706cfd3a33d78ba72dfe124e004deb4f9b,client_test_01_router_a_majors,client-test-01,customer-test-01,0,"","",USDT/USD,"",0,confirmed,,,0,0,,,1781811999803,1781812096310,,1781811999803
1112,0xb17ef50707951d3215ab17fe554989fda0ae837856957d9b67a540401635672c,92d367f0fa591a267cdf525eeedae36db31c4ec836b5771d8507d94731d6758e,client_test_01_router_a_majors,client-test-01,customer-test-01,0,"","",BTC/USD,"",0,confirmed,,,0,0,,,1781812109685,1781812170401,,1781812109685
1113,0xccaf495b54bb5a83b3ae5e51ea7e6c7ea92d965a4ea97ac46ad0264a7264e3dc,92d367f0fa591a267cdf525eeedae36db31c4ec836b5771d8507d94731d6758e,client_test_01_router_a_majors,client-test-01,customer-test-01,0,"","",ETH/USD,"",0,confirmed,,,0,0,,,1781812109693,1781812170415,,1781812109693
1114,0xa729dfc1460409bc1fdb69e9fca5a84af57a5f5f3dba86c790735265ba9f75d0,92d367f0fa591a267cdf525eeedae36db31c4ec836b5771d8507d94731d6758e,client_test_01_router_a_majors,client-test-01,customer-test-01,0,"","",USDC/USD,"",0,confirmed,,,0,0,,,1781812109700,1781812170430,,1781812109700
1115,0xf9a959aff235663d25cf833321f6a26126df5bce19fd016f573b6cf4bfdfe209,92d367f0fa591a267cdf525eeedae36db31c4ec836b5771d8507d94731d6758e,client_test_01_router_a_majors,client-test-01,customer-test-01,0,"","",DOGE/USD,"",0,confirmed,,,0,0,,,1781812109711,1781812170443,,1781812109711
1116,0x21b50364129e840e4dd92f5cfb7acc77c4d37101a87f79f4731f4521cbfb3fda,5f14a532b4b8615b7267f8d28edfc1dd921d683840bd370e20b5d549ac927775,client_test_01_router_a_majors,client-test-01,customer-test-01,0,"","",BTC/USD,"",0,confirmed,,,0,0,,,1781812254635,1781812294463,,1781812254635
1117,0x2f4c6f829dd915a6d14eb3f0f835fed64ad0e05cb2fc46db30d641321023e2d6,5f14a532b4b8615b7267f8d28edfc1dd921d683840bd370e20b5d549ac927775,client_test_01_router_a_majors,client-test-01,customer-test-01,0,"","",ETH/USD,"",0,confirmed,,,0,0,,,1781812275457,1781812294477,,1781812275457
1118,0xe4cb1e583c59600031e5e8f1d761e80ec7cec4acc6f8e2a703aba2f694d864bd,5f14a532b4b8615b7267f8d28edfc1dd921d683840bd370e20b5d549ac927775,client_test_01_router_a_majors,client-test-01,customer-test-01,0,"","",USDC/USD,"",0,confirmed,,,0,0,,,1781812275464,1781812294491,,1781812275464
1119,0x5febaa123f9a4776688a8bbb30a9fadb621ca7ebeda69d7169f4f615c9aa7897,5f14a532b4b8615b7267f8d28edfc1dd921d683840bd370e20b5d549ac927775,client_test_01_router_a_majors,client-test-01,customer-test-01,0,"","",USDT/USD,"",0,confirmed,,,0,0,,,1781812275472,1781812294504,,1781812275472
1120,0x21b50364129e840e4dd92f5cfb7acc77c4d37101a87f79f4731f4521cbfb3fda,5f14a532b4b8615b7267f8d28edfc1dd921d683840bd370e20b5d549ac927775,client_test_02_router_default,client-test-02,customer-test-02,0,"","",BTC/USD,62671642714148423335936,1781812200,confirmed,NonMonotonicNonce,"Oracle intent timestamp must be greater than the current on-chain timestamp; intent superseded, not submitted.",0,0,,,,1781812294463,1781812287556,1781812287556
1121,0x7caee56b7e78d5e5e6736304ddf544c309dde1ff4632449ba53f1bf013b0a794,30b8989966741c0f85baa5631099cfeaae2f0be31ac18ced89215e8d79714d6a,client_test_01_router_a_majors,client-test-01,customer-test-01,0,"","",DOGE/USD,"",0,confirmed,,,0,0,,,1781812308053,1781812338817,,1781812308053
1122,0xecd44d27c27f3ebd87feffd3d1432e36146ba4d6636a172a18b845b6e5f558b2,30b8989966741c0f85baa5631099cfeaae2f0be31ac18ced89215e8d79714d6a,client_test_01_router_a_majors,client-test-01,customer-test-01,0,"","",USDT/USD,"",0,confirmed,,,0,0,,,1781812308061,1781812338829,,1781812308061
1123,0x21b50364129e840e4dd92f5cfb7acc77c4d37101a87f79f4731f4521cbfb3fda,"",client_test_01_router_a_majors,client-test-01,customer-test-01,0,"","",BTC/USD,62671642714148423335936,1781812200,failed,NonMonotonicNonce,"Intent for BTC/USD superseded on chain; not submitted.",0,0,,,,,1781812338798,1781812338798
1124,0x2f4c6f829dd915a6d14eb3f0f835fed64ad0e05cb2fc46db30d641321023e2d6,"",client_test_01_router_a_majors,client-test-01,customer-test-01,0,"","",ETH/USD,1687605178732049072128,1781812201,failed,NonMonotonicNonce,"Intent for ETH/USD superseded on chain; not submitted.",0,0,,,,,1781812338807,1781812338807
1125,0xe4cb1e583c59600031e5e8f1d761e80ec7cec4acc6f8e2a703aba2f694d864bd,"",client_test_01_router_a_majors,client-test-01,customer-test-01,0,"","",USDC/USD,999722069878537792,1781812209,failed,NonMonotonicNonce,"Intent for USDC/USD superseded on chain; not submitted.",0,0,,,,,1781812338814,1781812338814
1126,0xc6dd716b986920c041b9fe9be43a1784b1beabba091fb3dd41352c02ecdc5a40,67a0bffed8849c536f73d2d892065a59bec1c53b69d9baea7619f38cf29766ed,client_test_01_router_a_majors,client-test-01,customer-test-01,0,"","",DOGE/USD,"",0,confirmed,,,0,0,,,1781812349168,1781812427446,,1781812349168
1127,0x4a2f611cebedfd85e461f4d46db3b88dbff341c9aa73c85e3fb852a003781aa8,255071202a7ae21e665097e0497cf6ee600e146ee5d715541ca1db220e2f5938,client_test_01_router_a_majors,client-test-01,customer-test-01,0,"","",BTC/USD,"",0,confirmed,,,0,0,,,1781812556586,1781812608565,,1781812556586
1128,0x793d972f6bcdbf1f690333301a4eae1937cc861dc82fa69003208eca9c0b7459,255071202a7ae21e665097e0497cf6ee600e146ee5d715541ca1db220e2f5938,client_test_01_router_a_majors,client-test-01,customer-test-01,0,"","",ETH/USD,"",0,confirmed,,,0,0,,,1781812556595,1781812608579,,1781812556595
1129,0x34bd9bd8fc484192ba1e5829355bfbd30a9a41bcabb80c71b5a899b85777bd77,255071202a7ae21e665097e0497cf6ee600e146ee5d715541ca1db220e2f5938,client_test_01_router_a_majors,client-test-01,customer-test-01,0,"","",USDC/USD,"",0,confirmed,,,0,0,,,1781812556603,1781812608590,,1781812556603
1130,0x47d6d87e2dd520f4cf7ab4582c95031aab525577ad688ad33af46c709cbdeb34,255071202a7ae21e665097e0497cf6ee600e146ee5d715541ca1db220e2f5938,client_test_01_router_a_majors,client-test-01,customer-test-01,0,"","",DOGE/USD,"",0,confirmed,,,0,0,,,1781812556607,1781812608602,,1781812556607
1131,0xdfea33c413ac8c3cfe88a84102c544417a2127f78cbd6f01444301c831efa482,08e06330feb493314ad6bd3b5c75ae6ceeebf164acb03dce73776f0603b1caff,client_test_01_router_a_majors,client-test-01,customer-test-01,0,"","",USDC/USD,"",0,confirmed,,,0,0,,,1781812622890,1781812641781,,1781812622890
1132,0x4ec5f49ea9889623f69772c09627d7a1bc72098cd591cf73bee71a6b0245c7ef,08e06330feb493314ad6bd3b5c75ae6ceeebf164acb03dce73776f0603b1caff,client_test_01_router_a_majors,client-test-01,customer-test-01,0,"","",USDT/USD,"",0,confirmed,,,0,0,,,1781812622899,1781812641795,,1781812622899
1133,0x13f20fe7d3fd11409217607ddaf1e08faf2408f761d5386d9599bf3871964da8,08e06330feb493314ad6bd3b5c75ae6ceeebf164acb03dce73776f0603b1caff,client_test_01_router_a_majors,client-test-01,customer-test-01,0,"","",DOGE/USD,"",0,confirmed,,,0,0,,,1781812622905,1781812641804,,1781812622905
1134,0x31bbdb1ab401c824968c3459c6afab3e472f4feb679e71c3992cd6b74915c68b,08e06330feb493314ad6bd3b5c75ae6ceeebf164acb03dce73776f0603b1caff,client_test_01_router_a_majors,client-test-01,customer-test-01,0,"","",BTC/USD,"",0,confirmed,,,0,0,,,1781812622912,1781812641813,,1781812622912
1135,0x5d24fc7d27e7327c7d0d9f6dd78c1a44457d23843855d699d52ea48007a8042a,08e06330feb493314ad6bd3b5c75ae6ceeebf164acb03dce73776f0603b1caff,client_test_01_router_a_majors,client-test-01,customer-test-01,0,"","",ETH/USD,"",0,confirmed,,,0,0,,,1781812622916,1781812641824,,1781812622916
1136,0xce16b40c6947f9bf0ac326d7acfafcdff4a139f0b444319c1c7e168e912d4e1e,2d2e163ca07c13c27a81677e6577c8b15639b0155b62e48287c6652223d6efc3,client_test_01_router_a_majors,client-test-01,customer-test-01,0,"","",USDT/USD,"",0,confirmed,,,0,0,,,1781812652157,1781812748657,,1781812652157
1137,0x7b56f465e7eac40e8f4cb788d5a9d87883d19dcac504d0e67e64c7c66e1115cf,0653ee041651225fb0590b676abdec77fd34199b4c3f5c66e2fb1d682038c7d8,client_test_01_router_a_majors,client-test-01,customer-test-01,0,"","",BTC/USD,"",0,confirmed,,,0,0,,,1781812853568,1781812955758,,1781812853568
1138,0x164ad9e12ed98257eb4f4b7de6a2761f7d94bd591106f1ba8d2763b4b4f72bb9,0653ee041651225fb0590b676abdec77fd34199b4c3f5c66e2fb1d682038c7d8,client_test_01_router_a_majors,client-test-01,customer-test-01,0,"","",ETH/USD,"",0,confirmed,,,0,0,,,1781812898293,1781812955773,,1781812898293
1139,0x26bfead327005af26ca5ff214a9d979c18b8a73e38972c44ad87c7b6f3a3d737,0653ee041651225fb0590b676abdec77fd34199b4c3f5c66e2fb1d682038c7d8,client_test_01_router_a_majors,client-test-01,customer-test-01,0,"","",USDC/USD,"",0,confirmed,,,0,0,,,1781812898300,1781812955781,,1781812898300
1140,0x29cf8f1bff597a47e22025c164e52567f8dbed64bf15a951a2cdc77cbe1c4983,0653ee041651225fb0590b676abdec77fd34199b4c3f5c66e2fb1d682038c7d8,client_test_01_router_a_majors,client-test-01,customer-test-01,0,"","",DOGE/USD,"",0,confirmed,,,0,0,,,1781812898306,1781812955790,,1781812898306
1141,0x4f32c73f41b3a01b3b238d526789aebf7f741976eaf68d199d13b897d3c64c51,0653ee041651225fb0590b676abdec77fd34199b4c3f5c66e2fb1d682038c7d8,client_test_01_router_b_alts,client-test-01,customer-test-01,0,"","",LTC/USD,"",0,confirmed,,,0,0,,,1781812898310,1781812955797,,1781812898310
1142,0x91f6e97b99c35277db98e3eab152b5895465bbe0e0c71c49b4a6aacaa6d57dc4,0653ee041651225fb0590b676abdec77fd34199b4c3f5c66e2fb1d682038c7d8,client_test_01_router_b_alts,client-test-01,customer-test-01,0,"","",SHIB/USD,"",0,confirmed,,,0,0,,,1781812898315,1781812955805,,1781812898315
1143,0xa8bab7c475531d82a0ba22ac96bfd86d7dda4bc5ed4695ff5116d5a37fb2a3f7,c074ac0614105375900db4d2e962e828db02dd5fb4ef76574a79836a407cc9df,client_test_01_router_a_majors,client-test-01,customer-test-01,0,"","",BTC/USD,"",0,confirmed,,,0,0,,,1781812962221,1781813151265,,1781812962221
1144,0x7f96807937504873933ca2011f4941702a2280f2628cda379c35be12125a7c15,c074ac0614105375900db4d2e962e828db02dd5fb4ef76574a79836a407cc9df,client_test_01_router_a_majors,client-test-01,customer-test-01,0,"","",USDT/USD,"",0,confirmed,,,0,0,,,1781813000044,1781813151207,,1781813000044
1145,0xc8b59da8dd3122e9c9138fdd5948ab14ec1aaecc512b24dd2cf99dc949ccc6f0,c074ac0614105375900db4d2e962e828db02dd5fb4ef76574a79836a407cc9df,client_test_01_router_a_majors,client-test-01,customer-test-01,0,"","",DOGE/USD,"",0,confirmed,,,0,0,,,1781813000055,1781813151222,,1781813000055
1146,0x524fde96107878278633c629d52baf73ef6f8ca36c57aae988735b0a0dec52b1,c074ac0614105375900db4d2e962e828db02dd5fb4ef76574a79836a407cc9df,client_test_01_router_b_alts,client-test-01,customer-test-01,0,"","",SHIB/USD,"",0,confirmed,,,0,0,,,1781813000061,1781813151233,,1781813000061
1147,0x4cb150a5f8bc49632ac7600bc18d3edac1df1cf789f828350f6bcad965fd152a,c074ac0614105375900db4d2e962e828db02dd5fb4ef76574a79836a407cc9df,client_test_01_router_b_alts,client-test-01,customer-test-01,0,"","",NEIRO/USD,"",0,confirmed,,,0,0,,,1781813000067,1781813151245,,1781813000067
1148,0xfe85c33371163096f071105efa749a665660063df99cfc5fcbb8e07f760dcdb9,c074ac0614105375900db4d2e962e828db02dd5fb4ef76574a79836a407cc9df,client_test_01_router_b_alts,client-test-01,customer-test-01,0,"","",XVG/USD,"",0,confirmed,,,0,0,,,1781813000073,1781813151256,,1781813000073
1149,0x9752138ff213c83cf54fd0e51e17f1e97a7b9a3f014d9e2e8f7fe9d073ed9724,c074ac0614105375900db4d2e962e828db02dd5fb4ef76574a79836a407cc9df,client_test_01_router_a_majors,client-test-01,customer-test-01,0,"","",ETH/USD,"",0,confirmed,,,0,0,,,1781813000077,1781813151272,,1781813000077
1150,0x711852bac83ac5587add0c37d291bdb7d837113a8e9a026dfa2988ac072fa144,c074ac0614105375900db4d2e962e828db02dd5fb4ef76574a79836a407cc9df,client_test_01_router_b_alts,client-test-01,customer-test-01,0,"","",LTC/USD,"",0,confirmed,,,0,0,,,1781813000082,1781813151289,,1781813000082
1151,0xe31b15b60d58d1f0c1517013f6ab79d489cc38721165e4af4dc7b795afdedd49,c074ac0614105375900db4d2e962e828db02dd5fb4ef76574a79836a407cc9df,client_test_01_router_b_alts,client-test-01,customer-test-01,0,"","",ARB/USD,"",0,confirmed,,,0,0,,,1781813000088,1781813151316,,1781813000088
1152,0x579d752964acd1091f39e5774ee80d0aa5b625513147a4cd67ca740399d2297a,c074ac0614105375900db4d2e962e828db02dd5fb4ef76574a79836a407cc9df,client_test_01_router_a_majors,client-test-01,customer-test-01,0,"","",USDC/USD,"",0,confirmed,,,0,0,,,1781813000093,1781813151333,,1781813000093
1153,0x38df0ef6d240a23160e0cfbd5ed72841a9d1e85b68506caa7bfeb9ab141e8915,cc5b64f57287625ce1fdd734af2633051561f20f500453359a7131ff2a954587,client_test_01_router_a_majors,client-test-01,customer-test-01,0,"","",USDT/USD,"",0,confirmed,,,0,0,,,1781813219516,1781813262483,,1781813219516
1154,0xbb92c422035fbaa56409ef45a1af32b7c1a1cfaa789b80fc763b4a43c60185d3,cc5b64f57287625ce1fdd734af2633051561f20f500453359a7131ff2a954587,client_test_01_router_b_alts,client-test-01,customer-test-01,0,"","",ARB/USD,"",0,confirmed,,,0,0,,,1781813219526,1781813262492,,1781813219526
1155,0xe5ff5888e0066916980a19cc28fdbb1c043f6ecda4cacb90c092eae4b6e7bc5d,cc5b64f57287625ce1fdd734af2633051561f20f500453359a7131ff2a954587,client_test_01_router_b_alts,client-test-01,customer-test-01,0,"","",NEIRO/USD,"",0,confirmed,,,0,0,,,1781813219534,1781813262501,,1781813219534
1156,0x68be23797798d65a8ec607713292dda267bdd473ec9f4d1b93fdd0243791fc95,cc5b64f57287625ce1fdd734af2633051561f20f500453359a7131ff2a954587,client_test_01_router_b_alts,client-test-01,customer-test-01,0,"","",XVG/USD,"",0,confirmed,,,0,0,,,1781813219540,1781813262512,,1781813219540
1157,0x71f902c7db835975c804aac0f32823039a769dc1681e38b2ff237a3bbffbee6c,cc5b64f57287625ce1fdd734af2633051561f20f500453359a7131ff2a954587,client_test_01_router_a_majors,client-test-01,customer-test-01,0,"","",BTC/USD,"",0,confirmed,,,0,0,,,1781813219545,1781813262520,,1781813219545
1158,0x4909f2d883f05df9d47035250f6b046fdee347f40654f34e82da80db92b7ce71,cc5b64f57287625ce1fdd734af2633051561f20f500453359a7131ff2a954587,client_test_01_router_a_majors,client-test-01,customer-test-01,0,"","",ETH/USD,"",0,failed,CrashRecovery,"daemon restarted with submitted transaction awaiting confirmation",0,0,,,1781813219550,,1781818310732,1781813219550
1159,0xa6dd4f1b346f55e9a31f40c27ce71165290f6204af619f72f43a5917a079415f,cc5b64f57287625ce1fdd734af2633051561f20f500453359a7131ff2a954587,client_test_01_router_a_majors,client-test-01,customer-test-01,0,"","",USDC/USD,"",0,confirmed,,,0,0,,,1781813219556,1781813262540,,1781813219556
1160,0x2198d2bf58e19c88602129b82d6a05bd59c5d90858f520701914512fc4707f14,cc5b64f57287625ce1fdd734af2633051561f20f500453359a7131ff2a954587,client_test_01_router_a_majors,client-test-01,customer-test-01,0,"","",DOGE/USD,"",0,confirmed,,,0,0,,,1781813219562,1781813262548,,1781813219562
1161,0x4909f2d883f05df9d47035250f6b046fdee347f40654f34e82da80db92b7ce71,"",client_test_01_router_a_majors,client-test-01,customer-test-01,0,"","",ETH/USD,1695391133169502257152,1781813117,failed,CrashRecovery,"daemon restarted with submitted transaction awaiting confirmation",0,0,,,,,1781818310732,1781813262535
1162,0xa2edc5d1bb8acccd3b70ecb55a4a3e1d6b4e5befc13d580f957dc84f4788881c,26d1f5b4fcd9e325959de8cb2a62bff136c03f75b30b72a835023d99d9f17d0f,client_test_01_router_a_majors,client-test-01,customer-test-01,0,"","",ETH/USD,"",0,confirmed,,,0,0,,,1781813272947,1781813297333,,1781813272947
1163,0x4b452a1c202c79727206f6dfe840bf6dcd891ac9df21a71cc404eba8ff98dd53,511be81fcbd638bd7cc1c522768debc03a3c139f565857d64d5512c0614cea47,client_test_01_router_a_majors,client-test-01,customer-test-01,0,"","",ETH/USD,"",0,failed,CrashRecovery,"daemon restarted with submitted transaction awaiting confirmation",0,0,,,1781813450790,,1781818310728,1781813450790
1164,0x2a381caf7c418cb86894adb17527d17eeadd5c5b268fb3309ec80d4ec35c048b,511be81fcbd638bd7cc1c522768debc03a3c139f565857d64d5512c0614cea47,client_test_01_router_a_majors,client-test-01,customer-test-01,0,"","",USDC/USD,"",0,confirmed,,,0,0,,,1781813450800,1781813466263,,1781813450800
1165,0xcb57f85acef8850f3cc4fed5c527e6e8bfc890aedd2f9e7bb8563ba6c02c0d8e,511be81fcbd638bd7cc1c522768debc03a3c139f565857d64d5512c0614cea47,client_test_01_router_a_majors,client-test-01,customer-test-01,0,"","",USDT/USD,"",0,confirmed,,,0,0,,,1781813450806,1781813466273,,1781813450806
1166,0xe6688afb3def52ad8c07415c8e3fec383547cb486cbbb23d4aa3c8bbe297e09e,511be81fcbd638bd7cc1c522768debc03a3c139f565857d64d5512c0614cea47,client_test_01_router_a_majors,client-test-01,customer-test-01,0,"","",DOGE/USD,"",0,failed,CrashRecovery,"daemon restarted with submitted transaction awaiting confirmation",0,0,,,1781813450812,,1781818310725,1781813450812
1167,0x4b452a1c202c79727206f6dfe840bf6dcd891ac9df21a71cc404eba8ff98dd53,"",client_test_01_router_a_majors,client-test-01,customer-test-01,0,"","",ETH/USD,1699652256998799966208,1781813403,failed,CrashRecovery,"daemon restarted with submitted transaction awaiting confirmation",0,0,,,,,1781818310728,1781813466259
1168,0xe6688afb3def52ad8c07415c8e3fec383547cb486cbbb23d4aa3c8bbe297e09e,"",client_test_01_router_a_majors,client-test-01,customer-test-01,0,"","",DOGE/USD,82787250556142496,1781813415,failed,CrashRecovery,"daemon restarted with submitted transaction awaiting confirmation",0,0,,,,,1781818310725,1781813466283
1169,0xd5faa1aeb78f0462094ff16dba6576f4d6f73abe8203407d0172eb5a14b3d6fa,f139892fbaafab3b407b1e4123596160f1a3dfbab1805d98b60ea057a93701b1,client_test_01_router_a_majors,client-test-01,customer-test-01,0,"","",ETH/USD,"",0,confirmed,,,0,0,,,1781813478468,1781813503545,,1781813478468
1170,0xcaf0cb61274f2e0a84f395a673fa8faeb31b6064bdcd13c8b8e49e4099a40930,f139892fbaafab3b407b1e4123596160f1a3dfbab1805d98b60ea057a93701b1,client_test_01_router_a_majors,client-test-01,customer-test-01,0,"","",DOGE/USD,"",0,confirmed,,,0,0,,,1781813478478,1781813503553,,1781813478478
1171,0xcb57f85acef8850f3cc4fed5c527e6e8bfc890aedd2f9e7bb8563ba6c02c0d8e,"",client_test_01_router_a_majors,client-test-01,customer-test-01,0,"","",USDT/USD,998770000000000000,1781813399,failed,NonMonotonicNonce,"Intent for USDT/USD superseded on chain; not submitted.",0,0,,,,,1781813503541,1781813503541
1172,0xeb1a76eb10d4da0010dc904f24bc6810492784a1c58ce99af494af8685097051,de143d300b9a44ea53d2333993b020ab092479231c70d4312f4cf72a387797d1,client_test_01_router_a_majors,client-test-01,customer-test-01,0,"","",BTC/USD,"",0,confirmed,,,0,0,,,1781813511238,1781813560705,,1781813511238
1173,0xe9911464836ea09e1c213ef7674083066e2009fad7ebb67d4210de7dc8f8debc,de143d300b9a44ea53d2333993b020ab092479231c70d4312f4cf72a387797d1,client_test_01_router_a_majors,client-test-01,customer-test-01,0,"","",ETH/USD,"",0,failed,CrashRecovery,"daemon restarted with submitted transaction awaiting confirmation",0,0,,,1781813533016,,1781818310722,1781813533016
1174,0xeb1a76eb10d4da0010dc904f24bc6810492784a1c58ce99af494af8685097051,de143d300b9a44ea53d2333993b020ab092479231c70d4312f4cf72a387797d1,client_test_02_router_default,client-test-02,customer-test-02,0,"","",BTC/USD,62857290530908778004480,1781813442,confirmed,NonMonotonicNonce,"Oracle intent timestamp must be greater than the current on-chain timestamp; intent superseded, not submitted.",0,0,,,,1781813560705,1781813538589,1781813538589
1175,0xe9911464836ea09e1c213ef7674083066e2009fad7ebb67d4210de7dc8f8debc,"",client_test_01_router_a_majors,client-test-01,customer-test-01,0,"","",ETH/USD,1700413953212500017152,1781813501,failed,CrashRecovery,"daemon restarted with submitted transaction awaiting confirmation",0,0,,,,,1781818310722,1781813560723
1176,0xcaf0cb61274f2e0a84f395a673fa8faeb31b6064bdcd13c8b8e49e4099a40930,"",client_test_01_router_a_majors,client-test-01,customer-test-01,0,"","",DOGE/USD,82812439776900000,1781813454,failed,NonMonotonicNonce,"Intent for DOGE/USD superseded on chain; not submitted.",0,0,,,,,1781813560728,1781813560728
1177,0xfdee95039781b2a0798ff9a0020fb56e5788596e1f5110869c28dd8c50bad5f0,6be2da3996d35e60f6171971b4915a23ce35d405b51b0c39f0531f4a3ef13789,client_test_01_router_a_majors,client-test-01,customer-test-01,0,"","",BTC/USD,"",0,confirmed,,,0,0,,,1781813571282,1781813692000,,1781813571282
1178,0x014dfa0f74afbe2131de6897150431ec7f3473446e1253b2f4b15041f910b908,f93cdac0b21386a489d77f414c3dfcb359603b16b28afcb8f77da357b05f8d6f,client_test_01_router_a_majors,client-test-01,customer-test-01,0,"","",USDT/USD,"",0,confirmed,,,0,0,,,1781813750711,1781813772294,,1781813750711
1179,0x6a4b84cee0706884c452d3e2f7e60c61713407e20cc4082f83ab29a9866658fa,31d573f958626c004d51449cde59c795aa06e81c68f9b9a4307577856e759674,client_test_01_router_a_majors,client-test-01,customer-test-01,0,"","",BTC/USD,"",0,confirmed,,,0,0,,,1781813786892,1781813826402,,1781813786892
1180,0x6c5cec55cab7410464b057bfc4536d6cd9b7c504f5015d40a964f51a4c993583,31d573f958626c004d51449cde59c795aa06e81c68f9b9a4307577856e759674,client_test_01_router_a_majors,client-test-01,customer-test-01,0,"","",ETH/USD,"",0,confirmed,,,0,0,,,1781813786903,1781813826414,,1781813786903
1181,0xc153076088ad48b4833cc5fd211a26db9a0612792be0b0f2fc696285a5dd962d,31d573f958626c004d51449cde59c795aa06e81c68f9b9a4307577856e759674,client_test_01_router_a_majors,client-test-01,customer-test-01,0,"","",USDC/USD,"",0,confirmed,,,0,0,,,1781813786909,1781813826423,,1781813786909
1182,0xad3c3f2d8c2a91fd6571e50f74cf0ed2059d9aadb53acfe97aaaedfb6ea8c122,31d573f958626c004d51449cde59c795aa06e81c68f9b9a4307577856e759674,client_test_01_router_a_majors,client-test-01,customer-test-01,0,"","",DOGE/USD,"",0,confirmed,,,0,0,,,1781813786916,1781813826441,,1781813786916
1183,0x014dfa0f74afbe2131de6897150431ec7f3473446e1253b2f4b15041f910b908,"",client_test_01_router_a_majors,client-test-01,customer-test-01,0,"","",USDT/USD,998777500000000000,1781813682,failed,NonMonotonicNonce,"Intent for USDT/USD superseded on chain; not submitted.",0,0,,,,,1781813826437,1781813826437
1184,0xc0f31be08c05f4d7fa16f0df87e76d146eb7354aa30c20b4bdc8b5fd741419bc,69445b2215224b4090e8fa22b2bb69c4947715fc78d48ec4342bd1085d1df3e8,client_test_01_router_a_majors,client-test-01,customer-test-01,0,"","",USDC/USD,"",0,failed,CrashRecovery,"daemon restarted with submitted transaction awaiting confirmation",0,0,,,1781813837582,,1781818310719,1781813837582
1185,0xa0e08ef93429688c9eb10bf9e7553ea96b95daa857de2d552ae21fbf22d3621a,69445b2215224b4090e8fa22b2bb69c4947715fc78d48ec4342bd1085d1df3e8,client_test_01_router_a_majors,client-test-01,customer-test-01,0,"","",ETH/USD,"",0,confirmed,,,0,0,,,1781813837593,1781813913010,,1781813837593
1186,0xc0f31be08c05f4d7fa16f0df87e76d146eb7354aa30c20b4bdc8b5fd741419bc,"",client_test_01_router_a_majors,client-test-01,customer-test-01,0,"","",USDC/USD,999728819200000128,1781813788,failed,CrashRecovery,"daemon restarted with submitted transaction awaiting confirmation",0,0,,,,,1781818310719,1781813913009
1187,0xf37520c49c0e116121f6bdacac16f2f95a614218e9e182d45e88cc350f11029f,af781feede2c001e42cf0a0509e20b4acbe52560b4d9e99344857f5df4ddba8e,client_test_01_router_a_majors,client-test-01,customer-test-01,0,"","",USDT/USD,"",0,confirmed,,,0,0,,,1781814049347,1781814100706,,1781814049347
1188,0xbe9c5fc8547c7a8c26748ba63cf0d3c3136eec1dfdefdb60f00d0d5a21f4e47c,f1a993b3bc32ed17af12439820f457f3ae6c9f3884e113dab4208e533bf177b7,client_test_01_router_a_majors,client-test-01,customer-test-01,0,"","",BTC/USD,"",0,confirmed,,,0,0,,,1781814094460,1781814139546,,1781814094460
1189,0x510e6487aec08509dd46cebcfd17ba7509dfa68d81a35ba12a71199414488a66,f1a993b3bc32ed17af12439820f457f3ae6c9f3884e113dab4208e533bf177b7,client_test_01_router_a_majors,client-test-01,customer-test-01,0,"","",ETH/USD,"",0,confirmed,,,0,0,,,1781814115055,1781814139555,,1781814115055
1190,0x5ce0057306cae3e5aa1b76539f43afd427140e0d09f84a78c6203463db9ddce7,f1a993b3bc32ed17af12439820f457f3ae6c9f3884e113dab4208e533bf177b7,client_test_01_router_a_majors,client-test-01,customer-test-01,0,"","",USDC/USD,"",0,confirmed,,,0,0,,,1781814115065,1781814139564,,1781814115065
1191,0xb63c69b1e1dec14cee92565c67aaf8a8ef8528289e818aea5673ab94ac72e097,f1a993b3bc32ed17af12439820f457f3ae6c9f3884e113dab4208e533bf177b7,client_test_01_router_a_majors,client-test-01,customer-test-01,0,"","",DOGE/USD,"",0,confirmed,,,0,0,,,1781814115073,1781814139572,,1781814115073
1192,0x6f0cc5a2721e518bcdb0c6b54846575c2185038459b22293b1170d329ef59038,f1a993b3bc32ed17af12439820f457f3ae6c9f3884e113dab4208e533bf177b7,client_test_01_router_a_majors,client-test-01,customer-test-01,0,"","",USDT/USD,"",0,confirmed,,,0,0,,,1781814115077,1781814139582,,1781814115077
1193,0xbe9c5fc8547c7a8c26748ba63cf0d3c3136eec1dfdefdb60f00d0d5a21f4e47c,f1a993b3bc32ed17af12439820f457f3ae6c9f3884e113dab4208e533bf177b7,client_test_02_router_default,client-test-02,customer-test-02,0,"","",BTC/USD,62900566133240003297280,1781814012,confirmed,NonMonotonicNonce,"Oracle intent timestamp must be greater than the current on-chain timestamp; intent superseded, not submitted.",0,0,,,,1781814139546,1781814121613,1781814121613
1194,0xdcc9c334cc81dfe3de912c2d92a03d5f7c88f432623cc376a920b7b11a2b5b27,c5c9bbf473991b7be241d185f05ede48d583a0cdcb3e00eda94f112cae0866d2,client_test_01_router_a_majors,client-test-01,customer-test-01,0,"","",BTC/USD,"",0,confirmed,,,0,0,,,1781814152785,1781814171440,,1781814152785
1195,0x882b1a9d2e58fcf7bc051aa72225cf3c428679dcf59c56a80b4cc27676eacc16,c5c9bbf473991b7be241d185f05ede48d583a0cdcb3e00eda94f112cae0866d2,client_test_01_router_a_majors,client-test-01,customer-test-01,0,"","",ETH/USD,"",0,confirmed,,,0,0,,,1781814152796,1781814171450,,1781814152796
1196,0xa81ff34e80178da53f1c6e1e096cae720929504acec869ec931b3b029a9de45d,c5c9bbf473991b7be241d185f05ede48d583a0cdcb3e00eda94f112cae0866d2,client_test_01_router_a_majors,client-test-01,customer-test-01,0,"","",USDC/USD,"",0,confirmed,,,0,0,,,1781814152801,1781814171459,,1781814152801
1197,0x31d1c2dc586e1e4629cdd9d48b87fe07a5d7106d6244fb989ff34a0af2e9f50c,c5c9bbf473991b7be241d185f05ede48d583a0cdcb3e00eda94f112cae0866d2,client_test_01_router_a_majors,client-test-01,customer-test-01,0,"","",DOGE/USD,"",0,confirmed,,,0,0,,,1781814152805,1781814171469,,1781814152805
1198,0x8b496dbc9526f93ec0c4f648ddc5f02bfbd0140f8ba1665ff92124657068bab3,da132ee067ad6129f3328c109022eb1e88f963b1a19cf6b3f692ed9710063faa,client_test_01_router_a_majors,client-test-01,customer-test-01,0,"","",BTC/USD,"",0,confirmed,,,0,0,,,1781814353188,1781814419595,,1781814353188
1199,0xca65fca35e85d1c6aa3aac32d4963cb4bccda6303e56cb6a8f73c077ad5c9036,da132ee067ad6129f3328c109022eb1e88f963b1a19cf6b3f692ed9710063faa,client_test_01_router_a_majors,client-test-01,customer-test-01,0,"","",ETH/USD,"",0,confirmed,,,0,0,,,1781814353196,1781814419609,,1781814353196
1200,0xf3899dc59f52948e05b4033a0c9484e574bb4d542cf5e0d5e64097c9b8a85620,da132ee067ad6129f3328c109022eb1e88f963b1a19cf6b3f692ed9710063faa,client_test_01_router_a_majors,client-test-01,customer-test-01,0,"","",USDC/USD,"",0,confirmed,,,0,0,,,1781814353203,1781814419617,,1781814353203
1201,0x97d08aa44cb75ff483c8b2e3595fbb14181f697a0fbe7e7d8abbe8bf7933dbec,da132ee067ad6129f3328c109022eb1e88f963b1a19cf6b3f692ed9710063faa,client_test_01_router_a_majors,client-test-01,customer-test-01,0,"","",USDT/USD,"",0,confirmed,,,0,0,,,1781814353208,1781814419626,,1781814353208
1202,0x258e6e935fc8cb0157f648d9f75ba5353ad3118d7a675692c39ae4599e43ba3d,da132ee067ad6129f3328c109022eb1e88f963b1a19cf6b3f692ed9710063faa,client_test_01_router_a_majors,client-test-01,customer-test-01,0,"","",DOGE/USD,"",0,confirmed,,,0,0,,,1781814353220,1781814419635,,1781814353220
1203,0xd2f8f738191d1bfce16004f24b54b9d6505c8669643ddef45beeec8aefc65ad7,da132ee067ad6129f3328c109022eb1e88f963b1a19cf6b3f692ed9710063faa,client_test_01_router_b_alts,client-test-01,customer-test-01,0,"","",ARB/USD,"",0,failed,CrashRecovery,"daemon restarted with submitted transaction awaiting confirmation",0,0,,,1781814353224,,1781818310715,1781814353224
1204,0xd2f8f738191d1bfce16004f24b54b9d6505c8669643ddef45beeec8aefc65ad7,"",client_test_01_router_b_alts,client-test-01,customer-test-01,0,"","",ARB/USD,83650000000000000,1781814332,failed,CrashRecovery,"daemon restarted with submitted transaction awaiting confirmation",0,0,,,,,1781818310715,1781814419650
1205,0x225fdb4b381911e6c758c59e81cd39001e2e39c67b3213b03b2589154143fe4c,324ed3843c5d4803c5c16d3a227d0f6b9d3eb35746eebe565fd262382e936ad9,client_test_01_router_a_majors,client-test-01,customer-test-01,0,"","",BTC/USD,"",0,confirmed,,,0,0,,,1781814434700,1781814465390,,1781814434700
1206,0xe1a529d65bc026904d87c80c7951e2772f1a21e9c5bb96644d5fcdb4baca87bd,324ed3843c5d4803c5c16d3a227d0f6b9d3eb35746eebe565fd262382e936ad9,client_test_01_router_a_majors,client-test-01,customer-test-01,0,"","",ETH/USD,"",0,confirmed,,,0,0,,,1781814434712,1781814465406,,1781814434712
1207,0x0e1bb77ed18318381f9123b5ac99921ef9d1e35038013f1ba4c372fbfeab47b1,324ed3843c5d4803c5c16d3a227d0f6b9d3eb35746eebe565fd262382e936ad9,client_test_01_router_a_majors,client-test-01,customer-test-01,0,"","",DOGE/USD,"",0,confirmed,,,0,0,,,1781814434718,1781814465427,,1781814434718
1208,0x64ceb410d3ad997a5bca72575463dc5e813c87e27c0b18c098d7296a6f819a03,324ed3843c5d4803c5c16d3a227d0f6b9d3eb35746eebe565fd262382e936ad9,client_test_01_router_a_majors,client-test-01,customer-test-01,0,"","",USDT/USD,"",0,confirmed,,,0,0,,,1781814434724,1781814465437,,1781814434724
1209,0xbf0d8656aeca4eb26078fccf3ebb89f91107fd278111a44fb40bb772fbccbc5d,324ed3843c5d4803c5c16d3a227d0f6b9d3eb35746eebe565fd262382e936ad9,client_test_01_router_b_alts,client-test-01,customer-test-01,0,"","",ARB/USD,"",0,confirmed,,,0,0,,,1781814434731,1781814465445,,1781814434731
1210,0xf3899dc59f52948e05b4033a0c9484e574bb4d542cf5e0d5e64097c9b8a85620,"",client_test_01_router_a_majors,client-test-01,customer-test-01,0,"","",USDC/USD,999742227727289408,1781814301,failed,NonMonotonicNonce,"Intent for USDC/USD superseded on chain; not submitted.",0,0,,,,,1781814465422,1781814465422
1211,0xf864439c62d79eedecf0578c59c76e781d80c48372e7bfa8fa1d301f8ea31839,d00f46e7cf8dbeea978697975e1dd25a334e52bb23493f97f261b01ebec9df74,client_test_01_router_b_alts,client-test-01,customer-test-01,0,"","",ARB/USD,"",0,failed,CrashRecovery,"daemon restarted with submitted transaction awaiting confirmation",0,0,,,1781814477880,,1781818310711,1781814477880
1212,0xe3f398f9381c893fed9def32f1e630cfe816dfb8c4d141ccc271cdf40038a7c9,d00f46e7cf8dbeea978697975e1dd25a334e52bb23493f97f261b01ebec9df74,client_test_01_router_b_alts,client-test-01,customer-test-01,0,"","",NEIRO/USD,"",0,confirmed,,,0,0,,,1781814477892,1781814541186,,1781814477892
1213,0x535a72666d523bf17c9384c47e54056765c5d24313204fc371440a2f21597230,d00f46e7cf8dbeea978697975e1dd25a334e52bb23493f97f261b01ebec9df74,client_test_01_router_a_majors,client-test-01,customer-test-01,0,"","",DOGE/USD,"",0,failed,CrashRecovery,"daemon restarted with submitted transaction awaiting confirmation",0,0,,,1781814477897,,1781818310707,1781814477897
1214,0xf864439c62d79eedecf0578c59c76e781d80c48372e7bfa8fa1d301f8ea31839,"",client_test_01_router_b_alts,client-test-01,customer-test-01,0,"","",ARB/USD,83961600050000008,1781814429,failed,CrashRecovery,"daemon restarted with submitted transaction awaiting confirmation",0,0,,,,,1781818310711,1781814541181
1215,0x535a72666d523bf17c9384c47e54056765c5d24313204fc371440a2f21597230,"",client_test_01_router_a_majors,client-test-01,customer-test-01,0,"","",DOGE/USD,83083410325000016,1781814460,failed,CrashRecovery,"daemon restarted with submitted transaction awaiting confirmation",0,0,,,,,1781818310707,1781814541197
1216,0xbaaab87874c40220b0bdd0abe4675a036c687f31932134cf753a2a62b90421cf,ca59f977b6bbdf583c2166009a7ba6b82f85f11c6c35331436a36b006899e286,client_test_01_router_b_alts,client-test-01,customer-test-01,0,"","",NEIRO/USD,"",0,confirmed,,,0,0,,,1781814552358,1781814643090,,1781814552358
1217,0xcd31686393530ae709be298213c481d74e48b36268d4672fbf5ed2c03cd2b8ba,0bcbd5e43287b8dac27beacc443b71ae68b265954c8a2b9499bb9c2793269f4e,client_test_01_router_a_majors,client-test-01,customer-test-01,0,"","",BTC/USD,"",0,confirmed,,,0,0,,,1781814647803,1781814726714,,1781814647803
1218,0xcd31686393530ae709be298213c481d74e48b36268d4672fbf5ed2c03cd2b8ba,0bcbd5e43287b8dac27beacc443b71ae68b265954c8a2b9499bb9c2793269f4e,client_test_02_router_default,client-test-02,customer-test-02,0,"","",BTC/USD,63036614424500000260096,1781814584,confirmed,NonMonotonicNonce,"Oracle intent timestamp must be greater than the current on-chain timestamp; intent superseded, not submitted.",0,0,,,,1781814726714,1781814677946,1781814677946
1219,0x6035f224e0d940389fe346ba8982403201cfd3bd05505bde20738cf416e39b68,0bcbd5e43287b8dac27beacc443b71ae68b265954c8a2b9499bb9c2793269f4e,client_test_01_router_a_majors,client-test-01,customer-test-01,0,"","",ETH/USD,"",0,confirmed,,,0,0,,,1781814699271,1781814726728,,1781814699271
1220,0xdaeb5117cd89e38cf62cf601b563e822e7978b6899e3a9245c5cbde5e264d91f,0bcbd5e43287b8dac27beacc443b71ae68b265954c8a2b9499bb9c2793269f4e,client_test_01_router_a_majors,client-test-01,customer-test-01,0,"","",USDC/USD,"",0,confirmed,,,0,0,,,1781814699277,1781814726736,,1781814699277
1221,0xf54ea5b59f2dfbe949b3bb1cb274db675cb653e1980ae2ab8ac824cb95142f0c,0bcbd5e43287b8dac27beacc443b71ae68b265954c8a2b9499bb9c2793269f4e,client_test_01_router_a_majors,client-test-01,customer-test-01,0,"","",DOGE/USD,"",0,confirmed,,,0,0,,,1781814699283,1781814726747,,1781814699283
1222,0x36e10c5ddb4c8275ad1c7ad9159b857f3e72aa5c90844b5b1fe58ec1a19510a2,0bcbd5e43287b8dac27beacc443b71ae68b265954c8a2b9499bb9c2793269f4e,client_test_01_router_b_alts,client-test-01,customer-test-01,0,"","",LTC/USD,"",0,confirmed,,,0,0,,,1781814699287,1781814726755,,1781814699287
1223,0x339d9ff160525c504b898d7801dd85549c80bc5b9e19293b9a37adb815053084,0bcbd5e43287b8dac27beacc443b71ae68b265954c8a2b9499bb9c2793269f4e,client_test_01_router_b_alts,client-test-01,customer-test-01,0,"","",ARB/USD,"",0,confirmed,,,0,0,,,1781814699292,1781814726762,,1781814699292
1224,0x137e2ca3381ae32f9068ae25f074343cce26c657e77761f3af97627886a298f6,0bcbd5e43287b8dac27beacc443b71ae68b265954c8a2b9499bb9c2793269f4e,client_test_01_router_b_alts,client-test-01,customer-test-01,0,"","",SHIB/USD,"",0,confirmed,,,0,0,,,1781814699296,1781814726768,,1781814699296
1225,0xef15616367c89075cbfc8efc90a37d78fac6d4b46c74ccacbd29f7ad7422012a,0bcbd5e43287b8dac27beacc443b71ae68b265954c8a2b9499bb9c2793269f4e,client_test_01_router_b_alts,client-test-01,customer-test-01,0,"","",NEIRO/USD,"",0,confirmed,,,0,0,,,1781814699300,1781814726778,,1781814699300
1226,0xe97507a4a51b20aa3f586cd66dfc7ac221f73a77890b52023cdcf2590ba06a8a,80cff2cb4799e31a5d0cb260c37cf3b0e317f9f3b806f270734b2ecff3087429,client_test_01_router_a_majors,client-test-01,customer-test-01,0,"","",USDT/USD,"",0,confirmed,,,0,0,,,1781814743974,1781814801382,,1781814743974
1227,0x6227e67b63873c949434d62d99605ba9ca169a72009d8850c9d3e0ff7fe940a7,80cff2cb4799e31a5d0cb260c37cf3b0e317f9f3b806f270734b2ecff3087429,client_test_01_router_b_alts,client-test-01,customer-test-01,0,"","",XVG/USD,"",0,confirmed,,,0,0,,,1781814743984,1781814801409,,1781814743984
1228,0x5bb6401c56da2aa228447855584ab2ab51ad57dcb2ee3420205d0b1d19fdef2c,80cff2cb4799e31a5d0cb260c37cf3b0e317f9f3b806f270734b2ecff3087429,client_test_01_router_b_alts,client-test-01,customer-test-01,0,"","",ARB/USD,"",0,confirmed,,,0,0,,,1781814743992,1781814801417,,1781814743992
1229,0x998e4a06f6188279ce45874279ee683f05e490625a3f96fe26fbb778a4a3ef88,24ef26307b1d4e9739844f6d543d09e3436fa76d4a413ad7e8db408e473f9452,client_test_01_router_a_majors,client-test-01,customer-test-01,0,"","",USDT/USD,"",0,confirmed,,,0,0,,,1781814816334,1781814841112,,1781814816334
1230,0x51fd84c29bb84578755a6a806c8337d2da9d7c527cfe0042f728b31a3cadccf1,24ef26307b1d4e9739844f6d543d09e3436fa76d4a413ad7e8db408e473f9452,client_test_01_router_b_alts,client-test-01,customer-test-01,0,"","",XVG/USD,"",0,confirmed,,,0,0,,,1781814816340,1781814841122,,1781814816340
1231,0xb9474b1f50b80de18271ebf68056c969c057baa43fb727c675e45e546ea8bfeb,4fd3d836ef441bcbcd9475786d4ea2da4b79cfeaa051ec84364fe949086b3f7a,client_test_01_router_a_majors,client-test-01,customer-test-01,0,"","",BTC/USD,"",0,confirmed,,,0,0,,,1781814956645,1781815005581,,1781814956645
1232,0xb14eef8951f55a9c0f7779cb36632c17dc33bcda542fe1d544eac94abb366408,4fd3d836ef441bcbcd9475786d4ea2da4b79cfeaa051ec84364fe949086b3f7a,client_test_01_router_a_majors,client-test-01,customer-test-01,0,"","",ETH/USD,"",0,confirmed,,,0,0,,,1781814956655,1781815005594,,1781814956655
1233,0x2beebf510acba364e0e0cac8c03cc06c44c37ad5ccbbc7c44b9e1324be767234,4fd3d836ef441bcbcd9475786d4ea2da4b79cfeaa051ec84364fe949086b3f7a,client_test_01_router_a_majors,client-test-01,customer-test-01,0,"","",USDC/USD,"",0,confirmed,,,0,0,,,1781814956661,1781815005605,,1781814956661
1234,0x788507edc271b45584d3e6a195b952bec06a79f4568be0edbff6c2b495a4a3c1,4fd3d836ef441bcbcd9475786d4ea2da4b79cfeaa051ec84364fe949086b3f7a,client_test_01_router_a_majors,client-test-01,customer-test-01,0,"","",DOGE/USD,"",0,confirmed,,,0,0,,,1781814956668,1781815005630,,1781814956668
1235,0xd0c496824da155a79c6214fdc9dfb8b97990b19ec9d530d6e907641d5415eabe,becc55ec1861cbcdae1f26750d2de1b518619f9d00c8eab0bd07e88a8fee33e5,client_test_01_router_a_majors,client-test-01,customer-test-01,0,"","",BTC/USD,"",0,confirmed,,,0,0,,,1781815028401,1781815085673,,1781815028401
1236,0x6e9e5794cd272fdaabd744ffc82b0e0ffbbb48a11fbe73077487301ffa0f0c7a,becc55ec1861cbcdae1f26750d2de1b518619f9d00c8eab0bd07e88a8fee33e5,client_test_01_router_a_majors,client-test-01,customer-test-01,0,"","",ETH/USD,"",0,confirmed,,,0,0,,,1781815028407,1781815085687,,1781815028407
1237,0x32ced71528a325f53d8e82e25134238c91f3e39997bf0d3a3b065022e6e62184,becc55ec1861cbcdae1f26750d2de1b518619f9d00c8eab0bd07e88a8fee33e5,client_test_01_router_a_majors,client-test-01,customer-test-01,0,"","",USDC/USD,"",0,confirmed,,,0,0,,,1781815028413,1781815085697,,1781815028413
1238,0xb99560c096836eb51840f11f41c22945052a5346905b0dd09e38e4292df4d5e0,becc55ec1861cbcdae1f26750d2de1b518619f9d00c8eab0bd07e88a8fee33e5,client_test_01_router_a_majors,client-test-01,customer-test-01,0,"","",USDT/USD,"",0,confirmed,,,0,0,,,1781815028418,1781815085705,,1781815028418
1239,0x0c10f094f40966f3d885ea53e9b3f6add4ace38ad84b23bb0b6229bd568f084f,becc55ec1861cbcdae1f26750d2de1b518619f9d00c8eab0bd07e88a8fee33e5,client_test_01_router_a_majors,client-test-01,customer-test-01,0,"","",DOGE/USD,"",0,confirmed,,,0,0,,,1781815028422,1781815085712,,1781815028422
1240,0xd8f3bd9bbc17e13c0f39ccf2845471333ac8aa8320b5c8e22c109ac3546efb13,99c54673f486ae9dcf5bc96004085f1b4afcabd2c2b054e0610b41e8b0df2db9,client_test_01_router_a_majors,client-test-01,customer-test-01,0,"","",USDT/USD,"",0,confirmed,,,0,0,,,1781815097809,1781815125810,,1781815097809
1241,0x23cd0ada0f024ac4b0fad4132281b847fa93d006ba6eb573b009565be43e48ea,94f22ffc99ae93595491aa6b7ddddfd15a860f70883935bd67eb6d64761b5a84,client_test_01_router_a_majors,client-test-01,customer-test-01,0,"","",BTC/USD,"",0,confirmed,,,0,0,,,1781815248243,1781815361414,,1781815248243
1242,0x52ed3b1854b813a074ce58eae7de7e78a0d6c786907356d47fbd630c6388ff7e,a6170340a67bb2499df525a941687408e7488b13d0a246568676204155bac54d,client_test_02_router_default,client-test-02,customer-test-02,0,"","",BTC/USD,"",0,confirmed,,,0,0,,,1781815299671,1781815414442,,1781815299671
1243,0xdc02c52a966b9872cef362966b943607fc0ac0f48278c2219d06f658fb2e0959,94f22ffc99ae93595491aa6b7ddddfd15a860f70883935bd67eb6d64761b5a84,client_test_01_router_a_majors,client-test-01,customer-test-01,0,"","",ETH/USD,"",0,confirmed,,,0,0,,,1781815333972,1781815361429,,1781815333972
1244,0x593a3de22280980ccebaae673d656e327ab63602c12d6fce83f3f4757600850f,94f22ffc99ae93595491aa6b7ddddfd15a860f70883935bd67eb6d64761b5a84,client_test_01_router_a_majors,client-test-01,customer-test-01,0,"","",USDC/USD,"",0,confirmed,,,0,0,,,1781815333982,1781815361439,,1781815333982
1245,0x351644ff03d5097c2eaf0a7a5c35cf32dba4955c014d2cf5c68ac813ed808066,94f22ffc99ae93595491aa6b7ddddfd15a860f70883935bd67eb6d64761b5a84,client_test_01_router_a_majors,client-test-01,customer-test-01,0,"","",DOGE/USD,"",0,confirmed,,,0,0,,,1781815333987,1781815361449,,1781815333987
1246,0x52ed3b1854b813a074ce58eae7de7e78a0d6c786907356d47fbd630c6388ff7e,a6170340a67bb2499df525a941687408e7488b13d0a246568676204155bac54d,client_test_01_router_a_majors,client-test-01,customer-test-01,0,"","",BTC/USD,"",0,confirmed,,,0,0,,,1781815383861,1781815414442,,1781815383861
1247,0x2a265aa0616cda722a5a8131c775663b02cbc39584bc225fea2e33194ceecd5c,a6170340a67bb2499df525a941687408e7488b13d0a246568676204155bac54d,client_test_01_router_a_majors,client-test-01,customer-test-01,0,"","",ETH/USD,"",0,confirmed,,,0,0,,,1781815383872,1781815414453,,1781815383872
1248,0xc1b436a3af1c0f6bc9dc01f7f51c97ff6ff4fd7f96ae7427584b55fb3d53e934,a6170340a67bb2499df525a941687408e7488b13d0a246568676204155bac54d,client_test_01_router_a_majors,client-test-01,customer-test-01,0,"","",USDC/USD,"",0,confirmed,,,0,0,,,1781815383880,1781815414464,,1781815383880
1249,0xe1fd8716500aee6f1ac42015751c45d22b536b20568d717c2b0c435e0f5ec756,a6170340a67bb2499df525a941687408e7488b13d0a246568676204155bac54d,client_test_01_router_a_majors,client-test-01,customer-test-01,0,"","",DOGE/USD,"",0,confirmed,,,0,0,,,1781815383887,1781815414477,,1781815383887
1250,0xc983c79bc34d7fdbc4539b91cb77548fb07597e55aa3a1fbc44deb8788764488,a6170340a67bb2499df525a941687408e7488b13d0a246568676204155bac54d,client_test_01_router_a_majors,client-test-01,customer-test-01,0,"","",USDT/USD,"",0,confirmed,,,0,0,,,1781815383895,1781815414490,,1781815383895
1251,0xdee486758b45caed9d129d6657e2f77ec1e8f9117843c1d546b1c3172e365063,0fdb23ae239cb75cbd1e5f94d02b179d9eaaff77bfe6f82b88ad33bf7c940fd3,client_test_01_router_a_majors,client-test-01,customer-test-01,0,"","",USDT/USD,"",0,confirmed,,,0,0,,,1781815470203,1781815506622,,1781815470203
1252,0x7c4cfd707d04b6fb84eae67657fcb3778e2e18467ce0bd0300307c8cb9eea1a3,ab997ef31a5ec0e69bd233fbda4291c03e4fbe386a5a50d33d8e0412ad6f3b72,client_test_01_router_a_majors,client-test-01,customer-test-01,0,"","",BTC/USD,"",0,confirmed,,,0,0,,,1781815561947,1781815586536,,1781815561947
1253,0x45058de53e21359de29898cad816ae26b0905aee40eed289c68c4715a06937ab,ab997ef31a5ec0e69bd233fbda4291c03e4fbe386a5a50d33d8e0412ad6f3b72,client_test_01_router_a_majors,client-test-01,customer-test-01,0,"","",ETH/USD,"",0,confirmed,,,0,0,,,1781815561957,1781815586546,,1781815561957
1254,0x9550f752fdb9688196a80478aea317ca7b553eb4db5041dfc23ce9cb501718e4,ab997ef31a5ec0e69bd233fbda4291c03e4fbe386a5a50d33d8e0412ad6f3b72,client_test_01_router_a_majors,client-test-01,customer-test-01,0,"","",USDC/USD,"",0,confirmed,,,0,0,,,1781815561963,1781815586554,,1781815561963
1255,0x265b37b44a3f91bb1942f05f65d1b43ea5f2daa7ac23448a85aaf285e19b0d89,ab997ef31a5ec0e69bd233fbda4291c03e4fbe386a5a50d33d8e0412ad6f3b72,client_test_01_router_a_majors,client-test-01,customer-test-01,0,"","",DOGE/USD,"",0,confirmed,,,0,0,,,1781815561968,1781815586562,,1781815561968
1256,0xf0c5a3506b9c78482fa969f1185976fd06fddcd8027f08857cb42b6e5b7e4cf5,c3e702cc2fa3aa58f2203ee5913ab8d74e64939ca0ab39fad20cf87331ec5e0e,client_test_01_router_a_majors,client-test-01,customer-test-01,0,"","",BTC/USD,"",0,confirmed,,,0,0,,,1781815606450,1781815643784,,1781815606450
1257,0x26667943256396f08a90e682344693adcb94c6dbfa60a145df933e217e0560b1,c3e702cc2fa3aa58f2203ee5913ab8d74e64939ca0ab39fad20cf87331ec5e0e,client_test_01_router_a_majors,client-test-01,customer-test-01,0,"","",ETH/USD,"",0,confirmed,,,0,0,,,1781815606462,1781815643800,,1781815606462
1258,0x77824c7c211e5484df5d289bdc6b1d743f126b667518582fad773611e5a74d9d,c3e702cc2fa3aa58f2203ee5913ab8d74e64939ca0ab39fad20cf87331ec5e0e,client_test_01_router_a_majors,client-test-01,customer-test-01,0,"","",USDC/USD,"",0,confirmed,,,0,0,,,1781815606468,1781815643811,,1781815606468
1259,0x0a63532235b098d1e8f374cc0694216b73764d40307c2a6c8611c3a5209f78d1,c3e702cc2fa3aa58f2203ee5913ab8d74e64939ca0ab39fad20cf87331ec5e0e,client_test_01_router_a_majors,client-test-01,customer-test-01,0,"","",DOGE/USD,"",0,confirmed,,,0,0,,,1781815606477,1781815643820,,1781815606477
1260,0xc394248e8ce0c62130d1549b7096c6a0f29d41505fbc734323a6daf4bd42c0c8,fe41810aa4ab613b7ed849efdc11a6b5e0745a78a2eb9c5a2726a82d166cb03c,client_test_01_router_a_majors,client-test-01,customer-test-01,0,"","",USDT/USD,"",0,confirmed,,,0,0,,,1781815856301,1781815907254,,1781815856301
1261,0x022ef34ace5ccbafc6bf97f6cace55d62e8bddb1f3f57761137fb7d523acf717,8a9f4f17bea6e7673a45bccc14827fdf349273ac61da39a471b02c0e6a7b3685,client_test_01_router_a_majors,client-test-01,customer-test-01,0,"","",BTC/USD,"",0,confirmed,,,0,0,,,1781815903102,1781815998083,,1781815903102
1262,0x32414cb0d1d728cd5ba53a60aa5157df52784ed93fd14b3ba23f034b3936126d,8a9f4f17bea6e7673a45bccc14827fdf349273ac61da39a471b02c0e6a7b3685,client_test_01_router_a_majors,client-test-01,customer-test-01,0,"","",ETH/USD,"",0,confirmed,,,0,0,,,1781815958031,1781815998098,,1781815958031
1263,0x1c31c91a602b439a5b329761bd607b210cc856b4698d122c2a68532aaa5602e5,8a9f4f17bea6e7673a45bccc14827fdf349273ac61da39a471b02c0e6a7b3685,client_test_01_router_a_majors,client-test-01,customer-test-01,0,"","",USDC/USD,"",0,confirmed,,,0,0,,,1781815958042,1781815998111,,1781815958042
1264,0x645bab07ae2627ac2ab87111db883ea316fbb630116da01307dd6011bd55fd8c,8a9f4f17bea6e7673a45bccc14827fdf349273ac61da39a471b02c0e6a7b3685,client_test_01_router_a_majors,client-test-01,customer-test-01,0,"","",USDT/USD,"",0,confirmed,,,0,0,,,1781815958048,1781815998119,,1781815958048
1265,0x21dc8ab1e52fe2c353de92c67364f289b34505a5e942808f47ba3f810657b90b,8a9f4f17bea6e7673a45bccc14827fdf349273ac61da39a471b02c0e6a7b3685,client_test_01_router_a_majors,client-test-01,customer-test-01,0,"","",DOGE/USD,"",0,confirmed,,,0,0,,,1781815958053,1781815998128,,1781815958053
1266,0x04322ff9fa1c29eca935f058e638cb068b6327b05bf6eb0f4c2324087300600e,905618f8432646679547d85e4ccc636cacc2473f39fad4fefedbb79d7b53f4f6,client_test_02_router_default,client-test-02,customer-test-02,0,"","",BTC/USD,"",0,confirmed,,,0,0,,,1781815990508,1781816011934,,1781815990508
1267,0x2559e8d0959e2c2eb7598bd7cf9e1fefa8f84f2de4928207c8794af445fe60d1,"",client_test_01_router_a_majors,client-test-01,customer-test-01,0,"","",BTC/USD,63053016927293619044352,1781815972,failed,NonMonotonicNonce,"Intent for BTC/USD superseded on chain; not submitted.",0,0,,,,,1781816004452,1781816004452
1268,0x26355c556d3ef9c2966401c0fe0fa7b3022b7de39dfa46eb840d6ebe57d75802,"",client_test_01_router_a_majors,client-test-01,customer-test-01,0,"","",ETH/USD,1710782284823493214208,1781815973,failed,NonMonotonicNonce,"Intent for ETH/USD superseded on chain; not submitted.",0,0,,,,,1781816004462,1781816004462
1269,0x009a41578244904ee97423b63ebbf628ac1c6b2b1fdae56bc6d8f239bb675840,"",client_test_01_router_a_majors,client-test-01,customer-test-01,0,"","",USDC/USD,999752570237499904,1781815979,failed,NonMonotonicNonce,"Intent for USDC/USD superseded on chain; not submitted.",0,0,,,,,1781816004469,1781816004469
1270,0x1201930a3c1fdd0e32c7f871f75e6b085dfa32c37e83b05237cefda765d032e3,"",client_test_01_router_a_majors,client-test-01,customer-test-01,0,"","",DOGE/USD,83228858212500008,1781815983,failed,NonMonotonicNonce,"Intent for DOGE/USD superseded on chain; not submitted.",0,0,,,,,1781816004478,1781816004478
1271,0x8be4368851c82ebb1ecfe706f22dff8d55d387b52a20fe7be37aa29ced8abd88,c44cebc4cc9d88e79395b797da5cb7d5dc54ef2da59abfd20ff136f094374772,client_test_01_router_a_majors,client-test-01,customer-test-01,0,"","",BTC/USD,"",0,confirmed,,,0,0,,,1781816163122,1781816191195,,1781816163122
1272,0x85cbdc04398ef8539a30b562ed01faa569e11c33786ca0dd9b89328c2bd5a323,c44cebc4cc9d88e79395b797da5cb7d5dc54ef2da59abfd20ff136f094374772,client_test_01_router_a_majors,client-test-01,customer-test-01,0,"","",ETH/USD,"",0,confirmed,,,0,0,,,1781816163132,1781816191208,,1781816163132
1273,0xa7d3760e19f9a0e6760084915497ebf7d668307526b9577f10698fc883ddace1,c44cebc4cc9d88e79395b797da5cb7d5dc54ef2da59abfd20ff136f094374772,client_test_01_router_a_majors,client-test-01,customer-test-01,0,"","",USDC/USD,"",0,confirmed,,,0,0,,,1781816163140,1781816191217,,1781816163140
1274,0x13bc71d4e677204a7a4f6893c8abb87eb3fe6162aadedf2a2e420c4daf922c11,c44cebc4cc9d88e79395b797da5cb7d5dc54ef2da59abfd20ff136f094374772,client_test_01_router_a_majors,client-test-01,customer-test-01,0,"","",USDT/USD,"",0,confirmed,,,0,0,,,1781816163144,1781816191228,,1781816163144
1275,0x040eedd554186c687fad71d3eb589201a6c50301e23da6d3c177425e162ba004,929d89b6bacf8edd26e19c4634890d63a1bf2511feaa933899c89d418bf6797c,client_test_01_router_a_majors,client-test-01,customer-test-01,0,"","",DOGE/USD,"",0,confirmed,,,0,0,,,1781816209458,1781816263857,,1781816209458
1276,0x0b18860aebd08b145847c2ae61a87d830340d214da454f0c018a957a2c4eb152,929d89b6bacf8edd26e19c4634890d63a1bf2511feaa933899c89d418bf6797c,client_test_01_router_a_majors,client-test-01,customer-test-01,0,"","",USDT/USD,"",0,confirmed,,,0,0,,,1781816209469,1781816263865,,1781816209469
1277,0x8be4368851c82ebb1ecfe706f22dff8d55d387b52a20fe7be37aa29ced8abd88,"",client_test_01_router_a_majors,client-test-01,customer-test-01,0,"","",BTC/USD,63051739968750009450496,1781816100,failed,NonMonotonicNonce,"Intent for BTC/USD superseded on chain; not submitted.",0,0,,,,,1781816263841,1781816263841
1278,0x85cbdc04398ef8539a30b562ed01faa569e11c33786ca0dd9b89328c2bd5a323,"",client_test_01_router_a_majors,client-test-01,customer-test-01,0,"","",ETH/USD,1710669423219921256448,1781816102,failed,NonMonotonicNonce,"Intent for ETH/USD superseded on chain; not submitted.",0,0,,,,,1781816263847,1781816263847
1279,0xa7d3760e19f9a0e6760084915497ebf7d668307526b9577f10698fc883ddace1,"",client_test_01_router_a_majors,client-test-01,customer-test-01,0,"","",USDC/USD,999751319024999936,1781816109,failed,NonMonotonicNonce,"Intent for USDC/USD superseded on chain; not submitted.",0,0,,,,,1781816263854,1781816263854
1280,0x60e7e3f762e2f4284e147861cd1f6e6ff75bc3fb095455bcc62c7ee1014a9a98,8cf3efbc4e7d72b4140ff9f781a0f37937812273e21793bfb74ff217fdb60831,client_test_01_router_a_majors,client-test-01,customer-test-01,0,"","",DOGE/USD,"",0,confirmed,,,0,0,,,1781816275763,1781816318119,,1781816275763
1281,0x23eafdb4dc2986d2dbfe9804fe80c74df19c88440b6b35b333d2763c1e1660df,44fed160440a5c445252b001cb8aef141160ab4b0cf23ce5ac34e0b375279ca0,client_test_01_router_a_majors,client-test-01,customer-test-01,0,"","",BTC/USD,"",0,confirmed,,,0,0,,,1781816453881,1781816534869,,1781816453881
1282,0x23eafdb4dc2986d2dbfe9804fe80c74df19c88440b6b35b333d2763c1e1660df,44fed160440a5c445252b001cb8aef141160ab4b0cf23ce5ac34e0b375279ca0,client_test_02_router_default,client-test-02,customer-test-02,0,"","",BTC/USD,63045894892414253924352,1781816384,confirmed,NonMonotonicNonce,"Oracle intent timestamp must be greater than the current on-chain timestamp; intent superseded, not submitted.",0,0,,,,1781816534869,1781816488369,1781816488369
1283,0xa702129a01536f81c8201d94623257789c5c376a08fad01cde0a3f176a9e2ab7,44fed160440a5c445252b001cb8aef141160ab4b0cf23ce5ac34e0b375279ca0,client_test_01_router_a_majors,client-test-01,customer-test-01,0,"","",ETH/USD,"",0,confirmed,,,0,0,,,1781816507159,1781816534880,,1781816507159
1284,0x35ad3c3e2b2be12c80b22f9722b738cab3176f28bf630b1786f41bfd76a0879a,44fed160440a5c445252b001cb8aef141160ab4b0cf23ce5ac34e0b375279ca0,client_test_01_router_a_majors,client-test-01,customer-test-01,0,"","",USDC/USD,"",0,confirmed,,,0,0,,,1781816507165,1781816534890,,1781816507165
1285,0xa695c00b5fa6bf8c48c81f07b096a799b8429c17855d6a07d5b7aca7e7937aa4,44fed160440a5c445252b001cb8aef141160ab4b0cf23ce5ac34e0b375279ca0,client_test_01_router_a_majors,client-test-01,customer-test-01,0,"","",DOGE/USD,"",0,confirmed,,,0,0,,,1781816507169,1781816534900,,1781816507169
1286,0xad295f0bf8cc7d06f2d6242afee123ccfaa7d2a02e98dd313c246f90ed41ffd1,44fed160440a5c445252b001cb8aef141160ab4b0cf23ce5ac34e0b375279ca0,client_test_01_router_b_alts,client-test-01,customer-test-01,0,"","",LTC/USD,"",0,confirmed,,,0,0,,,1781816507175,1781816534913,,1781816507175
1287,0x8c500f274731623653192653799013be78b309bda54f739541eb9b9998938b93,44fed160440a5c445252b001cb8aef141160ab4b0cf23ce5ac34e0b375279ca0,client_test_01_router_b_alts,client-test-01,customer-test-01,0,"","",ARB/USD,"",0,confirmed,,,0,0,,,1781816507188,1781816534927,,1781816507188
1288,0xd59afc64a85ed692075efb17307dc14d6992532c2f33bd8ea08531b466983494,44fed160440a5c445252b001cb8aef141160ab4b0cf23ce5ac34e0b375279ca0,client_test_01_router_b_alts,client-test-01,customer-test-01,0,"","",SHIB/USD,"",0,confirmed,,,0,0,,,1781816507195,1781816534939,,1781816507195
1289,0xdae372a82f2a214c0c0f9aa52c5faed7048d3d6eeb1ffe8a2126976948f77f49,ae362540b93b0449b6c79cd7d67052d5d66792ec330af542f20f551559cfb8a8,client_test_01_router_a_majors,client-test-01,customer-test-01,0,"","",BTC/USD,"",0,confirmed,,,0,0,,,1781816569936,1781816651726,,1781816569936
1290,0x4b3dbe87e5d0a96419374ce697bc6a035c6a86d6ad5943d0197c8885a73b0859,ae362540b93b0449b6c79cd7d67052d5d66792ec330af542f20f551559cfb8a8,client_test_01_router_a_majors,client-test-01,customer-test-01,0,"","",ETH/USD,"",0,confirmed,,,0,0,,,1781816569946,1781816651740,,1781816569946
1291,0x8d2ddbb08a45c214908fbc9833ce94e83e0a924b5aedfa002bd74fb56f0589ad,ae362540b93b0449b6c79cd7d67052d5d66792ec330af542f20f551559cfb8a8,client_test_01_router_a_majors,client-test-01,customer-test-01,0,"","",USDC/USD,"",0,confirmed,,,0,0,,,1781816569953,1781816651748,,1781816569953
1292,0x5140d1aba7f3d053f3220be06fef39263eacb3e22c70adbe485a329344d91cc5,ae362540b93b0449b6c79cd7d67052d5d66792ec330af542f20f551559cfb8a8,client_test_01_router_a_majors,client-test-01,customer-test-01,0,"","",USDT/USD,"",0,confirmed,,,0,0,,,1781816569957,1781816651760,,1781816569957
1293,0x386bb53a97a3a20d870bfc1fbc3515c2ad8445a873fcb5cc9cce716e2a865840,ae362540b93b0449b6c79cd7d67052d5d66792ec330af542f20f551559cfb8a8,client_test_01_router_b_alts,client-test-01,customer-test-01,0,"","",NEIRO/USD,"",0,confirmed,,,0,0,,,1781816569962,1781816651780,,1781816569962
1294,0xcf1f64efdfe878934bbf1c626f49e022dc5f319c480a9813fcf838eb8b7c305a,ae362540b93b0449b6c79cd7d67052d5d66792ec330af542f20f551559cfb8a8,client_test_01_router_b_alts,client-test-01,customer-test-01,0,"","",XVG/USD,"",0,confirmed,,,0,0,,,1781816569968,1781816651789,,1781816569968
1295,0xd2789ebadb969f636e4f71e78a6972a49b3334e9f3eb4481fe3eaf131a7e1d7d,ae362540b93b0449b6c79cd7d67052d5d66792ec330af542f20f551559cfb8a8,client_test_01_router_b_alts,client-test-01,customer-test-01,0,"","",ARB/USD,"",0,confirmed,,,0,0,,,1781816569973,1781816651797,,1781816569973
1296,0xda80ad5e289fd210301ebeac8229dfdd4227fe16966984ffd9fdea9b3cf5f4d6,ae362540b93b0449b6c79cd7d67052d5d66792ec330af542f20f551559cfb8a8,client_test_01_router_b_alts,client-test-01,customer-test-01,0,"","",LTC/USD,"",0,confirmed,,,0,0,,,1781816569977,1781816651808,,1781816569977
1297,0xa695c00b5fa6bf8c48c81f07b096a799b8429c17855d6a07d5b7aca7e7937aa4,"",client_test_01_router_a_majors,client-test-01,customer-test-01,0,"","",DOGE/USD,83249047312500008,1781816396,failed,NonMonotonicNonce,"Intent for DOGE/USD superseded on chain; not submitted.",0,0,,,,,1781816651772,1781816651772
1298,0xd59afc64a85ed692075efb17307dc14d6992532c2f33bd8ea08531b466983494,"",client_test_01_router_b_alts,client-test-01,customer-test-01,0,"","",SHIB/USD,4737260970000,1781816397,failed,NonMonotonicNonce,"Intent for SHIB/USD superseded on chain; not submitted.",0,0,,,,,1781816651777,1781816651777
1299,0x4d842ebfb8c0732fd54eee0087a3abc628ce20e3459b8296d44c195da1392dd2,8b1eecad772e7e013bd3d6a81761dc3615a62aab2a4f20eb7b5b732db2165774,client_test_01_router_b_alts,client-test-01,customer-test-01,0,"","",NEIRO/USD,"",0,confirmed,,,0,0,,,1781816668860,1781816700421,,1781816668860
1300,0x649f2e04f1204fa20082c23fd507b680b319a45eb210443b747d3cd38f2fb068,8b1eecad772e7e013bd3d6a81761dc3615a62aab2a4f20eb7b5b732db2165774,client_test_01_router_b_alts,client-test-01,customer-test-01,0,"","",XVG/USD,"",0,confirmed,,,0,0,,,1781816668871,1781816700435,,1781816668871
1301,0x981ec6c8de82e2ee605a1a166dbc9178c67bcc47f56833f22ca919cc297c4075,8b1eecad772e7e013bd3d6a81761dc3615a62aab2a4f20eb7b5b732db2165774,client_test_01_router_a_majors,client-test-01,customer-test-01,0,"","",USDT/USD,"",0,confirmed,,,0,0,,,1781816668878,1781816700445,,1781816668878
1302,0xcbbd41d94dbfdce6d3bd940023c57bfeb6b1eb13813a0d1a5be46ea494c9207a,dbe8927b4ce81291a5febcca78acb18fb4c7ab11ad5e79a79bbc2b91884b4416,client_test_01_router_a_majors,client-test-01,customer-test-01,0,"","",BTC/USD,"",0,confirmed,,,0,0,,,1781816767295,1781816788741,,1781816767295
1303,0x245bdc5bf352ed36fe11441a7dfe036561e677d472a02a35fc4914981d34d5c2,dbe8927b4ce81291a5febcca78acb18fb4c7ab11ad5e79a79bbc2b91884b4416,client_test_01_router_a_majors,client-test-01,customer-test-01,0,"","",ETH/USD,"",0,confirmed,,,0,0,,,1781816767306,1781816788753,,1781816767306
1304,0x7022e2fd226feb8ce5e26185f5f9792e06495cec305af398243a16854e4701a7,dbe8927b4ce81291a5febcca78acb18fb4c7ab11ad5e79a79bbc2b91884b4416,client_test_01_router_a_majors,client-test-01,customer-test-01,0,"","",USDC/USD,"",0,confirmed,,,0,0,,,1781816767312,1781816788760,,1781816767312
1305,0x50885a9ab9202597223780ec85c81bc4080a0ceed93e655b868b1357e9599e18,dbe8927b4ce81291a5febcca78acb18fb4c7ab11ad5e79a79bbc2b91884b4416,client_test_01_router_a_majors,client-test-01,customer-test-01,0,"","",DOGE/USD,"",0,confirmed,,,0,0,,,1781816767316,1781816788768,,1781816767316
1306,0x9095b730adc7ab30f82cc7ac8be6d9d998cfbae546e987b648e1704fd1e244f2,4217474a2d035d92fe8ac5103c9518d95e3c56aa0ea42402a7ea98d422094ef2,client_test_01_router_a_majors,client-test-01,customer-test-01,0,"","",BTC/USD,"",0,confirmed,,,0,0,,,1781816808903,1781816851827,,1781816808903
1307,0xaaf8b6d77bf706f33fbacdd6a4b001c55dfe08c58902a86f210b69cfd8181386,4217474a2d035d92fe8ac5103c9518d95e3c56aa0ea42402a7ea98d422094ef2,client_test_01_router_a_majors,client-test-01,customer-test-01,0,"","",ETH/USD,"",0,confirmed,,,0,0,,,1781816808914,1781816851842,,1781816808914
1308,0x10d95fcb42cb4b062054bddb838cc39ce6f334f1d21ef17a2d7b2be543812e03,4217474a2d035d92fe8ac5103c9518d95e3c56aa0ea42402a7ea98d422094ef2,client_test_01_router_a_majors,client-test-01,customer-test-01,0,"","",USDC/USD,"",0,confirmed,,,0,0,,,1781816808920,1781816851852,,1781816808920
1309,0xe73a7c64f386264af3f39bcb36edd899010f99a12e2d93ad0fdb7af116ff7f3c,4217474a2d035d92fe8ac5103c9518d95e3c56aa0ea42402a7ea98d422094ef2,client_test_01_router_a_majors,client-test-01,customer-test-01,0,"","",DOGE/USD,"",0,confirmed,,,0,0,,,1781816808925,1781816851859,,1781816808925
1310,0x0ea81666a0c8e4ef36595e3b0da3dcf5e6cc0c2e0c0a94488a0ee6580a349ce2,d735b9b20151a92ce0d8b39de593831fd4a0a65d966b9861a350006dbb16449f,client_test_01_router_a_majors,client-test-01,customer-test-01,0,"","",USDT/USD,"",0,confirmed,,,0,0,,,1781817047211,1781817084048,,1781817047211
1311,0xc6039c19875b8fe035c29bbde5cc786a4a8f497043093ac181e326de5823e3d0,d735b9b20151a92ce0d8b39de593831fd4a0a65d966b9861a350006dbb16449f,client_test_01_router_a_majors,client-test-01,customer-test-01,0,"","",DOGE/USD,"",0,confirmed,,,0,0,,,1781817047222,1781817084060,,1781817047222
1312,0xcf7d9b2a83235ba5558a5d077864ed2a6f87588c50831cfcbb2af8122bd57717,479e39fb0cbd33aa0cf6d9616ce3edefad970670c370160e48c7347697213690,client_test_01_router_a_majors,client-test-01,customer-test-01,0,"","",BTC/USD,"",0,confirmed,,,0,0,,,1781817088306,1781817200385,,1781817088306
1313,0x62fe7e0bb3528fc49dfdfbadf16ea3e4ff52f87763ef743167505650ced88b62,"",client_test_02_router_default,client-test-02,customer-test-02,0,"","",BTC/USD,63038084163000000839680,1781817093,failed,NonMonotonicNonce,"Oracle intent nonce must be greater than the current on-chain nonce; intent superseded, not submitted.",0,0,,,,,1781817123406,1781817123406
1314,0xce5d9cfaa6bae9059de17e0f0979e20c0e38d17af4b00816b4c762ac55e0ca73,479e39fb0cbd33aa0cf6d9616ce3edefad970670c370160e48c7347697213690,client_test_01_router_a_majors,client-test-01,customer-test-01,0,"","",ETH/USD,"",0,confirmed,,,0,0,,,1781817133978,1781817200401,,1781817133978
1315,0x3c17e199e3429fce69a537b5d9467939001b4db5c30ed3a4e5ee157c6d643ff9,479e39fb0cbd33aa0cf6d9616ce3edefad970670c370160e48c7347697213690,client_test_01_router_a_majors,client-test-01,customer-test-01,0,"","",USDT/USD,"",0,failed,CrashRecovery,"daemon restarted with submitted transaction awaiting confirmation",0,0,,,1781817133988,,1781818310705,1781817133988
1316,0x94fbed0a4d3c5195711831cd78fa7c8b7127dc1afdc275a152b47473c86eff2d,479e39fb0cbd33aa0cf6d9616ce3edefad970670c370160e48c7347697213690,client_test_01_router_a_majors,client-test-01,customer-test-01,0,"","",USDC/USD,"",0,confirmed,,,0,0,,,1781817133994,1781817200421,,1781817133994
1317,0x5234675db52a279c38043b17e19fc0caaafe3dee4ac6bbc311811db4b757673d,479e39fb0cbd33aa0cf6d9616ce3edefad970670c370160e48c7347697213690,client_test_01_router_a_majors,client-test-01,customer-test-01,0,"","",DOGE/USD,"",0,confirmed,,,0,0,,,1781817134001,1781817200485,,1781817134001
1318,0x3c17e199e3429fce69a537b5d9467939001b4db5c30ed3a4e5ee157c6d643ff9,"",client_test_01_router_a_majors,client-test-01,customer-test-01,0,"","",USDT/USD,998812500000000000,1781817053,failed,CrashRecovery,"daemon restarted with submitted transaction awaiting confirmation",0,0,,,,,1781818310705,1781817200417
1319,0x919be093c90a1f968169a00cd0c1765e91593cb5c04f2572121bd7220b891f62,"",client_test_01_router_a_majors,client-test-01,customer-test-01,0,"","",USDC/USD,999738850500000256,1781817190,failed,NonMonotonicNonce,"Intent for USDC/USD superseded on chain; not submitted.",0,0,,,,,1781817205592,1781817205592
1320,0xe2f92b44d888405bf671e69f59bddb6827ca010fe6acea42fa68258a3cc483b2,"",client_test_01_router_a_majors,client-test-01,customer-test-01,0,"","",BTC/USD,63037728368600006262784,1781817182,failed,NonMonotonicNonce,"Intent for BTC/USD superseded on chain; not submitted.",0,0,,,,,1781817205598,1781817205598
1321,0xdf82fad57e66db8f678f9b8244777a252ea8729d86d46293102c803c44384c9b,"",client_test_01_router_a_majors,client-test-01,customer-test-01,0,"","",ETH/USD,1710076412190710038528,1781817184,failed,NonMonotonicNonce,"Intent for ETH/USD superseded on chain; not submitted.",0,0,,,,,1781817205603,1781817205603
1322,0x366164f811aa50b1a4b5dab916edd6981c43eb1f2412266bc3b1dbff9f255f77,f3d84b6b022dad612f02b4d1d7aa85381c7ddef6551be6db4c96e2216b126381,client_test_01_router_a_majors,client-test-01,customer-test-01,0,"","",BTC/USD,"",0,confirmed,,,0,0,,,1781817360372,1781817388021,,1781817360372
1323,0xca460f3a96672bcd34aacce5695fe02bbef77b70648bb39503390bed4c6510f4,f3d84b6b022dad612f02b4d1d7aa85381c7ddef6551be6db4c96e2216b126381,client_test_01_router_a_majors,client-test-01,customer-test-01,0,"","",USDT/USD,"",0,confirmed,,,0,0,,,1781817360379,1781817388036,,1781817360379
1324,0x47ff7bf9d3fbc983dea34c8bde6a103ad27baabf99ca6e5cc5a76a6115c4afe5,d7237c9dca4f82c5327234e740ce73cf3d7713a78bfa692cb05f970ec9a705e1,client_test_01_router_a_majors,client-test-01,customer-test-01,0,"","",ETH/USD,"",0,confirmed,,,0,0,,,1781817409794,1781817446717,,1781817409794
1325,0x2c59dbdd880a8839d2bb7d3d253a0586aa17ced0d325783e704edcd49d64fef2,d7237c9dca4f82c5327234e740ce73cf3d7713a78bfa692cb05f970ec9a705e1,client_test_01_router_a_majors,client-test-01,customer-test-01,0,"","",USDC/USD,"",0,confirmed,,,0,0,,,1781817409804,1781817446726,,1781817409804
1326,0x87a7e3edcade3abaa23ab374df8d3e7ad6cbca8b66bb6adb8b1fb5f4aef4cb0c,d7237c9dca4f82c5327234e740ce73cf3d7713a78bfa692cb05f970ec9a705e1,client_test_01_router_a_majors,client-test-01,customer-test-01,0,"","",DOGE/USD,"",0,confirmed,,,0,0,,,1781817409812,1781817446735,,1781817409812
1327,0xd0bbf286084588724c234f4997e6a35d5ac7eb8b8cc25eefdd045c92f3d8b96a,d7237c9dca4f82c5327234e740ce73cf3d7713a78bfa692cb05f970ec9a705e1,client_test_01_router_a_majors,client-test-01,customer-test-01,0,"","",USDT/USD,"",0,confirmed,,,0,0,,,1781817409817,1781817446743,,1781817409817
1328,0x366164f811aa50b1a4b5dab916edd6981c43eb1f2412266bc3b1dbff9f255f77,"",client_test_01_router_a_majors,client-test-01,customer-test-01,0,"","",BTC/USD,63036796110000002957312,1781817311,failed,NonMonotonicNonce,"Intent for BTC/USD superseded on chain; not submitted.",0,0,,,,,1781817446713,1781817446713
1329,0x2d78b60d558cee039189fd7429050f85fbd29e2bd61c99d7d74fea733d13c30e,7c43e351bd99cd07eb35ae8bdb656b845bb56364e1f88abee87ba27002bfa06b,client_test_01_router_a_majors,client-test-01,customer-test-01,0,"","",ETH/USD,"",0,confirmed,,,0,0,,,1781817464137,1781817494648,,1781817464137
1330,0x40981c4c48891508bd12e7e4ed7ab9bd567ea4e154f7b401b62a33b613639d56,7c43e351bd99cd07eb35ae8bdb656b845bb56364e1f88abee87ba27002bfa06b,client_test_01_router_a_majors,client-test-01,customer-test-01,0,"","",USDC/USD,"",0,confirmed,,,0,0,,,1781817464144,1781817494661,,1781817464144
1331,0xa8ffdfcc9104edfdbea899be18246fb02153b5e5975351ca78188ff9c7d79f94,7c43e351bd99cd07eb35ae8bdb656b845bb56364e1f88abee87ba27002bfa06b,client_test_01_router_a_majors,client-test-01,customer-test-01,0,"","",DOGE/USD,"",0,confirmed,,,0,0,,,1781817464148,1781817494672,,1781817464148
1332,0x3df582f20b8779c5db481353d742dd16d41f6a2877d2e5039eac3aa4e5413fcd,96bc83d2f388472ae4d35982daef037e4695ac05cc2439a0a18805e67111daff,client_test_01_router_a_majors,client-test-01,customer-test-01,0,"","",BTC/USD,"",0,confirmed,,,0,0,,,1781817659216,1781817799516,,1781817659216
1333,0xc32997c3bcf00330513b1db0fd3d8064e93de96d1d8967e47871e1d472d9a7ac,96bc83d2f388472ae4d35982daef037e4695ac05cc2439a0a18805e67111daff,client_test_01_router_a_majors,client-test-01,customer-test-01,0,"","",ETH/USD,"",0,confirmed,,,0,0,,,1781817747258,1781817799530,,1781817747258
1334,0x496bc6d09dcd88a2e28d854abc96cc224c9c88ada902ea7ae2e24aae4bed313a,96bc83d2f388472ae4d35982daef037e4695ac05cc2439a0a18805e67111daff,client_test_01_router_a_majors,client-test-01,customer-test-01,0,"","",USDC/USD,"",0,confirmed,,,0,0,,,1781817747268,1781817799538,,1781817747268
1335,0xe65b19653c9133b42a872f3c87bdb95a9c8e969337a78903d9ea61cffa6a18bb,96bc83d2f388472ae4d35982daef037e4695ac05cc2439a0a18805e67111daff,client_test_01_router_a_majors,client-test-01,customer-test-01,0,"","",DOGE/USD,"",0,confirmed,,,0,0,,,1781817747275,1781817799544,,1781817747275
1336,0xd1d84581f70c21c158672f276d5583f7979babb3dcfcace701a39b96544b6e8d,563b18a98041306d294205083aedad46f5baa4211ae93ff357bd77988e0349ad,client_test_01_router_a_majors,client-test-01,customer-test-01,0,"","",BTC/USD,"",0,confirmed,,,0,0,,,1781817800008,1781817836925,,1781817800008
1337,0x357c7ad26c468877eada0b6147c71e9dd208ed82dad55e5057cca190d818e548,1720d454a14cd5e117c3a46673820b9bcc16388fb4edc00ec7bf3e84a9cec7c4,client_test_01_router_a_majors,client-test-01,customer-test-01,0,"","",USDC/USD,"",0,confirmed,,,0,0,,,1781817846334,1781817871516,,1781817846334
1338,0x8131ce746f26ea464280e3ab98afba62ef4f8a75910196bcb048c179dd68dbdd,1720d454a14cd5e117c3a46673820b9bcc16388fb4edc00ec7bf3e84a9cec7c4,client_test_01_router_a_majors,client-test-01,customer-test-01,0,"","",USDT/USD,"",0,failed,CrashRecovery,"daemon restarted with submitted transaction awaiting confirmation",0,0,,,1781817846349,,1781818310701,1781817846349
1339,0xf9ea1295e0f59279e4454f81f3522fe0c31c01d5a1418dc7ca377e6a1d3cee74,1720d454a14cd5e117c3a46673820b9bcc16388fb4edc00ec7bf3e84a9cec7c4,client_test_01_router_a_majors,client-test-01,customer-test-01,0,"","",DOGE/USD,"",0,confirmed,,,0,0,,,1781817846366,1781817871538,,1781817846366
1340,0x381e71102bfa20a7a913894503b168d28fb6031e90a393ef40d8acf556330c13,1720d454a14cd5e117c3a46673820b9bcc16388fb4edc00ec7bf3e84a9cec7c4,client_test_01_router_a_majors,client-test-01,customer-test-01,0,"","",BTC/USD,"",0,confirmed,,,0,0,,,1781817846371,1781817871547,,1781817846371
1341,0x3172098728f3b6164e3652f10a93dbd52b006de49e40b3bf87f91e6630391c49,1720d454a14cd5e117c3a46673820b9bcc16388fb4edc00ec7bf3e84a9cec7c4,client_test_01_router_a_majors,client-test-01,customer-test-01,0,"","",ETH/USD,"",0,confirmed,,,0,0,,,1781817846377,1781817871558,,1781817846377
1342,0x8131ce746f26ea464280e3ab98afba62ef4f8a75910196bcb048c179dd68dbdd,"",client_test_01_router_a_majors,client-test-01,customer-test-01,0,"","",USDT/USD,998830000000000000,1781817781,failed,CrashRecovery,"daemon restarted with submitted transaction awaiting confirmation",0,0,,,,,1781818310701,1781817871534
1343,0x761e2d3f75d4e284acef0426fa12c0eeee1b5297b53166c6ce206e90bd58ccce,3d7e452e76d793610a35554421cea87bbd117776c716eb844c7b0cde696ad762,client_test_01_router_a_majors,client-test-01,customer-test-01,0,"","",USDT/USD,"",0,confirmed,,,0,0,,,1781817884008,1781817920467,,1781817884008
1344,0xd65feb7425e14c53c4e8caaebd0ad5d572b46f3bd376e3fcaf0f0cc9882be091,444ccd8716a639e0e01ef7faba952f4cb1d7c8dd6e55ca70b363b8eb788ad076,client_test_01_router_a_majors,client-test-01,customer-test-01,0,"","",USDT/USD,"",0,confirmed,,,0,0,,,1781817933350,1781817996685,,1781817933350
1345,0x15e492b0f32df300dd031a1474c5252f78e6b1d48842e8dbab4b4b2e2af9e8bf,e72f9782d510e436dd63384d6e92d3a90da79544bb6d46ff505df52a86f6897a,client_test_01_router_a_majors,client-test-01,customer-test-01,0,"","",DOGE/USD,"",0,confirmed,,,0,0,,,1781818063048,1781818087667,,1781818063048
1346,0x3a599b7fea6ea69d6db4123c50abdca9ab404e5656a60e58dd8e948013b49fd2,e72f9782d510e436dd63384d6e92d3a90da79544bb6d46ff505df52a86f6897a,client_test_01_router_a_majors,client-test-01,customer-test-01,0,"","",BTC/USD,"",0,confirmed,,,0,0,,,1781818063059,1781818087683,,1781818063059
1347,0xb39ee0d4179700f56581415ff7339bcc30617be402651e64658a6621ad4c4769,e72f9782d510e436dd63384d6e92d3a90da79544bb6d46ff505df52a86f6897a,client_test_01_router_a_majors,client-test-01,customer-test-01,0,"","",ETH/USD,"",0,confirmed,,,0,0,,,1781818063064,1781818087693,,1781818063064
1348,0x6d2de3cafa01805d2d54e1775e023d2e288ce6ce7b7744dc9483bf5e65ab8690,e72f9782d510e436dd63384d6e92d3a90da79544bb6d46ff505df52a86f6897a,client_test_01_router_a_majors,client-test-01,customer-test-01,0,"","",USDC/USD,"",0,confirmed,,,0,0,,,1781818063068,1781818087704,,1781818063068
1349,0x2922f02c944440f71fbfc516c1e8848dd3e58ecde703e537d3e3289711eaf7dc,199e52f49d7f37e4fed97924fa977f892d3454b4c9e3fd374c56b743fdbfeef0,client_test_01_router_a_majors,client-test-01,customer-test-01,0,"","",DOGE/USD,"",0,confirmed,,,0,0,,,1781818220811,1781818267054,,1781818220811
1350,0xed08993486ca91647bec06b15d26be18eba1271e18eb016e338b973e6bc9dfac,199e52f49d7f37e4fed97924fa977f892d3454b4c9e3fd374c56b743fdbfeef0,client_test_01_router_a_majors,client-test-01,customer-test-01,0,"","",BTC/USD,"",0,confirmed,,,0,0,,,1781818220820,1781818267063,,1781818220820
1351,0x2f8f58bb35cc225f18895bde06bebbf9fa5dc223b1dfcb876ee212c09d6952a4,199e52f49d7f37e4fed97924fa977f892d3454b4c9e3fd374c56b743fdbfeef0,client_test_01_router_a_majors,client-test-01,customer-test-01,0,"","",ETH/USD,"",0,confirmed,,,0,0,,,1781818220829,1781818267071,,1781818220829
1352,0x218dd936337075a57cbc4d8dbe1c1f4d934171876637df38ee19fd2250e80c3d,199e52f49d7f37e4fed97924fa977f892d3454b4c9e3fd374c56b743fdbfeef0,client_test_01_router_a_majors,client-test-01,customer-test-01,0,"","",USDC/USD,"",0,confirmed,,,0,0,,,1781818220837,1781818267079,,1781818220837
1353,0xeda5d83d3b8c97120a321b1cac5f3699e29103f9d8df57463d86fda91ef3e050,68e2a72c6677009edd2b52ce3d0bb23d0b45dc143bdebbc2b3cdcc4d0b10cec0,client_test_01_router_b_alts,client-test-01,customer-test-01,0,"","",SHIB/USD,"",0,confirmed,,,0,0,,,1781818375323,1781818402933,,1781818375323
1354,0x7a465d59aefd53d8f9a3221819f16ad1402e28fa741b4b0fc3de3da777098cb5,68e2a72c6677009edd2b52ce3d0bb23d0b45dc143bdebbc2b3cdcc4d0b10cec0,client_test_01_router_a_majors,client-test-01,customer-test-01,0,"","",USDT/USD,"",0,failed,CrashRecovery,"daemon restarted with submitted transaction awaiting confirmation",0,0,,,1781818375333,,1781827385972,1781818375333
1355,0xe1e0caa551167c21fb74c912ca573c614dbbd444167c2122ec39e3d97956f1fb,68e2a72c6677009edd2b52ce3d0bb23d0b45dc143bdebbc2b3cdcc4d0b10cec0,client_test_01_router_b_alts,client-test-01,customer-test-01,0,"","",LTC/USD,"",0,confirmed,,,0,0,,,1781818375339,1781818402964,,1781818375339
1356,0xb2ad84c2d2e9c8125c22c436040222083307f249f9668373cbd52797f6b71359,4c7750da29aa55f0e8df25d5695b7f3ac1453d11f60efec334707eb0e1dc95a4,client_test_02_router_default,client-test-02,customer-test-02,0,"","",BTC/USD,"",0,confirmed,,,0,0,,,1781818400317,1781818439672,,1781818400317
1357,0x7a465d59aefd53d8f9a3221819f16ad1402e28fa741b4b0fc3de3da777098cb5,"",client_test_01_router_a_majors,client-test-01,customer-test-01,0,"","",USDT/USD,998850000000000000,1781818333,failed,CrashRecovery,"daemon restarted with submitted transaction awaiting confirmation",0,0,,,,,1781827385972,1781818402959
1358,0x5fe77e7bccc6f46f236fe2d33a78e4438c17aafdbab534567125986e553544d3,be73f517551bd48c57d0d1b1d0c7b93b56694c3babbf63b34e8d0301347ba353,client_test_02_router_default,client-test-02,customer-test-02,0,"","",BTC/USD,"",0,confirmed,,,0,0,,,1781818449402,1781818503983,,1781818449402
1359,0xfb80a9c6e99828d258c01dff122f093072d19eecdd4dd8e00c3932bc5ae1c67a,"",client_test_01_router_a_majors,client-test-01,customer-test-01,0,"","",USDT/USD,998850000000000000,1781818370,failed,UtxoNotFound,"Error: {""contents"":{""contents"":{""contents"":{""era"":""ShelleyBasedEraConway"",""error"":[""ConwayUtxowFailure (UtxoFailure (InsufficientCollateral (DeltaCoin (-222279488)) (Coin 1872557)))"",""ConwayUtxowFailure (UtxoFailure (IncorrectTotalCollateralField (DeltaCoin (-222279488)) (Coin 5000000)))"",""ConwayUtxowFailure (UtxoFailure NoCollateralInputs)"",""ConwayUtxowFailure (UtxoFailure (BadInputsUTxO (NonEmptySet (fromList [TxIn (TxId {unTxId = SafeHash \""68e2a72c6677009edd2b52ce3d0bb23d0b45dc143bdebbc2b3cdcc4d0b10cec0\""}) (TxIx {unTxIx = 3})]))))"",""ConwayUtxowFailure (UtxoFailure (ValueNotConservedUTxO Mismatch (RelEQ) {supplied: MaryValue (Coin 9259000000) (MultiAsset (fromList [(PolicyID {policyID = ScriptHash \""def5c14be6bceefb95769110a0c8c7d5362e58bf8f17b6ee1c1bd902\""},fromList [(\""5ec9fa6a8337c83985882517e4865a68763912f37490cffe992a26abfd29d315\"",1),(\""a8c0b97b231afaebc42d067a57b139abb4a8631e36c7f81cee6a30173e22b6b2\"",1),(\""e6643031cebf937d080904cd1e6dd3d5aebcac06fc08dc15de991ade67363588\"",1)]),(PolicyID {policyID = ScriptHash \""e6721fde8af7e40aecbd6f146b0470cc20722e05a61c9230a052900d\""},fromList [(\""4449415f52454345495645525f434c49454e545f41\"",1)])])), expected: MaryValue (Coin 9486279488) (MultiAsset (fromList [(PolicyID {policyID = ScriptHash \""def5c14be6bceefb95769110a0c8c7d5362e58bf8f17b6ee1c1bd902\""},fromList [(\""5ec9fa6a8337c83985882517e4865a68763912f37490cffe992a26abfd29d315\"",1),(\""a8c0b97b231afaebc42d067a57b139abb4a8631e36c7f81cee6a30173e22b6b2\"",1),(\""e6643031cebf937d080904cd1e6dd3d5aebcac06fc08dc15de991ade67363588\"",1)]),(PolicyID {policyID = ScriptHash \""e6721fde8af7e40aecbd6f146b0470cc20722e05a61c9230a052900d\""},fromList [(\""4449415f52454345495645525f434c49454e545f41\"",1)])]))}))"",""ConwayUtxowFailure (UtxoFailure (UtxosFailure (CollectErrors (BadTranslation (BabbageContextError (AlonzoContextError (TranslationLogicMissingInput (TxIn (TxId {unTxId = SafeHash \""68e2a72c6677009edd2b52ce3d0bb23d0b45dc143bdebbc2b3cdcc4d0b10cec0\""}) (TxIx {unTxIx = 3}))))) :| []))))""],""kind"":""ShelleyTxValidationError""},""tag"":""TxValidationErrorInCardanoMode""},""tag"":""TxCmdTxSubmitValidationError""},""tag"":""TxSubmitFail""}",0,0,,,,,1781818469380,1781818469380
1360,0xfb551673e2764ae6de41b49f9dd0e8d38772a88e9363b8b947ebb267ad37a83b,"",client_test_01_router_b_alts,client-test-01,customer-test-01,0,"","",SHIB/USD,4740722066250,1781818387,failed,UtxoNotFound,"Error: {""contents"":{""contents"":{""contents"":{""era"":""ShelleyBasedEraConway"",""error"":[""ConwayUtxowFailure (UtxoFailure (InsufficientCollateral (DeltaCoin (-222279488)) (Coin 1872557)))"",""ConwayUtxowFailure (UtxoFailure (IncorrectTotalCollateralField (DeltaCoin (-222279488)) (Coin 5000000)))"",""ConwayUtxowFailure (UtxoFailure NoCollateralInputs)"",""ConwayUtxowFailure (UtxoFailure (BadInputsUTxO (NonEmptySet (fromList [TxIn (TxId {unTxId = SafeHash \""68e2a72c6677009edd2b52ce3d0bb23d0b45dc143bdebbc2b3cdcc4d0b10cec0\""}) (TxIx {unTxIx = 3})]))))"",""ConwayUtxowFailure (UtxoFailure (ValueNotConservedUTxO Mismatch (RelEQ) {supplied: MaryValue (Coin 9259000000) (MultiAsset (fromList [(PolicyID {policyID = ScriptHash \""def5c14be6bceefb95769110a0c8c7d5362e58bf8f17b6ee1c1bd902\""},fromList [(\""5ec9fa6a8337c83985882517e4865a68763912f37490cffe992a26abfd29d315\"",1),(\""a8c0b97b231afaebc42d067a57b139abb4a8631e36c7f81cee6a30173e22b6b2\"",1),(\""e6643031cebf937d080904cd1e6dd3d5aebcac06fc08dc15de991ade67363588\"",1)]),(PolicyID {policyID = ScriptHash \""e6721fde8af7e40aecbd6f146b0470cc20722e05a61c9230a052900d\""},fromList [(\""4449415f52454345495645525f434c49454e545f41\"",1)])])), expected: MaryValue (Coin 9486279488) (MultiAsset (fromList [(PolicyID {policyID = ScriptHash \""def5c14be6bceefb95769110a0c8c7d5362e58bf8f17b6ee1c1bd902\""},fromList [(\""5ec9fa6a8337c83985882517e4865a68763912f37490cffe992a26abfd29d315\"",1),(\""a8c0b97b231afaebc42d067a57b139abb4a8631e36c7f81cee6a30173e22b6b2\"",1),(\""e6643031cebf937d080904cd1e6dd3d5aebcac06fc08dc15de991ade67363588\"",1)]),(PolicyID {policyID = ScriptHash \""e6721fde8af7e40aecbd6f146b0470cc20722e05a61c9230a052900d\""},fromList [(\""4449415f52454345495645525f434c49454e545f41\"",1)])]))}))"",""ConwayUtxowFailure (UtxoFailure (UtxosFailure (CollectErrors (BadTranslation (BabbageContextError (AlonzoContextError (TranslationLogicMissingInput (TxIn (TxId {unTxId = SafeHash \""68e2a72c6677009edd2b52ce3d0bb23d0b45dc143bdebbc2b3cdcc4d0b10cec0\""}) (TxIx {unTxIx = 3}))))) :| []))))""],""kind"":""ShelleyTxValidationError""},""tag"":""TxValidationErrorInCardanoMode""},""tag"":""TxCmdTxSubmitValidationError""},""tag"":""TxSubmitFail""}",0,0,,,,,1781818469387,1781818469387
1361,0x1f452bbf95b4bb88fc54222fe135cf789008f85a63e5fc2491b5d192331f6f26,"",client_test_01_router_b_alts,client-test-01,customer-test-01,0,"","",NEIRO/USD,66732500400000,1781818357,failed,UtxoNotFound,"Error: {""contents"":{""contents"":{""contents"":{""era"":""ShelleyBasedEraConway"",""error"":[""ConwayUtxowFailure (UtxoFailure (InsufficientCollateral (DeltaCoin (-222279488)) (Coin 1872557)))"",""ConwayUtxowFailure (UtxoFailure (IncorrectTotalCollateralField (DeltaCoin (-222279488)) (Coin 5000000)))"",""ConwayUtxowFailure (UtxoFailure NoCollateralInputs)"",""ConwayUtxowFailure (UtxoFailure (BadInputsUTxO (NonEmptySet (fromList [TxIn (TxId {unTxId = SafeHash \""68e2a72c6677009edd2b52ce3d0bb23d0b45dc143bdebbc2b3cdcc4d0b10cec0\""}) (TxIx {unTxIx = 3})]))))"",""ConwayUtxowFailure (UtxoFailure (ValueNotConservedUTxO Mismatch (RelEQ) {supplied: MaryValue (Coin 9259000000) (MultiAsset (fromList [(PolicyID {policyID = ScriptHash \""def5c14be6bceefb95769110a0c8c7d5362e58bf8f17b6ee1c1bd902\""},fromList [(\""5ec9fa6a8337c83985882517e4865a68763912f37490cffe992a26abfd29d315\"",1),(\""a8c0b97b231afaebc42d067a57b139abb4a8631e36c7f81cee6a30173e22b6b2\"",1),(\""e6643031cebf937d080904cd1e6dd3d5aebcac06fc08dc15de991ade67363588\"",1)]),(PolicyID {policyID = ScriptHash \""e6721fde8af7e40aecbd6f146b0470cc20722e05a61c9230a052900d\""},fromList [(\""4449415f52454345495645525f434c49454e545f41\"",1)])])), expected: MaryValue (Coin 9486279488) (MultiAsset (fromList [(PolicyID {policyID = ScriptHash \""def5c14be6bceefb95769110a0c8c7d5362e58bf8f17b6ee1c1bd902\""},fromList [(\""5ec9fa6a8337c83985882517e4865a68763912f37490cffe992a26abfd29d315\"",1),(\""a8c0b97b231afaebc42d067a57b139abb4a8631e36c7f81cee6a30173e22b6b2\"",1),(\""e6643031cebf937d080904cd1e6dd3d5aebcac06fc08dc15de991ade67363588\"",1)]),(PolicyID {policyID = ScriptHash \""e6721fde8af7e40aecbd6f146b0470cc20722e05a61c9230a052900d\""},fromList [(\""4449415f52454345495645525f434c49454e545f41\"",1)])]))}))"",""ConwayUtxowFailure (UtxoFailure (UtxosFailure (CollectErrors (BadTranslation (BabbageContextError (AlonzoContextError (TranslationLogicMissingInput (TxIn (TxId {unTxId = SafeHash \""68e2a72c6677009edd2b52ce3d0bb23d0b45dc143bdebbc2b3cdcc4d0b10cec0\""}) (TxIx {unTxIx = 3}))))) :| []))))""],""kind"":""ShelleyTxValidationError""},""tag"":""TxValidationErrorInCardanoMode""},""tag"":""TxCmdTxSubmitValidationError""},""tag"":""TxSubmitFail""}",0,0,,,,,1781818469394,1781818469394
1362,0x0878f6058f85f5e45c1d97fffeaf636be340e4d00d35d2379a217e3ac9e57197,"",client_test_01_router_b_alts,client-test-01,customer-test-01,0,"","",XVG/USD,2557881982500000,1781818367,failed,UtxoNotFound,"Error: {""contents"":{""contents"":{""contents"":{""era"":""ShelleyBasedEraConway"",""error"":[""ConwayUtxowFailure (UtxoFailure (InsufficientCollateral (DeltaCoin (-222279488)) (Coin 1872557)))"",""ConwayUtxowFailure (UtxoFailure (IncorrectTotalCollateralField (DeltaCoin (-222279488)) (Coin 5000000)))"",""ConwayUtxowFailure (UtxoFailure NoCollateralInputs)"",""ConwayUtxowFailure (UtxoFailure (BadInputsUTxO (NonEmptySet (fromList [TxIn (TxId {unTxId = SafeHash \""68e2a72c6677009edd2b52ce3d0bb23d0b45dc143bdebbc2b3cdcc4d0b10cec0\""}) (TxIx {unTxIx = 3})]))))"",""ConwayUtxowFailure (UtxoFailure (ValueNotConservedUTxO Mismatch (RelEQ) {supplied: MaryValue (Coin 9259000000) (MultiAsset (fromList [(PolicyID {policyID = ScriptHash \""def5c14be6bceefb95769110a0c8c7d5362e58bf8f17b6ee1c1bd902\""},fromList [(\""5ec9fa6a8337c83985882517e4865a68763912f37490cffe992a26abfd29d315\"",1),(\""a8c0b97b231afaebc42d067a57b139abb4a8631e36c7f81cee6a30173e22b6b2\"",1),(\""e6643031cebf937d080904cd1e6dd3d5aebcac06fc08dc15de991ade67363588\"",1)]),(PolicyID {policyID = ScriptHash \""e6721fde8af7e40aecbd6f146b0470cc20722e05a61c9230a052900d\""},fromList [(\""4449415f52454345495645525f434c49454e545f41\"",1)])])), expected: MaryValue (Coin 9486279488) (MultiAsset (fromList [(PolicyID {policyID = ScriptHash \""def5c14be6bceefb95769110a0c8c7d5362e58bf8f17b6ee1c1bd902\""},fromList [(\""5ec9fa6a8337c83985882517e4865a68763912f37490cffe992a26abfd29d315\"",1),(\""a8c0b97b231afaebc42d067a57b139abb4a8631e36c7f81cee6a30173e22b6b2\"",1),(\""e6643031cebf937d080904cd1e6dd3d5aebcac06fc08dc15de991ade67363588\"",1)]),(PolicyID {policyID = ScriptHash \""e6721fde8af7e40aecbd6f146b0470cc20722e05a61c9230a052900d\""},fromList [(\""4449415f52454345495645525f434c49454e545f41\"",1)])]))}))"",""ConwayUtxowFailure (UtxoFailure (UtxosFailure (CollectErrors (BadTranslation (BabbageContextError (AlonzoContextError (TranslationLogicMissingInput (TxIn (TxId {unTxId = SafeHash \""68e2a72c6677009edd2b52ce3d0bb23d0b45dc143bdebbc2b3cdcc4d0b10cec0\""}) (TxIx {unTxIx = 3}))))) :| []))))""],""kind"":""ShelleyTxValidationError""},""tag"":""TxValidationErrorInCardanoMode""},""tag"":""TxCmdTxSubmitValidationError""},""tag"":""TxSubmitFail""}",0,0,,,,,1781818469402,1781818469402
1363,0xfe8fe8575e8c85f5765da1b724053787ca1966845586b6af352fcb2cd5432747,acfe4f059809a155f7c3c9d8bf967837ea715ce8e080cc3014de3067e523cc60,client_test_01_router_a_majors,client-test-01,customer-test-01,0,"","",USDT/USD,"",0,confirmed,,,0,0,,,1781818500398,1781818575693,,1781818500398
1364,0x76c8cff98c47ba23b7656b88d406c42cfa111bf49c48cf9c09dcd0fafab953b5,acfe4f059809a155f7c3c9d8bf967837ea715ce8e080cc3014de3067e523cc60,client_test_01_router_b_alts,client-test-01,customer-test-01,0,"","",ARB/USD,"",0,failed,CrashRecovery,"daemon restarted with submitted transaction awaiting confirmation",0,0,,,1781818500406,,1781827385969,1781818500406
1365,0xf7401b0e8c11bef19e9b39a9a71e629375df2ce881269ca7f656d203ec403910,acfe4f059809a155f7c3c9d8bf967837ea715ce8e080cc3014de3067e523cc60,client_test_01_router_b_alts,client-test-01,customer-test-01,0,"","",NEIRO/USD,"",0,confirmed,,,0,0,,,1781818500410,1781818575716,,1781818500410
1366,0xba73b56753db616c703a40f908a9f25c913e3d8b29ab98fc71a35a772bba0134,acfe4f059809a155f7c3c9d8bf967837ea715ce8e080cc3014de3067e523cc60,client_test_01_router_b_alts,client-test-01,customer-test-01,0,"","",XVG/USD,"",0,confirmed,,,0,0,,,1781818500415,1781818575725,,1781818500415
1367,0x76c8cff98c47ba23b7656b88d406c42cfa111bf49c48cf9c09dcd0fafab953b5,"",client_test_01_router_b_alts,client-test-01,customer-test-01,0,"","",ARB/USD,84607500900000016,1781818448,failed,CrashRecovery,"daemon restarted with submitted transaction awaiting confirmation",0,0,,,,,1781827385969,1781818575712
1368,0x85b2b960b804c2e254290ba73b49c4f4fa54c54f56949782fffd4932c829f13a,813a73be7732ea641ff3b080d5993531466bf1b153e2df0d0223c0b3473858cd,client_test_01_router_b_alts,client-test-01,customer-test-01,0,"","",ARB/USD,"",0,confirmed,,,0,0,,,1781818592946,1781818627290,,1781818592946
1369,0x59e5f1356e55d1cba959ab7f532156ab696b6b8686b3720e7b08a24e9f6ab495,813a73be7732ea641ff3b080d5993531466bf1b153e2df0d0223c0b3473858cd,client_test_01_router_a_majors,client-test-01,customer-test-01,0,"","",USDT/USD,"",0,confirmed,,,0,0,,,1781818592956,1781818627303,,1781818592956
1370,0xaf5b00b565cdfb3db4fd4340b9f52c3edd05798e48b51a70394059bcc563c294,813a73be7732ea641ff3b080d5993531466bf1b153e2df0d0223c0b3473858cd,client_test_01_router_b_alts,client-test-01,customer-test-01,0,"","",NEIRO/USD,"",0,confirmed,,,0,0,,,1781818592961,1781818627315,,1781818592961
1371,0xa0e0f9906daa9dc3c18c73b2a8de54ab14b1f3738f7f5e780d1eb919a13e2757,813a73be7732ea641ff3b080d5993531466bf1b153e2df0d0223c0b3473858cd,client_test_01_router_b_alts,client-test-01,customer-test-01,0,"","",XVG/USD,"",0,confirmed,,,0,0,,,1781818592967,1781818627323,,1781818592967
1372,0x453fb3da9ff5b2a2c811dac93241a50938456904a99926a0dfe3fe3ee74c2f44,813a73be7732ea641ff3b080d5993531466bf1b153e2df0d0223c0b3473858cd,client_test_01_router_a_majors,client-test-01,customer-test-01,0,"","",BTC/USD,"",0,confirmed,,,0,0,,,1781818592974,1781818627331,,1781818592974
1373,0x7136f2779b71fdac56baeeed902efff83cd2fd7f92356b8ca3aa6dd2d03bf458,813a73be7732ea641ff3b080d5993531466bf1b153e2df0d0223c0b3473858cd,client_test_01_router_a_majors,client-test-01,customer-test-01,0,"","",ETH/USD,"",0,confirmed,,,0,0,,,1781818592981,1781818627339,,1781818592981
1374,0x8e41259fbf7e9ce78debbc33de2a059d77edba0e3f9234cbf07458aba6d484ae,813a73be7732ea641ff3b080d5993531466bf1b153e2df0d0223c0b3473858cd,client_test_01_router_a_majors,client-test-01,customer-test-01,0,"","",USDC/USD,"",0,confirmed,,,0,0,,,1781818592986,1781818627350,,1781818592986
1375,0x5443c000d8a8e78b286b3de89c873fadc046bf1d0a7abc71cc6c6b0cf33dd6d7,813a73be7732ea641ff3b080d5993531466bf1b153e2df0d0223c0b3473858cd,client_test_01_router_a_majors,client-test-01,customer-test-01,0,"","",DOGE/USD,"",0,failed,CrashRecovery,"daemon restarted with submitted transaction awaiting confirmation",0,0,,,1781818592992,,1781827385966,1781818592992
1376,0x5443c000d8a8e78b286b3de89c873fadc046bf1d0a7abc71cc6c6b0cf33dd6d7,"",client_test_01_router_a_majors,client-test-01,customer-test-01,0,"","",DOGE/USD,83270103275000000,1781818565,failed,CrashRecovery,"daemon restarted with submitted transaction awaiting confirmation",0,0,,,,,1781827385966,1781818627362
1377,0xe0d62462818f6f14e10b0992a2f53bba0a97ac48555ef827f625ccce148f2e03,228ec05c9dd336f08f43918e14b3e7bd7f48d6186fbb03b358301e89136eeb6c,client_test_01_router_a_majors,client-test-01,customer-test-01,0,"","",BTC/USD,"",0,confirmed,,,0,0,,,1781818641027,1781818656657,,1781818641027
1378,0xcafc830b95157c016f3d185156238e0c71d57aa3e3e3e0a8a77ec71271b89a2a,228ec05c9dd336f08f43918e14b3e7bd7f48d6186fbb03b358301e89136eeb6c,client_test_01_router_a_majors,client-test-01,customer-test-01,0,"","",ETH/USD,"",0,confirmed,,,0,0,,,1781818641038,1781818656669,,1781818641038
1379,0xeda4188a39eb2e8e7e70c3999bc6fe427f806dbba42029ebdaf69f2ffed0d286,228ec05c9dd336f08f43918e14b3e7bd7f48d6186fbb03b358301e89136eeb6c,client_test_01_router_a_majors,client-test-01,customer-test-01,0,"","",USDC/USD,"",0,confirmed,,,0,0,,,1781818641044,1781818656679,,1781818641044
1380,0x9610baa1b1741ea4b3016cf1079c6f9237b16e5692932e9431967c844e07767e,228ec05c9dd336f08f43918e14b3e7bd7f48d6186fbb03b358301e89136eeb6c,client_test_01_router_a_majors,client-test-01,customer-test-01,0,"","",DOGE/USD,"",0,confirmed,,,0,0,,,1781818641049,1781818656688,,1781818641049
1381,0x85b2b960b804c2e254290ba73b49c4f4fa54c54f56949782fffd4932c829f13a,"",client_test_01_router_b_alts,client-test-01,customer-test-01,0,"","",ARB/USD,84602550975000008,1781818573,failed,NonMonotonicNonce,"Intent for ARB/USD superseded on chain; not submitted.",0,0,,,,,1781818656653,1781818656653
1382,0x9610baa1b1741ea4b3016cf1079c6f9237b16e5692932e9431967c844e07767e,"",client_test_01_router_a_majors,client-test-01,customer-test-01,0,"","",DOGE/USD,83272248675000008,1781818601,failed,NonMonotonicNonce,"Oracle intent timestamp must be greater than the current on-chain timestamp; intent superseded, not submitted.",0,0,,,,,1781818662109,1781818662109
1383,0x7cba715541dde20033d01b8c02e38be40633bee462c380bba37e5e9e091be75b,2bf3cd0970026144a25b90495d86a8f446137d020988c4b44054348e2a024501,client_test_01_router_a_majors,client-test-01,customer-test-01,0,"","",BTC/USD,"",0,confirmed,,,0,0,,,1781818863531,1781819033877,,1781818863531
1384,0x97c3e5a917140cbcd8db981fe693a5cd0aa4049545ec891b5679a4797459ee1f,2bf3cd0970026144a25b90495d86a8f446137d020988c4b44054348e2a024501,client_test_01_router_a_majors,client-test-01,customer-test-01,0,"","",ETH/USD,"",0,confirmed,,,0,0,,,1781818884069,1781819033892,,1781818884069
1385,0xfef9c6c548539b44674c769445557a4d16aca3ec36324adad1bcb5805df90936,2bf3cd0970026144a25b90495d86a8f446137d020988c4b44054348e2a024501,client_test_01_router_a_majors,client-test-01,customer-test-01,0,"","",USDC/USD,"",0,confirmed,,,0,0,,,1781818884079,1781819033902,,1781818884079
1386,0xda8dd214ca6768fbd694893e93a7ee5e7eab1bb76fff2ab82da898c40a1b74c7,2bf3cd0970026144a25b90495d86a8f446137d020988c4b44054348e2a024501,client_test_01_router_a_majors,client-test-01,customer-test-01,0,"","",DOGE/USD,"",0,confirmed,,,0,0,,,1781818884083,1781819033913,,1781818884083
1387,0xa7fb98dcdbb4d42c0cbb4d49be407693bb609aa10d5991ed0fdad0fbf6142179,de879aa0ce0420b3ea21c071fb8964ac073793a8aa2b059ef3e7fd6df48c0a75,client_test_01_router_a_majors,client-test-01,customer-test-01,0,"","",USDT/USD,"",0,confirmed,,,0,0,,,1781819047451,1781819080853,,1781819047451
1388,0xc7137fa524d04e0b3c400cad2a22e74e7787615114f82219dfef165a71a75184,de879aa0ce0420b3ea21c071fb8964ac073793a8aa2b059ef3e7fd6df48c0a75,client_test_01_router_a_majors,client-test-01,customer-test-01,0,"","",BTC/USD,"",0,failed,CrashRecovery,"daemon restarted with submitted transaction awaiting confirmation",0,0,,,1781819047458,,1781827385963,1781819047458
1389,0x85961b281d7d39d5728a17458257235e963be361b0c95e670fa2a16f48ea26f5,de879aa0ce0420b3ea21c071fb8964ac073793a8aa2b059ef3e7fd6df48c0a75,client_test_01_router_a_majors,client-test-01,customer-test-01,0,"","",ETH/USD,"",0,failed,CrashRecovery,"daemon restarted with submitted transaction awaiting confirmation",0,0,,,1781819047466,,1781827385961,1781819047466
1390,0x0e3608310ee1d539e7477f6bd9195b3bb029b844c9796f63752d04ee16870f90,de879aa0ce0420b3ea21c071fb8964ac073793a8aa2b059ef3e7fd6df48c0a75,client_test_01_router_a_majors,client-test-01,customer-test-01,0,"","",USDC/USD,"",0,failed,CrashRecovery,"daemon restarted with submitted transaction awaiting confirmation",0,0,,,1781819047472,,1781827385958,1781819047472
1391,0xf7ad34e761c42faf9a1f3e980a073c06643ec2fefee1c98d8869288aaa7623d4,de879aa0ce0420b3ea21c071fb8964ac073793a8aa2b059ef3e7fd6df48c0a75,client_test_01_router_a_majors,client-test-01,customer-test-01,0,"","",DOGE/USD,"",0,failed,CrashRecovery,"daemon restarted with submitted transaction awaiting confirmation",0,0,,,1781819047477,,1781827385955,1781819047477
1392,0xc7137fa524d04e0b3c400cad2a22e74e7787615114f82219dfef165a71a75184,"",client_test_01_router_a_majors,client-test-01,customer-test-01,0,"","",BTC/USD,62935966702903182229504,1781819009,failed,CrashRecovery,"daemon restarted with submitted transaction awaiting confirmation",0,0,,,,,1781827385963,1781819080871
1393,0x85961b281d7d39d5728a17458257235e963be361b0c95e670fa2a16f48ea26f5,"",client_test_01_router_a_majors,client-test-01,customer-test-01,0,"","",ETH/USD,1704828566999999971328,1781819010,failed,CrashRecovery,"daemon restarted with submitted transaction awaiting confirmation",0,0,,,,,1781827385961,1781819080878
1394,0x0e3608310ee1d539e7477f6bd9195b3bb029b844c9796f63752d04ee16870f90,"",client_test_01_router_a_majors,client-test-01,customer-test-01,0,"","",USDC/USD,999745211625000000,1781819016,failed,CrashRecovery,"daemon restarted with submitted transaction awaiting confirmation",0,0,,,,,1781827385958,1781819080883
1395,0xf7ad34e761c42faf9a1f3e980a073c06643ec2fefee1c98d8869288aaa7623d4,"",client_test_01_router_a_majors,client-test-01,customer-test-01,0,"","",DOGE/USD,83273395012500008,1781819020,failed,CrashRecovery,"daemon restarted with submitted transaction awaiting confirmation",0,0,,,,,1781827385955,1781819080889
1396,0x1b2ca3e3bca75e36b1779dadc0b6126f589e711f7d7ce876e85a116f046684e8,"",client_test_01_router_a_majors,client-test-01,customer-test-01,0,"","",USDT/USD,998850000000000000,1781819059,failed,NonMonotonicNonce,"Oracle intent nonce must be greater than the current on-chain nonce; intent superseded, not submitted.",0,0,,,,,1781819086156,1781819086156
1397,0x635094f9e4076a2ab0e563e1cbe035ac90a9c71c769da431572beb74b04626fd,8037dc7ae1f0b824ef8418fbb108d47de7dff00cb0f47bb17d386bea98ccd8c1,client_test_01_router_a_majors,client-test-01,customer-test-01,0,"","",USDT/USD,"",0,confirmed,,,0,0,,,1781819163057,1781819202627,,1781819163057
1398,0xf9f5cdf9d14896c54cc3142e8231f4dcddca6de49c2dbcd5991fdb0d1e3d4047,04155b8af6072930fc94c20994527322e1e67b25a8a5953805cffe6c8debdd38,client_test_01_router_a_majors,client-test-01,customer-test-01,0,"","",BTC/USD,"",0,confirmed,,,0,0,,,1781819216470,1781819247288,,1781819216470
1399,0xdbcca5c065358266b9349e751aa4ebea13169acb838583c9f0465d8f8086457b,04155b8af6072930fc94c20994527322e1e67b25a8a5953805cffe6c8debdd38,client_test_01_router_a_majors,client-test-01,customer-test-01,0,"","",ETH/USD,"",0,confirmed,,,0,0,,,1781819216481,1781819247301,,1781819216481
1400,0x8933a25548fa9930d93e37f16cce1f225d2b1d0e2b184e0fdf127b032fbcc91f,04155b8af6072930fc94c20994527322e1e67b25a8a5953805cffe6c8debdd38,client_test_01_router_a_majors,client-test-01,customer-test-01,0,"","",USDC/USD,"",0,confirmed,,,0,0,,,1781819216486,1781819247311,,1781819216486
1401,0x1ec84145d1d754ba6356d19cbcbfd1db71a241c97252e962f271188f699b3169,04155b8af6072930fc94c20994527322e1e67b25a8a5953805cffe6c8debdd38,client_test_01_router_a_majors,client-test-01,customer-test-01,0,"","",DOGE/USD,"",0,confirmed,,,0,0,,,1781819216491,1781819247327,,1781819216491
1402,0x635094f9e4076a2ab0e563e1cbe035ac90a9c71c769da431572beb74b04626fd,"",client_test_01_router_a_majors,client-test-01,customer-test-01,0,"","",USDT/USD,998850000000000000,1781819095,failed,NonMonotonicNonce,"Intent for USDT/USD superseded on chain; not submitted.",0,0,,,,,1781819247323,1781819247323
1403,0xe14524069dea0b872ae44846f09bb23d4f1c3c4e2455cb006051247fc1d41ae0,6f23082a20758debd6453a93a2600b55d5707b629a7cf1d9af3300c010dd65ea,client_test_01_router_a_majors,client-test-01,customer-test-01,0,"","",BTC/USD,"",0,confirmed,,,0,0,,,1781819260332,1781819345507,,1781819260332
1404,0xfcf41182355eea2547e433a00d9c2baaaf3571492d70c3f6325a34684d0d0cb3,6f23082a20758debd6453a93a2600b55d5707b629a7cf1d9af3300c010dd65ea,client_test_01_router_a_majors,client-test-01,customer-test-01,0,"","",ETH/USD,"",0,confirmed,,,0,0,,,1781819260339,1781819345525,,1781819260339
1405,0x175a17d2ac0eab91fd5b4287e9b92454ae8a1745fe91088f3a31c115785ed3bd,6f23082a20758debd6453a93a2600b55d5707b629a7cf1d9af3300c010dd65ea,client_test_01_router_a_majors,client-test-01,customer-test-01,0,"","",USDC/USD,"",0,confirmed,,,0,0,,,1781819260343,1781819345538,,1781819260343
1406,0x9bb0e74cec9fd72133a68e187fd84a5f3237e9f7889a576d95abec62faa68469,6f23082a20758debd6453a93a2600b55d5707b629a7cf1d9af3300c010dd65ea,client_test_01_router_a_majors,client-test-01,customer-test-01,0,"","",DOGE/USD,"",0,confirmed,,,0,0,,,1781819260350,1781819345553,,1781819260350
1407,0x078b34c3af8cd93a14c92bf106b030b7e2d459261951f6df115dbbd95ebc350b,ab9bd8a3163a34d9baa6dff25e62eb3571aeedd0e4b0d18e73cb2a611e5ceff5,client_test_01_router_a_majors,client-test-01,customer-test-01,0,"","",BTC/USD,"",0,confirmed,,,0,0,,,1781819460701,1781819523425,,1781819460701
1408,0x165c2afd0300cfafaf6dec5497ed903ffe6ee3fc1094aa9bff9ca611c321d6a3,ab9bd8a3163a34d9baa6dff25e62eb3571aeedd0e4b0d18e73cb2a611e5ceff5,client_test_01_router_a_majors,client-test-01,customer-test-01,0,"","",ETH/USD,"",0,confirmed,,,0,0,,,1781819502006,1781819523433,,1781819502006
1409,0xbdbf6d2fd644a1689d5069cc8d05210cf901931e4104cc412f14e3c2e8d80a36,ab9bd8a3163a34d9baa6dff25e62eb3571aeedd0e4b0d18e73cb2a611e5ceff5,client_test_01_router_a_majors,client-test-01,customer-test-01,0,"","",USDC/USD,"",0,confirmed,,,0,0,,,1781819502015,1781819523441,,1781819502015
1410,0x1ef617b845e964e85737570b7419cf14fb8c8a5c19baca3d6266a29e74362d61,ab9bd8a3163a34d9baa6dff25e62eb3571aeedd0e4b0d18e73cb2a611e5ceff5,client_test_01_router_a_majors,client-test-01,customer-test-01,0,"","",USDT/USD,"",0,confirmed,,,0,0,,,1781819502021,1781819523449,,1781819502021
1411,0x8a0a62b5c3c217a03f3384fba8f757744bcf2f3f55e360bc79f56361c65ef71d,ab9bd8a3163a34d9baa6dff25e62eb3571aeedd0e4b0d18e73cb2a611e5ceff5,client_test_01_router_a_majors,client-test-01,customer-test-01,0,"","",DOGE/USD,"",0,confirmed,,,0,0,,,1781819502031,1781819523458,,1781819502031
1412,0x760fc41f1f1d8a10acde6a2555ad05f7ab1717a66fb681c2e31407e57117f509,9af50ae66af54cf8d776a71473af0d04bdbc018e31baf96fe6990fd56446f8c0,client_test_02_router_default,client-test-02,customer-test-02,0,"","",BTC/USD,"",0,confirmed,,,0,0,,,1781819518816,1781819628042,,1781819518816
1413,0xa6576764938e0c81cd62a05b91ade775e04907467278404afd14abdf65c1c187,9af50ae66af54cf8d776a71473af0d04bdbc018e31baf96fe6990fd56446f8c0,client_test_01_router_a_majors,client-test-01,customer-test-01,0,"","",ETH/USD,"",0,confirmed,,,0,0,,,1781819555949,1781819628056,,1781819555949
1414,0x3801fcedd1a1415a8229e751812e73420696336ef951dc0be1fc08d48530a072,9af50ae66af54cf8d776a71473af0d04bdbc018e31baf96fe6990fd56446f8c0,client_test_01_router_a_majors,client-test-01,customer-test-01,0,"","",USDC/USD,"",0,confirmed,,,0,0,,,1781819555960,1781819628076,,1781819555960
1415,0xe9cb0ae19266f797944b8fde9f11ec9422109810c0456fb7dfdd0b09557a1d7a,9af50ae66af54cf8d776a71473af0d04bdbc018e31baf96fe6990fd56446f8c0,client_test_01_router_a_majors,client-test-01,customer-test-01,0,"","",DOGE/USD,"",0,confirmed,,,0,0,,,1781819555965,1781819628083,,1781819555965
1416,0xd40d8443643e89b8696c31e1b408f252f660b1f1c169dfa9a51c995c611f5207,9af50ae66af54cf8d776a71473af0d04bdbc018e31baf96fe6990fd56446f8c0,client_test_01_router_a_majors,client-test-01,customer-test-01,0,"","",USDT/USD,"",0,failed,CrashRecovery,"daemon restarted with submitted transaction awaiting confirmation",0,0,,,1781819555971,,1781827385952,1781819555971
1417,0xd40d8443643e89b8696c31e1b408f252f660b1f1c169dfa9a51c995c611f5207,"",client_test_01_router_a_majors,client-test-01,customer-test-01,0,"","",USDT/USD,998850000000000000,1781819509,failed,CrashRecovery,"daemon restarted with submitted transaction awaiting confirmation",0,0,,,,,1781827385952,1781819628100
1418,0xa4a579f732acb1951a96c0e539561ebd7da1893cf6af6523836024c59658b8e8,08e7d4f9a4fafa9893bfa128c64bb7b785c3253a5cee9a76d1454cc74aa80ee6,client_test_01_router_a_majors,client-test-01,customer-test-01,0,"","",BTC/USD,"",0,confirmed,,,0,0,,,1781819762444,1781819810943,,1781819762444
1419,0x6fc96ee87aa1732e96022efaf42096fba4044baa27ea4a985cef02013cd24060,08e7d4f9a4fafa9893bfa128c64bb7b785c3253a5cee9a76d1454cc74aa80ee6,client_test_01_router_a_majors,client-test-01,customer-test-01,0,"","",ETH/USD,"",0,confirmed,,,0,0,,,1781819762454,1781819810957,,1781819762454
1420,0x2cac93e34bba192ca48901c5b1f0553133a4a35198a70438b471c001f1bb277b,08e7d4f9a4fafa9893bfa128c64bb7b785c3253a5cee9a76d1454cc74aa80ee6,client_test_01_router_a_majors,client-test-01,customer-test-01,0,"","",USDC/USD,"",0,confirmed,,,0,0,,,1781819762459,1781819810967,,1781819762459
1421,0x09879dfda4ca2764dfeced65462b3336854c3191132a3fc14aa2dcf92d4d9b54,08e7d4f9a4fafa9893bfa128c64bb7b785c3253a5cee9a76d1454cc74aa80ee6,client_test_01_router_a_majors,client-test-01,customer-test-01,0,"","",DOGE/USD,"",0,confirmed,,,0,0,,,1781819762464,1781819810975,,1781819762464
1422,0x8f6abafc572d8550f666867e1feeedde54f1f0868496dbceab88524b981f4818,06aa792046363430834acedbc73804aad6731d803540afcc114c2712fea73a9c,client_test_01_router_a_majors,client-test-01,customer-test-01,0,"","",USDT/USD,"",0,confirmed,,,0,0,,,1781819825010,1781819852753,,1781819825010
1423,0x3f4d84ba4dc9d0faa305dcb9650961aa0001b77c1cc3254d13386b8a7972a7aa,06aa792046363430834acedbc73804aad6731d803540afcc114c2712fea73a9c,client_test_01_router_a_majors,client-test-01,customer-test-01,0,"","",BTC/USD,"",0,confirmed,,,0,0,,,1781819825019,1781819852769,,1781819825019
1424,0x25a7bf20188ad00ff4dc42c50274271e78dea4514c2eaa6ae39263c01a9d2a0a,06aa792046363430834acedbc73804aad6731d803540afcc114c2712fea73a9c,client_test_01_router_a_majors,client-test-01,customer-test-01,0,"","",ETH/USD,"",0,confirmed,,,0,0,,,1781819825024,1781819852780,,1781819825024
1425,0xa173cd05cf18bcf46dd5370ced486ae533059e6e0a9a9f955a3ccc9bb77c71a2,06aa792046363430834acedbc73804aad6731d803540afcc114c2712fea73a9c,client_test_01_router_a_majors,client-test-01,customer-test-01,0,"","",USDC/USD,"",0,confirmed,,,0,0,,,1781819825028,1781819852790,,1781819825028
1426,0x5ba272afaf42963bbcb67aade6a9424d98ce4a8124cf61c00813255a80aa3391,06aa792046363430834acedbc73804aad6731d803540afcc114c2712fea73a9c,client_test_01_router_a_majors,client-test-01,customer-test-01,0,"","",DOGE/USD,"",0,confirmed,,,0,0,,,1781819825031,1781819852798,,1781819825031
1427,0x0b0f17aa88266fb396183e1dbb7b75028241a817266f61a450fca432db786064,bf61e1a891a9fffd628bd3e9c62a210f3dedb3b1ad2bf98834101a747052f789,client_test_01_router_a_majors,client-test-01,customer-test-01,0,"","",USDT/USD,"",0,confirmed,,,0,0,,,1781819862988,1781819929091,,1781819862988
1428,0x2c458da27795416b336fe809f5cdae4e1517c50d9f0286d9966ba93f3fda6123,9ed847d02f766ae161c30150bd178b353c0e5411e834caa134f1d893d0759bc9,client_test_01_router_a_majors,client-test-01,customer-test-01,0,"","",USDC/USD,"",0,confirmed,,,0,0,,,1781820063144,1781820105283,,1781820063144
1429,0x8ff61204045c676b80eb2a0672b676f130e8c3a21a0a6d70623154ac08131a0a,9ed847d02f766ae161c30150bd178b353c0e5411e834caa134f1d893d0759bc9,client_test_01_router_a_majors,client-test-01,customer-test-01,0,"","",USDT/USD,"",0,confirmed,,,0,0,,,1781820063154,1781820105299,,1781820063154
1430,0x2c369fcf7f3041d20f2de1868cec7e4be81c096a53169b1ee356c16a2b4a5109,9ed847d02f766ae161c30150bd178b353c0e5411e834caa134f1d893d0759bc9,client_test_01_router_a_majors,client-test-01,customer-test-01,0,"","",DOGE/USD,"",0,confirmed,,,0,0,,,1781820063161,1781820105312,,1781820063161
1431,0x50d5c9c17559166c874169c1464e866b60d89baf7fe554a67ab0718865f49723,9ed847d02f766ae161c30150bd178b353c0e5411e834caa134f1d893d0759bc9,client_test_01_router_b_alts,client-test-01,customer-test-01,0,"","",SHIB/USD,"",0,confirmed,,,0,0,,,1781820063166,1781820105321,,1781820063166
1432,0xd9adcfd14b47a1ba6bc5d9ff968e23afccc6fac62ba082e227b8260ab97b4587,9ed847d02f766ae161c30150bd178b353c0e5411e834caa134f1d893d0759bc9,client_test_01_router_b_alts,client-test-01,customer-test-01,0,"","",NEIRO/USD,"",0,confirmed,,,0,0,,,1781820063170,1781820105333,,1781820063170
1433,0xca5d4b88c0193142bbe2778837f821d200c47bc5dff98ec3cc3b6aa69ce856c7,9ed847d02f766ae161c30150bd178b353c0e5411e834caa134f1d893d0759bc9,client_test_01_router_b_alts,client-test-01,customer-test-01,0,"","",XVG/USD,"",0,confirmed,,,0,0,,,1781820063174,1781820105341,,1781820063174
1434,0xbe3f9a5eb4e2da01654bdf9a0493247e329ba18081ae4d768b40d81d51ad9883,cc59079fdd9e8c5206ca05adb74156e37358800918dc6fdcdf420123fced5790,client_test_01_router_a_majors,client-test-01,customer-test-01,0,"","",BTC/USD,"",0,confirmed,,,0,0,,,1781820117808,1781820178443,,1781820117808
1435,0x8ff61204045c676b80eb2a0672b676f130e8c3a21a0a6d70623154ac08131a0a,"",client_test_01_router_a_majors,client-test-01,customer-test-01,0,"","",USDT/USD,998850000000000000,1781820006,failed,UtxoNotFound,"Error: {""contents"":{""contents"":{""contents"":{""era"":""ShelleyBasedEraConway"",""error"":[""ConwayUtxowFailure (UtxoFailure (InsufficientCollateral (DeltaCoin (-210421889)) (Coin 3076061)))"",""ConwayUtxowFailure (UtxoFailure (IncorrectTotalCollateralField (DeltaCoin (-210421889)) (Coin 5000000)))"",""ConwayUtxowFailure (UtxoFailure NoCollateralInputs)"",""ConwayUtxowFailure (UtxoFailure (BadInputsUTxO (NonEmptySet (fromList [TxIn (TxId {unTxId = SafeHash \""cc59079fdd9e8c5206ca05adb74156e37358800918dc6fdcdf420123fced5790\""}) (TxIx {unTxIx = 2})]))))"",""ConwayUtxowFailure (UtxoFailure (ValueNotConservedUTxO Mismatch (RelEQ) {supplied: MaryValue (Coin 9279000000) (MultiAsset (fromList [(PolicyID {policyID = ScriptHash \""def5c14be6bceefb95769110a0c8c7d5362e58bf8f17b6ee1c1bd902\""},fromList [(\""0156dbaa55902bb40ff6c461c8b2b59c70ebbe3786e51e5e75a8bc1cbad4c1ac\"",1),(\""01f8ca4f564d04963a1ffccbb3f49da8bf09c0373f278d84047413cf09399650\"",1),(\""19434a5bb684f659378f19bc8c3748046e646c079e79c10e484e2d29445ee02d\"",1),(\""3d7739c2406edbe3bb594b8f762cf67a2c889a162f2234dc17841f61d33849f4\"",1),(\""406a90956881e5fbe476ff634fd41235fb114c833053daebd4af3b30c0bde839\"",1),(\""8a3859b168b77160150b13c200392328254c3758f082050fd7ec5c340ac2a497\"",1),(\""dfafb09cf4921baf2478651f0d7072b3a0df58b6c434443d32511927fa7919fb\"",1)]),(PolicyID {policyID = ScriptHash \""e6721fde8af7e40aecbd6f146b0470cc20722e05a61c9230a052900d\""},fromList [(\""4449415f52454345495645525f434c49454e545f41\"",1)])])), expected: MaryValue (Coin 9494421889) (MultiAsset (fromList [(PolicyID {policyID = ScriptHash \""def5c14be6bceefb95769110a0c8c7d5362e58bf8f17b6ee1c1bd902\""},fromList [(\""0156dbaa55902bb40ff6c461c8b2b59c70ebbe3786e51e5e75a8bc1cbad4c1ac\"",1),(\""01f8ca4f564d04963a1ffccbb3f49da8bf09c0373f278d84047413cf09399650\"",1),(\""19434a5bb684f659378f19bc8c3748046e646c079e79c10e484e2d29445ee02d\"",1),(\""3d7739c2406edbe3bb594b8f762cf67a2c889a162f2234dc17841f61d33849f4\"",1),(\""406a90956881e5fbe476ff634fd41235fb114c833053daebd4af3b30c0bde839\"",1),(\""8a3859b168b77160150b13c200392328254c3758f082050fd7ec5c340ac2a497\"",1),(\""dfafb09cf4921baf2478651f0d7072b3a0df58b6c434443d32511927fa7919fb\"",1)]),(PolicyID {policyID = ScriptHash \""e6721fde8af7e40aecbd6f146b0470cc20722e05a61c9230a052900d\""},fromList [(\""4449415f52454345495645525f434c49454e545f41\"",1)])]))}))"",""ConwayUtxowFailure (UtxoFailure (UtxosFailure (CollectErrors (BadTranslation (BabbageContextError (AlonzoContextError (TranslationLogicMissingInput (TxIn (TxId {unTxId = SafeHash \""cc59079fdd9e8c5206ca05adb74156e37358800918dc6fdcdf420123fced5790\""}) (TxIx {unTxIx = 2}))))) :| []))))""],""kind"":""ShelleyTxValidationError""},""tag"":""TxValidationErrorInCardanoMode""},""tag"":""TxCmdTxSubmitValidationError""},""tag"":""TxSubmitFail""}",0,0,,,,,1781820195720,1781820195720
1436,0x3510f28e4c1f944f44db70131a42f2da2c1f43276e89f2d8f6d6aa021f9cb142,"",client_test_01_router_b_alts,client-test-01,customer-test-01,0,"","",ARB/USD,84402825000000016,1781820030,failed,UtxoNotFound,"Error: {""contents"":{""contents"":{""contents"":{""era"":""ShelleyBasedEraConway"",""error"":[""ConwayUtxowFailure (UtxoFailure (InsufficientCollateral (DeltaCoin (-210421889)) (Coin 3076061)))"",""ConwayUtxowFailure (UtxoFailure (IncorrectTotalCollateralField (DeltaCoin (-210421889)) (Coin 5000000)))"",""ConwayUtxowFailure (UtxoFailure NoCollateralInputs)"",""ConwayUtxowFailure (UtxoFailure (BadInputsUTxO (NonEmptySet (fromList [TxIn (TxId {unTxId = SafeHash \""cc59079fdd9e8c5206ca05adb74156e37358800918dc6fdcdf420123fced5790\""}) (TxIx {unTxIx = 2})]))))"",""ConwayUtxowFailure (UtxoFailure (ValueNotConservedUTxO Mismatch (RelEQ) {supplied: MaryValue (Coin 9279000000) (MultiAsset (fromList [(PolicyID {policyID = ScriptHash \""def5c14be6bceefb95769110a0c8c7d5362e58bf8f17b6ee1c1bd902\""},fromList [(\""0156dbaa55902bb40ff6c461c8b2b59c70ebbe3786e51e5e75a8bc1cbad4c1ac\"",1),(\""01f8ca4f564d04963a1ffccbb3f49da8bf09c0373f278d84047413cf09399650\"",1),(\""19434a5bb684f659378f19bc8c3748046e646c079e79c10e484e2d29445ee02d\"",1),(\""3d7739c2406edbe3bb594b8f762cf67a2c889a162f2234dc17841f61d33849f4\"",1),(\""406a90956881e5fbe476ff634fd41235fb114c833053daebd4af3b30c0bde839\"",1),(\""8a3859b168b77160150b13c200392328254c3758f082050fd7ec5c340ac2a497\"",1),(\""dfafb09cf4921baf2478651f0d7072b3a0df58b6c434443d32511927fa7919fb\"",1)]),(PolicyID {policyID = ScriptHash \""e6721fde8af7e40aecbd6f146b0470cc20722e05a61c9230a052900d\""},fromList [(\""4449415f52454345495645525f434c49454e545f41\"",1)])])), expected: MaryValue (Coin 9494421889) (MultiAsset (fromList [(PolicyID {policyID = ScriptHash \""def5c14be6bceefb95769110a0c8c7d5362e58bf8f17b6ee1c1bd902\""},fromList [(\""0156dbaa55902bb40ff6c461c8b2b59c70ebbe3786e51e5e75a8bc1cbad4c1ac\"",1),(\""01f8ca4f564d04963a1ffccbb3f49da8bf09c0373f278d84047413cf09399650\"",1),(\""19434a5bb684f659378f19bc8c3748046e646c079e79c10e484e2d29445ee02d\"",1),(\""3d7739c2406edbe3bb594b8f762cf67a2c889a162f2234dc17841f61d33849f4\"",1),(\""406a90956881e5fbe476ff634fd41235fb114c833053daebd4af3b30c0bde839\"",1),(\""8a3859b168b77160150b13c200392328254c3758f082050fd7ec5c340ac2a497\"",1),(\""dfafb09cf4921baf2478651f0d7072b3a0df58b6c434443d32511927fa7919fb\"",1)]),(PolicyID {policyID = ScriptHash \""e6721fde8af7e40aecbd6f146b0470cc20722e05a61c9230a052900d\""},fromList [(\""4449415f52454345495645525f434c49454e545f41\"",1)])]))}))"",""ConwayUtxowFailure (UtxoFailure (UtxosFailure (CollectErrors (BadTranslation (BabbageContextError (AlonzoContextError (TranslationLogicMissingInput (TxIn (TxId {unTxId = SafeHash \""cc59079fdd9e8c5206ca05adb74156e37358800918dc6fdcdf420123fced5790\""}) (TxIx {unTxIx = 2}))))) :| []))))""],""kind"":""ShelleyTxValidationError""},""tag"":""TxValidationErrorInCardanoMode""},""tag"":""TxCmdTxSubmitValidationError""},""tag"":""TxSubmitFail""}",0,0,,,,,1781820195727,1781820195727
1437,0xd9adcfd14b47a1ba6bc5d9ff968e23afccc6fac62ba082e227b8260ab97b4587,"",client_test_01_router_b_alts,client-test-01,customer-test-01,0,"","",NEIRO/USD,66651783825000,1781819993,failed,UtxoNotFound,"Error: {""contents"":{""contents"":{""contents"":{""era"":""ShelleyBasedEraConway"",""error"":[""ConwayUtxowFailure (UtxoFailure (InsufficientCollateral (DeltaCoin (-210421889)) (Coin 3076061)))"",""ConwayUtxowFailure (UtxoFailure (IncorrectTotalCollateralField (DeltaCoin (-210421889)) (Coin 5000000)))"",""ConwayUtxowFailure (UtxoFailure NoCollateralInputs)"",""ConwayUtxowFailure (UtxoFailure (BadInputsUTxO (NonEmptySet (fromList [TxIn (TxId {unTxId = SafeHash \""cc59079fdd9e8c5206ca05adb74156e37358800918dc6fdcdf420123fced5790\""}) (TxIx {unTxIx = 2})]))))"",""ConwayUtxowFailure (UtxoFailure (ValueNotConservedUTxO Mismatch (RelEQ) {supplied: MaryValue (Coin 9279000000) (MultiAsset (fromList [(PolicyID {policyID = ScriptHash \""def5c14be6bceefb95769110a0c8c7d5362e58bf8f17b6ee1c1bd902\""},fromList [(\""0156dbaa55902bb40ff6c461c8b2b59c70ebbe3786e51e5e75a8bc1cbad4c1ac\"",1),(\""01f8ca4f564d04963a1ffccbb3f49da8bf09c0373f278d84047413cf09399650\"",1),(\""19434a5bb684f659378f19bc8c3748046e646c079e79c10e484e2d29445ee02d\"",1),(\""3d7739c2406edbe3bb594b8f762cf67a2c889a162f2234dc17841f61d33849f4\"",1),(\""406a90956881e5fbe476ff634fd41235fb114c833053daebd4af3b30c0bde839\"",1),(\""8a3859b168b77160150b13c200392328254c3758f082050fd7ec5c340ac2a497\"",1),(\""dfafb09cf4921baf2478651f0d7072b3a0df58b6c434443d32511927fa7919fb\"",1)]),(PolicyID {policyID = ScriptHash \""e6721fde8af7e40aecbd6f146b0470cc20722e05a61c9230a052900d\""},fromList [(\""4449415f52454345495645525f434c49454e545f41\"",1)])])), expected: MaryValue (Coin 9494421889) (MultiAsset (fromList [(PolicyID {policyID = ScriptHash \""def5c14be6bceefb95769110a0c8c7d5362e58bf8f17b6ee1c1bd902\""},fromList [(\""0156dbaa55902bb40ff6c461c8b2b59c70ebbe3786e51e5e75a8bc1cbad4c1ac\"",1),(\""01f8ca4f564d04963a1ffccbb3f49da8bf09c0373f278d84047413cf09399650\"",1),(\""19434a5bb684f659378f19bc8c3748046e646c079e79c10e484e2d29445ee02d\"",1),(\""3d7739c2406edbe3bb594b8f762cf67a2c889a162f2234dc17841f61d33849f4\"",1),(\""406a90956881e5fbe476ff634fd41235fb114c833053daebd4af3b30c0bde839\"",1),(\""8a3859b168b77160150b13c200392328254c3758f082050fd7ec5c340ac2a497\"",1),(\""dfafb09cf4921baf2478651f0d7072b3a0df58b6c434443d32511927fa7919fb\"",1)]),(PolicyID {policyID = ScriptHash \""e6721fde8af7e40aecbd6f146b0470cc20722e05a61c9230a052900d\""},fromList [(\""4449415f52454345495645525f434c49454e545f41\"",1)])]))}))"",""ConwayUtxowFailure (UtxoFailure (UtxosFailure (CollectErrors (BadTranslation (BabbageContextError (AlonzoContextError (TranslationLogicMissingInput (TxIn (TxId {unTxId = SafeHash \""cc59079fdd9e8c5206ca05adb74156e37358800918dc6fdcdf420123fced5790\""}) (TxIx {unTxIx = 2}))))) :| []))))""],""kind"":""ShelleyTxValidationError""},""tag"":""TxValidationErrorInCardanoMode""},""tag"":""TxCmdTxSubmitValidationError""},""tag"":""TxSubmitFail""}",0,0,,,,,1781820195736,1781820195736
1438,0xca5d4b88c0193142bbe2778837f821d200c47bc5dff98ec3cc3b6aa69ce856c7,"",client_test_01_router_b_alts,client-test-01,customer-test-01,0,"","",XVG/USD,2557881982500000,1781820003,failed,UtxoNotFound,"Error: {""contents"":{""contents"":{""contents"":{""era"":""ShelleyBasedEraConway"",""error"":[""ConwayUtxowFailure (UtxoFailure (InsufficientCollateral (DeltaCoin (-210421889)) (Coin 3076061)))"",""ConwayUtxowFailure (UtxoFailure (IncorrectTotalCollateralField (DeltaCoin (-210421889)) (Coin 5000000)))"",""ConwayUtxowFailure (UtxoFailure NoCollateralInputs)"",""ConwayUtxowFailure (UtxoFailure (BadInputsUTxO (NonEmptySet (fromList [TxIn (TxId {unTxId = SafeHash \""cc59079fdd9e8c5206ca05adb74156e37358800918dc6fdcdf420123fced5790\""}) (TxIx {unTxIx = 2})]))))"",""ConwayUtxowFailure (UtxoFailure (ValueNotConservedUTxO Mismatch (RelEQ) {supplied: MaryValue (Coin 9279000000) (MultiAsset (fromList [(PolicyID {policyID = ScriptHash \""def5c14be6bceefb95769110a0c8c7d5362e58bf8f17b6ee1c1bd902\""},fromList [(\""0156dbaa55902bb40ff6c461c8b2b59c70ebbe3786e51e5e75a8bc1cbad4c1ac\"",1),(\""01f8ca4f564d04963a1ffccbb3f49da8bf09c0373f278d84047413cf09399650\"",1),(\""19434a5bb684f659378f19bc8c3748046e646c079e79c10e484e2d29445ee02d\"",1),(\""3d7739c2406edbe3bb594b8f762cf67a2c889a162f2234dc17841f61d33849f4\"",1),(\""406a90956881e5fbe476ff634fd41235fb114c833053daebd4af3b30c0bde839\"",1),(\""8a3859b168b77160150b13c200392328254c3758f082050fd7ec5c340ac2a497\"",1),(\""dfafb09cf4921baf2478651f0d7072b3a0df58b6c434443d32511927fa7919fb\"",1)]),(PolicyID {policyID = ScriptHash \""e6721fde8af7e40aecbd6f146b0470cc20722e05a61c9230a052900d\""},fromList [(\""4449415f52454345495645525f434c49454e545f41\"",1)])])), expected: MaryValue (Coin 9494421889) (MultiAsset (fromList [(PolicyID {policyID = ScriptHash \""def5c14be6bceefb95769110a0c8c7d5362e58bf8f17b6ee1c1bd902\""},fromList [(\""0156dbaa55902bb40ff6c461c8b2b59c70ebbe3786e51e5e75a8bc1cbad4c1ac\"",1),(\""01f8ca4f564d04963a1ffccbb3f49da8bf09c0373f278d84047413cf09399650\"",1),(\""19434a5bb684f659378f19bc8c3748046e646c079e79c10e484e2d29445ee02d\"",1),(\""3d7739c2406edbe3bb594b8f762cf67a2c889a162f2234dc17841f61d33849f4\"",1),(\""406a90956881e5fbe476ff634fd41235fb114c833053daebd4af3b30c0bde839\"",1),(\""8a3859b168b77160150b13c200392328254c3758f082050fd7ec5c340ac2a497\"",1),(\""dfafb09cf4921baf2478651f0d7072b3a0df58b6c434443d32511927fa7919fb\"",1)]),(PolicyID {policyID = ScriptHash \""e6721fde8af7e40aecbd6f146b0470cc20722e05a61c9230a052900d\""},fromList [(\""4449415f52454345495645525f434c49454e545f41\"",1)])]))}))"",""ConwayUtxowFailure (UtxoFailure (UtxosFailure (CollectErrors (BadTranslation (BabbageContextError (AlonzoContextError (TranslationLogicMissingInput (TxIn (TxId {unTxId = SafeHash \""cc59079fdd9e8c5206ca05adb74156e37358800918dc6fdcdf420123fced5790\""}) (TxIx {unTxIx = 2}))))) :| []))))""],""kind"":""ShelleyTxValidationError""},""tag"":""TxValidationErrorInCardanoMode""},""tag"":""TxCmdTxSubmitValidationError""},""tag"":""TxSubmitFail""}",0,0,,,,,1781820195743,1781820195743
1439,0xbe3f9a5eb4e2da01654bdf9a0493247e329ba18081ae4d768b40d81d51ad9883,"",client_test_01_router_a_majors,client-test-01,customer-test-01,0,"","",BTC/USD,62885116926500007837696,1781820048,failed,UtxoNotFound,"Error: {""contents"":{""contents"":{""contents"":{""era"":""ShelleyBasedEraConway"",""error"":[""ConwayUtxowFailure (UtxoFailure (InsufficientCollateral (DeltaCoin (-210421889)) (Coin 3076061)))"",""ConwayUtxowFailure (UtxoFailure (IncorrectTotalCollateralField (DeltaCoin (-210421889)) (Coin 5000000)))"",""ConwayUtxowFailure (UtxoFailure NoCollateralInputs)"",""ConwayUtxowFailure (UtxoFailure (BadInputsUTxO (NonEmptySet (fromList [TxIn (TxId {unTxId = SafeHash \""cc59079fdd9e8c5206ca05adb74156e37358800918dc6fdcdf420123fced5790\""}) (TxIx {unTxIx = 2})]))))"",""ConwayUtxowFailure (UtxoFailure (ValueNotConservedUTxO Mismatch (RelEQ) {supplied: MaryValue (Coin 9279000000) (MultiAsset (fromList [(PolicyID {policyID = ScriptHash \""def5c14be6bceefb95769110a0c8c7d5362e58bf8f17b6ee1c1bd902\""},fromList [(\""0156dbaa55902bb40ff6c461c8b2b59c70ebbe3786e51e5e75a8bc1cbad4c1ac\"",1),(\""01f8ca4f564d04963a1ffccbb3f49da8bf09c0373f278d84047413cf09399650\"",1),(\""19434a5bb684f659378f19bc8c3748046e646c079e79c10e484e2d29445ee02d\"",1),(\""3d7739c2406edbe3bb594b8f762cf67a2c889a162f2234dc17841f61d33849f4\"",1),(\""406a90956881e5fbe476ff634fd41235fb114c833053daebd4af3b30c0bde839\"",1),(\""8a3859b168b77160150b13c200392328254c3758f082050fd7ec5c340ac2a497\"",1),(\""dfafb09cf4921baf2478651f0d7072b3a0df58b6c434443d32511927fa7919fb\"",1)]),(PolicyID {policyID = ScriptHash \""e6721fde8af7e40aecbd6f146b0470cc20722e05a61c9230a052900d\""},fromList [(\""4449415f52454345495645525f434c49454e545f41\"",1)])])), expected: MaryValue (Coin 9494421889) (MultiAsset (fromList [(PolicyID {policyID = ScriptHash \""def5c14be6bceefb95769110a0c8c7d5362e58bf8f17b6ee1c1bd902\""},fromList [(\""0156dbaa55902bb40ff6c461c8b2b59c70ebbe3786e51e5e75a8bc1cbad4c1ac\"",1),(\""01f8ca4f564d04963a1ffccbb3f49da8bf09c0373f278d84047413cf09399650\"",1),(\""19434a5bb684f659378f19bc8c3748046e646c079e79c10e484e2d29445ee02d\"",1),(\""3d7739c2406edbe3bb594b8f762cf67a2c889a162f2234dc17841f61d33849f4\"",1),(\""406a90956881e5fbe476ff634fd41235fb114c833053daebd4af3b30c0bde839\"",1),(\""8a3859b168b77160150b13c200392328254c3758f082050fd7ec5c340ac2a497\"",1),(\""dfafb09cf4921baf2478651f0d7072b3a0df58b6c434443d32511927fa7919fb\"",1)]),(PolicyID {policyID = ScriptHash \""e6721fde8af7e40aecbd6f146b0470cc20722e05a61c9230a052900d\""},fromList [(\""4449415f52454345495645525f434c49454e545f41\"",1)])]))}))"",""ConwayUtxowFailure (UtxoFailure (UtxosFailure (CollectErrors (BadTranslation (BabbageContextError (AlonzoContextError (TranslationLogicMissingInput (TxIn (TxId {unTxId = SafeHash \""cc59079fdd9e8c5206ca05adb74156e37358800918dc6fdcdf420123fced5790\""}) (TxIx {unTxIx = 2}))))) :| []))))""],""kind"":""ShelleyTxValidationError""},""tag"":""TxValidationErrorInCardanoMode""},""tag"":""TxCmdTxSubmitValidationError""},""tag"":""TxSubmitFail""}",0,0,,,,,1781820195750,1781820195750
1440,0x48f7b3830cc3954b3c595a24ecd8b3f14320f044ccdadf88b295a683bbdc7d64,"",client_test_01_router_a_majors,client-test-01,customer-test-01,0,"","",ETH/USD,1704168679375000174592,1781820049,failed,UtxoNotFound,"Error: {""contents"":{""contents"":{""contents"":{""era"":""ShelleyBasedEraConway"",""error"":[""ConwayUtxowFailure (UtxoFailure (InsufficientCollateral (DeltaCoin (-210421889)) (Coin 3076061)))"",""ConwayUtxowFailure (UtxoFailure (IncorrectTotalCollateralField (DeltaCoin (-210421889)) (Coin 5000000)))"",""ConwayUtxowFailure (UtxoFailure NoCollateralInputs)"",""ConwayUtxowFailure (UtxoFailure (BadInputsUTxO (NonEmptySet (fromList [TxIn (TxId {unTxId = SafeHash \""cc59079fdd9e8c5206ca05adb74156e37358800918dc6fdcdf420123fced5790\""}) (TxIx {unTxIx = 2})]))))"",""ConwayUtxowFailure (UtxoFailure (ValueNotConservedUTxO Mismatch (RelEQ) {supplied: MaryValue (Coin 9279000000) (MultiAsset (fromList [(PolicyID {policyID = ScriptHash \""def5c14be6bceefb95769110a0c8c7d5362e58bf8f17b6ee1c1bd902\""},fromList [(\""0156dbaa55902bb40ff6c461c8b2b59c70ebbe3786e51e5e75a8bc1cbad4c1ac\"",1),(\""01f8ca4f564d04963a1ffccbb3f49da8bf09c0373f278d84047413cf09399650\"",1),(\""19434a5bb684f659378f19bc8c3748046e646c079e79c10e484e2d29445ee02d\"",1),(\""3d7739c2406edbe3bb594b8f762cf67a2c889a162f2234dc17841f61d33849f4\"",1),(\""406a90956881e5fbe476ff634fd41235fb114c833053daebd4af3b30c0bde839\"",1),(\""8a3859b168b77160150b13c200392328254c3758f082050fd7ec5c340ac2a497\"",1),(\""dfafb09cf4921baf2478651f0d7072b3a0df58b6c434443d32511927fa7919fb\"",1)]),(PolicyID {policyID = ScriptHash \""e6721fde8af7e40aecbd6f146b0470cc20722e05a61c9230a052900d\""},fromList [(\""4449415f52454345495645525f434c49454e545f41\"",1)])])), expected: MaryValue (Coin 9494421889) (MultiAsset (fromList [(PolicyID {policyID = ScriptHash \""def5c14be6bceefb95769110a0c8c7d5362e58bf8f17b6ee1c1bd902\""},fromList [(\""0156dbaa55902bb40ff6c461c8b2b59c70ebbe3786e51e5e75a8bc1cbad4c1ac\"",1),(\""01f8ca4f564d04963a1ffccbb3f49da8bf09c0373f278d84047413cf09399650\"",1),(\""19434a5bb684f659378f19bc8c3748046e646c079e79c10e484e2d29445ee02d\"",1),(\""3d7739c2406edbe3bb594b8f762cf67a2c889a162f2234dc17841f61d33849f4\"",1),(\""406a90956881e5fbe476ff634fd41235fb114c833053daebd4af3b30c0bde839\"",1),(\""8a3859b168b77160150b13c200392328254c3758f082050fd7ec5c340ac2a497\"",1),(\""dfafb09cf4921baf2478651f0d7072b3a0df58b6c434443d32511927fa7919fb\"",1)]),(PolicyID {policyID = ScriptHash \""e6721fde8af7e40aecbd6f146b0470cc20722e05a61c9230a052900d\""},fromList [(\""4449415f52454345495645525f434c49454e545f41\"",1)])]))}))"",""ConwayUtxowFailure (UtxoFailure (UtxosFailure (CollectErrors (BadTranslation (BabbageContextError (AlonzoContextError (TranslationLogicMissingInput (TxIn (TxId {unTxId = SafeHash \""cc59079fdd9e8c5206ca05adb74156e37358800918dc6fdcdf420123fced5790\""}) (TxIx {unTxIx = 2}))))) :| []))))""],""kind"":""ShelleyTxValidationError""},""tag"":""TxValidationErrorInCardanoMode""},""tag"":""TxCmdTxSubmitValidationError""},""tag"":""TxSubmitFail""}",0,0,,,,,1781820195754,1781820195754
1441,0xb82a8e710604857102f319850c717d2c4a633140f5ee0c47f60168667e7d2bdf,"",client_test_01_router_a_majors,client-test-01,customer-test-01,0,"","",USDC/USD,999748954700000000,1781820056,failed,UtxoNotFound,"Error: {""contents"":{""contents"":{""contents"":{""era"":""ShelleyBasedEraConway"",""error"":[""ConwayUtxowFailure (UtxoFailure (InsufficientCollateral (DeltaCoin (-210421889)) (Coin 3076061)))"",""ConwayUtxowFailure (UtxoFailure (IncorrectTotalCollateralField (DeltaCoin (-210421889)) (Coin 5000000)))"",""ConwayUtxowFailure (UtxoFailure NoCollateralInputs)"",""ConwayUtxowFailure (UtxoFailure (BadInputsUTxO (NonEmptySet (fromList [TxIn (TxId {unTxId = SafeHash \""cc59079fdd9e8c5206ca05adb74156e37358800918dc6fdcdf420123fced5790\""}) (TxIx {unTxIx = 2})]))))"",""ConwayUtxowFailure (UtxoFailure (ValueNotConservedUTxO Mismatch (RelEQ) {supplied: MaryValue (Coin 9279000000) (MultiAsset (fromList [(PolicyID {policyID = ScriptHash \""def5c14be6bceefb95769110a0c8c7d5362e58bf8f17b6ee1c1bd902\""},fromList [(\""0156dbaa55902bb40ff6c461c8b2b59c70ebbe3786e51e5e75a8bc1cbad4c1ac\"",1),(\""01f8ca4f564d04963a1ffccbb3f49da8bf09c0373f278d84047413cf09399650\"",1),(\""19434a5bb684f659378f19bc8c3748046e646c079e79c10e484e2d29445ee02d\"",1),(\""3d7739c2406edbe3bb594b8f762cf67a2c889a162f2234dc17841f61d33849f4\"",1),(\""406a90956881e5fbe476ff634fd41235fb114c833053daebd4af3b30c0bde839\"",1),(\""8a3859b168b77160150b13c200392328254c3758f082050fd7ec5c340ac2a497\"",1),(\""dfafb09cf4921baf2478651f0d7072b3a0df58b6c434443d32511927fa7919fb\"",1)]),(PolicyID {policyID = ScriptHash \""e6721fde8af7e40aecbd6f146b0470cc20722e05a61c9230a052900d\""},fromList [(\""4449415f52454345495645525f434c49454e545f41\"",1)])])), expected: MaryValue (Coin 9494421889) (MultiAsset (fromList [(PolicyID {policyID = ScriptHash \""def5c14be6bceefb95769110a0c8c7d5362e58bf8f17b6ee1c1bd902\""},fromList [(\""0156dbaa55902bb40ff6c461c8b2b59c70ebbe3786e51e5e75a8bc1cbad4c1ac\"",1),(\""01f8ca4f564d04963a1ffccbb3f49da8bf09c0373f278d84047413cf09399650\"",1),(\""19434a5bb684f659378f19bc8c3748046e646c079e79c10e484e2d29445ee02d\"",1),(\""3d7739c2406edbe3bb594b8f762cf67a2c889a162f2234dc17841f61d33849f4\"",1),(\""406a90956881e5fbe476ff634fd41235fb114c833053daebd4af3b30c0bde839\"",1),(\""8a3859b168b77160150b13c200392328254c3758f082050fd7ec5c340ac2a497\"",1),(\""dfafb09cf4921baf2478651f0d7072b3a0df58b6c434443d32511927fa7919fb\"",1)]),(PolicyID {policyID = ScriptHash \""e6721fde8af7e40aecbd6f146b0470cc20722e05a61c9230a052900d\""},fromList [(\""4449415f52454345495645525f434c49454e545f41\"",1)])]))}))"",""ConwayUtxowFailure (UtxoFailure (UtxosFailure (CollectErrors (BadTranslation (BabbageContextError (AlonzoContextError (TranslationLogicMissingInput (TxIn (TxId {unTxId = SafeHash \""cc59079fdd9e8c5206ca05adb74156e37358800918dc6fdcdf420123fced5790\""}) (TxIx {unTxIx = 2}))))) :| []))))""],""kind"":""ShelleyTxValidationError""},""tag"":""TxValidationErrorInCardanoMode""},""tag"":""TxCmdTxSubmitValidationError""},""tag"":""TxSubmitFail""}",0,0,,,,,1781820195759,1781820195759
1442,0x75bb31e650384486accb6e502bd4ac14034cea4f8ffd8669c953485532007b0f,"",client_test_01_router_a_majors,client-test-01,customer-test-01,0,"","",DOGE/USD,83254147500000000,1781820060,failed,UtxoNotFound,"Error: {""contents"":{""contents"":{""contents"":{""era"":""ShelleyBasedEraConway"",""error"":[""ConwayUtxowFailure (UtxoFailure (InsufficientCollateral (DeltaCoin (-210421889)) (Coin 3076061)))"",""ConwayUtxowFailure (UtxoFailure (IncorrectTotalCollateralField (DeltaCoin (-210421889)) (Coin 5000000)))"",""ConwayUtxowFailure (UtxoFailure NoCollateralInputs)"",""ConwayUtxowFailure (UtxoFailure (BadInputsUTxO (NonEmptySet (fromList [TxIn (TxId {unTxId = SafeHash \""cc59079fdd9e8c5206ca05adb74156e37358800918dc6fdcdf420123fced5790\""}) (TxIx {unTxIx = 2})]))))"",""ConwayUtxowFailure (UtxoFailure (ValueNotConservedUTxO Mismatch (RelEQ) {supplied: MaryValue (Coin 9279000000) (MultiAsset (fromList [(PolicyID {policyID = ScriptHash \""def5c14be6bceefb95769110a0c8c7d5362e58bf8f17b6ee1c1bd902\""},fromList [(\""0156dbaa55902bb40ff6c461c8b2b59c70ebbe3786e51e5e75a8bc1cbad4c1ac\"",1),(\""01f8ca4f564d04963a1ffccbb3f49da8bf09c0373f278d84047413cf09399650\"",1),(\""19434a5bb684f659378f19bc8c3748046e646c079e79c10e484e2d29445ee02d\"",1),(\""3d7739c2406edbe3bb594b8f762cf67a2c889a162f2234dc17841f61d33849f4\"",1),(\""406a90956881e5fbe476ff634fd41235fb114c833053daebd4af3b30c0bde839\"",1),(\""8a3859b168b77160150b13c200392328254c3758f082050fd7ec5c340ac2a497\"",1),(\""dfafb09cf4921baf2478651f0d7072b3a0df58b6c434443d32511927fa7919fb\"",1)]),(PolicyID {policyID = ScriptHash \""e6721fde8af7e40aecbd6f146b0470cc20722e05a61c9230a052900d\""},fromList [(\""4449415f52454345495645525f434c49454e545f41\"",1)])])), expected: MaryValue (Coin 9494421889) (MultiAsset (fromList [(PolicyID {policyID = ScriptHash \""def5c14be6bceefb95769110a0c8c7d5362e58bf8f17b6ee1c1bd902\""},fromList [(\""0156dbaa55902bb40ff6c461c8b2b59c70ebbe3786e51e5e75a8bc1cbad4c1ac\"",1),(\""01f8ca4f564d04963a1ffccbb3f49da8bf09c0373f278d84047413cf09399650\"",1),(\""19434a5bb684f659378f19bc8c3748046e646c079e79c10e484e2d29445ee02d\"",1),(\""3d7739c2406edbe3bb594b8f762cf67a2c889a162f2234dc17841f61d33849f4\"",1),(\""406a90956881e5fbe476ff634fd41235fb114c833053daebd4af3b30c0bde839\"",1),(\""8a3859b168b77160150b13c200392328254c3758f082050fd7ec5c340ac2a497\"",1),(\""dfafb09cf4921baf2478651f0d7072b3a0df58b6c434443d32511927fa7919fb\"",1)]),(PolicyID {policyID = ScriptHash \""e6721fde8af7e40aecbd6f146b0470cc20722e05a61c9230a052900d\""},fromList [(\""4449415f52454345495645525f434c49454e545f41\"",1)])]))}))"",""ConwayUtxowFailure (UtxoFailure (UtxosFailure (CollectErrors (BadTranslation (BabbageContextError (AlonzoContextError (TranslationLogicMissingInput (TxIn (TxId {unTxId = SafeHash \""cc59079fdd9e8c5206ca05adb74156e37358800918dc6fdcdf420123fced5790\""}) (TxIx {unTxIx = 2}))))) :| []))))""],""kind"":""ShelleyTxValidationError""},""tag"":""TxValidationErrorInCardanoMode""},""tag"":""TxCmdTxSubmitValidationError""},""tag"":""TxSubmitFail""}",0,0,,,,,1781820195770,1781820195770
1443,0x417920b4bd1fac3554f788b03e2bc465b35f853707d93b551d829cc1deed07f0,"",client_test_01_router_b_alts,client-test-01,customer-test-01,0,"","",LTC/USD,43624336950000009216,1781820046,failed,UtxoNotFound,"Error: {""contents"":{""contents"":{""contents"":{""era"":""ShelleyBasedEraConway"",""error"":[""ConwayUtxowFailure (UtxoFailure (InsufficientCollateral (DeltaCoin (-210421889)) (Coin 3076061)))"",""ConwayUtxowFailure (UtxoFailure (IncorrectTotalCollateralField (DeltaCoin (-210421889)) (Coin 5000000)))"",""ConwayUtxowFailure (UtxoFailure NoCollateralInputs)"",""ConwayUtxowFailure (UtxoFailure (BadInputsUTxO (NonEmptySet (fromList [TxIn (TxId {unTxId = SafeHash \""cc59079fdd9e8c5206ca05adb74156e37358800918dc6fdcdf420123fced5790\""}) (TxIx {unTxIx = 2})]))))"",""ConwayUtxowFailure (UtxoFailure (ValueNotConservedUTxO Mismatch (RelEQ) {supplied: MaryValue (Coin 9279000000) (MultiAsset (fromList [(PolicyID {policyID = ScriptHash \""def5c14be6bceefb95769110a0c8c7d5362e58bf8f17b6ee1c1bd902\""},fromList [(\""0156dbaa55902bb40ff6c461c8b2b59c70ebbe3786e51e5e75a8bc1cbad4c1ac\"",1),(\""01f8ca4f564d04963a1ffccbb3f49da8bf09c0373f278d84047413cf09399650\"",1),(\""19434a5bb684f659378f19bc8c3748046e646c079e79c10e484e2d29445ee02d\"",1),(\""3d7739c2406edbe3bb594b8f762cf67a2c889a162f2234dc17841f61d33849f4\"",1),(\""406a90956881e5fbe476ff634fd41235fb114c833053daebd4af3b30c0bde839\"",1),(\""8a3859b168b77160150b13c200392328254c3758f082050fd7ec5c340ac2a497\"",1),(\""dfafb09cf4921baf2478651f0d7072b3a0df58b6c434443d32511927fa7919fb\"",1)]),(PolicyID {policyID = ScriptHash \""e6721fde8af7e40aecbd6f146b0470cc20722e05a61c9230a052900d\""},fromList [(\""4449415f52454345495645525f434c49454e545f41\"",1)])])), expected: MaryValue (Coin 9494421889) (MultiAsset (fromList [(PolicyID {policyID = ScriptHash \""def5c14be6bceefb95769110a0c8c7d5362e58bf8f17b6ee1c1bd902\""},fromList [(\""0156dbaa55902bb40ff6c461c8b2b59c70ebbe3786e51e5e75a8bc1cbad4c1ac\"",1),(\""01f8ca4f564d04963a1ffccbb3f49da8bf09c0373f278d84047413cf09399650\"",1),(\""19434a5bb684f659378f19bc8c3748046e646c079e79c10e484e2d29445ee02d\"",1),(\""3d7739c2406edbe3bb594b8f762cf67a2c889a162f2234dc17841f61d33849f4\"",1),(\""406a90956881e5fbe476ff634fd41235fb114c833053daebd4af3b30c0bde839\"",1),(\""8a3859b168b77160150b13c200392328254c3758f082050fd7ec5c340ac2a497\"",1),(\""dfafb09cf4921baf2478651f0d7072b3a0df58b6c434443d32511927fa7919fb\"",1)]),(PolicyID {policyID = ScriptHash \""e6721fde8af7e40aecbd6f146b0470cc20722e05a61c9230a052900d\""},fromList [(\""4449415f52454345495645525f434c49454e545f41\"",1)])]))}))"",""ConwayUtxowFailure (UtxoFailure (UtxosFailure (CollectErrors (BadTranslation (BabbageContextError (AlonzoContextError (TranslationLogicMissingInput (TxIn (TxId {unTxId = SafeHash \""cc59079fdd9e8c5206ca05adb74156e37358800918dc6fdcdf420123fced5790\""}) (TxIx {unTxIx = 2}))))) :| []))))""],""kind"":""ShelleyTxValidationError""},""tag"":""TxValidationErrorInCardanoMode""},""tag"":""TxCmdTxSubmitValidationError""},""tag"":""TxSubmitFail""}",0,0,,,,,1781820195776,1781820195776
1444,0x4752bdb2d3fbd9d968442c56752509c916cbafe78c38912388e8c3fb7f1caa0a,"",client_test_01_router_b_alts,client-test-01,customer-test-01,0,"","",SHIB/USD,4742539800000,1781820061,failed,UtxoNotFound,"Error: {""contents"":{""contents"":{""contents"":{""era"":""ShelleyBasedEraConway"",""error"":[""ConwayUtxowFailure (UtxoFailure (InsufficientCollateral (DeltaCoin (-210421889)) (Coin 3076061)))"",""ConwayUtxowFailure (UtxoFailure (IncorrectTotalCollateralField (DeltaCoin (-210421889)) (Coin 5000000)))"",""ConwayUtxowFailure (UtxoFailure NoCollateralInputs)"",""ConwayUtxowFailure (UtxoFailure (BadInputsUTxO (NonEmptySet (fromList [TxIn (TxId {unTxId = SafeHash \""cc59079fdd9e8c5206ca05adb74156e37358800918dc6fdcdf420123fced5790\""}) (TxIx {unTxIx = 2})]))))"",""ConwayUtxowFailure (UtxoFailure (ValueNotConservedUTxO Mismatch (RelEQ) {supplied: MaryValue (Coin 9279000000) (MultiAsset (fromList [(PolicyID {policyID = ScriptHash \""def5c14be6bceefb95769110a0c8c7d5362e58bf8f17b6ee1c1bd902\""},fromList [(\""0156dbaa55902bb40ff6c461c8b2b59c70ebbe3786e51e5e75a8bc1cbad4c1ac\"",1),(\""01f8ca4f564d04963a1ffccbb3f49da8bf09c0373f278d84047413cf09399650\"",1),(\""19434a5bb684f659378f19bc8c3748046e646c079e79c10e484e2d29445ee02d\"",1),(\""3d7739c2406edbe3bb594b8f762cf67a2c889a162f2234dc17841f61d33849f4\"",1),(\""406a90956881e5fbe476ff634fd41235fb114c833053daebd4af3b30c0bde839\"",1),(\""8a3859b168b77160150b13c200392328254c3758f082050fd7ec5c340ac2a497\"",1),(\""dfafb09cf4921baf2478651f0d7072b3a0df58b6c434443d32511927fa7919fb\"",1)]),(PolicyID {policyID = ScriptHash \""e6721fde8af7e40aecbd6f146b0470cc20722e05a61c9230a052900d\""},fromList [(\""4449415f52454345495645525f434c49454e545f41\"",1)])])), expected: MaryValue (Coin 9494421889) (MultiAsset (fromList [(PolicyID {policyID = ScriptHash \""def5c14be6bceefb95769110a0c8c7d5362e58bf8f17b6ee1c1bd902\""},fromList [(\""0156dbaa55902bb40ff6c461c8b2b59c70ebbe3786e51e5e75a8bc1cbad4c1ac\"",1),(\""01f8ca4f564d04963a1ffccbb3f49da8bf09c0373f278d84047413cf09399650\"",1),(\""19434a5bb684f659378f19bc8c3748046e646c079e79c10e484e2d29445ee02d\"",1),(\""3d7739c2406edbe3bb594b8f762cf67a2c889a162f2234dc17841f61d33849f4\"",1),(\""406a90956881e5fbe476ff634fd41235fb114c833053daebd4af3b30c0bde839\"",1),(\""8a3859b168b77160150b13c200392328254c3758f082050fd7ec5c340ac2a497\"",1),(\""dfafb09cf4921baf2478651f0d7072b3a0df58b6c434443d32511927fa7919fb\"",1)]),(PolicyID {policyID = ScriptHash \""e6721fde8af7e40aecbd6f146b0470cc20722e05a61c9230a052900d\""},fromList [(\""4449415f52454345495645525f434c49454e545f41\"",1)])]))}))"",""ConwayUtxowFailure (UtxoFailure (UtxosFailure (CollectErrors (BadTranslation (BabbageContextError (AlonzoContextError (TranslationLogicMissingInput (TxIn (TxId {unTxId = SafeHash \""cc59079fdd9e8c5206ca05adb74156e37358800918dc6fdcdf420123fced5790\""}) (TxIx {unTxIx = 2}))))) :| []))))""],""kind"":""ShelleyTxValidationError""},""tag"":""TxValidationErrorInCardanoMode""},""tag"":""TxCmdTxSubmitValidationError""},""tag"":""TxSubmitFail""}",0,0,,,,,1781820195790,1781820195790
1445,0xaa4bc923a782665e100d8ac445ef98d513e44c733d9b0657d22e073b4aa8f96b,d482e656f5f6f38cd614d5b4d7c50117b9c0cbf584fb7194601872c6fbbf2027,client_test_01_router_a_majors,client-test-01,customer-test-01,0,"","",ETH/USD,"",0,confirmed,,,0,0,,,1781820244259,1781820280543,,1781820244259
1446,0x153864c74ec9258bd85197f4f62c98f1b188c0d0ddfa91649ed6ddb63ccf4a10,d482e656f5f6f38cd614d5b4d7c50117b9c0cbf584fb7194601872c6fbbf2027,client_test_01_router_b_alts,client-test-01,customer-test-01,0,"","",ARB/USD,"",0,confirmed,,,0,0,,,1781820244264,1781820280556,,1781820244264
1447,0x3f6c2723048b39bc0940fa3a8f11f055487407b0d1954161e21067e93637d39f,c28b90862c34cc142af69d689411c0c1ff7bc32da969d1f94251f60fb703cecf,client_test_01_router_a_majors,client-test-01,customer-test-01,0,"","",BTC/USD,"",0,confirmed,,,0,0,,,1781820244269,1781820327176,,1781820244269
1448,0x2c7ed9b465c0520479e8db0271ae48e72250ab19d07b0dfb22c8b42d6f517ba4,d482e656f5f6f38cd614d5b4d7c50117b9c0cbf584fb7194601872c6fbbf2027,client_test_01_router_b_alts,client-test-01,customer-test-01,0,"","",LTC/USD,"",0,confirmed,,,0,0,,,1781820244275,1781820280571,,1781820244275
1449,0xae292ad14a1a75e221f2fee5e46f454672534f76dde0e9c6b2fe47d8193225b1,b0c0a013b3a2a19aa7c5d048198d94aa0ceaf2fa561df5d26922df97d408460b,client_test_01_router_a_majors,client-test-01,customer-test-01,0,"","",BTC/USD,"",0,confirmed,,,0,0,,,1781820328869,1781820380102,,1781820328869
1450,0x6ce72eeace08d3394a3b38a67a33fa18df4a9e29bec3a1c62d61632f9a7f4df2,b0c0a013b3a2a19aa7c5d048198d94aa0ceaf2fa561df5d26922df97d408460b,client_test_01_router_a_majors,client-test-01,customer-test-01,0,"","",ETH/USD,"",0,confirmed,,,0,0,,,1781820328879,1781820380113,,1781820328879
1451,0x482f4d1a6dbdc272f4a15f3d8fef0566cb154e56105fad1a9a953ca0c12929fe,b0c0a013b3a2a19aa7c5d048198d94aa0ceaf2fa561df5d26922df97d408460b,client_test_01_router_b_alts,client-test-01,customer-test-01,0,"","",ARB/USD,"",0,confirmed,,,0,0,,,1781820328883,1781820380120,,1781820328883
1452,0x8958cbda5c65d4dbc9add6a891f6b20e98aa6687a8d809fb3b0c32f25692ae38,b0c0a013b3a2a19aa7c5d048198d94aa0ceaf2fa561df5d26922df97d408460b,client_test_01_router_b_alts,client-test-01,customer-test-01,0,"","",LTC/USD,"",0,confirmed,,,0,0,,,1781820328889,1781820380130,,1781820328889
1453,0xcc75158de972242de601697eb6119f390d4789f201f2e782e51b7015ced9b8de,97342ac7080a6398cb2058d7e2d8c8b7ad7461bb3baef6aba54995f6cf858f7e,client_test_01_router_a_majors,client-test-01,customer-test-01,0,"","",USDT/USD,"",0,confirmed,,,0,0,,,1781820394293,1781820418710,,1781820394293
1454,0x32aead37208aefed58c0aef5059cadaeb1b0885b4f5368dcfdc90509e0b9c3f5,97342ac7080a6398cb2058d7e2d8c8b7ad7461bb3baef6aba54995f6cf858f7e,client_test_01_router_a_majors,client-test-01,customer-test-01,0,"","",BTC/USD,"",0,confirmed,,,0,0,,,1781820394305,1781820418726,,1781820394305
1455,0x0bf24fa4604b9ce42242aa3ce0f266c06c2f2136c4733edd1648accaf71a039b,97342ac7080a6398cb2058d7e2d8c8b7ad7461bb3baef6aba54995f6cf858f7e,client_test_01_router_a_majors,client-test-01,customer-test-01,0,"","",ETH/USD,"",0,confirmed,,,0,0,,,1781820394309,1781820418734,,1781820394309
1456,0x5bda5cb1e634adcd4ba1702b0df34602fbb9f72faf9a90f65bbc0e47d015d784,97342ac7080a6398cb2058d7e2d8c8b7ad7461bb3baef6aba54995f6cf858f7e,client_test_01_router_a_majors,client-test-01,customer-test-01,0,"","",USDC/USD,"",0,confirmed,,,0,0,,,1781820394315,1781820418742,,1781820394315
1457,0xa3b13433bca9ecf241dcaf33b6f16ebf256423e571ca028a2b46f1550ef64ebb,97342ac7080a6398cb2058d7e2d8c8b7ad7461bb3baef6aba54995f6cf858f7e,client_test_01_router_a_majors,client-test-01,customer-test-01,0,"","",DOGE/USD,"",0,confirmed,,,0,0,,,1781820394320,1781820418750,,1781820394320
1458,0x93108408e08964dfcd8dd41ae7e86b97df610cc4b0ab3b96636efae8c0b3396c,5ced69bfcee5292bcb85ebfc0e916f9482331145d32716a541e99db3c8caa5fb,client_test_01_router_a_majors,client-test-01,customer-test-01,0,"","",USDT/USD,"",0,confirmed,,,0,0,,,1781820428704,1781820575640,,1781820428704
1459,0x7252cc6dbdb42517109e33de096742f89b78a04ff919212019c016814a01679e,8cde8f340da9af5fa1b816f3c621efa0b54adbe1679c24c4f1f841bf12b2a562,client_test_01_router_a_majors,client-test-01,customer-test-01,0,"","",BTC/USD,"",0,confirmed,,,0,0,,,1781820655791,1781820713460,,1781820655791
1460,0x7252cc6dbdb42517109e33de096742f89b78a04ff919212019c016814a01679e,8cde8f340da9af5fa1b816f3c621efa0b54adbe1679c24c4f1f841bf12b2a562,client_test_01_router_a_majors,client-test-01,customer-test-01,0,"","",BTC/USD,62872930384875005935616,1781820607,confirmed,UtxoNotFound,"Error: {""contents"":{""contents"":{""contents"":{""era"":""ShelleyBasedEraConway"",""error"":[""ConwayUtxowFailure (UtxoFailure (InsufficientCollateral (DeltaCoin (-206262363)) (Coin 1880451)))"",""ConwayUtxowFailure (UtxoFailure (IncorrectTotalCollateralField (DeltaCoin (-206262363)) (Coin 5000000)))"",""ConwayUtxowFailure (UtxoFailure NoCollateralInputs)"",""ConwayUtxowFailure (UtxoFailure (BadInputsUTxO (NonEmptySet (fromList [TxIn (TxId {unTxId = SafeHash \""5ced69bfcee5292bcb85ebfc0e916f9482331145d32716a541e99db3c8caa5fb\""}) (TxIx {unTxIx = 2})]))))"",""ConwayUtxowFailure (UtxoFailure (ValueNotConservedUTxO Mismatch (RelEQ) {supplied: MaryValue (Coin 9227150000) (MultiAsset (fromList [(PolicyID {policyID = ScriptHash \""def5c14be6bceefb95769110a0c8c7d5362e58bf8f17b6ee1c1bd902\""},fromList [(\""3d7739c2406edbe3bb594b8f762cf67a2c889a162f2234dc17841f61d33849f4\"",1),(\""5ec9fa6a8337c83985882517e4865a68763912f37490cffe992a26abfd29d315\"",1),(\""8a3859b168b77160150b13c200392328254c3758f082050fd7ec5c340ac2a497\"",1)]),(PolicyID {policyID = ScriptHash \""e6721fde8af7e40aecbd6f146b0470cc20722e05a61c9230a052900d\""},fromList [(\""4449415f52454345495645525f434c49454e545f41\"",1)])])), expected: MaryValue (Coin 9438412363) (MultiAsset (fromList [(PolicyID {policyID = ScriptHash \""def5c14be6bceefb95769110a0c8c7d5362e58bf8f17b6ee1c1bd902\""},fromList [(\""3d7739c2406edbe3bb594b8f762cf67a2c889a162f2234dc17841f61d33849f4\"",1),(\""5ec9fa6a8337c83985882517e4865a68763912f37490cffe992a26abfd29d315\"",1),(\""8a3859b168b77160150b13c200392328254c3758f082050fd7ec5c340ac2a497\"",1)]),(PolicyID {policyID = ScriptHash \""e6721fde8af7e40aecbd6f146b0470cc20722e05a61c9230a052900d\""},fromList [(\""4449415f52454345495645525f434c49454e545f41\"",1)])]))}))"",""ConwayUtxowFailure (UtxoFailure (UtxosFailure (CollectErrors (BadTranslation (BabbageContextError (AlonzoContextError (TranslationLogicMissingInput (TxIn (TxId {unTxId = SafeHash \""5ced69bfcee5292bcb85ebfc0e916f9482331145d32716a541e99db3c8caa5fb\""}) (TxIx {unTxIx = 2}))))) :| []))))""],""kind"":""ShelleyTxValidationError""},""tag"":""TxValidationErrorInCardanoMode""},""tag"":""TxCmdTxSubmitValidationError""},""tag"":""TxSubmitFail""}",0,0,,,,1781820713460,1781820707655,1781820707655
1461,0x953c020cf16046c8861da483b3e8d0c1821a2d655c1f2950162aad16a94c2648,"",client_test_01_router_a_majors,client-test-01,customer-test-01,0,"","",ETH/USD,1704722065233500569600,1781820609,failed,UtxoNotFound,"Error: {""contents"":{""contents"":{""contents"":{""era"":""ShelleyBasedEraConway"",""error"":[""ConwayUtxowFailure (UtxoFailure (InsufficientCollateral (DeltaCoin (-206262363)) (Coin 1880451)))"",""ConwayUtxowFailure (UtxoFailure (IncorrectTotalCollateralField (DeltaCoin (-206262363)) (Coin 5000000)))"",""ConwayUtxowFailure (UtxoFailure NoCollateralInputs)"",""ConwayUtxowFailure (UtxoFailure (BadInputsUTxO (NonEmptySet (fromList [TxIn (TxId {unTxId = SafeHash \""5ced69bfcee5292bcb85ebfc0e916f9482331145d32716a541e99db3c8caa5fb\""}) (TxIx {unTxIx = 2})]))))"",""ConwayUtxowFailure (UtxoFailure (ValueNotConservedUTxO Mismatch (RelEQ) {supplied: MaryValue (Coin 9227150000) (MultiAsset (fromList [(PolicyID {policyID = ScriptHash \""def5c14be6bceefb95769110a0c8c7d5362e58bf8f17b6ee1c1bd902\""},fromList [(\""3d7739c2406edbe3bb594b8f762cf67a2c889a162f2234dc17841f61d33849f4\"",1),(\""5ec9fa6a8337c83985882517e4865a68763912f37490cffe992a26abfd29d315\"",1),(\""8a3859b168b77160150b13c200392328254c3758f082050fd7ec5c340ac2a497\"",1)]),(PolicyID {policyID = ScriptHash \""e6721fde8af7e40aecbd6f146b0470cc20722e05a61c9230a052900d\""},fromList [(\""4449415f52454345495645525f434c49454e545f41\"",1)])])), expected: MaryValue (Coin 9438412363) (MultiAsset (fromList [(PolicyID {policyID = ScriptHash \""def5c14be6bceefb95769110a0c8c7d5362e58bf8f17b6ee1c1bd902\""},fromList [(\""3d7739c2406edbe3bb594b8f762cf67a2c889a162f2234dc17841f61d33849f4\"",1),(\""5ec9fa6a8337c83985882517e4865a68763912f37490cffe992a26abfd29d315\"",1),(\""8a3859b168b77160150b13c200392328254c3758f082050fd7ec5c340ac2a497\"",1)]),(PolicyID {policyID = ScriptHash \""e6721fde8af7e40aecbd6f146b0470cc20722e05a61c9230a052900d\""},fromList [(\""4449415f52454345495645525f434c49454e545f41\"",1)])]))}))"",""ConwayUtxowFailure (UtxoFailure (UtxosFailure (CollectErrors (BadTranslation (BabbageContextError (AlonzoContextError (TranslationLogicMissingInput (TxIn (TxId {unTxId = SafeHash \""5ced69bfcee5292bcb85ebfc0e916f9482331145d32716a541e99db3c8caa5fb\""}) (TxIx {unTxIx = 2}))))) :| []))))""],""kind"":""ShelleyTxValidationError""},""tag"":""TxValidationErrorInCardanoMode""},""tag"":""TxCmdTxSubmitValidationError""},""tag"":""TxSubmitFail""}",0,0,,,,,1781820707663,1781820707663
1462,0x0a5efa03037e28f417aa4f2dc6e988c499a396a3b2b80a3c4be8ce6fdad253de,"",client_test_01_router_a_majors,client-test-01,customer-test-01,0,"","",USDT/USD,998860000000000000,1781820566,failed,UtxoNotFound,"Error: {""contents"":{""contents"":{""contents"":{""era"":""ShelleyBasedEraConway"",""error"":[""ConwayUtxowFailure (UtxoFailure (InsufficientCollateral (DeltaCoin (-206262363)) (Coin 1880451)))"",""ConwayUtxowFailure (UtxoFailure (IncorrectTotalCollateralField (DeltaCoin (-206262363)) (Coin 5000000)))"",""ConwayUtxowFailure (UtxoFailure NoCollateralInputs)"",""ConwayUtxowFailure (UtxoFailure (BadInputsUTxO (NonEmptySet (fromList [TxIn (TxId {unTxId = SafeHash \""5ced69bfcee5292bcb85ebfc0e916f9482331145d32716a541e99db3c8caa5fb\""}) (TxIx {unTxIx = 2})]))))"",""ConwayUtxowFailure (UtxoFailure (ValueNotConservedUTxO Mismatch (RelEQ) {supplied: MaryValue (Coin 9227150000) (MultiAsset (fromList [(PolicyID {policyID = ScriptHash \""def5c14be6bceefb95769110a0c8c7d5362e58bf8f17b6ee1c1bd902\""},fromList [(\""3d7739c2406edbe3bb594b8f762cf67a2c889a162f2234dc17841f61d33849f4\"",1),(\""5ec9fa6a8337c83985882517e4865a68763912f37490cffe992a26abfd29d315\"",1),(\""8a3859b168b77160150b13c200392328254c3758f082050fd7ec5c340ac2a497\"",1)]),(PolicyID {policyID = ScriptHash \""e6721fde8af7e40aecbd6f146b0470cc20722e05a61c9230a052900d\""},fromList [(\""4449415f52454345495645525f434c49454e545f41\"",1)])])), expected: MaryValue (Coin 9438412363) (MultiAsset (fromList [(PolicyID {policyID = ScriptHash \""def5c14be6bceefb95769110a0c8c7d5362e58bf8f17b6ee1c1bd902\""},fromList [(\""3d7739c2406edbe3bb594b8f762cf67a2c889a162f2234dc17841f61d33849f4\"",1),(\""5ec9fa6a8337c83985882517e4865a68763912f37490cffe992a26abfd29d315\"",1),(\""8a3859b168b77160150b13c200392328254c3758f082050fd7ec5c340ac2a497\"",1)]),(PolicyID {policyID = ScriptHash \""e6721fde8af7e40aecbd6f146b0470cc20722e05a61c9230a052900d\""},fromList [(\""4449415f52454345495645525f434c49454e545f41\"",1)])]))}))"",""ConwayUtxowFailure (UtxoFailure (UtxosFailure (CollectErrors (BadTranslation (BabbageContextError (AlonzoContextError (TranslationLogicMissingInput (TxIn (TxId {unTxId = SafeHash \""5ced69bfcee5292bcb85ebfc0e916f9482331145d32716a541e99db3c8caa5fb\""}) (TxIx {unTxIx = 2}))))) :| []))))""],""kind"":""ShelleyTxValidationError""},""tag"":""TxValidationErrorInCardanoMode""},""tag"":""TxCmdTxSubmitValidationError""},""tag"":""TxSubmitFail""}",0,0,,,,,1781820707670,1781820707670
1463,0xfae70c8bf5f89f218ba1533c1b6b9ce5a405f5690a62539f2d320f5c42d28931,c24f99bab7e71dd017c918979da2b8ecbd22a51339cd8f671873898fdb9de9bd,client_test_01_router_a_majors,client-test-01,customer-test-01,0,"","",BTC/USD,"",0,confirmed,,,0,0,,,1781820721520,1781820775656,,1781820721520
1464,0xe5fd7059fc83a0b2512edc08b8ce2ea41ad377b999a92a40578d20c769800b0c,48bb666a963ddcfce1f2cc4180e73da6ca33c8dda17c603367188dfff3d9aef6,client_test_01_router_a_majors,client-test-01,customer-test-01,0,"","",ETH/USD,"",0,confirmed,,,0,0,,,1781820721530,1781820745883,,1781820721530
1465,0x838c8f540231858ed0533ac1fa2f284ef224be6cd913302ff31dd5ff7a55cd81,48bb666a963ddcfce1f2cc4180e73da6ca33c8dda17c603367188dfff3d9aef6,client_test_01_router_a_majors,client-test-01,customer-test-01,0,"","",USDC/USD,"",0,confirmed,,,0,0,,,1781820721538,1781820745891,,1781820721538
1466,0x85cb8f9c6df93a78535a12c3877f359540f86092f88ec77ae4ddf110b06ccd44,48bb666a963ddcfce1f2cc4180e73da6ca33c8dda17c603367188dfff3d9aef6,client_test_01_router_a_majors,client-test-01,customer-test-01,0,"","",DOGE/USD,"",0,confirmed,,,0,0,,,1781820721544,1781820745902,,1781820721544
1467,0x6afc07923a8731aec889e8368a8f1573881b7ea6cd12d17f92e970124e437e99,48bb666a963ddcfce1f2cc4180e73da6ca33c8dda17c603367188dfff3d9aef6,client_test_01_router_a_majors,client-test-01,customer-test-01,0,"","",USDT/USD,"",0,confirmed,,,0,0,,,1781820721548,1781820745910,,1781820721548
1468,0xf847fab3818123520e6fe55593e65259c77140e3c36533d75f85ed60e8f1824c,d20543a6c8dd60002751618ad76fcf52e23ff0db2ea092689f6d869a3c3ab0b0,client_test_01_router_a_majors,client-test-01,customer-test-01,0,"","",USDC/USD,"",0,confirmed,,,0,0,,,1781820776332,1781820803696,,1781820776332
1469,0xb7781b657e3fd97cc970839c8435af3c1f1afcf6a48bb763d283586ce05ceea4,d20543a6c8dd60002751618ad76fcf52e23ff0db2ea092689f6d869a3c3ab0b0,client_test_01_router_a_majors,client-test-01,customer-test-01,0,"","",DOGE/USD,"",0,confirmed,,,0,0,,,1781820776342,1781820803704,,1781820776342
1470,0xfae70c8bf5f89f218ba1533c1b6b9ce5a405f5690a62539f2d320f5c42d28931,"",client_test_01_router_a_majors,client-test-01,customer-test-01,0,"","",BTC/USD,62870031482454592716800,1781820698,failed,NonMonotonicNonce,"Intent for BTC/USD superseded on chain; not submitted.",0,0,,,,,1781820803688,1781820803688
1471,0xe5fd7059fc83a0b2512edc08b8ce2ea41ad377b999a92a40578d20c769800b0c,"",client_test_01_router_a_majors,client-test-01,customer-test-01,0,"","",ETH/USD,1704820257288550088704,1781820699,failed,NonMonotonicNonce,"Intent for ETH/USD superseded on chain; not submitted.",0,0,,,,,1781820803695,1781820803695
1472,0x6af9e0d8635a5f302773ee27586b9c370ec71d4cf9b7b97446005dc7c7f33501,4102bc3d2d9403d521426e264d2286caa868b7b242576cac85af25ec4f902243,client_test_01_router_a_majors,client-test-01,customer-test-01,0,"","",BTC/USD,"",0,confirmed,,,0,0,,,1781820957118,1781821015312,,1781820957118
1473,0x0f44e145f87f35632cf5d7272abc3a2712affa55a6736848c1c78ff382f03509,4102bc3d2d9403d521426e264d2286caa868b7b242576cac85af25ec4f902243,client_test_01_router_a_majors,client-test-01,customer-test-01,0,"","",ETH/USD,"",0,confirmed,,,0,0,,,1781820957128,1781821015327,,1781820957128
1474,0xd76aa1b34f4f61a689fa7fe0ba5055d37f37d4edd8fbf4ce5f8178476d1f6285,4102bc3d2d9403d521426e264d2286caa868b7b242576cac85af25ec4f902243,client_test_01_router_a_majors,client-test-01,customer-test-01,0,"","",USDC/USD,"",0,confirmed,,,0,0,,,1781820957136,1781821015336,,1781820957136
1475,0x036256354d8cfc6791cc824b33d8e23bb11553ee153ac5329274ba7bc933f15e,4102bc3d2d9403d521426e264d2286caa868b7b242576cac85af25ec4f902243,client_test_01_router_a_majors,client-test-01,customer-test-01,0,"","",DOGE/USD,"",0,confirmed,,,0,0,,,1781820957147,1781821015346,,1781820957147
1476,0x89770cb66b2e888854acde6145fc614f9b731a4546f639a8d65462c3faf4b922,5fd022ef1dad13eb30f1e6de9f9a906925cc5665ce197acca25fc995f58a89a3,client_test_01_router_a_majors,client-test-01,customer-test-01,0,"","",USDT/USD,"",0,confirmed,,,0,0,,,1781821029905,1781821060220,,1781821029905
1477,0xe0541b7508c3cdd2e02373472677accb1fb9875f653cb5d5d3fdad01018fce29,5fd022ef1dad13eb30f1e6de9f9a906925cc5665ce197acca25fc995f58a89a3,client_test_01_router_a_majors,client-test-01,customer-test-01,0,"","",DOGE/USD,"",0,confirmed,,,0,0,,,1781821029915,1781821060233,,1781821029915
1478,0x110a83295db97f5c9f8b4d56bfe5899fb10771b80c518933c08a811e04891820,5fd022ef1dad13eb30f1e6de9f9a906925cc5665ce197acca25fc995f58a89a3,client_test_01_router_a_majors,client-test-01,customer-test-01,0,"","",BTC/USD,"",0,confirmed,,,0,0,,,1781821029921,1781821060252,,1781821029921
1479,0xd2d8bebf21276acb193edaf18efa5cf177d86fdfd4706530817d20882813ef7f,5fd022ef1dad13eb30f1e6de9f9a906925cc5665ce197acca25fc995f58a89a3,client_test_01_router_a_majors,client-test-01,customer-test-01,0,"","",ETH/USD,"",0,confirmed,,,0,0,,,1781821029929,1781821060260,,1781821029929
1480,0xaa02bfb3c2202baa66b511515c0b5de181fdec67615883d5a1990bed4be62fec,5fd022ef1dad13eb30f1e6de9f9a906925cc5665ce197acca25fc995f58a89a3,client_test_01_router_a_majors,client-test-01,customer-test-01,0,"","",USDC/USD,"",0,confirmed,,,0,0,,,1781821029936,1781821060269,,1781821029936
1481,0xd489e883d0f73410388738ec36acb24b750b320ca8ca217d468a70be56d8d6de,75122ae2efde6c3f16e985fa934724b795ee4886604a67b1d272865df854e7fd,client_test_01_router_a_majors,client-test-01,customer-test-01,0,"","",USDT/USD,"",0,confirmed,,,0,0,,,1781821070295,1781821118442,,1781821070295
1482,0x304acb3808366efca9a6ab8a8b94f19d7dabfb819283df1c8c591381c99e1b75,1ed5efa14a52ea395c70412d649e624412b990f257d0dcd723c7e99c7abd209a,client_test_01_router_a_majors,client-test-01,customer-test-01,0,"","",BTC/USD,"",0,confirmed,,,0,0,,,1781821253106,1781821370340,,1781821253106
1483,0x3f973cb4d5e79da2796e09604c9126428fcaa1caffa0c322f3d187b27464a0a7,1ed5efa14a52ea395c70412d649e624412b990f257d0dcd723c7e99c7abd209a,client_test_01_router_a_majors,client-test-01,customer-test-01,0,"","",ETH/USD,"",0,confirmed,,,0,0,,,1781821291539,1781821370354,,1781821291539
1484,0x481a3bd515df7a6789eb939df2282c7a261490b011b2d6e075b662f0aaa7ca38,1ed5efa14a52ea395c70412d649e624412b990f257d0dcd723c7e99c7abd209a,client_test_01_router_a_majors,client-test-01,customer-test-01,0,"","",USDC/USD,"",0,confirmed,,,0,0,,,1781821291549,1781821370366,,1781821291549
1485,0x81ff8c3f0b0cf131cc428e6778b5eb2d770ee3fab62f4c23f8dbfd1f4746824f,1ed5efa14a52ea395c70412d649e624412b990f257d0dcd723c7e99c7abd209a,client_test_01_router_a_majors,client-test-01,customer-test-01,0,"","",DOGE/USD,"",0,confirmed,,,0,0,,,1781821291555,1781821370382,,1781821291555
1486,0x8ead215e7bc5b91f37f8de2f903a3af34cdfefb3b4027d3d5cdeb15c5db6e643,"",client_test_02_router_default,client-test-02,customer-test-02,0,"","",BTC/USD,62855974445299710033920,1781821254,failed,UtxoNotFound,"Error: {""contents"":{""contents"":{""contents"":{""era"":""ShelleyBasedEraConway"",""error"":[""ConwayUtxowFailure (UtxoFailure (InsufficientCollateral (DeltaCoin (-201802287)) (Coin 1318182)))"",""ConwayUtxowFailure (UtxoFailure (IncorrectTotalCollateralField (DeltaCoin (-201802287)) (Coin 5000000)))"",""ConwayUtxowFailure (UtxoFailure NoCollateralInputs)"",""ConwayUtxowFailure (UtxoFailure (BadInputsUTxO (NonEmptySet (fromList [TxIn (TxId {unTxId = SafeHash \""75122ae2efde6c3f16e985fa934724b795ee4886604a67b1d272865df854e7fd\""}) (TxIx {unTxIx = 2})]))))"",""ConwayUtxowFailure (UtxoFailure (ValueNotConservedUTxO Mismatch (RelEQ) {supplied: MaryValue (Coin 9978800000) (MultiAsset (fromList [(PolicyID {policyID = ScriptHash \""02435906b5bf2ebac57a72d8d5609aa7f642b5e0e4d79666e0b1a293\""},fromList [(\""8a3859b168b77160150b13c200392328254c3758f082050fd7ec5c340ac2a497\"",1)]),(PolicyID {policyID = ScriptHash \""8621de3a416050365e18f7a200b99add3544491eb7d471cfad83913c\""},fromList [(\""4449415f52454345495645525f434c49454e545f544553545f3032\"",1)])])), expected: MaryValue (Coin 10185602287) (MultiAsset (fromList [(PolicyID {policyID = ScriptHash \""02435906b5bf2ebac57a72d8d5609aa7f642b5e0e4d79666e0b1a293\""},fromList [(\""8a3859b168b77160150b13c200392328254c3758f082050fd7ec5c340ac2a497\"",1)]),(PolicyID {policyID = ScriptHash \""8621de3a416050365e18f7a200b99add3544491eb7d471cfad83913c\""},fromList [(\""4449415f52454345495645525f434c49454e545f544553545f3032\"",1)])]))}))"",""ConwayUtxowFailure (UtxoFailure (UtxosFailure (CollectErrors (BadTranslation (BabbageContextError (AlonzoContextError (TranslationLogicMissingInput (TxIn (TxId {unTxId = SafeHash \""75122ae2efde6c3f16e985fa934724b795ee4886604a67b1d272865df854e7fd\""}) (TxIx {unTxIx = 2}))))) :| []))))""],""kind"":""ShelleyTxValidationError""},""tag"":""TxValidationErrorInCardanoMode""},""tag"":""TxCmdTxSubmitValidationError""},""tag"":""TxSubmitFail""}",0,0,,,,,1781821350854,1781821350854
1487,0x6419f43be28fc8b1ab94a9fb84c52b3147b31dbd216b8ab4a7dad94021a2a645,9dead61e1576994538241b96883a2ea7896a929fa42e8ca4976370e02bd31c7b,client_test_01_router_a_majors,client-test-01,customer-test-01,0,"","",USDT/USD,"",0,confirmed,,,0,0,,,1781821384190,1781821408776,,1781821384190
1488,0xf32b8f6d9116f0a071dc8917777c94ec3f159e40765ac54628145b085068ca4c,9dead61e1576994538241b96883a2ea7896a929fa42e8ca4976370e02bd31c7b,client_test_01_router_a_majors,client-test-01,customer-test-01,0,"","",BTC/USD,"",0,confirmed,,,0,0,,,1781821384199,1781821408808,,1781821384199
1489,0xcacbb17b5ccc106f6635e058edf4832c0c695cfbd170d74c0195d6ec1e1b45b6,9dead61e1576994538241b96883a2ea7896a929fa42e8ca4976370e02bd31c7b,client_test_01_router_a_majors,client-test-01,customer-test-01,0,"","",ETH/USD,"",0,confirmed,,,0,0,,,1781821384203,1781821408816,,1781821384203
1490,0xadce17573e43c6e69380bb71ea661116aa21fe3272ea301e9dc83a68e8e826a0,9dead61e1576994538241b96883a2ea7896a929fa42e8ca4976370e02bd31c7b,client_test_01_router_a_majors,client-test-01,customer-test-01,0,"","",USDC/USD,"",0,confirmed,,,0,0,,,1781821384207,1781821408829,,1781821384207
1491,0x9611c478dbc8d21775675787835c0b29d6428a03e7820fde923d269b226ef970,9dead61e1576994538241b96883a2ea7896a929fa42e8ca4976370e02bd31c7b,client_test_01_router_a_majors,client-test-01,customer-test-01,0,"","",DOGE/USD,"",0,confirmed,,,0,0,,,1781821384214,1781821408839,,1781821384214
1492,0x2e62308f0626ab5c8dbb17e6974951e9e9beccc8a9b672360675b09b0a55a1b6,eadfe67d1dc10a283459b5c2127b5716d48a8c0966f00ebc72a6bfbeac3e1264,client_test_01_router_a_majors,client-test-01,customer-test-01,0,"","",USDT/USD,"",0,confirmed,,,0,0,,,1781821551440,1781821576626,,1781821551440
1493,0xaf7d07e7d107ce386fdeb968f4699599468bd42ac0d3c875947def20739fd8a0,b65d26e624ca4952ad802db4bb7eeff5affa73137e51c4fede7cb7d3ace1bee1,client_test_01_router_a_majors,client-test-01,customer-test-01,0,"","",BTC/USD,"",0,confirmed,,,0,0,,,1781821590100,1781821639071,,1781821590100
1494,0x16b4ce4f6240816d5cd800adb9b3a9b05b3c578c0f6a6f73afb05431a2e2982b,b65d26e624ca4952ad802db4bb7eeff5affa73137e51c4fede7cb7d3ace1bee1,client_test_01_router_a_majors,client-test-01,customer-test-01,0,"","",ETH/USD,"",0,confirmed,,,0,0,,,1781821590111,1781821639086,,1781821590111
1495,0x539b272ee3c34215522eac3d27c5d0cdfd9273a5272f51ddc1966c3fa93ae667,b65d26e624ca4952ad802db4bb7eeff5affa73137e51c4fede7cb7d3ace1bee1,client_test_01_router_a_majors,client-test-01,customer-test-01,0,"","",USDC/USD,"",0,confirmed,,,0,0,,,1781821590117,1781821639097,,1781821590117
1496,0x22c356462a5812cdfa81eb888ea5dad67294a3ec880ff753a6c103870090682d,b65d26e624ca4952ad802db4bb7eeff5affa73137e51c4fede7cb7d3ace1bee1,client_test_01_router_a_majors,client-test-01,customer-test-01,0,"","",DOGE/USD,"",0,confirmed,,,0,0,,,1781821590121,1781821639108,,1781821590121
1497,0xef50ec107f815db2dd66bcd09bd5a5f2688c841fb4adf9d3b31b88e930eab9ed,c3882d18f9cac12080f2b30f93f235fe03505d34c2061bf12caa56e823c38360,client_test_01_router_a_majors,client-test-01,customer-test-01,0,"","",BTC/USD,"",0,confirmed,,,0,0,,,1781821650314,1781821677787,,1781821650314
1498,0x9b7907e9ca8d59ebf5f79fc53086e46343fe5bfe6c72f9850de286fdf57e7eaf,c3882d18f9cac12080f2b30f93f235fe03505d34c2061bf12caa56e823c38360,client_test_01_router_a_majors,client-test-01,customer-test-01,0,"","",ETH/USD,"",0,confirmed,,,0,0,,,1781821650325,1781821677801,,1781821650325
1499,0x54f769d3fe201df578f439fd66fb790d886e33a73e854afe48b40fd78dbcfcb3,385ce32f17f546ccc50fa1dfca261759829c0b5f831f310c527e586f8980a6c0,client_test_01_router_a_majors,client-test-01,customer-test-01,0,"","",BTC/USD,"",0,confirmed,,,0,0,,,1781821851155,1781821986881,,1781821851155
1500,0x54f769d3fe201df578f439fd66fb790d886e33a73e854afe48b40fd78dbcfcb3,385ce32f17f546ccc50fa1dfca261759829c0b5f831f310c527e586f8980a6c0,client_test_01_router_a_majors,client-test-01,customer-test-01,0,"","",BTC/USD,62849637141050009059328,1781821806,confirmed,UtxoNotFound,"Error: {""contents"":{""contents"":{""contents"":{""era"":""ShelleyBasedEraConway"",""error"":[""ConwayUtxowFailure (UtxoFailure (InsufficientCollateral (DeltaCoin (-198218253)) (Coin 2759735)))"",""ConwayUtxowFailure (UtxoFailure (IncorrectTotalCollateralField (DeltaCoin (-198218253)) (Coin 5000000)))"",""ConwayUtxowFailure (UtxoFailure NoCollateralInputs)"",""ConwayUtxowFailure (UtxoFailure (BadInputsUTxO (NonEmptySet (fromList [TxIn (TxId {unTxId = SafeHash \""c3882d18f9cac12080f2b30f93f235fe03505d34c2061bf12caa56e823c38360\""}) (TxIx {unTxIx = 3})]))))"",""ConwayUtxowFailure (UtxoFailure (ValueNotConservedUTxO Mismatch (RelEQ) {supplied: MaryValue (Coin 9242150000) (MultiAsset (fromList [(PolicyID {policyID = ScriptHash \""def5c14be6bceefb95769110a0c8c7d5362e58bf8f17b6ee1c1bd902\""},fromList [(\""01f8ca4f564d04963a1ffccbb3f49da8bf09c0373f278d84047413cf09399650\"",1),(\""3d7739c2406edbe3bb594b8f762cf67a2c889a162f2234dc17841f61d33849f4\"",1),(\""5ec9fa6a8337c83985882517e4865a68763912f37490cffe992a26abfd29d315\"",1),(\""8a3859b168b77160150b13c200392328254c3758f082050fd7ec5c340ac2a497\"",1),(\""dfafb09cf4921baf2478651f0d7072b3a0df58b6c434443d32511927fa7919fb\"",1),(\""e6643031cebf937d080904cd1e6dd3d5aebcac06fc08dc15de991ade67363588\"",1)]),(PolicyID {policyID = ScriptHash \""e6721fde8af7e40aecbd6f146b0470cc20722e05a61c9230a052900d\""},fromList [(\""4449415f52454345495645525f434c49454e545f41\"",1)])])), expected: MaryValue (Coin 9445368253) (MultiAsset (fromList [(PolicyID {policyID = ScriptHash \""def5c14be6bceefb95769110a0c8c7d5362e58bf8f17b6ee1c1bd902\""},fromList [(\""01f8ca4f564d04963a1ffccbb3f49da8bf09c0373f278d84047413cf09399650\"",1),(\""3d7739c2406edbe3bb594b8f762cf67a2c889a162f2234dc17841f61d33849f4\"",1),(\""5ec9fa6a8337c83985882517e4865a68763912f37490cffe992a26abfd29d315\"",1),(\""8a3859b168b77160150b13c200392328254c3758f082050fd7ec5c340ac2a497\"",1),(\""dfafb09cf4921baf2478651f0d7072b3a0df58b6c434443d32511927fa7919fb\"",1),(\""e6643031cebf937d080904cd1e6dd3d5aebcac06fc08dc15de991ade67363588\"",1)]),(PolicyID {policyID = ScriptHash \""e6721fde8af7e40aecbd6f146b0470cc20722e05a61c9230a052900d\""},fromList [(\""4449415f52454345495645525f434c49454e545f41\"",1)])]))}))"",""ConwayUtxowFailure (UtxoFailure (UtxosFailure (CollectErrors (BadTranslation (BabbageContextError (AlonzoContextError (TranslationLogicMissingInput (TxIn (TxId {unTxId = SafeHash \""c3882d18f9cac12080f2b30f93f235fe03505d34c2061bf12caa56e823c38360\""}) (TxIx {unTxIx = 3}))))) :| []))))""],""kind"":""ShelleyTxValidationError""},""tag"":""TxValidationErrorInCardanoMode""},""tag"":""TxCmdTxSubmitValidationError""},""tag"":""TxSubmitFail""}",0,0,,,,1781821986881,1781821914342,1781821914342
1501,0xbcaf77cb8a254416c98e10bb8642b7b1d276be37b138d55807e94596ce8322a5,"",client_test_01_router_a_majors,client-test-01,customer-test-01,0,"","",ETH/USD,1704558364756687716352,1781821807,failed,UtxoNotFound,"Error: {""contents"":{""contents"":{""contents"":{""era"":""ShelleyBasedEraConway"",""error"":[""ConwayUtxowFailure (UtxoFailure (InsufficientCollateral (DeltaCoin (-198218253)) (Coin 2759735)))"",""ConwayUtxowFailure (UtxoFailure (IncorrectTotalCollateralField (DeltaCoin (-198218253)) (Coin 5000000)))"",""ConwayUtxowFailure (UtxoFailure NoCollateralInputs)"",""ConwayUtxowFailure (UtxoFailure (BadInputsUTxO (NonEmptySet (fromList [TxIn (TxId {unTxId = SafeHash \""c3882d18f9cac12080f2b30f93f235fe03505d34c2061bf12caa56e823c38360\""}) (TxIx {unTxIx = 3})]))))"",""ConwayUtxowFailure (UtxoFailure (ValueNotConservedUTxO Mismatch (RelEQ) {supplied: MaryValue (Coin 9242150000) (MultiAsset (fromList [(PolicyID {policyID = ScriptHash \""def5c14be6bceefb95769110a0c8c7d5362e58bf8f17b6ee1c1bd902\""},fromList [(\""01f8ca4f564d04963a1ffccbb3f49da8bf09c0373f278d84047413cf09399650\"",1),(\""3d7739c2406edbe3bb594b8f762cf67a2c889a162f2234dc17841f61d33849f4\"",1),(\""5ec9fa6a8337c83985882517e4865a68763912f37490cffe992a26abfd29d315\"",1),(\""8a3859b168b77160150b13c200392328254c3758f082050fd7ec5c340ac2a497\"",1),(\""dfafb09cf4921baf2478651f0d7072b3a0df58b6c434443d32511927fa7919fb\"",1),(\""e6643031cebf937d080904cd1e6dd3d5aebcac06fc08dc15de991ade67363588\"",1)]),(PolicyID {policyID = ScriptHash \""e6721fde8af7e40aecbd6f146b0470cc20722e05a61c9230a052900d\""},fromList [(\""4449415f52454345495645525f434c49454e545f41\"",1)])])), expected: MaryValue (Coin 9445368253) (MultiAsset (fromList [(PolicyID {policyID = ScriptHash \""def5c14be6bceefb95769110a0c8c7d5362e58bf8f17b6ee1c1bd902\""},fromList [(\""01f8ca4f564d04963a1ffccbb3f49da8bf09c0373f278d84047413cf09399650\"",1),(\""3d7739c2406edbe3bb594b8f762cf67a2c889a162f2234dc17841f61d33849f4\"",1),(\""5ec9fa6a8337c83985882517e4865a68763912f37490cffe992a26abfd29d315\"",1),(\""8a3859b168b77160150b13c200392328254c3758f082050fd7ec5c340ac2a497\"",1),(\""dfafb09cf4921baf2478651f0d7072b3a0df58b6c434443d32511927fa7919fb\"",1),(\""e6643031cebf937d080904cd1e6dd3d5aebcac06fc08dc15de991ade67363588\"",1)]),(PolicyID {policyID = ScriptHash \""e6721fde8af7e40aecbd6f146b0470cc20722e05a61c9230a052900d\""},fromList [(\""4449415f52454345495645525f434c49454e545f41\"",1)])]))}))"",""ConwayUtxowFailure (UtxoFailure (UtxosFailure (CollectErrors (BadTranslation (BabbageContextError (AlonzoContextError (TranslationLogicMissingInput (TxIn (TxId {unTxId = SafeHash \""c3882d18f9cac12080f2b30f93f235fe03505d34c2061bf12caa56e823c38360\""}) (TxIx {unTxIx = 3}))))) :| []))))""],""kind"":""ShelleyTxValidationError""},""tag"":""TxValidationErrorInCardanoMode""},""tag"":""TxCmdTxSubmitValidationError""},""tag"":""TxSubmitFail""}",0,0,,,,,1781821914347,1781821914347
1502,0x97f69dd9f6896a7e94a55784f76c62ab2f1ce93567350e546297f5072989c2df,"",client_test_01_router_a_majors,client-test-01,customer-test-01,0,"","",USDT/USD,998880000000000000,1781821765,failed,UtxoNotFound,"Error: {""contents"":{""contents"":{""contents"":{""era"":""ShelleyBasedEraConway"",""error"":[""ConwayUtxowFailure (UtxoFailure (InsufficientCollateral (DeltaCoin (-198218253)) (Coin 2759735)))"",""ConwayUtxowFailure (UtxoFailure (IncorrectTotalCollateralField (DeltaCoin (-198218253)) (Coin 5000000)))"",""ConwayUtxowFailure (UtxoFailure NoCollateralInputs)"",""ConwayUtxowFailure (UtxoFailure (BadInputsUTxO (NonEmptySet (fromList [TxIn (TxId {unTxId = SafeHash \""c3882d18f9cac12080f2b30f93f235fe03505d34c2061bf12caa56e823c38360\""}) (TxIx {unTxIx = 3})]))))"",""ConwayUtxowFailure (UtxoFailure (ValueNotConservedUTxO Mismatch (RelEQ) {supplied: MaryValue (Coin 9242150000) (MultiAsset (fromList [(PolicyID {policyID = ScriptHash \""def5c14be6bceefb95769110a0c8c7d5362e58bf8f17b6ee1c1bd902\""},fromList [(\""01f8ca4f564d04963a1ffccbb3f49da8bf09c0373f278d84047413cf09399650\"",1),(\""3d7739c2406edbe3bb594b8f762cf67a2c889a162f2234dc17841f61d33849f4\"",1),(\""5ec9fa6a8337c83985882517e4865a68763912f37490cffe992a26abfd29d315\"",1),(\""8a3859b168b77160150b13c200392328254c3758f082050fd7ec5c340ac2a497\"",1),(\""dfafb09cf4921baf2478651f0d7072b3a0df58b6c434443d32511927fa7919fb\"",1),(\""e6643031cebf937d080904cd1e6dd3d5aebcac06fc08dc15de991ade67363588\"",1)]),(PolicyID {policyID = ScriptHash \""e6721fde8af7e40aecbd6f146b0470cc20722e05a61c9230a052900d\""},fromList [(\""4449415f52454345495645525f434c49454e545f41\"",1)])])), expected: MaryValue (Coin 9445368253) (MultiAsset (fromList [(PolicyID {policyID = ScriptHash \""def5c14be6bceefb95769110a0c8c7d5362e58bf8f17b6ee1c1bd902\""},fromList [(\""01f8ca4f564d04963a1ffccbb3f49da8bf09c0373f278d84047413cf09399650\"",1),(\""3d7739c2406edbe3bb594b8f762cf67a2c889a162f2234dc17841f61d33849f4\"",1),(\""5ec9fa6a8337c83985882517e4865a68763912f37490cffe992a26abfd29d315\"",1),(\""8a3859b168b77160150b13c200392328254c3758f082050fd7ec5c340ac2a497\"",1),(\""dfafb09cf4921baf2478651f0d7072b3a0df58b6c434443d32511927fa7919fb\"",1),(\""e6643031cebf937d080904cd1e6dd3d5aebcac06fc08dc15de991ade67363588\"",1)]),(PolicyID {policyID = ScriptHash \""e6721fde8af7e40aecbd6f146b0470cc20722e05a61c9230a052900d\""},fromList [(\""4449415f52454345495645525f434c49454e545f41\"",1)])]))}))"",""ConwayUtxowFailure (UtxoFailure (UtxosFailure (CollectErrors (BadTranslation (BabbageContextError (AlonzoContextError (TranslationLogicMissingInput (TxIn (TxId {unTxId = SafeHash \""c3882d18f9cac12080f2b30f93f235fe03505d34c2061bf12caa56e823c38360\""}) (TxIx {unTxIx = 3}))))) :| []))))""],""kind"":""ShelleyTxValidationError""},""tag"":""TxValidationErrorInCardanoMode""},""tag"":""TxCmdTxSubmitValidationError""},""tag"":""TxSubmitFail""}",0,0,,,,,1781821914354,1781821914354
1503,0xc8ff8c907edd7e31aabb62c90f90a29879d3ef604fce8c7ccbb7b3819003b15c,"",client_test_01_router_b_alts,client-test-01,customer-test-01,0,"","",LTC/USD,43659733500000010240,1781821803,failed,UtxoNotFound,"Error: {""contents"":{""contents"":{""contents"":{""era"":""ShelleyBasedEraConway"",""error"":[""ConwayUtxowFailure (UtxoFailure (InsufficientCollateral (DeltaCoin (-198218253)) (Coin 2759735)))"",""ConwayUtxowFailure (UtxoFailure (IncorrectTotalCollateralField (DeltaCoin (-198218253)) (Coin 5000000)))"",""ConwayUtxowFailure (UtxoFailure NoCollateralInputs)"",""ConwayUtxowFailure (UtxoFailure (BadInputsUTxO (NonEmptySet (fromList [TxIn (TxId {unTxId = SafeHash \""c3882d18f9cac12080f2b30f93f235fe03505d34c2061bf12caa56e823c38360\""}) (TxIx {unTxIx = 3})]))))"",""ConwayUtxowFailure (UtxoFailure (ValueNotConservedUTxO Mismatch (RelEQ) {supplied: MaryValue (Coin 9242150000) (MultiAsset (fromList [(PolicyID {policyID = ScriptHash \""def5c14be6bceefb95769110a0c8c7d5362e58bf8f17b6ee1c1bd902\""},fromList [(\""01f8ca4f564d04963a1ffccbb3f49da8bf09c0373f278d84047413cf09399650\"",1),(\""3d7739c2406edbe3bb594b8f762cf67a2c889a162f2234dc17841f61d33849f4\"",1),(\""5ec9fa6a8337c83985882517e4865a68763912f37490cffe992a26abfd29d315\"",1),(\""8a3859b168b77160150b13c200392328254c3758f082050fd7ec5c340ac2a497\"",1),(\""dfafb09cf4921baf2478651f0d7072b3a0df58b6c434443d32511927fa7919fb\"",1),(\""e6643031cebf937d080904cd1e6dd3d5aebcac06fc08dc15de991ade67363588\"",1)]),(PolicyID {policyID = ScriptHash \""e6721fde8af7e40aecbd6f146b0470cc20722e05a61c9230a052900d\""},fromList [(\""4449415f52454345495645525f434c49454e545f41\"",1)])])), expected: MaryValue (Coin 9445368253) (MultiAsset (fromList [(PolicyID {policyID = ScriptHash \""def5c14be6bceefb95769110a0c8c7d5362e58bf8f17b6ee1c1bd902\""},fromList [(\""01f8ca4f564d04963a1ffccbb3f49da8bf09c0373f278d84047413cf09399650\"",1),(\""3d7739c2406edbe3bb594b8f762cf67a2c889a162f2234dc17841f61d33849f4\"",1),(\""5ec9fa6a8337c83985882517e4865a68763912f37490cffe992a26abfd29d315\"",1),(\""8a3859b168b77160150b13c200392328254c3758f082050fd7ec5c340ac2a497\"",1),(\""dfafb09cf4921baf2478651f0d7072b3a0df58b6c434443d32511927fa7919fb\"",1),(\""e6643031cebf937d080904cd1e6dd3d5aebcac06fc08dc15de991ade67363588\"",1)]),(PolicyID {policyID = ScriptHash \""e6721fde8af7e40aecbd6f146b0470cc20722e05a61c9230a052900d\""},fromList [(\""4449415f52454345495645525f434c49454e545f41\"",1)])]))}))"",""ConwayUtxowFailure (UtxoFailure (UtxosFailure (CollectErrors (BadTranslation (BabbageContextError (AlonzoContextError (TranslationLogicMissingInput (TxIn (TxId {unTxId = SafeHash \""c3882d18f9cac12080f2b30f93f235fe03505d34c2061bf12caa56e823c38360\""}) (TxIx {unTxIx = 3}))))) :| []))))""],""kind"":""ShelleyTxValidationError""},""tag"":""TxValidationErrorInCardanoMode""},""tag"":""TxCmdTxSubmitValidationError""},""tag"":""TxSubmitFail""}",0,0,,,,,1781821914359,1781821914359
1504,0x3a52c7332a84d8c7a9f992dccb1a6e059140e85116bba2e63ebfd742a7a09738,"",client_test_01_router_b_alts,client-test-01,customer-test-01,0,"","",ARB/USD,84425299125000008,1781821788,failed,UtxoNotFound,"Error: {""contents"":{""contents"":{""contents"":{""era"":""ShelleyBasedEraConway"",""error"":[""ConwayUtxowFailure (UtxoFailure (InsufficientCollateral (DeltaCoin (-198218253)) (Coin 2759735)))"",""ConwayUtxowFailure (UtxoFailure (IncorrectTotalCollateralField (DeltaCoin (-198218253)) (Coin 5000000)))"",""ConwayUtxowFailure (UtxoFailure NoCollateralInputs)"",""ConwayUtxowFailure (UtxoFailure (BadInputsUTxO (NonEmptySet (fromList [TxIn (TxId {unTxId = SafeHash \""c3882d18f9cac12080f2b30f93f235fe03505d34c2061bf12caa56e823c38360\""}) (TxIx {unTxIx = 3})]))))"",""ConwayUtxowFailure (UtxoFailure (ValueNotConservedUTxO Mismatch (RelEQ) {supplied: MaryValue (Coin 9242150000) (MultiAsset (fromList [(PolicyID {policyID = ScriptHash \""def5c14be6bceefb95769110a0c8c7d5362e58bf8f17b6ee1c1bd902\""},fromList [(\""01f8ca4f564d04963a1ffccbb3f49da8bf09c0373f278d84047413cf09399650\"",1),(\""3d7739c2406edbe3bb594b8f762cf67a2c889a162f2234dc17841f61d33849f4\"",1),(\""5ec9fa6a8337c83985882517e4865a68763912f37490cffe992a26abfd29d315\"",1),(\""8a3859b168b77160150b13c200392328254c3758f082050fd7ec5c340ac2a497\"",1),(\""dfafb09cf4921baf2478651f0d7072b3a0df58b6c434443d32511927fa7919fb\"",1),(\""e6643031cebf937d080904cd1e6dd3d5aebcac06fc08dc15de991ade67363588\"",1)]),(PolicyID {policyID = ScriptHash \""e6721fde8af7e40aecbd6f146b0470cc20722e05a61c9230a052900d\""},fromList [(\""4449415f52454345495645525f434c49454e545f41\"",1)])])), expected: MaryValue (Coin 9445368253) (MultiAsset (fromList [(PolicyID {policyID = ScriptHash \""def5c14be6bceefb95769110a0c8c7d5362e58bf8f17b6ee1c1bd902\""},fromList [(\""01f8ca4f564d04963a1ffccbb3f49da8bf09c0373f278d84047413cf09399650\"",1),(\""3d7739c2406edbe3bb594b8f762cf67a2c889a162f2234dc17841f61d33849f4\"",1),(\""5ec9fa6a8337c83985882517e4865a68763912f37490cffe992a26abfd29d315\"",1),(\""8a3859b168b77160150b13c200392328254c3758f082050fd7ec5c340ac2a497\"",1),(\""dfafb09cf4921baf2478651f0d7072b3a0df58b6c434443d32511927fa7919fb\"",1),(\""e6643031cebf937d080904cd1e6dd3d5aebcac06fc08dc15de991ade67363588\"",1)]),(PolicyID {policyID = ScriptHash \""e6721fde8af7e40aecbd6f146b0470cc20722e05a61c9230a052900d\""},fromList [(\""4449415f52454345495645525f434c49454e545f41\"",1)])]))}))"",""ConwayUtxowFailure (UtxoFailure (UtxosFailure (CollectErrors (BadTranslation (BabbageContextError (AlonzoContextError (TranslationLogicMissingInput (TxIn (TxId {unTxId = SafeHash \""c3882d18f9cac12080f2b30f93f235fe03505d34c2061bf12caa56e823c38360\""}) (TxIx {unTxIx = 3}))))) :| []))))""],""kind"":""ShelleyTxValidationError""},""tag"":""TxValidationErrorInCardanoMode""},""tag"":""TxCmdTxSubmitValidationError""},""tag"":""TxSubmitFail""}",0,0,,,,,1781821914368,1781821914368
1505,0x2f98c59fdc2462b42d66ab8945bdcf2cf8a53542140bc0132ff6eb859085b5a9,"",client_test_01_router_b_alts,client-test-01,customer-test-01,0,"","",XVG/USD,2552561175000000,1781821762,failed,UtxoNotFound,"Error: {""contents"":{""contents"":{""contents"":{""era"":""ShelleyBasedEraConway"",""error"":[""ConwayUtxowFailure (UtxoFailure (InsufficientCollateral (DeltaCoin (-198218253)) (Coin 2759735)))"",""ConwayUtxowFailure (UtxoFailure (IncorrectTotalCollateralField (DeltaCoin (-198218253)) (Coin 5000000)))"",""ConwayUtxowFailure (UtxoFailure NoCollateralInputs)"",""ConwayUtxowFailure (UtxoFailure (BadInputsUTxO (NonEmptySet (fromList [TxIn (TxId {unTxId = SafeHash \""c3882d18f9cac12080f2b30f93f235fe03505d34c2061bf12caa56e823c38360\""}) (TxIx {unTxIx = 3})]))))"",""ConwayUtxowFailure (UtxoFailure (ValueNotConservedUTxO Mismatch (RelEQ) {supplied: MaryValue (Coin 9242150000) (MultiAsset (fromList [(PolicyID {policyID = ScriptHash \""def5c14be6bceefb95769110a0c8c7d5362e58bf8f17b6ee1c1bd902\""},fromList [(\""01f8ca4f564d04963a1ffccbb3f49da8bf09c0373f278d84047413cf09399650\"",1),(\""3d7739c2406edbe3bb594b8f762cf67a2c889a162f2234dc17841f61d33849f4\"",1),(\""5ec9fa6a8337c83985882517e4865a68763912f37490cffe992a26abfd29d315\"",1),(\""8a3859b168b77160150b13c200392328254c3758f082050fd7ec5c340ac2a497\"",1),(\""dfafb09cf4921baf2478651f0d7072b3a0df58b6c434443d32511927fa7919fb\"",1),(\""e6643031cebf937d080904cd1e6dd3d5aebcac06fc08dc15de991ade67363588\"",1)]),(PolicyID {policyID = ScriptHash \""e6721fde8af7e40aecbd6f146b0470cc20722e05a61c9230a052900d\""},fromList [(\""4449415f52454345495645525f434c49454e545f41\"",1)])])), expected: MaryValue (Coin 9445368253) (MultiAsset (fromList [(PolicyID {policyID = ScriptHash \""def5c14be6bceefb95769110a0c8c7d5362e58bf8f17b6ee1c1bd902\""},fromList [(\""01f8ca4f564d04963a1ffccbb3f49da8bf09c0373f278d84047413cf09399650\"",1),(\""3d7739c2406edbe3bb594b8f762cf67a2c889a162f2234dc17841f61d33849f4\"",1),(\""5ec9fa6a8337c83985882517e4865a68763912f37490cffe992a26abfd29d315\"",1),(\""8a3859b168b77160150b13c200392328254c3758f082050fd7ec5c340ac2a497\"",1),(\""dfafb09cf4921baf2478651f0d7072b3a0df58b6c434443d32511927fa7919fb\"",1),(\""e6643031cebf937d080904cd1e6dd3d5aebcac06fc08dc15de991ade67363588\"",1)]),(PolicyID {policyID = ScriptHash \""e6721fde8af7e40aecbd6f146b0470cc20722e05a61c9230a052900d\""},fromList [(\""4449415f52454345495645525f434c49454e545f41\"",1)])]))}))"",""ConwayUtxowFailure (UtxoFailure (UtxosFailure (CollectErrors (BadTranslation (BabbageContextError (AlonzoContextError (TranslationLogicMissingInput (TxIn (TxId {unTxId = SafeHash \""c3882d18f9cac12080f2b30f93f235fe03505d34c2061bf12caa56e823c38360\""}) (TxIx {unTxIx = 3}))))) :| []))))""],""kind"":""ShelleyTxValidationError""},""tag"":""TxValidationErrorInCardanoMode""},""tag"":""TxCmdTxSubmitValidationError""},""tag"":""TxSubmitFail""}",0,0,,,,,1781821914390,1781821914390
1506,0x54041c341b4e2cddb56106fce3f81ca0ca2ce8e94dfe0d92c4504c27963823d8,bc9c49a3400d9696e3e469df19fcf8ab03deabaef0b3453f5955825091068a2b,client_test_02_router_default,client-test-02,customer-test-02,0,"","",BTC/USD,"",0,confirmed,,,0,0,,,1781821981906,1781822063226,,1781821981906
1507,0x8cb0f51c63a841fc3d78fbe4558af97e6cc9afddc93cc0358fd19c9e8f79e248,bc9c49a3400d9696e3e469df19fcf8ab03deabaef0b3453f5955825091068a2b,client_test_01_router_a_majors,client-test-01,customer-test-01,0,"","",ETH/USD,"",0,confirmed,,,0,0,,,1781821981918,1781822063240,,1781821981918
1508,0x97a5069e84a9ad9c5f371cb895b2e0be67fc30991711f080ac7f6503ae092366,bc9c49a3400d9696e3e469df19fcf8ab03deabaef0b3453f5955825091068a2b,client_test_01_router_a_majors,client-test-01,customer-test-01,0,"","",USDC/USD,"",0,confirmed,,,0,0,,,1781821981922,1781822063250,,1781821981922
1509,0xeab22c0f39236e061df6a86149784d9a683e77189b40d1cc4830721034119f1c,bc9c49a3400d9696e3e469df19fcf8ab03deabaef0b3453f5955825091068a2b,client_test_01_router_a_majors,client-test-01,customer-test-01,0,"","",DOGE/USD,"",0,confirmed,,,0,0,,,1781821981928,1781822063260,,1781821981928
1510,0x19e46720373f132c4547741bb5b34c4406aee460a929757079c5d42bb362fb36,bc9c49a3400d9696e3e469df19fcf8ab03deabaef0b3453f5955825091068a2b,client_test_01_router_b_alts,client-test-01,customer-test-01,0,"","",LTC/USD,"",0,confirmed,,,0,0,,,1781821981934,1781822063269,,1781821981934
1511,0xa060d0576c61798db009b4574b35f9758f7fb27ee24410ed1b8ecf63c623a57a,bc9c49a3400d9696e3e469df19fcf8ab03deabaef0b3453f5955825091068a2b,client_test_01_router_b_alts,client-test-01,customer-test-01,0,"","",SHIB/USD,"",0,confirmed,,,0,0,,,1781821981938,1781822063276,,1781821981938
1512,0xa5f4cc96e5858feb7dc3952c79f6ee9088ed2a0a834f91a08bd61b918ada0fc6,bc9c49a3400d9696e3e469df19fcf8ab03deabaef0b3453f5955825091068a2b,client_test_01_router_a_majors,client-test-01,customer-test-01,0,"","",USDT/USD,"",0,failed,CrashRecovery,"daemon restarted with submitted transaction awaiting confirmation",0,0,,,1781821981942,,1781827385949,1781821981942
1513,0x300de4eebb7128966acc0f34f2de431508d542d605685f930c8978a4dcece75d,bc9c49a3400d9696e3e469df19fcf8ab03deabaef0b3453f5955825091068a2b,client_test_01_router_b_alts,client-test-01,customer-test-01,0,"","",NEIRO/USD,"",0,confirmed,,,0,0,,,1781821981949,1781822063291,,1781821981949
1514,0xf9a01b5b06bc1d32538d87ae4b4a95557bca6476cdd3a79a96bb7c1e3642905f,bc9c49a3400d9696e3e469df19fcf8ab03deabaef0b3453f5955825091068a2b,client_test_01_router_b_alts,client-test-01,customer-test-01,0,"","",XVG/USD,"",0,confirmed,,,0,0,,,1781821981954,1781822063297,,1781821981954
1515,0x8de9c822331d31317ad331ae7f17d710e768c48d07f4083da4c6ec68d7a36c37,bc9c49a3400d9696e3e469df19fcf8ab03deabaef0b3453f5955825091068a2b,client_test_01_router_b_alts,client-test-01,customer-test-01,0,"","",ARB/USD,"",0,confirmed,,,0,0,,,1781821981958,1781822063305,,1781821981958
1516,0x178d4635f60a78f083c3a659c7a5f712dfac9644b2e160755e713d6705ed7171,"",client_test_02_router_default,client-test-02,customer-test-02,0,"","",BTC/USD,62849637141050009059328,1781821943,failed,NonMonotonicNonce,"Oracle intent nonce must be greater than the current on-chain nonce; intent superseded, not submitted.",0,0,,,,,1781821992303,1781821992303
1517,0xa5f4cc96e5858feb7dc3952c79f6ee9088ed2a0a834f91a08bd61b918ada0fc6,"",client_test_01_router_a_majors,client-test-01,customer-test-01,0,"","",USDT/USD,998880000000000000,1781821904,failed,CrashRecovery,"daemon restarted with submitted transaction awaiting confirmation",0,0,,,,,1781827385949,1781822063287
1518,0x8815b0c9ad80952874f574cc7c1474b288a36b2444326c26437b9e090c10e028,3b6c658b62adcbb0f569a7c0f830fdbf7ff00ba21fb8a4141b9308f7cb218f47,client_test_01_router_a_majors,client-test-01,customer-test-01,0,"","",BTC/USD,"",0,failed,CrashRecovery,"daemon restarted with submitted transaction awaiting confirmation",0,0,,,1781822082014,,1781827385946,1781822082014
1519,0x5eb11a477aad1876cc1c843a7bf15e4331aa42e1a5681d70d2f76a32782cdbfb,3b6c658b62adcbb0f569a7c0f830fdbf7ff00ba21fb8a4141b9308f7cb218f47,client_test_01_router_a_majors,client-test-01,customer-test-01,0,"","",ETH/USD,"",0,failed,CrashRecovery,"daemon restarted with submitted transaction awaiting confirmation",0,0,,,1781822082024,,1781827385942,1781822082024
1520,0xb3d011beafabaa59f6cd3ba37568e717916588f14874d6c1213489a6eb50fee5,3b6c658b62adcbb0f569a7c0f830fdbf7ff00ba21fb8a4141b9308f7cb218f47,client_test_01_router_a_majors,client-test-01,customer-test-01,0,"","",USDC/USD,"",0,failed,CrashRecovery,"daemon restarted with submitted transaction awaiting confirmation",0,0,,,1781822082030,,1781827385940,1781822082030
1521,0x6646c977204499f9c4a3551df5a36565871175231e5a10d7f45ebf8490879049,3b6c658b62adcbb0f569a7c0f830fdbf7ff00ba21fb8a4141b9308f7cb218f47,client_test_01_router_a_majors,client-test-01,customer-test-01,0,"","",DOGE/USD,"",0,failed,CrashRecovery,"daemon restarted with submitted transaction awaiting confirmation",0,0,,,1781822082037,,1781827385936,1781822082037
1522,0x78eb1128486a5307c6e99a56a8e12e75662cbf554a8e40644445d5de32bfac14,3b6c658b62adcbb0f569a7c0f830fdbf7ff00ba21fb8a4141b9308f7cb218f47,client_test_01_router_b_alts,client-test-01,customer-test-01,0,"","",LTC/USD,"",0,confirmed,,,0,0,,,1781822082041,1781822118899,,1781822082041
1523,0x7506993337412f98876e4e3d7e18557efb180431704b1b9cd7924456ce1d10a6,3b6c658b62adcbb0f569a7c0f830fdbf7ff00ba21fb8a4141b9308f7cb218f47,client_test_01_router_b_alts,client-test-01,customer-test-01,0,"","",SHIB/USD,"",0,failed,CrashRecovery,"daemon restarted with submitted transaction awaiting confirmation",0,0,,,1781822082045,,1781827385932,1781822082045
1524,0xb85ac420826f6f684d2cda5d354dd2c194a9c3bdfc5551bad70d3cd31f0f71ab,3b6c658b62adcbb0f569a7c0f830fdbf7ff00ba21fb8a4141b9308f7cb218f47,client_test_01_router_b_alts,client-test-01,customer-test-01,0,"","",NEIRO/USD,"",0,confirmed,,,0,0,,,1781822082049,1781822118912,,1781822082049
1525,0x81daef78f13a3b8ebcc6c5c4d20dd357cbdf9a6a485c94af76e50ebfd6d0eadf,3b6c658b62adcbb0f569a7c0f830fdbf7ff00ba21fb8a4141b9308f7cb218f47,client_test_01_router_b_alts,client-test-01,customer-test-01,0,"","",XVG/USD,"",0,confirmed,,,0,0,,,1781822082054,1781822118920,,1781822082054
1526,0x4702e190d2de56501ef502767cb7ab7674d622716ba6874f95559fcb91a5e699,3b6c658b62adcbb0f569a7c0f830fdbf7ff00ba21fb8a4141b9308f7cb218f47,client_test_01_router_a_majors,client-test-01,customer-test-01,0,"","",USDT/USD,"",0,confirmed,,,0,0,,,1781822082058,1781822118931,,1781822082058
1527,0x417a08b9c5ab62adce33b09ed4d2cea974680ca8a971c364abe2ec8fd4d01926,3b6c658b62adcbb0f569a7c0f830fdbf7ff00ba21fb8a4141b9308f7cb218f47,client_test_01_router_b_alts,client-test-01,customer-test-01,0,"","",ARB/USD,"",0,confirmed,,,0,0,,,1781822082064,1781822118941,,1781822082064
1528,0x8815b0c9ad80952874f574cc7c1474b288a36b2444326c26437b9e090c10e028,"",client_test_01_router_a_majors,client-test-01,customer-test-01,0,"","",BTC/USD,62849637141050009059328,1781822033,failed,CrashRecovery,"daemon restarted with submitted transaction awaiting confirmation",0,0,,,,,1781827385946,1781822118877
1529,0x5eb11a477aad1876cc1c843a7bf15e4331aa42e1a5681d70d2f76a32782cdbfb,"",client_test_01_router_a_majors,client-test-01,customer-test-01,0,"","",ETH/USD,1704558364756687716352,1781822034,failed,CrashRecovery,"daemon restarted with submitted transaction awaiting confirmation",0,0,,,,,1781827385942,1781822118883
1530,0xb3d011beafabaa59f6cd3ba37568e717916588f14874d6c1213489a6eb50fee5,"",client_test_01_router_a_majors,client-test-01,customer-test-01,0,"","",USDC/USD,999734002400000000,1781822041,failed,CrashRecovery,"daemon restarted with submitted transaction awaiting confirmation",0,0,,,,,1781827385940,1781822118888
1531,0x6646c977204499f9c4a3551df5a36565871175231e5a10d7f45ebf8490879049,"",client_test_01_router_a_majors,client-test-01,customer-test-01,0,"","",DOGE/USD,83215026600000000,1781822045,failed,CrashRecovery,"daemon restarted with submitted transaction awaiting confirmation",0,0,,,,,1781827385936,1781822118896
1532,0x7506993337412f98876e4e3d7e18557efb180431704b1b9cd7924456ce1d10a6,"",client_test_01_router_b_alts,client-test-01,customer-test-01,0,"","",SHIB/USD,4741588420000,1781822046,failed,CrashRecovery,"daemon restarted with submitted transaction awaiting confirmation",0,0,,,,,1781827385932,1781822118910
1533,0x77d3a4497a8243a4c3025f0c4ccd355eb224d13b7682f1306e820cbf58ab7b62,3f01f51b0611437e12fb9c6e393b67b609dc7433ff184e8faec6a86628c504e4,client_test_01_router_a_majors,client-test-01,customer-test-01,0,"","",USDT/USD,"",0,failed,CrashRecovery,"daemon restarted with submitted transaction awaiting confirmation",0,0,,,1781822132699,,1781827385929,1781822132699
1534,0x607410e755d132016e4002e5137da14a677a7b656fb40227aa2634fe947b53ba,3f01f51b0611437e12fb9c6e393b67b609dc7433ff184e8faec6a86628c504e4,client_test_01_router_a_majors,client-test-01,customer-test-01,0,"","",BTC/USD,"",0,confirmed,,,0,0,,,1781822132708,1781822175968,,1781822132708
1535,0x7eaced87434cc0d437dff1bec91f9d2243b1391007b75fefdf958cfc26a05f07,3f01f51b0611437e12fb9c6e393b67b609dc7433ff184e8faec6a86628c504e4,client_test_01_router_a_majors,client-test-01,customer-test-01,0,"","",ETH/USD,"",0,confirmed,,,0,0,,,1781822132714,1781822175975,,1781822132714
1536,0xa58166be5eedeb42cf8c7fc11ca6a8fe8540e4bf2a6d931f84c365ad5d3a4d76,3f01f51b0611437e12fb9c6e393b67b609dc7433ff184e8faec6a86628c504e4,client_test_01_router_a_majors,client-test-01,customer-test-01,0,"","",USDC/USD,"",0,confirmed,,,0,0,,,1781822132718,1781822175983,,1781822132718
1537,0xaa5acc2d2f4fdb73cdc4df39cfdaa5aa9981b0470b7bb7101e7a7056ce45e06a,3f01f51b0611437e12fb9c6e393b67b609dc7433ff184e8faec6a86628c504e4,client_test_01_router_a_majors,client-test-01,customer-test-01,0,"","",DOGE/USD,"",0,confirmed,,,0,0,,,1781822132722,1781822175995,,1781822132722
1538,0x77d3a4497a8243a4c3025f0c4ccd355eb224d13b7682f1306e820cbf58ab7b62,"",client_test_01_router_a_majors,client-test-01,customer-test-01,0,"","",USDT/USD,998880000000000000,1781822083,failed,CrashRecovery,"daemon restarted with submitted transaction awaiting confirmation",0,0,,,,,1781827385929,1781822175964
1539,0x31a148ccd8e592391ad74be9cd6e8fc95c29436a78d16cdee057dfb291fe902e,9eb994426afe27cfea0799518b51041cf7eac0fb67731111010d824bd67a8498,client_test_01_router_a_majors,client-test-01,customer-test-01,0,"","",BTC/USD,"",0,confirmed,,,0,0,,,1781822186911,1781822211217,,1781822186911
1540,0x02c7c02d186b90ad9a3d93a0c980baabe3779968af83e5a07495e30fb6f5cd55,9eb994426afe27cfea0799518b51041cf7eac0fb67731111010d824bd67a8498,client_test_01_router_a_majors,client-test-01,customer-test-01,0,"","",ETH/USD,"",0,confirmed,,,0,0,,,1781822186924,1781822211231,,1781822186924
1541,0x46e2d02d39eecc11f370819a38eb4bf6330d64c112a64d50baff861e3bc729a9,78d5a0b403cc85f3b60ae05fc67b3c7a8ee3bd64d29cb6befeef996e0cddadb8,client_test_01_router_a_majors,client-test-01,customer-test-01,0,"","",USDT/USD,"",0,confirmed,,,0,0,,,1781822448443,1781822478734,,1781822448443
1542,0xa4e6694408e09263803d6444176a51f39f54663821c27004e97b6eb578f05830,78d5a0b403cc85f3b60ae05fc67b3c7a8ee3bd64d29cb6befeef996e0cddadb8,client_test_01_router_a_majors,client-test-01,customer-test-01,0,"","",DOGE/USD,"",0,confirmed,,,0,0,,,1781822448454,1781822478745,,1781822448454
1543,0x5c70e015e1a92dbb83973f378decf225e12b7719a012d876a6531d3e8790d753,a3524d7210861ee82283c8bbb53f84d8d7cb3d4f9730e06f686d6cc6cf1c7322,client_test_01_router_a_majors,client-test-01,customer-test-01,0,"","",USDT/USD,"",0,failed,CrashRecovery,"daemon restarted with submitted transaction awaiting confirmation",0,0,,,1781822492899,,1781827385926,1781822492899
1544,0xb57635f87529bc61c1d787348607e255f4ee256a317f5843db1a64c624b41b7b,0c07c1eebdefe4b69e2eb16decc15ec679f33a89f53ed3b3e53317dd1cc9d2d6,client_test_01_router_a_majors,client-test-01,customer-test-01,0,"","",BTC/USD,"",0,confirmed,,,0,0,,,1781822492908,1781822598610,,1781822492908
1545,0xc5ca55d3b9f77d9f34c22e7a418685fcd2156cdfbab604a1f08f57b254152463,a3524d7210861ee82283c8bbb53f84d8d7cb3d4f9730e06f686d6cc6cf1c7322,client_test_01_router_a_majors,client-test-01,customer-test-01,0,"","",ETH/USD,"",0,confirmed,,,0,0,,,1781822492916,1781822538886,,1781822492916
1546,0xe331ca9911064b335b9e1cb9078a53bc0fca924ab65ea30d9d52487c1bacb09a,a3524d7210861ee82283c8bbb53f84d8d7cb3d4f9730e06f686d6cc6cf1c7322,client_test_01_router_a_majors,client-test-01,customer-test-01,0,"","",USDC/USD,"",0,confirmed,,,0,0,,,1781822492924,1781822538895,,1781822492924
1547,0x7fd8fd37617ace866bfb82605edfc2f91c88c9467ee20dd8361d150d034a7eda,a3524d7210861ee82283c8bbb53f84d8d7cb3d4f9730e06f686d6cc6cf1c7322,client_test_01_router_a_majors,client-test-01,customer-test-01,0,"","",DOGE/USD,"",0,confirmed,,,0,0,,,1781822492930,1781822538903,,1781822492930
1548,0x5c70e015e1a92dbb83973f378decf225e12b7719a012d876a6531d3e8790d753,"",client_test_01_router_a_majors,client-test-01,customer-test-01,0,"","",USDT/USD,998892500000000000,1781822448,failed,CrashRecovery,"daemon restarted with submitted transaction awaiting confirmation",0,0,,,,,1781827385926,1781822538872
1549,0x46f0cda10f8082f48f1d400944245c9ca53f659b6e15ef94a1440552e4bc8806,8c75aafde80619be676900babcd9dd5e16f233cd1fb8b6e4a920497abcec0696,client_test_01_router_a_majors,client-test-01,customer-test-01,0,"","",USDC/USD,"",0,failed,CrashRecovery,"daemon restarted with submitted transaction awaiting confirmation",0,0,,,1781822600600,,1781827385923,1781822600600
1550,0xa7feb87b41c5a66bafebe8d33f550b318393625240815366b944679f7bfc3997,8c75aafde80619be676900babcd9dd5e16f233cd1fb8b6e4a920497abcec0696,client_test_01_router_a_majors,client-test-01,customer-test-01,0,"","",BTC/USD,"",0,confirmed,,,0,0,,,1781822600611,1781822615948,,1781822600611
1551,0x074d4d4b0251f63c51f9196180dddb80f0e3ba6656628a6394a1da998940a6e6,8c75aafde80619be676900babcd9dd5e16f233cd1fb8b6e4a920497abcec0696,client_test_01_router_a_majors,client-test-01,customer-test-01,0,"","",ETH/USD,"",0,confirmed,,,0,0,,,1781822600615,1781822615958,,1781822600615
1552,0x98cc835cdb70f10f655c3d2d8e2afb9d55c3c2af3b897b3962c1d1ef2702cd62,"",client_test_02_router_default,client-test-02,customer-test-02,0,"","",BTC/USD,62806875718651501084672,1781822585,failed,NonMonotonicNonce,"Oracle intent nonce must be greater than the current on-chain nonce; intent superseded, not submitted.",0,0,,,,,1781822604043,1781822604043
1553,0x46f0cda10f8082f48f1d400944245c9ca53f659b6e15ef94a1440552e4bc8806,"",client_test_01_router_a_majors,client-test-01,customer-test-01,0,"","",USDC/USD,999733982250000000,1781822498,failed,CrashRecovery,"daemon restarted with submitted transaction awaiting confirmation",0,0,,,,,1781827385923,1781822615944
1554,0x215019d3ebed4ebf7e984238a048397ae965da1f0b59f8b3de093115aa615a5b,5e8c83ce37a5790d54ea60b407695973e57477f27fa9f33f4db844043329c40b,client_test_01_router_a_majors,client-test-01,customer-test-01,0,"","",USDT/USD,"",0,confirmed,,,0,0,,,1781822746347,1781822773681,,1781822746347
1555,0x4791147f94f3847855d01bd3c370673e55b6431e8bc280785087f0bfa0258782,a2d1f6c846bcb555568a1cbe9023516a161f5941d80011cc2f24b116ef7e95b4,client_test_01_router_a_majors,client-test-01,customer-test-01,0,"","",BTC/USD,"",0,confirmed,,,0,0,,,1781822786614,1781822828791,,1781822786614
1556,0xed9acc20b7b6de5364ec2621a2a539c83b34b68c08b47203028e385b13928f1b,a2d1f6c846bcb555568a1cbe9023516a161f5941d80011cc2f24b116ef7e95b4,client_test_01_router_a_majors,client-test-01,customer-test-01,0,"","",ETH/USD,"",0,confirmed,,,0,0,,,1781822786624,1781822828803,,1781822786624
1557,0xd973607a158977b4a5ec1ff313154de89b042defbe6c1326ebf801489d9e39b5,a2d1f6c846bcb555568a1cbe9023516a161f5941d80011cc2f24b116ef7e95b4,client_test_01_router_a_majors,client-test-01,customer-test-01,0,"","",USDC/USD,"",0,confirmed,,,0,0,,,1781822786630,1781822828849,,1781822786630
1558,0x2aa09b7a9c11322d681ee369e2c86e2da8ab447f044d36e67a3baa5e60a2feae,a2d1f6c846bcb555568a1cbe9023516a161f5941d80011cc2f24b116ef7e95b4,client_test_01_router_a_majors,client-test-01,customer-test-01,0,"","",DOGE/USD,"",0,confirmed,,,0,0,,,1781822786637,1781822828858,,1781822786637
1559,0x1889565489dbf71508bfd87f3a6a755c6e7b035a58fd4ceaf5af562702d2638e,0a69aeb9340525bd460634c47f5c793f5119cd9ad68de0e23295388bee68b158,client_test_01_router_a_majors,client-test-01,customer-test-01,0,"","",BTC/USD,"",0,confirmed,,,0,0,,,1781822842016,1781822890202,,1781822842016
1560,0xe542c1a5b5e91846baba785782f9f2a8bc28fa44c4f7037303c8ae9e7ca42dba,0a69aeb9340525bd460634c47f5c793f5119cd9ad68de0e23295388bee68b158,client_test_01_router_a_majors,client-test-01,customer-test-01,0,"","",ETH/USD,"",0,confirmed,,,0,0,,,1781822842026,1781822890220,,1781822842026
1561,0xc217cbc746de5939e2e909b292d656f111ec10bf541e823cc192864bb38e1f50,0a69aeb9340525bd460634c47f5c793f5119cd9ad68de0e23295388bee68b158,client_test_01_router_a_majors,client-test-01,customer-test-01,0,"","",USDC/USD,"",0,confirmed,,,0,0,,,1781822842030,1781822890229,,1781822842030
1562,0x41423a8f20551cc27acf8287847bb5349b4c7f145fde76110db196daa1e3a3ed,0a69aeb9340525bd460634c47f5c793f5119cd9ad68de0e23295388bee68b158,client_test_01_router_a_majors,client-test-01,customer-test-01,0,"","",DOGE/USD,"",0,confirmed,,,0,0,,,1781822842035,1781822890245,,1781822842035
1563,0x8e55e84536c8a4563dc79559b03bd386871ce4258eb3b215f638cb85dbe9532c,79e2bcc8599b004cda588efa4b2e1faa0e5ad281f64e42b634ebc0d0cecc1860,client_test_01_router_a_majors,client-test-01,customer-test-01,0,"","",BTC/USD,"",0,confirmed,,,0,0,,,1781823045249,1781823092112,,1781823045249
1564,0x3f9d56ba3dbf07e24e112bfbb7dd905945b5a90d46603dd9c09621e1224f7c7e,79e2bcc8599b004cda588efa4b2e1faa0e5ad281f64e42b634ebc0d0cecc1860,client_test_01_router_a_majors,client-test-01,customer-test-01,0,"","",ETH/USD,"",0,confirmed,,,0,0,,,1781823064395,1781823092122,,1781823064395
1565,0x4756cf934163fe54f4268a4d47622a7026fd0facdb5903eada839f5f7ab01c50,79e2bcc8599b004cda588efa4b2e1faa0e5ad281f64e42b634ebc0d0cecc1860,client_test_01_router_a_majors,client-test-01,customer-test-01,0,"","",USDT/USD,"",0,confirmed,,,0,0,,,1781823064405,1781823092130,,1781823064405
1566,0x8e55e84536c8a4563dc79559b03bd386871ce4258eb3b215f638cb85dbe9532c,79e2bcc8599b004cda588efa4b2e1faa0e5ad281f64e42b634ebc0d0cecc1860,client_test_02_router_default,client-test-02,customer-test-02,0,"","",BTC/USD,62772291086466714435584,1781822996,confirmed,NonMonotonicNonce,"Oracle intent timestamp must be greater than the current on-chain timestamp; intent superseded, not submitted.",0,0,,,,1781823092112,1781823075400,1781823075400
1567,0x5e8d81a7abe9ce6e04f8ad10a7604320338a224afbe19f9bf79d9bc4f1223b2c,705d8c4e7a93b93464dfe8f7a8d9124a5e5dbbc33d9929d2e0e4babd5908be30,client_test_01_router_a_majors,client-test-01,customer-test-01,0,"","",USDC/USD,"",0,confirmed,,,0,0,,,1781823106021,1781823121406,,1781823106021
1568,0x3f18937df7923da04da19f3de4b5f18ae60c37393a8865072b9ef082f31b073a,705d8c4e7a93b93464dfe8f7a8d9124a5e5dbbc33d9929d2e0e4babd5908be30,client_test_01_router_a_majors,client-test-01,customer-test-01,0,"","",DOGE/USD,"",0,confirmed,,,0,0,,,1781823106032,1781823121417,,1781823106032
1569,0x6f511ee7a6de33223a5c0820432df361d15a2df4afad812fe3292bfd30f80367,705d8c4e7a93b93464dfe8f7a8d9124a5e5dbbc33d9929d2e0e4babd5908be30,client_test_01_router_a_majors,client-test-01,customer-test-01,0,"","",USDT/USD,"",0,confirmed,,,0,0,,,1781823106038,1781823121432,,1781823106038
1570,0x8e55e84536c8a4563dc79559b03bd386871ce4258eb3b215f638cb85dbe9532c,"",client_test_01_router_a_majors,client-test-01,customer-test-01,0,"","",BTC/USD,62772291086466714435584,1781822996,failed,NonMonotonicNonce,"Intent for BTC/USD superseded on chain; not submitted.",0,0,,,,,1781823121394,1781823121394
1571,0x3f9d56ba3dbf07e24e112bfbb7dd905945b5a90d46603dd9c09621e1224f7c7e,"",client_test_01_router_a_majors,client-test-01,customer-test-01,0,"","",ETH/USD,1702086043318312632320,1781822997,failed,NonMonotonicNonce,"Intent for ETH/USD superseded on chain; not submitted.",0,0,,,,,1781823121400,1781823121400
1572,0x4fe0bc372e9a426ac063ad48da7baa2a02255ed95080512f6b2a7f0fdf2ee9a0,2374db84bac6207c2a6556df77e8541d39cbf5aa1680c193077f91f4ed45c81e,client_test_01_router_a_majors,client-test-01,customer-test-01,0,"","",BTC/USD,"",0,confirmed,,,0,0,,,1781823346325,1781823385700,,1781823346325
1573,0x54827af3d72a2b94bcf923416091ddfae81eabb4b60ace1026659b5867799181,2374db84bac6207c2a6556df77e8541d39cbf5aa1680c193077f91f4ed45c81e,client_test_01_router_a_majors,client-test-01,customer-test-01,0,"","",ETH/USD,"",0,confirmed,,,0,0,,,1781823346335,1781823385709,,1781823346335
1574,0x4052b854beda811ab0a7c14ded2183eaee48c262679c144b1353efb0d1438101,2374db84bac6207c2a6556df77e8541d39cbf5aa1680c193077f91f4ed45c81e,client_test_01_router_a_majors,client-test-01,customer-test-01,0,"","",USDC/USD,"",0,confirmed,,,0,0,,,1781823346341,1781823385717,,1781823346341
1575,0xc7e77ddb2f7aa58c0cc06b11ebfba896836bc5f377edd876535c602727b41e44,2374db84bac6207c2a6556df77e8541d39cbf5aa1680c193077f91f4ed45c81e,client_test_01_router_a_majors,client-test-01,customer-test-01,0,"","",DOGE/USD,"",0,confirmed,,,0,0,,,1781823346349,1781823385724,,1781823346349
1576,0xa669829c37a44710cea164638f7e33ccb670a294ca115eb4eecce92a1d38b1a0,6b434dd945cada23be23493149eb991ece7303818176c97fa096e18c9071b1b9,client_test_01_router_a_majors,client-test-01,customer-test-01,0,"","",USDT/USD,"",0,confirmed,,,0,0,,,1781823397912,1781823431369,,1781823397912
1577,0xe51b04adab767230addfc0760a93aae9faa0ad042afd227d669d56fec6c9e7fb,6b434dd945cada23be23493149eb991ece7303818176c97fa096e18c9071b1b9,client_test_01_router_a_majors,client-test-01,customer-test-01,0,"","",BTC/USD,"",0,confirmed,,,0,0,,,1781823397918,1781823431382,,1781823397918
1578,0x36f121846e293f14d1cab249891e9774775d2a03e7be23e9c77681b6034f2264,6b434dd945cada23be23493149eb991ece7303818176c97fa096e18c9071b1b9,client_test_01_router_a_majors,client-test-01,customer-test-01,0,"","",ETH/USD,"",0,confirmed,,,0,0,,,1781823397923,1781823431404,,1781823397923
1579,0x2d973cdaafec2f6c40f868ca87b7a7126c3183f0500dcb798b38d8ffdea43995,c91e9939c77e466d65470b8dab4a1c450cc796cfd3d3b4538bf5b4a8f671b191,client_test_01_router_a_majors,client-test-01,customer-test-01,0,"","",USDT/USD,"",0,confirmed,,,0,0,,,1781823441753,1781823486971,,1781823441753
1580,0x476674febcb9d769e2b3aa4a307f969482b764c45dbd07ef13172dd7b5b108c0,3fa6e564c3da7b53c7ede1e67dc8517c5cefcdcaa9dd074e84f2a1cfd9f9eaaf,client_test_01_router_a_majors,client-test-01,customer-test-01,0,"","",USDT/USD,"",0,confirmed,,,0,0,,,1781823645842,1781823687991,,1781823645842
1581,0xae56d293ac27169ed5aa7cc59ab9fdf41b266b36405ef12f3ad5faad99e7f14b,3fa6e564c3da7b53c7ede1e67dc8517c5cefcdcaa9dd074e84f2a1cfd9f9eaaf,client_test_01_router_a_majors,client-test-01,customer-test-01,0,"","",DOGE/USD,"",0,confirmed,,,0,0,,,1781823645853,1781823688005,,1781823645853
1582,0x7d3cd6e7ce6c7f47701803833f19576f287c52ed631452c3aac20c7e37999a14,3fa6e564c3da7b53c7ede1e67dc8517c5cefcdcaa9dd074e84f2a1cfd9f9eaaf,client_test_01_router_b_alts,client-test-01,customer-test-01,0,"","",SHIB/USD,"",0,confirmed,,,0,0,,,1781823645859,1781823688017,,1781823645859
1583,0xd220b1e5233715cbeec85614c23213e0d2d3d154c949db731704a7d1d18bf7ea,3fa6e564c3da7b53c7ede1e67dc8517c5cefcdcaa9dd074e84f2a1cfd9f9eaaf,client_test_01_router_b_alts,client-test-01,customer-test-01,0,"","",NEIRO/USD,"",0,confirmed,,,0,0,,,1781823645864,1781823688025,,1781823645864
1584,0x0b51aaed6766f079cac0da48df36a0183177dbb8e837aa206f2dc4ce39de439b,3fa6e564c3da7b53c7ede1e67dc8517c5cefcdcaa9dd074e84f2a1cfd9f9eaaf,client_test_01_router_b_alts,client-test-01,customer-test-01,0,"","",XVG/USD,"",0,confirmed,,,0,0,,,1781823645868,1781823688033,,1781823645868
1585,0xa8712bba7321c250ae29fbf7960f6e44545f4270c0216ba7a22d5935bda341da,cde9be4d9725bf529692b53f6e5fb5c2aad00227f2a72e099f3fba505e865f87,client_test_01_router_a_majors,client-test-01,customer-test-01,0,"","",BTC/USD,"",0,confirmed,,,0,0,,,1781823687280,1781823805286,,1781823687280
1586,0xbccfdee7a6577b8db69198ebee4a9126e26b45f4a6441a772cad71a051caabce,cde9be4d9725bf529692b53f6e5fb5c2aad00227f2a72e099f3fba505e865f87,client_test_01_router_a_majors,client-test-01,customer-test-01,0,"","",ETH/USD,"",0,confirmed,,,0,0,,,1781823706373,1781823805299,,1781823706373
1587,0x9eff0daf9727d9cd9d6da29d6bb5f8de5e29c9edd17e94fd21fd3be0c5bea9e7,cde9be4d9725bf529692b53f6e5fb5c2aad00227f2a72e099f3fba505e865f87,client_test_01_router_b_alts,client-test-01,customer-test-01,0,"","",LTC/USD,"",0,confirmed,,,0,0,,,1781823706383,1781823805316,,1781823706383
1588,0xe65ef737fb54fbe2f26b22f550f86196424c2a047bc2acf7dcba8b99e856c67e,cde9be4d9725bf529692b53f6e5fb5c2aad00227f2a72e099f3fba505e865f87,client_test_01_router_b_alts,client-test-01,customer-test-01,0,"","",ARB/USD,"",0,confirmed,,,0,0,,,1781823706389,1781823805325,,1781823706389
1589,0xfd1522507d317a219d582fffe7798f4268737a772a476207fcd015b51ab44f06,cde9be4d9725bf529692b53f6e5fb5c2aad00227f2a72e099f3fba505e865f87,client_test_01_router_a_majors,client-test-01,customer-test-01,0,"","",USDC/USD,"",0,failed,CrashRecovery,"daemon restarted with submitted transaction awaiting confirmation",0,0,,,1781823706395,,1781827385920,1781823706395
1590,0x85c0f73302a4c02c9fcb27e88bb863d58bdfabb9bca915cc9a4aec0640896f69,cde9be4d9725bf529692b53f6e5fb5c2aad00227f2a72e099f3fba505e865f87,client_test_01_router_a_majors,client-test-01,customer-test-01,0,"","",DOGE/USD,"",0,confirmed,,,0,0,,,1781823706400,1781823805357,,1781823706400
1591,0x2e900de88ecb8da150e75a5c9df22406d7a50de2c6c4460e46aada4679286c52,cde9be4d9725bf529692b53f6e5fb5c2aad00227f2a72e099f3fba505e865f87,client_test_01_router_b_alts,client-test-01,customer-test-01,0,"","",SHIB/USD,"",0,confirmed,,,0,0,,,1781823706406,1781823805365,,1781823706406
1592,0x78c9c6c8c1ef68107ff76641c6cff9f965de1f27d93b37d211036959a614e7e9,"",client_test_02_router_default,client-test-02,customer-test-02,0,"","",BTC/USD,62772291086466714435584,1781823678,failed,NonMonotonicNonce,"Oracle intent nonce must be greater than the current on-chain nonce; intent superseded, not submitted.",0,0,,,,,1781823707975,1781823707975
1593,0x476674febcb9d769e2b3aa4a307f969482b764c45dbd07ef13172dd7b5b108c0,"",client_test_01_router_a_majors,client-test-01,customer-test-01,0,"","",USDT/USD,998930000000000000,1781823589,failed,NonMonotonicNonce,"Intent for USDT/USD superseded on chain; not submitted.",0,0,,,,,1781823805311,1781823805311
1594,0x0b51aaed6766f079cac0da48df36a0183177dbb8e837aa206f2dc4ce39de439b,"",client_test_01_router_b_alts,client-test-01,customer-test-01,0,"","",XVG/USD,2550089580000000,1781823586,failed,NonMonotonicNonce,"Intent for XVG/USD superseded on chain; not submitted.",0,0,,,,,1781823805335,1781823805335
1595,0xfd1522507d317a219d582fffe7798f4268737a772a476207fcd015b51ab44f06,"",client_test_01_router_a_majors,client-test-01,customer-test-01,0,"","",USDC/USD,999739036800000128,1781823685,failed,CrashRecovery,"daemon restarted with submitted transaction awaiting confirmation",0,0,,,,,1781827385920,1781823805347
1596,0x0069e1fde67678119b57df75d65f4b5a3553dfe62a27a62f49d18712345fcb17,96d67cd0067b75839c4978b0b67482d160ce2abd5cb351a7cb9ffb9749194e5e,client_test_01_router_a_majors,client-test-01,customer-test-01,0,"","",BTC/USD,"",0,failed,CrashRecovery,"daemon restarted with submitted transaction awaiting confirmation",0,0,,,1781823819289,,1781827385918,1781823819289
1597,0x57a9aa27a36c07753aa39d8359509aef82a62a3df2c3eff599c9bff3e3278a9f,96d67cd0067b75839c4978b0b67482d160ce2abd5cb351a7cb9ffb9749194e5e,client_test_01_router_a_majors,client-test-01,customer-test-01,0,"","",ETH/USD,"",0,failed,CrashRecovery,"daemon restarted with submitted transaction awaiting confirmation",0,0,,,1781823819299,,1781827385915,1781823819299
1598,0x2130fda3ddb5e31abb5856f4ddee046196fc049e4a93fd57740dbe46d6a6c7b0,96d67cd0067b75839c4978b0b67482d160ce2abd5cb351a7cb9ffb9749194e5e,client_test_01_router_b_alts,client-test-01,customer-test-01,0,"","",LTC/USD,"",0,confirmed,,,0,0,,,1781823819307,1781823847273,,1781823819307
1599,0xcf3e33d94345bb3bbbd636f41d3d19b240620f8aabddbf46101053cf6e863e3c,96d67cd0067b75839c4978b0b67482d160ce2abd5cb351a7cb9ffb9749194e5e,client_test_01_router_b_alts,client-test-01,customer-test-01,0,"","",ARB/USD,"",0,confirmed,,,0,0,,,1781823819312,1781823847281,,1781823819312
1600,0x08318b9897e5751f5b62c8bc3d221f984bbd0c8b5b9732f171addaa15aa197d3,96d67cd0067b75839c4978b0b67482d160ce2abd5cb351a7cb9ffb9749194e5e,client_test_01_router_a_majors,client-test-01,customer-test-01,0,"","",USDC/USD,"",0,failed,CrashRecovery,"daemon restarted with submitted transaction awaiting confirmation",0,0,,,1781823819317,,1781827385911,1781823819317
1601,0x0069e1fde67678119b57df75d65f4b5a3553dfe62a27a62f49d18712345fcb17,"",client_test_01_router_a_majors,client-test-01,customer-test-01,0,"","",BTC/USD,62772291086466714435584,1781823766,failed,CrashRecovery,"daemon restarted with submitted transaction awaiting confirmation",0,0,,,,,1781827385918,1781823847262
1602,0x57a9aa27a36c07753aa39d8359509aef82a62a3df2c3eff599c9bff3e3278a9f,"",client_test_01_router_a_majors,client-test-01,customer-test-01,0,"","",ETH/USD,1702086043318312632320,1781823767,failed,CrashRecovery,"daemon restarted with submitted transaction awaiting confirmation",0,0,,,,,1781827385915,1781823847271
1603,0x08318b9897e5751f5b62c8bc3d221f984bbd0c8b5b9732f171addaa15aa197d3,"",client_test_01_router_a_majors,client-test-01,customer-test-01,0,"","",USDC/USD,999739036800000128,1781823773,failed,CrashRecovery,"daemon restarted with submitted transaction awaiting confirmation",0,0,,,,,1781827385911,1781823847294
1604,0x87d67bccaf45fe6d2b4cb733fd909a8cdd5962ecd39a5ad6c8a624ebe41a3a5b,091ee7cfeef07e29859e1610d11c7f6d7499c8fa9976ca32cbc86745e6e3d4f2,client_test_01_router_a_majors,client-test-01,customer-test-01,0,"","",USDC/USD,"",0,confirmed,,,0,0,,,1781823857514,1781823923520,,1781823857514
1605,0xafba2f1fbc9b9e720f023d4c27960d866e4486d4018c3ce41563db419c9c50ee,43f3b22faf89b84d2fa19616ad2ed17d1ad5806dfb2618003c37004be3ee6e16,client_test_01_router_a_majors,client-test-01,customer-test-01,0,"","",USDC/USD,"",0,confirmed,,,0,0,,,1781823936565,1781823970805,,1781823936565
1606,0x7ff4d55828686af98930b19c867a62ad546645e9579537a3a1f7293333ee1534,43f3b22faf89b84d2fa19616ad2ed17d1ad5806dfb2618003c37004be3ee6e16,client_test_01_router_a_majors,client-test-01,customer-test-01,0,"","",BTC/USD,"",0,confirmed,,,0,0,,,1781823936571,1781823970819,,1781823936571
1607,0x92db65db316bfb2d273d752d52a70e1ec784fc4fb7a4146dfeb57c6088cfbd14,43f3b22faf89b84d2fa19616ad2ed17d1ad5806dfb2618003c37004be3ee6e16,client_test_01_router_a_majors,client-test-01,customer-test-01,0,"","",ETH/USD,"",0,confirmed,,,0,0,,,1781823936576,1781823970829,,1781823936576
1608,0x974d16141de9ddf6c2c510117f60af76e05e374fae9d432e97494e73c41a8ba4,43f3b22faf89b84d2fa19616ad2ed17d1ad5806dfb2618003c37004be3ee6e16,client_test_01_router_a_majors,client-test-01,customer-test-01,0,"","",USDT/USD,"",0,confirmed,,,0,0,,,1781823936581,1781823970840,,1781823936581
1609,0x2246ef9a3877e3f1d5a44c83b48800bd46d11b7df3eee90705634834774f6516,0a4c5fe72f55bf5be9c0cb784559b06cee411739d1a35de3c4a2417c4d772344,client_test_01_router_a_majors,client-test-01,customer-test-01,0,"","",DOGE/USD,"",0,confirmed,,,0,0,,,1781823984244,1781824084017,,1781823984244
1610,0x4d7e9ad93e277371a72396263d4846d37b49992ce52947cf17627508915d69b7,0a4c5fe72f55bf5be9c0cb784559b06cee411739d1a35de3c4a2417c4d772344,client_test_01_router_a_majors,client-test-01,customer-test-01,0,"","",USDT/USD,"",0,confirmed,,,0,0,,,1781823984255,1781824084025,,1781823984255
1611,0x7ff4d55828686af98930b19c867a62ad546645e9579537a3a1f7293333ee1534,"",client_test_01_router_a_majors,client-test-01,customer-test-01,0,"","",BTC/USD,62772291086466714435584,1781823893,failed,NonMonotonicNonce,"Intent for BTC/USD superseded on chain; not submitted.",0,0,,,,,1781824084008,1781824084008
1612,0x92db65db316bfb2d273d752d52a70e1ec784fc4fb7a4146dfeb57c6088cfbd14,"",client_test_01_router_a_majors,client-test-01,customer-test-01,0,"","",ETH/USD,1702086043318312632320,1781823894,failed,NonMonotonicNonce,"Intent for ETH/USD superseded on chain; not submitted.",0,0,,,,,1781824084013,1781824084013
1613,0x60d6f0bbe4ef74af6f89b29ba5972a3d5001e0972a0ae94dd40b669130cbe654,282c654bf8aa7233f9bec63ad995fde1dd1a92ac4c4c32866fc20bf8bacbeb16,client_test_01_router_a_majors,client-test-01,customer-test-01,0,"","",DOGE/USD,"",0,confirmed,,,0,0,,,1781824094636,1781824146852,,1781824094636
1614,0x1f64e32e7254c75d0ebe952575ba42682ac606da7326fc0649c246faa2d3518b,dcc1bb44aa769fbc51db28bda896b493991ce42b2315e20b8cd25700267d8baa,client_test_01_router_a_majors,client-test-01,customer-test-01,0,"","",USDT/USD,"",0,confirmed,,,0,0,,,1781824269893,1781824285146,,1781824269893
1615,0xd35a0107124d667cd2d53c3884f95cddfd4ade1137279b80340f28ed9b5b9074,ef5425df032abbda8e43640ab3be1235d5346e92b330cbb9fae77a3df34a6f04,client_test_01_router_a_majors,client-test-01,customer-test-01,0,"","",BTC/USD,"",0,confirmed,,,0,0,,,1781824297276,1781824357929,,1781824297276
1616,0xd9dcf2c6a75a6c78032ea5e161715f05c2649e6b7adbd5a56f48c2ab795524d1,ef5425df032abbda8e43640ab3be1235d5346e92b330cbb9fae77a3df34a6f04,client_test_01_router_a_majors,client-test-01,customer-test-01,0,"","",ETH/USD,"",0,confirmed,,,0,0,,,1781824297282,1781824357944,,1781824297282
1617,0xd35a0107124d667cd2d53c3884f95cddfd4ade1137279b80340f28ed9b5b9074,ef5425df032abbda8e43640ab3be1235d5346e92b330cbb9fae77a3df34a6f04,client_test_02_router_default,client-test-02,customer-test-02,0,"","",BTC/USD,62769794610861294223360,1781824251,confirmed,UtxoNotFound,"Error: {""contents"":{""contents"":{""contents"":{""era"":""ShelleyBasedEraConway"",""error"":[""ConwayUtxowFailure (UtxoFailure (InsufficientCollateral (DeltaCoin (-181215315)) (Coin 1318182)))"",""ConwayUtxowFailure (UtxoFailure (IncorrectTotalCollateralField (DeltaCoin (-181215315)) (Coin 5000000)))"",""ConwayUtxowFailure (UtxoFailure NoCollateralInputs)"",""ConwayUtxowFailure (UtxoFailure (BadInputsUTxO (NonEmptySet (fromList [TxIn (TxId {unTxId = SafeHash \""282c654bf8aa7233f9bec63ad995fde1dd1a92ac4c4c32866fc20bf8bacbeb16\""}) (TxIx {unTxIx = 2})]))))"",""ConwayUtxowFailure (UtxoFailure (ValueNotConservedUTxO Mismatch (RelEQ) {supplied: MaryValue (Coin 9978800000) (MultiAsset (fromList [(PolicyID {policyID = ScriptHash \""02435906b5bf2ebac57a72d8d5609aa7f642b5e0e4d79666e0b1a293\""},fromList [(\""8a3859b168b77160150b13c200392328254c3758f082050fd7ec5c340ac2a497\"",1)]),(PolicyID {policyID = ScriptHash \""8621de3a416050365e18f7a200b99add3544491eb7d471cfad83913c\""},fromList [(\""4449415f52454345495645525f434c49454e545f544553545f3032\"",1)])])), expected: MaryValue (Coin 10165015315) (MultiAsset (fromList [(PolicyID {policyID = ScriptHash \""02435906b5bf2ebac57a72d8d5609aa7f642b5e0e4d79666e0b1a293\""},fromList [(\""8a3859b168b77160150b13c200392328254c3758f082050fd7ec5c340ac2a497\"",1)]),(PolicyID {policyID = ScriptHash \""8621de3a416050365e18f7a200b99add3544491eb7d471cfad83913c\""},fromList [(\""4449415f52454345495645525f434c49454e545f544553545f3032\"",1)])]))}))"",""ConwayUtxowFailure (UtxoFailure (UtxosFailure (CollectErrors (BadTranslation (BabbageContextError (AlonzoContextError (TranslationLogicMissingInput (TxIn (TxId {unTxId = SafeHash \""282c654bf8aa7233f9bec63ad995fde1dd1a92ac4c4c32866fc20bf8bacbeb16\""}) (TxIx {unTxIx = 2}))))) :| []))))""],""kind"":""ShelleyTxValidationError""},""tag"":""TxValidationErrorInCardanoMode""},""tag"":""TxCmdTxSubmitValidationError""},""tag"":""TxSubmitFail""}",0,0,,,,1781824357929,1781824343457,1781824343457
1618,0xc6cfeb1cc2a2b3f3b7c842727d94d6c66f82d1f4e485f800d1de1610dd2af6df,"",client_test_02_router_default,client-test-02,customer-test-02,0,"","",BTC/USD,62769794610861294223360,1781824303,failed,NonMonotonicNonce,"Oracle intent nonce must be greater than the current on-chain nonce; intent superseded, not submitted.",0,0,,,,,1781824348743,1781824348743
1619,0x1f64e32e7254c75d0ebe952575ba42682ac606da7326fc0649c246faa2d3518b,"",client_test_01_router_a_majors,client-test-01,customer-test-01,0,"","",USDT/USD,998935000000000000,1781824211,failed,NonMonotonicNonce,"Intent for USDT/USD superseded on chain; not submitted.",0,0,,,,,1781824357955,1781824357955
1620,0xe571f2bb5a00c1f2e777c41dcdfda01001b01bff5d579e92b76c73917510579e,52933012879164a7ae7c3f5981d6820a120152285348d4378542bac2e3c0a0e8,client_test_02_router_default,client-test-02,customer-test-02,0,"","",BTC/USD,"",0,confirmed,,,0,0,,,1781824358735,1781824419283,,1781824358735
1621,0x8fdcc98d60833c613662e4f5a71eb4a46b5a340523bde92cdb9871bfeec10e9e,52933012879164a7ae7c3f5981d6820a120152285348d4378542bac2e3c0a0e8,client_test_01_router_a_majors,client-test-01,customer-test-01,0,"","",ETH/USD,"",0,confirmed,,,0,0,,,1781824389002,1781824419297,,1781824389002
1622,0x93b55dd0a7ba32c4b18267e89fc73841c16ab1cdc2d8a04d9cf1706f4088637b,52933012879164a7ae7c3f5981d6820a120152285348d4378542bac2e3c0a0e8,client_test_01_router_a_majors,client-test-01,customer-test-01,0,"","",USDC/USD,"",0,confirmed,,,0,0,,,1781824389012,1781824419305,,1781824389012
1623,0xee88fa31fa8138daca5545b3df2b9d59ebc21fad80476ce4a1b245df3e91c9b2,52933012879164a7ae7c3f5981d6820a120152285348d4378542bac2e3c0a0e8,client_test_01_router_a_majors,client-test-01,customer-test-01,0,"","",DOGE/USD,"",0,confirmed,,,0,0,,,1781824389018,1781824419314,,1781824389018
1624,0xe571f2bb5a00c1f2e777c41dcdfda01001b01bff5d579e92b76c73917510579e,52933012879164a7ae7c3f5981d6820a120152285348d4378542bac2e3c0a0e8,client_test_02_router_default,client-test-02,customer-test-02,0,"","",BTC/USD,62769794610861294223360,1781824341,confirmed,NonMonotonicNonce,"Oracle intent timestamp must be greater than the current on-chain timestamp; intent superseded, not submitted.",0,0,,,,1781824419283,1781824391781,1781824391781
1625,0x0db38c066b097915dbd380db127940619bf748d1af53c0e7f45bff796e8bc723,8061e1113567708b3d9fce8550b67abff7c95270ca193768fd73473e3cfe83f0,client_test_01_router_a_majors,client-test-01,customer-test-01,0,"","",USDC/USD,"",0,failed,CrashRecovery,"daemon restarted with submitted transaction awaiting confirmation",0,0,,,1781824430061,,1781827385908,1781824430061
1626,0xbca2acd2e5d1ebd2aa1220b98df42b911423503bd4ea34feba994ed4b226de5a,8061e1113567708b3d9fce8550b67abff7c95270ca193768fd73473e3cfe83f0,client_test_01_router_a_majors,client-test-01,customer-test-01,0,"","",DOGE/USD,"",0,confirmed,,,0,0,,,1781824430068,1781824478865,,1781824430068
1627,0x0db38c066b097915dbd380db127940619bf748d1af53c0e7f45bff796e8bc723,"",client_test_01_router_a_majors,client-test-01,customer-test-01,0,"","",USDC/USD,999739133300000128,1781824399,failed,CrashRecovery,"daemon restarted with submitted transaction awaiting confirmation",0,0,,,,,1781827385908,1781824478860
1628,0x248ccf284185779e7e6964a0e3f529d7be5caa647de782a3c295253223edc3b7,1db02c4c8a7f78e4860c286cb10e62491b152b247db7fd9be85e1a58b840af53,client_test_01_router_a_majors,client-test-01,customer-test-01,0,"","",BTC/USD,"",0,confirmed,,,0,0,,,1781824569364,1781824611452,,1781824569364
1629,0xae6771b2fca42a84327e0dea1d4999798c9286c5048838fbd60162f3b51076db,1db02c4c8a7f78e4860c286cb10e62491b152b247db7fd9be85e1a58b840af53,client_test_01_router_a_majors,client-test-01,customer-test-01,0,"","",ETH/USD,"",0,confirmed,,,0,0,,,1781824569372,1781824611461,,1781824569372
1630,0x4d7778c70a8291651d30ec4773b57b2d35c0dd5a7052f8756e7be3203ccd9ae2,1db02c4c8a7f78e4860c286cb10e62491b152b247db7fd9be85e1a58b840af53,client_test_01_router_a_majors,client-test-01,customer-test-01,0,"","",USDT/USD,"",0,confirmed,,,0,0,,,1781824569380,1781824611468,,1781824569380
1631,0x05eddb05a5acab1f6870fd7b4fdaefbf08e9fbe5cede40350f3baeab13dbf161,bcd7a392f9176a4a3159b855ad5ead494041f20ac73c222b4d76040c6ddc56d0,client_test_01_router_a_majors,client-test-01,customer-test-01,0,"","",USDC/USD,"",0,confirmed,,,0,0,,,1781824625590,1781824676700,,1781824625590
1632,0x7ba9bef630cbcc833b203cf09d223d3abac74a27c52a4b0b4c87667cee38687d,bcd7a392f9176a4a3159b855ad5ead494041f20ac73c222b4d76040c6ddc56d0,client_test_01_router_a_majors,client-test-01,customer-test-01,0,"","",DOGE/USD,"",0,confirmed,,,0,0,,,1781824625601,1781824676710,,1781824625601
1633,0x9fdd64860671f36406485fa3470c5c3e03b18ac83156f1e923dd685a6e6c194a,bcd7a392f9176a4a3159b855ad5ead494041f20ac73c222b4d76040c6ddc56d0,client_test_01_router_a_majors,client-test-01,customer-test-01,0,"","",USDT/USD,"",0,confirmed,,,0,0,,,1781824625608,1781824676730,,1781824625608
1634,0x248ccf284185779e7e6964a0e3f529d7be5caa647de782a3c295253223edc3b7,"",client_test_01_router_a_majors,client-test-01,customer-test-01,0,"","",BTC/USD,62763084723125001125888,1781824519,failed,NonMonotonicNonce,"Intent for BTC/USD superseded on chain; not submitted.",0,0,,,,,1781824676688,1781824676688
1635,0xae6771b2fca42a84327e0dea1d4999798c9286c5048838fbd60162f3b51076db,"",client_test_01_router_a_majors,client-test-01,customer-test-01,0,"","",ETH/USD,1702553496104457207808,1781824520,failed,NonMonotonicNonce,"Intent for ETH/USD superseded on chain; not submitted.",0,0,,,,,1781824676696,1781824676696
1636,0x5cc5015abbf1800c9cebff762f6f72e8832ec6ce2e31f09ee5cf31fbc6b48241,3622019a15b074e0c00d0933c4c2094beace2163e397a4b980d853a0cbe54c61,client_test_01_router_a_majors,client-test-01,customer-test-01,0,"","",USDC/USD,"",0,confirmed,,,0,0,,,1781824687638,1781824714917,,1781824687638
1637,0x84de6513af63188ab872311af6b05aaa5f9f0d4acc733ee1ac60b7c2ac3d6a3e,3622019a15b074e0c00d0933c4c2094beace2163e397a4b980d853a0cbe54c61,client_test_01_router_a_majors,client-test-01,customer-test-01,0,"","",DOGE/USD,"",0,confirmed,,,0,0,,,1781824687649,1781824714931,,1781824687649
1638,0x159d526bc690198c8f69200b0c2bc7894b4c61302ee87a152ab24a05cd212f19,f2ec3ef6f187dc29ca01fa228e00b903615f4a5360b86326443851803a5bac6a,client_test_01_router_a_majors,client-test-01,customer-test-01,0,"","",BTC/USD,"",0,confirmed,,,0,0,,,1781824866703,1781824980594,,1781824866703
1639,0xe5ff9ac9a07fc9d5d055ea161e3cad5b2eeb6537287edf1c659336eace4aef21,129ed2bfeac4ca92f8d145bcace51be95013414d67bd9543cbfc0641a966b024,client_test_01_router_a_majors,client-test-01,customer-test-01,0,"","",BTC/USD,"",0,confirmed,,,0,0,,,1781824904405,1781824919679,,1781824904405
1640,0x86a2e1d3c00a6200b4b32c4d950b69a796bcc2094655629167d1634e7e348806,f2ec3ef6f187dc29ca01fa228e00b903615f4a5360b86326443851803a5bac6a,client_test_01_router_a_majors,client-test-01,customer-test-01,0,"","",ETH/USD,"",0,confirmed,,,0,0,,,1781824922791,1781824980606,,1781824922791
1641,0xa99ffa2679964aa22d135f0a8d9182e9ec79dac0b3330a84c10a4f46619af54c,f2ec3ef6f187dc29ca01fa228e00b903615f4a5360b86326443851803a5bac6a,client_test_01_router_a_majors,client-test-01,customer-test-01,0,"","",USDC/USD,"",0,confirmed,,,0,0,,,1781824922797,1781824980616,,1781824922797
1642,0x1d82a5f8acb0332af50e6ae9883baca1b073bc19a5dca9ae3c57cc84cdfab3d9,f2ec3ef6f187dc29ca01fa228e00b903615f4a5360b86326443851803a5bac6a,client_test_01_router_a_majors,client-test-01,customer-test-01,0,"","",DOGE/USD,"",0,confirmed,,,0,0,,,1781824922804,1781824980630,,1781824922804
1643,0x8dba572b4fc74f1529bb3a45b1f6d6a7b4ac70dc29b3ae8f445a4ef457b0bc0c,733915f3c80446893f4950a5be4e062ca37716984aa7dc35bc6b41315f10752f,client_test_01_router_a_majors,client-test-01,customer-test-01,0,"","",USDT/USD,"",0,confirmed,,,0,0,,,1781824995078,1781825058238,,1781824995078
1644,0xca8ee1284a0cbe560a9681f0833d8fd543280593f7e9a8dc6a98136143ee49f9,733915f3c80446893f4950a5be4e062ca37716984aa7dc35bc6b41315f10752f,client_test_01_router_a_majors,client-test-01,customer-test-01,0,"","",BTC/USD,"",0,confirmed,,,0,0,,,1781824995088,1781825058250,,1781824995088
1645,0x589b2c9008fb9b7a317b24d807d5ca8a6e27ab0311f5d6f9c77623e704a63260,733915f3c80446893f4950a5be4e062ca37716984aa7dc35bc6b41315f10752f,client_test_01_router_a_majors,client-test-01,customer-test-01,0,"","",ETH/USD,"",0,confirmed,,,0,0,,,1781824995093,1781825058258,,1781824995093
1646,0x7f65eeb015d0c974ee5b4843cb61b47f90380eef84ec47bac0e6890f93106e04,733915f3c80446893f4950a5be4e062ca37716984aa7dc35bc6b41315f10752f,client_test_01_router_a_majors,client-test-01,customer-test-01,0,"","",USDC/USD,"",0,confirmed,,,0,0,,,1781824995098,1781825058270,,1781824995098
1647,0x334e9fa7ed45a725d61add1c9025d005136fdb256c9975536d8ad3d7a01bd970,733915f3c80446893f4950a5be4e062ca37716984aa7dc35bc6b41315f10752f,client_test_01_router_a_majors,client-test-01,customer-test-01,0,"","",DOGE/USD,"",0,confirmed,,,0,0,,,1781824995104,1781825058278,,1781824995104
1648,0x988dd9e6e4249466c2257b98fdc77c59565cbe054154b9f2d1c0ff9b42625865,ad1606af6cd8b0c5571ffa9fedfe5c4ffac687fe642589ac6a2441d5a4e0e68f,client_test_01_router_a_majors,client-test-01,customer-test-01,0,"","",USDT/USD,"",0,confirmed,,,0,0,,,1781825068600,1781825126136,,1781825068600
1649,0xe4a248109d9db0ac1ecb72c5945854541c4fc7e134cbf1a1f83a89dba2f4fd55,ffa15e46b1c10fe1daa492ff89ca11557e8626637e846119c621b0efe338f101,client_test_01_router_a_majors,client-test-01,customer-test-01,0,"","",USDT/USD,"",0,confirmed,,,0,0,,,1781825136415,1781825191366,,1781825136415
1650,0xce79546ef8323def9301e55db6925128cee957e76d0bf5e40e38027c253a62fd,2da0b4a5ed9b660fc083d6cb088264a3057b4ea6a96069826189ce1d474960ee,client_test_01_router_a_majors,client-test-01,customer-test-01,0,"","",BTC/USD,"",0,confirmed,,,0,0,,,1781825204300,1781825243642,,1781825204300
1651,0xdb9f673465830c9ddca5131fcfa18a83b3587552aa7ee6a4d7a52086aca059c2,2da0b4a5ed9b660fc083d6cb088264a3057b4ea6a96069826189ce1d474960ee,client_test_01_router_a_majors,client-test-01,customer-test-01,0,"","",ETH/USD,"",0,confirmed,,,0,0,,,1781825204304,1781825243658,,1781825204304
1652,0x055bd347b26671f832c33745635704d24d219323abdeff8cff22fa349ef5cc69,2da0b4a5ed9b660fc083d6cb088264a3057b4ea6a96069826189ce1d474960ee,client_test_01_router_a_majors,client-test-01,customer-test-01,0,"","",USDC/USD,"",0,confirmed,,,0,0,,,1781825204309,1781825243668,,1781825204309
1653,0x78bb4abae2bea946c59b41130b6a3dfa5d8aa1c8ba73f5adbf44738b8c37ce35,2da0b4a5ed9b660fc083d6cb088264a3057b4ea6a96069826189ce1d474960ee,client_test_01_router_a_majors,client-test-01,customer-test-01,0,"","",DOGE/USD,"",0,confirmed,,,0,0,,,1781825204314,1781825243676,,1781825204314
1654,0x1c4c5ceca5b4f0d2bbabf3a87983585e0e4e8c863d74e70451d856cafb18c9e9,adc9b269c45596e26ab1701ac15594e2f25ae6b924c1a7b1f6bcf37357e07318,client_test_01_router_a_majors,client-test-01,customer-test-01,0,"","",BTC/USD,"",0,confirmed,,,0,0,,,1781825462781,1781825561714,,1781825462781
1655,0x2476c00dc1da8870f4606c05ec9b6ed514526417136bf53079b72f505e49685a,adc9b269c45596e26ab1701ac15594e2f25ae6b924c1a7b1f6bcf37357e07318,client_test_01_router_a_majors,client-test-01,customer-test-01,0,"","",ETH/USD,"",0,confirmed,,,0,0,,,1781825510308,1781825561728,,1781825510308
1656,0x3ef4361876a8a8e56ee5d35369aed8e448df776625a8f4f7e15e4d19f20fd7bb,adc9b269c45596e26ab1701ac15594e2f25ae6b924c1a7b1f6bcf37357e07318,client_test_01_router_a_majors,client-test-01,customer-test-01,0,"","",USDC/USD,"",0,confirmed,,,0,0,,,1781825510316,1781825561736,,1781825510316
1657,0xb8f9cad0cf7044bd493b9b983857b565f7cbad174c005593b1a3e231af13eaa2,adc9b269c45596e26ab1701ac15594e2f25ae6b924c1a7b1f6bcf37357e07318,client_test_01_router_a_majors,client-test-01,customer-test-01,0,"","",DOGE/USD,"",0,confirmed,,,0,0,,,1781825510323,1781825561744,,1781825510323
1658,0xcbbf064781334a71cf3b5c29615d51310ce6624bf82964035327d5896c4ce70f,adc9b269c45596e26ab1701ac15594e2f25ae6b924c1a7b1f6bcf37357e07318,client_test_01_router_b_alts,client-test-01,customer-test-01,0,"","",LTC/USD,"",0,confirmed,,,0,0,,,1781825510328,1781825561754,,1781825510328
1659,0x43b6a49f93c36f2deb0fe24d8c063c3c9b66a0cba017a322a890206112e93e3c,adc9b269c45596e26ab1701ac15594e2f25ae6b924c1a7b1f6bcf37357e07318,client_test_01_router_b_alts,client-test-01,customer-test-01,0,"","",ARB/USD,"",0,confirmed,,,0,0,,,1781825510333,1781825561765,,1781825510333
1660,0x835163850dbdabf62f4f2f088f90866ebc68589b91bd2b4e84d1a43b7cdb999e,adc9b269c45596e26ab1701ac15594e2f25ae6b924c1a7b1f6bcf37357e07318,client_test_01_router_b_alts,client-test-01,customer-test-01,0,"","",SHIB/USD,"",0,confirmed,,,0,0,,,1781825510337,1781825561775,,1781825510337
1661,0x1c4c5ceca5b4f0d2bbabf3a87983585e0e4e8c863d74e70451d856cafb18c9e9,adc9b269c45596e26ab1701ac15594e2f25ae6b924c1a7b1f6bcf37357e07318,client_test_02_router_default,client-test-02,customer-test-02,0,"","",BTC/USD,62761489107500004278272,1781825404,confirmed,NonMonotonicNonce,"Oracle intent timestamp must be greater than the current on-chain timestamp; intent superseded, not submitted.",0,0,,,,1781825561714,1781825510702,1781825510702
1662,0xb39d2807733702fb2fde579446ac14e0336d871f90bfa2d0e2812cf53799c22c,a9711eef2bd205d07db97f6b0fec27f59e18e8b489e478b1c1ee5fd31010a7a5,client_test_01_router_a_majors,client-test-01,customer-test-01,0,"","",BTC/USD,"",0,failed,CrashRecovery,"daemon restarted with submitted transaction awaiting confirmation",0,0,,,1781825580871,,1781827385905,1781825580871
1663,0xa616e3bbcd6ee4956a88574a2f9b0d58c8abd8e56497551e61014e9d9ae9d546,a9711eef2bd205d07db97f6b0fec27f59e18e8b489e478b1c1ee5fd31010a7a5,client_test_01_router_a_majors,client-test-01,customer-test-01,0,"","",ETH/USD,"",0,failed,CrashRecovery,"daemon restarted with submitted transaction awaiting confirmation",0,0,,,1781825580878,,1781827385902,1781825580878
1664,0xd76116783c78fe3a0246c1ad7566285aac9d47f8db93f0b6894d0e87a2cfd524,a9711eef2bd205d07db97f6b0fec27f59e18e8b489e478b1c1ee5fd31010a7a5,client_test_01_router_a_majors,client-test-01,customer-test-01,0,"","",USDC/USD,"",0,failed,CrashRecovery,"daemon restarted with submitted transaction awaiting confirmation",0,0,,,1781825580884,,1781827385898,1781825580884
1665,0x04b6a892a97e53dca96047d0d5c756cc03fb7e7641f8b981f360b3269eeb8ef6,a9711eef2bd205d07db97f6b0fec27f59e18e8b489e478b1c1ee5fd31010a7a5,client_test_01_router_a_majors,client-test-01,customer-test-01,0,"","",DOGE/USD,"",0,failed,CrashRecovery,"daemon restarted with submitted transaction awaiting confirmation",0,0,,,1781825580888,,1781827385895,1781825580888
1666,0x863be914fe394884392bd30a61b889800f36f82ec3c59d8941df0d6b2a21d6fe,a9711eef2bd205d07db97f6b0fec27f59e18e8b489e478b1c1ee5fd31010a7a5,client_test_01_router_b_alts,client-test-01,customer-test-01,0,"","",LTC/USD,"",0,confirmed,,,0,0,,,1781825580893,1781825623474,,1781825580893
1667,0x6d66c58da0cd80b62729332e1b34ccc74e6a71bbf303a269780148305aaf5f2e,a9711eef2bd205d07db97f6b0fec27f59e18e8b489e478b1c1ee5fd31010a7a5,client_test_01_router_b_alts,client-test-01,customer-test-01,0,"","",SHIB/USD,"",0,confirmed,,,0,0,,,1781825580899,1781825623486,,1781825580899
1668,0x4651ca6582cd3e0d89fbcb16e18ea9e103de8138e37f1ebdc617ac9b18564444,a9711eef2bd205d07db97f6b0fec27f59e18e8b489e478b1c1ee5fd31010a7a5,client_test_01_router_b_alts,client-test-01,customer-test-01,0,"","",NEIRO/USD,"",0,confirmed,,,0,0,,,1781825580904,1781825623493,,1781825580904
1669,0x2b1f071dd14e33f2c71d6a6b742c67206af8a526b4ce635eb332d7b425c68762,a9711eef2bd205d07db97f6b0fec27f59e18e8b489e478b1c1ee5fd31010a7a5,client_test_01_router_a_majors,client-test-01,customer-test-01,0,"","",USDT/USD,"",0,confirmed,,,0,0,,,1781825580908,1781825623502,,1781825580908
1670,0x99fecd50d2ce90e7608ae8c22ee9f8f939796dce45da37cc219310f22f84cc93,a9711eef2bd205d07db97f6b0fec27f59e18e8b489e478b1c1ee5fd31010a7a5,client_test_01_router_b_alts,client-test-01,customer-test-01,0,"","",ARB/USD,"",0,confirmed,,,0,0,,,1781825580913,1781825623510,,1781825580913
1671,0xe7754255f3cdb0fd7b4247ea67e89002dbc2dd95f0e9f074f6a9bb29a2144cc0,a9711eef2bd205d07db97f6b0fec27f59e18e8b489e478b1c1ee5fd31010a7a5,client_test_01_router_b_alts,client-test-01,customer-test-01,0,"","",XVG/USD,"",0,confirmed,,,0,0,,,1781825580919,1781825623518,,1781825580919
1672,0xb39d2807733702fb2fde579446ac14e0336d871f90bfa2d0e2812cf53799c22c,"",client_test_01_router_a_majors,client-test-01,customer-test-01,0,"","",BTC/USD,62769310508371190743040,1781825545,failed,CrashRecovery,"daemon restarted with submitted transaction awaiting confirmation",0,0,,,,,1781827385905,1781825623447
1673,0xa616e3bbcd6ee4956a88574a2f9b0d58c8abd8e56497551e61014e9d9ae9d546,"",client_test_01_router_a_majors,client-test-01,customer-test-01,0,"","",ETH/USD,1704818747384268455936,1781825546,failed,CrashRecovery,"daemon restarted with submitted transaction awaiting confirmation",0,0,,,,,1781827385902,1781825623454
1674,0xd76116783c78fe3a0246c1ad7566285aac9d47f8db93f0b6894d0e87a2cfd524,"",client_test_01_router_a_majors,client-test-01,customer-test-01,0,"","",USDC/USD,999768087675000128,1781825552,failed,CrashRecovery,"daemon restarted with submitted transaction awaiting confirmation",0,0,,,,,1781827385898,1781825623460
1675,0x04b6a892a97e53dca96047d0d5c756cc03fb7e7641f8b981f360b3269eeb8ef6,"",client_test_01_router_a_majors,client-test-01,customer-test-01,0,"","",DOGE/USD,83230431000000016,1781825556,failed,CrashRecovery,"daemon restarted with submitted transaction awaiting confirmation",0,0,,,,,1781827385895,1781825623466
1676,0xd404e8227e83554197193acf7bf7dfa2555bc2321aa7874c501deb02775901b4,53fe6cb17918398150bb0da116311367a86a86ddc2dde888b2730100e11142bd,client_test_01_router_a_majors,client-test-01,customer-test-01,0,"","",USDT/USD,"",0,failed,CrashRecovery,"daemon restarted with submitted transaction awaiting confirmation",0,0,,,1781825722409,,1781827385891,1781825722409
1677,0xe412717f318faaf274699d4995858048e5aad38da2b80de3f46f94113b1f40d4,53fe6cb17918398150bb0da116311367a86a86ddc2dde888b2730100e11142bd,client_test_01_router_b_alts,client-test-01,customer-test-01,0,"","",NEIRO/USD,"",0,confirmed,,,0,0,,,1781825722419,1781825817881,,1781825722419
1678,0x02d17e0a69efaa86d3703f2c24f65d51b437a0ea8b26a1de48cdeca33c4bc766,53fe6cb17918398150bb0da116311367a86a86ddc2dde888b2730100e11142bd,client_test_01_router_b_alts,client-test-01,customer-test-01,0,"","",XVG/USD,"",0,failed,CrashRecovery,"daemon restarted with submitted transaction awaiting confirmation",0,0,,,1781825722426,,1781827385888,1781825722426
1679,0xd404e8227e83554197193acf7bf7dfa2555bc2321aa7874c501deb02775901b4,"",client_test_01_router_a_majors,client-test-01,customer-test-01,0,"","",USDT/USD,998940000000000000,1781825593,failed,CrashRecovery,"daemon restarted with submitted transaction awaiting confirmation",0,0,,,,,1781827385891,1781825817874
1680,0x02d17e0a69efaa86d3703f2c24f65d51b437a0ea8b26a1de48cdeca33c4bc766,"",client_test_01_router_b_alts,client-test-01,customer-test-01,0,"","",XVG/USD,2548680579999999,1781825590,failed,CrashRecovery,"daemon restarted with submitted transaction awaiting confirmation",0,0,,,,,1781827385888,1781825817913
1681,0x180315516cfbd22ba048fc0240fe1417b5a09ea1b1070e761687f04db931a8d2,1a068d7dd3c62ce2f0e84a78890962d76c1bace89fa320387163228e8944203e,client_test_01_router_a_majors,client-test-01,customer-test-01,0,"","",ETH/USD,"",0,confirmed,,,0,0,,,1781825838780,1781825872469,,1781825838780
1682,0xd403d1a6db34aa86e19d3e011b35d75292e5cfa6e51d19d51d97b55cb95f4eac,1a068d7dd3c62ce2f0e84a78890962d76c1bace89fa320387163228e8944203e,client_test_01_router_a_majors,client-test-01,customer-test-01,0,"","",USDC/USD,"",0,confirmed,,,0,0,,,1781825838791,1781825872493,,1781825838791
1683,0xf3f46597d3d321955123d29687bda6b850684115c6b368639bcbf65af5aba615,1a068d7dd3c62ce2f0e84a78890962d76c1bace89fa320387163228e8944203e,client_test_01_router_a_majors,client-test-01,customer-test-01,0,"","",USDT/USD,"",0,confirmed,,,0,0,,,1781825838797,1781825872502,,1781825838797
1684,0x9106bcbdc5ccc448af2d846726f2dad99a2d1cae75a3af461ef01e26f13d74fc,1a068d7dd3c62ce2f0e84a78890962d76c1bace89fa320387163228e8944203e,client_test_01_router_a_majors,client-test-01,customer-test-01,0,"","",DOGE/USD,"",0,confirmed,,,0,0,,,1781825838802,1781825872512,,1781825838802
1685,0x9b3162db7263537576cc8cd9b8e786f01e5fafbb67c2fbde96b044fa86d92aa1,1a068d7dd3c62ce2f0e84a78890962d76c1bace89fa320387163228e8944203e,client_test_01_router_a_majors,client-test-01,customer-test-01,0,"","",BTC/USD,"",0,confirmed,,,0,0,,,1781825838806,1781825872522,,1781825838806
1686,0x01c75011276ac155f780e962aa83281fe03d76c463fb43d2928f2b680d9d2ce7,473e9abf254f689b5afd866f63c5978498e1f3388e691aef8914c63467eaf866,client_test_01_router_a_majors,client-test-01,customer-test-01,0,"","",BTC/USD,"",0,confirmed,,,0,0,,,1781825892924,1781825947061,,1781825892924
1687,0x11638f2cbcea41b29f6e3099ab9ffb54350ffbb7769a8f1df33978281f89797c,473e9abf254f689b5afd866f63c5978498e1f3388e691aef8914c63467eaf866,client_test_01_router_a_majors,client-test-01,customer-test-01,0,"","",ETH/USD,"",0,confirmed,,,0,0,,,1781825892930,1781825947073,,1781825892930
1688,0x3c9c95d00ddb73942fc0726a71e4a1148b49783b5e6d24706f0c6278d72a87a5,473e9abf254f689b5afd866f63c5978498e1f3388e691aef8914c63467eaf866,client_test_01_router_a_majors,client-test-01,customer-test-01,0,"","",USDC/USD,"",0,confirmed,,,0,0,,,1781825892936,1781825947082,,1781825892936
1689,0x2c549ab67cd4091d85dcc7d759cd6b1d70557c3380ab568747a47f2958b0f28e,473e9abf254f689b5afd866f63c5978498e1f3388e691aef8914c63467eaf866,client_test_01_router_a_majors,client-test-01,customer-test-01,0,"","",DOGE/USD,"",0,confirmed,,,0,0,,,1781825892941,1781825947090,,1781825892941
1690,0xf3f46597d3d321955123d29687bda6b850684115c6b368639bcbf65af5aba615,"",client_test_01_router_a_majors,client-test-01,customer-test-01,0,"","",USDT/USD,998940000000000000,1781825805,failed,NonMonotonicNonce,"Intent for USDT/USD superseded on chain; not submitted.",0,0,,,,,1781825947056,1781825947056
1691,0xd4d9b40747177d973940366d68a8cc9e37a724c595948ecb2a0c3421ed65a2f2,633691b9f0c98e2f6fb5d6a8699bb43561f9451a7617dad3507d07c0349ca0f8,client_test_01_router_a_majors,client-test-01,customer-test-01,0,"","",USDT/USD,"",0,confirmed,,,0,0,,,1781826057331,1781826094111,,1781826057331
1692,0x59e12cb2191903f68a894d758fe419aa06b09bb7d8c2b73e5cc0692e63e53fc6,2b8a5fffcae9f15449cc881a2dc38ee3fc30235bced16727d952bf23e6dc3335,client_test_01_router_a_majors,client-test-01,customer-test-01,0,"","",BTC/USD,"",0,confirmed,,,0,0,,,1781826086918,1781826199998,,1781826086918
1693,0x0d1facbf3858a69dde0426ff11c6657299ae1bd1abda2eedd316d9c43a69b34d,2b8a5fffcae9f15449cc881a2dc38ee3fc30235bced16727d952bf23e6dc3335,client_test_01_router_a_majors,client-test-01,customer-test-01,0,"","",ETH/USD,"",0,confirmed,,,0,0,,,1781826116929,1781826200014,,1781826116929
1694,0x8ff40968aaf40723fa7d59c57f19dfee81d84c9949eeee39f64496be01b8f4f4,2b8a5fffcae9f15449cc881a2dc38ee3fc30235bced16727d952bf23e6dc3335,client_test_01_router_a_majors,client-test-01,customer-test-01,0,"","",USDC/USD,"",0,confirmed,,,0,0,,,1781826116940,1781826200025,,1781826116940
1695,0x26995086b64a0f776356759effcb67729da03ce2677d5c8d5229e0001b3c45bb,2b8a5fffcae9f15449cc881a2dc38ee3fc30235bced16727d952bf23e6dc3335,client_test_01_router_a_majors,client-test-01,customer-test-01,0,"","",DOGE/USD,"",0,confirmed,,,0,0,,,1781826116946,1781826200036,,1781826116946
1696,0x3773271c2d3195c9d7c1ec3296a1512f0bc4f225f209278d24f14bd95b83ec04,2b8a5fffcae9f15449cc881a2dc38ee3fc30235bced16727d952bf23e6dc3335,client_test_01_router_a_majors,client-test-01,customer-test-01,0,"","",USDT/USD,"",0,confirmed,,,0,0,,,1781826116952,1781826200045,,1781826116952
1697,0x5ee75066e0c280ce967b92ae70d1bb89e5a16ac7d86a928461539d7265c838a0,a7ca9e534ecbfafc360bcb41249514b2a0bf2a6a3da3f9ff51a12b78ec0bd1ee,client_test_02_router_default,client-test-02,customer-test-02,0,"","",BTC/USD,62797131761500005859328,1781826109,confirmed,UtxoNotFound,"Error: {""contents"":{""contents"":{""contents"":{""era"":""ShelleyBasedEraConway"",""error"":[""ConwayUtxowFailure (UtxoFailure (InsufficientCollateral (DeltaCoin (-167469620)) (Coin 1318182)))"",""ConwayUtxowFailure (UtxoFailure (IncorrectTotalCollateralField (DeltaCoin (-167469620)) (Coin 5000000)))"",""ConwayUtxowFailure (UtxoFailure NoCollateralInputs)"",""ConwayUtxowFailure (UtxoFailure (BadInputsUTxO (NonEmptySet (fromList [TxIn (TxId {unTxId = SafeHash \""633691b9f0c98e2f6fb5d6a8699bb43561f9451a7617dad3507d07c0349ca0f8\""}) (TxIx {unTxIx = 2})]))))"",""ConwayUtxowFailure (UtxoFailure (ValueNotConservedUTxO Mismatch (RelEQ) {supplied: MaryValue (Coin 9978800000) (MultiAsset (fromList [(PolicyID {policyID = ScriptHash \""02435906b5bf2ebac57a72d8d5609aa7f642b5e0e4d79666e0b1a293\""},fromList [(\""8a3859b168b77160150b13c200392328254c3758f082050fd7ec5c340ac2a497\"",1)]),(PolicyID {policyID = ScriptHash \""8621de3a416050365e18f7a200b99add3544491eb7d471cfad83913c\""},fromList [(\""4449415f52454345495645525f434c49454e545f544553545f3032\"",1)])])), expected: MaryValue (Coin 10151269620) (MultiAsset (fromList [(PolicyID {policyID = ScriptHash \""02435906b5bf2ebac57a72d8d5609aa7f642b5e0e4d79666e0b1a293\""},fromList [(\""8a3859b168b77160150b13c200392328254c3758f082050fd7ec5c340ac2a497\"",1)]),(PolicyID {policyID = ScriptHash \""8621de3a416050365e18f7a200b99add3544491eb7d471cfad83913c\""},fromList [(\""4449415f52454345495645525f434c49454e545f544553545f3032\"",1)])]))}))"",""ConwayUtxowFailure (UtxoFailure (UtxosFailure (CollectErrors (BadTranslation (BabbageContextError (AlonzoContextError (TranslationLogicMissingInput (TxIn (TxId {unTxId = SafeHash \""633691b9f0c98e2f6fb5d6a8699bb43561f9451a7617dad3507d07c0349ca0f8\""}) (TxIx {unTxIx = 2}))))) :| []))))""],""kind"":""ShelleyTxValidationError""},""tag"":""TxValidationErrorInCardanoMode""},""tag"":""TxCmdTxSubmitValidationError""},""tag"":""TxSubmitFail""}",0,0,,,,1781826279175,1781826178993,1781826178993
1698,0x6fc2d00b97d3c0fb6bfbda2863f0f285f050f63d784875460dcfe4fcf660329b,a7ca9e534ecbfafc360bcb41249514b2a0bf2a6a3da3f9ff51a12b78ec0bd1ee,client_test_01_router_a_majors,client-test-01,customer-test-01,0,"","",ETH/USD,"",0,confirmed,,,0,0,,,1781826219853,1781826279182,,1781826219853
1699,0x0e7c15ad2df463ed92cf91fb74af7afd698f6bf764e8a448c4c78f430f88202f,a7ca9e534ecbfafc360bcb41249514b2a0bf2a6a3da3f9ff51a12b78ec0bd1ee,client_test_01_router_a_majors,client-test-01,customer-test-01,0,"","",USDC/USD,"",0,confirmed,,,0,0,,,1781826219863,1781826279204,,1781826219863
1700,0xc54a8eeb2d702a938c715b720b2eaf309809cf33f9649e31fd9e373399be86d7,a7ca9e534ecbfafc360bcb41249514b2a0bf2a6a3da3f9ff51a12b78ec0bd1ee,client_test_01_router_a_majors,client-test-01,customer-test-01,0,"","",DOGE/USD,"",0,confirmed,,,0,0,,,1781826219870,1781826279215,,1781826219870
1701,0x4ec11a3ac48fee317dbb41ce46bb761700067e3304a4bc3991036b92e5b8c9ad,613dc7c10d8f08e547176419914bd7f26cba99fc1c4d792a5eeff69b29c26b68,client_test_01_router_a_majors,client-test-01,customer-test-01,0,"","",BTC/USD,"",0,confirmed,,,0,0,,,1781826358838,1781826442173,,1781826358838
1702,0x270f9a20197268cb5289dc2c245a7a1741176a3a1e29a34fe6feecf8d992dd49,613dc7c10d8f08e547176419914bd7f26cba99fc1c4d792a5eeff69b29c26b68,client_test_01_router_a_majors,client-test-01,customer-test-01,0,"","",ETH/USD,"",0,confirmed,,,0,0,,,1781826358846,1781826442184,,1781826358846
1703,0x7c2ce69e95a8e2e374151d2278458cb6855e45e4b9743f0d3d9c07b5092bb029,613dc7c10d8f08e547176419914bd7f26cba99fc1c4d792a5eeff69b29c26b68,client_test_01_router_a_majors,client-test-01,customer-test-01,0,"","",USDC/USD,"",0,confirmed,,,0,0,,,1781826358853,1781826442192,,1781826358853
1704,0xdc557543878e487996b09f166797b8369fd1445c38967f948f0b6095d625059a,613dc7c10d8f08e547176419914bd7f26cba99fc1c4d792a5eeff69b29c26b68,client_test_01_router_a_majors,client-test-01,customer-test-01,0,"","",DOGE/USD,"",0,confirmed,,,0,0,,,1781826358858,1781826442200,,1781826358858
1705,0x0c47d5d5266b4bf8e12ef47f7d045a5873f3583930daea89a5bdcd534b5e8b17,53bebe03743f833f62703d3075d19f9636cb0df13d66366f435ec53da365dce6,client_test_01_router_a_majors,client-test-01,customer-test-01,0,"","",BTC/USD,"",0,confirmed,,,0,0,,,1781826464176,1781826482059,,1781826464176
1706,0x1586de7144d41bbcd78fd8943ba0856c630c6ab1c1c44a3b72876a373a2972e7,53bebe03743f833f62703d3075d19f9636cb0df13d66366f435ec53da365dce6,client_test_01_router_a_majors,client-test-01,customer-test-01,0,"","",ETH/USD,"",0,confirmed,,,0,0,,,1781826464183,1781826482075,,1781826464183
1707,0xa59035feb93266373b9eea206387d6f96e5ea114144f313d3650b26b3f0150a9,53bebe03743f833f62703d3075d19f9636cb0df13d66366f435ec53da365dce6,client_test_01_router_a_majors,client-test-01,customer-test-01,0,"","",USDC/USD,"",0,confirmed,,,0,0,,,1781826464187,1781826482083,,1781826464187
1708,0x645506164c900f8f0efea91c1cd7a61f771a5ceac387d92c32272ae190e268bf,53bebe03743f833f62703d3075d19f9636cb0df13d66366f435ec53da365dce6,client_test_01_router_a_majors,client-test-01,customer-test-01,0,"","",USDT/USD,"",0,confirmed,,,0,0,,,1781826464191,1781826482092,,1781826464191
1709,0xf77daee791a63b859afb0262b723cafabcc1a02348a25cb05ac8456d003d422d,53bebe03743f833f62703d3075d19f9636cb0df13d66366f435ec53da365dce6,client_test_01_router_a_majors,client-test-01,customer-test-01,0,"","",DOGE/USD,"",0,confirmed,,,0,0,,,1781826464198,1781826482100,,1781826464198
1710,0x645506164c900f8f0efea91c1cd7a61f771a5ceac387d92c32272ae190e268bf,"",client_test_01_router_a_majors,client-test-01,customer-test-01,0,"","",USDT/USD,998940000000000000,1781826420,failed,NonMonotonicNonce,"Oracle intent timestamp must be greater than the current on-chain timestamp; intent superseded, not submitted.",0,0,,,,,1781826487575,1781826487575
1711,0xa3240a2ab1d2955118d7b6f2126408705c67bea91c36a23cde1d87a4db132761,42eebdb7bd063951acbdfda2d4fb352bae92658a52ced3aa51de49c6ca6ee51e,client_test_01_router_a_majors,client-test-01,customer-test-01,0,"","",USDC/USD,"",0,confirmed,,,0,0,,,1781826654923,1781826677371,,1781826654923
1712,0xf7dd93d4c620d5e0bad1ba29f9d3984afa36ef776465c0a7122bdc5687efc489,42eebdb7bd063951acbdfda2d4fb352bae92658a52ced3aa51de49c6ca6ee51e,client_test_01_router_a_majors,client-test-01,customer-test-01,0,"","",USDT/USD,"",0,confirmed,,,0,0,,,1781826654933,1781826677386,,1781826654933
1713,0x55815182c51b260d2593f44f6e6b87cb5edf7754cccd804d655d4f60138adcfb,42eebdb7bd063951acbdfda2d4fb352bae92658a52ced3aa51de49c6ca6ee51e,client_test_01_router_a_majors,client-test-01,customer-test-01,0,"","",DOGE/USD,"",0,confirmed,,,0,0,,,1781826654941,1781826677394,,1781826654941
1714,0x153a81390197c16263caf9b1914c1b48ab5fc07bbe9faae2c9c4ef99ce2c74b4,b4411f1425ba1a41436dda8aa4ca28aac93735c7dfb56b0e3ccba637d34f057a,client_test_01_router_a_majors,client-test-01,customer-test-01,0,"","",BTC/USD,"",0,confirmed,,,0,0,,,1781826698219,1781826743548,,1781826698219
1715,0xd4ad5e370bfd4447c9d3d6922fd4c5cf8ea4a331cac2068d19836373fb205589,419458bef4606da1ed326fa4f380af8b9d9e95f445428bcfca53821e53438d60,client_test_01_router_a_majors,client-test-01,customer-test-01,0,"","",ETH/USD,"",0,confirmed,,,0,0,,,1781826698230,1781826718365,,1781826698230
1716,0x91321f99f9bcc88fee696eef8bc563c2b9e3e90212d2a9d9fe5adf62a4a116c5,419458bef4606da1ed326fa4f380af8b9d9e95f445428bcfca53821e53438d60,client_test_01_router_a_majors,client-test-01,customer-test-01,0,"","",USDC/USD,"",0,confirmed,,,0,0,,,1781826698237,1781826718374,,1781826698237
1717,0xe813eb56a5224bf982f6c5c20a5d316f92c6e2663751ce6e9f40b37a430c6abe,419458bef4606da1ed326fa4f380af8b9d9e95f445428bcfca53821e53438d60,client_test_01_router_a_majors,client-test-01,customer-test-01,0,"","",DOGE/USD,"",0,confirmed,,,0,0,,,1781826698240,1781826718382,,1781826698240
1718,0xf7dd93d4c620d5e0bad1ba29f9d3984afa36ef776465c0a7122bdc5687efc489,"",client_test_01_router_a_majors,client-test-01,customer-test-01,0,"","",USDT/USD,998940000000000000,1781826597,failed,NonMonotonicNonce,"Intent for USDT/USD superseded on chain; not submitted.",0,0,,,,,1781826718353,1781826718353
1719,0xac57cb79249639e73b6b2ff1f37b52ba9cf2b0731d663e61ba483b62a87ef76b,e5738ac3b39e602947f840d864007b55140ac72a7b6cfe8df6a5d5fdd5253248,client_test_02_router_default,client-test-02,customer-test-02,0,"","",BTC/USD,"",0,confirmed,,,0,0,,,1781826755697,1781826795588,,1781826755697
1720,0x529524b7b23d2ac2549d68fd5baa50f392af8375506754be08baa8d199b4f047,cb53939a9c18dcce3a8912d33218605af27c4d8fa1e0954b68ad6ecb1a530311,client_test_01_router_a_majors,client-test-01,customer-test-01,0,"","",BTC/USD,"",0,confirmed,,,0,0,,,1781826948519,1781827013781,,1781826948519
1721,0xb878a31d84ae2c754086e7163e9d2f24d03c77ddaec6ed944d817bd187cb0296,cb53939a9c18dcce3a8912d33218605af27c4d8fa1e0954b68ad6ecb1a530311,client_test_01_router_a_majors,client-test-01,customer-test-01,0,"","",ETH/USD,"",0,confirmed,,,0,0,,,1781826948528,1781827013795,,1781826948528
1722,0xcbcb1387b42c23e548105f19ddaaa5529cfd5fafd3e19e5149ab48cf718ebdfc,cb53939a9c18dcce3a8912d33218605af27c4d8fa1e0954b68ad6ecb1a530311,client_test_01_router_a_majors,client-test-01,customer-test-01,0,"","",USDT/USD,"",0,confirmed,,,0,0,,,1781826948535,1781827013800,,1781826948535
1723,0xe67319094716505ade6721ab1f91c6eb980ea7f388b92a2e9c901d4333c04db6,c284a8edbafe7c31a0801d579ae3d2b912abdedab65267318f3fa6c523351340,client_test_01_router_a_majors,client-test-01,customer-test-01,0,"","",BTC/USD,"",0,confirmed,,,0,0,,,1781827033559,1781827248364,,1781827033559
1724,0x6dc402cbbff35687c64e57a78c25f401df613a0f22da1a85fd0ba1281ca643d4,c284a8edbafe7c31a0801d579ae3d2b912abdedab65267318f3fa6c523351340,client_test_01_router_a_majors,client-test-01,customer-test-01,0,"","",USDC/USD,"",0,confirmed,,,0,0,,,1781827033571,1781827248390,,1781827033571
1725,0x30415797e18ebc7ccb4cb428e711355ef229d0ecef62efd9394eb21f279b9b7a,c284a8edbafe7c31a0801d579ae3d2b912abdedab65267318f3fa6c523351340,client_test_01_router_a_majors,client-test-01,customer-test-01,0,"","",DOGE/USD,"",0,confirmed,,,0,0,,,1781827033575,1781827248399,,1781827033575
1726,0x8a40bff3ab2fc6528f467a6bac9a5bbbc3ae28d19af40ecbfa14381e8a06fd67,c284a8edbafe7c31a0801d579ae3d2b912abdedab65267318f3fa6c523351340,client_test_01_router_a_majors,client-test-01,customer-test-01,0,"","",USDT/USD,"",0,failed,CrashRecovery,"daemon restarted with submitted transaction awaiting confirmation",0,0,,,1781827033583,,1781827385885,1781827033583
1727,0xb878a31d84ae2c754086e7163e9d2f24d03c77ddaec6ed944d817bd187cb0296,"",client_test_01_router_a_majors,client-test-01,customer-test-01,0,"","",ETH/USD,1707005983704869240832,1781826899,failed,NonMonotonicNonce,"Intent for ETH/USD superseded on chain; not submitted.",0,0,,,,,1781827248386,1781827248386
1728,0x8a40bff3ab2fc6528f467a6bac9a5bbbc3ae28d19af40ecbfa14381e8a06fd67,"",client_test_01_router_a_majors,client-test-01,customer-test-01,0,"","",USDT/USD,998940000000000000,1781827000,failed,CrashRecovery,"daemon restarted with submitted transaction awaiting confirmation",0,0,,,,,1781827385885,1781827248411
1729,0xb80149b9edeb98b2e77e33609c3ddfeb309ef512633029330e2649c088918f41,d20e78c94a4e064172ef98ef156899eb0a383416428bf16a5657eb73c79a4ff1,client_test_01_router_a_majors,client-test-01,customer-test-01,0,"","",USDC/USD,"",0,failed,CrashRecovery,"daemon restarted with submitted transaction awaiting confirmation",0,0,,,1781827271450,,1781827385882,1781827271450
1730,0x4ced27348801f2bdd6566ab3ac9bc7d5d005020e5c015fdcc9b27be09db51477,d20e78c94a4e064172ef98ef156899eb0a383416428bf16a5657eb73c79a4ff1,client_test_01_router_a_majors,client-test-01,customer-test-01,0,"","",DOGE/USD,"",0,failed,CrashRecovery,"daemon restarted with submitted transaction awaiting confirmation",0,0,,,1781827271455,,1781827385879,1781827271455
1731,0x4f525b3f0fcfcdd95352cbf611e4ae2b497a3fb4cfce6d91d31e3075ff57dfe6,d20e78c94a4e064172ef98ef156899eb0a383416428bf16a5657eb73c79a4ff1,client_test_01_router_a_majors,client-test-01,customer-test-01,0,"","",USDT/USD,"",0,confirmed,,,0,0,,,1781827271458,1781827320230,,1781827271458
1732,0x3895fe60cdf1f168264dfbd7115f73241b4acb0ddcbad3262e20c0ead42a113a,d20e78c94a4e064172ef98ef156899eb0a383416428bf16a5657eb73c79a4ff1,client_test_01_router_b_alts,client-test-01,customer-test-01,0,"","",SHIB/USD,"",0,confirmed,,,0,0,,,1781827271462,1781827320254,,1781827271462
1733,0x7359352f1274a775887e7be4749a292b3c9bd6fc6bd3d6764d6e2b48c5a9ca4e,d20e78c94a4e064172ef98ef156899eb0a383416428bf16a5657eb73c79a4ff1,client_test_01_router_b_alts,client-test-01,customer-test-01,0,"","",NEIRO/USD,"",0,confirmed,,,0,0,,,1781827271466,1781827320278,,1781827271466
1734,0x3cbef532a04240bb9be150c8f06790d2def79875123113f25090b339de449959,d20e78c94a4e064172ef98ef156899eb0a383416428bf16a5657eb73c79a4ff1,client_test_01_router_b_alts,client-test-01,customer-test-01,0,"","",XVG/USD,"",0,confirmed,,,0,0,,,1781827271472,1781827320290,,1781827271472
1735,0xb80149b9edeb98b2e77e33609c3ddfeb309ef512633029330e2649c088918f41,"",client_test_01_router_a_majors,client-test-01,customer-test-01,0,"","",USDC/USD,999811803050000000,1781827224,failed,CrashRecovery,"daemon restarted with submitted transaction awaiting confirmation",0,0,,,,,1781827385882,1781827320220
1736,0x4ced27348801f2bdd6566ab3ac9bc7d5d005020e5c015fdcc9b27be09db51477,"",client_test_01_router_a_majors,client-test-01,customer-test-01,0,"","",DOGE/USD,83361969247698000,1781827228,failed,CrashRecovery,"daemon restarted with submitted transaction awaiting confirmation",0,0,,,,,1781827385879,1781827320228
1737,0x0f4ca9c32b1478c8e7fbeff50bdf0d92908258db4eb3c1536f0fb280ef0f7412,ea17a64ba2b0cd793977af0f083187d45f6e98a3af8abad36fd04d4013c4c012,client_test_02_router_default,client-test-02,customer-test-02,0,"","",BTC/USD,"",0,confirmed,,,0,0,,,1781827325376,1781827357705,,1781827325376
1738,0x0c1a572794fb3828ee140dfe8f3340418889369e821839fa992aea4cc70bf221,e59ea817ae7bfdc0d99a7ccf293cc8dde70b0eb63225cfce16e08194852eb278,client_test_01_router_a_majors,client-test-01,customer-test-01,0,"","",ETH/USD,"",0,failed,CrashRecovery,"daemon restarted with submitted transaction awaiting confirmation",0,0,,,1781827436141,,1781836345363,1781827436141
1739,0x86c0aa2487f4c6fc7c4b4bd33a8ec4756590a6d81b6107e6c077d1445ee6baa4,e59ea817ae7bfdc0d99a7ccf293cc8dde70b0eb63225cfce16e08194852eb278,client_test_01_router_b_alts,client-test-01,customer-test-01,0,"","",ARB/USD,"",0,confirmed,,,0,0,,,1781827436152,1781827451099,,1781827436152
1740,0x0c1a572794fb3828ee140dfe8f3340418889369e821839fa992aea4cc70bf221,"",client_test_01_router_a_majors,client-test-01,customer-test-01,0,"","",ETH/USD,1708054530031635005440,1781827394,failed,CrashRecovery,"daemon restarted with submitted transaction awaiting confirmation",0,0,,,,,1781836345363,1781827451095
1741,0x8ae8ab8f574cde308e993bcfc6f5759fe747ec320563729162ce69fc70be0462,dab825679cdb94c93d09738366dd1b9bc63a70f4af6e24f380c4f2a36038f720,client_test_01_router_b_alts,client-test-01,customer-test-01,0,"","",LTC/USD,"",0,confirmed,,,0,0,,,1781827462986,1781827483976,,1781827462986
1742,0xd03598ecb1bb15e8bf10746119a83ce710ec451dbe238256459a24be84b923d7,dab825679cdb94c93d09738366dd1b9bc63a70f4af6e24f380c4f2a36038f720,client_test_01_router_a_majors,client-test-01,customer-test-01,0,"","",ETH/USD,"",0,confirmed,,,0,0,,,1781827462997,1781827483985,,1781827462997
1743,0x86c0aa2487f4c6fc7c4b4bd33a8ec4756590a6d81b6107e6c077d1445ee6baa4,"",client_test_01_router_b_alts,client-test-01,customer-test-01,0,"","",ARB/USD,84919889400000000,1781827413,failed,NonMonotonicNonce,"Intent for ARB/USD superseded on chain; not submitted.",0,0,,,,,1781827483996,1781827483996
1744,0x1de38413b96fe3b59a4767d3cfa3517ec09209f665ca2d9bbaf0818ec5d833a3,"",client_test_01_router_a_majors,client-test-01,customer-test-01,0,"","",ETH/USD,1708145595049999990784,1781827481,failed,NonMonotonicNonce,"Intent for ETH/USD superseded on chain; not submitted.",0,0,,,,,1781827488298,1781827488298
1745,0x35b34332ba6d9b4bb5647a25441cd8a11cd9327be7e81d082a2feecf7165ad10,"",client_test_01_router_b_alts,client-test-01,customer-test-01,0,"","",LTC/USD,43783540199999995904,1781827478,failed,NonMonotonicNonce,"Intent for LTC/USD superseded on chain; not submitted.",0,0,,,,,1781827488306,1781827488306
1746,0xe1d1d063824351abef67b39c85758f427ec1f9df45c8c12a9afdd85350408ee2,16b4343a00366a247002a5479ccbd949557f8c21b3ef65301726177e39a87100,client_test_01_router_a_majors,client-test-01,customer-test-01,0,"","",USDT/USD,"",0,confirmed,,,0,0,,,1781827547061,1781827585895,,1781827547061
1747,0xb994e87fd072070fd3f69c7ce1ee2704c5cd69ee6c06d7378d2905534de402ce,f43da0e6aecb2a1b4093536de83d9856b1d0efeaba7d7d25fcf1b41c7fc81c39,client_test_01_router_a_majors,client-test-01,customer-test-01,0,"","",BTC/USD,"",0,failed,CrashRecovery,"daemon restarted with submitted transaction awaiting confirmation",0,0,,,1781827597916,,1781836345360,1781827597916
1748,0x1af67d965e9d967f0b7b8d62c0ff85be77e81ba9038b74f17eb612df94094e9c,f43da0e6aecb2a1b4093536de83d9856b1d0efeaba7d7d25fcf1b41c7fc81c39,client_test_01_router_a_majors,client-test-01,customer-test-01,0,"","",ETH/USD,"",0,confirmed,,,0,0,,,1781827597926,1781827627794,,1781827597926
1749,0x1df82bb5b26ed0ec4ec678d2da507e5118c37d4987ea9cc04f6058bfeb339cf6,f43da0e6aecb2a1b4093536de83d9856b1d0efeaba7d7d25fcf1b41c7fc81c39,client_test_01_router_a_majors,client-test-01,customer-test-01,0,"","",USDC/USD,"",0,failed,CrashRecovery,"daemon restarted with submitted transaction awaiting confirmation",0,0,,,1781827597933,,1781836345357,1781827597933
1750,0x198e6bf959383cb43945f4c317c70a0a9494fc62a76b3df0e4a84210624037ab,f43da0e6aecb2a1b4093536de83d9856b1d0efeaba7d7d25fcf1b41c7fc81c39,client_test_01_router_a_majors,client-test-01,customer-test-01,0,"","",DOGE/USD,"",0,failed,CrashRecovery,"daemon restarted with submitted transaction awaiting confirmation",0,0,,,1781827597938,,1781836345353,1781827597938
1751,0xb994e87fd072070fd3f69c7ce1ee2704c5cd69ee6c06d7378d2905534de402ce,"",client_test_01_router_a_majors,client-test-01,customer-test-01,0,"","",BTC/USD,62839511935950000226304,1781827570,failed,CrashRecovery,"daemon restarted with submitted transaction awaiting confirmation",0,0,,,,,1781836345360,1781827627790
1752,0x1df82bb5b26ed0ec4ec678d2da507e5118c37d4987ea9cc04f6058bfeb339cf6,"",client_test_01_router_a_majors,client-test-01,customer-test-01,0,"","",USDC/USD,999819067200000000,1781827577,failed,CrashRecovery,"daemon restarted with submitted transaction awaiting confirmation",0,0,,,,,1781836345357,1781827627805
1753,0x198e6bf959383cb43945f4c317c70a0a9494fc62a76b3df0e4a84210624037ab,"",client_test_01_router_a_majors,client-test-01,customer-test-01,0,"","",DOGE/USD,83391511200000000,1781827580,failed,CrashRecovery,"daemon restarted with submitted transaction awaiting confirmation",0,0,,,,,1781836345353,1781827627812
1754,0x9652184a73a6e23e7c07afd79e1e86f9a2a2c8e668d99f20d3869d3bead94182,69ae258c8ce7233e7325df75ea552bccdd00cb05f0ad736e5459a447f56f5573,client_test_01_router_a_majors,client-test-01,customer-test-01,0,"","",BTC/USD,"",0,confirmed,,,0,0,,,1781827640964,1781827679381,,1781827640964
1755,0xb342d74f65af65631f9520403f14b7c447f4c4b47e0791aea18a2689e51db11e,69ae258c8ce7233e7325df75ea552bccdd00cb05f0ad736e5459a447f56f5573,client_test_01_router_a_majors,client-test-01,customer-test-01,0,"","",USDC/USD,"",0,confirmed,,,0,0,,,1781827640974,1781827679393,,1781827640974
1756,0xa4891e2e9e2420efc4104434808fe9ed66f175c1529b1edb22eb9e920aa3e1e2,69ae258c8ce7233e7325df75ea552bccdd00cb05f0ad736e5459a447f56f5573,client_test_01_router_a_majors,client-test-01,customer-test-01,0,"","",DOGE/USD,"",0,confirmed,,,0,0,,,1781827640979,1781827679404,,1781827640979
1757,0xd155ef2b2150b698a471f7c53f34ed7cf8b984600c46c70916015bf3404af7fa,69ae258c8ce7233e7325df75ea552bccdd00cb05f0ad736e5459a447f56f5573,client_test_01_router_a_majors,client-test-01,customer-test-01,0,"","",ETH/USD,"",0,confirmed,,,0,0,,,1781827640986,1781827679414,,1781827640986
1758,0xc66b96a879f41681376b7f7c8e3102fb9b282100bfe044ad521915475f3e6665,"",client_test_01_router_a_majors,client-test-01,customer-test-01,0,"","",BTC/USD,62843316572355989340160,1781827661,failed,NonMonotonicNonce,"Intent for BTC/USD superseded on chain; not submitted.",0,0,,,,,1781827684566,1781827684566
1759,0x7e287eecbce8e4c26618f544a94d2f767020c6d3c14cae1bdb0122ef8c598a26,"",client_test_01_router_a_majors,client-test-01,customer-test-01,0,"","",USDC/USD,999824061900000000,1781827670,failed,NonMonotonicNonce,"Intent for USDC/USD superseded on chain; not submitted.",0,0,,,,,1781827684576,1781827684576
1760,0x00fa1296577836c0282db45c1cedb74cc460bba634e54d77ff3cfc93c79c0ec8,"",client_test_01_router_a_majors,client-test-01,customer-test-01,0,"","",DOGE/USD,83391511200000000,1781827673,failed,NonMonotonicNonce,"Intent for DOGE/USD superseded on chain; not submitted.",0,0,,,,,1781827684585,1781827684585
1761,0xf67265f735a13abfadee8926d6b1b1ed022b8d45e7e6afa0e50d6550442a2e74,8d752666b6abeba3dd75956a7e12a37b18cc11c05f8e000e151f3a049e386a48,client_test_01_router_a_majors,client-test-01,customer-test-01,0,"","",BTC/USD,"",0,confirmed,,,0,0,,,1781827839862,1781827902795,,1781827839862
1762,0xf67265f735a13abfadee8926d6b1b1ed022b8d45e7e6afa0e50d6550442a2e74,8d752666b6abeba3dd75956a7e12a37b18cc11c05f8e000e151f3a049e386a48,client_test_02_router_default,client-test-02,customer-test-02,0,"","",BTC/USD,62843316572355989340160,1781827789,confirmed,NonMonotonicNonce,"Oracle intent timestamp must be greater than the current on-chain timestamp; intent superseded, not submitted.",0,0,,,,1781827902795,1781827875968,1781827875968
1763,0xeed7fe6d6f82504bd01bf03ce056d1aafb770fca0c24ecebec5e648bfd0959c1,8d752666b6abeba3dd75956a7e12a37b18cc11c05f8e000e151f3a049e386a48,client_test_01_router_a_majors,client-test-01,customer-test-01,0,"","",ETH/USD,"",0,confirmed,,,0,0,,,1781827878763,1781827902810,,1781827878763
1764,0x70a19b3335fe2db66c1e9cc45477d5a589f74b7252fcec918e7c2fb427244f70,8d752666b6abeba3dd75956a7e12a37b18cc11c05f8e000e151f3a049e386a48,client_test_01_router_a_majors,client-test-01,customer-test-01,0,"","",USDC/USD,"",0,confirmed,,,0,0,,,1781827878773,1781827902818,,1781827878773
1765,0xf300c336cada8e220b11454cf7955238237bb05b86e0a772e32e1c052be22f56,8d752666b6abeba3dd75956a7e12a37b18cc11c05f8e000e151f3a049e386a48,client_test_01_router_a_majors,client-test-01,customer-test-01,0,"","",USDT/USD,"",0,confirmed,,,0,0,,,1781827878778,1781827902826,,1781827878778
1766,0xfd84c7fc970cfa0b78ed3ddd7af0d4e973a337c25ec0b65fb18fce2fe2d6e119,3e3eb2cc614c5aa808ad439d91a32d5f2fc6903c316d3164cd540aefb07f4d22,client_test_01_router_a_majors,client-test-01,customer-test-01,0,"","",BTC/USD,"",0,confirmed,,,0,0,,,1781827916631,1781827929367,,1781827916631
1767,0x1db141dfc4198802a70ddab7a21669c1efa44522bf995640439479120dbde845,3e3eb2cc614c5aa808ad439d91a32d5f2fc6903c316d3164cd540aefb07f4d22,client_test_01_router_a_majors,client-test-01,customer-test-01,0,"","",ETH/USD,"",0,confirmed,,,0,0,,,1781827916641,1781827929376,,1781827916641
1768,0x39dd27c88f4a7d0c8a390bb2c7fc64f2ce7a665bb2ad39cfe332e1eb66028ec4,3e3eb2cc614c5aa808ad439d91a32d5f2fc6903c316d3164cd540aefb07f4d22,client_test_01_router_a_majors,client-test-01,customer-test-01,0,"","",USDC/USD,"",0,confirmed,,,0,0,,,1781827916646,1781827929384,,1781827916646
1769,0x02da0dcb3b39f5b12fd9a70eb204acf2c63c006914ee1a2efb7e3fdf6397ea38,3e3eb2cc614c5aa808ad439d91a32d5f2fc6903c316d3164cd540aefb07f4d22,client_test_01_router_a_majors,client-test-01,customer-test-01,0,"","",DOGE/USD,"",0,confirmed,,,0,0,,,1781827916652,1781827929391,,1781827916652
1770,0x1089e1c74496ff63b3430edfc26ed2996d0968098a76c6b6bd9ca45668798877,3e3eb2cc614c5aa808ad439d91a32d5f2fc6903c316d3164cd540aefb07f4d22,client_test_01_router_a_majors,client-test-01,customer-test-01,0,"","",USDT/USD,"",0,failed,CrashRecovery,"daemon restarted with submitted transaction awaiting confirmation",0,0,,,1781827916658,,1781836345350,1781827916658
1771,0x1089e1c74496ff63b3430edfc26ed2996d0968098a76c6b6bd9ca45668798877,"",client_test_01_router_a_majors,client-test-01,customer-test-01,0,"","",USDT/USD,998940000000000000,1781827891,failed,CrashRecovery,"daemon restarted with submitted transaction awaiting confirmation",0,0,,,,,1781836345350,1781827929403
1772,0xb8bf6aaee8fc17969f986f69e505f4d62c1a146dfa1bb464f098d3fe08dd414f,23aae9b5293e877d6fbba2915d5f6d2e646530619d04bbe091b362da9952ba3d,client_test_01_router_a_majors,client-test-01,customer-test-01,0,"","",DOGE/USD,"",0,confirmed,,,0,0,,,1781827939990,1781827954866,,1781827939990
1773,0x49099f78c18e559c6b01f57a3ff27638ac9a7957ff888f7c89b679cef705cacc,3b99abeac00f470b93c8eb838dad81d30359dba176c9722e78189ba246861121,client_test_01_router_a_majors,client-test-01,customer-test-01,0,"","",USDT/USD,"",0,confirmed,,,0,0,,,1781828161774,1781828205904,,1781828161774
1774,0x2dcccded61f24bd3e6092e02bffe51dc9881a3ca4703bc86c45a6bb0cc5c0fca,e8c08dbc0164796581886b624065862e2f19eeadc9f242356643412afda0068f,client_test_01_router_a_majors,client-test-01,customer-test-01,0,"","",BTC/USD,"",0,confirmed,,,0,0,,,1781828220035,1781828261831,,1781828220035
1775,0xcd6667154fddb8418ccc3be7332ea3349afb48057df18bcb55fef51eaca374f4,e8c08dbc0164796581886b624065862e2f19eeadc9f242356643412afda0068f,client_test_01_router_a_majors,client-test-01,customer-test-01,0,"","",ETH/USD,"",0,confirmed,,,0,0,,,1781828220046,1781828261845,,1781828220046
1776,0xceaf7c15c214ed367a758c57d01e47ea38300f7c766b56cb64c034fe2f49c922,e8c08dbc0164796581886b624065862e2f19eeadc9f242356643412afda0068f,client_test_01_router_a_majors,client-test-01,customer-test-01,0,"","",USDC/USD,"",0,confirmed,,,0,0,,,1781828220050,1781828261863,,1781828220050
1777,0x058cc2b46d1f6f3a92dd78fc00ddba1c0ef8f6e36e29bd91aff85e635eacbf9b,e8c08dbc0164796581886b624065862e2f19eeadc9f242356643412afda0068f,client_test_01_router_a_majors,client-test-01,customer-test-01,0,"","",DOGE/USD,"",0,confirmed,,,0,0,,,1781828220055,1781828261879,,1781828220055
1778,0x49099f78c18e559c6b01f57a3ff27638ac9a7957ff888f7c89b679cef705cacc,"",client_test_01_router_a_majors,client-test-01,customer-test-01,0,"","",USDT/USD,998945000000000000,1781828103,failed,NonMonotonicNonce,"Intent for USDT/USD superseded on chain; not submitted.",0,0,,,,,1781828261876,1781828261876
1779,0x5c1dfb1fbb388ef8e9cdc8f9b757a73fd63bb92e3faad40089e1b44df5042b4a,4ec7b1f84303ba77690efc6cae8eeac839f3cb68fc2a4914fada8216876d2aaa,client_test_01_router_a_majors,client-test-01,customer-test-01,0,"","",BTC/USD,"",0,confirmed,,,0,0,,,1781828273486,1781828326501,,1781828273486
1780,0x39e394ce1835a62f4026df869462b0913f68b353598e6abd57bb1f6932795272,4ec7b1f84303ba77690efc6cae8eeac839f3cb68fc2a4914fada8216876d2aaa,client_test_01_router_a_majors,client-test-01,customer-test-01,0,"","",ETH/USD,"",0,confirmed,,,0,0,,,1781828273496,1781828326513,,1781828273496
1781,0xf009fd6adfafab85a6c84d33de94cd67a7f43db3d53b9c7f0cd3c1cda9a7ee19,4ec7b1f84303ba77690efc6cae8eeac839f3cb68fc2a4914fada8216876d2aaa,client_test_01_router_a_majors,client-test-01,customer-test-01,0,"","",USDC/USD,"",0,confirmed,,,0,0,,,1781828273501,1781828326526,,1781828273501
1782,0xb05e5f0a0fbeb363d2ac2a6b1d095873514269a38baadb21ed7ac21c6de033a2,0d827725bcd9437c8122ca31a4e0919d07ea5cbb2ddc9f99958b965a45b8516e,client_test_01_router_a_majors,client-test-01,customer-test-01,0,"","",BTC/USD,"",0,confirmed,,,0,0,,,1781828454668,1781828541929,,1781828454668
1783,0xb05e5f0a0fbeb363d2ac2a6b1d095873514269a38baadb21ed7ac21c6de033a2,0d827725bcd9437c8122ca31a4e0919d07ea5cbb2ddc9f99958b965a45b8516e,client_test_02_router_default,client-test-02,customer-test-02,0,"","",BTC/USD,62844860304500006584320,1781828406,confirmed,NonMonotonicNonce,"Oracle intent timestamp must be greater than the current on-chain timestamp; intent superseded, not submitted.",0,0,,,,1781828541929,1781828501251,1781828501251
1784,0x3f312ee42e4b6b4426b6c998b4d88e2e0457a0f4aca7c8d48353651353b85f0a,0d827725bcd9437c8122ca31a4e0919d07ea5cbb2ddc9f99958b965a45b8516e,client_test_01_router_a_majors,client-test-01,customer-test-01,0,"","",ETH/USD,"",0,confirmed,,,0,0,,,1781828505961,1781828541945,,1781828505961
1785,0x40e0488b283b3931b08370e13487b83fc9c4116fdafb805982a116e2e50dfe9e,0d827725bcd9437c8122ca31a4e0919d07ea5cbb2ddc9f99958b965a45b8516e,client_test_01_router_a_majors,client-test-01,customer-test-01,0,"","",USDT/USD,"",0,confirmed,,,0,0,,,1781828505971,1781828541959,,1781828505971
1786,0x6067d20920c6f3696e3ee62d77f4c4effc628348ecf8b05690a0909c9f561425,168698afce0cd53d4cd6c391f878fc4a93bda9995c2cead9c9220df59d150a6c,client_test_01_router_a_majors,client-test-01,customer-test-01,0,"","",BTC/USD,"",0,confirmed,,,0,0,,,1781828556082,1781828585552,,1781828556082
1787,0x3673933bcbc7d8eace7da47e0e3b9eddabf66638db108866a76615d627c17652,168698afce0cd53d4cd6c391f878fc4a93bda9995c2cead9c9220df59d150a6c,client_test_01_router_a_majors,client-test-01,customer-test-01,0,"","",ETH/USD,"",0,confirmed,,,0,0,,,1781828556092,1781828585566,,1781828556092
1788,0x5edbbf2f942a3854b379d57e51818311a34b82e4fb3b566cd86c5440495b00fd,168698afce0cd53d4cd6c391f878fc4a93bda9995c2cead9c9220df59d150a6c,client_test_01_router_a_majors,client-test-01,customer-test-01,0,"","",USDC/USD,"",0,confirmed,,,0,0,,,1781828556097,1781828585575,,1781828556097
1789,0x66ca895aec5ee48d889d8721a99e0bdecd6f6c85a6f9f8c61e6805e9225254ed,168698afce0cd53d4cd6c391f878fc4a93bda9995c2cead9c9220df59d150a6c,client_test_01_router_a_majors,client-test-01,customer-test-01,0,"","",DOGE/USD,"",0,confirmed,,,0,0,,,1781828556101,1781828585583,,1781828556101
1790,0x0b5f013e4e95f6d9e68fbd4fdbbef3c77b83878e828cac4ed6223aa3ac5a478e,168698afce0cd53d4cd6c391f878fc4a93bda9995c2cead9c9220df59d150a6c,client_test_01_router_a_majors,client-test-01,customer-test-01,0,"","",USDT/USD,"",0,failed,CrashRecovery,"daemon restarted with submitted transaction awaiting confirmation",0,0,,,1781828556106,,1781836345348,1781828556106
1791,0x0b5f013e4e95f6d9e68fbd4fdbbef3c77b83878e828cac4ed6223aa3ac5a478e,"",client_test_01_router_a_majors,client-test-01,customer-test-01,0,"","",USDT/USD,998940000000000000,1781828508,failed,CrashRecovery,"daemon restarted with submitted transaction awaiting confirmation",0,0,,,,,1781836345348,1781828585595
1792,0x486467f699a91a95418e6e86cadd6fc49a759ae1c0e074a9cdcba3aa9c31eaaa,830f583bfcaa1573cc34040335afdcfaf6a4e1c291def5cdf1a97231842e547e,client_test_01_router_a_majors,client-test-01,customer-test-01,0,"","",BTC/USD,"",0,confirmed,,,0,0,,,1781828750193,1781828791354,,1781828750193
1793,0xe452d99df01bd3ab62ab5c2184fd1315e0ae2520bf096d3659cd3d9786ad885b,830f583bfcaa1573cc34040335afdcfaf6a4e1c291def5cdf1a97231842e547e,client_test_01_router_a_majors,client-test-01,customer-test-01,0,"","",ETH/USD,"",0,confirmed,,,0,0,,,1781828750199,1781828791367,,1781828750199
1794,0x2305f11efdd5e5d111b85c2ab3528e260baa846244412c40b5117ff41d748e2a,830f583bfcaa1573cc34040335afdcfaf6a4e1c291def5cdf1a97231842e547e,client_test_01_router_a_majors,client-test-01,customer-test-01,0,"","",USDC/USD,"",0,confirmed,,,0,0,,,1781828750204,1781828791376,,1781828750204
1795,0x293ca1f8ed1b07900d982360df6925ac6dfeae2a1839e455ac8964c30ef8e292,830f583bfcaa1573cc34040335afdcfaf6a4e1c291def5cdf1a97231842e547e,client_test_01_router_a_majors,client-test-01,customer-test-01,0,"","",DOGE/USD,"",0,confirmed,,,0,0,,,1781828750210,1781828791386,,1781828750210
1796,0xf6c30cef93e0f51acacc92bb876d6e5fac7fe5e8e50c9bd54fe6cd3c2e3b8c5b,767b047e16217a6695f288bb6dc689cc77b0c7c7f07591f7d5552f4e468051ef,client_test_01_router_a_majors,client-test-01,customer-test-01,0,"","",USDT/USD,"",0,confirmed,,,0,0,,,1781828804379,1781828840204,,1781828804379
1797,0xc5561326203bfc8ba1a536b751d9996f7783eba40c842af61aa5f2020f3a0ddb,767b047e16217a6695f288bb6dc689cc77b0c7c7f07591f7d5552f4e468051ef,client_test_01_router_a_majors,client-test-01,customer-test-01,0,"","",BTC/USD,"",0,confirmed,,,0,0,,,1781828804389,1781828840226,,1781828804389
1798,0xabae188214690be3a4e80ee09237a1ffb1dcfd5d3b4085966ec46f98b4a7c601,767b047e16217a6695f288bb6dc689cc77b0c7c7f07591f7d5552f4e468051ef,client_test_01_router_a_majors,client-test-01,customer-test-01,0,"","",ETH/USD,"",0,confirmed,,,0,0,,,1781828804397,1781828840236,,1781828804397
1799,0x293ca1f8ed1b07900d982360df6925ac6dfeae2a1839e455ac8964c30ef8e292,"",client_test_01_router_a_majors,client-test-01,customer-test-01,0,"","",DOGE/USD,83401500600000000,1781828684,failed,NonMonotonicNonce,"Intent for DOGE/USD superseded on chain; not submitted.",0,0,,,,,1781828840222,1781828840222
1800,0x757df18434b9df9eb30ba8e5c3658b097b405f808b35b6c535a1cddf0390b898,941551cb969546eb38ce0ad0832af63f1d8023bf1fb027141492c9a755925737,client_test_01_router_a_majors,client-test-01,customer-test-01,0,"","",USDT/USD,"",0,confirmed,,,0,0,,,1781828849874,1781828889346,,1781828849874
1801,0x52a63f6b0486da305084ab1e9620d7d0fa76ea5ab6a22fa5c16f841673901f02,070fc95720550f6f12c77774334823b99f6d306e837c4fd3ba945a8d020e8bb3,client_test_01_router_a_majors,client-test-01,customer-test-01,0,"","",USDT/USD,"",0,confirmed,,,0,0,,,1781829064410,1781829085815,,1781829064410
1802,0x2ebe1757c2280eabb6840c98753414d5b345473a5ce1e1018ab9008d9310133a,070fc95720550f6f12c77774334823b99f6d306e837c4fd3ba945a8d020e8bb3,client_test_01_router_a_majors,client-test-01,customer-test-01,0,"","",DOGE/USD,"",0,confirmed,,,0,0,,,1781829064424,1781829085829,,1781829064424
1803,0xbb2fa0669bacac94b5652af4c0b7db179dc596a750717ee5ed02e0f153196916,070fc95720550f6f12c77774334823b99f6d306e837c4fd3ba945a8d020e8bb3,client_test_01_router_b_alts,client-test-01,customer-test-01,0,"","",SHIB/USD,"",0,confirmed,,,0,0,,,1781829064430,1781829085837,,1781829064430
1804,0xa191efe1a3d1a145a061c4c37f0267ae6e5fed5fde990b3d39085152469c41b6,070fc95720550f6f12c77774334823b99f6d306e837c4fd3ba945a8d020e8bb3,client_test_01_router_b_alts,client-test-01,customer-test-01,0,"","",NEIRO/USD,"",0,confirmed,,,0,0,,,1781829064434,1781829085848,,1781829064434
1805,0x26494903da2e52bddccb3d43e5f51f5b98e09981450cc7c85ef96a7f2b35d797,070fc95720550f6f12c77774334823b99f6d306e837c4fd3ba945a8d020e8bb3,client_test_01_router_b_alts,client-test-01,customer-test-01,0,"","",XVG/USD,"",0,confirmed,,,0,0,,,1781829064442,1781829085856,,1781829064442
1806,0x20de7f89ab4e16796e1ad66921302ef3c41afc853177bbbcc3e72ac3fc519b87,537e7a99a2f8949aa1ce8e21a471b7e09f133151b7abad6ac91dba0eae61451c,client_test_01_router_a_majors,client-test-01,customer-test-01,0,"","",BTC/USD,"",0,confirmed,,,0,0,,,1781829084325,1781829151237,,1781829084325
1807,0x45fe1563ea7760ee52d293129b3a26fc2176a9e7c431ba6e0c839cb2d39a5a76,537e7a99a2f8949aa1ce8e21a471b7e09f133151b7abad6ac91dba0eae61451c,client_test_01_router_b_alts,client-test-01,customer-test-01,0,"","",LTC/USD,"",0,confirmed,,,0,0,,,1781829127208,1781829151272,,1781829127208
1808,0x9b1d786bf801c52cb0f608445c1967a65168e4b3cf737448bdfbcbc9d72a5f7b,537e7a99a2f8949aa1ce8e21a471b7e09f133151b7abad6ac91dba0eae61451c,client_test_01_router_b_alts,client-test-01,customer-test-01,0,"","",ARB/USD,"",0,confirmed,,,0,0,,,1781829127214,1781829151282,,1781829127214
1809,0x26d6685b6c1d87ea25fc5b0888fefc487709b792da18365155c9bb8b35ae08c7,537e7a99a2f8949aa1ce8e21a471b7e09f133151b7abad6ac91dba0eae61451c,client_test_01_router_a_majors,client-test-01,customer-test-01,0,"","",ETH/USD,"",0,confirmed,,,0,0,,,1781829127219,1781829151298,,1781829127219
1810,0xf8ecafbc1d147b72b42fd890f364969c815c30d19bddece0fd7eb71d15db82ca,537e7a99a2f8949aa1ce8e21a471b7e09f133151b7abad6ac91dba0eae61451c,client_test_01_router_a_majors,client-test-01,customer-test-01,0,"","",USDC/USD,"",0,confirmed,,,0,0,,,1781829127223,1781829151309,,1781829127223
1811,0xbfe9d6e6746126879ca4cde35aace6578b7877bca62d5580885808aedca93366,537e7a99a2f8949aa1ce8e21a471b7e09f133151b7abad6ac91dba0eae61451c,client_test_01_router_a_majors,client-test-01,customer-test-01,0,"","",DOGE/USD,"",0,confirmed,,,0,0,,,1781829127228,1781829151320,,1781829127228
1812,0xe508a40510931760967086d1fb455482c1ad28e1d2c2b605f0eae4e92f8c087e,537e7a99a2f8949aa1ce8e21a471b7e09f133151b7abad6ac91dba0eae61451c,client_test_01_router_b_alts,client-test-01,customer-test-01,0,"","",SHIB/USD,"",0,confirmed,,,0,0,,,1781829127231,1781829151331,,1781829127231
1813,0x50e9306873f40fc74642dd4968990025f4df68a09ee632557fb5be4b4fde5843,bc688e01530ae670854f38634bc2b97d7cdd26ceca93ce238cf212b8c181e7ce,client_test_02_router_default,client-test-02,customer-test-02,0,"","",BTC/USD,"",0,confirmed,,,0,0,,,1781829148517,1781829294582,,1781829148517
1814,0x52a63f6b0486da305084ab1e9620d7d0fa76ea5ab6a22fa5c16f841673901f02,"",client_test_01_router_a_majors,client-test-01,customer-test-01,0,"","",USDT/USD,998929607653591936,1781828987,failed,NonMonotonicNonce,"Intent for USDT/USD superseded on chain; not submitted.",0,0,,,,,1781829151253,1781829151253
1815,0x26494903da2e52bddccb3d43e5f51f5b98e09981450cc7c85ef96a7f2b35d797,"",client_test_01_router_b_alts,client-test-01,customer-test-01,0,"","",XVG/USD,2547694435000000,1781828985,failed,NonMonotonicNonce,"Intent for XVG/USD superseded on chain; not submitted.",0,0,,,,,1781829151293,1781829151293
1816,0xd197ed4cb1ccf8e7ec66cc2bed78c0db7b8da0eafb400e2138a4be17f860e5a1,bc688e01530ae670854f38634bc2b97d7cdd26ceca93ce238cf212b8c181e7ce,client_test_01_router_b_alts,client-test-01,customer-test-01,0,"","",LTC/USD,"",0,confirmed,,,0,0,,,1781829165643,1781829294544,,1781829165643
1817,0x423c480d1a53814bb5873a159e801dced484e96ef091228a288b9f36f009f606,bc688e01530ae670854f38634bc2b97d7cdd26ceca93ce238cf212b8c181e7ce,client_test_01_router_b_alts,client-test-01,customer-test-01,0,"","",ARB/USD,"",0,confirmed,,,0,0,,,1781829165653,1781829294559,,1781829165653
1818,0x167a923c0f9d922aa6952592ed1e1830cb8a1df86efdd9c63a45e8b6db0988f3,bc688e01530ae670854f38634bc2b97d7cdd26ceca93ce238cf212b8c181e7ce,client_test_01_router_a_majors,client-test-01,customer-test-01,0,"","",USDC/USD,"",0,confirmed,,,0,0,,,1781829165659,1781829294571,,1781829165659
1819,0x5ba8295a4659c2f79d9086e4733b4b4b9ec1fc434382f08fa11fedbacd818658,bc688e01530ae670854f38634bc2b97d7cdd26ceca93ce238cf212b8c181e7ce,client_test_01_router_a_majors,client-test-01,customer-test-01,0,"","",ETH/USD,"",0,confirmed,,,0,0,,,1781829165664,1781829294593,,1781829165664
1820,0x4ffcc8e9c6e6303c6a20cb55ed6114b08dc27c3e6434cb5647d501bc2f8a0930,61b657ae6d2dc502adb6b18db7176adf16c7191c29808986247cd3d58fadff6b,client_test_01_router_a_majors,client-test-01,customer-test-01,0,"","",BTC/USD,"",0,confirmed,,,0,0,,,1781829365012,1781829392005,,1781829365012
1821,0xe8ba02b6398bda8b5cf84aefdc95a3c695cedb423d3395ccd41bff996911f3d0,61b657ae6d2dc502adb6b18db7176adf16c7191c29808986247cd3d58fadff6b,client_test_01_router_a_majors,client-test-01,customer-test-01,0,"","",ETH/USD,"",0,confirmed,,,0,0,,,1781829365024,1781829392019,,1781829365024
1822,0x3298d043f2b1f89e7d46164c88d216ade0e76d60a39b5edd718cb454279521e7,61b657ae6d2dc502adb6b18db7176adf16c7191c29808986247cd3d58fadff6b,client_test_01_router_a_majors,client-test-01,customer-test-01,0,"","",USDC/USD,"",0,confirmed,,,0,0,,,1781829365030,1781829392027,,1781829365030
1823,0xb5128af676dde73fbc2a3b7802d267b06443a56be8d256c6fbc3c0c8d6015581,61b657ae6d2dc502adb6b18db7176adf16c7191c29808986247cd3d58fadff6b,client_test_01_router_a_majors,client-test-01,customer-test-01,0,"","",DOGE/USD,"",0,confirmed,,,0,0,,,1781829365034,1781829392037,,1781829365034
1824,0x07f0ac04fd0195837cc0eda447ab7c26f6a6eafa854bef70c77250917ca590ed,2b18b147f3c06dcff42da5cf7b742628f319512aaabce767d5eafcb0296a18db,client_test_01_router_a_majors,client-test-01,customer-test-01,0,"","",USDT/USD,"",0,failed,CrashRecovery,"daemon restarted with submitted transaction awaiting confirmation",0,0,,,1781829404480,,1781836345345,1781829404480
1825,0x5d0f0e5c6ce36f8758f9d4e30931ba54192699360e9fd2917ab2ba65702f6c0c,2b18b147f3c06dcff42da5cf7b742628f319512aaabce767d5eafcb0296a18db,client_test_01_router_a_majors,client-test-01,customer-test-01,0,"","",BTC/USD,"",0,confirmed,,,0,0,,,1781829404166,1781829434071,,1781829404166
1826,0x07f0ac04fd0195837cc0eda447ab7c26f6a6eafa854bef70c77250917ca590ed,"",client_test_01_router_a_majors,client-test-01,customer-test-01,0,"","",USDT/USD,998929607653591936,1781829389,failed,CrashRecovery,"daemon restarted with submitted transaction awaiting confirmation",0,0,,,,,1781836345345,1781829434061
1827,0xb5128af676dde73fbc2a3b7802d267b06443a56be8d256c6fbc3c0c8d6015581,"",client_test_01_router_a_majors,client-test-01,customer-test-01,0,"","",DOGE/USD,83436672300000000,1781829301,failed,NonMonotonicNonce,"Intent for DOGE/USD superseded on chain; not submitted.",0,0,,,,,1781829434068,1781829434068
1828,0x5733326e904c30f2575d958d33c846195af8e389ec2a76f8aae6d4b088bce25b,5d8036203b833dd55e5720757557eb6a311e14cc56ceed5256718311ca0d06c6,client_test_01_router_a_majors,client-test-01,customer-test-01,0,"","",USDT/USD,"",0,confirmed,,,0,0,,,1781829444493,1781829480458,,1781829444493
1829,0xdd07cc842dddae6f70b6f735b6dd84731f34c49e3a4732b76b79b0b28721c65d,"",client_test_01_router_a_majors,client-test-01,customer-test-01,0,"","",USDT/USD,998929212878122048,1781829476,failed,NonMonotonicNonce,"Oracle intent nonce must be greater than the current on-chain nonce; intent superseded, not submitted.",0,0,,,,,1781829486017,1781829486017
1830,0x2d49369d5713cad6200b78721fe4c01767753e01215433e83ee648993138c8d8,d3b7b52ba7ebcf89cf43902a026d49747021d68b0435e907c701f9a9508975ea,client_test_01_router_a_majors,client-test-01,customer-test-01,0,"","",USDC/USD,"",0,confirmed,,,0,0,,,1781829656153,1781829709937,,1781829656153
1831,0x0bed3eb3a478a9138238bc84e51004dee56419d5996a31bff7d72d7a20139868,d3b7b52ba7ebcf89cf43902a026d49747021d68b0435e907c701f9a9508975ea,client_test_01_router_a_majors,client-test-01,customer-test-01,0,"","",USDT/USD,"",0,confirmed,,,0,0,,,1781829656163,1781829709951,,1781829656163
1832,0x5417e92a0c9c90311d64c7a8b22e349deaa035750a68994b67de5572a57ec578,d3b7b52ba7ebcf89cf43902a026d49747021d68b0435e907c701f9a9508975ea,client_test_01_router_a_majors,client-test-01,customer-test-01,0,"","",DOGE/USD,"",0,confirmed,,,0,0,,,1781829656169,1781829709962,,1781829656169
1833,0x52842d71c2b8c4fda0def261d686f6d50ce97beb252c64f07fe1a913c0c366b6,47666b195de6d1d0b19c493a4c31b587abecd3163a52f41f17786d7df453511d,client_test_01_router_a_majors,client-test-01,customer-test-01,0,"","",BTC/USD,"",0,confirmed,,,0,0,,,1781829713328,1781829792661,,1781829713328
1834,0xac60487ee178acaa84ba4eb1eeb4265009f77333449ece14c0ed394b472ead27,"",client_test_01_router_a_majors,client-test-01,customer-test-01,0,"","",USDT/USD,998929210449060224,1781829694,failed,UtxoNotFound,"Error: {""contents"":{""contents"":{""contents"":{""era"":""ShelleyBasedEraConway"",""error"":[""ConwayUtxowFailure (UtxoFailure (InsufficientCollateral (DeltaCoin (-143382262)) (Coin 1608522)))"",""ConwayUtxowFailure (UtxoFailure (IncorrectTotalCollateralField (DeltaCoin (-143382262)) (Coin 5000000)))"",""ConwayUtxowFailure (UtxoFailure NoCollateralInputs)"",""ConwayUtxowFailure (UtxoFailure (BadInputsUTxO (NonEmptySet (fromList [TxIn (TxId {unTxId = SafeHash \""5d8036203b833dd55e5720757557eb6a311e14cc56ceed5256718311ca0d06c6\""}) (TxIx {unTxIx = 2})]))))"",""ConwayUtxowFailure (UtxoFailure (ValueNotConservedUTxO Mismatch (RelEQ) {supplied: MaryValue (Coin 9124900000) (MultiAsset (fromList [(PolicyID {policyID = ScriptHash \""def5c14be6bceefb95769110a0c8c7d5362e58bf8f17b6ee1c1bd902\""},fromList [(\""5ec9fa6a8337c83985882517e4865a68763912f37490cffe992a26abfd29d315\"",1),(\""8a3859b168b77160150b13c200392328254c3758f082050fd7ec5c340ac2a497\"",1)]),(PolicyID {policyID = ScriptHash \""e6721fde8af7e40aecbd6f146b0470cc20722e05a61c9230a052900d\""},fromList [(\""4449415f52454345495645525f434c49454e545f41\"",1)])])), expected: MaryValue (Coin 9273282262) (MultiAsset (fromList [(PolicyID {policyID = ScriptHash \""def5c14be6bceefb95769110a0c8c7d5362e58bf8f17b6ee1c1bd902\""},fromList [(\""5ec9fa6a8337c83985882517e4865a68763912f37490cffe992a26abfd29d315\"",1),(\""8a3859b168b77160150b13c200392328254c3758f082050fd7ec5c340ac2a497\"",1)]),(PolicyID {policyID = ScriptHash \""e6721fde8af7e40aecbd6f146b0470cc20722e05a61c9230a052900d\""},fromList [(\""4449415f52454345495645525f434c49454e545f41\"",1)])]))}))"",""ConwayUtxowFailure (UtxoFailure (UtxosFailure (CollectErrors (BadTranslation (BabbageContextError (AlonzoContextError (TranslationLogicMissingInput (TxIn (TxId {unTxId = SafeHash \""5d8036203b833dd55e5720757557eb6a311e14cc56ceed5256718311ca0d06c6\""}) (TxIx {unTxIx = 2}))))) :| []))))""],""kind"":""ShelleyTxValidationError""},""tag"":""TxValidationErrorInCardanoMode""},""tag"":""TxCmdTxSubmitValidationError""},""tag"":""TxSubmitFail""}",0,0,,,,,1781829780493,1781829780493
1835,0x52842d71c2b8c4fda0def261d686f6d50ce97beb252c64f07fe1a913c0c366b6,47666b195de6d1d0b19c493a4c31b587abecd3163a52f41f17786d7df453511d,client_test_01_router_a_majors,client-test-01,customer-test-01,0,"","",BTC/USD,62876331286371795730432,1781829644,confirmed,UtxoNotFound,"Error: {""contents"":{""contents"":{""contents"":{""era"":""ShelleyBasedEraConway"",""error"":[""ConwayUtxowFailure (UtxoFailure (InsufficientCollateral (DeltaCoin (-143382262)) (Coin 1608522)))"",""ConwayUtxowFailure (UtxoFailure (IncorrectTotalCollateralField (DeltaCoin (-143382262)) (Coin 5000000)))"",""ConwayUtxowFailure (UtxoFailure NoCollateralInputs)"",""ConwayUtxowFailure (UtxoFailure (BadInputsUTxO (NonEmptySet (fromList [TxIn (TxId {unTxId = SafeHash \""5d8036203b833dd55e5720757557eb6a311e14cc56ceed5256718311ca0d06c6\""}) (TxIx {unTxIx = 2})]))))"",""ConwayUtxowFailure (UtxoFailure (ValueNotConservedUTxO Mismatch (RelEQ) {supplied: MaryValue (Coin 9124900000) (MultiAsset (fromList [(PolicyID {policyID = ScriptHash \""def5c14be6bceefb95769110a0c8c7d5362e58bf8f17b6ee1c1bd902\""},fromList [(\""5ec9fa6a8337c83985882517e4865a68763912f37490cffe992a26abfd29d315\"",1),(\""8a3859b168b77160150b13c200392328254c3758f082050fd7ec5c340ac2a497\"",1)]),(PolicyID {policyID = ScriptHash \""e6721fde8af7e40aecbd6f146b0470cc20722e05a61c9230a052900d\""},fromList [(\""4449415f52454345495645525f434c49454e545f41\"",1)])])), expected: MaryValue (Coin 9273282262) (MultiAsset (fromList [(PolicyID {policyID = ScriptHash \""def5c14be6bceefb95769110a0c8c7d5362e58bf8f17b6ee1c1bd902\""},fromList [(\""5ec9fa6a8337c83985882517e4865a68763912f37490cffe992a26abfd29d315\"",1),(\""8a3859b168b77160150b13c200392328254c3758f082050fd7ec5c340ac2a497\"",1)]),(PolicyID {policyID = ScriptHash \""e6721fde8af7e40aecbd6f146b0470cc20722e05a61c9230a052900d\""},fromList [(\""4449415f52454345495645525f434c49454e545f41\"",1)])]))}))"",""ConwayUtxowFailure (UtxoFailure (UtxosFailure (CollectErrors (BadTranslation (BabbageContextError (AlonzoContextError (TranslationLogicMissingInput (TxIn (TxId {unTxId = SafeHash \""5d8036203b833dd55e5720757557eb6a311e14cc56ceed5256718311ca0d06c6\""}) (TxIx {unTxIx = 2}))))) :| []))))""],""kind"":""ShelleyTxValidationError""},""tag"":""TxValidationErrorInCardanoMode""},""tag"":""TxCmdTxSubmitValidationError""},""tag"":""TxSubmitFail""}",0,0,,,,1781829792661,1781829780502,1781829780502
1836,0xcef97607a822339bb3fe2ccfdecd6827f87849deec1155ef3e466a318adaebbd,"",client_test_01_router_a_majors,client-test-01,customer-test-01,0,"","",ETH/USD,1709828158950000164864,1781829696,failed,UtxoNotFound,"Error: {""contents"":{""contents"":{""contents"":{""era"":""ShelleyBasedEraConway"",""error"":[""ConwayUtxowFailure (UtxoFailure (InsufficientCollateral (DeltaCoin (-143382262)) (Coin 1608522)))"",""ConwayUtxowFailure (UtxoFailure (IncorrectTotalCollateralField (DeltaCoin (-143382262)) (Coin 5000000)))"",""ConwayUtxowFailure (UtxoFailure NoCollateralInputs)"",""ConwayUtxowFailure (UtxoFailure (BadInputsUTxO (NonEmptySet (fromList [TxIn (TxId {unTxId = SafeHash \""5d8036203b833dd55e5720757557eb6a311e14cc56ceed5256718311ca0d06c6\""}) (TxIx {unTxIx = 2})]))))"",""ConwayUtxowFailure (UtxoFailure (ValueNotConservedUTxO Mismatch (RelEQ) {supplied: MaryValue (Coin 9124900000) (MultiAsset (fromList [(PolicyID {policyID = ScriptHash \""def5c14be6bceefb95769110a0c8c7d5362e58bf8f17b6ee1c1bd902\""},fromList [(\""5ec9fa6a8337c83985882517e4865a68763912f37490cffe992a26abfd29d315\"",1),(\""8a3859b168b77160150b13c200392328254c3758f082050fd7ec5c340ac2a497\"",1)]),(PolicyID {policyID = ScriptHash \""e6721fde8af7e40aecbd6f146b0470cc20722e05a61c9230a052900d\""},fromList [(\""4449415f52454345495645525f434c49454e545f41\"",1)])])), expected: MaryValue (Coin 9273282262) (MultiAsset (fromList [(PolicyID {policyID = ScriptHash \""def5c14be6bceefb95769110a0c8c7d5362e58bf8f17b6ee1c1bd902\""},fromList [(\""5ec9fa6a8337c83985882517e4865a68763912f37490cffe992a26abfd29d315\"",1),(\""8a3859b168b77160150b13c200392328254c3758f082050fd7ec5c340ac2a497\"",1)]),(PolicyID {policyID = ScriptHash \""e6721fde8af7e40aecbd6f146b0470cc20722e05a61c9230a052900d\""},fromList [(\""4449415f52454345495645525f434c49454e545f41\"",1)])]))}))"",""ConwayUtxowFailure (UtxoFailure (UtxosFailure (CollectErrors (BadTranslation (BabbageContextError (AlonzoContextError (TranslationLogicMissingInput (TxIn (TxId {unTxId = SafeHash \""5d8036203b833dd55e5720757557eb6a311e14cc56ceed5256718311ca0d06c6\""}) (TxIx {unTxIx = 2}))))) :| []))))""],""kind"":""ShelleyTxValidationError""},""tag"":""TxValidationErrorInCardanoMode""},""tag"":""TxCmdTxSubmitValidationError""},""tag"":""TxSubmitFail""}",0,0,,,,,1781829780509,1781829780509
1837,0xbeca5b33f996043b70c67529a273af292aca2b5c815769e22fc7cc9201e14c3a,"",client_test_01_router_a_majors,client-test-01,customer-test-01,0,"","",USDC/USD,999829056600000128,1781829702,failed,UtxoNotFound,"Error: {""contents"":{""contents"":{""contents"":{""era"":""ShelleyBasedEraConway"",""error"":[""ConwayUtxowFailure (UtxoFailure (InsufficientCollateral (DeltaCoin (-143382262)) (Coin 1608522)))"",""ConwayUtxowFailure (UtxoFailure (IncorrectTotalCollateralField (DeltaCoin (-143382262)) (Coin 5000000)))"",""ConwayUtxowFailure (UtxoFailure NoCollateralInputs)"",""ConwayUtxowFailure (UtxoFailure (BadInputsUTxO (NonEmptySet (fromList [TxIn (TxId {unTxId = SafeHash \""5d8036203b833dd55e5720757557eb6a311e14cc56ceed5256718311ca0d06c6\""}) (TxIx {unTxIx = 2})]))))"",""ConwayUtxowFailure (UtxoFailure (ValueNotConservedUTxO Mismatch (RelEQ) {supplied: MaryValue (Coin 9124900000) (MultiAsset (fromList [(PolicyID {policyID = ScriptHash \""def5c14be6bceefb95769110a0c8c7d5362e58bf8f17b6ee1c1bd902\""},fromList [(\""5ec9fa6a8337c83985882517e4865a68763912f37490cffe992a26abfd29d315\"",1),(\""8a3859b168b77160150b13c200392328254c3758f082050fd7ec5c340ac2a497\"",1)]),(PolicyID {policyID = ScriptHash \""e6721fde8af7e40aecbd6f146b0470cc20722e05a61c9230a052900d\""},fromList [(\""4449415f52454345495645525f434c49454e545f41\"",1)])])), expected: MaryValue (Coin 9273282262) (MultiAsset (fromList [(PolicyID {policyID = ScriptHash \""def5c14be6bceefb95769110a0c8c7d5362e58bf8f17b6ee1c1bd902\""},fromList [(\""5ec9fa6a8337c83985882517e4865a68763912f37490cffe992a26abfd29d315\"",1),(\""8a3859b168b77160150b13c200392328254c3758f082050fd7ec5c340ac2a497\"",1)]),(PolicyID {policyID = ScriptHash \""e6721fde8af7e40aecbd6f146b0470cc20722e05a61c9230a052900d\""},fromList [(\""4449415f52454345495645525f434c49454e545f41\"",1)])]))}))"",""ConwayUtxowFailure (UtxoFailure (UtxosFailure (CollectErrors (BadTranslation (BabbageContextError (AlonzoContextError (TranslationLogicMissingInput (TxIn (TxId {unTxId = SafeHash \""5d8036203b833dd55e5720757557eb6a311e14cc56ceed5256718311ca0d06c6\""}) (TxIx {unTxIx = 2}))))) :| []))))""],""kind"":""ShelleyTxValidationError""},""tag"":""TxValidationErrorInCardanoMode""},""tag"":""TxCmdTxSubmitValidationError""},""tag"":""TxSubmitFail""}",0,0,,,,,1781829780516,1781829780516
1838,0xd62e9cebf88bd9703bbcf2fed72121b51905babb015a7f1eb6c14347ee7ce391,"",client_test_01_router_a_majors,client-test-01,customer-test-01,0,"","",DOGE/USD,83467500000000000,1781829705,failed,UtxoNotFound,"Error: {""contents"":{""contents"":{""contents"":{""era"":""ShelleyBasedEraConway"",""error"":[""ConwayUtxowFailure (UtxoFailure (InsufficientCollateral (DeltaCoin (-143382262)) (Coin 1608522)))"",""ConwayUtxowFailure (UtxoFailure (IncorrectTotalCollateralField (DeltaCoin (-143382262)) (Coin 5000000)))"",""ConwayUtxowFailure (UtxoFailure NoCollateralInputs)"",""ConwayUtxowFailure (UtxoFailure (BadInputsUTxO (NonEmptySet (fromList [TxIn (TxId {unTxId = SafeHash \""5d8036203b833dd55e5720757557eb6a311e14cc56ceed5256718311ca0d06c6\""}) (TxIx {unTxIx = 2})]))))"",""ConwayUtxowFailure (UtxoFailure (ValueNotConservedUTxO Mismatch (RelEQ) {supplied: MaryValue (Coin 9124900000) (MultiAsset (fromList [(PolicyID {policyID = ScriptHash \""def5c14be6bceefb95769110a0c8c7d5362e58bf8f17b6ee1c1bd902\""},fromList [(\""5ec9fa6a8337c83985882517e4865a68763912f37490cffe992a26abfd29d315\"",1),(\""8a3859b168b77160150b13c200392328254c3758f082050fd7ec5c340ac2a497\"",1)]),(PolicyID {policyID = ScriptHash \""e6721fde8af7e40aecbd6f146b0470cc20722e05a61c9230a052900d\""},fromList [(\""4449415f52454345495645525f434c49454e545f41\"",1)])])), expected: MaryValue (Coin 9273282262) (MultiAsset (fromList [(PolicyID {policyID = ScriptHash \""def5c14be6bceefb95769110a0c8c7d5362e58bf8f17b6ee1c1bd902\""},fromList [(\""5ec9fa6a8337c83985882517e4865a68763912f37490cffe992a26abfd29d315\"",1),(\""8a3859b168b77160150b13c200392328254c3758f082050fd7ec5c340ac2a497\"",1)]),(PolicyID {policyID = ScriptHash \""e6721fde8af7e40aecbd6f146b0470cc20722e05a61c9230a052900d\""},fromList [(\""4449415f52454345495645525f434c49454e545f41\"",1)])]))}))"",""ConwayUtxowFailure (UtxoFailure (UtxosFailure (CollectErrors (BadTranslation (BabbageContextError (AlonzoContextError (TranslationLogicMissingInput (TxIn (TxId {unTxId = SafeHash \""5d8036203b833dd55e5720757557eb6a311e14cc56ceed5256718311ca0d06c6\""}) (TxIx {unTxIx = 2}))))) :| []))))""],""kind"":""ShelleyTxValidationError""},""tag"":""TxValidationErrorInCardanoMode""},""tag"":""TxCmdTxSubmitValidationError""},""tag"":""TxSubmitFail""}",0,0,,,,,1781829780523,1781829780523
1839,0x2e19cba14cb879ddb71a27242b2717c9acdccddeb060ee174a0434d17b2f71ea,6c9c1331aa6e3f34a1f4dba7e16489b11a535e9c74194adf39cad20d3d0dbb1e,client_test_01_router_a_majors,client-test-01,customer-test-01,0,"","",BTC/USD,"",0,confirmed,,,0,0,,,1781829791216,1781829821178,,1781829791216
1840,0x614e42eeb616702e97d85786a39e028582fac6a8289880cc67ac076e339c3327,6c9c1331aa6e3f34a1f4dba7e16489b11a535e9c74194adf39cad20d3d0dbb1e,client_test_01_router_a_majors,client-test-01,customer-test-01,0,"","",ETH/USD,"",0,confirmed,,,0,0,,,1781829791228,1781829821192,,1781829791228
1841,0xb399a9750027c6f4c55c0e2470b72651eb18871267a4fc4bfd0f4f25bd070d49,"",client_test_02_router_default,client-test-02,customer-test-02,0,"","",BTC/USD,62880238579968219545600,1781829783,failed,NonMonotonicNonce,"Oracle intent nonce must be greater than the current on-chain nonce; intent superseded, not submitted.",0,0,,,,,1781829798219,1781829798219
1842,0xb399a9750027c6f4c55c0e2470b72651eb18871267a4fc4bfd0f4f25bd070d49,"",client_test_01_router_a_majors,client-test-01,customer-test-01,0,"","",BTC/USD,62880238579968219545600,1781829783,failed,NonMonotonicNonce,"Intent for BTC/USD superseded on chain; not submitted.",0,0,,,,,1781829825519,1781829825519
1843,0x5b78df2f4964b0c8a2eee6fd50199b7b934ec8b272fdedd1019343a63f7aacb6,"",client_test_01_router_a_majors,client-test-01,customer-test-01,0,"","",ETH/USD,1709937013067197579264,1781829785,failed,NonMonotonicNonce,"Intent for ETH/USD superseded on chain; not submitted.",0,0,,,,,1781829825527,1781829825527
1844,0xcc38ea50420287c8ffa3a15f39e2648f2e4fbb63de01cb108d8224f151b709c9,07d8c52e3ccbd2b7d51a84592d3214964e05ab35a25fc8f8f280e7b41da5c893,client_test_01_router_a_majors,client-test-01,customer-test-01,0,"","",USDT/USD,"",0,confirmed,,,0,0,,,1781829946210,1781830002833,,1781829946210
1845,0x0a7a53f1463ce45ede2afbcae6fc8a2cb1d56dba30d4d57efe4c1edf9dbbcd9a,f9bde88876d1ee09e7dbe4796b64064c2b4f97424242f2935130cde26017df14,client_test_01_router_a_majors,client-test-01,customer-test-01,0,"","",BTC/USD,"",0,confirmed,,,0,0,,,1781830018187,1781830112001,,1781830018187
1846,0x713c347b9ae41b33b5e652b27a05859255b13dcd0be4e7ceff50389a04e9ae69,f9bde88876d1ee09e7dbe4796b64064c2b4f97424242f2935130cde26017df14,client_test_01_router_a_majors,client-test-01,customer-test-01,0,"","",ETH/USD,"",0,confirmed,,,0,0,,,1781830018194,1781830112016,,1781830018194
1847,0x16f607f9b682fabd262be08f847cf13c515b406a21cd8f841a70a6f6e75fd8b8,f9bde88876d1ee09e7dbe4796b64064c2b4f97424242f2935130cde26017df14,client_test_01_router_a_majors,client-test-01,customer-test-01,0,"","",USDC/USD,"",0,confirmed,,,0,0,,,1781830018200,1781830112028,,1781830018200
1848,0xfbd293e8bba8fc15d7c5838b8f0a0a43713b4738d1b2504c5f69f2ca97a3cfed,f9bde88876d1ee09e7dbe4796b64064c2b4f97424242f2935130cde26017df14,client_test_01_router_a_majors,client-test-01,customer-test-01,0,"","",DOGE/USD,"",0,confirmed,,,0,0,,,1781830018208,1781830112038,,1781830018208
1849,0xed7b1992eda57cb6a11bc0007734b1b5b228fbed25af1e9e53a73c7a9791530c,f9bde88876d1ee09e7dbe4796b64064c2b4f97424242f2935130cde26017df14,client_test_01_router_b_alts,client-test-01,customer-test-01,0,"","",NEIRO/USD,"",0,failed,CrashRecovery,"daemon restarted with submitted transaction awaiting confirmation",0,0,,,1781830018212,,1781836345342,1781830018212
1850,0xef17dc362f8f8497324e3aa4a4775f129687c62fae4f2e316bcfdbac16a3f5b1,f9bde88876d1ee09e7dbe4796b64064c2b4f97424242f2935130cde26017df14,client_test_01_router_a_majors,client-test-01,customer-test-01,0,"","",USDT/USD,"",0,confirmed,,,0,0,,,1781830018217,1781830112052,,1781830018217
1851,0xed7b1992eda57cb6a11bc0007734b1b5b228fbed25af1e9e53a73c7a9791530c,"",client_test_01_router_b_alts,client-test-01,customer-test-01,0,"","",NEIRO/USD,67913190837500,1781829994,failed,CrashRecovery,"daemon restarted with submitted transaction awaiting confirmation",0,0,,,,,1781836345342,1781830112049
1852,0xa3f5f635ab799133b097b23366acbaf4e5794eb46d5a66a13b7a621b73838068,a93e9e21382da243a5d00f2ebd3b9e3386109d2e16d608e17131f0638631d39f,client_test_01_router_a_majors,client-test-01,customer-test-01,0,"","",DOGE/USD,"",0,confirmed,,,0,0,,,1781830126278,1781830141447,,1781830126278
1853,0x26f50d0777dfad385d9f42086df6cf110a80d9b0e94dc0c75a465adb9faa22f4,a93e9e21382da243a5d00f2ebd3b9e3386109d2e16d608e17131f0638631d39f,client_test_01_router_a_majors,client-test-01,customer-test-01,0,"","",BTC/USD,"",0,confirmed,,,0,0,,,1781830126288,1781830141461,,1781830126288
1854,0x45d2a853a8ca35908f326d09034780d823219e1ba448284b4c4902a6fea5f1f7,a93e9e21382da243a5d00f2ebd3b9e3386109d2e16d608e17131f0638631d39f,client_test_01_router_a_majors,client-test-01,customer-test-01,0,"","",ETH/USD,"",0,confirmed,,,0,0,,,1781830126296,1781830141470,,1781830126296
1855,0x554e784ed94d22b86094856735055af1ebc4c15abb708ff990623169a73254e5,a93e9e21382da243a5d00f2ebd3b9e3386109d2e16d608e17131f0638631d39f,client_test_01_router_a_majors,client-test-01,customer-test-01,0,"","",USDC/USD,"",0,confirmed,,,0,0,,,1781830126302,1781830141487,,1781830126302
1856,0x5eeb3ade95eaee8d85c73edb5414b1c77d281e0d977f0e765ec78d875d45cffe,a93e9e21382da243a5d00f2ebd3b9e3386109d2e16d608e17131f0638631d39f,client_test_01_router_b_alts,client-test-01,customer-test-01,0,"","",NEIRO/USD,"",0,failed,CrashRecovery,"daemon restarted with submitted transaction awaiting confirmation",0,0,,,1781830126305,,1781836345339,1781830126305
1857,0x5eeb3ade95eaee8d85c73edb5414b1c77d281e0d977f0e765ec78d875d45cffe,"",client_test_01_router_b_alts,client-test-01,customer-test-01,0,"","",NEIRO/USD,67915688200000,1781830081,failed,CrashRecovery,"daemon restarted with submitted transaction awaiting confirmation",0,0,,,,,1781836345339,1781830141503
1858,0x96add8bcc180c55728e460178856ea2c5c53812f46b630197cfc12a9e42808e2,b0fb315959a33f4636c52bed162dfc6b70b42c16cb60086e3b0e241a466c4200,client_test_01_router_b_alts,client-test-01,customer-test-01,0,"","",NEIRO/USD,"",0,confirmed,,,0,0,,,1781830151726,1781830195845,,1781830151726
1859,0x54dbf72f26da73f39ef52f04e897182680b816e7e3bdf7e6901dbbc361913d52,"",client_test_01_router_b_alts,client-test-01,customer-test-01,0,"","",NEIRO/USD,67915688200000,1781830170,failed,NonMonotonicNonce,"Oracle intent nonce must be greater than the current on-chain nonce; intent superseded, not submitted.",0,0,,,,,1781830201427,1781830201427
1860,0x3517a0034f6b28762f1e668c71cf1b79e3873b3fbf706fd89bc8104d26b3b069,ab7bd94a0bbb1787707d2e27f1d51f4f8eab8d48573f58636b5f21970dbe35d6,client_test_01_router_a_majors,client-test-01,customer-test-01,0,"","",USDC/USD,"",0,confirmed,,,0,0,,,1781830270073,1781830293971,,1781830270073
1861,0x667f2e48dc4b2831beac12681cbc714034e662115f9b0c29a3f1d96e1aec8ff9,ab7bd94a0bbb1787707d2e27f1d51f4f8eab8d48573f58636b5f21970dbe35d6,client_test_01_router_a_majors,client-test-01,customer-test-01,0,"","",USDT/USD,"",0,confirmed,,,0,0,,,1781830270079,1781830293987,,1781830270079
1862,0xeaef4454e66d79e69871126d209882a2948e259fe6daf7bab10a190586b41dfb,ab7bd94a0bbb1787707d2e27f1d51f4f8eab8d48573f58636b5f21970dbe35d6,client_test_01_router_a_majors,client-test-01,customer-test-01,0,"","",DOGE/USD,"",0,confirmed,,,0,0,,,1781830270083,1781830293996,,1781830270083
1863,0x9b391aa737e9074566f4e2c05f53ab253e1f1146d1936d84ae00bea66d777e3c,5612180d564eba1e8d07e37a51a4ff1e2eaedeb875024f2fa8df13de55e7bc11,client_test_01_router_a_majors,client-test-01,customer-test-01,0,"","",BTC/USD,"",0,confirmed,,,0,0,,,1781830308252,1781830356179,,1781830308252
1864,0x346775efe07d152d17aa82fbf2bc1924ed08c5b2bb40e405ab601d4e930c20d9,ea460c77bd3c0afa00f577dc036d0b99b492aeed89a7419d1b241bfe70034166,client_test_01_router_a_majors,client-test-01,customer-test-01,0,"","",ETH/USD,"",0,confirmed,,,0,0,,,1781830308262,1781830323306,,1781830308262
1865,0xadbeebde037d027ef8049c2b57e9f7c62474911df1e5c8b10472b90b73bb8531,ea460c77bd3c0afa00f577dc036d0b99b492aeed89a7419d1b241bfe70034166,client_test_01_router_a_majors,client-test-01,customer-test-01,0,"","",USDC/USD,"",0,confirmed,,,0,0,,,1781830308267,1781830323314,,1781830308267
1866,0xa64ce04b33abe969c3ffe1bcfffda268904e635984178a51dc5ba2f8393b80bd,ea460c77bd3c0afa00f577dc036d0b99b492aeed89a7419d1b241bfe70034166,client_test_01_router_a_majors,client-test-01,customer-test-01,0,"","",DOGE/USD,"",0,confirmed,,,0,0,,,1781830308271,1781830323321,,1781830308271
1867,0x667f2e48dc4b2831beac12681cbc714034e662115f9b0c29a3f1d96e1aec8ff9,"",client_test_01_router_a_majors,client-test-01,customer-test-01,0,"","",USDT/USD,998920000000000000,1781830223,failed,NonMonotonicNonce,"Intent for USDT/USD superseded on chain; not submitted.",0,0,,,,,1781830323294,1781830323294
1868,0x7c6c527170625bd695f9a5b0bb912ffbc7fca79a3e82ad5b8a38f7804b95a140,4d5e5b435ab26468d4563a34b7b6869049437da205dc09b27ad133a3eda9b9b1,client_test_01_router_a_majors,client-test-01,customer-test-01,0,"","",USDT/USD,"",0,confirmed,,,0,0,,,1781830560520,1781830602426,,1781830560520
1869,0x147c13c5c84aced3b87ae97a2051b2183060ec1bb0527fea5122888eb80469fe,f868dc980bde88d17ac354f0c6152558405ff05d56bbc4ca8b761dfc4c70f348,client_test_01_router_a_majors,client-test-01,customer-test-01,0,"","",BTC/USD,"",0,confirmed,,,0,0,,,1781830616168,1781830655149,,1781830616168
1870,0xb2d6d0190d5bf7803867bd26dbee64b8e6d2b09b0dc8dea6c3499dfa31a4b415,f868dc980bde88d17ac354f0c6152558405ff05d56bbc4ca8b761dfc4c70f348,client_test_01_router_a_majors,client-test-01,customer-test-01,0,"","",ETH/USD,"",0,confirmed,,,0,0,,,1781830616179,1781830655164,,1781830616179
1871,0x44f67265700dfbe61648fe0a393bf95a8ef6c2df22bfa7e796b3d677eec9baa4,f868dc980bde88d17ac354f0c6152558405ff05d56bbc4ca8b761dfc4c70f348,client_test_01_router_a_majors,client-test-01,customer-test-01,0,"","",USDC/USD,"",0,confirmed,,,0,0,,,1781830616188,1781830655176,,1781830616188
1872,0x164be1cba61bdfa03d1e37de2b0062d78d1f47d9d1289b4a153c5022d82773d8,f868dc980bde88d17ac354f0c6152558405ff05d56bbc4ca8b761dfc4c70f348,client_test_01_router_a_majors,client-test-01,customer-test-01,0,"","",DOGE/USD,"",0,confirmed,,,0,0,,,1781830616195,1781830655186,,1781830616195
1873,0x6575e9c346b23c27d668422639665d275e858da4462bfe6cf5a00a1a963b44c2,f868dc980bde88d17ac354f0c6152558405ff05d56bbc4ca8b761dfc4c70f348,client_test_01_router_a_majors,client-test-01,customer-test-01,0,"","",USDT/USD,"",0,confirmed,,,0,0,,,1781830616202,1781830655195,,1781830616202
1874,0x7902f2d26cb7760a18e3f0e003f2bd6363cb44e6278e7b6a2bc5e5882dc44666,9a6e4528a47a2b673e31be47a02621a3e314da4aa4a9a331c717b9031bb37243,client_test_01_router_a_majors,client-test-01,customer-test-01,0,"","",DOGE/USD,"",0,confirmed,,,0,0,,,1781830667701,1781830703736,,1781830667701
1875,0x65ed50e8a4f76a59565d098c1b39b157a22fecfdc9ff7cc5b8a9a3e9a7b881fb,9a6e4528a47a2b673e31be47a02621a3e314da4aa4a9a331c717b9031bb37243,client_test_01_router_a_majors,client-test-01,customer-test-01,0,"","",BTC/USD,"",0,confirmed,,,0,0,,,1781830667712,1781830703751,,1781830667712
1876,0xe69d9e3cad93042231f21ce98f43b179b8ad91d55f26ba7c396b10c95465c26b,9a6e4528a47a2b673e31be47a02621a3e314da4aa4a9a331c717b9031bb37243,client_test_01_router_a_majors,client-test-01,customer-test-01,0,"","",ETH/USD,"",0,confirmed,,,0,0,,,1781830667717,1781830703760,,1781830667717
1877,0x60efe793a210bd96e9410ad67a224bdd254e67e3b1025c8692c9604d164a3089,9a6e4528a47a2b673e31be47a02621a3e314da4aa4a9a331c717b9031bb37243,client_test_01_router_a_majors,client-test-01,customer-test-01,0,"","",USDC/USD,"",0,confirmed,,,0,0,,,1781830667721,1781830703776,,1781830667721
1878,0x45c39086897bb8d9471a621ad41de7b1050221994a02b55d475dc5796f6ed43f,ccc46aa890664c8311b69826a9b248469204f48150f38b1d70f30eef180d4a37,client_test_01_router_a_majors,client-test-01,customer-test-01,0,"","",BTC/USD,"",0,confirmed,,,0,0,,,1781830852406,1781830932675,,1781830852406
1879,0xb9edc0e9c134c7a93c33ae58ab2716806c4c22da2e9ad296d66b24038341ce5a,ccc46aa890664c8311b69826a9b248469204f48150f38b1d70f30eef180d4a37,client_test_01_router_a_majors,client-test-01,customer-test-01,0,"","",ETH/USD,"",0,confirmed,,,0,0,,,1781830879346,1781830932686,,1781830879346
1880,0x82ff19a06e8880d4f9392e3ca3a75e67b7862be75d6e5cbec401c42c6e4b8c25,ccc46aa890664c8311b69826a9b248469204f48150f38b1d70f30eef180d4a37,client_test_01_router_a_majors,client-test-01,customer-test-01,0,"","",USDC/USD,"",0,confirmed,,,0,0,,,1781830879353,1781830932696,,1781830879353
1881,0xd5b13ab0b1747a9203ee97927fccbdea9a4896e626858c71a9feabeb14686605,ccc46aa890664c8311b69826a9b248469204f48150f38b1d70f30eef180d4a37,client_test_01_router_a_majors,client-test-01,customer-test-01,0,"","",DOGE/USD,"",0,confirmed,,,0,0,,,1781830879359,1781830932741,,1781830879359
1882,0x3275f70f2f7c6c4cd407ece9c4b5bcaf4de02f82f68f94d6b9d16d50acd92df9,ccc46aa890664c8311b69826a9b248469204f48150f38b1d70f30eef180d4a37,client_test_01_router_b_alts,client-test-01,customer-test-01,0,"","",LTC/USD,"",0,confirmed,,,0,0,,,1781830879363,1781830932752,,1781830879363
1883,0x497a8e44b10610afd91cfea04596143799833de9a9bbd550608639f0d1c83d99,ccc46aa890664c8311b69826a9b248469204f48150f38b1d70f30eef180d4a37,client_test_01_router_b_alts,client-test-01,customer-test-01,0,"","",ARB/USD,"",0,confirmed,,,0,0,,,1781830879367,1781830932760,,1781830879367
1884,0x18c4d55d0594c2ee4c75fd3afd5f9933b8fd6273681cdfe99cf3aa11af29e77a,ccc46aa890664c8311b69826a9b248469204f48150f38b1d70f30eef180d4a37,client_test_01_router_b_alts,client-test-01,customer-test-01,0,"","",SHIB/USD,"",0,confirmed,,,0,0,,,1781830879371,1781830932770,,1781830879371
1885,0x3229be83bb20bac8e8a9245ef1b5daa930bb8b3dba60002e9177309de1c6987d,8cc4e69456d78cb0bb063677b33823a637661138ebbae115850bfa317f8276f1,client_test_01_router_a_majors,client-test-01,customer-test-01,0,"","",ETH/USD,"",0,confirmed,,,0,0,,,1781830952512,1781831014092,,1781830952512
1886,0x339e5a533bfc2e731445cc4deaa2b6ecb7ad11e0d526e5f24b5baa2fcf93a0dd,8cc4e69456d78cb0bb063677b33823a637661138ebbae115850bfa317f8276f1,client_test_01_router_a_majors,client-test-01,customer-test-01,0,"","",USDC/USD,"",0,confirmed,,,0,0,,,1781830952523,1781831014107,,1781830952523
1887,0xeee46eb6761267c8d32fbbeae5f45f4cd3ed276061897105e608f7ae6b289919,8cc4e69456d78cb0bb063677b33823a637661138ebbae115850bfa317f8276f1,client_test_01_router_a_majors,client-test-01,customer-test-01,0,"","",USDT/USD,"",0,confirmed,,,0,0,,,1781830952527,1781831014119,,1781830952527
1888,0x4a533d427fd48c1e8b6663c9f976a422eecd00c789c31cc5cd81ae24ac8bfae7,8cc4e69456d78cb0bb063677b33823a637661138ebbae115850bfa317f8276f1,client_test_01_router_a_majors,client-test-01,customer-test-01,0,"","",DOGE/USD,"",0,confirmed,,,0,0,,,1781830952532,1781831014129,,1781830952532
1889,0x4f4a755889185de9e5745d0311c1c8c359e9944e3e8f7e644e70733b511f173c,8cc4e69456d78cb0bb063677b33823a637661138ebbae115850bfa317f8276f1,client_test_01_router_b_alts,client-test-01,customer-test-01,0,"","",SHIB/USD,"",0,confirmed,,,0,0,,,1781830952536,1781831014139,,1781830952536
1890,0x256bc0a620ccbe134bd37d322df851b18679ac21c20216eb7b2249edd6b493f0,8cc4e69456d78cb0bb063677b33823a637661138ebbae115850bfa317f8276f1,client_test_01_router_b_alts,client-test-01,customer-test-01,0,"","",NEIRO/USD,"",0,confirmed,,,0,0,,,1781830952540,1781831014151,,1781830952540
1891,0x7a1f14c5634d42ee528c6184d69a40b30e2c5e06625050f1babf67e347236520,8cc4e69456d78cb0bb063677b33823a637661138ebbae115850bfa317f8276f1,client_test_01_router_b_alts,client-test-01,customer-test-01,0,"","",XVG/USD,"",0,confirmed,,,0,0,,,1781830952546,1781831014160,,1781830952546
1892,0xb8ddbb883e8006060eb1a7fa12d306420442b478c69d2c1a97cc975ece19ac72,8cc4e69456d78cb0bb063677b33823a637661138ebbae115850bfa317f8276f1,client_test_01_router_b_alts,client-test-01,customer-test-01,0,"","",ARB/USD,"",0,confirmed,,,0,0,,,1781830952550,1781831014167,,1781830952550
1893,0x4b8fe0439373674a9dfb9edde57252207e177a4e1116a780eb2cf82518260631,8cc4e69456d78cb0bb063677b33823a637661138ebbae115850bfa317f8276f1,client_test_01_router_a_majors,client-test-01,customer-test-01,0,"","",BTC/USD,"",0,confirmed,,,0,0,,,1781830952554,1781831014176,,1781830952554
1894,0x46f35da726393736eead5fc12ee5d5704660bec7f0105f7c6ce5298f9d6d6bf6,8cc4e69456d78cb0bb063677b33823a637661138ebbae115850bfa317f8276f1,client_test_01_router_b_alts,client-test-01,customer-test-01,0,"","",LTC/USD,"",0,confirmed,,,0,0,,,1781830952557,1781831014187,,1781830952557
1895,0x6cf05ffcf701c2fd75ce0ab6abd78d7af286931418b9657fe971feb09073b29c,"",client_test_01_router_a_majors,client-test-01,customer-test-01,0,"","",USDT/USD,998920000000000000,1781830978,failed,NonMonotonicNonce,"Intent for USDT/USD superseded on chain; not submitted.",0,0,,,,,1781831019478,1781831019478
1896,0x256bc0a620ccbe134bd37d322df851b18679ac21c20216eb7b2249edd6b493f0,"",client_test_01_router_b_alts,client-test-01,customer-test-01,0,"","",NEIRO/USD,67926649513795,1781830916,failed,NonMonotonicNonce,"Intent for NEIRO/USD superseded on chain; not submitted.",0,0,,,,,1781831019487,1781831019487
1897,0xaeee0761a8b7c8f775332234670752b378c71424aa88a1b2f1c65da83a853e15,"",client_test_01_router_b_alts,client-test-01,customer-test-01,0,"","",XVG/USD,2548117370000000,1781830976,failed,NonMonotonicNonce,"Intent for XVG/USD superseded on chain; not submitted.",0,0,,,,,1781831019495,1781831019495
1898,0x5027163b6821b9cc5841b1b29ed27400ff40a7dd9a505ebeb21ea213175ad81a,51a584ebd80f340e619e9011c1b2880e6f0963bfc82755643613dda4654573d4,client_test_01_router_a_majors,client-test-01,customer-test-01,0,"","",BTC/USD,"",0,confirmed,,,0,0,,,1781831147520,1781831201384,,1781831147520
1899,0x8cc2e3a9bdabbeb0150c094360ff33b6cc2da148697684d0bb8403d0e42e9b62,51a584ebd80f340e619e9011c1b2880e6f0963bfc82755643613dda4654573d4,client_test_01_router_a_majors,client-test-01,customer-test-01,0,"","",ETH/USD,"",0,confirmed,,,0,0,,,1781831147530,1781831201400,,1781831147530
1900,0x092576264f67f3c0930641fc4f56399fadf9d8e87a4852efd76aa47036558865,51a584ebd80f340e619e9011c1b2880e6f0963bfc82755643613dda4654573d4,client_test_01_router_a_majors,client-test-01,customer-test-01,0,"","",USDC/USD,"",0,confirmed,,,0,0,,,1781831147534,1781831201414,,1781831147534
1901,0xf5969114c5785717b6ca76a7fdcb742c6515d133832aec797682d80018521f1a,51a584ebd80f340e619e9011c1b2880e6f0963bfc82755643613dda4654573d4,client_test_01_router_a_majors,client-test-01,customer-test-01,0,"","",DOGE/USD,"",0,confirmed,,,0,0,,,1781831147539,1781831201423,,1781831147539
1902,0x3a5d6d30de496233f98a9952bd08572c402b8b068c787b126202624f7a7f285d,d0fc2f2a5e9845a3138703291078c52df527e4c28c33bbb39d110c2d0a0a7844,client_test_01_router_a_majors,client-test-01,customer-test-01,0,"","",USDT/USD,"",0,confirmed,,,0,0,,,1781831215273,1781831252366,,1781831215273
1903,0x259cf6ff010e251521e030e4179678b40c48b0a4799975a53a435f723b00915c,d0fc2f2a5e9845a3138703291078c52df527e4c28c33bbb39d110c2d0a0a7844,client_test_01_router_a_majors,client-test-01,customer-test-01,0,"","",BTC/USD,"",0,confirmed,,,0,0,,,1781831215286,1781831252377,,1781831215286
1904,0x8feaa121ff965bd5d1582a7645b6b2a4bc9fef082d4218318d8561fc35fe8220,d0fc2f2a5e9845a3138703291078c52df527e4c28c33bbb39d110c2d0a0a7844,client_test_01_router_a_majors,client-test-01,customer-test-01,0,"","",ETH/USD,"",0,confirmed,,,0,0,,,1781831215291,1781831252385,,1781831215291
1905,0x8d5c5ec9b2311f98c9a146b1c33b25bc43db1581acdb26f507f97bae5c15b551,d0fc2f2a5e9845a3138703291078c52df527e4c28c33bbb39d110c2d0a0a7844,client_test_01_router_a_majors,client-test-01,customer-test-01,0,"","",USDC/USD,"",0,confirmed,,,0,0,,,1781831215298,1781831252393,,1781831215298
1906,0x7197f779523783b3ca0a5d88481b6d08ece2605bb1a156631220b28193efae67,d0fc2f2a5e9845a3138703291078c52df527e4c28c33bbb39d110c2d0a0a7844,client_test_01_router_a_majors,client-test-01,customer-test-01,0,"","",DOGE/USD,"",0,confirmed,,,0,0,,,1781831215302,1781831252401,,1781831215302
1907,0xfcf057b709538ae726fd8b0fc1378a2a61d0b69d250ddb99b2acc179beae7103,c3e50e1b3b500549fa2b48bd618a92d52ae8caa0d76cd17643523c78b54344d0,client_test_01_router_a_majors,client-test-01,customer-test-01,0,"","",USDT/USD,"",0,confirmed,,,0,0,,,1781831262663,1781831286450,,1781831262663
1908,0x92f15679715765b3db521d555eb0640b4f1c968d77c7dc4376657eebb2070833,939672d3c5ef099545f2c85ca4e74705a4c1bad9cd1c68b8071c773442b6527e,client_test_01_router_a_majors,client-test-01,customer-test-01,0,"","",BTC/USD,"",0,confirmed,,,0,0,,,1781831465859,1781831541869,,1781831465859
1909,0x92f15679715765b3db521d555eb0640b4f1c968d77c7dc4376657eebb2070833,939672d3c5ef099545f2c85ca4e74705a4c1bad9cd1c68b8071c773442b6527e,client_test_01_router_a_majors,client-test-01,customer-test-01,0,"","",BTC/USD,62949175342499996106752,1781831408,confirmed,UtxoNotFound,"Error: {""contents"":{""contents"":{""contents"":{""era"":""ShelleyBasedEraConway"",""error"":[""ConwayUtxowFailure (UtxoFailure (InsufficientCollateral (DeltaCoin (-131193564)) (Coin 2145827)))"",""ConwayUtxowFailure (UtxoFailure (IncorrectTotalCollateralField (DeltaCoin (-131193564)) (Coin 5000000)))"",""ConwayUtxowFailure (UtxoFailure NoCollateralInputs)"",""ConwayUtxowFailure (UtxoFailure (BadInputsUTxO (NonEmptySet (fromList [TxIn (TxId {unTxId = SafeHash \""c3e50e1b3b500549fa2b48bd618a92d52ae8caa0d76cd17643523c78b54344d0\""}) (TxIx {unTxIx = 2})]))))"",""ConwayUtxowFailure (UtxoFailure (ValueNotConservedUTxO Mismatch (RelEQ) {supplied: MaryValue (Coin 9103950000) (MultiAsset (fromList [(PolicyID {policyID = ScriptHash \""def5c14be6bceefb95769110a0c8c7d5362e58bf8f17b6ee1c1bd902\""},fromList [(\""0156dbaa55902bb40ff6c461c8b2b59c70ebbe3786e51e5e75a8bc1cbad4c1ac\"",1),(\""19434a5bb684f659378f19bc8c3748046e646c079e79c10e484e2d29445ee02d\"",1),(\""3d7739c2406edbe3bb594b8f762cf67a2c889a162f2234dc17841f61d33849f4\"",1),(\""8a3859b168b77160150b13c200392328254c3758f082050fd7ec5c340ac2a497\"",1)]),(PolicyID {policyID = ScriptHash \""e6721fde8af7e40aecbd6f146b0470cc20722e05a61c9230a052900d\""},fromList [(\""4449415f52454345495645525f434c49454e545f41\"",1)])])), expected: MaryValue (Coin 9240143564) (MultiAsset (fromList [(PolicyID {policyID = ScriptHash \""def5c14be6bceefb95769110a0c8c7d5362e58bf8f17b6ee1c1bd902\""},fromList [(\""0156dbaa55902bb40ff6c461c8b2b59c70ebbe3786e51e5e75a8bc1cbad4c1ac\"",1),(\""19434a5bb684f659378f19bc8c3748046e646c079e79c10e484e2d29445ee02d\"",1),(\""3d7739c2406edbe3bb594b8f762cf67a2c889a162f2234dc17841f61d33849f4\"",1),(\""8a3859b168b77160150b13c200392328254c3758f082050fd7ec5c340ac2a497\"",1)]),(PolicyID {policyID = ScriptHash \""e6721fde8af7e40aecbd6f146b0470cc20722e05a61c9230a052900d\""},fromList [(\""4449415f52454345495645525f434c49454e545f41\"",1)])]))}))"",""ConwayUtxowFailure (UtxoFailure (UtxosFailure (CollectErrors (BadTranslation (BabbageContextError (AlonzoContextError (TranslationLogicMissingInput (TxIn (TxId {unTxId = SafeHash \""c3e50e1b3b500549fa2b48bd618a92d52ae8caa0d76cd17643523c78b54344d0\""}) (TxIx {unTxIx = 2}))))) :| []))))""],""kind"":""ShelleyTxValidationError""},""tag"":""TxValidationErrorInCardanoMode""},""tag"":""TxCmdTxSubmitValidationError""},""tag"":""TxSubmitFail""}",0,0,,,,1781831541869,1781831521733,1781831521733
1910,0x0caca66ca48a1f1caff9f186f3c1a0c974b4cad0e9b56f6959558b6ea991a46c,"",client_test_01_router_a_majors,client-test-01,customer-test-01,0,"","",ETH/USD,1712534323708855058432,1781831409,failed,UtxoNotFound,"Error: {""contents"":{""contents"":{""contents"":{""era"":""ShelleyBasedEraConway"",""error"":[""ConwayUtxowFailure (UtxoFailure (InsufficientCollateral (DeltaCoin (-131193564)) (Coin 2145827)))"",""ConwayUtxowFailure (UtxoFailure (IncorrectTotalCollateralField (DeltaCoin (-131193564)) (Coin 5000000)))"",""ConwayUtxowFailure (UtxoFailure NoCollateralInputs)"",""ConwayUtxowFailure (UtxoFailure (BadInputsUTxO (NonEmptySet (fromList [TxIn (TxId {unTxId = SafeHash \""c3e50e1b3b500549fa2b48bd618a92d52ae8caa0d76cd17643523c78b54344d0\""}) (TxIx {unTxIx = 2})]))))"",""ConwayUtxowFailure (UtxoFailure (ValueNotConservedUTxO Mismatch (RelEQ) {supplied: MaryValue (Coin 9103950000) (MultiAsset (fromList [(PolicyID {policyID = ScriptHash \""def5c14be6bceefb95769110a0c8c7d5362e58bf8f17b6ee1c1bd902\""},fromList [(\""0156dbaa55902bb40ff6c461c8b2b59c70ebbe3786e51e5e75a8bc1cbad4c1ac\"",1),(\""19434a5bb684f659378f19bc8c3748046e646c079e79c10e484e2d29445ee02d\"",1),(\""3d7739c2406edbe3bb594b8f762cf67a2c889a162f2234dc17841f61d33849f4\"",1),(\""8a3859b168b77160150b13c200392328254c3758f082050fd7ec5c340ac2a497\"",1)]),(PolicyID {policyID = ScriptHash \""e6721fde8af7e40aecbd6f146b0470cc20722e05a61c9230a052900d\""},fromList [(\""4449415f52454345495645525f434c49454e545f41\"",1)])])), expected: MaryValue (Coin 9240143564) (MultiAsset (fromList [(PolicyID {policyID = ScriptHash \""def5c14be6bceefb95769110a0c8c7d5362e58bf8f17b6ee1c1bd902\""},fromList [(\""0156dbaa55902bb40ff6c461c8b2b59c70ebbe3786e51e5e75a8bc1cbad4c1ac\"",1),(\""19434a5bb684f659378f19bc8c3748046e646c079e79c10e484e2d29445ee02d\"",1),(\""3d7739c2406edbe3bb594b8f762cf67a2c889a162f2234dc17841f61d33849f4\"",1),(\""8a3859b168b77160150b13c200392328254c3758f082050fd7ec5c340ac2a497\"",1)]),(PolicyID {policyID = ScriptHash \""e6721fde8af7e40aecbd6f146b0470cc20722e05a61c9230a052900d\""},fromList [(\""4449415f52454345495645525f434c49454e545f41\"",1)])]))}))"",""ConwayUtxowFailure (UtxoFailure (UtxosFailure (CollectErrors (BadTranslation (BabbageContextError (AlonzoContextError (TranslationLogicMissingInput (TxIn (TxId {unTxId = SafeHash \""c3e50e1b3b500549fa2b48bd618a92d52ae8caa0d76cd17643523c78b54344d0\""}) (TxIx {unTxIx = 2}))))) :| []))))""],""kind"":""ShelleyTxValidationError""},""tag"":""TxValidationErrorInCardanoMode""},""tag"":""TxCmdTxSubmitValidationError""},""tag"":""TxSubmitFail""}",0,0,,,,,1781831521740,1781831521740
1911,0x32aaf99b1137f75c7743dc41610eb8bd85b3d6f90f2c1ca54425af716d6a30db,"",client_test_01_router_a_majors,client-test-01,customer-test-01,0,"","",USDC/USD,999814062800000000,1781831415,failed,UtxoNotFound,"Error: {""contents"":{""contents"":{""contents"":{""era"":""ShelleyBasedEraConway"",""error"":[""ConwayUtxowFailure (UtxoFailure (InsufficientCollateral (DeltaCoin (-131193564)) (Coin 2145827)))"",""ConwayUtxowFailure (UtxoFailure (IncorrectTotalCollateralField (DeltaCoin (-131193564)) (Coin 5000000)))"",""ConwayUtxowFailure (UtxoFailure NoCollateralInputs)"",""ConwayUtxowFailure (UtxoFailure (BadInputsUTxO (NonEmptySet (fromList [TxIn (TxId {unTxId = SafeHash \""c3e50e1b3b500549fa2b48bd618a92d52ae8caa0d76cd17643523c78b54344d0\""}) (TxIx {unTxIx = 2})]))))"",""ConwayUtxowFailure (UtxoFailure (ValueNotConservedUTxO Mismatch (RelEQ) {supplied: MaryValue (Coin 9103950000) (MultiAsset (fromList [(PolicyID {policyID = ScriptHash \""def5c14be6bceefb95769110a0c8c7d5362e58bf8f17b6ee1c1bd902\""},fromList [(\""0156dbaa55902bb40ff6c461c8b2b59c70ebbe3786e51e5e75a8bc1cbad4c1ac\"",1),(\""19434a5bb684f659378f19bc8c3748046e646c079e79c10e484e2d29445ee02d\"",1),(\""3d7739c2406edbe3bb594b8f762cf67a2c889a162f2234dc17841f61d33849f4\"",1),(\""8a3859b168b77160150b13c200392328254c3758f082050fd7ec5c340ac2a497\"",1)]),(PolicyID {policyID = ScriptHash \""e6721fde8af7e40aecbd6f146b0470cc20722e05a61c9230a052900d\""},fromList [(\""4449415f52454345495645525f434c49454e545f41\"",1)])])), expected: MaryValue (Coin 9240143564) (MultiAsset (fromList [(PolicyID {policyID = ScriptHash \""def5c14be6bceefb95769110a0c8c7d5362e58bf8f17b6ee1c1bd902\""},fromList [(\""0156dbaa55902bb40ff6c461c8b2b59c70ebbe3786e51e5e75a8bc1cbad4c1ac\"",1),(\""19434a5bb684f659378f19bc8c3748046e646c079e79c10e484e2d29445ee02d\"",1),(\""3d7739c2406edbe3bb594b8f762cf67a2c889a162f2234dc17841f61d33849f4\"",1),(\""8a3859b168b77160150b13c200392328254c3758f082050fd7ec5c340ac2a497\"",1)]),(PolicyID {policyID = ScriptHash \""e6721fde8af7e40aecbd6f146b0470cc20722e05a61c9230a052900d\""},fromList [(\""4449415f52454345495645525f434c49454e545f41\"",1)])]))}))"",""ConwayUtxowFailure (UtxoFailure (UtxosFailure (CollectErrors (BadTranslation (BabbageContextError (AlonzoContextError (TranslationLogicMissingInput (TxIn (TxId {unTxId = SafeHash \""c3e50e1b3b500549fa2b48bd618a92d52ae8caa0d76cd17643523c78b54344d0\""}) (TxIx {unTxIx = 2}))))) :| []))))""],""kind"":""ShelleyTxValidationError""},""tag"":""TxValidationErrorInCardanoMode""},""tag"":""TxCmdTxSubmitValidationError""},""tag"":""TxSubmitFail""}",0,0,,,,,1781831521745,1781831521745
1912,0xe3549810886bb0ae93b3fe5bddbfe9b24f293859043faa33b53f77d9f4050e43,"",client_test_01_router_a_majors,client-test-01,customer-test-01,0,"","",DOGE/USD,83569735400000008,1781831419,failed,UtxoNotFound,"Error: {""contents"":{""contents"":{""contents"":{""era"":""ShelleyBasedEraConway"",""error"":[""ConwayUtxowFailure (UtxoFailure (InsufficientCollateral (DeltaCoin (-131193564)) (Coin 2145827)))"",""ConwayUtxowFailure (UtxoFailure (IncorrectTotalCollateralField (DeltaCoin (-131193564)) (Coin 5000000)))"",""ConwayUtxowFailure (UtxoFailure NoCollateralInputs)"",""ConwayUtxowFailure (UtxoFailure (BadInputsUTxO (NonEmptySet (fromList [TxIn (TxId {unTxId = SafeHash \""c3e50e1b3b500549fa2b48bd618a92d52ae8caa0d76cd17643523c78b54344d0\""}) (TxIx {unTxIx = 2})]))))"",""ConwayUtxowFailure (UtxoFailure (ValueNotConservedUTxO Mismatch (RelEQ) {supplied: MaryValue (Coin 9103950000) (MultiAsset (fromList [(PolicyID {policyID = ScriptHash \""def5c14be6bceefb95769110a0c8c7d5362e58bf8f17b6ee1c1bd902\""},fromList [(\""0156dbaa55902bb40ff6c461c8b2b59c70ebbe3786e51e5e75a8bc1cbad4c1ac\"",1),(\""19434a5bb684f659378f19bc8c3748046e646c079e79c10e484e2d29445ee02d\"",1),(\""3d7739c2406edbe3bb594b8f762cf67a2c889a162f2234dc17841f61d33849f4\"",1),(\""8a3859b168b77160150b13c200392328254c3758f082050fd7ec5c340ac2a497\"",1)]),(PolicyID {policyID = ScriptHash \""e6721fde8af7e40aecbd6f146b0470cc20722e05a61c9230a052900d\""},fromList [(\""4449415f52454345495645525f434c49454e545f41\"",1)])])), expected: MaryValue (Coin 9240143564) (MultiAsset (fromList [(PolicyID {policyID = ScriptHash \""def5c14be6bceefb95769110a0c8c7d5362e58bf8f17b6ee1c1bd902\""},fromList [(\""0156dbaa55902bb40ff6c461c8b2b59c70ebbe3786e51e5e75a8bc1cbad4c1ac\"",1),(\""19434a5bb684f659378f19bc8c3748046e646c079e79c10e484e2d29445ee02d\"",1),(\""3d7739c2406edbe3bb594b8f762cf67a2c889a162f2234dc17841f61d33849f4\"",1),(\""8a3859b168b77160150b13c200392328254c3758f082050fd7ec5c340ac2a497\"",1)]),(PolicyID {policyID = ScriptHash \""e6721fde8af7e40aecbd6f146b0470cc20722e05a61c9230a052900d\""},fromList [(\""4449415f52454345495645525f434c49454e545f41\"",1)])]))}))"",""ConwayUtxowFailure (UtxoFailure (UtxosFailure (CollectErrors (BadTranslation (BabbageContextError (AlonzoContextError (TranslationLogicMissingInput (TxIn (TxId {unTxId = SafeHash \""c3e50e1b3b500549fa2b48bd618a92d52ae8caa0d76cd17643523c78b54344d0\""}) (TxIx {unTxIx = 2}))))) :| []))))""],""kind"":""ShelleyTxValidationError""},""tag"":""TxValidationErrorInCardanoMode""},""tag"":""TxCmdTxSubmitValidationError""},""tag"":""TxSubmitFail""}",0,0,,,,,1781831521753,1781831521753
1913,0x13fa324fdf9b0edbb16cd640b74880a3577cdcf1440748c32ad9543642506706,5d296c48a6fce2d0211448a10c91707e2448e0c71a0bbf7b3fddcb7446212642,client_test_02_router_default,client-test-02,customer-test-02,0,"","",BTC/USD,"",0,confirmed,,,0,0,,,1781831536412,1781831637774,,1781831536412
1914,0x2e38de9d107c817f022de43ef642012f03400fce541596c7c748a24cb3eae4eb,e9b20d6367caab481ff3a9599d3fa59e76e773b44022a626c95bb6314433c782,client_test_01_router_a_majors,client-test-01,customer-test-01,0,"","",ETH/USD,"",0,confirmed,,,0,0,,,1781831536423,1781831561254,,1781831536423
1915,0x3aefb0539d9f5dbf6987e93db733079b36e4cd5c0e788f60b4ca6ec567700001,e9b20d6367caab481ff3a9599d3fa59e76e773b44022a626c95bb6314433c782,client_test_01_router_a_majors,client-test-01,customer-test-01,0,"","",USDC/USD,"",0,confirmed,,,0,0,,,1781831536428,1781831561264,,1781831536428
1916,0xd0f07d1bb0b942223f47bfc0e2b3be2862c21372ae2fc613898662261f4c0994,e9b20d6367caab481ff3a9599d3fa59e76e773b44022a626c95bb6314433c782,client_test_01_router_a_majors,client-test-01,customer-test-01,0,"","",DOGE/USD,"",0,confirmed,,,0,0,,,1781831536432,1781831561271,,1781831536432
1917,0x8d17e31f648e567f7e189531211315f2e19d7e131d95ced76092a0d6d707b7c9,e9b20d6367caab481ff3a9599d3fa59e76e773b44022a626c95bb6314433c782,client_test_01_router_a_majors,client-test-01,customer-test-01,0,"","",USDT/USD,"",0,confirmed,,,0,0,,,1781831536439,1781831561281,,1781831536439
1918,0x13fa324fdf9b0edbb16cd640b74880a3577cdcf1440748c32ad9543642506706,5d296c48a6fce2d0211448a10c91707e2448e0c71a0bbf7b3fddcb7446212642,client_test_01_router_a_majors,client-test-01,customer-test-01,0,"","",BTC/USD,62949175342499996106752,1781831499,confirmed,NonMonotonicNonce,"Intent for BTC/USD superseded on chain; not submitted.",0,0,,,,1781831637774,1781831566674,1781831566674
1919,0x2e38de9d107c817f022de43ef642012f03400fce541596c7c748a24cb3eae4eb,"",client_test_01_router_a_majors,client-test-01,customer-test-01,0,"","",ETH/USD,1712602129163758993408,1781831500,failed,NonMonotonicNonce,"Intent for ETH/USD superseded on chain; not submitted.",0,0,,,,,1781831566682,1781831566682
1920,0x3aefb0539d9f5dbf6987e93db733079b36e4cd5c0e788f60b4ca6ec567700001,"",client_test_01_router_a_majors,client-test-01,customer-test-01,0,"","",USDC/USD,999814048100000000,1781831506,failed,NonMonotonicNonce,"Intent for USDC/USD superseded on chain; not submitted.",0,0,,,,,1781831566687,1781831566687
1921,0xad493a4d162c679d577f6345a9a68bd8c170ffb04ea95a9b6d408a434b1b31be,"",client_test_01_router_a_majors,client-test-01,customer-test-01,0,"","",DOGE/USD,83570052450703696,1781831553,failed,NonMonotonicNonce,"Intent for DOGE/USD superseded on chain; not submitted.",0,0,,,,,1781831566694,1781831566694
1922,0xaaaece09ec8ac5eac629b6dae270489ad76be8b43be05d03f28cd429fdedad52,5bb83e47cbe9b431528549948a86033cebc4c9ee7666a06bf939e6d717eac2ec,client_test_01_router_a_majors,client-test-01,customer-test-01,0,"","",BTC/USD,"",0,confirmed,,,0,0,,,1781831759793,1781831789588,,1781831759793
1923,0xc5344aeb5a6031e41f4f673fd9a9e44c23e774757fe4f1c91386661cea16473e,5bb83e47cbe9b431528549948a86033cebc4c9ee7666a06bf939e6d717eac2ec,client_test_01_router_a_majors,client-test-01,customer-test-01,0,"","",ETH/USD,"",0,confirmed,,,0,0,,,1781831759803,1781831789597,,1781831759803
1924,0xdfc19d14ea35a35be832d5d7f7213b731ffa1bf5010481fbc124b126f0886b96,5bb83e47cbe9b431528549948a86033cebc4c9ee7666a06bf939e6d717eac2ec,client_test_01_router_a_majors,client-test-01,customer-test-01,0,"","",USDC/USD,"",0,confirmed,,,0,0,,,1781831759811,1781831789609,,1781831759811
1925,0x863edbb4056a3a635497147bbda72feb14de211510d349396c4c13d4505c16a3,5bb83e47cbe9b431528549948a86033cebc4c9ee7666a06bf939e6d717eac2ec,client_test_01_router_a_majors,client-test-01,customer-test-01,0,"","",DOGE/USD,"",0,confirmed,,,0,0,,,1781831759815,1781831789618,,1781831759815
1926,0x57a683c7e3ea4551f3dae4d65d10ad77a8fdfbe06fafe086c1185f966f9a95bf,a230e7ef24966e0ab6dad769805b180a2ef97fca564fa5579a00addde5a8d2cf,client_test_01_router_a_majors,client-test-01,customer-test-01,0,"","",USDT/USD,"",0,confirmed,,,0,0,,,1781831801943,1781831925739,,1781831801943
1927,0xfe77b30767a02899c4b4e1f60d059d74d42ba365b52fef5e4e234ff7efb3d1c9,a230e7ef24966e0ab6dad769805b180a2ef97fca564fa5579a00addde5a8d2cf,client_test_01_router_a_majors,client-test-01,customer-test-01,0,"","",BTC/USD,"",0,confirmed,,,0,0,,,1781831801953,1781831925747,,1781831801953
1928,0xc56deb3e35bb81365f98889b19c12a4e7fad102b564bbcfeb6ac5866fd6dff60,a230e7ef24966e0ab6dad769805b180a2ef97fca564fa5579a00addde5a8d2cf,client_test_01_router_a_majors,client-test-01,customer-test-01,0,"","",ETH/USD,"",0,confirmed,,,0,0,,,1781831801961,1781831925755,,1781831801961
1929,0xd0d7ff27b046ca3496d93319c8ab8bb3c29fb2f458e34273dce8f962761e769d,a230e7ef24966e0ab6dad769805b180a2ef97fca564fa5579a00addde5a8d2cf,client_test_01_router_a_majors,client-test-01,customer-test-01,0,"","",USDC/USD,"",0,confirmed,,,0,0,,,1781831801967,1781831925767,,1781831801967
1930,0xe666e310e5c49f303a9a6bcfc0ec7e6612bea628db8ed06b4a8aff83cb6c2038,ce7bb60a59bad1b8ea5479acd3cee9d2bee395485d64091b2d11934884a11db7,client_test_01_router_a_majors,client-test-01,customer-test-01,0,"","",USDT/USD,"",0,confirmed,,,0,0,,,1781831936202,1781831960290,,1781831936202
1931,0x15570ed137ffbb6c427442e8548b65d3cad2b97ce588a859167fdd541afc8434,9e6bee7c5b21a4d74cca22634cdf288958aa66983475e3db54b0a153e7925013,client_test_01_router_a_majors,client-test-01,customer-test-01,0,"","",USDT/USD,"",0,confirmed,,,0,0,,,1781832049152,1781832084883,,1781832049152
1932,0xc36a2e75fa5df11e4d937ce0fe082e98fa0cbe3a279a3ecd48b2d63129b72c07,843c314f1dcaeb1958122ae677a7d9264befd997ce9578eeedbde2272b3a1600,client_test_01_router_a_majors,client-test-01,customer-test-01,0,"","",BTC/USD,"",0,confirmed,,,0,0,,,1781832077634,1781832136399,,1781832077634
1933,0xd6ec18fccff3439a85e122ead6d2eea818e608e9ca07502778d5d5901ca37b3a,843c314f1dcaeb1958122ae677a7d9264befd997ce9578eeedbde2272b3a1600,client_test_01_router_a_majors,client-test-01,customer-test-01,0,"","",ETH/USD,"",0,confirmed,,,0,0,,,1781832097354,1781832136414,,1781832097354
1934,0x591dfa937b1f62ab2b85359a7570f8c1898f3f2d26037ee0d9be121121e93420,843c314f1dcaeb1958122ae677a7d9264befd997ce9578eeedbde2272b3a1600,client_test_01_router_a_majors,client-test-01,customer-test-01,0,"","",USDC/USD,"",0,confirmed,,,0,0,,,1781832097365,1781832136424,,1781832097365
1935,0x86ab14e8a60f1c04b2bb808c7fddaafd6809d1fff7012dbfe4f029be58292f29,843c314f1dcaeb1958122ae677a7d9264befd997ce9578eeedbde2272b3a1600,client_test_01_router_a_majors,client-test-01,customer-test-01,0,"","",DOGE/USD,"",0,confirmed,,,0,0,,,1781832097372,1781832136433,,1781832097372
1936,0xc36a2e75fa5df11e4d937ce0fe082e98fa0cbe3a279a3ecd48b2d63129b72c07,843c314f1dcaeb1958122ae677a7d9264befd997ce9578eeedbde2272b3a1600,client_test_02_router_default,client-test-02,customer-test-02,0,"","",BTC/USD,62956271172730929283072,1781832026,confirmed,NonMonotonicNonce,"Oracle intent timestamp must be greater than the current on-chain timestamp; intent superseded, not submitted.",0,0,,,,1781832136399,1781832109930,1781832109930
1937,0x71ba40835e964fb0aef6be0fd33d9470c339a68b6640bbce7281f0885d36605a,c87181699f3d16bf95c7002e473257a88486c9a3f546cd8bf4c004a296fd869b,client_test_01_router_a_majors,client-test-01,customer-test-01,0,"","",BTC/USD,"",0,confirmed,,,0,0,,,1781832149266,1781832165396,,1781832149266
1938,0x3e1f406ec01563fb66d73f80cbd52f4dd760f759b13eb7b7fba7a713b0970777,c87181699f3d16bf95c7002e473257a88486c9a3f546cd8bf4c004a296fd869b,client_test_01_router_a_majors,client-test-01,customer-test-01,0,"","",ETH/USD,"",0,confirmed,,,0,0,,,1781832149276,1781832165409,,1781832149276
1939,0xae9d603f2ba03e54450e8c363a0b4dac1b0545a8a2d0ec021220c7fa6f133699,c87181699f3d16bf95c7002e473257a88486c9a3f546cd8bf4c004a296fd869b,client_test_01_router_a_majors,client-test-01,customer-test-01,0,"","",USDC/USD,"",0,confirmed,,,0,0,,,1781832149284,1781832165416,,1781832149284
1940,0xeebc1f504d872b6d2aeb923b27aedbd8b7262b7aa454e535a489410a479defd6,c87181699f3d16bf95c7002e473257a88486c9a3f546cd8bf4c004a296fd869b,client_test_01_router_a_majors,client-test-01,customer-test-01,0,"","",DOGE/USD,"",0,confirmed,,,0,0,,,1781832149290,1781832165426,,1781832149290
1941,0xc6cdfefafa005bedd263a92b1e41c22aa9cf15c9c018a6cdac3ad1fe6c8c8ba0,3e0a7dfe49d41fa07740de13b5ae6c09a9cc71758fcb4e38a1efbd91584aa685,client_test_01_router_a_majors,client-test-01,customer-test-01,0,"","",BTC/USD,"",0,confirmed,,,0,0,,,1781832343453,1781832564851,,1781832343453
1942,0x47c11f6e5bdfb08d8f605ae9ba0196bb1e840378cae0e67a9331d704a4880850,3e0a7dfe49d41fa07740de13b5ae6c09a9cc71758fcb4e38a1efbd91584aa685,client_test_01_router_a_majors,client-test-01,customer-test-01,0,"","",ETH/USD,"",0,confirmed,,,0,0,,,1781832343463,1781832564865,,1781832343463
1943,0xa78686f6775b298d443dffc220e6eeea2a967f935fc48f2fed02fc33e3b80c52,3e0a7dfe49d41fa07740de13b5ae6c09a9cc71758fcb4e38a1efbd91584aa685,client_test_01_router_a_majors,client-test-01,customer-test-01,0,"","",USDC/USD,"",0,confirmed,,,0,0,,,1781832343471,1781832564874,,1781832343471
1944,0xc80d25087767da9b3f271d097c6ad4bbd2db0514b6afd8d5f40bd835e1dabae2,3e0a7dfe49d41fa07740de13b5ae6c09a9cc71758fcb4e38a1efbd91584aa685,client_test_01_router_a_majors,client-test-01,customer-test-01,0,"","",DOGE/USD,"",0,confirmed,,,0,0,,,1781832343477,1781832564884,,1781832343477
1945,0xfc9a7b5ccdf5ff2b5a54adb1f9995a0a9815a980647bbc7d4a2c9e0d65ca48fb,17067c8ff3369328b14558687a727576268e707eaa947d5800e69e673deef1c9,client_test_01_router_a_majors,client-test-01,customer-test-01,0,"","",BTC/USD,"",0,confirmed,,,0,0,,,1781832579066,1781832630729,,1781832579066
1946,0x73a3eb33f5a0bf9e086d37ad48ec2750b213a193498e5355add10c89e6160fd5,17067c8ff3369328b14558687a727576268e707eaa947d5800e69e673deef1c9,client_test_01_router_a_majors,client-test-01,customer-test-01,0,"","",ETH/USD,"",0,confirmed,,,0,0,,,1781832579076,1781832630758,,1781832579076
1947,0x60cffc3f36ac67a93c5cc90c68e349c24f6c2b58ece7021ea1eb188253e44e12,17067c8ff3369328b14558687a727576268e707eaa947d5800e69e673deef1c9,client_test_01_router_a_majors,client-test-01,customer-test-01,0,"","",USDC/USD,"",0,confirmed,,,0,0,,,1781832579081,1781832630771,,1781832579081
1948,0x8d0b001b3c07cb5b6518622adbe038f4587ba8899fd53f28bfbd625a98bd8fc1,17067c8ff3369328b14558687a727576268e707eaa947d5800e69e673deef1c9,client_test_01_router_a_majors,client-test-01,customer-test-01,0,"","",DOGE/USD,"",0,failed,CrashRecovery,"daemon restarted with submitted transaction awaiting confirmation",0,0,,,1781832579087,,1781836345336,1781832579087
1949,0xc977e75e4f1f70b6f0cb829ac86f0377be0d01218605846c508400d1fbfa614a,17067c8ff3369328b14558687a727576268e707eaa947d5800e69e673deef1c9,client_test_01_router_a_majors,client-test-01,customer-test-01,0,"","",USDT/USD,"",0,failed,CrashRecovery,"daemon restarted with submitted transaction awaiting confirmation",0,0,,,1781832579092,,1781836345333,1781832579092
1950,0x8d0b001b3c07cb5b6518622adbe038f4587ba8899fd53f28bfbd625a98bd8fc1,"",client_test_01_router_a_majors,client-test-01,customer-test-01,0,"","",DOGE/USD,83578059531269104,1781832520,failed,CrashRecovery,"daemon restarted with submitted transaction awaiting confirmation",0,0,,,,,1781836345336,1781832630783
1951,0xc977e75e4f1f70b6f0cb829ac86f0377be0d01218605846c508400d1fbfa614a,"",client_test_01_router_a_majors,client-test-01,customer-test-01,0,"","",USDT/USD,998915000000000000,1781832558,failed,CrashRecovery,"daemon restarted with submitted transaction awaiting confirmation",0,0,,,,,1781836345333,1781832630789
1952,0xdcb2d1c002e7efb519f458497ed2c9173af9d88cdcd8ad8adf9f892fe4fa4a23,693c4abe9d5bde33fb83315f290246913c862044b9e8f479cda19b62c04d96f2,client_test_01_router_a_majors,client-test-01,customer-test-01,0,"","",USDT/USD,"",0,confirmed,,,0,0,,,1781832642941,1781832684042,,1781832642941
1953,0x185f94cefc254f80784e990f3aa00a47e9deb9bd2ac00b337a06272352bbde0c,693c4abe9d5bde33fb83315f290246913c862044b9e8f479cda19b62c04d96f2,client_test_01_router_b_alts,client-test-01,customer-test-01,0,"","",NEIRO/USD,"",0,confirmed,,,0,0,,,1781832642951,1781832684058,,1781832642951
1954,0x701482d0d8fac52f05a608be2321a2dd9974015fe7a86f4de3378fab076e9d57,693c4abe9d5bde33fb83315f290246913c862044b9e8f479cda19b62c04d96f2,client_test_01_router_b_alts,client-test-01,customer-test-01,0,"","",XVG/USD,"",0,confirmed,,,0,0,,,1781832642957,1781832684071,,1781832642957
1955,0xb40f3dddb0681c1dd6aeb2321e3737a5d6d34a6a7b3073116c8c30a179081790,08c2c710ad0e5f507a32d0c9b89abe1fb113f4b3066975a8cc5cdbff0ffd2bdd,client_test_02_router_default,client-test-02,customer-test-02,0,"","",BTC/USD,"",0,confirmed,,,0,0,,,1781832690099,1781832746224,,1781832690099
1956,0xe7661ebbca2b9dc0affa5f0f756cde00d6889ece0fe8411a0748883f41a01833,74747cc5bd71d7fd96a114d6be5e37f2f62f3b6f6471d0b6b71ac3d539ca5fd2,client_test_02_router_default,client-test-02,customer-test-02,0,"","",BTC/USD,"",0,confirmed,,,0,0,,,1781832756563,1781832768498,,1781832756563
1957,0x36cd784e18b5ce4c7574bac567e08498a82746ee0a83b9389aa2796e0519b6c8,"",client_test_01_router_a_majors,client-test-01,customer-test-01,0,"","",USDT/USD,998915000000000000,1781832645,failed,UtxoNotFound,"Error: {""contents"":{""contents"":{""contents"":{""era"":""ShelleyBasedEraConway"",""error"":[""ConwayUtxowFailure (UtxoFailure (InsufficientCollateral (DeltaCoin (-123050000)) (Coin 2450814)))"",""ConwayUtxowFailure (UtxoFailure (IncorrectTotalCollateralField (DeltaCoin (-123050000)) (Coin 5000000)))"",""ConwayUtxowFailure (UtxoFailure NoCollateralInputs)"",""ConwayUtxowFailure (UtxoFailure (BadInputsUTxO (NonEmptySet (fromList [TxIn (TxId {unTxId = SafeHash \""16f163d6f12fac93ffe25f9dd73efcd8b0eaef1cfe8cc2052d68c5a58d67dad3\""}) (TxIx {unTxIx = 1})]))))"",""ConwayUtxowFailure (UtxoFailure (ValueNotConservedUTxO Mismatch (RelEQ) {supplied: MaryValue (Coin 9108950000) (MultiAsset (fromList [(PolicyID {policyID = ScriptHash \""def5c14be6bceefb95769110a0c8c7d5362e58bf8f17b6ee1c1bd902\""},fromList [(\""01f8ca4f564d04963a1ffccbb3f49da8bf09c0373f278d84047413cf09399650\"",1),(\""19434a5bb684f659378f19bc8c3748046e646c079e79c10e484e2d29445ee02d\"",1),(\""406a90956881e5fbe476ff634fd41235fb114c833053daebd4af3b30c0bde839\"",1),(\""a8c0b97b231afaebc42d067a57b139abb4a8631e36c7f81cee6a30173e22b6b2\"",1),(\""dfafb09cf4921baf2478651f0d7072b3a0df58b6c434443d32511927fa7919fb\"",1)]),(PolicyID {policyID = ScriptHash \""e6721fde8af7e40aecbd6f146b0470cc20722e05a61c9230a052900d\""},fromList [(\""4449415f52454345495645525f434c49454e545f41\"",1)])])), expected: MaryValue (Coin 9237000000) (MultiAsset (fromList [(PolicyID {policyID = ScriptHash \""def5c14be6bceefb95769110a0c8c7d5362e58bf8f17b6ee1c1bd902\""},fromList [(\""01f8ca4f564d04963a1ffccbb3f49da8bf09c0373f278d84047413cf09399650\"",1),(\""19434a5bb684f659378f19bc8c3748046e646c079e79c10e484e2d29445ee02d\"",1),(\""406a90956881e5fbe476ff634fd41235fb114c833053daebd4af3b30c0bde839\"",1),(\""a8c0b97b231afaebc42d067a57b139abb4a8631e36c7f81cee6a30173e22b6b2\"",1),(\""dfafb09cf4921baf2478651f0d7072b3a0df58b6c434443d32511927fa7919fb\"",1)]),(PolicyID {policyID = ScriptHash \""e6721fde8af7e40aecbd6f146b0470cc20722e05a61c9230a052900d\""},fromList [(\""4449415f52454345495645525f434c49454e545f41\"",1)])]))}))"",""ConwayUtxowFailure (UtxoFailure (UtxosFailure (CollectErrors (BadTranslation (BabbageContextError (AlonzoContextError (TranslationLogicMissingInput (TxIn (TxId {unTxId = SafeHash \""16f163d6f12fac93ffe25f9dd73efcd8b0eaef1cfe8cc2052d68c5a58d67dad3\""}) (TxIx {unTxIx = 1}))))) :| []))))""],""kind"":""ShelleyTxValidationError""},""tag"":""TxValidationErrorInCardanoMode""},""tag"":""TxCmdTxSubmitValidationError""},""tag"":""TxSubmitFail""}",0,0,,,,,1781832760023,1781832760023
1958,0x64c312cd4e4f6d2a36586c6b5d39eb7972dede7176d33ae5d200059c1233a60c,"",client_test_01_router_b_alts,client-test-01,customer-test-01,0,"","",LTC/USD,43822620400000000000,1781832639,failed,UtxoNotFound,"Error: {""contents"":{""contents"":{""contents"":{""era"":""ShelleyBasedEraConway"",""error"":[""ConwayUtxowFailure (UtxoFailure (InsufficientCollateral (DeltaCoin (-123050000)) (Coin 2450814)))"",""ConwayUtxowFailure (UtxoFailure (IncorrectTotalCollateralField (DeltaCoin (-123050000)) (Coin 5000000)))"",""ConwayUtxowFailure (UtxoFailure NoCollateralInputs)"",""ConwayUtxowFailure (UtxoFailure (BadInputsUTxO (NonEmptySet (fromList [TxIn (TxId {unTxId = SafeHash \""16f163d6f12fac93ffe25f9dd73efcd8b0eaef1cfe8cc2052d68c5a58d67dad3\""}) (TxIx {unTxIx = 1})]))))"",""ConwayUtxowFailure (UtxoFailure (ValueNotConservedUTxO Mismatch (RelEQ) {supplied: MaryValue (Coin 9108950000) (MultiAsset (fromList [(PolicyID {policyID = ScriptHash \""def5c14be6bceefb95769110a0c8c7d5362e58bf8f17b6ee1c1bd902\""},fromList [(\""01f8ca4f564d04963a1ffccbb3f49da8bf09c0373f278d84047413cf09399650\"",1),(\""19434a5bb684f659378f19bc8c3748046e646c079e79c10e484e2d29445ee02d\"",1),(\""406a90956881e5fbe476ff634fd41235fb114c833053daebd4af3b30c0bde839\"",1),(\""a8c0b97b231afaebc42d067a57b139abb4a8631e36c7f81cee6a30173e22b6b2\"",1),(\""dfafb09cf4921baf2478651f0d7072b3a0df58b6c434443d32511927fa7919fb\"",1)]),(PolicyID {policyID = ScriptHash \""e6721fde8af7e40aecbd6f146b0470cc20722e05a61c9230a052900d\""},fromList [(\""4449415f52454345495645525f434c49454e545f41\"",1)])])), expected: MaryValue (Coin 9237000000) (MultiAsset (fromList [(PolicyID {policyID = ScriptHash \""def5c14be6bceefb95769110a0c8c7d5362e58bf8f17b6ee1c1bd902\""},fromList [(\""01f8ca4f564d04963a1ffccbb3f49da8bf09c0373f278d84047413cf09399650\"",1),(\""19434a5bb684f659378f19bc8c3748046e646c079e79c10e484e2d29445ee02d\"",1),(\""406a90956881e5fbe476ff634fd41235fb114c833053daebd4af3b30c0bde839\"",1),(\""a8c0b97b231afaebc42d067a57b139abb4a8631e36c7f81cee6a30173e22b6b2\"",1),(\""dfafb09cf4921baf2478651f0d7072b3a0df58b6c434443d32511927fa7919fb\"",1)]),(PolicyID {policyID = ScriptHash \""e6721fde8af7e40aecbd6f146b0470cc20722e05a61c9230a052900d\""},fromList [(\""4449415f52454345495645525f434c49454e545f41\"",1)])]))}))"",""ConwayUtxowFailure (UtxoFailure (UtxosFailure (CollectErrors (BadTranslation (BabbageContextError (AlonzoContextError (TranslationLogicMissingInput (TxIn (TxId {unTxId = SafeHash \""16f163d6f12fac93ffe25f9dd73efcd8b0eaef1cfe8cc2052d68c5a58d67dad3\""}) (TxIx {unTxIx = 1}))))) :| []))))""],""kind"":""ShelleyTxValidationError""},""tag"":""TxValidationErrorInCardanoMode""},""tag"":""TxCmdTxSubmitValidationError""},""tag"":""TxSubmitFail""}",0,0,,,,,1781832760032,1781832760032
1959,0xf1df9e73a69db86478995ce58b00e9cad21bad11febb1244c0cadd26d8c977fb,"",client_test_01_router_b_alts,client-test-01,customer-test-01,0,"","",ARB/USD,85625196408954808,1781832623,failed,UtxoNotFound,"Error: {""contents"":{""contents"":{""contents"":{""era"":""ShelleyBasedEraConway"",""error"":[""ConwayUtxowFailure (UtxoFailure (InsufficientCollateral (DeltaCoin (-123050000)) (Coin 2450814)))"",""ConwayUtxowFailure (UtxoFailure (IncorrectTotalCollateralField (DeltaCoin (-123050000)) (Coin 5000000)))"",""ConwayUtxowFailure (UtxoFailure NoCollateralInputs)"",""ConwayUtxowFailure (UtxoFailure (BadInputsUTxO (NonEmptySet (fromList [TxIn (TxId {unTxId = SafeHash \""16f163d6f12fac93ffe25f9dd73efcd8b0eaef1cfe8cc2052d68c5a58d67dad3\""}) (TxIx {unTxIx = 1})]))))"",""ConwayUtxowFailure (UtxoFailure (ValueNotConservedUTxO Mismatch (RelEQ) {supplied: MaryValue (Coin 9108950000) (MultiAsset (fromList [(PolicyID {policyID = ScriptHash \""def5c14be6bceefb95769110a0c8c7d5362e58bf8f17b6ee1c1bd902\""},fromList [(\""01f8ca4f564d04963a1ffccbb3f49da8bf09c0373f278d84047413cf09399650\"",1),(\""19434a5bb684f659378f19bc8c3748046e646c079e79c10e484e2d29445ee02d\"",1),(\""406a90956881e5fbe476ff634fd41235fb114c833053daebd4af3b30c0bde839\"",1),(\""a8c0b97b231afaebc42d067a57b139abb4a8631e36c7f81cee6a30173e22b6b2\"",1),(\""dfafb09cf4921baf2478651f0d7072b3a0df58b6c434443d32511927fa7919fb\"",1)]),(PolicyID {policyID = ScriptHash \""e6721fde8af7e40aecbd6f146b0470cc20722e05a61c9230a052900d\""},fromList [(\""4449415f52454345495645525f434c49454e545f41\"",1)])])), expected: MaryValue (Coin 9237000000) (MultiAsset (fromList [(PolicyID {policyID = ScriptHash \""def5c14be6bceefb95769110a0c8c7d5362e58bf8f17b6ee1c1bd902\""},fromList [(\""01f8ca4f564d04963a1ffccbb3f49da8bf09c0373f278d84047413cf09399650\"",1),(\""19434a5bb684f659378f19bc8c3748046e646c079e79c10e484e2d29445ee02d\"",1),(\""406a90956881e5fbe476ff634fd41235fb114c833053daebd4af3b30c0bde839\"",1),(\""a8c0b97b231afaebc42d067a57b139abb4a8631e36c7f81cee6a30173e22b6b2\"",1),(\""dfafb09cf4921baf2478651f0d7072b3a0df58b6c434443d32511927fa7919fb\"",1)]),(PolicyID {policyID = ScriptHash \""e6721fde8af7e40aecbd6f146b0470cc20722e05a61c9230a052900d\""},fromList [(\""4449415f52454345495645525f434c49454e545f41\"",1)])]))}))"",""ConwayUtxowFailure (UtxoFailure (UtxosFailure (CollectErrors (BadTranslation (BabbageContextError (AlonzoContextError (TranslationLogicMissingInput (TxIn (TxId {unTxId = SafeHash \""16f163d6f12fac93ffe25f9dd73efcd8b0eaef1cfe8cc2052d68c5a58d67dad3\""}) (TxIx {unTxIx = 1}))))) :| []))))""],""kind"":""ShelleyTxValidationError""},""tag"":""TxValidationErrorInCardanoMode""},""tag"":""TxCmdTxSubmitValidationError""},""tag"":""TxSubmitFail""}",0,0,,,,,1781832760040,1781832760040
1960,0x890cc8e5f8dfb80b9bd50b5b8de80ca2b699bfdb2497dff6d1e69a5ae491ba39,"",client_test_01_router_a_majors,client-test-01,customer-test-01,0,"","",DOGE/USD,83577700629891792,1781832651,failed,UtxoNotFound,"Error: {""contents"":{""contents"":{""contents"":{""era"":""ShelleyBasedEraConway"",""error"":[""ConwayUtxowFailure (UtxoFailure (InsufficientCollateral (DeltaCoin (-123050000)) (Coin 2450814)))"",""ConwayUtxowFailure (UtxoFailure (IncorrectTotalCollateralField (DeltaCoin (-123050000)) (Coin 5000000)))"",""ConwayUtxowFailure (UtxoFailure NoCollateralInputs)"",""ConwayUtxowFailure (UtxoFailure (BadInputsUTxO (NonEmptySet (fromList [TxIn (TxId {unTxId = SafeHash \""16f163d6f12fac93ffe25f9dd73efcd8b0eaef1cfe8cc2052d68c5a58d67dad3\""}) (TxIx {unTxIx = 1})]))))"",""ConwayUtxowFailure (UtxoFailure (ValueNotConservedUTxO Mismatch (RelEQ) {supplied: MaryValue (Coin 9108950000) (MultiAsset (fromList [(PolicyID {policyID = ScriptHash \""def5c14be6bceefb95769110a0c8c7d5362e58bf8f17b6ee1c1bd902\""},fromList [(\""01f8ca4f564d04963a1ffccbb3f49da8bf09c0373f278d84047413cf09399650\"",1),(\""19434a5bb684f659378f19bc8c3748046e646c079e79c10e484e2d29445ee02d\"",1),(\""406a90956881e5fbe476ff634fd41235fb114c833053daebd4af3b30c0bde839\"",1),(\""a8c0b97b231afaebc42d067a57b139abb4a8631e36c7f81cee6a30173e22b6b2\"",1),(\""dfafb09cf4921baf2478651f0d7072b3a0df58b6c434443d32511927fa7919fb\"",1)]),(PolicyID {policyID = ScriptHash \""e6721fde8af7e40aecbd6f146b0470cc20722e05a61c9230a052900d\""},fromList [(\""4449415f52454345495645525f434c49454e545f41\"",1)])])), expected: MaryValue (Coin 9237000000) (MultiAsset (fromList [(PolicyID {policyID = ScriptHash \""def5c14be6bceefb95769110a0c8c7d5362e58bf8f17b6ee1c1bd902\""},fromList [(\""01f8ca4f564d04963a1ffccbb3f49da8bf09c0373f278d84047413cf09399650\"",1),(\""19434a5bb684f659378f19bc8c3748046e646c079e79c10e484e2d29445ee02d\"",1),(\""406a90956881e5fbe476ff634fd41235fb114c833053daebd4af3b30c0bde839\"",1),(\""a8c0b97b231afaebc42d067a57b139abb4a8631e36c7f81cee6a30173e22b6b2\"",1),(\""dfafb09cf4921baf2478651f0d7072b3a0df58b6c434443d32511927fa7919fb\"",1)]),(PolicyID {policyID = ScriptHash \""e6721fde8af7e40aecbd6f146b0470cc20722e05a61c9230a052900d\""},fromList [(\""4449415f52454345495645525f434c49454e545f41\"",1)])]))}))"",""ConwayUtxowFailure (UtxoFailure (UtxosFailure (CollectErrors (BadTranslation (BabbageContextError (AlonzoContextError (TranslationLogicMissingInput (TxIn (TxId {unTxId = SafeHash \""16f163d6f12fac93ffe25f9dd73efcd8b0eaef1cfe8cc2052d68c5a58d67dad3\""}) (TxIx {unTxIx = 1}))))) :| []))))""],""kind"":""ShelleyTxValidationError""},""tag"":""TxValidationErrorInCardanoMode""},""tag"":""TxCmdTxSubmitValidationError""},""tag"":""TxSubmitFail""}",0,0,,,,,1781832760048,1781832760048
1961,0xd2e937c70df7acab86de741bde2a42c67c09a87852a5bb37a5dda6edb5c81173,"",client_test_01_router_b_alts,client-test-01,customer-test-01,0,"","",SHIB/USD,4771838482835,1781832652,failed,UtxoNotFound,"Error: {""contents"":{""contents"":{""contents"":{""era"":""ShelleyBasedEraConway"",""error"":[""ConwayUtxowFailure (UtxoFailure (InsufficientCollateral (DeltaCoin (-123050000)) (Coin 2450814)))"",""ConwayUtxowFailure (UtxoFailure (IncorrectTotalCollateralField (DeltaCoin (-123050000)) (Coin 5000000)))"",""ConwayUtxowFailure (UtxoFailure NoCollateralInputs)"",""ConwayUtxowFailure (UtxoFailure (BadInputsUTxO (NonEmptySet (fromList [TxIn (TxId {unTxId = SafeHash \""16f163d6f12fac93ffe25f9dd73efcd8b0eaef1cfe8cc2052d68c5a58d67dad3\""}) (TxIx {unTxIx = 1})]))))"",""ConwayUtxowFailure (UtxoFailure (ValueNotConservedUTxO Mismatch (RelEQ) {supplied: MaryValue (Coin 9108950000) (MultiAsset (fromList [(PolicyID {policyID = ScriptHash \""def5c14be6bceefb95769110a0c8c7d5362e58bf8f17b6ee1c1bd902\""},fromList [(\""01f8ca4f564d04963a1ffccbb3f49da8bf09c0373f278d84047413cf09399650\"",1),(\""19434a5bb684f659378f19bc8c3748046e646c079e79c10e484e2d29445ee02d\"",1),(\""406a90956881e5fbe476ff634fd41235fb114c833053daebd4af3b30c0bde839\"",1),(\""a8c0b97b231afaebc42d067a57b139abb4a8631e36c7f81cee6a30173e22b6b2\"",1),(\""dfafb09cf4921baf2478651f0d7072b3a0df58b6c434443d32511927fa7919fb\"",1)]),(PolicyID {policyID = ScriptHash \""e6721fde8af7e40aecbd6f146b0470cc20722e05a61c9230a052900d\""},fromList [(\""4449415f52454345495645525f434c49454e545f41\"",1)])])), expected: MaryValue (Coin 9237000000) (MultiAsset (fromList [(PolicyID {policyID = ScriptHash \""def5c14be6bceefb95769110a0c8c7d5362e58bf8f17b6ee1c1bd902\""},fromList [(\""01f8ca4f564d04963a1ffccbb3f49da8bf09c0373f278d84047413cf09399650\"",1),(\""19434a5bb684f659378f19bc8c3748046e646c079e79c10e484e2d29445ee02d\"",1),(\""406a90956881e5fbe476ff634fd41235fb114c833053daebd4af3b30c0bde839\"",1),(\""a8c0b97b231afaebc42d067a57b139abb4a8631e36c7f81cee6a30173e22b6b2\"",1),(\""dfafb09cf4921baf2478651f0d7072b3a0df58b6c434443d32511927fa7919fb\"",1)]),(PolicyID {policyID = ScriptHash \""e6721fde8af7e40aecbd6f146b0470cc20722e05a61c9230a052900d\""},fromList [(\""4449415f52454345495645525f434c49454e545f41\"",1)])]))}))"",""ConwayUtxowFailure (UtxoFailure (UtxosFailure (CollectErrors (BadTranslation (BabbageContextError (AlonzoContextError (TranslationLogicMissingInput (TxIn (TxId {unTxId = SafeHash \""16f163d6f12fac93ffe25f9dd73efcd8b0eaef1cfe8cc2052d68c5a58d67dad3\""}) (TxIx {unTxIx = 1}))))) :| []))))""],""kind"":""ShelleyTxValidationError""},""tag"":""TxValidationErrorInCardanoMode""},""tag"":""TxCmdTxSubmitValidationError""},""tag"":""TxSubmitFail""}",0,0,,,,,1781832760055,1781832760055
1962,0xd3093be778cbfd14cdb98af92985dad3e98b5a8ce6f8a796c13e37824ad0b42f,"",client_test_01_router_b_alts,client-test-01,customer-test-01,0,"","",NEIRO/USD,67881404285387,1781832676,failed,UtxoNotFound,"Error: {""contents"":{""contents"":{""contents"":{""era"":""ShelleyBasedEraConway"",""error"":[""ConwayUtxowFailure (UtxoFailure (InsufficientCollateral (DeltaCoin (-123050000)) (Coin 2450814)))"",""ConwayUtxowFailure (UtxoFailure (IncorrectTotalCollateralField (DeltaCoin (-123050000)) (Coin 5000000)))"",""ConwayUtxowFailure (UtxoFailure NoCollateralInputs)"",""ConwayUtxowFailure (UtxoFailure (BadInputsUTxO (NonEmptySet (fromList [TxIn (TxId {unTxId = SafeHash \""16f163d6f12fac93ffe25f9dd73efcd8b0eaef1cfe8cc2052d68c5a58d67dad3\""}) (TxIx {unTxIx = 1})]))))"",""ConwayUtxowFailure (UtxoFailure (ValueNotConservedUTxO Mismatch (RelEQ) {supplied: MaryValue (Coin 9108950000) (MultiAsset (fromList [(PolicyID {policyID = ScriptHash \""def5c14be6bceefb95769110a0c8c7d5362e58bf8f17b6ee1c1bd902\""},fromList [(\""01f8ca4f564d04963a1ffccbb3f49da8bf09c0373f278d84047413cf09399650\"",1),(\""19434a5bb684f659378f19bc8c3748046e646c079e79c10e484e2d29445ee02d\"",1),(\""406a90956881e5fbe476ff634fd41235fb114c833053daebd4af3b30c0bde839\"",1),(\""a8c0b97b231afaebc42d067a57b139abb4a8631e36c7f81cee6a30173e22b6b2\"",1),(\""dfafb09cf4921baf2478651f0d7072b3a0df58b6c434443d32511927fa7919fb\"",1)]),(PolicyID {policyID = ScriptHash \""e6721fde8af7e40aecbd6f146b0470cc20722e05a61c9230a052900d\""},fromList [(\""4449415f52454345495645525f434c49454e545f41\"",1)])])), expected: MaryValue (Coin 9237000000) (MultiAsset (fromList [(PolicyID {policyID = ScriptHash \""def5c14be6bceefb95769110a0c8c7d5362e58bf8f17b6ee1c1bd902\""},fromList [(\""01f8ca4f564d04963a1ffccbb3f49da8bf09c0373f278d84047413cf09399650\"",1),(\""19434a5bb684f659378f19bc8c3748046e646c079e79c10e484e2d29445ee02d\"",1),(\""406a90956881e5fbe476ff634fd41235fb114c833053daebd4af3b30c0bde839\"",1),(\""a8c0b97b231afaebc42d067a57b139abb4a8631e36c7f81cee6a30173e22b6b2\"",1),(\""dfafb09cf4921baf2478651f0d7072b3a0df58b6c434443d32511927fa7919fb\"",1)]),(PolicyID {policyID = ScriptHash \""e6721fde8af7e40aecbd6f146b0470cc20722e05a61c9230a052900d\""},fromList [(\""4449415f52454345495645525f434c49454e545f41\"",1)])]))}))"",""ConwayUtxowFailure (UtxoFailure (UtxosFailure (CollectErrors (BadTranslation (BabbageContextError (AlonzoContextError (TranslationLogicMissingInput (TxIn (TxId {unTxId = SafeHash \""16f163d6f12fac93ffe25f9dd73efcd8b0eaef1cfe8cc2052d68c5a58d67dad3\""}) (TxIx {unTxIx = 1}))))) :| []))))""],""kind"":""ShelleyTxValidationError""},""tag"":""TxValidationErrorInCardanoMode""},""tag"":""TxCmdTxSubmitValidationError""},""tag"":""TxSubmitFail""}",0,0,,,,,1781832760061,1781832760061
1963,0xb5c8be8b219222515463f6280897b0a7ecf64533be6f241978bd47c564acbd4e,f2270b3ea451e656f37cfc39348e3645d98d8cd1bd329ee2035fc6cd843a03b4,client_test_01_router_b_alts,client-test-01,customer-test-01,0,"","",LTC/USD,"",0,confirmed,,,0,0,,,1781832770207,1781832785959,,1781832770207
1964,0x64f4651e746f62870ed3225b8a35d6e808b5a4685ff26a299c5e382186674ef9,f2270b3ea451e656f37cfc39348e3645d98d8cd1bd329ee2035fc6cd843a03b4,client_test_01_router_b_alts,client-test-01,customer-test-01,0,"","",ARB/USD,"",0,confirmed,,,0,0,,,1781832770213,1781832785977,,1781832770213
1965,0x7fe2760f43c92b4e1e2d77c18ea84075dcafb63cead1ce841839276fcae35040,8653417fc3cdde5a89fe6ef67299a35fecef48d274b2f105ac9d59385d7c989a,client_test_01_router_a_majors,client-test-01,customer-test-01,0,"","",DOGE/USD,"",0,confirmed,,,0,0,,,1781832797395,1781832824263,,1781832797395
1966,0x3744946393f699ee30febb120dfda59c63d76152c39d20cdce9c02ebd1f9752e,8653417fc3cdde5a89fe6ef67299a35fecef48d274b2f105ac9d59385d7c989a,client_test_01_router_b_alts,client-test-01,customer-test-01,0,"","",SHIB/USD,"",0,confirmed,,,0,0,,,1781832797405,1781832824282,,1781832797405
1967,0xb5c8be8b219222515463f6280897b0a7ecf64533be6f241978bd47c564acbd4e,"",client_test_01_router_b_alts,client-test-01,customer-test-01,0,"","",LTC/USD,43822578923634864128,1781832726,failed,NonMonotonicNonce,"Intent for LTC/USD superseded on chain; not submitted.",0,0,,,,,1781832824278,1781832824278
1968,0x4b6d9cee57db529a579d753d9ac7ddf7d7082769117954dc9aa3cda6e06f0f8d,6cc47ac325d93b2c334ab961db04bb712d454ca9cb2a18712a04cc8b93bd9236,client_test_01_router_a_majors,client-test-01,customer-test-01,0,"","",BTC/USD,"",0,confirmed,,,0,0,,,1781832954761,1781833005365,,1781832954761
1969,0x35d88cda9ff5a36981c44b21b13ca38e95531b1d4c343c9a61015a885caf9bfe,6cc47ac325d93b2c334ab961db04bb712d454ca9cb2a18712a04cc8b93bd9236,client_test_01_router_a_majors,client-test-01,customer-test-01,0,"","",ETH/USD,"",0,confirmed,,,0,0,,,1781832954773,1781833005381,,1781832954773
1970,0xc2bd1387a3c17479574d6bfbe8e65e33533c4ad9b530f1b276de1a33b604258d,6cc47ac325d93b2c334ab961db04bb712d454ca9cb2a18712a04cc8b93bd9236,client_test_01_router_a_majors,client-test-01,customer-test-01,0,"","",USDC/USD,"",0,confirmed,,,0,0,,,1781832954780,1781833005390,,1781832954780
1971,0x07ed6071d98d2c447310c892ad072bb5fcd27494d1f1316c6252758d361cb839,7226f3192196b51584a86f0d3f52cf75b2df320e705fca052e5916e4657d3e13,client_test_01_router_a_majors,client-test-01,customer-test-01,0,"","",BTC/USD,"",0,confirmed,,,0,0,,,1781833019618,1781833060480,,1781833019618
1972,0xaad3ca2d4862a9deae2226fb4df14de330d63fadc042a2ca680868ab0b0b768e,7226f3192196b51584a86f0d3f52cf75b2df320e705fca052e5916e4657d3e13,client_test_01_router_a_majors,client-test-01,customer-test-01,0,"","",ETH/USD,"",0,confirmed,,,0,0,,,1781833019628,1781833060493,,1781833019628
1973,0x07a69c968edf823aba20473e1f1ea83463fe4b6938ebb0b4136a37d40574fe45,7226f3192196b51584a86f0d3f52cf75b2df320e705fca052e5916e4657d3e13,client_test_01_router_a_majors,client-test-01,customer-test-01,0,"","",USDC/USD,"",0,confirmed,,,0,0,,,1781833019633,1781833060503,,1781833019633
1974,0xf2e59110d77ec9c6f9afe19bd263c26c3ae5ddfa2ebcd7e0e5588651a5ff2c04,7226f3192196b51584a86f0d3f52cf75b2df320e705fca052e5916e4657d3e13,client_test_01_router_a_majors,client-test-01,customer-test-01,0,"","",DOGE/USD,"",0,confirmed,,,0,0,,,1781833019636,1781833060521,,1781833019636
1975,0xd47e83110b5708ef23709e5e27855f961ccadd1a855ec6b257ebe6c89dc52bd7,7226f3192196b51584a86f0d3f52cf75b2df320e705fca052e5916e4657d3e13,client_test_01_router_a_majors,client-test-01,customer-test-01,0,"","",USDT/USD,"",0,failed,CrashRecovery,"daemon restarted with submitted transaction awaiting confirmation",0,0,,,1781833019640,,1781836345329,1781833019640
1976,0xd47e83110b5708ef23709e5e27855f961ccadd1a855ec6b257ebe6c89dc52bd7,"",client_test_01_router_a_majors,client-test-01,customer-test-01,0,"","",USDT/USD,998915000000000000,1781832993,failed,CrashRecovery,"daemon restarted with submitted transaction awaiting confirmation",0,0,,,,,1781836345329,1781833060535
1977,0x484e2c2e1e20c4f039da4a6da4f5e9555f4ad43bbc5905aa5b6f35013e5927b5,9e5995ebd450af11ce862b1d776fc6d2477afd0be8ac0e7674beafae75cc3441,client_test_01_router_a_majors,client-test-01,customer-test-01,0,"","",USDT/USD,"",0,confirmed,,,0,0,,,1781833071434,1781833104214,,1781833071434
1978,0xf2e59110d77ec9c6f9afe19bd263c26c3ae5ddfa2ebcd7e0e5588651a5ff2c04,"",client_test_01_router_a_majors,client-test-01,customer-test-01,0,"","",DOGE/USD,83569911800000008,1781832997,failed,NonMonotonicNonce,"Intent for DOGE/USD superseded on chain; not submitted.",0,0,,,,,1781833104210,1781833104210
1979,0xf76fb44c15746acf7bfbfdcf66e794fe148646d9e3887079245fe0b6ebc832d2,"",client_test_01_router_a_majors,client-test-01,customer-test-01,0,"","",USDT/USD,998915000000000000,1781833080,failed,NonMonotonicNonce,"Oracle intent nonce must be greater than the current on-chain nonce; intent superseded, not submitted.",0,0,,,,,1781833109631,1781833109631
1980,0x064e56dc4c04277aa3279ff7a2f0728a9f515300e362a856e062ffb8794efae0,e9fc345c6a43cea9f632bd7a0606c1618633a897f7076ac5a722f7ca96deeec6,client_test_01_router_a_majors,client-test-01,customer-test-01,0,"","",BTC/USD,"",0,confirmed,,,0,0,,,1781833244256,1781833288574,,1781833244256
1981,0x388f76f979834888ea05bdb9469bcd1bc694fb05907d8dd89d22b053edda5adc,6b2370331c50b0f81efce5d3878542b33f1eee1db0fc373493318ce667ad115a,client_test_01_router_a_majors,client-test-01,customer-test-01,0,"","",BTC/USD,"",0,confirmed,,,0,0,,,1781833299282,1781833357309,,1781833299282
1982,0x064e56dc4c04277aa3279ff7a2f0728a9f515300e362a856e062ffb8794efae0,"",client_test_01_router_a_majors,client-test-01,customer-test-01,0,"","",BTC/USD,62932599884820233846784,1781833162,failed,UtxoNotFound,"Error: {""contents"":{""contents"":{""contents"":{""era"":""ShelleyBasedEraConway"",""error"":[""ConwayUtxowFailure (UtxoFailure (InsufficientCollateral (DeltaCoin (-121350000)) (Coin 2158272)))"",""ConwayUtxowFailure (UtxoFailure (IncorrectTotalCollateralField (DeltaCoin (-121350000)) (Coin 5000000)))"",""ConwayUtxowFailure (UtxoFailure NoCollateralInputs)"",""ConwayUtxowFailure (UtxoFailure (BadInputsUTxO (NonEmptySet (fromList [TxIn (TxId {unTxId = SafeHash \""691248aed8292825ab9f62c7cececbb728c944144fcd3c3ac2019b8c1ab38876\""}) (TxIx {unTxIx = 1})]))))"",""ConwayUtxowFailure (UtxoFailure (ValueNotConservedUTxO Mismatch (RelEQ) {supplied: MaryValue (Coin 9073950000) (MultiAsset (fromList [(PolicyID {policyID = ScriptHash \""def5c14be6bceefb95769110a0c8c7d5362e58bf8f17b6ee1c1bd902\""},fromList [(\""0156dbaa55902bb40ff6c461c8b2b59c70ebbe3786e51e5e75a8bc1cbad4c1ac\"",1),(\""19434a5bb684f659378f19bc8c3748046e646c079e79c10e484e2d29445ee02d\"",1),(\""3d7739c2406edbe3bb594b8f762cf67a2c889a162f2234dc17841f61d33849f4\"",1),(\""8a3859b168b77160150b13c200392328254c3758f082050fd7ec5c340ac2a497\"",1)]),(PolicyID {policyID = ScriptHash \""e6721fde8af7e40aecbd6f146b0470cc20722e05a61c9230a052900d\""},fromList [(\""4449415f52454345495645525f434c49454e545f41\"",1)])])), expected: MaryValue (Coin 9200300000) (MultiAsset (fromList [(PolicyID {policyID = ScriptHash \""def5c14be6bceefb95769110a0c8c7d5362e58bf8f17b6ee1c1bd902\""},fromList [(\""0156dbaa55902bb40ff6c461c8b2b59c70ebbe3786e51e5e75a8bc1cbad4c1ac\"",1),(\""19434a5bb684f659378f19bc8c3748046e646c079e79c10e484e2d29445ee02d\"",1),(\""3d7739c2406edbe3bb594b8f762cf67a2c889a162f2234dc17841f61d33849f4\"",1),(\""8a3859b168b77160150b13c200392328254c3758f082050fd7ec5c340ac2a497\"",1)]),(PolicyID {policyID = ScriptHash \""e6721fde8af7e40aecbd6f146b0470cc20722e05a61c9230a052900d\""},fromList [(\""4449415f52454345495645525f434c49454e545f41\"",1)])]))}))"",""ConwayUtxowFailure (UtxoFailure (UtxosFailure (CollectErrors (BadTranslation (BabbageContextError (AlonzoContextError (TranslationLogicMissingInput (TxIn (TxId {unTxId = SafeHash \""691248aed8292825ab9f62c7cececbb728c944144fcd3c3ac2019b8c1ab38876\""}) (TxIx {unTxIx = 1}))))) :| []))))""],""kind"":""ShelleyTxValidationError""},""tag"":""TxValidationErrorInCardanoMode""},""tag"":""TxCmdTxSubmitValidationError""},""tag"":""TxSubmitFail""}",0,0,,,,,1781833300265,1781833300265
1983,0xc9dd4a577f20667a3ce2b1cbbb50a43238a1b05f7acd5257c1676f647f76211c,"",client_test_01_router_a_majors,client-test-01,customer-test-01,0,"","",ETH/USD,1711772932105621864448,1781833163,failed,UtxoNotFound,"Error: {""contents"":{""contents"":{""contents"":{""era"":""ShelleyBasedEraConway"",""error"":[""ConwayUtxowFailure (UtxoFailure (InsufficientCollateral (DeltaCoin (-121350000)) (Coin 2158272)))"",""ConwayUtxowFailure (UtxoFailure (IncorrectTotalCollateralField (DeltaCoin (-121350000)) (Coin 5000000)))"",""ConwayUtxowFailure (UtxoFailure NoCollateralInputs)"",""ConwayUtxowFailure (UtxoFailure (BadInputsUTxO (NonEmptySet (fromList [TxIn (TxId {unTxId = SafeHash \""691248aed8292825ab9f62c7cececbb728c944144fcd3c3ac2019b8c1ab38876\""}) (TxIx {unTxIx = 1})]))))"",""ConwayUtxowFailure (UtxoFailure (ValueNotConservedUTxO Mismatch (RelEQ) {supplied: MaryValue (Coin 9073950000) (MultiAsset (fromList [(PolicyID {policyID = ScriptHash \""def5c14be6bceefb95769110a0c8c7d5362e58bf8f17b6ee1c1bd902\""},fromList [(\""0156dbaa55902bb40ff6c461c8b2b59c70ebbe3786e51e5e75a8bc1cbad4c1ac\"",1),(\""19434a5bb684f659378f19bc8c3748046e646c079e79c10e484e2d29445ee02d\"",1),(\""3d7739c2406edbe3bb594b8f762cf67a2c889a162f2234dc17841f61d33849f4\"",1),(\""8a3859b168b77160150b13c200392328254c3758f082050fd7ec5c340ac2a497\"",1)]),(PolicyID {policyID = ScriptHash \""e6721fde8af7e40aecbd6f146b0470cc20722e05a61c9230a052900d\""},fromList [(\""4449415f52454345495645525f434c49454e545f41\"",1)])])), expected: MaryValue (Coin 9200300000) (MultiAsset (fromList [(PolicyID {policyID = ScriptHash \""def5c14be6bceefb95769110a0c8c7d5362e58bf8f17b6ee1c1bd902\""},fromList [(\""0156dbaa55902bb40ff6c461c8b2b59c70ebbe3786e51e5e75a8bc1cbad4c1ac\"",1),(\""19434a5bb684f659378f19bc8c3748046e646c079e79c10e484e2d29445ee02d\"",1),(\""3d7739c2406edbe3bb594b8f762cf67a2c889a162f2234dc17841f61d33849f4\"",1),(\""8a3859b168b77160150b13c200392328254c3758f082050fd7ec5c340ac2a497\"",1)]),(PolicyID {policyID = ScriptHash \""e6721fde8af7e40aecbd6f146b0470cc20722e05a61c9230a052900d\""},fromList [(\""4449415f52454345495645525f434c49454e545f41\"",1)])]))}))"",""ConwayUtxowFailure (UtxoFailure (UtxosFailure (CollectErrors (BadTranslation (BabbageContextError (AlonzoContextError (TranslationLogicMissingInput (TxIn (TxId {unTxId = SafeHash \""691248aed8292825ab9f62c7cececbb728c944144fcd3c3ac2019b8c1ab38876\""}) (TxIx {unTxIx = 1}))))) :| []))))""],""kind"":""ShelleyTxValidationError""},""tag"":""TxValidationErrorInCardanoMode""},""tag"":""TxCmdTxSubmitValidationError""},""tag"":""TxSubmitFail""}",0,0,,,,,1781833300277,1781833300277
1984,0x81abcc29d9e74e1574109f433a48a7f2358d3738d494870b907a0f87b6eef10b,"",client_test_01_router_a_majors,client-test-01,customer-test-01,0,"","",USDC/USD,999800000000000000,1781833169,failed,UtxoNotFound,"Error: {""contents"":{""contents"":{""contents"":{""era"":""ShelleyBasedEraConway"",""error"":[""ConwayUtxowFailure (UtxoFailure (InsufficientCollateral (DeltaCoin (-121350000)) (Coin 2158272)))"",""ConwayUtxowFailure (UtxoFailure (IncorrectTotalCollateralField (DeltaCoin (-121350000)) (Coin 5000000)))"",""ConwayUtxowFailure (UtxoFailure NoCollateralInputs)"",""ConwayUtxowFailure (UtxoFailure (BadInputsUTxO (NonEmptySet (fromList [TxIn (TxId {unTxId = SafeHash \""691248aed8292825ab9f62c7cececbb728c944144fcd3c3ac2019b8c1ab38876\""}) (TxIx {unTxIx = 1})]))))"",""ConwayUtxowFailure (UtxoFailure (ValueNotConservedUTxO Mismatch (RelEQ) {supplied: MaryValue (Coin 9073950000) (MultiAsset (fromList [(PolicyID {policyID = ScriptHash \""def5c14be6bceefb95769110a0c8c7d5362e58bf8f17b6ee1c1bd902\""},fromList [(\""0156dbaa55902bb40ff6c461c8b2b59c70ebbe3786e51e5e75a8bc1cbad4c1ac\"",1),(\""19434a5bb684f659378f19bc8c3748046e646c079e79c10e484e2d29445ee02d\"",1),(\""3d7739c2406edbe3bb594b8f762cf67a2c889a162f2234dc17841f61d33849f4\"",1),(\""8a3859b168b77160150b13c200392328254c3758f082050fd7ec5c340ac2a497\"",1)]),(PolicyID {policyID = ScriptHash \""e6721fde8af7e40aecbd6f146b0470cc20722e05a61c9230a052900d\""},fromList [(\""4449415f52454345495645525f434c49454e545f41\"",1)])])), expected: MaryValue (Coin 9200300000) (MultiAsset (fromList [(PolicyID {policyID = ScriptHash \""def5c14be6bceefb95769110a0c8c7d5362e58bf8f17b6ee1c1bd902\""},fromList [(\""0156dbaa55902bb40ff6c461c8b2b59c70ebbe3786e51e5e75a8bc1cbad4c1ac\"",1),(\""19434a5bb684f659378f19bc8c3748046e646c079e79c10e484e2d29445ee02d\"",1),(\""3d7739c2406edbe3bb594b8f762cf67a2c889a162f2234dc17841f61d33849f4\"",1),(\""8a3859b168b77160150b13c200392328254c3758f082050fd7ec5c340ac2a497\"",1)]),(PolicyID {policyID = ScriptHash \""e6721fde8af7e40aecbd6f146b0470cc20722e05a61c9230a052900d\""},fromList [(\""4449415f52454345495645525f434c49454e545f41\"",1)])]))}))"",""ConwayUtxowFailure (UtxoFailure (UtxosFailure (CollectErrors (BadTranslation (BabbageContextError (AlonzoContextError (TranslationLogicMissingInput (TxIn (TxId {unTxId = SafeHash \""691248aed8292825ab9f62c7cececbb728c944144fcd3c3ac2019b8c1ab38876\""}) (TxIx {unTxIx = 1}))))) :| []))))""],""kind"":""ShelleyTxValidationError""},""tag"":""TxValidationErrorInCardanoMode""},""tag"":""TxCmdTxSubmitValidationError""},""tag"":""TxSubmitFail""}",0,0,,,,,1781833300283,1781833300283
1985,0x53ab804bdeb27a4778de7e903aab9f16fd9bad9dc409609ddd5ec106104de541,"",client_test_01_router_a_majors,client-test-01,customer-test-01,0,"","",DOGE/USD,83576720762500000,1781833172,failed,UtxoNotFound,"Error: {""contents"":{""contents"":{""contents"":{""era"":""ShelleyBasedEraConway"",""error"":[""ConwayUtxowFailure (UtxoFailure (InsufficientCollateral (DeltaCoin (-121350000)) (Coin 2158272)))"",""ConwayUtxowFailure (UtxoFailure (IncorrectTotalCollateralField (DeltaCoin (-121350000)) (Coin 5000000)))"",""ConwayUtxowFailure (UtxoFailure NoCollateralInputs)"",""ConwayUtxowFailure (UtxoFailure (BadInputsUTxO (NonEmptySet (fromList [TxIn (TxId {unTxId = SafeHash \""691248aed8292825ab9f62c7cececbb728c944144fcd3c3ac2019b8c1ab38876\""}) (TxIx {unTxIx = 1})]))))"",""ConwayUtxowFailure (UtxoFailure (ValueNotConservedUTxO Mismatch (RelEQ) {supplied: MaryValue (Coin 9073950000) (MultiAsset (fromList [(PolicyID {policyID = ScriptHash \""def5c14be6bceefb95769110a0c8c7d5362e58bf8f17b6ee1c1bd902\""},fromList [(\""0156dbaa55902bb40ff6c461c8b2b59c70ebbe3786e51e5e75a8bc1cbad4c1ac\"",1),(\""19434a5bb684f659378f19bc8c3748046e646c079e79c10e484e2d29445ee02d\"",1),(\""3d7739c2406edbe3bb594b8f762cf67a2c889a162f2234dc17841f61d33849f4\"",1),(\""8a3859b168b77160150b13c200392328254c3758f082050fd7ec5c340ac2a497\"",1)]),(PolicyID {policyID = ScriptHash \""e6721fde8af7e40aecbd6f146b0470cc20722e05a61c9230a052900d\""},fromList [(\""4449415f52454345495645525f434c49454e545f41\"",1)])])), expected: MaryValue (Coin 9200300000) (MultiAsset (fromList [(PolicyID {policyID = ScriptHash \""def5c14be6bceefb95769110a0c8c7d5362e58bf8f17b6ee1c1bd902\""},fromList [(\""0156dbaa55902bb40ff6c461c8b2b59c70ebbe3786e51e5e75a8bc1cbad4c1ac\"",1),(\""19434a5bb684f659378f19bc8c3748046e646c079e79c10e484e2d29445ee02d\"",1),(\""3d7739c2406edbe3bb594b8f762cf67a2c889a162f2234dc17841f61d33849f4\"",1),(\""8a3859b168b77160150b13c200392328254c3758f082050fd7ec5c340ac2a497\"",1)]),(PolicyID {policyID = ScriptHash \""e6721fde8af7e40aecbd6f146b0470cc20722e05a61c9230a052900d\""},fromList [(\""4449415f52454345495645525f434c49454e545f41\"",1)])]))}))"",""ConwayUtxowFailure (UtxoFailure (UtxosFailure (CollectErrors (BadTranslation (BabbageContextError (AlonzoContextError (TranslationLogicMissingInput (TxIn (TxId {unTxId = SafeHash \""691248aed8292825ab9f62c7cececbb728c944144fcd3c3ac2019b8c1ab38876\""}) (TxIx {unTxIx = 1}))))) :| []))))""],""kind"":""ShelleyTxValidationError""},""tag"":""TxValidationErrorInCardanoMode""},""tag"":""TxCmdTxSubmitValidationError""},""tag"":""TxSubmitFail""}",0,0,,,,,1781833300292,1781833300292
1986,0x010a211b3c378d8c8b20b21a90c08d22f56bd8b9e34aac8eee2d1d862e1b0d00,6b2370331c50b0f81efce5d3878542b33f1eee1db0fc373493318ce667ad115a,client_test_01_router_a_majors,client-test-01,customer-test-01,0,"","",USDT/USD,"",0,confirmed,,,0,0,,,1781833333348,1781833357291,,1781833333348
1987,0x5552ce804011bba8db89f296c0fa80f204b2e11f825dc9102bde0de36b3b8e9d,6b2370331c50b0f81efce5d3878542b33f1eee1db0fc373493318ce667ad115a,client_test_01_router_a_majors,client-test-01,customer-test-01,0,"","",ETH/USD,"",0,confirmed,,,0,0,,,1781833333358,1781833357330,,1781833333358
1988,0xb08f6e710d967ec7ce11445d42b6fd602de7e8286612ac150d44f56955c94c9c,6b2370331c50b0f81efce5d3878542b33f1eee1db0fc373493318ce667ad115a,client_test_01_router_a_majors,client-test-01,customer-test-01,0,"","",USDC/USD,"",0,confirmed,,,0,0,,,1781833333365,1781833357338,,1781833333365
1989,0xe856e11ceee94f6bb9be0630f80f36b360a635e1787ebe39ba4e60f47287b6b3,6b2370331c50b0f81efce5d3878542b33f1eee1db0fc373493318ce667ad115a,client_test_01_router_a_majors,client-test-01,customer-test-01,0,"","",DOGE/USD,"",0,confirmed,,,0,0,,,1781833333370,1781833357346,,1781833333370
1990,0x1f6f59236d05f977b68f2a498dc758107294988e179bdc84071c978985e8f064,c1e44479f57e0701b569acadd703023b749152e5e32f9920579b8f2402048de5,client_test_01_router_a_majors,client-test-01,customer-test-01,0,"","",USDT/USD,"",0,confirmed,,,0,0,,,1781833370633,1781833394513,,1781833370633
1991,0x6717431368ca93f5022475f519fa9614feef89497153929f5007c87ee66fc4bd,c1e44479f57e0701b569acadd703023b749152e5e32f9920579b8f2402048de5,client_test_01_router_a_majors,client-test-01,customer-test-01,0,"","",BTC/USD,"",0,confirmed,,,0,0,,,1781833370648,1781833394527,,1781833370648
1992,0x3c4ff80fee574b29b739ddbdb19e739243d75f35493ca8af6b920685797384c4,c1e44479f57e0701b569acadd703023b749152e5e32f9920579b8f2402048de5,client_test_01_router_a_majors,client-test-01,customer-test-01,0,"","",ETH/USD,"",0,confirmed,,,0,0,,,1781833370654,1781833394536,,1781833370654
1993,0xe1090986e2fcabf10c12ae65159fc0f8ee2ddbd0cb45c6eebfb97333f0eb31de,c1e44479f57e0701b569acadd703023b749152e5e32f9920579b8f2402048de5,client_test_01_router_a_majors,client-test-01,customer-test-01,0,"","",USDC/USD,"",0,confirmed,,,0,0,,,1781833370659,1781833394546,,1781833370659
1994,0xdc8699b0e7f9508f534f561ee92590d66e530f34961265bff8c8081df31315a9,e49de7edde6a20c521d6c92ff283ed68be60c4ac159357b8e5444723fdfecd67,client_test_01_router_a_majors,client-test-01,customer-test-01,0,"","",BTC/USD,"",0,confirmed,,,0,0,,,1781833566565,1781833620176,,1781833566565
1995,0x7683488c722bee63d5a3a09bc55cf4be9bb8ecf6024dc34e3e064a21847b2d75,e49de7edde6a20c521d6c92ff283ed68be60c4ac159357b8e5444723fdfecd67,client_test_01_router_a_majors,client-test-01,customer-test-01,0,"","",ETH/USD,"",0,confirmed,,,0,0,,,1781833566575,1781833620190,,1781833566575
1996,0x810e6b88d68989e614b3817cd9719753709a537b995f3ded5cc02ed2272fcd7d,e49de7edde6a20c521d6c92ff283ed68be60c4ac159357b8e5444723fdfecd67,client_test_01_router_a_majors,client-test-01,customer-test-01,0,"","",USDC/USD,"",0,confirmed,,,0,0,,,1781833566581,1781833620198,,1781833566581
1997,0xf6dcc03cbab6591ebf78e07d0d2472d3722056de2cf526b770f8aef7721b0ecf,06e2e34c77e08265a18dbd19b861c17630187b572761e0e4407ffedbed027c92,client_test_01_router_a_majors,client-test-01,customer-test-01,0,"","",BTC/USD,"",0,confirmed,,,0,0,,,1781833634541,1781833655842,,1781833634541
1998,0x9a65e0de1b1059a8833ca46e69dd3324d961d2c4c36971f00ebc05e52e73ea7c,06e2e34c77e08265a18dbd19b861c17630187b572761e0e4407ffedbed027c92,client_test_01_router_a_majors,client-test-01,customer-test-01,0,"","",ETH/USD,"",0,confirmed,,,0,0,,,1781833634553,1781833655857,,1781833634553
1999,0x09ca753c8fa7adc61f122e3e517ece1d509276c2a7ae24d9157ab5ef01ff79b5,06e2e34c77e08265a18dbd19b861c17630187b572761e0e4407ffedbed027c92,client_test_01_router_a_majors,client-test-01,customer-test-01,0,"","",USDC/USD,"",0,confirmed,,,0,0,,,1781833634558,1781833655867,,1781833634558
2000,0x7f5e431a1090a2c5898533031e6cacb807d108db549f3f47ba39a8e4fb87660c,06e2e34c77e08265a18dbd19b861c17630187b572761e0e4407ffedbed027c92,client_test_01_router_a_majors,client-test-01,customer-test-01,0,"","",DOGE/USD,"",0,confirmed,,,0,0,,,1781833634563,1781833655877,,1781833634563
2001,0xe531e9367d0761073ab3bcfc166a43c7db08fd4129d6071d14a8c3e321172232,06e2e34c77e08265a18dbd19b861c17630187b572761e0e4407ffedbed027c92,client_test_01_router_a_majors,client-test-01,customer-test-01,0,"","",USDT/USD,"",0,confirmed,,,0,0,,,1781833634569,1781833655886,,1781833634569
2002,0x7f5e431a1090a2c5898533031e6cacb807d108db549f3f47ba39a8e4fb87660c,"",client_test_01_router_a_majors,client-test-01,customer-test-01,0,"","",DOGE/USD,83591420574556512,1781833609,failed,NonMonotonicNonce,"Oracle intent timestamp must be greater than the current on-chain timestamp; intent superseded, not submitted.",0,0,,,,,1781833661402,1781833661402
2003,0xb02e766e750652fe62fa423fcab76fc33930034d4f8056038b8bdee40b4d4c13,6de0292285d295ac6ec61d59cb01a099719e038964b3b17b63742add4db04a15,client_test_01_router_a_majors,client-test-01,customer-test-01,0,"","",BTC/USD,"",0,confirmed,,,0,0,,,1781833856601,1781833912548,,1781833856601
2004,0x54274703319a38ebcc40c927ded9b66bad1ce1d0b69f49d486085a7eabe258ac,6de0292285d295ac6ec61d59cb01a099719e038964b3b17b63742add4db04a15,client_test_01_router_a_majors,client-test-01,customer-test-01,0,"","",ETH/USD,"",0,confirmed,,,0,0,,,1781833876230,1781833912564,,1781833876230
2005,0x31a0bd5ea8671aeb4460abefb4a922b1d12757d690e8ef97319aa90d0dc5fb22,6de0292285d295ac6ec61d59cb01a099719e038964b3b17b63742add4db04a15,client_test_01_router_a_majors,client-test-01,customer-test-01,0,"","",USDC/USD,"",0,confirmed,,,0,0,,,1781833876240,1781833912573,,1781833876240
2006,0xbc9fd6abaaa97db528356df8a57753bc147a3be4cd586fcc48c4c966c8b53e09,6de0292285d295ac6ec61d59cb01a099719e038964b3b17b63742add4db04a15,client_test_01_router_a_majors,client-test-01,customer-test-01,0,"","",DOGE/USD,"",0,confirmed,,,0,0,,,1781833876246,1781833912581,,1781833876246
2007,0x7da40bdb9ba07e66ab5b780342d0bcbde12be217a60490dc4e717600f4ab9827,353b5f1a164dc7d39bc32b4af5294fffbb3292c7b738306309281c43460c7ab4,client_test_01_router_a_majors,client-test-01,customer-test-01,0,"","",USDT/USD,"",0,confirmed,,,0,0,,,1781833926946,1781833945064,,1781833926946
2008,0x85fd7ab7621cc3048401bc903819bb431bd53674503a45b4f7ceb24fbf3fec1d,353b5f1a164dc7d39bc32b4af5294fffbb3292c7b738306309281c43460c7ab4,client_test_01_router_a_majors,client-test-01,customer-test-01,0,"","",BTC/USD,"",0,confirmed,,,0,0,,,1781833926952,1781833945079,,1781833926952
2009,0x2be1018190d619cdd366155da29773696411bb5bbb14d4af7dc7fecb4be0bc19,353b5f1a164dc7d39bc32b4af5294fffbb3292c7b738306309281c43460c7ab4,client_test_01_router_a_majors,client-test-01,customer-test-01,0,"","",ETH/USD,"",0,confirmed,,,0,0,,,1781833926957,1781833945089,,1781833926957
2010,0x745165d9fe617b03f56075155464908fbc21117f4ab31a7af5152492d5a8ea66,353b5f1a164dc7d39bc32b4af5294fffbb3292c7b738306309281c43460c7ab4,client_test_01_router_a_majors,client-test-01,customer-test-01,0,"","",USDC/USD,"",0,confirmed,,,0,0,,,1781833926961,1781833945101,,1781833926961
2011,0xe1d610ec548208b7e0944ccd27b98b279a4ae18353c60e4036a6ad617020c4d6,353b5f1a164dc7d39bc32b4af5294fffbb3292c7b738306309281c43460c7ab4,client_test_01_router_a_majors,client-test-01,customer-test-01,0,"","",DOGE/USD,"",0,confirmed,,,0,0,,,1781833926967,1781833945118,,1781833926967
2012,0x8c1c425f49ed01f992a2e3aaf8b86e2f93b6090f15ce022eaba2c396594760df,790151101b45571772a1fc3379eac135693ca0fb718109b725d29584ff06bae5,client_test_01_router_a_majors,client-test-01,customer-test-01,0,"","",USDT/USD,"",0,confirmed,,,0,0,,,1781833955613,1781833970298,,1781833955613
2013,0x7579d33fe96e4b910089522384cb7b77c62f78d946eecb00db9f20057a23d41e,0733071de3fcb9f8826b9645dbf205f779bb7aa6f7ab5b15452a85ed78789c81,client_test_01_router_a_majors,client-test-01,customer-test-01,0,"","",USDT/USD,"",0,confirmed,,,0,0,,,1781834148025,1781834174682,,1781834148025
2014,0x9357b351c74f6eaf6ca7dfa6f25ec4d115fb7aa4261e17df30f4dc17fba59e13,10788d0313e5c952dc5ecb35b48ce8cb876fbe61d1981033d39ba1590045f675,client_test_01_router_a_majors,client-test-01,customer-test-01,0,"","",BTC/USD,"",0,confirmed,,,0,0,,,1781834188017,1781834225979,,1781834188017
2015,0x8865494d44fb19d5602905c0824264d0ac0e92c0bd68cf075a5b86801d6f2ea9,10788d0313e5c952dc5ecb35b48ce8cb876fbe61d1981033d39ba1590045f675,client_test_01_router_a_majors,client-test-01,customer-test-01,0,"","",ETH/USD,"",0,confirmed,,,0,0,,,1781834188037,1781834225994,,1781834188037
2016,0x9c51443e27c857acd3a3393e973e97dbc38fd1ff3d617e79de77d27068a9bc87,10788d0313e5c952dc5ecb35b48ce8cb876fbe61d1981033d39ba1590045f675,client_test_01_router_a_majors,client-test-01,customer-test-01,0,"","",USDC/USD,"",0,confirmed,,,0,0,,,1781834188045,1781834226004,,1781834188045
2017,0x7434aaa827ed997ed02a598c58ee17983408ca36a1234ff743f9251eb0d536ea,10788d0313e5c952dc5ecb35b48ce8cb876fbe61d1981033d39ba1590045f675,client_test_01_router_a_majors,client-test-01,customer-test-01,0,"","",DOGE/USD,"",0,confirmed,,,0,0,,,1781834188050,1781834226013,,1781834188050
2018,0x4fc1bcb9e30d745c56eb6e1331aa5f1c88ed7548f8981e8f87d966994092487f,a6fec3c561ad5824977d263c2705f35e12b4f7281c89b4156644918b53c2a6c8,client_test_01_router_a_majors,client-test-01,customer-test-01,0,"","",BTC/USD,"",0,confirmed,,,0,0,,,1781834239120,1781834266010,,1781834239120
2019,0x9ed7d0986e94922dd8df1c3558393d99846935df93ea7148447f9153b46a9807,a6fec3c561ad5824977d263c2705f35e12b4f7281c89b4156644918b53c2a6c8,client_test_01_router_a_majors,client-test-01,customer-test-01,0,"","",ETH/USD,"",0,confirmed,,,0,0,,,1781834239130,1781834266019,,1781834239130
2020,0x4de98632ce1e6cc8e7e97b080ae5f5c67e59436579f4526f02d617e1c58d860e,a6fec3c561ad5824977d263c2705f35e12b4f7281c89b4156644918b53c2a6c8,client_test_01_router_a_majors,client-test-01,customer-test-01,0,"","",USDC/USD,"",0,confirmed,,,0,0,,,1781834239137,1781834266030,,1781834239137
2021,0xf57552b2f24eb8554bf7d2c1b17a641224c621a0eaf698fde273947f42de39ce,a6fec3c561ad5824977d263c2705f35e12b4f7281c89b4156644918b53c2a6c8,client_test_01_router_a_majors,client-test-01,customer-test-01,0,"","",DOGE/USD,"",0,confirmed,,,0,0,,,1781834239146,1781834266038,,1781834239146
2022,0x3d5cfc1f8a527403504f3d5e45531dc463aa52535cf6e196a5b2f3c6813afc04,bb9e56a1c9ba08b346c890c480ef5b8252fef018794e0aa6dd34dbba74e2619d,client_test_01_router_a_majors,client-test-01,customer-test-01,0,"","",BTC/USD,"",0,confirmed,,,0,0,,,1781834468005,1781834569974,,1781834468005
2023,0x3d5cfc1f8a527403504f3d5e45531dc463aa52535cf6e196a5b2f3c6813afc04,bb9e56a1c9ba08b346c890c480ef5b8252fef018794e0aa6dd34dbba74e2619d,client_test_01_router_a_majors,client-test-01,customer-test-01,0,"","",BTC/USD,62877906686500000497664,1781834388,confirmed,UtxoNotFound,"Error: {""contents"":{""contents"":{""contents"":{""era"":""ShelleyBasedEraConway"",""error"":[""ConwayUtxowFailure (UtxoFailure (InsufficientCollateral (DeltaCoin (-119100580)) (Coin 3080943)))"",""ConwayUtxowFailure (UtxoFailure (IncorrectTotalCollateralField (DeltaCoin (-119100580)) (Coin 5000000)))"",""ConwayUtxowFailure (UtxoFailure NoCollateralInputs)"",""ConwayUtxowFailure (UtxoFailure (BadInputsUTxO (NonEmptySet (fromList [TxIn (TxId {unTxId = SafeHash \""06e2e34c77e08265a18dbd19b861c17630187b572761e0e4407ffedbed027c92\""}) (TxIx {unTxIx = 6})]))))"",""ConwayUtxowFailure (UtxoFailure (ValueNotConservedUTxO Mismatch (RelEQ) {supplied: MaryValue (Coin 9088950000) (MultiAsset (fromList [(PolicyID {policyID = ScriptHash \""def5c14be6bceefb95769110a0c8c7d5362e58bf8f17b6ee1c1bd902\""},fromList [(\""0156dbaa55902bb40ff6c461c8b2b59c70ebbe3786e51e5e75a8bc1cbad4c1ac\"",1),(\""01f8ca4f564d04963a1ffccbb3f49da8bf09c0373f278d84047413cf09399650\"",1),(\""19434a5bb684f659378f19bc8c3748046e646c079e79c10e484e2d29445ee02d\"",1),(\""3d7739c2406edbe3bb594b8f762cf67a2c889a162f2234dc17841f61d33849f4\"",1),(\""406a90956881e5fbe476ff634fd41235fb114c833053daebd4af3b30c0bde839\"",1),(\""8a3859b168b77160150b13c200392328254c3758f082050fd7ec5c340ac2a497\"",1),(\""a8c0b97b231afaebc42d067a57b139abb4a8631e36c7f81cee6a30173e22b6b2\"",1)]),(PolicyID {policyID = ScriptHash \""e6721fde8af7e40aecbd6f146b0470cc20722e05a61c9230a052900d\""},fromList [(\""4449415f52454345495645525f434c49454e545f41\"",1)])])), expected: MaryValue (Coin 9213050580) (MultiAsset (fromList [(PolicyID {policyID = ScriptHash \""def5c14be6bceefb95769110a0c8c7d5362e58bf8f17b6ee1c1bd902\""},fromList [(\""0156dbaa55902bb40ff6c461c8b2b59c70ebbe3786e51e5e75a8bc1cbad4c1ac\"",1),(\""01f8ca4f564d04963a1ffccbb3f49da8bf09c0373f278d84047413cf09399650\"",1),(\""19434a5bb684f659378f19bc8c3748046e646c079e79c10e484e2d29445ee02d\"",1),(\""3d7739c2406edbe3bb594b8f762cf67a2c889a162f2234dc17841f61d33849f4\"",1),(\""406a90956881e5fbe476ff634fd41235fb114c833053daebd4af3b30c0bde839\"",1),(\""8a3859b168b77160150b13c200392328254c3758f082050fd7ec5c340ac2a497\"",1),(\""a8c0b97b231afaebc42d067a57b139abb4a8631e36c7f81cee6a30173e22b6b2\"",1)]),(PolicyID {policyID = ScriptHash \""e6721fde8af7e40aecbd6f146b0470cc20722e05a61c9230a052900d\""},fromList [(\""4449415f52454345495645525f434c49454e545f41\"",1)])]))}))"",""ConwayUtxowFailure (UtxoFailure (UtxosFailure (CollectErrors (BadTranslation (BabbageContextError (AlonzoContextError (TranslationLogicMissingInput (TxIn (TxId {unTxId = SafeHash \""06e2e34c77e08265a18dbd19b861c17630187b572761e0e4407ffedbed027c92\""}) (TxIx {unTxIx = 6}))))) :| []))))""],""kind"":""ShelleyTxValidationError""},""tag"":""TxValidationErrorInCardanoMode""},""tag"":""TxCmdTxSubmitValidationError""},""tag"":""TxSubmitFail""}",0,0,,,,1781834569974,1781834536628,1781834536628
2024,0x6d4907a540521592d238d650e3e4f7589a417f9543c8aae290059eaea5fb2891,"",client_test_01_router_a_majors,client-test-01,customer-test-01,0,"","",ETH/USD,1709217808184414175232,1781834389,failed,UtxoNotFound,"Error: {""contents"":{""contents"":{""contents"":{""era"":""ShelleyBasedEraConway"",""error"":[""ConwayUtxowFailure (UtxoFailure (InsufficientCollateral (DeltaCoin (-119100580)) (Coin 3080943)))"",""ConwayUtxowFailure (UtxoFailure (IncorrectTotalCollateralField (DeltaCoin (-119100580)) (Coin 5000000)))"",""ConwayUtxowFailure (UtxoFailure NoCollateralInputs)"",""ConwayUtxowFailure (UtxoFailure (BadInputsUTxO (NonEmptySet (fromList [TxIn (TxId {unTxId = SafeHash \""06e2e34c77e08265a18dbd19b861c17630187b572761e0e4407ffedbed027c92\""}) (TxIx {unTxIx = 6})]))))"",""ConwayUtxowFailure (UtxoFailure (ValueNotConservedUTxO Mismatch (RelEQ) {supplied: MaryValue (Coin 9088950000) (MultiAsset (fromList [(PolicyID {policyID = ScriptHash \""def5c14be6bceefb95769110a0c8c7d5362e58bf8f17b6ee1c1bd902\""},fromList [(\""0156dbaa55902bb40ff6c461c8b2b59c70ebbe3786e51e5e75a8bc1cbad4c1ac\"",1),(\""01f8ca4f564d04963a1ffccbb3f49da8bf09c0373f278d84047413cf09399650\"",1),(\""19434a5bb684f659378f19bc8c3748046e646c079e79c10e484e2d29445ee02d\"",1),(\""3d7739c2406edbe3bb594b8f762cf67a2c889a162f2234dc17841f61d33849f4\"",1),(\""406a90956881e5fbe476ff634fd41235fb114c833053daebd4af3b30c0bde839\"",1),(\""8a3859b168b77160150b13c200392328254c3758f082050fd7ec5c340ac2a497\"",1),(\""a8c0b97b231afaebc42d067a57b139abb4a8631e36c7f81cee6a30173e22b6b2\"",1)]),(PolicyID {policyID = ScriptHash \""e6721fde8af7e40aecbd6f146b0470cc20722e05a61c9230a052900d\""},fromList [(\""4449415f52454345495645525f434c49454e545f41\"",1)])])), expected: MaryValue (Coin 9213050580) (MultiAsset (fromList [(PolicyID {policyID = ScriptHash \""def5c14be6bceefb95769110a0c8c7d5362e58bf8f17b6ee1c1bd902\""},fromList [(\""0156dbaa55902bb40ff6c461c8b2b59c70ebbe3786e51e5e75a8bc1cbad4c1ac\"",1),(\""01f8ca4f564d04963a1ffccbb3f49da8bf09c0373f278d84047413cf09399650\"",1),(\""19434a5bb684f659378f19bc8c3748046e646c079e79c10e484e2d29445ee02d\"",1),(\""3d7739c2406edbe3bb594b8f762cf67a2c889a162f2234dc17841f61d33849f4\"",1),(\""406a90956881e5fbe476ff634fd41235fb114c833053daebd4af3b30c0bde839\"",1),(\""8a3859b168b77160150b13c200392328254c3758f082050fd7ec5c340ac2a497\"",1),(\""a8c0b97b231afaebc42d067a57b139abb4a8631e36c7f81cee6a30173e22b6b2\"",1)]),(PolicyID {policyID = ScriptHash \""e6721fde8af7e40aecbd6f146b0470cc20722e05a61c9230a052900d\""},fromList [(\""4449415f52454345495645525f434c49454e545f41\"",1)])]))}))"",""ConwayUtxowFailure (UtxoFailure (UtxosFailure (CollectErrors (BadTranslation (BabbageContextError (AlonzoContextError (TranslationLogicMissingInput (TxIn (TxId {unTxId = SafeHash \""06e2e34c77e08265a18dbd19b861c17630187b572761e0e4407ffedbed027c92\""}) (TxIx {unTxIx = 6}))))) :| []))))""],""kind"":""ShelleyTxValidationError""},""tag"":""TxValidationErrorInCardanoMode""},""tag"":""TxCmdTxSubmitValidationError""},""tag"":""TxSubmitFail""}",0,0,,,,,1781834536636,1781834536636
2025,0x1695f89d53cbb037a7058e09bb5ec7d499276867e5925f661cff5181aa2d5230,"",client_test_01_router_a_majors,client-test-01,customer-test-01,0,"","",USDC/USD,999784732960620160,1781834396,failed,UtxoNotFound,"Error: {""contents"":{""contents"":{""contents"":{""era"":""ShelleyBasedEraConway"",""error"":[""ConwayUtxowFailure (UtxoFailure (InsufficientCollateral (DeltaCoin (-119100580)) (Coin 3080943)))"",""ConwayUtxowFailure (UtxoFailure (IncorrectTotalCollateralField (DeltaCoin (-119100580)) (Coin 5000000)))"",""ConwayUtxowFailure (UtxoFailure NoCollateralInputs)"",""ConwayUtxowFailure (UtxoFailure (BadInputsUTxO (NonEmptySet (fromList [TxIn (TxId {unTxId = SafeHash \""06e2e34c77e08265a18dbd19b861c17630187b572761e0e4407ffedbed027c92\""}) (TxIx {unTxIx = 6})]))))"",""ConwayUtxowFailure (UtxoFailure (ValueNotConservedUTxO Mismatch (RelEQ) {supplied: MaryValue (Coin 9088950000) (MultiAsset (fromList [(PolicyID {policyID = ScriptHash \""def5c14be6bceefb95769110a0c8c7d5362e58bf8f17b6ee1c1bd902\""},fromList [(\""0156dbaa55902bb40ff6c461c8b2b59c70ebbe3786e51e5e75a8bc1cbad4c1ac\"",1),(\""01f8ca4f564d04963a1ffccbb3f49da8bf09c0373f278d84047413cf09399650\"",1),(\""19434a5bb684f659378f19bc8c3748046e646c079e79c10e484e2d29445ee02d\"",1),(\""3d7739c2406edbe3bb594b8f762cf67a2c889a162f2234dc17841f61d33849f4\"",1),(\""406a90956881e5fbe476ff634fd41235fb114c833053daebd4af3b30c0bde839\"",1),(\""8a3859b168b77160150b13c200392328254c3758f082050fd7ec5c340ac2a497\"",1),(\""a8c0b97b231afaebc42d067a57b139abb4a8631e36c7f81cee6a30173e22b6b2\"",1)]),(PolicyID {policyID = ScriptHash \""e6721fde8af7e40aecbd6f146b0470cc20722e05a61c9230a052900d\""},fromList [(\""4449415f52454345495645525f434c49454e545f41\"",1)])])), expected: MaryValue (Coin 9213050580) (MultiAsset (fromList [(PolicyID {policyID = ScriptHash \""def5c14be6bceefb95769110a0c8c7d5362e58bf8f17b6ee1c1bd902\""},fromList [(\""0156dbaa55902bb40ff6c461c8b2b59c70ebbe3786e51e5e75a8bc1cbad4c1ac\"",1),(\""01f8ca4f564d04963a1ffccbb3f49da8bf09c0373f278d84047413cf09399650\"",1),(\""19434a5bb684f659378f19bc8c3748046e646c079e79c10e484e2d29445ee02d\"",1),(\""3d7739c2406edbe3bb594b8f762cf67a2c889a162f2234dc17841f61d33849f4\"",1),(\""406a90956881e5fbe476ff634fd41235fb114c833053daebd4af3b30c0bde839\"",1),(\""8a3859b168b77160150b13c200392328254c3758f082050fd7ec5c340ac2a497\"",1),(\""a8c0b97b231afaebc42d067a57b139abb4a8631e36c7f81cee6a30173e22b6b2\"",1)]),(PolicyID {policyID = ScriptHash \""e6721fde8af7e40aecbd6f146b0470cc20722e05a61c9230a052900d\""},fromList [(\""4449415f52454345495645525f434c49454e545f41\"",1)])]))}))"",""ConwayUtxowFailure (UtxoFailure (UtxosFailure (CollectErrors (BadTranslation (BabbageContextError (AlonzoContextError (TranslationLogicMissingInput (TxIn (TxId {unTxId = SafeHash \""06e2e34c77e08265a18dbd19b861c17630187b572761e0e4407ffedbed027c92\""}) (TxIx {unTxIx = 6}))))) :| []))))""],""kind"":""ShelleyTxValidationError""},""tag"":""TxValidationErrorInCardanoMode""},""tag"":""TxCmdTxSubmitValidationError""},""tag"":""TxSubmitFail""}",0,0,,,,,1781834536643,1781834536643
2026,0xefb6ff187a94048058cecc191913ae2a277d8e94629881b77917fceb4a9a9eaa,"",client_test_01_router_a_majors,client-test-01,customer-test-01,0,"","",DOGE/USD,83611403711686160,1781834400,failed,UtxoNotFound,"Error: {""contents"":{""contents"":{""contents"":{""era"":""ShelleyBasedEraConway"",""error"":[""ConwayUtxowFailure (UtxoFailure (InsufficientCollateral (DeltaCoin (-119100580)) (Coin 3080943)))"",""ConwayUtxowFailure (UtxoFailure (IncorrectTotalCollateralField (DeltaCoin (-119100580)) (Coin 5000000)))"",""ConwayUtxowFailure (UtxoFailure NoCollateralInputs)"",""ConwayUtxowFailure (UtxoFailure (BadInputsUTxO (NonEmptySet (fromList [TxIn (TxId {unTxId = SafeHash \""06e2e34c77e08265a18dbd19b861c17630187b572761e0e4407ffedbed027c92\""}) (TxIx {unTxIx = 6})]))))"",""ConwayUtxowFailure (UtxoFailure (ValueNotConservedUTxO Mismatch (RelEQ) {supplied: MaryValue (Coin 9088950000) (MultiAsset (fromList [(PolicyID {policyID = ScriptHash \""def5c14be6bceefb95769110a0c8c7d5362e58bf8f17b6ee1c1bd902\""},fromList [(\""0156dbaa55902bb40ff6c461c8b2b59c70ebbe3786e51e5e75a8bc1cbad4c1ac\"",1),(\""01f8ca4f564d04963a1ffccbb3f49da8bf09c0373f278d84047413cf09399650\"",1),(\""19434a5bb684f659378f19bc8c3748046e646c079e79c10e484e2d29445ee02d\"",1),(\""3d7739c2406edbe3bb594b8f762cf67a2c889a162f2234dc17841f61d33849f4\"",1),(\""406a90956881e5fbe476ff634fd41235fb114c833053daebd4af3b30c0bde839\"",1),(\""8a3859b168b77160150b13c200392328254c3758f082050fd7ec5c340ac2a497\"",1),(\""a8c0b97b231afaebc42d067a57b139abb4a8631e36c7f81cee6a30173e22b6b2\"",1)]),(PolicyID {policyID = ScriptHash \""e6721fde8af7e40aecbd6f146b0470cc20722e05a61c9230a052900d\""},fromList [(\""4449415f52454345495645525f434c49454e545f41\"",1)])])), expected: MaryValue (Coin 9213050580) (MultiAsset (fromList [(PolicyID {policyID = ScriptHash \""def5c14be6bceefb95769110a0c8c7d5362e58bf8f17b6ee1c1bd902\""},fromList [(\""0156dbaa55902bb40ff6c461c8b2b59c70ebbe3786e51e5e75a8bc1cbad4c1ac\"",1),(\""01f8ca4f564d04963a1ffccbb3f49da8bf09c0373f278d84047413cf09399650\"",1),(\""19434a5bb684f659378f19bc8c3748046e646c079e79c10e484e2d29445ee02d\"",1),(\""3d7739c2406edbe3bb594b8f762cf67a2c889a162f2234dc17841f61d33849f4\"",1),(\""406a90956881e5fbe476ff634fd41235fb114c833053daebd4af3b30c0bde839\"",1),(\""8a3859b168b77160150b13c200392328254c3758f082050fd7ec5c340ac2a497\"",1),(\""a8c0b97b231afaebc42d067a57b139abb4a8631e36c7f81cee6a30173e22b6b2\"",1)]),(PolicyID {policyID = ScriptHash \""e6721fde8af7e40aecbd6f146b0470cc20722e05a61c9230a052900d\""},fromList [(\""4449415f52454345495645525f434c49454e545f41\"",1)])]))}))"",""ConwayUtxowFailure (UtxoFailure (UtxosFailure (CollectErrors (BadTranslation (BabbageContextError (AlonzoContextError (TranslationLogicMissingInput (TxIn (TxId {unTxId = SafeHash \""06e2e34c77e08265a18dbd19b861c17630187b572761e0e4407ffedbed027c92\""}) (TxIx {unTxIx = 6}))))) :| []))))""],""kind"":""ShelleyTxValidationError""},""tag"":""TxValidationErrorInCardanoMode""},""tag"":""TxCmdTxSubmitValidationError""},""tag"":""TxSubmitFail""}",0,0,,,,,1781834536649,1781834536649
2027,0x99c8655655ef77385c108b8f3f54eb5a643f2ed9593693b90af769f59834555b,"",client_test_01_router_b_alts,client-test-01,customer-test-01,0,"","",LTC/USD,43832390200000004096,1781834387,failed,UtxoNotFound,"Error: {""contents"":{""contents"":{""contents"":{""era"":""ShelleyBasedEraConway"",""error"":[""ConwayUtxowFailure (UtxoFailure (InsufficientCollateral (DeltaCoin (-119100580)) (Coin 3080943)))"",""ConwayUtxowFailure (UtxoFailure (IncorrectTotalCollateralField (DeltaCoin (-119100580)) (Coin 5000000)))"",""ConwayUtxowFailure (UtxoFailure NoCollateralInputs)"",""ConwayUtxowFailure (UtxoFailure (BadInputsUTxO (NonEmptySet (fromList [TxIn (TxId {unTxId = SafeHash \""06e2e34c77e08265a18dbd19b861c17630187b572761e0e4407ffedbed027c92\""}) (TxIx {unTxIx = 6})]))))"",""ConwayUtxowFailure (UtxoFailure (ValueNotConservedUTxO Mismatch (RelEQ) {supplied: MaryValue (Coin 9088950000) (MultiAsset (fromList [(PolicyID {policyID = ScriptHash \""def5c14be6bceefb95769110a0c8c7d5362e58bf8f17b6ee1c1bd902\""},fromList [(\""0156dbaa55902bb40ff6c461c8b2b59c70ebbe3786e51e5e75a8bc1cbad4c1ac\"",1),(\""01f8ca4f564d04963a1ffccbb3f49da8bf09c0373f278d84047413cf09399650\"",1),(\""19434a5bb684f659378f19bc8c3748046e646c079e79c10e484e2d29445ee02d\"",1),(\""3d7739c2406edbe3bb594b8f762cf67a2c889a162f2234dc17841f61d33849f4\"",1),(\""406a90956881e5fbe476ff634fd41235fb114c833053daebd4af3b30c0bde839\"",1),(\""8a3859b168b77160150b13c200392328254c3758f082050fd7ec5c340ac2a497\"",1),(\""a8c0b97b231afaebc42d067a57b139abb4a8631e36c7f81cee6a30173e22b6b2\"",1)]),(PolicyID {policyID = ScriptHash \""e6721fde8af7e40aecbd6f146b0470cc20722e05a61c9230a052900d\""},fromList [(\""4449415f52454345495645525f434c49454e545f41\"",1)])])), expected: MaryValue (Coin 9213050580) (MultiAsset (fromList [(PolicyID {policyID = ScriptHash \""def5c14be6bceefb95769110a0c8c7d5362e58bf8f17b6ee1c1bd902\""},fromList [(\""0156dbaa55902bb40ff6c461c8b2b59c70ebbe3786e51e5e75a8bc1cbad4c1ac\"",1),(\""01f8ca4f564d04963a1ffccbb3f49da8bf09c0373f278d84047413cf09399650\"",1),(\""19434a5bb684f659378f19bc8c3748046e646c079e79c10e484e2d29445ee02d\"",1),(\""3d7739c2406edbe3bb594b8f762cf67a2c889a162f2234dc17841f61d33849f4\"",1),(\""406a90956881e5fbe476ff634fd41235fb114c833053daebd4af3b30c0bde839\"",1),(\""8a3859b168b77160150b13c200392328254c3758f082050fd7ec5c340ac2a497\"",1),(\""a8c0b97b231afaebc42d067a57b139abb4a8631e36c7f81cee6a30173e22b6b2\"",1)]),(PolicyID {policyID = ScriptHash \""e6721fde8af7e40aecbd6f146b0470cc20722e05a61c9230a052900d\""},fromList [(\""4449415f52454345495645525f434c49454e545f41\"",1)])]))}))"",""ConwayUtxowFailure (UtxoFailure (UtxosFailure (CollectErrors (BadTranslation (BabbageContextError (AlonzoContextError (TranslationLogicMissingInput (TxIn (TxId {unTxId = SafeHash \""06e2e34c77e08265a18dbd19b861c17630187b572761e0e4407ffedbed027c92\""}) (TxIx {unTxIx = 6}))))) :| []))))""],""kind"":""ShelleyTxValidationError""},""tag"":""TxValidationErrorInCardanoMode""},""tag"":""TxCmdTxSubmitValidationError""},""tag"":""TxSubmitFail""}",0,0,,,,,1781834536656,1781834536656
2028,0x416ddaac8a34d37fececd0293c9770c63424a42c96fd91849dfb1a85d8593844,"",client_test_01_router_b_alts,client-test-01,customer-test-01,0,"","",SHIB/USD,4777810443756,1781834401,failed,UtxoNotFound,"Error: {""contents"":{""contents"":{""contents"":{""era"":""ShelleyBasedEraConway"",""error"":[""ConwayUtxowFailure (UtxoFailure (InsufficientCollateral (DeltaCoin (-119100580)) (Coin 3080943)))"",""ConwayUtxowFailure (UtxoFailure (IncorrectTotalCollateralField (DeltaCoin (-119100580)) (Coin 5000000)))"",""ConwayUtxowFailure (UtxoFailure NoCollateralInputs)"",""ConwayUtxowFailure (UtxoFailure (BadInputsUTxO (NonEmptySet (fromList [TxIn (TxId {unTxId = SafeHash \""06e2e34c77e08265a18dbd19b861c17630187b572761e0e4407ffedbed027c92\""}) (TxIx {unTxIx = 6})]))))"",""ConwayUtxowFailure (UtxoFailure (ValueNotConservedUTxO Mismatch (RelEQ) {supplied: MaryValue (Coin 9088950000) (MultiAsset (fromList [(PolicyID {policyID = ScriptHash \""def5c14be6bceefb95769110a0c8c7d5362e58bf8f17b6ee1c1bd902\""},fromList [(\""0156dbaa55902bb40ff6c461c8b2b59c70ebbe3786e51e5e75a8bc1cbad4c1ac\"",1),(\""01f8ca4f564d04963a1ffccbb3f49da8bf09c0373f278d84047413cf09399650\"",1),(\""19434a5bb684f659378f19bc8c3748046e646c079e79c10e484e2d29445ee02d\"",1),(\""3d7739c2406edbe3bb594b8f762cf67a2c889a162f2234dc17841f61d33849f4\"",1),(\""406a90956881e5fbe476ff634fd41235fb114c833053daebd4af3b30c0bde839\"",1),(\""8a3859b168b77160150b13c200392328254c3758f082050fd7ec5c340ac2a497\"",1),(\""a8c0b97b231afaebc42d067a57b139abb4a8631e36c7f81cee6a30173e22b6b2\"",1)]),(PolicyID {policyID = ScriptHash \""e6721fde8af7e40aecbd6f146b0470cc20722e05a61c9230a052900d\""},fromList [(\""4449415f52454345495645525f434c49454e545f41\"",1)])])), expected: MaryValue (Coin 9213050580) (MultiAsset (fromList [(PolicyID {policyID = ScriptHash \""def5c14be6bceefb95769110a0c8c7d5362e58bf8f17b6ee1c1bd902\""},fromList [(\""0156dbaa55902bb40ff6c461c8b2b59c70ebbe3786e51e5e75a8bc1cbad4c1ac\"",1),(\""01f8ca4f564d04963a1ffccbb3f49da8bf09c0373f278d84047413cf09399650\"",1),(\""19434a5bb684f659378f19bc8c3748046e646c079e79c10e484e2d29445ee02d\"",1),(\""3d7739c2406edbe3bb594b8f762cf67a2c889a162f2234dc17841f61d33849f4\"",1),(\""406a90956881e5fbe476ff634fd41235fb114c833053daebd4af3b30c0bde839\"",1),(\""8a3859b168b77160150b13c200392328254c3758f082050fd7ec5c340ac2a497\"",1),(\""a8c0b97b231afaebc42d067a57b139abb4a8631e36c7f81cee6a30173e22b6b2\"",1)]),(PolicyID {policyID = ScriptHash \""e6721fde8af7e40aecbd6f146b0470cc20722e05a61c9230a052900d\""},fromList [(\""4449415f52454345495645525f434c49454e545f41\"",1)])]))}))"",""ConwayUtxowFailure (UtxoFailure (UtxosFailure (CollectErrors (BadTranslation (BabbageContextError (AlonzoContextError (TranslationLogicMissingInput (TxIn (TxId {unTxId = SafeHash \""06e2e34c77e08265a18dbd19b861c17630187b572761e0e4407ffedbed027c92\""}) (TxIx {unTxIx = 6}))))) :| []))))""],""kind"":""ShelleyTxValidationError""},""tag"":""TxValidationErrorInCardanoMode""},""tag"":""TxCmdTxSubmitValidationError""},""tag"":""TxSubmitFail""}",0,0,,,,,1781834536663,1781834536663
2029,0xa9fb25265928c703a2445c0ebc24f3fbc4c55ac926005db7a2767f0df3ed30bb,"",client_test_01_router_b_alts,client-test-01,customer-test-01,0,"","",NEIRO/USD,67826521350252,1781834425,failed,UtxoNotFound,"Error: {""contents"":{""contents"":{""contents"":{""era"":""ShelleyBasedEraConway"",""error"":[""ConwayUtxowFailure (UtxoFailure (InsufficientCollateral (DeltaCoin (-119100580)) (Coin 3080943)))"",""ConwayUtxowFailure (UtxoFailure (IncorrectTotalCollateralField (DeltaCoin (-119100580)) (Coin 5000000)))"",""ConwayUtxowFailure (UtxoFailure NoCollateralInputs)"",""ConwayUtxowFailure (UtxoFailure (BadInputsUTxO (NonEmptySet (fromList [TxIn (TxId {unTxId = SafeHash \""06e2e34c77e08265a18dbd19b861c17630187b572761e0e4407ffedbed027c92\""}) (TxIx {unTxIx = 6})]))))"",""ConwayUtxowFailure (UtxoFailure (ValueNotConservedUTxO Mismatch (RelEQ) {supplied: MaryValue (Coin 9088950000) (MultiAsset (fromList [(PolicyID {policyID = ScriptHash \""def5c14be6bceefb95769110a0c8c7d5362e58bf8f17b6ee1c1bd902\""},fromList [(\""0156dbaa55902bb40ff6c461c8b2b59c70ebbe3786e51e5e75a8bc1cbad4c1ac\"",1),(\""01f8ca4f564d04963a1ffccbb3f49da8bf09c0373f278d84047413cf09399650\"",1),(\""19434a5bb684f659378f19bc8c3748046e646c079e79c10e484e2d29445ee02d\"",1),(\""3d7739c2406edbe3bb594b8f762cf67a2c889a162f2234dc17841f61d33849f4\"",1),(\""406a90956881e5fbe476ff634fd41235fb114c833053daebd4af3b30c0bde839\"",1),(\""8a3859b168b77160150b13c200392328254c3758f082050fd7ec5c340ac2a497\"",1),(\""a8c0b97b231afaebc42d067a57b139abb4a8631e36c7f81cee6a30173e22b6b2\"",1)]),(PolicyID {policyID = ScriptHash \""e6721fde8af7e40aecbd6f146b0470cc20722e05a61c9230a052900d\""},fromList [(\""4449415f52454345495645525f434c49454e545f41\"",1)])])), expected: MaryValue (Coin 9213050580) (MultiAsset (fromList [(PolicyID {policyID = ScriptHash \""def5c14be6bceefb95769110a0c8c7d5362e58bf8f17b6ee1c1bd902\""},fromList [(\""0156dbaa55902bb40ff6c461c8b2b59c70ebbe3786e51e5e75a8bc1cbad4c1ac\"",1),(\""01f8ca4f564d04963a1ffccbb3f49da8bf09c0373f278d84047413cf09399650\"",1),(\""19434a5bb684f659378f19bc8c3748046e646c079e79c10e484e2d29445ee02d\"",1),(\""3d7739c2406edbe3bb594b8f762cf67a2c889a162f2234dc17841f61d33849f4\"",1),(\""406a90956881e5fbe476ff634fd41235fb114c833053daebd4af3b30c0bde839\"",1),(\""8a3859b168b77160150b13c200392328254c3758f082050fd7ec5c340ac2a497\"",1),(\""a8c0b97b231afaebc42d067a57b139abb4a8631e36c7f81cee6a30173e22b6b2\"",1)]),(PolicyID {policyID = ScriptHash \""e6721fde8af7e40aecbd6f146b0470cc20722e05a61c9230a052900d\""},fromList [(\""4449415f52454345495645525f434c49454e545f41\"",1)])]))}))"",""ConwayUtxowFailure (UtxoFailure (UtxosFailure (CollectErrors (BadTranslation (BabbageContextError (AlonzoContextError (TranslationLogicMissingInput (TxIn (TxId {unTxId = SafeHash \""06e2e34c77e08265a18dbd19b861c17630187b572761e0e4407ffedbed027c92\""}) (TxIx {unTxIx = 6}))))) :| []))))""],""kind"":""ShelleyTxValidationError""},""tag"":""TxValidationErrorInCardanoMode""},""tag"":""TxCmdTxSubmitValidationError""},""tag"":""TxSubmitFail""}",0,0,,,,,1781834536671,1781834536671
2030,0x1d9ff73e5be30a746721e5d45ee5995a93f500004d5c73b55e798e2b2569ba17,bdfcd14739125ea742aa126ad92e233c7bd44dd740eddc83a21272723375dfdd,client_test_01_router_a_majors,client-test-01,customer-test-01,0,"","",USDT/USD,"",0,confirmed,,,0,0,,,1781834580259,1781834604514,,1781834580259
2031,0xf2c7100e730af7e46c46b6f622624ab5121aa39d77778e4785fbf1089e043fe3,bdfcd14739125ea742aa126ad92e233c7bd44dd740eddc83a21272723375dfdd,client_test_01_router_b_alts,client-test-01,customer-test-01,0,"","",NEIRO/USD,"",0,confirmed,,,0,0,,,1781834580269,1781834604531,,1781834580269
2032,0xbcb06132d3a90886c4f8c7c53c12487d2ffd8fcdb134a3a2b7561c0c3eed650f,bdfcd14739125ea742aa126ad92e233c7bd44dd740eddc83a21272723375dfdd,client_test_01_router_b_alts,client-test-01,customer-test-01,0,"","",XVG/USD,"",0,confirmed,,,0,0,,,1781834580276,1781834604544,,1781834580276
2033,0x2333fe2be59229227d9082443581b33a8c6a1a177dcfb3874a383ec4fb756206,bdfcd14739125ea742aa126ad92e233c7bd44dd740eddc83a21272723375dfdd,client_test_02_router_default,client-test-02,customer-test-02,0,"","",BTC/USD,"",0,confirmed,,,0,0,,,1781834580280,1781834604552,,1781834580280
2034,0xb57ed1a501f1effc33ef5011ed6982c54d8b74416c792fc34c6b40903ed9cf30,bdfcd14739125ea742aa126ad92e233c7bd44dd740eddc83a21272723375dfdd,client_test_01_router_a_majors,client-test-01,customer-test-01,0,"","",ETH/USD,"",0,confirmed,,,0,0,,,1781834580284,1781834604559,,1781834580284
2035,0xc8851f8da424f75d653a67502b4d23968ff0b606a6ab0d5e1e6ebc88d9ec92ed,bdfcd14739125ea742aa126ad92e233c7bd44dd740eddc83a21272723375dfdd,client_test_01_router_a_majors,client-test-01,customer-test-01,0,"","",USDC/USD,"",0,confirmed,,,0,0,,,1781834580292,1781834604568,,1781834580292
2036,0x9bdf3fd839ac8c72c9743df02ba253bec3399eb72e6215c2a6882a04e50d7ca4,bdfcd14739125ea742aa126ad92e233c7bd44dd740eddc83a21272723375dfdd,client_test_01_router_b_alts,client-test-01,customer-test-01,0,"","",LTC/USD,"",0,confirmed,,,0,0,,,1781834580296,1781834604577,,1781834580296
2037,0x7af282e026439deff4ed7b944aea18be85189a4d87dcb6652770e54d4bddfb51,bdfcd14739125ea742aa126ad92e233c7bd44dd740eddc83a21272723375dfdd,client_test_01_router_b_alts,client-test-01,customer-test-01,0,"","",ARB/USD,"",0,confirmed,,,0,0,,,1781834580301,1781834604585,,1781834580301
2038,0x913890319bdba5087715cd9a14f7026e078f4edbea9846ec4df46c90227aae96,bdfcd14739125ea742aa126ad92e233c7bd44dd740eddc83a21272723375dfdd,client_test_01_router_a_majors,client-test-01,customer-test-01,0,"","",DOGE/USD,"",0,confirmed,,,0,0,,,1781834580310,1781834604593,,1781834580310
2039,0x3c2ae6d3ab9bffd906a26369695c31675b938d8dd468da43f326890ea28f141c,bdfcd14739125ea742aa126ad92e233c7bd44dd740eddc83a21272723375dfdd,client_test_01_router_b_alts,client-test-01,customer-test-01,0,"","",SHIB/USD,"",0,confirmed,,,0,0,,,1781834580316,1781834604601,,1781834580316
2040,0x15c9f448ee0a2e60c8064ec099a7c6e29e6739b5fe84a8f028d417bbd36bac04,4676f0603cc047d97a2509b6e649ab062bf5ce1d92d632af011e87b9b8fa992f,client_test_02_router_default,client-test-02,customer-test-02,0,"","",BTC/USD,"",0,confirmed,,,0,0,,,1781834611264,1781834671635,,1781834611264
2041,0x900d88b0374b259e4f9d402053d0cdf8e6a84d7361189122e013216d0172a8d2,4676f0603cc047d97a2509b6e649ab062bf5ce1d92d632af011e87b9b8fa992f,client_test_01_router_a_majors,client-test-01,customer-test-01,0,"","",USDT/USD,"",0,failed,CrashRecovery,"daemon restarted with submitted transaction awaiting confirmation",0,0,,,1781834647689,,1781836345325,1781834647689
2042,0x1db9a087648c82cda05f0b78efca4207f2b185c5f8d0e9570e5f1617415b243a,4676f0603cc047d97a2509b6e649ab062bf5ce1d92d632af011e87b9b8fa992f,client_test_01_router_b_alts,client-test-01,customer-test-01,0,"","",NEIRO/USD,"",0,confirmed,,,0,0,,,1781834647700,1781834671596,,1781834647700
2043,0x1f2a036ce3e3af83a3abc59b678a984e65b2b6975959a0b1f996759f39eb6a6f,4676f0603cc047d97a2509b6e649ab062bf5ce1d92d632af011e87b9b8fa992f,client_test_01_router_b_alts,client-test-01,customer-test-01,0,"","",XVG/USD,"",0,failed,CrashRecovery,"daemon restarted with submitted transaction awaiting confirmation",0,0,,,1781834647708,,1781836345323,1781834647708
2044,0x5bb43e8f7dae14bd2cf95bab1d9fd738bdec211ed121f4bf91e816c2cecdeeab,4676f0603cc047d97a2509b6e649ab062bf5ce1d92d632af011e87b9b8fa992f,client_test_01_router_a_majors,client-test-01,customer-test-01,0,"","",ETH/USD,"",0,confirmed,,,0,0,,,1781834647715,1781834671614,,1781834647715
2045,0x00c17dfe3a5c206c382af58bd98d57b5f35c44c4019a4388d0bbb2c5842e7dbc,4676f0603cc047d97a2509b6e649ab062bf5ce1d92d632af011e87b9b8fa992f,client_test_01_router_a_majors,client-test-01,customer-test-01,0,"","",USDC/USD,"",0,confirmed,,,0,0,,,1781834647722,1781834671624,,1781834647722
2046,0x4c498a1e0b4a5dda6d6d46b7df3a94a0fde63dd6ecef5fee4fe915e6457970fe,4676f0603cc047d97a2509b6e649ab062bf5ce1d92d632af011e87b9b8fa992f,client_test_01_router_b_alts,client-test-01,customer-test-01,0,"","",LTC/USD,"",0,confirmed,,,0,0,,,1781834647727,1781834671646,,1781834647727
2047,0xea1f6fa4d5452309b2d4c5151d4bd5a6014713d039b96a7352fdbaf9b6ea576a,4676f0603cc047d97a2509b6e649ab062bf5ce1d92d632af011e87b9b8fa992f,client_test_01_router_b_alts,client-test-01,customer-test-01,0,"","",ARB/USD,"",0,failed,CrashRecovery,"daemon restarted with submitted transaction awaiting confirmation",0,0,,,1781834647735,,1781836345319,1781834647735
2048,0x3d729ecbab01434a9a8d23d2abaf5c2504d038a4efdedfc50a984cccf7a0a8e4,4676f0603cc047d97a2509b6e649ab062bf5ce1d92d632af011e87b9b8fa992f,client_test_01_router_a_majors,client-test-01,customer-test-01,0,"","",DOGE/USD,"",0,confirmed,,,0,0,,,1781834647742,1781834671669,,1781834647742
2049,0x17c2cdb9cea550ad15b46f8bfe9f5887eb0643fb72c7d1f3ea9cc56a04587f09,4676f0603cc047d97a2509b6e649ab062bf5ce1d92d632af011e87b9b8fa992f,client_test_01_router_b_alts,client-test-01,customer-test-01,0,"","",SHIB/USD,"",0,confirmed,,,0,0,,,1781834647746,1781834671679,,1781834647746
2050,0x900d88b0374b259e4f9d402053d0cdf8e6a84d7361189122e013216d0172a8d2,"",client_test_01_router_a_majors,client-test-01,customer-test-01,0,"","",USDT/USD,998910000000000000,1781834569,failed,CrashRecovery,"daemon restarted with submitted transaction awaiting confirmation",0,0,,,,,1781836345325,1781834671590
2051,0x1f2a036ce3e3af83a3abc59b678a984e65b2b6975959a0b1f996759f39eb6a6f,"",client_test_01_router_b_alts,client-test-01,customer-test-01,0,"","",XVG/USD,2547246000000000,1781834566,failed,CrashRecovery,"daemon restarted with submitted transaction awaiting confirmation",0,0,,,,,1781836345323,1781834671609
2052,0xea1f6fa4d5452309b2d4c5151d4bd5a6014713d039b96a7352fdbaf9b6ea576a,"",client_test_01_router_b_alts,client-test-01,customer-test-01,0,"","",ARB/USD,85754477277652312,1781834591,failed,CrashRecovery,"daemon restarted with submitted transaction awaiting confirmation",0,0,,,,,1781836345319,1781834671661
2053,0x3dcd4d9fdf184c5bb1ca6fd2e23e1e88a89e7d0257b7ee2cd6d549992edd5d29,00f72f4be26665c4edaca68c8d038d32c667daefb1a2f5f5e4fede7b40935791,client_test_01_router_a_majors,client-test-01,customer-test-01,0,"","",USDT/USD,"",0,confirmed,,,0,0,,,1781834759257,1781834788934,,1781834759257
2054,0xe8f08aecb3c2c7316150f9c1d05c27387f284483b952a6dda89fa37ed1200ffa,0edc49ae88e852cc38e2ce0a2786a65f184fe60a739e2807ddd3bc0b919be1e4,client_test_01_router_a_majors,client-test-01,customer-test-01,0,"","",BTC/USD,"",0,confirmed,,,0,0,,,1781834801672,1781834817649,,1781834801672
2055,0xdcc72ea1946fbec41af5a330770c2ba71c98a0c28cacb66851c5f685030fa8c4,0edc49ae88e852cc38e2ce0a2786a65f184fe60a739e2807ddd3bc0b919be1e4,client_test_01_router_a_majors,client-test-01,customer-test-01,0,"","",ETH/USD,"",0,confirmed,,,0,0,,,1781834801683,1781834817665,,1781834801683
2056,0xa43cacbff656a8db76e402bb3f9b34859f48cf02229970eae9e6b8c07d7a85ae,0edc49ae88e852cc38e2ce0a2786a65f184fe60a739e2807ddd3bc0b919be1e4,client_test_01_router_a_majors,client-test-01,customer-test-01,0,"","",USDC/USD,"",0,confirmed,,,0,0,,,1781834801689,1781834817673,,1781834801689
2057,0x884ae8748d9e36de8cb1aa2ed520c100bc039ed1b1fc6f2670b871465189cc0c,0edc49ae88e852cc38e2ce0a2786a65f184fe60a739e2807ddd3bc0b919be1e4,client_test_01_router_a_majors,client-test-01,customer-test-01,0,"","",DOGE/USD,"",0,confirmed,,,0,0,,,1781834801692,1781834817682,,1781834801692
2058,0x6dd353db47c6a1133f7c78234bb2d12cc9692507b5b56d9fe04ab6e22b42a6bb,349643bcb782b98abdbefe597bfaf5c7b9803272f6773e25bdfe8ea541ead360,client_test_01_router_a_majors,client-test-01,customer-test-01,0,"","",BTC/USD,"",0,confirmed,,,0,0,,,1781835050538,1781835168276,,1781835050538
2059,0x6dd353db47c6a1133f7c78234bb2d12cc9692507b5b56d9fe04ab6e22b42a6bb,349643bcb782b98abdbefe597bfaf5c7b9803272f6773e25bdfe8ea541ead360,client_test_01_router_a_majors,client-test-01,customer-test-01,0,"","",BTC/USD,62902172097155604414464,1781835000,confirmed,UtxoNotFound,"Error: {""contents"":{""contents"":{""contents"":{""era"":""ShelleyBasedEraConway"",""error"":[""ConwayUtxowFailure (UtxoFailure (InsufficientCollateral (DeltaCoin (-118221792)) (Coin 1876604)))"",""ConwayUtxowFailure (UtxoFailure (IncorrectTotalCollateralField (DeltaCoin (-118221792)) (Coin 5000000)))"",""ConwayUtxowFailure (UtxoFailure NoCollateralInputs)"",""ConwayUtxowFailure (UtxoFailure (BadInputsUTxO (NonEmptySet (fromList [TxIn (TxId {unTxId = SafeHash \""bb9e56a1c9ba08b346c890c480ef5b8252fef018794e0aa6dd34dbba74e2619d\""}) (TxIx {unTxIx = 2})]))))"",""ConwayUtxowFailure (UtxoFailure (ValueNotConservedUTxO Mismatch (RelEQ) {supplied: MaryValue (Coin 9068950000) (MultiAsset (fromList [(PolicyID {policyID = ScriptHash \""def5c14be6bceefb95769110a0c8c7d5362e58bf8f17b6ee1c1bd902\""},fromList [(\""0156dbaa55902bb40ff6c461c8b2b59c70ebbe3786e51e5e75a8bc1cbad4c1ac\"",1),(\""3d7739c2406edbe3bb594b8f762cf67a2c889a162f2234dc17841f61d33849f4\"",1),(\""8a3859b168b77160150b13c200392328254c3758f082050fd7ec5c340ac2a497\"",1)]),(PolicyID {policyID = ScriptHash \""e6721fde8af7e40aecbd6f146b0470cc20722e05a61c9230a052900d\""},fromList [(\""4449415f52454345495645525f434c49454e545f41\"",1)])])), expected: MaryValue (Coin 9192171792) (MultiAsset (fromList [(PolicyID {policyID = ScriptHash \""def5c14be6bceefb95769110a0c8c7d5362e58bf8f17b6ee1c1bd902\""},fromList [(\""0156dbaa55902bb40ff6c461c8b2b59c70ebbe3786e51e5e75a8bc1cbad4c1ac\"",1),(\""3d7739c2406edbe3bb594b8f762cf67a2c889a162f2234dc17841f61d33849f4\"",1),(\""8a3859b168b77160150b13c200392328254c3758f082050fd7ec5c340ac2a497\"",1)]),(PolicyID {policyID = ScriptHash \""e6721fde8af7e40aecbd6f146b0470cc20722e05a61c9230a052900d\""},fromList [(\""4449415f52454345495645525f434c49454e545f41\"",1)])]))}))"",""ConwayUtxowFailure (UtxoFailure (UtxosFailure (CollectErrors (BadTranslation (BabbageContextError (AlonzoContextError (TranslationLogicMissingInput (TxIn (TxId {unTxId = SafeHash \""bb9e56a1c9ba08b346c890c480ef5b8252fef018794e0aa6dd34dbba74e2619d\""}) (TxIx {unTxIx = 2}))))) :| []))))""],""kind"":""ShelleyTxValidationError""},""tag"":""TxValidationErrorInCardanoMode""},""tag"":""TxCmdTxSubmitValidationError""},""tag"":""TxSubmitFail""}",0,0,,,,1781835168276,1781835102027,1781835102027
2060,0x42fea9a6e6ce392b6286962fe3bebe6cddb537d0c9006c19ebf390d7d1ccfb30,"",client_test_01_router_a_majors,client-test-01,customer-test-01,0,"","",ETH/USD,1709609860966614040576,1781835001,failed,UtxoNotFound,"Error: {""contents"":{""contents"":{""contents"":{""era"":""ShelleyBasedEraConway"",""error"":[""ConwayUtxowFailure (UtxoFailure (InsufficientCollateral (DeltaCoin (-118221792)) (Coin 1876604)))"",""ConwayUtxowFailure (UtxoFailure (IncorrectTotalCollateralField (DeltaCoin (-118221792)) (Coin 5000000)))"",""ConwayUtxowFailure (UtxoFailure NoCollateralInputs)"",""ConwayUtxowFailure (UtxoFailure (BadInputsUTxO (NonEmptySet (fromList [TxIn (TxId {unTxId = SafeHash \""bb9e56a1c9ba08b346c890c480ef5b8252fef018794e0aa6dd34dbba74e2619d\""}) (TxIx {unTxIx = 2})]))))"",""ConwayUtxowFailure (UtxoFailure (ValueNotConservedUTxO Mismatch (RelEQ) {supplied: MaryValue (Coin 9068950000) (MultiAsset (fromList [(PolicyID {policyID = ScriptHash \""def5c14be6bceefb95769110a0c8c7d5362e58bf8f17b6ee1c1bd902\""},fromList [(\""0156dbaa55902bb40ff6c461c8b2b59c70ebbe3786e51e5e75a8bc1cbad4c1ac\"",1),(\""3d7739c2406edbe3bb594b8f762cf67a2c889a162f2234dc17841f61d33849f4\"",1),(\""8a3859b168b77160150b13c200392328254c3758f082050fd7ec5c340ac2a497\"",1)]),(PolicyID {policyID = ScriptHash \""e6721fde8af7e40aecbd6f146b0470cc20722e05a61c9230a052900d\""},fromList [(\""4449415f52454345495645525f434c49454e545f41\"",1)])])), expected: MaryValue (Coin 9192171792) (MultiAsset (fromList [(PolicyID {policyID = ScriptHash \""def5c14be6bceefb95769110a0c8c7d5362e58bf8f17b6ee1c1bd902\""},fromList [(\""0156dbaa55902bb40ff6c461c8b2b59c70ebbe3786e51e5e75a8bc1cbad4c1ac\"",1),(\""3d7739c2406edbe3bb594b8f762cf67a2c889a162f2234dc17841f61d33849f4\"",1),(\""8a3859b168b77160150b13c200392328254c3758f082050fd7ec5c340ac2a497\"",1)]),(PolicyID {policyID = ScriptHash \""e6721fde8af7e40aecbd6f146b0470cc20722e05a61c9230a052900d\""},fromList [(\""4449415f52454345495645525f434c49454e545f41\"",1)])]))}))"",""ConwayUtxowFailure (UtxoFailure (UtxosFailure (CollectErrors (BadTranslation (BabbageContextError (AlonzoContextError (TranslationLogicMissingInput (TxIn (TxId {unTxId = SafeHash \""bb9e56a1c9ba08b346c890c480ef5b8252fef018794e0aa6dd34dbba74e2619d\""}) (TxIx {unTxIx = 2}))))) :| []))))""],""kind"":""ShelleyTxValidationError""},""tag"":""TxValidationErrorInCardanoMode""},""tag"":""TxCmdTxSubmitValidationError""},""tag"":""TxSubmitFail""}",0,0,,,,,1781835102037,1781835102037
2061,0x3ad11e1f1c655b07064a31644777465197976ab7272b350abccf9ec32ccf7e8a,e51f3b464f2396d421fbfec97a8887bbaaae62b7650ce72a30a41be7c04f77f2,client_test_01_router_a_majors,client-test-01,customer-test-01,0,"","",USDC/USD,999774066900000128,1781835008,confirmed,UtxoNotFound,"Error: {""contents"":{""contents"":{""contents"":{""era"":""ShelleyBasedEraConway"",""error"":[""ConwayUtxowFailure (UtxoFailure (InsufficientCollateral (DeltaCoin (-118221792)) (Coin 1876604)))"",""ConwayUtxowFailure (UtxoFailure (IncorrectTotalCollateralField (DeltaCoin (-118221792)) (Coin 5000000)))"",""ConwayUtxowFailure (UtxoFailure NoCollateralInputs)"",""ConwayUtxowFailure (UtxoFailure (BadInputsUTxO (NonEmptySet (fromList [TxIn (TxId {unTxId = SafeHash \""bb9e56a1c9ba08b346c890c480ef5b8252fef018794e0aa6dd34dbba74e2619d\""}) (TxIx {unTxIx = 2})]))))"",""ConwayUtxowFailure (UtxoFailure (ValueNotConservedUTxO Mismatch (RelEQ) {supplied: MaryValue (Coin 9068950000) (MultiAsset (fromList [(PolicyID {policyID = ScriptHash \""def5c14be6bceefb95769110a0c8c7d5362e58bf8f17b6ee1c1bd902\""},fromList [(\""0156dbaa55902bb40ff6c461c8b2b59c70ebbe3786e51e5e75a8bc1cbad4c1ac\"",1),(\""3d7739c2406edbe3bb594b8f762cf67a2c889a162f2234dc17841f61d33849f4\"",1),(\""8a3859b168b77160150b13c200392328254c3758f082050fd7ec5c340ac2a497\"",1)]),(PolicyID {policyID = ScriptHash \""e6721fde8af7e40aecbd6f146b0470cc20722e05a61c9230a052900d\""},fromList [(\""4449415f52454345495645525f434c49454e545f41\"",1)])])), expected: MaryValue (Coin 9192171792) (MultiAsset (fromList [(PolicyID {policyID = ScriptHash \""def5c14be6bceefb95769110a0c8c7d5362e58bf8f17b6ee1c1bd902\""},fromList [(\""0156dbaa55902bb40ff6c461c8b2b59c70ebbe3786e51e5e75a8bc1cbad4c1ac\"",1),(\""3d7739c2406edbe3bb594b8f762cf67a2c889a162f2234dc17841f61d33849f4\"",1),(\""8a3859b168b77160150b13c200392328254c3758f082050fd7ec5c340ac2a497\"",1)]),(PolicyID {policyID = ScriptHash \""e6721fde8af7e40aecbd6f146b0470cc20722e05a61c9230a052900d\""},fromList [(\""4449415f52454345495645525f434c49454e545f41\"",1)])]))}))"",""ConwayUtxowFailure (UtxoFailure (UtxosFailure (CollectErrors (BadTranslation (BabbageContextError (AlonzoContextError (TranslationLogicMissingInput (TxIn (TxId {unTxId = SafeHash \""bb9e56a1c9ba08b346c890c480ef5b8252fef018794e0aa6dd34dbba74e2619d\""}) (TxIx {unTxIx = 2}))))) :| []))))""],""kind"":""ShelleyTxValidationError""},""tag"":""TxValidationErrorInCardanoMode""},""tag"":""TxCmdTxSubmitValidationError""},""tag"":""TxSubmitFail""}",0,0,,,,1781835272040,1781835102044,1781835102044
2062,0x5639e945eabff37780f4689e4fe3088a417de6072c14e595e9070e7518ebf298,e51f3b464f2396d421fbfec97a8887bbaaae62b7650ce72a30a41be7c04f77f2,client_test_01_router_a_majors,client-test-01,customer-test-01,0,"","",BTC/USD,"",0,confirmed,,,0,0,,,1781835172881,1781835272012,,1781835172881
2063,0x3a8e2ae5aed792706b4e5d6e9fea4bbe1c27ea287b934479df62e3a9274f1820,e51f3b464f2396d421fbfec97a8887bbaaae62b7650ce72a30a41be7c04f77f2,client_test_01_router_a_majors,client-test-01,customer-test-01,0,"","",ETH/USD,"",0,confirmed,,,0,0,,,1781835172890,1781835272030,,1781835172890
2064,0xc5670431df96d2c91c22b99225fc9a0f470eac4eb78c5da511f73abf126d72df,e51f3b464f2396d421fbfec97a8887bbaaae62b7650ce72a30a41be7c04f77f2,client_test_01_router_a_majors,client-test-01,customer-test-01,0,"","",DOGE/USD,"",0,confirmed,,,0,0,,,1781835172894,1781835272048,,1781835172894
2065,0x7cdaeb01b0efc2f2f91a6b67c6a397a177928fe2ccc325599f09cb9ee641efb6,e51f3b464f2396d421fbfec97a8887bbaaae62b7650ce72a30a41be7c04f77f2,client_test_01_router_a_majors,client-test-01,customer-test-01,0,"","",USDT/USD,"",0,failed,CrashRecovery,"daemon restarted with submitted transaction awaiting confirmation",0,0,,,1781835172898,,1781836345316,1781835172898
2066,0x5639e945eabff37780f4689e4fe3088a417de6072c14e595e9070e7518ebf298,e51f3b464f2396d421fbfec97a8887bbaaae62b7650ce72a30a41be7c04f77f2,client_test_02_router_default,client-test-02,customer-test-02,0,"","",BTC/USD,62902172097155604414464,1781835089,confirmed,UtxoNotFound,"Error: {""contents"":{""contents"":{""contents"":{""era"":""ShelleyBasedEraConway"",""error"":[""ConwayUtxowFailure (UtxoFailure (InsufficientCollateral (DeltaCoin (-118100000)) (Coin 1318182)))"",""ConwayUtxowFailure (UtxoFailure (IncorrectTotalCollateralField (DeltaCoin (-118100000)) (Coin 5000000)))"",""ConwayUtxowFailure (UtxoFailure NoCollateralInputs)"",""ConwayUtxowFailure (UtxoFailure (BadInputsUTxO (NonEmptySet (fromList [TxIn (TxId {unTxId = SafeHash \""1f6a8f3b917972652e896a4422d9518cfad0152627673fbce544ee7be3667e38\""}) (TxIx {unTxIx = 1})]))))"",""ConwayUtxowFailure (UtxoFailure (ValueNotConservedUTxO Mismatch (RelEQ) {supplied: MaryValue (Coin 9978800000) (MultiAsset (fromList [(PolicyID {policyID = ScriptHash \""02435906b5bf2ebac57a72d8d5609aa7f642b5e0e4d79666e0b1a293\""},fromList [(\""8a3859b168b77160150b13c200392328254c3758f082050fd7ec5c340ac2a497\"",1)]),(PolicyID {policyID = ScriptHash \""8621de3a416050365e18f7a200b99add3544491eb7d471cfad83913c\""},fromList [(\""4449415f52454345495645525f434c49454e545f544553545f3032\"",1)])])), expected: MaryValue (Coin 10101900000) (MultiAsset (fromList [(PolicyID {policyID = ScriptHash \""02435906b5bf2ebac57a72d8d5609aa7f642b5e0e4d79666e0b1a293\""},fromList [(\""8a3859b168b77160150b13c200392328254c3758f082050fd7ec5c340ac2a497\"",1)]),(PolicyID {policyID = ScriptHash \""8621de3a416050365e18f7a200b99add3544491eb7d471cfad83913c\""},fromList [(\""4449415f52454345495645525f434c49454e545f544553545f3032\"",1)])]))}))"",""ConwayUtxowFailure (UtxoFailure (UtxosFailure (CollectErrors (BadTranslation (BabbageContextError (AlonzoContextError (TranslationLogicMissingInput (TxIn (TxId {unTxId = SafeHash \""1f6a8f3b917972652e896a4422d9518cfad0152627673fbce544ee7be3667e38\""}) (TxIx {unTxIx = 1}))))) :| []))))""],""kind"":""ShelleyTxValidationError""},""tag"":""TxValidationErrorInCardanoMode""},""tag"":""TxCmdTxSubmitValidationError""},""tag"":""TxSubmitFail""}",0,0,,,,1781835272012,1781835223870,1781835223870
2067,0x7cdaeb01b0efc2f2f91a6b67c6a397a177928fe2ccc325599f09cb9ee641efb6,"",client_test_01_router_a_majors,client-test-01,customer-test-01,0,"","",USDT/USD,998910000000000000,1781835094,failed,CrashRecovery,"daemon restarted with submitted transaction awaiting confirmation",0,0,,,,,1781836345316,1781835272060
2068,0x4b1a2779d6e47be23b6e5f1d08b8438fd8dcddb108e189a164b915de1b1591b4,0ed58261a266bf212a1f0b0c3d61861ff15c3a7e4c7746e164bdece9a0ed6c45,client_test_01_router_a_majors,client-test-01,customer-test-01,0,"","",BTC/USD,"",0,confirmed,,,0,0,,,1781835285976,1781835323932,,1781835285976
2069,0x7433301467cc9de33bae66a642579982da22062fe6ef77f5160540c7324eaf51,0ed58261a266bf212a1f0b0c3d61861ff15c3a7e4c7746e164bdece9a0ed6c45,client_test_01_router_a_majors,client-test-01,customer-test-01,0,"","",ETH/USD,"",0,confirmed,,,0,0,,,1781835285982,1781835323946,,1781835285982
2070,0x9e4fbefb3740d567190ddb52efae0b0489783b36376a92fff5cc5eb3499623b0,0ed58261a266bf212a1f0b0c3d61861ff15c3a7e4c7746e164bdece9a0ed6c45,client_test_01_router_a_majors,client-test-01,customer-test-01,0,"","",USDC/USD,"",0,confirmed,,,0,0,,,1781835285995,1781835323953,,1781835285995
2071,0xd2627767ccb3a9d5360f71d75b4b85725c3ee5b1d9d39696636149f99c4b2a56,0ed58261a266bf212a1f0b0c3d61861ff15c3a7e4c7746e164bdece9a0ed6c45,client_test_01_router_a_majors,client-test-01,customer-test-01,0,"","",DOGE/USD,"",0,failed,CrashRecovery,"daemon restarted with submitted transaction awaiting confirmation",0,0,,,1781835286004,,1781836345312,1781835286004
2072,0x1c638254e3ba3cf83ea7001f3ecf18177398d471a7bfa9a3b83cf94bdfb8d0f1,0ed58261a266bf212a1f0b0c3d61861ff15c3a7e4c7746e164bdece9a0ed6c45,client_test_01_router_a_majors,client-test-01,customer-test-01,0,"","",USDT/USD,"",0,failed,CrashRecovery,"daemon restarted with submitted transaction awaiting confirmation",0,0,,,1781835286008,,1781836345309,1781835286008
2073,0xd2627767ccb3a9d5360f71d75b4b85725c3ee5b1d9d39696636149f99c4b2a56,"",client_test_01_router_a_majors,client-test-01,customer-test-01,0,"","",DOGE/USD,83668947762580096,1781835230,failed,CrashRecovery,"daemon restarted with submitted transaction awaiting confirmation",0,0,,,,,1781836345312,1781835323965
2074,0x1c638254e3ba3cf83ea7001f3ecf18177398d471a7bfa9a3b83cf94bdfb8d0f1,"",client_test_01_router_a_majors,client-test-01,customer-test-01,0,"","",USDT/USD,998910000000000000,1781835267,failed,CrashRecovery,"daemon restarted with submitted transaction awaiting confirmation",0,0,,,,,1781836345309,1781835323970
2075,0x86a58d46b24313ce577d299631428d087b61a19c9f477a9a457025d3e64ec125,863af08be4cef95a51db0aa15e58125e6d6039473a15c9dc4490ee8c864d0406,client_test_01_router_a_majors,client-test-01,customer-test-01,0,"","",DOGE/USD,"",0,confirmed,,,0,0,,,1781835338478,1781835362302,,1781835338478
2076,0x15f25f676b48f24db977804351127dc2ed513436d77278fbde4eb244b4756d33,863af08be4cef95a51db0aa15e58125e6d6039473a15c9dc4490ee8c864d0406,client_test_01_router_a_majors,client-test-01,customer-test-01,0,"","",USDT/USD,"",0,confirmed,,,0,0,,,1781835338489,1781835362311,,1781835338489
2077,0x4b1a2779d6e47be23b6e5f1d08b8438fd8dcddb108e189a164b915de1b1591b4,"",client_test_01_router_a_majors,client-test-01,customer-test-01,0,"","",BTC/USD,62902172097155604414464,1781835261,failed,NonMonotonicNonce,"Intent for BTC/USD superseded on chain; not submitted.",0,0,,,,,1781835362287,1781835362287
2078,0x7433301467cc9de33bae66a642579982da22062fe6ef77f5160540c7324eaf51,"",client_test_01_router_a_majors,client-test-01,customer-test-01,0,"","",ETH/USD,1709284165786075791360,1781835262,failed,NonMonotonicNonce,"Intent for ETH/USD superseded on chain; not submitted.",0,0,,,,,1781835362294,1781835362294
2079,0x9e4fbefb3740d567190ddb52efae0b0489783b36376a92fff5cc5eb3499623b0,"",client_test_01_router_a_majors,client-test-01,customer-test-01,0,"","",USDC/USD,999773187817118848,1781835268,failed,NonMonotonicNonce,"Intent for USDC/USD superseded on chain; not submitted.",0,0,,,,,1781835362300,1781835362300
2080,0x8730d9310897a1b6712d68d768f0e20a7d58de31fe19f1213bb0ea86ba13e5d8,edc3ae192586a3380813f5760094b6d155e8e5362886691d0c708edfc9cb54fb,client_test_01_router_a_majors,client-test-01,customer-test-01,0,"","",USDT/USD,"",0,failed,CrashRecovery,"daemon restarted with submitted transaction awaiting confirmation",0,0,,,1781835373679,,1781836345306,1781835373679
2081,0x2129302fd4a11432d602708e6b3807b2cd98a11f6d349191164edded244aa3cf,edc3ae192586a3380813f5760094b6d155e8e5362886691d0c708edfc9cb54fb,client_test_01_router_a_majors,client-test-01,customer-test-01,0,"","",DOGE/USD,"",0,confirmed,,,0,0,,,1781835373689,1781835397393,,1781835373689
2082,0x8730d9310897a1b6712d68d768f0e20a7d58de31fe19f1213bb0ea86ba13e5d8,"",client_test_01_router_a_majors,client-test-01,customer-test-01,0,"","",USDT/USD,998910000000000000,1781835352,failed,CrashRecovery,"daemon restarted with submitted transaction awaiting confirmation",0,0,,,,,1781836345306,1781835397390
2083,0xa133ec7cb2a8913e8972db3bc17a01bdb8952e3ba06891c1fa9dc0e63a2832f1,b95c2eff129c7d06d63fa5830c862ca4cae5f1a9dcea7da25b9e5908554f5aff,client_test_01_router_a_majors,client-test-01,customer-test-01,0,"","",BTC/USD,"",0,confirmed,,,0,0,,,1781835663461,1781835724871,,1781835663461
2084,0xa133ec7cb2a8913e8972db3bc17a01bdb8952e3ba06891c1fa9dc0e63a2832f1,b95c2eff129c7d06d63fa5830c862ca4cae5f1a9dcea7da25b9e5908554f5aff,client_test_02_router_default,client-test-02,customer-test-02,0,"","",BTC/USD,62924542006986008428544,1781835608,confirmed,NonMonotonicNonce,"Oracle intent timestamp must be greater than the current on-chain timestamp; intent superseded, not submitted.",0,0,,,,1781835724871,1781835696320,1781835696320
2085,0x4b83c483cf73eece8c170559151955d43d02c0ee4f5072bbcbc527d47c0f6b19,b95c2eff129c7d06d63fa5830c862ca4cae5f1a9dcea7da25b9e5908554f5aff,client_test_01_router_a_majors,client-test-01,customer-test-01,0,"","",ETH/USD,"",0,confirmed,,,0,0,,,1781835697978,1781835724885,,1781835697978
2086,0x9f7e084cfd4afe3eba58c910dd223516297e426911b8d04a3856087905d32193,b95c2eff129c7d06d63fa5830c862ca4cae5f1a9dcea7da25b9e5908554f5aff,client_test_01_router_a_majors,client-test-01,customer-test-01,0,"","",USDC/USD,"",0,confirmed,,,0,0,,,1781835697989,1781835724896,,1781835697989
2087,0x10ad2af741f236f75e970560310b6a68c9b4729c0666808bc17c3b7180005085,b95c2eff129c7d06d63fa5830c862ca4cae5f1a9dcea7da25b9e5908554f5aff,client_test_01_router_a_majors,client-test-01,customer-test-01,0,"","",DOGE/USD,"",0,confirmed,,,0,0,,,1781835697998,1781835724905,,1781835697998
2088,0x0e763498f5750a462da31f7bfc3d52f77c40a1528a66564e6b0aa4dab7fec7a5,2a138b18fcb81fc7bca8f67010fba0d1f70197fd739db7d50c9e44b87e7278b5,client_test_01_router_a_majors,client-test-01,customer-test-01,0,"","",BTC/USD,"",0,confirmed,,,0,0,,,1781835745472,1781835769186,,1781835745472
2089,0x9b5d1ee249fbd440e7b5173126d09a757bc381f690665ae76d864b0698f45602,2a138b18fcb81fc7bca8f67010fba0d1f70197fd739db7d50c9e44b87e7278b5,client_test_01_router_a_majors,client-test-01,customer-test-01,0,"","",ETH/USD,"",0,confirmed,,,0,0,,,1781835745477,1781835769200,,1781835745477
2090,0xc1a30a2645dca7a39c17de9d4909a7254b5b928ae8eb10564a8f3b2494216e3f,2a138b18fcb81fc7bca8f67010fba0d1f70197fd739db7d50c9e44b87e7278b5,client_test_01_router_a_majors,client-test-01,customer-test-01,0,"","",USDC/USD,"",0,confirmed,,,0,0,,,1781835745482,1781835769210,,1781835745482
2091,0xe75b5ae329eaa628c603e29c3f868da82233c7a0d43152ce1f625c411e41147d,2a138b18fcb81fc7bca8f67010fba0d1f70197fd739db7d50c9e44b87e7278b5,client_test_01_router_a_majors,client-test-01,customer-test-01,0,"","",DOGE/USD,"",0,confirmed,,,0,0,,,1781835745489,1781835769225,,1781835745489
2092,0xf1670f08a9e530206bc21dfc7907bb3e06b402745bec272454342dcb6ce0c692,2a138b18fcb81fc7bca8f67010fba0d1f70197fd739db7d50c9e44b87e7278b5,client_test_01_router_a_majors,client-test-01,customer-test-01,0,"","",USDT/USD,"",0,failed,CrashRecovery,"daemon restarted with submitted transaction awaiting confirmation",0,0,,,1781835745494,,1781836345302,1781835745494
2093,0xf1670f08a9e530206bc21dfc7907bb3e06b402745bec272454342dcb6ce0c692,"",client_test_01_router_a_majors,client-test-01,customer-test-01,0,"","",USDT/USD,998910000000000000,1781835700,failed,CrashRecovery,"daemon restarted with submitted transaction awaiting confirmation",0,0,,,,,1781836345302,1781835769241
2094,0x6d46dd900c707baf74b41cdad372bd6787f8ef9b4e469913bbc7f519b3b568a2,903ed73a75f42f1b2b81422ac070ca43f059a49abc4219e9fe3adab07a1dabbc,client_test_01_router_a_majors,client-test-01,customer-test-01,0,"","",USDT/USD,"",0,confirmed,,,0,0,,,1781835837391,1781835873104,,1781835837391
2095,0x09a995f3b2c9a68ed8a9ed47c11ab80c97a084e28332fddf6552fd311a4f41b6,0a960cc5a938e75f35c3ececcf2b52f43d2fd62ac1cc6f0da28b233c2668174e,client_test_01_router_a_majors,client-test-01,customer-test-01,0,"","",USDT/USD,"",0,confirmed,,,0,0,,,1781835925382,1781836037239,,1781835925382
2096,0x3209402e27364bc5cc81e959738441b33dae7defffc6e8e60f124771af13f54b,a3ede1196fc1b4bb69b0921ec5334177f3947ac163cb4b407587e78bc1e24cf9,client_test_01_router_a_majors,client-test-01,customer-test-01,0,"","",BTC/USD,"",0,confirmed,,,0,0,,,1781836060048,1781836075817,,1781836060048
2097,0xa5c860972c54b00297716a4732eccfb687f0e8854d2cb731a230837ddaca6013,a3ede1196fc1b4bb69b0921ec5334177f3947ac163cb4b407587e78bc1e24cf9,client_test_01_router_a_majors,client-test-01,customer-test-01,0,"","",ETH/USD,"",0,confirmed,,,0,0,,,1781836060060,1781836075833,,1781836060060
2098,0x3274a2543be64821f75f46969f794f1e819be1a912f7b9dbff8ab305d2e8eaa4,a3ede1196fc1b4bb69b0921ec5334177f3947ac163cb4b407587e78bc1e24cf9,client_test_01_router_a_majors,client-test-01,customer-test-01,0,"","",USDC/USD,"",0,confirmed,,,0,0,,,1781836060066,1781836075844,,1781836060066
2099,0xca7ed466efe4a6def15715a3e6f5bfc51d3aec5420ee28ac491c594605e17454,a3ede1196fc1b4bb69b0921ec5334177f3947ac163cb4b407587e78bc1e24cf9,client_test_01_router_a_majors,client-test-01,customer-test-01,0,"","",DOGE/USD,"",0,confirmed,,,0,0,,,1781836060071,1781836075852,,1781836060071
2100,0x6ddaf98b13a714a7407a621c0dfa78028654ff0e2478ae2724e144ea2a13ae8b,a3ede1196fc1b4bb69b0921ec5334177f3947ac163cb4b407587e78bc1e24cf9,client_test_01_router_a_majors,client-test-01,customer-test-01,0,"","",USDT/USD,"",0,confirmed,,,0,0,,,1781836060078,1781836075876,,1781836060078
2101,0x2edbc05e7bcd54e7467a1152eace3ff822363304356612894d9ba0644c2886bc,3cb010ff78d1da21ea658414a833931b21faa12cacd76ee90206a2c6c4626e02,client_test_01_router_a_majors,client-test-01,customer-test-01,0,"","",BTC/USD,"",0,confirmed,,,0,0,,,1781836095457,1781836128806,,1781836095457
2102,0x2d26255d95531161e737d54b1b47149811589eac3487a244255592617eb0c394,3cb010ff78d1da21ea658414a833931b21faa12cacd76ee90206a2c6c4626e02,client_test_01_router_a_majors,client-test-01,customer-test-01,0,"","",ETH/USD,"",0,confirmed,,,0,0,,,1781836095464,1781836128821,,1781836095464
2103,0xea6b7fcd40a61766d3a21069024d1bb08bf399397f044a87aac3be1f719fc64b,3cb010ff78d1da21ea658414a833931b21faa12cacd76ee90206a2c6c4626e02,client_test_01_router_a_majors,client-test-01,customer-test-01,0,"","",USDC/USD,"",0,confirmed,,,0,0,,,1781836095470,1781836128832,,1781836095470
2104,0xbb4363b0c6f900dacef1662c2b10b8da07b8a9b9abc9d5d5f67884a4c89084ae,3cb010ff78d1da21ea658414a833931b21faa12cacd76ee90206a2c6c4626e02,client_test_01_router_a_majors,client-test-01,customer-test-01,0,"","",DOGE/USD,"",0,confirmed,,,0,0,,,1781836095475,1781836128842,,1781836095475
2105,0xf6de22c5b5840d63f0ceda7d87b913318a38bf2c7c6d599fda482a59a0c12ddb,ba18d050896b6f081dada37eec2eeb0a4c35b63848e43c68f3225741364c8161,client_test_01_router_a_majors,client-test-01,customer-test-01,0,"","",USDT/USD,"",0,confirmed,,,0,0,,,1781836258231,1781836302677,,1781836258231
2106,0x8d1adf45705d3daf8ca43cbb13b954c9b1b824254eb67c005eca111ade59f257,ba18d050896b6f081dada37eec2eeb0a4c35b63848e43c68f3225741364c8161,client_test_01_router_b_alts,client-test-01,customer-test-01,0,"","",ARB/USD,"",0,confirmed,,,0,0,,,1781836258245,1781836302693,,1781836258245
2107,0x6a197be240e05e533c66d4b718deaac830e57fd40aacafefb08fafe4aca5d09f,ba18d050896b6f081dada37eec2eeb0a4c35b63848e43c68f3225741364c8161,client_test_01_router_b_alts,client-test-01,customer-test-01,0,"","",NEIRO/USD,"",0,confirmed,,,0,0,,,1781836258253,1781836302702,,1781836258253
2108,0xac82f99d7c29ce3e0b99a26646cf6e560d99dd98dd85d913cd63230850ab811e,ba18d050896b6f081dada37eec2eeb0a4c35b63848e43c68f3225741364c8161,client_test_01_router_b_alts,client-test-01,customer-test-01,0,"","",XVG/USD,"",0,confirmed,,,0,0,,,1781836258258,1781836302712,,1781836258258
2109,0xf35892b0c71405a5ff65ffbea35862f0252ce80c10bf472b1282111aced37f14,a5489d6e2549a68aa6e0123726629be7fb66aebbdc0a812ee141953bce799219,client_test_01_router_a_majors,client-test-01,customer-test-01,0,"","",BTC/USD,"",0,failed,CrashRecovery,"daemon restarted with submitted transaction awaiting confirmation",0,0,,,1781836313568,,1781836345299,1781836313568
2110,0xd683bf480c69af797edf3b242231c48f7f1986691b9a54a9acccbcda5ff80e4a,d4595bfe49b3c6dbcdad3fc04abac6773fea0954563461927a80246e33517f37,client_test_01_router_a_majors,client-test-01,customer-test-01,0,"","",BTC/USD,"",0,confirmed,,,0,0,,,1781836452330,1781836525319,,1781836452330
2111,0x0149151927aac54091ade1b367f6aa6519f120713ad1c93185fed50c1bd474c3,d4595bfe49b3c6dbcdad3fc04abac6773fea0954563461927a80246e33517f37,client_test_01_router_a_majors,client-test-01,customer-test-01,0,"","",ETH/USD,"",0,confirmed,,,0,0,,,1781836452341,1781836525338,,1781836452341
2112,0x7b61e7fa63085acb8d68b908b59bf991a7ef88c737fe727c00911e04ad4b2a61,d4595bfe49b3c6dbcdad3fc04abac6773fea0954563461927a80246e33517f37,client_test_01_router_a_majors,client-test-01,customer-test-01,0,"","",USDC/USD,"",0,confirmed,,,0,0,,,1781836452347,1781836525350,,1781836452347
2113,0x14666f11121f33275b21bd397cb5399207a0f4cb20dba050460839c1af36a67c,d4595bfe49b3c6dbcdad3fc04abac6773fea0954563461927a80246e33517f37,client_test_01_router_a_majors,client-test-01,customer-test-01,0,"","",DOGE/USD,"",0,confirmed,,,0,0,,,1781836452352,1781836525364,,1781836452352
2114,0xb2015ca4af950fe4c23591670d1d22d929c9dd2ca328e649676d5ab46205a494,d4595bfe49b3c6dbcdad3fc04abac6773fea0954563461927a80246e33517f37,client_test_01_router_b_alts,client-test-01,customer-test-01,0,"","",LTC/USD,"",0,confirmed,,,0,0,,,1781836452358,1781836525373,,1781836452358
2115,0xf46dba1adda553dfd512c9d28684561f4cf47f6e76e30c5dede769c0a82bdacf,d4595bfe49b3c6dbcdad3fc04abac6773fea0954563461927a80246e33517f37,client_test_01_router_b_alts,client-test-01,customer-test-01,0,"","",SHIB/USD,"",0,confirmed,,,0,0,,,1781836452364,1781836525381,,1781836452364
2116,0xc1bb1513c61f5f0935024f62e7eacd6560dc17e207fd7b53854281aad4ed5886,5ed5be51d203ecef8e6b3fa748203d0a43a0af73f39000753a0ada16168a5883,client_test_01_router_a_majors,client-test-01,customer-test-01,0,"","",BTC/USD,"",0,confirmed,,,0,0,,,1781836541031,1781836582241,,1781836541031
2117,0xe69b4360a314e49982bf21656c9dfb1ce04a04f429a2d5d3e1a54a37e33552d4,5ed5be51d203ecef8e6b3fa748203d0a43a0af73f39000753a0ada16168a5883,client_test_01_router_a_majors,client-test-01,customer-test-01,0,"","",ETH/USD,"",0,confirmed,,,0,0,,,1781836541041,1781836582251,,1781836541041
2118,0xb6388772985b0c9845e04e93af4b5852623cd7164f31b46375f5014ef93a48f7,5ed5be51d203ecef8e6b3fa748203d0a43a0af73f39000753a0ada16168a5883,client_test_01_router_a_majors,client-test-01,customer-test-01,0,"","",USDC/USD,"",0,confirmed,,,0,0,,,1781836541047,1781836582262,,1781836541047
2119,0xf17e284b4a0610354963273e81fcbcaacc00746f91e6ce8ead7ed0f95d9ae3b1,5ed5be51d203ecef8e6b3fa748203d0a43a0af73f39000753a0ada16168a5883,client_test_01_router_a_majors,client-test-01,customer-test-01,0,"","",DOGE/USD,"",0,confirmed,,,0,0,,,1781836541052,1781836582274,,1781836541052
2120,0x48b225c68e9d6312ca58bbcecec73525d4c2b39142d7a022ee54b2b8669e107a,5ed5be51d203ecef8e6b3fa748203d0a43a0af73f39000753a0ada16168a5883,client_test_01_router_b_alts,client-test-01,customer-test-01,0,"","",LTC/USD,"",0,submitted,,,0,0,,,1781836541056,,,1781836541056
2121,0xab6171d769d037591e56a9cebb16dc86389e7d2e3ed6c165a919b2fd5ea166e3,5ed5be51d203ecef8e6b3fa748203d0a43a0af73f39000753a0ada16168a5883,client_test_01_router_b_alts,client-test-01,customer-test-01,0,"","",SHIB/USD,"",0,confirmed,,,0,0,,,1781836541062,1781836582295,,1781836541062
2122,0x48b225c68e9d6312ca58bbcecec73525d4c2b39142d7a022ee54b2b8669e107a,"",client_test_01_router_b_alts,client-test-01,customer-test-01,0,"","",LTC/USD,43882116300000002048,1781836522,failed,NonMonotonicNonce,"Intent for LTC/USD superseded on chain; not submitted.",0,0,,,,,1781836582291,1781836582291
2123,0xdb5d4a6e3faece536e96bd48348226f765998d35796cd7f5ee4008fec057c1c1,786367618d67b90c0cd36592961eb6659e837d1282afbda09771e020c253bdd9,client_test_01_router_a_majors,client-test-01,customer-test-01,0,"","",USDT/USD,"",0,confirmed,,,0,0,,,1781836592852,1781836607637,,1781836592852
2124,0xd17a2a691fac7531cf496185b6978a9893331d3d7f6211998df724bb0718a304,09e6e457fa2e1fe14f93f698ce5086d6f04ee848a29a5996905130b5affff7de,client_test_01_router_a_majors,client-test-01,customer-test-01,0,"","",USDT/USD,"",0,confirmed,,,0,0,,,1781836854069,1781836877803,,1781836854069
2125,0x0f73995b1cc06519727666ed7ce57485bcda27163c688f9e09401f97bec76b24,e906872dc89a8715c61c9d596550a32e74d8c0b0ec4cd2c2de3a0163f0558848,client_test_01_router_a_majors,client-test-01,customer-test-01,0,"","",BTC/USD,"",0,confirmed,,,0,0,,,1781836882915,1781836935188,,1781836882915
2126,0x3cb837c9a042e46973cfba322c8dadeba952f1ab6eb27b1d00a1491149fdfb16,e906872dc89a8715c61c9d596550a32e74d8c0b0ec4cd2c2de3a0163f0558848,client_test_01_router_a_majors,client-test-01,customer-test-01,0,"","",ETH/USD,"",0,confirmed,,,0,0,,,1781836908293,1781836935202,,1781836908293
2127,0x279f83574a05f70c792918357af43cf4951ff630e4dc3bd22640bfa402fc68d3,e906872dc89a8715c61c9d596550a32e74d8c0b0ec4cd2c2de3a0163f0558848,client_test_01_router_a_majors,client-test-01,customer-test-01,0,"","",USDC/USD,"",0,confirmed,,,0,0,,,1781836908300,1781836935211,,1781836908300
2128,0x2baba5937a629e12443e19c505f162e50b924c13bf90d47fecc7b13d0b4680f1,e906872dc89a8715c61c9d596550a32e74d8c0b0ec4cd2c2de3a0163f0558848,client_test_01_router_a_majors,client-test-01,customer-test-01,0,"","",DOGE/USD,"",0,confirmed,,,0,0,,,1781836908306,1781836935220,,1781836908306
2129,0x45d55ddeafe10121c6e2caaf0416dccb6de07ada104a4b8d73951ac47ee4d1f8,f0cacc9b136d339f8f4381cf0cb9777eed7f0e95865ce05db565013c80c43592,client_test_01_router_a_majors,client-test-01,customer-test-01,0,"","",DOGE/USD,"",0,confirmed,,,0,0,,,1781836948388,1781836975033,,1781836948388
2130,0x7e961e9a74c0a8131bac833c31527b13a68930b5d309b934fc62663b2c05d0e1,f0cacc9b136d339f8f4381cf0cb9777eed7f0e95865ce05db565013c80c43592,client_test_01_router_a_majors,client-test-01,customer-test-01,0,"","",BTC/USD,"",0,confirmed,,,0,0,,,1781836948398,1781836975048,,1781836948398
2131,0x3675957900a05fb855fad62b9ee2b250023a4155694e3c8d8fd664aa77fd9f09,f0cacc9b136d339f8f4381cf0cb9777eed7f0e95865ce05db565013c80c43592,client_test_01_router_a_majors,client-test-01,customer-test-01,0,"","",ETH/USD,"",0,confirmed,,,0,0,,,1781836948402,1781836975056,,1781836948402
2132,0xc543e21d6edcd399f6554523c524c3fa3fed68759bb43e8a4353b4d62c732e34,f0cacc9b136d339f8f4381cf0cb9777eed7f0e95865ce05db565013c80c43592,client_test_01_router_a_majors,client-test-01,customer-test-01,0,"","",USDC/USD,"",0,confirmed,,,0,0,,,1781836948407,1781836975074,,1781836948407
2133,0xea8d90fce649a46a650c9857755616d5eef774cd911f703e66230f993b2af0d0,8ec7d12bfeb850734b8a1da4212a07aca9d2004949460ec70d701c7fd36086a9,client_test_01_router_a_majors,client-test-01,customer-test-01,0,"","",BTC/USD,"",0,confirmed,,,0,0,,,1781837147529,1781837197814,,1781837147529
2134,0x3d6c976b2ec5ed294be7e58710a243491faed2f0018c956c9e40dc704f661ee1,8ec7d12bfeb850734b8a1da4212a07aca9d2004949460ec70d701c7fd36086a9,client_test_01_router_a_majors,client-test-01,customer-test-01,0,"","",ETH/USD,"",0,confirmed,,,0,0,,,1781837147534,1781837197829,,1781837147534
2135,0x892320d66d6f5666d6e4122f2bc6a92575cc4ec5b7bc72d2a51ba4b426fc36d0,8ec7d12bfeb850734b8a1da4212a07aca9d2004949460ec70d701c7fd36086a9,client_test_01_router_a_majors,client-test-01,customer-test-01,0,"","",USDC/USD,"",0,confirmed,,,0,0,,,1781837147540,1781837197836,,1781837147540
2136,0xe842345564d93fb15d1353ebc85dfbe630a524bd3994198ef1556111891bb8c5,8ec7d12bfeb850734b8a1da4212a07aca9d2004949460ec70d701c7fd36086a9,client_test_01_router_a_majors,client-test-01,customer-test-01,0,"","",DOGE/USD,"",0,confirmed,,,0,0,,,1781837147546,1781837197844,,1781837147546
2137,0x8b5aa788d420de21fa3ed5ae2044bbf5a5b2a4bb0a96753e71dcb6c5060c86d0,0fc38c18c3c63b50954a605c4a78f3de6950c1835c56e719710272e690e291a0,client_test_01_router_a_majors,client-test-01,customer-test-01,0,"","",USDC/USD,"",0,confirmed,,,0,0,,,1781837213633,1781837254751,,1781837213633
2138,0xa76e47953ca1edd92b8b91e478cf1c3203182dbef04a74eb82d32eee9db4ee40,0fc38c18c3c63b50954a605c4a78f3de6950c1835c56e719710272e690e291a0,client_test_01_router_a_majors,client-test-01,customer-test-01,0,"","",DOGE/USD,"",0,confirmed,,,0,0,,,1781837213643,1781837254763,,1781837213643
2139,0x4ebaf36c061910d2b4fca1c34fabdb55a16cdd4e36e3111518508fdb1c80bb25,0fc38c18c3c63b50954a605c4a78f3de6950c1835c56e719710272e690e291a0,client_test_01_router_a_majors,client-test-01,customer-test-01,0,"","",USDT/USD,"",0,submitted,,,0,0,,,1781837213648,,,1781837213648
2140,0xb16f11c2d63ace9cd63594a08457269373beff5d3e0c4ced50959a779022cb53,0fc38c18c3c63b50954a605c4a78f3de6950c1835c56e719710272e690e291a0,client_test_01_router_a_majors,client-test-01,customer-test-01,0,"","",BTC/USD,"",0,confirmed,,,0,0,,,1781837213654,1781837254778,,1781837213654
2141,0x15f2fc0912060d1bbb84ec18f079558cdee49214b682697b9cb87fe389601e0c,0fc38c18c3c63b50954a605c4a78f3de6950c1835c56e719710272e690e291a0,client_test_01_router_a_majors,client-test-01,customer-test-01,0,"","",ETH/USD,"",0,confirmed,,,0,0,,,1781837213658,1781837254791,,1781837213658
2142,0x4ebaf36c061910d2b4fca1c34fabdb55a16cdd4e36e3111518508fdb1c80bb25,"",client_test_01_router_a_majors,client-test-01,customer-test-01,0,"","",USDT/USD,998900000000000000,1781837177,failed,NonMonotonicNonce,"Intent for USDT/USD superseded on chain; not submitted.",0,0,,,,,1781837254776,1781837254776
2143,0xfd39fbe8bb0ca299f22c42eafdb237d6f257fda57c7d6bd049201d90c542790a,fda135f9d6fbab7112215919155844827a4324a8d3037558f88a22bcdebd2a4f,client_test_01_router_a_majors,client-test-01,customer-test-01,0,"","",USDT/USD,"",0,confirmed,,,0,0,,,1781837265376,1781837292014,,1781837265376
2144,0x27e7c8f2a7f14c900a4935d8ec32c6a2b18559e0273d47d9b5c914c801f205a0,"",client_test_01_router_a_majors,client-test-01,customer-test-01,0,"","",USDT/USD,998900000000000000,1781837265,failed,NonMonotonicNonce,"Oracle intent nonce must be greater than the current on-chain nonce; intent superseded, not submitted.",0,0,,,,,1781837298182,1781837298182
2145,0x856cb4617e654eaa7266d61eaac127abf36ead32214468db1b764ea381416e82,fae8a4cc0a11de018f0367c5525a7bc317353072ce4e654f4711d80096580097,client_test_01_router_a_majors,client-test-01,customer-test-01,0,"","",USDT/USD,"",0,confirmed,,,0,0,,,1781837464465,1781837505638,,1781837464465
2146,0x74e9d66c2442d64371a19eb0e6e0dee8ef3013766957e4433127e06ed2380eea,4e99a76564d21de1fbbc66fe234b2989f9db132d772a35d48696b7c36b0fc72c,client_test_01_router_a_majors,client-test-01,customer-test-01,0,"","",BTC/USD,"",0,confirmed,,,0,0,,,1781837508484,1781837599419,,1781837508484
2147,0x77044dfecd7248155d76224373fedb2187af7446c6ef12618682234fc9487f03,8054f2a6a83df96183cdce42165490a4e58dbbc551d1ceb244f0898737ff0894,client_test_02_router_default,client-test-02,customer-test-02,0,"","",BTC/USD,"",0,confirmed,,,0,0,,,1781837552302,1781837570093,,1781837552302
2148,0xab1b01e42e2cda5e137f81185c6703fc3e63501972aaf1406c70d823e8fbe4a6,4e99a76564d21de1fbbc66fe234b2989f9db132d772a35d48696b7c36b0fc72c,client_test_01_router_a_majors,client-test-01,customer-test-01,0,"","",ETH/USD,"",0,confirmed,,,0,0,,,1781837572485,1781837599435,,1781837572485
2149,0x3c2f342d060cc12e5dc45f43154df4776349fe92717a5527cb31e95d371f9fd3,4e99a76564d21de1fbbc66fe234b2989f9db132d772a35d48696b7c36b0fc72c,client_test_01_router_a_majors,client-test-01,customer-test-01,0,"","",USDC/USD,"",0,confirmed,,,0,0,,,1781837572495,1781837599443,,1781837572495
2150,0xf7247890940d54d609b08d36f5323f16e4b6943de5179c75270778d1ee800206,4e99a76564d21de1fbbc66fe234b2989f9db132d772a35d48696b7c36b0fc72c,client_test_01_router_a_majors,client-test-01,customer-test-01,0,"","",DOGE/USD,"",0,confirmed,,,0,0,,,1781837572498,1781837599453,,1781837572498
2151,0x6d065d08f87dfdc5aa2c98e718f57010e266618d537b3a220849169b2e99752f,"",client_test_01_router_a_majors,client-test-01,customer-test-01,0,"","",BTC/USD,62921520304236009619456,1781837565,failed,NonMonotonicNonce,"Intent for BTC/USD superseded on chain; not submitted.",0,0,,,,,1781837605760,1781837605760
2152,0x0d7e6f860631fab3f4945baa462cb86f47272f5c63f526a9332b2b4f6a09d550,"",client_test_01_router_a_majors,client-test-01,customer-test-01,0,"","",ETH/USD,1705421034500000186368,1781837567,failed,NonMonotonicNonce,"Intent for ETH/USD superseded on chain; not submitted.",0,0,,,,,1781837605767,1781837605767
2153,0x0e4c24312f6e41955c637856a10b940fa8f1eaeb281a7a1b01caf2dccf8a1a54,"",client_test_01_router_a_majors,client-test-01,customer-test-01,0,"","",USDC/USD,999774037500000000,1781837573,failed,NonMonotonicNonce,"Intent for USDC/USD superseded on chain; not submitted.",0,0,,,,,1781837605775,1781837605775
2154,0xbd30c1c85dbb6e0a6395256f9c2d4fd5a50bdcffcebf26aee9c26f35627dc553,"",client_test_01_router_a_majors,client-test-01,customer-test-01,0,"","",DOGE/USD,83559168406250000,1781837576,failed,NonMonotonicNonce,"Intent for DOGE/USD superseded on chain; not submitted.",0,0,,,,,1781837605781,1781837605781
2155,0x63d6f0b62681386dd317894cc773ebda226b643e6787a7c1fda06279592bab16,4132670b5ae2d9933e1f283318180baee84bfb2edfc145be15f289b2d8eb8926,client_test_01_router_a_majors,client-test-01,customer-test-01,0,"","",BTC/USD,"",0,confirmed,,,0,0,,,1781837758166,1781837785049,,1781837758166
2156,0xf9328615b085512f01c66d0f5ba05495ed6af3852cc0869bd1085e464b5054a4,4132670b5ae2d9933e1f283318180baee84bfb2edfc145be15f289b2d8eb8926,client_test_01_router_a_majors,client-test-01,customer-test-01,0,"","",ETH/USD,"",0,confirmed,,,0,0,,,1781837758176,1781837785063,,1781837758176
2157,0x1c1eb84e23d3eb5116a53dde03ef2786536bb1d62fb99dc9210c4b36e14c0f7d,4132670b5ae2d9933e1f283318180baee84bfb2edfc145be15f289b2d8eb8926,client_test_01_router_a_majors,client-test-01,customer-test-01,0,"","",USDC/USD,"",0,confirmed,,,0,0,,,1781837758184,1781837785073,,1781837758184
2158,0x73d49ef2f241097bda05cfb248995a35134e07ac9ef59bd952fad8b6232eb835,4132670b5ae2d9933e1f283318180baee84bfb2edfc145be15f289b2d8eb8926,client_test_01_router_a_majors,client-test-01,customer-test-01,0,"","",DOGE/USD,"",0,confirmed,,,0,0,,,1781837758191,1781837785083,,1781837758191
2159,0xfbc32078c26cfe4e9d6d212511d904f418d1c3878b6508dccfd8e123bb743ec7,7d886709b76bce6f720a31146e0abc494ffbe7f083477817dc3ba486525220a8,client_test_01_router_a_majors,client-test-01,customer-test-01,0,"","",USDT/USD,"",0,confirmed,,,0,0,,,1781837796277,1781837826633,,1781837796277
2160,0x1c1eb84e23d3eb5116a53dde03ef2786536bb1d62fb99dc9210c4b36e14c0f7d,"",client_test_01_router_a_majors,client-test-01,customer-test-01,0,"","",USDC/USD,999774052200000064,1781837702,failed,NonMonotonicNonce,"Intent for USDC/USD superseded on chain; not submitted.",0,0,,,,,1781837826622,1781837826622
2161,0x73d49ef2f241097bda05cfb248995a35134e07ac9ef59bd952fad8b6232eb835,"",client_test_01_router_a_majors,client-test-01,customer-test-01,0,"","",DOGE/USD,83556197875000008,1781837706,failed,NonMonotonicNonce,"Intent for DOGE/USD superseded on chain; not submitted.",0,0,,,,,1781837826630,1781837826630
