intent_hash,event_id,event_name,tx_hash,log_index,block_number,router_id,destination_index,status,filter_reason,processed_at_ms
0x16f6d7a362276056e6c347d394d50b7f3dff2acb8255fec79b1c8ab60f69c70e,,,0x9544ec2be68394f36ef119c643ad5a90fa46e90b40192e9c988911328c11c025,0,12660729,client_test_01_router_default,0,processed,,1781438707579
0x86521353d6eb69e6238a7644fb88c75c89efa3420cab96242ef4e65900ad46c8,,,0x667a12c826c24e0e58534e8760c0d7c15ceb378835fd52a31a07c3aba9dba28a,0,12660760,client_test_01_router_default,0,processed,,1781438715562
0x1593995512b93a6138546794c3823e7c4c5946ce0173754adaf8ae1bb510a483,,,0x041ca0c1080304e9d01d1dedf230a139c943010933444c4618910c6ad8051a99,0,12660791,client_test_01_router_default,0,processed,,1781438731989
0xf95a97b9e1f3c18f609e0a8fd9b6b9f1bdaec995bb9966f6904cda26a80d5ce0,,,0x848f359a23907359032e7293a1293327ef86ae7f051295fc250a1dadc5a0260d,0,12660821,client_test_01_router_default,0,processed,,1781438746491
0xc9d4f6d403b4c78208a3cdbe7fce20cfb8f1b589202a634f45a8b4ef18305681,,,0x974d63e3581b41fe925916ac484ed7e11f1b18da0de175a61f0e4d4b951983fa,0,12660942,client_test_01_router_default,0,processed,,1781438804504
0x49384ebea778a2a1a352d401a5d33f7df72377a6b426d1205b0258ebf9ed5638,,,0x3889b0169ccb9b0e21a795dfff8ab4d9ef4300b78c0e57954b8c8553d588cec1,0,12660972,client_test_01_router_default,0,processed,,1781438818756
0x449c9411dbfb885a95a1c30e2fde9fd4e917cd52892775c0847c3740c663f430,,,0x1aa85f80da13220c640e61339f73488ecc18270e4946f01a237e5392361cf9b7,0,12661173,client_test_01_router_default,0,processed,,1781438905250
0xc77f44020d28cb8a4366fd73a35f9fffa265f5b312be1a2dcf6ae62650fae1db,,,0xf9c875760cb21213f796fd4f26d437c00580092ae1799a7fe3b911dc2e8f9b26,0,12661206,client_test_01_router_default,0,processed,,1781438919213
0xbe9c0c0cdfd7b0ed3ce924b0ff94a3f64f318aac0d96b003946da8b2b7b87d59,,,0x22e43003534da8ccdd4672c5ba40264b6d2cfbe4e4c61bb9edb2ac37e355dcc2,0,12661410,client_test_01_router_default,0,processed,,1781439006489
0x79c4b21f1ce36b4f54d9cdde1f0a21385630c5bc7fe0df4b1b66913214ce038b,,,0x3447895a0e4853abe202c1888ad1f5edcd5229bb2c9851f74b823d839cd85eae,0,12661438,client_test_01_router_default,0,processed,,1781439019666
0x75d22befa9b5780896f8c6ceb5f827322524b750a5360f41588b1f4459b6ca3e,,,0x741b2026c8bbe553afb96ad66801508a0f38e354440da13eb05a142abffbf846,0,12661644,client_test_01_router_default,0,processed,,1781439108409
0x3c56e849d4e4ea57d55c45a3ddfab53610eff28315715f6853ea360c03d648a0,,,0x4f4245db073334c8d186409e2477c6fd09661379e4b19ce66bdf5e5858089e93,0,12661678,client_test_01_router_default,0,processed,,1781439124490
0x0f5c7576660fe4b69c615c9b0ebc3eefd04f6a856487b102e1105bca0279a017,,,0xaa8857e57d9c4c74c066618addee8e2c1101c6992cfcdfff5f8b42d3f76be964,0,12661867,client_test_01_router_default,0,processed,,1781439210714
0xc1313bb57d10385e707bf41b063687e792efd7929a40f6692ef5ef795358e736,,,0x3211471e5cbd7b06f6951db2db3da5207d6e17d18864fe7ccf5cab7f9aa6aa93,0,12661902,client_test_01_router_default,0,processed,,1781439223443
0xa0d764a0fbd4724773bed7389c0374f07689a636a31974804b238c18ae04d30c,,,0xa441af537b6370f666e1b0dfb12216f5f1974e0185479dd5d3b915887a12a6f5,0,12662098,client_test_01_router_default,0,processed,,1781439307558
0xb1c6cc733d08f906ccab216f6ba26c76fd946fc625a77cc7fbf2a83f67446716,,,0xe93bbaf5eac1472b21d825f325306e4ff57143954ee9517cdb32e3e445e4878a,0,12662101,client_test_01_router_default,0,processed,,1781439308818
0x6752939f91aeaa667e7edc16a416459a370e608c40fbb9ac5b8da1aa0e7f4088,,,0xfe0d76511ad5c20bf6f89fd7d1a7ce455e08ff0a79f731f76d4588535ba0f199,0,12662103,client_test_01_router_default,0,processed,,1781439309556
0xf2813aa8cd0a8e3e3f20705b6e4421a18d63fef8a478cc43e87523083d525a71,,,0xd6827204bf241b5c3ec218101648b9873e1de7291d329eeaddc664ff0bdfc15e,0,12662104,client_test_01_router_default,0,processed,,1781439310122
0xa45080902cf5a4c6ab219c78bd25ef5267f9fb41b7603627101107776221e9aa,,,0xccb3ea4ae9adee399938349cb013c60aca36229229e85fd706af9de19cf60865,0,12662135,client_test_01_router_default,0,processed,,1781439323986
0x49259f98cfb2b682b7f0ae4c0069b240637e977d17929a5468ae9843d109ae9b,,,0xe6017915871c15623ecc357e4197f64f50c06a11c70e14d1230dea90725bfc55,0,12663098,client_test_01_router_default,0,processed,,1781439748391
0x47edf29a7a6d96df116b43d3f2d2a266afa7401f4f174fc587f157f9ebc4e70c,,,0x1180e4f3a7e945143b448bde271b167e933d3b5f3b6f9cc449e8aa9e388404c0,0,12663124,client_test_01_router_default,0,processed,,1781439760301
0xa8da7ee59b781f6dc0b3a9a8d68acc59d419e168e76308060bdd07b1a9d1f0ad,,,0xa2393f1c0ed5e7469bb94a152878cbf3d73a7a855c6e9d023aeb850ebe4c764b,0,12663131,client_test_01_router_default,0,processed,,1781439763358
0xb2d6fc43c32f02726a8b15d4695b37962432bbc36c14754de1406d7ba301993f,,,0x7c93b0fd7fe5fd3874935d1fb2ef991cf19e6a091dd9105c9785bbd7fe0ebe79,0,12663319,client_test_01_router_default,0,processed,,1781439848516
0xf41132c2dd4c5998b37266343ca2016cb8e89f2664e1f3932531639ae85b9604,,,0x753a3f0d23d02fb15fdcce7000e19df1237ad7c1a11bd1118c036feecbd4590f,0,12663356,client_test_01_router_default,0,processed,,1781439862523
0xffc7cb6a3a38c85abf11a0ca748deb2cefebc77c8dccf301ac5a3bd1a90480f6,,,0xa15e4c1ec842fdbc87947d79720037f4bacc3d8d0158e1448e505cb3f3c03745,0,12663561,client_test_01_router_default,0,processed,,1781439952773
0x8458fafd13a9df993b72865fdf2098b943f6d5f16922343c84ec3304c1452597,,,0x28033555857841ebdace964bbcd6ee9bba9d5d863503426bf6cf61670e3ef3d8,0,12664771,client_test_01_router_default,0,processed,,1781440490828
0x07931cd96beacf035db59c95f7784ef310c3855ca907a1c19dcc250beb7ac36f,,,0x83fd95faacb536922a9fc5411c221ca6989f7ccf773e5d51c10c5c6cf3fa22f0,0,12665782,client_test_01_router_default,0,processed,,1781440923312
0xf698c90117bd5810b11d89f6b28986caa5d41b334a9ddf5d872bc49b0194590d,,,0x4762c3816c6f273880347a6853dc9028f8029329b3b0f94d2fec0caeaf9c70c5,0,12665794,client_test_01_router_default,0,processed,,1781440928749
0xd40687923df276db416dc555e55b2a67bc78c274446bd55e2eedcb9eefc0f55a,,,0xdf37818dc3bf4cf859e67a7ba8e8726d5d46f03fd437e09f73610396d2c88cea,0,12665796,client_test_01_router_default,0,processed,,1781440929963
0x443e2dbd8e8f2be9e8f27f0c7f7b06c86353a044d67c26342462f45bb39f35f5,,,0xa6d17cad07f54a694be9e0883146deb081bd96278f4d6c90bc833c28c1ed0e83,0,12665824,client_test_01_router_default,0,processed,,1781440942252
0x633c6ac680430ef34bab52f38614bf265f568836e955009ef3b505767c37bb56,,,0x5a58471b513955f02dff730325ea1a1b12e92b671562018128f690cecb65d468,0,12665835,client_test_01_router_default,0,processed,,1781440947832
0x14b9975ba75d50249bf72080c6029b3140b5d97d47038aeb250aba7d19783d06,,,0x8cd3a479df0ca88439223ba917d8af0aa1da2c2be172d8f3f25f3ade8647c515,0,12665838,client_test_01_router_default,0,processed,,1781440950414
0xe1a66150b03e0ead7fdc8ba135325ae80e1992c2182ee823b1f020b13909d480,,,0x27741d1514664dae7ac619804b22bd138447dbb7917c075fb4f95f74cfe50180,0,12666111,client_test_01_router_default,0,processed,,1781441070098
0xb03ae1847737dda34576eb2fda77716e63f88ff20786e7e8af86f502eac7a494,,,0x530aa86c76d570561eed6cbde23340988e4fd3bcceb7a6d40c57e7d237f1b49e,0,12666118,client_test_01_router_default,0,processed,,1781441072955
0x5042a4154888b1aad7a17819c37ea084eeef3a903900febd5bfd4a15aa196cc0,,,0x34dab5a5d14518e3b9aef19cc54ff5260454f645a6a4753a67cddc8472a99435,0,12667119,client_test_01_router_default,0,processed,,1781441506026
0xc38ff8a61b43e66f37c11c332b71550867f6d9004b896b6757ac07e66044a6d7,,,0x9472494215f82a1e94384bd48408cfa2512230d833aca6909bccd43fd83518c0,0,12667247,client_test_01_router_default,0,processed,,1781441562813
0x88ad51a62a8e8394b07afc9174d1fe83bb4b1aaff884166a1a521ee46b78ce73,,,0xbcc6a71247601df5eecb54f76c37251c43cb225ca9a542ae3b5c03505ac0265a,0,12667251,client_test_01_router_default,0,processed,,1781441564103
0xb34a9b6f11ad722820f6495637596e4826d4f1f3aa4ac92ea75f15e54920cb16,,,0x6036ebf77846c346abca5e88d5674c0e30bf0ac21a6a8e90ec5fc70d03da96fb,0,12667265,client_test_01_router_default,0,processed,,1781441571687
0x83818151fcc51648bff8ce45f541e6d8dd679df0949a39184010f8381a0992a5,,,0xa9f56fa316005f1a6a5905ec8ffd8e0ec58c7927eb215dd8a54cf4e92c0499f3,0,12667315,client_test_01_router_default,0,processed,,1781441593632
0x3258605be8337e07759eacfbc5ed0ac2e991cf8a3893a01ce6f5689e0250db5b,,,0x43c5141fc8a6064ac44e98d391270efad30321e56063cb01190e6ba79d63a191,0,12667395,client_test_01_router_default,0,processed,,1781441628601
0xbd23fbc77010898d3dc9a315614028f0c29c34a91198350e5964c50742868374,,,0x0ad3a974198f0953487b00f2068cdcb3fd3fb2b022a0ecec58ae862117368b4f,0,12667397,client_test_01_router_default,0,processed,,1781441629860
0xbf4cd403fb17b969e23b5182d16e71339a66b0fc43c1b56c6b8d1d514f96da33,,,0xc420ec21e4a77d3170b67be4ee7a26a43f66dd55a85d33184c02c995106c9617,0,12667399,client_test_01_router_default,0,processed,,1781441631215
0x4d672a47dc39f65a874523b507ec332b5ada662f107d9680357389c6a081f3a8,,,0xb5edfb26765b235df2ac6e18f84604966e2f90864e11e98099deae5eab11ec92,0,12667442,client_test_01_router_default,0,processed,,1781441650739
0xaa6729846ff89938eb364410d61c6fb508e99e4fda5a03d230e60e04d1bf2121,,,0xeb3cc22dc6a3ef1041eaf3fddb23d2c964c6e3ee24b2d5edeb7044d7ee73ec45,0,12667447,client_test_01_router_default,0,processed,,1781441651985
0xedc6b6fdc62d5f886024dc7c1d1502610d52bc28eae43766d1bc4a0be3e3cbd8,,,0x4044e41859acf63e9222ece0730bf988c2d00cb5b8cbc81163b50b003acb01be,0,12667450,client_test_01_router_default,0,processed,,1781441653218
0x604844a2ebd58a45f3281ffe5aabfa42d01b7f0ee8df7e20492f5bef77dceb50,,,0x6a6cd586e91ea161565c207f362a2ead159dcc9e87e52748951583e665eeec66,0,12667926,client_test_01_router_default,0,processed,,1781441871152
0x4dfc15916acef5031017d63cabd8cda12667179d26054b8a0a31323495f27f31,,,0x4422744a72381565ceabbf6ab6e113cfd547e32128360f9b0b09037fe7225928,0,12668098,client_test_01_router_default,0,processed,,1781441953377
0x998ce99f968670906a4e38ae9e44da2773f5d7b32a48072c63754fab92716ee5,,,0xf93b3c1898c266acbe23eaeec96aec3c1b990591181038b098f0a15ff740da1a,0,12668141,client_test_01_router_default,0,processed,,1781441974736
0x157a31bf30b2d10050abf12b1d5621a8ca62f4e79e15bcd1762729ff0f0d9cc0,,,0xdfd8b5b551f4487729ed7626cd995fa5b79cce9312e97cd410fd2315c2110411,0,12668329,client_test_01_router_default,0,processed,,1781442053160
0xed22b3dcb35714ae581508121cac06bb39fc899609673bb1598993defc600429,,,0x9925fdd44f0a9c5d653a05ae236e4c9d96bef6f9b319ad146c6ad17b787ddb2b,0,12668377,client_test_01_router_default,0,processed,,1781442073764
0xd3d9e5900729acbe40a1c7abf893be21134fa840be04dc6a2cd1d52bc53bc9be,,,0xd015532aadc55a097ad01602c1d9568973db4338a06792609d3c95e7fb4bdd31,0,12668555,client_test_01_router_default,0,processed,,1781442156363
0x5b0fcaa9e4a15f013d0e55531829d4c472eb5e7711ae413b258e093dc41afc5f,,,0x68c45153063b75e2a66a900aed18fc3ffe89675f818610da63bf18710faf730d,0,12668604,client_test_01_router_default,0,processed,,1781442176324
0x62599323fe2abb5fe5589c49be8c03ecc960879ab354eebfe9c3f2c93768f8e9,,,0xe7008273a0916e86cdc12970c3c99945da72112a5940bb810313ed7686b28acc,0,12668777,client_test_01_router_default,0,processed,,1781442250492
0x95a118573f84edf2dde3fc0ed1b65b896cfae5cc54664b7414f9153776c3b35c,,,0x61798dd0b0fb64052883167833bb36dd9cca3988078ffa926f367de7de248056,0,12668788,client_test_01_router_default,0,processed,,1781442256109
0xbbcab056f973ef0ad714b393a24bb40361bc12af558b6b929b4f9883208fa7dd,,,0x4438b42f936328c383852ea926cc127ba65cb8b191abb5cdb05a66e2066b84ba,0,12671230,client_test_01_router_default,0,processed,,1781443317365
0x31d21a805487fd553fbd204830293f3034f00c367f8fe72db32d22b09bdee8a0,,,0x1425ac3282e0b34c3cd438e9a54c09356175949ab8f8b9758141b698a7d7549f,0,12671258,client_test_01_router_default,0,processed,,1781443331231
0xe4ebbf1543e9277a7067776c24e0db6e9217d2f3a66dbdad2934d6ac3d94c2e8,,,0xd92239168b69991c51d166c723c3fcee9bcab633ff553c80b5b67e454f59c53e,0,12671264,client_test_01_router_default,0,processed,,1781443334333
0x18589b6343f80a92868f41367943f2d88b28fb114d706ea350b9b119af294e53,,,0x6476f90d89349d524b69ed792a32a27192351dbd8acfb76a5ae24247adc462c4,0,12671275,client_test_01_router_default,0,processed,,1781443338816
0xd2d5d19a8073276cc6c21cd21427f66dac59ae601afc5475383369093fe96a29,,,0x3d6618ddf3c78f50ba54a7ea228d3b0bfce3c7bdbcaa197b4fce8c4c337b848a,0,12671302,client_test_01_router_default,0,processed,,1781443350296
0xaeef0000ba599b21cce888f5379154a0c19e7150d0e4b57d4e14e818c332222a,,,0xcce4aab9e102747738cca5c40d5f591afed619f34a21c18c7f17a5092e352847,0,12671309,client_test_01_router_default,0,processed,,1781443352337
0x53cdb2d7e4c599e38cecc765f3da9f1669235884405bf07eee71b051f8425b9d,,,0x6c1c4252ba29947fe79ce3aa5f991578af9c8cf19495ab5bb7ecf9dd86739228,0,12671330,client_test_01_router_default,0,processed,,1781443360551
0xce7487c7f0a64733518a457f0069ded377e432a87897578de3262ddd1577f640,,,0x3cb5f9958192142a1485dba209dc8e79f99a79261868428b1dc3d7b21646c405,0,12671370,client_test_01_router_default,0,processed,,1781443375945
0x33b06afba4c8a3b900de322f6790d1be655828b82c3148cf04f2b5338862253e,,,0x3747b828ea4ebde57436a2e22296fd23a7667714aad991e151ee6cfdb10fc645,0,12671372,client_test_01_router_default,0,processed,,1781443376852
0x01c0261b19a51a327f8c31a48192639bcb7f0320ff26cfede8572fd437c7f6b3,,,0xcdc9c60a6da2c10878ca73d19e990686d3b8d5f62ff76493ff5323fcdf8fee6b,0,12671373,client_test_01_router_default,0,processed,,1781443377265
0xa0e896b9624c18434c921be036da4f841d48c61a8e4ccc2c988ee5b3651dc910,,,0x110a090c139d8d3d5ee024059da7f8f118d80ef0e1f95812b219afcd7802b817,0,12671376,client_test_01_router_default,0,processed,,1781443379078
0xc4baf95fc605a4cb806996658ff7099199fb89721722b826c7ac6509abfc3aaa,,,0x69b7c7d29ce9455fd8105f1c2938dc96173c3e0580ccf4fbfac4badad93164d4,0,12671395,client_test_01_router_default,0,processed,,1781443386464
0x9969df3fe181d1558c060e106ba3303134865702920fd3e1cef2ad468af72db0,,,0xdc6069d4014b635c4752acd2bd800272409b71088ff388ef630925b39145e116,0,12671417,client_test_01_router_default,0,processed,,1781443395230
0xdda9df264c5e703e4e2bf9bef41aa182a7ea859e66d4ac7d99a8df22d95247b9,,,0xb9bf0f9d5fd3133da00323f3becfabf9a1387e473c61cfc6439ded76f6756d28,0,12671419,client_test_01_router_default,0,processed,,1781443396688
0x09a77519937b0e184eaa3f36d5d088402381f84bd2d9a43787a051b1fd58b879,,,0xa3dc0375ec6af31ecb0e8959768576d4f7aa7173bd52ed22d4f621f89559b828,0,12671421,client_test_01_router_default,0,processed,,1781443398460
0x53898c34999b46fef31e5089a90136cef88827e757fe70f90a71d66e9ccae7fb,,,0xaa4fa3086f1aecbb99ae74d7a480bbb5e6a0c676c9f7eddfe455a6dba31186ef,0,12671497,client_test_01_router_default,0,processed,,1781443434602
0xdf1813924b3a00a7104b7d9361adcb6ca1000ffcf1ecbfb13f75ee4eb5d72267,,,0x4ca7630280502dcaab8ed0ebe6fb67f8f425401aee336c5422bec50f4b0806be,0,12671504,client_test_01_router_default,0,processed,,1781443437531
0x50338e463c6c1d190d06a881aa4bc0f3cbcd2d57e3e75a008cba9370dca617d2,,,0xd4008de7465f8c274f1a487f56cc15ee1261fb728f6583a77eabb61d3ac7b6f8,0,12671538,client_test_01_router_default,0,processed,,1781443452241
0x214abb3155a2592cc339181b57b94dc3ca4727c4b1f99dc78a4f3e1749b0cb04,,,0xd6c6beec852bc7b743f2f73a40d42a3f574321d3946a971d3ad0ace439571739,0,12671544,client_test_01_router_default,0,processed,,1781443455306
0x1a5fa90bc30380a36c4caf3f3b28fb805ef7e9ac3b99d6defcdf0aa47585f28a,,,0x5ceb7ac578f33b2b36cc39347f64e8d652ca4bd372ec2d0adabbd51808473baf,0,12671556,client_test_01_router_default,0,processed,,1781443462222
0x79323da06d514df68894044309dcaf7446a0e447220348118cc5bb8d0824996e,,,0xe67e9b9e20d761b822f7370ead8c30c047baaf75a03822206625fce1aa2d77de,0,12671598,client_test_01_router_default,0,processed,,1781443481025
0x045e4f7d1303ae34fc51a381d832bc176817015364de319d04b7bd6a4ef6e4c5,,,0xa82799239f4cab1f72f461c70b3038806ef717d9cb287efa5611ea4e854bc5ea,0,12671600,client_test_01_router_default,0,processed,,1781443481543
0xa674436ab59d69e744ea5d50da8483b2505b648aec96190d6e54ca9fd5174932,,,0x98cce70601c2a4a082d4a40ed487541a4372328f05c154581b22d16810581b89,0,12671601,client_test_01_router_default,0,processed,,1781443482307
0xf543c38326dc1ddc095b84b9ed383a30796c8f8ec289c40b1a822eb8d6a12ad0,,,0xaf7cbc0f4b85fdc95807a6cc602b3a41b25ac9691cd211efbf984228a5846d45,0,12671604,client_test_01_router_default,0,processed,,1781443483539
0x98baaf13f0e7207fc35a43226badb06e2107662e57a9dde00610f23cee62a56c,,,0xa3843cb3886c27724cbc0182b0a29347877e431387a90f3491986ea24b20fd54,0,12671632,client_test_01_router_default,0,processed,,1781443497877
0x7b4f8a38e0fc0ddc82aff2f44727145ffcec2bb641dd0d7d3745b4e319a6eb53,,,0x4f7eb84e344c427bda973bcc3249c03b68590e1b62eef64cfabb378257121521,1,12671636,client_test_01_router_default,0,processed,,1781443500325
0xc494c3f66c93f112d0ece1d945ee5eb5514a3ad04be56d17b2eeedf37aad97c7,,,0xa29f6f8a51c2b458b881018ca51b79d1fb78bd5a450dd0969e4abd244e2c2943,0,12671640,client_test_01_router_default,0,processed,,1781443501804
0xd85806ac712405c23bcdda06d3539a9896089d8ad4611e80af63fdf74f7af355,,,0xb6db747a63c715276b8fb9722c5555c53f05b472c320650fed1219870bd44884,0,12671720,client_test_01_router_default,0,processed,,1781443535695
0x1ea3253cee26a294862bb64ed90751afd640906f0baadd63e48d80ba6a1f1fd5,,,0x7b9a87daab43434a9e2a13e04c27c37ff9472e2367562297c813314faaabf052,0,12671724,client_test_01_router_default,0,processed,,1781443538604
0x5b0af3fb7c62c9c718a413bd1a219be979b5226f803196f065e71f5dc493587b,,,0x0724fc32b9e925253cd76d051a74428cd6a384ce40ed08ec3e00c2bb15998051,0,12671757,client_test_01_router_default,0,processed,,1781443553302
0xdabcdf8b01579f32ee33fc1b7fcf90821b0d037ff669b068b505f34902abc27f,,,0xb981b1829a94d749b4a17fd85fba5fb33d04fbc0d62397925f898f0d7fe03dfe,0,12671764,client_test_01_router_default,0,processed,,1781443555500
0xd6a3146cfe721e24984494ea72bb015c5bb0ce738f608997e772f2a35a2b6743,,,0x3cb729f2e1bcef200eea33062ce81e0e81652ac0872a267c7d771b7882de2274,0,12671782,client_test_01_router_default,0,processed,,1781443565098
0x9e57014a355ce42a41ae8d53310c46f384b3047fa41986831e9363ccbb73242c,,,0x032f9663c652d3ebc2c73480454f5181712919d08888adf595763bf98fb2f587,0,12671823,client_test_01_router_default,0,processed,,1781443583792
0x589cbee16e7b1251b46899b060f9fad3d3fa6d504b2fd9e7dcff99513d203176,,,0xeb6b5eef003fedce21b04debecc834288b741a12f946c41cb117b0b6219ec2e1,0,12671997,client_test_01_router_default,0,processed,,1781443668740
0xdf1ed5558e46497033a919464e6c53dd41b857257be9a86cf0f910cdf5d7ceb7,,,0x1954d35ff605b18d64ccead4499700e184671a707bfdd1a3a55be2992dbbd80e,0,12672036,client_test_01_router_default,0,processed,,1781443687312
0xd6f0ff097196817a33bf1a3fc38ca069dfc35e05a32aacac3eff539a961a57bc,,,0x3ed2499ff47575ec5a378d4b0b9bef4ed9ec76c3d6bbdff1cb86e505f5d92fa5,0,12672227,client_test_01_router_default,0,processed,,1781443769603
0x045b0cac3a08782f61933453158955ffbe068577645f8b8be19f508bfd7ba105,,,0x119bd2979f783b7d3048bb4f645d8ce677cfd8ea88bd8d09e0fc3b1342801ce0,0,12672267,client_test_01_router_default,0,processed,,1781443787180
0x7cfde8cff29c706d64aab32d805f5cb31e0641db88c576adaf4eb2baf3a4b855,,,0xcdf5d409992fc4652f9ff36fb4f7a13158bc343b2f82f82f1af47cc90ed38c0e,0,12672470,client_test_01_router_default,0,processed,,1781443872304
0xfa42cb599dff5444afc5e8b3cf5466b74c528894ee41103b33e961c7192bab77,,,0x397924cf2bd0ef8872c991663a49e0ca872f02f4c57e9d43750f6e7a52778706,0,12672514,client_test_01_router_default,0,processed,,1781443891011
0xd911b04bff7a36a6d109e6e808e211511a1ea521fb42add3ceb4f486e0ace419,,,0xdf1e69582d78563557b5f39d2ba6b92496ecdfe4d7dcb2bd58b045f4b465bad0,0,12673984,client_test_01_router_default,0,processed,,1781444533999
0x26bce3a83598259fc845f7af0e1d224cf929897cff49e554ccfc075cd418f9a4,,,0x82fcd10fcb7c3a812fc08a419603d7de9a34e35a5ef49f8724ac925cd54bdb8d,0,12673987,client_test_01_router_default,0,processed,,1781444535276
0xb7aca66da27a32ba1dcf7dffd902f04e9da26fb96e06e385bcfe079d1f04b960,,,0x2d933feaeae36abd4cd4c9f04ff290400bd40b916419b3e4c1554d0c94ba34d7,0,12674048,client_test_01_router_default,0,processed,,1781444564287
0x957e0e9e9a4e3198b461f90aee486ad2002addadc0787998e13287913c4b6c1a,,,0x4af757c20769166fed24ce8b2a57172457fbfb8b19b5a722dbcbd242897a245c,0,12674075,client_test_01_router_default,0,processed,,1781444574006
0x8a320e49adec84a821731b0656d6b86d7bc111e7330ae5d1ad0cb1922be8cb5d,,,0xcc9aeef8468a891fe3edbd6f831499053e02fe6fbb5b50ac570f1571e8974d9c,0,12674080,client_test_01_router_default,0,processed,,1781444577207
0x33b23ee7b799068452b86f265f47d6e3c288eef74a2c6bd402860ceaed38b3a9,,,0xd19b3b3e773db9c12457c1463fd72778380b2aa185b189b701eba333c735a235,0,12674087,client_test_01_router_default,0,processed,,1781444581978
0xdbab72920a6a69adc455e6f672ae38ce668028de65989ddb9d275a767e34fd2f,,,0xcc45c7fc1422666b98ba73ee6db54d9961d80de658b4ed5b8e9ecfe256fac22f,0,12674115,client_test_01_router_default,0,processed,,1781444593268
0xf3bd80387a5cbd72bd18c0e9d6d0d8809f39e6cdeb63534f3c0175875b790eb1,,,0xb3da146296c02b5b78e1b577a9938051b39d38d56827c120b58f7fc1a2d200bf,0,12674121,client_test_01_router_default,0,processed,,1781444596202
0x1066695586852afc954e045d8b7bc0002feef3d78d641b13778bd14ddd551072,,,0xac911a8a9315f8d512e74300369137290c37ab708a52d41fd02aec69be5205c7,0,12674143,client_test_01_router_default,0,processed,,1781444604801
0x1bdbf522e78bb2805e98c33e295153d6d25ce37fa8744651d979adda58fa164c,,,0xf1f935c75a39a1a229b2f9be29bc35ca9ce2662e0595b7f1c3690725ea81a1e2,118,12674181,client_test_01_router_default,0,processed,,1781444626825
0x281f6907b457001d93617f2d8b6e0f97d986d3d54c54d3a2a0df1c0f168b4652,,,0x39c8b14241474ebe73de3462cc90d62ece07b6cf0e929ce7ef467b8dad73bccf,0,12674183,client_test_01_router_default,0,processed,,1781444627851
0x26b265beda032b797add36bee854b7865eadda89d660b4d2aae714563fc8ba74,,,0x3aac3665c20fb861dc467ad1456b46de538df7cbc79d600a1f7f30bad79ccfc1,0,12674186,client_test_01_router_default,0,processed,,1781444629710
0x9b9ea04716d3659326dbc8b0f79623d738d25bce33ee164966f40384835c9b87,,,0x9328c879576a9c4126341d8230c884b1fec9e2d0fb3e3569e2d47af1da6ae246,0,12674218,client_test_01_router_default,0,processed,,1781444646964
0x889e8121f016086fdf4cd2755d3eac0656dca8b33f66fc371ce8dd2621a45412,,,0xe9f1f4a323586c6b65d96cde12d401e36cb33d0c47b40a133530b4eb4aad8693,0,12674222,client_test_01_router_default,0,processed,,1781444648378
0x9b887000a4d97c3f32701b8669bfbd2f80fc12a6a05484139fc58c55edacb58b,,,0xf51082360dc93948cdaa36561e3e71d896829c9052fd9e5e4e557e4349702d26,0,12674419,client_test_01_router_default,0,processed,,1781444738066
0x5f194457292e5104b5fcc6da654ecb07895fffd63cbd151f7865ada27461c4a9,,,0xf4c6d20c42e85a29853db05d85cfc85faa35c28a6af597a1fc477753aa7209ee,0,12674421,client_test_01_router_default,0,processed,,1781444739466
0x5189107ab80b70f6bf777b58226036b4841b471720ee92d4207fdffa08231ce0,,,0xb575fbb042d2b4628989dc3da3a75aacdd6412462377d0591551c4ee7a008d44,0,12674460,client_test_01_router_default,0,processed,,1781444755198
0x9a182f9973ead5348d7806f149ad06f87a651f696d3560a26bdf194eb070d142,,,0x0792f7a6fe439487aeae6398d6cd30be1038fdef4a61e386edf033bb2ab8eff0,0,12674463,client_test_01_router_default,0,processed,,1781444756604
0x472f1daecdbf0024369ead557505856d199cde0f0d60e4824b124023b4cbbeec,,,0xb9cf7fdfa14aba7c50ad5e087b066550b911b24292eeeb14cd4c451d4f7244b2,0,12674659,client_test_01_router_default,0,processed,,1781444851964
0x915925ea5b006c4ab3c0c71c0e34f3ef51c5bcea2dfeb8e73c349fe9750f6e32,,,0x1e0b56e0fb387f0698ea2e98c39ce64a8efce5e5d7dc11d6df9da263a11e32a5,0,12674662,client_test_01_router_default,0,processed,,1781444853846
0x4268606a9d760574df7eded0cb1e4e0b429dec9d020adb2f30da3ffb30802611,,,0x15da2b8e7ce1b3f991c2a96fd52bcc72bba7670517f6cab1a4f6160b20704ede,0,12674695,client_test_01_router_default,0,processed,,1781444870548
0x0eae7890d433f0af205c0267b72aa75f5748002a698e99befbf9ac5d61174ee9,,,0x55d698b4f2ceb5ce54058dd78e960515473ab1f3ce02ddfdd8f1277d1dadf93a,0,12674699,client_test_01_router_default,0,processed,,1781444871833
0x484843073808beadd985344b85b64a0df63e2ee8f9505056e01440b7258ca9bc,,,0x68e5286e77203c93774fdf1864a6400580bda7729868b5f6c6de1bb4ca3702bb,0,12674875,client_test_01_router_default,0,processed,,1781444962367
0xfd8b73d75a935e1f895c8831656e93357612c07daf34b92c16ac0c83aaf8e985,,,0x5758d209f0ac48157452bf6210aca36391cc9024d601d95a1f06454083bcca13,0,12674878,client_test_01_router_default,0,processed,,1781444963912
0x6792e015a6de6d4480243c0e94c13c76bf8bd0c226e134355ea347645c5aca19,,,0x995b54911a1a5235f8bfdc86ed070a04b4b019d771e7a95f7701f91ca8709562,0,12674929,client_test_01_router_default,0,processed,,1781444987906
0x33eb21620ed067d127f66f3f0d4c01d077d7426a1049dc5e7129f10c8cbd5b38,,,0x201b6e3a973ecfe828de1fe931804ef941b7e77158b6f4ee5ee661cebf2e28f2,0,12674931,client_test_01_router_default,0,processed,,1781444989293
0xce7c03ea893d96c2cbac9ecebe5cfeed1166c130aad390190c5e22611ae08afb,,,0xcabb4f5a612528fdd1bb1b60276712c87a3f48936c22009efe8cc844b5a86071,0,12675103,client_test_01_router_default,0,processed,,1781445071818
0x9ae444047c048a03a14146e40a77af7d4818b9ccb913e017060f745e8ac42019,,,0x9754591e875fd4beb2c047b0d34b30809659adbd57d8866ea4fd45399be79d87,0,12675106,client_test_01_router_default,0,processed,,1781445072887
0xe24ebab7547d0891fdd9285693277d84e05ce381098fe8fc2fad201c22df82bb,,,0x1c3da506bc19ddfa01905ac1b71611ed04dfb0450437af647ebb63b7544e1193,0,12675153,client_test_01_router_default,0,processed,,1781445099411
0x8052b1a23b208868ec4784ac14827beac9d6a753375e4d341df93e8b6db96bcf,,,0x3c4c0e8f0b5bf50bbc06dd31bbe0191f229ff5a9149c226dfcc4a9982c19e65e,0,12675156,client_test_01_router_default,0,processed,,1781445100720
0xbff278ac7899c2d82ae42e739b85f8de11715f7bbb8bf64fdf49e0feaf1ae726,,,0x4de867bede81de44aab84ed783a6fbbf05abf2a8cefd41607dd0b0b852c230eb,0,12676378,client_test_01_router_default,0,processed,,1781445704674
0xa6658c297e0a3581a74d951d5ce4c4952bef20b360a4047fce4295a93e236db3,,,0x21d7b758a17fa707512347b62ea3a864a0d4fa65e9a945379f1aa5bd0cca569e,0,12676385,client_test_01_router_default,0,processed,,1781445706759
0xc751e7529dfa5d29ffb0184ffc0f49c5964602d682c6dc7581e321d0698897e6,,,0x87419ae2b95850c6c524a28f368f287c9307f5686c3d39eae6a3243f052e8f80,0,12676432,client_test_01_router_default,0,processed,,1781445729944
0x535d48280f6e18ba1ecab331f0afdc39f3f9cfabd3204e6b9412db1d5c333b3f,,,0xf24b9d2690d215eda42a61c5e7656aa195fc020057f35c1d354da0444fee0d0e,0,12676439,client_test_01_router_default,0,processed,,1781445733015
0x592c753fcf314cfaaa2e59ec4ce38f4b0e4b116439492580d1753ab1b0fdf3cc,,,0x27fd3c36302eeea0a50af0321d73e0965a508453d376fe74cd9feb14f69d7e5e,0,12676447,client_test_01_router_default,0,processed,,1781445735431
0x6ac43238c219900f9ef7de2b17f5296fa629ba89c9f1834dc4efca0d104d0f35,,,0x8f706dea4087c712c84f3d4d26274c3b76baabfbfc143a96a7e48379aa20aaba,0,12676504,client_test_01_router_default,0,processed,,1781445762568
0xdc7ba147d6fece754db8215c89e5b18ec607a9b98edffb13e83bbe25cfe6f125,,,0x92e4622096fa67d795d14931d9da28f89f3b7b861ffa83bc5c417b053abfd9cb,0,12676512,client_test_01_router_default,0,processed,,1781445765774
0x96d6bee77d9ab52cc78186a96e074ac0bdaa0a20e9f3acd346cbd2a10981de4d,,,0x91d5649d4e91c470c4677c3a4ce233489f8d82eaa5fc744e9b01570dfffc83c9,0,12676620,client_test_01_router_default,0,processed,,1781445814710
0xf9aea2f4faf0598c132762ec501a212c7c296030a638e20f4ba455f7aa174be4,,,0xa99fa2ebdbfd99f3348fd696000c01448ee6160be3f3e4953108a513ef9d611d,0,12676626,client_test_01_router_default,0,processed,,1781445818772
0xd208d865850761190298ff0d58b6f3fff7105ba43353953c16b7d12c706bec23,,,0x7fc47b93748466c50bbd35d967dea86590d179c5820aad40bde8e1c8d85de7b2,1,12676671,client_test_01_router_default,0,processed,,1781445841962
0x045f059b6557d1f4eeb0bc68707ba2e8db23d1694f1ff6d706ed681546e7e833,,,0xe6c085d5fc82039e757c63951ccfc0d6deb9de896a7a9764a0f17a7bbe65f72f,0,12676678,client_test_01_router_default,0,processed,,1781445844974
0x5b35fcf3c3d7a22b150ded1e055e3cf182b5e609e243447283563a97a762909d,,,0x90be85b71f5395984c3111430cd93c699222f6616c787ed311340acb49016fc9,0,12676685,client_test_01_router_default,0,processed,,1781445848541
0x9b41d2f83db29ecfffe6cec819b31e27f286d8c535663d7ae17b94c8ae92ae5b,,,0x2a76d5b84aa99f7e07a2f0eddd4a04ef82843d08c91db25e983c66ea7a71cb18,0,12676742,client_test_01_router_default,0,processed,,1781445872395
0x62a5e540fe57705fee168f4b7478dedc43a9f878f373498c0b6f4abc73aed792,,,0xf7839123ac817fbac3c3f43746c0a4c2735dc2d194329ddba945556b8ac116f3,0,12676941,client_test_01_router_default,0,processed,,1781445959448
0x02dbccbbafe1c49ae4962233aec8f9a8e8b7bbafb7f6e15c5c3036b45c75c646,,,0x3ddc57fe2f689e8d345f055b63c2e6210514997fa20c3e53c0e3057a6ca946d8,0,12676985,client_test_01_router_default,0,processed,,1781445981018
0x8a27b4334b2d7a19cafa4f3627133c878cddc1a90e0dfa237c0ed4c6bb683d06,,,0xba36b03c45fc93bcac002e0120a6d4cfc10bad7d8d9e6fe9efbac800327a2ec0,0,12677179,client_test_01_router_default,0,processed,,1781446071033
0x0e949e9740376ae756b5ce5d140b100c2e49209dbce5906dc280e86cdc2c1d3a,,,0xbe2a12c3421191b9830f1973f3ab75b9119d717c933d04aee174fc1d47b31114,0,12677232,client_test_01_router_default,0,processed,,1781446094006
0xcffc293864ce404511a4e5be31fccb2631379af7ebf8fdfcc0b62a70ffa1919d,,,0x373a392bef118725fe501160161fd7301e42ca46948239943cf49e1b747d818f,0,12677424,client_test_01_router_default,0,processed,,1781446184712
0xc092ccb21465bacf9df31c2e0d0eb99419aff567f40bc3b59bb8ec01aa4d0b7b,,,0x98ab60ea9d182774adb4191548d9317a99082f9afa604eb995ca6c0d60b7603e,0,12677471,client_test_01_router_default,0,processed,,1781446206782
0xd2e117c2e90a84307578df6c8554e80ae4f6216a96067ec4017723872e2759b6,,,0xf1cb796b82c5d4b35690a67d85d344e361cdca989a2763cc8a9aa7365b674114,0,12677655,client_test_01_router_default,0,processed,,1781446293076
0xed79327df425e222608bd2ed1073f9e19c5b8f8fdfaea53b94e285ee721b2eb8,,,0xdd598368a97f13d1c6d84e4f3534e66dd27914ea64075be1fc54e8b5dc818dda,0,12677695,client_test_01_router_default,0,processed,,1781446312488
0x8923ccfc94e589c0281b4418f7ea2bc8a9e0fbf46ddb7455fac3ad7dad7a539c,,,0x3e6ea29ba7ab8a8fff70fb49f129c04362ee320abe18b85cdbc79655b6c0d227,0,12677696,client_test_01_router_default,0,processed,,1781446313126
0xf42b09b49a6fa9c6798abbc5bd0761971e81d665a8f054810ccdb066f8be4921,,,0x7b03a2c3cc9112455b2b3d55babf9bbd0ffffbfee237124a697df9c6578bf698,0,12677699,client_test_01_router_default,0,processed,,1781446313863
0x05658c5b3206752cbf2c32d6de71ed7eedac3e6bf6b276ac5d06bf5b24d4637a,,,0x0da5ce03e2a1d7ab346b1ef5a6767f6d89ffab3581f0cd4a770b02d9495b7207,0,12677739,client_test_01_router_default,0,processed,,1781446331253
0x4ebcec75241fad2ab7984f64ac8079828340873f00cb52496ce21d2609b91fa5,,,0xc8b27f807f2beb9acc1888d2ffd09be2415aa1c85ccb5dd019ea3b78d6cc9eba,0,12677745,client_test_01_router_default,0,processed,,1781446333845
0xa0f2450aa0ebf9f297bbdb16fe1751cd8c8c30631089dec9f3b1d237e6f022f4,,,0x38a4b9fc7ce1d65429772f4ce49b841e47d41668a1902f83be0d13651e4fa586,0,12677882,client_test_01_router_default,0,processed,,1781446397464
0x6c87389139b2385c9086df2da26d18dc18e94e53d6756d41dbd1a6dcc1e7594a,,,0x1e9eb152ad1a28ca8e557b7a9e16546d393474dab088cfbda0b69674da26b1d9,0,12677923,client_test_01_router_default,0,processed,,1781446417720
0x533b7f574aa1167430d9e184fca11d32cb7a25de14d3cfe837d8142880422475,,,0x617520e0cd2bce1e8039f0a54a36cafaa146773327c2d43886f1d056a4eceebf,0,12679108,client_test_01_router_default,0,processed,,1781446984193
0x8d3061b2cc9b2cba83e8d25c26927eee28bd7f6f39ca4b7021f7be6ad4c88d35,,,0xae26cbf7f4a1feca34759127e7cf78cf8b6674f4afec1f45ac623fcc6909a151,0,12679112,client_test_01_router_default,0,processed,,1781446985920
0x67549a07b8d71f595b51bdf994e31b6516ec9eac1bd5c5db975b420d38927940,,,0x86685ab27bcc9525bab08a519f1ea72685178772fc2b263e206861138c09a983,0,12679155,client_test_01_router_default,0,processed,,1781447004523
0x9ef3f92631a08033209f5313d137abdf4ff9fd99246555a0859997a38c0aed4e,,,0xb07e9394bf7167e6124fec06d492997345bd00c7223e863fee631e90c366e747,0,12679158,client_test_01_router_default,0,processed,,1781447006094
0x1e860447a3370bf9ca1b73652a6a4db8054e9909e0a9c0db182d418933666ec0,,,0x20c35862ffce50191f82cbf9b55740a0d7f9c286caec23249237732d71b524be,0,12679345,client_test_01_router_default,0,processed,,1781447097560
0x96067d7bda8b1ca29596c8656f36316ab923421c88960d8f4690faf2a98ae71d,,,0xa82f3bc6f7351c1d281b1cc2c99bf736132a28dc80631704c7aaf22b89743bd2,85,12679349,client_test_01_router_default,0,processed,,1781447100981
0xcd8ee843e60aa672263c2030cfc1bee30e007502f73ba9b44b3b407530f5396c,,,0xc175c62f614e98e71abc645dcfa289f61ba7ca2a8c98977a77c403c6b79334c9,0,12679352,client_test_01_router_default,0,processed,,1781447101788
0xbd8d70e4214477129312c41837154f047f8a36fbedcc52c3c3022f28df4ca250,,,0x2fc833f95dee960c38e3cfc460d35e35e6e94a8ec2110ca8191041e88db3471a,0,12679396,client_test_01_router_default,0,processed,,1781447122375
0x2a205e334d329dfb0266ea60550641f74231e162e5a289956eee728eb55486a9,,,0x90a43d0da8489e01c7ffba628eafc60c82c667eec78086ae8663bb75dd982da2,0,12679400,client_test_01_router_default,0,processed,,1781447124541
0x9238808670412c16f6ff7a34c70da3cbc67183ca7c4e1734dd937d5e6596f37d,,,0xf657ee12e0591dc05b4b016ba38fff5ae7d30af322d88b0902769cd23799380b,0,12679406,client_test_01_router_default,0,processed,,1781447126295
0xacda9938ff373ae363a6937f4c7cdbf8c87841533d5a55e2d8dc1c0b08c80e3d,,,0x35a9025a94ffa028e063d8b6914a46a1ad415d8dffe76f436bbdc1c0f2ad1480,0,12679608,client_test_01_router_default,0,processed,,1781447217624
0xd38a1a3a08d101a18256464ee9d240dcc1d5b5633f001d68b0edc0e9ac8f683b,,,0x9934b3eee0337f0acac55fe718a225aa02373f9a5ac129038b46dd08679ede63,80,12679612,client_test_01_router_default,0,processed,,1781447220878
0xc4ed719e684ce7367102479c39b999e0d60e3447b19ac36192cfdcc07f3abd90,,,0xf31cfa05dc8219fcffa2fbc73247fd6507e3da6eb6c23eab713cc07567cb1b6c,0,12679651,client_test_01_router_default,0,processed,,1781447239399
0xf0c231328d0f4f3b080a6ee20749a7066eae135d281d97df8432498bb2254ab0,,,0xc848c1021f7d050e94b30ec606cb29e72ff99e83f6c3395a47070ab50810e4b9,0,12679654,client_test_01_router_default,0,processed,,1781447240992
0x3fad1afd99f40138e37c6c4889bfff134c04783b6ca07c724808a8349f380d01,,,0x9ce136797d14c213f515e578c04edcae5df86915a9fddc6242ea5f6fffba2ca1,0,12679843,client_test_01_router_default,0,processed,,1781447327825
0x7129b28a4a3a3883aa78d6af6f05dd346044715068cdcedcacc3ad8ea27a3dd1,,,0x71336d5d96bc7ecade08eed9e74e80aa30992d0b2f2fea50a11a74b25a3cb117,0,12679845,client_test_01_router_default,0,processed,,1781447328494
0x7b9a62c01e442c220ed9da68197f32bd65dd47c0228f2bc91e54111e022da68b,,,0xc5c837f53c8b5a82646f9973f2719154226e88aa242d98e12ae4502c9c1b1fa4,0,12679883,client_test_01_router_default,0,processed,,1781447349766
0xfe4c5d3361485c58ce641424faceb7afcfbce5ff643ff9eb4cf70bc28e536e1b,,,0xa50fe36a27ee15a96c9f050490a521912e5da010fd7e47490ecba4f0a4274280,0,12679887,client_test_01_router_default,0,processed,,1781447351314
0x79d0a720aac32d6b8bf5238bd5e62254d0f33a99479babb60181572e1b5e8a8e,,,0x27923f13e6cd26ab1c0a8d218acebad5556fd8fb09dede323057476d1e7c25a1,0,12680092,client_test_01_router_default,0,processed,,1781447442367
0xb8b9f05400958933c1bb69af4ffccf3db60a19115a3141801588b712543d6397,,,0x4db8b9c5564464b0631bc93bc72dd770ce5a6e90e88effe0174413d691158532,0,12680095,client_test_01_router_default,0,processed,,1781447443998
0x85951d3d50ff5826225f1a3799d7b5218327666a63cad3089db5387f0a2cafad,,,0x167b1df08edd44bb2b999980448b42231950badb57676b407a727aa777e71166,0,12680145,client_test_01_router_default,0,processed,,1781447464740
0x482bc6192676ec67d470c91c5860280fe005942ab5a42419fdfd62b79e97ed7c,,,0xe318af5df8b75c7acdb128dff61883f110120c5a526b302830505d19a68b5ca4,0,12680147,client_test_01_router_default,0,processed,,1781447466246
0x298d73f37847107e4450e18598b72e743a9cfe08d829436c7c6219001d6185a1,,,0xd3ea996b4f3476db376eefaa41bdcfeedf6d39983a5ec5c9748a8f4beadb6fcd,0,12680257,client_test_01_router_default,0,processed,,1781447515743
0x753ed07f0180354ef90a56f8c66790892e5a982ac0da32beae259f701721b0fc,,,0x76d09c5205f326a651e6965c00ded1aa30452cb073ff01fd65e8263696d99567,0,12680357,client_test_01_router_default,0,processed,,1781447562350
0x7e42560f53c8faf50ce279124e8b749fac55cb712f77b37caf34a1f1451a65ce,,,0xcb88857ff096708cb6d7921af23e7b77e888a53539bf9d63c540426693d7415a,0,12680358,client_test_01_router_default,0,processed,,1781447562989
0xe6e6b7cff52d2b8899f0ffefdefc7f7bc54080641b255336d0bd2163ca0101fb,,,0x46adf30f3863549f8f4c5e01245dc35887f359e61d676463c8c9a76b8de88b36,0,12680360,client_test_01_router_default,0,processed,,1781447563918
0x5c14b99ff60867bf94b71554c8a46b739f795b73b9a5432487722b45757f846c,,,0x9a27d25f6321d53489a7ac414c4afbbaa42ec29ef154321b8f289ede4a6a3421,0,12680375,client_test_01_router_default,0,processed,,1781447570945
0x18df9852cc26bd1da44ec2885071f8180ce2185b44c9d1a30faecc6b7bff82fb,,,0xc54f7d2c43cb94db2e22cf45f08e79730c0ac29a1f3f3f8776ce7617ad6c2fa5,0,12680400,client_test_01_router_default,0,processed,,1781447584002
0x333502d2d8130dce4dd294d77cecac8f829340aa12a3bc9d9aed424af1f7f9d6,,,0x9e39313fc845e06188076e9a613c1972dd2efff6e223c6e6542c70ddefbfb527,0,12680404,client_test_01_router_default,0,processed,,1781447586549
0xfc6b43e594d8dbd07ebdef7a3eecd55510b0b7ecdb63f4c91b6f938d2a53d25b,,,0xe558eae86449b973cd78102c6c011c9737c8940e2c8746e56328c90e3e13bdff,0,12680419,client_test_01_router_default,0,processed,,1781447592403
0x207dd360771a20054e6ce5411c9efb50a6e323df88f4602d574e0e68259ae9e1,,,0xf9031de3a6d9efb5f5aba90a5c1511d9d3b1ade64aa07e9194924703685fa45b,0,12680457,client_test_01_router_default,0,processed,,1781447611919
0xf3d604c6d12e196968c09a79f9b438dd94ddd6e28a5956f3f117ed50f60c598b,,,0x0dbd47abc18a8bd363278e7fdfd3e015aad2bd41337cdd243a949ed027438721,0,12680485,client_test_01_router_default,0,processed,,1781447622368
0x2ffe7ed73ab448833154aa120c60f04084c9db666295b2232e6f10dae1a6691b,,,0x00bae053f94e952575b929f3938fea115ff3ee4de3bc0c182751f425ca3eec59,0,12680493,client_test_01_router_default,0,processed,,1781447625981
0xbd20f38dd0a40bbb8767af39e366c1d20711bf93fa4f006c3590c930a55f3120,,,0xa280b53357faea8be279b1f1ca7aa5898314d30cd7b189c65e178180110db758,0,12680505,client_test_01_router_default,0,processed,,1781447631040
0x7b9cee9399753f3fb7d6e384ea0f7fb97ccf5d50b632227bf4b3887c42df143d,,,0x5588493bcda4da54fc1395480a0e1ee3c0f0a3ebeefca749bd999d52351b1848,0,12680534,client_test_01_router_default,0,processed,,1781447645874
0x5c7651f82ed35d232cb53c77ee258f371efe737948e6f2e50d4254fd60fca840,,,0x1589d73e35ef199d5de5d434ee1519c01c6c019b82f578c2fb1d78309609053a,0,12680541,client_test_01_router_default,0,processed,,1781447648180
0x9c0b6c2db797d19fcb600e7f590a03143256cdd56cc7fe8e6b7470111aee4172,,,0x98e578931e3d05d1ba4fa90fd4722fab5b9d30dafe25a65a178b582a2e5c591e,0,12680563,client_test_01_router_default,0,processed,,1781447657289
0x5846f2ce72aaea7ca42c6dd218eb5198ae80777c89e5f351b678c516ce5675c9,,,0xdfdf0d03475610767321986c2a7be9f4c2a15932752755d38cd039af9cf2c098,0,12680609,client_test_01_router_default,0,processed,,1781447679064
0xfa3105568aa9421667c3719f24028698f5a5491124e4d86b6c75326c407d03e8,,,0xc0c72fedc0dcd7d2ae369ec8af22087ef5b7f12d323c7a0721d31d5237081f2d,0,12680610,client_test_01_router_default,0,processed,,1781447679534
0x5c85e6f7297c0c9ec6ba1b5d0806e176cebb9d66848ca77051eb28be3715458f,,,0xe65354f6f73b56bf246dcd8831ffb499f787501634e51151112591b4fcf5d028,0,12680612,client_test_01_router_default,0,processed,,1781447680585
0x14c319cf9525d0b8914fa0746b5317df12ce7e81be2166354040392246f6b4b5,,,0x25ca5db8afc1266612de183933f946c0b294631dead59bed863399a4aa171ea9,0,12680616,client_test_01_router_default,0,processed,,1781447681907
0x3f5c8e2fbe0ddf27cdbef3f9a5112caff533f72e8de066729ea13929aa89dc38,,,0x645b94f9e5e651798217337696562d7df988d58029d39a72a4bc47cb44e50dff,0,12680657,client_test_01_router_default,0,processed,,1781447698415
0x4294c43aeed02059fff5b0b6f4eb2e6d005c63961ee5af257fc224b23a5bc4cf,,,0xb3c03a62b48e29f5034492367f5956b434b646033920a8f29226bb5bbb2d5bfa,0,12680660,client_test_01_router_default,0,processed,,1781447699703
0x8fb84cb3cd70bbab85e7d5981d28597bc34bc5fbf2799ca649431f2343ac2edb,,,0xa9f9b33ba84cbc2276b1e5eba4352522bc80d8e4b4782bed79f96fb43220b18f,0,12680663,client_test_01_router_default,0,processed,,1781447703338
0xe5ab9680cc659f99ec6ee514986fcc9bb21ccff86c19e10a3ca8ccd920e33e8b,,,0x02a1a8009e36ef25427e98eeb5f609a058f58107b5ffd3fd872914374607be15,0,12680752,client_test_01_router_default,0,processed,,1781447742579
0xf645c6b5f640a1fffd84178635767c318d9247e3f685b53f459e4eed817895bf,,,0xc37e978654acccfcfb2072aa10063a819c6d4ad4423d1ce8de38b548ad4ab6e2,0,12680803,client_test_01_router_default,0,processed,,1781447764954
0xa2cb70276baad57692db09138083898f26eb08209f422e7a67c36a05abb93947,,,0x3c7a2458596e87ae6631f7895b3518e4006444ee87c24b902e31ad63d8c817cc,0,12680826,client_test_01_router_default,0,processed,,1781447775317
0xdcef005a4c4a91b2bc75047090be7c0a2d4f5631133b3b3f9e68ad8bf2265671,,,0x8c09d48949111d83d3e1cc7891b82e7d1a371015f0e068ea52410815e0ed7549,0,12680876,client_test_01_router_default,0,processed,,1781447800732
0xb060b83f9ee45c827335bde91a564f89f25003be6b3f474a7951c4426ead18c3,,,0xc997ae5e424beae958609f5c29d3049063380ff21b6ad0685a1e3a58a5ebef65,0,12682011,client_test_01_router_default,0,processed,,1781448313891
0x74737c2f3340aa792c413c5a7f4a491c7bcdb357305ecee7b679c86317bf86a6,,,0x46e332fce03ec55d6e4672b3bf4a76ad1b26f145c16307f9154487e3c6f861ab,0,12682055,client_test_01_router_default,0,processed,,1781448331381
0x89db024cfc62d0ab9947191f9321649b0c7c0b26c9c76baeb71bdfd3d06653ad,,,0x51ae0a71e2dc5b58850eb0481dc1deeba1eccb0bb8887d66aee82ef7371683c5,0,12682271,client_test_01_router_default,0,processed,,1781448423333
0xf47940c0cfda594c0bdeb07c5356b2387cfcf872b704959d840d1bcdff25e93b,,,0x01c6b165ce8303aaa1fb0e23198db0e9dd9245d3fb7649296a60a561bd864141,0,12682313,client_test_01_router_default,0,processed,,1781448440361
0xf5098d9c9af702bd440c441c6663053d7ad4073f8112fd8777446e1fc676e2e9,,,0xed83419aa1d7131f349079837e328f455f2f4c9ac619b4efbea965e31b2df49b,0,12682517,client_test_01_router_default,0,processed,,1781448529956
0xea1087024199afc5e562ef89cd2c83f5944f7a2a5731ed59f821623267893f77,,,0x483ea15757cbf257a7772c1a4aaeb557f7d7fb54e56d609a4e1c920c24a315d7,0,12682564,client_test_01_router_default,0,processed,,1781448549001
0xd9461b32afd1e25b0e032132f8a43e0b3fe2c58e9b331f7f5b8b0dd74104a115,,,0xca45fc0d493632eb21ad944ab2326e50cd62c76ec0f74f09a21d15425be9affc,0,12682773,client_test_01_router_default,0,processed,,1781448636735
0x11ec834cdfc0d0780ac3b917926f9ee2f1587ef7069201fce6bc1e466f07790b,,,0x50b11c80bdd78fdc2130f1da74f52357344324af920a05796917b39df65cef68,0,12682820,client_test_01_router_default,0,processed,,1781448655763
0x3cfa23558f29f031c31f5cdb8ca6aa89e45d03a0d12908231e78928791408b09,,,0xb17002d5487c40f70a49bd56dda05808a5a31819dfa930cc17299232636c7d27,0,12683020,client_test_01_router_default,0,processed,,1781448747227
0xe0f3220a8fddff63db2b919017b32e1e89537ea375e71a34bb6b0d43733daa02,,,0xd3363b65c3a30fac85ecc1f1696603fb42263f0c6b787fa58816c0d61a26b953,0,12683068,client_test_01_router_default,0,processed,,1781448769390
0x5cfd13b441da45b8d86dc648146354d438d8db363cf1f0b926a540aa85082f35,,,0x3772e30c06a6c8e0852eefe2faccd7331a5444dc7b126cf299c7ae79936e6fa9,0,12683088,client_test_01_router_default,0,processed,,1781448777278
0x03bf227cdc3709559a0577b91b02910ee7f46983b94c9019f58b666babd2bd80,,,0xf1fc2f32004bde4fc1b5b1b4115dddeb2f6e8426a88bd91a7c7edd6d9eda3e3d,0,12683132,client_test_01_router_default,0,processed,,1781448799669
0xa49d2947170bb0beb93af04de7f8193fc3b04ee47a7d69ce30fe3fada71918a2,,,0x522674237d6b42bb33d4b98d37f3a56a436eef5c58dba21d880c3636b61c6d0c,0,12683153,client_test_01_router_default,0,processed,,1781448807629
0x411d167cc9374a04a29888e11f06ce0a406746fd1523379bad416950020825ea,,,0x21373ce96da25bee9c026606dd76e69eca1cc81c1d4819b67cc899bfe0d9751c,0,12683200,client_test_01_router_default,0,processed,,1781448831452
0x785598012f7be864d8ff72de1cd366f2e16c114d796110c0dfbfa42f5c24dbcc,,,0xe6fef1d6e88cc3794711bd9ffe52e8e343c23dbbaf167eb8a2afaec1a9b23750,0,12683276,client_test_01_router_default,0,processed,,1781448864698
0x7e2d60bff110b495a596da98eb03b7fe906b4df421d02f733fe7ab77c4302529,,,0x6d012767bbc2786cc1e02f28a8d313d10131a6fc92e2fb53be555e7142e2aa5a,0,12683323,client_test_01_router_default,0,processed,,1781448886142
0x82fd6e23abea6648530b85079d9c64d2d41a98287d3a8d9151a2ea376e1af1f6,,,0x67d120d39172c4ebbe3aae0cc481470ccd28abf86b83ebba17df748ddd9d2013,0,12684237,client_test_01_router_default,0,processed,,1781449300651
0x44b601308081c03cb68b2974eadf34bcf89e8d7ce8be1d28dfb47102d106d09f,,,0x8b373082114e987bf89a5f8ce27776811f5c3f9d0a02abcc5e59836241fa1561,0,12684281,client_test_01_router_default,0,processed,,1781449318873
0xea2a028ebe081c87a3992e804ea9cefe3a31da1175c2694dc12945c3125aa390,,,0x6cbaddf26f94dba3f7f788900b75c790ec1a361bab9e227f8fd4aad65cf734b7,0,12684420,client_test_01_router_default,0,processed,,1781449374624
0x78aaecd029fd1c833bf57ab7d044b1f1d8479e11213182bea4fd14ba99e2881b,,,0xe5a7f48027e7dd087b73b4b2cc0a24374eafba9f653e972a75684eb17c5a6c2e,0,12684469,client_test_01_router_default,0,processed,,1781449393002
0x5b2e10558a60e70fb7e6bc6d98155564db63593679733cbdf48d8de29a480fd0,,,0x5f638bdd024568e2e138df415c03f90bb94b4473381c7d840b6a2480804e55dc,0,12684492,client_test_01_router_default,0,processed,,1781449402622
0x3b5fd666836e6bb8e8e457ceb7dd763bba4853508ad69d27291eb1eac9cc49bf,,,0xf2c6d1104f66ccbc183093a0dde4277d8b4282fc84f2364ea35f67ceaba72a32,0,12684536,client_test_01_router_default,0,processed,,1781449421374
0x9f715431dcf9e1ad0fa07555180399c6d2b4b52dbaf21adcd3abc317477babc8,,,0xe40d9ebe0cb8b85ac31d47ac953600375fcd90a16d6b129dfc8f79fa0125fd2f,0,12684669,client_test_01_router_default,0,processed,,1781449475133
0x39ade154741815703fde8257728bea9bce4684393e868cac64196b3572e30428,,,0xe308e7b288afd49c41764671701e6d9e46d2af7aa2f0f22f48b0671c4645fe96,0,12684711,client_test_01_router_default,0,processed,,1781449492111
0x68b99e06841acd1343512d1ca10879226df57552c577df22fff0789c9104a7fd,,,0x1f52c365b99dbdf7f5e8894918018711e79cd06e67eb2de4265d34c66c0ae3c2,0,12684740,client_test_01_router_default,0,processed,,1781449503069
0xffc38f8a461649d24ebce762a92c7af72fd6954653384c148d8b24faeb7f897c,,,0xc63837f28d465d4703a830d24c905b44295743504ce1d1ac1f8800c95941e4e5,0,12684915,client_test_01_router_default,0,processed,,1781449573237
0x246862a415405ec38546f560eed9669e27084aceb1f917f885e66d10254d20bc,,,0xd7109d81e41e80f0ded0d15f7e2f879a975aa76a707b48478a07ab025afcc5d3,0,12684964,client_test_01_router_default,0,processed,,1781449591962
0xc17b21a3910b3ea78156f4b329a2e379c0698316cda0a0b1074244696eda7125,,,0xbb08053d849bbe4215a40a0e23369917e64e0a5e8ddee6cd7e3e6bc0f5550e34,0,12685168,client_test_01_router_default,0,processed,,1781449674800
0x6febec7841097543548536715266041de5ea1a2091d1b3fcb046950e8c6baf90,,,0x4b2b28f213d1f86987b76b3a5d8558b729d60a30c241e816316a02b4bdd1238d,0,12685204,client_test_01_router_default,0,processed,,1781449691231
0xa20ae1e08d23c180f26ee86a3a3ca7a4c5bd16c92e97d0fa779c4431a18c88d5,,,0xc190824e7b0d6f19674c1978af8e69913747ad50b4f8638b69b3d03c11e9e049,0,12685409,client_test_01_router_default,0,processed,,1781449775802
0x9d7506703ffb992fe5a108a5b60429f5b0051250a302b656023422c0566186fe,,,0xde093e5bc6a15ff284872eefce0990e301965af55f1fcc7d5b15c8ba739e3882,0,12685452,client_test_01_router_default,0,processed,,1781449792199
0xc891626ed59a75a5a685503eac7f185334f7dcb5be526d674d5e4a76b12abef3,,,0x4e2445a83001fbf072c5a88a4ac69013f929814cea94e94dc9a09ab3cfd973da,0,12685655,client_test_01_router_default,0,processed,,1781449875301
0x8665266e10898d16ba24c2dbacdb6a18bf9be237f14b7980133eb94a2c3317e2,,,0xcbc86ee825a8ed1183a768dbce643096c315a3d852c9080278eb5adb22fc3467,0,12685697,client_test_01_router_default,0,processed,,1781449891110
0xe797afaf36ad52f0171ae4dd2fd294091f5f6362aaca714403458fb2010a9fc4,,,0x3e51aa6b922526d84b7cd4f93b764860b240345449c003f63ed9b8d94dcc5ed2,0,12685868,client_test_01_router_default,0,processed,,1781449959459
0xa034641ca17dccf9ac26fbd2b0f0eb418c235dfc5325c0fcff6c1b08fdf89727,,,0x944c50f31fafcec36f2c4b847a4a76f1e61facec55443befc9e689ae765b0197,0,12685873,client_test_01_router_default,0,processed,,1781449960862
0x2dd63c6a5eab6a5860eb67df3feea1aa5ff355403b4b266378609c2aeedcee98,,,0x3df0bbb28477850528090a64e5c23a87d16b14ed93b82d3bea4fe85563a0ffdc,0,12685876,client_test_01_router_default,0,processed,,1781449962157
0xd27c5198b59b610fa339b3207266166a60d575f5c13d8b54cc983aaf8986be8c,,,0xf88eeb88117bdc754146bc9f0ff0ce7c504a38323874bc91918b325493636b70,0,12685908,client_test_01_router_default,0,processed,,1781449973732
0x64b0dc0885b2f5c339c360a2691b2e97f4901e4ac92eed04f21b3878b7596608,,,0xb14d862dac4013f4f9cc2f54466f0bdfca70d7159cf624cc1500f2b43966c96d,0,12685910,client_test_01_router_default,0,processed,,1781449974531
0x0effbc22f396723e1e3f7a5e3cacfa963c75b32bc95f97fab402f8a8ddde5380,,,0x2a3afe40422ad81609215b5a9cbd4f73ac4165130081fa83320539e71f61843e,0,12685912,client_test_01_router_default,0,processed,,1781449975798
0x0f317dcaacf2dd4c2f75dad125f779c1b89cf172af42a263f0339423906c4907,,,0x1397222d007303b609d8d017321e52936c216ac5977e5e9c8714ebec37255b94,0,12685915,client_test_01_router_default,0,processed,,1781449977066
0xee77ac0eb0a9dd0f16da5b96a5f82333cccd3aab16260f8011402a45549b34ce,,,0x9c1b9809fdb021509fe444459e1f513df859661357b678453457359266c1e847,0,12685950,client_test_01_router_default,0,processed,,1781449991089
0xed59abd88a95dfbfab4b9bbd4aa3bb6159e6276ecd3407fa889ad331ccc1d07f,,,0x2cf523722486de5fa69a5d5fc0e2793b81a38ac30ab5f364e50626fa40f08d67,0,12686109,client_test_01_router_default,0,processed,,1781450055570
0xaa24220ed25a1edc04085d5f3ea7301e16a89c626bc5c254077dc3a5c4ec5a60,,,0x5137f6b65061f072e0ca6d3c38b4254d0b5d93bc539705e552a53293236bfe5b,0,12686112,client_test_01_router_default,0,processed,,1781450056870
0x753fe3b49abf3ce6bdf3f30f6d3c2788c10ec88b2b5e16b194f84e081b63f470,,,0xa4e4ea70bc215b7361a465cecd11211ae6de7a951993eb93fccfc8d09f81784e,0,12686114,client_test_01_router_default,0,processed,,1781450058157
0x919d5651405ecfa685e66f1b0c81c9e18b14a90498067be9525efb6f1c03bb69,,,0x706e7fab8f1fa9f808cc642540e15dc2973ee95575e93e8f127320459407176e,0,12686153,client_test_01_router_default,0,processed,,1781450073577
0x706f7bc35b20c0abfdbea14b9f4183abdcf23d63c862c99b25a4302d35059a95,,,0xa12a9cabe46423e88c223c0850bf187aecdf0eca022da71346e8aa84e9d2e97a,0,12686155,client_test_01_router_default,0,processed,,1781450074836
0x5a0eb2769d00795d593ccd0f7b902f1202c830d806c1ba41354cf6922ba0a221,,,0x1cce642420257083fc0b941e4ae7f1aa9a7a25029282adf20c12ac2eb0967f85,0,12686159,client_test_01_router_default,0,processed,,1781450076140
0x81cfc05d3d6a9af6fde49c1ddbb201055a27be77f65e8fa96e3d096b3eff45a6,,,0x6844439e03333a35ce7727e2d2a8ddd08345c9d078ed33303782f03ac06af366,0,12686366,client_test_01_router_default,0,processed,,1781450154726
0x2aa995364f0f92391fe9dfe22424d2529ce296c854a06d7a4a6a7c144f85ef06,,,0x870e76aab2c6cce0ee5c7121847935dcb53e3dfc362bc20e7745b867400bafd1,0,12686370,client_test_01_router_default,0,processed,,1781450156047
0xaf355065cf42463ba285cfb272aebd7140efd77754ff68ea6a18133a45606f50,,,0x5904b5e46cb459b33dd7818d8381770f3559001309509fa53317efa719fc3e45,0,12686373,client_test_01_router_default,0,processed,,1781450157348
0xf197d3b82fa3a6354b14722059ed9ae2e087618eba33742282ca627262891dca,,,0x988e69976edad12f5eee48ee05096fbccf33796ec0e8bab9ba650ff1acbf3589,0,12686409,client_test_01_router_default,0,processed,,1781450171983
0xa1a1157401634797e1b99415ce72b4fb826c1fe798938a523003c4de6d16f90e,,,0x27c26c7c8c899b70b1dba4a028082ff4261a238cd84c58a90f1153dee1413de5,0,12686412,client_test_01_router_default,0,processed,,1781450173254
0x6138d1f6e1319a59ecac93e6f81d2860550cbe8115c54714a9293527ca12f6bd,,,0x1742a938983df6733519d080a0b7938f43ae01278622489302b0ea3f4a97d2b5,0,12686415,client_test_01_router_default,0,processed,,1781450174584
0x1c4b43c8cbc023d45a8ff96f5b40d0103ee92107c48651b4b4a507ed39706119,,,0xc6bbbdfe4121273c939bc3eb747d42a76db3d95406ee4439259d8027e5fae617,0,12686612,client_test_01_router_default,0,processed,,1781450255581
0x3f6ce38814087368136258981ae88b9e3b4d2890f44db51554942e886b2e7a44,,,0xbf8235d6de98f726ba09561346f8fd3c84b45a051d0c26afd58c8244cc933a34,0,12686615,client_test_01_router_default,0,processed,,1781450256784
0xcde60ceaf1054ad02740e942916343aa6c376247484c741bb64afe75e461c381,,,0xe5ff5b21b844ce0027aad4ceafb8f4c53dfd03955f2475a4d98ac5bb419ff9f3,0,12686617,client_test_01_router_default,0,processed,,1781450258034
0xdd64c494db98b5287189f7a319797909b32abbba0453db34a80193d8432111db,,,0x541cf7e6deb9abe0c884c21f3affcd37be8b4e6cfdc5ccf29d57e202bafee517,0,12686653,client_test_01_router_default,0,processed,,1781450273496
0x353f7a8db6b66199e785a218d053ce6aaab50622170772520796b7c17b3dfb86,,,0x008d70d0933e142a22e77bb985b24a1ce8eb41166b8fcf0379c1334fc5a87f9d,0,12686656,client_test_01_router_default,0,processed,,1781450274686
0xe77b38bed54ad4276a9e0f7969bb2ed45bb0fb36fcc86d29bc367903850cd6bf,,,0xc6166a8ab69d9ee92ba57bd7abf137eaabde59f0c1a21ca3707287b44556af53,0,12686659,client_test_01_router_default,0,processed,,1781450275990
0xe0307b92d2b65cb8e93f0cff6739dd02939ad12aebafec396395c749785003fc,,,0x279be463bfc9daccebc150c45d2037ba376c24c8ff0706742c7a37c4ba1446fa,0,12686859,client_test_01_router_default,0,processed,,1781450365409
0xaf8b26ba93032fc151fbad6b8fee9469398fa3decf1addeb2c834280aa61d781,,,0x9ccb0c3389fd6d4d85d234d8f10ad3ae0266df05ce9c06a0c553b1855cbc2f8b,0,12686862,client_test_01_router_default,0,processed,,1781450367108
0x22ebb3ec77516f4023e5b1e2389425246e753a2e9bbf198c340bf53770e2f792,,,0x52b81bdaf8e79fc0e8c8d0703754830b526253caed4717f21021e3df923cb761,0,12686865,client_test_01_router_default,0,processed,,1781450368432
0x3266a9925e56111b553e9bcb80cc316a1419e57d37290143caee8c48b073d229,,,0x6687e92bd3b473716b26cfa7b04287bcd17d582ec682344c84861a3936b4ede9,0,12686902,client_test_01_router_default,0,processed,,1781450384432
0x39a8d73bcb4917e0f3bc8397b70a20bbecd9b55442b42e6093a03ea121efa259,,,0x9f0d0ff2a36047cad305fe0a0ea989362d6aaa736e53830e3bcc0c06b4ab7e7f,0,12686904,client_test_01_router_default,0,processed,,1781450385739
0x747b6e7cfda3b535d6e826788825c1c92cd97c7af4454fca84dc23aed9851031,,,0x1b87e7f66231de6e55beabfc5dd808bc946747c5faae13d65c40149c33251e61,0,12686908,client_test_01_router_default,0,processed,,1781450387115
0xe678f1d00e2ae83e47e7b433c2399de337d6f6ccc8228c065a18c8ac77b86d41,,,0xa2da2c0fbbcb31b45f2b104f9f352099c4f07bcf5dda21d0d97628b0e5c84748,0,12687105,client_test_01_router_default,0,processed,,1781450478651
0x63cec7c3480b649ba38c915f7c02a960ed0c1c2fd81a1f5a52003fbec16047f4,,,0x3cec59ed973aa9cab634b4cc97731d6a118c3fd2908bee62adecfcff236b7990,0,12687108,client_test_01_router_default,0,processed,,1781450480100
0x8fba09a19eb5c47ccb4000e9e2d954d1a9a3c47bdb986c4ad442f013756cdb13,,,0x9a2653efee7ed7e067a9aaeb78a89c647bc7eac572e33a415875c2dbf1b3f279,0,12687111,client_test_01_router_default,0,processed,,1781450481477
0x7a825b2ef250abd5fe50603f77e4207cfbebea2d2287805a595b44139bc72d04,,,0x4b7a06b68c6a08140c2820ddff4280e7077a4685ea696bfe8afdfe22368911b7,0,12687144,client_test_01_router_default,0,processed,,1781450496732
0x94526be8325126c70cc1feb9b6557d44ad966e732e0af42a53fa8918f39c4d91,,,0xfd9602a103e4b0c16e9d0a96cbcf2090a57770e289e0da5be2cf7a0220839a31,0,12687148,client_test_01_router_default,0,processed,,1781450498174
0xef110834c65f1d798b841dc937b54d99788e6d4e5dc8ef4dfccbca4cc5bf277e,,,0x4b00d73cb0889e85dc5570658962bf476ad833805a0f51eae8d964b4152ab111,0,12687151,client_test_01_router_default,0,processed,,1781450499597
0xb289c102875287709d451e4bfa143e73b423415f0ab8ea20945ff273b0e982f6,,,0xd67449118a3d8e7b3afced116460ae664e16c27fee6fe00ae6dd933aa97b20c4,0,12687237,client_test_01_router_default,0,processed,,1781450542806
0x0622dfaf389bea144c4e4726b77955343b11b6c1d8b4fc6046311c704539ab19,,,0xb568e3287cef54567d5f0a856caa85fd3676c8555b6fd329bdd14d1e7538e180,0,12687246,client_test_01_router_default,0,processed,,1781450545660
0x04fd9006923836d68911adaf25398e82a23bdbbd08bf90ae5ad60ed1a0cf2785,,,0xd9874487d0b22e88dc1fdec77cdeb4f103c3217ec267675bf5693a89a7a07fed,0,12687278,client_test_01_router_default,0,processed,,1781450561341
0x7cd92fbe5e9870d915e5db57902561505d5422b82b312d00ae74d50cc3957aa1,,,0x82379c6ed66bfb5e5add62f0fb084ca170d41e750889a4bbe54f91e2fececf65,0,12687286,client_test_01_router_default,0,processed,,1781450564430
0x066f419d169abaa5d85bcaf3e8879112ac0202d01326baa5c49f8460574f1ebf,,,0x6f8014ae298cb415f312a93764730be433f49a64502a4cde6a95b335bab2dd82,0,12687305,client_test_01_router_default,0,processed,,1781450571986
0x3075793455256c8b73ae99f29821326cb506ee7e782da25984e5544f80360e18,,,0xaf2c7a431efe86c31a1bcaa2644cf2576e2291a980ff445255ae640487417269,0,12799373,client_test_01_router_default,0,processed,,1781499714781
0xfe1b968a81f7eeb8216a5bec76a5f785c72b8b13165d0bee689942aa3d6be72b,,,0x5f87c0db93025fc132fe7665a10879f63c0a95424ffc6470024f0811c6c507e4,0,12799399,client_test_01_router_default,0,processed,,1781499731382
0x706e9a287b90ca509a9ee730e6209e3531c391a09de6cf503a3abeade2e9226d,,,0x1ef4265d1b0bc0a1898aeb2f65343a47e4348b1046571e0d0c944db5b21863ae,0,12799408,client_test_01_router_default,0,processed,,1781499742713
0x8acdb931bfa4adbac15c1548b095412d7711c40a0215490fb6fc72b32aa2c022,,,0x374e89c1b7dcfdce3cf03bc93a561b772ed6895196289b09cd6002032b1959c4,0,12799429,client_test_01_router_default,0,processed,,1781499742724
0x4429419dfe681166b579a8c67e29fc46da37e8ae5bedf8469d9ceb332cb6fa23,,,0xb446e82d7c4eb951b7c606269900882b62b15b3b454eb22cba98637180893ee6,0,12799412,client_test_01_router_default,0,processed,,1781499743417
0x8eed7f2c503d0b42689cc46e446cb2dea0f6d703caec1742746e8a8f5a6093cd,,,0x89803f4a93cfadeccb6b26811878b4b88562968b86a3d206de4919ce6127c07a,0,12799441,client_test_01_router_default,0,processed,,1781499744211
0x3d3a1884c10b1d0928647b9fa2aed2652b0fd0b2c14b1917d8c500f927f32a4f,,,0xd5707ae09b37a1eda4c485ca2fb3305f81772d5c871da3e70b313e4f5d22fe6a,0,12799470,client_test_01_router_default,0,processed,,1781499756585
0xbaf1965a1b06f175c65f8fae107ddbd61c5801dc4709bb5127a95b0ae0fc5d11,,,0x7b8ac9ffd068fac2aaa364599f58aa1cc04812d9211c9bd4184c0ee6b578536b,0,12799515,client_test_01_router_default,0,processed,,1781499775205
0xcadb2df1a63411c00150f647f20428cd45f1e81710b17030c6a2d5d7d572c94a,,,0x8412d16a8c34e71c8dc239a0b63674696be8ec4ef0a6889a1fd61e70cf9e1746,0,12799516,client_test_01_router_default,0,processed,,1781499775663
0xf42792cb0be854f8aa750f933fbc6d10c2ce724d553de596b6d455e7b2791310,,,0x0771e037d3919b0cc45307346275c1dbc0ef8b93648d103d8b51253d8bdfd3ad,0,12799518,client_test_01_router_default,0,processed,,1781499776606
0x512651f607e1de55ceeb9a2175d23f003f1372ba4536e17e30f3a06ab3f645a4,,,0xecc955204d1b508ef9a51d524d3666713c8d468e2c1f1a66e087de1aa5933a81,0,12799521,client_test_01_router_default,0,processed,,1781499777848
0xd7de5b3772018ce869e494c75170f820230950c7f6693d0e0d39246ead1890ec,,,0x426a46f3eb10cd6cc8de3d2e7bdff94799bdcc741bd14c0b27b01c046935c671,0,12799539,client_test_01_router_default,0,processed,,1781499785752
0xa25cb78434330af95026b58580158ef4fed6f95a9391679c8ff9684061c2a605,,,0x057cc3ceadbac0d43c2e11364a7e1254bc23b82ff43c09df302fb6455ad799cf,0,12799543,client_test_01_router_default,0,processed,,1781499788343
0x067239bb1dd6625e5093188c04cdf42f8aecbe8e281c3409566503be9c472db7,,,0x4010ed6c82820dcf2207ac2b6f882e3708321fc10bc95ce11d56d075b98699f8,0,12799552,client_test_01_router_default,0,processed,,1781499791974
0xf8061da7019bbf501afd2406e064488d06b0ed95ec21802204414085c53873a2,,,0x03f186c84e22d9c0ec3d09c284926fbaa1be3b14408d4fce0a1145fce7d1639e,0,12799555,client_test_01_router_default,0,processed,,1781499793191
0xce6734ce314e7c21ebaf4a0a57d620b8f0ec18179cd091dccd97005f8b6ab30b,,,0xb19c25f291189433899b8236c287dc5d51cd8853c79b60be8f03c00a1dc615de,0,12799621,client_test_01_router_default,0,processed,,1781499821102
0x9b79b94c891a9d1ca76d537b961dbdafbdc0e4b0e90355f8e9a8d2ed2e677f46,,,0xe4883fbbf35da89bd5be31466f125f6a0bfc559ecca14c44218d43cfa084e30b,0,12799634,client_test_01_router_default,0,processed,,1781499826285
0x7de855ccb7ece63f9ab43f36757f1d141fc15ec827b1e625fc2c6165163c8812,,,0xc7b472f1202d97abc55e041d69b888105c18204bfd797f8bfdfcb3aa910d7813,0,12799663,client_test_01_router_default,0,processed,,1781499838350
0xc14a83f1757e97a3f455bc6dac41cd59b728f7eca35d8284570e290d3c7ebb97,,,0x693febfe772f219b04475fa152e2a4e187462062213a405e8aad7a27ed48be18,0,12799668,client_test_01_router_default,0,processed,,1781499841639
0xe438630e9d9039c9ad2beac5e3b4281bd2375394624e02b7c0296c37c63dceb1,,,0x27649713eac76f3274ac193ab3a67302f33fdffb8dfa7871a57964491f6a021e,0,12799713,client_test_01_router_default,0,processed,,1781499861409
0xd1c8a0205eca310932dc6e030331cb8e709cf0ce4981f5b9377dcd46665acb45,,,0xdff3732e7c7e1baaaba65483c7785a362bdf72994a3d9fee6cf42e99d1fc2a79,0,12799742,client_test_01_router_default,0,processed,,1781499874349
0x43f18bc29acdc5bc181eaa1ba21c3678849528886c2718568cc9353293354bf3,,,0x0c1b1341b9b7029fdf49dbc25fc09bccb2e59112ae931dc648d9871302c98155,0,12799785,client_test_01_router_default,0,processed,,1781499891968
0x4140c9cfdf172b32f3f870f04f2ef9cb3522237f7fc3f1c645eae80a7c1c00d7,,,0x5715aabf7880f368f64dbb64304cd046c9da16a3d081a91ebf982b7dd1e32d75,0,12799829,client_test_01_router_default,0,processed,,1781499911426
0x4e5ab15c38e69693cc4ca9e1dd5c5017afe7be2c9c1403784a6bd934d57a12d0,,,0x892a1c3b2cd02e885a8527c4b6d6d54eaa52020987eb6322128d744e9ef37ac2,0,12801109,client_test_01_router_default,0,processed,,1781500436099
0x156ac66547536ecc5b5896bf223d177a3550832a90f67a6ea27cd2a3bf92cc1f,,,0x3832b9969748e5c4f29dbf41da809d630ab1def0089b43604f813d89195abcff,0,12801111,client_test_01_router_default,0,processed,,1781500437332
0x80d9033c252b98001aac519e5598ec32a280e4f84e1ea3641e4758b6e1da18c9,,,0xaf756e9591d0fe62cf8eb086b833993880281b89e826b4953c51225d030f2f7d,0,12802279,client_test_01_router_default,0,processed,,1781500921672
0xbc9b6299bcd00bfbae969597648c0357442217e24b2f045061dcd3fb05e2e714,,,0xc0fbdfcdc6f390c170e5c1bc29f05188019b4a60db4aa6273049e31243780560,0,12802308,client_test_01_router_default,0,processed,,1781500934168
0x9a42f308f83c6249cb807f88a054a5a4c7bea4a21ebe788df607d74c8ebd59d1,,,0xd61edfeb83408339ede7ed9f7efa8d8d94ae0bbd09f9e5917bcf2618bbbfb9e2,0,12802315,client_test_01_router_default,0,processed,,1781500937162
0xed79014e207ca76ae467cf98deb3378f1fa4762ccb1a67fb04a47b024af14417,,,0xd720ae6fa34ef8c17e5c4074ab7d67588c7d2e774ad0fc030bcf9d44dc884860,0,12802428,client_test_01_router_default,0,processed,,1781500983534
0x7e898b12d41cb78ede5dfa581f989a6230ec191fa36ee7883c9564304eee1fe5,,,0x70b7e8326795d0b2d6cd8176acab011e4208d1e3d833dc8ba86d773038a4c751,0,12802451,client_test_01_router_default,0,processed,,1781500992382
0xc6369c39eb2d16f14924b694f38eb5be4e2484c5fa68320d1285750ccaea1842,,,0x37e85fd6d230ea71bb4a72382f704872f89433b2cb3fc266644521c6a0f14f7a,0,12802457,client_test_01_router_default,0,processed,,1781500994325
0x89ff8428d08221e3460d2dca099ebae0b4479d4cf05f070dc0867f5543f18e05,,,0xde0944c486979c273b4551dd1798b4a601b5acef2651bf63576448e204540a12,0,12802463,client_test_01_router_default,0,processed,,1781500997143
0x1175fffd6c34bcddd26e8a003decc794a6660c0efc442c02fb80f4162802e9a2,,,0xa7c127544857f94eb28880c05fd4bd20e5101b9286fb2a42d2d6c1bb830e0c85,0,12802465,client_test_01_router_default,0,processed,,1781500997785
0xde4c243c6fe0a67e55bc7d416cff8964e405259d6fe00e13950b78ce3172bdf1,,,0x0789c51c3a8a1534668484f00d2d8783d5f4ddc21af5a6299eec09ff1b3bb556,0,12802468,client_test_01_router_default,0,processed,,1781500999215
0x50036a9476fa0abebb3a26841058a4725ac033e850dd922563191eda4dd42bdd,,,0x6ae3cc2a05c8c7a23aa31785c0593c99d7578aa14a03a7617667b1acad97501a,0,12802541,client_test_01_router_default,0,processed,,1781501029707
0x3cb41f66c29d198569011badaee952b6015b8960516905bf73cb68dd1fe90113,,,0x48e55acb1b3373a692805f516f9810b07e03cc5ddb7b9a643c4439c1ad32ecd0,0,12802568,client_test_01_router_default,0,processed,,1781501041062
0x9cfeff923d2653f654fa6d6a1e7f197245716f924539322b5b1e1a611fe1332e,,,0x040f2e35f7f3e9078215d6a1d8cfc4df88262e4fa6b78689bc89881a7b393aea,0,12802575,client_test_01_router_default,0,processed,,1781501043963
0x7d2941a37984c6483385edb634cb7f252b22cca5a1d1d716ebe60d1ee91b9aa1,,,0xb4a277ef1d94f9ed046d95a39c076b81e7fc2d82c051ff2be536db89d2fc3b97,0,12802597,client_test_01_router_default,0,processed,,1781501052298
0x57f9e194f9baecc944497eeeef7d7d7f3576dc944242d8914fbf0c776517d2d0,,,0x59c39e1fefad6b394f15610b8a16f11b83b2fd2672131f65045d8cb5a5a3e002,0,12802690,client_test_01_router_default,0,processed,,1781501091770
0xf9eeb68b031feb102e8ed05dc144c96d31c9b81420b2ff4b2e1e66c1f68f633a,,,0x16b8bea816334950ea233ee52bf1d7d3e3fd1fc4e5a19e711ef4bcf0ab06800a,0,12802692,client_test_01_router_default,0,processed,,1781501092417
0x608aeffa66ca86766536c620c3915c5b55b168cc73dbfc198ad7c5371717059d,,,0x7dd19341dfbaabb436039ae0e57bac3a345c12b973c9f8bfd8e61f416d5d3cfa,0,12802694,client_test_01_router_default,0,processed,,1781501093204
0x8fbcf3838c99690b08ff4ac043450bf5b6576d7461bc73bf3d865d18ab7e41ac,,,0x763475ed48786b89208bb16653bca89b17f4db6332cfa3daa0bf3499109db8b8,0,12802698,client_test_01_router_default,0,processed,,1781501094640
0xa27864824883b0dddd5dbad194bbe79459912efab4359959305b1f6bfdf9bdc3,,,0xec0c9b5bfe285be0652f741712d0fca266f7fef65c8471737d13d3da70d62d49,0,12802716,client_test_01_router_default,0,processed,,1781501103346
0x4d1d1f1d6dc9e7a6f0cf2a554d537e774d81ea7e285183fe45b563096deb7b4b,,,0xb228c5b99f6877aa8c7b1af844ac77e32b8a395074df664089b1316973259ffe,0,12802722,client_test_01_router_default,0,processed,,1781501106193
0x25b649e72a3ec1330bf7bf4a3b9303eedfd42744dd7099f59e180011a5828596,,,0xcaaf7260398504689f9e3fac60ce4098db99bc31b0079ef208f4bad16ee98d45,0,12802730,client_test_01_router_default,0,processed,,1781501109298
0x22befbea762f831ef39bf86d860ceb8b04b500170e8212db3086f0d3ea71ab31,,,0x269874f29846cb82064f6da5fd8b58d44f5ea6bbc7a25bc5315ee69906ef15b4,0,12802869,client_test_01_router_default,0,processed,,1781501167392
0x3435ac4e43b41096a3a97127a6b8943b8323263a5e8aff64157a14e8924d6f1c,,,0x40ece650a4334cefb40b90153dfad74b72174c238a1bd8733c43eeb3a19a17bc,0,12802993,client_test_01_router_default,0,processed,,1781501226587
0xf07d9cc696d5d77da1c393e080eb438fa2b116a93c97322f7932929246bff867,,,0xa01be9bcdf1c0f82c58ef329c2f84597bcb48311ab883553bc6defe300f6c96e,0,12803870,client_test_01_router_default,0,processed,,1781501591918
0x3f2bb7ecd8568ca4a136945b5c6fef94e480d1e71b3bef8e1598168425e8c9ef,,,0x724fcbef226b2b2b430ac220723012a81566aaa570569d2af42532e36b0a71e0,0,12803954,client_test_01_router_default,0,processed,,1781501625240
0x35e8eb33f7affa9711443bd35e4c71d828b3ea7afb7afbd4caa53689c0165232,,,0xbaa6de758e38961aa92fb62b83c60775f4fb05cc7513c3ec8bbfd7de7730854d,0,12803957,client_test_01_router_default,0,processed,,1781501626532
0xe8c987041703662f5132410a0985966f9c8424c2294677bfc1a1ff30a7525d2b,,,0x59963759aa43253b409660deb4dee191ae27cea949522f31079f82d4af1f104a,0,12803983,client_test_01_router_default,0,processed,,1781501637711
0xd6071a9f2257a7348d5e57e3fa3628558e30e50a80725e925b583d0f07d4818e,,,0x186ef3b2ecab879e6cdfd95778f76eac60c6080c1092dad484c07cceec662896,0,12804067,client_test_01_router_default,0,processed,,1781501673877
0x70c67726c2f75c10381b7864826ff8bf3a403fd14ce42efb4d659212aef63945,,,0xab4ef627b262a17901ef01399b727b3721af94c912d1e31f2f86811a4d9c06a7,0,12804072,client_test_01_router_default,0,processed,,1781501675610
0xfc32fc055c72716489f117461f0652d2623f065e2b714c37087d9daae3cf9ac1,,,0x0b915db3c9b98cf5198ce70c73feb12543409d0657e08b398f1b1b7632fa679b,0,12805368,client_test_01_router_default,0,processed,,1781502230989
0xf2a073978bb31c9b9a007f0e8fb92e42d5c95bb6c0c0aca4aaefba779a1266c1,,,0x6dfe74433b4382a6ca467963aada983a9ee790db4f6a31baa0c28be537bfee8f,0,12805486,client_test_01_router_default,0,processed,,1781502279254
0x9bd86a1d1cddfba9bbefbffeb65cd88cc5490397daa107dec4a5250ca3cc520b,,,0x7793b1c377664a3564b3668869386c8e47b5772b0e448436187726da450ff20c,0,12805541,client_test_01_router_default,0,processed,,1781502303604
0xd4b4db82442a9850d450a4a71c8e9781d9f34da60ab7d24a3ae8fbb98f479f50,,,0x3ba1990b4415ffa393523c0e7029fc50cee9d444e622285fa6eb6af9b4f450e6,0,12805555,client_test_01_router_default,0,processed,,1781502308661
0x6a6a97c8c03ee1ed1311327f8c7f2b8018d4afb990331a32a0cda3b524a9cbfa,,,0x4f4238e0edbc4c9d6b39f1c83d70ba476577c8382f1178042865df2fa739db38,0,12805558,client_test_01_router_default,0,processed,,1781502309962
0x334abfdae5b7d26592c14ac8c8b8a5df2268f4348bc47e7be8c6941bb749e186,,,0x88e73160e5c230024e5ad0abf7444f21c17f32dfae1a071ea210e69990e5829d,0,12806725,client_test_01_router_default,0,processed,,1781502803116
0x979e2fafa4752e2029e947e6cfaba9777cd03c46c17f73f402859a69f9ac8bc7,,,0x561a1cb715096a6c1a579e2bdd84c9d0e1e937a3abb0e6b2816c362fed38fc5c,0,12806728,client_test_01_router_default,0,processed,,1781502804497
0x72fdcfaff50ea1248a5f3adcb6d7922edd6b97f62959dfe4d3761249d1a87e9a,,,0x6738328314b222b423683127e2afe87de1fa599e474e09a95efd644789253a59,0,12806732,client_test_01_router_default,0,processed,,1781502806157
0xd1f3b5775835022a2c7587494b5f7f170ce09ba5b345c2153137aff33e471bd5,,,0x098afc8752807e075bc5b202456ae28a5e85674e7cade69f699c8b6daadf20f6,0,12806905,client_test_01_router_default,0,processed,,1781502898634
0x5e0e5c34dfe4b2b12fa534bfc1a242ee1bcbb61a12379d0cf9fcdb977bdba111,,,0x442380243eb4bb8cb1e74e099ebda0822fb61f11e2724a4d25faba6fabc1a9c3,0,12806908,client_test_01_router_default,0,processed,,1781502902354
0x8aba8fcc01499a0a1b5c95fa0b91374a40d1bcbadc89e4e52aef1abc4f75fb38,,,0x8949687229903775a7de8ada818346e8df7bf7579edf12b2828c0cc134df490e,0,12806911,client_test_01_router_default,0,processed,,1781502903699
0xc27b362cc1945096354112cb07f613fcb8b81c7b0bbd65bee7abc771157a37f1,,,0x643e48a73110842a976543478626b846400dae9e2cbbddcf19bff2275779de0b,0,12807021,client_test_01_router_default,0,processed,,1781502956411
0xcf42c29d19576c36ace707ee8f20f4dea8e91ab28bf88ac232018c58cb4c8250,,,0xa98df2b85f1c0b166ecd86157ab8a2a1311006f11c4fe789db32c74851dae103,0,12807024,client_test_01_router_default,0,processed,,1781502957781
0x2d2f11218ec399350545dc2dca3f175f83f901b20516246cdaf7eb5d8bbe06e9,,,0xf5c562e8c9cefdc034672d0931583688a52be98afe1cabb37ff6a3a148aad2a5,0,12807025,client_test_01_router_default,0,processed,,1781502958564
0x6821d07377db5dd6032a455fe5049e8d29564343daabbecf6f2a152f209da4e6,,,0xcc1f8aaf6e8259acd21dc173c97dff5ad4e628b1e6f4fb9bf5d1dc6d4df094d0,0,12807028,client_test_01_router_default,0,processed,,1781502961351
0x5a5ba69479352cbfdec6dca4c588165ecd1ff01eb6d9f54b1fb4aa08b680193d,,,0xcab710ac2202cda256416f30cd31b6c4c132c2db00413e78b37ecf72c27767a6,0,12807044,client_test_01_router_default,0,processed,,1781502968135
0x62411a5fee2acdec307c5306401acee2437baa772948a9ca69edb1ccb4ffb892,,,0x82cb73b2e60ecfbacb36c245c2ba69a1a4e7cdff4543f9a5e8292dd746cb1c01,0,12807134,client_test_01_router_default,0,processed,,1781503021185
0x4326b760be5c9582f47522c7b13a91e20814ab2a8a71b7c382f21e48833a937e,,,0x0bf2753c2ff3aa57edc6d4f49a6c2b11ce76eac096dde1334fac0cdf7c466ef8,0,12807286,client_test_01_router_default,0,processed,,1781503077471
0xa25bb43bbbe35fba6d9edf0a72b26b6d34546554a754c44db320397d74e7cd16,,,0x7934ed76d68627b6b02bcfafcc9c3567fe24b06ee6d209c7d3d9d664522f003d,0,12807396,client_test_01_router_default,0,processed,,1781503127753
0x960aaa67857a99329e9c0bbf302775fc5a113db9ad4ec0f1ebfc61d50d41ef6f,,,0xf9182b009087c30570a084c6f29463e95b3d93a6388c1f82bf17ef6951c16347,0,12807551,client_test_01_router_default,0,processed,,1781503189105
0xc1fcaa134c93116eda1d8a3e17e71538dff1a21d7f5d32e6343eb547ef1539a3,,,0x01508ae043a0ed02ffdc3b78cd63394b888dbf5d9673648d6bf05d3830b57276,0,12807664,client_test_01_router_default,0,processed,,1781503236204
0x8d3f6903ed122c9a0598c821e532b220de3f68e2f18ae3adbda84a05b2814152,,,0xee14076e254f0bed9b4c6e3bed6a2580b883427c89d75cbc90ec72233745a2fe,0,12809149,client_test_01_router_default,0,processed,,1781503867837
0xfecf0b3f52818ae83903ce41c2f9fd0fa1104b8ba9082fe5bc948b998365e4d6,,,0x614d09ee0d5726e65679176f30b561a62f53370d02065623a7ed6cfac7f30bbf,0,12809258,client_test_01_router_default,0,processed,,1781503911597
0xb8a592138a8cd30cdb58d00e90c44299545cbc940c619b3486e800c6980cf27e,,,0x209aaa6e089408b2f2bb9eed9074fa75f261d7f5154bd115e1a853639ed844e5,0,12809285,client_test_01_router_default,0,processed,,1781503923981
0x0fdd1a1662be77d88699d3a3571f03b5e23a8e1a5809e736a2989bcb89b57b3d,,,0xd635c630e33c2c838536bba9bba846b7da7913b71e9a99d320aef80efb338abd,0,12809291,client_test_01_router_default,0,processed,,1781503926803
0xcd8bd8b288fad6edfcf01a067f4383d20ea229c90d1abe6d4d2cad37e79e0cc4,,,0x433b8ce53a6fcea52cf0a325af7288efacb13dbee706c17a9f4a796e42732c19,0,12809335,client_test_01_router_default,0,processed,,1781503944142
0x52e60df5f57c5da915bd27f3f0688f424a43e59a31be96244a31ac2cd84d6bd9,,,0x9e03b1efe0380e4f64fe2620c946a39fc49fdf2320523a1134f955c347e4d952,0,12809338,client_test_01_router_default,0,processed,,1781503945374
0x82fa6f67c3bae3fc0e4a256858f3ccd0e9c1429b1ff64907af875826e485e1e2,,,0xee03db3517568b7477312a9318d96216a6c4e91d348985c29fb70ada3f483dc4,0,12810693,client_test_01_router_default,0,processed,,1781504517921
0xbc3a92cab36ff60084b512ef9f383e7df0904f018cf9b1ad28cb7c55b0a56306,,,0xc6db905d34934c1fa7412dd97a143dc200c60b1018b2ef4324f0c0824dab72d9,0,12810737,client_test_01_router_default,0,processed,,1781504538294
0x4f4201fe24a814a5e6f3bd83bb856bf209790769c28a6602504a24d87ff34b46,,,0x53ebb79988c248f0bec79da4388f3031d7ac462fefeb932d21487811d3688b8d,0,12810845,client_test_01_router_default,0,processed,,1781504583453
0x4041c6643dda182a2821a56ed8ef7a4b5d1d73c9100136dca5a6a2ad7579941e,,,0x805777fee2a40a1df6bde69df2dea606dcee27517c9924ea5eae331d17e22201,1,12810890,client_test_01_router_default,0,processed,,1781504601752
0xa255143359a8dad00650040e39c93f8669b064c841ed099c507d5e51d9c88deb,,,0xf56f71bb025b08561509a58cd469148a0278010e6d41ac05f4baf2f25518c790,0,12810958,client_test_01_router_default,0,processed,,1781504629868
0xace32da33cf8fc618a5b5954752a9c39884fa9ed63545d468a6471ae217246ed,,,0x31692410ee3314bb02719690cb5ea087a3e4b42c8a1f6cbe9c1c96c420808b50,0,12811007,client_test_01_router_default,0,processed,,1781504650177
0x58ea886f0ac9a5c0395ab6162c46d51085351c51a012b14f493760472faac0e5,,,0x30fbb2900bedfaca98610c32b109ffec109c05b40f897de55d85fb6d89714372,0,12812066,client_test_01_router_default,0,processed,,1781505108768
0x9c321b7903616ddda2cb568fec1edade84d004d8356969b7196833a74587d514,,,0x0b7a9709e3e0f171523a35ff394013ab8533a1d1960a1a7ff0e394281cbb5b56,0,12812069,client_test_01_router_default,0,processed,,1781505110092
0x4c8f1d4e98027bd6d4b08b43acb13f2f0534c2c520f0624c1b8c0b72b7ec25fa,,,0xb68dde87a5661e3f115d8563742ea0fa7d10146875e0787de6ab1516a2fc11a8,89,12812087,client_test_01_router_default,0,processed,,1781505117854
0x26c6a9fb9ace4cb215595214e9e15db8300951c1fd0b7fc688aee848100bb300,,,0xe05b62782cc3ea2dec07b506ab306e31992ad969add809489d82fb5fe9bd197f,0,12812100,client_test_01_router_default,0,processed,,1781505125652
0x58bfa0f9e9077d9b87917b5d7088af2402dab6929263ff10c14e6cb2b59e0396,,,0xf9b335b11193e3b0bed507b7f0bc9ac5c45894e65c8265a777ecfcf88c6bdeb8,0,12812104,client_test_01_router_default,0,processed,,1781505126988
0x53ea1f258e0e06d18d0d60ee710938f9fb5203eafb374e3a9887c79b0dda02d4,,,0x7aec49167869412a69161b4a4a80ad06583e9fd1f784ca332bb7e735f4fbe012,0,12812215,client_test_01_router_default,0,processed,,1781505172794
0xd3e380623c4130238723517a4d32f126eca7cd5e234be19decade181105bbc65,,,0xc5e6acd00a3bbe74ed5ce74a22fa570abaa9cdd21f1020df0043f31a73cef1dc,0,12812220,client_test_01_router_default,0,processed,,1781505174259
0xb57c9151a7fb6dbcc09845f6f8bd69eb4801474bcf28240799848d62e4ececa7,,,0xa7cbfd227806b45add26aacce9e4f1313c5812d4a64f404de8dfb41d45db315f,0,12812239,client_test_01_router_default,0,processed,,1781505182344
0x8a2b3c0c0e0c20c5347f7308201e303bc53a7a313662ea78ffda6f4efd8d74d1,,,0x2f49b9dcb6a52f9c317a3dfc809edf581ec592363eefb079df2d6f753ab1533a,0,12812256,client_test_01_router_default,0,processed,,1781505188602
0xdaec07500157f4ac0345e8e582f03b9b089048b7e4eb728ab0d4cf175e6a7246,,,0xb4f85a14be2d22c2a9a615fd71c7917e31af6dbe7087b799139099cdd5b084bd,0,12812260,client_test_01_router_default,0,processed,,1781505189960
0xa747fe41cb7c594714ba94b5a42ac4dc19c358ef9c87231524dc4a3ed706566b,,,0xba39cb1296e566228171806b5527a4f6c7194a6939f881e765eb48000509228a,0,12812333,client_test_01_router_default,0,processed,,1781505219094
0xec21ba4cbb4ac019d2783b670a8004e7b44bfd2faed0e63e38dfdf9bf526a5c9,,,0xea43d985e00566cf85ad4cb673068f45de9b5f2f26982a10c8905bbafcdfe0c1,0,12812336,client_test_01_router_default,0,processed,,1781505220395
0xc6fcac2fea5dc6311090b367801dd21b8cd6db0c1467d1f663df8344c61c0c90,,,0x81ba7784acc86aa923be4ffd89bcb8edd24fad3af4836fa4249fe46765f0e4c7,0,12812354,client_test_01_router_default,0,processed,,1781505226906
0xc21f217fdad63c6869330344542068f521f8a1120a1777a6bc521e4fe2094e02,,,0x92a348caa7114573bc51d614911023316167646beba4cd413a3294dfc3bdd242,0,12812372,client_test_01_router_default,0,processed,,1781505233179
0x797687a294a112676059c0307d075f24071024a51ec396a8f0ac37f424a5ea9a,,,0x0db0930ee6d89eb3e5e664b7886590e46e5e9229d02fbcdf4a0ddfcb42ccaa9e,0,12812376,client_test_01_router_default,0,processed,,1781505234470
0xe0ad5bb8572f0110a0cd29306f37deb06ca204b971165715433c7a54f4b7a03d,,,0x78f29d06e3d969a6600d5d052078ca7e7cd52d8600021ff672009b662727dd5a,0,12813030,client_test_01_router_default,0,processed,,1781505512165
0x7868f2c843b4137b65ab8d7e420a050dbc83b573acb688b03c2791ffc36bebef,,,0xb84eb63fb381e650b3d30d0f4240245b8eea37f29a41f83d7a7cef9bea29e64a,0,12813187,client_test_01_router_default,0,processed,,1781505582272
0xee44348b384d0d33f3fb1f3eef7843cf86f9cf75ce29a2b3fbfd2ab06dbef508,,,0xd231766ec883e3c37822c2c85b72d3fe627b13128b40d20bf0d24781689ca3cb,0,12813314,client_test_01_router_default,0,processed,,1781505634439
0xecccdbfa7d2046431a1fcadcb33c7ec1993564da6654a7d6945bdcca3e8d412a,,,0x3804f9a17347ef2d4d166de8881c40b16552c9ac984a60ca52cc03ad19d1c760,0,12814818,client_test_01_router_default,0,processed,,1781506269717
0x920044203239728f8869732346e27c5c2a25ba6a2af3272210882849dee13e1d,,,0x33c2ec431b4cc174408b7538a18366bbb73b30e9ddd2ae18810b37e23e3e482e,0,12814935,client_test_01_router_default,0,processed,,1781506315380
0x5b46dd89d9c379b2a2c79e94f275b09aa2879c10356e61c854867abbd1edcac9,,,0xbd23fe1050fe0351cb1f13febe9166f67b0e8cba2c30f78b39bcbe878f7e2ebd,0,12814984,client_test_01_router_default,0,processed,,1781506332999
0xfaf734856c3e1e790901c8ad5c56bc294563c6dba29fcf43d5425cd0c6a01b08,,,0xd451775b9a29fbdb85ab59c7ea8f2eb22fa461ba43408eb7a9f1fc5995be7974,0,12814987,client_test_01_router_default,0,processed,,1781506334293
0xf07f38a4ec54478df0cca55120d8dc32fe2912645ca93d5f3ba87738852ae02c,,,0x65e2108bf37c36fb4d06f0560023c41b573251cce8dc7a257127117b39c56815,0,12816478,client_test_01_router_default,0,processed,,1781506915730
0x9f9661aa4c27f7ea5a2662effdc9ab311d7abc4367da35bda8686004ea7e231f,,,0xd759216384f176f599aebd45d77b22f3ca93c36d358852e4dba93d6bbea7a3ad,0,12816525,client_test_01_router_default,0,processed,,1781506932626
0x6d00fbc70609376a123ff10c432cee51b95854dd1efa8743aa6fc4e91e6077ff,,,0xa14ae24a3656f27788ebe0069d6ac417d23b881fbdf0271670d4355bcee5aed8,0,12816528,client_test_01_router_default,0,processed,,1781506934367
0x397bc2b6e6e6d6bb2eb12d37bfeea8a9dcd8e6f7b073655964c1dffde67d472e,,,0x80be8fad0a14ea0527d337d55395bd75cd8befa6df4d25d797e15aa9efdaca98,0,12816531,client_test_01_router_default,0,processed,,1781506935610
0xef55cec06f122db0faa124ac330547e3ac21cef2e752df800a07d9b6bdae51c0,,,0xc0a8b20b2a9f693c3e1dbc44cddcf6b8f45ccbbc9e4f05cd136487932296b716,0,12816546,client_test_01_router_default,0,processed,,1781506941905
0xd314234c2a9b68a69119d77639ed5c2160d72111b5e7079aa655f12b6a825f5d,,,0xf27e9f3533e27f31b76263c8d589e92a66ddab250cbcc19f06e0f6380f990ccd,0,12816633,client_test_01_router_default,0,processed,,1781506974607
0xb5ff85c42f3b89da51bea1e8ac5dbdc5fb67428e60c3cc2bdacedc41d6c0b8fd,,,0xae7d806b46665135e8f9aaf19d7236cad4796ee8e26bab2be0a01cd925a00c30,0,12816635,client_test_01_router_default,0,processed,,1781506975306
0x622bbf6c788a0fd567237040b7a704eed304687d1843afe6f18b0215ac1d9309,,,0xff6764dba66d098e1df9b3204dcdd9b2a9f826241e5219260f48be079767e1a8,0,12816637,client_test_01_router_default,0,processed,,1781506975820
0x04b1f62daf092a7abc30532b9b2a688fe0124b48eb1ab856ad39c3ec82f0fc25,,,0x1a5d29336d754f3b660c611c1ec9d882634c4f8f1b212aba7633b8731fce44b9,0,12816641,client_test_01_router_default,0,processed,,1781506977034
0x72efc9be9d1088c85523da40d07931a1b59811a74f2e46ffec098165d6a66951,,,0x86d80ac75ec98f0a76e3dbc8b69952ac85256b8fe88228e71be16eda2991ab42,0,12816658,client_test_01_router_default,0,processed,,1781506984348
0x6d79093c938183bcd93e730a0c9d35881f0782fd925ae8ff1ab467b4480178ed,,,0xb341a31273d2868022a64357c39c9a87117be849c3cdb9dfe415d0b211294780,0,12816751,client_test_01_router_default,0,processed,,1781507018644
0x75c0528b71444d70a2a6ffc5f301dc5af2cd391d99f0d692c7d6bc065e0f9cf5,,,0xedceb4f076567920aee2b44e7be5429bf4e212467ef0e7070aa9c32c48898edc,0,12816786,client_test_01_router_default,0,processed,,1781507032615
0x998fe2ffaa59e335747e0c7436b99eda9d1f94a67bcc25a2452df3790e5e3c17,,,0xfd8c409214e28ad94a98d0ac946ce8c56e6a027724a8517de3530878ee89a53f,0,12816789,client_test_01_router_default,0,processed,,1781507033809
0x47c3405b71c6f74e815465ec713f0273a7933092a1bdc0ec46ce995987df274d,,,0xd532e79e0102d253b15eac6a4b0613e3ec9687ed8906f1cec76408c985ed387e,0,12816791,client_test_01_router_default,0,processed,,1781507035022
0x8aadd6d5ccc5566f9f6b09d11770cdfa3f64a6b5f45b2e3474e38218856e5afd,,,0xde18cdb03ee3309396a6d2d1fecdccff2ed67e9772787f7472a2690296d34025,0,12821035,client_test_01_router_default,0,processed,,1781508695128
0x025f6fceedf3dedaabb0d01ecf695c69f9df9cc507e8d2d1fd1dba5fb5c832de,,,0xcbfea65d22549c666bd765dc45bea64b7f4a0c63952e020850f9ce9f9bf4c040,0,12821042,client_test_01_router_default,0,processed,,1781508698401
0xd504752aa8180838f2a37e393ea978e21bbf0a0a8ae33ec4f17f37bbd4f2f8f8,,,0x54777691cb834168081f3913e3ca2180c849c100bf9cd3729a35115956966d34,0,12821156,client_test_01_router_default,0,processed,,1781508742132
0x115a4e066f9a531d8ab0a6ddb00b5bef9084cebf73c19d1f7471c3a2b7fb8bef,,,0xd82542dd47caedfad8bb034f5b67b200669aa00535733ae085f946f8cce97f6c,0,12821160,client_test_01_router_default,0,processed,,1781508743427
0x6cf2222569d3ddf35f874093660c91cf9575d1fcf1bb5a7e7144f4ecb1c5b6de,,,0x7b8770c59ee327220d3395112ef8e009ae8b590c7ea6c0d3420738bc4c66a3a1,0,12821163,client_test_01_router_default,0,processed,,1781508744681
0xb891e165103ac61d906c1e302b2cfe67fd72390d90c77542d643347c2ed18a00,,,0x982422be16fb6e2cb713cd40cb1b091a47cf0e966536a966ed097735d628a76c,0,12821181,client_test_01_router_default,0,processed,,1781508751438
0xd6b0a791d7527189c2794abf7d5e18a6dcc95f6092ca9aad427e436a6dd62130,,,0x9cd86e9706e63fbf5e2eb9cb2d8b5ad0048453441867a4eca029f0e3f666caf4,0,12821194,client_test_01_router_default,0,processed,,1781508756841
0xf576e486fdcf1dbec56778e130f03b56acbaa71b168887636aea42de5f6c7e8e,,,0x95ec7e9326d674aef181326ce817ebd9c3d408396383d424e7d5313183c93594,0,12821198,client_test_01_router_default,0,processed,,1781508757994
0x1360dd74743d8919297f807c7c0d8855310c64f32f0aa7830cfd8bcd02d9aeb8,,,0x1a28d7e25ec191bd7ee222cfaafbaa6375353c4c7d105d350c781e0e548db0e3,0,12821416,client_test_01_router_default,0,processed,,1781508845451
0x26e8f8d2bcaf5131754968543e5108893553abb9f4309d4f3a6421ad35f6f58c,,,0x18b7b745ccbe7a69f753a1d5236ed74acda38821218039fc0c79f7031123207c,0,12821570,client_test_01_router_default,0,processed,,1781508902701
0x0a428326b1ce4ff9fda059e59e60fd731e32f1dded3d24d9de3a3b28313b4524,,,0xc99f947f140584803a303e0d95d647cbc677e75a682258f3a1c550b68525b6d3,0,12821686,client_test_01_router_default,0,processed,,1781508947654
0x8156b6275d248f5b72de519fccdd754d020b82da17a4596e1a35a999b0a181c0,,,0x6aff04a73b0619e9709db90fc4d225eaee4a58ae390eaeae522514ffd7bcbb35,0,12822684,client_test_01_router_default,0,processed,,1781509344730
0xde7d5f7147ebc22d8d2dd1cf872be488f870246ced372e32c94ce986c1503261,,,0xb310a55c0fade69db7bc330765b190d58d0358b57a7f94fa4ea3c3180af30677,0,12822807,client_test_01_router_default,0,processed,,1781509389837
0x8644b455083e0e6d8439e674ccfaa5c7573772b523e48cb89f8aff0d6ae5f125,,,0x279dec2ed9a1f1556902400f9b0283c27f7b2108544b217734c793779f095929,0,12827607,client_test_01_router_default,0,processed,,1781511260346
0x01d2ab37c76d8201e9957ae3fa3d82ff367d3bccf63d7407565f1842c5c529ff,,,0x0fbe6772fe0eb62c7790c1dd3e723eb0a79497f63268f89fc4f2a7dc064a2826,0,12827613,client_test_01_router_default,0,processed,,1781511263207
0x6e25066c1f462faa536ca25c17495ea1855a84c90bcaf236c65971e8bce08deb,,,0x4ae27622fc6e3141dbf79d14f7a879b83cb4f524833e6a918c93c9478db6c7cf,0,12827649,client_test_01_router_default,0,processed,,1781511277646
0x8017e62fa2eee4766676c3405d2eb6535e80b17b82625d5ae43f6e1667bbf04b,,,0xa037090437c1cb0197eba86a9a9eb9d93b0cbde0acd464c7a9b17ff9c8a73157,0,12827656,client_test_01_router_default,0,processed,,1781511280430
0xc4606150aa6d99f82521ae0ac237e8ffae185662f958d218406b3218395403d8,,,0x6a987be8d5889fa2d5489ba372362969f3208003741765eb663fe84468329e4a,0,12827680,client_test_01_router_default,0,processed,,1781511289067
0x5f85b50ce4b8946c4b3dcdec7ff0d5a24d31760d59ebcf60c6b6fd3b980736c5,,,0x6f0472fbb5c08f98985b3af1e44ee252123a0082ad139d76986fa268c8ea21fa,0,12827723,client_test_01_router_default,0,processed,,1781511306333
0x86a3180c53da4df3e7dbb9b91ed3e1ed126555e36a6ea052f7d43ba739fdc2e0,,,0x70fc21715586da6a227e6fbf630f5c3c92c862ab5f805cfd1189e949ae988024,0,12827940,client_test_01_router_default,0,processed,,1781511392750
0xe80d021a4e77762e57162d0fa9af36cac95c75dbf479551e148afc004ce62000,,,0xf1aaf105c36d5efc2e1176add1292270bd3cf1287d6ef6a9d7e2d50fc3dd2267,0,12827981,client_test_01_router_default,0,processed,,1781511409700
0xcabd05bb67e076198b4de3084d3aaa6c946868878942b1df51656f26df50f6ea,,,0x8af8c67a7caa9535944e6fa2a3a159c4f55ec54c622d2b2865912239fa120217,0,12828208,client_test_01_router_default,0,processed,,1781511499245
0x7bf22bd4cbae9486d3724874801bb57f53b373ad715274de1dc8add4d2462956,,,0xf81278d4221a379501029967e1fe26632311e089c5f9999439a2788d6fe6e562,0,12828248,client_test_01_router_default,0,processed,,1781511514470
0x764475b42e31254b6e9d79347c11e3d97b398c20bff8d03a08ebd2a5fbe4f016,,,0xc0d26fedd2e42581f550e0d6da93ded55af94301e44855807d245ce9e4393fd7,0,12828470,client_test_01_router_default,0,processed,,1781511601444
0x6563c201131117db1514b23b955f5df27fc986b0ec2782aacd13761e5ac683d3,,,0xcb15a5ac355cecb7cc5e96f350d95f1055171767e6cb47bb582fac3d64d26940,0,12828511,client_test_01_router_default,0,processed,,1781511616278
0x95ae50f0b7ce1aa5f5212b1b0c3f4069524262a755a016b339514d2fefcafef7,,,0x9faec0a0faa2cf0520995700e4b3e060eaf055b62beebb55889509dcad447ab5,0,12828736,client_test_01_router_default,0,processed,,1781511704195
0x54c63cd1413119124795f205d40e7cd667a23466bf4381e5db0804c5d45ae9d5,,,0x66252b01dc83e2e88274147e4d4340404e11bd9de2da89314353ae44ae305630,0,12828774,client_test_01_router_default,0,processed,,1781511718884
0x83472352cfa7a326dbd5d0cfd0c36a1781697c40e8761293c14b7e305a22d565,,,0xc0ed4b03bb643a377c58b81af72b2c65e2f7a0cc177e6e56f36d75b3cbc90915,0,12828806,client_test_01_router_default,0,processed,,1781511732202
0xe3f732b88d87b484355f2a3f94af459592623b803a3db1067a57ed49506501a7,,,0xaefc9b87a7d38ae3ed0b3223a9b55895a686efbd672aaff0f5c72497d9a2f065,0,12828819,client_test_01_router_default,0,processed,,1781511737159
0xf93709b7f238b71a3c8e86d9adfb077e84d47c2b86d3e3bee3bc13596a6ae04b,,,0x5a9ff289865261b1d309b6c51c3f54508a1942763dfadbff1633faa39fcc742e,0,12828842,client_test_01_router_default,0,processed,,1781511745811
0xd93a6de39c300d3cc515ca7d73101b2ca052173be3c67f774663f797013009da,,,0x6b4be486e404e14f06e54815d38c82ede10b92c2aadc56021785abe0f75af140,0,12828856,client_test_01_router_default,0,processed,,1781511751453
0x3b9c858e2807678888e3a35729069e19a3bc262e703b5939b6e5d4df617aeeeb,,,0xa26b6f7c38b7075eb0b820c7b086fe6139a05fb4d7b11d945bc1ebd7e8217ccf,0,12828896,client_test_01_router_default,0,processed,,1781511766577
0xc64c3804aeb019283c47213db7f972b5665f18f842cc49e5d10d398bad5d042e,,,0x4bc09521dbbd988a424c004c575888dc7879176279aefc72024a6b51433e0304,0,12828936,client_test_01_router_default,0,processed,,1781511781652
0xd6d3a60d3d6bd3042a823660809184cb269b6c39ea00dc82107c1dac3f08059f,,,0x84688a0c50fea6166b8ba9d70557094b2e0b772b92c685b44721de8660ed703e,0,12829001,client_test_01_router_default,0,processed,,1781511807392
0x0469ce2badfc8b19aaa521e173303789ff107e2b7af2a49b20d561a3f048b46e,,,0xa1694cbee97cf89b94bca62dd0d11ad300ac3fb17cb1f0a146f60009feab5735,0,12829037,client_test_01_router_default,0,processed,,1781511822157
0x5870e05c4e5fafd004e9cdaf983792c4b39bada89a705d2738e1e27da7f3faa1,,,0xc65f32f38bee9ad8802d59249394d01ee4adaeb388f0f3efb92ae99b01ba757c,0,12829068,client_test_01_router_default,0,processed,,1781511834912
0xd25f18080d63d9f35f9e15457421479362611a35ed9c768e4d00aea8c848f393,,,0x5a5d3bf8106501db3751b1a573b89bdac154f8cfa36a0f25a4e5a48b79b3955b,0,12829082,client_test_01_router_default,0,processed,,1781511841070
0x8c982581b0d3cb9f43e78a0e74230de816e39dc09c1cce045d7a6354f4853003,,,0xae427c9d93a03ce7e53fe52ddfa8c456f63f39ca74da3c8500df25b0d76114d8,0,12829107,client_test_01_router_default,0,processed,,1781511849986
0x75fcdb2e451770942468390cd7d96c7f01e2d59a00eea1ae981e35360a9b8b88,,,0x2681e7fabe082a7af3b21bd4496b684201aecddfc3a9dc091b73f38b28895257,0,12829122,client_test_01_router_default,0,processed,,1781511854961
0x00d6ec228dd140ed515f4502442d0ba64096addef451cd12056bffbada46254f,,,0x43efba346232d059ffc26c273ad3628f3628ae73711edbf36573db1cf3bffe8c,0,12829337,client_test_01_router_default,0,processed,,1781511938484
0x1dabf45c816ca013f307259a32f713f066bcf579652bd396d38703fe26e16460,,,0xecae0097c59e64cb9d968638a94f2c564e7dcbddb6d80c778fcde03256dd7a44,0,12829350,client_test_01_router_default,0,processed,,1781511943638
0x1e4e2c70f12010ab2716ac6fb9a739569ce0d8ac9451cd3f5f343f73ddf25f17,,,0xd83b674212d673cf22854054f440bf8bd3882dc759a7e78042bbd4ecc0de432d,0,12829373,client_test_01_router_default,0,processed,,1781511952810
0x4015712ce2ca7b0916a45124d1bfcdb2f9be49f6ff5551067ec93a2dffd36392,,,0xf3bfb28a095b88fea6a38d40153f44383409ad9d6edcd91c8d4b6c39e91a3b59,0,12829388,client_test_01_router_default,0,processed,,1781511957930
0xfdfefe5083e6a3fc4924efe7a9be65239b64659791f87c2771964d4c8effef27,,,0x81ddf89c3f99d98b49e739059568da9291c6098013f42f4b2470ba91e3be8064,0,12829604,client_test_01_router_default,0,processed,,1781512046414
0xe41c03dfc8d8c31777aa52d216ca40c9936989f6729cdca59d2c92023e71a245,,,0x0a9b9702345b30ef00240af9bbbc0ea02b8e891576b9a0b54119ee2727277fb5,0,12829618,client_test_01_router_default,0,processed,,1781512052175
0xecec325dd477d495cf9de08e14b4b00333035f70e17f73c6f18100d275e0a0cb,,,0x0fcd687684320e98398f0ab43bc41ad59bb1070c795b6ff9180e0e92897ab266,0,12829641,client_test_01_router_default,0,processed,,1781512060618
0x14d3a62ccb0cd2a4913095fddfc8114e69b984d6f8a845789ddc0c76e12ead60,,,0x2e0b9b2fca548f616c9702cc90b5280a7adbda9fd24e3e579da4fac67806d954,0,12829653,client_test_01_router_default,0,processed,,1781512065621
0x35062a048962c1d486501d14dae6e0c77e7bb421b545db538d43c4995d66c676,,,0x2f1798be7cd7c5a3f1f953e322a2eabb9b49842d1681c8e51f68fa12ffd5fdbe,0,12829878,client_test_01_router_default,0,processed,,1781512155056
0x168a77665aef4ecc5141b8de8692dc95b52d03c2be5da072036bbf41edbe0ab4,,,0xf8511d4bc5f509cc42b60befbb755b27d17ccd81a6cc5314f6de246ee8d78e0e,0,12829893,client_test_01_router_default,0,processed,,1781512161027
0x2d2d63e7583e3e2ada70916f4541bcc2f2ff01b7350c2fcf5307d0814506d202,,,0x3d22f3ba066d169182b360f3f7af6ae862989738893119b50ac9da381f273552,0,12829917,client_test_01_router_default,0,processed,,1781512171477
0x47ec8d180e2a193237b65e718a5aeafaf75d8792d68c4cb6900573e427d2d47f,,,0x095b54109aaafc6a5b34a19e6a42dae9698b82e275cf23775a72b5f160b5a847,0,12829931,client_test_01_router_default,0,processed,,1781512176213
0x459741bf45bbe324d854c9ffa4ee3d8779a8a4094624edea15ba4182c93df9ce,,,0xbbcc5046dfcadde3a5386a128b679f43ee3983710d8648dd296aa4f6622e99b9,0,12830149,client_test_01_router_default,0,processed,,1781512261416
0xf37c226816f736d53a0483cfe7cac99a56b822a90ed37db367d32dd040f633ca,,,0xd342de76430ee9a6ed9b3ee6da06f2ae8eeb92fde70083dc168870db408123a2,0,12830160,client_test_01_router_default,0,processed,,1781512265593
0x2e8d06002cbb114643fa0aa82daed6fa6448a3c4ed211c893a9531100ef1bba6,,,0x1df05736b1a8a34b2d86aa3c7d60b6da98061de80dc6009c74ab205f670f2ba7,0,12830162,client_test_01_router_default,0,processed,,1781512266350
0x4046780691277721a9a3483a62577905e641794996645fb393df625842efd016,,,0x58f2bfc1dc1d5190e7ad2dd56bbb164b306224afe9d9f6bfdb1febaab913c36d,0,12830163,client_test_01_router_default,0,processed,,1781512266904
0x035538f9e75448b83482078a293b06bd40f3cd5991648d06489fedc950c6cacc,,,0x06a5ec02dab28d202d0ebe860dd2cf54cc9a2617526df3ca73b00689dc9b0d67,0,12830166,client_test_01_router_default,0,processed,,1781512267983
0xe99e1ebd3fe1d849c40d7c382b6bfbeaff800e50296589cbfc312f7054566b55,,,0x4f50f2e800c7891ddf2d59a4110189820e04465fb7fa5c094d67a3ade3de57e7,0,12830184,client_test_01_router_default,0,processed,,1781512274401
0x2209b9eb6fe30f42111171f3c3c5abe50d085cc0f34715d266a37f0d46bc8b4b,,,0x79302f242d13e8409e04d6eaa2465993beca037d169377979485e4f16996ce5f,0,12830199,client_test_01_router_default,0,processed,,1781512280307
0x5fc4389491fdfa46e4be2f4d13805cb3c63ebfa5967b6d58b9c616a4d4ced186,,,0xe79e37a6cbc3d5a35e06032a1b818320c4254a60446ebe7b5069372e936c9e08,0,12830388,client_test_01_router_default,0,processed,,1781512354657
0x1ef6cfb66cff7e2dc07067ead047360aca21d208aa0fd3f2ffebe8ee0236d39b,,,0x83d1a923a43709da0933250863a8ca79783fe4eeb79e721930d0d37544043e9a,0,12830391,client_test_01_router_default,0,processed,,1781512355919
0x835f0f9e45256158c1f6d466e17a44b023673e5e2870a498e692b8dca6e8dec9,,,0x7908376824b51fededbc14f8fe20f9bf7372a5b17cd7b6cf976e3188880c99ed,0,12830394,client_test_01_router_default,0,processed,,1781512357163
0x4a8dc021f0b9fdecf5f059e12c420501ba89530ab32b97d0b60c95e3ee93f577,,,0xb6b24137884697ef5455b0098d6ed62cce16ebf0344f75cf247217aea0e2b9da,0,12830411,client_test_01_router_default,0,processed,,1781512363981
0x1af03f6fa17860910718719ca53e1ffd096378177c0676c1ee543a464d6923e8,,,0xafddccf7fef9866f8cd16fcf4c071cd17aba722b753c1c419dd42a639e1e7cc3,0,12830423,client_test_01_router_default,0,processed,,1781512368501
0x0521e89bd335a789aff2c6a655c546a28c45179e343fa329d8aa0ab991d6aa38,,,0xe08ac0ea9b9d4a1f7cefc77e368381ef357e19fe3718d3d97e8bc0db0df7a6bd,0,12830425,client_test_01_router_default,0,processed,,1781512368985
0xa733746e8839335c45125d1c059295bd80bced894eef8e2a1ffbf4aa1b63609c,,,0xd958114c753a756f7c5d8bc07945712ffcc91d1c9e974f158da8c2da289f4cee,0,12830426,client_test_01_router_default,0,processed,,1781512369731
0xc09488c0c47567545848b1c75f9a272fb0052843d3463e7038958c5ebfdc128a,,,0xe51ba3eb91be4217d7f516c59d88c6b12974d2b37eeb35c9a9d5c070647eda23,0,12830430,client_test_01_router_default,0,processed,,1781512370934
0x89aa11d04d7b2c5b26feb9a7e444c6038399f0fb874685fddbb07ae6e7eea187,,,0x05d85c58ce04e2eca2ae11a975f67489650d192f715db141f931368dfdfd4b35,0,12830452,client_test_01_router_default,0,processed,,1781512378013
0x0477e94c06e4d4ed8ef015e6961abbec4c8f823754b692c83fee49d3dbd7fa28,,,0x4610c2caf6e377b90817168500f65ab62b6bc26cfca6881c2f62b43d792b91bd,0,12830464,client_test_01_router_default,0,processed,,1781512384020
0xa629373cd73625e2af20cd012f69f5dc2ea207b1fd7eab1a3da19af2e60e9b12,,,0x7108298d7c72b383e74a6b68431859e3c0633db6a64a4add5e168b3940f10e36,0,12830645,client_test_01_router_default,0,processed,,1781512456352
0xc40edd9c517652daa4e89ec10050a7337fa575af46b08f7c6ccde172b47a0478,,,0x5fa9a0ac78c39a35c43a637aba1e5259cf22dfe5aa18ec439aa8cba1fa8dc123,0,12830648,client_test_01_router_default,0,processed,,1781512457630
0x07712583e805b2c9f7486b4da2ce1b9cd5ba14a96b48a60d9b624e3ae8341c1a,,,0x70e00db67374b3716baac3dfb580bcf91032234b84841b6b0f254fbfa14951ab,0,12830651,client_test_01_router_default,0,processed,,1781512459144
0xe8e5b6fe673384f9bb9c27c20ad3b69ebd9ff80c5f7c3326a0d061330b1f2b88,,,0xebd4bf4c6d7bf1b26eb33d31c71695d10a2d0c776909356d948d4d9790178867,0,12830682,client_test_01_router_default,0,processed,,1781512470997
0xca6522b59c5e90d0be49b8bde9b31e223adad18fbe285861e77070512d4deab0,,,0x79313378025dbbf45c6ccca181d09c9a28c819cf81c293f443076e4ffbf9d184,0,12830684,client_test_01_router_default,0,processed,,1781512472225
0x4ead04fb6395d0f5ce0cd1da760a541cb6248a85b9c61c053252108d4679c1e7,,,0x48dbdd39f636fe9eca47d9991655ae28c4b43305862923ad40317157311fa04e,0,12830688,client_test_01_router_default,0,processed,,1781512473474
0x912fe5ac2d908528cf84caa566d9a50daaf17baf7b5f9945804ecc91a6aab17b,,,0x1325cf4e79ab6ad3ee988e39f650676253d89407616c933ff2d051c2275c85ab,0,12830905,client_test_01_router_default,0,processed,,1781512557381
0x2963615e146dff3083d074403720e5cd0ae91af0eb8171a889c86064855b92b2,,,0x8806b6b266c980156336738aea39ea9c6ea50c08168ca7e13a68366cf6298e67,0,12830912,client_test_01_router_default,0,processed,,1781512560105
0x9eeabdb2eb4b07064b448f7019e74df1f90d5df0b809cb40c641120917dc4184,,,0x47cd9c9aa8224aad823a4bb07e6a244ec0411426b73d3e1514cfc9ddf08ce74e,0,12830915,client_test_01_router_default,0,processed,,1781512561418
0x4129ef9d2ab628816ee6d022b3176ff1742bbb0e1d3f4c7e10e98842df896342,,,0xf6585a3c5ba0b7a3613a1e7a310e2ba0f5a50f0375d0702f76691f008f490e18,0,12830942,client_test_01_router_default,0,processed,,1781512572418
0xab356df3e624a8b651b717cf3fef84cc255abecaa72280a5ae5a7edb44cd4654,,,0x7c7d152ba67b56d5c02950d363a85022154945d9d59426225c8cc7df0fffcdae,0,12830945,client_test_01_router_default,0,processed,,1781512573872
0xc9bc38655e9e5b14dcd9c440ca904a4b53ddd8e6d9dac7c93d40d63e923409ad,,,0x35d7f55bfbe097c266dc3f4a3c74b775441dfa5b5bb8a8b06ab7c84fdb428a8f,0,12830949,client_test_01_router_default,0,processed,,1781512575103
0xff188560fdab79ddaaf3bf42f50f1c8d4b32abe5dcabe9ceee58970708a991bb,,,0x3d8c4794b2d32e8f6dc1800abf02cbb43a8e1f459e8482f41fd9882101328964,0,12831165,client_test_01_router_default,0,processed,,1781512664333
0x2ea9e41609225d048bf97f998c056d243e647b6c82423c62724906c1cf9aff54,,,0xcec15e9a74e96a159199d4bc320ff5c61b8069a3a9b82eae0f750e29ab6f5867,0,12831167,client_test_01_router_default,0,processed,,1781512665824
0x07ac174d55c59e83cebfed6949f70f811b5146cd09e49e01416f3c66be4b7bd4,,,0x075751e9fd2d19bebfe8201b5fa7c5393278d5b55cb8e5db59afdeb6cebd61d7,0,12831171,client_test_01_router_default,0,processed,,1781512667723
0x985101dc80858899b7f4d7eb048b73bd8fadc6482c8aa7b03759c1d9257cdd10,,,0xdeb1806826cf30e426a5b270172597138e88574280cfaa3fa6ddff79da7b6c4a,0,12831203,client_test_01_router_default,0,processed,,1781512681349
0xefc0c2d6aef14b1f01971d561b048413550c3d70fb34a202256f5cb8fcbeb14f,,,0x9a2663ba8808b889fea112b52540a7d97e0c3caf433f24e5dcfcc6438e78abcf,0,12831206,client_test_01_router_default,0,processed,,1781512683022
0xd946e383b75dde2243204a57b90a46f3c149c5079867e1bc497377ddd906abdf,,,0x1a2646da0741b9d37d577eab594ef15e02777c03914920d86e065da2503dd0c9,0,12831210,client_test_01_router_default,0,processed,,1781512684471
0xf59d7e0ccd533bdab2a9ef9a9d423aa3a102ff5f239b6c7128b15b44e2bc0572,,,0xd2fec182fc891ace8fb8ddca8c9c00356707765ec80f53b076c0806e546ac1be,0,12831434,client_test_01_router_default,0,processed,,1781512772374
0xbe2f256461268f2009e8f1c71afcc1da752b30fe904d23937f2419e74b726721,,,0xc71efe92886166fe91b113bd316224ab06abefff5b999d48548938df0bae8e19,0,12831437,client_test_01_router_default,0,processed,,1781512773924
0x9290a59bb5fa7331127d01871da080c110d6ca1a0f01865e5353e1f66b9183b4,,,0x7b1943df1568c47189124448201c56a39200c891c155fcb3be101e3d74826d6d,0,12831441,client_test_01_router_default,0,processed,,1781512775086
0x5b57cd32a75bd907ad9e13693135d53bc0e914936d5bad323665e70f79dbd648,,,0x980e42c91a129769bd4c8f8c6d5d8abadeaf172135b541690eb701b2dd5f5b9f,0,12831471,client_test_01_router_default,0,processed,,1781512786961
0x1f5bd3c1a83c1c7c735761c61cb4dc44f1ce74f61fada5b19f631fa88acd9f64,,,0x4029b68350f7cc58830939b109af5d5444aada5545cf442559f679dabaf3a08d,0,12831475,client_test_01_router_default,0,processed,,1781512788405
0xb423e00880fc3d2e792e71310e5352d88973a55444e795641b370eef9467a29f,,,0x54cdaf30125b0c374e8a1cc8b6564a7ceed78d06ab3437986f483fb627f52005,0,12831480,client_test_01_router_default,0,processed,,1781512789767
0x41b23f9b253542f68067060b9d1aabc11bba192ebbac87960db7f6b2bf4330b4,,,0x17331f5a7fd7c8eafa8c3b8eec5ff0e125db7633bdbda4e5d8adf70bdd214bee,0,12831696,client_test_01_router_default,0,processed,,1781512874144
0x22e5d6f95f627555ce551183b367de98782af7798cd2639e777dd2e3ba75af06,,,0x1bc683bb381af395d3f43f9a3a57cb6cf154f242fc7bc6c69780623c9d81c8ba,0,12831699,client_test_01_router_default,0,processed,,1781512875428
0xf696413a4c6728527ca823420ab7caf465b8eb20a755016d54ac1029c4d941ca,,,0x56717433b401b27194700c9cce76b4201216fd6a2fe66113bf4bac64cadeb6f1,0,12831703,client_test_01_router_default,0,processed,,1781512876723
0x6b7054b63206cfbfbf7b213b54c9b8f241a12581dc10922691037a3c8b7e2e9b,,,0x2fad02419f05239f996740d3fe94619e121d02c00794b926771ae896d9ce3e12,0,12831733,client_test_01_router_default,0,processed,,1781512887994
0x507928d4f75b6cd0f4b2079bafc40dfc8604e801c7bdd1aa345548ca1e51619f,,,0x5093559c79675b2157506bcdea54f2f31a6691843427eb7508482d634e789938,0,12831737,client_test_01_router_default,0,processed,,1781512890327
0xb558c4a44c8ac946374b13c221442fab9f0de231edcb44552359faf4e4271f5d,,,0x0841a54fc958939c13fbe4613ca842ea7729ec619eddd2e4132f5445a2f75b0f,0,12831740,client_test_01_router_default,0,processed,,1781512891516
0x11674dee8d7a0fc8c4fbfdf48a46d2889bd75c4069595b75ab3a1a5ad9bcfa64,,,0x2a8f500a2c25b0e199855d4096f21c8d7066d9ec9d4860d1153a2fafbae1ad76,0,12831847,client_test_01_router_default,0,processed,,1781512933273
0x367f58527c8a87661975e2323cf3d5af89dd3641f05ba4f10fbfe10dc6794b47,,,0x6794f56f838857c4348f0168512a1db6e9a174ba44167b03d49c4e6c3c13aaf8,0,12831884,client_test_01_router_default,0,processed,,1781512946999
0x69794c2dbe2c8d57057d82dd44e9520ce294dad0255fcef31f97c75b90ce1b6d,,,0x565992c0deecd82663e4ff2362c81e21046c77827f5b88b6cc0cefbf51381b56,0,12831959,client_test_01_router_default,0,processed,,1781512974659
0x2fc361233039eb4188d353cb4de51463ce6f88db658bb85bfb82046b5f2d22ec,,,0xcef5116de02071102359c654c1153af760bf8991d64051386ac735d077719eaa,0,12831963,client_test_01_router_default,0,processed,,1781512975962
0x87abdf875433e2de91fa69b55467fceb35ab967dd9894bfbcc7b1df794481c79,,,0xbe143512922fb5b3d8b949379ca9715b3f29e135065843dd058e49c8b26c7c19,0,12831968,client_test_01_router_default,0,processed,,1781512977669
0x1651f10c2b5a2868169ded011df885e9d3311e43dec9c0f94fe2b52bbb408382,,,0x8cf1acb1351d4f6e9283bd42ebaf97d79ef8daba4488a33f57568650ba3a5469,0,12831995,client_test_01_router_default,0,processed,,1781512989635
0xd1e907947ea7654d0dab13aaf22766330644608309f153509dc978fd2f83a661,,,0xf9f8272a0c6f199007be0ba492fe3b60cfac276ee60334f81e86b406a30ac950,0,12831998,client_test_01_router_default,0,processed,,1781512990876
0x793b96c85712a40fbc35cd4479807cfdb2114bca915505fe26bc51c84b320ca7,,,0x0ef1f167288af65e06d05981698c113038c11d14afed5c6ac824780fd2608db6,0,12832000,client_test_01_router_default,0,processed,,1781512991723
0x43d06f1a46fd6c997a76c7f0efbb8987b52c5cfb955c83e1d0c7feab618346a8,,,0x84470fdaaf75a408ac6657f43ff74e15265b53155ff3d4daf40cbb34e356c6c4,0,12832001,client_test_01_router_default,0,processed,,1781512992142
0x0171aac6211262e80853d096f8f55fc6ec79e1762107e54d3514e0e2042bcc17,,,0x65f4ba75f19d45a325c88c919f198a0b78c10de713651c3874c28c6c1f4f222a,0,12832039,client_test_01_router_default,0,processed,,1781513006599
0x540cc5178490e704b7b14e363aa45acb5ec6d5f7ef864620b74121e5124d8903,,,0x07b8191160431a4c585d4da1eadec5a2a8381572c96ae966ef6640691722beb2,0,12832112,client_test_01_router_default,0,processed,,1781513035077
0x4515c7bf5e8d811c6aea84420bd1394b6d7e17089fe7d11bde036a6c917add56,,,0x5232302478f7934e0dcda04e2d3aa501d9fef2a0ef6c84ffab99a00552f24e55,0,12832146,client_test_01_router_default,0,processed,,1781513049379
0x832b762cfb67e009b57296178bb2f82cdd78c68eb48258300532e4efcc0bb5e6,,,0xc77779c04777b9f9643d7c6942c7fd598a5506d4fabd56438d3cd80cbc48320c,0,12832224,client_test_01_router_default,0,processed,,1781513078952
0xb237b593ef5ca8e788e995ebcbbea9e567aa67eddb4b3925ab9a49819fcaa049,,,0x05af97f30a7f7ae9b880faa09ec16e86e623859c129771dd6c4aeef3b03e5e03,0,12832227,client_test_01_router_default,0,processed,,1781513080204
0x4bf73b44cfe7cb01692f390900f1dcfdff11779f6716dd7e3635c4219fca27af,,,0x4416791b80541b8bd5f82619b21a45b5d9362038f188b47ce0e8607d11bc3cf6,0,12832230,client_test_01_router_default,0,processed,,1781513081408
0x6f640ccf91424409b760c80afa9c2648362393ccffc6bd66981a71c88d87e9ae,,,0x6c8812c6d253fd3449b5b55e889a49beebc0379b7782b47c06499b94ac75348f,0,12832247,client_test_01_router_default,0,processed,,1781513088205
0xcce53bf34133429dc0c295cd849a83037f4098f8c3f420b339f5c51683b552ca,,,0x7ea141f18b9f538e9aef068b90644824676b113f8360ee4cf38e7532433c0572,0,12832259,client_test_01_router_default,0,processed,,1781513092482
0xb072e867d9cd4fdccee271727862dec895abbc51561cf7860906a7ae42939bee,,,0x12e6b23e6ffacffe092343f8ac4f8ab2ab7c6855b85875476b0407f47ee05db7,0,12832262,client_test_01_router_default,0,processed,,1781513093729
0x3dae264602d5d6c6cdae8a6df083821a43f04c4fe73569c58b3a55076b719a21,,,0x71048621ed5ad9c6d2690a8a1139c7fed74fe81eb8154fe122dbcc3632ac91ec,0,12832267,client_test_01_router_default,0,processed,,1781513095067
0x68400b91d315c45fac419ffee3cd27d66b2128182cd2de0a8f39618faad12bbc,,,0x080dce83db805463e2c0c48142f28d18a7677100e80a11a9999d064eaba50da9,0,12832287,client_test_01_router_default,0,processed,,1781513102640
0x74e585b9b6b4d051741c57660f9a41164d17b18d1e9712f3b4c6aa689b95c963,,,0xe10ba707a3e3d53e2a423a2527c1411ddfc598b82acff07ccb599458f17e6712,0,12832374,client_test_01_router_default,0,processed,,1781513137189
0x4d904911052345d10dab5f975350e8f51444d9fd15bc40c7314a68abe7e5f14e,,,0x27b853859bfa0dd0a5ff19b0e6509d77b428594fbf471802d047bb34500c8ccb,0,12832411,client_test_01_router_default,0,processed,,1781513151892
0x283e455b4fec80c9ebd520f7bc816579e2029c0832f1df6eef760bdb60685aad,,,0x1a9b7cf3fee1ab6526778b78172235084f85de1bdf230dc1e6143fd731b0992d,0,12832485,client_test_01_router_default,0,processed,,1781513180863
0xd0c25b6271c16abcdaea41eeda6f42e4e8ece2db860f0e265a2edbac8a0bc5fa,,,0xc48a4474a2ea2b263c47083e9ae3d68e95967e3583725c6623255bad388fb52e,0,12832488,client_test_01_router_default,0,processed,,1781513182104
0xb5d8fc25f60e28a13ddf6729a064c99de78d1f8aee70f35d8b3c94b4b42e3f33,,,0xfdbd98ea3db2cb756e9e3304f7aa019b272df5aa52e7ecccc2d58065b136b0bf,0,12832491,client_test_01_router_default,0,processed,,1781513183355
0xb82ec38cfe423202a4e15684a1c8de38d375db8c4d10c9b3d36ac64602db4fd9,,,0x24de6ba61520efafb77c00323f5e2e84e471f358f27029b91b59908646c6cc0f,0,12832510,client_test_01_router_default,0,processed,,1781513190983
0x2f372c140bc5d8a802061f3b55214287ff0fb2578b6aab19887537fe54a09ed5,,,0xd8c2420f5f88e3b3203aaf4f6b77c2a0ab03302225fc46cbb54d0236ec4250e4,0,12832521,client_test_01_router_default,0,processed,,1781513196051
0x8b9f34274a07d0a13d1a0b2bdb8b014695e6d37a66fe6908d85bb6848c8f4563,,,0xb0268bcbb075b15b5b349f87ac3e89273cab77a54f40015524a0b4f14bc33158,0,12832524,client_test_01_router_default,0,processed,,1781513197254
0x9f51b121a50f914351be8793a3a54b30fe66d9b4dfbb4de7bba691c757d3ba2d,,,0x8e27df4eaa1b6468cfab2801cc81250f5bf29c02312396233a7a879b3da043a7,0,12832527,client_test_01_router_default,0,processed,,1781513198449
0xd4a361f1e6086515b42e7fc521ccf1194d50aa9a155bea78f8ec777d69731e17,,,0x553ffa39be4e7e2bf9c9d2210c9ee7215f562b2de46c3d4ced792762428d94ec,0,12832545,client_test_01_router_default,0,processed,,1781513205506
0xaa8112fb5a8735775f678f146c447581e3099ff0a2b8b7da06013ff536fe4d3a,,,0xf056fa3400ab5829db6afbd407999398c42dc5ca2d5987f4982862d73f74f003,0,12832630,client_test_01_router_default,0,processed,,1781513238388
0xb1d445fd274186be3b8a6a94872d6bc591c3e242c98f58b09cff7e1ddb5d0f04,,,0xe8935155a3ab02bd2295bb1ab1cc36dabd5f70e5224d7b4e1c24e392623b6e23,0,12832668,client_test_01_router_default,0,processed,,1781513253660
0xa1bf19374e6e12a8ae83a32b2a6d5bef80bb5239c3669d3648a5bed132785c6d,,,0x264935a5d97a936cd2048f793e038a335771307a7e201d445e0fa64d892cd493,0,12832744,client_test_01_router_default,0,processed,,1781513282277
0xdd6625476fdd5590025a71c0708e553e3e6542c47c725536b05037a645ed5254,,,0xae99691758dc7924678c5c5e35409724cdb3a672870f9519923f094353a7d9b7,0,12832747,client_test_01_router_default,0,processed,,1781513283722
0x9d0d47759cd0bae7a97ddb1db8d4b95cbbb04035483bb11536fc714d7c3c72aa,,,0xed1fb9f989cce5b1f0b3bad7375efb149e44f9b3d03fa35cf6e414bb7821efd8,0,12832751,client_test_01_router_default,0,processed,,1781513284937
0xbfdcb742591ec3c891ee1a772d005da5220b605bff7558eff758a006486b93dc,,,0x825cc65693dbaa79d4c4aead36e5340e825d75755c9fdf30cbf90431ee0f27b2,0,12832767,client_test_01_router_default,0,processed,,1781513291394
0x8b9a3e0213b410c3b39372c6d7f19d176136e6b4a9ed5ba64c6f80de3a0873d3,,,0x81af061b9f61515ef40476a9442a106491c2aa3617988edca30023bd7fd23f69,0,12832779,client_test_01_router_default,0,processed,,1781513295705
0x944ad1ac2aac638a19bfe46920b2fa1fc96b2a0300caa001a154dfdbcc4e4350,,,0xbacf2f402400a44a5f228674df24d279bcfcfee1110a8652d3a0cf00a2bab26d,0,12832781,client_test_01_router_default,0,processed,,1781513296948
0xfbe2780a57c9101a1f4152c557ec44a98b47bf132c63f3ba7865275a9ede0784,,,0x50f8a10c98ef67af1fef5546f95d4b493ed3ae9c365a15be04b1e548068801fa,0,12832785,client_test_01_router_default,0,processed,,1781513298181
0x2c7c848bb045291a8a2679104e5e30c24d342b1808a53ec8f780e233119ceae1,,,0xb4470e3071ea3c969989147f07923829a644df22a00d0ab1e6c74b9e0ca33552,0,12832802,client_test_01_router_default,0,processed,,1781513305003
0xf5340648ac9c1a42482c549748cdc3a9e6b0d636c8c8fffbbb95824373ef11dc,,,0x8850b2436f7769209cfb16cc555b7d2718fb8cb5cc652b047e25500fb886e98c,0,12832891,client_test_01_router_default,0,processed,,1781513337637
0x3aab6019b2891cac92fcc3a59b851fea443cdd2b6bf0f559ae6ef0b52765628a,,,0xb47fd425aaadbc978f866c15317211f7f2f50fa71cda67bf486c6a3aae8683f4,0,12832924,client_test_01_router_default,0,processed,,1781513351399
0xc082968928ead96e1291f6dc14b2a8b283b7ba1a08c2fabb635aaff17e11431c,,,0xe02327474f6ed4669091c767b435c88c58d60805cc4596e27073bc0862ed310b,0,12832995,client_test_01_router_default,0,processed,,1781513379420
0xc933315cb25fc508aaf6a014de1c6c9f6d358525efb764a6e06e83f002abfb90,,,0xb7bc5f422f266940237252e143a93f98f3b36c7f49dc3dcb0d67bf61c6d4a988,0,12832998,client_test_01_router_default,0,processed,,1781513380664
0xcc8e737554684c17c76e27f7055f5a00b6e683d3963e669cb7a77b0aae4b7fd2,,,0x1aff2803423aeff6e6ae6cb273429cb50f1fb19406757d5c7a55119c7e033717,0,12833001,client_test_01_router_default,0,processed,,1781513382112
0x414244dc6daca4b98a5c255c67dcd3d28792dcc4db11631c8982a848fbac61d2,,,0xccf8c5934cbb9e4dc092c3ee898cc8517d13f330cd194e945ad24746c7d5c422,0,12833018,client_test_01_router_default,0,processed,,1781513388375
0xb533a2151490ea2a64ebf6bb5409d8bf0c1f9dd19aea4db171e024ae634ae787,,,0xcb5b0548a389cd865ecc87cab75dc38201a294ab0cf009bee5c83f529224aada,0,12833031,client_test_01_router_default,0,processed,,1781513392995
0x195d2b3f7043ef9b717a35b502c0b1eb5678dc624139c04344ae10b1b821dc8b,,,0xd843263118a7c81829313b38f828c33abeb53e56ba65017c103c8f0945262243,0,12833034,client_test_01_router_default,0,processed,,1781513394230
0x0594a94168bed9ab5935d1a3ccb9ec8496842fb3c505c2a94179d5b9a98d86b0,,,0xb678e3fff9fb2ab039372b13b338d424734c5e4a39f6a8aed5239144983eeb66,0,12833037,client_test_01_router_default,0,processed,,1781513395486
0x66c50b4cbca43f5cc056d3a7779137ae64d0ad5747091e861d03c52f5d779ecd,,,0xe6a48c0fb125169208b57661eac53468e02d70c7e3e1454902502ea5a271478d,0,12833055,client_test_01_router_default,0,processed,,1781513402709
0xe6ef78a7c6529125290414ee4c0c718962a0054dc7aabdfd9e7119311c3bee19,,,0xa54434c2caca92fe110dab23c3782480c14507f3d84c4d1fa3e8fdc94f449bfe,0,12833139,client_test_01_router_default,0,processed,,1781513436154
0x257a56f47709ebbcb5cee1bd3e1b3647799a24d9ea56e82fb601275c48c04f07,,,0xd8968f5e2161835dbb88a3b16a84b1d26c2dbb2b7d8a9f037ac7c8ee13d6e886,0,12833174,client_test_01_router_default,0,processed,,1781513450138
0x24fa984d065dd4d45f9ad662bd7a785f5b0ba3f587ff1acb828be138308961ef,,,0x97d091382b5fee01aac9e12df14d6294768276692080e9b71ec1821c05d0a288,0,12833248,client_test_01_router_default,0,processed,,1781513478521
0x21b075d9697f1278ae1f3ab1cc565011f7336d010688d558b2e95ec488fc1f5f,,,0xf434e8223852256de19442f0810ebd0fc45b273fd50c545ec6678f3bffa596f1,0,12833251,client_test_01_router_default,0,processed,,1781513479916
0x132f030a28316d99bc0fefbfb8a4b86d07538d39526e712be05430a64876ee9e,,,0x81244e88574e056cfcaf5d0cb7db0bd24946474e164c1a6fe03d97fb49a8f864,0,12833255,client_test_01_router_default,0,processed,,1781513481193
0x15b995f64ae1958ed88abaef8ca34fe42fa4f92790724a531ecd868542d4f3e9,,,0x37ff6448ba7820f0b80216c7d48650c017718f9e6bb9eb826d93ed795f068926,0,12833273,client_test_01_router_default,0,processed,,1781513487545
0x2202011801dd35175cb971087535459a55f77bd2b90ad718ca551aeff19bdbb6,,,0x7f26cc259782899cea937edd984943151bb7ee4209e3fa17eb42f18420f9967b,0,12833284,client_test_01_router_default,0,processed,,1781513492601
0xd4ad291fde9e8c2c031f66d3c7933d746c8bfee74db099b7423fdc8a40042bc7,,,0x771821efae7c11e8c3bb2a981ff2d70060614e416376b5043d67e6e61ed8465e,0,12833287,client_test_01_router_default,0,processed,,1781513493824
0x4700cbf77c10123eac747c221cfbcf12aafbefec97eea9b18c5b170bc46e5786,,,0xd36daf43fb070518c9cf1998348044f1dd6ae5772347abee1f8364d3f7585149,0,12833292,client_test_01_router_default,0,processed,,1781513495158
0xef8553abf219559ad27d57634aae0f345aef56be8089f53bfbfebc374c2f8fd9,,,0xafcc99533a385c4dc2651c6d0d432ebd42e78556f7932a98e6d363d924f46896,0,12833309,client_test_01_router_default,0,processed,,1781513501623
0xc1ef39ac36fab0d8015131a6a064d04a5272be3a4e63229fed24f9a71b28ef36,,,0xacda1765e8e1c4bf3ba677e0337ed3e78675a9ff30fc1af4b063c20047a74f0b,0,12833396,client_test_01_router_default,0,processed,,1781513537499
0x089bc4c26e0259735c216c53e7d1b4540c21dd60fb91090c1b1631691df67782,,,0xdf77a528537bd6ad32d1fdee1821efbb3a0abb0719c6cc3f25825386c5258d1f,0,12833436,client_test_01_router_default,0,processed,,1781513553080
0x7c27066046a91ccbb87cdfd9db170d2f550e2ec3786856e2b9373ac1d4454375,,,0xf7e25b9b1fc3a3ca6e24b422a7c641589c87cde1be857fd630284e8c392efcc8,0,12833511,client_test_01_router_default,0,processed,,1781513583393
0xcb9457a7d893a102374a8d278325d733d599881c431af3de8f42f033862e10da,,,0x6df4398f75f09146e2da3b390983e91ab852401c423b2760b9096eeb5316241d,0,12833515,client_test_01_router_default,0,processed,,1781513584606
0x6bc4a95dd645c5ac555e8d03ed6842ed748f235573e70f0aa896b7fa8c70e28f,,,0x4ed70cb755fa60d549b134a404bdcf516b04350c7fba894f105e746175c25190,0,12833518,client_test_01_router_default,0,processed,,1781513585834
0x46b6734e3b691a13bef7fa783c5591134a72af5837698a309e95d340ab06b814,,,0x0089f9d005b9fc0e656d3d1f2445d7144977d0db942101ad9721c35507dc1b1a,0,12833535,client_test_01_router_default,0,processed,,1781513592853
0xfddca9978110bd91ce3a7c7009c14940559a5fca1d175c7541a74e7da900d9c7,,,0xdb21560c74e888a861b313442c4331603867d176bc520fbcb69999990171ec64,0,12833548,client_test_01_router_default,0,processed,,1781513598147
0xa442a816f8cfefe3ab62a5ad69a0af6cc8a03abd377a7da113691f6a6e15e518,,,0xd2f7a615863cb43a97e2b1749bcf8d92071e91996530679d6144d982f45aba58,0,12833551,client_test_01_router_default,0,processed,,1781513599385
0xb7f1199b162ee9c9512e503ede62e5ef7ac910dc74782a41ac0a3567e625de68,,,0x6c6a5b8b70ab748a63c9417e4f4a8c8b352dffa44dbb503f774d5e0b635c70cd,0,12833556,client_test_01_router_default,0,processed,,1781513601136
0x8a414a8f7260b7fb415192cbea79aba2d4d8852b9406e1494d67f620f9f54abb,,,0x0281b4f541f320b74b3df8c49eeec33ef2588b122b810366f2837ea032937cbb,0,12833574,client_test_01_router_default,0,processed,,1781513608000
0x4f693bfc78bd001ab12030d09215cb94817c1e352fd0216278c6bd2032eb3607,,,0x5e399faaec407f6d530dec6ff02d2c243bb325344133dc53664d7d50cc5a11fe,0,12833627,client_test_01_router_default,0,processed,,1781513628664
0x4767233e2705787b340fd31beccab46d12654e4ed2a7b5c9c24db465fe5ae41b,,,0xebd7ed35631c863344f9b9e7730d2c4d98fe02ed3f276f5770f385a1a38514c8,0,12833664,client_test_01_router_default,0,processed,,1781513643826
0x574f141aaed03eaad5a94df51fda7fd095febaa57208241a2518b2a372a1e0bc,,,0x7e584e804ba3c36d1dbcfe5ddfa974058e45657b792b66e79e8fff56a981a32d,0,12833665,client_test_01_router_default,0,processed,,1781513644388
0xea343c323c069c6c535059c8aa27f16dd104bac0121c36f83bc736c8ff8b45fe,,,0xc19eaebcf3ca098c805b1f14efd2e68abc354cb695ea62d4f82d4cf6d435e689,0,12833698,client_test_01_router_default,0,processed,,1781513657146
0x535a8ffad1ec416dea8f4abd0c42c91b27477fd2af547e7d33f460f8888a72c2,,,0x9b8d18860902f2de4ae80167dd5814a0b75556f5e6766d548af2aa6b6703b7ed,0,12833805,client_test_01_router_default,0,processed,,1781513698456
0x446957445c47ebc9d7a536ae3a2901c05184c1c852cfe9d71f8d4783fcb66e7b,,,0x2ea17c52d1172a2318709304d08d9f51cbcf0d46641f8db86d30fc67a1bc3b98,0,12833808,client_test_01_router_default,0,processed,,1781513700802
0x2134b0dc38c879ef6e6b99ac629e739ebfeb685da1093bebd9f6909bbc6544c7,,,0x5b23ac4085a69fb637b4f39306dcd268a5a21b1b3c63848e2c47567ab72d2f86,0,12833837,client_test_01_router_default,0,processed,,1781513714356
0x63856be11a21bb70462f5207ad7c9cb4b4a8b226a44b54774357b96d1ea7dc9b,,,0x4b9ee8d09fdea76d68bfac0dd3b6882c1d13f544f13a742f8f34b124676a1024,0,12833841,client_test_01_router_default,0,processed,,1781513715536
0x8e4b7822892fe5663658c33a147b2942f43ab07c08e5cba09d63274c515a269c,,,0xb7603f346acad274f4679fa7b7a532fd509c3b7488d3e7e2600431fee6ad1597,0,12833878,client_test_01_router_default,0,processed,,1781513731643
0x28fc81b232f02e26be175936dfe6c631245c5b84e4dcac5b947a432d18b0ef93,,,0xe9d8944f09d66ae51c0046044197b0b16afd0fdc7e2d9232686cdd9c06721826,0,12833915,client_test_01_router_default,0,processed,,1781513745684
0xfd2aba11269d7a93079520ab8d8028d2ed73a26082f16f78176d34c9f853f238,,,0x69c3ce2928fe7fd488d7776fcb211bce54ebf592054e685d25b1f4d91624ece1,0,12834067,client_test_01_router_default,0,processed,,1781513807261
0xd4610aabc5e14b8c7d2c03b5a24636b95fba3cf5fef36982da87d3e314087a8b,,,0x1d4e38a54002f64a6bfe2956036b1f203e3d153b572a7541085423f9d7a8dc71,0,12834070,client_test_01_router_default,0,processed,,1781513808511
0xbee988e0e59850587789938ce7fc9811435902a822f7477a4ba0ae92adaef4f1,,,0x3f71ae60f7fc22af31df6c067eec7c225810156aa153bf5e4bb60d211d4cd133,0,12834106,client_test_01_router_default,0,processed,,1781513821417
0x047717159f74b117612f2f81a33dd4fe3585456136cb2dc25a247cfd9e141b02,,,0xb7746ca5402ab02aa1120b22e853e48855705e65e21b3c4e296a96735ee85809,0,12834109,client_test_01_router_default,0,processed,,1781513822669
0x23cc6c454c5d7a9b6f8a919b0bb7d34cd3f109bf166abfc84113859cfae29971,,,0x82e38058f92b318bf95f7b0d6b21b4da1048a84318ac492306699843658ae3a3,0,12834328,client_test_01_router_default,0,processed,,1781513905568
0xac84196f76454e6870a36de05f4fbc93e24df229093b5ddd73adbcc35dd57575,,,0x0de0a53a835d29d68fc1f59f823c761b66c23109f8fc3624d4940d80cd3f70f3,0,12834362,client_test_01_router_default,0,processed,,1781513919447
0x3ad8e9be557e2eb75f6f792fba50eb06848977d7213a6640993baa50165546e6,,,0x6318a1312b1553e72f56c83b81ff3ab5226dad1d8b068642026766388ca57bd3,0,12834579,client_test_01_router_default,0,processed,,1781514004600
0x54239fddad951600f0b738c08b9c820460d1e4e5f2b5d0f50f4c75a2523c09f9,,,0xb03ee07ca33b2d2b174bc150cc094d6adffb9a58031e3fde5d8db45e71e4201f,0,12834613,client_test_01_router_default,0,processed,,1781514018518
0xd965fdbd736ede72ba709aee5d30c65291b259e1c707c123ee50730652b20fec,,,0x521db0efaec736001fbce84658b8023557da85be23af3aad59128dd6ed98a2d8,0,12834822,client_test_01_router_default,0,processed,,1781514104994
0xa69d75ab64c43de8731d6d422899d3530c1fde7f9a69cd8750dd6634a6a5cb9b,,,0x08e1ac5ec5f4febbeaa917e6228a484b5e5da1877e1685de0233bb766978a6ab,0,12834863,client_test_01_router_default,0,processed,,1781514122057
0xb1ccb04c08b33a8711da1f87281b69b7d9011587e1c553739f2158364bb6fd35,,,0xf7585c55d8660341875b1ef8a90ab0be25d83fc5d87e2c141bbd7414d1c3eb6b,0,12835075,client_test_01_router_default,0,processed,,1781514205517
0x8fc1c95d9296a7e40f8c90f4426227141791c97eaa39b8701857e2bb12c775bb,,,0x8401de1f6d4edee8142585b6414d6c217bedf0bbd89d8c1db8a354e9ef7aa143,0,12835116,client_test_01_router_default,0,processed,,1781514222482
0xd12c981ddb595c85be552ecd170ee6f40363cb3742aa07cb5a4f051d805f4691,,,0x8a1f009b1c43d81805c8830e83d2265faa39db4b39ea13c41b75a0d45ffee715,0,12836214,client_test_01_router_default,0,processed,,1781514650070
0xec5f2fa6e3d4f4ef4bdd138c685bcf55f2a3aac3c5aba06790077c1afd267649,,,0xf00d064a4c5a79b28502eae18828411ef1e5c0f640b6a32421c833d48685c128,0,12836252,client_test_01_router_default,0,processed,,1781514664455
0x976a0a0dc831fad5d2d06d8fe1a9f3c84cb8e94517c0d51c8e4fdff66d0b7edc,,,0xa778310a7e50b1c37201dee640ae25daac42d006c8b506b090d877d59ad72695,0,12836470,client_test_01_router_default,0,processed,,1781514750853
0x905c53a859ad2af5c1b48dc494ce19d7a91e6acd68f7e947c51cd3a36cd52479,,,0x5c4b6cd47af2ccb76ee143618d3dfa7d33ca00c0a3feeb049f15b70baa5ca138,0,12836508,client_test_01_router_default,0,processed,,1781514766083
0x3e981a06b5f3aafa4d3579f6be963467d74028eb91450c08eabb7863cc6ddc37,,,0x12e165139e16cae8b3a3d395a27995d959fe24e51eff41aa64f414bf8c42a338,0,12836731,client_test_01_router_default,0,processed,,1781514853908
0xd123f1e567ba59403f6bb9ea1549e7f3728124ea4a897471798e620c561a3e0b,,,0x962dc664d23aad02bd862d1456b9c3a71b05e4f10e15928799ead48ce0c38bef,0,12836740,client_test_01_router_default,0,processed,,1781514856831
0x4f0293eba0e2b920012b7ffef4b077565341cf98b040e6a3434a14e47f0354c6,,,0x90a27b44c06ad5b9e97cbd2f2ac0621ace4016741d05c85c3bd9fcfed09884b8,0,12836770,client_test_01_router_default,0,processed,,1781514868109
0x273979fb393930b38cc1ccd45538f4703ab71351eb72feb1e432e17cc526a2de,,,0x9a7dd90da129dba7449747f5c7c5e32e3a80f9806a4ea136b8859d9eb75f80f6,0,12836803,client_test_01_router_default,0,processed,,1781514882766
0xc649d93dd6f7707248259cd1ab0f0b08392a9f12edb30a83e56d67155f720655,,,0x2be6c7c3bd2ac32026969886ce34a14c2cd81ca5a560d2412a272ae1fd0aa1f6,0,12836838,client_test_01_router_default,0,processed,,1781514896543
0xf41635467a6462c3989daeb9c2e232deb5a771f8122686188f98ddef6a53cfd9,,,0xf9d91aa5a3d50df92d53f5e7cfe2f202aaf98ee2a758b452b5d1a293636110ad,0,12836990,client_test_01_router_default,0,processed,,1781514956119
0xa6b6833cad878028eea105cec540d343631f2e5433c6796114577f8a34622afb,,,0x925cb715420e26d16a060902c977bec578a9a0bb99ddb3736a9a2d8ca5a23fcd,0,12837025,client_test_01_router_default,0,processed,,1781514970267
0xfbc600d5da5cbc5646d932bc2cf55b520bc3f5d6e0a445c90e384e5fed8a95d4,,,0x64e07eff17d4dcb33845723fd25d236a82395d4c3e5dd5449803371acb7bb11e,0,12837061,client_test_01_router_default,0,processed,,1781514983869
0x617179ca986fff2987179febd244a044ca2e6c22dc60ab0968e798a7d987e239,,,0xa7d100f6a5d812c4fadfefdcddf05905266b5d9760b7fbb8e061d6c38a5b49a2,0,12837100,client_test_01_router_default,0,processed,,1781514998781
0x6a94151ebed428e051de60abc1acc988ef177dc130d7e5423dde42ba741612c2,,,0xfe4643c6c4bacb820f91cc72ae2c7e1f1018f69947c2051fa32e9be8eb3b92e5,0,12837255,client_test_01_router_default,0,processed,,1781515061217
0x69377e7787f500be60f97712d1def4f07634ea07fce6eebe5e0903f9cf1eacfc,,,0xcd7d8d86a390ed31ebe1ea007704dc4713cde8c7209367d253287b890b814fbe,0,12837292,client_test_01_router_default,0,processed,,1781515075132
0xe643ae1a5b4f0765ea93380a8c085175c5d8ac1a009b0ca5c4013c372c4ca4c1,,,0x0808c4ef6fcbb26e593ce0ad487f5f9fccd6d076d5130c6c1e7ea763e258281c,0,12837510,client_test_01_router_default,0,processed,,1781515159351
0x6f790e7a451e321471830d7a73741a2d0284e9b055ffdd3409cc2e9743c08eff,,,0x8595b83ec765db0bb090dda5a8bad7085fd833682d7c1a7aacd0eb29e4a6b793,0,12837545,client_test_01_router_default,0,processed,,1781515173527
0x4d85d52a4332a6761edf1437c746dc95af988348b97f5c1b2b1d7f61cd2e2e28,,,0xf5ff69405e7f9d9a5339d8aa55b02fb2fc5f78fae849b84e678f1f51694110a6,0,12837773,client_test_01_router_default,0,processed,,1781515258430
0xf4b69e42b7832bdebe64dc552a4fa05e325cca5c6dd9d880fa3222734a99c2a1,,,0x05eef7477cce009ffe87eb60a7a1b20f4c414f9472deb3ce9dd0904ba5c8b983,0,12837809,client_test_01_router_default,0,processed,,1781515273702
0x66be8814b2dffc6fa2823184e7ba24a1029a8513bcca9e31b6e1eecc8287a570,,,0xfee27ec28528909807d00cfd228f6b73e3a9a2d8351c62d5cf72e7db3a1a6c01,0,12837929,client_test_01_router_default,0,processed,,1781515321825
0xbd6a706b626a3f5bff4e9284ad91bbbec34145795b6690dce0ca69286efae372,,,0xc7f3aaac2a23201f88fe589861c3a3d086c1c74c89d977720f002b1d040931a8,0,12837932,client_test_01_router_default,0,processed,,1781515323073
0x227f87a680e7c09c44995a7878071dca6aa091011830617fd9bbd2f06d7c94a6,,,0x2baf9aaeac9cc79cf9031c86173c22a5a55358a1cedce64db20eb19c894e0b16,0,12837965,client_test_01_router_default,0,processed,,1781515336052
0x3010ba05cb0b2597abd203ddd66d9f290abf42993e75c26addfb493f1f669039,,,0x2e90f6c96918ed778d76ddbd3b76fd977708b9ca51692a2eed35e4249c5a1575,0,12837968,client_test_01_router_default,0,processed,,1781515337302
0x6878ea9b8c74f0328e7555fceb31fe06cd4ff674ff5d6b1bed0ef939675add32,,,0x94bfea415ad092a1731c3c601c3ced699b54921abb3e0000e0c0d59f8b332d55,0,12838006,client_test_01_router_default,0,processed,,1781515352367
0x1bbdb255edb620058f787003a979f993ac7fef195b7678f5596f0ef6c5491ac5,,,0xe01ed3b624a818e6a5282e5d85f9d9491d5d1813457eaa519571bcec387f2c74,0,12838032,client_test_01_router_default,0,processed,,1781515362608
0x13273452c3c62422ed7c4c2f1cdc2dbe19dc38c2dacb1e278989cdd851e4cfb7,,,0x500fdc3d95114ffc95b46a4e210ae943fb1dba3af67d7e1576cae4d8b3dfd814,0,12838041,client_test_01_router_default,0,processed,,1781515365932
0x1ab89d7185197365d872c72e6307327cca551617a6222f16e1157caa92b8dd73,,,0x1fe44e997e59783e06530375d19b23e226f1e33e505cc7730e1c8637b05fa12c,0,12838069,client_test_01_router_default,0,processed,,1781515376461
0x77ec74dc53e75f8f88e8eb20c54310f2a852aa0d4f1192719a908e29f70426a6,,,0x9b23e56a0ac152fe1ee1e590b8b95d737af87a1e58853bc6d733f3ec62c9299f,0,12838191,client_test_01_router_default,0,processed,,1781515424146
0xb8ef0225e795ca79a6b630450887b06ce438254647648a7d629e16b2a564c010,,,0xd5196a91d2ef25b88bde7aede2c8423d142d5f15c67627e7c2f333fb111eb035,0,12838194,client_test_01_router_default,0,processed,,1781515425373
0xb92ef31c841627fd7b7aeea8629bd439f37eb98a86d8694c2b31f96af56efc4a,,,0xecf5c92a1853454512e7e960a6a148c31f9b4d0f7cc685918018c1869b534fab,0,12838226,client_test_01_router_default,0,processed,,1781515437819
0x670df19a89ccdcdd0ee6c1daf4d7872e08be86b2b0e6e3d3815ed9978ec620ee,,,0xde4308e79359a02de11b7ba25191512ce32680f2999c8afae8b27549cdfe44da,0,12838230,client_test_01_router_default,0,processed,,1781515440078
0x884668620dfbc88c556f6f4055f6997978397ab007ca80e1e10dd48deefc9b2f,,,0xe258d7c27abcb6a99c1b833e81d4d480d768acdd8d3294338d04bd6ce43b020c,0,12838291,client_test_01_router_default,0,processed,,1781515464442
0x5e1811ed14b665c0b458d8f315c6ef000bd9dcfc081f74fa23f46bcc68b7b25e,,,0xcfed9b841276a3f57f492a2ff544d8c0c12509080b0e7afd745a932c534007b4,0,12838330,client_test_01_router_default,0,processed,,1781515479202
0x1936c70ed49685b9f7f69994cb12dfce2b23cfaec5b8e3d70c69ac1c337aab3f,,,0x9cda07c6ffbe76d050deb5517138b7c9bdab1b475566aad4ea071c1c4bef58a1,0,12838549,client_test_01_router_default,0,processed,,1781515570051
0x8de92e3b963393117d0b6c37f57953aa564b81709a38c5a42a8b511a15674e21,,,0xf50b7fab6b3dc416ded7e8434d8f98d5a40b32f65776626c92affce57147225f,0,12838583,client_test_01_router_default,0,processed,,1781515584474
0xdee0453fa26c600e360904c667d8b75b766f6941be27b3178c9e2ccb8e7972d6,,,0xe97f922e89b0732ba150694be14f92f6efc09bba725e906bb471308ae1b023d8,0,12838807,client_test_01_router_default,0,processed,,1781515674626
0x5bf0ea67420c1aa8a5cb469010b434062c1e59b89ca700fd72ae0a79a344e985,,,0x4eea739f5c93072ff9d4849ebc122335a0dd03b3494476c774b4c2e4df68495d,0,12838846,client_test_01_router_default,0,processed,,1781515690454
0x8d3e7e7157e853dcab2a711a8d77dfca591c32bc64a13b95a1ff2d0ef04a6adc,,,0x39468f31add1ae1c1041664f6f1f1acd01e2ab9e902f2009b4292814212711ff,0,12839070,client_test_01_router_default,0,processed,,1781515780265
0xb689f878fb39498715c4eb91a3f2839e001137a7cb8356597439a0422afa50be,,,0x8b9a5cfe5be43d801e4208f1373f491d53590fc2e3b1a05d8f6880b3cc323dd2,0,12839107,client_test_01_router_default,0,processed,,1781515794882
0xf6ec685df43359cbb90dc2e7ce150ba219c5bb79c9a4f1ecd0fcc507a20bbd39,,,0x8aae221805d48354f13b7d917cfeee92388908ff91f1d0c46a82ec188ba74722,0,12839327,client_test_01_router_default,0,processed,,1781515882704
0xa7463c1e475808437487f9fb8941c1dbe28d7fedc670c5098567839364500650,,,0xf1f2b4c947869984dd43ea561e870c49893b53c1a4d163666ed3d949fe35ea7a,0,12839363,client_test_01_router_default,0,processed,,1781515897388
0x7f939a679e6474bfeebe5d50602c2a472ae7868e84ea6970db04a5b198ecac35,,,0xed374b90d1bcf9382f4a7aaf1555e61aa0545e2f75e8469f9d586415a601f418,0,12839449,client_test_01_router_default,0,processed,,1781515934546
0xa400112fa81734ebc60f6da96acf78e140e7998269816754450e89ed22f7e460,,,0x0ff1cb2bd75742ef4590e05f1980bc73a3099297c1cfbb357f5b4285b20f6b7f,0,12839454,client_test_01_router_default,0,processed,,1781515935886
0xca9bee8fcaacc5004763126f5ae25cd4ce8552eb64d6ebed23b582224b3d62a3,,,0xf6ea48203827e0d9983e20e30fb52aeedae3c177cfc684b22c351c5ae14df46c,0,12839457,client_test_01_router_default,0,processed,,1781515937206
0x580c35a58ad831392371a5d5006d9e415dfd7307048c55ab107eef031ddf7e61,,,0x0f7a42c008b0eeeb4b91a50534469f0661b3660821a6e7515de0d37d8fa2389c,0,12839490,client_test_01_router_default,0,processed,,1781515949540
0x8e63977f064f3afc0f4fc48953daa069ddeaf90cc2890cb1d6241140bf1c4250,,,0xbb5b8d21c9552a72dd298214ace0e7de26afe2f7da70a7efceb1a64131ea961b,0,12839493,client_test_01_router_default,0,processed,,1781515950850
0x37fe1daa12b34caa78d27a0aaaacebe8d20356e49a67b5569723c406b26cb80c,,,0xdf3c331847b1b4dacfc3e4a89ffce2e7cc3b0fefabc7a56379df5de44e43bfd7,0,12839496,client_test_01_router_default,0,processed,,1781515952177
0x7b10a3200b993e5726bf24b644ee7b47997c576c52b32e702591a06a0de93821,,,0x2394da6ffd0c2aa3f390327e564e9fca617ed9ca38e89ae4e38049df0c4f7d9e,0,12839595,client_test_01_router_default,0,processed,,1781515991042
0x32065e4aac40e2e25d8c99c3e598ed14b93816caccdc1036058b84f92f678bd7,,,0xbcae3d2b5fc91282fa9129b122ee72dd65419e1b61233517383a256bdad73a46,0,12839603,client_test_01_router_default,0,processed,,1781515993941
0xaa985d76284579fef9716e85d2e529ec59e249917bf8a9a28bee63ca7de4565f,,,0x2dbedd876c0ca9b3993a100573ab5c6567d5cc508eb94c4a992b46baf7cc0369,0,12839632,client_test_01_router_default,0,processed,,1781516005860
0x22dc507c871f92c053938287c56cdbce8f40711d8422fbabade7440f4ad73a76,,,0x699b4371462cad4608460e92a3cf41db2b48514d0ca35659ffb6c641e6d20b29,0,12839640,client_test_01_router_default,0,processed,,1781516009607
0x25b536b703b0f20ec43d237298165c8b2baa962ad134bf334e06a63bc6e80e4d,,,0xfb647d88800a90663a4e34c04363396727406f5c491b2723d42338cdd719f588,0,12839716,client_test_01_router_default,0,processed,,1781516041836
0x8024b338bf095966bebd1a9b0b96b69b94a82addaa38a45b3187af76eb1fe838,,,0x35c958f56040f65f45b3ac23289ab8700685a8d6d53330db2e5fe767b571351f,0,12839719,client_test_01_router_default,0,processed,,1781516043067
0xf607dc0cb9333701c7650fd993b42f3fde8c43059040b119ba085e1fad6d8e97,,,0x2ede45e7b8c5866424e3209af3bea90fa84823b33853a9176242d94ffb89b3bb,0,12839753,client_test_01_router_default,0,processed,,1781516056208
0xdd004c3d5572605b2e1f62028f24c07b1c9f57bf9675610f5ede2a9e62227374,,,0x3bff07ed1c7edf82f27a1d4c94e58672cd1975e4fdc09974cafcbc965857b09b,0,12839756,client_test_01_router_default,0,processed,,1781516057516
0x61c4daa1a927ca8773b85be9f6869bed15f78f7755a835b699e08a3182dff261,,,0x954d316c3396f0d012de90bdf8adf6af3686e9f37929fed57e5c4ad694b62031,0,12839852,client_test_01_router_default,0,processed,,1781516097103
0x73ae365977282f3ce689555cbbf9cceed556ff4af950f7727388abd60bcec74a,,,0x5347be168468ad6a94de4d6e21c7ae7480ff3369b1bc0b8412aa26f4b88baa2f,0,12839860,client_test_01_router_default,0,processed,,1781516101408
0x956820b6c9c64dd60bcf97664eb05a67768410bf26a19b0b192555bb7bc94477,,,0x077d06364b3aefb983384bd8fbad1456f20fed4ef7808455822f431b6a73c0b2,0,12839889,client_test_01_router_default,0,processed,,1781516112694
0xb7b939474c27e2ca24e35896f5458641e5ee7359bf9071cb1a910af29af2fa00,,,0x370b6bbb76dbbc797674e9efad2a2ea964b23ad2c8fbb2bf1928b18936603421,0,12839897,client_test_01_router_default,0,processed,,1781516115627
0xcd771f913085ba1323355efe9c67fc28f6cf14d33ed0e92233aada209ffa1ec1,,,0x09fa7c93241c4a6407c9be3991264b8ab71b3efdacd3fd3663d9ff8e1e38b6ee,0,12839977,client_test_01_router_default,0,processed,,1781516147639
0x6443a394a1d61c0601adb5ae0d48bcd65af1a963ccc465f66798135fc92b7c4a,,,0x94c275b558e686794d71a0e1e91218127b9348e3a489dbdc4ee1f7d7784f2467,0,12839981,client_test_01_router_default,0,processed,,1781516148921
0xf2b415904ab9752b88e09658f283f746fe04ba688c89764aabe49d4807df6360,,,0x1e2c83315fbf2ad579341aef42907e65ec6ede71daa6d299b632661ddd983864,0,12840015,client_test_01_router_default,0,processed,,1781516162904
0xbd208d527e9533819b8f570c03eabb4d8f18d3266fc3e678e72dc034879a57a7,,,0xb95feb65ebacf57e90e33b5b1d7563c4dab3461b725a8693de20f4c460ec3600,0,12840018,client_test_01_router_default,0,processed,,1781516164173
0x61dc29fa0e7c989f47130f229cb4eaf3d05f2f4fabdcaf2532209253fd0544d2,,,0x7a1cbf8cbd972c9048d57a3c23cd5c5f0c04b79812155ecd33abbc8af15b75b7,0,12840119,client_test_01_router_default,0,processed,,1781516204386
0x287970fd38c28c149be28fc95cb74a13d17885ec14cb11d5beb6ede82d2a53a4,,,0x1bc9d472e3b55df6d35f6bd3e305aeba15e823e79a9ce8e640ee302ec764f10c,0,12840126,client_test_01_router_default,0,processed,,1781516207233
0x1749d517817046bc5614d7f4ff742621d8132d7fd28c43b58b259fd1dd87d659,,,0xb56ff6f058d14d409bed401d06c2d97f8f41a4e14587a2eda3ac49f837f90e56,0,12840157,client_test_01_router_default,0,processed,,1781516220730
0xa9b417edf594aa777003cbdc5786d891adb7a160c39c474c13aa464f0d8ba637,,,0x58893df874762b896e347fcc9091bd5e38b7f62b2186688ed9cc88f61b539bfd,0,12840163,client_test_01_router_default,0,processed,,1781516223232
0x1d6656117c9d69d821faeb93c6ad0d9cb89210f39983099b9872eec5a854e181,,,0xb02ac53e68305c35131b4a4bca067d59164ac25e5a75f3d974ad9fea565eb7e6,0,12840243,client_test_01_router_default,0,processed,,1781516255048
0x46ada21815fe1f0a214151b1cd86aa79e26cc7ef045394e6f6d1cb6edadf9f8f,,,0x4c9e062341d6d964b0c1d115290236fe91a5ed7c2e7674c2737e58b9cb99d7c1,0,12840247,client_test_01_router_default,0,processed,,1781516256342
0xf8de04b1e92d7a59eadb14d29e8b28e00ed3ec5a4563125e6e41de71f482e7ec,,,0xb94c1d886790e83e5c53c925671416b3aa84a906d50740b715f3b1d449a6b690,0,12840281,client_test_01_router_default,0,processed,,1781516269977
0x097c85ddf0a2129539803767aa43962e640aecc65a966a2d728ed308d506e117,,,0x6cd3a721b2871841fae520b898052481c5064e320871fdd83c7bf759809a62ca,0,12840284,client_test_01_router_default,0,processed,,1781516271319
0x3e349d1ea402a9f5401395acc2f233b58cd173e60206de4a511b7b2426589b7f,,,0x63f6d71efc4d1725ce189dfc2ef96b82da0cd19ddd275ee5c857cb819ebf4d71,0,12840386,client_test_01_router_default,0,processed,,1781516310695
0xa52fb37692f78780874cfccd7abbc70f6ca12c45e25af4f2c455f42f72281248,,,0x0c507ecc94778639164c487bc02a8ceb264685735b36fdae007b407f524387d0,0,12840392,client_test_01_router_default,0,processed,,1781516313462
0x1e2c852f7dc57558a7b95bb70da81f1819b1fcdac245ee3494a3c3af6c306bf8,,,0xa657d7e53cd26ea93da38f5bc408599851a555cf76b42451a8520427faf98a03,0,12840420,client_test_01_router_default,0,processed,,1781516325249
0xad613bb697a7c65e3d1d6fe15a8db5fe03cf2ff192c83ca32eb7f8c71a447336,,,0x28f4280dbd903cca46a9b43e5bf81dfd27030819147672bb082fc780b3329648,0,12840428,client_test_01_router_default,0,processed,,1781516328136
0xc152648a382df248b6fe64d2cce1ca3ef60d89074c15a77c30e17a0d4673d58b,,,0x2bc8c382093a5e49e499d1ba84604d914544a9f174def8d80d0a4299eab8c1d3,0,12840512,client_test_01_router_default,0,processed,,1781516362456
0xca75505f2b4f0a603be373c3b4e5d0669b22d2846e363f47cff9c482f0d78244,,,0x4ba3737e67c95911de4ffd7bd7e2f248edacfb2e8ee103f8bef588aa8a08b98e,0,12840515,client_test_01_router_default,0,processed,,1781516363789
0x83488645f36ba36951cde6d46522344a4ad8410ef27e631e897f7b7e1e5a7fec,,,0xa8d35c0f8119b4a052a781462509620974585440a68cc987c3010c63635685e5,0,12840548,client_test_01_router_default,0,processed,,1781516378043
0xa0d0b88636c64b970b53119d58fd81926f0e715e24938f632c20c6f18a900079,,,0x7e9db6a6696ea8a1da8a9abe7ac8455a8700d6a936cc845ef8ff83d0892f1e10,0,12840551,client_test_01_router_default,0,processed,,1781516379868
0x43aabafd2b656e5baf973cb7f552c85d3d3d9a24732ca6e77ee8d0fe791c7065,,,0x3dd6a0efd1814a1f70fc64459cdfd9ab9f1d9639a118ab57bbf47447729650d4,0,12840649,client_test_01_router_default,0,processed,,1781516420213
0x163058da7beb197de37b0029d99f9272fada5f8bb80295b4e88a20216d019487,,,0xe3e67580bbb767046b50a68c2b767a48fbe4e6e4c8656568e69922ffd8c9e46f,0,12840657,client_test_01_router_default,0,processed,,1781516423302
0x48f94ea60990bb24756f3c23bb95f5e6e35b2a55d9caec85a9132d0f861e1226,,,0xaca16726fa9c842938be5573440b610fc9bdf2ece9903a4aa7ff209e1762c9ba,0,12840689,client_test_01_router_default,0,processed,,1781516436047
0x4e6365d05d0bf58243886ed6ab952900e6a546a5c0d6a846a2c3bc83460ea69e,,,0x70c960b4701e0dc002778ada4c544ed9d3529e1e1d88d1fef8d9051fd0bf9033,0,12840695,client_test_01_router_default,0,processed,,1781516439019
0xb1f2b1883cb338e3df8b5288da0986fb04ab71a919788c41a260f1f93ceb9220,,,0xd8643b4a882b058e8a30017c4526682fe3facdc2d49000491e647c892da2a979,0,12840726,client_test_01_router_default,0,processed,,1781516450531
0x2d4776ddacbd917f30cd8c4fea077a2a951693c53f4ab53b0141386a7a894579,,,0xe179ef7aa29ef077010086dc4a219fc8b4e13fbc84b9c2ed4bbff1adde9e8a62,0,12840763,client_test_01_router_default,0,processed,,1781516465502
0xe31fdf49c8ca31de81a2f16772bc6ca9b7d7a405f35dd9fede3b5308429476be,,,0xa6c8768ee277e76b5e5a8c03bd84e76c5a70d45799abce06c5f892f2b18cb81d,0,12840774,client_test_01_router_default,0,processed,,1781516470629
0xf180a122cd05b056528a0598b484c0242548a1de531e381f6c6af846658a6689,,,0xb9fdf9ae2135956e930ecb5a481d80477a49f4e5f25bd3573b2d25e2873709df,0,12840777,client_test_01_router_default,0,processed,,1781516471951
0x176428e8f95a32cb4fe2cc0da775b46ca7e7df7de4ab7ad1a4f6404f927ffa69,,,0x477f5be1730b2f3ea2a8b681a1ed98b3fb1a06271bc43ce628ad8ac08bf15b36,0,12840812,client_test_01_router_default,0,processed,,1781516486378
0xe64889c1706b93502e3c4e6a2891721bc55e321ff952eb5ba19100585546b6f5,,,0xc2aca26c09d7c6801537e0a6221f3a2f745bb22c4b5ffd7ce972ddc5165908e4,0,12840816,client_test_01_router_default,0,processed,,1781516487649
0x153a31e646849e07d5a73d259af52f9b4cadd3448ec22b14fc2dd18228265f34,,,0xfc4fce494c713d0070946cd42048edb99a31cc2dab8a0599ab65621aa503ba60,0,12840918,client_test_01_router_default,0,processed,,1781516533244
0x9e28075423e186dc6154ccafa9c140dfce74a5451bb730781ce76bab50eaceac,,,0xf3f3f7c4e5ab06937e06752d907c214ed4f816f2bc9393a81df04a2eb3780bc5,0,12840929,client_test_01_router_default,0,processed,,1781516536247
0x53d50a9c509842729b60e09b1bcb621debed8f809d17948e32542a02b2abd043,,,0x52fef2f034afb4949f1e6dee9b9b70aaba262b2e74479de53acdebd5fe1750a7,0,12840960,client_test_01_router_default,0,processed,,1781516549606
0xac4781661eda00c65e40ad7ef5e3030b9f98137966535682ca7d2bfa8a338921,,,0x384e5cdd2a7c8b2871b49b5fc517b3bec3143e78c2ffe2878f11ab1d202f26b3,0,12840966,client_test_01_router_default,0,processed,,1781516552914
0xc73cbce461d0754e5daf5e37c4e750e2f0f0e8b2018f4806ff9669b0e57b72be,,,0xc1fe4cc1ce70e713670cfe642679685ad8cdf262fd57d4805e13c7a95ca4163c,0,12840996,client_test_01_router_default,0,processed,,1781516565651
0x4087bb7aad6ac5e2a2a5aa5b4310cf9054ec137d83a63d46319bf50b65dde2ce,,,0xbe055cece69face23b4385c9ba34612d8e5c787e27e92f1bdc19ef428ad2aa0c,0,12841034,client_test_01_router_default,0,processed,,1781516580606
0x3f7c3159ad5d2799aba0c7617438c0180eb149dfeb90a31538674a4e005b88d3,,,0x7d05a6dfce1a96c087e5b3ee6a5432941036a2715a8446526c737223e5c0b7b1,0,12841063,client_test_01_router_default,0,processed,,1781516593066
0x61982a296fd47ca28dfd8a5841e3a27e45cb1f86b3abcd69b676098d9a80ab47,,,0xfa04eb08981ed7f81a65f2fa2480644ff7fb14fded5d452a7a1e25af8dfa7794,0,12841078,client_test_01_router_default,0,processed,,1781516598840
0xc277ba2f3c18dfd7bb0c0b21619725077685a460e128039e62d9325fb11ec7f1,,,0x170c31f5e5b8b4d5154a6befd645b6ca730526688d029b79c89ba6f2ed1b3b48,0,12841083,client_test_01_router_default,0,processed,,1781516600151
0x2214ee238273d903dafd36af5b05e6a59d2635431d68d6665c0b8276f6093d4d,,,0x2a239a571fd74b5e7327f5dc6af149b44243fa64e82475f178155daa0968ffda,0,12841102,client_test_01_router_default,0,processed,,1781516607870
0x3d119f8faae9ff692dc2c0fd72931c208574529cedd316068dc7c35ee3cde8c2,,,0x9600827027a9d42aff665fcd1055fbf25a74e6f75e03dcbec2fefa25764149c8,0,12841114,client_test_01_router_default,0,processed,,1781516614226
0x925f1a7081d18735a725610aca29b6f36a536ff96df3e3d5b2262f8aafadf4fb,,,0x15017c57259011fcbed5f0e5af945ce0d7e2d709e62b1fac2cb30ffc997efd12,0,12841179,client_test_01_router_default,0,processed,,1781516641467
0xed12f0ae4543c405ffdf244714c01b9e86f4bdc764dfd37e0d89c0ad47046b34,,,0xf25b94a2a46c80392d96e27a402c5267c9c39305b30f8c4f97c8a3c0a92a39b4,0,12841186,client_test_01_router_default,0,processed,,1781516644278
0xed03453faf3105d2054509064a82655acdc94f5a871eef3e2b53d3b41f13137b,,,0x9f5c233f78045bd9caaa444ecc32e8ea6b1c9f2acf5642fc0ffe6c084d342da9,0,12841215,client_test_01_router_default,0,processed,,1781516656007
0x31e5521a58a8eb64fd8395296765bcc5a362d2ffe1ab345ac5b420dcec6e7089,,,0x98c11850b7941756b9a928f19b524af97e938f4b8e6aa267100267ac36ac65b5,0,12841222,client_test_01_router_default,0,processed,,1781516658698
0x4e779a92a1ef7d161076c48bf065fbbec442076ef50d8986618031047b2ee84d,,,0x2dde0d4607a9a1d6038af50a0969940fff780d97540a497b78fe7b7628f2323e,0,12841254,client_test_01_router_default,0,processed,,1781516670346
0x64833584aabe5ff9d36d9831f4d6e83d0156ee823cbcbb3fca06264fd74254af,,,0x3b8a299da0626b2a80a8b7a3ac59596df6142dcfd180d96dc60dc32741e163bd,0,12841291,client_test_01_router_default,0,processed,,1781516684594
0xd21b68052726d22453c888f322e12ce05dc710db4c6f03ba2972e99bbca2c171,,,0x0c9c66e2ff628112b1030fdb951a692e96351a7efd23547956faf622ae13faf0,0,12841441,client_test_01_router_default,0,processed,,1781516745914
0xa16a9c28342ed6e60babf99f6a4b91bd46ee5ac236a537c7ee3332aa9baaac6e,,,0xb25bcbeb8d57bac8f289a2e2a41fb3ae3d384617a589632cb9bdfff70b777985,0,12841451,client_test_01_router_default,0,processed,,1781516748857
0x7a750ec31dde207daf7e396a7db33f030297512f0fd8b44abc9ecbc741531520,,,0xa0d1264ee256488ef1249c6407d073eda0b49a832c387af0607c1e19a2a8d4de,0,12841483,client_test_01_router_default,0,processed,,1781516760842
0x70e26fc3503024b9112323e4ea505ef971360b9871cc305dbe0fe073cf059d90,,,0x88d811e887273361fce6e026313bad2af6443e9a4a2075cec725a93b58e73143,0,12841490,client_test_01_router_default,0,processed,,1781516763854
0xbaee463eff9eee0ce1cc51a994c4c6dc193de7230941cfa9ddaa4f6910d997cd,,,0x0f5ff4f2a03e93021f1759e906064e6feca4190a0c8090239a436df9ebe07af3,0,12841704,client_test_01_router_default,0,processed,,1781516848143
0x8b58a8bbb5f50cdb04a34ee1caae856849b16295464e9d2f3d77b54173e965ee,,,0x245aae199a6a878c0c02190a2c2a644ce76f24d9a15c2935cd811bcda686c12f,0,12841710,client_test_01_router_default,0,processed,,1781516851701
0xbdf9b17cdef8e27ee3d9b53ba3a977e1185494dd1cb62bb2edfb935346a0ba87,,,0x8c3163ada70541b8b91f36bb82af55073155eb7a8747c98a621376af0d072b25,0,12841744,client_test_01_router_default,0,processed,,1781516864543
0xfccc9362047854f05c56b5c8686c9f72202c178512557d61e79e884180a32f01,,,0x34e1f0a7430768698f75f52df75c8e7c3e6781c604d4befa6ca1299540704487,0,12841751,client_test_01_router_default,0,processed,,1781516867472
0xb3a214efb9187110c65b9c6d280a8631d07167d901807f730db277dee1254fda,,,0xc3b252f41cf4f176dd92126d8b788e329921db06620f6509a68b5a6f346b40f7,0,12841967,client_test_01_router_default,0,processed,,1781516952785
0xe87dfb1098a8f5611c484d6163885f1a255080d236b5e919c022495e7746a353,,,0x74b971f86ea18270d3baaddba87136f37c695bd5fb8f91f6d6e45b40bbd9f3cb,0,12841974,client_test_01_router_default,0,processed,,1781516955504
0x93d4c2bea579bb2faa155fa88f84da20bf657e5a0fafe08e01a19feb4fd95184,,,0x90fc4d4cc651fb335c1796da5d907bfaee3df2080df8ac3967e71b8ebb85a672,0,12842006,client_test_01_router_default,0,processed,,1781516967669
0x4e04c4e7032a38ff65db496b8f3dc46a0d1cf6d37fd9288116f1e4b97c05cfda,,,0x46f4752dc2adef2ef5709cfae6b7adfba68d96b3169dedafa38836452554d748,0,12842013,client_test_01_router_default,0,processed,,1781516971050
0xdba9be76d66109a5d4e3a81ccf43c3651368c722b3148b89a358814f280ef163,,,0x0e8a174cb089bfc9614cbed50af695e2bd51d9bc1a352f1cee36f960ba5b9a6f,0,12842226,client_test_01_router_default,0,processed,,1781517052219
0xa60d58a798685600e438e38dc0ce7b7ef05d2debc67170dadcf9121f93916fdd,,,0x81b813e961f49a028fd187a36bca4d5770389594ddbf73dcdf9d4d1536002a34,0,12842233,client_test_01_router_default,0,processed,,1781517054861
0x89b079f9d697b6e13275e0b07626e4f1fb99caa8549df9577cf430b1e49c208c,,,0x1837cfd937902e44c530f96c9e04526547f929c1cd8f481718f5c348df4f4a44,0,12842268,client_test_01_router_default,0,processed,,1781517069971
0x4b0c8cd313e4569075d728326e745b8eccfed54358a912b2ccbce6eec6325b55,,,0x89eafbb8b8b14df4f8342e4bcc601f09d834c443e80a6508b127ba9b48869218,0,12842276,client_test_01_router_default,0,processed,,1781517072847
0x5d5b2f05917c10daed0f8ec7c3cb2de9686dd465c5e7a048b98a17f9c482e92f,,,0xd78e0c990e94557b791e2bc707de623c5541678038f5f4424d18c6fbfffe529b,0,12842493,client_test_01_router_default,0,processed,,1781517156823
0x868008dd5a7c3e98e04f16035d13a9496c98a8f08f31a68b1c131cecb72c8e5c,,,0xedcf1dc19c54e54697565c8ac5ec17994eb53097029655a87f85394c5ceda7fa,0,12842499,client_test_01_router_default,0,processed,,1781517159737
0xa3ae799418326e4f7f26513cad43ce862219c0fa35080413afc7c9d02d2b3532,,,0x424f168aea7a08b0de6c2a43d7c1c7110b91603bf566d00129f3276f77be8dd3,0,12842532,client_test_01_router_default,0,processed,,1781517171836
0xb2118fe2dee7f9e7f757602b43ca8b0ba3be14cb6700bc8e744d32e4e210e794,,,0xc53d5968e4b025950fe76736656c14adcc8cb87675bd0bd92171e3ee855036eb,0,12842539,client_test_01_router_default,0,processed,,1781517174561
0x4696c53f4c0d3ae45eab138f4b6d8fa8072b47a45bf823732da5fa2df6289934,,,0x445211f1106f55047531c9bba9f8bc5dda90efad0b8068fced391935705ebcd2,0,12842741,client_test_01_router_default,0,processed,,1781517257490
0x29b714ca2eb6cc38a3a488918d7ca7a4eb2c895480d0fce921c19e83dd47086f,,,0x98704459e720938d3c96d543f6a458350c04f0c6681c99901159ed45d7242687,0,12842748,client_test_01_router_default,0,processed,,1781517261145
0xac4fef6cd0559693c023d2b00cca76c73557c2a34cfe265f90fc7945f283d48c,,,0x94cf08e82b0a4251ece6112f08115aefe766b57a5f49bed80e6e5994d781667e,0,12842776,client_test_01_router_default,0,processed,,1781517273334
0xcc827b00cb1c06451edd8bec3b46b88b427d8e35cf045a8d4da63a79006f50ff,,,0xf09fbc16431dad69f8e4b99af7083a2e56bf5c4460b4d9a42b603b0c174e9941,0,12842783,client_test_01_router_default,0,processed,,1781517276110
0x1c756823ebd0d86c6affd060dc72f77ff961e9599a55f415993570d78040cf4b,,,0xba9d96e1c1dfdf3b8cda0c5b961e70250320263442da993d0e15172678b60e08,0,12842995,client_test_01_router_default,0,processed,,1781517358163
0x6cabc173fa82840626877c288d44e9172508da71b72f09761921980f14a75635,,,0x5758f3053b7a1bbd289b87d21e9463ed11500439aa858fc3b951c88c4b6ae48e,0,12843001,client_test_01_router_default,0,processed,,1781517362863
0xc0d1b9a0297a84846c7198d356670b88ff07e1bbff4cf200c9edbe4850666632,,,0x3a90c0b82f7c7d50f04a3eed89f13865a985ade01f53e6cd7276eb555b29dbd4,0,12843028,client_test_01_router_default,0,processed,,1781517374125
0x3ff91907a1e343c081654c9aaef165c181c927b9646a31f0c496782a7fd31d1a,,,0x65f02f73d4934deb91f64de8140b389bcff152ae42fdc1973796e0db5d7ac06f,0,12843038,client_test_01_router_default,0,processed,,1781517377143
0x9686ce6736e3af14aab2c758fb64851b6b9d502847ec1c0de338f70ea1312e17,,,0x039fa94c8b028afe05fb1b20f1cae9c39594406ea8d1a85256bfc522c6148a95,0,12843256,client_test_01_router_default,0,processed,,1781517460453
0x869798971c8ab5c7febe42015ef1d85436de7753f6b74964a6ae5a04d8aa26a3,,,0xbfff591797ac655b68d1f4e2cec754c29f9c4dff4540e4cb5cd63adf8bdf70e4,0,12843263,client_test_01_router_default,0,processed,,1781517463543
0x8061e1120f7e9291d3e22a6fbbc7169a6dc229cfedbf08b86586197543237994,,,0xb1c5980b2aff983a616c226de6df9c3e5a38dbc38cf4c2221533d3a874e646f2,0,12843296,client_test_01_router_default,0,processed,,1781517474510
0x7cb3d61992bb3a615f003f69a607a23fc22a7a3ba4a30d48625c33a16794ce2a,,,0xf87390f3eecad713cc3c02da683f5e111d56f32929085a3677a3847c1957889f,0,12843305,client_test_01_router_default,0,processed,,1781517477577
0xc3bbe09960565d5ccc025f63942e167db4c6374c51432645c9ddf4a41ff7dbfd,,,0x8f441effd4b89569f1754b5de92f2bb009985f7331ce0b162b6894077c83d68d,0,12843521,client_test_01_router_default,0,processed,,1781517566576
0xdcbdf34a09456a26e4f2a875f307ed9b4b9e78214063bc25984147be7fb5ba43,,,0x080c16b7969a1462830265e2414c1257803628aa2540db1b3d5c126352ea8c9c,0,12843528,client_test_01_router_default,0,processed,,1781517570922
0xb1121e9a1999efe3acacc24eebcd1ece4f32878c4687e2506e2f73fd3b64e6e7,,,0xf39f9ded79dd670af1e6133fcb1e09709d5fa6c40e3d0061abb267c5284b76b6,0,12843558,client_test_01_router_default,0,processed,,1781517582829
0x08a8edc4ae4383ad8e4b9ddbb3eaa8656355be5ea2ea4363ceb4727be9df0f2d,,,0x019c4b69e16db8d90cea88ec353aabb346a2faf4c49933dbba677260a4c64177,0,12843565,client_test_01_router_default,0,processed,,1781517585623
0x99e562f898022372e32103ad2276d66a78f2aecd56b64910f6d1aef54756c906,,,0xf05394ed0ea041bfbd524f3a4f39c834c1ebb2101d4edcbbd0c346a0e7b2002c,0,12843792,client_test_01_router_default,0,processed,,1781517677917
0xb24beeaeb083b6c54b476b7fffdea74fd359057d5e65539ca2087e3fa8a33404,,,0x1cc101295c6d461d66fbb8ffee4886899835410ff888fcce032e538c428cf17d,0,12843799,client_test_01_router_default,0,processed,,1781517680754
0x685ba87736012673ae51266850f17c738f184eb01eaa886adbeb3b38d6e8bd08,,,0x6fd78093c7da41cc66f98dc58fdacecf327c2d022aa34451cfa144d20a3dcaaf,0,12843830,client_test_01_router_default,0,processed,,1781517692941
0xec9945c1b0ed434d763d3391d8462407d274aae1ec9b381c394007524b2f88b7,,,0x3dba6bf3e92bd534ef2aa14834bd745e9c06bdc5c165505d755b23d730e0f1b3,0,12843838,client_test_01_router_default,0,processed,,1781517695845
0x8afadc9d4bdf0d1eb625c6eace1755fc293a3ff584b5485e6fa69629648e9a63,,,0xca5156ce14b1219f1e82f2f319aeac602e815f409972864f37da14bb41a9b4b4,0,12843913,client_test_01_router_default,0,processed,,1781517725307
0x2ffc9344f0d1a4e7ec9e98a72483b3369d2798b1f17ebc8641504f4c8a5daff6,,,0x7c60c1a6c69f0881ab855183f47842c6dbeb8159ecb5826a771b0f19b685b782,0,12843917,client_test_01_router_default,0,processed,,1781517726692
0xde85f1f4a2fafeb852fcb17ceeea126f80a0ff06eafd9f9537170bffced054de,,,0x94582b8d57befc2209b442225326dd93f5d3ae0c2912900489d75bb282ab470d,0,12843949,client_test_01_router_default,0,processed,,1781517738678
0xa2bb102200709e5118c480119cd6864cf24d4b8658107ef527faa49d020d3444,,,0x10267598db33fb0e81be326e348b09e74c78f173390c7b485df0c62eead29abc,0,12843953,client_test_01_router_default,0,processed,,1781517739955
0x8c65fd05fd9bfbbd0270362f64ee4ce9efcdd8298f402a509cd68f389a449e64,,,0xb0f644d9b0e9c0ba6d832b1799ad0fd47c87773da0cf8e325702d43a5b086ea7,0,12845460,client_test_01_router_default,0,processed,,1781518333582
0xb4d4e5bd30dcd7cdbdcb10059e5919f3f6925d6d53db03f9c331687325874c47,,,0x225a956e9237d506959b3877579ec4e16a5862fce7618fd57bccdb54837db312,0,12845476,client_test_01_router_default,0,processed,,1781518338872
0xcd404fe56acfc1112db76eeec5675f37e0c49154da365cebe35db8cc59d6b271,,,0x51a8b15ef0144c1adeda8a9be42d146ceba3e09e7df7263a24d7b1d92dd2dfe7,0,12845480,client_test_01_router_default,0,processed,,1781518340101
0x7feb93f1df28bbe4c7f5549481bb11ac2afa3dadce783ca32ccee4ebffdb0776,,,0x30567dd143451f751e32e30554b8466bd99711e1f1a3266e1e03ede9ecbbc93b,0,12845500,client_test_01_router_default,0,processed,,1781518347044
0x72cbe2c50f21514173ac310b05f9040c2a4731d5d1c20dbd59b457f078c178dc,,,0x15b744cdc49e2ff66e9f9bcd501b3648a88547e385ea63a8094f39eacf3f9180,0,12845514,client_test_01_router_default,0,processed,,1781518353385
0x3451ee569c3971a0da6ba0a270a45f4148532b70f89caa69395c7767f200cad0,,,0xc5e497fd549f36bdb454f92c170eec92454fec0ac96e2129f1df74f80af998a8,0,12845518,client_test_01_router_default,0,processed,,1781518354656
0xa9f3988f6a8d965f08d670c4db4eac240a3077b9fb5770c439c81aafc3e1f50c,,,0x7d247d460ac03c38d543664fb05a8d1ff9b9d9928eb49ca18c17a24c782fce6c,0,12845585,client_test_01_router_default,0,processed,,1781518380925
0xd7efd5bc72d041c2613c499fb04572329d738b12e536ca6208253b9ab2bf1ae7,,,0xae019ba2dbeb6dcc588a32edb67cc974380dd0578e7c9fc8d87237f7a5f63154,0,12845591,client_test_01_router_default,0,processed,,1781518383761
0x84da42092eae6b914e6956a92aaa1ff655ee6a3fda38932f3ac01f843a205ee2,,,0x209daea10d5f4a3749936934808398cade2d2dcff98a80abb060cca2e519e4b3,0,12845618,client_test_01_router_default,0,processed,,1781518394500
0x51f06e35f1dd25700286e4659c742faa9729b7f9e52e77f2f1f001fbf9ab746e,,,0xe4109a8280e6430bfebffde5ff41b2bb2f9c056b7464445f35a1702679237363,0,12845627,client_test_01_router_default,0,processed,,1781518397302
0x9248c383218a5271e0976bf8e40077d9358ca348b7445f4017b36e0dd1a3be76,,,0x28406b4aab8f757c4474738ed50c9e72f5918c8de5ab29b674b86fad1ae12acb,0,12845704,client_test_01_router_default,0,processed,,1781518426282
0x0e6e50d62da2260a80dd51ebcc2376270cce23967571f0bcb47b2399c0f21229,,,0xe9c1f5a30f7dcee0e54010719d52cfd9dba4c7a68db56360b43ec5c7cb3e900a,0,12845707,client_test_01_router_default,0,processed,,1781518427566
0xf722e5d4f53f801af9435368937006fdbb3114037d14333c37af43b2fdaaa610,,,0x5322aefce628c4bf7475e8549b6129611fd3ff7444c50a8567c4342c08c28564,0,12845709,client_test_01_router_default,0,processed,,1781518428705
0xc353a03c73fc4d9d479e22ad0eb1f671cd8220f7bf0805d0c2bee0188acb15a8,,,0xbda67b45a648bdeb086b9e7ee267ee11d11d6e89441bc3854c3ec350e2823e72,0,12845741,client_test_01_router_default,0,processed,,1781518441226
0xd75de21e295776d3304da2618a666712d9523027af5b70d59666703841bd8b68,,,0x66b7248319997e00ae4db224c6d903ec72811bc1eea304b6d9b1df76711129aa,0,12845744,client_test_01_router_default,0,processed,,1781518442410
0x2b712ad5dce1d6ff0bcd161dc29bab1003401fd22ebbdab0a00efca5a28c11e3,,,0x1044c1c86e01332731c6dc7b9ae0039bea7f3b748708b3ee64eb04e90e55c271,0,12845747,client_test_01_router_default,0,processed,,1781518443706
0x6c92ebde3831deadd1702b65a7b3510f2c292dce2ac5fca936d7585ceba9e009,,,0x0f893fbecb95ffa3d948fe1af2e42d2da8ca41ff9e7e0809c2b15b292ab525ba,0,12845843,client_test_01_router_default,0,processed,,1781518480603
0xb3dfe302c2a56230967e52ae0a55749440f4b761544573552ac0809b8e1d8721,,,0x451a436fa989c6ff99daa368e880d4428b277e5b18227c2bd2c1b71646e648e7,0,12845848,client_test_01_router_default,0,processed,,1781518483414
0x0b66e7d0bf7fffbe6cd6240b1519d4ef5a012b0605605189553e60625237e06a,,,0xa51369dd41f94dc4245028c370c91460627541314453f77df8de6003e34403d7,0,12845882,client_test_01_router_default,0,processed,,1781518496358
0x1cd4813bb895627a88932a3e0adb962a658a9eaf110a15ede3375bbce0b9b2cc,,,0xd59b6e6ddc4d25bd875e002d77d26ee0a953b959aad6011f365710ec21acec1e,0,12845888,client_test_01_router_default,0,processed,,1781518499103
0x7fc5cc42fdc6a397c0452a93eb898c855917e3b6302c85e867699da198628fbc,,,0xb978e675bba913ab376c62268453a484d61309e3d2e22d1703759cd4bfffdec0,0,12846097,client_test_01_router_default,0,processed,,1781518582225
0x153be9d7fefae0cd1be53bec72fe1cac8df64af30648714aebcb4e64b82d522b,,,0x1fcbcbc83fbd3da7892513d2c568b0146b3eaa478c8ac710670a7db7273fb01d,0,12846104,client_test_01_router_default,0,processed,,1781518585568
0xaa7a5038c41a75049453ef18cd276946e567c0a82bf005ca5a1547197e89e6f6,,,0xe894c6a94a43be9d197c81c2c25801041c056cbd09af1a692da01356a0816d40,0,12846129,client_test_01_router_default,0,processed,,1781518597163
0x4232e8a474bf7eedfdaea41372ac7e2bc90b7ba472406291d028a179188465ba,,,0x6a3b6e8727c8507a00e7d80617a7f3b8a1384ab00490b001018f2a891c3ae18d,0,12846136,client_test_01_router_default,0,processed,,1781518600022
0xb07475e2150af7cb3a52e0e6956d61cf5900aecc09daa4d71cefc4313daa07ff,,,0x43947cd91d1af0ba893c551e7572ef158347eca40ab080d9ada3bfb0ed2985a4,0,12846356,client_test_01_router_default,0,processed,,1781518683860
0x5eca9b9dae3f4e9ef39300fb5672b893adb512126f1a326e0e1e182313183f6f,,,0x91d8187d63b0eb831d77227955f732de0e6197876d489605afda97492ad9be2e,0,12846362,client_test_01_router_default,0,processed,,1781518686605
0xb2753d7f5a1caf55675d2a9cf43eef3bb274002fd016fc5e13585a15362fc83e,,,0x2234df7a17e6b0001e3d8c9b0edf6b8fe8b4d1f14a5db5ed17701927f65e29b6,0,12846394,client_test_01_router_default,0,processed,,1781518698691
0x255d7f6768631a0121408e4b69f63e3a8dc3ed0031a736de9dc65890e953df2b,,,0xda11b768142cb87e2c9dd58c3957b1d24c796e75d6439374d4da526997be1799,0,12846402,client_test_01_router_default,0,processed,,1781518701461
0x2cfb807ed20d7cc69f33ad16d6ee873e0d4bbe676207f9b5549653533aaa7342,,,0xe4a1be1e21fc81260723f68a050aa2fed70e78eb22e1091869a0613dffd2adf8,0,12846619,client_test_01_router_default,0,processed,,1781518785685
0x44ebf2e8125473c8065382745c89ceca2590bcdce00681bf65f9689b4f3188b1,,,0x3573e15fab10c12054aa8bcd94ace009083b638104879af60f9d27661721dc9b,0,12846626,client_test_01_router_default,0,processed,,1781518788444
0x3a0011dde1ee2920861b9ce41948de4bd21f86fa36757e05d43ce7e61c51a0cd,,,0x1117ec59d0ce16966ff34694e358b2adbfe9b64e7f1e20670c1270f6831f82e5,0,12846657,client_test_01_router_default,0,processed,,1781518801273
0xe006690acb7fe1490b46a88baeaf1a230647962bfeb2dab7d49c202663141be4,,,0x26baccf96f8b24fc4cf507b16ba9de4697f0b24499e39fbd60c74517f8f9313f,0,12846663,client_test_01_router_default,0,processed,,1781518804094
0x2102c344ef0a812a6f643cf929e150f3b8409c6688e0af34e56fd29c79be2d88,,,0x65af7459c1abd9d4736676ff23ea85252516e809650ed0f12dc1262e9a339d10,0,12846878,client_test_01_router_default,0,processed,,1781518886491
0x05f8aefa4ae886b8df1ba6e7b3d447880ff651a2d39500d6979c966af860af84,,,0xb619e466517f7f325b04737845ad76e35fac51fb16ebb86e829dbeb1d592dcf3,0,12846886,client_test_01_router_default,0,processed,,1781518890265
0x569dd2a01736a65111362d9232bfa3a08653f999c1fc9b506fa8032d14bb50be,,,0x2015be5bfcdd7322fa213134d1c7f26a74b273d7c9fc5344694864ed90dd1cf6,0,12846911,client_test_01_router_default,0,processed,,1781518900648
0x5fba97428ccb52962f09f84a4b122a0969acfc2e8671535b2047bc045f76e3dd,,,0x4fac835d8a67bb5ce5f2a0259505b3be6a2e6830bbb9dd23506f938e4ac27dd9,0,12846918,client_test_01_router_default,0,processed,,1781518903406
0xa98193d56b9760c4fb2117af115a8065d1bc6104db8c90b60e0dcd07de083a95,,,0x16d5038726f8a574d72821d2becc30a17d4aee58b6483878a447205136acde4c,0,12846950,client_test_01_router_default,0,processed,,1781518914973
0xc4a584d6beb24d3d7b07e293d805d1d7837956e39e16d04151602c28fbe38a7f,,,0xb4cf7fdaa6f2eb245e3254f587d01afeadfd222614ba81a4ff1970ef732e66a1,0,12846984,client_test_01_router_default,0,processed,,1781518930806
0xee82a9e2e7b8ca04e6507dc65f409967014142790fc142738261f2105dc7f5b7,,,0x067cce233e07c213df6dfcec4137d160c6d7fdc6cb588da84501e80c121d55fe,0,12847066,client_test_01_router_default,0,processed,,1781518962939
0xbcc8d5d3bdde65c36b5d02211c87d58295ca3f2212349ea4b2edca5915b301f3,,,0xdd20ab68f9f17d9b636934b977339ce4eb8aeaafd6871bb960f3761ada91bbc1,0,12847069,client_test_01_router_default,0,processed,,1781518964188
0x0b1ba08a700da109126f70f5acc38f01cc734cc2620fbac2f62f80b28df77e65,,,0x604ac3043f3baf9563b4d127024ac4f49802a78ff351b9280c2b2d37ea72d5f2,0,12847105,client_test_01_router_default,0,processed,,1781518976713
0xc26c90b3525a59be2992f24a8a699ab9e1d736a8b01bb23c2381201a925aaafa,,,0x245b7a6e95772e5448324b23918533caff3ddbc8253be5ab475caeafa6d6bef3,0,12847131,client_test_01_router_default,0,processed,,1781518988412
0x4cf83e694f9bfa880a9f15c878cde30fcd9bbe87637c760b9f8b5c92059336e7,,,0xd5f9e40faa15a797b03e1468818aeff8f25425010010368ba4d59ecb432f64f0,0,12847137,client_test_01_router_default,0,processed,,1781518991138
0xd74bec3cf94a666be91f2be9809ac22b0f195ffd0df1cdff56c9a5006866f63f,,,0x16240d91944bd1a86c59c711d0ceab1db6310f67c5d333ca52d0e40e36c3db3f,0,12847138,client_test_01_router_default,0,processed,,1781518991509
0xc4c88254d8d3d0769744c3feeedea6d2e311ae5ac79975c109440d239b94de0b,,,0xc69881db6445b82f7a840cd697c04fea6dde6912c79c5ba7ba96ba38fa1b60e7,0,12847168,client_test_01_router_default,0,processed,,1781519002552
0xe7598f2063a690d700f58702e56d8f27173f9db0e2e1bdc7cff591da6ed4c40a,,,0x6e55d726277455323e60b5bcfde9f21aa2e12dab1690753dcffea59e2a3262f6,0,12847176,client_test_01_router_default,0,processed,,1781519006155
0x206e18fa54f504deb26e2d55548ec6ba815b81226906200e263a660cc37ce49d,,,0x5f54252ae173adf8da98f26f5cc9380d8c9fe9659a13454a112cdcef99e86d8c,0,12847285,client_test_01_router_default,0,processed,,1781519052877
0x83fb126dde42a4a1cade4d8aed65f9ae7ac6b453a29dcf42f8ac5a44d1399c53,,,0xa18b94259620cbd7af359265a607a5eb255194dd69eb942fdcaaae49a61833c0,0,12847288,client_test_01_router_default,0,processed,,1781519054152
0x992ffe84767308261f8ac3afb397151b04639b41e04d7f26c7d63e28e1b20696,,,0xaee4b3634e62523cfb2160a699a3950ccf1b52d7b4ac109b6ae60f959bb5c33a,0,12847323,client_test_01_router_default,0,processed,,1781519066264
0x7b7ac3a382a9645a0a15c9d39f202bda45be6fe7dab30a176a33296941954a49,,,0x7458384552a0d2800266b3ad9b7e94f1739aff83d3f9a45b9cd79cbfad3491b4,0,12847327,client_test_01_router_default,0,processed,,1781519067637
0xadfba20a4612ed98a7f2681a37e21f6f1eaa0f02e22d461a15395a8ea88ad95d,,,0xd333736decc8172c01387d3ba2e9dd69ffe884145e2485709066e956b0307f78,0,12847390,client_test_01_router_default,0,processed,,1781519091480
0x88330fc69622faacf7c2008e29b0fdb63e3469cd709ef9f9daead140b87f0a01,,,0xb90f8693a772585a420f008fcf125a7bb707809d387fedd3989aac47ed47b4dd,0,12847397,client_test_01_router_default,0,processed,,1781519094268
0xefcf1caec6dec7944132f523bb9fa7b1454f5d11d39a084e81724b5ec035fec2,,,0x78d715e1e0a7300d46fee77a390191f955085bed5535286756581d39b172cd0d,0,12847429,client_test_01_router_default,0,processed,,1781519109480
0x30f9593863c4af6c4d530f35d4fe11d230cc0b46c5eabbd6f73224a58ed08721,,,0xe7fc7c597300912055b5b0d14099dedb4b5634dd1c7738119eafe9b2811502ff,0,12847436,client_test_01_router_default,0,processed,,1781519112314
0x6391cde762a29eb6096d29b380f67852ff3c0d1a5f61cbe012813594c2ae47d0,,,0x31e4c2adeb882237e3da3f09f27f1e8552569aa1c9a001a916b819d013e7e777,0,12847551,client_test_01_router_default,0,processed,,1781519155393
0xde1e813b2169d2a800bf1cf398ee54457b5a3c6be644af8edb98637fe51e583d,,,0x4ed65e47996d702ab2a323f0a0cefd1919b6267376723bc6d0b516d3890df1e4,0,12847554,client_test_01_router_default,0,processed,,1781519156617
0xd27520bac7c238584d86cec69639287e6de13cd9ba900a9e5d055de3e2ac4a0d,,,0xdd44a54bd27afaa7ce26a604a2fff65551cfc62c15b1423c6eb5b85c46f6610b,0,12847586,client_test_01_router_default,0,processed,,1781519170476
0xb6d97f74bc704ea6aa690e7e599f78fa13fdbb89b31c13b0345d3c6d2fe1a47d,,,0xa787d975892bc248b4465c5ed05c0f8c3e33a3b9d8d7f3f7b4597699e013d513,0,12847589,client_test_01_router_default,0,processed,,1781519171672
0x967347f85237ce87f8814962b678c0e4c1e06262eaba0467c78eef229e7131a2,,,0xacbf3ee3cca04a0b518c86dccda6990609eb3eaa49348c320781f6f3874e0a17,0,12847655,client_test_01_router_default,0,processed,,1781519199019
0x1a3cf6c5b7350224a5badd8431d580475375d85bdd3fa8fda0c6183206421778,,,0xe13f3394fda96d546e7aff03a587854fa8d05b6e26b76bc3fe7e5b68a2f4dec2,0,12847661,client_test_01_router_default,0,processed,,1781519201828
0x229d77161ee0e15dbdbd41ae3c6a9c6797ecfab8fac893a7dce57cbe86e8ed84,,,0x0b19dfbb6c470fde6b183c70c90d9437bd602b7f49731f373fbcf5dff2cee7e3,0,12847692,client_test_01_router_default,0,processed,,1781519213306
0x75c199da74751e9819061746227277a4ee5235175eb5649879c232d10762d07c,,,0x40132a78ddcbef3a66520e269d235e3b1b0b7f0fbed30e9f86ffa889cc251c4b,0,12847701,client_test_01_router_default,0,processed,,1781519216695
0x524fca167093343fbc09d4b0355e4e50e0f2ceaf4ba9f28664b5fd4041e81c67,,,0x6b6a803971ffa7271fb3984d324ca674b4f11f75d3e7b149dab0d38e3182bc3a,0,12847815,client_test_01_router_default,0,processed,,1781519261705
0x496c717346d093cb8307cbb70c28f2819149c9476140f624d7388021414c6df0,,,0x9b0181da4006e0750d9e6b95f962e0fd6c3e3a3cec55bd8843c5eb1625e98362,0,12847818,client_test_01_router_default,0,processed,,1781519262941
0x321db7dc6e8cebc12ed3767c21328b4e75875145ddde2762b6ae60a801721251,,,0x11b4c3e29a09dcba2c94a1aa6da26ac5bc4a52da3a72cecd0ac1cd1f8638896d,0,12847851,client_test_01_router_default,0,processed,,1781519275345
0x51195a00b4c7f64c8bcafdcc3699216117447b665e2679ceff930b86df8c8e43,,,0xac8a542c3add8fcf4b89eb5b5509378b14689f79df7809db2ac53cc7db8adcf5,0,12847854,client_test_01_router_default,0,processed,,1781519276553
0xa75ee51c55ed51d023c4146d28c658142162593b60a10efa818c16379cf535a8,,,0x5a3f93cf8c712664328badc9ab1927931ef754f91934f2bef4528106afde2a5e,0,12847915,client_test_01_router_default,0,processed,,1781519301109
0xfef3825cd9e6f29885017b8e6d4dd619458448d1a9cc5cec8dc480a90fb8e8db,,,0x0284aa90d4382702205056bab536de63ec2e819f4234c56d3d4eb8158d91156e,0,12847921,client_test_01_router_default,0,processed,,1781519303974
0x9e26c4edbb44a2041412648636c855773d788b327ac426211db863144f37a9ae,,,0xf9602e11784551ca4c1e935d294d1ed583521a72d0129afb22c37b7c16a259eb,0,12847952,client_test_01_router_default,0,processed,,1781519315774
0xd7151c52487d641deeb5d1983301b5420f23018317f3991c7e36e0ec1e5c84e2,,,0xd6fde7274828534af0acb9e5b5657b44266e01cece8dea73bb7e12adf7662ad8,0,12847958,client_test_01_router_default,0,processed,,1781519318573
0x50dd2699450afeeee4160e52bb72d8ed03afd9434151af8931b9ae880a613d20,,,0xb6b1cc3c57747e0b1dab4fcbf95f53c8f52f57063e987b19b245bc9b629ebb5d,0,12848073,client_test_01_router_default,0,processed,,1781519360812
0x07d0f830d4ef034ea349d6801c3557985a2ca2b6efc847542771be8ce52d32e5,,,0xca155025f1329c456bc7a8b5370972ed96fb52d54017565d4dc03ac4405895f0,0,12848077,client_test_01_router_default,0,processed,,1781519362020
0x69abee747ab30055cab204468c748647b01cebc55af83348c92a77a9ad5657b0,,,0x9f774defca9c8d850cb7681776d533ff4fbdfb7e7f34634301705db764203075,0,12848109,client_test_01_router_default,0,processed,,1781519375312
0x3e8fe78660540b7a631fe8708db86f7c8645a8a047144a4832cf211844758004,,,0x1d5cdc11bc3056f06d230a9a9f74312c276d017c9d663f1fa6ccc516d03f271a,0,12848112,client_test_01_router_default,0,processed,,1781519376560
0x9afd5449e884effa49bccce9f4b13d92246d3019e31b06c48976d6a592b1a094,,,0x276120ba219075a2ff8017b46dc3b262462a1606f60758155933329fa6196827,0,12848179,client_test_01_router_default,0,processed,,1781519401893
0xc81c9a7f2534b345a950d535bad8deefecfd5a077c58da6459e15ebd9ee28309,,,0xcf217490afb2c81875c534ee0f53affbf82289a4e51f92fd6944b240389f21c4,0,12848185,client_test_01_router_default,0,processed,,1781519404754
0x322acfee94d4100c5eb9a7e36a52f59b0fb6af547f5056e5860d519a152c6f90,,,0xb1eba1303f642d170eceb76e654723bdf88455f41b1ca6c809be33a39e82883f,0,12848216,client_test_01_router_default,0,processed,,1781519416812
0xa4808b6c8339a5fccf73b14b2293e0b3a697026c058f94f8a3c37b5a9a0e9c9c,,,0x2c01e7697b8cd406aba6c74f19a8bded08fadce7f20d97e6d6591162395a61d3,0,12848223,client_test_01_router_default,0,processed,,1781519419454
0x73bb1ad62080f35382c0e22737e38816a12eee863b6540892f2b35c3a7254f2e,,,0xfdc31a727312b06ce73ba85749ae5924ffa6395291fa5bc823e93218283b032c,0,12848333,client_test_01_router_default,0,processed,,1781519462443
0x0f46a69c7cb831625b810b15acd7e8ff0b2c1024b12f09a23f780b3e0dcea5a9,,,0x2a998f5653b91853f478563050658689f405774e2a5f2c53dee0b3679e6e216c,0,12848337,client_test_01_router_default,0,processed,,1781519463791
0x982f7e7d9e587a226d7d4db949928b572ed7fe3d9ab26eb7db851daf9a8cd1f1,,,0x823e800524d4efc894d945a374a08ee86e59586dedfa570b1ca0414e76c1521f,0,12848370,client_test_01_router_default,0,processed,,1781519476670
0xbb5ccb00c589892a8cc8c36a5ae16f395b5fec977cab534aed9d35d98d9752a3,,,0x9d80a21041d0bd157371742a0190d7ca8bc76406492ea499cea34177965d7b0a,0,12848374,client_test_01_router_default,0,processed,,1781519477931
0x81801a79446ea02bdc4546f293b0a8fd32e1b0ac9a279321b9ce48257da7a26e,,,0x7fd1b0c48dcd7056f816e6a6396d8ecff00a4702e24138678109fa3ba86fe639,0,12848439,client_test_01_router_default,0,processed,,1781519504800
0x920fd8ce5f2b8d771f97c587eaf161c9f1feb3ecef471288ef5205e100e511df,,,0x7e135c74e6a568545e0e24755bd6829de02feb8996c2eb366dcdfc118d503661,0,12848447,client_test_01_router_default,0,processed,,1781519507898
0x26148827d188670b78f6f3196bee1c5b235f22fb39f1a7e091f299b58688dce9,,,0x89d3f56948fbe7129dce309a24b1e04e6b77bfe57f209acb3528c5ce369b0663,0,12848477,client_test_01_router_default,0,processed,,1781519518686
0xafbdfa45941c0e949440c1478d57447a546d2d89cb3e9071d38bf62ee88c6d92,,,0xaf9fa8713152b0d218023894f187f2c88b1bab7a925bcdab24a2bb04aa21f127,0,12848484,client_test_01_router_default,0,processed,,1781519523030
0xf89c1c79d86e03d97ec15cb443041c4e6e47663ffee1ac4eb004eb2e3e6cffd2,,,0xe14372ec23d94f80cd1a57e52f3f3476353caf652ebb77c52e0f32108c920634,0,12848560,client_test_01_router_default,0,processed,,1781519553368
0xaba4579529cfab0974cb379b3eea7a15b981f38d5c87f91dbb9ed6840516e5f2,,,0xee49bf28c0a3997086fe38de3e7f0b0606e7b311314691c639455e67f8e6ec58,0,12848564,client_test_01_router_default,0,processed,,1781519554614
0x39802f89a1c16e92c29eea701fe6a8b9200d25121893f51c2bcda7460b7b2596,,,0xd7dcfb0a65ad248ebd30bd981814794d23af83a9d81ab9b284c16c1af759fbd9,0,12848567,client_test_01_router_default,0,processed,,1781519555957
0x04c63060aed2fd5ea332b294273c5c9005aeba2b2aa86402d22650c21acad390,,,0xdee239eed555190bf4772266c0628eda1daa6da62f68215a543b4d9bbc730312,0,12848594,client_test_01_router_default,0,processed,,1781519565941
0x956e7913e66b52112b7f218b8305bde656660bfcc5a0b2e48231b17f7cc93cae,,,0x3a2f7872bf85bdd9595e18d64b8708d78d76d7063e781fa2c68a0a296d246ac4,0,12848597,client_test_01_router_default,0,processed,,1781519567214
0xf33ab7487321bd032c90ab9590c28f7cd7c2ed6fbfdc8386a5ecdd8678bdcef0,,,0x55c60b1bd93dba98984182dd4519fde55b0a6422095013cfd29583a4d5ced26f,0,12848600,client_test_01_router_default,0,processed,,1781519568598
0x2d0d69668d6ce80bb37ef915bc281bc928ebde70f89f9d7fb772e4fef98b96bc,,,0xc3d58a35acb39be2357eaa6ce29adff7bdb689974df29fcc5958bf707aec7e21,0,12848707,client_test_01_router_default,0,processed,,1781519611081
0xf1d1f058fd96980d18391bf64d26ac9dbf3369b14a3a5e7e953a8f16719a78e3,,,0xc483f00cc304b58001e9b39af7d8f5188b6336263bc717468d083c44623662e4,0,12848713,client_test_01_router_default,0,processed,,1781519613551
0x8abd59414c148358a388844cd7c6a6cfd18c0dc6a4fcc09ff620363c29c80ece,,,0x77ff12fa080366e0f5bbe984353ca83c71bbbdbd18d506963daa6d83508783e3,0,12848738,client_test_01_router_default,0,processed,,1781519623285
0x9055e256a6e884ebaa9bed0438f59cfc55445d3efa8eceb274c61bf0dfb4f968,,,0xde03a54d54c0d519f324c1c86b560975057fb2ef3b1fae9a3ae2e47a431c02f2,0,12848747,client_test_01_router_default,0,processed,,1781519626067
0xb60dfe2d43549e1d87d6c6577c6e5e5bb50bec995832ceb7e5052aef7d2c2bfa,,,0x1e2af4b53bb1b79db46a0c536be6d3f40374f3a8c286b1765d7272c7b1709f27,0,12849931,client_test_01_router_default,0,processed,,1781520116402
0x5bf76bc7b41766031349eee5e2ccad6c31d16557fdb8095d778f9400f1cffaec,,,0x7562f7e5c6289558c9aa403f198f9073c6a3301d9738c22104434014d325a5df,0,12849934,client_test_01_router_default,0,processed,,1781520117745
0x2b2ec95affc32246c3978d2e1a157917daab30b2a76b3297ac98a32d1ec428fc,,,0xb6f1402a651a7257b90e385fbdc657594637785c483b7047f78289a6e2fb45f3,0,12849964,client_test_01_router_default,0,processed,,1781520131704
0x6977124a3c97f359912dfb2d01cd97bc909bdff7b13b7ddd89e39a48c3a857fb,,,0x6f32572d89c42bd23145bb478c699e249bb54a08c933bfea5d35dbf601f148e1,0,12849968,client_test_01_router_default,0,processed,,1781520132883
0xe517ebe1131c83e06d1f48128f171b3aa28026af3bd51a259e698d7465541f0b,,,0x467e302fa31c9422f53ac803fe28df87525c569a4f2ec6b3ca26c0e0a1346939,0,12850043,client_test_01_router_default,0,processed,,1781520164655
0xe5a004a0df1d48a0f96143227ec289eac4eb99b4a9c262a949ec6f198103638d,,,0xe65dfed94019e018268fbedaa6dd50ff89aeeddf8307ee0dd4367d78c859c542,0,12850310,client_test_01_router_default,0,processed,,1781520280421
0xad8cee30b98c2e352daa3c10f45723716d4946d1bd746a367f778fa8e6800474,,,0x3f495c115c8c8f1044a5cb08a747689e66af43fb84774bc160fd8064cfee92dc,0,12850343,client_test_01_router_default,0,processed,,1781520294578
0xff68d161328e52d86914197e57941c3a1231a1e3bc97a0f019d800ca75a498db,,,0x34593a03b7ea05a7b4ce54a8ca7c2b5b1d62a272edb589a5699d82a8e8e878f3,0,12850583,client_test_01_router_default,0,processed,,1781520391629
0x30881ad14a46f49413af158166f39c98f4729cc86cb79cc90ebf3045320dc4a1,,,0x265c4aa3696c37e4e83f4b0068b5165a5ed440799c58a7edf2dbb68a2ed7bfac,0,12850615,client_test_01_router_default,0,processed,,1781520406193
0x73cb07386f3b2e9e454213e27a98a92b35872626067ee15e1499c50fec8e1f05,,,0x9bfa1eacdaf81e0c763b21ddc7be6746003900144ba034ea62b0157499d5d6a8,0,12850853,client_test_01_router_default,0,processed,,1781520502378
0x43f84597995d6caad58063847cc2aa02bdf1e76eb60bbe94177dde249538cb25,,,0xfe50a94390a97f56bb0e096383ef20c102b1ca4de93837c449ac4975a0dd111b,0,12850879,client_test_01_router_default,0,processed,,1781520513161
0xbd2bd327d2ff22a54219331454f3e7bd81b687c62e6d19633e8cb757ecbc3a88,,,0xb7a0637fa043a98213d81d1b3bab21de6317463308d1690a4de9566a24a7c216,0,12851119,client_test_01_router_default,0,processed,,1781520608227
0x8b9eb525ed29432d12560f4e7ca2128e07ee2a99ab8c5154220e3bb7962f5b6b,,,0x0ea5685e7d7e2b59076506a0e0f4d0ca77e0415405ab3aa1533f95d8c74095d2,0,12851148,client_test_01_router_default,0,processed,,1781520618486
0x3f06052ae47bfe53597bb70e777560cd2ccbaa21823ae27b8ef9ff8d4483494f,,,0xac426651a5a1f7ef930f9b40f6dbad7996943062d00a05f6b80db60b6c045b5a,0,12851391,client_test_01_router_default,0,processed,,1781520713245
0x2c12df70055eb7e7482a31d5b108b91de96caf123f27910cc04a5c87851d238f,,,0x597e46183e0a43571e3ff21c195be19c0ae58bd3afb03fc6870f12cb22f07227,0,12851418,client_test_01_router_default,0,processed,,1781520724942
0x33a9161b503c74c537d4248de09269c29320cc7c6b0b4926257a6110c3edd7cd,,,0x0712db759ecbd280900c77bffdb4bf960698d15fc01b4b4d667c3dbe11b0019f,0,12851425,client_test_01_router_default,0,processed,,1781520727830
0xf44f29a31a1d12143f175b8d41416d683a93deedbde15343663577cd1a29e716,,,0xd48830f1892b3e3d169e00f7d1e41611ac55c486d6a71f343fed4ca6eb783ed0,0,12851462,client_test_01_router_default,0,processed,,1781520742711
0x9cc9fa6cf5be038250e08ea6089612a9b1ee7eaf352d7eeb44ae60fc768f060a,,,0xf681f3c9c4ea29512caaf9eba7f9c6309fe50734f5b7f27b6b99f3a223913132,0,12851487,client_test_01_router_default,0,processed,,1781520753035
0xd103baf1f13355de09cbe58bcd236219f489f7cef577b6b653e98edd8cb28a94,,,0xa35cab9895fdc56f059ef7f9c7f22cfaa0224119b6ccffc10495121d8858495f,0,12851531,client_test_01_router_default,0,processed,,1781520769478
0x0b291dac43dec4997ffcc8a6de9377db70b29fac09d2b46ae2af4ff69f86ed3f,,,0x4c71a8c2b4f3a3998a5193c33eb512e16efe1724b8655bbdc5a0b46faa1ec612,0,12851546,client_test_01_router_default,0,processed,,1781520775675
0x81ba9fdebeeaad793ae9c53477eebd1e238fbe3316c071642ba679cb07c549a4,,,0x27644260129498d721723f36f69b45702cd28fa7dbe6e6256fbefff9b241e5cf,0,12851549,client_test_01_router_default,0,processed,,1781520776824
0x88c6a641f41ca4bfef89a04cf7e3ab81483c82aba45ee343f554dcbcfaa71ed6,,,0x5a0e1a36f6b953741288d42f66c72a980bb466c2870a4c89cc2752d0aa525976,0,12851559,client_test_01_router_default,0,processed,,1781520781707
0xc9d7cd13ef2bd9eb5982786ae9f341c051477094af828e7d671ac61edf35c5f6,,,0xfb9b8c9bfba4825f142abcc922342dfb3e56daa290d72561c629e4adae9ca13f,0,12851575,client_test_01_router_default,0,processed,,1781520788192
0x34f0fd7805017c26cdb1ec1eaf154324c77d1f8e8d909e7ec26a9ecc00db031f,,,0x6b709dcd3b48365eebaf894ede9618b214e0dd6d027f6d6465c630f7df35b367,0,12851578,client_test_01_router_default,0,processed,,1781520789561
0x8f58a68963e87b5912e16a6b9c5368f51704de3ef31bc7afc2acb0a0ca4068dd,,,0x731517a8fed1d61301119dd47872e8070d719667ffdb14383c64d4aad5014b02,0,12851656,client_test_01_router_default,0,processed,,1781520822711
0x60e989e031a6696de14873c0e3eed304802c7379cbadc96b51970235c883a011,,,0xd751ff0808e87f47fd323fbed7eb64c3a6eb8f6cce63e16db5eb2b31544b9d96,0,12851666,client_test_01_router_default,0,processed,,1781520826008
0xc6c91a6693878c75e5cab9c5237a1c3a250ab528cad31ff8f330e923e7045434,,,0x00af54087d9a2a7953487d9b21bc2bb72d2d2ecd4635238b9d75e9da818221ef,0,12851686,client_test_01_router_default,0,processed,,1781520833160
0x235794c982fcd6a2e5063b628bfe553168e98a2210c41df0bf2b00868ca99929,,,0x06c02eef9549f326094f4da6bac90d9d632ee4ea8150deb67ce13f205f152710,0,12851692,client_test_01_router_default,0,processed,,1781520836009
0x957f7b688795075f5aee06cfa074e93d108f1ae5dcadba30f37a0effd28b43c9,,,0x91e5a586b51f6cb9920a0343effb216dfae90704cabb155ca16a57ba074e38cf,3,12851775,client_test_01_router_default,0,processed,,1781520870292
0x5e483e5cade5eaf20ace208a5b5b25d12f9d06908de938dced13fbf2390cff51,,,0xf399157b091aac0a1a87c90d28348bb24ad0ac27098a9e67182796be51e209f5,0,12851798,client_test_01_router_default,0,processed,,1781520880050
0xccbed4a05897372ba96f35397479013dc70d40b56912d43c4cbd1c3bae54e3e9,,,0x5f4c02ab627453257e3d48205cb9621c8dd410b68ecabeedb3d2438d1b33ab5e,0,12851800,client_test_01_router_default,0,processed,,1781520880972
0xfc2e40fc20f04e7a4490bc24ec81461ee270a638056be509f850071c06598a30,,,0xfcf3cfab0b756a04e0712ed6af109d8dd000f32e6133079171d4bbfd71ff58f2,0,12851811,client_test_01_router_default,0,processed,,1781520885225
0x8b57a7036f1c81ba44654c3ec63db4e779af8b95920786fcd41fcdd999959229,,,0xb8dd98d0a97d05803ace084150844d9f19ebd2757b875a3a5613663c464ebbf6,0,12851816,client_test_01_router_default,0,processed,,1781520887000
0x852024296cb92a42ee17dae86032a6005776f4cbb347ec83b8bf15a10876e678,,,0x40163e85b1c088699d23a6ab81dc0a8b63df858cfc3fb639f906758b7a2797a8,0,12851824,client_test_01_router_default,0,processed,,1781520890154
0x88148a3aef740b5711bbd9c67fdb6a435306ecdfaefbb90aada63ce247ce9a1d,,,0x337dcd17a96d0f8d4e801577d91c5538c2fc548753ffe4505e13c6836fae934e,0,12851839,client_test_01_router_default,0,processed,,1781520894989
0xfc18fef21b05d112f7137cdfa6fd935a525611ef204abf142b4df7817760c72e,,,0xd2b9e46114b3395c174abd59b89d458801064bf3ff686ff76ba6fd8793f7340a,0,12851842,client_test_01_router_default,0,processed,,1781520896227
0x73d3c63cbd1bc76c38ad0bbde6907db9e09e9f9ba932b8a0da11f11ee67308fb,,,0x98449f3378dcb368699df040571f7f9220c781dac601f7992794324fd8115731,0,12851920,client_test_01_router_default,0,processed,,1781520926099
0x01f5176f6e9bbce0bad41520028192284fbe6d0e74d8e043d46295730d07b6b9,,,0x26dc04f1e6fa15f6a4dfa1545506f01e23f37484919b56308e319bd531291aa2,0,12851928,client_test_01_router_default,0,processed,,1781520929860
0xb1629aa8e3fb495754a07213ebfc633f154b0f1b05a63b64a7de3860b5c973b1,,,0x249da794ef7c7c6c5e9e62436a28458d478087b462422172ae293adcab913340,0,12851948,client_test_01_router_default,0,processed,,1781520937004
0x00bf28cc0f9341837e99b625fbfae277b02a231334e2165c953cba2a56937f08,,,0x8c94e8f296baf7d89b1f876deda238d6ddbbdbd6d9d6c0338fb67dc9717e5f18,0,12851954,client_test_01_router_default,0,processed,,1781520939894
0x4d1015dd0364b6eab06df5a26b6a9dbfd42d23f05ebb41ba30ca413857a3aa18,,,0x45091147a0f2f3b61b96d446ac81de94ce96cf61b642f8c20101499ccc38ed71,0,12852039,client_test_01_router_default,0,processed,,1781520973827
0x468e4d1e819e2ac7e1a8cadf3a0b4d8041a12781d53f95a5808fa44bf223fd9f,,,0x2ad44a94914f798b59dcb833eddf47aa116a5b03b2639623d6bbca16dda4a667,0,12852064,client_test_01_router_default,0,processed,,1781520982959
0xa2bd7d76483d990b42a77735e2fd2648c9a805de275ebdbd131ccce2132b32ef,,,0x1ed8d68c50f25445afaa5f8c8d47508af97456b764e30dbb897e0f7a742a2855,0,12852066,client_test_01_router_default,0,processed,,1781520983681
0x966972a6fd2cfb0cd52fc3920c06a67cc91e8e5610c11c2404586868e7b4eef0,,,0x765bf19cfcc798684fcdd92c6e68b7294107e6e7b4d8c840e94184323930810b,1,12852079,client_test_01_router_default,0,processed,,1781520989495
0x0c429d53df787b8b01c66a2714fb52b3f310b587d42851692639ab920accd543,,,0x9c77ae9073e7daf924a23e0aa00004667ea2e46eedada43560940180f601e14f,0,12852082,client_test_01_router_default,0,processed,,1781520990746
0xd50cd6381b9abfcf38c3177d617ac4eca258a2afdfb3f0becf2886a29fb22ef7,,,0x0edd6602b9c72426e61d9a8a3fbf7176fb2112438935e8dafbcd96ec5b0ef21e,0,12852093,client_test_01_router_default,0,processed,,1781520996797
0xe481483b483b48c7180dd00c718d9875ceb1689d9a73692b07fe1e5a07901b95,,,0x3aed6db6d199921af25ec16e6307f9d371696cc2425c525895d53d2f858f3cf7,0,12852107,client_test_01_router_default,0,processed,,1781521002093
0x1ae35aebffd339b1a68b85935efa569ed62eee6dba7a95946a118b9465b65613,,,0xdc59089d917f766e79977be20840a5e130bf66b28d41b4893ad8f92b9d15d469,0,12852110,client_test_01_router_default,0,processed,,1781521003332
0x7bd687a166ca2f3d13d500ba6137d43611fe677e832358e88553da0fceffecc4,,,0xd5d0adcb9eb86f5a515a10628647aa88bfd358e63f41056c842046f0c3eb8cbf,0,12852182,client_test_01_router_default,0,processed,,1781521033754
0x48cbfcd9c68b7bbc78ce7bd40cbac543b4507aeb47d656952d280265f7837900,,,0xa998a37a714d90b69ba4661f4ef48d74a0b36117e1346450ae2410bf3a8e82b5,0,12852191,client_test_01_router_default,0,processed,,1781521036658
0xc19d21c8962067116cbb0d2d13cf0e4304dac71bfd0df8e6ae4c1edf459d8300,,,0x9f152f583d3463c2f4e1520fb2fda8b22701586e5ac25b14d5d8e01e90a2001e,0,12852216,client_test_01_router_default,0,processed,,1781521045852
0x57c3827a71715c7697da47ee369d09b7b32815f2238660fc907283642e78e651,,,0x5737cf5302d777c277bc8d3f83ae55f6ededb5d1fd8952e0d4a328a80b6c32df,1,12852223,client_test_01_router_default,0,processed,,1781521049832
0xfd51baf85f6424373439fbb1082a8c431995cb56b9df787f18dc5e70b77f2e2b,,,0x162ca89f120546bf4b4ffd8bd7cd0e8ebe9f7c34f6f29522f39a0705b398bbfe,0,12852307,client_test_01_router_default,0,processed,,1781521083442
0xa4437a3c4deff7a9ff3df3a808890dc8f0db1bc187d17fd1fe77c97e31109e93,,,0x33ed22eabe347359dc2b8d34bdc03d31b3992be519b1ae9bf5dbddf0c85c7275,0,12852331,client_test_01_router_default,0,processed,,1781521092686
0x81c45968e60eaf298bd807896c10f57458a3f0ab9c7a328ddceb8663712a3698,,,0xd6575fdcff17bd08a51fc03706b46a9f4b929116fc3a8fba2b5ffae8236ac895,0,12852336,client_test_01_router_default,0,processed,,1781521094367
0xf14e66b1aba8f5d4c4d8e763bbf78492a8e33a5aacfafe75660d3880862b0360,,,0xa8ee895d2332ac26702afee310725691c32731d2895cbeba3a878a30372b3d34,0,12852345,client_test_01_router_default,0,processed,,1781521097557
0xe45207c607396183fc9025b9953959b7ce95b8ee665b696134235616b1f504fa,,,0x852b3b205617f7a4013f353e4799ef63c7cdcb3f27cd15a458f34d963bcea946,0,12852348,client_test_01_router_default,0,processed,,1781521098791
0x467ad550ce879f687a27f586682b4ec15ba0cdf592a02108566205c22a809823,,,0xeee5e722d58551b690c5a6d0b84ad5dc004c475c14f6021f31eb02d0e5b4693b,0,12852360,client_test_01_router_default,0,processed,,1781521103851
0x94fd92b55b31c6c64e167c01c4831a769d6a3e7747fa1d60564eee6402698fe1,,,0x075763ef600b8ef12da51ea41fb568dd5a7f549b1a080eee24b37efd6bc11bdf,0,12852375,client_test_01_router_default,0,processed,,1781521110821
0x09e344193c3dd8d5e79695fa39c333c0a152232447d589e2110d412f480915c5,,,0xfc0bdb339dc6b19254482ed9071803c77316622fb583b13b478c8c538b8fadb9,0,12852378,client_test_01_router_default,0,processed,,1781521112044
0x417cfd60bc45122691c816c6df6f7e4cc151c29ce7dfbab2bae50637d7afb7c5,,,0xc42433d2e1623d8538df03d72dce0d9a583d6ac1b67c8f1745e6e9e0c31bec40,0,12852450,client_test_01_router_default,0,processed,,1781521142578
0x01662cead2c0f74b56f097b034a46d01051567c2213fd0500c38a8bc64a74701,,,0xb61f9e5153ef880c64e427a6047cfa7c2c072467fc89302ad7bcbf0d7b84b155,0,12852458,client_test_01_router_default,0,processed,,1781521145443
0xc0725e20b1566d42df4ebacda3112878166de3e04ca7018867295d3dd0b69878,,,0xf1649960e9245b0bcca455cec6a50a6d1f679f14432a3911df993018fa761bdc,0,12852480,client_test_01_router_default,0,processed,,1781521153570
0x0c25750912ce69a75d8f324126eb570c7330bc1a25fd20317c79f2fb3f8c6199,,,0x64ae31cea66f54910182c45791b85582521dd7fb7d4edfc59f9db844e7d95269,0,12852488,client_test_01_router_default,0,processed,,1781521157128
0xa91bdd0fafbbfb7d2cf522a1458e11b509bdf74df9f874a4a7b549116cdea8b0,,,0xff2fc229c79c73aac23254a91aad2eab513459e4b060785065b856142f27d7bd,0,12852573,client_test_01_router_default,0,processed,,1781521192593
0x656d4c98c65cf2d879b6ef095b74c0af6fa18fda19e9606f305e81226f520f9d,,,0x6ba61ef638492a99b00e1498ffe2fa7a05663196cf8bc2601779fb1852fb11f0,0,12852596,client_test_01_router_default,0,processed,,1781521202667
0xcc49140330c70552ab516a6fc4ff4a2b274efa52789c15f5bb50ec7826036a2b,,,0xa5f2a559e7e59fcd8b1d0460b8472da2fe49c406b620123a041a7b6b3a549844,0,12852601,client_test_01_router_default,0,processed,,1781521205052
0xb59711aaa97524b33d484bc56bae6d7dc6be64d42323f74de9fc8fe669d074cb,,,0x3e3dea5fd378ceb3149bced4406a86d4bcf704db57253c73ecca6bf54f38c55c,0,12852609,client_test_01_router_default,0,processed,,1781521208258
0x54df47378523f05dc0a73a6989f5c72c2d638e5f095f2a1483f84ce7c2255acc,,,0x85172e9acc72d164e51a570664cf2c4d3c72dbe187fdd2616092154bb417d7bf,0,12852612,client_test_01_router_default,0,processed,,1781521209622
0x23678bb5a28bc6e6c04f9d04dc41e2dddead44b5188b134abf0235ad305c4745,,,0x93a4aa76590293bad166758f9b158b5e01e580b39517d6d801f064eee5101cda,81,12852626,client_test_01_router_default,0,processed,,1781521215093
0xd8291ca7a4c791888cef02d675837196d60254ce35159a15c92aa6c841ff9ed1,,,0x976a359b8e6f50a491b7ee5fc5ec383662217bd77e5825ea6b3178c1b46b4a86,0,12852640,client_test_01_router_default,0,processed,,1781521220996
0x534bce2597044af9b46cd6b722249839488de8a883ea105af833dbfbb362cfb1,,,0xa36deef7ce66dd8864d22ae7f2ab7a9ea19e461a1b66efd3a859041e4bc6df7d,0,12852644,client_test_01_router_default,0,processed,,1781521222308
0xadea466942189465dc56edb54e17d3400116de409a1685a3372b4d8bea53719c,,,0x8d91d15a9856181afbee80dd83ef7249796ca294e8b8c397a5e484d6187ed750,0,12852720,client_test_01_router_default,0,processed,,1781521252405
0x2e4943fa57af2c0563c4c34f013be24399d7b77e59cfbd2330249317671efce2,,,0x6e3c95068875ce06fbd5e9e148f92de93acc1fefe1c272801c4a8d83d454e0e0,0,12852729,client_test_01_router_default,0,processed,,1781521255321
0xde6856803cd026ae85ed57bd88a47eca3991d302bc93e5f0ca40ebbca552df34,,,0x1fe307685f8d6d284af42f9cce537b923e7cd46beeb648968003ba240c38ed1c,0,12852750,client_test_01_router_default,0,processed,,1781521265449
0x3b2e9abbebecd4a2d4834bc546c0d47fe720c435050423126d37b92e4cc3ea0f,,,0x15fb490b02bce88b71b29f9a12f6927b3c1196657cedaaca40f89a5292c7656a,0,12852758,client_test_01_router_default,0,processed,,1781521268471
0xf4ba31c0e80a5755f8739b015b61fa81ca207180639d9d17e6e9a6a47a7dbca2,,,0x92e59a2bae9e57e31173cee31a1a7367a7ea629d7df7c523c09d532b1320e665,0,12852841,client_test_01_router_default,0,processed,,1781521302497
0xe40f51772b5bcd11442681349fe7953b94b3ca438b470d8723cdd0cefe772759,,,0x20af2238ffa506d3c8e78039c21f372215d8f6ac934096b171c1ddc0083d3c23,0,12852867,client_test_01_router_default,0,processed,,1781521311930
0xecd84a9c7cc74698f5502d1a1e120803fdd7c977b5f3a609ed670c7e7df1a639,,,0xa1a64328c266c59a99ab772b03cd41ec7b926a825a6bead052685930d506d7e6,0,12852873,client_test_01_router_default,0,processed,,1781521314372
0x4043a6a1d22ba234ba2cea6f5879fbf241d2bc6743903894c5aee070488dcd4e,,,0x4027eb656b1f6f67bb329f5cac7e98cf2affaf1a51e86d389311e873616e6442,0,12852882,client_test_01_router_default,0,processed,,1781521317714
0xa606a2d3b2c04108d5a3a29468a67505e703f884736887c332ba0c24982f0d98,,,0xb28a79fe2dd1d4bf15efda9b0e2dce9ac8fb9ee18f57be4e0e49b9b9722aead2,0,12852886,client_test_01_router_default,0,processed,,1781521318997
0xca8ed745847e14226a1553380da14dacdf5d1a13d3a4e492856651295891288b,,,0xc3c95c684f663f0746196b8b9bd5044ff048fbd017d59b25dc099b7af2dc5fee,0,12852897,client_test_01_router_default,0,processed,,1781521324405
0xabc1593764f687ef24b73dec2a452606f5caa8ef48aa4cb6ef11f8a4d41b3531,,,0x11f7cc10ba10dae4968c2944bc8c17dcfe60c0765c16ca6d70df1b8343bbadc5,0,12852911,client_test_01_router_default,0,processed,,1781521329585
0x657264227336d13ab1f6b365a591bb1ddf7fa48dc5d8de1782a4c17c3c97cb06,,,0xb07a83be8e4f81a624f0dd637f207f57eac8db0d2ef4977f98af13930218f52a,0,12852914,client_test_01_router_default,0,processed,,1781521330772
0xafbfe25f26c332f8242517ba7fe1613163d2cf3ef5d1972b6f4301a8dfbc9e71,,,0xa744873a55ce22e78ed6a316b8c84cbec48786e88669b574897509c07260742b,0,12852959,client_test_01_router_default,0,processed,,1781521347351
0x0f29bb27e0fc3f21d76bb7b635422c448068737b808d7276ef16118780fa23b5,,,0x9ff4f2904e2aed60afe02543f0bc704055ec69a9e92798dae347de68549baad2,0,12852987,client_test_01_router_default,0,processed,,1781521358512
0xb5debd1fb44a39ac5709634a93828babb60cf1648ab98093f6ecf5f616900d93,,,0xe16c0bc38f77178a49cd7aead7c4d75985dcebca99b86f9bf5b21f94af3b61cd,0,12852989,client_test_01_router_default,0,processed,,1781521359208
0x57e47a9892149f2655607005b2add05bf41036a1d438993bc3dd4e9b0ce97944,,,0x36dec0c0fe323a48a4de5c0e8ddbc781956f0168d877d4884ff11cf96fa96f51,0,12852996,client_test_01_router_default,0,processed,,1781521361948
0x06dc49e7332af48d403a49a84b0945c78dc6e98c504f0dfacd501f1ce59361d8,,,0x450a8e200b4ba8dcdee5b933df5e549e49a87ab563b04a6a268faf00c4028aad,0,12853015,client_test_01_router_default,0,processed,,1781521369212
0x9326a208ba4a87380f76f8761c9e1aa75bc4a9854491fde3e8b7f3af843a4329,,,0x9796aa54c0016ebe4a5bd64685f638127ad839969fac443fafd9f10afd8e28a7,0,12853024,client_test_01_router_default,0,processed,,1781521372579
0xd07d08b3281825f8e254266e54a3d23d8da30eb1fcd86d2b48923df2700ffad1,,,0xce25203c5f7d891c633c0c281ad55ba2027f56ceec9b62076eaa2ebeef9b508d,0,12853109,client_test_01_router_default,0,processed,,1781521406579
0x97d0ef0dba45910e16102b3f2ebec6e864c105c9cb3de3e709ef0a49763e932d,,,0xddf5b819256b2b3398813f40bb368a0e6cf359788a9cfeefedfeb7c7d4a82ef7,0,12853138,client_test_01_router_default,0,processed,,1781521417521
0xc1ba062dfbb5505b00b8506a76a402893c935d1a7b84638baeb52241ef387c75,,,0xe58839e665e9ec650001b5fafd87b56de090142ab13205f332fec687dfe19329,0,12853226,client_test_01_router_default,0,processed,,1781521451607
0xfe33c5fdf7daa48ec002c7c5412ac5dcc035d1ac462f269c6673d44acd9c4653,,,0xd41e752f104f361d4887b2299aac9afdef72b1d4b8a52f9bc83b6226e04fcd51,0,12853251,client_test_01_router_default,0,processed,,1781521461020
0xf2a2f17f56ab27a459a12c1ec2be53fa1689edfc2b67a10f85e22cab1884a264,,,0x1f2bd64dbe9cc0e1ecda4e01c6de65a129897d6d66d1995d04ab05140eccfd49,0,12853252,client_test_01_router_default,0,processed,,1781521461856
0xdc7a4cdd947819a4d46384767455b9745a8083c317136282a7642f228e78d425,,,0x2bac0af7fa96c85578c86f1f0eed4cbff8c1d0e177fb0537598304c84dacf04b,0,12853261,client_test_01_router_default,0,processed,,1781521465365
0xc1f8a99f2a320f2e1b76dd53c860b8629e393b4e425130c73cce62686c7c9f8d,,,0x508fb8d5e3dee951e9227722964065e5894964a4bf8b3229df94cbbb1801a9a4,0,12853279,client_test_01_router_default,0,processed,,1781521473196
0xfe22155278586d9fa9353b34c92545ee90149e55a5e77c1fabcc363d6b3d86f3,,,0x8754d127d1d145bd5fd2233053fca8f7689b7074f2dceab39612c9c5ba0822ed,0,12853286,client_test_01_router_default,0,processed,,1781521475931
0x1117bb0787f3d6d76ef9f16501038e5495e137f0588b600fdf64afa52a9422cd,,,0xf95224df8f2cadfc91d27c8a6120a0110cac1aa40eae30b9a291098d718f297f,0,12853373,client_test_01_router_default,0,processed,,1781521511703
0xa4da64dd59598c1c39881c4b6751b3f65a373f88aca7188ba48d0dfb910979b3,,,0x15b385fa407f969183d1c1e43d02ad64e364dbdc84e549b5f075bcae265ce636,0,12853400,client_test_01_router_default,0,processed,,1781521522025
0x7c9c26135f2de716236d2cbde23b6d1ab862d225b53eaa76680af8740defdc48,,,0x0473c4d5fcc757c45b4d95aecdd234fbf3c7a0d1c976d2591d7dce46ed44bd64,0,12853490,client_test_01_router_default,0,processed,,1781521556588
0x52fd84bc0ca85fdac80270a31de2a2b34fa1a557e2fa5416a224738877798c22,,,0x387bff1f48a89d7b543c3b6f3cd3f2277d94c5008079aa32d57b86251be08836,0,12853518,client_test_01_router_default,0,processed,,1781521567838
0xf641c523bfc2945027b375103c8844dc82477a5aabae87530c636d654886c825,,,0x359c4e5a626cc018ef9ee98e30181ca8718ed2e7d4f58e07eb92cf9c0137c083,0,12853519,client_test_01_router_default,0,processed,,1781521568287
0xd1e605303a19021acedeb577efe8cb23b25175c892d7624609cae658977eac2c,,,0xe1f3e823d2d2f44a57ef754508c3e4dafe5b720bfe735c7ffa3b894e7303b0e4,0,12853526,client_test_01_router_default,0,processed,,1781521571172
0x3efbf92df61890523e2df2b2b647f7af6fcf471022f230572268db5cbbc70216,,,0x89c74ecccf7a0f6b22747e35618a7fe24840c4a744903c24b312655b8d6b11e4,0,12853546,client_test_01_router_default,0,processed,,1781521578544
0x0d0e76e4cd8e0519ec617fd1d89a724c58816f0b9470b8d3a0270700f191390d,,,0xa8d42ce05a96b6c66cd8e2b169bc41b1245693926b3cd77e526be1981c62aab9,0,12853555,client_test_01_router_default,0,processed,,1781521581598
0x521d98777f98c7cf56ed2e9422b790a1374231f617066caf3ba8f2c74d0e2b6d,,,0xf0d5c5770b945d1b65e0b094c1e7784510fec7935b8df110bf764ed8a90a31ef,0,12853640,client_test_01_router_default,0,processed,,1781521618156
0xa01056625856f786a530bfc3ca0261295aaf07f2eeb28354b9d8b7278e4873dc,,,0x942875db3b8c11379d86d607190fbde7855003579dff67bfb1afc55af1dfd9eb,0,12853666,client_test_01_router_default,0,processed,,1781521628860
0xf1327ddea88c0d7127acac3e743064197370013f68c5c40423d03fec56c577bf,,,0x6d025a29fec4fb8db196d618766f42557f7ec846d433530d3acee0cb983f7f73,0,12853756,client_test_01_router_default,0,processed,,1781521663682
0x2a78d5cdc4415694df7ac1ce5882785892a0ec3abe5753427e527e7e2b6505b2,,,0x4c837d8b896375843ec26f43323734c030d517ac46707f5f5c4512db513827a7,0,12853781,client_test_01_router_default,0,processed,,1781521673342
0x2b94d2ac06f42987f45e6aa71f7e7cc4d367e1331e466bf3be2c868d20ee674a,,,0x4d97ca103726710d929718c5747b04563a7ebd71b3d0036f45b93f21c145cf8b,0,12853783,client_test_01_router_default,0,processed,,1781521674123
0xbdd2601f7000513c15f33565df67cafc39e27ec4cecd1241b61b6e67ab386e80,,,0xaa3c1d79ed96255ee8f0dfe71f42cbeac2750b6815b74073309b631e128615ec,0,12853790,client_test_01_router_default,0,processed,,1781521676956
0x7ed5c9d086b7c3cba9fc2fc993661423809321661809030e7f9da5bd8fb996be,,,0x7c0762b894d4f0be244e8d5fc7d6c1f253befd1748d5de302fb4a31f314a99b3,0,12853809,client_test_01_router_default,0,processed,,1781521685239
0xb384f2e8a34ff408afaa904457df7201705a52e4fe764af63bd589d3757616d2,,,0xaba158e77609a6c78caf981b60b6d49802c95ce57ca48778b46b030ac8bdae40,0,12853816,client_test_01_router_default,0,processed,,1781521687971
0xbab536d3419ffb33de12ace779619cd903a71c22dacc9b45b82b60d831d4bc0d,,,0xc91284e71ab6c25d72d1efa349c9fddf80a9f04a755cd22fa816f1d7aff10de2,0,12853905,client_test_01_router_default,0,processed,,1781521722596
0x4ed5b5da8701dfa33dc7710e394b06e6b73787edd64accf6bcc58fc624d6c071,,,0x59de7c7fad75078e548ee52592939c9ec25338dff7a5aa9287aaf016efbadbb6,0,12853933,client_test_01_router_default,0,processed,,1781521733339
0xee4400ec4d786e5351076a227f6b117399499d934d6313cdcdd949b6c8f1485b,,,0xbb68e1e7b5d49e951c9f1737851fa8d249c402301fbf4980a90e8fc9ae6443d1,0,12854025,client_test_01_router_default,0,processed,,1781521770557
0xb224f8dfc505ad8593377530f33a7afa6092fef65c7fc876299bf221c1563a94,,,0xf55e6a24919ff88d2b0ecdc0a622630a2d8a5e176a120bb7c69bdadf14fa22d5,0,12854053,client_test_01_router_default,0,processed,,1781521781112
0x80bcf35eefcac56451ee607f3dc634af872d8b3cc568eb40c567553ddd0976e7,,,0x2d0cbb1af3ae983187eaf75f14813363f44b10da006e2fe76f812071a1c8c2cb,0,12854054,client_test_01_router_default,0,processed,,1781521781578
0x32e455c8d4d5ef1e35bb9a8e60bc23c0075f6cfe29574089f6f1f6c1186d32bd,,,0xc8503c3e075463d45f3e7f6aa0ddc9646d28c7f6a7651e8a587d3626dd7487cc,0,12854062,client_test_01_router_default,0,processed,,1781521784468
0xd1db864ea717c1a92431057d72a3a0d8995a7517378e923b368e7a5d27fa0522,,,0x6ed8d608cd6454c8a34271a5fd581d02aebda7c013335a486daf9d39f7c181d1,0,12854083,client_test_01_router_default,0,processed,,1781521792557
0xe2eaa90afa33edcdc36dd6d1c0dc4a0610eaa7a2bbda2a4598af60f72033a74d,,,0xb8ea6f503f1870cd27487ebec0b39d62ebcb8a6a84e055ab4b62c0707fd7ae37,0,12854091,client_test_01_router_default,0,processed,,1781521795927
0x59efc4c7554467ea21faf01418299478e84ae213f4a5d52dd744a55d8e6eebdf,,,0x4e004e458b5d743a8aff6947c70774ac4ef6a71e40796d26f4f63f709af5d5fa,0,12854182,client_test_01_router_default,0,processed,,1781521834062
0x2a55819d158e13bb64ae5576ec26efe781549afd23c2e8e58fdf4ddd6775a3d8,,,0xb1aa56169e6d48c6b3ff7541a6ce62b0699ce643530ffea8634cecb844e61af8,0,12854206,client_test_01_router_default,0,processed,,1781521843607
0x233e1c3ef08386a4ce61b11efd1f6df4f321504ff1d5564f4e4917333d01a371,,,0x35ff246132485509be7e778797bc58d0a5d1bca7fc6857db67e738e1522d7034,0,12854300,client_test_01_router_default,0,processed,,1781521879721
0x3f0341542f18f8ddc3a886f065b98c726e0b30d532d5f271eca7eeb79046dd58,,,0x87640520233d6dd911979edbb703fae18d164c445b020b8e746109a292fc14b6,0,12854326,client_test_01_router_default,0,processed,,1781521891014
0x19536207e0d379bdd5db8899baf34c1ea80f630c389fac7965879ef604ca96da,,,0x88b5155d2d271f45dd23a3c67405157ebe402901e1397b234e052c0288841f78,0,12854328,client_test_01_router_default,0,processed,,1781521891749
0x6a5da70bf1266378f2618b2a91f901d7224576c9de8c6cc45e2f439a9c335dbe,,,0x3de8a179ea4aa854ea3f162bc7c8556d0c4127569ae4d86e799a5ae12209de14,0,12854336,client_test_01_router_default,0,processed,,1781521894654
0xf5e70c2517f76c28423a88f38287ba5d76e9d87eccd1b7c1767d65b467baf829,,,0x70a34eb09f217ec5c9cc09173c44127f1a0f78d39e958660f86eec94846e7dbf,0,12854355,client_test_01_router_default,0,processed,,1781521901796
0x735645c7cc6d6369b29ee33dfb819e818fb1edad28511bb1bedf67db06a69822,,,0xd794922bfe799625a35fe0f07407989ce8c439f6a69a7a0ecdd48473e68a4b0c,0,12854362,client_test_01_router_default,0,processed,,1781521904953
0xfe8b48d0ee887888c4df61e3dde9f4b3b54822d737cc650ea5f6b17198729864,,,0x13ecd6b680e65a0362d5408871acf882647dac5eeaac70248632fa09ba3d21af,90,12854444,client_test_01_router_default,0,processed,,1781521936330
0x89826660cad5343440d791c33b8932a564d8a8fac2c4ef36c4ec4bae5a0733f5,,,0x25cafe1c99a3777f7a68120cc4d53d105fff7f886e8530e8d85ece27f06e84c2,0,12854447,client_test_01_router_default,0,processed,,1781521937582
0xa07b8a3e4895ccd1fbb6f74ee4e34387b84bc7c8b02b7170c0f1859b336ce9a5,,,0x9bc17829797aed428bfa06e6f0900c6b4da58e370bfdcc2bd16613db6d0d11fb,0,12854450,client_test_01_router_default,0,processed,,1781521938877
0x80ac6d99fd7f99aa4ef9ee1eba7c5c282554aea5d725a57f4b3aea3f93a97998,,,0xe6617ef1b964264ca6014806c79c3ff069f4a07eda522ad74f360860ee102846,0,12854470,client_test_01_router_default,0,processed,,1781521946818
0x89fce344c54e98c0243319d7f0517444244c9b371d30eb075d8a8d8f648675df,,,0xdcd9ba9277cd20869c19a44076eb4e328d5141165b7986ed53cb8a92d320ae7c,0,12854475,client_test_01_router_default,0,processed,,1781521948370
0x84bae7ba1694ccef8e292b8f5b0f5f1404676f81714408bb825931c47bef644c,,,0x451914348cf7e9ee8959147a700a2abf5f8200ca1152513868178803bf49c4ab,0,12854479,client_test_01_router_default,0,processed,,1781521951057
0x81f54762bc7aa9e1ae0c4ec1dafaa3b7b87e98bec1255e22159dea624e90940f,,,0xad23e264bceaf2c940a15c42427f3e0a49d672702f4495ce7c9a8aa4bb06c6e1,0,12854558,client_test_01_router_default,0,processed,,1781521983860
0xd604d5a20589c941e11d28f77998d4c6cabf2f4d4c5619156c56434e49bcbefd,,,0x19d3a484ace1ff7e7517f3515462b8a6c8c9e68904a59711065d88dade528e99,0,12854584,client_test_01_router_default,0,processed,,1781521994730
0xb836100663a3a0153a4a2f66cda927d42ff386ca55c92578641a018f397217ad,,,0x091955bb096c9a155485c997145039dab7797f86322f0c945049a7801f11d942,0,12854585,client_test_01_router_default,0,processed,,1781521995161
0x1116e75c021cc1e9282de6638bb969fe9aea5dd57c5de89e0723201f4d5a2693,,,0x9a89122b1db133971acbe761f2f4d46724be9f175f2800f9d36ffffb1c036952,0,12854593,client_test_01_router_default,0,processed,,1781521997994
0xcaab378c65406083a3f56bf5b95479b1c15712b97c02959a73f0ebf708d1675d,,,0xf91fb905c4d917f59422b57f5052e202743160ce226453a00177b993a964b486,0,12854612,client_test_01_router_default,0,processed,,1781522005613
0xc8b3018a5fb846ad2d57e8422b38738aa9abc27dc4323c80b1108ffdcbd6a1a9,,,0xaf4bab65b2689ab89f24f27f4850d7356488e6b7077d3008615bac8354c0db26,0,12854619,client_test_01_router_default,0,processed,,1781522010027
0xa7cdd8bdb060ad666022e3c21ceff84d5f1a6938761fa8cc55afbe957009fd8a,,,0xf606a1e512f07d8a52d39920946b74ed8badaca7e6b63d9c72f841cc7933037e,0,12854661,client_test_01_router_default,0,processed,,1781522027185
0xa3de6631ec82f8eab4756c87419e2b99a0a62ee9f5bacc82a1b552c852f78e0c,,,0x4a3cc3064d3acd2a9662f7979635e8f4a5c4b6ecd04da9c3b0fec093f1248290,5,12854690,client_test_01_router_default,0,processed,,1781522040785
0x084e193679a328c8a6f1cd45d019d7254acf01be88142e64aba4b42d10b1081c,,,0x0bdee4d0537809b430eea7376a116abbb6550182f6f44287b0c21d3b8c3ce0f2,0,12854708,client_test_01_router_default,0,processed,,1781522048600
0x131455d91ddce23844bc589ec01a0cb111f541fa9947770cdd3383eb3e915943,,,0xb81aaac8ca7f340634f75e9a3bbb050cf84911cf0a1cb135d716af1ce1dbd056,0,12854712,client_test_01_router_default,0,processed,,1781522049898
0xa900a1bce7216f0d0a2a68649bbfd3d3f369595c4ab7395877df9e83ab099ff6,,,0x183ccbe8bdb96340055624939dcfa3a9191869a64038080477605ecea8765f23,0,12854714,client_test_01_router_default,0,processed,,1781522051196
0xc1c80b588de324bc4e0f0146ca1e65eb8d73c077fd0fcc36fc1c9f5dbd1395e2,,,0xfe4ec8f3a1fd0420c4cb482562217a7fb073be7ba8190d5b11cbf1aa944e80a3,0,12854735,client_test_01_router_default,0,processed,,1781522059081
0x1ee7739f07b91eaae13119b094a4011e0c6803afad7141d3fd3f0ba44a2da1d0,,,0x1d72edd8df827de0b521c2da94050a83bda77489cb7f7cbac428d13b5eb378ca,0,12854739,client_test_01_router_default,0,processed,,1781522060367
0x8864e2dc291fb8c93f80c3f4fb9ccb1f616a7d3a788f8b51a1cb23b7fbce91b2,,,0xfaa1ee60348ca891b495682284502cd648a17839363e2ef7e41356d81a181053,0,12854742,client_test_01_router_default,0,processed,,1781522061602
0xf76d1d982912f339e5ebe2d9d6f93f5a05635413754713cf55c5bb7e419276f3,,,0x3118a899a572787260b6cd2b2c25ff1a8836cc68165377b9173d57701445c0ef,0,12854748,client_test_01_router_default,0,processed,,1781522063673
0x6e45c3244e13445a8fd21bf6e301646e0d6163506c5a72a58cd5e15dfd79de12,,,0x629e0f9c4943dd1fed0e32c8888d10c229204cc04a15dfe54441eb599c7be801,0,12854775,client_test_01_router_default,0,processed,,1781522075063
0xfa585652f99e0472d40b7d8c80f4bfeb3b0a93ba037907927faa12f284091a3c,,,0x96bf9ea08c4cd74b8e187ebc1a8c7c45b7261903550e4b70455909a28f387a3b,0,12854827,client_test_01_router_default,0,processed,,1781522094582
0xeb563d6afa14635509df1992006d558bf42c3b3cf52f6c4a7351c2e582afff95,,,0x36b19b1da0f96258edfc668582d833c3b7c1b6189d6eb0bc03e2c08d0206ef45,0,12854853,client_test_01_router_default,0,processed,,1781522105972
0x581934065fc6bbb0715534aa0278176f481fea686fb97bd500595f43d45ce311,,,0x9e79c5aafbc239869f70546844ac5a30c24d19551a4065f545dec770fa998382,0,12854856,client_test_01_router_default,0,processed,,1781522107196
0xdd1cca33a3a881b906625c2c562d3f7ed5a883527e477ad60fe75d23420c32ff,,,0x7e6939654452cb86631a20ea065f8a6a14303df7cc191265e66f64d96e64839f,0,12854864,client_test_01_router_default,0,processed,,1781522110719
0xca0b4059d196e7eafad26591e95c4e26a0b579995096995bf6866621cafa06db,,,0xede6f9f1bae697c8e3ede7a593e18869a5036cf2896da1831c33add532eea520,0,12854883,client_test_01_router_default,0,processed,,1781522117673
0x41167bf05252d41700a9eccd331c3475c55863aac6cbd167dd9d4ac0baa5faea,,,0x0f01dc8842887b7b89d8c03922bf014d1c124e6b4e73edb6df2218cf618db798,0,12854890,client_test_01_router_default,0,processed,,1781522121135
0x984dfb92baf2bef5687986ab446e6b690841a01ff7401d6cd5bb4b317ebc46ee,,,0x7879be02a93124dba024b80c6fb4810919fa2300eb12622aced2bf406c309392,0,12854977,client_test_01_router_default,0,processed,,1781522155363
0x670583b4a8dd849e2b5199322297926d2b879fcbceaf1fefa9d27b1745815deb,,,0x9938fa7ffbfee1762ff86e33eaa5f88d6a0f1197bf2620361498fec2eea0ef15,0,12854980,client_test_01_router_default,0,processed,,1781522156694
0xa2860b3114c2562ade2ce242b2cb859f41dff566f7fac31e39827d4838944ee6,,,0x99dd9188aedb85516faeb52dde2a47169482008eb7963b935f1a65f6be32fa45,0,12854984,client_test_01_router_default,0,processed,,1781522157931
0x706ea604581c207d046a0bb22edc9627cd5414a788fb29a6eb5c477a42890e18,,,0xaf3780dcc1f7be79b37e1bf25110057cdb38ed5163f3f065882be58711b14725,0,12855007,client_test_01_router_default,0,processed,,1781522167456
0x771f37477d0a998e59438b1dd224cc95f5391030adc79b7c6516ba5cda1f5cb4,,,0x9cbad3a03ea34cf95d38648eb9954a433bb24e06f53a25352a627b3182c1291b,0,12855010,client_test_01_router_default,0,processed,,1781522168692
0x21f4b0ce3b30f71d2eecf61b4afced8c7a251f08452c205d0c49ff224a3332a4,,,0x2319fb67c9119ea1f61bd01dd088b35d9d676e65542c2a702ccf1d7a7db438a9,0,12855014,client_test_01_router_default,0,processed,,1781522170542
0xaac8ad4975ed21b5e3db2fd880a0ce9657be8bec1e18d983b1ad176bd4ecd981,,,0x48153a34a0665a8c45a1fa1e11c21599fdd0cf69272095bee75dc59e8b5c8e53,0,12855016,client_test_01_router_default,0,processed,,1781522171405
0x1e732fab6ac056e881fbaecd2088fdabf51e492590e96964b17a1da5c4159207,,,0xa912d38a1d7518eb9041fb922d0bf706ec6dbc174ecaa5ca42657ae3a322886f,0,12855047,client_test_01_router_default,0,processed,,1781522183093
0x54dc9a5978625c5e96ce4273789c33daf85a1f10ce454957e92205f9638edff9,,,0x2fe9a64a5311112d87bb53d9d8d111e9d43b82f9873bda159379074a820f7d4d,0,12855097,client_test_01_router_default,0,processed,,1781522203465
0x9dd7ede9d9b4e3fa4f77eacb6a00feb1a0b1dcc8a9c38cf9c857615d45dc2ff6,,,0x4bf678b2e09817d0a46caadefe3fd9707d3126661790233c8693f8ab3323b91f,0,12855124,client_test_01_router_default,0,processed,,1781522214134
0xfc5b1ee3a41d092d35bfc777416df96a4a7ec046a936b18fba6741901df9548b,,,0xf0dc5ba62cf468cb915d5f2ea818de3f57af6caa2824c706ac58d037bd79018d,37,12855127,client_test_01_router_default,0,processed,,1781522214948
0xa1fce6d22370c56ac490fc87b2f48794864674f542773ea08603e322d89d9fb7,,,0x1c1b5e08b82fc24cea0e51edbb314e487bdc7dc0369e1251d8b460941f109e35,0,12855133,client_test_01_router_default,0,processed,,1781522217773
0xe58e96a7cabb0280f4fec29a3344463289e43a0e2db541f868db90bc35128284,,,0x24f3fd7977bbc648ed3f71dbac081ba3c1cccf088bb5925e27e4dd58d17cce9a,0,12855153,client_test_01_router_default,0,processed,,1781522226306
0xe7acd481092bb08fe035b89d68d59c4a2edd9842769f2224069c54b7d53e5989,,,0xf5bf6b2fce564fefd18cc8b6e2a5f3e61c806b08a12adc72c67b784b9dfb7138,0,12855161,client_test_01_router_default,0,processed,,1781522229592
0x2ae3f127e76257385ff4ba6fec3d3fe6b272531f7153e3ff25c53c9d8d4e0e72,,,0x5830b8fe908af5df7e9eb38f59501fcac602a98383e6d667d3a59092dce57b35,0,12855253,client_test_01_router_default,0,processed,,1781522266352
0x726df7f640ac13855e83a3a9fb50d3eb763652cc58291dfb46591d30d5e12e3e,,,0x1cd1419a4d027dbdda2ccb1105d7558af3aad0fac147d4b6d2abd32421ae313d,0,12855256,client_test_01_router_default,0,processed,,1781522267571
0x37291309337847e320e526833583427670880eebb5aa18dd2fb81dacbea2514f,,,0x0f069c2a9aad6890423468f9d736eb7a4785212e067a5e49d221793ad8a7dd7b,0,12855259,client_test_01_router_default,0,processed,,1781522268880
0x56070ba64eb39a903725a194016dcce9c5a30327b4ebeb62d7134ba4f5c7e625,,,0x9400d21866bbb4ce7a567602bc6e5d33f180bdf1b51bd8bf2bf4c285cf98290f,0,12855280,client_test_01_router_default,0,processed,,1781522276829
0xc8a539a4d3ff918e8d959540e8f95d1d6f672239dd4e42dbc80b16167678c2e9,,,0x202d66a69150a0efa3b961a807803d714bd847171c758aca4f46f6ec38f9932f,0,12855283,client_test_01_router_default,0,processed,,1781522278070
0xcec8674ba0735aeb724545ceb54037f242511b4f4287ef4422c897b524c6a072,,,0xb041f41f288b2d3ebb74c60130fbaaeceff7d5b8d37ad4cb2ca6bfc34c85a04b,0,12855288,client_test_01_router_default,0,processed,,1781522280596
0x4ae70cd509c7f5db74455b29d139cac19f47049adddeada58a7a675ca88f335c,,,0x621c8e0f2462b55dae048329793421b15c32e498340042791839d6a8d09766f1,0,12855292,client_test_01_router_default,0,processed,,1781522282564
0x1abd1b39433eae683cfccf1262482777a8a14c85f63c3835217f846d9aeeee91,,,0xf7c4373479dfa76edd91e20180f46f465c654524bf3e1e759f74d4b203481b71,0,12855319,client_test_01_router_default,0,processed,,1781522293901
0xf0932f98829b7107982ba0a6f1b8542a05117df62325a8e7cfd212eeb08b1f6e,,,0x01bd5d8b2787a978681bb4d3d04513d6fca5df6287bae44a12afe69556d9ce09,0,12855374,client_test_01_router_default,0,processed,,1781522316730
0xd717e9caf26aae4e2065aefbb5ae968ebfae0dcd8439df6480203019661fdac3,,,0xc7c9cc468283482540c9dda5362d3ec6c5ef0a780b30e6b424dc588f5faacb97,0,12855399,client_test_01_router_default,0,processed,,1781522326763
0x95a4ad4838fd9c56f4809b34ee5ca82bbb93fbb1be8f1dee8c15c997dc65128b,,,0x1f8a7e974b8b7987f40da409d89ac3a9ae276a20781387a0a63af31ba671f2c5,0,12855401,client_test_01_router_default,0,processed,,1781522327550
0x07994fd6c033c5c565ec8b87f27eaf9bdfeb94f0f4a39877ef06fa8cd3e5444c,,,0x47bf1f08ecc6236170b6e4e99a493da37a866076c124bea52e3eef91f652afe8,0,12855407,client_test_01_router_default,0,processed,,1781522330646
0x052a44a3352d0ed0c91719d313cdc772ce5df1f0913b821775cafc8a6d570295,,,0x8e782db2f3ce21bdec0a348763f901771445d376af573308c57120e0d9d316e4,0,12855430,client_test_01_router_default,0,processed,,1781522340712
0xd2189e4540970fa895b4023b4bbfcae480fa3e3c7f1b261e8323e2040ff73eb7,,,0x6baa1bd9cf2303e0cf0a3286d56ef43ced47172b6e18a30efcf2f165c7a84a59,0,12855436,client_test_01_router_default,0,processed,,1781522343672
0x94b7cb9a02d0cec789e5057511224c64bd6d2e9ef3707b3e4775e6aa91b7ad86,,,0x37cf00c8f24a450f662e88634d17cf108ee3930015955c667d485bfcb32175f5,0,12855535,client_test_01_router_default,0,processed,,1781522386892
0x072ff91b2384162aa488a83c552872f57e9e056997585e6141d9c8ccab4849d2,,,0x218b62e42fd0f430d0da6bb8a67ad92cd9760cff0ab382dff48fdadb815b2be6,0,12855538,client_test_01_router_default,0,processed,,1781522388215
0x7b40f3da5bdd55ddf0f3c05ab68580400c536c89371154a57df7c51b7328e729,,,0x70f4fac258b652e6444472496a628c1254940c690ce84192a5b803ae4c314abb,0,12855541,client_test_01_router_default,0,processed,,1781522389821
0xd196e50a9382ffb36aef8cc3d4c4a79239073a6704205f99f4f8b6ba45a4bfd4,,,0x2d0ba699ef5e5964a425e16b28511c17eed13bcac9803a0676f27edc7c74c858,0,12855562,client_test_01_router_default,0,processed,,1781522398792
0x6e1db2996f74073fb91e922f894f61eabdc811be62a541819a78333f4b359666,,,0x6caa2e67e9a50076dccc7961ba2e2016e12f64fcc642175b64671708d9fd4a8c,0,12855566,client_test_01_router_default,0,processed,,1781522404346
0xc7e9b8e88ce3cf90acf86b94c1a5f851eefe26dd2f1d379b4911239334764dd9,,,0xe067aae020c473ae1b72b93d2862a349b8533c4af02b1950ca998ff1d4bab776,0,12855569,client_test_01_router_default,0,processed,,1781522405492
0xb91209e15f96bb4c0bafbf98276aa01e9b94b605ca0c7b538a134f014ba9b3c0,,,0xc95af1849d659e3b3ece107f5befd6192d86f56e10553e1b711162deb78131b9,0,12855575,client_test_01_router_default,0,processed,,1781522407470
0x28984e321054e0732b6b76dc671e51a3ad7fbfc620b56721146823a0fcf0e6ca,,,0x69df57488e5452927fdba3b28e5693f5c5db6889dd257df0d447eee9162f55e8,0,12855603,client_test_01_router_default,0,processed,,1781522423564
0xc5117ff3d908ff93e2989f147f2d63be903bc9704c630565f2bebd8d9b56585c,,,0x20f09e06a4c94e0f13aa14cf4de3824f8d85f4e2fe92bb2a49e94cf5c9127fff,0,12855652,client_test_01_router_default,0,processed,,1781522444131
0x4e21070aeaeaa38a5ced748225a5924a9955630f7fea298ec7863bb7a8d22573,,,0x43c5ea68151830960ea7ea58990c8723020136ac63820e71165841c024ff09a0,0,12855680,client_test_01_router_default,0,processed,,1781522456189
0xe010f3e3b3c4209b6f92034508bba872c698bdd461babe403f864e33251783ef,,,0x6499a8646e48633e707606dae23eef2c5993603bd1ad68f17e4136221dcb1354,0,12855682,client_test_01_router_default,0,processed,,1781522457483
0x138e6e5ab295e6fd6e6c056536a724bbe3c2078250a0f387fc1f489faaa860dd,,,0xf28b1d99c0411406dca0296b525abf3149dd178c6528851b8d694b85952f0c94,0,12855690,client_test_01_router_default,0,processed,,1781522461742
0x66099f9c42ae9d0ebabc5ac050b159dd58fd3a05e1697ec100b2c9ff43369cc7,,,0x089f9d4c9afbe5e083963420eaa81d7e962766d11346883a7fa4df361bb9b3ca,0,12855709,client_test_01_router_default,0,processed,,1781522471736
0x45348aa0e139d533c4c3cdb2421822670db5bbcc5cb92c9c685875538537b06e,,,0x66188385b0c49260e0ae84de56206d8a2126d0adc6099940364cd9d19075974e,0,12855716,client_test_01_router_default,0,processed,,1781522475509
0x6e00e07699456934576bea5d1405d548cc91e5152ed411e8992b24ec8b67fa55,,,0x5a0b73403fd9d94a8f0bc51acf8895210b01af81dd8d773fbea6dcb6f2ac1305,0,12855801,client_test_01_router_default,0,processed,,1781522511567
0xcca5d9e39df9c363098793d0e801b1476c4b29c84fe635dca4e733ba25d04836,,,0x1cd2f45044443f7027a2dcbeda3725484f0cce589356f63fcdc8c2b2290f03ee,0,12855807,client_test_01_router_default,0,processed,,1781522513448
0x476ceb8d7a941c1413935df9ad322b8298b6c1ac898cb232f30466d1ffda3a9c,,,0xf8269e3e6d6834faf57cbd69a78979bb2cff508cc7a514022b6acd500601707f,0,12855810,client_test_01_router_default,0,processed,,1781522515234
0x53e03f45be73ae1368984987ffa81608dbf4706b176eb465be702a8afdfd2054,,,0xbd3ef16f129b6b6a7619083ba739a014a9ebf3f08c7294f79536aee3d727322b,0,12855830,client_test_01_router_default,0,processed,,1781522524522
0x4210fd89656e1aa8f43ec088f88551ac0552bb1b542f9de77428951f23f16995,,,0x2df79f825d92187bdeb654145607cc43085a6ba0fb9ee217200b49fa42cb6427,0,12855833,client_test_01_router_default,0,processed,,1781522525875
0xf7d96ebe5a648e90f1cd4606946596c5c510a03db629e5b40bcdd018eb4e3ddd,,,0x4f3695ee95ef4f11d590f34612e0a137bf0fbb720f8ad1001bd97c096c631096,0,12855837,client_test_01_router_default,0,processed,,1781522527146
0x72e2797d228ac5de1a3e17dd53f725b8c82229f7fd6aae975f1b0869c49d1bdd,,,0x8ed3fd4b581dcfa467d7d8ab51200201385dfeb68d014ded4c0bf70369a8d730,0,12855923,client_test_01_router_default,0,processed,,1781522569698
0x6fcd940ca7280592a9435a3b0a044e03d645e5ee9ae52b2780628a71376b46e6,,,0xf38a93fafaa9f83d14c6bd52a3b8838c4dbdbd310da6ba864f7a91fdc5438918,0,12855951,client_test_01_router_default,0,processed,,1781522583665
0x5a85c527fb7939ac8716564e08c641da877e924345eb900b0290d570833164a8,,,0x4e39a293ccd5726997a928e50be4c0fbf42d236b42a78b7a0533792f908445d0,0,12855961,client_test_01_router_default,0,processed,,1781522586954
0x8ad5dec2c09e48ca339f49e9ca90a1ba8e2e3a89e380fb5e55da9d6e2d92f18b,,,0x3dab269e5f872865d2083735969275068dc9278d40b97353ba2f9417c89d7dd4,0,12855988,client_test_01_router_default,0,processed,,1781522598819
0x55ce9f8d931bbba67a637737db24a018e6df32a6992f224d29e34ff6d712cdd0,,,0xdc06726b6d72be16d90f7bf03652e8962ed849115c8b42fcd8632fbc77bc54d1,0,12856082,client_test_01_router_default,0,processed,,1781522641579
0x71fb7e48057e83e387d64abbb4fe91deeb7500e40d5a5e8bb18e14f4663e101e,,,0x61a6e7befa77ca149c69b4bf7226f61a101993433d8c72ee3ebaa1d6e2f93a52,0,12856085,client_test_01_router_default,0,processed,,1781522642841
0x3bd212d2591de399c90dc03d66f0378b8892c4111dd253644c15231bdf8f0957,,,0x04b638d0e9c1114eebe63d75d43faae7f56c5ebefdaf8244ac5563640c8c8ea5,0,12856102,client_test_01_router_default,0,processed,,1781522649794
0x223d0e60bfcc879fff861a90bbc3d8d9fcdf6d78107a721eda0d0b38e88ed3ff,,,0x64195e43fbf02420f81b27e58fd3751247b24379ea166b11ac77b528da17ca09,0,12856107,client_test_01_router_default,0,processed,,1781522651513
0x658dea134bface8028487b015c6358083c7cf9e4dda3f841b28254ad0f0183bd,,,0x6a487d98336d6bc632d6245912fc89fd74e582c4afe2a7df8f40bdd0353a24ff,0,12856110,client_test_01_router_default,0,processed,,1781522652770
0xd6b91c26907f70f559d43e395b783b781abdf6c7b686d9b88c18768548998791,,,0xc6472c24a807c93f7807d57a71f35666f9b97ea9eb361c98c1df6f5e35d76a04,0,12856127,client_test_01_router_default,0,processed,,1781522659394
0xb872ec0647e897ea4383ec0080bd599b84b90f0daeca71207468bce0a45b7261,,,0xe8a696b44ec0ee4c354e23582734565fe6bf174a1400239f733d224a7b62c6c6,0,12856192,client_test_01_router_default,0,processed,,1781522684159
0xadcfa564e51748d60c04f9b9792984ee608ebe8625ee79728e65438ed1cfe54b,,,0xd2ae940fa6f85283ebfbb7decc64b305b329a8f80d2288bf815839ab149bba23,0,12856217,client_test_01_router_default,0,processed,,1781522694003
0xd53df3e528fbf30f1819fc5b6110f75e370818350dd69897ef863e910820d218,,,0x17439be2b1580a9e12e2e4c720845f68de149d69218b78b593f93aad9724e99e,0,12856227,client_test_01_router_default,0,processed,,1781522697703
0xd540691d0aca4c4acd5385fef282ba6ce0d5e2fe44a6b317e4f20b186eae0d19,,,0xeb52a5a5d0f8984a553e0f677c7266ca6e6650be78778b4b3041a5631debae7c,0,12856253,client_test_01_router_default,0,processed,,1781522708737
0xbeebe5544c6b381bcb31deb0ddb6be88ce9242fd0fbd4df008a8bf4049b2c446,,,0x92c561d38299ec0a24c8daf9d69bbd427e9056e709c77db523affeac768b0159,0,12856294,client_test_01_router_default,0,processed,,1781522725713
0x53be86653f8d9aeac64bdf65f017321fa59b126b0f781978ba783965a5949d88,,,0xac50e66cb7d5dd5a4278b79499ed8550142248c7d77230c2cd3ae42a3cc087c3,0,12856321,client_test_01_router_default,0,processed,,1781522737233
0x9c51b006b800e941248fc155948071cbb02d6a703750688d9032a6b8bcae9e67,,,0xf801f43c6d0ca44b2353ffb957766f09615a258b7ae5fa0cbdfffb78bf46b503,0,12856351,client_test_01_router_default,0,processed,,1781522748098
0x6cd5c9a09eb34bf253be91e51120f1019e3dfc240134f7531e52a24c8f6e5b2c,,,0xaba92665f7112d201c72f6c6c52deba756f423ae9cedf191e4e776bed170c163,0,12856354,client_test_01_router_default,0,processed,,1781522749938
0x06fb58b9b115f784fea26c11becbac3e94118c752f13346120e2c485d1e7e75d,,,0xb754e65e689d54e46456fcc21eb88ac67654361d1b34ae40f15b7a67842c8233,0,12856372,client_test_01_router_default,0,processed,,1781522757137
0x54746037e4944b90057dc890b8d8b25745b027147d2c2257a7867df058c748e6,,,0xcaac9a930fc6dead7bac9f85ae1d7d43f58aa2ed43ec90b8e02463a76702f9b4,0,12856374,client_test_01_router_default,0,processed,,1781522757746
0x92fc78f8b0b7a0808c21b3854e2c1094201b0a386c99bda9a11747ae618e20e1,,,0xbc30c50f77432a24af669afbb5b4eb66d2097504ac4f4dc28fef3d43cc787673,0,12856377,client_test_01_router_default,0,processed,,1781522759042
0x53e4ecd3601e4cf452e09cd5321436ec3b7b9c08371248a0f55aba528286a1f8,,,0x72cc810e8f5311c675d35e7899394416d63b3a7e9a722c94fd304f3f0faf3a0d,0,12856393,client_test_01_router_default,0,processed,,1781522766267
0x5d748661041d41bef301f237e093251154fc20280783ed5e5d8557b52e248e51,,,0x16930409e2b4ccfdbbef7437a1cf9cd72cd801abe79293710de73afc5a30a19b,0,12856460,client_test_01_router_default,0,processed,,1781522792799
0x52579e9bba5e62f5d7ae6b204bf1e5d90f861884c7c823a04e4fc5986b9a48f4,,,0xd0460e12ac1a85aaa2bb017b62f18dd0591aa9a8f639e0fc34679d5347c3024d,0,12856484,client_test_01_router_default,0,processed,,1781522802969
0xbc0c13b72e0a2785a5659d17c1d8359835292ae47d22734577df81a48aa3657e,,,0xc1febfcff0c8777b289b4d54b2f11f39a28e19729d893b93ee64744d31f95cd5,0,12856498,client_test_01_router_default,0,processed,,1781522807781
0xffe76562986fa6a354aad2d215787c023ca0e826e4ddd10d60186433477a0531,,,0x2eb5c38e4a9f75775a50244ac68f77fa9c7310d44ef4fc5dc20fceae02dc66af,0,12856522,client_test_01_router_default,0,processed,,1781522818775
0x7818950b62148e9afccf01455fc63de8a90abef04a1a2a11a585385b14066417,,,0xc5f5b883a4ae2eab6c12b0711d560b013779ea671fefbf3b3a3525b89a548bc0,0,12856563,client_test_01_router_default,0,processed,,1781522835244
0xbab8eec85abd3f9a56dd5e9337549ab0ab99ecb5d731f00e6d958c04702c4721,,,0xfe03d35519eeb763aa306aeee4029b979aa0736d185ba176fbab3ac0ec0ee93c,0,12856585,client_test_01_router_default,0,processed,,1781522843743
0x5b453bf99ed574fcae9e69ed00a865bd27cc01eac17451d4e06ce12e610ae19b,,,0x98c9fb0a340122956ad6dfffb3872b3ee50ff810be8e1d7581fef8f6d9a9a8b4,0,12856631,client_test_01_router_default,0,processed,,1781522863963
0x339c44eff56a4ea5708f158879a67c73c1615d859241dd0ff877fc2f7d7c33ac,,,0x87e027c19d6cd726dedc1fb6df332b870b0bd432a8eb88d0207012a9c35b04d5,0,12856654,client_test_01_router_default,0,processed,,1781522873254
0x499112f69790e1c241ee82741d86337a8de94f0a3a420d2e94defe28da6a8908,,,0x92b81639d82114791a5a511a10c79ad3dbbba6b822ee1aafb9126925510f31c4,0,12856723,client_test_01_router_default,0,processed,,1781522902162
0x05054185bbaf58328f61d08ac9af645834e9a07e0f201248a1f03b025f53f2ee,,,0x72e8521e2835a4a5b7cdcec3733d50bc1e99e99cea6ed839464cb2af3daf981d,0,12856746,client_test_01_router_default,0,processed,,1781522912331
0x34d5ba6dd10846dae3e58b648db0f37f3eba504a5d3b8ffe941d765ab41c58a8,,,0xf0b6923daea4d549d2ecf3bd5145167909b809444482cf8c92bc3f87ae2b93bd,0,12856825,client_test_01_router_default,0,processed,,1781522943773
0xee7077137b23f59d45e38ac374d5bd12beaa8550a2219b44869fc56fb9f25dd1,,,0x71f3a3d37c686db32d2974efd4b179134b5b263e0d9b4157423ca5b35f1d1b69,0,12856846,client_test_01_router_default,0,processed,,1781522951974
0xd0792a76d0f92055ed2a0dedfa64c58aa16ac039426e3124fa338b307ec55153,,,0xd56197cb12454cdd2d7b167f2ae088351f20c6c6ab41395dc2c0da1645648ae8,0,12857099,client_test_01_router_default,0,processed,,1781523052543
0xe8755c6630fada25d9366a9ab317c78771601dbe894b26e0854b5609c2293894,,,0xf952e75c0da8a04f14e5e62db2ce1c0e4d0bd67e89c93a8c2bb6d96efd3584b5,0,12857123,client_test_01_router_default,0,processed,,1781523062863
0x4f30342c1b618237bcd69845db8187a53a9c69591debf342afe2970c074bcc45,,,0xdfa28f2ebfc326eced8d1cf21707504aacedae57c158defcca12a011b25d0a4a,0,12857187,client_test_01_router_default,0,processed,,1781523087824
0xaf5ca908d5ed318f50677e8929a32d680af26be64369421b2852a66169648aae,,,0xcd4e4924529dbca985cc547e019a783aa9fdb5ce3462c630cd6043f64be1d752,0,12857210,client_test_01_router_default,0,processed,,1781523096923
0x4579133ad06641ed5f6255546b4d4a839cb529e40f5eae7e14c84ae23b9237c5,,,0x059ffee7426e1d132f2a1d5830b7a0d4ae6c9aa2d0ece0c94ebafa2de95e8a41,0,12857422,client_test_01_router_default,0,processed,,1781523178847
0x1111b036ad73a2f5056985910bebcbd42514c5674ec1684d5061303b2d4e76e6,,,0x57fcadc1dd197eb0ae78a8b091a17ca3f321a45778e19c6dcbb1ea64481be7b8,0,12857439,client_test_01_router_default,0,processed,,1781523188781
0x3fd14f204c7e8e5954404d47c29ca295b4a436f0d03bc33ba65deb89a1bf00f7,,,0x61394cc5f0ad323465de6ab6fe118f6f3fb5291d172ef89af409bd4ef94b3803,0,12857462,client_test_01_router_default,0,processed,,1781523198039
0xef5b2180127788a73c834571ee0ffca1988bd002eb5da36a216d3de9ec41d0c2,,,0x8906aed22e87579470cb572c187d9d350fb379d54f61a2dd7a02813492e5efcf,0,12857482,client_test_01_router_default,0,processed,,1781523205981
0x186c186c3ed1c868e5dab6c7aef249576bacbc805ff93b6ac6aa74582e5565f7,,,0x3dd1c933c94a3808bd77db23b9ed2681907b40c75795bf26db7f3628ce50353d,0,12857691,client_test_01_router_default,0,processed,,1781523289066
0x3b753cded3fb2d05b888ffcfa4b4d8d3898f6a005cf57c9871ff81f1a45c183d,,,0x0bfd878cb2592e9d883017f5a6fc4b5ffb3a55723c7e92c52eb67a8ff210d5e3,0,12857711,client_test_01_router_default,0,processed,,1781523296527
0x9b1f123cba450040b58d6ee7f36baee7e5a232972d2016ac25be34c981f482c0,,,0xa249177a18c711b412a61065a34f13337f40124b20a479a119fb848d9af77b58,0,12857734,client_test_01_router_default,0,processed,,1781523305798
0x2fe8eb3d0eac8f34a918cf0f87ec2b0bc8de6428cc53749895f13f60028891d9,,,0xab6a8818efb1f77a11b16f6c7ecdad0f9fe2ea6381028a0d81d047c6bd70c217,0,12857754,client_test_01_router_default,0,processed,,1781523313375
0xe40e54f7687afec4ad34a5415c578f1b5ede4d3a5e748602a34ab3d565ec43b3,,,0x717bc7b69f1c576d21530c90e604ea5cb243b7933d92ef76a37ffceee92a357c,0,12858002,client_test_01_router_default,0,processed,,1781523411827
0xa3a9217a139f9ed778ac29c165183cd37cb6afaadf35d75c50e6c9ee4c44e02e,,,0xde086680313ac0554c6b26700df5e51ee3a0943667e885372ad8859d6b97090e,3,12858021,client_test_01_router_default,0,processed,,1781523421318
0x17cbb07e615251e9a63d4d7b12470309b462ce69e29de2181ab2b2c854636681,,,0xa1b4f99a3f418d8bbbb02a6075982f0b1a3bd67a79533d092040f5cde7a1d078,0,12858262,client_test_01_router_default,0,processed,,1781523524502
0xbc8f691e1e0d3ef62320e1b0c92b0bfd501d769cdbda73182c6a52027d151562,,,0xe8176aa8ae345bee3f945ebbd7b2fef6746abf2274e1a799ea182908106b9a01,0,12858284,client_test_01_router_default,0,processed,,1781523532671
0x0f1bb8c26353497643b8f8b574a8f3582389c5fc6587f5593d9a4b8753f928f7,,,0x135f5453302ab8a46778bef3f4b26b25ae29987498673ceb3d70ba48fc866efb,0,12858536,client_test_01_router_default,0,processed,,1781523634689
0x4968025f8663e59ae077637ab1626b201d0f14118b37ba6a6c9480d8f2d4cbc6,,,0xa04672efa63c6ca4f9561278ad71b5a3494020c24085a0c52fbe571eaf29f1e7,0,12858554,client_test_01_router_default,0,processed,,1781523642678
0x118149f32993ef3dade48d1f8dd629b6b5adbf4fe988aec42da42478928bb741,,,0x785e7429dde28f0ed5af2c7cc2ffca74d8e6e7ea8cbd6ae1d39baa5bf982d1b1,0,12858709,client_test_01_router_default,0,processed,,1781523706020
0x770bdcb489a2031e37226ac1cde8f9a75b86f08bc77ba7398c66671359525356,,,0x0bdd7000064ed98f1f963cafbdef4cd447a05b9a44fac7388ce3328ae7c45cd8,0,12858730,client_test_01_router_default,0,processed,,1781523713439
0xc255b895c54f72325da5e570d62e99b76cc1a793825f0b1a3cb5ce422cffb43c,,,0x50e8dae5abd76f2ab36384a3c9380246b6401e4ff4fd96ecba82e8a8f3c4fb46,0,12858802,client_test_01_router_default,0,processed,,1781523744062
0xaea4a00aacbfd1c19ac577c48eecbce70363d9333d59ff2ff387956353916d75,,,0x44b2846b781610a687c49118e7634d4dc18847dc75e8371955babcdb2856c95b,0,12858818,client_test_01_router_default,0,processed,,1781523750935
0x3e2781d3561ba8fa6cd9488c58b07b099b0d8cc3f235d3ba88464bf1307a3f1c,,,0x378d5ebbd6474dad2b839e011bf174a858f001954163c8ba27355b493d1f9fb0,0,12858821,client_test_01_router_default,0,processed,,1781523752132
0xc3d0d67e3193c75a2bafeaf4f885f9e4a97b222c99bab52d497b7ec297e3dcbe,,,0x3301a32b01ea4e0ba4cf9158388f089500eac8fc63e82b80af3cfdff503079c6,0,12858908,client_test_01_router_default,0,processed,,1781523786313
0xc9fbe52ea2ceb19b2fa939894392e4ab1085d12a53f09f7e9a69a7e2643a6de0,,,0x1c4828e82ab2ed26baccbc2ed741acb71d5b9cda237c37c39589351d2050f8a5,0,12858915,client_test_01_router_default,0,processed,,1781523789059
0x7496e714c3cb23bb5baf600996b797024e414bcc4e3b470ef18c5fcd7fb78b2f,,,0xc7af1eddc78a6572799ba6bf2f8be26b177c2518618800784eec60810956f90c,0,12858985,client_test_01_router_default,0,processed,,1781523817207
0x19d54448ab6f87ae33bb9cc992b893d77c113c68e06eeda56abfb31a9c03eca0,,,0x78a83984a59ec928ff4a203a7556d777191907309a31e532154b56320edcc599,0,12859007,client_test_01_router_default,0,processed,,1781523826977
0x6020e3dfbf8ba213a2adccc5bc2441e97d87fb878bab601d0cae01072cd334ff,,,0x645a34cc37b4579f0183c827900dda2bcfa52e663545d933af5854b0bd349356,0,12859066,client_test_01_router_default,0,processed,,1781523851690
0x69d0ff845dc68b0b4b262082dbb0269c3c041ccc03be7778f51946002ecbcc20,,,0xbd7cfe62d5efdeb0980eea65b42351f428f114f09b5b3530ea2ab5bfed34c247,0,12859069,client_test_01_router_default,0,processed,,1781523852969
0xdb8bb1c159e900bf57f6dc352317e541ce0f99b86fd4687c7d8c4d4bfcdffc83,,,0x213744a214d8a7126556b64de115508d9bce216d30e53b9e608aeefbd9d742ea,0,12859085,client_test_01_router_default,0,processed,,1781523858968
0x336cea6d0f3c9277b649b7f99503484480bf6656f698e0b197015997f1379440,,,0x1e5af9240fdea94cfdac1bd171e58f6503b4e0faf9dc8e69e3cd16bf9454f5af,0,12859089,client_test_01_router_default,0,processed,,1781523860332
0x83d1c8dfa8f234ffd8fc117e8d940ab63096463b3fcc31152bc3ca47c9d43ec2,,,0xfb463f13edc52d93c476b65e4fe45ab3151bb8ce4b904f492782f4fdf35e568f,0,12859244,client_test_01_router_default,0,processed,,1781523921687
0x2a8386bc2daf02ac00901107ab8a2434c606383b07a5fe8e31fab31241684fe0,,,0xcf11befabb714f0a5864c8baf4954b422bbedbb05d72804e919dddb24f2c2151,4,12859263,client_test_01_router_default,0,processed,,1781523929749
0x57dfb91b302e79ef3135d422a0eeef803854e83a6751f9666d917495ff22e901,,,0x56a63bab37ccb3711647f2fca18081d68abbc91115a8354700a9d33b7db26242,0,12859331,client_test_01_router_default,0,processed,,1781523954591
0x8bd0697457771a12d8d19f422e9a7ad05a0084ced8a26fee50a79deee6f15b27,,,0xbf9ef67a60f9ace6fc9c452fa670c41a928b6916ae6d35931f8bc318ec1091f5,0,12859334,client_test_01_router_default,0,processed,,1781523955842
0xa5b2757a7512a0f99aceabc71a027440ecdd13d1deb6ca612ca9c15f7b08849c,,,0xffa313f3b0eba6f2f2a8f599e3ca11bd47e245773a66e909264b0678d06b51f5,0,12859350,client_test_01_router_default,0,processed,,1781523963463
0x364e87c8f17611ef82c2ba9f8c72ae0968eb530a069c22f9a2c4cc7944a7fdf5,,,0xcf814d612a612568ebcc605d35f436076ea955c3995b5737966a2f571cc3a0f2,0,12859353,client_test_01_router_default,0,processed,,1781523964724
0x1669cd6e8d9a3fc4846f6f08cce5e1a9e63c43bbfa4e00c05e941a061e45f673,,,0x4b3eb4414e74a92cb98eeca3259dc83c623352fc9db6dfa190404f4258dfbbcb,0,12859406,client_test_01_router_default,0,processed,,1781523985937
0x8b5137e0bd9e57afda635217b1d02665ffa2b9fba4bb62cecb8faebfdce93302,,,0x7d258f486774689bb125abf735c92f0c53ebb427abcd3f93884d6fe22d50cca0,3,12859424,client_test_01_router_default,0,processed,,1781523994507
0xeaaffdcc43996d9c5f53561be6dac1b13c1d34cc8963cce0cb0e026ce4c4407c,,,0x0ba8d15da726a6b47de2caeb0436727342199975614e1150e2069c52c86745fd,0,12859511,client_test_01_router_default,0,processed,,1781524028684
0x47aa84f9d772739b06847d3a937a41f7235a4cdfce1165cfbfc8d0c6d2015565,,,0xc077d13b6e094b83535adc9411961b7a0074bbec6c2d90479c8a1f4c93bfc060,0,12859534,client_test_01_router_default,0,processed,,1781524036910
0xe31477ac763b6485592639e5708efa6f4a7f0115965805c1a4f7da06a1726e61,,,0x72644086c9203fef461f2007850954599856ed732973dffeaa57cb013ba54b80,4,12859566,client_test_01_router_default,0,processed,,1781524050230
0x727457f65c069990890d4617ffa918a554ec92101aabce35ba537c4f9839164d,,,0x9d24a530d110edb53c6b1de192aba9bcce2876f8d0ea4f3e374d52985a17c3b5,0,12859585,client_test_01_router_default,0,processed,,1781524058735
0xfce49ca6e4ea702f45106a0aa9c38fdce0cdf5e644376d862f56c882d944066d,,,0x92372c8637c6cf45c56204e41177288bf6e4591b03318b6b4195987e2dba80d3,0,12859682,client_test_01_router_default,0,processed,,1781524098258
0x59c0eb2af850f465a6d5dfcf5ead3070ad95ee2ab557966b4ddf020539b93874,,,0x6da99e24d2a7dda3ce708f9762f3e264451e531240f39a3ca21e739126a13475,0,12859705,client_test_01_router_default,0,processed,,1781524107494
0xf761c77fbb897484db6d753fbeb0b2f8e15356f72a041132117922aaf49f25d0,,,0x636bc1a9a92454549181167d4d94c14fabf62f93781394d5a42406019b315198,0,12859787,client_test_01_router_default,0,processed,,1781524143140
0x0e9377612da416a7c1be384ec2a32f466d638594bfcd86b17054cc4ff2b9bc74,,,0xe8e5cd2330e0ac3b156ce52719b3849c39f7b9a4112cdf4583d4e2a434bd4bd5,0,12859807,client_test_01_router_default,0,processed,,1781524151405
0xf2427f344e481644357834488545af118d9e6c77dd5269055be2fe5f108a6fe8,,,0x83d2624d26cd2f5892b7d0d1c25585abe1a0be95a1b3bef39f8670058d3852c6,0,12860057,client_test_01_router_default,0,processed,,1781524253946
0xa568fa5a890d8549d371b977e6f7049024a7f84ab7044da23de6d5018315126d,,,0x6c4d3b1de7e6a98febbfc677953004a3eef8be3ceced36a0224a9ebdf5f1e7aa,0,12860082,client_test_01_router_default,0,processed,,1781524264019
0x5b2e69d63e28e2ac38797ef6409a18b68e431600b8d714af969a8d72494e2894,,,0x1cb61e512d3962306cd8b7bc9654a19f4c7e15d7aa78d86971f29351d5b41fcf,0,12860327,client_test_01_router_default,0,processed,,1781524360494
0xe1a76a9ac46ccc652912b2c637f01440ca345dee9e5c1ec7f7689abd921596e3,,,0xaabbb196a6354dc11fd05ecae9bde404275a4da865a9d2e146bd0b4a45740d9d,0,12860351,client_test_01_router_default,0,processed,,1781524369491
0xcd565cd8d372d897a90546e8124cf4f5baf18d88d12f58161d0e9f4867e1205e,,,0xb522a6ba58fb7949f2c8355c4fccc1b1956e03b541df35abc85a517f3909bf33,0,12860518,client_test_01_router_default,0,processed,,1781524437294
0x415976aa5a8c7ec178f4872de7f450f48f5640d8b23fac02ad80be6d81f7e09f,,,0x233afb28655a3d5959480b81e0832098f371c93af632ec4ee3be16010bb8a566,0,12860541,client_test_01_router_default,0,processed,,1781524447166
0x3a80185c1ed67054cf89bbd3c3c5a7fe6db2e557eb850fa69abfc9e0399ada2f,,,0xaa9405bf73dc51ff8ab1333e3ab2c945821ccd07be287a6c8fbc8d7a386cf1fa,0,12860593,client_test_01_router_default,0,processed,,1781524468021
0x3be658d20fe182a5d5534ac3e5fbfedeedf60feb33e32fd1e4a7a61ffd622d02,,,0x5be968a5c6514e7c9ebcaffbcdcf6dc1b6c6df65cbc5080556ba3af4d5afcc3d,0,12860613,client_test_01_router_default,0,processed,,1781524476956
0xe383566ceea7994e949f5e4ba0b85a6a9cbab975e59a060aca10be54163869bb,,,0xea2e5a6f4de76ea07f9520239edf7b8fcb88a058ac8b3722822f210d6d2ec88c,0,12860662,client_test_01_router_default,0,processed,,1781524496913
0x31027de8c362f362154c188fbcafa7fd2c5617ba8f7118ef1ed4b30f10d86c74,,,0xb47e803c36fe4349d65f0e1c56ec204b77151c153b60de00964e18395c5cd2cc,0,12860686,client_test_01_router_default,0,processed,,1781524507444
0xcc1e04a9864b14b1940e69091ce9c4ce86930b5f1c63a262a869f0a8256d6e5a,,,0x80aed4911af392618cf656592aeb1331b9dc0f85f0d663507d152a47a352c60d,0,12860786,client_test_01_router_default,0,processed,,1781524545854
0x5ae053e2132219cba198e4390d8474e8165c0e2f9bf07408247af0919f790184,,,0xc38decb80f647acb3c47369f735a9cfe620fec6e186e45038d742acedf4813cb,0,12860809,client_test_01_router_default,0,processed,,1781524554819
0x30b4ae2710dd0a46a17634c654b4d2076243142a590b461c026a1d1844bfa37f,,,0x17d96622b143ecc9d72a64531a5eca264b3244c76985d78a2be794c83a74e426,0,12860856,client_test_01_router_default,0,processed,,1781524575079
0xb7eb21d3f1635e7d34dd1d64ed135ec98170a71f0d95393621e6cf7024e4208a,,,0x09be4d5784d31f5a0d84762ee599b1035d74776f19379cc44a4898eaba8a43e0,0,12860879,client_test_01_router_default,0,processed,,1781524583858
0x7fcd6cde909bfec6e70d75a701997eaa4fc4e8a44370b543e756addfb965e143,,,0xe0261e17bafa20c72c9cfd5bcc4cafa6809c97f3bc19317a5672e80a12e8a6cc,0,12860929,client_test_01_router_default,0,processed,,1781524605655
0xe836dcb56cab265e54b96dfe643a27865d0a6f01998b8b5ef025e306a224dec9,,,0x7f03acbd6fcd582b43fccf2f697ef6ac089738f6fee95e9d74acc93ca59a5162,0,12860953,client_test_01_router_default,0,processed,,1781524614826
0xe17647438e2707a472c53fbd6f45ed0a199185cd07c5279f604ed9a3bd405e65,,,0x6cf9386d7316a903f548368aea5d771430d1887fdd72d4168b2d5d94b2a5f4e7,0,12861126,client_test_01_router_default,0,processed,,1781524687211
0xb10e001f0ff121f7ace68c5477e1b4df5d21266ae65f18f8f33f3d839371a28d,,,0x3ad0535ed5d58f05fc7b70419939bc7791107710a67a0248625834cb56f191a4,0,12861148,client_test_01_router_default,0,processed,,1781524695457
0xa6d13196359fb1edec4da495a8ba3bdf51c1a47655537aac68a44f73725c8d1b,,,0x6bf77d76eac6287a693495ab47a595d2395179e0fa440ed7eba02a44780b9e13,0,12861394,client_test_01_router_default,0,processed,,1781524793544
0x9236b1ed57c2c0e3d18c149b44c101261bd7b143ca687a1718c6b5e6fc507d65,,,0x21f4367ea79a950f60b770d7a21ea6263483ef55cd70d1ccf97849352fe76fa9,0,12861419,client_test_01_router_default,0,processed,,1781524804267
0x3ebb34f5498047277f8b8464b438ec852a4dade8ef95f588c540cb0b5aa0ee38,,,0xdb4503cadd707714a3e444edf4fc69ae4d4174d95ad95f951a44104f8fd9afed,0,12861656,client_test_01_router_default,0,processed,,1781524904342
0x6242d811aa815e87701a40c0279d7b1eb828a0912bdd1a9a45ef59da9979bba7,,,0xb9e858cd7b25a57b62d0fa6a745aebadb8f1d7750b1d789c0c6ca073a3b1c5e5,0,12861680,client_test_01_router_default,0,processed,,1781524912878
0xd444411ba20bb4f390a8154ceede53cd8ebfccd10bb9eda0317952a33ee14247,,,0xf5671becda01dcda902c5ddfcbfdaef66a36237a23c14b4409986958dd4ba607,0,12862386,client_test_01_router_default,0,processed,,1781525226977
0x8729c25bafbda78615bf100129395991714114c0a705f9c30d79ef89af4f2628,,,0x2ff55f4ff0015bea58c080d288d85d480c59ea1edb98f3dcdde752ac11cbf643,0,12862413,client_test_01_router_default,0,processed,,1781525236631
0xc93358c93cea242011d522848f934cd68cc56a24f163bba7a3f7a35c6c4e14b9,,,0x04b09e7f5cfbde57f418246a4edc06c9eda3baa204e5d30f00ff66442ba1550e,0,12862663,client_test_01_router_default,0,processed,,1781525342534
0x7f3160816766cdeeed990cbe3bf38179cf9bf953a399a67dd4226a090ee0bfa5,,,0x787490670cbb787a3a9b81b5ef8d310402e15c1c56290f7951b1ae63235ca8f9,0,12862684,client_test_01_router_default,0,processed,,1781525350951
0xfdf7482a7e629c9eab27f4ed7441fcadd6bcf0c3a520e8a75afb04bd33dc2881,,,0xb44a915451e4f25b010939679319169a56ad24035558044c25adc73240bf057b,0,12862939,client_test_01_router_default,0,processed,,1781525462792
0xc22551344f655c4dfd8f973ef2ca1653d54bb28738b525994ecd2cf488459b77,,,0xea78cc1a2b25235ee06bcd885cfe96f786d0914edc08da7faf1bd6a69c511103,0,12862965,client_test_01_router_default,0,processed,,1781525474678
0x30b62ce9e539474006eb76a76ab0060bdb59395f348388e88751ea852e47f3af,,,0x074f825a6424b1b2cb4205edd55e8da1712116e2b9eff59fb4f101c1d3dfa86e,0,12863220,client_test_01_router_default,0,processed,,1781525592805
0x78f42f22d4c37da3488abb945aa6bda3877c530789298173fc44dc3a81128e01,,,0x5136dde22fbd1241f02099329e79141ab4027a2621b84b1b78db7f6492da71a2,0,12863246,client_test_01_router_default,0,processed,,1781525604304
0x7fcdb8d1df15a5abf05c0418bd6d576288c2c57626cccd5c60efda83412978cc,,,0x3294b5890608217a41188748bacf8dcbd207f577d11437d901ca48602e85cca9,0,12863251,client_test_01_router_default,0,processed,,1781525606326
0xefd44f633a0de388debd9f278ed78e1bc611332a3018aca550d8860ee179c3ef,,,0x5141d678093c3874826681ccd756196ebd67bca07baf7aff58edf7077b8622b8,0,12863258,client_test_01_router_default,0,processed,,1781525611876
0x66633f03ceece579f5056e7c6fa7687517584b46c234fe1a5beece9ee526e1c0,,,0xcfaf472f38ba3911cad5fa76f09e38bdf79f6d38c1059b97be29cb391f3a16a4,0,12863273,client_test_01_router_default,0,processed,,1781525619892
0x16e74d2ae8fbf03370f59cd32319e87df8c80a5e38056d7e49131827264f7568,,,0x205db4c69624201801fdd4ab15dd39945ee7c17f68cfb848d44ab284678af47b,0,12863280,client_test_01_router_default,0,processed,,1781525623999
0x6d972370fa424da607d6f26fdddfe3984873234772e50b3296d8f80f4bbec7b7,,,0x64dd1cf334545f3f8652c646d489d7d1413db3782ef09397262100ea51df86c6,0,12863330,client_test_01_router_default,0,processed,,1781525648650
0x5675902cbfaf49577389873fdc9746e618cb99fecd0de07408f58253cbe223f5,,,0xd9da4cccf9c35dc5c53090b7ad1df8532dbb6d8158a83b98ffdfd13e59e92a63,0,12863356,client_test_01_router_default,0,processed,,1781525662113
0x1497b4d0c248ee90baa57eb581391df4f98047ad59c6a88e0add0aad078a18da,,,0xfa4c4b03ef674bde9251dcda22a7a82cc0a68e6bcb61c3bace3ef28a3e8e9e2e,0,12863405,client_test_01_router_default,0,processed,,1781525688910
0xc9fc553c125625049b15695becfb83801d4ff331334d1ab0f615b6fce5505f35,,,0x1318c5c2e7b5d69dd8e8c397e2005770b024cc4263283f975297bf55cf67956c,0,12863431,client_test_01_router_default,0,processed,,1781525703806
0x8a5611f7de92fbfe3b276503e9d9ff8a0b23e25e1c94b1b63718981ef35ac09d,,,0x00f4b94cf56a56e06a5900cb9ef93f2d9729f45ac789c29d9a2954e0909f2f4c,0,12863536,client_test_01_router_default,0,processed,,1781525755123
0xb071ec0d7ddaa3e78ccd3f25ce2dd8f405e602da8d1da4fdb1917e6fffb158c8,,,0xf9c9d903893c2b23d1c490e98a2fd9fdb81c21e3f58915aabe39704bae7e00fb,0,12863543,client_test_01_router_default,0,processed,,1781525758019
0xaf1177b58e1a61cdc6d2a74830224e1872ce51a11f780270a32b72d57c1afa01,,,0x86007459204fddf7d31235108eb358797b49d4c5dd9287dc10266c6df59a9d40,0,12863558,client_test_01_router_default,0,processed,,1781525765964
0xd6ca5f6fda5b9bcd4167648ec40393da53d16a776220a9bfc73bd38f3f4ec9dd,,,0x487d0c675684ccbdcd03073e6afd5dd11c01d6a82620ed585d384f09f8017949,0,12863564,client_test_01_router_default,0,processed,,1781525769014
0xad4299ed5af105c654c2d3db46b25b9ebfddeb19c019cbf72acf680f959f0412,,,0x7804e7f51f4809d50b0638d12d0fe1013605276d9c11d1deff63c064909647ea,0,12863615,client_test_01_router_default,0,processed,,1781525798288
0xcc64415af1ecdcbb7b10b77284dbc05f319e82ffc37199c343ff9ed1a036a40f,,,0x318666ec2b74b2f749ff4f8c125f9cecbf5fba79e556d1d68afee5f4b7851a96,0,12863641,client_test_01_router_default,0,processed,,1781525809893
0xba8a9b087ce6e87d1ee2d708a2374b4ed7a2b3230082b69a4d9e84e8a16a5b4e,,,0x06264b21553803a4c612eb872c13b1146968316bf71db28314228e197a96751f,0,12863692,client_test_01_router_default,0,processed,,1781525836510
0xde82e125632dcb61a993e29f750c3b1debe382021db8a59f7e61126221c4bfb3,,,0xc769127fe8f5186666948af9af21238a52d385831dbb28dcacd0f50148165e40,0,12863717,client_test_01_router_default,0,processed,,1781525848359
0xda55c192fe6bf3f506639d262f6e6ae2d1b51fa5d067540567ded89923762f80,,,0xc6d3e87e098c91a6aea9cf91c915e764c5cb28d8626a77387b062216ea8a57cc,0,12863825,client_test_01_router_default,0,processed,,1781525905224
0x5c8386d1323111b81bf74cd707c5a42ea6414b87cdf254aa7c804a308281fb9a,,,0x01f1b09d92c18a5db4920f3d58aef3cdbfa13982663156002d610acf1f7c6c4b,0,12863833,client_test_01_router_default,0,processed,,1781525908142
0x2f1d75f57bd254f59873a80b8da2dcfa766edd6db1495514d29d9d43d6c34d4e,,,0x67fdabe4a6cdf3d3e9a8db03f6a1e60648be7f4f256004148a564f734a40f0c4,0,12863848,client_test_01_router_default,0,processed,,1781525916201
0xa03a84b17b543ca666033e8a053d2729d238f0353e486fe7ddff032dfbf9f831,,,0xabe77ad39897e3ec7c287d0fc0ea020a886913ae80927929f4c64833f03d957d,0,12863855,client_test_01_router_default,0,processed,,1781525920121
0xa78ec095031cbc2e2bea7aa526750f9d59a2f5dbf5ee09ee4662972cbc235432,,,0x91ff96aedf36eb3817212cfd4e530000ffbee537636e557c25e32dcdb3de970a,2,12863901,client_test_01_router_default,0,processed,,1781525940897
0x8c33cec2b65688d43d93d606b3602c7993a5d061c52c66de243355b43477e3c7,,,0xc40003c409bb054b14a120e4e721b935007eae2fdbefb8d17ec0f5a97e5b1590,0,12863925,client_test_01_router_default,0,processed,,1781525951902
0xca954da9dce446d3e0894dafb73d46192f22cbe48817f27f7e9b385a0d015aeb,,,0x8b39697ae21aab0124a252a0dd3cfb708e1f980e268209ef2eb026eb652058a5,0,12863982,client_test_01_router_default,0,processed,,1781525984599
0x1ec177b9832b7b93d19f68bc39a969890a9e4304f60d16e334b1a88bc7fe6564,,,0x78836978e04dce354d51108e9be1a955ae2fa85a6ebd288e04f6c3949418bf5b,0,12864008,client_test_01_router_default,0,processed,,1781525996083
0x9e15f837341c102122fde85e66eed1ba9ccaea22458e30d1120a92f2515e3e3c,,,0xd4127c450b8b53cab99e1caaac9ad0b3fc1ce30b37a67c1daedecab78998e2c4,0,12864114,client_test_01_router_default,0,processed,,1781526047146
0xf57c15aff0a46e9c4715fc8f13feebe2dc7fc47756ad82adbdd58c286462cd54,,,0x0fb009548b8012fca0546b433ec5788c77c2888cc5714257b539400fb8ef5dee,0,12864121,client_test_01_router_default,0,processed,,1781526050152
0xd8eccdd348244674fb7ab5bb126724eb3c9bdb58ce5f3380a4b3b87f7ae93adc,,,0x1866371da54110bca3d86462664c70852ed02e2e04fe2adbdc131faaf4fa9f72,0,12864137,client_test_01_router_default,0,processed,,1781526057117
0x6848392f33fa0502b5939090dd66ac883b5d441ad89aaee74f80e5e122c8edd5,,,0x42e5b74eb6e45f3746ea10a2cdfcc62d42d076e6d528d862b4ac2e6861b9b712,0,12864144,client_test_01_router_default,0,processed,,1781526061338
0xcdf97daba747746f4d3c1612729a6e8310ff8a7672bdc11d1d37575fa61aec38,,,0x5020fb2bdb79e79ea813e204d4b0eaa565e6c86fcfea1517877e39fb1618c604,0,12864187,client_test_01_router_default,0,processed,,1781526081969
0x705cdcb2f98cd111869ba2010dc0c1e00890a4607985f2927861a15cba95a6b1,,,0xcd14dd4043b6e886e043a25756d86574418897499ade4b741d9dfb19f3ff9813,0,12864210,client_test_01_router_default,0,processed,,1781526093880
0x3c24370835ad18e51725db4bbbec274a6bd97cabe1aa87f32ac7fac7c2ef9fea,,,0x3841416dcf96ece6a88449c1d2c1353e73681e5ce97fe5138d8e6fe92c47b6bb,0,12864233,client_test_01_router_default,0,processed,,1781526104305
0x563b2faab5886bc51ae2a626fab4fb9d33a0fe611029093022b775c34c2eca12,,,0xd8c4df311c6f0577f0050ff7adf2af3547318fd663c2885159ced8ccab9e27fa,0,12864238,client_test_01_router_default,0,processed,,1781526105649
0x4dc5b87ccbf71590712b063dc7fc04d9ace17fd6198105400ba635ac1e98ec18,,,0x0e57d71563e894841ef44ac1ab84de00c45db44de4fb999d5980bf33acd99c4b,0,12864243,client_test_01_router_default,0,processed,,1781526106983
0x661fb4245e2f7cb369073b80756f5405cf668a7ba8e44cc3bca874293c46a0c5,,,0x99470c1628beeb8fd4f70fcc4d8007cf03bfc0e061ac7fddccc18f05c6d415c0,0,12864260,client_test_01_router_default,0,processed,,1781526113131
0xabab56eae7991251cfb57019f5a6b0b279734e9e998ed8246771f2be2eb2ba89,,,0x7ba513fb512efa578285ff253ec35cd50468b1ce991015fbf675f23df7ab4e12,0,12864261,client_test_01_router_default,0,processed,,1781526113643
0x5ef770ae57f5448a219c82066a3b4dbd9ee41348b60d1fc9cee4ae308724891d,,,0xd288b58415acf3a4ed342451a544e1e93cd7c8489871eeb437a912c3bd42b559,0,12864263,client_test_01_router_default,0,processed,,1781526114526
0xec6811ab061b0f86f02cb57bf621bb2d36be87813f5fc465e0aa05e210bd9ed2,,,0xc2d33181b57120c4f314191820e98e98dfde99bf77a8bca58a97ac440461bd2a,0,12864267,client_test_01_router_default,0,processed,,1781526116270
0x3a0a26bb9a4822764f040cdb9d57c54c034b4dd030819fa42b01b7385ad9ac5c,,,0x154bb56e8b42c5932faf7aacfd08304e3366d85f9322e0a001dc9016fc476630,0,12864285,client_test_01_router_default,0,processed,,1781526125476
0x325a86c511481f85346865c3e193b4160a6446694fe08bc4f307b98a325ebe88,,,0xe4e1d69ea7b00ff6acbbc5490c3751c65286978fe47ca5e59644327be0e62776,0,12864391,client_test_01_router_default,0,processed,,1781526168710
0xa044d26f54a9c9ca0751bea28209edeebff2c4fdde460be7a31a55bd822719dc,,,0x1b47ff4b3dcce10db25559150b210ae5972915590ffc10164d6e1d54b1b9e9c3,0,12864398,client_test_01_router_default,0,processed,,1781526171675
0x992605a72a8d21dc889cb88da92206be90cad4ef3da429b6dc83574006dc6814,,,0xe64b15a2c2312cbda304ef9409696a75ced84ca0346c57cba71e204e4a82dc89,0,12864414,client_test_01_router_default,0,processed,,1781526177956
0x129ff3fe7c1e135de7e5c102babe761c26d2587631d9bcd7df71804974944d00,,,0xdf56a29ac8b5ccc00eb22fec731c140870099c53f14e88e9929b0a17b6d6cb27,0,12864421,client_test_01_router_default,0,processed,,1781526181760
0x8394c9a3da36b386cc202e7f4e4b52cf39d4302abf640fed35d67d5f6edbc7e1,,,0x0891ade2041fd5fe4ef2f5c14006d2b247533a5da2c128cec69b6075692fabb9,0,12864467,client_test_01_router_default,0,processed,,1781526200292
0x596336c6667a841d03c198e656ba70635f9d0aae4326c9ca6cbf48e0d14b5915,,,0x8c630e660dcf5a7aba2d329999a3e45cf34a5165e9ea74dfac88ae45f50e9ce7,0,12864493,client_test_01_router_default,0,processed,,1781526211244
0xe3fc66d6aadea70ab2f4399b75b386a49d53760473e6df601bd4fc2ddbf64922,,,0x5aefc033903d0158755340ca624bd9a24e9db425c582f0156063a837f96ce2e8,0,12864515,client_test_01_router_default,0,processed,,1781526221288
0x0c4fcd1bc555e51a9898443326d40b4c495fa2a84df3441e16be20fb5fc6920f,,,0xb8b3c5a3c0ae1001c332a50eee62e01aadf91d51cbb157dec26d28346b9cc8ae,0,12864519,client_test_01_router_default,0,processed,,1781526222706
0x3179b16252e5ff266c9327e04f96997d85506003b756349627b3103e47ed2d5c,,,0x3361af1adac12bbda1afe2353c44ce6bd970519e91f77e33550d0300420ebba6,0,12864523,client_test_01_router_default,0,processed,,1781526224189
0xe6b49612752667643bb897ee5165b2552f9767bf197728b2ea2d715335e38bd0,,,0x470c2d74adcf9e30d51d171bb7434cc6393a22039c31636602054378c7494a11,0,12864540,client_test_01_router_default,0,processed,,1781526231948
0x81e9b33ec1ba3cf4d01f1892de85bfaaaaafad15428a2e145eddc2a4748dc607,,,0x8abfa97ffb6b3ad5a83b3b8791e2ec1e5a92192e4446486af70798a3e801d60e,0,12864544,client_test_01_router_default,0,processed,,1781526233796
0xc0ab32fe6d6ba679ddc6f4c8c917780fefcf6b3d8d40c0407bb7645d35da6e7d,,,0x68c8c38299e3b0d81322af69d0526029e943c0cac37c16cec00ee6b1ca4f46f2,0,12864548,client_test_01_router_default,0,processed,,1781526235767
0x160fbc274aa4164e8c690566e14041e016c3ea89992b6d72c99724ecafc1c02f,,,0xf4c21e0d37012e9eb7cab9be53d7a54ffab8867585a1922d23524ea10ace115d,0,12864668,client_test_01_router_default,0,processed,,1781526295594
0x0421f09ae2d78fa037ffab75b06baf244f2a7588b976e543502be6d7d917e8f3,,,0xd1c5cf61c2e3b138b1a89346bff6949a520c4651ebf28ceefa904cca6b769f16,0,12864677,client_test_01_router_default,0,processed,,1781526301278
0x066d66df1f1e19c2620359f18010a7a8ca86de981355ba6c1312e4aa80b88b12,,,0xc3f3ad07621d8aa0cea3a4beca52724c3f9c9737da0228e7014a375208fd38f9,0,12864694,client_test_01_router_default,0,processed,,1781526310471
0x1e6e8024cdbccf71a45f781a3d47569e09b54a9347b4f72dccef98fbd7a5ce0c,,,0xa56804eba45b75a211f6959f9d2204188303499e26d56659c6fde3f3dc78dcfe,0,12864701,client_test_01_router_default,0,processed,,1781526313710
0xd63d50b0bfb7a60ea9edb155182436b1ef1efc50aa48bc14fbd2d36b5eede38b,,,0x9997208ca3a4fcbf314a2066871ac1a031108f606d629d964f46b4d258d08c19,0,12864802,client_test_01_router_default,0,processed,,1781526366883
0xcecefd90b693b5bc0f4b40d292bb218f29909b4f7af7f23547f1b1fdf97f721b,,,0xdac40e6806a6d0aa4f15ad2246076f36445c217fcfb9dc3017c565577a32d59c,0,12864805,client_test_01_router_default,0,processed,,1781526368683
0xba2acb2c81df9b09d67f2b0730aed1ffbeb444495265d1bc7bac3986046a26f0,,,0xbf26b0d8d8ab90d11c99fe10f0e5fb9538b8114c6df543c6c06faa8cbf815170,0,12864809,client_test_01_router_default,0,processed,,1781526371123
0xad320d807ac6fc0be63f6814426e2c656bc0ee890f93d850ab11b0ac3912e23e,,,0x7dd6a4ae2a85cf2dd41fbdd911d75bd49cd76ec1a173fea5f25aefe19bd64f29,0,12864828,client_test_01_router_default,0,processed,,1781526379151
0x4f856db28dd79910bc75bbbf0d1d3f44bd5d0dafacbfe6e508a04ab4d0b10f90,,,0x8055fe32d9cc1077c71b2093ff1fba31ee62846b923d4d40f8a395507a9ded36,0,12864832,client_test_01_router_default,0,processed,,1781526381150
0x287bc9ad8ab75fa64853024e4858399922c10ef5d1c3197516a4f9e0b5ce28c4,,,0x5175dde51ae5a49341b158d4836cc63645fb49d3af19619142f02fd56b34ec85,0,12864837,client_test_01_router_default,0,processed,,1781526383127
0xa0d994f5236bf1c36f28f145c7cd5c2dbe1213cd33d82f03cb8e41d342f27a11,,,0x08173fa33dee0c3614deba0ed91d3fd7e2633a4c79f86a28b80aaa01d2364757,0,12864846,client_test_01_router_default,0,processed,,1781526389092
0x8d1ee902c4c84289d7ad6b1f2e4514ea3f3c2e5279143cc0d307dab089dd94b8,,,0xb8442e9366c84fce39e2e185e21a506f07878c0b061b92406d3b767382be6807,0,12864871,client_test_01_router_default,0,processed,,1781526407811
0x693df761d2119a4539e591dfec8c139b5ab7ca55f3c09f9522d0c7963ac5f585,,,0x3bf70d00c8edd43cf00ae318fa4e85f58c601858c76e3f323a526934e6084e00,0,12864965,client_test_01_router_default,0,processed,,1781526458552
0x954daad6b472452b3e563c11b046c30f4448141884e70575fc24e5383b6efe48,,,0xa1be7d6b2a0e1fc24d0d3fc61ba8f4d410d4c280f7e45506e2fe36f01d693883,0,12864973,client_test_01_router_default,0,processed,,1781526462704
0x25eeca93d1154ac988d68c3597932280b3a1650fea37ae29124c10aae7c14d2c,,,0xcaca78d8bf59799633d0ac9176a1e14ac72d512242ea36d8d5ae5e99566e0720,0,12864992,client_test_01_router_default,0,processed,,1781526470197
0x2036c6cd2a3c9969f111ff70bc72533a61e5a8bb3efb2e62ee3a6e1d2c2e47d3,,,0x259f26bb229fe3be94a57666e996e77b651119aebcf57341b6f892ae07b3d6bf,0,12865000,client_test_01_router_default,0,processed,,1781526473817
0xed4e6d8136f07e60d5fc30f5b3cc4c6dcdff321dbe5edb0e052bfc6b7802148c,,,0xb3727c0c08ef3cc594d8831961f4be8abcff3905bd90ea170023467debb4e5ca,0,12865103,client_test_01_router_default,0,processed,,1781526526308
0xd73be89899e1ed719cddfd5e638906016fc0044301b5ae5f2bd2ca286531cd29,,,0x13f7da7641cdad399a73727d49d30bcc56698227c7a7a2d31766d510510ed664,0,12865107,client_test_01_router_default,0,processed,,1781526528150
0x41a4964bc9e90ca044d84afc629ef252775a4582d1e9fd32804ca21410651fb3,,,0x4911a9ebd9a76942945f2a2247503f21899887d9fee5dbab8a82a4820ec10d89,0,12865111,client_test_01_router_default,0,processed,,1781526530031
0xdfda974a7cf6da9d21992b24ba79787578e3f8ff73489f6ef203ed1d6671f1f4,,,0xf376f4eac8ab2986adff2afb92cc35e4aee7e7ed3a4a43c4c23a7956130790a0,0,12865128,client_test_01_router_default,0,processed,,1781526537275
0xbd6c6160b70cf4214e5309b414f2fee0ea4d8ffb61e312273b26b2bb467b7049,,,0xfab29e9efb8ce93fcdfa4c52890c7861bb873fe17095d9442183eb438a5b50bc,0,12865131,client_test_01_router_default,0,processed,,1781526538639
0x6b26d92474e97ec38d3eb20573d00f30c52f670303f0deb5a9a03001c2e03d89,,,0x069cdd90c67872e8afce5be85f2614737b8d71ba96482beb99bc83c07dc1c368,0,12865134,client_test_01_router_default,0,processed,,1781526541406
0xba0c38f0babe7ad67357544a57d3d539365e8d7fd3f74c8f3f9dd7c2170da04b,,,0x8837ef04046251566dd19cd5b23624aaffd13eaad88d61a5ad1a232b7f68567b,0,12865256,client_test_01_router_default,0,processed,,1781526594205
0xfafc0200cb1087efc7241a0add4462853f2d599127c6e790aad5bd5736accd1d,,,0x57c502658314b38a4cc685bf68feb06b84c550e6c5ebce693791119f7ba1f986,0,12865279,client_test_01_router_default,0,processed,,1781526607375
0x69903e43fc56b53737ee98be8445caa54b881952a1990e5435a27cc226b4cf25,,,0xcabd649c376b8b57fdcf5456affdf30d74852bd4b631e549846fc1472b4d0ee6,2,12865535,client_test_01_router_default,0,processed,,1781526720894
0xb714676434cb8ec19c80d78f14e971d6fc6bd49ba0d73dbb7a04fed05fedbf8e,,,0x9679a3873b7c07d4176f072518fab17999ef2c8f388feae14b0a5b4f82b7ef99,0,12865556,client_test_01_router_default,0,processed,,1781526731070
0xa41c20c2b183c84195901152ae0f9a80576bd819fa01ab18fa99cb5f98e4c837,,,0x9074ff4f1c066a4096c4f3111982386c9cfedc1c73ae8f3d73ae823c6b00e7c8,0,12865736,client_test_01_router_default,0,processed,,1781526818588
0x26b214026b63426cdab3be4c158877112a37806fd11ef0b6a72a656ae76c3033,,,0xa3ca8010c78e3a2d19f2102d8df0f50d75244c8897529d82416586e650881091,0,12865797,client_test_01_router_default,0,processed,,1781526848241
0x90a8bb939c8aabcd799aace6271df6faf0b0ab2af4b4823d66dc2afa3f0993b9,,,0x43209e4add3c5f47af7bcb130b4c628847186aa0e472a9f365398d38bffdf965,0,12865822,client_test_01_router_default,0,processed,,1781526859081
0xb3aabd1c93cb4b8343c72f17b73b29c3283ab52db8628d8b14dffad99165584a,,,0xa9bc43d3c95d627138ca512f095c79ab55dc513137d3560e629ef4eb58e5da26,0,12865828,client_test_01_router_default,0,processed,,1781526861436
0x8800273e303f6712dd2fc9a17338f300605f3fca4d91a447274a2587c59f15a5,,,0xca1ee706ed7eecaf1f3cbc14175a7160cca6b613bac8e9ec47659de044e934ad,0,12865854,client_test_01_router_default,0,processed,,1781526873342
0xb7108d25479c9b601e50fec737207ff4dcab84f88133d0bdc92fc164a3641347,,,0x51c721f1ba7124713a26940dacf9a5a0f9a7aeef112ba78399866f124a940a9b,0,12866006,client_test_01_router_default,0,processed,,1781526944189
0x45ebd85bb91dbd46e591aad24f5680fea6a4bbc497fa21fcfa764dc0fc1da34e,,,0x8bdfa8b4429039b806b175fec7164755783adba7221ffa651d446b293ccd20bd,0,12866031,client_test_01_router_default,0,processed,,1781526953448
0x510851ca67f64d7966a99d1c186201ced29784fadabb8f9ba5142e0093c06431,,,0x06abeb2aee541c94efe68195806d85565352336c0664ba105953106342fea7db,0,12866084,client_test_01_router_default,0,processed,,1781526979143
0x6c8d4bff86d0b2fcaf26f744d02af18f62b5604b061bb7e9f5a9af87be1781d1,,,0x6381813dade03a2490a8569e32ec751b00f6ddbe810c33ec82c38b6cde21a61c,0,12866109,client_test_01_router_default,0,processed,,1781526992320
0xbf29faed7cb90f4a3591ab6d13ce6960c89d0ab64e229963c12465d46efbd56d,,,0x6e2403b9d4c9a4d15193f7ce0a5f04e5c19400ac0bb265af60492b41466b3ef8,0,12866115,client_test_01_router_default,0,processed,,1781526996258
0xe620caadefb2e3966af2de3699da8dec2da8bc840bf5ade337061220a1a193de,,,0x68ffd027335acffb5490a16fae56e87713b660f6cb74853b24f302ec1c294377,0,12866139,client_test_01_router_default,0,processed,,1781527007971
0xa9f9ed84285f6b66195af25c698104b6127763058e72059aef67ec8f37fe1c00,,,0x61e18ed9580bd0e40f2fadfeb169d100cf315fbc7b061e0b1590f888299ed07f,0,12866291,client_test_01_router_default,0,processed,,1781527088512
0x03b37f57be37eb7c0d5f5402b279a17f45537476720b7d879ef796b224ce63d3,,,0xec313e8b1a5e2a3f400afd54b0d460dba0583d7a7f2b9c4e11870d1a9b510e2d,0,12866295,client_test_01_router_default,0,processed,,1781527090595
0xf21a8439706748f6be4278f7895dba2f8ddf9fad8b55f04b53038738e26ab995,,,0xee1468f483081b03b9a73ee5bd6f51f4cc567c2855e32e7ec5f2570bca130cc4,0,12866320,client_test_01_router_default,0,processed,,1781527101091
0x31ef4cc2496b709e01e1a5e18e62e3bade7502e79e144e2d2786b707fdad896f,,,0xc349cca968550deaa3a8441a961932ffe7677c91aa6e253c4c57784139d50f3e,0,12866323,client_test_01_router_default,0,processed,,1781527102756
0xaec188340742915a5bb8394a7abd1c4db9dce819e0f348b80540a455267d4bcd,,,0xaf26b7d851d0c6e4d8384b26a2be4993ea7cb992dc4500da5efa834f8b2102ce,0,12866384,client_test_01_router_default,0,processed,,1781527133274
0x33c0659d57d32af1a1a145cb2e69b94963b89b0ae2acdae52c6d387654a669a0,,,0xe8862c8b7bd1e060ac31c41aaf09a7b08c550f30e3a111d272dc0faf97b5133e,0,12866411,client_test_01_router_default,0,processed,,1781527149602
0x794b0900493bc12cafdbd4feaf6169cb0dd5677876ab259282cd269b83045279,,,0x64ffcb28ff8b765266c998708ab276d4f01a2415ace4985f8cab0ed63480419a,0,12866417,client_test_01_router_default,0,processed,,1781527152688
0x55d9aee9cbb85cbd03b68a63f372b6bea2ef9ec90b7e28de29b4c7f36bb66248,,,0xc38e8d20f8a5f3f148eeeab4445a019033d8dac1960ea40f4f011e9742c74fa3,0,12866448,client_test_01_router_default,0,processed,,1781527165217
0x651cbec0f992855f95319bb0375c179082619f7b7512bd419fa8c7066ca1b8a6,,,0x7043d2c69a1782355087ef483ea2db7e4f3e90997d9d09681e2517473e78234d,0,12866599,client_test_01_router_default,0,processed,,1781527249361
0xce2b0ee1938db9882c037ebe61e47354bd597deae47a2e3082b3e1366f37a55d,,,0xe382769d7b11560903066b7a51a95ff85e3fbef19dda60a2ab2d62caa8e38ea4,0,12866603,client_test_01_router_default,0,processed,,1781527251421
0xbe0d3bf8a7ce70cd5810fe1874859aa101fd87fe1ca8c731ca5979dd180ee90e,,,0x076ca44333fdcad29daa8b69fd9572149ec9df9be47937ece840d02197ab66eb,0,12866624,client_test_01_router_default,0,processed,,1781527265437
0x5334fdf5b9eb5a51c8a9486b79c0158960a4ac129f984127e60eba3e65c70c45,,,0x1e3d5e7437ac8763d4e73970fe2d7abf67d761b277d2cc4508f9cf8bf795cfed,0,12866628,client_test_01_router_default,0,processed,,1781527267337
0x00c840ae85f2c92deddc5a412d08fb186983e612eb5f004704d18f1f3f603e66,,,0x2da7869865f50a755ecd28b738d3ff3585349ec9997e0f853174b959294e5df1,0,12866683,client_test_01_router_default,0,processed,,1781527296181
0xefa70e1f0cded5ab283af3c52bed638808ab599949a21b25c95fb1b3ea2edab4,,,0x2d9fefbe9918d33e138dbaca2f0fa4b5d4a09df82c3c1b05ac32b392727af516,0,12866714,client_test_01_router_default,0,processed,,1781527309695
0xbcf61fbaa57db15cdfb347e92c82440470a7076c75b1efa87ff06d6b60689579,,,0xaa2a46dc134e09541428b38d3782691da47b17b80a2d4f6fff15f58ac825517e,0,12866881,client_test_01_router_default,0,processed,,1781527393373
0x97ba20c14da08078f4237178fde8f70454af17d1bafe7a1d18929d5a1f5e85fc,,,0x25d3334f9ebb465d52a2b661c1a765415d2e1205038f50cda7e342a6c260b1fa,0,12866898,client_test_01_router_default,0,processed,,1781527400638
0x5193f7fe3c1d448b67bcabf7b156c1f673f6f14f5f15ce3d5cf196f36f037dc5,,,0x4e802be195bf6b683e670b658980205c93b92687525188a0c9f02d172643ef88,0,12866901,client_test_01_router_default,0,processed,,1781527402053
0xf346c605239ba5cf6b509bb9b8331a367ee09bd17ff5bd9db50921ca86a8f2b2,,,0x7b58586fd7f92bb8aad20fe21892a01f7c9bc0202e0d5b8346930ea33200be70,0,12866907,client_test_01_router_default,0,processed,,1781527404923
0x971f37363f1dd27a7f0aa057aeb11159050f82593ed1719a9677d227835f4392,,,0x1c301c6f28c8fb6810d364ace07fd254abe41a7348ae4af6f7ad4e4b86907b21,0,12866920,client_test_01_router_default,0,processed,,1781527412415
0xc69371eb81e6363ae7c0b92be1a4139c281d815e3c5fcd3211d87596808f0029,,,0xa2d9a03c84c578b6eaca771ef72b16d77c1444b9f3f8e84daa194a4b9df0242b,0,12866924,client_test_01_router_default,0,processed,,1781527413854
0x00d9e8329e424ab79d651d1f701cd39350c6be98666e1fdb9bd12312f73e470c,,,0xb98bfdb84e78050ad81df7b6081cceaba9015875e86b80726a6af371dc5dc0b5,0,12866978,client_test_01_router_default,0,processed,,1781527438106
0xa6400653eace040be8e101a2c35ae839616aefa70b9e8457859880242c4186fb,,,0x1f5f0abae02f202c9d3b498ef20bfec21a1dfae73a02d0711b3cdc4a51654c03,0,12866999,client_test_01_router_default,0,processed,,1781527451731
0x53b7f6d5474fd89d2ad3be475cfb057ee7f02c066896deba10bd567458323ab0,,,0x37f3e0b8f4c52228ab4a4c114af1ccf34cc17995839d647e9e64e90d3c5c2c50,0,12867159,client_test_01_router_default,0,processed,,1781527538118
0x5fea185a73772f7ea2b9036fcf9e924c89b2a63e03306e6ee2abd51e9c527c9a,,,0x0c20ad61056ec2a53008198543d45c2c23376b08c773519a762d6a4ba31c6890,0,12867176,client_test_01_router_default,0,processed,,1781527545102
0x897c4539fad955994be23caf4f6f404fbd07278b3d182e8e439baa462a7c2f12,,,0xf2d33a7acf436f073b1d4ddfb4a285057be7bc6a9fafd109a4d9eb1cd2b73546,0,12867180,client_test_01_router_default,0,processed,,1781527546716
0xf5eb4ce9b9a0eb24ad0aba1df0a6386ef970bbed689cc2df0a0035cd48dc5484,,,0xbd6baa4cb82e4899038c26b64d650181634193c111bfa3740ca46bbd76f32d81,0,12867185,client_test_01_router_default,0,processed,,1781527548975
0x7b147026c2d4af77314727ba03659e51dcedb960dfc6c9dbd6944879ba8dc1db,,,0xc7131a4161cc648e7b194ae5eb776aa29bc6588027e8c061fbefbc80e8cdc3e4,0,12867202,client_test_01_router_default,0,processed,,1781527557815
0xfbaa62f37126dd8745ed4aff91bfed978cc80fd3ca3c1d4a8b4c567c496c6290,,,0xb5805c7703673b10edcb9414cc10f004b31ad79fbc58868f77928b9777f1d321,0,12867207,client_test_01_router_default,0,processed,,1781527564219
0xed4d40a691fb1a660c9b49a85b8048de76edee8e1a5456f92ef8917be6f3690f,,,0x1a86cba333962fc2e9fcec1bb84fa60cea833053ebbe9a5efabdfe91defdbf47,0,12867262,client_test_01_router_default,0,processed,,1781527593029
0x26d6713018359f3c4f37fafedf639a5717a54410a68f13942b688359923c04a7,,,0xf5dd700a5cd10e63b728b462954fe015b5d765e53fa8f2690133da5da1cfe930,0,12867290,client_test_01_router_default,0,processed,,1781527605854
0xb17b4d15654563f9d56d0e392b1fe7c106d5fa1261a65fbf23de91f372ef057e,,,0x213baf1a28bdfb53de8336947342d7cd01790e7aaff19f6372580ca2230bc47d,0,12867467,client_test_01_router_default,0,processed,,1781527700986
0xbab26574aa4dd8cdf9ac5773db10d1755a72a9d68c3572bdefbd2eca726bd694,,,0x57b962789440a1b84ef059e035779ce302394a23debf3a66d40f59e6c6f78c01,0,12867485,client_test_01_router_default,0,processed,,1781527712683
0x503be83b78f3a03a8446892f80c0c73d47e4c4349c0fdf2ef291c79911377ea5,,,0x8cea29cbf39cc0e83a92a640cdc800beb5d1e59f0b839dd42532aae3d8a0b107,0,12867489,client_test_01_router_default,0,processed,,1781527714467
0x5d2f5a7c2d7051045dd843f2f3db2ad972375ec3ba7e348820137d1317dcc96c,,,0x8e12ae824128fd9501a4b585d03cf957425a5546054fc02acf2ada1741ffd3bf,4,12867498,client_test_01_router_default,0,processed,,1781527720252
0xfe70130ec74bb944552fc04d8ee17bcd2915cfa2ca9e84a65e2dd15b5d148da6,,,0xa19ed2d49d2d6f7a09dfaf9ff571d473c29a019d30117c6baeb6d6e2aa782acc,0,12867514,client_test_01_router_default,0,processed,,1781527727115
0x0e4431297c878a76ec11cb338bc597f4688973f22cdf45136b853b65fd2cdc04,,,0x204086bb86c9b977c64c52df0d61156a673def0038c41fcf8c7180479dbc89d9,0,12867517,client_test_01_router_default,0,processed,,1781527728459
0x6d7b467fea671f8727d061b7e07a4faf3ffae028d79e85a022df69a7967464db,,,0x9fec0e65a5644f77d7d323ad941d2e6d8de280d5c410187ec048fd142983c721,0,12867570,client_test_01_router_default,0,processed,,1781527758783
0x16268721b822ef8b1f3cb2b0bf49ae20e6786a7037c9471ff670699344fbeb14,,,0x38b258781290f8155b3295405591bb2d7233668966309f0f512d2bdae0617e4d,0,12867597,client_test_01_router_default,0,processed,,1781527773824
0x2c5a316d8f9c5db2614827c4f74c5ce62fac2a109cc152b91d6bfbd4b5c5a506,,,0x560aff6b3410ca185eefb7a5dc4ceefc24319fa95b5cf6422dcb7d2b63870cff,0,12867738,client_test_01_router_default,0,processed,,1781527851856
0x496d6ace52fd37e527febff9bad3d392ff4dc0d96b147f8b26ebc86f25e950e2,,,0xb3e013132e56b3998808b4717a7b279b37efb7b8259d0b8f6bd64b5158b5a1b0,3,12867754,client_test_01_router_default,0,processed,,1781527861458
0x717395d7e67402078be41bdc1f3d49b8299cb3f613fd02b3a4f0f5f8ad148a8f,,,0x210c0165d929d61e2cdeaf36f8db0559871c273f1a3d2b4baedc6c4330a312e5,0,12867757,client_test_01_router_default,0,processed,,1781527862744
0xc637589f22e219a2b25b66e2597b43187e25a2a971de467ca57fc2abaf3d1ae2,,,0x834d4f6f28fcd395fa2ed8ec54e8630cf600a90cfc2d08b157c5d82f93dfa735,0,12867766,client_test_01_router_default,0,processed,,1781527867483
0x492e681e6e7ce0f94ddbec3ed970294511e7677cdad62fbe816a6a59ee34840d,,,0x3aceac76c4e9055c90d503cfa48e5724b0767fbf4880a8e2648e609bb5dc2614,0,12867780,client_test_01_router_default,0,processed,,1781527873229
0x33b43cff87332bd956d8c805465d966e61a9e582be53f9d1e4a5105e02f87ae8,,,0x95045097a078af30913f7f1ccde4f609f49d581c4a947d84432bfddc26b99727,118,12867785,client_test_01_router_default,0,processed,,1781527875318
0x0b7aed9717103471997974a26bc487ff548922388756da12abbfc91feee9064b,,,0xf433210f690f8a61e95acf0ffebb60ccdc3231655596744b228514fbde0ef92a,0,12867839,client_test_01_router_default,0,processed,,1781527917069
0x2ee1bf7c96b186ce960ed7883fdd0d0642d7a92d901c8b1cdba8a37faedfcefa,,,0x16b124bdbdb5b33bcd3568cd340bf37aeba0dce719b8fca24ecce51417c0cc1e,0,12867868,client_test_01_router_default,0,processed,,1781527933618
0xa6161556e9930efd0c0962e6559055623428b76ebbda2f29f7ba42c089259dd1,,,0x3443f82bf4d913bfdb1f3883a332dcc7d946ffc02e782085a834cab60576664f,0,12867871,client_test_01_router_default,0,processed,,1781527934765
0x05bd53d866e251afc71aabe05ae2fc439e8feff96b458bb776b592d1c754b27f,,,0x4da9f1845730adbdec915951ca5495b292a265db6c420552922e0cd089a7bdbe,0,12867905,client_test_01_router_default,0,processed,,1781527951027
0x98d8231db9cb5780466e2ddc1fd9663154a42baefb7d45e4fe8b6b055160add9,,,0xcf51a0c5eebf9ca9e4c2af2e70a836292271d6a059711608c485282437f8f07b,0,12867951,client_test_01_router_default,0,processed,,1781527975001
0x3afd70a1664bf2dc586b776bfe98672c249bfd965567f72728f13bf58458f907,,,0xe631e35c5e653223757ad3538751959c204e2ac4ba24bbb8d99061434015efd1,0,12867983,client_test_01_router_default,0,processed,,1781527992008
0xbeddadef283950ec0351998c7fbe9a41971f280503266aefd1374fffbea9069c,,,0x135368d03aa95c80794fa73941e186a571c539b298be55033888ffbb26bdbf10,0,12868001,client_test_01_router_default,0,processed,,1781528000347
0x4bb3efbacb1c4d7c938647f18dd0d2240587f931311a2662daafb3327dc94533,,,0x29358b745a035af6dc905ed9f463e4a19393cf020c12b9ec4168fbde7d277eb5,0,12868005,client_test_01_router_default,0,processed,,1781528002421
0xbd6b5ac2d6a4d7423fd86f9e0208b03bcba2351234724549d963bc0af1a2a6bf,,,0xb9f5514802ed84b71dca28bddebb07bfb681545faf85b2abb0645ce88317e7b8,0,12868009,client_test_01_router_default,0,processed,,1781528004508
0xd1124c9c4e0d8c048d59746f37f6e74536dc00de4d17e465f8203da7267095af,,,0x9226692197530b23e63405075589c1c6d17b5e8fbe7e065f2310a647b8290229,0,12868027,client_test_01_router_default,0,processed,,1781528014578
0xa18a52566e4adee126654c1d1857d0e71426d63c235bcb46b9f6b1228eabdab2,,,0x0546d7c1c6dcdc022a5a7f2dbaf5d1a66282a0fa0c14dda1c04b440b82413c60,0,12868033,client_test_01_router_default,0,processed,,1781528017404
0xe63d0311e3642b72b024a9bcbcf5cf77bb7e96df0c6b6347b8fb364c3ad6a140,,,0x6d0a4ae1c527c71e50856899bbb41d2b013e2f5b2a6f887346450773ae5d6f98,0,12868036,client_test_01_router_default,0,processed,,1781528019071
0x096859aa1f0a87aea284e6780e58570fbb58fe204fb5429eb9d209e49c9b9fc9,,,0x1a4ea9892429caa4686985d443a781a43f64cb5ac0b2aa958f157afaef7d04ed,0,12868040,client_test_01_router_default,0,processed,,1781528021051
0xe5552f7c5e30a89e2f09769ececd562c7a5b6ff9bd4c0be201f7c534bd6852d9,,,0x8797d148cd9e7fb8e94d2c718562e527e9ca9498a06eb60945b492b3c7bece83,0,12868042,client_test_01_router_default,0,processed,,1781528021961
0x76480f70df396f79d81364d6f31ee9e3eed62eee6eb1d02a679de1e971c77fd0,,,0x1aadec974ac1e6134aadd8de72eb5a53693bcdd309422a4a2379a890c14ef236,0,12868045,client_test_01_router_default,0,processed,,1781528024388
0xfef4e2198ea40345639d4cf099b94cf62f1bf61bf0f7f6075384b309d239fd7c,,,0x63baf5322d2a0ce53cc845fa9ba7ddbf7dc3cda50392e39fda2f544e54e661df,0,12868059,client_test_01_router_default,0,processed,,1781528030501
0x3503ec0851c0f239471f67814b6a6e9af69c35d61bcf7391e7b3a0742e8bc905,,,0xc2bed1e4179268e40b798af65d76a134d2beb10683b5c6b01b6ec2662e3de9ba,0,12868073,client_test_01_router_default,0,processed,,1781528037671
0x7dce2a662325ca7d2fd68df9b02cafd03cc2368953e78aa7257b4cd1d7b078e6,,,0x597c20cd43ec72fc23a2fd814ef7f7228a5a0579135d09da8bb8ae3dcaebe013,120,12868077,client_test_01_router_default,0,processed,,1781528043384
0x3679adbee5a399debe41041084bb24e5b69845d25579ff39fc6a1a6bf91c1bf4,,,0x9c42c6aacf13b35c4f054f25eb7c659f34063a9a4a079a6cbc0616f7220bf881,0,12868128,client_test_01_router_default,0,processed,,1781528072771
0x64bf73430b707df0be5b874ee8f15d71668c82d66a42e5061de0d458771f87ee,,,0xfe98535b96cfd8771aecf05cde7dfcff68def7f39c9e299f9cb2d90646b11cd1,2,12868160,client_test_01_router_default,0,processed,,1781528088783
0x1df1343d2db378e17e857678dfc2337dfa247e7383b7e362c2ca933ed48c970e,,,0x4931a0b27ddc2ab569c50200379b458b01e396b7aa67d76a5014d0e66aae0f77,0,12868165,client_test_01_router_default,0,processed,,1781528091875
0x09d903bed0a9b220b3dbc68bb0c48e0035e970efe84c314a8b207a46044c0f12,,,0x86b22e917cc51bbcebe7654e9e0c301e94eb536aaaacb8e9177396364b8465b5,0,12868195,client_test_01_router_default,0,processed,,1781528112531
0x9a40e026d8ea0c88c247c64f3f9a4a57700cd38d7aa60daa65d62b6b72dca23b,,,0x8009a5d8c801a541830b95b0831006e72e3b48b037041273ecaf59e3cb3d6cb5,0,12868236,client_test_01_router_default,0,processed,,1781528133698
0xe7aeba99e04a02d3767f26aacf8c6ca09087458537a3690defaac74dfa0dc81c,,,0xa8e31fec9d2dafa00040a33377a33e989f106e927c946a64e76e34e406ff74ba,0,12868271,client_test_01_router_default,0,processed,,1781528150848
0x8c9bea21c621a56681f234027e55f5deb4a4b49620eac21dd19959f4afa64bca,,,0x4b6f8ed6da121e586194bb9a13092ea3b9e6849bbcbe3d666c94849881976a65,0,12868293,client_test_01_router_default,0,processed,,1781528162904
0x793e681a1c76011dc95cc9b33a1b03b8b205332a7e98d44a389930238829d6f3,,,0x483efca3e09d3193059547fa747d75053bde3915522642d2683ae2100d9a8db8,0,12868309,client_test_01_router_default,0,processed,,1781528170445
0x9b01cc608a50c6f23558659cd22b704eb9bc7849997443b72a8f9e819cc83c9b,,,0xa92ad54ca38c649bd607394534b057463584a450c57cc24b0ddd981ec6a29789,0,12868323,client_test_01_router_default,0,processed,,1781528176802
0x77faf94a580b5df63effe207b4decce17f27717ba821bf38fcccd8cfac328e32,,,0x83bde381312b1c1b22737120838a6e0294ea62d2cc41cfb1d5dfd25bbd8c03fc,0,12868325,client_test_01_router_default,0,processed,,1781528177538
0x8542a245c41f6ed4192da42741742b818cc0afd60124a9dbb9cd8f3b6e4d5831,,,0xf59c1ffe4a8a36857e2a4f81465e043ac75ac8cd1de56dd8c84121568c1acef0,0,12868340,client_test_01_router_default,0,processed,,1781528185009
0x89a1a6379543f60b65c781762013f8582b9e10eacd39992bd00f34490039c420,,,0xb1f1e57cd903ff32c8b5c6e41939fdae5340905c83974ea446144b82950991b7,0,12868356,client_test_01_router_default,0,processed,,1781528201031
0x39b604527201e3481d8949b6374bbd70d264e1dd8adcdb52b1e910aaada3c6a6,,,0xc789defccdb2fb303b670caf93ed01c16f1cd11da8f2a920d76726e5b010f447,0,12868405,client_test_01_router_default,0,processed,,1781528230998
0xf01c5910380b93b592b081af9be1a7f94de573a565619a31a8330a8c416bce82,,,0xac54497fe232638aaaf61845c25a871300bc832b77897d1e365e822fe633c010,0,12868439,client_test_01_router_default,0,processed,,1781528248631
0x00109461faf6bd4d6f8816f47049448a4fca3c3946e68a01282e2e938ba9d8c1,,,0x6a8f9fee98139962b0497c0fdb741207342cde0efb52268650939ba32c09a9a7,0,12868581,client_test_01_router_default,0,processed,,1781528316720
0x578f5b6997622d88947adf4145daf9760e9ee54f33c10449be9155a08f6de4e8,,,0x4685f198915f44de58246a465cb27d68f068308bfebdf9b3ed0908c94a612550,0,12868615,client_test_01_router_default,0,processed,,1781528330565
0xb7c0f59dce9075bbc3c255c6413f6c8e04ffc122fcdc15440f563097d7475832,,,0x2a86584d36a7708c820ace1aa1183d67c367494d669d79e463b0ea0b0118fd62,0,12868882,client_test_01_router_default,0,processed,,1781528468533
0xed74c8a20ded1d9c60ea27e6600ec9fdaf237ebc38862d565c23f79b425496aa,,,0x2b7543f5367010d66eb0bb5f6fd50cec6c8a7fc3e9042161f2e64ab5aade5b19,0,12868914,client_test_01_router_default,0,processed,,1781528481325
0x81b82dd75679f7622e603f7105f3c3d8f4b08f84aaf806e53775a1b2c26d6d47,,,0xd2b975281f069735abea8a8fae0aa30dfff7d743fd72c0450dd8ef2a02aacd21,0,12869164,client_test_01_router_default,0,processed,,1781528595887
0x4658791818a2c2da383ec76523a30e73e2c1f2f161fa9c95b09b30e709531eaf,,,0x2d6906f379d96dce3105b875234aaf6d06c4c3d1c7369c2f428cd9c0395055f6,0,12869197,client_test_01_router_default,0,processed,,1781528611695
0x8fb3c667537ccc94376ad14493b17b3dfe6b014414d512496b33693f24020629,,,0x5c8dcbf91316984f3a1a952aaa1722bb8b48ee3dd071549f65098db8078f0234,0,12869442,client_test_01_router_default,0,processed,,1781528723795
0x30e686cce84e94491da8f12c4b312bf03a9e33b66b3e9a24a2e1bf960599201a,,,0x8b0a868594f46ede254ef38af9af0a59b2a1f7251b245031cc25ab93e77fd740,0,12869445,client_test_01_router_default,0,processed,,1781528725195
0x3c090e3026f4305fe33ef7d11c3ae8fa71732456668ae09fb3b72fce63db3001,,,0x8e5e895ad3130db0345fd4505466ba60d225c1127a5d1f5555a5500c4307c7d6,0,12869450,client_test_01_router_default,0,processed,,1781528726722
0x3b0189420315f5bdac77152e4d4f0f41e77f005c13dea7d7c2c5ec12533853ae,,,0x7c071dce4fc088a01314b74b0795d280e604023b6b2db3a8fbbff0efe2b22b9a,0,12869473,client_test_01_router_default,0,processed,,1781528738560
0x282604ecc7ada248d9ff418eaf5cc35c71bc76b228c733e5f1c35552c9e7c094,,,0xc1d0b1f2b2e028aed384e9d9a3657e0db43be95245f79da2e15816e41b26f881,0,12869476,client_test_01_router_default,0,processed,,1781528739843
0xdc8c1e6c5c1176d441f9c1b2e0a562c72ce2dc461823dcf859ab8b0e21bebb3e,,,0x1be96c29a04550990211e7b5e43f8484b95855fdabea9275a7a8cd5bd1a2af1b,0,12869479,client_test_01_router_default,0,processed,,1781528741152
0xe940eaaf28e144fdef366eeac30eec8fb3ef08d73fe5690ade81595685f7f283,,,0xbdad0ddb96379d593f977172530374ba56078f8eb4a3b11fa8fed3c876ce268a,0,12869598,client_test_01_router_default,0,processed,,1781528800801
0x702c64b860fce808fed46d549065d2db1a45566107f97070e8e2688cd8c08553,,,0xcab8f696e389890b0e22fde1ee5abc9b699c081b4526c8cf1ea96e013f255f01,0,12869634,client_test_01_router_default,0,processed,,1781528818412
0x45fa410bc2a3b5b865a422759ffb436bb90c59b63470bb6e05234efc6caa210f,,,0x0a9b64e8ffadc51513664dd5fe25b9ba1bf17e676a5abff950d47ec9bfbc3bfc,0,12869731,client_test_01_router_default,0,processed,,1781528868119
0x069ae5904ca9f1d8feafa00292f2de3083490753a2bcc37f12d2bff9a17bf2b4,,,0xd461d87f6b079d0715ed20881098bab7c75a8fa6e8be84784e3b3381555b1b8a,0,12869734,client_test_01_router_default,0,processed,,1781528869499
0xd8a8532889ef506459b428a158d594d21ce69c6b48aa084414d57ead31d6553b,,,0x426685c1bfe8c0ed400f071922e7f4d72ed4c97844e599e6d7a4af9d656bb1c2,0,12869737,client_test_01_router_default,0,processed,,1781528870890
0xa7c47c6c77cbdc96672c312a6db3f3f10837b53dc75e5e8d3543c55aadb7bc41,,,0x9476ee66246bc2603c98e5742d9dd518ca84077b3e33e42ee4caa47effba926e,0,12869760,client_test_01_router_default,0,processed,,1781528883641
0x487ed655ce559a42b13d66a85b656e96b8550880e11073a468f1f799d3e3e887,,,0x714e1fdea6f7c94b43e4665854d875c572601ed6896669732bf1930138731104,0,12869764,client_test_01_router_default,0,processed,,1781528885949
0x0831c25d119ffce2ad3ee1033aefb8694a3319f7a64db15547123c8a79e6439b,,,0x1c232ee26c98e1b6ca72b970726a9ee4584aea5e1a40984d0e69c9781d1e8d93,0,12869768,client_test_01_router_default,0,processed,,1781528887348
0x6e9d9ca69c8652e4551cada296019620cf8d1ca3e8bf3d16e56e07f5635b9c00,,,0xceb67b68e31aae72fc1991b796356685a955bd35fef7cb15229923af9ca3809d,0,12869886,client_test_01_router_default,0,processed,,1781528942129
0xafe3c55cf403ef5bc2492fa2c441d08a9decea4b411ef28470bb6c16074afb8f,,,0x4658e9ade2575a535faca7c3080f440424486a1b8016389b744796cad3a59916,0,12869916,client_test_01_router_default,0,processed,,1781528955953
0x7bf0d91c5c4eaf5027542a4ddb7f1d2b480c007a628d6a70ca83d9f753a3c55e,,,0x0db5b927d366eef18f9cb1f07f193e55de3352976b7646cd5c2259e642156979,0,12870013,client_test_01_router_default,0,processed,,1781528997698
0x68a86137121dee72bba6c6a45846ec6c22ec4a408e92a1e48b89c1e9953e4546,,,0x531632d690b3a1660b4dba1814852face9686d65e5e1e1b38ac61d0a46908460,117,12870018,client_test_01_router_default,0,processed,,1781529001494
0x88f247114ec7ae1e31cc31dbb30cf599d5de00b2bc7f1ef8c0bc405f16c843b2,,,0xa5d4a7e0cd9be1da2b03f0d83bbb3b1401beb8d2e87bd8eace718be5f38f5358,0,12870021,client_test_01_router_default,0,processed,,1781529002742
0x5d7fa1663b6ba4eb9513dd95031c3315b80507c8f4d1d49f16c255704ef31aee,,,0x11e4bb8e35df1d65b9b77514f844946b6cecff877223a8617bb7fcdb16cd071a,0,12870044,client_test_01_router_default,0,processed,,1781529014054
0x9a59e695516ad3327558e3379275bc50fc402c750c5f9e84950951ba287c558f,,,0x017fcf1fbbb30e9a91c3bbaa57a46911da9e2b5b8f8a31302f75a9889a306a28,0,12870049,client_test_01_router_default,0,processed,,1781529015958
0x3a2963bc67d519825daab50666e5a8bf08c2f6baa9cd2b140c2d8853c5f65cbf,,,0x2d6b54328a24795c7e9cd4c28f665ac7084aa93e3a7f1ca16a14d8e56dd819c4,0,12870055,client_test_01_router_default,0,processed,,1781529017928
0xb43220590b751a821e5282803b880e168ce0b9cd3bf0ef0811e3f8f7168f4536,,,0x07c78c3cfaf90a76d705e848a804595d2da4a4fb3df2fdcdfd7eaa3208acb785,0,12870165,client_test_01_router_default,0,processed,,1781529073698
0x1886b0800dbf298eb616aa3e47d78af5b6a3decaf0902fde3bdee180357b51d8,,,0x8179e9ca9f08daa364e94bfc741d5018f78a903a4bbecc4c845f32b115e43c07,0,12870199,client_test_01_router_default,0,processed,,1781529091149
0x097f7298427661c98721a71771ca281a7b3e67eeba23832a89d477b72d2db750,,,0xca595259fd3a188573d5618c96e9596f5c0fa49a0b326c3942587b11aa4a33df,0,12870298,client_test_01_router_default,0,processed,,1781529136267
0xe5d452c1cdd2d8464104427317f0e45c8a443341e80c93462bc390c9ccb657d9,,,0x3e27c2c962d4fd25af519b73c844c3447e277e9df5b187fa957b296544951d0b,0,12870303,client_test_01_router_default,0,processed,,1781529138100
0x7550d06694210941ce206ed09e7b0626c910700401ed82db28fbcaa1525542c9,,,0x0efd8bdaa475aee90ef851f148021bdefc0c1fc02cc7ce14e43f3073da1fd1a4,0,12870306,client_test_01_router_default,0,processed,,1781529139722
0x0635331755a0f75396b4ac66691306cd19302daa92885e906434b5961ec2c280,,,0x1adc0f842dcae5f72b6856189b42e9fbf621d32b4ae8a2bf69b9c97d637b458e,0,12870331,client_test_01_router_default,0,processed,,1781529153582
0xafd35d7de14c55e182a2f2015b32a20576d02f55fbc9509c926aebcf6b241e5e,,,0x3391950ab9890f2d2ed03462656f1404d6b261469fc39228d3d4b824534aa0e8,0,12870335,client_test_01_router_default,0,processed,,1781529154949
0xd8af785d54d6fb80d7f27621eeb9ebccc07e84b11ee4b0266646b65e6ad5a072,,,0x764b0392d8266f542a7eb0417fb821f0d96b37b6a17a9238fc38ca327e1756b5,0,12870339,client_test_01_router_default,0,processed,,1781529156259
0x68e854f03c83e617429f69080e4e1cd6987ec1d234ef8e41a0bf763672e9a227,,,0x2f10a16238e29a2604f3b6c87fe7736f0f7a88fcc5916b701b465dc53345d064,0,12870456,client_test_01_router_default,0,processed,,1781529204894
0x3c56525571f36d548d4afb1c225ca6ee9c22b8a4f511c9f201f0050b504a1fff,,,0x8b91645c91a4c660d2823251014918eb2f9a2d09351e8fefea5364abdb8533f9,0,12870487,client_test_01_router_default,0,processed,,1781529220666
0xd3cf128ca594cfde92315dec1b7aabe82553c34c9d81245225f778d061a50f0e,,,0xe481c04a0b26b724a10fe3489b85b9660273fb819df436e795204512260e64b8,0,12870581,client_test_01_router_default,0,processed,,1781529263759
0x8a1f9202c207b85244a7ed1ae94bbfdaef186414dfcdbf454e4f4a48024b27e3,,,0x78ad6a86704ae19d97a69369825ef2b95d8cc920856e60dfdf2391493b286581,0,12870584,client_test_01_router_default,0,processed,,1781529265091
0x51a431ed54f3514db9510d8da11a2089c345cec28583301bb0b4626cbbe5a4b3,,,0x07387a50759b803782dc09cfb4b6431991923b063f802a38769cea566bc52488,0,12870588,client_test_01_router_default,0,processed,,1781529266449
0xf3d234a88392dce698ede4568ec69a25bd9d24ef9418f40672782e257603f6ed,,,0xfb4813224f2f09c48cab64a702df19b0da074c4ea93d157ea17948f7ac1469fb,0,12870612,client_test_01_router_default,0,processed,,1781529279487
0x687e909d369c4c2f76cc6887f5362cd7e0ac3a12de7b3c006a55b2431822bfde,,,0x4b2430cdc3a3076438e1239a25dfa1b178d2fb73e55660e19ec8df2dfe947694,0,12870616,client_test_01_router_default,0,processed,,1781529281493
0x347cfe6b7f1d864921acdc6bc01d564529631865b4d509fc7ac61133493e700b,,,0xe3ea1fa6fbb9060004d9312513f3a5dbedf0079aba37cf3dda347f89a1ea9af8,0,12870619,client_test_01_router_default,0,processed,,1781529282790
0xd99bfaefc6da7caf1c4fdc2d98c1fb3d7116b4d3ca2e8db0a94f10e90b441ed7,,,0x9e7536378e22844cf818bb7247d84d93fa947bd37713e7fda3ddd68d88999858,0,12870732,client_test_01_router_default,0,processed,,1781529337279
0xd118abe9cd6f0e9729afbc5371c44db690ff5c6355c02c45c13bcb2ac27e5d78,,,0x436a839d962e2840e9ab323f2f43ca007970c41df735602ca57998d6346debd8,0,12870766,client_test_01_router_default,0,processed,,1781529352296
0xb63c0599d58d6d319ab20b62b3ff0443318d1bba979ef64de71570d4d84e324c,,,0xde3f2077e1c4b3ba1d39f3f57e6a3b9d24358b8506a31e8a7f1e41e99795e4d7,212,12870861,client_test_01_router_default,0,processed,,1781529405069
0x99dcf6b1861d66cadb4f0388a11bfd96746380420676482a03bfb2e0a3be3acf,,,0x9183e59ee8202dcedf6e2e650ca6c4abd5c4b43349d9105665abfb273012ac00,0,12870865,client_test_01_router_default,0,processed,,1781529407181
0x4aa59bff9e6f2ea21086f2885105eac7859659742500af3fc422075b4b95bc73,,,0xbb1dceaedd1958f56076c6ac41434823b255bbd848badcd8aac647bb5c6136d1,0,12870869,client_test_01_router_default,0,processed,,1781529409199
0x53d7bc67c70ea5ed15e5a6cfebc7e2580790d68270ee3a2ab5699ae89abaee66,,,0xc844e3871d9c7862c2e914b6f480af76cfe7e3e31b42b109ae4df96f71f18e5b,3,12870892,client_test_01_router_default,0,processed,,1781529423901
0xcaf5ff7d0fc38142f71bcac0dfc1538afc94c4e11918e6c4a3cfed113f717d97,,,0x98d1f0980bd817018ef017b7ac320e6a2e5e642ad558e6b05a577df413a0cda3,0,12870896,client_test_01_router_default,0,processed,,1781529426175
0x62d7cf658a9c69fc05e6793e3d9ea649675b62b7ef3007136290f02719fb7c1b,,,0xdd0a7b4c08e347daa105905fdcd611cb407476450b430b2c708a1c4d403228c4,0,12870900,client_test_01_router_default,0,processed,,1781529428342
0x75f64a73134cf300d175ced89060e5ad76764935c929600ad0675f7656aa72d1,,,0x7d9f8d8daa827b4ee38ecf5567bed77258276161a29ba99f6ed0810b21a473c8,0,12871016,client_test_01_router_default,0,processed,,1781529488958
0xc3a628213db318c915aa59980c882f62e4fe45469c1a961f2cca90eac3612331,,,0x1cace1548e23dd06d33200867c4f4271cbc2d628facffe3d73258707bb9c1d17,0,12871052,client_test_01_router_default,0,processed,,1781529504707
0xc66af78bf291dc054e5b5966ee50f662e3a974bef5781e145be9f3717cca669b,,,0xfe8cd483b808eeeb8cf7ef9e622951dd26506318a2e137a1d7606201674b1f8c,0,12871155,client_test_01_router_default,0,processed,,1781529560426
0x8c24dfb53df0f64cbd26135ee2055e8dda2745960585854123d6025bc8b29c34,,,0x449f0fb864f8466fbc6415780cd36ff5ccbfec7350c6adf3df10ff9703105869,0,12871159,client_test_01_router_default,0,processed,,1781529562941
0x3e2351cd38ff5ae7c0d393fb25fde19fe0f942de5fa2920756dbbcbee1beaaac,,,0xf4b219f2b6892253ed405260f672ea94f6bc5d7721bf15d7920463bfba2017ff,0,12871162,client_test_01_router_default,0,processed,,1781529566385
0xaba12cb0ad1c98ddc55b19596cd2f9cde3208cfc1f307a80d955cb76f5dae9a0,,,0x20c6b2ffa978cf9029aa63e10e5dac920ad3b7e531ac2d6adf5fe1aec9194fac,0,12871187,client_test_01_router_default,0,processed,,1781529582048
0x697fc6b714ca75c475c97adf52a6cd1feaf25bca179475e9800c33b744fc07fb,,,0x6b0553de36b7b0c543b62c691a3cc333ea69a21da0e2fdf6dc53dd7f18426d37,0,12871191,client_test_01_router_default,0,processed,,1781529583316
0x439877d9156606b70ff9795f9758a4ffdeadf82a8f67b16c6e5ea851f415554d,,,0xb6d49889252cf67f155421a5a84404078a59eee5329a3fbb0ae0fe10454a9813,0,12871195,client_test_01_router_default,0,processed,,1781529585428
0x7a4688cb41fcab3924b6c5429df6e3ea8f483cb4262c30a687f11a4e49e8e795,,,0xa8ce9b0491adb4be7b8c773fda319e8394145e02c16436d8d4b1f2c64d3e1600,0,12871306,client_test_01_router_default,0,processed,,1781529640347
0xbfa79085c406607da9999fbdc38ecec961488baa645a02cad4993cb089fa88f6,,,0x3c0e368c0e32502f6257f99617cb8b3d7395b3e2d80126986e32c2423b12a884,0,12871337,client_test_01_router_default,0,processed,,1781529658189
0x8582c0e5a8b354f8bd7eee1591d07a9bfba781035411823699653cfd9bf22dd2,,,0x058a416b41d015f6896844bcf25b30e91f670983934abba5219f616bfd9f616d,0,12871427,client_test_01_router_default,0,processed,,1781529700301
0x4da522761847ab2870c88f5d2256ea352e630230f455dd7cd548fa8da80f49c9,,,0x1b42239e3d87fdb42ec2ab0e2f124d649644630bfb11a6ca397e6af157b7b09e,0,12871430,client_test_01_router_default,0,processed,,1781529701534
0x551e64e5e21961b73680e9f62bc53ee06df8d4c1fb95d46f39ed4abbc3e404d5,,,0x2d294ab1e44b7150ea873478ce9cca4c09cf41cec0e8c4d6e6d44abbc7fa6d30,0,12871434,client_test_01_router_default,0,processed,,1781529702876
0xda8ea19e0dd53d8b46b2463094ed8b50916ff2feece69cb90dc679f9cc298d70,,,0x207834c9b5bf4f4253ebe358820122ece260146d216e61f6f070ae52d239dc99,0,12871459,client_test_01_router_default,0,processed,,1781529712297
0x8afc8803c525e57e8ce564a70e21355fa1f3ffdbc32482655a9074864507e598,,,0x71fac2cb5553a7f52ff6f7ae150d28821e3068ad5eeeeac2ba9cfd95acef56ba,0,12871462,client_test_01_router_default,0,processed,,1781529713624
0x2527756ead1bcc945000bb68d25a1d92a28808dd6a5fe81fa32769d37e560b59,,,0x32ce34ad3e214c43d56a87f0f052e984260d948bd4c6974544cee19057da0c2b,0,12871466,client_test_01_router_default,0,processed,,1781529715046
0x288e53c115f7bdeeec9a839c3a1f290564cb4f6de56d434597aa5ea699b6104f,,,0xf8917bec1259e9c6c9e34033f1d518b3c4917ee63972751a8339e33e29af8e9e,0,12871468,client_test_01_router_default,0,processed,,1781529715759
0x5c292997f3c5c9b42285dda7a03a080c04fc51bd60984be2e8ca9a89df8912b4,,,0xf863942083556dbd10a8a94694f1fdbf80d434f635f7dcd065ea9c9fae8d9cb6,0,12871472,client_test_01_router_default,0,processed,,1781529717261
0x90b21a5e300351418c13302e93664b94a6e816dccc6376552f19d89eb636f777,,,0x80532cab5bb2e1cbf6b817a090ad0812c6e0fdc4ed26ccdb94cb6e2c5826bf3c,0,12871499,client_test_01_router_default,0,processed,,1781529730050
0xfcf3fe991aa32bbefed46be84d4cb0ea296d99c0800e6cbaa1d24c05fdb741c4,,,0x057ae3f5dd2472ea6919a74e6ce2c5b0b5826b0f97981c8c56ebd9c5109368bb,0,12871502,client_test_01_router_default,0,processed,,1781529731359
0xcc7fc39341c3eb4643b423b0f92bdb0cefd6ec6150bfef023a43152076183c55,,,0xd3891e78380b26567c469e7af265a48cea686f282b122a641499401beadabfdc,0,12871761,client_test_01_router_default,0,processed,,1781529855652
0xb03841cb3c2921b5cb469a126350c4f2016b0f0b0b6c3c6e59d7ede4291ee246,,,0x6426717afb444ce7791047a713538dd668c9e4ac865e48bbc16a1afa1361925b,0,12871764,client_test_01_router_default,0,processed,,1781529856658
0x5617bd7674977fdd38767a3c15ecb6875e6ee80dcb049f8ceb08410a63860eda,,,0x00285fff8f92db2ccb6bb90b87a9c5e06ca13fe7b80116a9e6be4e5f67c94259,0,12871793,client_test_01_router_default,0,processed,,1781529874961
0x817f6865b4b2fc8d0280cdfcaaa239d625e52de3881cf483b330c4415b44184a,,,0xba5ffc04e38ddae0e4203af8a827700d1e586360e3bead06c61422e08ae8dffc,0,12871798,client_test_01_router_default,0,processed,,1781529877209
0x9b73913c4331550c7c3820489f2bdd579a5fd6ff3465a47e402a2885b1a58e11,,,0x0c18a35538faf382ab14eebde41b86f512ab224d965d0d0d70f3c02ce5b67430,0,12872047,client_test_01_router_default,0,processed,,1781530018271
0xf16293968a195c97bff133836420105d300f41de83ece80efc4c972286fa30ed,,,0x1fc88bd451ba1a973f54c8e285d6735b62ed6beb96ea181fb44965d3d780ef73,0,12872051,client_test_01_router_default,0,processed,,1781530023040
0x2441a0b7d4b3fe02f67f619fc395a99b8074386089847c7a4f73c894464d860f,,,0x7bd2c46713210a252804a01bd3b26480392fd18521ff409af359650245b1806d,0,12872082,client_test_01_router_default,0,processed,,1781530039309
0x3226b3c2d2d8a6b888c2b80468662cd10b32ee1a111085657970a1f3ab9d522f,,,0x50f5cd08146e46a31ffe79aea7055a6c0da23269f71bca86e6197458088a1662,0,12872088,client_test_01_router_default,0,processed,,1781530041186
0x3c57634d1e06801ba8edcc4400b97aad75083d64113b4f8a1f692d7bd5108f8d,,,0x0cd6581282fde38a764d1b46d4d0990661c0adb3ea79b551ea122c990d4697a3,0,12872344,client_test_01_router_default,0,processed,,1781530189848
0xe383889620fa2cd318b3d6fc6c058832736c764eb05514d807e1ef18cda4a4a3,,,0x8bdafed13c77361521eba47d9b875f2f954662adddd8bfe25f66e22dabcfd800,0,12872347,client_test_01_router_default,0,processed,,1781530192101
0x39c7c1ff417df90fb32ba11f8a20d416e9efdead7fab8de98b08aa3222151539,,,0x4bd558ba0641da077c19cce177bf07c49675286da25888b41473bca87f858e29,0,12872377,client_test_01_router_default,0,processed,,1781530215704
0x3a6479ca113af9f80c528a776e2243fe6498d92a6b18bb74a0cf6486267ef652,,,0x21a0a8a478c2600beb0771b180622bbaf4fe64d552cdf02f335bd6de604d2ff6,0,12872380,client_test_01_router_default,0,processed,,1781530218239
0x1c7d72a3df2cf0dfa2720cb7334df57e1b06964d1a61f4112ac5139d07e89bf7,,,0x9d8041a050dd1036bae4e60ce64f17107d7d6e335780fa75224a37c48a621eb3,0,12872573,client_test_01_router_default,0,processed,,1781530354129
0x69b8119b28494316ebd3d62980f4a909f7c0fe7283a34c3bdf0c34f7bd281650,,,0x7bbf22a31ced062ad13da11b34feaa643c06e03e704cb95fa81f13caf7331483,7,12872596,client_test_01_router_default,0,processed,,1781530365280
0x3f5fd667010bbeba5d6f46fbbc22481889bc6223d29ab30db76bf7c6851fbc27,,,0x75e1579f508be00b0afbf5352a80d4d3e342171b26fa54c25476ac7c41f31d7d,0,12872599,client_test_01_router_default,0,processed,,1781530367559
0x912864954d5dccef82183225daa7983b9a4b55e4ce6492871d5ec3ecb91dc826,,,0x824657f2ad59e3acebb9dd335b7379a4f89b4dc75a6bd77ed4ae8e0aa9d9f4e7,0,12872603,client_test_01_router_default,0,processed,,1781530370076
0xc4addb6c752ec7f2eee15c42b85f17c8f475bb878ccf3cda8d378d79aa8cacce,,,0x7bbc87783b5fbb182e463178b839b095d489e223b232bb7a83d2bb1d54430944,0,12872622,client_test_01_router_default,0,processed,,1781530380096
0x02767c246bb322520b76bec62d127e6fa576dc14537bd78a561d5183c988e3f6,,,0x38e4290f9b47f2439d055bf22489771f2c2047a44d80791719eec469e52fe3bb,0,12872627,client_test_01_router_default,0,processed,,1781530385764
0x90dfdd4b1d955fdb900fe52387f0cbff4316315b680c9d12c6801819505425de,,,0xa475188d1d08a2d06be05bf9abec77451e2575f0444d3fb2e64c17a7e99eeb36,0,12872633,client_test_01_router_default,0,processed,,1781530387385
0x51662261302abd44de539192afa96ddc0f2c118ff1dfce149604a429b351e85a,,,0xf4d5e0389e555c225fc51ae742901286a09b92dafe4a7194aba1d6ee191b373e,0,12872635,client_test_01_router_default,0,processed,,1781530389183
0x06673292d300e25294e56cfd3c73203d1a0a1f9129def72cc0ba6120bde58754,,,0x234a79e634f3404490ff2d111ddd9a50ae566b592919afe12eea9c3563f9f5cf,0,12872637,client_test_01_router_default,0,processed,,1781530390129
0x9815bad9571e02f1a19fbb95de4a89db1b6dc41e31724a5fd579cc1a378ac86f,,,0xafc58f30351693cb644dc300f887dc0cea532f0092dc5174de643f3b7c589cab,0,12872640,client_test_01_router_default,0,processed,,1781530391924
0xe07e49ed5316e29c64dcade51f261fe914728f51df8befd774b697cba705f042,,,0x3f17f770f078eb62321cfd9b9c8c9d477e1c9be2633d301b8fcaf7d193e6c816,0,12872657,client_test_01_router_default,0,processed,,1781530399931
0xbc73929933eb0dd9db34b506fd0860e578bcc9fea686b62633b2520f7f2acc35,,,0x1c037ee4941f44340da7de7a672b84ba93c96d6145d755312eee2f1a2714f3ab,0,12872673,client_test_01_router_default,0,processed,,1781530412928
0x63221d272d7fb989e6e8018be1aecd4d3716b2f7a67b071343581c47aaf1ebc9,,,0xcafd0b1d2630b36d5decdd9c5daa0903a138a9789c427baf37a646785a3b0c3a,0,12872676,client_test_01_router_default,0,processed,,1781530413017
0xc730e0164c8b8d70fbe5d57a5aa21d1072ec7f83eaef23a37bf2dc7177788498,,,0x5ce35faade01d96d30bd7938eac616ed8ebc394a8c59717a946e1b2b72cb6a55,0,12872721,client_test_01_router_default,0,processed,,1781530433576
0x6c57ad6d6f5d4708e6b831eb5e6a47ee536bf0a729543cb5b823eab04fd9b113,,,0xb0cd62b7b80579f6696c5b1ffa9ab685c20c9d8a400452994df800dad7ae3afe,0,12872754,client_test_01_router_default,0,processed,,1781530450158
0xa1cd07ec368d4e16019bd7d14d40501386e2d6b0eba04f02d7b51063d3b47177,,,0x16963241e36582cdbdf553da67d2652fcda64b60d75e33220cac5d6b4f4afdc2,0,12872760,client_test_01_router_default,0,processed,,1781530453117
0x4ccfc48360a7e39e21d81c347bbadecff52615a5ecedef7effa1356062585a36,,,0xcc9a683704850b1cf3bbe2e3e16b42a8dc344fc4f5b60b11deecf1698147c012,0,12872791,client_test_01_router_default,0,processed,,1781530467304
0x00a107b848650f1e949cd92df574e60590b402d1275e3b8f04efa48b9cd71c47,,,0xccbf46b6d4c1a34495f564162f31d4bbd1319b521ad611a34a475b652183c33e,0,12872833,client_test_01_router_default,0,processed,,1781530487587
0xf49968554cafc146e72b7fe57ef64ed264bf8f2205b542d55023c916289395af,,,0x428883b7be92c14a466ce27dd40148e0169ed2dac334731d7bfc1ab922d38bd0,105,12872865,client_test_01_router_default,0,processed,,1781530508379
0x544cd4983e01a336e2880a5825803632077ad722a27d7a41d882c57aeb29491a,,,0xc4660b9cf79ccab98187e0e7eff1669715af73cb412986f1cfa87722dfa1d635,0,12872883,client_test_01_router_default,0,processed,,1781530517786
0xf4a0727d8e44f250010ac76f88ad8aa87f7686a9c64d86626ff32ed9a1f1251a,,,0xabdbe3c848dffed18daef6d6239e182f5b60bfa9290290e826c69e4c7e58a882,0,12872887,client_test_01_router_default,0,processed,,1781530519570
0x1c3aba1d3255b187bad382fc3721301fdea5b85189d7f6eab3800b08403b2b56,,,0x9dbb060c3627d9a92645f3c82863716ee99c9c13382559dbecf4428151f18aa8,0,12872891,client_test_01_router_default,0,processed,,1781530521836
0xb91a46379acf93ee6f7298b235f0af53fb05dc334bc6ee6f998002c3811807ff,,,0xd0316980eb118d77288cbe3ad8bcd939a201d6a8aa8b98e3697db53c3e18db53,0,12872917,client_test_01_router_default,0,processed,,1781530539867
0x4aa7abc5ea01c6e4e41d5e2ee7eddd977a2a82802b4aafb02065f623eefc1d9e,,,0x20b1514a10ea73ba565e60e901e47065d266d862c71d9dadc5d66aa522ccf2b5,0,12872920,client_test_01_router_default,0,processed,,1781530541667
0x7b78cfe622f5daf5c10b64168e3cb05bab826dc7f1d69b9c46d446193dbefd89,,,0xe630a425ccba5a0d85d83cc48c2a3095834143b08b4de2e127462e7c1632a852,0,12872925,client_test_01_router_default,0,processed,,1781530543861
0xdad80654ab9208e508d9d8e9a5321983cdb1efafb0cb1b7c1f923711bd12f175,,,0x95967e7e921207d7fd505dafe389e6ac6e252580182e8a37ca0d866c0b0037de,0,12873058,client_test_01_router_default,0,processed,,1781530633745
0xbad6d782c17976129a0c83ac0154cb6a380f6ae14be5aecc3efe83f2b6332ed5,,,0x0dcedcd2c892ea2f94a9674248e8e2b8295ed7574a3dca015b0e0f1e8d3e0dac,14,12873089,client_test_01_router_default,0,processed,,1781530651491
0x00e49fa934b1769a0aeb58c82d5b593751d549942b78b0295a7e8329821b8b51,,,0x5f5fb34fd7fc9188819fa0f8a9be654fd80ff0b25132109929658b19f30f5179,0,12873126,client_test_01_router_default,0,processed,,1781530673777
0xc4d1c7d8c2c1bf6a7b9264334f92e9cb2458e1f575060578251d8092bac6d1e5,,,0xaeb3a8fa76851df115075e0468413c70ef218748a42d85f83237a5cedd73c645,0,12873159,client_test_01_router_default,0,processed,,1781530698587
0x0b826af92d44c71789ec9f2a476cdde88fcac0d6648c06d5a155c8a28fe6005c,,,0xc9a7abc54bdc4079d75205c502ad4bdb0e8cf218e9da8a29751f78ea8a81777c,0,12873349,client_test_01_router_default,0,processed,,1781530817382
0x3abc799287ee8808d17f401c5303392c9009a628ac8e427ac61d3dc838ef7add,,,0xec73fcf74b822a7548a1683d66df33ba1004a67e72dec3110d1db39298b2454a,0,12873380,client_test_01_router_default,0,processed,,1781530835495
0x16c107057b2eca34b30c012fc189ac7912da720680362d90966b2198fdc70669,,,0x5606648efc3e33f1d103b404832ac6d92d45e17d672499f9d4d9287f400a4f26,0,12873419,client_test_01_router_default,0,processed,,1781530863030
0x9bda6459958123b71234bf8de8daf0fc9bc92e275a9c7ef6aa78689883eeee75,,,0x60e91999798958c2a5efeee7476b318774e4cb2306aa3ca862c2a28c5159ea4f,0,12873454,client_test_01_router_default,0,processed,,1781530879106
0x8b8e248c12265ff0e3cd74febe15ac3eb3e530284665d526426661e17c9dd133,,,0x4a61d5d5df5292030c116c5e2a2c2b25019867d3dd20978605d1e37f31891e70,0,12873476,client_test_01_router_default,0,processed,,1781530893460
0xee656731693a3feb7153aedae39cfc0069b24c1e80b983f0efcabecf7119571b,,,0x642fe822c57b50d488371a2f4d5f3eb428d4ab800bcc62f90c76fe981f59705c,0,12873511,client_test_01_router_default,0,processed,,1781530911987
0x639950311a3fe5e16b3586972352c814a6c51f20d23e3f07ba8d9b441b42558a,,,0x61f5309083f43cacf25fcc84f4047533227cbe70505a1db36aa3d5b5bb47d653,0,12873648,client_test_01_router_default,0,processed,,1781530998315
0xc03ea525d8a621e33982633736b5fb05501c63d5842b4dec38653d07c5dec702,,,0xab06537c99f3fbf9c7591db81dc7de74a8e8906f0a835faf65f4d48ff51aa167,0,12873684,client_test_01_router_default,0,processed,,1781531018130
0xa042a1cef05b43a6297822903b288233f1654c3c28ce21456c88c4ae283ed94e,,,0xab4aaac78fe5bfd6961d6e752f64ace538efef511befeb8850e45a03c9ff9b06,0,12873777,client_test_01_router_default,0,processed,,1781531067891
0x2c7e75cb61785b819a49f6906bcffc40d96ed8068fca0ac57ae0a183280b13a3,,,0x2bf1d5c8184e98d84374a7ce42bb1450b271e9a49f60f1ef93b13ff53779fba2,0,12873800,client_test_01_router_default,0,processed,,1781531079653
0x4082c3a0ec22a2e465174fcd1adb55aec2165db51b67ac473285eea488c8083d,,,0x033897ee7758df5dc4d8923e26e55a88658929e4d2eca3a70e502984696ca8a0,0,12873812,client_test_01_router_default,0,processed,,1781531089814
0x7bb6225f959dd97bc0e7016abb05064c978c7611f46ef5b41177198fd6da8ea4,,,0x7e383c660d9f6456cc406f7aad9faad7d962ab09d9130ead0516935014cd2f82,0,12873830,client_test_01_router_default,0,processed,,1781531103668
0xfbbd8c3ce2fcc4fb48026151382d447bf68dc8aeb2f899648c3e61d349fdda5b,,,0x0c8505f067d05b4f7177049192beedf2f488dfd16d422c2b582afc97c2a02775,0,12874021,client_test_01_router_default,0,processed,,1781531210795
0xb736bc930ef31a4177d4bc008dd62cdc1b53ec33f9da8f6e52830e9782605132,,,0x45ca31be44a29d2ad7f8b44f8d4f501cb4010631a53dbed86684c26e8af19137,0,12874060,client_test_01_router_default,0,processed,,1781531235823
0x2f0ad8b7f838b43c3e03c1e12af2097e689371fbba144d9e53c4bc5a231b5ad2,,,0x2ee0e2758925483538a8e3628ba0d918f819edeccffdcc14d21f604cff94d446,0,12874085,client_test_01_router_default,0,processed,,1781531254243
0x1a361c3dab87a91e0bfe000302de787fac3f5d1e2449fdd755743d5e84eb4a05,,,0x2b8226805e5910ee0aaaf1f4cdffe0253a6a066df7b022231fa4db04f788006e,0,12874129,client_test_01_router_default,0,processed,,1781531274930
0xcdbcf4c24e3e362b30b9dd16c95980f6ae3e42a3bd7f4bd6da5aae8868308130,,,0x1865a92308fb2dc56f47c52d3645056eaca746e046210bddb3d0b6d77fbdd8b6,0,12874242,client_test_01_router_default,0,processed,,1781531345231
0x96d07585e059c7ff435705941d03594ff3600ffa6a334bbdd66da8afbaf138ff,,,0xe290ddb6e578f74b304bb59ecab6ebd04a2234353689240fa0013190b8538b77,0,12874276,client_test_01_router_default,0,processed,,1781531366280
0x9db7cbe998e71d143566e4d7871da01297637e7e4f1c3604bf2da10d82de7101,,,0x90af582470483fb9b1ba529fbcebd3e203af6039de0793919d51dd551a6a7eb9,0,12874386,client_test_01_router_default,0,processed,,1781531426411
0xf0ed111b56bf9f07a62d8245ddc5c931c94df8477603296e883be38a17187700,,,0x89112728a452000b7cc75e3fc750145998ef88cdc50117db2ab2d0bccabfbd9d,0,12874424,client_test_01_router_default,0,processed,,1781531449167
0xc5b97fa042c974edf96e77908c1a359b2207bdbacfaeaab5e3a31dc8aa54ccbc,,,0xa900af36ab00934fec7665b5d7f92faa1cb778c21411e64eafd47213d2ae5232,0,12874509,client_test_01_router_default,0,processed,,1781531494065
0xd7e20829a15600b3c2863f5df9186d563a8033decb871349f5b4d77878bf0783,,,0x2a0285dd38e51148308eec80d20cc60537b6a8696b339ee7db52d62f6a2b7d2d,0,12874540,client_test_01_router_default,0,processed,,1781531508962
0xf5ffb53b0f1ba8266f6f7d6460ebf0d1b72ee0e2275446a81ed8543f4819b7a2,,,0xca7c3b8bdfb03eed65f8cb3ba6789202fdefde8ff3be80fa490b25513de73d97,0,12874542,client_test_01_router_default,0,processed,,1781531510362
0xbe016c6ede831f86a2606a2f73bad17d73b8c79315363cc8aa85e337e0d32926,,,0x6428d0408b6fbd4c2c154b53b7a300e0cb2cd1e8c7df73585ed85eed516070a3,0,12874570,client_test_01_router_default,0,processed,,1781531526130
0x63d72c3b1e38256ad1f985c260cf85dde0705ea95036021068a2ca59a7e1fed3,,,0xe9c09a8dde7a14cba9f8641dc5ed1b34dab1c4bf0db70b252d2b93982af0d63d,0,12875533,client_test_01_router_default,0,processed,,1781532072316
0xd7a55606fb2c122bc28d58f952421d4923dad6c806b19b17e479218752c5baf8,,,0x0e8612042ae471b774a213c48b0847abd76322c7f9e4bc2f555ff7b8d19b43db,0,12875570,client_test_01_router_default,0,processed,,1781532094197
0xb92130c475d663e5819abc9d9970a3f535c7ad9d12b064d43cf1e65c782a3cae,,,0x6c0c261b762490732ffddbffda9484cad61eae2d6f72f13f109b2b822318c623,0,12875597,client_test_01_router_default,0,processed,,1781532109575
0x61d03a8f8f8481e05c4e8907ccf32c85b36fb94ebc0f9784e346bca179597c0d,,,0x69ab62b8afc450210b1ebd378cab848e196aefdbd9285c7139eacaae5dfd2d7a,0,12875621,client_test_01_router_default,0,processed,,1781532128520
0x741b618545818ac81f717b4a19aaf1df86818951239250a84e623e09c7db5fe4,,,0x14e753f215a5beb786a8cd21e43540dd36a419221a47b9a6b55aaa4b84faa9d4,0,12875625,client_test_01_router_default,0,processed,,1781532130170
0x9cfab710d272ddc71ce027855be605aa5231de676afa5bb35c21f07f7d8d4946,,,0x4f6a3251bb3f20e0afe4de756fbf7da2d8e20c137206d3c05c43aa8f1d4b4474,8,12875627,client_test_01_router_default,0,processed,,1781532131251
0x3200b856994b1a2c34e39a645a564a9c68a630d41a57c9444e0857326af641bf,,,0x75f2df95be66514ddd6081df541bb43ebab3471afb9624c8bf7df21c71f76b6b,0,12875629,client_test_01_router_default,0,processed,,1781532132810
0x9c29e23a6a2aff2ccc2aaaf7d3fc65ffe4ae5e47d7dee4d7abb78a3382cd2928,,,0x6da88a3a05ede4ddc3fd6f1e90cb2a203b97e53f948d920b90a50109cff0ad2a,0,12875632,client_test_01_router_default,0,processed,,1781532134545
0x31c604c020b6524842ba56220c3a9d72ebb762cbbe41bb9a6a443d88775e7cda,,,0x985e8c39a773707f45492fa835ddff4c22216a2421338759d368ef7780a3c86c,0,12875664,client_test_01_router_default,0,processed,,1781532154134
0xe86e0f5ea75898898f94c88794a20425d0fe20e737ae547a4d53019e60b8576e,,,0xa4250f335a4264f8538466cb60fb1b5ce4c9e9371fad8722c05da796f76bc314,0,12875669,client_test_01_router_default,0,processed,,1781532156074
0x76a985b12490881672337e5b9700cca2a09912a042ce5d176a6e681b0b1787c4,,,0x31dd47bb05ce04b7075f3df37e7ec4f1a447556254a5e5f1279a128d1967da89,0,12875752,client_test_01_router_default,0,processed,,1781532200359
0x939aec298261a65957e4479b7f695eba716d1afe6b39815036cf24761b225aab,,,0xa2f707395ff1130b69678b17ac5f8e43506161b34693de5a985ce952640e93a0,0,12875933,client_test_01_router_default,0,processed,,1781532312137
0xdb5b252278efd9556d49a3af08ace2797bd82ff65d3a94029ad1bda72ba4cfad,,,0xe54fa6b844c13dc661ffdd01e85b9cbcdf839ee29614f1ce62128966bcc50c2c,0,12875939,client_test_01_router_default,0,processed,,1781532314751
0xa8b8d616984b515e37ff99741794b273499e3d5dcefa172f40440dd4c49028fb,,,0x2ad739dbae0d1bb3ef359051f743aa2da9347d4f5221facac0f7d97234a267f5,0,12875969,client_test_01_router_default,0,processed,,1781532335201
0x86409ac0be2551a71bf5e69e9714a83c64073e92d138d211855d57a7a35fa5ba,,,0xa7dce91953bbb22a8f5b169483b6cade1e459a87fd4a464099197a79297bcb44,0,12875974,client_test_01_router_default,0,processed,,1781532337558
0x4b62973804ad176440d81098937a2acc09bac68d5b591030153fbb3678787754,,,0xe0b897986c82e8292fe4f3ee5e1b5410a207bb18f2787eeee72160a5a327ad72,0,12876029,client_test_01_router_default,0,processed,,1781532372382
0xfbb8e9a24f49367fd59930b4f4ec8c5dec65e29e457db402b1146620eac32b33,,,0x45a86599f79ef3b8a289440274ab55e7f243e916c7b6639c9571f3b9b77ebf7f,0,12876060,client_test_01_router_default,0,processed,,1781532389015
0x027fcf3d52f64ae033f2e806e000e19c6627d436c159fd91e1040692f3b327fd,,,0xc90872c8fc8e21cbf1ddc5f0ac27462d44d32edeef33d6afe8e68ce88982045b,0,12876247,client_test_01_router_default,0,processed,,1781532495504
0x75334fe3e022253604ad297d51bf209854b78c3fd8cc16861d94a5fff17b8ebb,,,0x03acb518c3491889efeecc35fcdeefbde97d1614c46c55417651e461cc464b50,0,12876251,client_test_01_router_default,0,processed,,1781532498003
0xd24d872f540ec9a24657042762e214f7a46665ae52f67d214cc6864cc791b8da,,,0x73fbdb5745e4195fb84d22f9b6adb6b216b39732290931de230d4411ff5d1ae9,0,12876279,client_test_01_router_default,0,processed,,1781532513910
0xd26a0755664cea718ce99cdf326cecd804c8ab3d1eaed55c8fe02da2c366e089,,,0x99a03e8476e9e05f50fada453cbc11995ad1a345ecba3bc341aaf00224b7beb8,0,12876283,client_test_01_router_default,0,processed,,1781532515272
0xbabfd2df92b9fe6f1a7bef4396be6bf9b72291d98eaa48767f6941f71d5b2fec,,,0xc734515d9fc38bd2addf41a93193150bfed4a8e6aafca77360cd4988f33d9ea8,0,12876329,client_test_01_router_default,0,processed,,1781532541595
0xd549ee32e93b42fba07337438cbb79ff5d5f52480bc018d6a9a45f45d9579e82,,,0xdec754ba965ca8b4ba5f58c8e2353dd0bf21b73ed164597f002c520b9b3d8cf0,0,12876365,client_test_01_router_default,0,processed,,1781532560646
0x7dae0cfbff6f13c4ebdb6e7b4f16f8e1182f311097cb46a2c04636f6960ed295,,,0xf599e7f0e79787f32a82b4c22718c8a867d45b76f19b2c3627231cbc8ee353b8,0,12876534,client_test_01_router_default,0,processed,,1781532657726
0x55761b838d0c037e3677d3f841083a5f7b23f8130b1401fbbe3216b15804ac82,,,0x5730356984cb5ef485121701fb60cd43c70c2aef9df247601f77975e98115fc3,0,12876538,client_test_01_router_default,0,processed,,1781532661631
0x9b24b82bca2404865c84fa66d39a52728a53e3b9c366c4cd7acf1ffe7c8b2731,,,0x65a7ef076d2d8f5ae06eb2500ceb07f50ccac975c847e11c7a3a161c514f5280,0,12876569,client_test_01_router_default,0,processed,,1781532678898
0x668ec3f5aa9a480711beb46d0687630cfec7440e134a7be02583397021dad4ab,,,0xd9f09a9e60ed9c8468c1efefc2f8a6c3ab978d9cfc54e00b07072b6f4fc11bff,0,12876573,client_test_01_router_default,0,processed,,1781532681380
0x7e95be3756301659ecb667ec268febc81754981cc11bc82f6d66a1420cb9312e,,,0x2a6450d3bca9c289d0080bc906a730ae5c89b63bf74e93afe80175b3df3f0f7c,0,12876622,client_test_01_router_default,0,processed,,1781532709511
0xacfc1a4625c6d8f5cfaedcd412a1a25e7dcfe9794fdea8e50de16b2b4ae59ac2,,,0xc01279457af7b628aab39aec8774b9042ebe082a124aba7c003f4a57b059e067,0,12876654,client_test_01_router_default,0,processed,,1781532727839
0x6af9e5380391d856e4e0cd438a458245fe19f8274d018e109e4931b0c618e98d,,,0x5aad13127bc159d877f8db2c814f26822ab36743d6abacc78036e087a908219f,0,12876656,client_test_01_router_default,0,processed,,1781532729171
0xda663ec72620a893418fac4a77f6e78fbf9e982a40ee776bf8a6decef2daf8d1,,,0x1f090601cc031dfa8f3e30b2aa2541e6b980b5db4a94cae63afcf4921a8e4d68,0,12876662,client_test_01_router_default,0,processed,,1781532732849
0x78ba109f787f83c50e37c48446bb77d6555643a36ad336762d69f4374ddb9c8c,,,0xaaae7c28d9e0809140925168fc5c2ff2efde5d0f9fdbe451aab1501a67c237ad,0,12876692,client_test_01_router_default,0,processed,,1781532749729
0x5194dff7fb933d39b574dab27b9852e377122ebfb29abacdd4967a8c9582c344,,,0xe9f21470c2e24cb024c05d0977d63ff610c951437d51687ea688a511b27b5775,0,12876699,client_test_01_router_default,0,processed,,1781532752709
0x01b69d9d46a5b6f35a9812d9fd3c82aded5103898c426caae4103eb9054b2c14,,,0x8ef6a120f757abb76f9bf1fbf10668ec08150d34281fb112945bb32219e5682f,0,12876832,client_test_01_router_default,0,processed,,1781532822201
0x5e383a22c97104f8c50e7cf7d7d42be6ccc5f7dee9abdfe30ad5a5cb8626b94e,,,0x4562c892d67e1b9685ec43789cdf95df063f4829b2af6173671aef98881734d5,0,12876837,client_test_01_router_default,0,processed,,1781532824062
0x3b22c61838dab34c29c311e253b48dec2852ac2be3826bb353c5c2e5f3305b4c,,,0x673e661b62968543aad8284a927bc86669f02781681380527470686fcb076989,0,12876865,client_test_01_router_default,0,processed,,1781532837155
0xde6a96c8cd9518001f4fce0cdc294677583059e2751a3c407e21e3831ada451e,,,0x56199e87619cb634660425770624fd7bad706fac8fb4ac865c1429df38d15ae6,0,12876870,client_test_01_router_default,0,processed,,1781532839129
0x27a407570d2964d14d0b78d0bfbb8201906a93c518aaf860bda8594394b76105,,,0xc001d8f437a2400e4332c0f3f0f7c3b428eace870679943a9b1a94ea2e15af00,0,12876951,client_test_01_router_default,0,processed,,1781532878284
0x7a9e628ecee65570e4ceb6c7691f8947a6e17326c35b1ff5d80456fa561979e3,,,0xcba27b2fc1c11feec3146af4543461406e64af85b2e784a92e277fe2630f3634,0,12876958,client_test_01_router_default,0,processed,,1781532881910
0xdf20e892f94744d7d15c87d926f1e151157b71448fe56120a95d85cbc09836ad,,,0x48791332274e82facab2dedbe74bcb0f7d7ce173325ba6c693b3341a242f4991,0,12876982,client_test_01_router_default,0,processed,,1781532892907
0xc23f2d18853c2b7076a2bae9990037f063275278491c4b818a74762cbf081b57,,,0x61a5c8accafcd1ac159efc0cebb7fe5b1369d430497d45b9faefd960e30e75d3,0,12876990,client_test_01_router_default,0,processed,,1781532896463
0x812d4bdb58f05d5b0ff21447bf03e6bf8222cf52e589e6550e956f7e3ce36fe5,,,0xdf49a516ccde09f5a1bb53f4aae60bf682a63a2e7a64ec610de6e27032a51089,0,12877109,client_test_01_router_default,0,processed,,1781532954778
0x1ef95f72d3d4f0ee27e06b7433ee9cefd60878dee24c47327f7de45cb9f5096a,,,0xdef5a2c5b0be29a9b19e38c095f0e76d137e3a1f464112efb701720e60fcddca,0,12877114,client_test_01_router_default,0,processed,,1781532956916
0xd2c9ecdb3023bb0b95268766e5a35441b8971774b5cf1dfe04b778edcd2c1b0b,,,0xdeb8f4da41396c780606a4ee43e2b63fd7ffb62bdd0011aef213e931df7da035,0,12877147,client_test_01_router_default,0,processed,,1781532975738
0x7433b263f6a8e3f5ba88672d00acfb16a45ab5c40abfa9012721da9050bafe06,,,0x927aeba41f5934f5d0bd8bedaa0c445768aedcfd826d0fcbe44f3a91b0733a8c,0,12877151,client_test_01_router_default,0,processed,,1781532977795
0x43f35a55776e8f2c79a80aa959bb18b5e733b9c4700752b313a7a37f24a1c37f,,,0x23b9d4a058648186caba2bc1da6f22f52998b514db20336f2d0d2302a01c79cc,0,12877226,client_test_01_router_default,0,processed,,1781533028269
0x6aa2bd5a44931497bbf1e6410a8b810f7ed29df63784383b9a0929ddb80a121d,,,0x7afd73629ea616398f7eb478486cae818250ce1972f62d845ee9fc0fb3d749dc,0,12877234,client_test_01_router_default,0,processed,,1781533032968
0x78c3105a798bf5ba8ec06fff8ce44be270f67844c26220fd08301c228eed5598,,,0x375b60dc8cab93d65b0d1241c83411d7c5b4868c7dfebdce23dc5cef6af32d8b,0,12877260,client_test_01_router_default,0,processed,,1781533044287
0xb35f1679ee93565eedb5e98aa56008eee6577285a1a1e273a750715ed8314939,,,0x1a3578b1a62053ef63b2593faa8d701d835127dc852b52183e8df72d2f886c06,0,12877269,client_test_01_router_default,0,processed,,1781533048726
0xd0efd990fd172c90a243646cdddea04ccda69c6f99e74eeabcc2f53d7e4ca00f,,,0x7436fedc8889b247f2deb4a9c8e65aed1f8602dff0d5e824a4b60ee4f488ddca,0,12877394,client_test_01_router_default,0,processed,,1781533116255
0x6bc4922ad40743359a602571e289a7fbe6d6856a350135c7e1f7966971924c59,,,0xff17206454e27b82f1d452c1cb742565ff9782dd6f919fe33f459737042bcd48,0,12877399,client_test_01_router_default,0,processed,,1781533118573
0x13e4f56a7964dc3c8c1a974ed842f67c74e2379e54bf88a82b71f332d9703d45,,,0x58073089b12189630c1be928aa79c3e3e96a6410d02ab05160deee72afedaf74,0,12877426,client_test_01_router_default,0,processed,,1781533131862
0x86c993916e04a29199550153770df019b2acd4b0dfaa084ff21598291ee1fe12,,,0xfe058e90165f2e95d30eef24b4047a03c9da23a29889c0d1b9f90d490052b9f3,0,12877430,client_test_01_router_default,0,processed,,1781533134189
0x2dbf59f3d3a93a29ae1f50b7a632b651cf5c88744a19cf309296818f196c5ad5,,,0x4e8ea310a65cf3f7fe048b3329eefe3c1e0b258c779593602f53a67a4e6d10d4,0,12877511,client_test_01_router_default,0,processed,,1781533184082
0x55319cf758b1f5e14d002eb3026cfc19cceb60259ca09470b4221ab5706822b6,,,0xeddef91a1ac1c59fb99437bbad90c72cbe5899b6fc0bcc2b62935f9435962ae7,0,12877518,client_test_01_router_default,0,processed,,1781533186911
0x90264880799c8a0a73f2442a03358ab56783830c29d32eaf44ed5daa7cf13076,,,0xd83f116eb99285d52f7f5341145a205588dba8ad3c118f6ff2706b292b59c028,0,12877546,client_test_01_router_default,0,processed,,1781533205650
0x968d8b1ef44c420a7cbc4ba9281aa48a1a0d9b78abd694008a25b9f7731126ad,,,0xefb9b35147391bcb5c15b7583d29eb593e47d1fc755f43f2c26deca2176f4089,0,12877554,client_test_01_router_default,0,processed,,1781533209636
0x555cbcc88e20ae1688bd3ccd2e44be5827f4513a1b8e3c6b4521da60dbdce28b,,,0x645e1f74047f7a6ece1efa902ada5386a4289b2f9ea210d29b6817bd8b531d55,0,12877688,client_test_01_router_default,0,processed,,1781533281320
0xf1802ec040dc4c331b44e6f775bd149db30ea1177f142b5c0a94ea9fe15e8c95,,,0x26d757572019f2bd6f407d823e47bfb5a52e3ceb3f3961be95f112f05ed0a344,0,12877692,client_test_01_router_default,0,processed,,1781533283362
0xd25a0109f6adccf8c3aa3adaf35f5598c496d88031e83a4a1ef90043b77e5fc8,,,0x9b83df368c335389225b6ac8379b9adbc2acf8fd34804e5674825215db832861,0,12877722,client_test_01_router_default,0,processed,,1781533298510
0xe11be60418464d5ee9d8211db72c0d717a233c417ad384cb48bbd741adb9ebfd,,,0x26d78efc6f10d16158b4cdd3b73d064231a509e76a442a49024384534f438c3e,0,12877725,client_test_01_router_default,0,processed,,1781533300237
0x15eec756212050d7379a43ade0592ca66ec091f799321e13f950daa64ca40faa,,,0x7c39bc188bcc8157890bbc8df822731471ece29534bc0afdee42851317b98d62,0,12877811,client_test_01_router_default,0,processed,,1781533345037
0x52b74a91a8d7f3471cf494aabf364cd20057c7130208c4c95e135437abcd63f3,,,0x93bcac64838a1f241bedec5b367b5cdd13bf763ba758dd16795be15c3249625b,0,12877823,client_test_01_router_default,0,processed,,1781533350050
0xd0f25cdf2b4285e1096819a77eb4a4f566e82604e561932bfe5fb77feb3e37d2,,,0x1580707aae51f6c364239d83c2befa3db640dbb6d0e53dcba3ef8863e1f1a66a,0,12877851,client_test_01_router_default,0,processed,,1781533361133
0x2919d0c72f2087b1a34f776d8be66ec16a8474c70ed8dd93654343503766d986,,,0x363cdc9c16cd450ee9d4335838e3d010870cd88615a4117958342824439fab63,0,12877859,client_test_01_router_default,0,processed,,1781533365173
0x149df2e12e2f30c318eab25fa428eeec1a59a7595a58d89014294fd7fc6d9009,,,0x084b43046c4d70cb38af672c80a472a8aad40885ae0cda8770bf59e853b87ff4,0,12877897,client_test_01_router_default,0,processed,,1781533381769
0x6ae0e6093aa2a16c9b204cad77970c46ceb287e3e2cbf542ee23b1a9859870da,,,0x0e33f84c89e580e5034f487db9a4ada9587b59e1b71c21977bd6d24c75b996f4,0,12877929,client_test_01_router_default,0,processed,,1781533394196
0x8a7154a5d81d38f39a96fbf837e3e5b781f2a60f6997a2477aab39ec972a11dd,,,0xafa6b9945f16fbdab425fbb336b77f23507609469d23410667d39ace8d4250bf,0,12877951,client_test_01_router_default,0,processed,,1781533403914
0x3b51f881c8d5e27240fdf435dfe832c86f02091e51d45c66c7eb004d1587d738,,,0x5eb69deeb9aa432a25a1fc16b48b4ff9631f1081f99ef9d417be44fe05ebe427,0,12877945,client_test_01_router_default,0,processed,,1781533403921
0x0d8eeed657ffc0652d74b0d834a3e7de264fa52531d2b1b28e4c168966772fa9,,,0x078abd0543e2ce8a9b92f858bf907e7e9ace50ac5ee3b153676ca5b23ecef2a4,0,12877954,client_test_01_router_default,0,processed,,1781533405120
0x5ea0850d19c5a2aa36375ff38e0ecb8722615889c9c7cc260ca28c48ce1bc4e6,,,0xb652cd8d7844fcd7e4558b72de1ad1e49ef526d11f054585611456a8a6ffe927,0,12877978,client_test_01_router_default,0,processed,,1781533415096
0xa6cf81b02e143e9cc596263cdc51acfdb887f67d3ad5b00971ee61b11c4b0267,,,0xe0767d24fee0d193d60ef9b795559fb25697a5b8b48665f27fd613530f24915c,0,12877981,client_test_01_router_default,0,processed,,1781533416471
0x49eac11097b1e090a98e9c983095afb3c288d31a6444b468a173b163be4de796,,,0x050f094d9685254fa7e9d18286f956fc151b56dfdbc6c1472ebef767b78e68f7,0,12877983,client_test_01_router_default,0,processed,,1781533417236
0xbd1ec7144b715f8d2e8820f3e81b1ace442708d6388c5ac3e7130513e1a27731,,,0xffa78502afb08806e08e9ba8b7ccc9bfa50ef40da9964ec9e16113621b71189a,0,12877985,client_test_01_router_default,0,processed,,1781533417941
0x6ba58f24fc22dbdfe8696b3d433f4c655553fca3827882953e6ab8d2bb63337f,,,0x71ad9756cbcfaba3f692a8780e3f7a2a08545badea61cb420900ae04f6bf0b75,0,12877987,client_test_01_router_default,0,processed,,1781533417839
0xee8b3cf495da2071a0544ded20f87a0a22f9d0baa2f2b63c64506613ca66aee4,,,0x9b7690e6357edcf7ac0cfafe54fc07060df62d5907e53637fefc52d7e6675a98,0,12878016,client_test_01_router_default,0,processed,,1781533429065
0xcd76c1eea75410aefe7f0b6e7c26bc9b631628b76dff5478f26b6d9ee4ec0a6f,,,0x4a878a130ebf5a859b61d98aabf85124542642baea195f71d53ba030474f47ec,0,12878020,client_test_01_router_default,0,processed,,1781533431107
0x28fb879050a6eb15a3ad846c3790d4580afb4d5b96ed1e1302244df72c2b031b,,,0xb0c185cf42e35542074e18632115d6034fbdb33dd0be14058b7eb48c7c13e821,0,12878100,client_test_01_router_default,0,processed,,1781533472008
0x3c5c3d85ca986cc6e53cf651802eacd377b25d5590aebe8af99d622822af8ba8,,,0xf9caf9fc66aaa56f2b350afb59c33b8bdfbfc313a141ef4ba16544d969c0a7f3,9,12878125,client_test_01_router_default,0,processed,,1781533487575
0xa8357f74559ed66b0f78263ea85fb7a4894682c01c06ca03e3861e28f98a2e02,,,0x930bd9b6deb381ce4c44840c147f8beb8c4d6a2492d4fa39450260cf6436f2db,0,12878129,client_test_01_router_default,0,processed,,1781533493965
0x05d31d12c6841c364315467d285f4582dc500fb9a01940bf8c374312baedeb56,,,0x929e049b5d8eef1c92048154b79a7c4ac057ec3539407db4d3350de17c16b5d3,0,12878150,client_test_01_router_default,0,processed,,1781533503739
0xad7c54df024377ea117f06549e94601a56549402895626ba01cfc18b4248ea7a,,,0x2d829d3dcc6bf95d8b03b7e9fdad846664a16f0574991058e78a0ee1c973c2b3,0,12878239,client_test_01_router_default,0,processed,,1781533541952
0x98a3f073c8f0aad17e9bb4cccf087fb7a46b25dc518dea2b25e708f1dcfd094c,,,0x9c9ab96cf2007b6b23ef78cf65e9eeaf12b2942e8f5a09c6ddf05198a7f24b62,0,12878244,client_test_01_router_default,0,processed,,1781533543815
0x69be54062b4f18bef7ac77c30ae67abf49f2a889ce2315c1a2126b45b1a18dbd,,,0x943f2d14760d567070d2d61de9cb1f6b3bf2df32b774d0cf1b01f66b77133a6b,0,12878248,client_test_01_router_default,0,processed,,1781533545119
0x3e2dd7eb262cffbfd8ebf0a5bf31eee0f81fd5225dd8f7dd8875a3f5f4fc0c5c,,,0x2c79f5a791fe2fefc80c9f79923edd3260fd65c45c2786b7bc3937dfabd0ef33,0,12878267,client_test_01_router_default,0,processed,,1781533555199
0xc2ac82fcbbaa48b7daf45458e56ebb40af33da23d32af6d1e13ea02b8fba1eac,,,0x1b20d1c8397c30f56af3d2da9ead9c9cdc77e5f114d6e686071fdb66dd526928,0,12878271,client_test_01_router_default,0,processed,,1781533556500
0x933e07f1ef1df41c93826e1a99bc868497ecd28f0c4d9fd07dec345f04cde5fc,,,0x22ef2b1426f819eddb169e57aa3e41230886b7b1863de018a36427714770d42b,0,12878275,client_test_01_router_default,0,processed,,1781533557883
0xc6ea85b57f4408564bfbb87b96ef2198f5ba9c49dc567f6d87f021d14fab6063,,,0xbdc6f2d290d400608ef079b47f4970b4c77d505ad6cd1e86f6e49c96e42c5ebf,0,12878404,client_test_01_router_default,0,processed,,1781533637256
0xda2477ace7d5d264383c3a62cfe655e448839a18dcaf6db3726ae31b6240937a,,,0xa6c4ca50cc76028d08ee79e4876413255b03f2dc791602bb745118c08f4c53f7,0,12879615,client_test_01_router_default,0,processed,,1781534302040
0xeba4f61f5551eaf82a7cd35e270504fc4fd66e6f365fa30bd297777c64b4a51a,,,0xbd7a5c0635638447f0cd233ccee0b3ff7455bc5b7bed11851fdbc60a3238980f,0,12880033,client_test_01_router_default,0,processed,,1781534537885
0x2d217e114ddede1ae36ceaabb9a78e719a61e59bfede403b4054ceae728d5006,,,0x0e98e1ec610448f2d855cc97ce21d9460e39b71dde688841bcd706a2dd02260d,0,12880065,client_test_01_router_default,0,processed,,1781534555501
0x3e0d8bfb2db1cf6bd07dd5ddc401ebc915ed890ab11d2e5cbd6fa57460c63b7b,,,0x12ff5d9259c9b90b7d18fad0bc8310e0ef00468ff422ddc0b6f8a17fb2d62af9,4,12880156,client_test_01_router_default,0,processed,,1781534607680
0x8636b96a855fc421293c2afdeaedc8c6fa22d451173b8f7c99ffe5a2b633d70d,,,0xf2cffc0c06a2df785cf62fba127c43cb918c604b5e73f3e0ddd2d1f732c8abcc,0,12880186,client_test_01_router_default,0,processed,,1781534625586
0x2ea53310bd6f02543c0a82a71212d0beeaf3b0cb5b1bf0624fb161e021297818,,,0xedcc8be57716c4e3fd781178a4a18c17529a7b3f7e9e445d6b98c9574974c4e5,0,12880268,client_test_01_router_default,0,processed,,1781534667434
0xacb8c0424f4190e167d85fe19ec83ffebbc8d38cad23bb5511c47795bbcc734f,,,0x8a160ac1ea06b406135335bf7ef09b354bf34fbeb6a270232deb5962b3193c48,0,12880340,client_test_01_router_default,0,processed,,1781534702704
0x8dfabc189e583da4ba63ef3191e3600eff18840394124594b874c3fc9d815a0c,,,0xf3d349ef6d27a3a1bf8e800928fbceffff26701b81fda53dbe16d090a1a6ec37,0,12883319,client_test_01_router_default,0,processed,,1781536340454
0x76237668e8eb0640bef9d76325d20d7e53d0f528a631b5802e16e2bb04e802d0,,,0x4c8ec446c02e4df975917078480e9340acdb1368de28d58c6f0331a5710424d6,0,12883322,client_test_01_router_default,0,processed,,1781536342530
0x2d2c77444aab9cfb7eadce17c3c0086cb1a0a7490922d11beff5221abecae04f,,,0x2f643957bf17f3eef09871097259b474de0a42c56d56e634e08f5563ef7fd33a,0,12883325,client_test_01_router_default,0,processed,,1781536343954
0x3ef38085106432e008cde2552e04516955bf582eefe9757a791b55f31b136365,,,0x8719d014535edc40bb8a837d4278bdaec8aaec41d95cea4f559c6ac2f0165b27,0,12883343,client_test_01_router_default,0,processed,,1781536353106
0xc3a455073523c05e52d1f988d98a257a4c6c23490d87c5877aba093292a37505,,,0x3cf6434eff72d3db5f948e7c0baf81957ec64fa2c0afef2ccb7741387373500d,0,12883356,client_test_01_router_default,0,processed,,1781536358105
0x18a4e48349ffeeee202f9ed3ac9c42c398f1996b6e59fbe46519d52384b1572b,,,0xe5788a9f590caced1d84792ee2f24b254fc3e1e743cb2a10e8f6ead4ae0f4236,0,12883359,client_test_01_router_default,0,processed,,1781536359761
0x6ff8c5fd3493fb1a5278b7523c795d013b512f39fe6ce94bb7ed0169473e5874,,,0xfa0941c0e4ae33340ae4db6990bd4d61d0bda7e38da0a06a9060c7a1b4f77483,0,12883362,client_test_01_router_default,0,processed,,1781536360954
0x49ec353fe80682349b37b524df636eaa06acb82f6fdb66861d63b00eea841840,,,0x48d305cdd6257c0935a4a1713dadebe91cd746f6351a4229e6aed7e7f6dd5973,0,12883367,client_test_01_router_default,0,processed,,1781536363286
0x2b46eb7ba53a0d6a473ffd07fe6c55d473f0eea6bd370052795ef7af392ebf3f,,,0x23f98b6db7e29b38cfd5f9327ee86591b5a2b608833e7ef2947568b2797a1f3c,0,12883372,client_test_01_router_default,0,processed,,1781536365241
0xca3173c4fdb65d36d2010d29e736f385eed5c41be00e417ddac900e63c671e00,,,0xc5deaff0986166d882bff158d714da3a9334a2055d41a4b01720bb39225d63e0,0,12883389,client_test_01_router_default,0,processed,,1781536374321
0xa5da16c7c93722ad4f98acf8ca5b117938335407c67ca835c8318d439e492908,,,0x10fb85aef47a08603a068ee9a4fc0676bc8b091f588d9791c9aeaf7e5660f71d,0,12883401,client_test_01_router_default,0,processed,,1781536381626
0x40215919ebca9d6869053cae0c0c22fde4f410826dd1cbf1c24f201d1cfc7767,,,0x23f5cb1f31be252f889a2602ad6359e87bade19d30d10908f3a5ace46f1944cd,0,12883404,client_test_01_router_default,0,processed,,1781536383784
0xc0bc0bda69c7b34c642be9b28b6c2d8739bc29e9a9d8440acf44c5a9b76a0115,,,0xea80f8e21107e41d78b7e933d484fe5a328eed30473dd00c6c232aad63992a22,0,12883599,client_test_01_router_default,0,processed,,1781536474608
0xcce538ffb0a00ab3640fecc829dfd4583825c068c3c975a76dd883dff014d278,,,0x2cb370a7eea692b2a9647a613258809f7a81735d80af4191c9a518eab7689934,0,12883602,client_test_01_router_default,0,processed,,1781536476051
0x4203880e15f8ac208de0842080102793e7ea88329ee4ffd618de273543d1be65,,,0x9d955650179bfabced9a4109126c8f2d848415d59fbfae17688418669fa10e91,0,12883606,client_test_01_router_default,0,processed,,1781536477501
0x1a85caa679f783ed85e30c79d961fb1a7ae60e6b86d4ade59b3b8fdb2b85acf7,,,0x5d97b9d3571d93ad2fbf81f572803a681c70fdfd5d843db1a939d66b7e105b85,0,12883623,client_test_01_router_default,0,processed,,1781536483835
0x33fbcdce029785f78c0b47ab86bd98b91277aa29466052964e82c0de292dc139,,,0x52cc4d2f5d3fe8c811ae4f5915197851bc6c95d789c0b2e22cfbc1305a1cafa3,0,12883634,client_test_01_router_default,0,processed,,1781536489189
0x236e5aecb139aab6dd36404fcf6bedb12be70e5b238f800bf92f826c152a2c49,,,0xd8228fed029d7f3d5dffbe2e5d79002f4069424fd1fc4e95c95e473d195adf5f,0,12883637,client_test_01_router_default,0,processed,,1781536490617
0x6fe62e7e3ea16d73e1a951bf234cf6f5f156f05a01921c8b938d3587f7288862,,,0xc863796633f6721d2ef1819b0d18990912d2391389f96411aff825deb05ed4d4,0,12883639,client_test_01_router_default,0,processed,,1781536491561
0xaec9dc9d9aa9ff274430b75948ba9842823e147cbf4c462b96b3cb0a560aa2ef,,,0xdec4fd88b38c19a74bb2411d730971503ff706a9c17234574453f6754a288b1e,0,12883642,client_test_01_router_default,0,processed,,1781536492939
0xe369d8442dedf9f6cd1fed4483deae618f70f5fd4608216d6b3a1de884dfa423,,,0x443055621d7b437698f3a3b300e8fd4fd57101abfdead3d5cda281fcae82bf2d,0,12883646,client_test_01_router_default,0,processed,,1781536494317
0x6dfa592c0538cac186dd845a3a318aca05c5fd968312aab93ebee98c094345aa,,,0xf4e7babb3acef9f0662387d20e9b826cd40d7c5f56e387b01e7dd28db949937e,0,12883663,client_test_01_router_default,0,processed,,1781536503763
0x7f4ec62b0b65d5ba2dc47bd6935f9303f89f414f3e8db4871e5c00eaf7cbfbec,,,0x4aef18a008b6f7fe3bf25ae4167fc6f88e343c0ca67d6e955a3d3e8ac4c1f577,0,12883675,client_test_01_router_default,0,processed,,1781536508368
0xee5d3e0357387ea39237723437d87819547711a71a73de2d04be3a9fd67b9ae8,,,0x3ca014d4ed141019b123b063b65210fb82c3b3f3a27c8dda67a363381b41b93f,0,12883679,client_test_01_router_default,0,processed,,1781536510435
0xce9306eecc7b75a4d73dc60633f2ba797612bd8071ea7447c2dd5f0aff145721,,,0x687a66a1ea142a0f24b87a363e00355a57112afe44bbe2b549eea7b01b4a63b8,0,12883748,client_test_01_router_default,0,processed,,1781536544534
0x5dc9fbcbe7ff4ad8e37e576ebb42f956515be98de529b417f13dc405f39454f1,,,0x072e38f942b7bc8d467d4900a61f827a2ae00e0aab24a8f4f7341fcf3044cfd3,0,12883796,client_test_01_router_default,0,processed,,1781536569827
0xb6422d3196b120181ff6b2fdf66c8ac03e73e9483855115a747a1280f98fe47b,,,0xc6f17492496b87e0391c5c114cb6cb480a668b31a8d5b8338d8579dc8502d728,0,12883883,client_test_01_router_default,0,processed,,1781536615692
0x72579ccb794bc5c2484d816cef3cbd7f1158cb7c9529500af5ba1712d721795e,,,0xf5006af847c55a7b8db5cbac07fcf201b5582a2894808690525624898ae942fc,0,12883888,client_test_01_router_default,0,processed,,1781536617970
0xa7ec23cbd02d1439ac95ae4bced30304616d55d4eb6c077b61cf66f7271c952d,,,0x4657bb29f4d477310faf8ea2b8dde4b92548d0d789f0f0dbe0a902c7ddab514b,0,12883892,client_test_01_router_default,0,processed,,1781536622662
0xe599a7d07c95f274d4efaed9c4c4ec153720bad838222e43d2783b5cde9477e6,,,0x715ffdaec7fb33f938d47710e382273aa97fdec7a7b97f588da4c5f787428caf,0,12883917,client_test_01_router_default,0,processed,,1781536633011
0x185de19beb0f1b3f7e5653fd026af7d5f74a0e06a342b4cc809e914ab29960fe,,,0xee4471f8c94e7dad1aedf0c5e88db10a58a13a670d2942d00292e2ab2e12a855,0,12883936,client_test_01_router_default,0,processed,,1781536641193
0xde998b6b4a3436be16b1184fb4738c1dceafe6f61ba06994db3c06e1680f5c7d,,,0x5ca8c82179b7a7ddf6a620f50950f1572dea1bc2e63e97def5cea9f97711e1a9,0,12883939,client_test_01_router_default,0,processed,,1781536643503
0x4d93a70b23de03857eb07a8000de510661e5280c6696a23286ded152f6373bb7,,,0xd07433318d55c4033331a539128b55f25aa7a149e1dac82180e62e154839be7b,0,12883944,client_test_01_router_default,0,processed,,1781536645980
0x7744073b4dc6fc46a005c341970bf0246ebcb33d357bf3aeaa6da24363297547,,,0xef4b91f643c8368859ba0656691061a2d525d0c96afdd4bf6170ec8946fe6548,0,12883962,client_test_01_router_default,0,processed,,1781536658783
0xc80dddfda820e8c9a5f6d50dbd0f84f98c50404d36490479c95379239c1956de,,,0x3998797fdadc5b43147f93a3d1e964e9fcd0186da8381ce561e62f78939da169,0,12884047,client_test_01_router_default,0,processed,,1781536702837
0x1eb4ab9ed24804a16ce82ed396afb561d7c2d29bc5e8e6c09d459a678f092d9b,,,0x5aa328cf8fe9c402b3a810df1e43cc23800edee49bbdec31f92bb3807b0af9e4,0,12884094,client_test_01_router_default,0,processed,,1781536724594
0x9712612af1b6844a01f635f815dbca8b76d232aadabd6537242d78a6119542ea,,,0xe715fe62be78f3c59188ee492f2d5a2f35bced0b48a254bae55a85c149632801,0,12884188,client_test_01_router_default,0,processed,,1781536780924
0xeaaf8705c548780827afe3d88f93573e9d8b5dd4f2b9aaada56ae9aede2c3f5c,,,0x71380823351bb20d70f7d896bac8e36f95409483fb1bd23b4c06e20cf4586e88,0,12884192,client_test_01_router_default,0,processed,,1781536783409
0x8608c9a34b092bfb9aac0d859441f4680ee32c1a41ad58213b8f5df952d99186,,,0xef4f33a42325dcf98662108e29bbb7bf9df8097720e7a3228789ca662888c344,0,12884233,client_test_01_router_default,0,processed,,1781536805401
0x3ee87f2b9be13849daeb81d71e23efc06611fbf787d90bd6604c4aa83bc43c39,,,0xb507e00f4fa2e79108c4ef02719e3ecac81ac1ee79c3b00b33e0cf445134086e,0,12884239,client_test_01_router_default,0,processed,,1781536807693
0xe70183056daadd7c598857d03345f5865665406cc7d8a724eea577b4028c3129,,,0xa914f34f0f8a3970945f46a80c1bae86d2d5f129adfed084f4817bc2b95ae435,0,12884348,client_test_01_router_default,0,processed,,1781536866344
0x92751fd79b08991f200e43600d7591fe3e4843657ebf10343ef4522524c8a9f6,,,0x3dc6409b850dd8a3eec1dc2f4244db65dc1461c167d7b56a0630a3b58bd6e4a7,0,12884395,client_test_01_router_default,0,processed,,1781536892428
0x100892657bdbf9d7deeb7abd0ff9122cd33f14de209b7f473c4e211d3193d397,,,0x3ee285bc408f1cde37af8b2e9ee8f3e2b38fea687668ee1cc95fd2ae45d9deff,0,12884489,client_test_01_router_default,0,processed,,1781536945549
0x99d8f1e8173b04b09279ce4f8d5c963787d70330dd81691d72045d3870f1bbd0,,,0x31fbf8359182c4060aeac290bff8dcccb07d9c591ca4aa439b620a895e766846,0,12884495,client_test_01_router_default,0,processed,,1781536947808
0x2a88c50a88af6062ed16f9ef6d76f6e29e0e6d8c36863d512645da18ccf8d8d7,,,0xc25d820e32a748ffc0d8751fcf13d5fadda0f8aca636761b9293ce019f4234b8,0,12884539,client_test_01_router_default,0,processed,,1781536969680
0xcbe4e05c95a03c8130674655f21b5e9e8ddc62c025d579346009b5ebe1c66bdd,,,0x025cb685db3b7979b6402a31d78ec09685e0a81828db7b3b0dc7bda814e85856,0,12884542,client_test_01_router_default,0,processed,,1781536971028
0xd003d9b5fcec33bce0dbb0336cf1df9bf4a06d97b51e692bcdd709c7cc1beea0,,,0x9fae02837b6e81a234a4d8e4ea6051227711f1933896e2a0675bd47b7b4e54a3,0,12884660,client_test_01_router_default,0,processed,,1781537030434
0x36636d447c644bb54c1f56183770a3025f99a83d543b31c312bf20f89e803919,,,0x1445c892ac8d18fb7dffa14e6e958e20514bfb75954566b5e97e970669383e7f,0,12884706,client_test_01_router_default,0,processed,,1781537052323
0x19a03a3291c2c39dc2f83c54509d0d5ceccdadbb4d213bc2c82eb82d844410db,,,0x720dd39fa1d7845a5533d9b8a562223c23fb0338df189fb32985d28d1d40c1c8,0,12884730,client_test_01_router_default,0,processed,,1781537063595
0xc4217be1388ae461f704146afed64651ea9ec1e515e0b9282b0d8335d0359bd0,,,0xa357444fc6741f4bb2467304864901faf7edb6149eb88aa6bd06bc4dd230ca89,0,12884941,client_test_01_router_default,0,processed,,1781537173480
0x1281d8cb18f82cdce74e738a52d4e198859f2a3a3eafb400c31138108e161c4e,,,0xbf320e0cd4ec260c4eae2fce1d1a85f8ae2ca40ef6225761ba3a3d96921f8e33,0,12884990,client_test_01_router_default,0,processed,,1781537202065
0x75ece140b894a321d5db16ded483433b81d78e570385446d3690f2aabd63e172,,,0x7ac88ea99af5f4cdd2483ea60ee43df425761f68df840190291716a760710708,0,12885242,client_test_01_router_default,0,processed,,1781537336171
0xd38fb73347dae76c5e0ce465b9b5690ff74d80cabc2527f3f1d1763dc4f867ac,,,0xe8be59c90c350c1af545b4986ac473998f8d60e9464c6582bb8b0d6e4f4bfeb0,0,12885298,client_test_01_router_default,0,processed,,1781537362362
0xbac52abbbadf19bc1b408410ec5403eff5250e12961defd08fccf88ab121491d,,,0xbb3e9dabee7512700d948dd1971bc5aa1562733b962a2cef662ae4894d46adec,0,12885520,client_test_01_router_default,0,processed,,1781537466027
0xda2209dd561b0fc00a9fc1bfdd5ecfa70abfb3aaa0e8452ec2b010d7ad1d02ab,,,0x42dc9723e200780ff39d2d8f60e2a3ba61f56bbd50366783b92fc4d10e07493c,0,12885571,client_test_01_router_default,0,processed,,1781537487975
0x288dab3314cbeb89d3843942a880667d6fbc5838a662802f534b78e4509041dc,,,0x5ff093b7b0de9d3526d6f00fd680aec6ea0281cbace8dae308ea2bcf8631fea0,0,12885815,client_test_01_router_default,0,processed,,1781537618387
0xe09598cd71e42fadcb8b46476f04dbc6ef6aaa3644e96b90db6e2ec92ab3f741,,,0x10288c777c1df3d5b290168ff5bc53b7a9d7ab74ded1a17bce3bbf148926a185,0,12885868,client_test_01_router_default,0,processed,,1781537643789
0xeff2543c0527b02d807b829d7d3e8908a3acbf92a3fcac9df6d628f77462121d,,,0x4e04739d627a9d7e26871c127ec002cb2037d619530d083ece68197baf878c8c,0,12885890,client_test_01_router_default,0,processed,,1781537652619
0xd5f278937f31ea6a0a7c313c723b24835b1331131dc98da92ff64d42227a9dcd,,,0x8b970188a338d0c844fba6135b716beae046b4a4471c9857e24f10cbc280b012,90,12885944,client_test_01_router_default,0,processed,,1781537677706
0xe7fbfc986646a417f78da0037c51ce34973216fff9017edec3ab200d704fef6f,,,0x1f9ba19e11fd4300be245c5cf1228ededa4bc45dcb1cba359885a8ebe92e14c1,0,12886115,client_test_01_router_default,0,processed,,1781537770922
0x4c7c4c655ef3006907e8bae326cfa2d60befc32f7c651b5d0cc23f1c18469ec8,,,0x3b4fd0547114c8b05e0cf5594b0cf31f23c009a5bd3906d8011810e9fef6451d,0,12886167,client_test_01_router_default,0,processed,,1781537797622
0x1fbda673c5931368da5b22bcc2a2770055c66dd49be7b325efa704d76881e1c9,,,0xa76f7a38e7315e86269c996287534ebe2c82c54ee869ac06f1522109a5157465,0,12886190,client_test_01_router_default,0,processed,,1781537808226
0xb6d728ea3e4326da817e49d3f2a6e119e60b0119e67528f76574c78072b1d30f,,,0x0b559ac9988a2cf11e940fb706849594217520ef3c8cfb5abd30ed7ccef52b19,0,12886251,client_test_01_router_default,0,processed,,1781537839085
0xd735a733171b63cb65a4c71298a4a77e42ac7aacaf38877508d1b8a3057dc8b2,,,0x727598c429d501f417990d196fff93d7a7f15c8476d76e5a3b16231cd40960d4,0,12886417,client_test_01_router_default,0,processed,,1781537922498
0xbcccfaa55dfb04e8261b8a9e15af8468e109e7c7026f6f98854bc29980eac017,,,0x7d4ae242798c5f6f3d692bbea188993c1cb8e32888861309b997e1f081c109ae,0,12886468,client_test_01_router_default,0,processed,,1781537948370
0x56d22bfe17d79a33a33dfb36b088bb83e11e4c9e470d4dac6149f018e400c17b,,,0xca0ce5a2578e8335c8c7cde913925a313a3e5781984d34f3e23beabf87f46571,0,12886702,client_test_01_router_default,0,processed,,1781538069814
0xddf89ecf7a7553238b569a6de9cbc65cf3373bed403a91c1b3f4c440f546b4ee,,,0x36981c7ee3b14b6a3f6d908aa628548b7300855fe26b60af450e6f732360d1eb,0,12886755,client_test_01_router_default,0,processed,,1781538098476
0x89e03855c14b7de14cae8632dd80e2155c833b372fb3559eec146e4f36b6b099,,,0xf1fc17f2dab611af306286dcda0241ed7e209ff4f5f9a78e95d299ce304d7e42,0,12887835,client_test_01_router_default,0,processed,,1781538672422
0xc99f27349b4c2231be82d85759785fe54584f714b4aadd421007bac8f5466042,,,0x374363383cb2ceab3932f66d25da24847b9bd9c83518a21f177d08ba0f30ee00,0,12888092,client_test_01_router_default,0,processed,,1781538806483
0xb8545b72c7d67ca43dd69917dfa0ec99cb117c2e84e7000ab8b4e7a20378e36f,,,0x1186604e69bd2a2aac08e3bae513bc46400e5a5e5f15de7c8ffa0da0a370d71f,0,12888147,client_test_01_router_default,0,processed,,1781538837525
